session_code,participant_id_in_session,participant_code,page_index,app_name,page_name,epoch_time_completed,round_number,timeout_happened,is_wait_page
5ogs5ura,1,qvfebldb,0,,InitializeParticipant,1789535787,1,0,0
5ogs5ura,2,vbjq2y24,0,,InitializeParticipant,1789535787,1,0,0
5ogs5ura,3,fjbh3h2b,0,,InitializeParticipant,1789535787,1,0,0
5ogs5ura,4,j0v5am99,0,,InitializeParticipant,1789535788,1,0,0
5ogs5ura,5,wz4uvd97,0,,InitializeParticipant,1789535788,1,0,0
5ogs5ura,6,bw46f79x,0,,InitializeParticipant,1789535788,1,0,0
5ogs5ura,7,42qlc5nb,0,,InitializeParticipant,1789535788,1,0,0
5ogs5ura,8,jw6ngkbn,0,,InitializeParticipant,1789535788,1,0,0
5ogs5ura,9,booloaq9,0,,InitializeParticipant,1789535788,1,0,0
5ogs5ura,10,2pc7nfit,0,,InitializeParticipant,1789535788,1,0,0
5ogs5ura,11,t7rx3zw3,0,,InitializeParticipant,1789535788,1,0,0
5ogs5ura,12,p48n4bh0,0,,InitializeParticipant,1789535788,1,0,0
5ogs5ura,13,folcs8ow,0,,InitializeParticipant,1789535788,1,0,0
5ogs5ura,14,cfp8kvc9,0,,InitializeParticipant,1789535788,1,0,0
5ogs5ura,16,jfy8jxqv,0,,InitializeParticipant,1789535788,1,0,0
5ogs5ura,15,tt26hkpl,0,,InitializeParticipant,1789535789,1,0,0
5ogs5ura,17,eveqm1ww,0,,InitializeParticipant,1789535789,1,0,0
5ogs5ura,18,1dtln5rg,0,,InitializeParticipant,1789535789,1,0,0
5ogs5ura,19,5ltpvdck,0,,InitializeParticipant,1789535789,1,0,0
5ogs5ura,21,zd9eakrm,0,,InitializeParticipant,1789535789,1,0,0
5ogs5ura,22,8tpz5m2a,0,,InitializeParticipant,1789535789,1,0,0
5ogs5ura,23,wfmdx2nb,0,,InitializeParticipant,1789535789,1,0,0
5ogs5ura,24,y40upi5t,0,,InitializeParticipant,1789535789,1,0,0
5ogs5ura,20,ic1ocjv5,0,,InitializeParticipant,1789535790,1,0,0
5ogs5ura,25,s6nkestj,0,,InitializeParticipant,1789535790,1,0,0
5ogs5ura,25,s6nkestj,1,portfolio,Welcome,1789535797,1,0,0
5ogs5ura,18,1dtln5rg,1,portfolio,Welcome,1789535797,1,0,0
5ogs5ura,23,wfmdx2nb,1,portfolio,Welcome,1789535798,1,0,0
5ogs5ura,24,y40upi5t,1,portfolio,Welcome,1789535799,1,0,0
5ogs5ura,7,42qlc5nb,1,portfolio,Welcome,1789535799,1,0,0
5ogs5ura,18,1dtln5rg,2,portfolio,InstructionsRisk,1789535801,1,0,0
5ogs5ura,7,42qlc5nb,2,portfolio,InstructionsRisk,1789535803,1,0,0
5ogs5ura,25,s6nkestj,2,portfolio,InstructionsRisk,1789535804,1,0,0
5ogs5ura,21,zd9eakrm,1,portfolio,Welcome,1789535804,1,0,0
5ogs5ura,24,y40upi5t,2,portfolio,InstructionsRisk,1789535806,1,0,0
5ogs5ura,16,jfy8jxqv,1,portfolio,Welcome,1789535809,1,0,0
5ogs5ura,12,p48n4bh0,1,portfolio,Welcome,1789535809,1,0,0
5ogs5ura,23,wfmdx2nb,2,portfolio,InstructionsRisk,1789535811,1,0,0
5ogs5ura,2,vbjq2y24,1,portfolio,Welcome,1789535813,1,0,0
5ogs5ura,9,booloaq9,1,portfolio,Welcome,1789535815,1,0,0
5ogs5ura,20,ic1ocjv5,1,portfolio,Welcome,1789535815,1,0,0
5ogs5ura,10,2pc7nfit,1,portfolio,Welcome,1789535816,1,0,0
5ogs5ura,5,wz4uvd97,1,portfolio,Welcome,1789535817,1,0,0
5ogs5ura,12,p48n4bh0,2,portfolio,InstructionsRisk,1789535817,1,0,0
5ogs5ura,20,ic1ocjv5,2,portfolio,InstructionsRisk,1789535819,1,0,0
5ogs5ura,16,jfy8jxqv,2,portfolio,InstructionsRisk,1789535820,1,0,0
5ogs5ura,21,zd9eakrm,2,portfolio,InstructionsRisk,1789535822,1,0,0
5ogs5ura,14,cfp8kvc9,1,portfolio,Welcome,1789535824,1,0,0
5ogs5ura,22,8tpz5m2a,1,portfolio,Welcome,1789535826,1,0,0
5ogs5ura,11,t7rx3zw3,1,portfolio,Welcome,1789535828,1,0,0
5ogs5ura,6,bw46f79x,1,portfolio,Welcome,1789535828,1,0,0
5ogs5ura,11,t7rx3zw3,2,portfolio,InstructionsRisk,1789535831,1,0,0
5ogs5ura,14,cfp8kvc9,2,portfolio,InstructionsRisk,1789535832,1,0,0
5ogs5ura,2,vbjq2y24,2,portfolio,InstructionsRisk,1789535832,1,0,0
5ogs5ura,6,bw46f79x,2,portfolio,InstructionsRisk,1789535832,1,0,0
5ogs5ura,3,fjbh3h2b,1,portfolio,Welcome,1789535834,1,0,0
5ogs5ura,12,p48n4bh0,3,portfolio,ComprehensionRisk,1789535836,1,0,0
5ogs5ura,5,wz4uvd97,2,portfolio,InstructionsRisk,1789535836,1,0,0
5ogs5ura,1,qvfebldb,1,portfolio,Welcome,1789535837,1,0,0
5ogs5ura,19,5ltpvdck,1,portfolio,Welcome,1789535838,1,0,0
5ogs5ura,24,y40upi5t,3,portfolio,ComprehensionRisk,1789535838,1,0,0
5ogs5ura,23,wfmdx2nb,3,portfolio,ComprehensionRisk,1789535842,1,0,0
5ogs5ura,10,2pc7nfit,2,portfolio,InstructionsRisk,1789535843,1,0,0
5ogs5ura,8,jw6ngkbn,1,portfolio,Welcome,1789535843,1,0,0
5ogs5ura,13,folcs8ow,1,portfolio,Welcome,1789535845,1,0,0
5ogs5ura,16,jfy8jxqv,3,portfolio,ComprehensionRisk,1789535845,1,0,0
5ogs5ura,22,8tpz5m2a,2,portfolio,InstructionsRisk,1789535846,1,0,0
5ogs5ura,1,qvfebldb,2,portfolio,InstructionsRisk,1789535847,1,0,0
5ogs5ura,24,y40upi5t,4,portfolio,DynamicChoice,1789535849,1,0,0
5ogs5ura,4,j0v5am99,1,portfolio,Welcome,1789535850,1,0,0
5ogs5ura,2,vbjq2y24,3,portfolio,ComprehensionRisk,1789535852,1,0,0
5ogs5ura,14,cfp8kvc9,3,portfolio,ComprehensionRisk,1789535852,1,0,0
5ogs5ura,12,p48n4bh0,4,portfolio,DynamicChoice,1789535856,1,0,0
5ogs5ura,9,booloaq9,2,portfolio,InstructionsRisk,1789535856,1,0,0
5ogs5ura,14,cfp8kvc9,4,portfolio,DynamicChoice,1789535862,1,0,0
5ogs5ura,17,eveqm1ww,1,portfolio,Welcome,1789535862,1,0,0
5ogs5ura,25,s6nkestj,3,portfolio,ComprehensionRisk,1789535868,1,0,0
5ogs5ura,16,jfy8jxqv,4,portfolio,DynamicChoice,1789535870,1,0,0
5ogs5ura,15,tt26hkpl,1,portfolio,Welcome,1789535871,1,0,0
5ogs5ura,1,qvfebldb,3,portfolio,ComprehensionRisk,1789535875,1,0,0
5ogs5ura,22,8tpz5m2a,3,portfolio,ComprehensionRisk,1789535876,1,0,0
5ogs5ura,6,bw46f79x,3,portfolio,ComprehensionRisk,1789535877,1,0,0
5ogs5ura,13,folcs8ow,2,portfolio,InstructionsRisk,1789535878,1,0,0
5ogs5ura,25,s6nkestj,4,portfolio,DynamicChoice,1789535882,1,0,0
5ogs5ura,21,zd9eakrm,3,portfolio,ComprehensionRisk,1789535882,1,0,0
5ogs5ura,9,booloaq9,3,portfolio,ComprehensionRisk,1789535883,1,0,0
5ogs5ura,1,qvfebldb,4,portfolio,DynamicChoice,1789535884,1,0,0
5ogs5ura,2,vbjq2y24,4,portfolio,DynamicChoice,1789535885,1,0,0
5ogs5ura,15,tt26hkpl,2,portfolio,InstructionsRisk,1789535886,1,0,0
5ogs5ura,10,2pc7nfit,3,portfolio,ComprehensionRisk,1789535889,1,0,0
5ogs5ura,23,wfmdx2nb,4,portfolio,DynamicChoice,1789535891,1,0,0
5ogs5ura,7,42qlc5nb,3,portfolio,ComprehensionRisk,1789535893,1,0,0
5ogs5ura,4,j0v5am99,2,portfolio,InstructionsRisk,1789535899,1,0,0
5ogs5ura,18,1dtln5rg,3,portfolio,ComprehensionRisk,1789535899,1,0,0
5ogs5ura,11,t7rx3zw3,3,portfolio,ComprehensionRisk,1789535900,1,0,0
5ogs5ura,20,ic1ocjv5,3,portfolio,ComprehensionRisk,1789535901,1,0,0
5ogs5ura,5,wz4uvd97,3,portfolio,ComprehensionRisk,1789535904,1,0,0
5ogs5ura,17,eveqm1ww,2,portfolio,InstructionsRisk,1789535904,1,0,0
5ogs5ura,18,1dtln5rg,4,portfolio,DynamicChoice,1789535907,1,0,0
5ogs5ura,3,fjbh3h2b,2,portfolio,InstructionsRisk,1789535910,1,0,0
5ogs5ura,13,folcs8ow,3,portfolio,ComprehensionRisk,1789535911,1,0,0
5ogs5ura,15,tt26hkpl,3,portfolio,ComprehensionRisk,1789535913,1,0,0
5ogs5ura,6,bw46f79x,4,portfolio,DynamicChoice,1789535913,1,0,0
5ogs5ura,7,42qlc5nb,4,portfolio,DynamicChoice,1789535918,1,0,0
5ogs5ura,21,zd9eakrm,4,portfolio,DynamicChoice,1789535922,1,0,0
5ogs5ura,10,2pc7nfit,4,portfolio,DynamicChoice,1789535926,1,0,0
5ogs5ura,4,j0v5am99,3,portfolio,ComprehensionRisk,1789535927,1,0,0
5ogs5ura,8,jw6ngkbn,2,portfolio,InstructionsRisk,1789535932,1,0,0
5ogs5ura,17,eveqm1ww,3,portfolio,ComprehensionRisk,1789535935,1,0,0
5ogs5ura,9,booloaq9,4,portfolio,DynamicChoice,1789535944,1,0,0
5ogs5ura,13,folcs8ow,4,portfolio,DynamicChoice,1789535945,1,0,0
5ogs5ura,11,t7rx3zw3,4,portfolio,DynamicChoice,1789535948,1,0,0
5ogs5ura,4,j0v5am99,4,portfolio,DynamicChoice,1789535951,1,0,0
5ogs5ura,20,ic1ocjv5,4,portfolio,DynamicChoice,1789535954,1,0,0
5ogs5ura,8,jw6ngkbn,3,portfolio,ComprehensionRisk,1789535962,1,0,0
5ogs5ura,5,wz4uvd97,4,portfolio,DynamicChoice,1789535963,1,0,0
5ogs5ura,15,tt26hkpl,4,portfolio,DynamicChoice,1789535972,1,0,0
5ogs5ura,17,eveqm1ww,4,portfolio,DynamicChoice,1789535973,1,0,0
5ogs5ura,8,jw6ngkbn,4,portfolio,DynamicChoice,1789535975,1,0,0
5ogs5ura,3,fjbh3h2b,3,portfolio,ComprehensionRisk,1789535980,1,0,0
5ogs5ura,22,8tpz5m2a,4,portfolio,DynamicChoice,1789535982,1,0,0
5ogs5ura,19,5ltpvdck,2,portfolio,InstructionsRisk,1789536025,1,0,0
5ogs5ura,19,5ltpvdck,3,portfolio,ComprehensionRisk,1789536091,1,0,0
5ogs5ura,3,fjbh3h2b,4,portfolio,DynamicChoice,1789536127,1,0,0
5ogs5ura,19,5ltpvdck,4,portfolio,DynamicChoice,1789536197,1,0,0
5ogs5ura,25,s6nkestj,5,portfolio,SyncRisk,1789536198,1,0,1
5ogs5ura,23,wfmdx2nb,5,portfolio,SyncRisk,1789536198,1,0,1
5ogs5ura,18,1dtln5rg,5,portfolio,SyncRisk,1789536198,1,0,1
5ogs5ura,10,2pc7nfit,5,portfolio,SyncRisk,1789536198,1,0,1
5ogs5ura,20,ic1ocjv5,5,portfolio,SyncRisk,1789536198,1,0,1
5ogs5ura,22,8tpz5m2a,5,portfolio,SyncRisk,1789536198,1,0,1
5ogs5ura,14,cfp8kvc9,5,portfolio,SyncRisk,1789536198,1,0,1
5ogs5ura,19,5ltpvdck,5,portfolio,SyncRisk,1789536198,1,0,1
5ogs5ura,21,zd9eakrm,5,portfolio,SyncRisk,1789536198,1,0,1
5ogs5ura,11,t7rx3zw3,5,portfolio,SyncRisk,1789536198,1,0,1
5ogs5ura,24,y40upi5t,5,portfolio,SyncRisk,1789536198,1,0,1
5ogs5ura,8,jw6ngkbn,5,portfolio,SyncRisk,1789536198,1,0,1
5ogs5ura,12,p48n4bh0,5,portfolio,SyncRisk,1789536198,1,0,1
5ogs5ura,16,jfy8jxqv,5,portfolio,SyncRisk,1789536198,1,0,1
5ogs5ura,13,folcs8ow,5,portfolio,SyncRisk,1789536198,1,0,1
5ogs5ura,7,42qlc5nb,5,portfolio,SyncRisk,1789536198,1,0,1
5ogs5ura,1,qvfebldb,5,portfolio,SyncRisk,1789536198,1,0,1
5ogs5ura,2,vbjq2y24,5,portfolio,SyncRisk,1789536198,1,0,1
5ogs5ura,17,eveqm1ww,5,portfolio,SyncRisk,1789536198,1,0,1
5ogs5ura,4,j0v5am99,5,portfolio,SyncRisk,1789536198,1,0,1
5ogs5ura,5,wz4uvd97,5,portfolio,SyncRisk,1789536198,1,0,1
5ogs5ura,15,tt26hkpl,5,portfolio,SyncRisk,1789536198,1,0,1
5ogs5ura,6,bw46f79x,5,portfolio,SyncRisk,1789536198,1,0,1
5ogs5ura,9,booloaq9,5,portfolio,SyncRisk,1789536198,1,0,1
5ogs5ura,3,fjbh3h2b,5,portfolio,SyncRisk,1789536198,1,0,1
5ogs5ura,25,s6nkestj,6,portfolio,InstructionsPortfolio,1789536203,1,0,0
5ogs5ura,11,t7rx3zw3,6,portfolio,InstructionsPortfolio,1789536204,1,0,0
5ogs5ura,2,vbjq2y24,6,portfolio,InstructionsPortfolio,1789536207,1,0,0
5ogs5ura,24,y40upi5t,6,portfolio,InstructionsPortfolio,1789536207,1,0,0
5ogs5ura,20,ic1ocjv5,6,portfolio,InstructionsPortfolio,1789536207,1,0,0
5ogs5ura,21,zd9eakrm,6,portfolio,InstructionsPortfolio,1789536211,1,0,0
5ogs5ura,12,p48n4bh0,6,portfolio,InstructionsPortfolio,1789536211,1,0,0
5ogs5ura,10,2pc7nfit,6,portfolio,InstructionsPortfolio,1789536211,1,0,0
5ogs5ura,14,cfp8kvc9,6,portfolio,InstructionsPortfolio,1789536212,1,0,0
5ogs5ura,16,jfy8jxqv,6,portfolio,InstructionsPortfolio,1789536215,1,0,0
5ogs5ura,5,wz4uvd97,6,portfolio,InstructionsPortfolio,1789536215,1,0,0
5ogs5ura,22,8tpz5m2a,6,portfolio,InstructionsPortfolio,1789536216,1,0,0
5ogs5ura,18,1dtln5rg,6,portfolio,InstructionsPortfolio,1789536218,1,0,0
5ogs5ura,25,s6nkestj,7,portfolio,Page1Experience,1789536219,1,0,0
5ogs5ura,7,42qlc5nb,6,portfolio,InstructionsPortfolio,1789536220,1,0,0
5ogs5ura,9,booloaq9,6,portfolio,InstructionsPortfolio,1789536221,1,0,0
5ogs5ura,1,qvfebldb,6,portfolio,InstructionsPortfolio,1789536222,1,0,0
5ogs5ura,13,folcs8ow,6,portfolio,InstructionsPortfolio,1789536224,1,0,0
5ogs5ura,11,t7rx3zw3,7,portfolio,Page1Experience,1789536230,1,0,0
5ogs5ura,15,tt26hkpl,6,portfolio,InstructionsPortfolio,1789536233,1,0,0
5ogs5ura,14,cfp8kvc9,7,portfolio,Page1Experience,1789536235,1,0,0
5ogs5ura,1,qvfebldb,7,portfolio,Page1Experience,1789536236,1,0,0
5ogs5ura,2,vbjq2y24,7,portfolio,Page1Experience,1789536237,1,0,0
5ogs5ura,10,2pc7nfit,7,portfolio,Page1Experience,1789536238,1,0,0
5ogs5ura,23,wfmdx2nb,6,portfolio,InstructionsPortfolio,1789536240,1,0,0
5ogs5ura,4,j0v5am99,6,portfolio,InstructionsPortfolio,1789536240,1,0,0
5ogs5ura,24,y40upi5t,7,portfolio,Page1Experience,1789536241,1,0,0
5ogs5ura,17,eveqm1ww,6,portfolio,InstructionsPortfolio,1789536242,1,0,0
5ogs5ura,22,8tpz5m2a,7,portfolio,Page1Experience,1789536246,1,0,0
5ogs5ura,18,1dtln5rg,7,portfolio,Page1Experience,1789536246,1,0,0
5ogs5ura,21,zd9eakrm,7,portfolio,Page1Experience,1789536247,1,0,0
5ogs5ura,15,tt26hkpl,7,portfolio,Page1Experience,1789536248,1,0,0
5ogs5ura,20,ic1ocjv5,7,portfolio,Page1Experience,1789536251,1,0,0
5ogs5ura,5,wz4uvd97,7,portfolio,Page1Experience,1789536251,1,0,0
5ogs5ura,7,42qlc5nb,7,portfolio,Page1Experience,1789536258,1,0,0
5ogs5ura,6,bw46f79x,6,portfolio,InstructionsPortfolio,1789536258,1,0,0
5ogs5ura,9,booloaq9,7,portfolio,Page1Experience,1789536258,1,0,0
5ogs5ura,8,jw6ngkbn,6,portfolio,InstructionsPortfolio,1789536264,1,0,0
5ogs5ura,12,p48n4bh0,7,portfolio,Page1Experience,1789536271,1,0,0
5ogs5ura,17,eveqm1ww,7,portfolio,Page1Experience,1789536273,1,0,0
5ogs5ura,13,folcs8ow,7,portfolio,Page1Experience,1789536276,1,0,0
5ogs5ura,19,5ltpvdck,6,portfolio,InstructionsPortfolio,1789536281,1,0,0
5ogs5ura,6,bw46f79x,7,portfolio,Page1Experience,1789536288,1,0,0
5ogs5ura,19,5ltpvdck,7,portfolio,Page1Experience,1789536293,1,0,0
5ogs5ura,16,jfy8jxqv,7,portfolio,Page1Experience,1789536294,1,0,0
5ogs5ura,23,wfmdx2nb,7,portfolio,Page1Experience,1789536299,1,0,0
5ogs5ura,4,j0v5am99,7,portfolio,Page1Experience,1789536302,1,0,0
5ogs5ura,3,fjbh3h2b,6,portfolio,InstructionsPortfolio,1789536310,1,0,0
5ogs5ura,8,jw6ngkbn,7,portfolio,Page1Experience,1789536352,1,0,0
5ogs5ura,3,fjbh3h2b,7,portfolio,Page1Experience,1789536463,1,0,0
5ogs5ura,25,s6nkestj,8,portfolio,SyncAllocation,1789536463,1,0,1
5ogs5ura,10,2pc7nfit,8,portfolio,SyncAllocation,1789536463,1,0,1
5ogs5ura,22,8tpz5m2a,8,portfolio,SyncAllocation,1789536463,1,0,1
5ogs5ura,18,1dtln5rg,8,portfolio,SyncAllocation,1789536463,1,0,1
5ogs5ura,20,ic1ocjv5,8,portfolio,SyncAllocation,1789536463,1,0,1
5ogs5ura,23,wfmdx2nb,8,portfolio,SyncAllocation,1789536463,1,0,1
5ogs5ura,1,qvfebldb,8,portfolio,SyncAllocation,1789536463,1,0,1
5ogs5ura,16,jfy8jxqv,8,portfolio,SyncAllocation,1789536463,1,0,1
5ogs5ura,15,tt26hkpl,8,portfolio,SyncAllocation,1789536463,1,0,1
5ogs5ura,14,cfp8kvc9,8,portfolio,SyncAllocation,1789536463,1,0,1
5ogs5ura,21,zd9eakrm,8,portfolio,SyncAllocation,1789536463,1,0,1
5ogs5ura,3,fjbh3h2b,8,portfolio,SyncAllocation,1789536463,1,0,1
5ogs5ura,17,eveqm1ww,8,portfolio,SyncAllocation,1789536463,1,0,1
5ogs5ura,4,j0v5am99,8,portfolio,SyncAllocation,1789536463,1,0,1
5ogs5ura,11,t7rx3zw3,8,portfolio,SyncAllocation,1789536463,1,0,1
5ogs5ura,6,bw46f79x,8,portfolio,SyncAllocation,1789536463,1,0,1
5ogs5ura,9,booloaq9,8,portfolio,SyncAllocation,1789536463,1,0,1
5ogs5ura,2,vbjq2y24,8,portfolio,SyncAllocation,1789536463,1,0,1
5ogs5ura,24,y40upi5t,8,portfolio,SyncAllocation,1789536463,1,0,1
5ogs5ura,13,folcs8ow,8,portfolio,SyncAllocation,1789536463,1,0,1
5ogs5ura,8,jw6ngkbn,8,portfolio,SyncAllocation,1789536463,1,0,1
5ogs5ura,7,42qlc5nb,8,portfolio,SyncAllocation,1789536463,1,0,1
5ogs5ura,5,wz4uvd97,8,portfolio,SyncAllocation,1789536463,1,0,1
5ogs5ura,19,5ltpvdck,8,portfolio,SyncAllocation,1789536463,1,0,1
5ogs5ura,12,p48n4bh0,8,portfolio,SyncAllocation,1789536463,1,0,1
5ogs5ura,2,vbjq2y24,9,portfolio,InstructionsMarket,1789536469,1,0,0
5ogs5ura,20,ic1ocjv5,9,portfolio,InstructionsMarket,1789536470,1,0,0
5ogs5ura,14,cfp8kvc9,9,portfolio,InstructionsMarket,1789536470,1,0,0
5ogs5ura,11,t7rx3zw3,9,portfolio,InstructionsMarket,1789536471,1,0,0
5ogs5ura,24,y40upi5t,9,portfolio,InstructionsMarket,1789536471,1,0,0
5ogs5ura,25,s6nkestj,9,portfolio,InstructionsMarket,1789536477,1,0,0
5ogs5ura,13,folcs8ow,9,portfolio,InstructionsMarket,1789536479,1,0,0
5ogs5ura,22,8tpz5m2a,9,portfolio,InstructionsMarket,1789536484,1,0,0
5ogs5ura,24,y40upi5t,10,portfolio,ComprehensionMarket,1789536486,1,0,0
5ogs5ura,18,1dtln5rg,9,portfolio,InstructionsMarket,1789536488,1,0,0
5ogs5ura,21,zd9eakrm,9,portfolio,InstructionsMarket,1789536489,1,0,0
5ogs5ura,25,s6nkestj,10,portfolio,ComprehensionMarket,1789536489,1,0,0
5ogs5ura,24,y40upi5t,11,portfolio,InstructionsBeliefs,1789536492,1,0,0
5ogs5ura,1,qvfebldb,9,portfolio,InstructionsMarket,1789536493,1,0,0
5ogs5ura,12,p48n4bh0,9,portfolio,InstructionsMarket,1789536493,1,0,0
5ogs5ura,25,s6nkestj,11,portfolio,InstructionsBeliefs,1789536496,1,0,0
5ogs5ura,23,wfmdx2nb,9,portfolio,InstructionsMarket,1789536500,1,0,0
5ogs5ura,16,jfy8jxqv,9,portfolio,InstructionsMarket,1789536500,1,0,0
5ogs5ura,20,ic1ocjv5,10,portfolio,ComprehensionMarket,1789536502,1,0,0
5ogs5ura,11,t7rx3zw3,10,portfolio,ComprehensionMarket,1789536503,1,0,0
5ogs5ura,9,booloaq9,9,portfolio,InstructionsMarket,1789536504,1,0,0
5ogs5ura,13,folcs8ow,10,portfolio,ComprehensionMarket,1789536504,1,0,0
5ogs5ura,20,ic1ocjv5,11,portfolio,InstructionsBeliefs,1789536506,1,0,0
5ogs5ura,1,qvfebldb,10,portfolio,ComprehensionMarket,1789536507,1,0,0
5ogs5ura,22,8tpz5m2a,10,portfolio,ComprehensionMarket,1789536509,1,0,0
5ogs5ura,1,qvfebldb,11,portfolio,InstructionsBeliefs,1789536510,1,0,0
5ogs5ura,8,jw6ngkbn,9,portfolio,InstructionsMarket,1789536511,1,0,0
5ogs5ura,12,p48n4bh0,10,portfolio,ComprehensionMarket,1789536511,1,0,0
5ogs5ura,5,wz4uvd97,9,portfolio,InstructionsMarket,1789536512,1,0,0
5ogs5ura,14,cfp8kvc9,10,portfolio,ComprehensionMarket,1789536514,1,0,0
5ogs5ura,9,booloaq9,10,portfolio,ComprehensionMarket,1789536514,1,0,0
5ogs5ura,16,jfy8jxqv,10,portfolio,ComprehensionMarket,1789536514,1,0,0
5ogs5ura,7,42qlc5nb,9,portfolio,InstructionsMarket,1789536515,1,0,0
5ogs5ura,11,t7rx3zw3,11,portfolio,InstructionsBeliefs,1789536516,1,0,0
5ogs5ura,14,cfp8kvc9,11,portfolio,InstructionsBeliefs,1789536520,1,0,0
5ogs5ura,3,fjbh3h2b,9,portfolio,InstructionsMarket,1789536520,1,0,0
5ogs5ura,12,p48n4bh0,11,portfolio,InstructionsBeliefs,1789536520,1,0,0
5ogs5ura,5,wz4uvd97,10,portfolio,ComprehensionMarket,1789536522,1,0,0
5ogs5ura,2,vbjq2y24,10,portfolio,ComprehensionMarket,1789536523,1,0,0
5ogs5ura,21,zd9eakrm,10,portfolio,ComprehensionMarket,1789536524,1,0,0
5ogs5ura,2,vbjq2y24,11,portfolio,InstructionsBeliefs,1789536526,1,0,0
5ogs5ura,8,jw6ngkbn,10,portfolio,ComprehensionMarket,1789536527,1,0,0
5ogs5ura,25,s6nkestj,12,portfolio,PageBeliefExpNoExp,1789536529,1,0,0
5ogs5ura,4,j0v5am99,9,portfolio,InstructionsMarket,1789536534,1,0,0
5ogs5ura,21,zd9eakrm,11,portfolio,InstructionsBeliefs,1789536537,1,0,0
5ogs5ura,18,1dtln5rg,10,portfolio,ComprehensionMarket,1789536541,1,0,0
5ogs5ura,7,42qlc5nb,10,portfolio,ComprehensionMarket,1789536543,1,0,0
5ogs5ura,16,jfy8jxqv,11,portfolio,InstructionsBeliefs,1789536547,1,0,0
5ogs5ura,18,1dtln5rg,11,portfolio,InstructionsBeliefs,1789536547,1,0,0
5ogs5ura,22,8tpz5m2a,11,portfolio,InstructionsBeliefs,1789536548,1,0,0
5ogs5ura,10,2pc7nfit,9,portfolio,InstructionsMarket,1789536549,1,0,0
5ogs5ura,17,eveqm1ww,9,portfolio,InstructionsMarket,1789536552,1,0,0
5ogs5ura,3,fjbh3h2b,10,portfolio,ComprehensionMarket,1789536553,1,0,0
5ogs5ura,20,ic1ocjv5,12,portfolio,PageBeliefExpNoExp,1789536554,1,0,0
5ogs5ura,24,y40upi5t,12,portfolio,PageBeliefExpNoExp,1789536556,1,0,0
5ogs5ura,8,jw6ngkbn,11,portfolio,InstructionsBeliefs,1789536558,1,0,0
5ogs5ura,4,j0v5am99,10,portfolio,ComprehensionMarket,1789536562,1,0,0
5ogs5ura,9,booloaq9,11,portfolio,InstructionsBeliefs,1789536566,1,0,0
5ogs5ura,25,s6nkestj,13,portfolio,PageOtherBeliefExpNoExp,1789536567,1,0,0
5ogs5ura,17,eveqm1ww,10,portfolio,ComprehensionMarket,1789536570,1,0,0
5ogs5ura,5,wz4uvd97,11,portfolio,InstructionsBeliefs,1789536571,1,0,0
5ogs5ura,25,s6nkestj,14,portfolio,TradingRulesExp,1789536572,1,0,0
5ogs5ura,13,folcs8ow,11,portfolio,InstructionsBeliefs,1789536582,1,0,0
5ogs5ura,15,tt26hkpl,9,portfolio,InstructionsMarket,1789536582,1,0,0
5ogs5ura,14,cfp8kvc9,12,portfolio,PageBeliefExpNoExp,1789536582,1,0,0
5ogs5ura,10,2pc7nfit,10,portfolio,ComprehensionMarket,1789536582,1,0,0
5ogs5ura,7,42qlc5nb,11,portfolio,InstructionsBeliefs,1789536584,1,0,0
5ogs5ura,1,qvfebldb,12,portfolio,PageBeliefExpNoExp,1789536584,1,0,0
5ogs5ura,24,y40upi5t,13,portfolio,PageOtherBeliefExpNoExp,1789536594,1,0,0
5ogs5ura,3,fjbh3h2b,11,portfolio,InstructionsBeliefs,1789536598,1,0,0
5ogs5ura,19,5ltpvdck,9,portfolio,InstructionsMarket,1789536598,1,0,0
5ogs5ura,15,tt26hkpl,10,portfolio,ComprehensionMarket,1789536601,1,0,0
5ogs5ura,1,qvfebldb,13,portfolio,PageOtherBeliefExpNoExp,1789536607,1,0,0
5ogs5ura,20,ic1ocjv5,13,portfolio,PageOtherBeliefExpNoExp,1789536608,1,0,0
5ogs5ura,4,j0v5am99,11,portfolio,InstructionsBeliefs,1789536609,1,0,0
5ogs5ura,2,vbjq2y24,12,portfolio,PageBeliefExpNoExp,1789536609,1,0,0
5ogs5ura,20,ic1ocjv5,14,portfolio,TradingRulesExp,1789536611,1,0,0
5ogs5ura,23,wfmdx2nb,10,portfolio,ComprehensionMarket,1789536613,1,0,0
5ogs5ura,24,y40upi5t,14,portfolio,TradingRulesExp,1789536613,1,0,0
5ogs5ura,12,p48n4bh0,12,portfolio,PageBeliefExpNoExp,1789536615,1,0,0
5ogs5ura,23,wfmdx2nb,11,portfolio,InstructionsBeliefs,1789536616,1,0,0
5ogs5ura,1,qvfebldb,14,portfolio,TradingRulesExp,1789536618,1,0,0
5ogs5ura,14,cfp8kvc9,13,portfolio,PageOtherBeliefExpNoExp,1789536619,1,0,0
5ogs5ura,18,1dtln5rg,12,portfolio,PageBeliefExpNoExp,1789536622,1,0,0
5ogs5ura,16,jfy8jxqv,12,portfolio,PageBeliefExpNoExp,1789536623,1,0,0
5ogs5ura,21,zd9eakrm,12,portfolio,PageBeliefExpNoExp,1789536625,1,0,0
5ogs5ura,14,cfp8kvc9,14,portfolio,TradingRulesExp,1789536626,1,0,0
5ogs5ura,19,5ltpvdck,10,portfolio,ComprehensionMarket,1789536632,1,0,0
5ogs5ura,7,42qlc5nb,12,portfolio,PageBeliefExpNoExp,1789536641,1,0,0
5ogs5ura,13,folcs8ow,12,portfolio,PageBeliefExpNoExp,1789536643,1,0,0
5ogs5ura,17,eveqm1ww,11,portfolio,InstructionsBeliefs,1789536646,1,0,0
5ogs5ura,11,t7rx3zw3,12,portfolio,PageBeliefExpNoExp,1789536652,1,0,0
5ogs5ura,12,p48n4bh0,13,portfolio,PageOtherBeliefExpNoExp,1789536653,1,0,0
5ogs5ura,2,vbjq2y24,13,portfolio,PageOtherBeliefExpNoExp,1789536656,1,0,0
5ogs5ura,2,vbjq2y24,14,portfolio,TradingRulesExp,1789536660,1,0,0
5ogs5ura,6,bw46f79x,9,portfolio,InstructionsMarket,1789536662,1,0,0
5ogs5ura,10,2pc7nfit,11,portfolio,InstructionsBeliefs,1789536669,1,0,0
5ogs5ura,16,jfy8jxqv,13,portfolio,PageOtherBeliefExpNoExp,1789536672,1,0,0
5ogs5ura,7,42qlc5nb,13,portfolio,PageOtherBeliefExpNoExp,1789536676,1,0,0
5ogs5ura,6,bw46f79x,10,portfolio,ComprehensionMarket,1789536678,1,0,0
5ogs5ura,22,8tpz5m2a,12,portfolio,PageBeliefExpNoExp,1789536679,1,0,0
5ogs5ura,9,booloaq9,12,portfolio,PageBeliefExpNoExp,1789536687,1,0,0
5ogs5ura,13,folcs8ow,13,portfolio,PageOtherBeliefExpNoExp,1789536688,1,0,0
5ogs5ura,23,wfmdx2nb,12,portfolio,PageBeliefExpNoExp,1789536697,1,0,0
5ogs5ura,17,eveqm1ww,12,portfolio,PageBeliefExpNoExp,1789536699,1,0,0
5ogs5ura,21,zd9eakrm,13,portfolio,PageOtherBeliefExpNoExp,1789536701,1,0,0
5ogs5ura,7,42qlc5nb,14,portfolio,TradingRulesExp,1789536702,1,0,0
5ogs5ura,15,tt26hkpl,11,portfolio,InstructionsBeliefs,1789536705,1,0,0
5ogs5ura,22,8tpz5m2a,13,portfolio,PageOtherBeliefExpNoExp,1789536706,1,0,0
5ogs5ura,4,j0v5am99,12,portfolio,PageBeliefExpNoExp,1789536709,1,0,0
5ogs5ura,13,folcs8ow,14,portfolio,TradingRulesExp,1789536710,1,0,0
5ogs5ura,5,wz4uvd97,12,portfolio,PageBeliefExpNoExp,1789536711,1,0,0
5ogs5ura,11,t7rx3zw3,13,portfolio,PageOtherBeliefExpNoExp,1789536712,1,0,0
5ogs5ura,21,zd9eakrm,14,portfolio,TradingRulesExp,1789536713,1,0,0
5ogs5ura,12,p48n4bh0,14,portfolio,TradingRulesExp,1789536716,1,0,0
5ogs5ura,8,jw6ngkbn,12,portfolio,PageBeliefExpNoExp,1789536717,1,0,0
5ogs5ura,16,jfy8jxqv,14,portfolio,TradingRulesExp,1789536718,1,0,0
5ogs5ura,17,eveqm1ww,13,portfolio,PageOtherBeliefExpNoExp,1789536718,1,0,0
5ogs5ura,11,t7rx3zw3,14,portfolio,TradingRulesExp,1789536719,1,0,0
5ogs5ura,18,1dtln5rg,13,portfolio,PageOtherBeliefExpNoExp,1789536719,1,0,0
5ogs5ura,18,1dtln5rg,14,portfolio,TradingRulesExp,1789536722,1,0,0
5ogs5ura,9,booloaq9,13,portfolio,PageOtherBeliefExpNoExp,1789536736,1,0,0
5ogs5ura,4,j0v5am99,13,portfolio,PageOtherBeliefExpNoExp,1789536745,1,0,0
5ogs5ura,22,8tpz5m2a,14,portfolio,TradingRulesExp,1789536751,1,0,0
5ogs5ura,5,wz4uvd97,13,portfolio,PageOtherBeliefExpNoExp,1789536759,1,0,0
5ogs5ura,15,tt26hkpl,12,portfolio,PageBeliefExpNoExp,1789536761,1,0,0
5ogs5ura,23,wfmdx2nb,13,portfolio,PageOtherBeliefExpNoExp,1789536763,1,0,0
5ogs5ura,10,2pc7nfit,12,portfolio,PageBeliefExpNoExp,1789536765,1,0,0
5ogs5ura,23,wfmdx2nb,14,portfolio,TradingRulesExp,1789536768,1,0,0
5ogs5ura,17,eveqm1ww,14,portfolio,TradingRulesExp,1789536775,1,0,0
5ogs5ura,5,wz4uvd97,14,portfolio,TradingRulesExp,1789536781,1,0,0
5ogs5ura,6,bw46f79x,11,portfolio,InstructionsBeliefs,1789536785,1,0,0
5ogs5ura,15,tt26hkpl,13,portfolio,PageOtherBeliefExpNoExp,1789536793,1,0,0
5ogs5ura,3,fjbh3h2b,12,portfolio,PageBeliefExpNoExp,1789536800,1,0,0
5ogs5ura,9,booloaq9,14,portfolio,TradingRulesExp,1789536805,1,0,0
5ogs5ura,19,5ltpvdck,11,portfolio,InstructionsBeliefs,1789536807,1,0,0
5ogs5ura,4,j0v5am99,14,portfolio,TradingRulesExp,1789536810,1,0,0
5ogs5ura,10,2pc7nfit,13,portfolio,PageOtherBeliefExpNoExp,1789536825,1,0,0
5ogs5ura,15,tt26hkpl,14,portfolio,TradingRulesExp,1789536833,1,0,0
5ogs5ura,8,jw6ngkbn,13,portfolio,PageOtherBeliefExpNoExp,1789536851,1,0,0
5ogs5ura,3,fjbh3h2b,13,portfolio,PageOtherBeliefExpNoExp,1789536868,1,0,0
5ogs5ura,8,jw6ngkbn,14,portfolio,TradingRulesExp,1789536871,1,0,0
5ogs5ura,3,fjbh3h2b,14,portfolio,TradingRulesExp,1789536881,1,0,0
5ogs5ura,6,bw46f79x,12,portfolio,PageBeliefExpNoExp,1789536898,1,0,0
5ogs5ura,19,5ltpvdck,12,portfolio,PageBeliefExpNoExp,1789536920,1,0,0
5ogs5ura,10,2pc7nfit,14,portfolio,TradingRulesExp,1789536929,1,0,0
5ogs5ura,6,bw46f79x,13,portfolio,PageOtherBeliefExpNoExp,1789536945,1,0,0
5ogs5ura,19,5ltpvdck,13,portfolio,PageOtherBeliefExpNoExp,1789536978,1,0,0
5ogs5ura,19,5ltpvdck,14,portfolio,TradingRulesExp,1789537007,1,0,0
5ogs5ura,6,bw46f79x,14,portfolio,TradingRulesExp,1789537065,1,0,0
5ogs5ura,18,1dtln5rg,15,portfolio,SyncTradingRules,1789537065,1,0,1
5ogs5ura,23,wfmdx2nb,15,portfolio,SyncTradingRules,1789537065,1,0,1
5ogs5ura,10,2pc7nfit,15,portfolio,SyncTradingRules,1789537065,1,0,1
5ogs5ura,25,s6nkestj,15,portfolio,SyncTradingRules,1789537065,1,0,1
5ogs5ura,20,ic1ocjv5,15,portfolio,SyncTradingRules,1789537065,1,0,1
5ogs5ura,22,8tpz5m2a,15,portfolio,SyncTradingRules,1789537065,1,0,1
5ogs5ura,14,cfp8kvc9,15,portfolio,SyncTradingRules,1789537065,1,0,1
5ogs5ura,7,42qlc5nb,15,portfolio,SyncTradingRules,1789537065,1,0,1
5ogs5ura,11,t7rx3zw3,15,portfolio,SyncTradingRules,1789537065,1,0,1
5ogs5ura,17,eveqm1ww,15,portfolio,SyncTradingRules,1789537065,1,0,1
5ogs5ura,9,booloaq9,15,portfolio,SyncTradingRules,1789537065,1,0,1
5ogs5ura,8,jw6ngkbn,15,portfolio,SyncTradingRules,1789537065,1,0,1
5ogs5ura,4,j0v5am99,15,portfolio,SyncTradingRules,1789537065,1,0,1
5ogs5ura,1,qvfebldb,15,portfolio,SyncTradingRules,1789537065,1,0,1
5ogs5ura,5,wz4uvd97,15,portfolio,SyncTradingRules,1789537065,1,0,1
5ogs5ura,19,5ltpvdck,15,portfolio,SyncTradingRules,1789537065,1,0,1
5ogs5ura,15,tt26hkpl,15,portfolio,SyncTradingRules,1789537065,1,0,1
5ogs5ura,16,jfy8jxqv,15,portfolio,SyncTradingRules,1789537065,1,0,1
5ogs5ura,21,zd9eakrm,15,portfolio,SyncTradingRules,1789537065,1,0,1
5ogs5ura,12,p48n4bh0,15,portfolio,SyncTradingRules,1789537065,1,0,1
5ogs5ura,13,folcs8ow,15,portfolio,SyncTradingRules,1789537065,1,0,1
5ogs5ura,2,vbjq2y24,15,portfolio,SyncTradingRules,1789537065,1,0,1
5ogs5ura,6,bw46f79x,15,portfolio,SyncTradingRules,1789537065,1,0,1
5ogs5ura,24,y40upi5t,15,portfolio,SyncTradingRules,1789537065,1,0,1
5ogs5ura,3,fjbh3h2b,15,portfolio,SyncTradingRules,1789537065,1,0,1
5ogs5ura,10,2pc7nfit,16,portfolio,PageBidExperience,1789537086,1,0,0
5ogs5ura,15,tt26hkpl,16,portfolio,PageBidExperience,1789537091,1,0,0
5ogs5ura,24,y40upi5t,16,portfolio,PageBidExperience,1789537093,1,0,0
5ogs5ura,25,s6nkestj,16,portfolio,PageBidExperience,1789537096,1,0,0
5ogs5ura,1,qvfebldb,16,portfolio,PageBidExperience,1789537099,1,0,0
5ogs5ura,7,42qlc5nb,16,portfolio,PageBidExperience,1789537103,1,0,0
5ogs5ura,16,jfy8jxqv,16,portfolio,PageBidExperience,1789537106,1,0,0
5ogs5ura,20,ic1ocjv5,16,portfolio,PageBidExperience,1789537106,1,0,0
5ogs5ura,22,8tpz5m2a,16,portfolio,PageBidExperience,1789537107,1,0,0
5ogs5ura,4,j0v5am99,16,portfolio,PageBidExperience,1789537112,1,0,0
5ogs5ura,12,p48n4bh0,16,portfolio,PageBidExperience,1789537113,1,0,0
5ogs5ura,19,5ltpvdck,16,portfolio,PageBidExperience,1789537116,1,0,0
5ogs5ura,11,t7rx3zw3,16,portfolio,PageBidExperience,1789537120,1,0,0
5ogs5ura,17,eveqm1ww,16,portfolio,PageBidExperience,1789537126,1,0,0
5ogs5ura,13,folcs8ow,16,portfolio,PageBidExperience,1789537127,1,0,0
5ogs5ura,14,cfp8kvc9,16,portfolio,PageBidExperience,1789537129,1,0,0
5ogs5ura,21,zd9eakrm,16,portfolio,PageBidExperience,1789537130,1,0,0
5ogs5ura,11,t7rx3zw3,25,portfolio,Clearing,1789537130,1,0,1
5ogs5ura,14,cfp8kvc9,25,portfolio,Clearing,1789537130,1,0,1
5ogs5ura,12,p48n4bh0,25,portfolio,Clearing,1789537130,1,0,1
5ogs5ura,13,folcs8ow,25,portfolio,Clearing,1789537130,1,0,1
5ogs5ura,15,tt26hkpl,25,portfolio,Clearing,1789537130,1,0,1
5ogs5ura,6,bw46f79x,16,portfolio,PageBidExperience,1789537130,1,0,0
5ogs5ura,18,1dtln5rg,16,portfolio,PageBidExperience,1789537130,1,0,0
5ogs5ura,5,wz4uvd97,16,portfolio,PageBidExperience,1789537131,1,0,0
5ogs5ura,18,1dtln5rg,25,portfolio,Clearing,1789537132,1,0,1
5ogs5ura,20,ic1ocjv5,25,portfolio,Clearing,1789537132,1,0,1
5ogs5ura,17,eveqm1ww,25,portfolio,Clearing,1789537132,1,0,1
5ogs5ura,19,5ltpvdck,25,portfolio,Clearing,1789537132,1,0,1
5ogs5ura,16,jfy8jxqv,25,portfolio,Clearing,1789537132,1,0,1
5ogs5ura,9,booloaq9,16,portfolio,PageBidExperience,1789537146,1,0,0
5ogs5ura,3,fjbh3h2b,16,portfolio,PageBidExperience,1789537146,1,0,0
5ogs5ura,2,vbjq2y24,16,portfolio,PageBidExperience,1789537172,1,0,0
5ogs5ura,4,j0v5am99,25,portfolio,Clearing,1789537173,1,0,1
5ogs5ura,5,wz4uvd97,25,portfolio,Clearing,1789537173,1,0,1
5ogs5ura,1,qvfebldb,25,portfolio,Clearing,1789537173,1,0,1
5ogs5ura,2,vbjq2y24,25,portfolio,Clearing,1789537173,1,0,1
5ogs5ura,3,fjbh3h2b,25,portfolio,Clearing,1789537173,1,0,1
5ogs5ura,8,jw6ngkbn,16,portfolio,PageBidExperience,1789537176,1,0,0
5ogs5ura,10,2pc7nfit,25,portfolio,Clearing,1789537177,1,0,1
5ogs5ura,8,jw6ngkbn,25,portfolio,Clearing,1789537177,1,0,1
5ogs5ura,7,42qlc5nb,25,portfolio,Clearing,1789537177,1,0,1
5ogs5ura,9,booloaq9,25,portfolio,Clearing,1789537177,1,0,1
5ogs5ura,6,bw46f79x,25,portfolio,Clearing,1789537177,1,0,1
5ogs5ura,23,wfmdx2nb,16,portfolio,PageBidExperience,1789537238,1,0,0
5ogs5ura,23,wfmdx2nb,25,portfolio,Clearing,1789537238,1,0,1
5ogs5ura,22,8tpz5m2a,25,portfolio,Clearing,1789537238,1,0,1
5ogs5ura,25,s6nkestj,25,portfolio,Clearing,1789537238,1,0,1
5ogs5ura,21,zd9eakrm,25,portfolio,Clearing,1789537238,1,0,1
5ogs5ura,24,y40upi5t,25,portfolio,Clearing,1789537238,1,0,1
5ogs5ura,18,1dtln5rg,26,portfolio,SyncMarketRound,1789537239,1,0,1
5ogs5ura,20,ic1ocjv5,26,portfolio,SyncMarketRound,1789537239,1,0,1
5ogs5ura,10,2pc7nfit,26,portfolio,SyncMarketRound,1789537239,1,0,1
5ogs5ura,23,wfmdx2nb,26,portfolio,SyncMarketRound,1789537239,1,0,1
5ogs5ura,22,8tpz5m2a,26,portfolio,SyncMarketRound,1789537239,1,0,1
5ogs5ura,25,s6nkestj,26,portfolio,SyncMarketRound,1789537239,1,0,1
5ogs5ura,8,jw6ngkbn,26,portfolio,SyncMarketRound,1789537239,1,0,1
5ogs5ura,7,42qlc5nb,26,portfolio,SyncMarketRound,1789537239,1,0,1
5ogs5ura,9,booloaq9,26,portfolio,SyncMarketRound,1789537239,1,0,1
5ogs5ura,11,t7rx3zw3,26,portfolio,SyncMarketRound,1789537239,1,0,1
5ogs5ura,14,cfp8kvc9,26,portfolio,SyncMarketRound,1789537239,1,0,1
5ogs5ura,17,eveqm1ww,26,portfolio,SyncMarketRound,1789537239,1,0,1
5ogs5ura,12,p48n4bh0,26,portfolio,SyncMarketRound,1789537239,1,0,1
5ogs5ura,13,folcs8ow,26,portfolio,SyncMarketRound,1789537239,1,0,1
5ogs5ura,15,tt26hkpl,26,portfolio,SyncMarketRound,1789537239,1,0,1
5ogs5ura,4,j0v5am99,26,portfolio,SyncMarketRound,1789537239,1,0,1
5ogs5ura,5,wz4uvd97,26,portfolio,SyncMarketRound,1789537239,1,0,1
5ogs5ura,6,bw46f79x,26,portfolio,SyncMarketRound,1789537239,1,0,1
5ogs5ura,21,zd9eakrm,26,portfolio,SyncMarketRound,1789537239,1,0,1
5ogs5ura,19,5ltpvdck,26,portfolio,SyncMarketRound,1789537239,1,0,1
5ogs5ura,16,jfy8jxqv,26,portfolio,SyncMarketRound,1789537239,1,0,1
5ogs5ura,24,y40upi5t,26,portfolio,SyncMarketRound,1789537239,1,0,1
5ogs5ura,1,qvfebldb,26,portfolio,SyncMarketRound,1789537239,1,0,1
5ogs5ura,2,vbjq2y24,26,portfolio,SyncMarketRound,1789537239,1,0,1
5ogs5ura,3,fjbh3h2b,26,portfolio,SyncMarketRound,1789537239,1,0,1
5ogs5ura,24,y40upi5t,45,portfolio,PageBidExperience,1789537272,2,0,0
5ogs5ura,25,s6nkestj,45,portfolio,PageBidExperience,1789537272,2,0,0
5ogs5ura,16,jfy8jxqv,45,portfolio,PageBidExperience,1789537273,2,0,0
5ogs5ura,1,qvfebldb,45,portfolio,PageBidExperience,1789537275,2,0,0
5ogs5ura,4,j0v5am99,45,portfolio,PageBidExperience,1789537277,2,0,0
5ogs5ura,15,tt26hkpl,45,portfolio,PageBidExperience,1789537277,2,0,0
5ogs5ura,12,p48n4bh0,45,portfolio,PageBidExperience,1789537282,2,0,0
5ogs5ura,20,ic1ocjv5,45,portfolio,PageBidExperience,1789537283,2,0,0
5ogs5ura,5,wz4uvd97,45,portfolio,PageBidExperience,1789537283,2,0,0
5ogs5ura,10,2pc7nfit,45,portfolio,PageBidExperience,1789537283,2,0,0
5ogs5ura,6,bw46f79x,45,portfolio,PageBidExperience,1789537285,2,0,0
5ogs5ura,22,8tpz5m2a,45,portfolio,PageBidExperience,1789537287,2,0,0
5ogs5ura,23,wfmdx2nb,45,portfolio,PageBidExperience,1789537295,2,0,0
5ogs5ura,11,t7rx3zw3,45,portfolio,PageBidExperience,1789537295,2,0,0
5ogs5ura,9,booloaq9,45,portfolio,PageBidExperience,1789537300,2,0,0
5ogs5ura,2,vbjq2y24,45,portfolio,PageBidExperience,1789537301,2,0,0
5ogs5ura,19,5ltpvdck,45,portfolio,PageBidExperience,1789537318,2,0,0
5ogs5ura,17,eveqm1ww,45,portfolio,PageBidExperience,1789537323,2,0,0
5ogs5ura,7,42qlc5nb,45,portfolio,PageBidExperience,1789537324,2,0,0
5ogs5ura,21,zd9eakrm,45,portfolio,PageBidExperience,1789537327,2,0,0
5ogs5ura,22,8tpz5m2a,54,portfolio,Clearing,1789537327,2,0,1
5ogs5ura,23,wfmdx2nb,54,portfolio,Clearing,1789537327,2,0,1
5ogs5ura,24,y40upi5t,54,portfolio,Clearing,1789537327,2,0,1
5ogs5ura,25,s6nkestj,54,portfolio,Clearing,1789537327,2,0,1
5ogs5ura,21,zd9eakrm,54,portfolio,Clearing,1789537327,2,0,1
5ogs5ura,18,1dtln5rg,45,portfolio,PageBidExperience,1789537328,2,0,0
5ogs5ura,16,jfy8jxqv,54,portfolio,Clearing,1789537328,2,0,1
5ogs5ura,17,eveqm1ww,54,portfolio,Clearing,1789537328,2,0,1
5ogs5ura,18,1dtln5rg,54,portfolio,Clearing,1789537328,2,0,1
5ogs5ura,19,5ltpvdck,54,portfolio,Clearing,1789537328,2,0,1
5ogs5ura,20,ic1ocjv5,54,portfolio,Clearing,1789537328,2,0,1
5ogs5ura,8,jw6ngkbn,45,portfolio,PageBidExperience,1789537328,2,0,0
5ogs5ura,9,booloaq9,54,portfolio,Clearing,1789537328,2,0,1
5ogs5ura,10,2pc7nfit,54,portfolio,Clearing,1789537328,2,0,1
5ogs5ura,6,bw46f79x,54,portfolio,Clearing,1789537328,2,0,1
5ogs5ura,7,42qlc5nb,54,portfolio,Clearing,1789537328,2,0,1
5ogs5ura,8,jw6ngkbn,54,portfolio,Clearing,1789537328,2,0,1
5ogs5ura,13,folcs8ow,45,portfolio,PageBidExperience,1789537332,2,0,0
5ogs5ura,3,fjbh3h2b,45,portfolio,PageBidExperience,1789537361,2,0,0
5ogs5ura,1,qvfebldb,54,portfolio,Clearing,1789537361,2,0,1
5ogs5ura,2,vbjq2y24,54,portfolio,Clearing,1789537361,2,0,1
5ogs5ura,3,fjbh3h2b,54,portfolio,Clearing,1789537361,2,0,1
5ogs5ura,4,j0v5am99,54,portfolio,Clearing,1789537361,2,0,1
5ogs5ura,5,wz4uvd97,54,portfolio,Clearing,1789537361,2,0,1
5ogs5ura,14,cfp8kvc9,45,portfolio,PageBidExperience,1789537363,2,0,0
5ogs5ura,11,t7rx3zw3,54,portfolio,Clearing,1789537363,2,0,1
5ogs5ura,12,p48n4bh0,54,portfolio,Clearing,1789537363,2,0,1
5ogs5ura,13,folcs8ow,54,portfolio,Clearing,1789537363,2,0,1
5ogs5ura,14,cfp8kvc9,54,portfolio,Clearing,1789537363,2,0,1
5ogs5ura,15,tt26hkpl,54,portfolio,Clearing,1789537363,2,0,1
5ogs5ura,22,8tpz5m2a,55,portfolio,SyncMarketRound,1789537364,2,0,1
5ogs5ura,23,wfmdx2nb,55,portfolio,SyncMarketRound,1789537364,2,0,1
5ogs5ura,24,y40upi5t,55,portfolio,SyncMarketRound,1789537364,2,0,1
5ogs5ura,25,s6nkestj,55,portfolio,SyncMarketRound,1789537364,2,0,1
5ogs5ura,11,t7rx3zw3,55,portfolio,SyncMarketRound,1789537364,2,0,1
5ogs5ura,9,booloaq9,55,portfolio,SyncMarketRound,1789537364,2,0,1
5ogs5ura,12,p48n4bh0,55,portfolio,SyncMarketRound,1789537364,2,0,1
5ogs5ura,13,folcs8ow,55,portfolio,SyncMarketRound,1789537364,2,0,1
5ogs5ura,1,qvfebldb,55,portfolio,SyncMarketRound,1789537364,2,0,1
5ogs5ura,2,vbjq2y24,55,portfolio,SyncMarketRound,1789537364,2,0,1
5ogs5ura,3,fjbh3h2b,55,portfolio,SyncMarketRound,1789537364,2,0,1
5ogs5ura,14,cfp8kvc9,55,portfolio,SyncMarketRound,1789537364,2,0,1
5ogs5ura,10,2pc7nfit,55,portfolio,SyncMarketRound,1789537364,2,0,1
5ogs5ura,4,j0v5am99,55,portfolio,SyncMarketRound,1789537364,2,0,1
5ogs5ura,16,jfy8jxqv,55,portfolio,SyncMarketRound,1789537364,2,0,1
5ogs5ura,17,eveqm1ww,55,portfolio,SyncMarketRound,1789537364,2,0,1
5ogs5ura,18,1dtln5rg,55,portfolio,SyncMarketRound,1789537364,2,0,1
5ogs5ura,5,wz4uvd97,55,portfolio,SyncMarketRound,1789537364,2,0,1
5ogs5ura,6,bw46f79x,55,portfolio,SyncMarketRound,1789537364,2,0,1
5ogs5ura,7,42qlc5nb,55,portfolio,SyncMarketRound,1789537364,2,0,1
5ogs5ura,8,jw6ngkbn,55,portfolio,SyncMarketRound,1789537364,2,0,1
5ogs5ura,15,tt26hkpl,55,portfolio,SyncMarketRound,1789537364,2,0,1
5ogs5ura,19,5ltpvdck,55,portfolio,SyncMarketRound,1789537364,2,0,1
5ogs5ura,20,ic1ocjv5,55,portfolio,SyncMarketRound,1789537364,2,0,1
5ogs5ura,21,zd9eakrm,55,portfolio,SyncMarketRound,1789537364,2,0,1
5ogs5ura,24,y40upi5t,74,portfolio,PageBidExperience,1789537385,3,0,0
5ogs5ura,25,s6nkestj,74,portfolio,PageBidExperience,1789537386,3,0,0
5ogs5ura,1,qvfebldb,74,portfolio,PageBidExperience,1789537391,3,0,0
5ogs5ura,11,t7rx3zw3,74,portfolio,PageBidExperience,1789537391,3,0,0
5ogs5ura,23,wfmdx2nb,74,portfolio,PageBidExperience,1789537392,3,0,0
5ogs5ura,16,jfy8jxqv,74,portfolio,PageBidExperience,1789537392,3,0,0
5ogs5ura,9,booloaq9,74,portfolio,PageBidExperience,1789537397,3,0,0
5ogs5ura,17,eveqm1ww,74,portfolio,PageBidExperience,1789537402,3,0,0
5ogs5ura,7,42qlc5nb,74,portfolio,PageBidExperience,1789537403,3,0,0
5ogs5ura,22,8tpz5m2a,74,portfolio,PageBidExperience,1789537404,3,0,0
5ogs5ura,20,ic1ocjv5,74,portfolio,PageBidExperience,1789537406,3,0,0
5ogs5ura,2,vbjq2y24,74,portfolio,PageBidExperience,1789537408,3,0,0
5ogs5ura,18,1dtln5rg,74,portfolio,PageBidExperience,1789537408,3,0,0
5ogs5ura,10,2pc7nfit,74,portfolio,PageBidExperience,1789537409,3,0,0
5ogs5ura,15,tt26hkpl,74,portfolio,PageBidExperience,1789537409,3,0,0
5ogs5ura,3,fjbh3h2b,74,portfolio,PageBidExperience,1789537409,3,0,0
5ogs5ura,6,bw46f79x,74,portfolio,PageBidExperience,1789537411,3,0,0
5ogs5ura,5,wz4uvd97,74,portfolio,PageBidExperience,1789537417,3,0,0
5ogs5ura,21,zd9eakrm,74,portfolio,PageBidExperience,1789537419,3,0,0
5ogs5ura,24,y40upi5t,83,portfolio,Clearing,1789537419,3,0,1
5ogs5ura,25,s6nkestj,83,portfolio,Clearing,1789537419,3,0,1
5ogs5ura,23,wfmdx2nb,83,portfolio,Clearing,1789537419,3,0,1
5ogs5ura,21,zd9eakrm,83,portfolio,Clearing,1789537419,3,0,1
5ogs5ura,22,8tpz5m2a,83,portfolio,Clearing,1789537419,3,0,1
5ogs5ura,4,j0v5am99,74,portfolio,PageBidExperience,1789537422,3,0,0
5ogs5ura,5,wz4uvd97,83,portfolio,Clearing,1789537422,3,0,1
5ogs5ura,1,qvfebldb,83,portfolio,Clearing,1789537422,3,0,1
5ogs5ura,2,vbjq2y24,83,portfolio,Clearing,1789537422,3,0,1
5ogs5ura,3,fjbh3h2b,83,portfolio,Clearing,1789537422,3,0,1
5ogs5ura,4,j0v5am99,83,portfolio,Clearing,1789537422,3,0,1
5ogs5ura,8,jw6ngkbn,74,portfolio,PageBidExperience,1789537436,3,0,0
5ogs5ura,6,bw46f79x,83,portfolio,Clearing,1789537436,3,0,1
5ogs5ura,7,42qlc5nb,83,portfolio,Clearing,1789537436,3,0,1
5ogs5ura,8,jw6ngkbn,83,portfolio,Clearing,1789537436,3,0,1
5ogs5ura,9,booloaq9,83,portfolio,Clearing,1789537436,3,0,1
5ogs5ura,10,2pc7nfit,83,portfolio,Clearing,1789537436,3,0,1
5ogs5ura,12,p48n4bh0,74,portfolio,PageBidExperience,1789537457,3,0,0
5ogs5ura,13,folcs8ow,74,portfolio,PageBidExperience,1789537461,3,0,0
5ogs5ura,14,cfp8kvc9,74,portfolio,PageBidExperience,1789537483,3,0,0
5ogs5ura,11,t7rx3zw3,83,portfolio,Clearing,1789537483,3,0,1
5ogs5ura,12,p48n4bh0,83,portfolio,Clearing,1789537483,3,0,1
5ogs5ura,13,folcs8ow,83,portfolio,Clearing,1789537483,3,0,1
5ogs5ura,14,cfp8kvc9,83,portfolio,Clearing,1789537483,3,0,1
5ogs5ura,15,tt26hkpl,83,portfolio,Clearing,1789537483,3,0,1
5ogs5ura,19,5ltpvdck,74,portfolio,PageBidExperience,1789537488,3,0,0
5ogs5ura,16,jfy8jxqv,83,portfolio,Clearing,1789537489,3,0,1
5ogs5ura,17,eveqm1ww,83,portfolio,Clearing,1789537489,3,0,1
5ogs5ura,18,1dtln5rg,83,portfolio,Clearing,1789537489,3,0,1
5ogs5ura,20,ic1ocjv5,83,portfolio,Clearing,1789537489,3,0,1
5ogs5ura,19,5ltpvdck,83,portfolio,Clearing,1789537489,3,0,1
5ogs5ura,24,y40upi5t,84,portfolio,SyncMarketRound,1789537490,3,0,1
5ogs5ura,25,s6nkestj,84,portfolio,SyncMarketRound,1789537490,3,0,1
5ogs5ura,5,wz4uvd97,84,portfolio,SyncMarketRound,1789537490,3,0,1
5ogs5ura,1,qvfebldb,84,portfolio,SyncMarketRound,1789537490,3,0,1
5ogs5ura,6,bw46f79x,84,portfolio,SyncMarketRound,1789537490,3,0,1
5ogs5ura,16,jfy8jxqv,84,portfolio,SyncMarketRound,1789537490,3,0,1
5ogs5ura,23,wfmdx2nb,84,portfolio,SyncMarketRound,1789537490,3,0,1
5ogs5ura,17,eveqm1ww,84,portfolio,SyncMarketRound,1789537490,3,0,1
5ogs5ura,18,1dtln5rg,84,portfolio,SyncMarketRound,1789537490,3,0,1
5ogs5ura,2,vbjq2y24,84,portfolio,SyncMarketRound,1789537490,3,0,1
5ogs5ura,20,ic1ocjv5,84,portfolio,SyncMarketRound,1789537490,3,0,1
5ogs5ura,7,42qlc5nb,84,portfolio,SyncMarketRound,1789537490,3,0,1
5ogs5ura,11,t7rx3zw3,84,portfolio,SyncMarketRound,1789537490,3,0,1
5ogs5ura,19,5ltpvdck,84,portfolio,SyncMarketRound,1789537490,3,0,1
5ogs5ura,8,jw6ngkbn,84,portfolio,SyncMarketRound,1789537490,3,0,1
5ogs5ura,12,p48n4bh0,84,portfolio,SyncMarketRound,1789537490,3,0,1
5ogs5ura,9,booloaq9,84,portfolio,SyncMarketRound,1789537490,3,0,1
5ogs5ura,3,fjbh3h2b,84,portfolio,SyncMarketRound,1789537490,3,0,1
5ogs5ura,21,zd9eakrm,84,portfolio,SyncMarketRound,1789537490,3,0,1
5ogs5ura,22,8tpz5m2a,84,portfolio,SyncMarketRound,1789537490,3,0,1
5ogs5ura,4,j0v5am99,84,portfolio,SyncMarketRound,1789537490,3,0,1
5ogs5ura,10,2pc7nfit,84,portfolio,SyncMarketRound,1789537490,3,0,1
5ogs5ura,13,folcs8ow,84,portfolio,SyncMarketRound,1789537490,3,0,1
5ogs5ura,14,cfp8kvc9,84,portfolio,SyncMarketRound,1789537490,3,0,1
5ogs5ura,15,tt26hkpl,84,portfolio,SyncMarketRound,1789537490,3,0,1
5ogs5ura,21,zd9eakrm,103,portfolio,PageBidExperience,1789537510,4,0,0
5ogs5ura,23,wfmdx2nb,103,portfolio,PageBidExperience,1789537514,4,0,0
5ogs5ura,25,s6nkestj,103,portfolio,PageBidExperience,1789537516,4,0,0
5ogs5ura,10,2pc7nfit,103,portfolio,PageBidExperience,1789537526,4,0,0
5ogs5ura,2,vbjq2y24,103,portfolio,PageBidExperience,1789537528,4,0,0
5ogs5ura,24,y40upi5t,103,portfolio,PageBidExperience,1789537528,4,0,0
5ogs5ura,15,tt26hkpl,103,portfolio,PageBidExperience,1789537532,4,0,0
5ogs5ura,16,jfy8jxqv,103,portfolio,PageBidExperience,1789537534,4,0,0
5ogs5ura,3,fjbh3h2b,103,portfolio,PageBidExperience,1789537535,4,0,0
5ogs5ura,14,cfp8kvc9,103,portfolio,PageBidExperience,1789537536,4,0,0
5ogs5ura,17,eveqm1ww,103,portfolio,PageBidExperience,1789537536,4,0,0
5ogs5ura,13,folcs8ow,103,portfolio,PageBidExperience,1789537536,4,0,0
5ogs5ura,22,8tpz5m2a,103,portfolio,PageBidExperience,1789537536,4,0,0
5ogs5ura,21,zd9eakrm,112,portfolio,Clearing,1789537537,4,0,1
5ogs5ura,23,wfmdx2nb,112,portfolio,Clearing,1789537537,4,0,1
5ogs5ura,24,y40upi5t,112,portfolio,Clearing,1789537537,4,0,1
5ogs5ura,25,s6nkestj,112,portfolio,Clearing,1789537537,4,0,1
5ogs5ura,22,8tpz5m2a,112,portfolio,Clearing,1789537537,4,0,1
5ogs5ura,6,bw46f79x,103,portfolio,PageBidExperience,1789537539,4,0,0
5ogs5ura,20,ic1ocjv5,103,portfolio,PageBidExperience,1789537539,4,0,0
5ogs5ura,1,qvfebldb,103,portfolio,PageBidExperience,1789537541,4,0,0
5ogs5ura,12,p48n4bh0,103,portfolio,PageBidExperience,1789537544,4,0,0
5ogs5ura,4,j0v5am99,103,portfolio,PageBidExperience,1789537544,4,0,0
5ogs5ura,9,booloaq9,103,portfolio,PageBidExperience,1789537544,4,0,0
5ogs5ura,5,wz4uvd97,103,portfolio,PageBidExperience,1789537550,4,0,0
5ogs5ura,4,j0v5am99,112,portfolio,Clearing,1789537551,4,0,1
5ogs5ura,1,qvfebldb,112,portfolio,Clearing,1789537551,4,0,1
5ogs5ura,2,vbjq2y24,112,portfolio,Clearing,1789537551,4,0,1
5ogs5ura,3,fjbh3h2b,112,portfolio,Clearing,1789537551,4,0,1
5ogs5ura,5,wz4uvd97,112,portfolio,Clearing,1789537551,4,0,1
5ogs5ura,18,1dtln5rg,103,portfolio,PageBidExperience,1789537556,4,0,0
5ogs5ura,11,t7rx3zw3,103,portfolio,PageBidExperience,1789537556,4,0,0
5ogs5ura,11,t7rx3zw3,112,portfolio,Clearing,1789537556,4,0,1
5ogs5ura,13,folcs8ow,112,portfolio,Clearing,1789537556,4,0,1
5ogs5ura,12,p48n4bh0,112,portfolio,Clearing,1789537556,4,0,1
5ogs5ura,14,cfp8kvc9,112,portfolio,Clearing,1789537556,4,0,1
5ogs5ura,15,tt26hkpl,112,portfolio,Clearing,1789537556,4,0,1
5ogs5ura,7,42qlc5nb,103,portfolio,PageBidExperience,1789537559,4,0,0
5ogs5ura,19,5ltpvdck,103,portfolio,PageBidExperience,1789537575,4,0,0
5ogs5ura,19,5ltpvdck,112,portfolio,Clearing,1789537575,4,0,1
5ogs5ura,20,ic1ocjv5,112,portfolio,Clearing,1789537575,4,0,1
5ogs5ura,16,jfy8jxqv,112,portfolio,Clearing,1789537575,4,0,1
5ogs5ura,17,eveqm1ww,112,portfolio,Clearing,1789537575,4,0,1
5ogs5ura,18,1dtln5rg,112,portfolio,Clearing,1789537575,4,0,1
5ogs5ura,8,jw6ngkbn,103,portfolio,PageBidExperience,1789537640,4,0,0
5ogs5ura,10,2pc7nfit,112,portfolio,Clearing,1789537640,4,0,1
5ogs5ura,6,bw46f79x,112,portfolio,Clearing,1789537640,4,0,1
5ogs5ura,7,42qlc5nb,112,portfolio,Clearing,1789537640,4,0,1
5ogs5ura,8,jw6ngkbn,112,portfolio,Clearing,1789537640,4,0,1
5ogs5ura,9,booloaq9,112,portfolio,Clearing,1789537640,4,0,1
5ogs5ura,21,zd9eakrm,113,portfolio,SyncMarketRound,1789537641,4,0,1
5ogs5ura,23,wfmdx2nb,113,portfolio,SyncMarketRound,1789537641,4,0,1
5ogs5ura,24,y40upi5t,113,portfolio,SyncMarketRound,1789537641,4,0,1
5ogs5ura,25,s6nkestj,113,portfolio,SyncMarketRound,1789537641,4,0,1
5ogs5ura,19,5ltpvdck,113,portfolio,SyncMarketRound,1789537641,4,0,1
5ogs5ura,10,2pc7nfit,113,portfolio,SyncMarketRound,1789537641,4,0,1
5ogs5ura,11,t7rx3zw3,113,portfolio,SyncMarketRound,1789537641,4,0,1
5ogs5ura,6,bw46f79x,113,portfolio,SyncMarketRound,1789537641,4,0,1
5ogs5ura,7,42qlc5nb,113,portfolio,SyncMarketRound,1789537641,4,0,1
5ogs5ura,13,folcs8ow,113,portfolio,SyncMarketRound,1789537641,4,0,1
5ogs5ura,12,p48n4bh0,113,portfolio,SyncMarketRound,1789537641,4,0,1
5ogs5ura,4,j0v5am99,113,portfolio,SyncMarketRound,1789537641,4,0,1
5ogs5ura,14,cfp8kvc9,113,portfolio,SyncMarketRound,1789537641,4,0,1
5ogs5ura,1,qvfebldb,113,portfolio,SyncMarketRound,1789537641,4,0,1
5ogs5ura,2,vbjq2y24,113,portfolio,SyncMarketRound,1789537641,4,0,1
5ogs5ura,3,fjbh3h2b,113,portfolio,SyncMarketRound,1789537641,4,0,1
5ogs5ura,5,wz4uvd97,113,portfolio,SyncMarketRound,1789537641,4,0,1
5ogs5ura,15,tt26hkpl,113,portfolio,SyncMarketRound,1789537641,4,0,1
5ogs5ura,8,jw6ngkbn,113,portfolio,SyncMarketRound,1789537641,4,0,1
5ogs5ura,9,booloaq9,113,portfolio,SyncMarketRound,1789537641,4,0,1
5ogs5ura,20,ic1ocjv5,113,portfolio,SyncMarketRound,1789537641,4,0,1
5ogs5ura,16,jfy8jxqv,113,portfolio,SyncMarketRound,1789537641,4,0,1
5ogs5ura,22,8tpz5m2a,113,portfolio,SyncMarketRound,1789537641,4,0,1
5ogs5ura,17,eveqm1ww,113,portfolio,SyncMarketRound,1789537641,4,0,1
5ogs5ura,18,1dtln5rg,113,portfolio,SyncMarketRound,1789537641,4,0,1
5ogs5ura,21,zd9eakrm,132,portfolio,PageBidExperience,1789537661,5,0,0
5ogs5ura,10,2pc7nfit,132,portfolio,PageBidExperience,1789537663,5,0,0
5ogs5ura,11,t7rx3zw3,132,portfolio,PageBidExperience,1789537667,5,0,0
5ogs5ura,25,s6nkestj,132,portfolio,PageBidExperience,1789537669,5,0,0
5ogs5ura,16,jfy8jxqv,132,portfolio,PageBidExperience,1789537669,5,0,0
5ogs5ura,7,42qlc5nb,132,portfolio,PageBidExperience,1789537673,5,0,0
5ogs5ura,9,booloaq9,132,portfolio,PageBidExperience,1789537673,5,0,0
5ogs5ura,2,vbjq2y24,132,portfolio,PageBidExperience,1789537674,5,0,0
5ogs5ura,22,8tpz5m2a,132,portfolio,PageBidExperience,1789537681,5,0,0
5ogs5ura,17,eveqm1ww,132,portfolio,PageBidExperience,1789537682,5,0,0
5ogs5ura,6,bw46f79x,132,portfolio,PageBidExperience,1789537684,5,0,0
5ogs5ura,5,wz4uvd97,132,portfolio,PageBidExperience,1789537685,5,0,0
5ogs5ura,8,jw6ngkbn,132,portfolio,PageBidExperience,1789537690,5,0,0
5ogs5ura,9,booloaq9,141,portfolio,Clearing,1789537690,5,0,1
5ogs5ura,10,2pc7nfit,141,portfolio,Clearing,1789537690,5,0,1
5ogs5ura,6,bw46f79x,141,portfolio,Clearing,1789537690,5,0,1
5ogs5ura,7,42qlc5nb,141,portfolio,Clearing,1789537690,5,0,1
5ogs5ura,8,jw6ngkbn,141,portfolio,Clearing,1789537690,5,0,1
5ogs5ura,4,j0v5am99,132,portfolio,PageBidExperience,1789537691,5,0,0
5ogs5ura,20,ic1ocjv5,132,portfolio,PageBidExperience,1789537692,5,0,0
5ogs5ura,12,p48n4bh0,132,portfolio,PageBidExperience,1789537693,5,0,0
5ogs5ura,23,wfmdx2nb,132,portfolio,PageBidExperience,1789537697,5,0,0
5ogs5ura,14,cfp8kvc9,132,portfolio,PageBidExperience,1789537708,5,0,0
5ogs5ura,19,5ltpvdck,132,portfolio,PageBidExperience,1789537717,5,0,0
5ogs5ura,24,y40upi5t,132,portfolio,PageBidExperience,1789537719,5,0,0
5ogs5ura,21,zd9eakrm,141,portfolio,Clearing,1789537720,5,0,1
5ogs5ura,22,8tpz5m2a,141,portfolio,Clearing,1789537720,5,0,1
5ogs5ura,23,wfmdx2nb,141,portfolio,Clearing,1789537720,5,0,1
5ogs5ura,24,y40upi5t,141,portfolio,Clearing,1789537720,5,0,1
5ogs5ura,25,s6nkestj,141,portfolio,Clearing,1789537720,5,0,1
5ogs5ura,1,qvfebldb,132,portfolio,PageBidExperience,1789537720,5,0,0
5ogs5ura,18,1dtln5rg,132,portfolio,PageBidExperience,1789537721,5,0,0
5ogs5ura,16,jfy8jxqv,141,portfolio,Clearing,1789537722,5,0,1
5ogs5ura,17,eveqm1ww,141,portfolio,Clearing,1789537722,5,0,1
5ogs5ura,18,1dtln5rg,141,portfolio,Clearing,1789537722,5,0,1
5ogs5ura,19,5ltpvdck,141,portfolio,Clearing,1789537722,5,0,1
5ogs5ura,20,ic1ocjv5,141,portfolio,Clearing,1789537722,5,0,1
5ogs5ura,13,folcs8ow,132,portfolio,PageBidExperience,1789537726,5,0,0
5ogs5ura,3,fjbh3h2b,132,portfolio,PageBidExperience,1789537737,5,0,0
5ogs5ura,1,qvfebldb,141,portfolio,Clearing,1789537737,5,0,1
5ogs5ura,2,vbjq2y24,141,portfolio,Clearing,1789537737,5,0,1
5ogs5ura,3,fjbh3h2b,141,portfolio,Clearing,1789537737,5,0,1
5ogs5ura,4,j0v5am99,141,portfolio,Clearing,1789537737,5,0,1
5ogs5ura,5,wz4uvd97,141,portfolio,Clearing,1789537737,5,0,1
5ogs5ura,15,tt26hkpl,132,portfolio,PageBidExperience,1789537761,5,0,0
5ogs5ura,11,t7rx3zw3,141,portfolio,Clearing,1789537761,5,0,1
5ogs5ura,12,p48n4bh0,141,portfolio,Clearing,1789537761,5,0,1
5ogs5ura,13,folcs8ow,141,portfolio,Clearing,1789537761,5,0,1
5ogs5ura,14,cfp8kvc9,141,portfolio,Clearing,1789537761,5,0,1
5ogs5ura,15,tt26hkpl,141,portfolio,Clearing,1789537761,5,0,1
5ogs5ura,9,booloaq9,142,portfolio,SyncMarketRound,1789537762,5,0,1
5ogs5ura,10,2pc7nfit,142,portfolio,SyncMarketRound,1789537762,5,0,1
5ogs5ura,11,t7rx3zw3,142,portfolio,SyncMarketRound,1789537762,5,0,1
5ogs5ura,12,p48n4bh0,142,portfolio,SyncMarketRound,1789537762,5,0,1
5ogs5ura,1,qvfebldb,142,portfolio,SyncMarketRound,1789537762,5,0,1
5ogs5ura,13,folcs8ow,142,portfolio,SyncMarketRound,1789537762,5,0,1
5ogs5ura,16,jfy8jxqv,142,portfolio,SyncMarketRound,1789537762,5,0,1
5ogs5ura,2,vbjq2y24,142,portfolio,SyncMarketRound,1789537762,5,0,1
5ogs5ura,17,eveqm1ww,142,portfolio,SyncMarketRound,1789537762,5,0,1
5ogs5ura,14,cfp8kvc9,142,portfolio,SyncMarketRound,1789537762,5,0,1
5ogs5ura,6,bw46f79x,142,portfolio,SyncMarketRound,1789537762,5,0,1
5ogs5ura,7,42qlc5nb,142,portfolio,SyncMarketRound,1789537762,5,0,1
5ogs5ura,8,jw6ngkbn,142,portfolio,SyncMarketRound,1789537762,5,0,1
5ogs5ura,3,fjbh3h2b,142,portfolio,SyncMarketRound,1789537762,5,0,1
5ogs5ura,18,1dtln5rg,142,portfolio,SyncMarketRound,1789537762,5,0,1
5ogs5ura,21,zd9eakrm,142,portfolio,SyncMarketRound,1789537762,5,0,1
5ogs5ura,22,8tpz5m2a,142,portfolio,SyncMarketRound,1789537762,5,0,1
5ogs5ura,23,wfmdx2nb,142,portfolio,SyncMarketRound,1789537762,5,0,1
5ogs5ura,24,y40upi5t,142,portfolio,SyncMarketRound,1789537762,5,0,1
5ogs5ura,25,s6nkestj,142,portfolio,SyncMarketRound,1789537762,5,0,1
5ogs5ura,19,5ltpvdck,142,portfolio,SyncMarketRound,1789537762,5,0,1
5ogs5ura,20,ic1ocjv5,142,portfolio,SyncMarketRound,1789537762,5,0,1
5ogs5ura,4,j0v5am99,142,portfolio,SyncMarketRound,1789537762,5,0,1
5ogs5ura,5,wz4uvd97,142,portfolio,SyncMarketRound,1789537762,5,0,1
5ogs5ura,15,tt26hkpl,142,portfolio,SyncMarketRound,1789537762,5,0,1
5ogs5ura,1,qvfebldb,161,portfolio,PageBidExperience,1789537779,6,0,0
5ogs5ura,15,tt26hkpl,161,portfolio,PageBidExperience,1789537783,6,0,0
5ogs5ura,23,wfmdx2nb,161,portfolio,PageBidExperience,1789537784,6,0,0
5ogs5ura,21,zd9eakrm,161,portfolio,PageBidExperience,1789537785,6,0,0
5ogs5ura,25,s6nkestj,161,portfolio,PageBidExperience,1789537787,6,0,0
5ogs5ura,17,eveqm1ww,161,portfolio,PageBidExperience,1789537787,6,0,0
5ogs5ura,16,jfy8jxqv,161,portfolio,PageBidExperience,1789537789,6,0,0
5ogs5ura,18,1dtln5rg,161,portfolio,PageBidExperience,1789537789,6,0,0
5ogs5ura,3,fjbh3h2b,161,portfolio,PageBidExperience,1789537795,6,0,0
5ogs5ura,7,42qlc5nb,161,portfolio,PageBidExperience,1789537796,6,0,0
5ogs5ura,24,y40upi5t,161,portfolio,PageBidExperience,1789537797,6,0,0
5ogs5ura,20,ic1ocjv5,161,portfolio,PageBidExperience,1789537799,6,0,0
5ogs5ura,2,vbjq2y24,161,portfolio,PageBidExperience,1789537800,6,0,0
5ogs5ura,6,bw46f79x,161,portfolio,PageBidExperience,1789537800,6,0,0
5ogs5ura,22,8tpz5m2a,161,portfolio,PageBidExperience,1789537801,6,0,0
5ogs5ura,22,8tpz5m2a,170,portfolio,Clearing,1789537801,6,0,1
5ogs5ura,23,wfmdx2nb,170,portfolio,Clearing,1789537801,6,0,1
5ogs5ura,24,y40upi5t,170,portfolio,Clearing,1789537801,6,0,1
5ogs5ura,25,s6nkestj,170,portfolio,Clearing,1789537801,6,0,1
5ogs5ura,21,zd9eakrm,170,portfolio,Clearing,1789537801,6,0,1
5ogs5ura,9,booloaq9,161,portfolio,PageBidExperience,1789537802,6,0,0
5ogs5ura,11,t7rx3zw3,161,portfolio,PageBidExperience,1789537805,6,0,0
5ogs5ura,14,cfp8kvc9,161,portfolio,PageBidExperience,1789537808,6,0,0
5ogs5ura,4,j0v5am99,161,portfolio,PageBidExperience,1789537809,6,0,0
5ogs5ura,19,5ltpvdck,161,portfolio,PageBidExperience,1789537817,6,0,0
5ogs5ura,20,ic1ocjv5,170,portfolio,Clearing,1789537818,6,0,1
5ogs5ura,16,jfy8jxqv,170,portfolio,Clearing,1789537818,6,0,1
5ogs5ura,17,eveqm1ww,170,portfolio,Clearing,1789537818,6,0,1
5ogs5ura,18,1dtln5rg,170,portfolio,Clearing,1789537818,6,0,1
5ogs5ura,19,5ltpvdck,170,portfolio,Clearing,1789537818,6,0,1
5ogs5ura,10,2pc7nfit,161,portfolio,PageBidExperience,1789537824,6,0,0
5ogs5ura,13,folcs8ow,161,portfolio,PageBidExperience,1789537827,6,0,0
5ogs5ura,5,wz4uvd97,161,portfolio,PageBidExperience,1789537846,6,0,0
5ogs5ura,8,jw6ngkbn,161,portfolio,PageBidExperience,1789537846,6,0,0
5ogs5ura,5,wz4uvd97,170,portfolio,Clearing,1789537846,6,0,1
5ogs5ura,1,qvfebldb,170,portfolio,Clearing,1789537846,6,0,1
5ogs5ura,2,vbjq2y24,170,portfolio,Clearing,1789537846,6,0,1
5ogs5ura,3,fjbh3h2b,170,portfolio,Clearing,1789537846,6,0,1
5ogs5ura,4,j0v5am99,170,portfolio,Clearing,1789537846,6,0,1
5ogs5ura,6,bw46f79x,170,portfolio,Clearing,1789537847,6,0,1
5ogs5ura,7,42qlc5nb,170,portfolio,Clearing,1789537847,6,0,1
5ogs5ura,8,jw6ngkbn,170,portfolio,Clearing,1789537847,6,0,1
5ogs5ura,9,booloaq9,170,portfolio,Clearing,1789537847,6,0,1
5ogs5ura,10,2pc7nfit,170,portfolio,Clearing,1789537847,6,0,1
5ogs5ura,12,p48n4bh0,161,portfolio,PageBidExperience,1789537873,6,0,0
5ogs5ura,15,tt26hkpl,170,portfolio,Clearing,1789537873,6,0,1
5ogs5ura,11,t7rx3zw3,170,portfolio,Clearing,1789537873,6,0,1
5ogs5ura,12,p48n4bh0,170,portfolio,Clearing,1789537873,6,0,1
5ogs5ura,13,folcs8ow,170,portfolio,Clearing,1789537873,6,0,1
5ogs5ura,14,cfp8kvc9,170,portfolio,Clearing,1789537873,6,0,1
5ogs5ura,22,8tpz5m2a,171,portfolio,SyncMarketRound,1789537874,6,0,1
5ogs5ura,23,wfmdx2nb,171,portfolio,SyncMarketRound,1789537874,6,0,1
5ogs5ura,24,y40upi5t,171,portfolio,SyncMarketRound,1789537874,6,0,1
5ogs5ura,20,ic1ocjv5,171,portfolio,SyncMarketRound,1789537874,6,0,1
5ogs5ura,15,tt26hkpl,171,portfolio,SyncMarketRound,1789537874,6,0,1
5ogs5ura,5,wz4uvd97,171,portfolio,SyncMarketRound,1789537874,6,0,1
5ogs5ura,6,bw46f79x,171,portfolio,SyncMarketRound,1789537874,6,0,1
5ogs5ura,7,42qlc5nb,171,portfolio,SyncMarketRound,1789537874,6,0,1
5ogs5ura,8,jw6ngkbn,171,portfolio,SyncMarketRound,1789537874,6,0,1
5ogs5ura,11,t7rx3zw3,171,portfolio,SyncMarketRound,1789537874,6,0,1
5ogs5ura,12,p48n4bh0,171,portfolio,SyncMarketRound,1789537874,6,0,1
5ogs5ura,9,booloaq9,171,portfolio,SyncMarketRound,1789537874,6,0,1
5ogs5ura,10,2pc7nfit,171,portfolio,SyncMarketRound,1789537874,6,0,1
5ogs5ura,1,qvfebldb,171,portfolio,SyncMarketRound,1789537874,6,0,1
5ogs5ura,2,vbjq2y24,171,portfolio,SyncMarketRound,1789537874,6,0,1
5ogs5ura,3,fjbh3h2b,171,portfolio,SyncMarketRound,1789537874,6,0,1
5ogs5ura,4,j0v5am99,171,portfolio,SyncMarketRound,1789537874,6,0,1
5ogs5ura,25,s6nkestj,171,portfolio,SyncMarketRound,1789537874,6,0,1
5ogs5ura,13,folcs8ow,171,portfolio,SyncMarketRound,1789537874,6,0,1
5ogs5ura,14,cfp8kvc9,171,portfolio,SyncMarketRound,1789537874,6,0,1
5ogs5ura,16,jfy8jxqv,171,portfolio,SyncMarketRound,1789537874,6,0,1
5ogs5ura,17,eveqm1ww,171,portfolio,SyncMarketRound,1789537874,6,0,1
5ogs5ura,21,zd9eakrm,171,portfolio,SyncMarketRound,1789537874,6,0,1
5ogs5ura,18,1dtln5rg,171,portfolio,SyncMarketRound,1789537874,6,0,1
5ogs5ura,19,5ltpvdck,171,portfolio,SyncMarketRound,1789537874,6,0,1
5ogs5ura,1,qvfebldb,190,portfolio,PageBidExperience,1789537890,7,0,0
5ogs5ura,17,eveqm1ww,190,portfolio,PageBidExperience,1789537891,7,0,0
5ogs5ura,22,8tpz5m2a,190,portfolio,PageBidExperience,1789537891,7,0,0
5ogs5ura,15,tt26hkpl,190,portfolio,PageBidExperience,1789537892,7,0,0
5ogs5ura,21,zd9eakrm,190,portfolio,PageBidExperience,1789537894,7,0,0
5ogs5ura,25,s6nkestj,190,portfolio,PageBidExperience,1789537897,7,0,0
5ogs5ura,16,jfy8jxqv,190,portfolio,PageBidExperience,1789537899,7,0,0
5ogs5ura,11,t7rx3zw3,190,portfolio,PageBidExperience,1789537900,7,0,0
5ogs5ura,5,wz4uvd97,190,portfolio,PageBidExperience,1789537905,7,0,0
5ogs5ura,2,vbjq2y24,190,portfolio,PageBidExperience,1789537906,7,0,0
5ogs5ura,12,p48n4bh0,190,portfolio,PageBidExperience,1789537907,7,0,0
5ogs5ura,6,bw46f79x,190,portfolio,PageBidExperience,1789537908,7,0,0
5ogs5ura,3,fjbh3h2b,190,portfolio,PageBidExperience,1789537909,7,0,0
5ogs5ura,7,42qlc5nb,190,portfolio,PageBidExperience,1789537909,7,0,0
5ogs5ura,24,y40upi5t,190,portfolio,PageBidExperience,1789537910,7,0,0
5ogs5ura,20,ic1ocjv5,190,portfolio,PageBidExperience,1789537915,7,0,0
5ogs5ura,9,booloaq9,190,portfolio,PageBidExperience,1789537917,7,0,0
5ogs5ura,13,folcs8ow,190,portfolio,PageBidExperience,1789537918,7,0,0
5ogs5ura,23,wfmdx2nb,190,portfolio,PageBidExperience,1789537922,7,0,0
5ogs5ura,24,y40upi5t,199,portfolio,Clearing,1789537923,7,0,1
5ogs5ura,25,s6nkestj,199,portfolio,Clearing,1789537923,7,0,1
5ogs5ura,21,zd9eakrm,199,portfolio,Clearing,1789537923,7,0,1
5ogs5ura,22,8tpz5m2a,199,portfolio,Clearing,1789537923,7,0,1
5ogs5ura,23,wfmdx2nb,199,portfolio,Clearing,1789537923,7,0,1
5ogs5ura,19,5ltpvdck,190,portfolio,PageBidExperience,1789537935,7,0,0
5ogs5ura,4,j0v5am99,190,portfolio,PageBidExperience,1789537946,7,0,0
5ogs5ura,5,wz4uvd97,199,portfolio,Clearing,1789537946,7,0,1
5ogs5ura,1,qvfebldb,199,portfolio,Clearing,1789537946,7,0,1
5ogs5ura,2,vbjq2y24,199,portfolio,Clearing,1789537946,7,0,1
5ogs5ura,3,fjbh3h2b,199,portfolio,Clearing,1789537946,7,0,1
5ogs5ura,4,j0v5am99,199,portfolio,Clearing,1789537946,7,0,1
5ogs5ura,10,2pc7nfit,190,portfolio,PageBidExperience,1789537947,7,0,0
5ogs5ura,18,1dtln5rg,190,portfolio,PageBidExperience,1789537951,7,0,0
5ogs5ura,16,jfy8jxqv,199,portfolio,Clearing,1789537952,7,0,1
5ogs5ura,17,eveqm1ww,199,portfolio,Clearing,1789537952,7,0,1
5ogs5ura,18,1dtln5rg,199,portfolio,Clearing,1789537952,7,0,1
5ogs5ura,19,5ltpvdck,199,portfolio,Clearing,1789537952,7,0,1
5ogs5ura,20,ic1ocjv5,199,portfolio,Clearing,1789537952,7,0,1
5ogs5ura,8,jw6ngkbn,190,portfolio,PageBidExperience,1789537954,7,0,0
5ogs5ura,6,bw46f79x,199,portfolio,Clearing,1789537954,7,0,1
5ogs5ura,7,42qlc5nb,199,portfolio,Clearing,1789537954,7,0,1
5ogs5ura,8,jw6ngkbn,199,portfolio,Clearing,1789537954,7,0,1
5ogs5ura,9,booloaq9,199,portfolio,Clearing,1789537954,7,0,1
5ogs5ura,10,2pc7nfit,199,portfolio,Clearing,1789537954,7,0,1
5ogs5ura,14,cfp8kvc9,190,portfolio,PageBidExperience,1789538004,7,0,0
5ogs5ura,15,tt26hkpl,199,portfolio,Clearing,1789538004,7,0,1
5ogs5ura,11,t7rx3zw3,199,portfolio,Clearing,1789538004,7,0,1
5ogs5ura,12,p48n4bh0,199,portfolio,Clearing,1789538004,7,0,1
5ogs5ura,13,folcs8ow,199,portfolio,Clearing,1789538004,7,0,1
5ogs5ura,14,cfp8kvc9,199,portfolio,Clearing,1789538004,7,0,1
5ogs5ura,24,y40upi5t,200,portfolio,SyncMarketRound,1789538005,7,0,1
5ogs5ura,5,wz4uvd97,200,portfolio,SyncMarketRound,1789538005,7,0,1
5ogs5ura,15,tt26hkpl,200,portfolio,SyncMarketRound,1789538005,7,0,1
5ogs5ura,11,t7rx3zw3,200,portfolio,SyncMarketRound,1789538005,7,0,1
5ogs5ura,6,bw46f79x,200,portfolio,SyncMarketRound,1789538005,7,0,1
5ogs5ura,7,42qlc5nb,200,portfolio,SyncMarketRound,1789538005,7,0,1
5ogs5ura,25,s6nkestj,200,portfolio,SyncMarketRound,1789538005,7,0,1
5ogs5ura,8,jw6ngkbn,200,portfolio,SyncMarketRound,1789538005,7,0,1
5ogs5ura,16,jfy8jxqv,200,portfolio,SyncMarketRound,1789538005,7,0,1
5ogs5ura,17,eveqm1ww,200,portfolio,SyncMarketRound,1789538005,7,0,1
5ogs5ura,12,p48n4bh0,200,portfolio,SyncMarketRound,1789538005,7,0,1
5ogs5ura,18,1dtln5rg,200,portfolio,SyncMarketRound,1789538005,7,0,1
5ogs5ura,13,folcs8ow,200,portfolio,SyncMarketRound,1789538005,7,0,1
5ogs5ura,1,qvfebldb,200,portfolio,SyncMarketRound,1789538005,7,0,1
5ogs5ura,9,booloaq9,200,portfolio,SyncMarketRound,1789538005,7,0,1
5ogs5ura,14,cfp8kvc9,200,portfolio,SyncMarketRound,1789538005,7,0,1
5ogs5ura,2,vbjq2y24,200,portfolio,SyncMarketRound,1789538005,7,0,1
5ogs5ura,21,zd9eakrm,200,portfolio,SyncMarketRound,1789538005,7,0,1
5ogs5ura,22,8tpz5m2a,200,portfolio,SyncMarketRound,1789538005,7,0,1
5ogs5ura,23,wfmdx2nb,200,portfolio,SyncMarketRound,1789538005,7,0,1
5ogs5ura,3,fjbh3h2b,200,portfolio,SyncMarketRound,1789538005,7,0,1
5ogs5ura,4,j0v5am99,200,portfolio,SyncMarketRound,1789538005,7,0,1
5ogs5ura,19,5ltpvdck,200,portfolio,SyncMarketRound,1789538005,7,0,1
5ogs5ura,20,ic1ocjv5,200,portfolio,SyncMarketRound,1789538005,7,0,1
5ogs5ura,10,2pc7nfit,200,portfolio,SyncMarketRound,1789538005,7,0,1
5ogs5ura,18,1dtln5rg,219,portfolio,PageBidExperience,1789538021,8,0,0
5ogs5ura,22,8tpz5m2a,219,portfolio,PageBidExperience,1789538024,8,0,0
5ogs5ura,21,zd9eakrm,219,portfolio,PageBidExperience,1789538024,8,0,0
5ogs5ura,16,jfy8jxqv,219,portfolio,PageBidExperience,1789538025,8,0,0
5ogs5ura,14,cfp8kvc9,219,portfolio,PageBidExperience,1789538026,8,0,0
5ogs5ura,17,eveqm1ww,219,portfolio,PageBidExperience,1789538026,8,0,0
5ogs5ura,15,tt26hkpl,219,portfolio,PageBidExperience,1789538029,8,0,0
5ogs5ura,7,42qlc5nb,219,portfolio,PageBidExperience,1789538030,8,0,0
5ogs5ura,25,s6nkestj,219,portfolio,PageBidExperience,1789538033,8,0,0
5ogs5ura,1,qvfebldb,219,portfolio,PageBidExperience,1789538039,8,0,0
5ogs5ura,2,vbjq2y24,219,portfolio,PageBidExperience,1789538041,8,0,0
5ogs5ura,3,fjbh3h2b,219,portfolio,PageBidExperience,1789538043,8,0,0
5ogs5ura,9,booloaq9,219,portfolio,PageBidExperience,1789538043,8,0,0
5ogs5ura,12,p48n4bh0,219,portfolio,PageBidExperience,1789538043,8,0,0
5ogs5ura,20,ic1ocjv5,219,portfolio,PageBidExperience,1789538044,8,0,0
5ogs5ura,5,wz4uvd97,219,portfolio,PageBidExperience,1789538046,8,0,0
5ogs5ura,10,2pc7nfit,219,portfolio,PageBidExperience,1789538047,8,0,0
5ogs5ura,4,j0v5am99,219,portfolio,PageBidExperience,1789538050,8,0,0
5ogs5ura,1,qvfebldb,228,portfolio,Clearing,1789538050,8,0,1
5ogs5ura,2,vbjq2y24,228,portfolio,Clearing,1789538050,8,0,1
5ogs5ura,3,fjbh3h2b,228,portfolio,Clearing,1789538050,8,0,1
5ogs5ura,4,j0v5am99,228,portfolio,Clearing,1789538050,8,0,1
5ogs5ura,5,wz4uvd97,228,portfolio,Clearing,1789538050,8,0,1
5ogs5ura,19,5ltpvdck,219,portfolio,PageBidExperience,1789538050,8,0,0
5ogs5ura,17,eveqm1ww,228,portfolio,Clearing,1789538051,8,0,1
5ogs5ura,18,1dtln5rg,228,portfolio,Clearing,1789538051,8,0,1
5ogs5ura,19,5ltpvdck,228,portfolio,Clearing,1789538051,8,0,1
5ogs5ura,20,ic1ocjv5,228,portfolio,Clearing,1789538051,8,0,1
5ogs5ura,16,jfy8jxqv,228,portfolio,Clearing,1789538051,8,0,1
5ogs5ura,13,folcs8ow,219,portfolio,PageBidExperience,1789538052,8,0,0
5ogs5ura,23,wfmdx2nb,219,portfolio,PageBidExperience,1789538062,8,0,0
5ogs5ura,24,y40upi5t,219,portfolio,PageBidExperience,1789538069,8,0,0
5ogs5ura,25,s6nkestj,228,portfolio,Clearing,1789538069,8,0,1
5ogs5ura,21,zd9eakrm,228,portfolio,Clearing,1789538069,8,0,1
5ogs5ura,22,8tpz5m2a,228,portfolio,Clearing,1789538069,8,0,1
5ogs5ura,23,wfmdx2nb,228,portfolio,Clearing,1789538069,8,0,1
5ogs5ura,24,y40upi5t,228,portfolio,Clearing,1789538069,8,0,1
5ogs5ura,8,jw6ngkbn,219,portfolio,PageBidExperience,1789538088,8,0,0
5ogs5ura,6,bw46f79x,219,portfolio,PageBidExperience,1789538099,8,0,0
5ogs5ura,6,bw46f79x,228,portfolio,Clearing,1789538100,8,0,1
5ogs5ura,7,42qlc5nb,228,portfolio,Clearing,1789538100,8,0,1
5ogs5ura,8,jw6ngkbn,228,portfolio,Clearing,1789538100,8,0,1
5ogs5ura,9,booloaq9,228,portfolio,Clearing,1789538100,8,0,1
5ogs5ura,10,2pc7nfit,228,portfolio,Clearing,1789538100,8,0,1
5ogs5ura,11,t7rx3zw3,219,portfolio,PageBidExperience,1789538111,8,0,0
5ogs5ura,12,p48n4bh0,228,portfolio,Clearing,1789538111,8,0,1
5ogs5ura,11,t7rx3zw3,228,portfolio,Clearing,1789538111,8,0,1
5ogs5ura,13,folcs8ow,228,portfolio,Clearing,1789538111,8,0,1
5ogs5ura,14,cfp8kvc9,228,portfolio,Clearing,1789538111,8,0,1
5ogs5ura,15,tt26hkpl,228,portfolio,Clearing,1789538111,8,0,1
5ogs5ura,17,eveqm1ww,229,portfolio,SyncMarketRound,1789538112,8,0,1
5ogs5ura,18,1dtln5rg,229,portfolio,SyncMarketRound,1789538112,8,0,1
5ogs5ura,19,5ltpvdck,229,portfolio,SyncMarketRound,1789538112,8,0,1
5ogs5ura,20,ic1ocjv5,229,portfolio,SyncMarketRound,1789538112,8,0,1
5ogs5ura,25,s6nkestj,229,portfolio,SyncMarketRound,1789538112,8,0,1
5ogs5ura,12,p48n4bh0,229,portfolio,SyncMarketRound,1789538112,8,0,1
5ogs5ura,6,bw46f79x,229,portfolio,SyncMarketRound,1789538112,8,0,1
5ogs5ura,7,42qlc5nb,229,portfolio,SyncMarketRound,1789538112,8,0,1
5ogs5ura,8,jw6ngkbn,229,portfolio,SyncMarketRound,1789538112,8,0,1
5ogs5ura,1,qvfebldb,229,portfolio,SyncMarketRound,1789538112,8,0,1
5ogs5ura,2,vbjq2y24,229,portfolio,SyncMarketRound,1789538112,8,0,1
5ogs5ura,3,fjbh3h2b,229,portfolio,SyncMarketRound,1789538112,8,0,1
5ogs5ura,4,j0v5am99,229,portfolio,SyncMarketRound,1789538112,8,0,1
5ogs5ura,5,wz4uvd97,229,portfolio,SyncMarketRound,1789538112,8,0,1
5ogs5ura,9,booloaq9,229,portfolio,SyncMarketRound,1789538112,8,0,1
5ogs5ura,10,2pc7nfit,229,portfolio,SyncMarketRound,1789538112,8,0,1
5ogs5ura,11,t7rx3zw3,229,portfolio,SyncMarketRound,1789538112,8,0,1
5ogs5ura,13,folcs8ow,229,portfolio,SyncMarketRound,1789538112,8,0,1
5ogs5ura,14,cfp8kvc9,229,portfolio,SyncMarketRound,1789538112,8,0,1
5ogs5ura,15,tt26hkpl,229,portfolio,SyncMarketRound,1789538112,8,0,1
5ogs5ura,21,zd9eakrm,229,portfolio,SyncMarketRound,1789538112,8,0,1
5ogs5ura,16,jfy8jxqv,229,portfolio,SyncMarketRound,1789538112,8,0,1
5ogs5ura,22,8tpz5m2a,229,portfolio,SyncMarketRound,1789538112,8,0,1
5ogs5ura,23,wfmdx2nb,229,portfolio,SyncMarketRound,1789538112,8,0,1
5ogs5ura,24,y40upi5t,229,portfolio,SyncMarketRound,1789538112,8,0,1
5ogs5ura,18,1dtln5rg,248,portfolio,PageBidExperience,1789538128,9,0,0
5ogs5ura,22,8tpz5m2a,248,portfolio,PageBidExperience,1789538129,9,0,0
5ogs5ura,11,t7rx3zw3,248,portfolio,PageBidExperience,1789538129,9,0,0
5ogs5ura,12,p48n4bh0,248,portfolio,PageBidExperience,1789538129,9,0,0
5ogs5ura,16,jfy8jxqv,248,portfolio,PageBidExperience,1789538131,9,0,0
5ogs5ura,14,cfp8kvc9,248,portfolio,PageBidExperience,1789538133,9,0,0
5ogs5ura,24,y40upi5t,248,portfolio,PageBidExperience,1789538135,9,0,0
5ogs5ura,7,42qlc5nb,248,portfolio,PageBidExperience,1789538136,9,0,0
5ogs5ura,17,eveqm1ww,248,portfolio,PageBidExperience,1789538137,9,0,0
5ogs5ura,10,2pc7nfit,248,portfolio,PageBidExperience,1789538140,9,0,0
5ogs5ura,21,zd9eakrm,248,portfolio,PageBidExperience,1789538140,9,0,0
5ogs5ura,5,wz4uvd97,248,portfolio,PageBidExperience,1789538141,9,0,0
5ogs5ura,9,booloaq9,248,portfolio,PageBidExperience,1789538141,9,0,0
5ogs5ura,1,qvfebldb,248,portfolio,PageBidExperience,1789538143,9,0,0
5ogs5ura,20,ic1ocjv5,248,portfolio,PageBidExperience,1789538143,9,0,0
5ogs5ura,15,tt26hkpl,248,portfolio,PageBidExperience,1789538143,9,0,0
5ogs5ura,25,s6nkestj,248,portfolio,PageBidExperience,1789538145,9,0,0
5ogs5ura,6,bw46f79x,248,portfolio,PageBidExperience,1789538147,9,0,0
5ogs5ura,19,5ltpvdck,248,portfolio,PageBidExperience,1789538151,9,0,0
5ogs5ura,20,ic1ocjv5,257,portfolio,Clearing,1789538151,9,0,1
5ogs5ura,16,jfy8jxqv,257,portfolio,Clearing,1789538151,9,0,1
5ogs5ura,17,eveqm1ww,257,portfolio,Clearing,1789538151,9,0,1
5ogs5ura,18,1dtln5rg,257,portfolio,Clearing,1789538151,9,0,1
5ogs5ura,19,5ltpvdck,257,portfolio,Clearing,1789538151,9,0,1
5ogs5ura,2,vbjq2y24,248,portfolio,PageBidExperience,1789538154,9,0,0
5ogs5ura,23,wfmdx2nb,248,portfolio,PageBidExperience,1789538156,9,0,0
5ogs5ura,21,zd9eakrm,257,portfolio,Clearing,1789538157,9,0,1
5ogs5ura,22,8tpz5m2a,257,portfolio,Clearing,1789538157,9,0,1
5ogs5ura,23,wfmdx2nb,257,portfolio,Clearing,1789538157,9,0,1
5ogs5ura,24,y40upi5t,257,portfolio,Clearing,1789538157,9,0,1
5ogs5ura,25,s6nkestj,257,portfolio,Clearing,1789538157,9,0,1
5ogs5ura,8,jw6ngkbn,248,portfolio,PageBidExperience,1789538168,9,0,0
5ogs5ura,10,2pc7nfit,257,portfolio,Clearing,1789538169,9,0,1
5ogs5ura,6,bw46f79x,257,portfolio,Clearing,1789538169,9,0,1
5ogs5ura,7,42qlc5nb,257,portfolio,Clearing,1789538169,9,0,1
5ogs5ura,8,jw6ngkbn,257,portfolio,Clearing,1789538169,9,0,1
5ogs5ura,9,booloaq9,257,portfolio,Clearing,1789538169,9,0,1
5ogs5ura,4,j0v5am99,248,portfolio,PageBidExperience,1789538186,9,0,0
5ogs5ura,3,fjbh3h2b,248,portfolio,PageBidExperience,1789538196,9,0,0
5ogs5ura,1,qvfebldb,257,portfolio,Clearing,1789538197,9,0,1
5ogs5ura,2,vbjq2y24,257,portfolio,Clearing,1789538197,9,0,1
5ogs5ura,3,fjbh3h2b,257,portfolio,Clearing,1789538197,9,0,1
5ogs5ura,4,j0v5am99,257,portfolio,Clearing,1789538197,9,0,1
5ogs5ura,5,wz4uvd97,257,portfolio,Clearing,1789538197,9,0,1
5ogs5ura,13,folcs8ow,248,portfolio,PageBidExperience,1789538198,9,0,0
5ogs5ura,12,p48n4bh0,257,portfolio,Clearing,1789538199,9,0,1
5ogs5ura,11,t7rx3zw3,257,portfolio,Clearing,1789538199,9,0,1
5ogs5ura,13,folcs8ow,257,portfolio,Clearing,1789538199,9,0,1
5ogs5ura,14,cfp8kvc9,257,portfolio,Clearing,1789538199,9,0,1
5ogs5ura,15,tt26hkpl,257,portfolio,Clearing,1789538199,9,0,1
5ogs5ura,20,ic1ocjv5,258,portfolio,SyncMarketRound,1789538200,9,0,1
5ogs5ura,10,2pc7nfit,258,portfolio,SyncMarketRound,1789538200,9,0,1
5ogs5ura,12,p48n4bh0,258,portfolio,SyncMarketRound,1789538200,9,0,1
5ogs5ura,11,t7rx3zw3,258,portfolio,SyncMarketRound,1789538200,9,0,1
5ogs5ura,6,bw46f79x,258,portfolio,SyncMarketRound,1789538200,9,0,1
5ogs5ura,7,42qlc5nb,258,portfolio,SyncMarketRound,1789538200,9,0,1
5ogs5ura,13,folcs8ow,258,portfolio,SyncMarketRound,1789538200,9,0,1
5ogs5ura,21,zd9eakrm,258,portfolio,SyncMarketRound,1789538200,9,0,1
5ogs5ura,1,qvfebldb,258,portfolio,SyncMarketRound,1789538200,9,0,1
5ogs5ura,8,jw6ngkbn,258,portfolio,SyncMarketRound,1789538200,9,0,1
5ogs5ura,14,cfp8kvc9,258,portfolio,SyncMarketRound,1789538200,9,0,1
5ogs5ura,2,vbjq2y24,258,portfolio,SyncMarketRound,1789538200,9,0,1
5ogs5ura,15,tt26hkpl,258,portfolio,SyncMarketRound,1789538200,9,0,1
5ogs5ura,22,8tpz5m2a,258,portfolio,SyncMarketRound,1789538200,9,0,1
5ogs5ura,9,booloaq9,258,portfolio,SyncMarketRound,1789538200,9,0,1
5ogs5ura,3,fjbh3h2b,258,portfolio,SyncMarketRound,1789538200,9,0,1
5ogs5ura,23,wfmdx2nb,258,portfolio,SyncMarketRound,1789538200,9,0,1
5ogs5ura,16,jfy8jxqv,258,portfolio,SyncMarketRound,1789538200,9,0,1
5ogs5ura,17,eveqm1ww,258,portfolio,SyncMarketRound,1789538200,9,0,1
5ogs5ura,18,1dtln5rg,258,portfolio,SyncMarketRound,1789538200,9,0,1
5ogs5ura,19,5ltpvdck,258,portfolio,SyncMarketRound,1789538200,9,0,1
5ogs5ura,24,y40upi5t,258,portfolio,SyncMarketRound,1789538200,9,0,1
5ogs5ura,25,s6nkestj,258,portfolio,SyncMarketRound,1789538200,9,0,1
5ogs5ura,4,j0v5am99,258,portfolio,SyncMarketRound,1789538200,9,0,1
5ogs5ura,5,wz4uvd97,258,portfolio,SyncMarketRound,1789538200,9,0,1
5ogs5ura,20,ic1ocjv5,277,portfolio,PageBidExperience,1789538216,10,0,0
5ogs5ura,16,jfy8jxqv,277,portfolio,PageBidExperience,1789538218,10,0,0
5ogs5ura,1,qvfebldb,277,portfolio,PageBidExperience,1789538220,10,0,0
5ogs5ura,12,p48n4bh0,277,portfolio,PageBidExperience,1789538222,10,0,0
5ogs5ura,22,8tpz5m2a,277,portfolio,PageBidExperience,1789538223,10,0,0
5ogs5ura,7,42qlc5nb,277,portfolio,PageBidExperience,1789538224,10,0,0
5ogs5ura,6,bw46f79x,277,portfolio,PageBidExperience,1789538226,10,0,0
5ogs5ura,17,eveqm1ww,277,portfolio,PageBidExperience,1789538227,10,0,0
5ogs5ura,24,y40upi5t,277,portfolio,PageBidExperience,1789538228,10,0,0
5ogs5ura,15,tt26hkpl,277,portfolio,PageBidExperience,1789538228,10,0,0
5ogs5ura,4,j0v5am99,277,portfolio,PageBidExperience,1789538229,10,0,0
5ogs5ura,25,s6nkestj,277,portfolio,PageBidExperience,1789538230,10,0,0
5ogs5ura,21,zd9eakrm,277,portfolio,PageBidExperience,1789538231,10,0,0
5ogs5ura,14,cfp8kvc9,277,portfolio,PageBidExperience,1789538232,10,0,0
5ogs5ura,18,1dtln5rg,277,portfolio,PageBidExperience,1789538233,10,0,0
5ogs5ura,23,wfmdx2nb,277,portfolio,PageBidExperience,1789538234,10,0,0
5ogs5ura,22,8tpz5m2a,286,portfolio,Clearing,1789538234,10,0,1
5ogs5ura,23,wfmdx2nb,286,portfolio,Clearing,1789538234,10,0,1
5ogs5ura,24,y40upi5t,286,portfolio,Clearing,1789538234,10,0,1
5ogs5ura,25,s6nkestj,286,portfolio,Clearing,1789538234,10,0,1
5ogs5ura,21,zd9eakrm,286,portfolio,Clearing,1789538234,10,0,1
5ogs5ura,13,folcs8ow,277,portfolio,PageBidExperience,1789538235,10,0,0
5ogs5ura,3,fjbh3h2b,277,portfolio,PageBidExperience,1789538239,10,0,0
5ogs5ura,11,t7rx3zw3,277,portfolio,PageBidExperience,1789538240,10,0,0
5ogs5ura,15,tt26hkpl,286,portfolio,Clearing,1789538241,10,0,1
5ogs5ura,11,t7rx3zw3,286,portfolio,Clearing,1789538241,10,0,1
5ogs5ura,12,p48n4bh0,286,portfolio,Clearing,1789538241,10,0,1
5ogs5ura,13,folcs8ow,286,portfolio,Clearing,1789538241,10,0,1
5ogs5ura,14,cfp8kvc9,286,portfolio,Clearing,1789538241,10,0,1
5ogs5ura,5,wz4uvd97,277,portfolio,PageBidExperience,1789538241,10,0,0
5ogs5ura,2,vbjq2y24,277,portfolio,PageBidExperience,1789538244,10,0,0
5ogs5ura,3,fjbh3h2b,286,portfolio,Clearing,1789538244,10,0,1
5ogs5ura,1,qvfebldb,286,portfolio,Clearing,1789538244,10,0,1
5ogs5ura,2,vbjq2y24,286,portfolio,Clearing,1789538244,10,0,1
5ogs5ura,4,j0v5am99,286,portfolio,Clearing,1789538244,10,0,1
5ogs5ura,5,wz4uvd97,286,portfolio,Clearing,1789538244,10,0,1
5ogs5ura,9,booloaq9,277,portfolio,PageBidExperience,1789538254,10,0,0
5ogs5ura,19,5ltpvdck,277,portfolio,PageBidExperience,1789538257,10,0,0
5ogs5ura,20,ic1ocjv5,286,portfolio,Clearing,1789538258,10,0,1
5ogs5ura,16,jfy8jxqv,286,portfolio,Clearing,1789538258,10,0,1
5ogs5ura,17,eveqm1ww,286,portfolio,Clearing,1789538258,10,0,1
5ogs5ura,18,1dtln5rg,286,portfolio,Clearing,1789538258,10,0,1
5ogs5ura,19,5ltpvdck,286,portfolio,Clearing,1789538258,10,0,1
5ogs5ura,10,2pc7nfit,277,portfolio,PageBidExperience,1789538259,10,0,0
5ogs5ura,8,jw6ngkbn,277,portfolio,PageBidExperience,1789538276,10,0,0
5ogs5ura,6,bw46f79x,286,portfolio,Clearing,1789538276,10,0,1
5ogs5ura,7,42qlc5nb,286,portfolio,Clearing,1789538276,10,0,1
5ogs5ura,8,jw6ngkbn,286,portfolio,Clearing,1789538276,10,0,1
5ogs5ura,9,booloaq9,286,portfolio,Clearing,1789538276,10,0,1
5ogs5ura,10,2pc7nfit,286,portfolio,Clearing,1789538276,10,0,1
5ogs5ura,20,ic1ocjv5,287,portfolio,SyncMarketRound,1789538277,10,0,1
5ogs5ura,22,8tpz5m2a,287,portfolio,SyncMarketRound,1789538277,10,0,1
5ogs5ura,23,wfmdx2nb,287,portfolio,SyncMarketRound,1789538277,10,0,1
5ogs5ura,24,y40upi5t,287,portfolio,SyncMarketRound,1789538277,10,0,1
5ogs5ura,25,s6nkestj,287,portfolio,SyncMarketRound,1789538277,10,0,1
5ogs5ura,15,tt26hkpl,287,portfolio,SyncMarketRound,1789538277,10,0,1
5ogs5ura,6,bw46f79x,287,portfolio,SyncMarketRound,1789538277,10,0,1
5ogs5ura,3,fjbh3h2b,287,portfolio,SyncMarketRound,1789538277,10,0,1
5ogs5ura,1,qvfebldb,287,portfolio,SyncMarketRound,1789538277,10,0,1
5ogs5ura,2,vbjq2y24,287,portfolio,SyncMarketRound,1789538277,10,0,1
5ogs5ura,4,j0v5am99,287,portfolio,SyncMarketRound,1789538277,10,0,1
5ogs5ura,5,wz4uvd97,287,portfolio,SyncMarketRound,1789538277,10,0,1
5ogs5ura,7,42qlc5nb,287,portfolio,SyncMarketRound,1789538277,10,0,1
5ogs5ura,16,jfy8jxqv,287,portfolio,SyncMarketRound,1789538277,10,0,1
5ogs5ura,17,eveqm1ww,287,portfolio,SyncMarketRound,1789538277,10,0,1
5ogs5ura,11,t7rx3zw3,287,portfolio,SyncMarketRound,1789538277,10,0,1
5ogs5ura,18,1dtln5rg,287,portfolio,SyncMarketRound,1789538277,10,0,1
5ogs5ura,8,jw6ngkbn,287,portfolio,SyncMarketRound,1789538277,10,0,1
5ogs5ura,12,p48n4bh0,287,portfolio,SyncMarketRound,1789538277,10,0,1
5ogs5ura,21,zd9eakrm,287,portfolio,SyncMarketRound,1789538277,10,0,1
5ogs5ura,13,folcs8ow,287,portfolio,SyncMarketRound,1789538277,10,0,1
5ogs5ura,14,cfp8kvc9,287,portfolio,SyncMarketRound,1789538277,10,0,1
5ogs5ura,19,5ltpvdck,287,portfolio,SyncMarketRound,1789538277,10,0,1
5ogs5ura,9,booloaq9,287,portfolio,SyncMarketRound,1789538277,10,0,1
5ogs5ura,10,2pc7nfit,287,portfolio,SyncMarketRound,1789538277,10,0,1
5ogs5ura,5,wz4uvd97,288,portfolio,PageHistoryExperience,1789538282,10,0,0
5ogs5ura,14,cfp8kvc9,288,portfolio,PageHistoryExperience,1789538283,10,0,0
5ogs5ura,13,folcs8ow,288,portfolio,PageHistoryExperience,1789538283,10,0,0
5ogs5ura,1,qvfebldb,288,portfolio,PageHistoryExperience,1789538283,10,0,0
5ogs5ura,10,2pc7nfit,288,portfolio,PageHistoryExperience,1789538284,10,0,0
5ogs5ura,25,s6nkestj,288,portfolio,PageHistoryExperience,1789538284,10,0,0
5ogs5ura,12,p48n4bh0,288,portfolio,PageHistoryExperience,1789538285,10,0,0
5ogs5ura,23,wfmdx2nb,288,portfolio,PageHistoryExperience,1789538285,10,0,0
5ogs5ura,20,ic1ocjv5,288,portfolio,PageHistoryExperience,1789538286,10,0,0
5ogs5ura,7,42qlc5nb,288,portfolio,PageHistoryExperience,1789538286,10,0,0
5ogs5ura,24,y40upi5t,288,portfolio,PageHistoryExperience,1789538287,10,0,0
5ogs5ura,2,vbjq2y24,288,portfolio,PageHistoryExperience,1789538287,10,0,0
5ogs5ura,21,zd9eakrm,288,portfolio,PageHistoryExperience,1789538287,10,0,0
5ogs5ura,14,cfp8kvc9,307,portfolio,InstructionsGender,1789538287,11,0,0
5ogs5ura,25,s6nkestj,307,portfolio,InstructionsGender,1789538287,11,0,0
5ogs5ura,1,qvfebldb,307,portfolio,InstructionsGender,1789538288,11,0,0
5ogs5ura,6,bw46f79x,288,portfolio,PageHistoryExperience,1789538288,10,0,0
5ogs5ura,22,8tpz5m2a,288,portfolio,PageHistoryExperience,1789538288,10,0,0
5ogs5ura,9,booloaq9,288,portfolio,PageHistoryExperience,1789538288,10,0,0
5ogs5ura,23,wfmdx2nb,307,portfolio,InstructionsGender,1789538288,11,0,0
5ogs5ura,5,wz4uvd97,307,portfolio,InstructionsGender,1789538288,11,0,0
5ogs5ura,17,eveqm1ww,288,portfolio,PageHistoryExperience,1789538289,10,0,0
5ogs5ura,20,ic1ocjv5,307,portfolio,InstructionsGender,1789538291,11,0,0
5ogs5ura,2,vbjq2y24,307,portfolio,InstructionsGender,1789538291,11,0,0
5ogs5ura,24,y40upi5t,307,portfolio,InstructionsGender,1789538292,11,0,0
5ogs5ura,15,tt26hkpl,288,portfolio,PageHistoryExperience,1789538292,10,0,0
5ogs5ura,4,j0v5am99,288,portfolio,PageHistoryExperience,1789538292,10,0,0
5ogs5ura,7,42qlc5nb,307,portfolio,InstructionsGender,1789538293,11,0,0
5ogs5ura,3,fjbh3h2b,288,portfolio,PageHistoryExperience,1789538293,10,0,0
5ogs5ura,10,2pc7nfit,307,portfolio,InstructionsGender,1789538293,11,0,0
5ogs5ura,18,1dtln5rg,288,portfolio,PageHistoryExperience,1789538295,10,0,0
5ogs5ura,16,jfy8jxqv,288,portfolio,PageHistoryExperience,1789538296,10,0,0
5ogs5ura,25,s6nkestj,308,portfolio,Page2GenderExp,1789538296,11,0,0
5ogs5ura,13,folcs8ow,307,portfolio,InstructionsGender,1789538297,11,0,0
5ogs5ura,18,1dtln5rg,307,portfolio,InstructionsGender,1789538298,11,0,0
5ogs5ura,22,8tpz5m2a,307,portfolio,InstructionsGender,1789538299,11,0,0
5ogs5ura,6,bw46f79x,307,portfolio,InstructionsGender,1789538300,11,0,0
5ogs5ura,19,5ltpvdck,288,portfolio,PageHistoryExperience,1789538300,10,0,0
5ogs5ura,16,jfy8jxqv,307,portfolio,InstructionsGender,1789538300,11,0,0
5ogs5ura,21,zd9eakrm,307,portfolio,InstructionsGender,1789538301,11,0,0
5ogs5ura,8,jw6ngkbn,288,portfolio,PageHistoryExperience,1789538302,10,0,0
5ogs5ura,14,cfp8kvc9,308,portfolio,Page2GenderExp,1789538303,11,0,0
5ogs5ura,23,wfmdx2nb,308,portfolio,Page2GenderExp,1789538305,11,0,0
5ogs5ura,10,2pc7nfit,308,portfolio,Page2GenderExp,1789538307,11,0,0
5ogs5ura,17,eveqm1ww,307,portfolio,InstructionsGender,1789538308,11,0,0
5ogs5ura,24,y40upi5t,308,portfolio,Page2GenderExp,1789538309,11,0,0
5ogs5ura,2,vbjq2y24,308,portfolio,Page2GenderExp,1789538310,11,0,0
5ogs5ura,9,booloaq9,307,portfolio,InstructionsGender,1789538315,11,0,0
5ogs5ura,19,5ltpvdck,307,portfolio,InstructionsGender,1789538315,11,0,0
5ogs5ura,22,8tpz5m2a,308,portfolio,Page2GenderExp,1789538316,11,0,0
5ogs5ura,11,t7rx3zw3,288,portfolio,PageHistoryExperience,1789538317,10,0,0
5ogs5ura,4,j0v5am99,307,portfolio,InstructionsGender,1789538318,11,0,0
5ogs5ura,6,bw46f79x,308,portfolio,Page2GenderExp,1789538320,11,0,0
5ogs5ura,11,t7rx3zw3,307,portfolio,InstructionsGender,1789538322,11,0,0
5ogs5ura,8,jw6ngkbn,307,portfolio,InstructionsGender,1789538323,11,0,0
5ogs5ura,3,fjbh3h2b,307,portfolio,InstructionsGender,1789538324,11,0,0
5ogs5ura,17,eveqm1ww,308,portfolio,Page2GenderExp,1789538324,11,0,0
5ogs5ura,15,tt26hkpl,307,portfolio,InstructionsGender,1789538325,11,0,0
5ogs5ura,7,42qlc5nb,308,portfolio,Page2GenderExp,1789538326,11,0,0
5ogs5ura,12,p48n4bh0,307,portfolio,InstructionsGender,1789538326,11,0,0
5ogs5ura,20,ic1ocjv5,308,portfolio,Page2GenderExp,1789538327,11,0,0
5ogs5ura,16,jfy8jxqv,308,portfolio,Page2GenderExp,1789538329,11,0,0
5ogs5ura,12,p48n4bh0,308,portfolio,Page2GenderExp,1789538335,11,0,0
5ogs5ura,9,booloaq9,308,portfolio,Page2GenderExp,1789538336,11,0,0
5ogs5ura,21,zd9eakrm,308,portfolio,Page2GenderExp,1789538341,11,0,0
5ogs5ura,15,tt26hkpl,308,portfolio,Page2GenderExp,1789538341,11,0,0
5ogs5ura,5,wz4uvd97,308,portfolio,Page2GenderExp,1789538343,11,0,0
5ogs5ura,11,t7rx3zw3,308,portfolio,Page2GenderExp,1789538346,11,0,0
5ogs5ura,4,j0v5am99,308,portfolio,Page2GenderExp,1789538348,11,0,0
5ogs5ura,1,qvfebldb,308,portfolio,Page2GenderExp,1789538352,11,0,0
5ogs5ura,3,fjbh3h2b,308,portfolio,Page2GenderExp,1789538355,11,0,0
5ogs5ura,18,1dtln5rg,308,portfolio,Page2GenderExp,1789538362,11,0,0
5ogs5ura,8,jw6ngkbn,308,portfolio,Page2GenderExp,1789538376,11,0,0
5ogs5ura,19,5ltpvdck,308,portfolio,Page2GenderExp,1789538379,11,0,0
5ogs5ura,13,folcs8ow,308,portfolio,Page2GenderExp,1789538381,11,0,0
5ogs5ura,25,s6nkestj,309,portfolio,SyncGenderAllocation,1789538381,11,0,1
5ogs5ura,14,cfp8kvc9,309,portfolio,SyncGenderAllocation,1789538381,11,0,1
5ogs5ura,23,wfmdx2nb,309,portfolio,SyncGenderAllocation,1789538381,11,0,1
5ogs5ura,10,2pc7nfit,309,portfolio,SyncGenderAllocation,1789538381,11,0,1
5ogs5ura,24,y40upi5t,309,portfolio,SyncGenderAllocation,1789538381,11,0,1
5ogs5ura,2,vbjq2y24,309,portfolio,SyncGenderAllocation,1789538381,11,0,1
5ogs5ura,22,8tpz5m2a,309,portfolio,SyncGenderAllocation,1789538381,11,0,1
5ogs5ura,6,bw46f79x,309,portfolio,SyncGenderAllocation,1789538381,11,0,1
5ogs5ura,17,eveqm1ww,309,portfolio,SyncGenderAllocation,1789538381,11,0,1
5ogs5ura,7,42qlc5nb,309,portfolio,SyncGenderAllocation,1789538381,11,0,1
5ogs5ura,20,ic1ocjv5,309,portfolio,SyncGenderAllocation,1789538381,11,0,1
5ogs5ura,16,jfy8jxqv,309,portfolio,SyncGenderAllocation,1789538381,11,0,1
5ogs5ura,12,p48n4bh0,309,portfolio,SyncGenderAllocation,1789538381,11,0,1
5ogs5ura,9,booloaq9,309,portfolio,SyncGenderAllocation,1789538381,11,0,1
5ogs5ura,21,zd9eakrm,309,portfolio,SyncGenderAllocation,1789538381,11,0,1
5ogs5ura,15,tt26hkpl,309,portfolio,SyncGenderAllocation,1789538381,11,0,1
5ogs5ura,5,wz4uvd97,309,portfolio,SyncGenderAllocation,1789538381,11,0,1
5ogs5ura,11,t7rx3zw3,309,portfolio,SyncGenderAllocation,1789538381,11,0,1
5ogs5ura,4,j0v5am99,309,portfolio,SyncGenderAllocation,1789538381,11,0,1
5ogs5ura,1,qvfebldb,309,portfolio,SyncGenderAllocation,1789538381,11,0,1
5ogs5ura,3,fjbh3h2b,309,portfolio,SyncGenderAllocation,1789538381,11,0,1
5ogs5ura,18,1dtln5rg,309,portfolio,SyncGenderAllocation,1789538381,11,0,1
5ogs5ura,8,jw6ngkbn,309,portfolio,SyncGenderAllocation,1789538381,11,0,1
5ogs5ura,19,5ltpvdck,309,portfolio,SyncGenderAllocation,1789538381,11,0,1
5ogs5ura,13,folcs8ow,309,portfolio,SyncGenderAllocation,1789538381,11,0,1
5ogs5ura,7,42qlc5nb,310,portfolio,PageBeliefElicitation,1789538403,11,0,0
5ogs5ura,22,8tpz5m2a,310,portfolio,PageBeliefElicitation,1789538408,11,0,0
5ogs5ura,17,eveqm1ww,310,portfolio,PageBeliefElicitation,1789538415,11,0,0
5ogs5ura,1,qvfebldb,310,portfolio,PageBeliefElicitation,1789538415,11,0,0
5ogs5ura,21,zd9eakrm,310,portfolio,PageBeliefElicitation,1789538416,11,0,0
5ogs5ura,25,s6nkestj,310,portfolio,PageBeliefElicitation,1789538418,11,0,0
5ogs5ura,2,vbjq2y24,310,portfolio,PageBeliefElicitation,1789538423,11,0,0
5ogs5ura,16,jfy8jxqv,310,portfolio,PageBeliefElicitation,1789538424,11,0,0
5ogs5ura,20,ic1ocjv5,310,portfolio,PageBeliefElicitation,1789538425,11,0,0
5ogs5ura,5,wz4uvd97,310,portfolio,PageBeliefElicitation,1789538425,11,0,0
5ogs5ura,22,8tpz5m2a,311,portfolio,PageOtherBeliefElicitation,1789538426,11,0,0
5ogs5ura,7,42qlc5nb,311,portfolio,PageOtherBeliefElicitation,1789538427,11,0,0
5ogs5ura,23,wfmdx2nb,310,portfolio,PageBeliefElicitation,1789538429,11,0,0
5ogs5ura,14,cfp8kvc9,310,portfolio,PageBeliefElicitation,1789538430,11,0,0
5ogs5ura,22,8tpz5m2a,312,portfolio,TradingRulesGender,1789538431,11,0,0
5ogs5ura,1,qvfebldb,311,portfolio,PageOtherBeliefElicitation,1789538431,11,0,0
5ogs5ura,7,42qlc5nb,312,portfolio,TradingRulesGender,1789538433,11,0,0
5ogs5ura,21,zd9eakrm,311,portfolio,PageOtherBeliefElicitation,1789538433,11,0,0
5ogs5ura,19,5ltpvdck,310,portfolio,PageBeliefElicitation,1789538434,11,0,0
5ogs5ura,1,qvfebldb,312,portfolio,TradingRulesGender,1789538435,11,0,0
5ogs5ura,15,tt26hkpl,310,portfolio,PageBeliefElicitation,1789538435,11,0,0
5ogs5ura,21,zd9eakrm,312,portfolio,TradingRulesGender,1789538436,11,0,0
5ogs5ura,17,eveqm1ww,311,portfolio,PageOtherBeliefElicitation,1789538437,11,0,0
5ogs5ura,10,2pc7nfit,310,portfolio,PageBeliefElicitation,1789538438,11,0,0
5ogs5ura,8,jw6ngkbn,310,portfolio,PageBeliefElicitation,1789538439,11,0,0
5ogs5ura,25,s6nkestj,311,portfolio,PageOtherBeliefElicitation,1789538440,11,0,0
5ogs5ura,16,jfy8jxqv,311,portfolio,PageOtherBeliefElicitation,1789538440,11,0,0
5ogs5ura,12,p48n4bh0,310,portfolio,PageBeliefElicitation,1789538441,11,0,0
5ogs5ura,24,y40upi5t,310,portfolio,PageBeliefElicitation,1789538442,11,0,0
5ogs5ura,25,s6nkestj,312,portfolio,TradingRulesGender,1789538443,11,0,0
5ogs5ura,11,t7rx3zw3,310,portfolio,PageBeliefElicitation,1789538443,11,0,0
5ogs5ura,16,jfy8jxqv,312,portfolio,TradingRulesGender,1789538444,11,0,0
5ogs5ura,9,booloaq9,310,portfolio,PageBeliefElicitation,1789538444,11,0,0
5ogs5ura,18,1dtln5rg,310,portfolio,PageBeliefElicitation,1789538448,11,0,0
5ogs5ura,23,wfmdx2nb,311,portfolio,PageOtherBeliefElicitation,1789538450,11,0,0
5ogs5ura,17,eveqm1ww,312,portfolio,TradingRulesGender,1789538452,11,0,0
5ogs5ura,6,bw46f79x,310,portfolio,PageBeliefElicitation,1789538453,11,0,0
5ogs5ura,12,p48n4bh0,311,portfolio,PageOtherBeliefElicitation,1789538455,11,0,0
5ogs5ura,23,wfmdx2nb,312,portfolio,TradingRulesGender,1789538456,11,0,0
5ogs5ura,5,wz4uvd97,311,portfolio,PageOtherBeliefElicitation,1789538457,11,0,0
5ogs5ura,19,5ltpvdck,311,portfolio,PageOtherBeliefElicitation,1789538458,11,0,0
5ogs5ura,24,y40upi5t,311,portfolio,PageOtherBeliefElicitation,1789538459,11,0,0
5ogs5ura,5,wz4uvd97,312,portfolio,TradingRulesGender,1789538460,11,0,0
5ogs5ura,2,vbjq2y24,311,portfolio,PageOtherBeliefElicitation,1789538462,11,0,0
5ogs5ura,14,cfp8kvc9,311,portfolio,PageOtherBeliefElicitation,1789538462,11,0,0
5ogs5ura,20,ic1ocjv5,311,portfolio,PageOtherBeliefElicitation,1789538463,11,0,0
5ogs5ura,19,5ltpvdck,312,portfolio,TradingRulesGender,1789538463,11,0,0
5ogs5ura,10,2pc7nfit,311,portfolio,PageOtherBeliefElicitation,1789538463,11,0,0
5ogs5ura,13,folcs8ow,310,portfolio,PageBeliefElicitation,1789538467,11,0,0
5ogs5ura,10,2pc7nfit,312,portfolio,TradingRulesGender,1789538468,11,0,0
5ogs5ura,8,jw6ngkbn,311,portfolio,PageOtherBeliefElicitation,1789538469,11,0,0
5ogs5ura,6,bw46f79x,311,portfolio,PageOtherBeliefElicitation,1789538469,11,0,0
5ogs5ura,15,tt26hkpl,311,portfolio,PageOtherBeliefElicitation,1789538473,11,0,0
5ogs5ura,8,jw6ngkbn,312,portfolio,TradingRulesGender,1789538475,11,0,0
5ogs5ura,18,1dtln5rg,311,portfolio,PageOtherBeliefElicitation,1789538477,11,0,0
5ogs5ura,18,1dtln5rg,312,portfolio,TradingRulesGender,1789538481,11,0,0
5ogs5ura,13,folcs8ow,311,portfolio,PageOtherBeliefElicitation,1789538483,11,0,0
5ogs5ura,9,booloaq9,311,portfolio,PageOtherBeliefElicitation,1789538484,11,0,0
5ogs5ura,13,folcs8ow,312,portfolio,TradingRulesGender,1789538486,11,0,0
5ogs5ura,12,p48n4bh0,312,portfolio,TradingRulesGender,1789538487,11,0,0
5ogs5ura,15,tt26hkpl,312,portfolio,TradingRulesGender,1789538487,11,0,0
5ogs5ura,20,ic1ocjv5,312,portfolio,TradingRulesGender,1789538490,11,0,0
5ogs5ura,11,t7rx3zw3,311,portfolio,PageOtherBeliefElicitation,1789538491,11,0,0
5ogs5ura,2,vbjq2y24,312,portfolio,TradingRulesGender,1789538492,11,0,0
5ogs5ura,3,fjbh3h2b,310,portfolio,PageBeliefElicitation,1789538496,11,0,0
5ogs5ura,11,t7rx3zw3,312,portfolio,TradingRulesGender,1789538497,11,0,0
5ogs5ura,6,bw46f79x,312,portfolio,TradingRulesGender,1789538500,11,0,0
5ogs5ura,4,j0v5am99,310,portfolio,PageBeliefElicitation,1789538502,11,0,0
5ogs5ura,24,y40upi5t,312,portfolio,TradingRulesGender,1789538510,11,0,0
5ogs5ura,3,fjbh3h2b,311,portfolio,PageOtherBeliefElicitation,1789538519,11,0,0
5ogs5ura,14,cfp8kvc9,312,portfolio,TradingRulesGender,1789538521,11,0,0
5ogs5ura,3,fjbh3h2b,312,portfolio,TradingRulesGender,1789538522,11,0,0
5ogs5ura,9,booloaq9,312,portfolio,TradingRulesGender,1789538545,11,0,0
5ogs5ura,4,j0v5am99,311,portfolio,PageOtherBeliefElicitation,1789538548,11,0,0
5ogs5ura,4,j0v5am99,312,portfolio,TradingRulesGender,1789538603,11,0,0
5ogs5ura,17,eveqm1ww,313,portfolio,SyncGenderTradingRules,1789538603,11,0,1
5ogs5ura,23,wfmdx2nb,313,portfolio,SyncGenderTradingRules,1789538603,11,0,1
5ogs5ura,20,ic1ocjv5,313,portfolio,SyncGenderTradingRules,1789538603,11,0,1
5ogs5ura,4,j0v5am99,313,portfolio,SyncGenderTradingRules,1789538603,11,0,1
5ogs5ura,14,cfp8kvc9,313,portfolio,SyncGenderTradingRules,1789538603,11,0,1
5ogs5ura,1,qvfebldb,313,portfolio,SyncGenderTradingRules,1789538603,11,0,1
5ogs5ura,10,2pc7nfit,313,portfolio,SyncGenderTradingRules,1789538603,11,0,1
5ogs5ura,6,bw46f79x,313,portfolio,SyncGenderTradingRules,1789538603,11,0,1
5ogs5ura,5,wz4uvd97,313,portfolio,SyncGenderTradingRules,1789538603,11,0,1
5ogs5ura,9,booloaq9,313,portfolio,SyncGenderTradingRules,1789538603,11,0,1
5ogs5ura,12,p48n4bh0,313,portfolio,SyncGenderTradingRules,1789538603,11,0,1
5ogs5ura,21,zd9eakrm,313,portfolio,SyncGenderTradingRules,1789538603,11,0,1
5ogs5ura,7,42qlc5nb,313,portfolio,SyncGenderTradingRules,1789538603,11,0,1
5ogs5ura,19,5ltpvdck,313,portfolio,SyncGenderTradingRules,1789538603,11,0,1
5ogs5ura,8,jw6ngkbn,313,portfolio,SyncGenderTradingRules,1789538603,11,0,1
5ogs5ura,2,vbjq2y24,313,portfolio,SyncGenderTradingRules,1789538603,11,0,1
5ogs5ura,13,folcs8ow,313,portfolio,SyncGenderTradingRules,1789538603,11,0,1
5ogs5ura,16,jfy8jxqv,313,portfolio,SyncGenderTradingRules,1789538603,11,0,1
5ogs5ura,25,s6nkestj,313,portfolio,SyncGenderTradingRules,1789538603,11,0,1
5ogs5ura,22,8tpz5m2a,313,portfolio,SyncGenderTradingRules,1789538603,11,0,1
5ogs5ura,11,t7rx3zw3,313,portfolio,SyncGenderTradingRules,1789538603,11,0,1
5ogs5ura,3,fjbh3h2b,313,portfolio,SyncGenderTradingRules,1789538603,11,0,1
5ogs5ura,24,y40upi5t,313,portfolio,SyncGenderTradingRules,1789538603,11,0,1
5ogs5ura,15,tt26hkpl,313,portfolio,SyncGenderTradingRules,1789538603,11,0,1
5ogs5ura,18,1dtln5rg,313,portfolio,SyncGenderTradingRules,1789538603,11,0,1
5ogs5ura,20,ic1ocjv5,314,portfolio,PageBidGenderExp,1789538614,11,0,0
5ogs5ura,24,y40upi5t,314,portfolio,PageBidGenderExp,1789538616,11,0,0
5ogs5ura,25,s6nkestj,314,portfolio,PageBidGenderExp,1789538616,11,0,0
5ogs5ura,9,booloaq9,314,portfolio,PageBidGenderExp,1789538617,11,0,0
5ogs5ura,16,jfy8jxqv,314,portfolio,PageBidGenderExp,1789538617,11,0,0
5ogs5ura,23,wfmdx2nb,314,portfolio,PageBidGenderExp,1789538618,11,0,0
5ogs5ura,17,eveqm1ww,314,portfolio,PageBidGenderExp,1789538620,11,0,0
5ogs5ura,15,tt26hkpl,314,portfolio,PageBidGenderExp,1789538620,11,0,0
5ogs5ura,4,j0v5am99,314,portfolio,PageBidGenderExp,1789538621,11,0,0
5ogs5ura,12,p48n4bh0,314,portfolio,PageBidGenderExp,1789538622,11,0,0
5ogs5ura,5,wz4uvd97,314,portfolio,PageBidGenderExp,1789538622,11,0,0
5ogs5ura,7,42qlc5nb,314,portfolio,PageBidGenderExp,1789538624,11,0,0
5ogs5ura,6,bw46f79x,314,portfolio,PageBidGenderExp,1789538625,11,0,0
5ogs5ura,22,8tpz5m2a,314,portfolio,PageBidGenderExp,1789538626,11,0,0
5ogs5ura,1,qvfebldb,314,portfolio,PageBidGenderExp,1789538627,11,0,0
5ogs5ura,10,2pc7nfit,314,portfolio,PageBidGenderExp,1789538628,11,0,0
5ogs5ura,3,fjbh3h2b,314,portfolio,PageBidGenderExp,1789538630,11,0,0
5ogs5ura,21,zd9eakrm,314,portfolio,PageBidGenderExp,1789538632,11,0,0
5ogs5ura,23,wfmdx2nb,315,portfolio,Clearing,1789538632,11,0,1
5ogs5ura,21,zd9eakrm,315,portfolio,Clearing,1789538632,11,0,1
5ogs5ura,22,8tpz5m2a,315,portfolio,Clearing,1789538632,11,0,1
5ogs5ura,24,y40upi5t,315,portfolio,Clearing,1789538632,11,0,1
5ogs5ura,25,s6nkestj,315,portfolio,Clearing,1789538632,11,0,1
5ogs5ura,2,vbjq2y24,314,portfolio,PageBidGenderExp,1789538637,11,0,0
5ogs5ura,4,j0v5am99,315,portfolio,Clearing,1789538637,11,0,1
5ogs5ura,1,qvfebldb,315,portfolio,Clearing,1789538637,11,0,1
5ogs5ura,2,vbjq2y24,315,portfolio,Clearing,1789538637,11,0,1
5ogs5ura,3,fjbh3h2b,315,portfolio,Clearing,1789538637,11,0,1
5ogs5ura,5,wz4uvd97,315,portfolio,Clearing,1789538637,11,0,1
5ogs5ura,14,cfp8kvc9,314,portfolio,PageBidGenderExp,1789538642,11,0,0
5ogs5ura,13,folcs8ow,314,portfolio,PageBidGenderExp,1789538646,11,0,0
5ogs5ura,18,1dtln5rg,314,portfolio,PageBidGenderExp,1789538656,11,0,0
5ogs5ura,19,5ltpvdck,314,portfolio,PageBidGenderExp,1789538656,11,0,0
5ogs5ura,20,ic1ocjv5,315,portfolio,Clearing,1789538656,11,0,1
5ogs5ura,17,eveqm1ww,315,portfolio,Clearing,1789538656,11,0,1
5ogs5ura,18,1dtln5rg,315,portfolio,Clearing,1789538656,11,0,1
5ogs5ura,16,jfy8jxqv,315,portfolio,Clearing,1789538656,11,0,1
5ogs5ura,19,5ltpvdck,315,portfolio,Clearing,1789538656,11,0,1
5ogs5ura,11,t7rx3zw3,314,portfolio,PageBidGenderExp,1789538656,11,0,0
5ogs5ura,15,tt26hkpl,315,portfolio,Clearing,1789538657,11,0,1
5ogs5ura,11,t7rx3zw3,315,portfolio,Clearing,1789538657,11,0,1
5ogs5ura,12,p48n4bh0,315,portfolio,Clearing,1789538657,11,0,1
5ogs5ura,13,folcs8ow,315,portfolio,Clearing,1789538657,11,0,1
5ogs5ura,14,cfp8kvc9,315,portfolio,Clearing,1789538657,11,0,1
5ogs5ura,8,jw6ngkbn,314,portfolio,PageBidGenderExp,1789538662,11,0,0
5ogs5ura,6,bw46f79x,315,portfolio,Clearing,1789538662,11,0,1
5ogs5ura,7,42qlc5nb,315,portfolio,Clearing,1789538662,11,0,1
5ogs5ura,8,jw6ngkbn,315,portfolio,Clearing,1789538662,11,0,1
5ogs5ura,10,2pc7nfit,315,portfolio,Clearing,1789538662,11,0,1
5ogs5ura,9,booloaq9,315,portfolio,Clearing,1789538662,11,0,1
5ogs5ura,20,ic1ocjv5,316,portfolio,SyncMarketRound,1789538662,11,0,1
5ogs5ura,23,wfmdx2nb,316,portfolio,SyncMarketRound,1789538662,11,0,1
5ogs5ura,21,zd9eakrm,316,portfolio,SyncMarketRound,1789538662,11,0,1
5ogs5ura,22,8tpz5m2a,316,portfolio,SyncMarketRound,1789538662,11,0,1
5ogs5ura,24,y40upi5t,316,portfolio,SyncMarketRound,1789538662,11,0,1
5ogs5ura,25,s6nkestj,316,portfolio,SyncMarketRound,1789538662,11,0,1
5ogs5ura,4,j0v5am99,316,portfolio,SyncMarketRound,1789538662,11,0,1
5ogs5ura,17,eveqm1ww,316,portfolio,SyncMarketRound,1789538662,11,0,1
5ogs5ura,15,tt26hkpl,316,portfolio,SyncMarketRound,1789538662,11,0,1
5ogs5ura,6,bw46f79x,316,portfolio,SyncMarketRound,1789538662,11,0,1
5ogs5ura,7,42qlc5nb,316,portfolio,SyncMarketRound,1789538662,11,0,1
5ogs5ura,1,qvfebldb,316,portfolio,SyncMarketRound,1789538662,11,0,1
5ogs5ura,11,t7rx3zw3,316,portfolio,SyncMarketRound,1789538662,11,0,1
5ogs5ura,12,p48n4bh0,316,portfolio,SyncMarketRound,1789538662,11,0,1
5ogs5ura,2,vbjq2y24,316,portfolio,SyncMarketRound,1789538662,11,0,1
5ogs5ura,18,1dtln5rg,316,portfolio,SyncMarketRound,1789538662,11,0,1
5ogs5ura,8,jw6ngkbn,316,portfolio,SyncMarketRound,1789538662,11,0,1
5ogs5ura,3,fjbh3h2b,316,portfolio,SyncMarketRound,1789538662,11,0,1
5ogs5ura,16,jfy8jxqv,316,portfolio,SyncMarketRound,1789538662,11,0,1
5ogs5ura,10,2pc7nfit,316,portfolio,SyncMarketRound,1789538662,11,0,1
5ogs5ura,9,booloaq9,316,portfolio,SyncMarketRound,1789538662,11,0,1
5ogs5ura,19,5ltpvdck,316,portfolio,SyncMarketRound,1789538662,11,0,1
5ogs5ura,13,folcs8ow,316,portfolio,SyncMarketRound,1789538662,11,0,1
5ogs5ura,5,wz4uvd97,316,portfolio,SyncMarketRound,1789538662,11,0,1
5ogs5ura,14,cfp8kvc9,316,portfolio,SyncMarketRound,1789538662,11,0,1
5ogs5ura,12,p48n4bh0,343,portfolio,PageBidGenderExp,1789538677,12,0,0
5ogs5ura,21,zd9eakrm,343,portfolio,PageBidGenderExp,1789538679,12,0,0
5ogs5ura,24,y40upi5t,343,portfolio,PageBidGenderExp,1789538679,12,0,0
5ogs5ura,25,s6nkestj,343,portfolio,PageBidGenderExp,1789538680,12,0,0
5ogs5ura,23,wfmdx2nb,343,portfolio,PageBidGenderExp,1789538680,12,0,0
5ogs5ura,18,1dtln5rg,343,portfolio,PageBidGenderExp,1789538680,12,0,0
5ogs5ura,1,qvfebldb,343,portfolio,PageBidGenderExp,1789538683,12,0,0
5ogs5ura,9,booloaq9,343,portfolio,PageBidGenderExp,1789538683,12,0,0
5ogs5ura,17,eveqm1ww,343,portfolio,PageBidGenderExp,1789538683,12,0,0
5ogs5ura,15,tt26hkpl,343,portfolio,PageBidGenderExp,1789538685,12,0,0
5ogs5ura,16,jfy8jxqv,343,portfolio,PageBidGenderExp,1789538686,12,0,0
5ogs5ura,7,42qlc5nb,343,portfolio,PageBidGenderExp,1789538690,12,0,0
5ogs5ura,6,bw46f79x,343,portfolio,PageBidGenderExp,1789538691,12,0,0
5ogs5ura,22,8tpz5m2a,343,portfolio,PageBidGenderExp,1789538697,12,0,0
5ogs5ura,22,8tpz5m2a,344,portfolio,Clearing,1789538698,12,0,1
5ogs5ura,23,wfmdx2nb,344,portfolio,Clearing,1789538698,12,0,1
5ogs5ura,24,y40upi5t,344,portfolio,Clearing,1789538698,12,0,1
5ogs5ura,25,s6nkestj,344,portfolio,Clearing,1789538698,12,0,1
5ogs5ura,21,zd9eakrm,344,portfolio,Clearing,1789538698,12,0,1
5ogs5ura,10,2pc7nfit,343,portfolio,PageBidGenderExp,1789538698,12,0,0
5ogs5ura,4,j0v5am99,343,portfolio,PageBidGenderExp,1789538702,12,0,0
5ogs5ura,2,vbjq2y24,343,portfolio,PageBidGenderExp,1789538706,12,0,0
5ogs5ura,19,5ltpvdck,343,portfolio,PageBidGenderExp,1789538708,12,0,0
5ogs5ura,20,ic1ocjv5,343,portfolio,PageBidGenderExp,1789538709,12,0,0
5ogs5ura,20,ic1ocjv5,344,portfolio,Clearing,1789538710,12,0,1
5ogs5ura,16,jfy8jxqv,344,portfolio,Clearing,1789538710,12,0,1
5ogs5ura,17,eveqm1ww,344,portfolio,Clearing,1789538710,12,0,1
5ogs5ura,18,1dtln5rg,344,portfolio,Clearing,1789538710,12,0,1
5ogs5ura,19,5ltpvdck,344,portfolio,Clearing,1789538710,12,0,1
5ogs5ura,13,folcs8ow,343,portfolio,PageBidGenderExp,1789538713,12,0,0
5ogs5ura,5,wz4uvd97,343,portfolio,PageBidGenderExp,1789538713,12,0,0
5ogs5ura,3,fjbh3h2b,343,portfolio,PageBidGenderExp,1789538714,12,0,0
5ogs5ura,1,qvfebldb,344,portfolio,Clearing,1789538714,12,0,1
5ogs5ura,2,vbjq2y24,344,portfolio,Clearing,1789538714,12,0,1
5ogs5ura,3,fjbh3h2b,344,portfolio,Clearing,1789538714,12,0,1
5ogs5ura,5,wz4uvd97,344,portfolio,Clearing,1789538714,12,0,1
5ogs5ura,4,j0v5am99,344,portfolio,Clearing,1789538714,12,0,1
5ogs5ura,14,cfp8kvc9,343,portfolio,PageBidGenderExp,1789538717,12,0,0
5ogs5ura,11,t7rx3zw3,343,portfolio,PageBidGenderExp,1789538738,12,0,0
5ogs5ura,12,p48n4bh0,344,portfolio,Clearing,1789538738,12,0,1
5ogs5ura,15,tt26hkpl,344,portfolio,Clearing,1789538738,12,0,1
5ogs5ura,13,folcs8ow,344,portfolio,Clearing,1789538738,12,0,1
5ogs5ura,11,t7rx3zw3,344,portfolio,Clearing,1789538738,12,0,1
5ogs5ura,14,cfp8kvc9,344,portfolio,Clearing,1789538738,12,0,1
5ogs5ura,8,jw6ngkbn,343,portfolio,PageBidGenderExp,1789538740,12,0,0
5ogs5ura,6,bw46f79x,344,portfolio,Clearing,1789538740,12,0,1
5ogs5ura,7,42qlc5nb,344,portfolio,Clearing,1789538740,12,0,1
5ogs5ura,8,jw6ngkbn,344,portfolio,Clearing,1789538740,12,0,1
5ogs5ura,9,booloaq9,344,portfolio,Clearing,1789538740,12,0,1
5ogs5ura,10,2pc7nfit,344,portfolio,Clearing,1789538740,12,0,1
5ogs5ura,12,p48n4bh0,345,portfolio,SyncMarketRound,1789538742,12,0,1
5ogs5ura,22,8tpz5m2a,345,portfolio,SyncMarketRound,1789538742,12,0,1
5ogs5ura,23,wfmdx2nb,345,portfolio,SyncMarketRound,1789538742,12,0,1
5ogs5ura,24,y40upi5t,345,portfolio,SyncMarketRound,1789538742,12,0,1
5ogs5ura,25,s6nkestj,345,portfolio,SyncMarketRound,1789538742,12,0,1
5ogs5ura,15,tt26hkpl,345,portfolio,SyncMarketRound,1789538742,12,0,1
5ogs5ura,1,qvfebldb,345,portfolio,SyncMarketRound,1789538742,12,0,1
5ogs5ura,2,vbjq2y24,345,portfolio,SyncMarketRound,1789538742,12,0,1
5ogs5ura,3,fjbh3h2b,345,portfolio,SyncMarketRound,1789538742,12,0,1
5ogs5ura,13,folcs8ow,345,portfolio,SyncMarketRound,1789538742,12,0,1
5ogs5ura,20,ic1ocjv5,345,portfolio,SyncMarketRound,1789538742,12,0,1
5ogs5ura,5,wz4uvd97,345,portfolio,SyncMarketRound,1789538742,12,0,1
5ogs5ura,4,j0v5am99,345,portfolio,SyncMarketRound,1789538742,12,0,1
5ogs5ura,6,bw46f79x,345,portfolio,SyncMarketRound,1789538742,12,0,1
5ogs5ura,16,jfy8jxqv,345,portfolio,SyncMarketRound,1789538742,12,0,1
5ogs5ura,21,zd9eakrm,345,portfolio,SyncMarketRound,1789538742,12,0,1
5ogs5ura,17,eveqm1ww,345,portfolio,SyncMarketRound,1789538742,12,0,1
5ogs5ura,18,1dtln5rg,345,portfolio,SyncMarketRound,1789538742,12,0,1
5ogs5ura,19,5ltpvdck,345,portfolio,SyncMarketRound,1789538742,12,0,1
5ogs5ura,11,t7rx3zw3,345,portfolio,SyncMarketRound,1789538742,12,0,1
5ogs5ura,14,cfp8kvc9,345,portfolio,SyncMarketRound,1789538742,12,0,1
5ogs5ura,7,42qlc5nb,345,portfolio,SyncMarketRound,1789538742,12,0,1
5ogs5ura,8,jw6ngkbn,345,portfolio,SyncMarketRound,1789538742,12,0,1
5ogs5ura,9,booloaq9,345,portfolio,SyncMarketRound,1789538742,12,0,1
5ogs5ura,10,2pc7nfit,345,portfolio,SyncMarketRound,1789538742,12,0,1
5ogs5ura,24,y40upi5t,372,portfolio,PageBidGenderExp,1789538757,13,0,0
5ogs5ura,22,8tpz5m2a,372,portfolio,PageBidGenderExp,1789538759,13,0,0
5ogs5ura,25,s6nkestj,372,portfolio,PageBidGenderExp,1789538760,13,0,0
5ogs5ura,17,eveqm1ww,372,portfolio,PageBidGenderExp,1789538762,13,0,0
5ogs5ura,21,zd9eakrm,372,portfolio,PageBidGenderExp,1789538763,13,0,0
5ogs5ura,1,qvfebldb,372,portfolio,PageBidGenderExp,1789538764,13,0,0
5ogs5ura,15,tt26hkpl,372,portfolio,PageBidGenderExp,1789538765,13,0,0
5ogs5ura,16,jfy8jxqv,372,portfolio,PageBidGenderExp,1789538765,13,0,0
5ogs5ura,20,ic1ocjv5,372,portfolio,PageBidGenderExp,1789538766,13,0,0
5ogs5ura,4,j0v5am99,372,portfolio,PageBidGenderExp,1789538767,13,0,0
5ogs5ura,7,42qlc5nb,372,portfolio,PageBidGenderExp,1789538769,13,0,0
5ogs5ura,6,bw46f79x,372,portfolio,PageBidGenderExp,1789538769,13,0,0
5ogs5ura,18,1dtln5rg,372,portfolio,PageBidGenderExp,1789538769,13,0,0
5ogs5ura,14,cfp8kvc9,372,portfolio,PageBidGenderExp,1789538770,13,0,0
5ogs5ura,23,wfmdx2nb,372,portfolio,PageBidGenderExp,1789538770,13,0,0
5ogs5ura,23,wfmdx2nb,373,portfolio,Clearing,1789538771,13,0,1
5ogs5ura,21,zd9eakrm,373,portfolio,Clearing,1789538771,13,0,1
5ogs5ura,22,8tpz5m2a,373,portfolio,Clearing,1789538771,13,0,1
5ogs5ura,24,y40upi5t,373,portfolio,Clearing,1789538771,13,0,1
5ogs5ura,25,s6nkestj,373,portfolio,Clearing,1789538771,13,0,1
5ogs5ura,3,fjbh3h2b,372,portfolio,PageBidGenderExp,1789538773,13,0,0
5ogs5ura,9,booloaq9,372,portfolio,PageBidGenderExp,1789538774,13,0,0
5ogs5ura,2,vbjq2y24,372,portfolio,PageBidGenderExp,1789538777,13,0,0
5ogs5ura,5,wz4uvd97,372,portfolio,PageBidGenderExp,1789538778,13,0,0
5ogs5ura,4,j0v5am99,373,portfolio,Clearing,1789538779,13,0,1
5ogs5ura,5,wz4uvd97,373,portfolio,Clearing,1789538779,13,0,1
5ogs5ura,1,qvfebldb,373,portfolio,Clearing,1789538779,13,0,1
5ogs5ura,2,vbjq2y24,373,portfolio,Clearing,1789538779,13,0,1
5ogs5ura,3,fjbh3h2b,373,portfolio,Clearing,1789538779,13,0,1
5ogs5ura,13,folcs8ow,372,portfolio,PageBidGenderExp,1789538780,13,0,0
5ogs5ura,12,p48n4bh0,372,portfolio,PageBidGenderExp,1789538786,13,0,0
5ogs5ura,10,2pc7nfit,372,portfolio,PageBidGenderExp,1789538788,13,0,0
5ogs5ura,8,jw6ngkbn,372,portfolio,PageBidGenderExp,1789538789,13,0,0
5ogs5ura,9,booloaq9,373,portfolio,Clearing,1789538790,13,0,1
5ogs5ura,6,bw46f79x,373,portfolio,Clearing,1789538790,13,0,1
5ogs5ura,7,42qlc5nb,373,portfolio,Clearing,1789538790,13,0,1
5ogs5ura,8,jw6ngkbn,373,portfolio,Clearing,1789538790,13,0,1
5ogs5ura,10,2pc7nfit,373,portfolio,Clearing,1789538790,13,0,1
5ogs5ura,19,5ltpvdck,372,portfolio,PageBidGenderExp,1789538801,13,0,0
5ogs5ura,16,jfy8jxqv,373,portfolio,Clearing,1789538801,13,0,1
5ogs5ura,20,ic1ocjv5,373,portfolio,Clearing,1789538801,13,0,1
5ogs5ura,17,eveqm1ww,373,portfolio,Clearing,1789538801,13,0,1
5ogs5ura,18,1dtln5rg,373,portfolio,Clearing,1789538801,13,0,1
5ogs5ura,19,5ltpvdck,373,portfolio,Clearing,1789538801,13,0,1
5ogs5ura,11,t7rx3zw3,372,portfolio,PageBidGenderExp,1789538809,13,0,0
5ogs5ura,13,folcs8ow,373,portfolio,Clearing,1789538809,13,0,1
5ogs5ura,11,t7rx3zw3,373,portfolio,Clearing,1789538809,13,0,1
5ogs5ura,12,p48n4bh0,373,portfolio,Clearing,1789538809,13,0,1
5ogs5ura,14,cfp8kvc9,373,portfolio,Clearing,1789538809,13,0,1
5ogs5ura,15,tt26hkpl,373,portfolio,Clearing,1789538809,13,0,1
5ogs5ura,4,j0v5am99,374,portfolio,SyncMarketRound,1789538810,13,0,1
5ogs5ura,5,wz4uvd97,374,portfolio,SyncMarketRound,1789538810,13,0,1
5ogs5ura,13,folcs8ow,374,portfolio,SyncMarketRound,1789538810,13,0,1
5ogs5ura,9,booloaq9,374,portfolio,SyncMarketRound,1789538810,13,0,1
5ogs5ura,11,t7rx3zw3,374,portfolio,SyncMarketRound,1789538810,13,0,1
5ogs5ura,16,jfy8jxqv,374,portfolio,SyncMarketRound,1789538810,13,0,1
5ogs5ura,12,p48n4bh0,374,portfolio,SyncMarketRound,1789538810,13,0,1
5ogs5ura,20,ic1ocjv5,374,portfolio,SyncMarketRound,1789538810,13,0,1
5ogs5ura,6,bw46f79x,374,portfolio,SyncMarketRound,1789538810,13,0,1
5ogs5ura,17,eveqm1ww,374,portfolio,SyncMarketRound,1789538810,13,0,1
5ogs5ura,18,1dtln5rg,374,portfolio,SyncMarketRound,1789538810,13,0,1
5ogs5ura,14,cfp8kvc9,374,portfolio,SyncMarketRound,1789538810,13,0,1
5ogs5ura,23,wfmdx2nb,374,portfolio,SyncMarketRound,1789538810,13,0,1
5ogs5ura,21,zd9eakrm,374,portfolio,SyncMarketRound,1789538810,13,0,1
5ogs5ura,22,8tpz5m2a,374,portfolio,SyncMarketRound,1789538810,13,0,1
5ogs5ura,24,y40upi5t,374,portfolio,SyncMarketRound,1789538810,13,0,1
5ogs5ura,25,s6nkestj,374,portfolio,SyncMarketRound,1789538810,13,0,1
5ogs5ura,1,qvfebldb,374,portfolio,SyncMarketRound,1789538810,13,0,1
5ogs5ura,2,vbjq2y24,374,portfolio,SyncMarketRound,1789538810,13,0,1
5ogs5ura,3,fjbh3h2b,374,portfolio,SyncMarketRound,1789538810,13,0,1
5ogs5ura,7,42qlc5nb,374,portfolio,SyncMarketRound,1789538810,13,0,1
5ogs5ura,8,jw6ngkbn,374,portfolio,SyncMarketRound,1789538810,13,0,1
5ogs5ura,10,2pc7nfit,374,portfolio,SyncMarketRound,1789538810,13,0,1
5ogs5ura,19,5ltpvdck,374,portfolio,SyncMarketRound,1789538810,13,0,1
5ogs5ura,15,tt26hkpl,374,portfolio,SyncMarketRound,1789538810,13,0,1
5ogs5ura,22,8tpz5m2a,401,portfolio,PageBidGenderExp,1789538827,14,0,0
5ogs5ura,25,s6nkestj,401,portfolio,PageBidGenderExp,1789538827,14,0,0
5ogs5ura,12,p48n4bh0,401,portfolio,PageBidGenderExp,1789538829,14,0,0
5ogs5ura,16,jfy8jxqv,401,portfolio,PageBidGenderExp,1789538830,14,0,0
5ogs5ura,15,tt26hkpl,401,portfolio,PageBidGenderExp,1789538830,14,0,0
5ogs5ura,17,eveqm1ww,401,portfolio,PageBidGenderExp,1789538831,14,0,0
5ogs5ura,6,bw46f79x,401,portfolio,PageBidGenderExp,1789538831,14,0,0
5ogs5ura,18,1dtln5rg,401,portfolio,PageBidGenderExp,1789538832,14,0,0
5ogs5ura,24,y40upi5t,401,portfolio,PageBidGenderExp,1789538833,14,0,0
5ogs5ura,7,42qlc5nb,401,portfolio,PageBidGenderExp,1789538836,14,0,0
5ogs5ura,14,cfp8kvc9,401,portfolio,PageBidGenderExp,1789538837,14,0,0
5ogs5ura,23,wfmdx2nb,401,portfolio,PageBidGenderExp,1789538838,14,0,0
5ogs5ura,19,5ltpvdck,401,portfolio,PageBidGenderExp,1789538839,14,0,0
5ogs5ura,4,j0v5am99,401,portfolio,PageBidGenderExp,1789538839,14,0,0
5ogs5ura,1,qvfebldb,401,portfolio,PageBidGenderExp,1789538839,14,0,0
5ogs5ura,10,2pc7nfit,401,portfolio,PageBidGenderExp,1789538842,14,0,0
5ogs5ura,9,booloaq9,401,portfolio,PageBidGenderExp,1789538843,14,0,0
5ogs5ura,3,fjbh3h2b,401,portfolio,PageBidGenderExp,1789538844,14,0,0
5ogs5ura,2,vbjq2y24,401,portfolio,PageBidGenderExp,1789538844,14,0,0
5ogs5ura,5,wz4uvd97,401,portfolio,PageBidGenderExp,1789538859,14,0,0
5ogs5ura,2,vbjq2y24,402,portfolio,Clearing,1789538859,14,0,1
5ogs5ura,3,fjbh3h2b,402,portfolio,Clearing,1789538859,14,0,1
5ogs5ura,4,j0v5am99,402,portfolio,Clearing,1789538859,14,0,1
5ogs5ura,5,wz4uvd97,402,portfolio,Clearing,1789538859,14,0,1
5ogs5ura,1,qvfebldb,402,portfolio,Clearing,1789538859,14,0,1
5ogs5ura,8,jw6ngkbn,401,portfolio,PageBidGenderExp,1789538862,14,0,0
5ogs5ura,6,bw46f79x,402,portfolio,Clearing,1789538863,14,0,1
5ogs5ura,7,42qlc5nb,402,portfolio,Clearing,1789538863,14,0,1
5ogs5ura,8,jw6ngkbn,402,portfolio,Clearing,1789538863,14,0,1
5ogs5ura,9,booloaq9,402,portfolio,Clearing,1789538863,14,0,1
5ogs5ura,10,2pc7nfit,402,portfolio,Clearing,1789538863,14,0,1
5ogs5ura,20,ic1ocjv5,401,portfolio,PageBidGenderExp,1789538866,14,0,0
5ogs5ura,16,jfy8jxqv,402,portfolio,Clearing,1789538867,14,0,1
5ogs5ura,17,eveqm1ww,402,portfolio,Clearing,1789538867,14,0,1
5ogs5ura,18,1dtln5rg,402,portfolio,Clearing,1789538867,14,0,1
5ogs5ura,19,5ltpvdck,402,portfolio,Clearing,1789538867,14,0,1
5ogs5ura,20,ic1ocjv5,402,portfolio,Clearing,1789538867,14,0,1
5ogs5ura,21,zd9eakrm,401,portfolio,PageBidGenderExp,1789538879,14,0,0
5ogs5ura,22,8tpz5m2a,402,portfolio,Clearing,1789538880,14,0,1
5ogs5ura,24,y40upi5t,402,portfolio,Clearing,1789538880,14,0,1
5ogs5ura,21,zd9eakrm,402,portfolio,Clearing,1789538880,14,0,1
5ogs5ura,25,s6nkestj,402,portfolio,Clearing,1789538880,14,0,1
5ogs5ura,23,wfmdx2nb,402,portfolio,Clearing,1789538880,14,0,1
5ogs5ura,11,t7rx3zw3,401,portfolio,PageBidGenderExp,1789538886,14,0,0
5ogs5ura,13,folcs8ow,401,portfolio,PageBidGenderExp,1789538890,14,0,0
5ogs5ura,13,folcs8ow,402,portfolio,Clearing,1789538890,14,0,1
5ogs5ura,11,t7rx3zw3,402,portfolio,Clearing,1789538890,14,0,1
5ogs5ura,12,p48n4bh0,402,portfolio,Clearing,1789538890,14,0,1
5ogs5ura,14,cfp8kvc9,402,portfolio,Clearing,1789538890,14,0,1
5ogs5ura,15,tt26hkpl,402,portfolio,Clearing,1789538890,14,0,1
5ogs5ura,2,vbjq2y24,403,portfolio,SyncMarketRound,1789538891,14,0,1
5ogs5ura,3,fjbh3h2b,403,portfolio,SyncMarketRound,1789538891,14,0,1
5ogs5ura,4,j0v5am99,403,portfolio,SyncMarketRound,1789538891,14,0,1
5ogs5ura,5,wz4uvd97,403,portfolio,SyncMarketRound,1789538891,14,0,1
5ogs5ura,22,8tpz5m2a,403,portfolio,SyncMarketRound,1789538891,14,0,1
5ogs5ura,24,y40upi5t,403,portfolio,SyncMarketRound,1789538891,14,0,1
5ogs5ura,21,zd9eakrm,403,portfolio,SyncMarketRound,1789538891,14,0,1
5ogs5ura,25,s6nkestj,403,portfolio,SyncMarketRound,1789538891,14,0,1
5ogs5ura,13,folcs8ow,403,portfolio,SyncMarketRound,1789538891,14,0,1
5ogs5ura,11,t7rx3zw3,403,portfolio,SyncMarketRound,1789538891,14,0,1
5ogs5ura,12,p48n4bh0,403,portfolio,SyncMarketRound,1789538891,14,0,1
5ogs5ura,14,cfp8kvc9,403,portfolio,SyncMarketRound,1789538891,14,0,1
5ogs5ura,15,tt26hkpl,403,portfolio,SyncMarketRound,1789538891,14,0,1
5ogs5ura,6,bw46f79x,403,portfolio,SyncMarketRound,1789538891,14,0,1
5ogs5ura,23,wfmdx2nb,403,portfolio,SyncMarketRound,1789538891,14,0,1
5ogs5ura,16,jfy8jxqv,403,portfolio,SyncMarketRound,1789538891,14,0,1
5ogs5ura,7,42qlc5nb,403,portfolio,SyncMarketRound,1789538891,14,0,1
5ogs5ura,17,eveqm1ww,403,portfolio,SyncMarketRound,1789538891,14,0,1
5ogs5ura,18,1dtln5rg,403,portfolio,SyncMarketRound,1789538891,14,0,1
5ogs5ura,8,jw6ngkbn,403,portfolio,SyncMarketRound,1789538891,14,0,1
5ogs5ura,9,booloaq9,403,portfolio,SyncMarketRound,1789538891,14,0,1
5ogs5ura,10,2pc7nfit,403,portfolio,SyncMarketRound,1789538891,14,0,1
5ogs5ura,1,qvfebldb,403,portfolio,SyncMarketRound,1789538891,14,0,1
5ogs5ura,19,5ltpvdck,403,portfolio,SyncMarketRound,1789538891,14,0,1
5ogs5ura,20,ic1ocjv5,403,portfolio,SyncMarketRound,1789538891,14,0,1
5ogs5ura,21,zd9eakrm,430,portfolio,PageBidGenderExp,1789538904,15,0,0
5ogs5ura,18,1dtln5rg,430,portfolio,PageBidGenderExp,1789538909,15,0,0
5ogs5ura,25,s6nkestj,430,portfolio,PageBidGenderExp,1789538909,15,0,0
5ogs5ura,17,eveqm1ww,430,portfolio,PageBidGenderExp,1789538911,15,0,0
5ogs5ura,23,wfmdx2nb,430,portfolio,PageBidGenderExp,1789538913,15,0,0
5ogs5ura,24,y40upi5t,430,portfolio,PageBidGenderExp,1789538913,15,0,0
5ogs5ura,16,jfy8jxqv,430,portfolio,PageBidGenderExp,1789538914,15,0,0
5ogs5ura,7,42qlc5nb,430,portfolio,PageBidGenderExp,1789538916,15,0,0
5ogs5ura,15,tt26hkpl,430,portfolio,PageBidGenderExp,1789538916,15,0,0
5ogs5ura,22,8tpz5m2a,430,portfolio,PageBidGenderExp,1789538921,15,0,0
5ogs5ura,24,y40upi5t,431,portfolio,Clearing,1789538922,15,0,1
5ogs5ura,25,s6nkestj,431,portfolio,Clearing,1789538922,15,0,1
5ogs5ura,21,zd9eakrm,431,portfolio,Clearing,1789538922,15,0,1
5ogs5ura,22,8tpz5m2a,431,portfolio,Clearing,1789538922,15,0,1
5ogs5ura,23,wfmdx2nb,431,portfolio,Clearing,1789538922,15,0,1
5ogs5ura,6,bw46f79x,430,portfolio,PageBidGenderExp,1789538922,15,0,0
5ogs5ura,19,5ltpvdck,430,portfolio,PageBidGenderExp,1789538922,15,0,0
5ogs5ura,5,wz4uvd97,430,portfolio,PageBidGenderExp,1789538923,15,0,0
5ogs5ura,2,vbjq2y24,430,portfolio,PageBidGenderExp,1789538924,15,0,0
5ogs5ura,14,cfp8kvc9,430,portfolio,PageBidGenderExp,1789538924,15,0,0
5ogs5ura,10,2pc7nfit,430,portfolio,PageBidGenderExp,1789538924,15,0,0
5ogs5ura,9,booloaq9,430,portfolio,PageBidGenderExp,1789538927,15,0,0
5ogs5ura,20,ic1ocjv5,430,portfolio,PageBidGenderExp,1789538930,15,0,0
5ogs5ura,1,qvfebldb,430,portfolio,PageBidGenderExp,1789538930,15,0,0
5ogs5ura,19,5ltpvdck,431,portfolio,Clearing,1789538930,15,0,1
5ogs5ura,20,ic1ocjv5,431,portfolio,Clearing,1789538930,15,0,1
5ogs5ura,16,jfy8jxqv,431,portfolio,Clearing,1789538930,15,0,1
5ogs5ura,17,eveqm1ww,431,portfolio,Clearing,1789538930,15,0,1
5ogs5ura,18,1dtln5rg,431,portfolio,Clearing,1789538930,15,0,1
5ogs5ura,4,j0v5am99,430,portfolio,PageBidGenderExp,1789538933,15,0,0
5ogs5ura,12,p48n4bh0,430,portfolio,PageBidGenderExp,1789538933,15,0,0
5ogs5ura,3,fjbh3h2b,430,portfolio,PageBidGenderExp,1789538937,15,0,0
5ogs5ura,1,qvfebldb,431,portfolio,Clearing,1789538938,15,0,1
5ogs5ura,2,vbjq2y24,431,portfolio,Clearing,1789538938,15,0,1
5ogs5ura,3,fjbh3h2b,431,portfolio,Clearing,1789538938,15,0,1
5ogs5ura,4,j0v5am99,431,portfolio,Clearing,1789538938,15,0,1
5ogs5ura,5,wz4uvd97,431,portfolio,Clearing,1789538938,15,0,1
5ogs5ura,8,jw6ngkbn,430,portfolio,PageBidGenderExp,1789538940,15,0,0
5ogs5ura,6,bw46f79x,431,portfolio,Clearing,1789538940,15,0,1
5ogs5ura,7,42qlc5nb,431,portfolio,Clearing,1789538940,15,0,1
5ogs5ura,8,jw6ngkbn,431,portfolio,Clearing,1789538940,15,0,1
5ogs5ura,9,booloaq9,431,portfolio,Clearing,1789538940,15,0,1
5ogs5ura,10,2pc7nfit,431,portfolio,Clearing,1789538940,15,0,1
5ogs5ura,11,t7rx3zw3,430,portfolio,PageBidGenderExp,1789538944,15,0,0
5ogs5ura,13,folcs8ow,430,portfolio,PageBidGenderExp,1789538971,15,0,0
5ogs5ura,11,t7rx3zw3,431,portfolio,Clearing,1789538971,15,0,1
5ogs5ura,12,p48n4bh0,431,portfolio,Clearing,1789538971,15,0,1
5ogs5ura,13,folcs8ow,431,portfolio,Clearing,1789538971,15,0,1
5ogs5ura,14,cfp8kvc9,431,portfolio,Clearing,1789538971,15,0,1
5ogs5ura,15,tt26hkpl,431,portfolio,Clearing,1789538971,15,0,1
5ogs5ura,24,y40upi5t,432,portfolio,SyncMarketRound,1789538973,15,0,1
5ogs5ura,25,s6nkestj,432,portfolio,SyncMarketRound,1789538973,15,0,1
5ogs5ura,19,5ltpvdck,432,portfolio,SyncMarketRound,1789538973,15,0,1
5ogs5ura,20,ic1ocjv5,432,portfolio,SyncMarketRound,1789538973,15,0,1
5ogs5ura,6,bw46f79x,432,portfolio,SyncMarketRound,1789538973,15,0,1
5ogs5ura,11,t7rx3zw3,432,portfolio,SyncMarketRound,1789538973,15,0,1
5ogs5ura,1,qvfebldb,432,portfolio,SyncMarketRound,1789538973,15,0,1
5ogs5ura,21,zd9eakrm,432,portfolio,SyncMarketRound,1789538973,15,0,1
5ogs5ura,22,8tpz5m2a,432,portfolio,SyncMarketRound,1789538973,15,0,1
5ogs5ura,7,42qlc5nb,432,portfolio,SyncMarketRound,1789538973,15,0,1
5ogs5ura,8,jw6ngkbn,432,portfolio,SyncMarketRound,1789538973,15,0,1
5ogs5ura,12,p48n4bh0,432,portfolio,SyncMarketRound,1789538973,15,0,1
5ogs5ura,13,folcs8ow,432,portfolio,SyncMarketRound,1789538973,15,0,1
5ogs5ura,2,vbjq2y24,432,portfolio,SyncMarketRound,1789538973,15,0,1
5ogs5ura,9,booloaq9,432,portfolio,SyncMarketRound,1789538973,15,0,1
5ogs5ura,16,jfy8jxqv,432,portfolio,SyncMarketRound,1789538973,15,0,1
5ogs5ura,17,eveqm1ww,432,portfolio,SyncMarketRound,1789538973,15,0,1
5ogs5ura,18,1dtln5rg,432,portfolio,SyncMarketRound,1789538973,15,0,1
5ogs5ura,3,fjbh3h2b,432,portfolio,SyncMarketRound,1789538973,15,0,1
5ogs5ura,4,j0v5am99,432,portfolio,SyncMarketRound,1789538973,15,0,1
5ogs5ura,5,wz4uvd97,432,portfolio,SyncMarketRound,1789538973,15,0,1
5ogs5ura,10,2pc7nfit,432,portfolio,SyncMarketRound,1789538973,15,0,1
5ogs5ura,14,cfp8kvc9,432,portfolio,SyncMarketRound,1789538973,15,0,1
5ogs5ura,15,tt26hkpl,432,portfolio,SyncMarketRound,1789538973,15,0,1
5ogs5ura,23,wfmdx2nb,432,portfolio,SyncMarketRound,1789538973,15,0,1
5ogs5ura,21,zd9eakrm,459,portfolio,PageBidGenderExp,1789538988,16,0,0
5ogs5ura,18,1dtln5rg,459,portfolio,PageBidGenderExp,1789538989,16,0,0
5ogs5ura,19,5ltpvdck,459,portfolio,PageBidGenderExp,1789538991,16,0,0
5ogs5ura,7,42qlc5nb,459,portfolio,PageBidGenderExp,1789538992,16,0,0
5ogs5ura,17,eveqm1ww,459,portfolio,PageBidGenderExp,1789538993,16,0,0
5ogs5ura,1,qvfebldb,459,portfolio,PageBidGenderExp,1789538993,16,0,0
5ogs5ura,22,8tpz5m2a,459,portfolio,PageBidGenderExp,1789538993,16,0,0
5ogs5ura,16,jfy8jxqv,459,portfolio,PageBidGenderExp,1789538995,16,0,0
5ogs5ura,23,wfmdx2nb,459,portfolio,PageBidGenderExp,1789538995,16,0,0
5ogs5ura,25,s6nkestj,459,portfolio,PageBidGenderExp,1789538998,16,0,0
5ogs5ura,5,wz4uvd97,459,portfolio,PageBidGenderExp,1789539004,16,0,0
5ogs5ura,10,2pc7nfit,459,portfolio,PageBidGenderExp,1789539004,16,0,0
5ogs5ura,15,tt26hkpl,459,portfolio,PageBidGenderExp,1789539006,16,0,0
5ogs5ura,2,vbjq2y24,459,portfolio,PageBidGenderExp,1789539008,16,0,0
5ogs5ura,20,ic1ocjv5,459,portfolio,PageBidGenderExp,1789539008,16,0,0
5ogs5ura,17,eveqm1ww,460,portfolio,Clearing,1789539009,16,0,1
5ogs5ura,18,1dtln5rg,460,portfolio,Clearing,1789539009,16,0,1
5ogs5ura,19,5ltpvdck,460,portfolio,Clearing,1789539009,16,0,1
5ogs5ura,20,ic1ocjv5,460,portfolio,Clearing,1789539009,16,0,1
5ogs5ura,16,jfy8jxqv,460,portfolio,Clearing,1789539009,16,0,1
5ogs5ura,6,bw46f79x,459,portfolio,PageBidGenderExp,1789539009,16,0,0
5ogs5ura,24,y40upi5t,459,portfolio,PageBidGenderExp,1789539009,16,0,0
5ogs5ura,21,zd9eakrm,460,portfolio,Clearing,1789539010,16,0,1
5ogs5ura,22,8tpz5m2a,460,portfolio,Clearing,1789539010,16,0,1
5ogs5ura,23,wfmdx2nb,460,portfolio,Clearing,1789539010,16,0,1
5ogs5ura,24,y40upi5t,460,portfolio,Clearing,1789539010,16,0,1
5ogs5ura,25,s6nkestj,460,portfolio,Clearing,1789539010,16,0,1
5ogs5ura,14,cfp8kvc9,459,portfolio,PageBidGenderExp,1789539011,16,0,0
5ogs5ura,9,booloaq9,459,portfolio,PageBidGenderExp,1789539015,16,0,0
5ogs5ura,3,fjbh3h2b,459,portfolio,PageBidGenderExp,1789539017,16,0,0
5ogs5ura,11,t7rx3zw3,459,portfolio,PageBidGenderExp,1789539024,16,0,0
5ogs5ura,8,jw6ngkbn,459,portfolio,PageBidGenderExp,1789539026,16,0,0
5ogs5ura,10,2pc7nfit,460,portfolio,Clearing,1789539027,16,0,1
5ogs5ura,6,bw46f79x,460,portfolio,Clearing,1789539027,16,0,1
5ogs5ura,7,42qlc5nb,460,portfolio,Clearing,1789539027,16,0,1
5ogs5ura,8,jw6ngkbn,460,portfolio,Clearing,1789539027,16,0,1
5ogs5ura,9,booloaq9,460,portfolio,Clearing,1789539027,16,0,1
5ogs5ura,4,j0v5am99,459,portfolio,PageBidGenderExp,1789539030,16,0,0
5ogs5ura,1,qvfebldb,460,portfolio,Clearing,1789539030,16,0,1
5ogs5ura,2,vbjq2y24,460,portfolio,Clearing,1789539030,16,0,1
5ogs5ura,3,fjbh3h2b,460,portfolio,Clearing,1789539030,16,0,1
5ogs5ura,4,j0v5am99,460,portfolio,Clearing,1789539030,16,0,1
5ogs5ura,5,wz4uvd97,460,portfolio,Clearing,1789539030,16,0,1
5ogs5ura,12,p48n4bh0,459,portfolio,PageBidGenderExp,1789539031,16,0,0
5ogs5ura,13,folcs8ow,459,portfolio,PageBidGenderExp,1789539057,16,0,0
5ogs5ura,11,t7rx3zw3,460,portfolio,Clearing,1789539057,16,0,1
5ogs5ura,12,p48n4bh0,460,portfolio,Clearing,1789539057,16,0,1
5ogs5ura,13,folcs8ow,460,portfolio,Clearing,1789539057,16,0,1
5ogs5ura,14,cfp8kvc9,460,portfolio,Clearing,1789539057,16,0,1
5ogs5ura,15,tt26hkpl,460,portfolio,Clearing,1789539057,16,0,1
5ogs5ura,17,eveqm1ww,461,portfolio,SyncMarketRound,1789539058,16,0,1
5ogs5ura,18,1dtln5rg,461,portfolio,SyncMarketRound,1789539058,16,0,1
5ogs5ura,19,5ltpvdck,461,portfolio,SyncMarketRound,1789539058,16,0,1
5ogs5ura,20,ic1ocjv5,461,portfolio,SyncMarketRound,1789539058,16,0,1
5ogs5ura,10,2pc7nfit,461,portfolio,SyncMarketRound,1789539058,16,0,1
5ogs5ura,1,qvfebldb,461,portfolio,SyncMarketRound,1789539058,16,0,1
5ogs5ura,2,vbjq2y24,461,portfolio,SyncMarketRound,1789539058,16,0,1
5ogs5ura,21,zd9eakrm,461,portfolio,SyncMarketRound,1789539058,16,0,1
5ogs5ura,11,t7rx3zw3,461,portfolio,SyncMarketRound,1789539058,16,0,1
5ogs5ura,22,8tpz5m2a,461,portfolio,SyncMarketRound,1789539058,16,0,1
5ogs5ura,3,fjbh3h2b,461,portfolio,SyncMarketRound,1789539058,16,0,1
5ogs5ura,12,p48n4bh0,461,portfolio,SyncMarketRound,1789539058,16,0,1
5ogs5ura,4,j0v5am99,461,portfolio,SyncMarketRound,1789539058,16,0,1
5ogs5ura,13,folcs8ow,461,portfolio,SyncMarketRound,1789539058,16,0,1
5ogs5ura,23,wfmdx2nb,461,portfolio,SyncMarketRound,1789539058,16,0,1
5ogs5ura,16,jfy8jxqv,461,portfolio,SyncMarketRound,1789539058,16,0,1
5ogs5ura,24,y40upi5t,461,portfolio,SyncMarketRound,1789539058,16,0,1
5ogs5ura,25,s6nkestj,461,portfolio,SyncMarketRound,1789539058,16,0,1
5ogs5ura,6,bw46f79x,461,portfolio,SyncMarketRound,1789539058,16,0,1
5ogs5ura,7,42qlc5nb,461,portfolio,SyncMarketRound,1789539058,16,0,1
5ogs5ura,8,jw6ngkbn,461,portfolio,SyncMarketRound,1789539058,16,0,1
5ogs5ura,9,booloaq9,461,portfolio,SyncMarketRound,1789539058,16,0,1
5ogs5ura,5,wz4uvd97,461,portfolio,SyncMarketRound,1789539058,16,0,1
5ogs5ura,14,cfp8kvc9,461,portfolio,SyncMarketRound,1789539058,16,0,1
5ogs5ura,15,tt26hkpl,461,portfolio,SyncMarketRound,1789539058,16,0,1
5ogs5ura,23,wfmdx2nb,488,portfolio,PageBidGenderExp,1789539076,17,0,0
5ogs5ura,21,zd9eakrm,488,portfolio,PageBidGenderExp,1789539076,17,0,0
5ogs5ura,17,eveqm1ww,488,portfolio,PageBidGenderExp,1789539078,17,0,0
5ogs5ura,18,1dtln5rg,488,portfolio,PageBidGenderExp,1789539080,17,0,0
5ogs5ura,16,jfy8jxqv,488,portfolio,PageBidGenderExp,1789539081,17,0,0
5ogs5ura,22,8tpz5m2a,488,portfolio,PageBidGenderExp,1789539082,17,0,0
5ogs5ura,1,qvfebldb,488,portfolio,PageBidGenderExp,1789539086,17,0,0
5ogs5ura,10,2pc7nfit,488,portfolio,PageBidGenderExp,1789539087,17,0,0
5ogs5ura,4,j0v5am99,488,portfolio,PageBidGenderExp,1789539087,17,0,0
5ogs5ura,6,bw46f79x,488,portfolio,PageBidGenderExp,1789539089,17,0,0
5ogs5ura,2,vbjq2y24,488,portfolio,PageBidGenderExp,1789539093,17,0,0
5ogs5ura,12,p48n4bh0,488,portfolio,PageBidGenderExp,1789539093,17,0,0
5ogs5ura,5,wz4uvd97,488,portfolio,PageBidGenderExp,1789539093,17,0,0
5ogs5ura,9,booloaq9,488,portfolio,PageBidGenderExp,1789539093,17,0,0
5ogs5ura,7,42qlc5nb,488,portfolio,PageBidGenderExp,1789539094,17,0,0
5ogs5ura,15,tt26hkpl,488,portfolio,PageBidGenderExp,1789539102,17,0,0
5ogs5ura,25,s6nkestj,488,portfolio,PageBidGenderExp,1789539103,17,0,0
5ogs5ura,24,y40upi5t,488,portfolio,PageBidGenderExp,1789539105,17,0,0
5ogs5ura,22,8tpz5m2a,489,portfolio,Clearing,1789539105,17,0,1
5ogs5ura,23,wfmdx2nb,489,portfolio,Clearing,1789539105,17,0,1
5ogs5ura,24,y40upi5t,489,portfolio,Clearing,1789539105,17,0,1
5ogs5ura,25,s6nkestj,489,portfolio,Clearing,1789539105,17,0,1
5ogs5ura,21,zd9eakrm,489,portfolio,Clearing,1789539105,17,0,1
5ogs5ura,19,5ltpvdck,488,portfolio,PageBidGenderExp,1789539106,17,0,0
5ogs5ura,20,ic1ocjv5,488,portfolio,PageBidGenderExp,1789539106,17,0,0
5ogs5ura,16,jfy8jxqv,489,portfolio,Clearing,1789539107,17,0,1
5ogs5ura,17,eveqm1ww,489,portfolio,Clearing,1789539107,17,0,1
5ogs5ura,18,1dtln5rg,489,portfolio,Clearing,1789539107,17,0,1
5ogs5ura,19,5ltpvdck,489,portfolio,Clearing,1789539107,17,0,1
5ogs5ura,20,ic1ocjv5,489,portfolio,Clearing,1789539107,17,0,1
5ogs5ura,3,fjbh3h2b,488,portfolio,PageBidGenderExp,1789539131,17,0,0
5ogs5ura,5,wz4uvd97,489,portfolio,Clearing,1789539131,17,0,1
5ogs5ura,1,qvfebldb,489,portfolio,Clearing,1789539131,17,0,1
5ogs5ura,2,vbjq2y24,489,portfolio,Clearing,1789539131,17,0,1
5ogs5ura,3,fjbh3h2b,489,portfolio,Clearing,1789539131,17,0,1
5ogs5ura,4,j0v5am99,489,portfolio,Clearing,1789539131,17,0,1
5ogs5ura,8,jw6ngkbn,488,portfolio,PageBidGenderExp,1789539133,17,0,0
5ogs5ura,6,bw46f79x,489,portfolio,Clearing,1789539134,17,0,1
5ogs5ura,7,42qlc5nb,489,portfolio,Clearing,1789539134,17,0,1
5ogs5ura,8,jw6ngkbn,489,portfolio,Clearing,1789539134,17,0,1
5ogs5ura,9,booloaq9,489,portfolio,Clearing,1789539134,17,0,1
5ogs5ura,10,2pc7nfit,489,portfolio,Clearing,1789539134,17,0,1
5ogs5ura,11,t7rx3zw3,488,portfolio,PageBidGenderExp,1789539150,17,0,0
5ogs5ura,14,cfp8kvc9,488,portfolio,PageBidGenderExp,1789539163,17,0,0
5ogs5ura,13,folcs8ow,488,portfolio,PageBidGenderExp,1789539174,17,0,0
5ogs5ura,11,t7rx3zw3,489,portfolio,Clearing,1789539174,17,0,1
5ogs5ura,12,p48n4bh0,489,portfolio,Clearing,1789539174,17,0,1
5ogs5ura,13,folcs8ow,489,portfolio,Clearing,1789539174,17,0,1
5ogs5ura,14,cfp8kvc9,489,portfolio,Clearing,1789539174,17,0,1
5ogs5ura,15,tt26hkpl,489,portfolio,Clearing,1789539174,17,0,1
5ogs5ura,22,8tpz5m2a,490,portfolio,SyncMarketRound,1789539175,17,0,1
5ogs5ura,23,wfmdx2nb,490,portfolio,SyncMarketRound,1789539175,17,0,1
5ogs5ura,24,y40upi5t,490,portfolio,SyncMarketRound,1789539175,17,0,1
5ogs5ura,5,wz4uvd97,490,portfolio,SyncMarketRound,1789539175,17,0,1
5ogs5ura,1,qvfebldb,490,portfolio,SyncMarketRound,1789539175,17,0,1
5ogs5ura,2,vbjq2y24,490,portfolio,SyncMarketRound,1789539175,17,0,1
5ogs5ura,6,bw46f79x,490,portfolio,SyncMarketRound,1789539175,17,0,1
5ogs5ura,7,42qlc5nb,490,portfolio,SyncMarketRound,1789539175,17,0,1
5ogs5ura,8,jw6ngkbn,490,portfolio,SyncMarketRound,1789539175,17,0,1
5ogs5ura,9,booloaq9,490,portfolio,SyncMarketRound,1789539175,17,0,1
5ogs5ura,11,t7rx3zw3,490,portfolio,SyncMarketRound,1789539175,17,0,1
5ogs5ura,12,p48n4bh0,490,portfolio,SyncMarketRound,1789539175,17,0,1
5ogs5ura,3,fjbh3h2b,490,portfolio,SyncMarketRound,1789539175,17,0,1
5ogs5ura,16,jfy8jxqv,490,portfolio,SyncMarketRound,1789539175,17,0,1
5ogs5ura,17,eveqm1ww,490,portfolio,SyncMarketRound,1789539175,17,0,1
5ogs5ura,18,1dtln5rg,490,portfolio,SyncMarketRound,1789539175,17,0,1
5ogs5ura,19,5ltpvdck,490,portfolio,SyncMarketRound,1789539175,17,0,1
5ogs5ura,4,j0v5am99,490,portfolio,SyncMarketRound,1789539175,17,0,1
5ogs5ura,10,2pc7nfit,490,portfolio,SyncMarketRound,1789539175,17,0,1
5ogs5ura,13,folcs8ow,490,portfolio,SyncMarketRound,1789539175,17,0,1
5ogs5ura,14,cfp8kvc9,490,portfolio,SyncMarketRound,1789539175,17,0,1
5ogs5ura,15,tt26hkpl,490,portfolio,SyncMarketRound,1789539175,17,0,1
5ogs5ura,20,ic1ocjv5,490,portfolio,SyncMarketRound,1789539175,17,0,1
5ogs5ura,25,s6nkestj,490,portfolio,SyncMarketRound,1789539175,17,0,1
5ogs5ura,21,zd9eakrm,490,portfolio,SyncMarketRound,1789539175,17,0,1
5ogs5ura,1,qvfebldb,517,portfolio,PageBidGenderExp,1789539192,18,0,0
5ogs5ura,20,ic1ocjv5,517,portfolio,PageBidGenderExp,1789539192,18,0,0
5ogs5ura,18,1dtln5rg,517,portfolio,PageBidGenderExp,1789539192,18,0,0
5ogs5ura,21,zd9eakrm,517,portfolio,PageBidGenderExp,1789539194,18,0,0
5ogs5ura,16,jfy8jxqv,517,portfolio,PageBidGenderExp,1789539195,18,0,0
5ogs5ura,15,tt26hkpl,517,portfolio,PageBidGenderExp,1789539196,18,0,0
5ogs5ura,17,eveqm1ww,517,portfolio,PageBidGenderExp,1789539196,18,0,0
5ogs5ura,22,8tpz5m2a,517,portfolio,PageBidGenderExp,1789539198,18,0,0
5ogs5ura,7,42qlc5nb,517,portfolio,PageBidGenderExp,1789539198,18,0,0
5ogs5ura,10,2pc7nfit,517,portfolio,PageBidGenderExp,1789539200,18,0,0
5ogs5ura,24,y40upi5t,517,portfolio,PageBidGenderExp,1789539202,18,0,0
5ogs5ura,23,wfmdx2nb,517,portfolio,PageBidGenderExp,1789539203,18,0,0
5ogs5ura,6,bw46f79x,517,portfolio,PageBidGenderExp,1789539203,18,0,0
5ogs5ura,19,5ltpvdck,517,portfolio,PageBidGenderExp,1789539205,18,0,0
5ogs5ura,18,1dtln5rg,518,portfolio,Clearing,1789539205,18,0,1
5ogs5ura,19,5ltpvdck,518,portfolio,Clearing,1789539205,18,0,1
5ogs5ura,20,ic1ocjv5,518,portfolio,Clearing,1789539205,18,0,1
5ogs5ura,16,jfy8jxqv,518,portfolio,Clearing,1789539205,18,0,1
5ogs5ura,17,eveqm1ww,518,portfolio,Clearing,1789539205,18,0,1
5ogs5ura,2,vbjq2y24,517,portfolio,PageBidGenderExp,1789539206,18,0,0
5ogs5ura,25,s6nkestj,517,portfolio,PageBidGenderExp,1789539207,18,0,0
5ogs5ura,21,zd9eakrm,518,portfolio,Clearing,1789539208,18,0,1
5ogs5ura,22,8tpz5m2a,518,portfolio,Clearing,1789539208,18,0,1
5ogs5ura,23,wfmdx2nb,518,portfolio,Clearing,1789539208,18,0,1
5ogs5ura,24,y40upi5t,518,portfolio,Clearing,1789539208,18,0,1
5ogs5ura,25,s6nkestj,518,portfolio,Clearing,1789539208,18,0,1
5ogs5ura,9,booloaq9,517,portfolio,PageBidGenderExp,1789539214,18,0,0
5ogs5ura,14,cfp8kvc9,517,portfolio,PageBidGenderExp,1789539216,18,0,0
5ogs5ura,3,fjbh3h2b,517,portfolio,PageBidGenderExp,1789539222,18,0,0
5ogs5ura,4,j0v5am99,517,portfolio,PageBidGenderExp,1789539224,18,0,0
5ogs5ura,5,wz4uvd97,517,portfolio,PageBidGenderExp,1789539230,18,0,0
5ogs5ura,5,wz4uvd97,518,portfolio,Clearing,1789539230,18,0,1
5ogs5ura,1,qvfebldb,518,portfolio,Clearing,1789539230,18,0,1
5ogs5ura,2,vbjq2y24,518,portfolio,Clearing,1789539230,18,0,1
5ogs5ura,3,fjbh3h2b,518,portfolio,Clearing,1789539230,18,0,1
5ogs5ura,4,j0v5am99,518,portfolio,Clearing,1789539230,18,0,1
5ogs5ura,12,p48n4bh0,517,portfolio,PageBidGenderExp,1789539233,18,0,0
5ogs5ura,11,t7rx3zw3,517,portfolio,PageBidGenderExp,1789539251,18,0,0
5ogs5ura,8,jw6ngkbn,517,portfolio,PageBidGenderExp,1789539254,18,0,0
5ogs5ura,6,bw46f79x,518,portfolio,Clearing,1789539254,18,0,1
5ogs5ura,7,42qlc5nb,518,portfolio,Clearing,1789539254,18,0,1
5ogs5ura,8,jw6ngkbn,518,portfolio,Clearing,1789539254,18,0,1
5ogs5ura,9,booloaq9,518,portfolio,Clearing,1789539254,18,0,1
5ogs5ura,10,2pc7nfit,518,portfolio,Clearing,1789539254,18,0,1
5ogs5ura,13,folcs8ow,517,portfolio,PageBidGenderExp,1789539258,18,0,0
5ogs5ura,13,folcs8ow,518,portfolio,Clearing,1789539258,18,0,1
5ogs5ura,11,t7rx3zw3,518,portfolio,Clearing,1789539258,18,0,1
5ogs5ura,12,p48n4bh0,518,portfolio,Clearing,1789539258,18,0,1
5ogs5ura,14,cfp8kvc9,518,portfolio,Clearing,1789539258,18,0,1
5ogs5ura,15,tt26hkpl,518,portfolio,Clearing,1789539258,18,0,1
5ogs5ura,18,1dtln5rg,519,portfolio,SyncMarketRound,1789539259,18,0,1
5ogs5ura,19,5ltpvdck,519,portfolio,SyncMarketRound,1789539259,18,0,1
5ogs5ura,20,ic1ocjv5,519,portfolio,SyncMarketRound,1789539259,18,0,1
5ogs5ura,5,wz4uvd97,519,portfolio,SyncMarketRound,1789539259,18,0,1
5ogs5ura,13,folcs8ow,519,portfolio,SyncMarketRound,1789539259,18,0,1
5ogs5ura,21,zd9eakrm,519,portfolio,SyncMarketRound,1789539259,18,0,1
5ogs5ura,22,8tpz5m2a,519,portfolio,SyncMarketRound,1789539259,18,0,1
5ogs5ura,11,t7rx3zw3,519,portfolio,SyncMarketRound,1789539259,18,0,1
5ogs5ura,12,p48n4bh0,519,portfolio,SyncMarketRound,1789539259,18,0,1
5ogs5ura,14,cfp8kvc9,519,portfolio,SyncMarketRound,1789539259,18,0,1
5ogs5ura,6,bw46f79x,519,portfolio,SyncMarketRound,1789539259,18,0,1
5ogs5ura,7,42qlc5nb,519,portfolio,SyncMarketRound,1789539259,18,0,1
5ogs5ura,15,tt26hkpl,519,portfolio,SyncMarketRound,1789539259,18,0,1
5ogs5ura,23,wfmdx2nb,519,portfolio,SyncMarketRound,1789539259,18,0,1
5ogs5ura,16,jfy8jxqv,519,portfolio,SyncMarketRound,1789539259,18,0,1
5ogs5ura,17,eveqm1ww,519,portfolio,SyncMarketRound,1789539259,18,0,1
5ogs5ura,24,y40upi5t,519,portfolio,SyncMarketRound,1789539259,18,0,1
5ogs5ura,25,s6nkestj,519,portfolio,SyncMarketRound,1789539259,18,0,1
5ogs5ura,1,qvfebldb,519,portfolio,SyncMarketRound,1789539259,18,0,1
5ogs5ura,2,vbjq2y24,519,portfolio,SyncMarketRound,1789539259,18,0,1
5ogs5ura,3,fjbh3h2b,519,portfolio,SyncMarketRound,1789539259,18,0,1
5ogs5ura,4,j0v5am99,519,portfolio,SyncMarketRound,1789539259,18,0,1
5ogs5ura,8,jw6ngkbn,519,portfolio,SyncMarketRound,1789539259,18,0,1
5ogs5ura,9,booloaq9,519,portfolio,SyncMarketRound,1789539259,18,0,1
5ogs5ura,10,2pc7nfit,519,portfolio,SyncMarketRound,1789539259,18,0,1
5ogs5ura,21,zd9eakrm,546,portfolio,PageBidGenderExp,1789539274,19,0,0
5ogs5ura,18,1dtln5rg,546,portfolio,PageBidGenderExp,1789539275,19,0,0
5ogs5ura,24,y40upi5t,546,portfolio,PageBidGenderExp,1789539275,19,0,0
5ogs5ura,19,5ltpvdck,546,portfolio,PageBidGenderExp,1789539275,19,0,0
5ogs5ura,20,ic1ocjv5,546,portfolio,PageBidGenderExp,1789539276,19,0,0
5ogs5ura,17,eveqm1ww,546,portfolio,PageBidGenderExp,1789539277,19,0,0
5ogs5ura,22,8tpz5m2a,546,portfolio,PageBidGenderExp,1789539277,19,0,0
5ogs5ura,16,jfy8jxqv,546,portfolio,PageBidGenderExp,1789539278,19,0,0
5ogs5ura,16,jfy8jxqv,547,portfolio,Clearing,1789539278,19,0,1
5ogs5ura,20,ic1ocjv5,547,portfolio,Clearing,1789539278,19,0,1
5ogs5ura,17,eveqm1ww,547,portfolio,Clearing,1789539278,19,0,1
5ogs5ura,18,1dtln5rg,547,portfolio,Clearing,1789539278,19,0,1
5ogs5ura,19,5ltpvdck,547,portfolio,Clearing,1789539278,19,0,1
5ogs5ura,7,42qlc5nb,546,portfolio,PageBidGenderExp,1789539281,19,0,0
5ogs5ura,6,bw46f79x,546,portfolio,PageBidGenderExp,1789539281,19,0,0
5ogs5ura,11,t7rx3zw3,546,portfolio,PageBidGenderExp,1789539283,19,0,0
5ogs5ura,1,qvfebldb,546,portfolio,PageBidGenderExp,1789539288,19,0,0
5ogs5ura,9,booloaq9,546,portfolio,PageBidGenderExp,1789539290,19,0,0
5ogs5ura,2,vbjq2y24,546,portfolio,PageBidGenderExp,1789539292,19,0,0
5ogs5ura,25,s6nkestj,546,portfolio,PageBidGenderExp,1789539295,19,0,0
5ogs5ura,10,2pc7nfit,546,portfolio,PageBidGenderExp,1789539298,19,0,0
5ogs5ura,15,tt26hkpl,546,portfolio,PageBidGenderExp,1789539303,19,0,0
5ogs5ura,23,wfmdx2nb,546,portfolio,PageBidGenderExp,1789539305,19,0,0
5ogs5ura,3,fjbh3h2b,546,portfolio,PageBidGenderExp,1789539305,19,0,0
5ogs5ura,5,wz4uvd97,546,portfolio,PageBidGenderExp,1789539305,19,0,0
5ogs5ura,24,y40upi5t,547,portfolio,Clearing,1789539305,19,0,1
5ogs5ura,25,s6nkestj,547,portfolio,Clearing,1789539305,19,0,1
5ogs5ura,21,zd9eakrm,547,portfolio,Clearing,1789539305,19,0,1
5ogs5ura,22,8tpz5m2a,547,portfolio,Clearing,1789539305,19,0,1
5ogs5ura,23,wfmdx2nb,547,portfolio,Clearing,1789539305,19,0,1
5ogs5ura,4,j0v5am99,546,portfolio,PageBidGenderExp,1789539311,19,0,0
5ogs5ura,5,wz4uvd97,547,portfolio,Clearing,1789539311,19,0,1
5ogs5ura,1,qvfebldb,547,portfolio,Clearing,1789539311,19,0,1
5ogs5ura,2,vbjq2y24,547,portfolio,Clearing,1789539311,19,0,1
5ogs5ura,3,fjbh3h2b,547,portfolio,Clearing,1789539311,19,0,1
5ogs5ura,4,j0v5am99,547,portfolio,Clearing,1789539311,19,0,1
5ogs5ura,12,p48n4bh0,546,portfolio,PageBidGenderExp,1789539313,19,0,0
5ogs5ura,8,jw6ngkbn,546,portfolio,PageBidGenderExp,1789539322,19,0,0
5ogs5ura,6,bw46f79x,547,portfolio,Clearing,1789539322,19,0,1
5ogs5ura,7,42qlc5nb,547,portfolio,Clearing,1789539322,19,0,1
5ogs5ura,8,jw6ngkbn,547,portfolio,Clearing,1789539322,19,0,1
5ogs5ura,9,booloaq9,547,portfolio,Clearing,1789539322,19,0,1
5ogs5ura,10,2pc7nfit,547,portfolio,Clearing,1789539322,19,0,1
5ogs5ura,13,folcs8ow,546,portfolio,PageBidGenderExp,1789539347,19,0,0
5ogs5ura,14,cfp8kvc9,546,portfolio,PageBidGenderExp,1789539395,19,0,0
5ogs5ura,11,t7rx3zw3,547,portfolio,Clearing,1789539395,19,0,1
5ogs5ura,12,p48n4bh0,547,portfolio,Clearing,1789539395,19,0,1
5ogs5ura,13,folcs8ow,547,portfolio,Clearing,1789539395,19,0,1
5ogs5ura,14,cfp8kvc9,547,portfolio,Clearing,1789539395,19,0,1
5ogs5ura,15,tt26hkpl,547,portfolio,Clearing,1789539395,19,0,1
5ogs5ura,5,wz4uvd97,548,portfolio,SyncMarketRound,1789539396,19,0,1
5ogs5ura,16,jfy8jxqv,548,portfolio,SyncMarketRound,1789539396,19,0,1
5ogs5ura,11,t7rx3zw3,548,portfolio,SyncMarketRound,1789539396,19,0,1
5ogs5ura,12,p48n4bh0,548,portfolio,SyncMarketRound,1789539396,19,0,1
5ogs5ura,13,folcs8ow,548,portfolio,SyncMarketRound,1789539396,19,0,1
5ogs5ura,6,bw46f79x,548,portfolio,SyncMarketRound,1789539396,19,0,1
5ogs5ura,7,42qlc5nb,548,portfolio,SyncMarketRound,1789539396,19,0,1
5ogs5ura,8,jw6ngkbn,548,portfolio,SyncMarketRound,1789539396,19,0,1
5ogs5ura,1,qvfebldb,548,portfolio,SyncMarketRound,1789539396,19,0,1
5ogs5ura,2,vbjq2y24,548,portfolio,SyncMarketRound,1789539396,19,0,1
5ogs5ura,3,fjbh3h2b,548,portfolio,SyncMarketRound,1789539396,19,0,1
5ogs5ura,4,j0v5am99,548,portfolio,SyncMarketRound,1789539396,19,0,1
5ogs5ura,9,booloaq9,548,portfolio,SyncMarketRound,1789539396,19,0,1
5ogs5ura,10,2pc7nfit,548,portfolio,SyncMarketRound,1789539396,19,0,1
5ogs5ura,14,cfp8kvc9,548,portfolio,SyncMarketRound,1789539396,19,0,1
5ogs5ura,15,tt26hkpl,548,portfolio,SyncMarketRound,1789539396,19,0,1
5ogs5ura,24,y40upi5t,548,portfolio,SyncMarketRound,1789539396,19,0,1
5ogs5ura,25,s6nkestj,548,portfolio,SyncMarketRound,1789539396,19,0,1
5ogs5ura,20,ic1ocjv5,548,portfolio,SyncMarketRound,1789539396,19,0,1
5ogs5ura,17,eveqm1ww,548,portfolio,SyncMarketRound,1789539396,19,0,1
5ogs5ura,18,1dtln5rg,548,portfolio,SyncMarketRound,1789539396,19,0,1
5ogs5ura,19,5ltpvdck,548,portfolio,SyncMarketRound,1789539396,19,0,1
5ogs5ura,21,zd9eakrm,548,portfolio,SyncMarketRound,1789539396,19,0,1
5ogs5ura,22,8tpz5m2a,548,portfolio,SyncMarketRound,1789539396,19,0,1
5ogs5ura,23,wfmdx2nb,548,portfolio,SyncMarketRound,1789539396,19,0,1
5ogs5ura,20,ic1ocjv5,575,portfolio,PageBidGenderExp,1789539410,20,0,0
5ogs5ura,22,8tpz5m2a,575,portfolio,PageBidGenderExp,1789539415,20,0,0
5ogs5ura,7,42qlc5nb,575,portfolio,PageBidGenderExp,1789539416,20,0,0
5ogs5ura,12,p48n4bh0,575,portfolio,PageBidGenderExp,1789539416,20,0,0
5ogs5ura,18,1dtln5rg,575,portfolio,PageBidGenderExp,1789539416,20,0,0
5ogs5ura,25,s6nkestj,575,portfolio,PageBidGenderExp,1789539418,20,0,0
5ogs5ura,6,bw46f79x,575,portfolio,PageBidGenderExp,1789539418,20,0,0
5ogs5ura,21,zd9eakrm,575,portfolio,PageBidGenderExp,1789539418,20,0,0
5ogs5ura,15,tt26hkpl,575,portfolio,PageBidGenderExp,1789539420,20,0,0
5ogs5ura,11,t7rx3zw3,575,portfolio,PageBidGenderExp,1789539422,20,0,0
5ogs5ura,10,2pc7nfit,575,portfolio,PageBidGenderExp,1789539423,20,0,0
5ogs5ura,9,booloaq9,575,portfolio,PageBidGenderExp,1789539425,20,0,0
5ogs5ura,16,jfy8jxqv,575,portfolio,PageBidGenderExp,1789539427,20,0,0
5ogs5ura,3,fjbh3h2b,575,portfolio,PageBidGenderExp,1789539428,20,0,0
5ogs5ura,19,5ltpvdck,575,portfolio,PageBidGenderExp,1789539428,20,0,0
5ogs5ura,5,wz4uvd97,575,portfolio,PageBidGenderExp,1789539429,20,0,0
5ogs5ura,2,vbjq2y24,575,portfolio,PageBidGenderExp,1789539429,20,0,0
5ogs5ura,1,qvfebldb,575,portfolio,PageBidGenderExp,1789539431,20,0,0
5ogs5ura,17,eveqm1ww,575,portfolio,PageBidGenderExp,1789539435,20,0,0
5ogs5ura,16,jfy8jxqv,576,portfolio,Clearing,1789539435,20,0,1
5ogs5ura,17,eveqm1ww,576,portfolio,Clearing,1789539435,20,0,1
5ogs5ura,18,1dtln5rg,576,portfolio,Clearing,1789539435,20,0,1
5ogs5ura,19,5ltpvdck,576,portfolio,Clearing,1789539435,20,0,1
5ogs5ura,20,ic1ocjv5,576,portfolio,Clearing,1789539435,20,0,1
5ogs5ura,13,folcs8ow,575,portfolio,PageBidGenderExp,1789539437,20,0,0
5ogs5ura,4,j0v5am99,575,portfolio,PageBidGenderExp,1789539438,20,0,0
5ogs5ura,1,qvfebldb,576,portfolio,Clearing,1789539438,20,0,1
5ogs5ura,2,vbjq2y24,576,portfolio,Clearing,1789539438,20,0,1
5ogs5ura,3,fjbh3h2b,576,portfolio,Clearing,1789539438,20,0,1
5ogs5ura,5,wz4uvd97,576,portfolio,Clearing,1789539438,20,0,1
5ogs5ura,4,j0v5am99,576,portfolio,Clearing,1789539438,20,0,1
5ogs5ura,23,wfmdx2nb,575,portfolio,PageBidGenderExp,1789539438,20,0,0
5ogs5ura,24,y40upi5t,575,portfolio,PageBidGenderExp,1789539440,20,0,0
5ogs5ura,21,zd9eakrm,576,portfolio,Clearing,1789539441,20,0,1
5ogs5ura,22,8tpz5m2a,576,portfolio,Clearing,1789539441,20,0,1
5ogs5ura,23,wfmdx2nb,576,portfolio,Clearing,1789539441,20,0,1
5ogs5ura,24,y40upi5t,576,portfolio,Clearing,1789539441,20,0,1
5ogs5ura,25,s6nkestj,576,portfolio,Clearing,1789539441,20,0,1
5ogs5ura,14,cfp8kvc9,575,portfolio,PageBidGenderExp,1789539459,20,0,0
5ogs5ura,11,t7rx3zw3,576,portfolio,Clearing,1789539459,20,0,1
5ogs5ura,12,p48n4bh0,576,portfolio,Clearing,1789539459,20,0,1
5ogs5ura,14,cfp8kvc9,576,portfolio,Clearing,1789539459,20,0,1
5ogs5ura,15,tt26hkpl,576,portfolio,Clearing,1789539459,20,0,1
5ogs5ura,13,folcs8ow,576,portfolio,Clearing,1789539459,20,0,1
5ogs5ura,8,jw6ngkbn,575,portfolio,PageBidGenderExp,1789539460,20,0,0
5ogs5ura,7,42qlc5nb,576,portfolio,Clearing,1789539462,20,0,1
5ogs5ura,8,jw6ngkbn,576,portfolio,Clearing,1789539462,20,0,1
5ogs5ura,9,booloaq9,576,portfolio,Clearing,1789539462,20,0,1
5ogs5ura,10,2pc7nfit,576,portfolio,Clearing,1789539462,20,0,1
5ogs5ura,6,bw46f79x,576,portfolio,Clearing,1789539462,20,0,1
5ogs5ura,9,booloaq9,577,portfolio,SyncMarketRound,1789539466,20,0,1
5ogs5ura,3,fjbh3h2b,577,portfolio,SyncMarketRound,1789539466,20,0,1
5ogs5ura,4,j0v5am99,577,portfolio,SyncMarketRound,1789539466,20,0,1
5ogs5ura,15,tt26hkpl,577,portfolio,SyncMarketRound,1789539466,20,0,1
5ogs5ura,5,wz4uvd97,577,portfolio,SyncMarketRound,1789539466,20,0,1
5ogs5ura,16,jfy8jxqv,577,portfolio,SyncMarketRound,1789539466,20,0,1
5ogs5ura,17,eveqm1ww,577,portfolio,SyncMarketRound,1789539466,20,0,1
5ogs5ura,6,bw46f79x,577,portfolio,SyncMarketRound,1789539466,20,0,1
5ogs5ura,10,2pc7nfit,577,portfolio,SyncMarketRound,1789539466,20,0,1
5ogs5ura,18,1dtln5rg,577,portfolio,SyncMarketRound,1789539466,20,0,1
5ogs5ura,7,42qlc5nb,577,portfolio,SyncMarketRound,1789539466,20,0,1
5ogs5ura,8,jw6ngkbn,577,portfolio,SyncMarketRound,1789539466,20,0,1
5ogs5ura,11,t7rx3zw3,577,portfolio,SyncMarketRound,1789539466,20,0,1
5ogs5ura,12,p48n4bh0,577,portfolio,SyncMarketRound,1789539466,20,0,1
5ogs5ura,21,zd9eakrm,577,portfolio,SyncMarketRound,1789539466,20,0,1
5ogs5ura,22,8tpz5m2a,577,portfolio,SyncMarketRound,1789539466,20,0,1
5ogs5ura,23,wfmdx2nb,577,portfolio,SyncMarketRound,1789539466,20,0,1
5ogs5ura,24,y40upi5t,577,portfolio,SyncMarketRound,1789539466,20,0,1
5ogs5ura,25,s6nkestj,577,portfolio,SyncMarketRound,1789539466,20,0,1
5ogs5ura,19,5ltpvdck,577,portfolio,SyncMarketRound,1789539466,20,0,1
5ogs5ura,13,folcs8ow,577,portfolio,SyncMarketRound,1789539466,20,0,1
5ogs5ura,14,cfp8kvc9,577,portfolio,SyncMarketRound,1789539466,20,0,1
5ogs5ura,20,ic1ocjv5,577,portfolio,SyncMarketRound,1789539466,20,0,1
5ogs5ura,1,qvfebldb,577,portfolio,SyncMarketRound,1789539466,20,0,1
5ogs5ura,2,vbjq2y24,577,portfolio,SyncMarketRound,1789539466,20,0,1
5ogs5ura,12,p48n4bh0,579,portfolio,PageHistoryGenderExp,1789539471,20,0,0
5ogs5ura,20,ic1ocjv5,579,portfolio,PageHistoryGenderExp,1789539472,20,0,0
5ogs5ura,18,1dtln5rg,579,portfolio,PageHistoryGenderExp,1789539473,20,0,0
5ogs5ura,4,j0v5am99,579,portfolio,PageHistoryGenderExp,1789539473,20,0,0
5ogs5ura,12,p48n4bh0,580,portfolio,Results,1789539473,20,0,0
5ogs5ura,1,qvfebldb,579,portfolio,PageHistoryGenderExp,1789539474,20,0,0
5ogs5ura,5,wz4uvd97,579,portfolio,PageHistoryGenderExp,1789539474,20,0,0
5ogs5ura,20,ic1ocjv5,580,portfolio,Results,1789539474,20,0,0
5ogs5ura,10,2pc7nfit,579,portfolio,PageHistoryGenderExp,1789539474,20,0,0
5ogs5ura,25,s6nkestj,579,portfolio,PageHistoryGenderExp,1789539475,20,0,0
5ogs5ura,6,bw46f79x,579,portfolio,PageHistoryGenderExp,1789539475,20,0,0
5ogs5ura,1,qvfebldb,580,portfolio,Results,1789539475,20,0,0
5ogs5ura,22,8tpz5m2a,579,portfolio,PageHistoryGenderExp,1789539476,20,0,0
5ogs5ura,5,wz4uvd97,580,portfolio,Results,1789539476,20,0,0
5ogs5ura,18,1dtln5rg,580,portfolio,Results,1789539476,20,0,0
5ogs5ura,21,zd9eakrm,579,portfolio,PageHistoryGenderExp,1789539476,20,0,0
5ogs5ura,17,eveqm1ww,579,portfolio,PageHistoryGenderExp,1789539476,20,0,0
5ogs5ura,10,2pc7nfit,580,portfolio,Results,1789539476,20,0,0
5ogs5ura,23,wfmdx2nb,579,portfolio,PageHistoryGenderExp,1789539477,20,0,0
5ogs5ura,16,jfy8jxqv,579,portfolio,PageHistoryGenderExp,1789539477,20,0,0
5ogs5ura,25,s6nkestj,580,portfolio,Results,1789539477,20,0,0
5ogs5ura,2,vbjq2y24,579,portfolio,PageHistoryGenderExp,1789539477,20,0,0
5ogs5ura,4,j0v5am99,580,portfolio,Results,1789539478,20,0,0
5ogs5ura,7,42qlc5nb,579,portfolio,PageHistoryGenderExp,1789539478,20,0,0
5ogs5ura,22,8tpz5m2a,580,portfolio,Results,1789539478,20,0,0
5ogs5ura,9,booloaq9,579,portfolio,PageHistoryGenderExp,1789539479,20,0,0
5ogs5ura,6,bw46f79x,580,portfolio,Results,1789539479,20,0,0
5ogs5ura,2,vbjq2y24,580,portfolio,Results,1789539479,20,0,0
5ogs5ura,13,folcs8ow,579,portfolio,PageHistoryGenderExp,1789539479,20,0,0
5ogs5ura,3,fjbh3h2b,579,portfolio,PageHistoryGenderExp,1789539479,20,0,0
5ogs5ura,7,42qlc5nb,580,portfolio,Results,1789539480,20,0,0
5ogs5ura,21,zd9eakrm,580,portfolio,Results,1789539480,20,0,0
5ogs5ura,14,cfp8kvc9,579,portfolio,PageHistoryGenderExp,1789539480,20,0,0
5ogs5ura,17,eveqm1ww,580,portfolio,Results,1789539480,20,0,0
5ogs5ura,9,booloaq9,580,portfolio,Results,1789539481,20,0,0
5ogs5ura,13,folcs8ow,580,portfolio,Results,1789539481,20,0,0
5ogs5ura,11,t7rx3zw3,579,portfolio,PageHistoryGenderExp,1789539482,20,0,0
5ogs5ura,14,cfp8kvc9,580,portfolio,Results,1789539482,20,0,0
5ogs5ura,3,fjbh3h2b,580,portfolio,Results,1789539482,20,0,0
5ogs5ura,19,5ltpvdck,579,portfolio,PageHistoryGenderExp,1789539483,20,0,0
5ogs5ura,11,t7rx3zw3,580,portfolio,Results,1789539483,20,0,0
5ogs5ura,24,y40upi5t,579,portfolio,PageHistoryGenderExp,1789539484,20,0,0
5ogs5ura,16,jfy8jxqv,580,portfolio,Results,1789539484,20,0,0
5ogs5ura,19,5ltpvdck,580,portfolio,Results,1789539485,20,0,0
5ogs5ura,24,y40upi5t,580,portfolio,Results,1789539486,20,0,0
5ogs5ura,15,tt26hkpl,579,portfolio,PageHistoryGenderExp,1789539489,20,0,0
5ogs5ura,15,tt26hkpl,580,portfolio,Results,1789539491,20,0,0
5ogs5ura,23,wfmdx2nb,580,portfolio,Results,1789539494,20,0,0
5ogs5ura,8,jw6ngkbn,579,portfolio,PageHistoryGenderExp,1789539505,20,0,0
5ogs5ura,8,jw6ngkbn,580,portfolio,Results,1789539509,20,0,0
5ogs5ura,19,5ltpvdck,581,survey_ntu,Demographics,1789539552,1,0,0
5ogs5ura,20,ic1ocjv5,581,survey_ntu,Demographics,1789539575,1,0,0
5ogs5ura,19,5ltpvdck,582,survey_ntu,Attitudes,1789539586,1,0,0
5ogs5ura,17,eveqm1ww,581,survey_ntu,Demographics,1789539588,1,0,0
5ogs5ura,14,cfp8kvc9,581,survey_ntu,Demographics,1789539588,1,0,0
5ogs5ura,20,ic1ocjv5,582,survey_ntu,Attitudes,1789539593,1,0,0
5ogs5ura,5,wz4uvd97,581,survey_ntu,Demographics,1789539599,1,0,0
5ogs5ura,1,qvfebldb,581,survey_ntu,Demographics,1789539600,1,0,0
5ogs5ura,13,folcs8ow,581,survey_ntu,Demographics,1789539601,1,0,0
5ogs5ura,20,ic1ocjv5,583,survey_ntu,InstructionsDictator,1789539601,1,0,0
5ogs5ura,19,5ltpvdck,583,survey_ntu,InstructionsDictator,1789539604,1,0,0
5ogs5ura,20,ic1ocjv5,584,survey_ntu,Dictator,1789539606,1,0,0
5ogs5ura,17,eveqm1ww,582,survey_ntu,Attitudes,1789539611,1,0,0
5ogs5ura,9,booloaq9,581,survey_ntu,Demographics,1789539613,1,0,0
5ogs5ura,12,p48n4bh0,581,survey_ntu,Demographics,1789539614,1,0,0
5ogs5ura,18,1dtln5rg,581,survey_ntu,Demographics,1789539617,1,0,0
5ogs5ura,3,fjbh3h2b,581,survey_ntu,Demographics,1789539618,1,0,0
5ogs5ura,11,t7rx3zw3,581,survey_ntu,Demographics,1789539619,1,0,0
5ogs5ura,7,42qlc5nb,581,survey_ntu,Demographics,1789539619,1,0,0
5ogs5ura,2,vbjq2y24,581,survey_ntu,Demographics,1789539620,1,0,0
5ogs5ura,14,cfp8kvc9,582,survey_ntu,Attitudes,1789539623,1,0,0
5ogs5ura,14,cfp8kvc9,583,survey_ntu,InstructionsDictator,1789539625,1,0,0
5ogs5ura,23,wfmdx2nb,581,survey_ntu,Demographics,1789539629,1,0,0
5ogs5ura,25,s6nkestj,581,survey_ntu,Demographics,1789539630,1,0,0
5ogs5ura,22,8tpz5m2a,581,survey_ntu,Demographics,1789539631,1,0,0
5ogs5ura,13,folcs8ow,582,survey_ntu,Attitudes,1789539635,1,0,0
5ogs5ura,14,cfp8kvc9,584,survey_ntu,Dictator,1789539635,1,0,0
5ogs5ura,12,p48n4bh0,582,survey_ntu,Attitudes,1789539635,1,0,0
5ogs5ura,17,eveqm1ww,583,survey_ntu,InstructionsDictator,1789539635,1,0,0
5ogs5ura,7,42qlc5nb,582,survey_ntu,Attitudes,1789539643,1,0,0
5ogs5ura,8,jw6ngkbn,581,survey_ntu,Demographics,1789539647,1,0,0
5ogs5ura,5,wz4uvd97,582,survey_ntu,Attitudes,1789539648,1,0,0
5ogs5ura,25,s6nkestj,582,survey_ntu,Attitudes,1789539649,1,0,0
5ogs5ura,17,eveqm1ww,584,survey_ntu,Dictator,1789539649,1,0,0
5ogs5ura,19,5ltpvdck,584,survey_ntu,Dictator,1789539649,1,0,0
5ogs5ura,12,p48n4bh0,583,survey_ntu,InstructionsDictator,1789539650,1,0,0
5ogs5ura,25,s6nkestj,583,survey_ntu,InstructionsDictator,1789539651,1,0,0
5ogs5ura,2,vbjq2y24,582,survey_ntu,Attitudes,1789539654,1,0,0
5ogs5ura,12,p48n4bh0,584,survey_ntu,Dictator,1789539654,1,0,0
5ogs5ura,9,booloaq9,582,survey_ntu,Attitudes,1789539655,1,0,0
5ogs5ura,2,vbjq2y24,583,survey_ntu,InstructionsDictator,1789539659,1,0,0
5ogs5ura,5,wz4uvd97,583,survey_ntu,InstructionsDictator,1789539660,1,0,0
5ogs5ura,25,s6nkestj,584,survey_ntu,Dictator,1789539661,1,0,0
5ogs5ura,15,tt26hkpl,581,survey_ntu,Demographics,1789539662,1,0,0
5ogs5ura,18,1dtln5rg,582,survey_ntu,Attitudes,1789539665,1,0,0
5ogs5ura,21,zd9eakrm,581,survey_ntu,Demographics,1789539667,1,0,0
5ogs5ura,7,42qlc5nb,583,survey_ntu,InstructionsDictator,1789539674,1,0,0
5ogs5ura,18,1dtln5rg,583,survey_ntu,InstructionsDictator,1789539674,1,0,0
5ogs5ura,1,qvfebldb,582,survey_ntu,Attitudes,1789539680,1,0,0
5ogs5ura,5,wz4uvd97,584,survey_ntu,Dictator,1789539681,1,0,0
5ogs5ura,2,vbjq2y24,584,survey_ntu,Dictator,1789539682,1,0,0
5ogs5ura,22,8tpz5m2a,582,survey_ntu,Attitudes,1789539682,1,0,0
5ogs5ura,23,wfmdx2nb,582,survey_ntu,Attitudes,1789539683,1,0,0
5ogs5ura,1,qvfebldb,583,survey_ntu,InstructionsDictator,1789539686,1,0,0
5ogs5ura,9,booloaq9,583,survey_ntu,InstructionsDictator,1789539686,1,0,0
5ogs5ura,8,jw6ngkbn,582,survey_ntu,Attitudes,1789539688,1,0,0
5ogs5ura,11,t7rx3zw3,582,survey_ntu,Attitudes,1789539690,1,0,0
5ogs5ura,11,t7rx3zw3,583,survey_ntu,InstructionsDictator,1789539692,1,0,0
5ogs5ura,15,tt26hkpl,582,survey_ntu,Attitudes,1789539693,1,0,0
5ogs5ura,7,42qlc5nb,584,survey_ntu,Dictator,1789539693,1,0,0
5ogs5ura,16,jfy8jxqv,581,survey_ntu,Demographics,1789539694,1,0,0
5ogs5ura,1,qvfebldb,584,survey_ntu,Dictator,1789539695,1,0,0
5ogs5ura,9,booloaq9,584,survey_ntu,Dictator,1789539706,1,0,0
5ogs5ura,8,jw6ngkbn,583,survey_ntu,InstructionsDictator,1789539709,1,0,0
5ogs5ura,15,tt26hkpl,583,survey_ntu,InstructionsDictator,1789539710,1,0,0
5ogs5ura,18,1dtln5rg,584,survey_ntu,Dictator,1789539711,1,0,0
5ogs5ura,22,8tpz5m2a,583,survey_ntu,InstructionsDictator,1789539713,1,0,0
5ogs5ura,22,8tpz5m2a,584,survey_ntu,Dictator,1789539720,1,0,0
5ogs5ura,21,zd9eakrm,582,survey_ntu,Attitudes,1789539722,1,0,0
5ogs5ura,8,jw6ngkbn,584,survey_ntu,Dictator,1789539722,1,0,0
5ogs5ura,11,t7rx3zw3,584,survey_ntu,Dictator,1789539723,1,0,0
5ogs5ura,23,wfmdx2nb,583,survey_ntu,InstructionsDictator,1789539728,1,0,0
5ogs5ura,21,zd9eakrm,583,survey_ntu,InstructionsDictator,1789539729,1,0,0
5ogs5ura,15,tt26hkpl,584,survey_ntu,Dictator,1789539731,1,0,0
5ogs5ura,24,y40upi5t,581,survey_ntu,Demographics,1789539732,1,0,0
5ogs5ura,6,bw46f79x,581,survey_ntu,Demographics,1789539733,1,0,0
5ogs5ura,16,jfy8jxqv,582,survey_ntu,Attitudes,1789539733,1,0,0
5ogs5ura,13,folcs8ow,583,survey_ntu,InstructionsDictator,1789539740,1,0,0
5ogs5ura,3,fjbh3h2b,582,survey_ntu,Attitudes,1789539744,1,0,0
5ogs5ura,23,wfmdx2nb,584,survey_ntu,Dictator,1789539756,1,0,0
5ogs5ura,24,y40upi5t,582,survey_ntu,Attitudes,1789539767,1,0,0
5ogs5ura,24,y40upi5t,583,survey_ntu,InstructionsDictator,1789539770,1,0,0
5ogs5ura,6,bw46f79x,582,survey_ntu,Attitudes,1789539770,1,0,0
5ogs5ura,16,jfy8jxqv,583,survey_ntu,InstructionsDictator,1789539772,1,0,0
5ogs5ura,13,folcs8ow,584,survey_ntu,Dictator,1789539781,1,0,0
5ogs5ura,24,y40upi5t,584,survey_ntu,Dictator,1789539786,1,0,0
5ogs5ura,21,zd9eakrm,584,survey_ntu,Dictator,1789539795,1,0,0
5ogs5ura,16,jfy8jxqv,584,survey_ntu,Dictator,1789539799,1,0,0
5ogs5ura,3,fjbh3h2b,583,survey_ntu,InstructionsDictator,1789539800,1,0,0
5ogs5ura,3,fjbh3h2b,584,survey_ntu,Dictator,1789539811,1,0,0
5ogs5ura,6,bw46f79x,583,survey_ntu,InstructionsDictator,1789539819,1,0,0
5ogs5ura,6,bw46f79x,584,survey_ntu,Dictator,1789539837,1,0,0
5ogs5ura,10,2pc7nfit,581,survey_ntu,Demographics,1789539868,1,0,0
5ogs5ura,10,2pc7nfit,582,survey_ntu,Attitudes,1789539902,1,0,0
5ogs5ura,10,2pc7nfit,583,survey_ntu,InstructionsDictator,1789539908,1,0,0
5ogs5ura,10,2pc7nfit,584,survey_ntu,Dictator,1789539920,1,0,0
5ogs5ura,4,j0v5am99,581,survey_ntu,Demographics,1789539946,1,0,0
5ogs5ura,4,j0v5am99,582,survey_ntu,Attitudes,1789539967,1,0,0
5ogs5ura,4,j0v5am99,583,survey_ntu,InstructionsDictator,1789539991,1,0,0
5ogs5ura,4,j0v5am99,584,survey_ntu,Dictator,1789540008,1,0,0
5ogs5ura,18,1dtln5rg,585,FinalPage,PairingWaitPage,1789540009,1,0,1
5ogs5ura,19,5ltpvdck,585,FinalPage,PairingWaitPage,1789540009,1,0,1
5ogs5ura,24,y40upi5t,585,FinalPage,PairingWaitPage,1789540009,1,0,1
5ogs5ura,15,tt26hkpl,585,FinalPage,PairingWaitPage,1789540009,1,0,1
5ogs5ura,2,vbjq2y24,585,FinalPage,PairingWaitPage,1789540009,1,0,1
5ogs5ura,9,booloaq9,585,FinalPage,PairingWaitPage,1789540009,1,0,1
5ogs5ura,8,jw6ngkbn,585,FinalPage,PairingWaitPage,1789540009,1,0,1
5ogs5ura,12,p48n4bh0,585,FinalPage,PairingWaitPage,1789540009,1,0,1
5ogs5ura,7,42qlc5nb,585,FinalPage,PairingWaitPage,1789540009,1,0,1
5ogs5ura,17,eveqm1ww,585,FinalPage,PairingWaitPage,1789540009,1,0,1
5ogs5ura,5,wz4uvd97,585,FinalPage,PairingWaitPage,1789540009,1,0,1
5ogs5ura,16,jfy8jxqv,585,FinalPage,PairingWaitPage,1789540009,1,0,1
5ogs5ura,14,cfp8kvc9,585,FinalPage,PairingWaitPage,1789540009,1,0,1
5ogs5ura,1,qvfebldb,585,FinalPage,PairingWaitPage,1789540009,1,0,1
5ogs5ura,25,s6nkestj,585,FinalPage,PairingWaitPage,1789540009,1,0,1
5ogs5ura,20,ic1ocjv5,585,FinalPage,PairingWaitPage,1789540009,1,0,1
5ogs5ura,6,bw46f79x,585,FinalPage,PairingWaitPage,1789540009,1,0,1
5ogs5ura,13,folcs8ow,585,FinalPage,PairingWaitPage,1789540009,1,0,1
5ogs5ura,23,wfmdx2nb,585,FinalPage,PairingWaitPage,1789540009,1,0,1
5ogs5ura,21,zd9eakrm,585,FinalPage,PairingWaitPage,1789540009,1,0,1
5ogs5ura,22,8tpz5m2a,585,FinalPage,PairingWaitPage,1789540009,1,0,1
5ogs5ura,4,j0v5am99,585,FinalPage,PairingWaitPage,1789540009,1,0,1
5ogs5ura,10,2pc7nfit,585,FinalPage,PairingWaitPage,1789540009,1,0,1
5ogs5ura,3,fjbh3h2b,585,FinalPage,PairingWaitPage,1789540009,1,0,1
5ogs5ura,11,t7rx3zw3,585,FinalPage,PairingWaitPage,1789540009,1,0,1
5ogs5ura,20,ic1ocjv5,586,FinalPage,Results,1789540016,1,0,0
5ogs5ura,7,42qlc5nb,586,FinalPage,Results,1789540016,1,0,0
5ogs5ura,14,cfp8kvc9,586,FinalPage,Results,1789540016,1,0,0
5ogs5ura,21,zd9eakrm,586,FinalPage,Results,1789540017,1,0,0
5ogs5ura,4,j0v5am99,586,FinalPage,Results,1789540017,1,0,0
5ogs5ura,12,p48n4bh0,586,FinalPage,Results,1789540019,1,0,0
5ogs5ura,25,s6nkestj,586,FinalPage,Results,1789540022,1,0,0
5ogs5ura,18,1dtln5rg,586,FinalPage,Results,1789540022,1,0,0
5ogs5ura,24,y40upi5t,586,FinalPage,Results,1789540023,1,0,0
5ogs5ura,2,vbjq2y24,586,FinalPage,Results,1789540025,1,0,0
5ogs5ura,11,t7rx3zw3,586,FinalPage,Results,1789540026,1,0,0
5ogs5ura,17,eveqm1ww,586,FinalPage,Results,1789540026,1,0,0
5ogs5ura,15,tt26hkpl,586,FinalPage,Results,1789540028,1,0,0
5ogs5ura,19,5ltpvdck,586,FinalPage,Results,1789540028,1,0,0
5ogs5ura,3,fjbh3h2b,586,FinalPage,Results,1789540028,1,0,0
5ogs5ura,23,wfmdx2nb,586,FinalPage,Results,1789540028,1,0,0
5ogs5ura,10,2pc7nfit,586,FinalPage,Results,1789540028,1,0,0
5ogs5ura,13,folcs8ow,586,FinalPage,Results,1789540031,1,0,0
5ogs5ura,22,8tpz5m2a,586,FinalPage,Results,1789540035,1,0,0
5ogs5ura,5,wz4uvd97,586,FinalPage,Results,1789540039,1,0,0
5ogs5ura,16,jfy8jxqv,586,FinalPage,Results,1789540039,1,0,0
5ogs5ura,8,jw6ngkbn,586,FinalPage,Results,1789540040,1,0,0
5ogs5ura,1,qvfebldb,586,FinalPage,Results,1789540041,1,0,0
5ogs5ura,9,booloaq9,586,FinalPage,Results,1789540055,1,0,0
5ogs5ura,6,bw46f79x,586,FinalPage,Results,1789540067,1,0,0
