session_code,participant_id_in_session,participant_code,page_index,app_name,page_name,epoch_time_completed,round_number,timeout_happened,is_wait_page
99iosefo,1,cfn8fv6w,0,,InitializeParticipant,1789366619,1,0,0
99iosefo,2,a1q00v4p,0,,InitializeParticipant,1789366619,1,0,0
99iosefo,3,rucumqi6,0,,InitializeParticipant,1789366619,1,0,0
99iosefo,4,lbzqe7lh,0,,InitializeParticipant,1789366620,1,0,0
99iosefo,5,i42igenv,0,,InitializeParticipant,1789366620,1,0,0
99iosefo,6,2nkc141x,0,,InitializeParticipant,1789366620,1,0,0
99iosefo,7,oqud1wxk,0,,InitializeParticipant,1789366620,1,0,0
99iosefo,8,a6q31ex7,0,,InitializeParticipant,1789366620,1,0,0
99iosefo,9,o60mnzij,0,,InitializeParticipant,1789366620,1,0,0
99iosefo,10,bnt5i99k,0,,InitializeParticipant,1789366620,1,0,0
99iosefo,11,zrywj9fx,0,,InitializeParticipant,1789366620,1,0,0
99iosefo,12,i44g0thi,0,,InitializeParticipant,1789366620,1,0,0
99iosefo,13,s9ryf5kv,0,,InitializeParticipant,1789366620,1,0,0
99iosefo,14,oe31za5u,0,,InitializeParticipant,1789366620,1,0,0
99iosefo,15,v86y9zyn,0,,InitializeParticipant,1789366620,1,0,0
99iosefo,16,3p6ks3hb,0,,InitializeParticipant,1789366620,1,0,0
99iosefo,17,y5kgtmfb,0,,InitializeParticipant,1789366620,1,0,0
99iosefo,18,ebzeqzcf,0,,InitializeParticipant,1789366620,1,0,0
99iosefo,19,pb6d6kev,0,,InitializeParticipant,1789366620,1,0,0
99iosefo,20,m8xnbw73,0,,InitializeParticipant,1789366620,1,0,0
99iosefo,21,an9ihpoe,0,,InitializeParticipant,1789366620,1,0,0
99iosefo,22,rbyuqaqn,0,,InitializeParticipant,1789366620,1,0,0
99iosefo,23,3pb269ab,0,,InitializeParticipant,1789366621,1,0,0
99iosefo,24,ewpd3m8q,0,,InitializeParticipant,1789366621,1,0,0
99iosefo,25,0tv7bd9u,0,,InitializeParticipant,1789366621,1,0,0
99iosefo,3,rucumqi6,1,portfolio,Welcome,1789366629,1,0,0
99iosefo,23,3pb269ab,1,portfolio,Welcome,1789366633,1,0,0
99iosefo,3,rucumqi6,2,portfolio,InstructionsRisk,1789366633,1,0,0
99iosefo,21,an9ihpoe,1,portfolio,Welcome,1789366633,1,0,0
99iosefo,11,zrywj9fx,1,portfolio,Welcome,1789366635,1,0,0
99iosefo,9,o60mnzij,1,portfolio,Welcome,1789366635,1,0,0
99iosefo,23,3pb269ab,2,portfolio,InstructionsRisk,1789366636,1,0,0
99iosefo,15,v86y9zyn,1,portfolio,Welcome,1789366637,1,0,0
99iosefo,21,an9ihpoe,2,portfolio,InstructionsRisk,1789366637,1,0,0
99iosefo,11,zrywj9fx,2,portfolio,InstructionsRisk,1789366638,1,0,0
99iosefo,9,o60mnzij,2,portfolio,InstructionsRisk,1789366644,1,0,0
99iosefo,20,m8xnbw73,1,portfolio,Welcome,1789366644,1,0,0
99iosefo,6,2nkc141x,1,portfolio,Welcome,1789366645,1,0,0
99iosefo,17,y5kgtmfb,1,portfolio,Welcome,1789366646,1,0,0
99iosefo,15,v86y9zyn,2,portfolio,InstructionsRisk,1789366650,1,0,0
99iosefo,2,a1q00v4p,1,portfolio,Welcome,1789366650,1,0,0
99iosefo,2,a1q00v4p,2,portfolio,InstructionsRisk,1789366658,1,0,0
99iosefo,11,zrywj9fx,3,portfolio,ComprehensionRisk,1789366661,1,0,0
99iosefo,3,rucumqi6,3,portfolio,ComprehensionRisk,1789366661,1,0,0
99iosefo,23,3pb269ab,3,portfolio,ComprehensionRisk,1789366662,1,0,0
99iosefo,20,m8xnbw73,2,portfolio,InstructionsRisk,1789366662,1,0,0
99iosefo,19,pb6d6kev,1,portfolio,Welcome,1789366663,1,0,0
99iosefo,7,oqud1wxk,1,portfolio,Welcome,1789366664,1,0,0
99iosefo,10,bnt5i99k,1,portfolio,Welcome,1789366665,1,0,0
99iosefo,9,o60mnzij,3,portfolio,ComprehensionRisk,1789366665,1,0,0
99iosefo,22,rbyuqaqn,1,portfolio,Welcome,1789366668,1,0,0
99iosefo,17,y5kgtmfb,2,portfolio,InstructionsRisk,1789366669,1,0,0
99iosefo,15,v86y9zyn,3,portfolio,ComprehensionRisk,1789366672,1,0,0
99iosefo,24,ewpd3m8q,1,portfolio,Welcome,1789366673,1,0,0
99iosefo,18,ebzeqzcf,1,portfolio,Welcome,1789366673,1,0,0
99iosefo,11,zrywj9fx,4,portfolio,DynamicChoice,1789366674,1,0,0
99iosefo,5,i42igenv,1,portfolio,Welcome,1789366674,1,0,0
99iosefo,23,3pb269ab,4,portfolio,DynamicChoice,1789366674,1,0,0
99iosefo,14,oe31za5u,1,portfolio,Welcome,1789366676,1,0,0
99iosefo,21,an9ihpoe,3,portfolio,ComprehensionRisk,1789366677,1,0,0
99iosefo,13,s9ryf5kv,1,portfolio,Welcome,1789366679,1,0,0
99iosefo,22,rbyuqaqn,2,portfolio,InstructionsRisk,1789366680,1,0,0
99iosefo,9,o60mnzij,4,portfolio,DynamicChoice,1789366681,1,0,0
99iosefo,10,bnt5i99k,2,portfolio,InstructionsRisk,1789366684,1,0,0
99iosefo,12,i44g0thi,1,portfolio,Welcome,1789366686,1,0,0
99iosefo,20,m8xnbw73,3,portfolio,ComprehensionRisk,1789366687,1,0,0
99iosefo,7,oqud1wxk,2,portfolio,InstructionsRisk,1789366688,1,0,0
99iosefo,13,s9ryf5kv,2,portfolio,InstructionsRisk,1789366691,1,0,0
99iosefo,19,pb6d6kev,2,portfolio,InstructionsRisk,1789366692,1,0,0
99iosefo,16,3p6ks3hb,1,portfolio,Welcome,1789366694,1,0,0
99iosefo,6,2nkc141x,2,portfolio,InstructionsRisk,1789366697,1,0,0
99iosefo,20,m8xnbw73,4,portfolio,DynamicChoice,1789366697,1,0,0
99iosefo,3,rucumqi6,4,portfolio,DynamicChoice,1789366697,1,0,0
99iosefo,4,lbzqe7lh,1,portfolio,Welcome,1789366700,1,0,0
99iosefo,21,an9ihpoe,4,portfolio,DynamicChoice,1789366701,1,0,0
99iosefo,8,a6q31ex7,1,portfolio,Welcome,1789366710,1,0,0
99iosefo,5,i42igenv,2,portfolio,InstructionsRisk,1789366712,1,0,0
99iosefo,10,bnt5i99k,3,portfolio,ComprehensionRisk,1789366712,1,0,0
99iosefo,13,s9ryf5kv,3,portfolio,ComprehensionRisk,1789366713,1,0,0
99iosefo,17,y5kgtmfb,3,portfolio,ComprehensionRisk,1789366713,1,0,0
99iosefo,2,a1q00v4p,3,portfolio,ComprehensionRisk,1789366714,1,0,0
99iosefo,16,3p6ks3hb,2,portfolio,InstructionsRisk,1789366716,1,0,0
99iosefo,14,oe31za5u,2,portfolio,InstructionsRisk,1789366717,1,0,0
99iosefo,25,0tv7bd9u,1,portfolio,Welcome,1789366718,1,0,0
99iosefo,22,rbyuqaqn,3,portfolio,ComprehensionRisk,1789366721,1,0,0
99iosefo,12,i44g0thi,2,portfolio,InstructionsRisk,1789366729,1,0,0
99iosefo,17,y5kgtmfb,4,portfolio,DynamicChoice,1789366734,1,0,0
99iosefo,24,ewpd3m8q,2,portfolio,InstructionsRisk,1789366735,1,0,0
99iosefo,1,cfn8fv6w,1,portfolio,Welcome,1789366736,1,0,0
99iosefo,10,bnt5i99k,4,portfolio,DynamicChoice,1789366738,1,0,0
99iosefo,18,ebzeqzcf,2,portfolio,InstructionsRisk,1789366742,1,0,0
99iosefo,19,pb6d6kev,3,portfolio,ComprehensionRisk,1789366743,1,0,0
99iosefo,6,2nkc141x,3,portfolio,ComprehensionRisk,1789366743,1,0,0
99iosefo,8,a6q31ex7,2,portfolio,InstructionsRisk,1789366745,1,0,0
99iosefo,7,oqud1wxk,3,portfolio,ComprehensionRisk,1789366745,1,0,0
99iosefo,22,rbyuqaqn,4,portfolio,DynamicChoice,1789366747,1,0,0
99iosefo,14,oe31za5u,3,portfolio,ComprehensionRisk,1789366748,1,0,0
99iosefo,25,0tv7bd9u,2,portfolio,InstructionsRisk,1789366752,1,0,0
99iosefo,12,i44g0thi,3,portfolio,ComprehensionRisk,1789366754,1,0,0
99iosefo,5,i42igenv,3,portfolio,ComprehensionRisk,1789366761,1,0,0
99iosefo,14,oe31za5u,4,portfolio,DynamicChoice,1789366766,1,0,0
99iosefo,1,cfn8fv6w,2,portfolio,InstructionsRisk,1789366768,1,0,0
99iosefo,13,s9ryf5kv,4,portfolio,DynamicChoice,1789366769,1,0,0
99iosefo,18,ebzeqzcf,3,portfolio,ComprehensionRisk,1789366779,1,0,0
99iosefo,6,2nkc141x,4,portfolio,DynamicChoice,1789366781,1,0,0
99iosefo,4,lbzqe7lh,2,portfolio,InstructionsRisk,1789366783,1,0,0
99iosefo,25,0tv7bd9u,3,portfolio,ComprehensionRisk,1789366784,1,0,0
99iosefo,16,3p6ks3hb,3,portfolio,ComprehensionRisk,1789366785,1,0,0
99iosefo,15,v86y9zyn,4,portfolio,DynamicChoice,1789366790,1,0,0
99iosefo,8,a6q31ex7,3,portfolio,ComprehensionRisk,1789366792,1,0,0
99iosefo,1,cfn8fv6w,3,portfolio,ComprehensionRisk,1789366812,1,0,0
99iosefo,4,lbzqe7lh,3,portfolio,ComprehensionRisk,1789366813,1,0,0
99iosefo,16,3p6ks3hb,4,portfolio,DynamicChoice,1789366817,1,0,0
99iosefo,7,oqud1wxk,4,portfolio,DynamicChoice,1789366826,1,0,0
99iosefo,18,ebzeqzcf,4,portfolio,DynamicChoice,1789366829,1,0,0
99iosefo,2,a1q00v4p,4,portfolio,DynamicChoice,1789366834,1,0,0
99iosefo,19,pb6d6kev,4,portfolio,DynamicChoice,1789366844,1,0,0
99iosefo,1,cfn8fv6w,4,portfolio,DynamicChoice,1789366852,1,0,0
99iosefo,25,0tv7bd9u,4,portfolio,DynamicChoice,1789366862,1,0,0
99iosefo,24,ewpd3m8q,3,portfolio,ComprehensionRisk,1789366863,1,0,0
99iosefo,8,a6q31ex7,4,portfolio,DynamicChoice,1789366864,1,0,0
99iosefo,24,ewpd3m8q,4,portfolio,DynamicChoice,1789366893,1,0,0
99iosefo,5,i42igenv,4,portfolio,DynamicChoice,1789366902,1,0,0
99iosefo,12,i44g0thi,4,portfolio,DynamicChoice,1789366936,1,0,0
99iosefo,4,lbzqe7lh,4,portfolio,DynamicChoice,1789367056,1,0,0
99iosefo,23,3pb269ab,5,portfolio,SyncRisk,1789367056,1,0,1
99iosefo,21,an9ihpoe,5,portfolio,SyncRisk,1789367056,1,0,1
99iosefo,1,cfn8fv6w,5,portfolio,SyncRisk,1789367056,1,0,1
99iosefo,3,rucumqi6,5,portfolio,SyncRisk,1789367056,1,0,1
99iosefo,5,i42igenv,5,portfolio,SyncRisk,1789367056,1,0,1
99iosefo,11,zrywj9fx,5,portfolio,SyncRisk,1789367056,1,0,1
99iosefo,9,o60mnzij,5,portfolio,SyncRisk,1789367056,1,0,1
99iosefo,20,m8xnbw73,5,portfolio,SyncRisk,1789367056,1,0,1
99iosefo,19,pb6d6kev,5,portfolio,SyncRisk,1789367056,1,0,1
99iosefo,25,0tv7bd9u,5,portfolio,SyncRisk,1789367056,1,0,1
99iosefo,13,s9ryf5kv,5,portfolio,SyncRisk,1789367056,1,0,1
99iosefo,10,bnt5i99k,5,portfolio,SyncRisk,1789367056,1,0,1
99iosefo,12,i44g0thi,5,portfolio,SyncRisk,1789367056,1,0,1
99iosefo,22,rbyuqaqn,5,portfolio,SyncRisk,1789367056,1,0,1
99iosefo,4,lbzqe7lh,5,portfolio,SyncRisk,1789367056,1,0,1
99iosefo,6,2nkc141x,5,portfolio,SyncRisk,1789367056,1,0,1
99iosefo,18,ebzeqzcf,5,portfolio,SyncRisk,1789367056,1,0,1
99iosefo,8,a6q31ex7,5,portfolio,SyncRisk,1789367056,1,0,1
99iosefo,16,3p6ks3hb,5,portfolio,SyncRisk,1789367056,1,0,1
99iosefo,17,y5kgtmfb,5,portfolio,SyncRisk,1789367056,1,0,1
99iosefo,14,oe31za5u,5,portfolio,SyncRisk,1789367056,1,0,1
99iosefo,15,v86y9zyn,5,portfolio,SyncRisk,1789367056,1,0,1
99iosefo,7,oqud1wxk,5,portfolio,SyncRisk,1789367056,1,0,1
99iosefo,2,a1q00v4p,5,portfolio,SyncRisk,1789367056,1,0,1
99iosefo,24,ewpd3m8q,5,portfolio,SyncRisk,1789367056,1,0,1
99iosefo,23,3pb269ab,6,portfolio,InstructionsPortfolio,1789367063,1,0,0
99iosefo,11,zrywj9fx,6,portfolio,InstructionsPortfolio,1789367067,1,0,0
99iosefo,9,o60mnzij,6,portfolio,InstructionsPortfolio,1789367068,1,0,0
99iosefo,10,bnt5i99k,6,portfolio,InstructionsPortfolio,1789367070,1,0,0
99iosefo,3,rucumqi6,6,portfolio,InstructionsPortfolio,1789367070,1,0,0
99iosefo,17,y5kgtmfb,6,portfolio,InstructionsPortfolio,1789367072,1,0,0
99iosefo,19,pb6d6kev,6,portfolio,InstructionsPortfolio,1789367072,1,0,0
99iosefo,11,zrywj9fx,7,portfolio,Page1Experience,1789367073,1,0,0
99iosefo,23,3pb269ab,7,portfolio,Page1Experience,1789367073,1,0,0
99iosefo,2,a1q00v4p,6,portfolio,InstructionsPortfolio,1789367073,1,0,0
99iosefo,12,i44g0thi,6,portfolio,InstructionsPortfolio,1789367075,1,0,0
99iosefo,5,i42igenv,6,portfolio,InstructionsPortfolio,1789367076,1,0,0
99iosefo,4,lbzqe7lh,6,portfolio,InstructionsPortfolio,1789367078,1,0,0
99iosefo,7,oqud1wxk,6,portfolio,InstructionsPortfolio,1789367079,1,0,0
99iosefo,20,m8xnbw73,6,portfolio,InstructionsPortfolio,1789367080,1,0,0
99iosefo,9,o60mnzij,7,portfolio,Page1Experience,1789367082,1,0,0
99iosefo,22,rbyuqaqn,6,portfolio,InstructionsPortfolio,1789367082,1,0,0
99iosefo,13,s9ryf5kv,6,portfolio,InstructionsPortfolio,1789367083,1,0,0
99iosefo,18,ebzeqzcf,6,portfolio,InstructionsPortfolio,1789367083,1,0,0
99iosefo,8,a6q31ex7,6,portfolio,InstructionsPortfolio,1789367083,1,0,0
99iosefo,3,rucumqi6,7,portfolio,Page1Experience,1789367084,1,0,0
99iosefo,24,ewpd3m8q,6,portfolio,InstructionsPortfolio,1789367090,1,0,0
99iosefo,21,an9ihpoe,6,portfolio,InstructionsPortfolio,1789367092,1,0,0
99iosefo,10,bnt5i99k,7,portfolio,Page1Experience,1789367102,1,0,0
99iosefo,4,lbzqe7lh,7,portfolio,Page1Experience,1789367102,1,0,0
99iosefo,13,s9ryf5kv,7,portfolio,Page1Experience,1789367104,1,0,0
99iosefo,2,a1q00v4p,7,portfolio,Page1Experience,1789367106,1,0,0
99iosefo,25,0tv7bd9u,6,portfolio,InstructionsPortfolio,1789367107,1,0,0
99iosefo,17,y5kgtmfb,7,portfolio,Page1Experience,1789367108,1,0,0
99iosefo,12,i44g0thi,7,portfolio,Page1Experience,1789367110,1,0,0
99iosefo,24,ewpd3m8q,7,portfolio,Page1Experience,1789367110,1,0,0
99iosefo,22,rbyuqaqn,7,portfolio,Page1Experience,1789367111,1,0,0
99iosefo,7,oqud1wxk,7,portfolio,Page1Experience,1789367119,1,0,0
99iosefo,14,oe31za5u,6,portfolio,InstructionsPortfolio,1789367121,1,0,0
99iosefo,15,v86y9zyn,6,portfolio,InstructionsPortfolio,1789367125,1,0,0
99iosefo,19,pb6d6kev,7,portfolio,Page1Experience,1789367126,1,0,0
99iosefo,16,3p6ks3hb,6,portfolio,InstructionsPortfolio,1789367131,1,0,0
99iosefo,8,a6q31ex7,7,portfolio,Page1Experience,1789367131,1,0,0
99iosefo,25,0tv7bd9u,7,portfolio,Page1Experience,1789367132,1,0,0
99iosefo,1,cfn8fv6w,6,portfolio,InstructionsPortfolio,1789367142,1,0,0
99iosefo,14,oe31za5u,7,portfolio,Page1Experience,1789367143,1,0,0
99iosefo,15,v86y9zyn,7,portfolio,Page1Experience,1789367144,1,0,0
99iosefo,6,2nkc141x,6,portfolio,InstructionsPortfolio,1789367145,1,0,0
99iosefo,20,m8xnbw73,7,portfolio,Page1Experience,1789367145,1,0,0
99iosefo,18,ebzeqzcf,7,portfolio,Page1Experience,1789367164,1,0,0
99iosefo,6,2nkc141x,7,portfolio,Page1Experience,1789367164,1,0,0
99iosefo,21,an9ihpoe,7,portfolio,Page1Experience,1789367168,1,0,0
99iosefo,16,3p6ks3hb,7,portfolio,Page1Experience,1789367170,1,0,0
99iosefo,1,cfn8fv6w,7,portfolio,Page1Experience,1789367175,1,0,0
99iosefo,5,i42igenv,7,portfolio,Page1Experience,1789367190,1,0,0
99iosefo,9,o60mnzij,8,portfolio,SyncAllocation,1789367190,1,0,1
99iosefo,16,3p6ks3hb,8,portfolio,SyncAllocation,1789367190,1,0,1
99iosefo,5,i42igenv,8,portfolio,SyncAllocation,1789367190,1,0,1
99iosefo,10,bnt5i99k,8,portfolio,SyncAllocation,1789367190,1,0,1
99iosefo,23,3pb269ab,8,portfolio,SyncAllocation,1789367190,1,0,1
99iosefo,3,rucumqi6,8,portfolio,SyncAllocation,1789367190,1,0,1
99iosefo,18,ebzeqzcf,8,portfolio,SyncAllocation,1789367190,1,0,1
99iosefo,8,a6q31ex7,8,portfolio,SyncAllocation,1789367190,1,0,1
99iosefo,20,m8xnbw73,8,portfolio,SyncAllocation,1789367190,1,0,1
99iosefo,12,i44g0thi,8,portfolio,SyncAllocation,1789367190,1,0,1
99iosefo,4,lbzqe7lh,8,portfolio,SyncAllocation,1789367190,1,0,1
99iosefo,22,rbyuqaqn,8,portfolio,SyncAllocation,1789367190,1,0,1
99iosefo,19,pb6d6kev,8,portfolio,SyncAllocation,1789367190,1,0,1
99iosefo,13,s9ryf5kv,8,portfolio,SyncAllocation,1789367190,1,0,1
99iosefo,11,zrywj9fx,8,portfolio,SyncAllocation,1789367190,1,0,1
99iosefo,21,an9ihpoe,8,portfolio,SyncAllocation,1789367190,1,0,1
99iosefo,6,2nkc141x,8,portfolio,SyncAllocation,1789367190,1,0,1
99iosefo,25,0tv7bd9u,8,portfolio,SyncAllocation,1789367190,1,0,1
99iosefo,1,cfn8fv6w,8,portfolio,SyncAllocation,1789367190,1,0,1
99iosefo,24,ewpd3m8q,8,portfolio,SyncAllocation,1789367190,1,0,1
99iosefo,14,oe31za5u,8,portfolio,SyncAllocation,1789367190,1,0,1
99iosefo,2,a1q00v4p,8,portfolio,SyncAllocation,1789367190,1,0,1
99iosefo,17,y5kgtmfb,8,portfolio,SyncAllocation,1789367190,1,0,1
99iosefo,7,oqud1wxk,8,portfolio,SyncAllocation,1789367190,1,0,1
99iosefo,15,v86y9zyn,8,portfolio,SyncAllocation,1789367190,1,0,1
99iosefo,23,3pb269ab,9,portfolio,InstructionsMarket,1789367197,1,0,0
99iosefo,11,zrywj9fx,9,portfolio,InstructionsMarket,1789367199,1,0,0
99iosefo,3,rucumqi6,9,portfolio,InstructionsMarket,1789367200,1,0,0
99iosefo,6,2nkc141x,9,portfolio,InstructionsMarket,1789367205,1,0,0
99iosefo,11,zrywj9fx,10,portfolio,ComprehensionMarket,1789367206,1,0,0
99iosefo,10,bnt5i99k,9,portfolio,InstructionsMarket,1789367209,1,0,0
99iosefo,11,zrywj9fx,11,portfolio,InstructionsBeliefs,1789367209,1,0,0
99iosefo,9,o60mnzij,9,portfolio,InstructionsMarket,1789367210,1,0,0
99iosefo,19,pb6d6kev,9,portfolio,InstructionsMarket,1789367212,1,0,0
99iosefo,5,i42igenv,9,portfolio,InstructionsMarket,1789367218,1,0,0
99iosefo,23,3pb269ab,10,portfolio,ComprehensionMarket,1789367223,1,0,0
99iosefo,12,i44g0thi,9,portfolio,InstructionsMarket,1789367223,1,0,0
99iosefo,13,s9ryf5kv,9,portfolio,InstructionsMarket,1789367224,1,0,0
99iosefo,22,rbyuqaqn,9,portfolio,InstructionsMarket,1789367225,1,0,0
99iosefo,9,o60mnzij,10,portfolio,ComprehensionMarket,1789367226,1,0,0
99iosefo,3,rucumqi6,10,portfolio,ComprehensionMarket,1789367226,1,0,0
99iosefo,19,pb6d6kev,10,portfolio,ComprehensionMarket,1789367229,1,0,0
99iosefo,16,3p6ks3hb,9,portfolio,InstructionsMarket,1789367230,1,0,0
99iosefo,23,3pb269ab,11,portfolio,InstructionsBeliefs,1789367231,1,0,0
99iosefo,12,i44g0thi,10,portfolio,ComprehensionMarket,1789367233,1,0,0
99iosefo,13,s9ryf5kv,10,portfolio,ComprehensionMarket,1789367233,1,0,0
99iosefo,10,bnt5i99k,10,portfolio,ComprehensionMarket,1789367235,1,0,0
99iosefo,20,m8xnbw73,9,portfolio,InstructionsMarket,1789367235,1,0,0
99iosefo,24,ewpd3m8q,9,portfolio,InstructionsMarket,1789367235,1,0,0
99iosefo,17,y5kgtmfb,9,portfolio,InstructionsMarket,1789367237,1,0,0
99iosefo,5,i42igenv,10,portfolio,ComprehensionMarket,1789367245,1,0,0
99iosefo,18,ebzeqzcf,9,portfolio,InstructionsMarket,1789367250,1,0,0
99iosefo,17,y5kgtmfb,10,portfolio,ComprehensionMarket,1789367250,1,0,0
99iosefo,21,an9ihpoe,9,portfolio,InstructionsMarket,1789367252,1,0,0
99iosefo,11,zrywj9fx,12,portfolio,PageBeliefExpNoExp,1789367254,1,0,0
99iosefo,20,m8xnbw73,10,portfolio,ComprehensionMarket,1789367255,1,0,0
99iosefo,22,rbyuqaqn,10,portfolio,ComprehensionMarket,1789367256,1,0,0
99iosefo,18,ebzeqzcf,10,portfolio,ComprehensionMarket,1789367260,1,0,0
99iosefo,16,3p6ks3hb,10,portfolio,ComprehensionMarket,1789367261,1,0,0
99iosefo,2,a1q00v4p,9,portfolio,InstructionsMarket,1789367262,1,0,0
99iosefo,21,an9ihpoe,10,portfolio,ComprehensionMarket,1789367263,1,0,0
99iosefo,19,pb6d6kev,11,portfolio,InstructionsBeliefs,1789367270,1,0,0
99iosefo,9,o60mnzij,11,portfolio,InstructionsBeliefs,1789367271,1,0,0
99iosefo,13,s9ryf5kv,11,portfolio,InstructionsBeliefs,1789367273,1,0,0
99iosefo,25,0tv7bd9u,9,portfolio,InstructionsMarket,1789367274,1,0,0
99iosefo,11,zrywj9fx,13,portfolio,PageOtherBeliefExpNoExp,1789367276,1,0,0
99iosefo,21,an9ihpoe,11,portfolio,InstructionsBeliefs,1789367276,1,0,0
99iosefo,3,rucumqi6,11,portfolio,InstructionsBeliefs,1789367277,1,0,0
99iosefo,6,2nkc141x,10,portfolio,ComprehensionMarket,1789367282,1,0,0
99iosefo,10,bnt5i99k,11,portfolio,InstructionsBeliefs,1789367285,1,0,0
99iosefo,23,3pb269ab,12,portfolio,PageBeliefExpNoExp,1789367288,1,0,0
99iosefo,17,y5kgtmfb,11,portfolio,InstructionsBeliefs,1789367292,1,0,0
99iosefo,25,0tv7bd9u,10,portfolio,ComprehensionMarket,1789367296,1,0,0
99iosefo,14,oe31za5u,9,portfolio,InstructionsMarket,1789367296,1,0,0
99iosefo,8,a6q31ex7,9,portfolio,InstructionsMarket,1789367296,1,0,0
99iosefo,1,cfn8fv6w,9,portfolio,InstructionsMarket,1789367297,1,0,0
99iosefo,7,oqud1wxk,9,portfolio,InstructionsMarket,1789367301,1,0,0
99iosefo,2,a1q00v4p,10,portfolio,ComprehensionMarket,1789367305,1,0,0
99iosefo,14,oe31za5u,10,portfolio,ComprehensionMarket,1789367306,1,0,0
99iosefo,20,m8xnbw73,11,portfolio,InstructionsBeliefs,1789367307,1,0,0
99iosefo,5,i42igenv,11,portfolio,InstructionsBeliefs,1789367309,1,0,0
99iosefo,9,o60mnzij,12,portfolio,PageBeliefExpNoExp,1789367309,1,0,0
99iosefo,6,2nkc141x,11,portfolio,InstructionsBeliefs,1789367311,1,0,0
99iosefo,18,ebzeqzcf,11,portfolio,InstructionsBeliefs,1789367312,1,0,0
99iosefo,8,a6q31ex7,10,portfolio,ComprehensionMarket,1789367319,1,0,0
99iosefo,16,3p6ks3hb,11,portfolio,InstructionsBeliefs,1789367321,1,0,0
99iosefo,3,rucumqi6,12,portfolio,PageBeliefExpNoExp,1789367324,1,0,0
99iosefo,22,rbyuqaqn,11,portfolio,InstructionsBeliefs,1789367324,1,0,0
99iosefo,9,o60mnzij,13,portfolio,PageOtherBeliefExpNoExp,1789367325,1,0,0
99iosefo,1,cfn8fv6w,10,portfolio,ComprehensionMarket,1789367329,1,0,0
99iosefo,23,3pb269ab,13,portfolio,PageOtherBeliefExpNoExp,1789367330,1,0,0
99iosefo,11,zrywj9fx,14,portfolio,TradingRulesExp,1789367336,1,0,0
99iosefo,21,an9ihpoe,12,portfolio,PageBeliefExpNoExp,1789367338,1,0,0
99iosefo,9,o60mnzij,14,portfolio,TradingRulesExp,1789367342,1,0,0
99iosefo,2,a1q00v4p,11,portfolio,InstructionsBeliefs,1789367346,1,0,0
99iosefo,7,oqud1wxk,10,portfolio,ComprehensionMarket,1789367347,1,0,0
99iosefo,4,lbzqe7lh,9,portfolio,InstructionsMarket,1789367347,1,0,0
99iosefo,15,v86y9zyn,9,portfolio,InstructionsMarket,1789367351,1,0,0
99iosefo,12,i44g0thi,11,portfolio,InstructionsBeliefs,1789367354,1,0,0
99iosefo,13,s9ryf5kv,12,portfolio,PageBeliefExpNoExp,1789367354,1,0,0
99iosefo,24,ewpd3m8q,10,portfolio,ComprehensionMarket,1789367355,1,0,0
99iosefo,23,3pb269ab,14,portfolio,TradingRulesExp,1789367366,1,0,0
99iosefo,15,v86y9zyn,10,portfolio,ComprehensionMarket,1789367367,1,0,0
99iosefo,17,y5kgtmfb,12,portfolio,PageBeliefExpNoExp,1789367367,1,0,0
99iosefo,3,rucumqi6,13,portfolio,PageOtherBeliefExpNoExp,1789367367,1,0,0
99iosefo,19,pb6d6kev,12,portfolio,PageBeliefExpNoExp,1789367368,1,0,0
99iosefo,14,oe31za5u,11,portfolio,InstructionsBeliefs,1789367368,1,0,0
99iosefo,4,lbzqe7lh,10,portfolio,ComprehensionMarket,1789367373,1,0,0
99iosefo,20,m8xnbw73,12,portfolio,PageBeliefExpNoExp,1789367375,1,0,0
99iosefo,8,a6q31ex7,11,portfolio,InstructionsBeliefs,1789367377,1,0,0
99iosefo,3,rucumqi6,14,portfolio,TradingRulesExp,1789367379,1,0,0
99iosefo,16,3p6ks3hb,12,portfolio,PageBeliefExpNoExp,1789367380,1,0,0
99iosefo,13,s9ryf5kv,13,portfolio,PageOtherBeliefExpNoExp,1789367384,1,0,0
99iosefo,25,0tv7bd9u,11,portfolio,InstructionsBeliefs,1789367391,1,0,0
99iosefo,15,v86y9zyn,11,portfolio,InstructionsBeliefs,1789367394,1,0,0
99iosefo,6,2nkc141x,12,portfolio,PageBeliefExpNoExp,1789367395,1,0,0
99iosefo,17,y5kgtmfb,13,portfolio,PageOtherBeliefExpNoExp,1789367402,1,0,0
99iosefo,21,an9ihpoe,13,portfolio,PageOtherBeliefExpNoExp,1789367404,1,0,0
99iosefo,2,a1q00v4p,12,portfolio,PageBeliefExpNoExp,1789367404,1,0,0
99iosefo,20,m8xnbw73,13,portfolio,PageOtherBeliefExpNoExp,1789367405,1,0,0
99iosefo,13,s9ryf5kv,14,portfolio,TradingRulesExp,1789367406,1,0,0
99iosefo,22,rbyuqaqn,12,portfolio,PageBeliefExpNoExp,1789367409,1,0,0
99iosefo,16,3p6ks3hb,13,portfolio,PageOtherBeliefExpNoExp,1789367414,1,0,0
99iosefo,16,3p6ks3hb,14,portfolio,TradingRulesExp,1789367422,1,0,0
99iosefo,1,cfn8fv6w,11,portfolio,InstructionsBeliefs,1789367422,1,0,0
99iosefo,20,m8xnbw73,14,portfolio,TradingRulesExp,1789367427,1,0,0
99iosefo,24,ewpd3m8q,11,portfolio,InstructionsBeliefs,1789367427,1,0,0
99iosefo,6,2nkc141x,13,portfolio,PageOtherBeliefExpNoExp,1789367428,1,0,0
99iosefo,17,y5kgtmfb,14,portfolio,TradingRulesExp,1789367429,1,0,0
99iosefo,22,rbyuqaqn,13,portfolio,PageOtherBeliefExpNoExp,1789367429,1,0,0
99iosefo,19,pb6d6kev,13,portfolio,PageOtherBeliefExpNoExp,1789367430,1,0,0
99iosefo,10,bnt5i99k,12,portfolio,PageBeliefExpNoExp,1789367436,1,0,0
99iosefo,6,2nkc141x,14,portfolio,TradingRulesExp,1789367436,1,0,0
99iosefo,2,a1q00v4p,13,portfolio,PageOtherBeliefExpNoExp,1789367438,1,0,0
99iosefo,5,i42igenv,12,portfolio,PageBeliefExpNoExp,1789367441,1,0,0
99iosefo,12,i44g0thi,12,portfolio,PageBeliefExpNoExp,1789367450,1,0,0
99iosefo,21,an9ihpoe,14,portfolio,TradingRulesExp,1789367454,1,0,0
99iosefo,4,lbzqe7lh,11,portfolio,InstructionsBeliefs,1789367455,1,0,0
99iosefo,10,bnt5i99k,13,portfolio,PageOtherBeliefExpNoExp,1789367461,1,0,0
99iosefo,14,oe31za5u,12,portfolio,PageBeliefExpNoExp,1789367462,1,0,0
99iosefo,8,a6q31ex7,12,portfolio,PageBeliefExpNoExp,1789367472,1,0,0
99iosefo,19,pb6d6kev,14,portfolio,TradingRulesExp,1789367487,1,0,0
99iosefo,12,i44g0thi,13,portfolio,PageOtherBeliefExpNoExp,1789367490,1,0,0
99iosefo,2,a1q00v4p,14,portfolio,TradingRulesExp,1789367492,1,0,0
99iosefo,22,rbyuqaqn,14,portfolio,TradingRulesExp,1789367493,1,0,0
99iosefo,14,oe31za5u,13,portfolio,PageOtherBeliefExpNoExp,1789367493,1,0,0
99iosefo,18,ebzeqzcf,12,portfolio,PageBeliefExpNoExp,1789367498,1,0,0
99iosefo,10,bnt5i99k,14,portfolio,TradingRulesExp,1789367500,1,0,0
99iosefo,8,a6q31ex7,13,portfolio,PageOtherBeliefExpNoExp,1789367506,1,0,0
99iosefo,7,oqud1wxk,11,portfolio,InstructionsBeliefs,1789367511,1,0,0
99iosefo,24,ewpd3m8q,12,portfolio,PageBeliefExpNoExp,1789367511,1,0,0
99iosefo,15,v86y9zyn,12,portfolio,PageBeliefExpNoExp,1789367515,1,0,0
99iosefo,12,i44g0thi,14,portfolio,TradingRulesExp,1789367520,1,0,0
99iosefo,14,oe31za5u,14,portfolio,TradingRulesExp,1789367524,1,0,0
99iosefo,18,ebzeqzcf,13,portfolio,PageOtherBeliefExpNoExp,1789367531,1,0,0
99iosefo,1,cfn8fv6w,12,portfolio,PageBeliefExpNoExp,1789367535,1,0,0
99iosefo,18,ebzeqzcf,14,portfolio,TradingRulesExp,1789367538,1,0,0
99iosefo,15,v86y9zyn,13,portfolio,PageOtherBeliefExpNoExp,1789367549,1,0,0
99iosefo,15,v86y9zyn,14,portfolio,TradingRulesExp,1789367576,1,0,0
99iosefo,1,cfn8fv6w,13,portfolio,PageOtherBeliefExpNoExp,1789367580,1,0,0
99iosefo,7,oqud1wxk,12,portfolio,PageBeliefExpNoExp,1789367589,1,0,0
99iosefo,8,a6q31ex7,14,portfolio,TradingRulesExp,1789367602,1,0,0
99iosefo,5,i42igenv,13,portfolio,PageOtherBeliefExpNoExp,1789367609,1,0,0
99iosefo,7,oqud1wxk,13,portfolio,PageOtherBeliefExpNoExp,1789367632,1,0,0
99iosefo,5,i42igenv,14,portfolio,TradingRulesExp,1789367644,1,0,0
99iosefo,1,cfn8fv6w,14,portfolio,TradingRulesExp,1789367649,1,0,0
99iosefo,24,ewpd3m8q,13,portfolio,PageOtherBeliefExpNoExp,1789367651,1,0,0
99iosefo,24,ewpd3m8q,14,portfolio,TradingRulesExp,1789367658,1,0,0
99iosefo,25,0tv7bd9u,12,portfolio,PageBeliefExpNoExp,1789367679,1,0,0
99iosefo,7,oqud1wxk,14,portfolio,TradingRulesExp,1789367697,1,0,0
99iosefo,25,0tv7bd9u,13,portfolio,PageOtherBeliefExpNoExp,1789367733,1,0,0
99iosefo,4,lbzqe7lh,12,portfolio,PageBeliefExpNoExp,1789367749,1,0,0
99iosefo,4,lbzqe7lh,13,portfolio,PageOtherBeliefExpNoExp,1789367786,1,0,0
99iosefo,25,0tv7bd9u,14,portfolio,TradingRulesExp,1789367810,1,0,0
99iosefo,4,lbzqe7lh,14,portfolio,TradingRulesExp,1789367826,1,0,0
99iosefo,1,cfn8fv6w,15,portfolio,SyncTradingRules,1789367826,1,0,1
99iosefo,3,rucumqi6,15,portfolio,SyncTradingRules,1789367826,1,0,1
99iosefo,25,0tv7bd9u,15,portfolio,SyncTradingRules,1789367826,1,0,1
99iosefo,8,a6q31ex7,15,portfolio,SyncTradingRules,1789367826,1,0,1
99iosefo,6,2nkc141x,15,portfolio,SyncTradingRules,1789367826,1,0,1
99iosefo,12,i44g0thi,15,portfolio,SyncTradingRules,1789367826,1,0,1
99iosefo,4,lbzqe7lh,15,portfolio,SyncTradingRules,1789367826,1,0,1
99iosefo,22,rbyuqaqn,15,portfolio,SyncTradingRules,1789367826,1,0,1
99iosefo,5,i42igenv,15,portfolio,SyncTradingRules,1789367826,1,0,1
99iosefo,16,3p6ks3hb,15,portfolio,SyncTradingRules,1789367826,1,0,1
99iosefo,21,an9ihpoe,15,portfolio,SyncTradingRules,1789367826,1,0,1
99iosefo,19,pb6d6kev,15,portfolio,SyncTradingRules,1789367826,1,0,1
99iosefo,11,zrywj9fx,15,portfolio,SyncTradingRules,1789367826,1,0,1
99iosefo,24,ewpd3m8q,15,portfolio,SyncTradingRules,1789367826,1,0,1
99iosefo,14,oe31za5u,15,portfolio,SyncTradingRules,1789367826,1,0,1
99iosefo,7,oqud1wxk,15,portfolio,SyncTradingRules,1789367826,1,0,1
99iosefo,13,s9ryf5kv,15,portfolio,SyncTradingRules,1789367826,1,0,1
99iosefo,2,a1q00v4p,15,portfolio,SyncTradingRules,1789367826,1,0,1
99iosefo,9,o60mnzij,15,portfolio,SyncTradingRules,1789367826,1,0,1
99iosefo,23,3pb269ab,15,portfolio,SyncTradingRules,1789367826,1,0,1
99iosefo,17,y5kgtmfb,15,portfolio,SyncTradingRules,1789367826,1,0,1
99iosefo,20,m8xnbw73,15,portfolio,SyncTradingRules,1789367826,1,0,1
99iosefo,10,bnt5i99k,15,portfolio,SyncTradingRules,1789367826,1,0,1
99iosefo,18,ebzeqzcf,15,portfolio,SyncTradingRules,1789367826,1,0,1
99iosefo,15,v86y9zyn,15,portfolio,SyncTradingRules,1789367826,1,0,1
99iosefo,6,2nkc141x,16,portfolio,PageBidExperience,1789367851,1,0,0
99iosefo,20,m8xnbw73,16,portfolio,PageBidExperience,1789367852,1,0,0
99iosefo,12,i44g0thi,16,portfolio,PageBidExperience,1789367852,1,0,0
99iosefo,13,s9ryf5kv,16,portfolio,PageBidExperience,1789367855,1,0,0
99iosefo,9,o60mnzij,16,portfolio,PageBidExperience,1789367855,1,0,0
99iosefo,8,a6q31ex7,16,portfolio,PageBidExperience,1789367859,1,0,0
99iosefo,10,bnt5i99k,16,portfolio,PageBidExperience,1789367861,1,0,0
99iosefo,22,rbyuqaqn,16,portfolio,PageBidExperience,1789367861,1,0,0
99iosefo,3,rucumqi6,16,portfolio,PageBidExperience,1789367861,1,0,0
99iosefo,25,0tv7bd9u,16,portfolio,PageBidExperience,1789367862,1,0,0
99iosefo,11,zrywj9fx,16,portfolio,PageBidExperience,1789367865,1,0,0
99iosefo,2,a1q00v4p,16,portfolio,PageBidExperience,1789367868,1,0,0
99iosefo,19,pb6d6kev,16,portfolio,PageBidExperience,1789367874,1,0,0
99iosefo,23,3pb269ab,16,portfolio,PageBidExperience,1789367875,1,0,0
99iosefo,1,cfn8fv6w,16,portfolio,PageBidExperience,1789367878,1,0,0
99iosefo,21,an9ihpoe,16,portfolio,PageBidExperience,1789367879,1,0,0
99iosefo,18,ebzeqzcf,16,portfolio,PageBidExperience,1789367893,1,0,0
99iosefo,17,y5kgtmfb,16,portfolio,PageBidExperience,1789367894,1,0,0
99iosefo,14,oe31za5u,16,portfolio,PageBidExperience,1789367902,1,0,0
99iosefo,24,ewpd3m8q,16,portfolio,PageBidExperience,1789367903,1,0,0
99iosefo,22,rbyuqaqn,25,portfolio,Clearing,1789367903,1,0,1
99iosefo,24,ewpd3m8q,25,portfolio,Clearing,1789367903,1,0,1
99iosefo,23,3pb269ab,25,portfolio,Clearing,1789367903,1,0,1
99iosefo,25,0tv7bd9u,25,portfolio,Clearing,1789367903,1,0,1
99iosefo,21,an9ihpoe,25,portfolio,Clearing,1789367903,1,0,1
99iosefo,16,3p6ks3hb,16,portfolio,PageBidExperience,1789367904,1,0,0
99iosefo,16,3p6ks3hb,25,portfolio,Clearing,1789367904,1,0,1
99iosefo,19,pb6d6kev,25,portfolio,Clearing,1789367904,1,0,1
99iosefo,17,y5kgtmfb,25,portfolio,Clearing,1789367904,1,0,1
99iosefo,18,ebzeqzcf,25,portfolio,Clearing,1789367904,1,0,1
99iosefo,20,m8xnbw73,25,portfolio,Clearing,1789367904,1,0,1
99iosefo,15,v86y9zyn,16,portfolio,PageBidExperience,1789367905,1,0,0
99iosefo,11,zrywj9fx,25,portfolio,Clearing,1789367905,1,0,1
99iosefo,12,i44g0thi,25,portfolio,Clearing,1789367905,1,0,1
99iosefo,13,s9ryf5kv,25,portfolio,Clearing,1789367905,1,0,1
99iosefo,14,oe31za5u,25,portfolio,Clearing,1789367905,1,0,1
99iosefo,15,v86y9zyn,25,portfolio,Clearing,1789367905,1,0,1
99iosefo,7,oqud1wxk,16,portfolio,PageBidExperience,1789367908,1,0,0
99iosefo,6,2nkc141x,25,portfolio,Clearing,1789367909,1,0,1
99iosefo,8,a6q31ex7,25,portfolio,Clearing,1789367909,1,0,1
99iosefo,7,oqud1wxk,25,portfolio,Clearing,1789367909,1,0,1
99iosefo,9,o60mnzij,25,portfolio,Clearing,1789367909,1,0,1
99iosefo,10,bnt5i99k,25,portfolio,Clearing,1789367909,1,0,1
99iosefo,4,lbzqe7lh,16,portfolio,PageBidExperience,1789367953,1,0,0
99iosefo,5,i42igenv,16,portfolio,PageBidExperience,1789368067,1,0,0
99iosefo,1,cfn8fv6w,25,portfolio,Clearing,1789368067,1,0,1
99iosefo,3,rucumqi6,25,portfolio,Clearing,1789368067,1,0,1
99iosefo,2,a1q00v4p,25,portfolio,Clearing,1789368067,1,0,1
99iosefo,4,lbzqe7lh,25,portfolio,Clearing,1789368067,1,0,1
99iosefo,5,i42igenv,25,portfolio,Clearing,1789368067,1,0,1
99iosefo,22,rbyuqaqn,26,portfolio,SyncMarketRound,1789368068,1,0,1
99iosefo,11,zrywj9fx,26,portfolio,SyncMarketRound,1789368068,1,0,1
99iosefo,6,2nkc141x,26,portfolio,SyncMarketRound,1789368068,1,0,1
99iosefo,16,3p6ks3hb,26,portfolio,SyncMarketRound,1789368068,1,0,1
99iosefo,8,a6q31ex7,26,portfolio,SyncMarketRound,1789368068,1,0,1
99iosefo,1,cfn8fv6w,26,portfolio,SyncMarketRound,1789368068,1,0,1
99iosefo,19,pb6d6kev,26,portfolio,SyncMarketRound,1789368068,1,0,1
99iosefo,3,rucumqi6,26,portfolio,SyncMarketRound,1789368068,1,0,1
99iosefo,12,i44g0thi,26,portfolio,SyncMarketRound,1789368068,1,0,1
99iosefo,24,ewpd3m8q,26,portfolio,SyncMarketRound,1789368068,1,0,1
99iosefo,2,a1q00v4p,26,portfolio,SyncMarketRound,1789368068,1,0,1
99iosefo,13,s9ryf5kv,26,portfolio,SyncMarketRound,1789368068,1,0,1
99iosefo,7,oqud1wxk,26,portfolio,SyncMarketRound,1789368068,1,0,1
99iosefo,14,oe31za5u,26,portfolio,SyncMarketRound,1789368068,1,0,1
99iosefo,23,3pb269ab,26,portfolio,SyncMarketRound,1789368068,1,0,1
99iosefo,25,0tv7bd9u,26,portfolio,SyncMarketRound,1789368068,1,0,1
99iosefo,17,y5kgtmfb,26,portfolio,SyncMarketRound,1789368068,1,0,1
99iosefo,18,ebzeqzcf,26,portfolio,SyncMarketRound,1789368068,1,0,1
99iosefo,20,m8xnbw73,26,portfolio,SyncMarketRound,1789368068,1,0,1
99iosefo,21,an9ihpoe,26,portfolio,SyncMarketRound,1789368068,1,0,1
99iosefo,15,v86y9zyn,26,portfolio,SyncMarketRound,1789368068,1,0,1
99iosefo,9,o60mnzij,26,portfolio,SyncMarketRound,1789368068,1,0,1
99iosefo,10,bnt5i99k,26,portfolio,SyncMarketRound,1789368068,1,0,1
99iosefo,4,lbzqe7lh,26,portfolio,SyncMarketRound,1789368068,1,0,1
99iosefo,5,i42igenv,26,portfolio,SyncMarketRound,1789368068,1,0,1
99iosefo,20,m8xnbw73,45,portfolio,PageBidExperience,1789368098,2,0,0
99iosefo,24,ewpd3m8q,45,portfolio,PageBidExperience,1789368100,2,0,0
99iosefo,9,o60mnzij,45,portfolio,PageBidExperience,1789368105,2,0,0
99iosefo,8,a6q31ex7,45,portfolio,PageBidExperience,1789368108,2,0,0
99iosefo,7,oqud1wxk,45,portfolio,PageBidExperience,1789368111,2,0,0
99iosefo,14,oe31za5u,45,portfolio,PageBidExperience,1789368112,2,0,0
99iosefo,19,pb6d6kev,45,portfolio,PageBidExperience,1789368112,2,0,0
99iosefo,13,s9ryf5kv,45,portfolio,PageBidExperience,1789368112,2,0,0
99iosefo,15,v86y9zyn,45,portfolio,PageBidExperience,1789368115,2,0,0
99iosefo,12,i44g0thi,45,portfolio,PageBidExperience,1789368115,2,0,0
99iosefo,22,rbyuqaqn,45,portfolio,PageBidExperience,1789368116,2,0,0
99iosefo,21,an9ihpoe,45,portfolio,PageBidExperience,1789368118,2,0,0
99iosefo,23,3pb269ab,45,portfolio,PageBidExperience,1789368124,2,0,0
99iosefo,16,3p6ks3hb,45,portfolio,PageBidExperience,1789368126,2,0,0
99iosefo,11,zrywj9fx,45,portfolio,PageBidExperience,1789368129,2,0,0
99iosefo,11,zrywj9fx,54,portfolio,Clearing,1789368129,2,0,1
99iosefo,12,i44g0thi,54,portfolio,Clearing,1789368129,2,0,1
99iosefo,13,s9ryf5kv,54,portfolio,Clearing,1789368129,2,0,1
99iosefo,14,oe31za5u,54,portfolio,Clearing,1789368129,2,0,1
99iosefo,15,v86y9zyn,54,portfolio,Clearing,1789368129,2,0,1
99iosefo,5,i42igenv,45,portfolio,PageBidExperience,1789368130,2,0,0
99iosefo,1,cfn8fv6w,45,portfolio,PageBidExperience,1789368131,2,0,0
99iosefo,3,rucumqi6,45,portfolio,PageBidExperience,1789368131,2,0,0
99iosefo,10,bnt5i99k,45,portfolio,PageBidExperience,1789368139,2,0,0
99iosefo,17,y5kgtmfb,45,portfolio,PageBidExperience,1789368151,2,0,0
99iosefo,18,ebzeqzcf,45,portfolio,PageBidExperience,1789368169,2,0,0
99iosefo,2,a1q00v4p,45,portfolio,PageBidExperience,1789368169,2,0,0
99iosefo,16,3p6ks3hb,54,portfolio,Clearing,1789368169,2,0,1
99iosefo,17,y5kgtmfb,54,portfolio,Clearing,1789368169,2,0,1
99iosefo,18,ebzeqzcf,54,portfolio,Clearing,1789368169,2,0,1
99iosefo,19,pb6d6kev,54,portfolio,Clearing,1789368169,2,0,1
99iosefo,20,m8xnbw73,54,portfolio,Clearing,1789368169,2,0,1
99iosefo,6,2nkc141x,45,portfolio,PageBidExperience,1789368171,2,0,0
99iosefo,7,oqud1wxk,54,portfolio,Clearing,1789368171,2,0,1
99iosefo,8,a6q31ex7,54,portfolio,Clearing,1789368171,2,0,1
99iosefo,9,o60mnzij,54,portfolio,Clearing,1789368171,2,0,1
99iosefo,10,bnt5i99k,54,portfolio,Clearing,1789368171,2,0,1
99iosefo,6,2nkc141x,54,portfolio,Clearing,1789368171,2,0,1
99iosefo,4,lbzqe7lh,45,portfolio,PageBidExperience,1789368192,2,0,0
99iosefo,1,cfn8fv6w,54,portfolio,Clearing,1789368192,2,0,1
99iosefo,2,a1q00v4p,54,portfolio,Clearing,1789368192,2,0,1
99iosefo,3,rucumqi6,54,portfolio,Clearing,1789368192,2,0,1
99iosefo,5,i42igenv,54,portfolio,Clearing,1789368192,2,0,1
99iosefo,4,lbzqe7lh,54,portfolio,Clearing,1789368192,2,0,1
99iosefo,25,0tv7bd9u,45,portfolio,PageBidExperience,1789368280,2,0,0
99iosefo,21,an9ihpoe,54,portfolio,Clearing,1789368280,2,0,1
99iosefo,22,rbyuqaqn,54,portfolio,Clearing,1789368280,2,0,1
99iosefo,23,3pb269ab,54,portfolio,Clearing,1789368280,2,0,1
99iosefo,24,ewpd3m8q,54,portfolio,Clearing,1789368280,2,0,1
99iosefo,25,0tv7bd9u,54,portfolio,Clearing,1789368280,2,0,1
99iosefo,1,cfn8fv6w,55,portfolio,SyncMarketRound,1789368282,2,0,1
99iosefo,2,a1q00v4p,55,portfolio,SyncMarketRound,1789368282,2,0,1
99iosefo,7,oqud1wxk,55,portfolio,SyncMarketRound,1789368282,2,0,1
99iosefo,3,rucumqi6,55,portfolio,SyncMarketRound,1789368282,2,0,1
99iosefo,8,a6q31ex7,55,portfolio,SyncMarketRound,1789368282,2,0,1
99iosefo,9,o60mnzij,55,portfolio,SyncMarketRound,1789368282,2,0,1
99iosefo,11,zrywj9fx,55,portfolio,SyncMarketRound,1789368282,2,0,1
99iosefo,12,i44g0thi,55,portfolio,SyncMarketRound,1789368282,2,0,1
99iosefo,13,s9ryf5kv,55,portfolio,SyncMarketRound,1789368282,2,0,1
99iosefo,14,oe31za5u,55,portfolio,SyncMarketRound,1789368282,2,0,1
99iosefo,15,v86y9zyn,55,portfolio,SyncMarketRound,1789368282,2,0,1
99iosefo,10,bnt5i99k,55,portfolio,SyncMarketRound,1789368282,2,0,1
99iosefo,16,3p6ks3hb,55,portfolio,SyncMarketRound,1789368282,2,0,1
99iosefo,17,y5kgtmfb,55,portfolio,SyncMarketRound,1789368282,2,0,1
99iosefo,18,ebzeqzcf,55,portfolio,SyncMarketRound,1789368282,2,0,1
99iosefo,5,i42igenv,55,portfolio,SyncMarketRound,1789368282,2,0,1
99iosefo,6,2nkc141x,55,portfolio,SyncMarketRound,1789368282,2,0,1
99iosefo,4,lbzqe7lh,55,portfolio,SyncMarketRound,1789368282,2,0,1
99iosefo,19,pb6d6kev,55,portfolio,SyncMarketRound,1789368282,2,0,1
99iosefo,21,an9ihpoe,55,portfolio,SyncMarketRound,1789368282,2,0,1
99iosefo,22,rbyuqaqn,55,portfolio,SyncMarketRound,1789368282,2,0,1
99iosefo,23,3pb269ab,55,portfolio,SyncMarketRound,1789368282,2,0,1
99iosefo,24,ewpd3m8q,55,portfolio,SyncMarketRound,1789368282,2,0,1
99iosefo,25,0tv7bd9u,55,portfolio,SyncMarketRound,1789368282,2,0,1
99iosefo,20,m8xnbw73,55,portfolio,SyncMarketRound,1789368282,2,0,1
99iosefo,2,a1q00v4p,74,portfolio,PageBidExperience,1789368303,3,0,0
99iosefo,12,i44g0thi,74,portfolio,PageBidExperience,1789368303,3,0,0
99iosefo,24,ewpd3m8q,74,portfolio,PageBidExperience,1789368306,3,0,0
99iosefo,5,i42igenv,74,portfolio,PageBidExperience,1789368310,3,0,0
99iosefo,22,rbyuqaqn,74,portfolio,PageBidExperience,1789368314,3,0,0
99iosefo,11,zrywj9fx,74,portfolio,PageBidExperience,1789368316,3,0,0
99iosefo,13,s9ryf5kv,74,portfolio,PageBidExperience,1789368321,3,0,0
99iosefo,7,oqud1wxk,74,portfolio,PageBidExperience,1789368323,3,0,0
99iosefo,10,bnt5i99k,74,portfolio,PageBidExperience,1789368324,3,0,0
99iosefo,4,lbzqe7lh,74,portfolio,PageBidExperience,1789368324,3,0,0
99iosefo,18,ebzeqzcf,74,portfolio,PageBidExperience,1789368328,3,0,0
99iosefo,14,oe31za5u,74,portfolio,PageBidExperience,1789368329,3,0,0
99iosefo,19,pb6d6kev,74,portfolio,PageBidExperience,1789368339,3,0,0
99iosefo,21,an9ihpoe,74,portfolio,PageBidExperience,1789368341,3,0,0
99iosefo,1,cfn8fv6w,74,portfolio,PageBidExperience,1789368345,3,0,0
99iosefo,3,rucumqi6,74,portfolio,PageBidExperience,1789368347,3,0,0
99iosefo,4,lbzqe7lh,83,portfolio,Clearing,1789368348,3,0,1
99iosefo,1,cfn8fv6w,83,portfolio,Clearing,1789368348,3,0,1
99iosefo,2,a1q00v4p,83,portfolio,Clearing,1789368348,3,0,1
99iosefo,3,rucumqi6,83,portfolio,Clearing,1789368348,3,0,1
99iosefo,5,i42igenv,83,portfolio,Clearing,1789368348,3,0,1
99iosefo,23,3pb269ab,74,portfolio,PageBidExperience,1789368348,3,0,0
99iosefo,17,y5kgtmfb,74,portfolio,PageBidExperience,1789368348,3,0,0
99iosefo,9,o60mnzij,74,portfolio,PageBidExperience,1789368351,3,0,0
99iosefo,20,m8xnbw73,74,portfolio,PageBidExperience,1789368353,3,0,0
99iosefo,8,a6q31ex7,74,portfolio,PageBidExperience,1789368372,3,0,0
99iosefo,15,v86y9zyn,74,portfolio,PageBidExperience,1789368375,3,0,0
99iosefo,11,zrywj9fx,83,portfolio,Clearing,1789368375,3,0,1
99iosefo,12,i44g0thi,83,portfolio,Clearing,1789368375,3,0,1
99iosefo,13,s9ryf5kv,83,portfolio,Clearing,1789368375,3,0,1
99iosefo,14,oe31za5u,83,portfolio,Clearing,1789368375,3,0,1
99iosefo,15,v86y9zyn,83,portfolio,Clearing,1789368375,3,0,1
99iosefo,16,3p6ks3hb,74,portfolio,PageBidExperience,1789368382,3,0,0
99iosefo,16,3p6ks3hb,83,portfolio,Clearing,1789368382,3,0,1
99iosefo,17,y5kgtmfb,83,portfolio,Clearing,1789368382,3,0,1
99iosefo,18,ebzeqzcf,83,portfolio,Clearing,1789368382,3,0,1
99iosefo,19,pb6d6kev,83,portfolio,Clearing,1789368382,3,0,1
99iosefo,20,m8xnbw73,83,portfolio,Clearing,1789368382,3,0,1
99iosefo,25,0tv7bd9u,74,portfolio,PageBidExperience,1789368388,3,0,0
99iosefo,21,an9ihpoe,83,portfolio,Clearing,1789368388,3,0,1
99iosefo,22,rbyuqaqn,83,portfolio,Clearing,1789368388,3,0,1
99iosefo,23,3pb269ab,83,portfolio,Clearing,1789368388,3,0,1
99iosefo,24,ewpd3m8q,83,portfolio,Clearing,1789368388,3,0,1
99iosefo,25,0tv7bd9u,83,portfolio,Clearing,1789368388,3,0,1
99iosefo,6,2nkc141x,74,portfolio,PageBidExperience,1789368420,3,0,0
99iosefo,6,2nkc141x,83,portfolio,Clearing,1789368420,3,0,1
99iosefo,7,oqud1wxk,83,portfolio,Clearing,1789368420,3,0,1
99iosefo,8,a6q31ex7,83,portfolio,Clearing,1789368420,3,0,1
99iosefo,10,bnt5i99k,83,portfolio,Clearing,1789368420,3,0,1
99iosefo,9,o60mnzij,83,portfolio,Clearing,1789368420,3,0,1
99iosefo,6,2nkc141x,84,portfolio,SyncMarketRound,1789368422,3,0,1
99iosefo,7,oqud1wxk,84,portfolio,SyncMarketRound,1789368422,3,0,1
99iosefo,21,an9ihpoe,84,portfolio,SyncMarketRound,1789368422,3,0,1
99iosefo,8,a6q31ex7,84,portfolio,SyncMarketRound,1789368422,3,0,1
99iosefo,16,3p6ks3hb,84,portfolio,SyncMarketRound,1789368422,3,0,1
99iosefo,17,y5kgtmfb,84,portfolio,SyncMarketRound,1789368422,3,0,1
99iosefo,4,lbzqe7lh,84,portfolio,SyncMarketRound,1789368422,3,0,1
99iosefo,22,rbyuqaqn,84,portfolio,SyncMarketRound,1789368422,3,0,1
99iosefo,18,ebzeqzcf,84,portfolio,SyncMarketRound,1789368422,3,0,1
99iosefo,23,3pb269ab,84,portfolio,SyncMarketRound,1789368422,3,0,1
99iosefo,10,bnt5i99k,84,portfolio,SyncMarketRound,1789368422,3,0,1
99iosefo,9,o60mnzij,84,portfolio,SyncMarketRound,1789368422,3,0,1
99iosefo,24,ewpd3m8q,84,portfolio,SyncMarketRound,1789368422,3,0,1
99iosefo,1,cfn8fv6w,84,portfolio,SyncMarketRound,1789368422,3,0,1
99iosefo,2,a1q00v4p,84,portfolio,SyncMarketRound,1789368422,3,0,1
99iosefo,3,rucumqi6,84,portfolio,SyncMarketRound,1789368422,3,0,1
99iosefo,19,pb6d6kev,84,portfolio,SyncMarketRound,1789368422,3,0,1
99iosefo,11,zrywj9fx,84,portfolio,SyncMarketRound,1789368422,3,0,1
99iosefo,12,i44g0thi,84,portfolio,SyncMarketRound,1789368422,3,0,1
99iosefo,13,s9ryf5kv,84,portfolio,SyncMarketRound,1789368422,3,0,1
99iosefo,14,oe31za5u,84,portfolio,SyncMarketRound,1789368422,3,0,1
99iosefo,20,m8xnbw73,84,portfolio,SyncMarketRound,1789368422,3,0,1
99iosefo,25,0tv7bd9u,84,portfolio,SyncMarketRound,1789368422,3,0,1
99iosefo,5,i42igenv,84,portfolio,SyncMarketRound,1789368422,3,0,1
99iosefo,15,v86y9zyn,84,portfolio,SyncMarketRound,1789368422,3,0,1
99iosefo,9,o60mnzij,103,portfolio,PageBidExperience,1789368448,4,0,0
99iosefo,11,zrywj9fx,103,portfolio,PageBidExperience,1789368451,4,0,0
99iosefo,14,oe31za5u,103,portfolio,PageBidExperience,1789368454,4,0,0
99iosefo,5,i42igenv,103,portfolio,PageBidExperience,1789368455,4,0,0
99iosefo,12,i44g0thi,103,portfolio,PageBidExperience,1789368456,4,0,0
99iosefo,17,y5kgtmfb,103,portfolio,PageBidExperience,1789368457,4,0,0
99iosefo,13,s9ryf5kv,103,portfolio,PageBidExperience,1789368460,4,0,0
99iosefo,7,oqud1wxk,103,portfolio,PageBidExperience,1789368461,4,0,0
99iosefo,8,a6q31ex7,103,portfolio,PageBidExperience,1789368463,4,0,0
99iosefo,22,rbyuqaqn,103,portfolio,PageBidExperience,1789368464,4,0,0
99iosefo,1,cfn8fv6w,103,portfolio,PageBidExperience,1789368465,4,0,0
99iosefo,21,an9ihpoe,103,portfolio,PageBidExperience,1789368470,4,0,0
99iosefo,25,0tv7bd9u,103,portfolio,PageBidExperience,1789368473,4,0,0
99iosefo,16,3p6ks3hb,103,portfolio,PageBidExperience,1789368477,4,0,0
99iosefo,2,a1q00v4p,103,portfolio,PageBidExperience,1789368478,4,0,0
99iosefo,23,3pb269ab,103,portfolio,PageBidExperience,1789368479,4,0,0
99iosefo,18,ebzeqzcf,103,portfolio,PageBidExperience,1789368480,4,0,0
99iosefo,6,2nkc141x,103,portfolio,PageBidExperience,1789368482,4,0,0
99iosefo,20,m8xnbw73,103,portfolio,PageBidExperience,1789368482,4,0,0
99iosefo,19,pb6d6kev,103,portfolio,PageBidExperience,1789368483,4,0,0
99iosefo,16,3p6ks3hb,112,portfolio,Clearing,1789368483,4,0,1
99iosefo,17,y5kgtmfb,112,portfolio,Clearing,1789368483,4,0,1
99iosefo,18,ebzeqzcf,112,portfolio,Clearing,1789368483,4,0,1
99iosefo,19,pb6d6kev,112,portfolio,Clearing,1789368483,4,0,1
99iosefo,20,m8xnbw73,112,portfolio,Clearing,1789368483,4,0,1
99iosefo,24,ewpd3m8q,103,portfolio,PageBidExperience,1789368489,4,0,0
99iosefo,22,rbyuqaqn,112,portfolio,Clearing,1789368490,4,0,1
99iosefo,21,an9ihpoe,112,portfolio,Clearing,1789368490,4,0,1
99iosefo,23,3pb269ab,112,portfolio,Clearing,1789368490,4,0,1
99iosefo,24,ewpd3m8q,112,portfolio,Clearing,1789368490,4,0,1
99iosefo,25,0tv7bd9u,112,portfolio,Clearing,1789368490,4,0,1
99iosefo,4,lbzqe7lh,103,portfolio,PageBidExperience,1789368495,4,0,0
99iosefo,3,rucumqi6,103,portfolio,PageBidExperience,1789368518,4,0,0
99iosefo,4,lbzqe7lh,112,portfolio,Clearing,1789368518,4,0,1
99iosefo,1,cfn8fv6w,112,portfolio,Clearing,1789368518,4,0,1
99iosefo,2,a1q00v4p,112,portfolio,Clearing,1789368518,4,0,1
99iosefo,3,rucumqi6,112,portfolio,Clearing,1789368518,4,0,1
99iosefo,5,i42igenv,112,portfolio,Clearing,1789368518,4,0,1
99iosefo,10,bnt5i99k,103,portfolio,PageBidExperience,1789368524,4,0,0
99iosefo,6,2nkc141x,112,portfolio,Clearing,1789368524,4,0,1
99iosefo,7,oqud1wxk,112,portfolio,Clearing,1789368524,4,0,1
99iosefo,8,a6q31ex7,112,portfolio,Clearing,1789368524,4,0,1
99iosefo,9,o60mnzij,112,portfolio,Clearing,1789368524,4,0,1
99iosefo,10,bnt5i99k,112,portfolio,Clearing,1789368524,4,0,1
99iosefo,15,v86y9zyn,103,portfolio,PageBidExperience,1789368552,4,0,0
99iosefo,11,zrywj9fx,112,portfolio,Clearing,1789368552,4,0,1
99iosefo,12,i44g0thi,112,portfolio,Clearing,1789368552,4,0,1
99iosefo,13,s9ryf5kv,112,portfolio,Clearing,1789368552,4,0,1
99iosefo,14,oe31za5u,112,portfolio,Clearing,1789368552,4,0,1
99iosefo,15,v86y9zyn,112,portfolio,Clearing,1789368552,4,0,1
99iosefo,11,zrywj9fx,113,portfolio,SyncMarketRound,1789368553,4,0,1
99iosefo,12,i44g0thi,113,portfolio,SyncMarketRound,1789368553,4,0,1
99iosefo,13,s9ryf5kv,113,portfolio,SyncMarketRound,1789368553,4,0,1
99iosefo,6,2nkc141x,113,portfolio,SyncMarketRound,1789368553,4,0,1
99iosefo,7,oqud1wxk,113,portfolio,SyncMarketRound,1789368553,4,0,1
99iosefo,14,oe31za5u,113,portfolio,SyncMarketRound,1789368553,4,0,1
99iosefo,4,lbzqe7lh,113,portfolio,SyncMarketRound,1789368553,4,0,1
99iosefo,8,a6q31ex7,113,portfolio,SyncMarketRound,1789368553,4,0,1
99iosefo,1,cfn8fv6w,113,portfolio,SyncMarketRound,1789368553,4,0,1
99iosefo,2,a1q00v4p,113,portfolio,SyncMarketRound,1789368553,4,0,1
99iosefo,3,rucumqi6,113,portfolio,SyncMarketRound,1789368553,4,0,1
99iosefo,5,i42igenv,113,portfolio,SyncMarketRound,1789368553,4,0,1
99iosefo,9,o60mnzij,113,portfolio,SyncMarketRound,1789368553,4,0,1
99iosefo,15,v86y9zyn,113,portfolio,SyncMarketRound,1789368553,4,0,1
99iosefo,22,rbyuqaqn,113,portfolio,SyncMarketRound,1789368553,4,0,1
99iosefo,21,an9ihpoe,113,portfolio,SyncMarketRound,1789368553,4,0,1
99iosefo,23,3pb269ab,113,portfolio,SyncMarketRound,1789368553,4,0,1
99iosefo,16,3p6ks3hb,113,portfolio,SyncMarketRound,1789368553,4,0,1
99iosefo,24,ewpd3m8q,113,portfolio,SyncMarketRound,1789368553,4,0,1
99iosefo,17,y5kgtmfb,113,portfolio,SyncMarketRound,1789368553,4,0,1
99iosefo,18,ebzeqzcf,113,portfolio,SyncMarketRound,1789368553,4,0,1
99iosefo,19,pb6d6kev,113,portfolio,SyncMarketRound,1789368553,4,0,1
99iosefo,20,m8xnbw73,113,portfolio,SyncMarketRound,1789368553,4,0,1
99iosefo,25,0tv7bd9u,113,portfolio,SyncMarketRound,1789368553,4,0,1
99iosefo,10,bnt5i99k,113,portfolio,SyncMarketRound,1789368553,4,0,1
99iosefo,2,a1q00v4p,132,portfolio,PageBidExperience,1789368578,5,0,0
99iosefo,22,rbyuqaqn,132,portfolio,PageBidExperience,1789368578,5,0,0
99iosefo,14,oe31za5u,132,portfolio,PageBidExperience,1789368579,5,0,0
99iosefo,24,ewpd3m8q,132,portfolio,PageBidExperience,1789368580,5,0,0
99iosefo,11,zrywj9fx,132,portfolio,PageBidExperience,1789368580,5,0,0
99iosefo,25,0tv7bd9u,132,portfolio,PageBidExperience,1789368582,5,0,0
99iosefo,20,m8xnbw73,132,portfolio,PageBidExperience,1789368582,5,0,0
99iosefo,19,pb6d6kev,132,portfolio,PageBidExperience,1789368585,5,0,0
99iosefo,13,s9ryf5kv,132,portfolio,PageBidExperience,1789368587,5,0,0
99iosefo,4,lbzqe7lh,132,portfolio,PageBidExperience,1789368587,5,0,0
99iosefo,12,i44g0thi,132,portfolio,PageBidExperience,1789368590,5,0,0
99iosefo,15,v86y9zyn,132,portfolio,PageBidExperience,1789368591,5,0,0
99iosefo,11,zrywj9fx,141,portfolio,Clearing,1789368591,5,0,1
99iosefo,12,i44g0thi,141,portfolio,Clearing,1789368591,5,0,1
99iosefo,13,s9ryf5kv,141,portfolio,Clearing,1789368591,5,0,1
99iosefo,14,oe31za5u,141,portfolio,Clearing,1789368591,5,0,1
99iosefo,15,v86y9zyn,141,portfolio,Clearing,1789368591,5,0,1
99iosefo,6,2nkc141x,132,portfolio,PageBidExperience,1789368596,5,0,0
99iosefo,16,3p6ks3hb,132,portfolio,PageBidExperience,1789368601,5,0,0
99iosefo,8,a6q31ex7,132,portfolio,PageBidExperience,1789368606,5,0,0
99iosefo,7,oqud1wxk,132,portfolio,PageBidExperience,1789368607,5,0,0
99iosefo,17,y5kgtmfb,132,portfolio,PageBidExperience,1789368607,5,0,0
99iosefo,9,o60mnzij,132,portfolio,PageBidExperience,1789368607,5,0,0
99iosefo,18,ebzeqzcf,132,portfolio,PageBidExperience,1789368608,5,0,0
99iosefo,16,3p6ks3hb,141,portfolio,Clearing,1789368609,5,0,1
99iosefo,17,y5kgtmfb,141,portfolio,Clearing,1789368609,5,0,1
99iosefo,18,ebzeqzcf,141,portfolio,Clearing,1789368609,5,0,1
99iosefo,19,pb6d6kev,141,portfolio,Clearing,1789368609,5,0,1
99iosefo,20,m8xnbw73,141,portfolio,Clearing,1789368609,5,0,1
99iosefo,21,an9ihpoe,132,portfolio,PageBidExperience,1789368611,5,0,0
99iosefo,23,3pb269ab,132,portfolio,PageBidExperience,1789368614,5,0,0
99iosefo,21,an9ihpoe,141,portfolio,Clearing,1789368614,5,0,1
99iosefo,22,rbyuqaqn,141,portfolio,Clearing,1789368614,5,0,1
99iosefo,23,3pb269ab,141,portfolio,Clearing,1789368614,5,0,1
99iosefo,24,ewpd3m8q,141,portfolio,Clearing,1789368614,5,0,1
99iosefo,25,0tv7bd9u,141,portfolio,Clearing,1789368614,5,0,1
99iosefo,1,cfn8fv6w,132,portfolio,PageBidExperience,1789368622,5,0,0
99iosefo,3,rucumqi6,132,portfolio,PageBidExperience,1789368624,5,0,0
99iosefo,10,bnt5i99k,132,portfolio,PageBidExperience,1789368631,5,0,0
99iosefo,6,2nkc141x,141,portfolio,Clearing,1789368631,5,0,1
99iosefo,7,oqud1wxk,141,portfolio,Clearing,1789368631,5,0,1
99iosefo,8,a6q31ex7,141,portfolio,Clearing,1789368631,5,0,1
99iosefo,9,o60mnzij,141,portfolio,Clearing,1789368631,5,0,1
99iosefo,10,bnt5i99k,141,portfolio,Clearing,1789368631,5,0,1
99iosefo,5,i42igenv,132,portfolio,PageBidExperience,1789368635,5,0,0
99iosefo,1,cfn8fv6w,141,portfolio,Clearing,1789368636,5,0,1
99iosefo,2,a1q00v4p,141,portfolio,Clearing,1789368636,5,0,1
99iosefo,3,rucumqi6,141,portfolio,Clearing,1789368636,5,0,1
99iosefo,4,lbzqe7lh,141,portfolio,Clearing,1789368636,5,0,1
99iosefo,5,i42igenv,141,portfolio,Clearing,1789368636,5,0,1
99iosefo,1,cfn8fv6w,142,portfolio,SyncMarketRound,1789368637,5,0,1
99iosefo,6,2nkc141x,142,portfolio,SyncMarketRound,1789368637,5,0,1
99iosefo,7,oqud1wxk,142,portfolio,SyncMarketRound,1789368637,5,0,1
99iosefo,21,an9ihpoe,142,portfolio,SyncMarketRound,1789368637,5,0,1
99iosefo,2,a1q00v4p,142,portfolio,SyncMarketRound,1789368637,5,0,1
99iosefo,3,rucumqi6,142,portfolio,SyncMarketRound,1789368637,5,0,1
99iosefo,22,rbyuqaqn,142,portfolio,SyncMarketRound,1789368637,5,0,1
99iosefo,11,zrywj9fx,142,portfolio,SyncMarketRound,1789368637,5,0,1
99iosefo,12,i44g0thi,142,portfolio,SyncMarketRound,1789368637,5,0,1
99iosefo,13,s9ryf5kv,142,portfolio,SyncMarketRound,1789368637,5,0,1
99iosefo,14,oe31za5u,142,portfolio,SyncMarketRound,1789368637,5,0,1
99iosefo,4,lbzqe7lh,142,portfolio,SyncMarketRound,1789368637,5,0,1
99iosefo,23,3pb269ab,142,portfolio,SyncMarketRound,1789368637,5,0,1
99iosefo,16,3p6ks3hb,142,portfolio,SyncMarketRound,1789368637,5,0,1
99iosefo,17,y5kgtmfb,142,portfolio,SyncMarketRound,1789368637,5,0,1
99iosefo,18,ebzeqzcf,142,portfolio,SyncMarketRound,1789368637,5,0,1
99iosefo,19,pb6d6kev,142,portfolio,SyncMarketRound,1789368637,5,0,1
99iosefo,24,ewpd3m8q,142,portfolio,SyncMarketRound,1789368637,5,0,1
99iosefo,25,0tv7bd9u,142,portfolio,SyncMarketRound,1789368637,5,0,1
99iosefo,8,a6q31ex7,142,portfolio,SyncMarketRound,1789368637,5,0,1
99iosefo,9,o60mnzij,142,portfolio,SyncMarketRound,1789368637,5,0,1
99iosefo,10,bnt5i99k,142,portfolio,SyncMarketRound,1789368637,5,0,1
99iosefo,5,i42igenv,142,portfolio,SyncMarketRound,1789368637,5,0,1
99iosefo,15,v86y9zyn,142,portfolio,SyncMarketRound,1789368637,5,0,1
99iosefo,20,m8xnbw73,142,portfolio,SyncMarketRound,1789368637,5,0,1
99iosefo,14,oe31za5u,161,portfolio,PageBidExperience,1789368659,6,0,0
99iosefo,11,zrywj9fx,161,portfolio,PageBidExperience,1789368662,6,0,0
99iosefo,9,o60mnzij,161,portfolio,PageBidExperience,1789368662,6,0,0
99iosefo,23,3pb269ab,161,portfolio,PageBidExperience,1789368663,6,0,0
99iosefo,12,i44g0thi,161,portfolio,PageBidExperience,1789368663,6,0,0
99iosefo,24,ewpd3m8q,161,portfolio,PageBidExperience,1789368664,6,0,0
99iosefo,13,s9ryf5kv,161,portfolio,PageBidExperience,1789368668,6,0,0
99iosefo,3,rucumqi6,161,portfolio,PageBidExperience,1789368669,6,0,0
99iosefo,7,oqud1wxk,161,portfolio,PageBidExperience,1789368675,6,0,0
99iosefo,10,bnt5i99k,161,portfolio,PageBidExperience,1789368676,6,0,0
99iosefo,18,ebzeqzcf,161,portfolio,PageBidExperience,1789368676,6,0,0
99iosefo,1,cfn8fv6w,161,portfolio,PageBidExperience,1789368677,6,0,0
99iosefo,6,2nkc141x,161,portfolio,PageBidExperience,1789368682,6,0,0
99iosefo,21,an9ihpoe,161,portfolio,PageBidExperience,1789368685,6,0,0
99iosefo,20,m8xnbw73,161,portfolio,PageBidExperience,1789368685,6,0,0
99iosefo,8,a6q31ex7,161,portfolio,PageBidExperience,1789368689,6,0,0
99iosefo,6,2nkc141x,170,portfolio,Clearing,1789368689,6,0,1
99iosefo,7,oqud1wxk,170,portfolio,Clearing,1789368689,6,0,1
99iosefo,8,a6q31ex7,170,portfolio,Clearing,1789368689,6,0,1
99iosefo,9,o60mnzij,170,portfolio,Clearing,1789368689,6,0,1
99iosefo,10,bnt5i99k,170,portfolio,Clearing,1789368689,6,0,1
99iosefo,22,rbyuqaqn,161,portfolio,PageBidExperience,1789368691,6,0,0
99iosefo,15,v86y9zyn,161,portfolio,PageBidExperience,1789368692,6,0,0
99iosefo,11,zrywj9fx,170,portfolio,Clearing,1789368692,6,0,1
99iosefo,12,i44g0thi,170,portfolio,Clearing,1789368692,6,0,1
99iosefo,13,s9ryf5kv,170,portfolio,Clearing,1789368692,6,0,1
99iosefo,14,oe31za5u,170,portfolio,Clearing,1789368692,6,0,1
99iosefo,15,v86y9zyn,170,portfolio,Clearing,1789368692,6,0,1
99iosefo,16,3p6ks3hb,161,portfolio,PageBidExperience,1789368693,6,0,0
99iosefo,17,y5kgtmfb,161,portfolio,PageBidExperience,1789368695,6,0,0
99iosefo,4,lbzqe7lh,161,portfolio,PageBidExperience,1789368696,6,0,0
99iosefo,19,pb6d6kev,161,portfolio,PageBidExperience,1789368697,6,0,0
99iosefo,16,3p6ks3hb,170,portfolio,Clearing,1789368697,6,0,1
99iosefo,17,y5kgtmfb,170,portfolio,Clearing,1789368697,6,0,1
99iosefo,18,ebzeqzcf,170,portfolio,Clearing,1789368697,6,0,1
99iosefo,19,pb6d6kev,170,portfolio,Clearing,1789368697,6,0,1
99iosefo,20,m8xnbw73,170,portfolio,Clearing,1789368697,6,0,1
99iosefo,2,a1q00v4p,161,portfolio,PageBidExperience,1789368704,6,0,0
99iosefo,25,0tv7bd9u,161,portfolio,PageBidExperience,1789368737,6,0,0
99iosefo,21,an9ihpoe,170,portfolio,Clearing,1789368738,6,0,1
99iosefo,22,rbyuqaqn,170,portfolio,Clearing,1789368738,6,0,1
99iosefo,23,3pb269ab,170,portfolio,Clearing,1789368738,6,0,1
99iosefo,24,ewpd3m8q,170,portfolio,Clearing,1789368738,6,0,1
99iosefo,25,0tv7bd9u,170,portfolio,Clearing,1789368738,6,0,1
99iosefo,5,i42igenv,161,portfolio,PageBidExperience,1789368759,6,0,0
99iosefo,1,cfn8fv6w,170,portfolio,Clearing,1789368759,6,0,1
99iosefo,2,a1q00v4p,170,portfolio,Clearing,1789368759,6,0,1
99iosefo,3,rucumqi6,170,portfolio,Clearing,1789368759,6,0,1
99iosefo,4,lbzqe7lh,170,portfolio,Clearing,1789368759,6,0,1
99iosefo,5,i42igenv,170,portfolio,Clearing,1789368759,6,0,1
99iosefo,11,zrywj9fx,171,portfolio,SyncMarketRound,1789368760,6,0,1
99iosefo,12,i44g0thi,171,portfolio,SyncMarketRound,1789368760,6,0,1
99iosefo,1,cfn8fv6w,171,portfolio,SyncMarketRound,1789368760,6,0,1
99iosefo,2,a1q00v4p,171,portfolio,SyncMarketRound,1789368760,6,0,1
99iosefo,6,2nkc141x,171,portfolio,SyncMarketRound,1789368760,6,0,1
99iosefo,7,oqud1wxk,171,portfolio,SyncMarketRound,1789368760,6,0,1
99iosefo,8,a6q31ex7,171,portfolio,SyncMarketRound,1789368760,6,0,1
99iosefo,9,o60mnzij,171,portfolio,SyncMarketRound,1789368760,6,0,1
99iosefo,3,rucumqi6,171,portfolio,SyncMarketRound,1789368760,6,0,1
99iosefo,4,lbzqe7lh,171,portfolio,SyncMarketRound,1789368760,6,0,1
99iosefo,5,i42igenv,171,portfolio,SyncMarketRound,1789368760,6,0,1
99iosefo,21,an9ihpoe,171,portfolio,SyncMarketRound,1789368760,6,0,1
99iosefo,22,rbyuqaqn,171,portfolio,SyncMarketRound,1789368760,6,0,1
99iosefo,13,s9ryf5kv,171,portfolio,SyncMarketRound,1789368760,6,0,1
99iosefo,23,3pb269ab,171,portfolio,SyncMarketRound,1789368760,6,0,1
99iosefo,24,ewpd3m8q,171,portfolio,SyncMarketRound,1789368760,6,0,1
99iosefo,16,3p6ks3hb,171,portfolio,SyncMarketRound,1789368760,6,0,1
99iosefo,25,0tv7bd9u,171,portfolio,SyncMarketRound,1789368760,6,0,1
99iosefo,10,bnt5i99k,171,portfolio,SyncMarketRound,1789368760,6,0,1
99iosefo,14,oe31za5u,171,portfolio,SyncMarketRound,1789368760,6,0,1
99iosefo,15,v86y9zyn,171,portfolio,SyncMarketRound,1789368760,6,0,1
99iosefo,17,y5kgtmfb,171,portfolio,SyncMarketRound,1789368760,6,0,1
99iosefo,18,ebzeqzcf,171,portfolio,SyncMarketRound,1789368760,6,0,1
99iosefo,19,pb6d6kev,171,portfolio,SyncMarketRound,1789368760,6,0,1
99iosefo,20,m8xnbw73,171,portfolio,SyncMarketRound,1789368760,6,0,1
99iosefo,23,3pb269ab,190,portfolio,PageBidExperience,1789368786,7,0,0
99iosefo,11,zrywj9fx,190,portfolio,PageBidExperience,1789368786,7,0,0
99iosefo,3,rucumqi6,190,portfolio,PageBidExperience,1789368786,7,0,0
99iosefo,6,2nkc141x,190,portfolio,PageBidExperience,1789368789,7,0,0
99iosefo,13,s9ryf5kv,190,portfolio,PageBidExperience,1789368789,7,0,0
99iosefo,7,oqud1wxk,190,portfolio,PageBidExperience,1789368791,7,0,0
99iosefo,10,bnt5i99k,190,portfolio,PageBidExperience,1789368794,7,0,0
99iosefo,4,lbzqe7lh,190,portfolio,PageBidExperience,1789368795,7,0,0
99iosefo,21,an9ihpoe,190,portfolio,PageBidExperience,1789368797,7,0,0
99iosefo,22,rbyuqaqn,190,portfolio,PageBidExperience,1789368798,7,0,0
99iosefo,17,y5kgtmfb,190,portfolio,PageBidExperience,1789368800,7,0,0
99iosefo,9,o60mnzij,190,portfolio,PageBidExperience,1789368803,7,0,0
99iosefo,25,0tv7bd9u,190,portfolio,PageBidExperience,1789368805,7,0,0
99iosefo,8,a6q31ex7,190,portfolio,PageBidExperience,1789368807,7,0,0
99iosefo,2,a1q00v4p,190,portfolio,PageBidExperience,1789368807,7,0,0
99iosefo,7,oqud1wxk,199,portfolio,Clearing,1789368807,7,0,1
99iosefo,6,2nkc141x,199,portfolio,Clearing,1789368807,7,0,1
99iosefo,8,a6q31ex7,199,portfolio,Clearing,1789368807,7,0,1
99iosefo,9,o60mnzij,199,portfolio,Clearing,1789368807,7,0,1
99iosefo,10,bnt5i99k,199,portfolio,Clearing,1789368807,7,0,1
99iosefo,12,i44g0thi,190,portfolio,PageBidExperience,1789368808,7,0,0
99iosefo,16,3p6ks3hb,190,portfolio,PageBidExperience,1789368812,7,0,0
99iosefo,24,ewpd3m8q,190,portfolio,PageBidExperience,1789368818,7,0,0
99iosefo,22,rbyuqaqn,199,portfolio,Clearing,1789368818,7,0,1
99iosefo,21,an9ihpoe,199,portfolio,Clearing,1789368818,7,0,1
99iosefo,23,3pb269ab,199,portfolio,Clearing,1789368818,7,0,1
99iosefo,24,ewpd3m8q,199,portfolio,Clearing,1789368818,7,0,1
99iosefo,25,0tv7bd9u,199,portfolio,Clearing,1789368818,7,0,1
99iosefo,19,pb6d6kev,190,portfolio,PageBidExperience,1789368819,7,0,0
99iosefo,14,oe31za5u,190,portfolio,PageBidExperience,1789368819,7,0,0
99iosefo,20,m8xnbw73,190,portfolio,PageBidExperience,1789368827,7,0,0
99iosefo,15,v86y9zyn,190,portfolio,PageBidExperience,1789368827,7,0,0
99iosefo,11,zrywj9fx,199,portfolio,Clearing,1789368828,7,0,1
99iosefo,12,i44g0thi,199,portfolio,Clearing,1789368828,7,0,1
99iosefo,13,s9ryf5kv,199,portfolio,Clearing,1789368828,7,0,1
99iosefo,14,oe31za5u,199,portfolio,Clearing,1789368828,7,0,1
99iosefo,15,v86y9zyn,199,portfolio,Clearing,1789368828,7,0,1
99iosefo,18,ebzeqzcf,190,portfolio,PageBidExperience,1789368834,7,0,0
99iosefo,16,3p6ks3hb,199,portfolio,Clearing,1789368835,7,0,1
99iosefo,17,y5kgtmfb,199,portfolio,Clearing,1789368835,7,0,1
99iosefo,18,ebzeqzcf,199,portfolio,Clearing,1789368835,7,0,1
99iosefo,19,pb6d6kev,199,portfolio,Clearing,1789368835,7,0,1
99iosefo,20,m8xnbw73,199,portfolio,Clearing,1789368835,7,0,1
99iosefo,1,cfn8fv6w,190,portfolio,PageBidExperience,1789368853,7,0,0
99iosefo,5,i42igenv,190,portfolio,PageBidExperience,1789368902,7,0,0
99iosefo,5,i42igenv,199,portfolio,Clearing,1789368902,7,0,1
99iosefo,1,cfn8fv6w,199,portfolio,Clearing,1789368902,7,0,1
99iosefo,2,a1q00v4p,199,portfolio,Clearing,1789368902,7,0,1
99iosefo,3,rucumqi6,199,portfolio,Clearing,1789368902,7,0,1
99iosefo,4,lbzqe7lh,199,portfolio,Clearing,1789368902,7,0,1
99iosefo,5,i42igenv,200,portfolio,SyncMarketRound,1789368903,7,0,1
99iosefo,16,3p6ks3hb,200,portfolio,SyncMarketRound,1789368903,7,0,1
99iosefo,17,y5kgtmfb,200,portfolio,SyncMarketRound,1789368903,7,0,1
99iosefo,7,oqud1wxk,200,portfolio,SyncMarketRound,1789368903,7,0,1
99iosefo,1,cfn8fv6w,200,portfolio,SyncMarketRound,1789368903,7,0,1
99iosefo,18,ebzeqzcf,200,portfolio,SyncMarketRound,1789368903,7,0,1
99iosefo,22,rbyuqaqn,200,portfolio,SyncMarketRound,1789368903,7,0,1
99iosefo,2,a1q00v4p,200,portfolio,SyncMarketRound,1789368903,7,0,1
99iosefo,3,rucumqi6,200,portfolio,SyncMarketRound,1789368903,7,0,1
99iosefo,19,pb6d6kev,200,portfolio,SyncMarketRound,1789368903,7,0,1
99iosefo,21,an9ihpoe,200,portfolio,SyncMarketRound,1789368903,7,0,1
99iosefo,6,2nkc141x,200,portfolio,SyncMarketRound,1789368903,7,0,1
99iosefo,8,a6q31ex7,200,portfolio,SyncMarketRound,1789368903,7,0,1
99iosefo,9,o60mnzij,200,portfolio,SyncMarketRound,1789368903,7,0,1
99iosefo,10,bnt5i99k,200,portfolio,SyncMarketRound,1789368903,7,0,1
99iosefo,23,3pb269ab,200,portfolio,SyncMarketRound,1789368903,7,0,1
99iosefo,24,ewpd3m8q,200,portfolio,SyncMarketRound,1789368903,7,0,1
99iosefo,25,0tv7bd9u,200,portfolio,SyncMarketRound,1789368903,7,0,1
99iosefo,11,zrywj9fx,200,portfolio,SyncMarketRound,1789368903,7,0,1
99iosefo,12,i44g0thi,200,portfolio,SyncMarketRound,1789368903,7,0,1
99iosefo,13,s9ryf5kv,200,portfolio,SyncMarketRound,1789368903,7,0,1
99iosefo,14,oe31za5u,200,portfolio,SyncMarketRound,1789368903,7,0,1
99iosefo,20,m8xnbw73,200,portfolio,SyncMarketRound,1789368903,7,0,1
99iosefo,4,lbzqe7lh,200,portfolio,SyncMarketRound,1789368903,7,0,1
99iosefo,15,v86y9zyn,200,portfolio,SyncMarketRound,1789368903,7,0,1
99iosefo,6,2nkc141x,219,portfolio,PageBidExperience,1789368921,8,0,0
99iosefo,10,bnt5i99k,219,portfolio,PageBidExperience,1789368923,8,0,0
99iosefo,17,y5kgtmfb,219,portfolio,PageBidExperience,1789368925,8,0,0
99iosefo,24,ewpd3m8q,219,portfolio,PageBidExperience,1789368926,8,0,0
99iosefo,2,a1q00v4p,219,portfolio,PageBidExperience,1789368926,8,0,0
99iosefo,25,0tv7bd9u,219,portfolio,PageBidExperience,1789368929,8,0,0
99iosefo,11,zrywj9fx,219,portfolio,PageBidExperience,1789368930,8,0,0
99iosefo,13,s9ryf5kv,219,portfolio,PageBidExperience,1789368930,8,0,0
99iosefo,3,rucumqi6,219,portfolio,PageBidExperience,1789368932,8,0,0
99iosefo,9,o60mnzij,219,portfolio,PageBidExperience,1789368933,8,0,0
99iosefo,14,oe31za5u,219,portfolio,PageBidExperience,1789368933,8,0,0
99iosefo,5,i42igenv,219,portfolio,PageBidExperience,1789368940,8,0,0
99iosefo,20,m8xnbw73,219,portfolio,PageBidExperience,1789368941,8,0,0
99iosefo,18,ebzeqzcf,219,portfolio,PageBidExperience,1789368941,8,0,0
99iosefo,19,pb6d6kev,219,portfolio,PageBidExperience,1789368944,8,0,0
99iosefo,7,oqud1wxk,219,portfolio,PageBidExperience,1789368944,8,0,0
99iosefo,4,lbzqe7lh,219,portfolio,PageBidExperience,1789368944,8,0,0
99iosefo,21,an9ihpoe,219,portfolio,PageBidExperience,1789368948,8,0,0
99iosefo,12,i44g0thi,219,portfolio,PageBidExperience,1789368950,8,0,0
99iosefo,1,cfn8fv6w,219,portfolio,PageBidExperience,1789368951,8,0,0
99iosefo,1,cfn8fv6w,228,portfolio,Clearing,1789368952,8,0,1
99iosefo,2,a1q00v4p,228,portfolio,Clearing,1789368952,8,0,1
99iosefo,3,rucumqi6,228,portfolio,Clearing,1789368952,8,0,1
99iosefo,4,lbzqe7lh,228,portfolio,Clearing,1789368952,8,0,1
99iosefo,5,i42igenv,228,portfolio,Clearing,1789368952,8,0,1
99iosefo,23,3pb269ab,219,portfolio,PageBidExperience,1789368954,8,0,0
99iosefo,22,rbyuqaqn,219,portfolio,PageBidExperience,1789368958,8,0,0
99iosefo,21,an9ihpoe,228,portfolio,Clearing,1789368959,8,0,1
99iosefo,22,rbyuqaqn,228,portfolio,Clearing,1789368959,8,0,1
99iosefo,23,3pb269ab,228,portfolio,Clearing,1789368959,8,0,1
99iosefo,24,ewpd3m8q,228,portfolio,Clearing,1789368959,8,0,1
99iosefo,25,0tv7bd9u,228,portfolio,Clearing,1789368959,8,0,1
99iosefo,15,v86y9zyn,219,portfolio,PageBidExperience,1789368960,8,0,0
99iosefo,11,zrywj9fx,228,portfolio,Clearing,1789368960,8,0,1
99iosefo,12,i44g0thi,228,portfolio,Clearing,1789368960,8,0,1
99iosefo,13,s9ryf5kv,228,portfolio,Clearing,1789368960,8,0,1
99iosefo,14,oe31za5u,228,portfolio,Clearing,1789368960,8,0,1
99iosefo,15,v86y9zyn,228,portfolio,Clearing,1789368960,8,0,1
99iosefo,8,a6q31ex7,219,portfolio,PageBidExperience,1789368963,8,0,0
99iosefo,6,2nkc141x,228,portfolio,Clearing,1789368963,8,0,1
99iosefo,7,oqud1wxk,228,portfolio,Clearing,1789368963,8,0,1
99iosefo,8,a6q31ex7,228,portfolio,Clearing,1789368963,8,0,1
99iosefo,9,o60mnzij,228,portfolio,Clearing,1789368963,8,0,1
99iosefo,10,bnt5i99k,228,portfolio,Clearing,1789368963,8,0,1
99iosefo,16,3p6ks3hb,219,portfolio,PageBidExperience,1789368994,8,0,0
99iosefo,16,3p6ks3hb,228,portfolio,Clearing,1789368994,8,0,1
99iosefo,17,y5kgtmfb,228,portfolio,Clearing,1789368994,8,0,1
99iosefo,19,pb6d6kev,228,portfolio,Clearing,1789368994,8,0,1
99iosefo,20,m8xnbw73,228,portfolio,Clearing,1789368994,8,0,1
99iosefo,18,ebzeqzcf,228,portfolio,Clearing,1789368994,8,0,1
99iosefo,6,2nkc141x,229,portfolio,SyncMarketRound,1789368995,8,0,1
99iosefo,7,oqud1wxk,229,portfolio,SyncMarketRound,1789368995,8,0,1
99iosefo,8,a6q31ex7,229,portfolio,SyncMarketRound,1789368995,8,0,1
99iosefo,9,o60mnzij,229,portfolio,SyncMarketRound,1789368995,8,0,1
99iosefo,1,cfn8fv6w,229,portfolio,SyncMarketRound,1789368995,8,0,1
99iosefo,2,a1q00v4p,229,portfolio,SyncMarketRound,1789368995,8,0,1
99iosefo,3,rucumqi6,229,portfolio,SyncMarketRound,1789368995,8,0,1
99iosefo,4,lbzqe7lh,229,portfolio,SyncMarketRound,1789368995,8,0,1
99iosefo,11,zrywj9fx,229,portfolio,SyncMarketRound,1789368995,8,0,1
99iosefo,16,3p6ks3hb,229,portfolio,SyncMarketRound,1789368995,8,0,1
99iosefo,17,y5kgtmfb,229,portfolio,SyncMarketRound,1789368995,8,0,1
99iosefo,19,pb6d6kev,229,portfolio,SyncMarketRound,1789368995,8,0,1
99iosefo,12,i44g0thi,229,portfolio,SyncMarketRound,1789368995,8,0,1
99iosefo,20,m8xnbw73,229,portfolio,SyncMarketRound,1789368995,8,0,1
99iosefo,13,s9ryf5kv,229,portfolio,SyncMarketRound,1789368995,8,0,1
99iosefo,14,oe31za5u,229,portfolio,SyncMarketRound,1789368995,8,0,1
99iosefo,21,an9ihpoe,229,portfolio,SyncMarketRound,1789368995,8,0,1
99iosefo,15,v86y9zyn,229,portfolio,SyncMarketRound,1789368995,8,0,1
99iosefo,18,ebzeqzcf,229,portfolio,SyncMarketRound,1789368995,8,0,1
99iosefo,5,i42igenv,229,portfolio,SyncMarketRound,1789368995,8,0,1
99iosefo,22,rbyuqaqn,229,portfolio,SyncMarketRound,1789368995,8,0,1
99iosefo,23,3pb269ab,229,portfolio,SyncMarketRound,1789368995,8,0,1
99iosefo,24,ewpd3m8q,229,portfolio,SyncMarketRound,1789368995,8,0,1
99iosefo,25,0tv7bd9u,229,portfolio,SyncMarketRound,1789368995,8,0,1
99iosefo,10,bnt5i99k,229,portfolio,SyncMarketRound,1789368995,8,0,1
99iosefo,25,0tv7bd9u,248,portfolio,PageBidExperience,1789369015,9,0,0
99iosefo,3,rucumqi6,248,portfolio,PageBidExperience,1789369016,9,0,0
99iosefo,21,an9ihpoe,248,portfolio,PageBidExperience,1789369018,9,0,0
99iosefo,9,o60mnzij,248,portfolio,PageBidExperience,1789369019,9,0,0
99iosefo,11,zrywj9fx,248,portfolio,PageBidExperience,1789369020,9,0,0
99iosefo,13,s9ryf5kv,248,portfolio,PageBidExperience,1789369022,9,0,0
99iosefo,14,oe31za5u,248,portfolio,PageBidExperience,1789369022,9,0,0
99iosefo,23,3pb269ab,248,portfolio,PageBidExperience,1789369024,9,0,0
99iosefo,10,bnt5i99k,248,portfolio,PageBidExperience,1789369024,9,0,0
99iosefo,22,rbyuqaqn,248,portfolio,PageBidExperience,1789369025,9,0,0
99iosefo,24,ewpd3m8q,248,portfolio,PageBidExperience,1789369027,9,0,0
99iosefo,22,rbyuqaqn,257,portfolio,Clearing,1789369028,9,0,1
99iosefo,21,an9ihpoe,257,portfolio,Clearing,1789369028,9,0,1
99iosefo,23,3pb269ab,257,portfolio,Clearing,1789369028,9,0,1
99iosefo,24,ewpd3m8q,257,portfolio,Clearing,1789369028,9,0,1
99iosefo,25,0tv7bd9u,257,portfolio,Clearing,1789369028,9,0,1
99iosefo,4,lbzqe7lh,248,portfolio,PageBidExperience,1789369029,9,0,0
99iosefo,19,pb6d6kev,248,portfolio,PageBidExperience,1789369029,9,0,0
99iosefo,7,oqud1wxk,248,portfolio,PageBidExperience,1789369032,9,0,0
99iosefo,18,ebzeqzcf,248,portfolio,PageBidExperience,1789369033,9,0,0
99iosefo,16,3p6ks3hb,248,portfolio,PageBidExperience,1789369035,9,0,0
99iosefo,17,y5kgtmfb,248,portfolio,PageBidExperience,1789369035,9,0,0
99iosefo,5,i42igenv,248,portfolio,PageBidExperience,1789369038,9,0,0
99iosefo,2,a1q00v4p,248,portfolio,PageBidExperience,1789369038,9,0,0
99iosefo,12,i44g0thi,248,portfolio,PageBidExperience,1789369039,9,0,0
99iosefo,20,m8xnbw73,248,portfolio,PageBidExperience,1789369041,9,0,0
99iosefo,6,2nkc141x,248,portfolio,PageBidExperience,1789369042,9,0,0
99iosefo,16,3p6ks3hb,257,portfolio,Clearing,1789369042,9,0,1
99iosefo,17,y5kgtmfb,257,portfolio,Clearing,1789369042,9,0,1
99iosefo,18,ebzeqzcf,257,portfolio,Clearing,1789369042,9,0,1
99iosefo,19,pb6d6kev,257,portfolio,Clearing,1789369042,9,0,1
99iosefo,20,m8xnbw73,257,portfolio,Clearing,1789369042,9,0,1
99iosefo,8,a6q31ex7,248,portfolio,PageBidExperience,1789369042,9,0,0
99iosefo,6,2nkc141x,257,portfolio,Clearing,1789369042,9,0,1
99iosefo,7,oqud1wxk,257,portfolio,Clearing,1789369042,9,0,1
99iosefo,8,a6q31ex7,257,portfolio,Clearing,1789369042,9,0,1
99iosefo,9,o60mnzij,257,portfolio,Clearing,1789369042,9,0,1
99iosefo,10,bnt5i99k,257,portfolio,Clearing,1789369042,9,0,1
99iosefo,1,cfn8fv6w,248,portfolio,PageBidExperience,1789369053,9,0,0
99iosefo,1,cfn8fv6w,257,portfolio,Clearing,1789369053,9,0,1
99iosefo,2,a1q00v4p,257,portfolio,Clearing,1789369053,9,0,1
99iosefo,3,rucumqi6,257,portfolio,Clearing,1789369053,9,0,1
99iosefo,4,lbzqe7lh,257,portfolio,Clearing,1789369053,9,0,1
99iosefo,5,i42igenv,257,portfolio,Clearing,1789369053,9,0,1
99iosefo,15,v86y9zyn,248,portfolio,PageBidExperience,1789369103,9,0,0
99iosefo,11,zrywj9fx,257,portfolio,Clearing,1789369103,9,0,1
99iosefo,12,i44g0thi,257,portfolio,Clearing,1789369103,9,0,1
99iosefo,13,s9ryf5kv,257,portfolio,Clearing,1789369103,9,0,1
99iosefo,14,oe31za5u,257,portfolio,Clearing,1789369103,9,0,1
99iosefo,15,v86y9zyn,257,portfolio,Clearing,1789369103,9,0,1
99iosefo,11,zrywj9fx,258,portfolio,SyncMarketRound,1789369104,9,0,1
99iosefo,12,i44g0thi,258,portfolio,SyncMarketRound,1789369104,9,0,1
99iosefo,1,cfn8fv6w,258,portfolio,SyncMarketRound,1789369104,9,0,1
99iosefo,2,a1q00v4p,258,portfolio,SyncMarketRound,1789369104,9,0,1
99iosefo,3,rucumqi6,258,portfolio,SyncMarketRound,1789369104,9,0,1
99iosefo,22,rbyuqaqn,258,portfolio,SyncMarketRound,1789369104,9,0,1
99iosefo,6,2nkc141x,258,portfolio,SyncMarketRound,1789369104,9,0,1
99iosefo,21,an9ihpoe,258,portfolio,SyncMarketRound,1789369104,9,0,1
99iosefo,23,3pb269ab,258,portfolio,SyncMarketRound,1789369104,9,0,1
99iosefo,24,ewpd3m8q,258,portfolio,SyncMarketRound,1789369104,9,0,1
99iosefo,25,0tv7bd9u,258,portfolio,SyncMarketRound,1789369104,9,0,1
99iosefo,7,oqud1wxk,258,portfolio,SyncMarketRound,1789369104,9,0,1
99iosefo,8,a6q31ex7,258,portfolio,SyncMarketRound,1789369104,9,0,1
99iosefo,13,s9ryf5kv,258,portfolio,SyncMarketRound,1789369104,9,0,1
99iosefo,14,oe31za5u,258,portfolio,SyncMarketRound,1789369104,9,0,1
99iosefo,9,o60mnzij,258,portfolio,SyncMarketRound,1789369104,9,0,1
99iosefo,4,lbzqe7lh,258,portfolio,SyncMarketRound,1789369104,9,0,1
99iosefo,16,3p6ks3hb,258,portfolio,SyncMarketRound,1789369104,9,0,1
99iosefo,17,y5kgtmfb,258,portfolio,SyncMarketRound,1789369104,9,0,1
99iosefo,18,ebzeqzcf,258,portfolio,SyncMarketRound,1789369104,9,0,1
99iosefo,10,bnt5i99k,258,portfolio,SyncMarketRound,1789369104,9,0,1
99iosefo,5,i42igenv,258,portfolio,SyncMarketRound,1789369104,9,0,1
99iosefo,15,v86y9zyn,258,portfolio,SyncMarketRound,1789369104,9,0,1
99iosefo,19,pb6d6kev,258,portfolio,SyncMarketRound,1789369104,9,0,1
99iosefo,20,m8xnbw73,258,portfolio,SyncMarketRound,1789369104,9,0,1
99iosefo,23,3pb269ab,277,portfolio,PageBidExperience,1789369120,10,0,0
99iosefo,10,bnt5i99k,277,portfolio,PageBidExperience,1789369121,10,0,0
99iosefo,4,lbzqe7lh,277,portfolio,PageBidExperience,1789369123,10,0,0
99iosefo,13,s9ryf5kv,277,portfolio,PageBidExperience,1789369127,10,0,0
99iosefo,25,0tv7bd9u,277,portfolio,PageBidExperience,1789369129,10,0,0
99iosefo,11,zrywj9fx,277,portfolio,PageBidExperience,1789369129,10,0,0
99iosefo,14,oe31za5u,277,portfolio,PageBidExperience,1789369129,10,0,0
99iosefo,2,a1q00v4p,277,portfolio,PageBidExperience,1789369131,10,0,0
99iosefo,9,o60mnzij,277,portfolio,PageBidExperience,1789369132,10,0,0
99iosefo,3,rucumqi6,277,portfolio,PageBidExperience,1789369135,10,0,0
99iosefo,18,ebzeqzcf,277,portfolio,PageBidExperience,1789369136,10,0,0
99iosefo,1,cfn8fv6w,277,portfolio,PageBidExperience,1789369141,10,0,0
99iosefo,17,y5kgtmfb,277,portfolio,PageBidExperience,1789369145,10,0,0
99iosefo,12,i44g0thi,277,portfolio,PageBidExperience,1789369145,10,0,0
99iosefo,16,3p6ks3hb,277,portfolio,PageBidExperience,1789369146,10,0,0
99iosefo,19,pb6d6kev,277,portfolio,PageBidExperience,1789369146,10,0,0
99iosefo,6,2nkc141x,277,portfolio,PageBidExperience,1789369147,10,0,0
99iosefo,5,i42igenv,277,portfolio,PageBidExperience,1789369148,10,0,0
99iosefo,1,cfn8fv6w,286,portfolio,Clearing,1789369148,10,0,1
99iosefo,2,a1q00v4p,286,portfolio,Clearing,1789369148,10,0,1
99iosefo,3,rucumqi6,286,portfolio,Clearing,1789369148,10,0,1
99iosefo,4,lbzqe7lh,286,portfolio,Clearing,1789369148,10,0,1
99iosefo,5,i42igenv,286,portfolio,Clearing,1789369148,10,0,1
99iosefo,21,an9ihpoe,277,portfolio,PageBidExperience,1789369149,10,0,0
99iosefo,22,rbyuqaqn,277,portfolio,PageBidExperience,1789369152,10,0,0
99iosefo,24,ewpd3m8q,277,portfolio,PageBidExperience,1789369153,10,0,0
99iosefo,21,an9ihpoe,286,portfolio,Clearing,1789369153,10,0,1
99iosefo,22,rbyuqaqn,286,portfolio,Clearing,1789369153,10,0,1
99iosefo,23,3pb269ab,286,portfolio,Clearing,1789369153,10,0,1
99iosefo,24,ewpd3m8q,286,portfolio,Clearing,1789369153,10,0,1
99iosefo,25,0tv7bd9u,286,portfolio,Clearing,1789369153,10,0,1
99iosefo,7,oqud1wxk,277,portfolio,PageBidExperience,1789369161,10,0,0
99iosefo,15,v86y9zyn,277,portfolio,PageBidExperience,1789369161,10,0,0
99iosefo,11,zrywj9fx,286,portfolio,Clearing,1789369161,10,0,1
99iosefo,12,i44g0thi,286,portfolio,Clearing,1789369161,10,0,1
99iosefo,13,s9ryf5kv,286,portfolio,Clearing,1789369161,10,0,1
99iosefo,14,oe31za5u,286,portfolio,Clearing,1789369161,10,0,1
99iosefo,15,v86y9zyn,286,portfolio,Clearing,1789369161,10,0,1
99iosefo,20,m8xnbw73,277,portfolio,PageBidExperience,1789369169,10,0,0
99iosefo,16,3p6ks3hb,286,portfolio,Clearing,1789369169,10,0,1
99iosefo,18,ebzeqzcf,286,portfolio,Clearing,1789369169,10,0,1
99iosefo,19,pb6d6kev,286,portfolio,Clearing,1789369169,10,0,1
99iosefo,20,m8xnbw73,286,portfolio,Clearing,1789369169,10,0,1
99iosefo,17,y5kgtmfb,286,portfolio,Clearing,1789369169,10,0,1
99iosefo,8,a6q31ex7,277,portfolio,PageBidExperience,1789369176,10,0,0
99iosefo,6,2nkc141x,286,portfolio,Clearing,1789369176,10,0,1
99iosefo,7,oqud1wxk,286,portfolio,Clearing,1789369176,10,0,1
99iosefo,8,a6q31ex7,286,portfolio,Clearing,1789369176,10,0,1
99iosefo,9,o60mnzij,286,portfolio,Clearing,1789369176,10,0,1
99iosefo,10,bnt5i99k,286,portfolio,Clearing,1789369176,10,0,1
99iosefo,6,2nkc141x,287,portfolio,SyncMarketRound,1789369177,10,0,1
99iosefo,1,cfn8fv6w,287,portfolio,SyncMarketRound,1789369177,10,0,1
99iosefo,2,a1q00v4p,287,portfolio,SyncMarketRound,1789369177,10,0,1
99iosefo,3,rucumqi6,287,portfolio,SyncMarketRound,1789369177,10,0,1
99iosefo,4,lbzqe7lh,287,portfolio,SyncMarketRound,1789369177,10,0,1
99iosefo,5,i42igenv,287,portfolio,SyncMarketRound,1789369177,10,0,1
99iosefo,16,3p6ks3hb,287,portfolio,SyncMarketRound,1789369177,10,0,1
99iosefo,18,ebzeqzcf,287,portfolio,SyncMarketRound,1789369177,10,0,1
99iosefo,7,oqud1wxk,287,portfolio,SyncMarketRound,1789369177,10,0,1
99iosefo,19,pb6d6kev,287,portfolio,SyncMarketRound,1789369177,10,0,1
99iosefo,8,a6q31ex7,287,portfolio,SyncMarketRound,1789369177,10,0,1
99iosefo,9,o60mnzij,287,portfolio,SyncMarketRound,1789369177,10,0,1
99iosefo,20,m8xnbw73,287,portfolio,SyncMarketRound,1789369177,10,0,1
99iosefo,11,zrywj9fx,287,portfolio,SyncMarketRound,1789369177,10,0,1
99iosefo,12,i44g0thi,287,portfolio,SyncMarketRound,1789369177,10,0,1
99iosefo,21,an9ihpoe,287,portfolio,SyncMarketRound,1789369177,10,0,1
99iosefo,13,s9ryf5kv,287,portfolio,SyncMarketRound,1789369177,10,0,1
99iosefo,14,oe31za5u,287,portfolio,SyncMarketRound,1789369177,10,0,1
99iosefo,10,bnt5i99k,287,portfolio,SyncMarketRound,1789369177,10,0,1
99iosefo,22,rbyuqaqn,287,portfolio,SyncMarketRound,1789369177,10,0,1
99iosefo,23,3pb269ab,287,portfolio,SyncMarketRound,1789369177,10,0,1
99iosefo,24,ewpd3m8q,287,portfolio,SyncMarketRound,1789369177,10,0,1
99iosefo,25,0tv7bd9u,287,portfolio,SyncMarketRound,1789369177,10,0,1
99iosefo,15,v86y9zyn,287,portfolio,SyncMarketRound,1789369177,10,0,1
99iosefo,17,y5kgtmfb,287,portfolio,SyncMarketRound,1789369177,10,0,1
99iosefo,13,s9ryf5kv,288,portfolio,PageHistoryExperience,1789369182,10,0,0
99iosefo,11,zrywj9fx,288,portfolio,PageHistoryExperience,1789369183,10,0,0
99iosefo,2,a1q00v4p,288,portfolio,PageHistoryExperience,1789369184,10,0,0
99iosefo,25,0tv7bd9u,288,portfolio,PageHistoryExperience,1789369185,10,0,0
99iosefo,14,oe31za5u,288,portfolio,PageHistoryExperience,1789369186,10,0,0
99iosefo,9,o60mnzij,288,portfolio,PageHistoryExperience,1789369186,10,0,0
99iosefo,11,zrywj9fx,307,portfolio,InstructionsGender,1789369187,11,0,0
99iosefo,23,3pb269ab,288,portfolio,PageHistoryExperience,1789369187,10,0,0
99iosefo,19,pb6d6kev,288,portfolio,PageHistoryExperience,1789369187,10,0,0
99iosefo,12,i44g0thi,288,portfolio,PageHistoryExperience,1789369187,10,0,0
99iosefo,4,lbzqe7lh,288,portfolio,PageHistoryExperience,1789369188,10,0,0
99iosefo,18,ebzeqzcf,288,portfolio,PageHistoryExperience,1789369189,10,0,0
99iosefo,3,rucumqi6,288,portfolio,PageHistoryExperience,1789369190,10,0,0
99iosefo,16,3p6ks3hb,288,portfolio,PageHistoryExperience,1789369191,10,0,0
99iosefo,10,bnt5i99k,288,portfolio,PageHistoryExperience,1789369191,10,0,0
99iosefo,7,oqud1wxk,288,portfolio,PageHistoryExperience,1789369191,10,0,0
99iosefo,1,cfn8fv6w,288,portfolio,PageHistoryExperience,1789369191,10,0,0
99iosefo,15,v86y9zyn,288,portfolio,PageHistoryExperience,1789369193,10,0,0
99iosefo,22,rbyuqaqn,288,portfolio,PageHistoryExperience,1789369193,10,0,0
99iosefo,2,a1q00v4p,307,portfolio,InstructionsGender,1789369193,11,0,0
99iosefo,11,zrywj9fx,308,portfolio,Page2GenderExp,1789369193,11,0,0
99iosefo,8,a6q31ex7,288,portfolio,PageHistoryExperience,1789369194,10,0,0
99iosefo,13,s9ryf5kv,307,portfolio,InstructionsGender,1789369194,11,0,0
99iosefo,4,lbzqe7lh,307,portfolio,InstructionsGender,1789369194,11,0,0
99iosefo,17,y5kgtmfb,288,portfolio,PageHistoryExperience,1789369194,10,0,0
99iosefo,18,ebzeqzcf,307,portfolio,InstructionsGender,1789369195,11,0,0
99iosefo,5,i42igenv,288,portfolio,PageHistoryExperience,1789369197,10,0,0
99iosefo,12,i44g0thi,307,portfolio,InstructionsGender,1789369198,11,0,0
99iosefo,9,o60mnzij,307,portfolio,InstructionsGender,1789369198,11,0,0
99iosefo,15,v86y9zyn,307,portfolio,InstructionsGender,1789369199,11,0,0
99iosefo,14,oe31za5u,307,portfolio,InstructionsGender,1789369200,11,0,0
99iosefo,17,y5kgtmfb,307,portfolio,InstructionsGender,1789369201,11,0,0
99iosefo,21,an9ihpoe,288,portfolio,PageHistoryExperience,1789369202,10,0,0
99iosefo,3,rucumqi6,307,portfolio,InstructionsGender,1789369203,11,0,0
99iosefo,16,3p6ks3hb,307,portfolio,InstructionsGender,1789369203,11,0,0
99iosefo,22,rbyuqaqn,307,portfolio,InstructionsGender,1789369204,11,0,0
99iosefo,5,i42igenv,307,portfolio,InstructionsGender,1789369205,11,0,0
99iosefo,2,a1q00v4p,308,portfolio,Page2GenderExp,1789369206,11,0,0
99iosefo,23,3pb269ab,307,portfolio,InstructionsGender,1789369207,11,0,0
99iosefo,18,ebzeqzcf,308,portfolio,Page2GenderExp,1789369208,11,0,0
99iosefo,13,s9ryf5kv,308,portfolio,Page2GenderExp,1789369209,11,0,0
99iosefo,16,3p6ks3hb,308,portfolio,Page2GenderExp,1789369211,11,0,0
99iosefo,9,o60mnzij,308,portfolio,Page2GenderExp,1789369211,11,0,0
99iosefo,4,lbzqe7lh,308,portfolio,Page2GenderExp,1789369211,11,0,0
99iosefo,20,m8xnbw73,288,portfolio,PageHistoryExperience,1789369212,10,0,0
99iosefo,21,an9ihpoe,307,portfolio,InstructionsGender,1789369213,11,0,0
99iosefo,6,2nkc141x,288,portfolio,PageHistoryExperience,1789369215,10,0,0
99iosefo,24,ewpd3m8q,288,portfolio,PageHistoryExperience,1789369215,10,0,0
99iosefo,14,oe31za5u,308,portfolio,Page2GenderExp,1789369218,11,0,0
99iosefo,24,ewpd3m8q,307,portfolio,InstructionsGender,1789369219,11,0,0
99iosefo,17,y5kgtmfb,308,portfolio,Page2GenderExp,1789369220,11,0,0
99iosefo,10,bnt5i99k,307,portfolio,InstructionsGender,1789369221,11,0,0
99iosefo,23,3pb269ab,308,portfolio,Page2GenderExp,1789369221,11,0,0
99iosefo,19,pb6d6kev,307,portfolio,InstructionsGender,1789369221,11,0,0
99iosefo,25,0tv7bd9u,307,portfolio,InstructionsGender,1789369225,11,0,0
99iosefo,22,rbyuqaqn,308,portfolio,Page2GenderExp,1789369225,11,0,0
99iosefo,3,rucumqi6,308,portfolio,Page2GenderExp,1789369226,11,0,0
99iosefo,7,oqud1wxk,307,portfolio,InstructionsGender,1789369227,11,0,0
99iosefo,12,i44g0thi,308,portfolio,Page2GenderExp,1789369228,11,0,0
99iosefo,15,v86y9zyn,308,portfolio,Page2GenderExp,1789369228,11,0,0
99iosefo,1,cfn8fv6w,307,portfolio,InstructionsGender,1789369229,11,0,0
99iosefo,24,ewpd3m8q,308,portfolio,Page2GenderExp,1789369229,11,0,0
99iosefo,8,a6q31ex7,307,portfolio,InstructionsGender,1789369230,11,0,0
99iosefo,20,m8xnbw73,307,portfolio,InstructionsGender,1789369235,11,0,0
99iosefo,10,bnt5i99k,308,portfolio,Page2GenderExp,1789369236,11,0,0
99iosefo,7,oqud1wxk,308,portfolio,Page2GenderExp,1789369240,11,0,0
99iosefo,19,pb6d6kev,308,portfolio,Page2GenderExp,1789369242,11,0,0
99iosefo,21,an9ihpoe,308,portfolio,Page2GenderExp,1789369243,11,0,0
99iosefo,6,2nkc141x,307,portfolio,InstructionsGender,1789369249,11,0,0
99iosefo,25,0tv7bd9u,308,portfolio,Page2GenderExp,1789369254,11,0,0
99iosefo,6,2nkc141x,308,portfolio,Page2GenderExp,1789369258,11,0,0
99iosefo,1,cfn8fv6w,308,portfolio,Page2GenderExp,1789369261,11,0,0
99iosefo,8,a6q31ex7,308,portfolio,Page2GenderExp,1789369264,11,0,0
99iosefo,20,m8xnbw73,308,portfolio,Page2GenderExp,1789369267,11,0,0
99iosefo,5,i42igenv,308,portfolio,Page2GenderExp,1789369284,11,0,0
99iosefo,11,zrywj9fx,309,portfolio,SyncGenderAllocation,1789369284,11,0,1
99iosefo,2,a1q00v4p,309,portfolio,SyncGenderAllocation,1789369284,11,0,1
99iosefo,18,ebzeqzcf,309,portfolio,SyncGenderAllocation,1789369284,11,0,1
99iosefo,13,s9ryf5kv,309,portfolio,SyncGenderAllocation,1789369284,11,0,1
99iosefo,16,3p6ks3hb,309,portfolio,SyncGenderAllocation,1789369284,11,0,1
99iosefo,9,o60mnzij,309,portfolio,SyncGenderAllocation,1789369284,11,0,1
99iosefo,4,lbzqe7lh,309,portfolio,SyncGenderAllocation,1789369284,11,0,1
99iosefo,14,oe31za5u,309,portfolio,SyncGenderAllocation,1789369284,11,0,1
99iosefo,17,y5kgtmfb,309,portfolio,SyncGenderAllocation,1789369284,11,0,1
99iosefo,23,3pb269ab,309,portfolio,SyncGenderAllocation,1789369284,11,0,1
99iosefo,22,rbyuqaqn,309,portfolio,SyncGenderAllocation,1789369284,11,0,1
99iosefo,3,rucumqi6,309,portfolio,SyncGenderAllocation,1789369284,11,0,1
99iosefo,12,i44g0thi,309,portfolio,SyncGenderAllocation,1789369284,11,0,1
99iosefo,15,v86y9zyn,309,portfolio,SyncGenderAllocation,1789369284,11,0,1
99iosefo,24,ewpd3m8q,309,portfolio,SyncGenderAllocation,1789369284,11,0,1
99iosefo,10,bnt5i99k,309,portfolio,SyncGenderAllocation,1789369284,11,0,1
99iosefo,7,oqud1wxk,309,portfolio,SyncGenderAllocation,1789369284,11,0,1
99iosefo,19,pb6d6kev,309,portfolio,SyncGenderAllocation,1789369284,11,0,1
99iosefo,21,an9ihpoe,309,portfolio,SyncGenderAllocation,1789369284,11,0,1
99iosefo,25,0tv7bd9u,309,portfolio,SyncGenderAllocation,1789369284,11,0,1
99iosefo,6,2nkc141x,309,portfolio,SyncGenderAllocation,1789369284,11,0,1
99iosefo,1,cfn8fv6w,309,portfolio,SyncGenderAllocation,1789369284,11,0,1
99iosefo,8,a6q31ex7,309,portfolio,SyncGenderAllocation,1789369284,11,0,1
99iosefo,20,m8xnbw73,309,portfolio,SyncGenderAllocation,1789369284,11,0,1
99iosefo,5,i42igenv,309,portfolio,SyncGenderAllocation,1789369284,11,0,1
99iosefo,22,rbyuqaqn,310,portfolio,PageBeliefElicitation,1789369312,11,0,0
99iosefo,11,zrywj9fx,310,portfolio,PageBeliefElicitation,1789369314,11,0,0
99iosefo,6,2nkc141x,310,portfolio,PageBeliefElicitation,1789369316,11,0,0
99iosefo,14,oe31za5u,310,portfolio,PageBeliefElicitation,1789369318,11,0,0
99iosefo,24,ewpd3m8q,310,portfolio,PageBeliefElicitation,1789369318,11,0,0
99iosefo,16,3p6ks3hb,310,portfolio,PageBeliefElicitation,1789369321,11,0,0
99iosefo,2,a1q00v4p,310,portfolio,PageBeliefElicitation,1789369323,11,0,0
99iosefo,23,3pb269ab,310,portfolio,PageBeliefElicitation,1789369324,11,0,0
99iosefo,22,rbyuqaqn,311,portfolio,PageOtherBeliefElicitation,1789369325,11,0,0
99iosefo,13,s9ryf5kv,310,portfolio,PageBeliefElicitation,1789369329,11,0,0
99iosefo,22,rbyuqaqn,312,portfolio,TradingRulesGender,1789369329,11,0,0
99iosefo,11,zrywj9fx,311,portfolio,PageOtherBeliefElicitation,1789369332,11,0,0
99iosefo,14,oe31za5u,311,portfolio,PageOtherBeliefElicitation,1789369334,11,0,0
99iosefo,3,rucumqi6,310,portfolio,PageBeliefElicitation,1789369334,11,0,0
99iosefo,7,oqud1wxk,310,portfolio,PageBeliefElicitation,1789369335,11,0,0
99iosefo,17,y5kgtmfb,310,portfolio,PageBeliefElicitation,1789369335,11,0,0
99iosefo,11,zrywj9fx,312,portfolio,TradingRulesGender,1789369335,11,0,0
99iosefo,21,an9ihpoe,310,portfolio,PageBeliefElicitation,1789369337,11,0,0
99iosefo,2,a1q00v4p,311,portfolio,PageOtherBeliefElicitation,1789369338,11,0,0
99iosefo,23,3pb269ab,311,portfolio,PageOtherBeliefElicitation,1789369341,11,0,0
99iosefo,12,i44g0thi,310,portfolio,PageBeliefElicitation,1789369342,11,0,0
99iosefo,2,a1q00v4p,312,portfolio,TradingRulesGender,1789369342,11,0,0
99iosefo,24,ewpd3m8q,311,portfolio,PageOtherBeliefElicitation,1789369344,11,0,0
99iosefo,25,0tv7bd9u,310,portfolio,PageBeliefElicitation,1789369346,11,0,0
99iosefo,24,ewpd3m8q,312,portfolio,TradingRulesGender,1789369347,11,0,0
99iosefo,13,s9ryf5kv,311,portfolio,PageOtherBeliefElicitation,1789369349,11,0,0
99iosefo,21,an9ihpoe,311,portfolio,PageOtherBeliefElicitation,1789369355,11,0,0
99iosefo,18,ebzeqzcf,310,portfolio,PageBeliefElicitation,1789369355,11,0,0
99iosefo,7,oqud1wxk,311,portfolio,PageOtherBeliefElicitation,1789369355,11,0,0
99iosefo,17,y5kgtmfb,311,portfolio,PageOtherBeliefElicitation,1789369355,11,0,0
99iosefo,19,pb6d6kev,310,portfolio,PageBeliefElicitation,1789369358,11,0,0
99iosefo,17,y5kgtmfb,312,portfolio,TradingRulesGender,1789369358,11,0,0
99iosefo,20,m8xnbw73,310,portfolio,PageBeliefElicitation,1789369359,11,0,0
99iosefo,13,s9ryf5kv,312,portfolio,TradingRulesGender,1789369364,11,0,0
99iosefo,1,cfn8fv6w,310,portfolio,PageBeliefElicitation,1789369364,11,0,0
99iosefo,3,rucumqi6,311,portfolio,PageOtherBeliefElicitation,1789369367,11,0,0
99iosefo,18,ebzeqzcf,311,portfolio,PageOtherBeliefElicitation,1789369367,11,0,0
99iosefo,23,3pb269ab,312,portfolio,TradingRulesGender,1789369369,11,0,0
99iosefo,3,rucumqi6,312,portfolio,TradingRulesGender,1789369371,11,0,0
99iosefo,14,oe31za5u,312,portfolio,TradingRulesGender,1789369371,11,0,0
99iosefo,5,i42igenv,310,portfolio,PageBeliefElicitation,1789369372,11,0,0
99iosefo,7,oqud1wxk,312,portfolio,TradingRulesGender,1789369374,11,0,0
99iosefo,19,pb6d6kev,311,portfolio,PageOtherBeliefElicitation,1789369375,11,0,0
99iosefo,16,3p6ks3hb,311,portfolio,PageOtherBeliefElicitation,1789369376,11,0,0
99iosefo,21,an9ihpoe,312,portfolio,TradingRulesGender,1789369376,11,0,0
99iosefo,12,i44g0thi,311,portfolio,PageOtherBeliefElicitation,1789369377,11,0,0
99iosefo,16,3p6ks3hb,312,portfolio,TradingRulesGender,1789369378,11,0,0
99iosefo,10,bnt5i99k,310,portfolio,PageBeliefElicitation,1789369380,11,0,0
99iosefo,20,m8xnbw73,311,portfolio,PageOtherBeliefElicitation,1789369383,11,0,0
99iosefo,25,0tv7bd9u,311,portfolio,PageOtherBeliefElicitation,1789369385,11,0,0
99iosefo,12,i44g0thi,312,portfolio,TradingRulesGender,1789369389,11,0,0
99iosefo,20,m8xnbw73,312,portfolio,TradingRulesGender,1789369391,11,0,0
99iosefo,1,cfn8fv6w,311,portfolio,PageOtherBeliefElicitation,1789369394,11,0,0
99iosefo,8,a6q31ex7,310,portfolio,PageBeliefElicitation,1789369398,11,0,0
99iosefo,19,pb6d6kev,312,portfolio,TradingRulesGender,1789369399,11,0,0
99iosefo,4,lbzqe7lh,310,portfolio,PageBeliefElicitation,1789369402,11,0,0
99iosefo,5,i42igenv,311,portfolio,PageOtherBeliefElicitation,1789369408,11,0,0
99iosefo,1,cfn8fv6w,312,portfolio,TradingRulesGender,1789369409,11,0,0
99iosefo,15,v86y9zyn,310,portfolio,PageBeliefElicitation,1789369410,11,0,0
99iosefo,5,i42igenv,312,portfolio,TradingRulesGender,1789369421,11,0,0
99iosefo,25,0tv7bd9u,312,portfolio,TradingRulesGender,1789369423,11,0,0
99iosefo,8,a6q31ex7,311,portfolio,PageOtherBeliefElicitation,1789369424,11,0,0
99iosefo,8,a6q31ex7,312,portfolio,TradingRulesGender,1789369429,11,0,0
99iosefo,9,o60mnzij,310,portfolio,PageBeliefElicitation,1789369437,11,0,0
99iosefo,4,lbzqe7lh,311,portfolio,PageOtherBeliefElicitation,1789369442,11,0,0
99iosefo,10,bnt5i99k,311,portfolio,PageOtherBeliefElicitation,1789369449,11,0,0
99iosefo,4,lbzqe7lh,312,portfolio,TradingRulesGender,1789369451,11,0,0
99iosefo,15,v86y9zyn,311,portfolio,PageOtherBeliefElicitation,1789369451,11,0,0
99iosefo,15,v86y9zyn,312,portfolio,TradingRulesGender,1789369455,11,0,0
99iosefo,6,2nkc141x,311,portfolio,PageOtherBeliefElicitation,1789369460,11,0,0
99iosefo,6,2nkc141x,312,portfolio,TradingRulesGender,1789369463,11,0,0
99iosefo,9,o60mnzij,311,portfolio,PageOtherBeliefElicitation,1789369473,11,0,0
99iosefo,10,bnt5i99k,312,portfolio,TradingRulesGender,1789369475,11,0,0
99iosefo,18,ebzeqzcf,312,portfolio,TradingRulesGender,1789369491,11,0,0
99iosefo,9,o60mnzij,312,portfolio,TradingRulesGender,1789369496,11,0,0
99iosefo,22,rbyuqaqn,313,portfolio,SyncGenderTradingRules,1789369496,11,0,1
99iosefo,11,zrywj9fx,313,portfolio,SyncGenderTradingRules,1789369496,11,0,1
99iosefo,14,oe31za5u,313,portfolio,SyncGenderTradingRules,1789369496,11,0,1
99iosefo,2,a1q00v4p,313,portfolio,SyncGenderTradingRules,1789369496,11,0,1
99iosefo,23,3pb269ab,313,portfolio,SyncGenderTradingRules,1789369496,11,0,1
99iosefo,24,ewpd3m8q,313,portfolio,SyncGenderTradingRules,1789369496,11,0,1
99iosefo,13,s9ryf5kv,313,portfolio,SyncGenderTradingRules,1789369496,11,0,1
99iosefo,21,an9ihpoe,313,portfolio,SyncGenderTradingRules,1789369496,11,0,1
99iosefo,7,oqud1wxk,313,portfolio,SyncGenderTradingRules,1789369496,11,0,1
99iosefo,17,y5kgtmfb,313,portfolio,SyncGenderTradingRules,1789369496,11,0,1
99iosefo,3,rucumqi6,313,portfolio,SyncGenderTradingRules,1789369496,11,0,1
99iosefo,18,ebzeqzcf,313,portfolio,SyncGenderTradingRules,1789369496,11,0,1
99iosefo,19,pb6d6kev,313,portfolio,SyncGenderTradingRules,1789369496,11,0,1
99iosefo,16,3p6ks3hb,313,portfolio,SyncGenderTradingRules,1789369496,11,0,1
99iosefo,12,i44g0thi,313,portfolio,SyncGenderTradingRules,1789369496,11,0,1
99iosefo,20,m8xnbw73,313,portfolio,SyncGenderTradingRules,1789369496,11,0,1
99iosefo,25,0tv7bd9u,313,portfolio,SyncGenderTradingRules,1789369496,11,0,1
99iosefo,1,cfn8fv6w,313,portfolio,SyncGenderTradingRules,1789369496,11,0,1
99iosefo,5,i42igenv,313,portfolio,SyncGenderTradingRules,1789369496,11,0,1
99iosefo,8,a6q31ex7,313,portfolio,SyncGenderTradingRules,1789369496,11,0,1
99iosefo,4,lbzqe7lh,313,portfolio,SyncGenderTradingRules,1789369496,11,0,1
99iosefo,10,bnt5i99k,313,portfolio,SyncGenderTradingRules,1789369496,11,0,1
99iosefo,15,v86y9zyn,313,portfolio,SyncGenderTradingRules,1789369496,11,0,1
99iosefo,6,2nkc141x,313,portfolio,SyncGenderTradingRules,1789369496,11,0,1
99iosefo,9,o60mnzij,313,portfolio,SyncGenderTradingRules,1789369496,11,0,1
99iosefo,6,2nkc141x,314,portfolio,PageBidGenderExp,1789369505,11,0,0
99iosefo,11,zrywj9fx,314,portfolio,PageBidGenderExp,1789369508,11,0,0
99iosefo,17,y5kgtmfb,314,portfolio,PageBidGenderExp,1789369508,11,0,0
99iosefo,4,lbzqe7lh,314,portfolio,PageBidGenderExp,1789369509,11,0,0
99iosefo,19,pb6d6kev,314,portfolio,PageBidGenderExp,1789369515,11,0,0
99iosefo,14,oe31za5u,314,portfolio,PageBidGenderExp,1789369516,11,0,0
99iosefo,10,bnt5i99k,314,portfolio,PageBidGenderExp,1789369517,11,0,0
99iosefo,24,ewpd3m8q,314,portfolio,PageBidGenderExp,1789369519,11,0,0
99iosefo,22,rbyuqaqn,314,portfolio,PageBidGenderExp,1789369519,11,0,0
99iosefo,7,oqud1wxk,314,portfolio,PageBidGenderExp,1789369520,11,0,0
99iosefo,3,rucumqi6,314,portfolio,PageBidGenderExp,1789369521,11,0,0
99iosefo,8,a6q31ex7,314,portfolio,PageBidGenderExp,1789369521,11,0,0
99iosefo,15,v86y9zyn,314,portfolio,PageBidGenderExp,1789369523,11,0,0
99iosefo,5,i42igenv,314,portfolio,PageBidGenderExp,1789369523,11,0,0
99iosefo,13,s9ryf5kv,314,portfolio,PageBidGenderExp,1789369523,11,0,0
99iosefo,9,o60mnzij,314,portfolio,PageBidGenderExp,1789369524,11,0,0
99iosefo,6,2nkc141x,315,portfolio,Clearing,1789369524,11,0,1
99iosefo,7,oqud1wxk,315,portfolio,Clearing,1789369524,11,0,1
99iosefo,8,a6q31ex7,315,portfolio,Clearing,1789369524,11,0,1
99iosefo,9,o60mnzij,315,portfolio,Clearing,1789369524,11,0,1
99iosefo,10,bnt5i99k,315,portfolio,Clearing,1789369524,11,0,1
99iosefo,23,3pb269ab,314,portfolio,PageBidGenderExp,1789369525,11,0,0
99iosefo,16,3p6ks3hb,314,portfolio,PageBidGenderExp,1789369525,11,0,0
99iosefo,18,ebzeqzcf,314,portfolio,PageBidGenderExp,1789369526,11,0,0
99iosefo,21,an9ihpoe,314,portfolio,PageBidGenderExp,1789369529,11,0,0
99iosefo,20,m8xnbw73,314,portfolio,PageBidGenderExp,1789369534,11,0,0
99iosefo,12,i44g0thi,314,portfolio,PageBidGenderExp,1789369534,11,0,0
99iosefo,25,0tv7bd9u,314,portfolio,PageBidGenderExp,1789369534,11,0,0
99iosefo,16,3p6ks3hb,315,portfolio,Clearing,1789369534,11,0,1
99iosefo,17,y5kgtmfb,315,portfolio,Clearing,1789369534,11,0,1
99iosefo,18,ebzeqzcf,315,portfolio,Clearing,1789369534,11,0,1
99iosefo,19,pb6d6kev,315,portfolio,Clearing,1789369534,11,0,1
99iosefo,20,m8xnbw73,315,portfolio,Clearing,1789369534,11,0,1
99iosefo,11,zrywj9fx,315,portfolio,Clearing,1789369534,11,0,1
99iosefo,14,oe31za5u,315,portfolio,Clearing,1789369534,11,0,1
99iosefo,15,v86y9zyn,315,portfolio,Clearing,1789369534,11,0,1
99iosefo,12,i44g0thi,315,portfolio,Clearing,1789369534,11,0,1
99iosefo,13,s9ryf5kv,315,portfolio,Clearing,1789369534,11,0,1
99iosefo,22,rbyuqaqn,315,portfolio,Clearing,1789369534,11,0,1
99iosefo,21,an9ihpoe,315,portfolio,Clearing,1789369534,11,0,1
99iosefo,23,3pb269ab,315,portfolio,Clearing,1789369534,11,0,1
99iosefo,24,ewpd3m8q,315,portfolio,Clearing,1789369534,11,0,1
99iosefo,25,0tv7bd9u,315,portfolio,Clearing,1789369534,11,0,1
99iosefo,2,a1q00v4p,314,portfolio,PageBidGenderExp,1789369539,11,0,0
99iosefo,1,cfn8fv6w,314,portfolio,PageBidGenderExp,1789369546,11,0,0
99iosefo,3,rucumqi6,315,portfolio,Clearing,1789369547,11,0,1
99iosefo,4,lbzqe7lh,315,portfolio,Clearing,1789369547,11,0,1
99iosefo,5,i42igenv,315,portfolio,Clearing,1789369547,11,0,1
99iosefo,1,cfn8fv6w,315,portfolio,Clearing,1789369547,11,0,1
99iosefo,2,a1q00v4p,315,portfolio,Clearing,1789369547,11,0,1
99iosefo,22,rbyuqaqn,316,portfolio,SyncMarketRound,1789369548,11,0,1
99iosefo,11,zrywj9fx,316,portfolio,SyncMarketRound,1789369548,11,0,1
99iosefo,14,oe31za5u,316,portfolio,SyncMarketRound,1789369548,11,0,1
99iosefo,15,v86y9zyn,316,portfolio,SyncMarketRound,1789369548,11,0,1
99iosefo,3,rucumqi6,316,portfolio,SyncMarketRound,1789369548,11,0,1
99iosefo,21,an9ihpoe,316,portfolio,SyncMarketRound,1789369548,11,0,1
99iosefo,23,3pb269ab,316,portfolio,SyncMarketRound,1789369548,11,0,1
99iosefo,4,lbzqe7lh,316,portfolio,SyncMarketRound,1789369548,11,0,1
99iosefo,6,2nkc141x,316,portfolio,SyncMarketRound,1789369548,11,0,1
99iosefo,7,oqud1wxk,316,portfolio,SyncMarketRound,1789369548,11,0,1
99iosefo,8,a6q31ex7,316,portfolio,SyncMarketRound,1789369548,11,0,1
99iosefo,9,o60mnzij,316,portfolio,SyncMarketRound,1789369548,11,0,1
99iosefo,10,bnt5i99k,316,portfolio,SyncMarketRound,1789369548,11,0,1
99iosefo,5,i42igenv,316,portfolio,SyncMarketRound,1789369548,11,0,1
99iosefo,16,3p6ks3hb,316,portfolio,SyncMarketRound,1789369548,11,0,1
99iosefo,24,ewpd3m8q,316,portfolio,SyncMarketRound,1789369548,11,0,1
99iosefo,25,0tv7bd9u,316,portfolio,SyncMarketRound,1789369548,11,0,1
99iosefo,17,y5kgtmfb,316,portfolio,SyncMarketRound,1789369548,11,0,1
99iosefo,18,ebzeqzcf,316,portfolio,SyncMarketRound,1789369548,11,0,1
99iosefo,19,pb6d6kev,316,portfolio,SyncMarketRound,1789369548,11,0,1
99iosefo,1,cfn8fv6w,316,portfolio,SyncMarketRound,1789369548,11,0,1
99iosefo,20,m8xnbw73,316,portfolio,SyncMarketRound,1789369548,11,0,1
99iosefo,12,i44g0thi,316,portfolio,SyncMarketRound,1789369548,11,0,1
99iosefo,13,s9ryf5kv,316,portfolio,SyncMarketRound,1789369548,11,0,1
99iosefo,2,a1q00v4p,316,portfolio,SyncMarketRound,1789369548,11,0,1
99iosefo,25,0tv7bd9u,343,portfolio,PageBidGenderExp,1789369567,12,0,0
99iosefo,11,zrywj9fx,343,portfolio,PageBidGenderExp,1789369569,12,0,0
99iosefo,14,oe31za5u,343,portfolio,PageBidGenderExp,1789369570,12,0,0
99iosefo,10,bnt5i99k,343,portfolio,PageBidGenderExp,1789369572,12,0,0
99iosefo,17,y5kgtmfb,343,portfolio,PageBidGenderExp,1789369572,12,0,0
99iosefo,6,2nkc141x,343,portfolio,PageBidGenderExp,1789369572,12,0,0
99iosefo,19,pb6d6kev,343,portfolio,PageBidGenderExp,1789369573,12,0,0
99iosefo,21,an9ihpoe,343,portfolio,PageBidGenderExp,1789369573,12,0,0
99iosefo,23,3pb269ab,343,portfolio,PageBidGenderExp,1789369573,12,0,0
99iosefo,4,lbzqe7lh,343,portfolio,PageBidGenderExp,1789369574,12,0,0
99iosefo,13,s9ryf5kv,343,portfolio,PageBidGenderExp,1789369574,12,0,0
99iosefo,7,oqud1wxk,343,portfolio,PageBidGenderExp,1789369575,12,0,0
99iosefo,5,i42igenv,343,portfolio,PageBidGenderExp,1789369579,12,0,0
99iosefo,20,m8xnbw73,343,portfolio,PageBidGenderExp,1789369581,12,0,0
99iosefo,1,cfn8fv6w,343,portfolio,PageBidGenderExp,1789369583,12,0,0
99iosefo,9,o60mnzij,343,portfolio,PageBidGenderExp,1789369584,12,0,0
99iosefo,15,v86y9zyn,343,portfolio,PageBidGenderExp,1789369584,12,0,0
99iosefo,3,rucumqi6,343,portfolio,PageBidGenderExp,1789369586,12,0,0
99iosefo,18,ebzeqzcf,343,portfolio,PageBidGenderExp,1789369587,12,0,0
99iosefo,2,a1q00v4p,343,portfolio,PageBidGenderExp,1789369589,12,0,0
99iosefo,1,cfn8fv6w,344,portfolio,Clearing,1789369589,12,0,1
99iosefo,2,a1q00v4p,344,portfolio,Clearing,1789369589,12,0,1
99iosefo,3,rucumqi6,344,portfolio,Clearing,1789369589,12,0,1
99iosefo,4,lbzqe7lh,344,portfolio,Clearing,1789369589,12,0,1
99iosefo,5,i42igenv,344,portfolio,Clearing,1789369589,12,0,1
99iosefo,24,ewpd3m8q,343,portfolio,PageBidGenderExp,1789369590,12,0,0
99iosefo,12,i44g0thi,343,portfolio,PageBidGenderExp,1789369594,12,0,0
99iosefo,11,zrywj9fx,344,portfolio,Clearing,1789369594,12,0,1
99iosefo,12,i44g0thi,344,portfolio,Clearing,1789369594,12,0,1
99iosefo,13,s9ryf5kv,344,portfolio,Clearing,1789369594,12,0,1
99iosefo,14,oe31za5u,344,portfolio,Clearing,1789369594,12,0,1
99iosefo,15,v86y9zyn,344,portfolio,Clearing,1789369594,12,0,1
99iosefo,22,rbyuqaqn,343,portfolio,PageBidGenderExp,1789369601,12,0,0
99iosefo,21,an9ihpoe,344,portfolio,Clearing,1789369601,12,0,1
99iosefo,22,rbyuqaqn,344,portfolio,Clearing,1789369601,12,0,1
99iosefo,24,ewpd3m8q,344,portfolio,Clearing,1789369601,12,0,1
99iosefo,23,3pb269ab,344,portfolio,Clearing,1789369601,12,0,1
99iosefo,25,0tv7bd9u,344,portfolio,Clearing,1789369601,12,0,1
99iosefo,8,a6q31ex7,343,portfolio,PageBidGenderExp,1789369606,12,0,0
99iosefo,6,2nkc141x,344,portfolio,Clearing,1789369606,12,0,1
99iosefo,7,oqud1wxk,344,portfolio,Clearing,1789369606,12,0,1
99iosefo,8,a6q31ex7,344,portfolio,Clearing,1789369606,12,0,1
99iosefo,9,o60mnzij,344,portfolio,Clearing,1789369606,12,0,1
99iosefo,10,bnt5i99k,344,portfolio,Clearing,1789369606,12,0,1
99iosefo,16,3p6ks3hb,343,portfolio,PageBidGenderExp,1789369619,12,0,0
99iosefo,16,3p6ks3hb,344,portfolio,Clearing,1789369619,12,0,1
99iosefo,17,y5kgtmfb,344,portfolio,Clearing,1789369619,12,0,1
99iosefo,18,ebzeqzcf,344,portfolio,Clearing,1789369619,12,0,1
99iosefo,19,pb6d6kev,344,portfolio,Clearing,1789369619,12,0,1
99iosefo,20,m8xnbw73,344,portfolio,Clearing,1789369619,12,0,1
99iosefo,1,cfn8fv6w,345,portfolio,SyncMarketRound,1789369620,12,0,1
99iosefo,2,a1q00v4p,345,portfolio,SyncMarketRound,1789369620,12,0,1
99iosefo,3,rucumqi6,345,portfolio,SyncMarketRound,1789369620,12,0,1
99iosefo,11,zrywj9fx,345,portfolio,SyncMarketRound,1789369620,12,0,1
99iosefo,16,3p6ks3hb,345,portfolio,SyncMarketRound,1789369620,12,0,1
99iosefo,17,y5kgtmfb,345,portfolio,SyncMarketRound,1789369620,12,0,1
99iosefo,18,ebzeqzcf,345,portfolio,SyncMarketRound,1789369620,12,0,1
99iosefo,6,2nkc141x,345,portfolio,SyncMarketRound,1789369620,12,0,1
99iosefo,7,oqud1wxk,345,portfolio,SyncMarketRound,1789369620,12,0,1
99iosefo,21,an9ihpoe,345,portfolio,SyncMarketRound,1789369620,12,0,1
99iosefo,19,pb6d6kev,345,portfolio,SyncMarketRound,1789369620,12,0,1
99iosefo,22,rbyuqaqn,345,portfolio,SyncMarketRound,1789369620,12,0,1
99iosefo,20,m8xnbw73,345,portfolio,SyncMarketRound,1789369620,12,0,1
99iosefo,24,ewpd3m8q,345,portfolio,SyncMarketRound,1789369620,12,0,1
99iosefo,4,lbzqe7lh,345,portfolio,SyncMarketRound,1789369620,12,0,1
99iosefo,12,i44g0thi,345,portfolio,SyncMarketRound,1789369620,12,0,1
99iosefo,13,s9ryf5kv,345,portfolio,SyncMarketRound,1789369620,12,0,1
99iosefo,8,a6q31ex7,345,portfolio,SyncMarketRound,1789369620,12,0,1
99iosefo,9,o60mnzij,345,portfolio,SyncMarketRound,1789369620,12,0,1
99iosefo,5,i42igenv,345,portfolio,SyncMarketRound,1789369620,12,0,1
99iosefo,14,oe31za5u,345,portfolio,SyncMarketRound,1789369620,12,0,1
99iosefo,15,v86y9zyn,345,portfolio,SyncMarketRound,1789369620,12,0,1
99iosefo,23,3pb269ab,345,portfolio,SyncMarketRound,1789369620,12,0,1
99iosefo,25,0tv7bd9u,345,portfolio,SyncMarketRound,1789369620,12,0,1
99iosefo,10,bnt5i99k,345,portfolio,SyncMarketRound,1789369620,12,0,1
99iosefo,10,bnt5i99k,372,portfolio,PageBidGenderExp,1789369632,13,0,0
99iosefo,6,2nkc141x,372,portfolio,PageBidGenderExp,1789369641,13,0,0
99iosefo,4,lbzqe7lh,372,portfolio,PageBidGenderExp,1789369641,13,0,0
99iosefo,11,zrywj9fx,372,portfolio,PageBidGenderExp,1789369641,13,0,0
99iosefo,20,m8xnbw73,372,portfolio,PageBidGenderExp,1789369644,13,0,0
99iosefo,16,3p6ks3hb,372,portfolio,PageBidGenderExp,1789369645,13,0,0
99iosefo,3,rucumqi6,372,portfolio,PageBidGenderExp,1789369646,13,0,0
99iosefo,14,oe31za5u,372,portfolio,PageBidGenderExp,1789369646,13,0,0
99iosefo,5,i42igenv,372,portfolio,PageBidGenderExp,1789369647,13,0,0
99iosefo,19,pb6d6kev,372,portfolio,PageBidGenderExp,1789369648,13,0,0
99iosefo,23,3pb269ab,372,portfolio,PageBidGenderExp,1789369648,13,0,0
99iosefo,12,i44g0thi,372,portfolio,PageBidGenderExp,1789369650,13,0,0
99iosefo,21,an9ihpoe,372,portfolio,PageBidGenderExp,1789369651,13,0,0
99iosefo,17,y5kgtmfb,372,portfolio,PageBidGenderExp,1789369652,13,0,0
99iosefo,7,oqud1wxk,372,portfolio,PageBidGenderExp,1789369655,13,0,0
99iosefo,22,rbyuqaqn,372,portfolio,PageBidGenderExp,1789369655,13,0,0
99iosefo,18,ebzeqzcf,372,portfolio,PageBidGenderExp,1789369658,13,0,0
99iosefo,16,3p6ks3hb,373,portfolio,Clearing,1789369658,13,0,1
99iosefo,17,y5kgtmfb,373,portfolio,Clearing,1789369658,13,0,1
99iosefo,18,ebzeqzcf,373,portfolio,Clearing,1789369658,13,0,1
99iosefo,19,pb6d6kev,373,portfolio,Clearing,1789369658,13,0,1
99iosefo,20,m8xnbw73,373,portfolio,Clearing,1789369658,13,0,1
99iosefo,13,s9ryf5kv,372,portfolio,PageBidGenderExp,1789369659,13,0,0
99iosefo,9,o60mnzij,372,portfolio,PageBidGenderExp,1789369660,13,0,0
99iosefo,1,cfn8fv6w,372,portfolio,PageBidGenderExp,1789369666,13,0,0
99iosefo,24,ewpd3m8q,372,portfolio,PageBidGenderExp,1789369667,13,0,0
99iosefo,2,a1q00v4p,372,portfolio,PageBidGenderExp,1789369668,13,0,0
99iosefo,1,cfn8fv6w,373,portfolio,Clearing,1789369668,13,0,1
99iosefo,2,a1q00v4p,373,portfolio,Clearing,1789369668,13,0,1
99iosefo,3,rucumqi6,373,portfolio,Clearing,1789369668,13,0,1
99iosefo,4,lbzqe7lh,373,portfolio,Clearing,1789369668,13,0,1
99iosefo,5,i42igenv,373,portfolio,Clearing,1789369668,13,0,1
99iosefo,8,a6q31ex7,372,portfolio,PageBidGenderExp,1789369668,13,0,0
99iosefo,6,2nkc141x,373,portfolio,Clearing,1789369669,13,0,1
99iosefo,7,oqud1wxk,373,portfolio,Clearing,1789369669,13,0,1
99iosefo,8,a6q31ex7,373,portfolio,Clearing,1789369669,13,0,1
99iosefo,9,o60mnzij,373,portfolio,Clearing,1789369669,13,0,1
99iosefo,10,bnt5i99k,373,portfolio,Clearing,1789369669,13,0,1
99iosefo,15,v86y9zyn,372,portfolio,PageBidGenderExp,1789369680,13,0,0
99iosefo,11,zrywj9fx,373,portfolio,Clearing,1789369681,13,0,1
99iosefo,12,i44g0thi,373,portfolio,Clearing,1789369681,13,0,1
99iosefo,13,s9ryf5kv,373,portfolio,Clearing,1789369681,13,0,1
99iosefo,14,oe31za5u,373,portfolio,Clearing,1789369681,13,0,1
99iosefo,15,v86y9zyn,373,portfolio,Clearing,1789369681,13,0,1
99iosefo,25,0tv7bd9u,372,portfolio,PageBidGenderExp,1789369687,13,0,0
99iosefo,22,rbyuqaqn,373,portfolio,Clearing,1789369687,13,0,1
99iosefo,23,3pb269ab,373,portfolio,Clearing,1789369687,13,0,1
99iosefo,24,ewpd3m8q,373,portfolio,Clearing,1789369687,13,0,1
99iosefo,25,0tv7bd9u,373,portfolio,Clearing,1789369687,13,0,1
99iosefo,21,an9ihpoe,373,portfolio,Clearing,1789369687,13,0,1
99iosefo,22,rbyuqaqn,374,portfolio,SyncMarketRound,1789369687,13,0,1
99iosefo,11,zrywj9fx,374,portfolio,SyncMarketRound,1789369687,13,0,1
99iosefo,12,i44g0thi,374,portfolio,SyncMarketRound,1789369687,13,0,1
99iosefo,23,3pb269ab,374,portfolio,SyncMarketRound,1789369687,13,0,1
99iosefo,24,ewpd3m8q,374,portfolio,SyncMarketRound,1789369687,13,0,1
99iosefo,13,s9ryf5kv,374,portfolio,SyncMarketRound,1789369687,13,0,1
99iosefo,14,oe31za5u,374,portfolio,SyncMarketRound,1789369687,13,0,1
99iosefo,25,0tv7bd9u,374,portfolio,SyncMarketRound,1789369687,13,0,1
99iosefo,15,v86y9zyn,374,portfolio,SyncMarketRound,1789369687,13,0,1
99iosefo,21,an9ihpoe,374,portfolio,SyncMarketRound,1789369687,13,0,1
99iosefo,16,3p6ks3hb,374,portfolio,SyncMarketRound,1789369687,13,0,1
99iosefo,17,y5kgtmfb,374,portfolio,SyncMarketRound,1789369687,13,0,1
99iosefo,1,cfn8fv6w,374,portfolio,SyncMarketRound,1789369687,13,0,1
99iosefo,2,a1q00v4p,374,portfolio,SyncMarketRound,1789369687,13,0,1
99iosefo,3,rucumqi6,374,portfolio,SyncMarketRound,1789369687,13,0,1
99iosefo,4,lbzqe7lh,374,portfolio,SyncMarketRound,1789369687,13,0,1
99iosefo,18,ebzeqzcf,374,portfolio,SyncMarketRound,1789369687,13,0,1
99iosefo,19,pb6d6kev,374,portfolio,SyncMarketRound,1789369687,13,0,1
99iosefo,20,m8xnbw73,374,portfolio,SyncMarketRound,1789369687,13,0,1
99iosefo,5,i42igenv,374,portfolio,SyncMarketRound,1789369687,13,0,1
99iosefo,6,2nkc141x,374,portfolio,SyncMarketRound,1789369687,13,0,1
99iosefo,7,oqud1wxk,374,portfolio,SyncMarketRound,1789369687,13,0,1
99iosefo,8,a6q31ex7,374,portfolio,SyncMarketRound,1789369687,13,0,1
99iosefo,9,o60mnzij,374,portfolio,SyncMarketRound,1789369687,13,0,1
99iosefo,10,bnt5i99k,374,portfolio,SyncMarketRound,1789369687,13,0,1
99iosefo,25,0tv7bd9u,401,portfolio,PageBidGenderExp,1789369705,14,0,0
99iosefo,11,zrywj9fx,401,portfolio,PageBidGenderExp,1789369706,14,0,0
99iosefo,10,bnt5i99k,401,portfolio,PageBidGenderExp,1789369708,14,0,0
99iosefo,19,pb6d6kev,401,portfolio,PageBidGenderExp,1789369709,14,0,0
99iosefo,4,lbzqe7lh,401,portfolio,PageBidGenderExp,1789369710,14,0,0
99iosefo,14,oe31za5u,401,portfolio,PageBidGenderExp,1789369711,14,0,0
99iosefo,16,3p6ks3hb,401,portfolio,PageBidGenderExp,1789369713,14,0,0
99iosefo,17,y5kgtmfb,401,portfolio,PageBidGenderExp,1789369715,14,0,0
99iosefo,13,s9ryf5kv,401,portfolio,PageBidGenderExp,1789369717,14,0,0
99iosefo,1,cfn8fv6w,401,portfolio,PageBidGenderExp,1789369720,14,0,0
99iosefo,2,a1q00v4p,401,portfolio,PageBidGenderExp,1789369720,14,0,0
99iosefo,5,i42igenv,401,portfolio,PageBidGenderExp,1789369721,14,0,0
99iosefo,21,an9ihpoe,401,portfolio,PageBidGenderExp,1789369722,14,0,0
99iosefo,22,rbyuqaqn,401,portfolio,PageBidGenderExp,1789369723,14,0,0
99iosefo,12,i44g0thi,401,portfolio,PageBidGenderExp,1789369723,14,0,0
99iosefo,24,ewpd3m8q,401,portfolio,PageBidGenderExp,1789369724,14,0,0
99iosefo,9,o60mnzij,401,portfolio,PageBidGenderExp,1789369725,14,0,0
99iosefo,3,rucumqi6,401,portfolio,PageBidGenderExp,1789369725,14,0,0
99iosefo,4,lbzqe7lh,402,portfolio,Clearing,1789369725,14,0,1
99iosefo,1,cfn8fv6w,402,portfolio,Clearing,1789369725,14,0,1
99iosefo,2,a1q00v4p,402,portfolio,Clearing,1789369725,14,0,1
99iosefo,3,rucumqi6,402,portfolio,Clearing,1789369725,14,0,1
99iosefo,5,i42igenv,402,portfolio,Clearing,1789369725,14,0,1
99iosefo,23,3pb269ab,401,portfolio,PageBidGenderExp,1789369725,14,0,0
99iosefo,18,ebzeqzcf,401,portfolio,PageBidGenderExp,1789369725,14,0,0
99iosefo,21,an9ihpoe,402,portfolio,Clearing,1789369726,14,0,1
99iosefo,22,rbyuqaqn,402,portfolio,Clearing,1789369726,14,0,1
99iosefo,23,3pb269ab,402,portfolio,Clearing,1789369726,14,0,1
99iosefo,24,ewpd3m8q,402,portfolio,Clearing,1789369726,14,0,1
99iosefo,25,0tv7bd9u,402,portfolio,Clearing,1789369726,14,0,1
99iosefo,8,a6q31ex7,401,portfolio,PageBidGenderExp,1789369739,14,0,0
99iosefo,15,v86y9zyn,401,portfolio,PageBidGenderExp,1789369743,14,0,0
99iosefo,11,zrywj9fx,402,portfolio,Clearing,1789369744,14,0,1
99iosefo,12,i44g0thi,402,portfolio,Clearing,1789369744,14,0,1
99iosefo,14,oe31za5u,402,portfolio,Clearing,1789369744,14,0,1
99iosefo,15,v86y9zyn,402,portfolio,Clearing,1789369744,14,0,1
99iosefo,13,s9ryf5kv,402,portfolio,Clearing,1789369744,14,0,1
99iosefo,20,m8xnbw73,401,portfolio,PageBidGenderExp,1789369755,14,0,0
99iosefo,19,pb6d6kev,402,portfolio,Clearing,1789369755,14,0,1
99iosefo,16,3p6ks3hb,402,portfolio,Clearing,1789369755,14,0,1
99iosefo,17,y5kgtmfb,402,portfolio,Clearing,1789369755,14,0,1
99iosefo,18,ebzeqzcf,402,portfolio,Clearing,1789369755,14,0,1
99iosefo,20,m8xnbw73,402,portfolio,Clearing,1789369755,14,0,1
99iosefo,7,oqud1wxk,401,portfolio,PageBidGenderExp,1789369795,14,0,0
99iosefo,6,2nkc141x,401,portfolio,PageBidGenderExp,1789369797,14,0,0
99iosefo,6,2nkc141x,402,portfolio,Clearing,1789369797,14,0,1
99iosefo,7,oqud1wxk,402,portfolio,Clearing,1789369797,14,0,1
99iosefo,8,a6q31ex7,402,portfolio,Clearing,1789369797,14,0,1
99iosefo,9,o60mnzij,402,portfolio,Clearing,1789369797,14,0,1
99iosefo,10,bnt5i99k,402,portfolio,Clearing,1789369797,14,0,1
99iosefo,19,pb6d6kev,403,portfolio,SyncMarketRound,1789369798,14,0,1
99iosefo,4,lbzqe7lh,403,portfolio,SyncMarketRound,1789369798,14,0,1
99iosefo,16,3p6ks3hb,403,portfolio,SyncMarketRound,1789369798,14,0,1
99iosefo,6,2nkc141x,403,portfolio,SyncMarketRound,1789369798,14,0,1
99iosefo,7,oqud1wxk,403,portfolio,SyncMarketRound,1789369798,14,0,1
99iosefo,21,an9ihpoe,403,portfolio,SyncMarketRound,1789369798,14,0,1
99iosefo,17,y5kgtmfb,403,portfolio,SyncMarketRound,1789369798,14,0,1
99iosefo,11,zrywj9fx,403,portfolio,SyncMarketRound,1789369798,14,0,1
99iosefo,18,ebzeqzcf,403,portfolio,SyncMarketRound,1789369798,14,0,1
99iosefo,12,i44g0thi,403,portfolio,SyncMarketRound,1789369798,14,0,1
99iosefo,22,rbyuqaqn,403,portfolio,SyncMarketRound,1789369798,14,0,1
99iosefo,1,cfn8fv6w,403,portfolio,SyncMarketRound,1789369798,14,0,1
99iosefo,23,3pb269ab,403,portfolio,SyncMarketRound,1789369798,14,0,1
99iosefo,24,ewpd3m8q,403,portfolio,SyncMarketRound,1789369798,14,0,1
99iosefo,14,oe31za5u,403,portfolio,SyncMarketRound,1789369798,14,0,1
99iosefo,15,v86y9zyn,403,portfolio,SyncMarketRound,1789369798,14,0,1
99iosefo,8,a6q31ex7,403,portfolio,SyncMarketRound,1789369798,14,0,1
99iosefo,9,o60mnzij,403,portfolio,SyncMarketRound,1789369798,14,0,1
99iosefo,2,a1q00v4p,403,portfolio,SyncMarketRound,1789369798,14,0,1
99iosefo,3,rucumqi6,403,portfolio,SyncMarketRound,1789369798,14,0,1
99iosefo,5,i42igenv,403,portfolio,SyncMarketRound,1789369798,14,0,1
99iosefo,25,0tv7bd9u,403,portfolio,SyncMarketRound,1789369798,14,0,1
99iosefo,13,s9ryf5kv,403,portfolio,SyncMarketRound,1789369798,14,0,1
99iosefo,20,m8xnbw73,403,portfolio,SyncMarketRound,1789369798,14,0,1
99iosefo,10,bnt5i99k,403,portfolio,SyncMarketRound,1789369798,14,0,1
99iosefo,10,bnt5i99k,430,portfolio,PageBidGenderExp,1789369812,15,0,0
99iosefo,11,zrywj9fx,430,portfolio,PageBidGenderExp,1789369816,15,0,0
99iosefo,2,a1q00v4p,430,portfolio,PageBidGenderExp,1789369817,15,0,0
99iosefo,4,lbzqe7lh,430,portfolio,PageBidGenderExp,1789369819,15,0,0
99iosefo,13,s9ryf5kv,430,portfolio,PageBidGenderExp,1789369821,15,0,0
99iosefo,6,2nkc141x,430,portfolio,PageBidGenderExp,1789369822,15,0,0
99iosefo,17,y5kgtmfb,430,portfolio,PageBidGenderExp,1789369822,15,0,0
99iosefo,25,0tv7bd9u,430,portfolio,PageBidGenderExp,1789369823,15,0,0
99iosefo,8,a6q31ex7,430,portfolio,PageBidGenderExp,1789369826,15,0,0
99iosefo,9,o60mnzij,430,portfolio,PageBidGenderExp,1789369826,15,0,0
99iosefo,14,oe31za5u,430,portfolio,PageBidGenderExp,1789369830,15,0,0
99iosefo,19,pb6d6kev,430,portfolio,PageBidGenderExp,1789369831,15,0,0
99iosefo,5,i42igenv,430,portfolio,PageBidGenderExp,1789369835,15,0,0
99iosefo,12,i44g0thi,430,portfolio,PageBidGenderExp,1789369836,15,0,0
99iosefo,1,cfn8fv6w,430,portfolio,PageBidGenderExp,1789369837,15,0,0
99iosefo,7,oqud1wxk,430,portfolio,PageBidGenderExp,1789369838,15,0,0
99iosefo,8,a6q31ex7,431,portfolio,Clearing,1789369838,15,0,1
99iosefo,6,2nkc141x,431,portfolio,Clearing,1789369838,15,0,1
99iosefo,7,oqud1wxk,431,portfolio,Clearing,1789369838,15,0,1
99iosefo,9,o60mnzij,431,portfolio,Clearing,1789369838,15,0,1
99iosefo,10,bnt5i99k,431,portfolio,Clearing,1789369838,15,0,1
99iosefo,24,ewpd3m8q,430,portfolio,PageBidGenderExp,1789369839,15,0,0
99iosefo,21,an9ihpoe,430,portfolio,PageBidGenderExp,1789369840,15,0,0
99iosefo,3,rucumqi6,430,portfolio,PageBidGenderExp,1789369841,15,0,0
99iosefo,22,rbyuqaqn,430,portfolio,PageBidGenderExp,1789369841,15,0,0
99iosefo,1,cfn8fv6w,431,portfolio,Clearing,1789369842,15,0,1
99iosefo,2,a1q00v4p,431,portfolio,Clearing,1789369842,15,0,1
99iosefo,3,rucumqi6,431,portfolio,Clearing,1789369842,15,0,1
99iosefo,4,lbzqe7lh,431,portfolio,Clearing,1789369842,15,0,1
99iosefo,5,i42igenv,431,portfolio,Clearing,1789369842,15,0,1
99iosefo,23,3pb269ab,430,portfolio,PageBidGenderExp,1789369846,15,0,0
99iosefo,18,ebzeqzcf,430,portfolio,PageBidGenderExp,1789369847,15,0,0
99iosefo,21,an9ihpoe,431,portfolio,Clearing,1789369847,15,0,1
99iosefo,22,rbyuqaqn,431,portfolio,Clearing,1789369847,15,0,1
99iosefo,23,3pb269ab,431,portfolio,Clearing,1789369847,15,0,1
99iosefo,24,ewpd3m8q,431,portfolio,Clearing,1789369847,15,0,1
99iosefo,25,0tv7bd9u,431,portfolio,Clearing,1789369847,15,0,1
99iosefo,20,m8xnbw73,430,portfolio,PageBidGenderExp,1789369848,15,0,0
99iosefo,16,3p6ks3hb,430,portfolio,PageBidGenderExp,1789369856,15,0,0
99iosefo,19,pb6d6kev,431,portfolio,Clearing,1789369856,15,0,1
99iosefo,16,3p6ks3hb,431,portfolio,Clearing,1789369856,15,0,1
99iosefo,17,y5kgtmfb,431,portfolio,Clearing,1789369856,15,0,1
99iosefo,18,ebzeqzcf,431,portfolio,Clearing,1789369856,15,0,1
99iosefo,20,m8xnbw73,431,portfolio,Clearing,1789369856,15,0,1
99iosefo,15,v86y9zyn,430,portfolio,PageBidGenderExp,1789369857,15,0,0
99iosefo,11,zrywj9fx,431,portfolio,Clearing,1789369858,15,0,1
99iosefo,12,i44g0thi,431,portfolio,Clearing,1789369858,15,0,1
99iosefo,13,s9ryf5kv,431,portfolio,Clearing,1789369858,15,0,1
99iosefo,14,oe31za5u,431,portfolio,Clearing,1789369858,15,0,1
99iosefo,15,v86y9zyn,431,portfolio,Clearing,1789369858,15,0,1
99iosefo,11,zrywj9fx,432,portfolio,SyncMarketRound,1789369858,15,0,1
99iosefo,21,an9ihpoe,432,portfolio,SyncMarketRound,1789369858,15,0,1
99iosefo,22,rbyuqaqn,432,portfolio,SyncMarketRound,1789369858,15,0,1
99iosefo,12,i44g0thi,432,portfolio,SyncMarketRound,1789369858,15,0,1
99iosefo,8,a6q31ex7,432,portfolio,SyncMarketRound,1789369858,15,0,1
99iosefo,13,s9ryf5kv,432,portfolio,SyncMarketRound,1789369858,15,0,1
99iosefo,19,pb6d6kev,432,portfolio,SyncMarketRound,1789369858,15,0,1
99iosefo,16,3p6ks3hb,432,portfolio,SyncMarketRound,1789369858,15,0,1
99iosefo,17,y5kgtmfb,432,portfolio,SyncMarketRound,1789369858,15,0,1
99iosefo,1,cfn8fv6w,432,portfolio,SyncMarketRound,1789369858,15,0,1
99iosefo,6,2nkc141x,432,portfolio,SyncMarketRound,1789369858,15,0,1
99iosefo,7,oqud1wxk,432,portfolio,SyncMarketRound,1789369858,15,0,1
99iosefo,9,o60mnzij,432,portfolio,SyncMarketRound,1789369858,15,0,1
99iosefo,10,bnt5i99k,432,portfolio,SyncMarketRound,1789369858,15,0,1
99iosefo,2,a1q00v4p,432,portfolio,SyncMarketRound,1789369858,15,0,1
99iosefo,3,rucumqi6,432,portfolio,SyncMarketRound,1789369858,15,0,1
99iosefo,4,lbzqe7lh,432,portfolio,SyncMarketRound,1789369858,15,0,1
99iosefo,18,ebzeqzcf,432,portfolio,SyncMarketRound,1789369858,15,0,1
99iosefo,20,m8xnbw73,432,portfolio,SyncMarketRound,1789369858,15,0,1
99iosefo,14,oe31za5u,432,portfolio,SyncMarketRound,1789369858,15,0,1
99iosefo,15,v86y9zyn,432,portfolio,SyncMarketRound,1789369858,15,0,1
99iosefo,23,3pb269ab,432,portfolio,SyncMarketRound,1789369858,15,0,1
99iosefo,5,i42igenv,432,portfolio,SyncMarketRound,1789369858,15,0,1
99iosefo,24,ewpd3m8q,432,portfolio,SyncMarketRound,1789369858,15,0,1
99iosefo,25,0tv7bd9u,432,portfolio,SyncMarketRound,1789369858,15,0,1
99iosefo,13,s9ryf5kv,459,portfolio,PageBidGenderExp,1789369876,16,0,0
99iosefo,10,bnt5i99k,459,portfolio,PageBidGenderExp,1789369876,16,0,0
99iosefo,4,lbzqe7lh,459,portfolio,PageBidGenderExp,1789369879,16,0,0
99iosefo,14,oe31za5u,459,portfolio,PageBidGenderExp,1789369881,16,0,0
99iosefo,6,2nkc141x,459,portfolio,PageBidGenderExp,1789369881,16,0,0
99iosefo,12,i44g0thi,459,portfolio,PageBidGenderExp,1789369881,16,0,0
99iosefo,1,cfn8fv6w,459,portfolio,PageBidGenderExp,1789369883,16,0,0
99iosefo,19,pb6d6kev,459,portfolio,PageBidGenderExp,1789369884,16,0,0
99iosefo,23,3pb269ab,459,portfolio,PageBidGenderExp,1789369884,16,0,0
99iosefo,7,oqud1wxk,459,portfolio,PageBidGenderExp,1789369886,16,0,0
99iosefo,11,zrywj9fx,459,portfolio,PageBidGenderExp,1789369886,16,0,0
99iosefo,18,ebzeqzcf,459,portfolio,PageBidGenderExp,1789369887,16,0,0
99iosefo,24,ewpd3m8q,459,portfolio,PageBidGenderExp,1789369887,16,0,0
99iosefo,25,0tv7bd9u,459,portfolio,PageBidGenderExp,1789369890,16,0,0
99iosefo,15,v86y9zyn,459,portfolio,PageBidGenderExp,1789369892,16,0,0
99iosefo,11,zrywj9fx,460,portfolio,Clearing,1789369893,16,0,1
99iosefo,12,i44g0thi,460,portfolio,Clearing,1789369893,16,0,1
99iosefo,13,s9ryf5kv,460,portfolio,Clearing,1789369893,16,0,1
99iosefo,14,oe31za5u,460,portfolio,Clearing,1789369893,16,0,1
99iosefo,15,v86y9zyn,460,portfolio,Clearing,1789369893,16,0,1
99iosefo,22,rbyuqaqn,459,portfolio,PageBidGenderExp,1789369893,16,0,0
99iosefo,2,a1q00v4p,459,portfolio,PageBidGenderExp,1789369893,16,0,0
99iosefo,5,i42igenv,459,portfolio,PageBidGenderExp,1789369893,16,0,0
99iosefo,21,an9ihpoe,459,portfolio,PageBidGenderExp,1789369894,16,0,0
99iosefo,21,an9ihpoe,460,portfolio,Clearing,1789369894,16,0,1
99iosefo,22,rbyuqaqn,460,portfolio,Clearing,1789369894,16,0,1
99iosefo,23,3pb269ab,460,portfolio,Clearing,1789369894,16,0,1
99iosefo,24,ewpd3m8q,460,portfolio,Clearing,1789369894,16,0,1
99iosefo,25,0tv7bd9u,460,portfolio,Clearing,1789369894,16,0,1
99iosefo,17,y5kgtmfb,459,portfolio,PageBidGenderExp,1789369897,16,0,0
99iosefo,9,o60mnzij,459,portfolio,PageBidGenderExp,1789369898,16,0,0
99iosefo,16,3p6ks3hb,459,portfolio,PageBidGenderExp,1789369903,16,0,0
99iosefo,8,a6q31ex7,459,portfolio,PageBidGenderExp,1789369907,16,0,0
99iosefo,6,2nkc141x,460,portfolio,Clearing,1789369907,16,0,1
99iosefo,7,oqud1wxk,460,portfolio,Clearing,1789369907,16,0,1
99iosefo,8,a6q31ex7,460,portfolio,Clearing,1789369907,16,0,1
99iosefo,9,o60mnzij,460,portfolio,Clearing,1789369907,16,0,1
99iosefo,10,bnt5i99k,460,portfolio,Clearing,1789369907,16,0,1
99iosefo,20,m8xnbw73,459,portfolio,PageBidGenderExp,1789369909,16,0,0
99iosefo,16,3p6ks3hb,460,portfolio,Clearing,1789369909,16,0,1
99iosefo,17,y5kgtmfb,460,portfolio,Clearing,1789369909,16,0,1
99iosefo,19,pb6d6kev,460,portfolio,Clearing,1789369909,16,0,1
99iosefo,18,ebzeqzcf,460,portfolio,Clearing,1789369909,16,0,1
99iosefo,20,m8xnbw73,460,portfolio,Clearing,1789369909,16,0,1
99iosefo,3,rucumqi6,459,portfolio,PageBidGenderExp,1789369921,16,0,0
99iosefo,1,cfn8fv6w,460,portfolio,Clearing,1789369921,16,0,1
99iosefo,2,a1q00v4p,460,portfolio,Clearing,1789369921,16,0,1
99iosefo,3,rucumqi6,460,portfolio,Clearing,1789369921,16,0,1
99iosefo,4,lbzqe7lh,460,portfolio,Clearing,1789369921,16,0,1
99iosefo,5,i42igenv,460,portfolio,Clearing,1789369921,16,0,1
99iosefo,1,cfn8fv6w,461,portfolio,SyncMarketRound,1789369922,16,0,1
99iosefo,16,3p6ks3hb,461,portfolio,SyncMarketRound,1789369922,16,0,1
99iosefo,2,a1q00v4p,461,portfolio,SyncMarketRound,1789369922,16,0,1
99iosefo,17,y5kgtmfb,461,portfolio,SyncMarketRound,1789369922,16,0,1
99iosefo,19,pb6d6kev,461,portfolio,SyncMarketRound,1789369922,16,0,1
99iosefo,3,rucumqi6,461,portfolio,SyncMarketRound,1789369922,16,0,1
99iosefo,18,ebzeqzcf,461,portfolio,SyncMarketRound,1789369922,16,0,1
99iosefo,20,m8xnbw73,461,portfolio,SyncMarketRound,1789369922,16,0,1
99iosefo,6,2nkc141x,461,portfolio,SyncMarketRound,1789369922,16,0,1
99iosefo,21,an9ihpoe,461,portfolio,SyncMarketRound,1789369922,16,0,1
99iosefo,11,zrywj9fx,461,portfolio,SyncMarketRound,1789369922,16,0,1
99iosefo,22,rbyuqaqn,461,portfolio,SyncMarketRound,1789369922,16,0,1
99iosefo,23,3pb269ab,461,portfolio,SyncMarketRound,1789369922,16,0,1
99iosefo,24,ewpd3m8q,461,portfolio,SyncMarketRound,1789369922,16,0,1
99iosefo,25,0tv7bd9u,461,portfolio,SyncMarketRound,1789369922,16,0,1
99iosefo,7,oqud1wxk,461,portfolio,SyncMarketRound,1789369922,16,0,1
99iosefo,8,a6q31ex7,461,portfolio,SyncMarketRound,1789369922,16,0,1
99iosefo,9,o60mnzij,461,portfolio,SyncMarketRound,1789369922,16,0,1
99iosefo,4,lbzqe7lh,461,portfolio,SyncMarketRound,1789369922,16,0,1
99iosefo,5,i42igenv,461,portfolio,SyncMarketRound,1789369922,16,0,1
99iosefo,12,i44g0thi,461,portfolio,SyncMarketRound,1789369922,16,0,1
99iosefo,13,s9ryf5kv,461,portfolio,SyncMarketRound,1789369922,16,0,1
99iosefo,14,oe31za5u,461,portfolio,SyncMarketRound,1789369922,16,0,1
99iosefo,15,v86y9zyn,461,portfolio,SyncMarketRound,1789369922,16,0,1
99iosefo,10,bnt5i99k,461,portfolio,SyncMarketRound,1789369922,16,0,1
99iosefo,3,rucumqi6,488,portfolio,PageBidGenderExp,1789369939,17,0,0
99iosefo,11,zrywj9fx,488,portfolio,PageBidGenderExp,1789369940,17,0,0
99iosefo,25,0tv7bd9u,488,portfolio,PageBidGenderExp,1789369942,17,0,0
99iosefo,13,s9ryf5kv,488,portfolio,PageBidGenderExp,1789369944,17,0,0
99iosefo,2,a1q00v4p,488,portfolio,PageBidGenderExp,1789369947,17,0,0
99iosefo,14,oe31za5u,488,portfolio,PageBidGenderExp,1789369948,17,0,0
99iosefo,4,lbzqe7lh,488,portfolio,PageBidGenderExp,1789369949,17,0,0
99iosefo,21,an9ihpoe,488,portfolio,PageBidGenderExp,1789369949,17,0,0
99iosefo,22,rbyuqaqn,488,portfolio,PageBidGenderExp,1789369949,17,0,0
99iosefo,9,o60mnzij,488,portfolio,PageBidGenderExp,1789369949,17,0,0
99iosefo,7,oqud1wxk,488,portfolio,PageBidGenderExp,1789369950,17,0,0
99iosefo,10,bnt5i99k,488,portfolio,PageBidGenderExp,1789369952,17,0,0
99iosefo,6,2nkc141x,488,portfolio,PageBidGenderExp,1789369952,17,0,0
99iosefo,18,ebzeqzcf,488,portfolio,PageBidGenderExp,1789369953,17,0,0
99iosefo,23,3pb269ab,488,portfolio,PageBidGenderExp,1789369954,17,0,0
99iosefo,12,i44g0thi,488,portfolio,PageBidGenderExp,1789369956,17,0,0
99iosefo,19,pb6d6kev,488,portfolio,PageBidGenderExp,1789369957,17,0,0
99iosefo,5,i42igenv,488,portfolio,PageBidGenderExp,1789369961,17,0,0
99iosefo,17,y5kgtmfb,488,portfolio,PageBidGenderExp,1789369964,17,0,0
99iosefo,8,a6q31ex7,488,portfolio,PageBidGenderExp,1789369964,17,0,0
99iosefo,6,2nkc141x,489,portfolio,Clearing,1789369965,17,0,1
99iosefo,7,oqud1wxk,489,portfolio,Clearing,1789369965,17,0,1
99iosefo,8,a6q31ex7,489,portfolio,Clearing,1789369965,17,0,1
99iosefo,9,o60mnzij,489,portfolio,Clearing,1789369965,17,0,1
99iosefo,10,bnt5i99k,489,portfolio,Clearing,1789369965,17,0,1
99iosefo,24,ewpd3m8q,488,portfolio,PageBidGenderExp,1789369965,17,0,0
99iosefo,23,3pb269ab,489,portfolio,Clearing,1789369965,17,0,1
99iosefo,21,an9ihpoe,489,portfolio,Clearing,1789369965,17,0,1
99iosefo,22,rbyuqaqn,489,portfolio,Clearing,1789369965,17,0,1
99iosefo,24,ewpd3m8q,489,portfolio,Clearing,1789369965,17,0,1
99iosefo,25,0tv7bd9u,489,portfolio,Clearing,1789369965,17,0,1
99iosefo,1,cfn8fv6w,488,portfolio,PageBidGenderExp,1789369967,17,0,0
99iosefo,1,cfn8fv6w,489,portfolio,Clearing,1789369967,17,0,1
99iosefo,2,a1q00v4p,489,portfolio,Clearing,1789369967,17,0,1
99iosefo,3,rucumqi6,489,portfolio,Clearing,1789369967,17,0,1
99iosefo,4,lbzqe7lh,489,portfolio,Clearing,1789369967,17,0,1
99iosefo,5,i42igenv,489,portfolio,Clearing,1789369967,17,0,1
99iosefo,16,3p6ks3hb,488,portfolio,PageBidGenderExp,1789369977,17,0,0
99iosefo,15,v86y9zyn,488,portfolio,PageBidGenderExp,1789370003,17,0,0
99iosefo,11,zrywj9fx,489,portfolio,Clearing,1789370003,17,0,1
99iosefo,12,i44g0thi,489,portfolio,Clearing,1789370003,17,0,1
99iosefo,13,s9ryf5kv,489,portfolio,Clearing,1789370003,17,0,1
99iosefo,14,oe31za5u,489,portfolio,Clearing,1789370003,17,0,1
99iosefo,15,v86y9zyn,489,portfolio,Clearing,1789370003,17,0,1
99iosefo,20,m8xnbw73,488,portfolio,PageBidGenderExp,1789370040,17,0,0
99iosefo,16,3p6ks3hb,489,portfolio,Clearing,1789370041,17,0,1
99iosefo,17,y5kgtmfb,489,portfolio,Clearing,1789370041,17,0,1
99iosefo,18,ebzeqzcf,489,portfolio,Clearing,1789370041,17,0,1
99iosefo,19,pb6d6kev,489,portfolio,Clearing,1789370041,17,0,1
99iosefo,20,m8xnbw73,489,portfolio,Clearing,1789370041,17,0,1
99iosefo,16,3p6ks3hb,490,portfolio,SyncMarketRound,1789370042,17,0,1
99iosefo,17,y5kgtmfb,490,portfolio,SyncMarketRound,1789370042,17,0,1
99iosefo,18,ebzeqzcf,490,portfolio,SyncMarketRound,1789370042,17,0,1
99iosefo,19,pb6d6kev,490,portfolio,SyncMarketRound,1789370042,17,0,1
99iosefo,11,zrywj9fx,490,portfolio,SyncMarketRound,1789370042,17,0,1
99iosefo,12,i44g0thi,490,portfolio,SyncMarketRound,1789370042,17,0,1
99iosefo,1,cfn8fv6w,490,portfolio,SyncMarketRound,1789370042,17,0,1
99iosefo,2,a1q00v4p,490,portfolio,SyncMarketRound,1789370042,17,0,1
99iosefo,3,rucumqi6,490,portfolio,SyncMarketRound,1789370042,17,0,1
99iosefo,13,s9ryf5kv,490,portfolio,SyncMarketRound,1789370042,17,0,1
99iosefo,4,lbzqe7lh,490,portfolio,SyncMarketRound,1789370042,17,0,1
99iosefo,6,2nkc141x,490,portfolio,SyncMarketRound,1789370042,17,0,1
99iosefo,7,oqud1wxk,490,portfolio,SyncMarketRound,1789370042,17,0,1
99iosefo,8,a6q31ex7,490,portfolio,SyncMarketRound,1789370042,17,0,1
99iosefo,9,o60mnzij,490,portfolio,SyncMarketRound,1789370042,17,0,1
99iosefo,5,i42igenv,490,portfolio,SyncMarketRound,1789370042,17,0,1
99iosefo,14,oe31za5u,490,portfolio,SyncMarketRound,1789370042,17,0,1
99iosefo,15,v86y9zyn,490,portfolio,SyncMarketRound,1789370042,17,0,1
99iosefo,20,m8xnbw73,490,portfolio,SyncMarketRound,1789370042,17,0,1
99iosefo,23,3pb269ab,490,portfolio,SyncMarketRound,1789370042,17,0,1
99iosefo,21,an9ihpoe,490,portfolio,SyncMarketRound,1789370042,17,0,1
99iosefo,10,bnt5i99k,490,portfolio,SyncMarketRound,1789370042,17,0,1
99iosefo,22,rbyuqaqn,490,portfolio,SyncMarketRound,1789370042,17,0,1
99iosefo,24,ewpd3m8q,490,portfolio,SyncMarketRound,1789370042,17,0,1
99iosefo,25,0tv7bd9u,490,portfolio,SyncMarketRound,1789370042,17,0,1
99iosefo,25,0tv7bd9u,517,portfolio,PageBidGenderExp,1789370058,18,0,0
99iosefo,9,o60mnzij,517,portfolio,PageBidGenderExp,1789370060,18,0,0
99iosefo,2,a1q00v4p,517,portfolio,PageBidGenderExp,1789370061,18,0,0
99iosefo,4,lbzqe7lh,517,portfolio,PageBidGenderExp,1789370062,18,0,0
99iosefo,11,zrywj9fx,517,portfolio,PageBidGenderExp,1789370063,18,0,0
99iosefo,23,3pb269ab,517,portfolio,PageBidGenderExp,1789370063,18,0,0
99iosefo,18,ebzeqzcf,517,portfolio,PageBidGenderExp,1789370065,18,0,0
99iosefo,10,bnt5i99k,517,portfolio,PageBidGenderExp,1789370065,18,0,0
99iosefo,13,s9ryf5kv,517,portfolio,PageBidGenderExp,1789370068,18,0,0
99iosefo,7,oqud1wxk,517,portfolio,PageBidGenderExp,1789370073,18,0,0
99iosefo,3,rucumqi6,517,portfolio,PageBidGenderExp,1789370073,18,0,0
99iosefo,19,pb6d6kev,517,portfolio,PageBidGenderExp,1789370074,18,0,0
99iosefo,17,y5kgtmfb,517,portfolio,PageBidGenderExp,1789370075,18,0,0
99iosefo,21,an9ihpoe,517,portfolio,PageBidGenderExp,1789370075,18,0,0
99iosefo,14,oe31za5u,517,portfolio,PageBidGenderExp,1789370078,18,0,0
99iosefo,6,2nkc141x,517,portfolio,PageBidGenderExp,1789370082,18,0,0
99iosefo,16,3p6ks3hb,517,portfolio,PageBidGenderExp,1789370082,18,0,0
99iosefo,22,rbyuqaqn,517,portfolio,PageBidGenderExp,1789370082,18,0,0
99iosefo,24,ewpd3m8q,517,portfolio,PageBidGenderExp,1789370087,18,0,0
99iosefo,21,an9ihpoe,518,portfolio,Clearing,1789370087,18,0,1
99iosefo,22,rbyuqaqn,518,portfolio,Clearing,1789370087,18,0,1
99iosefo,23,3pb269ab,518,portfolio,Clearing,1789370087,18,0,1
99iosefo,24,ewpd3m8q,518,portfolio,Clearing,1789370087,18,0,1
99iosefo,25,0tv7bd9u,518,portfolio,Clearing,1789370087,18,0,1
99iosefo,8,a6q31ex7,517,portfolio,PageBidGenderExp,1789370090,18,0,0
99iosefo,6,2nkc141x,518,portfolio,Clearing,1789370090,18,0,1
99iosefo,7,oqud1wxk,518,portfolio,Clearing,1789370090,18,0,1
99iosefo,8,a6q31ex7,518,portfolio,Clearing,1789370090,18,0,1
99iosefo,9,o60mnzij,518,portfolio,Clearing,1789370090,18,0,1
99iosefo,10,bnt5i99k,518,portfolio,Clearing,1789370090,18,0,1
99iosefo,12,i44g0thi,517,portfolio,PageBidGenderExp,1789370093,18,0,0
99iosefo,1,cfn8fv6w,517,portfolio,PageBidGenderExp,1789370094,18,0,0
99iosefo,5,i42igenv,517,portfolio,PageBidGenderExp,1789370100,18,0,0
99iosefo,5,i42igenv,518,portfolio,Clearing,1789370101,18,0,1
99iosefo,1,cfn8fv6w,518,portfolio,Clearing,1789370101,18,0,1
99iosefo,2,a1q00v4p,518,portfolio,Clearing,1789370101,18,0,1
99iosefo,3,rucumqi6,518,portfolio,Clearing,1789370101,18,0,1
99iosefo,4,lbzqe7lh,518,portfolio,Clearing,1789370101,18,0,1
99iosefo,20,m8xnbw73,517,portfolio,PageBidGenderExp,1789370115,18,0,0
99iosefo,16,3p6ks3hb,518,portfolio,Clearing,1789370115,18,0,1
99iosefo,18,ebzeqzcf,518,portfolio,Clearing,1789370115,18,0,1
99iosefo,19,pb6d6kev,518,portfolio,Clearing,1789370115,18,0,1
99iosefo,17,y5kgtmfb,518,portfolio,Clearing,1789370115,18,0,1
99iosefo,20,m8xnbw73,518,portfolio,Clearing,1789370115,18,0,1
99iosefo,15,v86y9zyn,517,portfolio,PageBidGenderExp,1789370121,18,0,0
99iosefo,11,zrywj9fx,518,portfolio,Clearing,1789370121,18,0,1
99iosefo,12,i44g0thi,518,portfolio,Clearing,1789370121,18,0,1
99iosefo,13,s9ryf5kv,518,portfolio,Clearing,1789370121,18,0,1
99iosefo,14,oe31za5u,518,portfolio,Clearing,1789370121,18,0,1
99iosefo,15,v86y9zyn,518,portfolio,Clearing,1789370121,18,0,1
99iosefo,16,3p6ks3hb,519,portfolio,SyncMarketRound,1789370122,18,0,1
99iosefo,18,ebzeqzcf,519,portfolio,SyncMarketRound,1789370122,18,0,1
99iosefo,6,2nkc141x,519,portfolio,SyncMarketRound,1789370122,18,0,1
99iosefo,11,zrywj9fx,519,portfolio,SyncMarketRound,1789370122,18,0,1
99iosefo,5,i42igenv,519,portfolio,SyncMarketRound,1789370122,18,0,1
99iosefo,1,cfn8fv6w,519,portfolio,SyncMarketRound,1789370122,18,0,1
99iosefo,19,pb6d6kev,519,portfolio,SyncMarketRound,1789370122,18,0,1
99iosefo,12,i44g0thi,519,portfolio,SyncMarketRound,1789370122,18,0,1
99iosefo,17,y5kgtmfb,519,portfolio,SyncMarketRound,1789370122,18,0,1
99iosefo,7,oqud1wxk,519,portfolio,SyncMarketRound,1789370122,18,0,1
99iosefo,2,a1q00v4p,519,portfolio,SyncMarketRound,1789370122,18,0,1
99iosefo,13,s9ryf5kv,519,portfolio,SyncMarketRound,1789370122,18,0,1
99iosefo,8,a6q31ex7,519,portfolio,SyncMarketRound,1789370122,18,0,1
99iosefo,9,o60mnzij,519,portfolio,SyncMarketRound,1789370122,18,0,1
99iosefo,21,an9ihpoe,519,portfolio,SyncMarketRound,1789370122,18,0,1
99iosefo,10,bnt5i99k,519,portfolio,SyncMarketRound,1789370122,18,0,1
99iosefo,3,rucumqi6,519,portfolio,SyncMarketRound,1789370122,18,0,1
99iosefo,4,lbzqe7lh,519,portfolio,SyncMarketRound,1789370122,18,0,1
99iosefo,20,m8xnbw73,519,portfolio,SyncMarketRound,1789370122,18,0,1
99iosefo,14,oe31za5u,519,portfolio,SyncMarketRound,1789370122,18,0,1
99iosefo,15,v86y9zyn,519,portfolio,SyncMarketRound,1789370122,18,0,1
99iosefo,22,rbyuqaqn,519,portfolio,SyncMarketRound,1789370122,18,0,1
99iosefo,23,3pb269ab,519,portfolio,SyncMarketRound,1789370122,18,0,1
99iosefo,24,ewpd3m8q,519,portfolio,SyncMarketRound,1789370122,18,0,1
99iosefo,25,0tv7bd9u,519,portfolio,SyncMarketRound,1789370122,18,0,1
99iosefo,11,zrywj9fx,546,portfolio,PageBidGenderExp,1789370139,19,0,0
99iosefo,9,o60mnzij,546,portfolio,PageBidGenderExp,1789370142,19,0,0
99iosefo,23,3pb269ab,546,portfolio,PageBidGenderExp,1789370143,19,0,0
99iosefo,25,0tv7bd9u,546,portfolio,PageBidGenderExp,1789370144,19,0,0
99iosefo,13,s9ryf5kv,546,portfolio,PageBidGenderExp,1789370148,19,0,0
99iosefo,22,rbyuqaqn,546,portfolio,PageBidGenderExp,1789370149,19,0,0
99iosefo,14,oe31za5u,546,portfolio,PageBidGenderExp,1789370149,19,0,0
99iosefo,10,bnt5i99k,546,portfolio,PageBidGenderExp,1789370152,19,0,0
99iosefo,19,pb6d6kev,546,portfolio,PageBidGenderExp,1789370152,19,0,0
99iosefo,18,ebzeqzcf,546,portfolio,PageBidGenderExp,1789370154,19,0,0
99iosefo,5,i42igenv,546,portfolio,PageBidGenderExp,1789370156,19,0,0
99iosefo,24,ewpd3m8q,546,portfolio,PageBidGenderExp,1789370156,19,0,0
99iosefo,15,v86y9zyn,546,portfolio,PageBidGenderExp,1789370156,19,0,0
99iosefo,3,rucumqi6,546,portfolio,PageBidGenderExp,1789370163,19,0,0
99iosefo,12,i44g0thi,546,portfolio,PageBidGenderExp,1789370165,19,0,0
99iosefo,14,oe31za5u,547,portfolio,Clearing,1789370165,19,0,1
99iosefo,11,zrywj9fx,547,portfolio,Clearing,1789370165,19,0,1
99iosefo,12,i44g0thi,547,portfolio,Clearing,1789370165,19,0,1
99iosefo,13,s9ryf5kv,547,portfolio,Clearing,1789370165,19,0,1
99iosefo,15,v86y9zyn,547,portfolio,Clearing,1789370165,19,0,1
99iosefo,17,y5kgtmfb,546,portfolio,PageBidGenderExp,1789370165,19,0,0
99iosefo,7,oqud1wxk,546,portfolio,PageBidGenderExp,1789370166,19,0,0
99iosefo,16,3p6ks3hb,546,portfolio,PageBidGenderExp,1789370168,19,0,0
99iosefo,21,an9ihpoe,546,portfolio,PageBidGenderExp,1789370169,19,0,0
99iosefo,21,an9ihpoe,547,portfolio,Clearing,1789370169,19,0,1
99iosefo,22,rbyuqaqn,547,portfolio,Clearing,1789370169,19,0,1
99iosefo,23,3pb269ab,547,portfolio,Clearing,1789370169,19,0,1
99iosefo,24,ewpd3m8q,547,portfolio,Clearing,1789370169,19,0,1
99iosefo,25,0tv7bd9u,547,portfolio,Clearing,1789370169,19,0,1
99iosefo,8,a6q31ex7,546,portfolio,PageBidGenderExp,1789370170,19,0,0
99iosefo,1,cfn8fv6w,546,portfolio,PageBidGenderExp,1789370171,19,0,0
99iosefo,2,a1q00v4p,546,portfolio,PageBidGenderExp,1789370215,19,0,0
99iosefo,6,2nkc141x,546,portfolio,PageBidGenderExp,1789370216,19,0,0
99iosefo,6,2nkc141x,547,portfolio,Clearing,1789370217,19,0,1
99iosefo,7,oqud1wxk,547,portfolio,Clearing,1789370217,19,0,1
99iosefo,8,a6q31ex7,547,portfolio,Clearing,1789370217,19,0,1
99iosefo,9,o60mnzij,547,portfolio,Clearing,1789370217,19,0,1
99iosefo,10,bnt5i99k,547,portfolio,Clearing,1789370217,19,0,1
99iosefo,4,lbzqe7lh,546,portfolio,PageBidGenderExp,1789370225,19,0,0
99iosefo,2,a1q00v4p,547,portfolio,Clearing,1789370226,19,0,1
99iosefo,3,rucumqi6,547,portfolio,Clearing,1789370226,19,0,1
99iosefo,4,lbzqe7lh,547,portfolio,Clearing,1789370226,19,0,1
99iosefo,1,cfn8fv6w,547,portfolio,Clearing,1789370226,19,0,1
99iosefo,5,i42igenv,547,portfolio,Clearing,1789370226,19,0,1
99iosefo,20,m8xnbw73,546,portfolio,PageBidGenderExp,1789370226,19,0,0
99iosefo,16,3p6ks3hb,547,portfolio,Clearing,1789370226,19,0,1
99iosefo,17,y5kgtmfb,547,portfolio,Clearing,1789370226,19,0,1
99iosefo,18,ebzeqzcf,547,portfolio,Clearing,1789370226,19,0,1
99iosefo,19,pb6d6kev,547,portfolio,Clearing,1789370226,19,0,1
99iosefo,20,m8xnbw73,547,portfolio,Clearing,1789370226,19,0,1
99iosefo,16,3p6ks3hb,548,portfolio,SyncMarketRound,1789370227,19,0,1
99iosefo,2,a1q00v4p,548,portfolio,SyncMarketRound,1789370227,19,0,1
99iosefo,14,oe31za5u,548,portfolio,SyncMarketRound,1789370227,19,0,1
99iosefo,3,rucumqi6,548,portfolio,SyncMarketRound,1789370227,19,0,1
99iosefo,4,lbzqe7lh,548,portfolio,SyncMarketRound,1789370227,19,0,1
99iosefo,1,cfn8fv6w,548,portfolio,SyncMarketRound,1789370227,19,0,1
99iosefo,11,zrywj9fx,548,portfolio,SyncMarketRound,1789370227,19,0,1
99iosefo,12,i44g0thi,548,portfolio,SyncMarketRound,1789370227,19,0,1
99iosefo,13,s9ryf5kv,548,portfolio,SyncMarketRound,1789370227,19,0,1
99iosefo,15,v86y9zyn,548,portfolio,SyncMarketRound,1789370227,19,0,1
99iosefo,5,i42igenv,548,portfolio,SyncMarketRound,1789370227,19,0,1
99iosefo,6,2nkc141x,548,portfolio,SyncMarketRound,1789370227,19,0,1
99iosefo,7,oqud1wxk,548,portfolio,SyncMarketRound,1789370227,19,0,1
99iosefo,8,a6q31ex7,548,portfolio,SyncMarketRound,1789370227,19,0,1
99iosefo,9,o60mnzij,548,portfolio,SyncMarketRound,1789370227,19,0,1
99iosefo,17,y5kgtmfb,548,portfolio,SyncMarketRound,1789370227,19,0,1
99iosefo,18,ebzeqzcf,548,portfolio,SyncMarketRound,1789370227,19,0,1
99iosefo,19,pb6d6kev,548,portfolio,SyncMarketRound,1789370227,19,0,1
99iosefo,20,m8xnbw73,548,portfolio,SyncMarketRound,1789370227,19,0,1
99iosefo,21,an9ihpoe,548,portfolio,SyncMarketRound,1789370227,19,0,1
99iosefo,22,rbyuqaqn,548,portfolio,SyncMarketRound,1789370227,19,0,1
99iosefo,23,3pb269ab,548,portfolio,SyncMarketRound,1789370227,19,0,1
99iosefo,24,ewpd3m8q,548,portfolio,SyncMarketRound,1789370227,19,0,1
99iosefo,25,0tv7bd9u,548,portfolio,SyncMarketRound,1789370227,19,0,1
99iosefo,10,bnt5i99k,548,portfolio,SyncMarketRound,1789370227,19,0,1
99iosefo,10,bnt5i99k,575,portfolio,PageBidGenderExp,1789370242,20,0,0
99iosefo,25,0tv7bd9u,575,portfolio,PageBidGenderExp,1789370244,20,0,0
99iosefo,14,oe31za5u,575,portfolio,PageBidGenderExp,1789370245,20,0,0
99iosefo,11,zrywj9fx,575,portfolio,PageBidGenderExp,1789370246,20,0,0
99iosefo,4,lbzqe7lh,575,portfolio,PageBidGenderExp,1789370247,20,0,0
99iosefo,18,ebzeqzcf,575,portfolio,PageBidGenderExp,1789370248,20,0,0
99iosefo,17,y5kgtmfb,575,portfolio,PageBidGenderExp,1789370248,20,0,0
99iosefo,23,3pb269ab,575,portfolio,PageBidGenderExp,1789370248,20,0,0
99iosefo,13,s9ryf5kv,575,portfolio,PageBidGenderExp,1789370249,20,0,0
99iosefo,7,oqud1wxk,575,portfolio,PageBidGenderExp,1789370250,20,0,0
99iosefo,5,i42igenv,575,portfolio,PageBidGenderExp,1789370252,20,0,0
99iosefo,21,an9ihpoe,575,portfolio,PageBidGenderExp,1789370257,20,0,0
99iosefo,9,o60mnzij,575,portfolio,PageBidGenderExp,1789370257,20,0,0
99iosefo,22,rbyuqaqn,575,portfolio,PageBidGenderExp,1789370262,20,0,0
99iosefo,1,cfn8fv6w,575,portfolio,PageBidGenderExp,1789370264,20,0,0
99iosefo,19,pb6d6kev,575,portfolio,PageBidGenderExp,1789370266,20,0,0
99iosefo,16,3p6ks3hb,575,portfolio,PageBidGenderExp,1789370268,20,0,0
99iosefo,8,a6q31ex7,575,portfolio,PageBidGenderExp,1789370273,20,0,0
99iosefo,20,m8xnbw73,575,portfolio,PageBidGenderExp,1789370275,20,0,0
99iosefo,16,3p6ks3hb,576,portfolio,Clearing,1789370276,20,0,1
99iosefo,17,y5kgtmfb,576,portfolio,Clearing,1789370276,20,0,1
99iosefo,18,ebzeqzcf,576,portfolio,Clearing,1789370276,20,0,1
99iosefo,19,pb6d6kev,576,portfolio,Clearing,1789370276,20,0,1
99iosefo,20,m8xnbw73,576,portfolio,Clearing,1789370276,20,0,1
99iosefo,12,i44g0thi,575,portfolio,PageBidGenderExp,1789370276,20,0,0
99iosefo,2,a1q00v4p,575,portfolio,PageBidGenderExp,1789370277,20,0,0
99iosefo,24,ewpd3m8q,575,portfolio,PageBidGenderExp,1789370278,20,0,0
99iosefo,21,an9ihpoe,576,portfolio,Clearing,1789370279,20,0,1
99iosefo,22,rbyuqaqn,576,portfolio,Clearing,1789370279,20,0,1
99iosefo,23,3pb269ab,576,portfolio,Clearing,1789370279,20,0,1
99iosefo,24,ewpd3m8q,576,portfolio,Clearing,1789370279,20,0,1
99iosefo,25,0tv7bd9u,576,portfolio,Clearing,1789370279,20,0,1
99iosefo,3,rucumqi6,575,portfolio,PageBidGenderExp,1789370292,20,0,0
99iosefo,1,cfn8fv6w,576,portfolio,Clearing,1789370292,20,0,1
99iosefo,2,a1q00v4p,576,portfolio,Clearing,1789370292,20,0,1
99iosefo,3,rucumqi6,576,portfolio,Clearing,1789370292,20,0,1
99iosefo,4,lbzqe7lh,576,portfolio,Clearing,1789370292,20,0,1
99iosefo,5,i42igenv,576,portfolio,Clearing,1789370292,20,0,1
99iosefo,15,v86y9zyn,575,portfolio,PageBidGenderExp,1789370305,20,0,0
99iosefo,11,zrywj9fx,576,portfolio,Clearing,1789370305,20,0,1
99iosefo,12,i44g0thi,576,portfolio,Clearing,1789370305,20,0,1
99iosefo,13,s9ryf5kv,576,portfolio,Clearing,1789370305,20,0,1
99iosefo,14,oe31za5u,576,portfolio,Clearing,1789370305,20,0,1
99iosefo,15,v86y9zyn,576,portfolio,Clearing,1789370305,20,0,1
99iosefo,6,2nkc141x,575,portfolio,PageBidGenderExp,1789370327,20,0,0
99iosefo,6,2nkc141x,576,portfolio,Clearing,1789370327,20,0,1
99iosefo,7,oqud1wxk,576,portfolio,Clearing,1789370327,20,0,1
99iosefo,8,a6q31ex7,576,portfolio,Clearing,1789370327,20,0,1
99iosefo,9,o60mnzij,576,portfolio,Clearing,1789370327,20,0,1
99iosefo,10,bnt5i99k,576,portfolio,Clearing,1789370327,20,0,1
99iosefo,1,cfn8fv6w,577,portfolio,SyncMarketRound,1789370333,20,0,1
99iosefo,2,a1q00v4p,577,portfolio,SyncMarketRound,1789370333,20,0,1
99iosefo,7,oqud1wxk,577,portfolio,SyncMarketRound,1789370333,20,0,1
99iosefo,8,a6q31ex7,577,portfolio,SyncMarketRound,1789370333,20,0,1
99iosefo,12,i44g0thi,577,portfolio,SyncMarketRound,1789370333,20,0,1
99iosefo,9,o60mnzij,577,portfolio,SyncMarketRound,1789370333,20,0,1
99iosefo,13,s9ryf5kv,577,portfolio,SyncMarketRound,1789370333,20,0,1
99iosefo,3,rucumqi6,577,portfolio,SyncMarketRound,1789370333,20,0,1
99iosefo,10,bnt5i99k,577,portfolio,SyncMarketRound,1789370333,20,0,1
99iosefo,4,lbzqe7lh,577,portfolio,SyncMarketRound,1789370333,20,0,1
99iosefo,14,oe31za5u,577,portfolio,SyncMarketRound,1789370333,20,0,1
99iosefo,22,rbyuqaqn,577,portfolio,SyncMarketRound,1789370333,20,0,1
99iosefo,5,i42igenv,577,portfolio,SyncMarketRound,1789370333,20,0,1
99iosefo,6,2nkc141x,577,portfolio,SyncMarketRound,1789370333,20,0,1
99iosefo,15,v86y9zyn,577,portfolio,SyncMarketRound,1789370333,20,0,1
99iosefo,11,zrywj9fx,577,portfolio,SyncMarketRound,1789370333,20,0,1
99iosefo,23,3pb269ab,577,portfolio,SyncMarketRound,1789370333,20,0,1
99iosefo,16,3p6ks3hb,577,portfolio,SyncMarketRound,1789370333,20,0,1
99iosefo,24,ewpd3m8q,577,portfolio,SyncMarketRound,1789370333,20,0,1
99iosefo,17,y5kgtmfb,577,portfolio,SyncMarketRound,1789370333,20,0,1
99iosefo,18,ebzeqzcf,577,portfolio,SyncMarketRound,1789370333,20,0,1
99iosefo,21,an9ihpoe,577,portfolio,SyncMarketRound,1789370333,20,0,1
99iosefo,25,0tv7bd9u,577,portfolio,SyncMarketRound,1789370333,20,0,1
99iosefo,19,pb6d6kev,577,portfolio,SyncMarketRound,1789370333,20,0,1
99iosefo,20,m8xnbw73,577,portfolio,SyncMarketRound,1789370333,20,0,1
99iosefo,15,v86y9zyn,579,portfolio,PageHistoryGenderExp,1789370338,20,0,0
99iosefo,11,zrywj9fx,579,portfolio,PageHistoryGenderExp,1789370338,20,0,0
99iosefo,25,0tv7bd9u,579,portfolio,PageHistoryGenderExp,1789370338,20,0,0
99iosefo,18,ebzeqzcf,579,portfolio,PageHistoryGenderExp,1789370339,20,0,0
99iosefo,14,oe31za5u,579,portfolio,PageHistoryGenderExp,1789370339,20,0,0
99iosefo,13,s9ryf5kv,579,portfolio,PageHistoryGenderExp,1789370339,20,0,0
99iosefo,22,rbyuqaqn,579,portfolio,PageHistoryGenderExp,1789370339,20,0,0
99iosefo,21,an9ihpoe,579,portfolio,PageHistoryGenderExp,1789370339,20,0,0
99iosefo,23,3pb269ab,579,portfolio,PageHistoryGenderExp,1789370340,20,0,0
99iosefo,19,pb6d6kev,579,portfolio,PageHistoryGenderExp,1789370340,20,0,0
99iosefo,11,zrywj9fx,580,portfolio,Results,1789370340,20,0,0
99iosefo,5,i42igenv,579,portfolio,PageHistoryGenderExp,1789370340,20,0,0
99iosefo,9,o60mnzij,579,portfolio,PageHistoryGenderExp,1789370340,20,0,0
99iosefo,7,oqud1wxk,579,portfolio,PageHistoryGenderExp,1789370340,20,0,0
99iosefo,20,m8xnbw73,579,portfolio,PageHistoryGenderExp,1789370340,20,0,0
99iosefo,25,0tv7bd9u,580,portfolio,Results,1789370340,20,0,0
99iosefo,15,v86y9zyn,580,portfolio,Results,1789370340,20,0,0
99iosefo,10,bnt5i99k,579,portfolio,PageHistoryGenderExp,1789370340,20,0,0
99iosefo,23,3pb269ab,580,portfolio,Results,1789370342,20,0,0
99iosefo,9,o60mnzij,580,portfolio,Results,1789370342,20,0,0
99iosefo,16,3p6ks3hb,579,portfolio,PageHistoryGenderExp,1789370342,20,0,0
99iosefo,14,oe31za5u,580,portfolio,Results,1789370342,20,0,0
99iosefo,19,pb6d6kev,580,portfolio,Results,1789370342,20,0,0
99iosefo,18,ebzeqzcf,580,portfolio,Results,1789370343,20,0,0
99iosefo,10,bnt5i99k,580,portfolio,Results,1789370343,20,0,0
99iosefo,17,y5kgtmfb,579,portfolio,PageHistoryGenderExp,1789370343,20,0,0
99iosefo,5,i42igenv,580,portfolio,Results,1789370343,20,0,0
99iosefo,21,an9ihpoe,580,portfolio,Results,1789370343,20,0,0
99iosefo,20,m8xnbw73,580,portfolio,Results,1789370344,20,0,0
99iosefo,3,rucumqi6,579,portfolio,PageHistoryGenderExp,1789370344,20,0,0
99iosefo,16,3p6ks3hb,580,portfolio,Results,1789370344,20,0,0
99iosefo,7,oqud1wxk,580,portfolio,Results,1789370345,20,0,0
99iosefo,1,cfn8fv6w,579,portfolio,PageHistoryGenderExp,1789370346,20,0,0
99iosefo,12,i44g0thi,579,portfolio,PageHistoryGenderExp,1789370346,20,0,0
99iosefo,17,y5kgtmfb,580,portfolio,Results,1789370347,20,0,0
99iosefo,3,rucumqi6,580,portfolio,Results,1789370347,20,0,0
99iosefo,12,i44g0thi,580,portfolio,Results,1789370348,20,0,0
99iosefo,13,s9ryf5kv,580,portfolio,Results,1789370348,20,0,0
99iosefo,8,a6q31ex7,579,portfolio,PageHistoryGenderExp,1789370350,20,0,0
99iosefo,8,a6q31ex7,580,portfolio,Results,1789370353,20,0,0
99iosefo,6,2nkc141x,579,portfolio,PageHistoryGenderExp,1789370353,20,0,0
99iosefo,4,lbzqe7lh,579,portfolio,PageHistoryGenderExp,1789370354,20,0,0
99iosefo,22,rbyuqaqn,580,portfolio,Results,1789370355,20,0,0
99iosefo,1,cfn8fv6w,580,portfolio,Results,1789370355,20,0,0
99iosefo,6,2nkc141x,580,portfolio,Results,1789370356,20,0,0
99iosefo,2,a1q00v4p,579,portfolio,PageHistoryGenderExp,1789370356,20,0,0
99iosefo,4,lbzqe7lh,580,portfolio,Results,1789370356,20,0,0
99iosefo,2,a1q00v4p,580,portfolio,Results,1789370358,20,0,0
99iosefo,24,ewpd3m8q,579,portfolio,PageHistoryGenderExp,1789370358,20,0,0
99iosefo,24,ewpd3m8q,580,portfolio,Results,1789370361,20,0,0
99iosefo,10,bnt5i99k,581,survey_ntu,Demographics,1789370393,1,0,0
99iosefo,11,zrywj9fx,581,survey_ntu,Demographics,1789370394,1,0,0
99iosefo,15,v86y9zyn,581,survey_ntu,Demographics,1789370399,1,0,0
99iosefo,11,zrywj9fx,582,survey_ntu,Attitudes,1789370407,1,0,0
99iosefo,11,zrywj9fx,583,survey_ntu,InstructionsDictator,1789370409,1,0,0
99iosefo,18,ebzeqzcf,581,survey_ntu,Demographics,1789370409,1,0,0
99iosefo,11,zrywj9fx,584,survey_ntu,Dictator,1789370414,1,0,0
99iosefo,12,i44g0thi,581,survey_ntu,Demographics,1789370423,1,0,0
99iosefo,4,lbzqe7lh,581,survey_ntu,Demographics,1789370427,1,0,0
99iosefo,16,3p6ks3hb,581,survey_ntu,Demographics,1789370428,1,0,0
99iosefo,10,bnt5i99k,582,survey_ntu,Attitudes,1789370432,1,0,0
99iosefo,18,ebzeqzcf,582,survey_ntu,Attitudes,1789370433,1,0,0
99iosefo,22,rbyuqaqn,581,survey_ntu,Demographics,1789370440,1,0,0
99iosefo,15,v86y9zyn,582,survey_ntu,Attitudes,1789370440,1,0,0
99iosefo,15,v86y9zyn,583,survey_ntu,InstructionsDictator,1789370447,1,0,0
99iosefo,10,bnt5i99k,583,survey_ntu,InstructionsDictator,1789370450,1,0,0
99iosefo,18,ebzeqzcf,583,survey_ntu,InstructionsDictator,1789370454,1,0,0
99iosefo,17,y5kgtmfb,581,survey_ntu,Demographics,1789370455,1,0,0
99iosefo,4,lbzqe7lh,582,survey_ntu,Attitudes,1789370457,1,0,0
99iosefo,16,3p6ks3hb,582,survey_ntu,Attitudes,1789370461,1,0,0
99iosefo,2,a1q00v4p,581,survey_ntu,Demographics,1789370462,1,0,0
99iosefo,3,rucumqi6,581,survey_ntu,Demographics,1789370463,1,0,0
99iosefo,10,bnt5i99k,584,survey_ntu,Dictator,1789370464,1,0,0
99iosefo,16,3p6ks3hb,583,survey_ntu,InstructionsDictator,1789370465,1,0,0
99iosefo,12,i44g0thi,582,survey_ntu,Attitudes,1789370469,1,0,0
99iosefo,18,ebzeqzcf,584,survey_ntu,Dictator,1789370470,1,0,0
99iosefo,5,i42igenv,581,survey_ntu,Demographics,1789370472,1,0,0
99iosefo,15,v86y9zyn,584,survey_ntu,Dictator,1789370472,1,0,0
99iosefo,16,3p6ks3hb,584,survey_ntu,Dictator,1789370479,1,0,0
99iosefo,22,rbyuqaqn,582,survey_ntu,Attitudes,1789370483,1,0,0
99iosefo,17,y5kgtmfb,582,survey_ntu,Attitudes,1789370484,1,0,0
99iosefo,20,m8xnbw73,581,survey_ntu,Demographics,1789370485,1,0,0
99iosefo,14,oe31za5u,581,survey_ntu,Demographics,1789370486,1,0,0
99iosefo,13,s9ryf5kv,581,survey_ntu,Demographics,1789370487,1,0,0
99iosefo,2,a1q00v4p,582,survey_ntu,Attitudes,1789370487,1,0,0
99iosefo,2,a1q00v4p,583,survey_ntu,InstructionsDictator,1789370492,1,0,0
99iosefo,4,lbzqe7lh,583,survey_ntu,InstructionsDictator,1789370492,1,0,0
99iosefo,3,rucumqi6,582,survey_ntu,Attitudes,1789370494,1,0,0
99iosefo,17,y5kgtmfb,583,survey_ntu,InstructionsDictator,1789370498,1,0,0
99iosefo,2,a1q00v4p,584,survey_ntu,Dictator,1789370499,1,0,0
99iosefo,22,rbyuqaqn,583,survey_ntu,InstructionsDictator,1789370501,1,0,0
99iosefo,12,i44g0thi,583,survey_ntu,InstructionsDictator,1789370503,1,0,0
99iosefo,5,i42igenv,582,survey_ntu,Attitudes,1789370509,1,0,0
99iosefo,4,lbzqe7lh,584,survey_ntu,Dictator,1789370509,1,0,0
99iosefo,22,rbyuqaqn,584,survey_ntu,Dictator,1789370511,1,0,0
99iosefo,12,i44g0thi,584,survey_ntu,Dictator,1789370512,1,0,0
99iosefo,14,oe31za5u,582,survey_ntu,Attitudes,1789370513,1,0,0
99iosefo,20,m8xnbw73,582,survey_ntu,Attitudes,1789370514,1,0,0
99iosefo,13,s9ryf5kv,582,survey_ntu,Attitudes,1789370517,1,0,0
99iosefo,25,0tv7bd9u,581,survey_ntu,Demographics,1789370519,1,0,0
99iosefo,14,oe31za5u,583,survey_ntu,InstructionsDictator,1789370527,1,0,0
99iosefo,20,m8xnbw73,583,survey_ntu,InstructionsDictator,1789370530,1,0,0
99iosefo,3,rucumqi6,583,survey_ntu,InstructionsDictator,1789370532,1,0,0
99iosefo,24,ewpd3m8q,581,survey_ntu,Demographics,1789370533,1,0,0
99iosefo,23,3pb269ab,581,survey_ntu,Demographics,1789370535,1,0,0
99iosefo,17,y5kgtmfb,584,survey_ntu,Dictator,1789370539,1,0,0
99iosefo,8,a6q31ex7,581,survey_ntu,Demographics,1789370539,1,0,0
99iosefo,21,an9ihpoe,581,survey_ntu,Demographics,1789370540,1,0,0
99iosefo,14,oe31za5u,584,survey_ntu,Dictator,1789370542,1,0,0
99iosefo,20,m8xnbw73,584,survey_ntu,Dictator,1789370546,1,0,0
99iosefo,5,i42igenv,583,survey_ntu,InstructionsDictator,1789370548,1,0,0
99iosefo,13,s9ryf5kv,583,survey_ntu,InstructionsDictator,1789370550,1,0,0
99iosefo,25,0tv7bd9u,582,survey_ntu,Attitudes,1789370552,1,0,0
99iosefo,7,oqud1wxk,581,survey_ntu,Demographics,1789370556,1,0,0
99iosefo,3,rucumqi6,584,survey_ntu,Dictator,1789370557,1,0,0
99iosefo,6,2nkc141x,581,survey_ntu,Demographics,1789370562,1,0,0
99iosefo,13,s9ryf5kv,584,survey_ntu,Dictator,1789370563,1,0,0
99iosefo,25,0tv7bd9u,583,survey_ntu,InstructionsDictator,1789370569,1,0,0
99iosefo,8,a6q31ex7,582,survey_ntu,Attitudes,1789370573,1,0,0
99iosefo,9,o60mnzij,581,survey_ntu,Demographics,1789370574,1,0,0
99iosefo,23,3pb269ab,582,survey_ntu,Attitudes,1789370576,1,0,0
99iosefo,25,0tv7bd9u,584,survey_ntu,Dictator,1789370577,1,0,0
99iosefo,23,3pb269ab,583,survey_ntu,InstructionsDictator,1789370578,1,0,0
99iosefo,24,ewpd3m8q,582,survey_ntu,Attitudes,1789370579,1,0,0
99iosefo,5,i42igenv,584,survey_ntu,Dictator,1789370580,1,0,0
99iosefo,24,ewpd3m8q,583,survey_ntu,InstructionsDictator,1789370581,1,0,0
99iosefo,21,an9ihpoe,582,survey_ntu,Attitudes,1789370592,1,0,0
99iosefo,24,ewpd3m8q,584,survey_ntu,Dictator,1789370594,1,0,0
99iosefo,23,3pb269ab,584,survey_ntu,Dictator,1789370594,1,0,0
99iosefo,6,2nkc141x,582,survey_ntu,Attitudes,1789370596,1,0,0
99iosefo,6,2nkc141x,583,survey_ntu,InstructionsDictator,1789370601,1,0,0
99iosefo,6,2nkc141x,584,survey_ntu,Dictator,1789370612,1,0,0
99iosefo,9,o60mnzij,582,survey_ntu,Attitudes,1789370614,1,0,0
99iosefo,21,an9ihpoe,583,survey_ntu,InstructionsDictator,1789370616,1,0,0
99iosefo,7,oqud1wxk,582,survey_ntu,Attitudes,1789370616,1,0,0
99iosefo,8,a6q31ex7,583,survey_ntu,InstructionsDictator,1789370620,1,0,0
99iosefo,21,an9ihpoe,584,survey_ntu,Dictator,1789370630,1,0,0
99iosefo,8,a6q31ex7,584,survey_ntu,Dictator,1789370632,1,0,0
99iosefo,1,cfn8fv6w,581,survey_ntu,Demographics,1789370641,1,0,0
99iosefo,9,o60mnzij,583,survey_ntu,InstructionsDictator,1789370648,1,0,0
99iosefo,9,o60mnzij,584,survey_ntu,Dictator,1789370653,1,0,0
99iosefo,7,oqud1wxk,583,survey_ntu,InstructionsDictator,1789370662,1,0,0
99iosefo,19,pb6d6kev,581,survey_ntu,Demographics,1789370686,1,0,0
99iosefo,7,oqud1wxk,584,survey_ntu,Dictator,1789370689,1,0,0
99iosefo,1,cfn8fv6w,582,survey_ntu,Attitudes,1789370700,1,0,0
99iosefo,19,pb6d6kev,582,survey_ntu,Attitudes,1789370727,1,0,0
99iosefo,1,cfn8fv6w,583,survey_ntu,InstructionsDictator,1789370731,1,0,0
99iosefo,19,pb6d6kev,583,survey_ntu,InstructionsDictator,1789370750,1,0,0
99iosefo,19,pb6d6kev,584,survey_ntu,Dictator,1789370764,1,0,0
99iosefo,1,cfn8fv6w,584,survey_ntu,Dictator,1789370767,1,0,0
99iosefo,24,ewpd3m8q,585,FinalPage,PairingWaitPage,1789370768,1,0,1
99iosefo,1,cfn8fv6w,585,FinalPage,PairingWaitPage,1789370768,1,0,1
99iosefo,17,y5kgtmfb,585,FinalPage,PairingWaitPage,1789370768,1,0,1
99iosefo,3,rucumqi6,585,FinalPage,PairingWaitPage,1789370768,1,0,1
99iosefo,18,ebzeqzcf,585,FinalPage,PairingWaitPage,1789370768,1,0,1
99iosefo,4,lbzqe7lh,585,FinalPage,PairingWaitPage,1789370768,1,0,1
99iosefo,6,2nkc141x,585,FinalPage,PairingWaitPage,1789370768,1,0,1
99iosefo,2,a1q00v4p,585,FinalPage,PairingWaitPage,1789370768,1,0,1
99iosefo,21,an9ihpoe,585,FinalPage,PairingWaitPage,1789370768,1,0,1
99iosefo,5,i42igenv,585,FinalPage,PairingWaitPage,1789370768,1,0,1
99iosefo,14,oe31za5u,585,FinalPage,PairingWaitPage,1789370768,1,0,1
99iosefo,19,pb6d6kev,585,FinalPage,PairingWaitPage,1789370768,1,0,1
99iosefo,16,3p6ks3hb,585,FinalPage,PairingWaitPage,1789370768,1,0,1
99iosefo,15,v86y9zyn,585,FinalPage,PairingWaitPage,1789370768,1,0,1
99iosefo,13,s9ryf5kv,585,FinalPage,PairingWaitPage,1789370768,1,0,1
99iosefo,23,3pb269ab,585,FinalPage,PairingWaitPage,1789370768,1,0,1
99iosefo,10,bnt5i99k,585,FinalPage,PairingWaitPage,1789370768,1,0,1
99iosefo,25,0tv7bd9u,585,FinalPage,PairingWaitPage,1789370768,1,0,1
99iosefo,8,a6q31ex7,585,FinalPage,PairingWaitPage,1789370768,1,0,1
99iosefo,7,oqud1wxk,585,FinalPage,PairingWaitPage,1789370768,1,0,1
99iosefo,9,o60mnzij,585,FinalPage,PairingWaitPage,1789370768,1,0,1
99iosefo,11,zrywj9fx,585,FinalPage,PairingWaitPage,1789370768,1,0,1
99iosefo,12,i44g0thi,585,FinalPage,PairingWaitPage,1789370768,1,0,1
99iosefo,20,m8xnbw73,585,FinalPage,PairingWaitPage,1789370768,1,0,1
99iosefo,22,rbyuqaqn,585,FinalPage,PairingWaitPage,1789370768,1,0,1
99iosefo,24,ewpd3m8q,586,FinalPage,Results,1789370775,1,0,0
99iosefo,16,3p6ks3hb,586,FinalPage,Results,1789370776,1,0,0
99iosefo,19,pb6d6kev,586,FinalPage,Results,1789370778,1,0,0
99iosefo,11,zrywj9fx,586,FinalPage,Results,1789370781,1,0,0
99iosefo,22,rbyuqaqn,586,FinalPage,Results,1789370781,1,0,0
99iosefo,9,o60mnzij,586,FinalPage,Results,1789370781,1,0,0
99iosefo,23,3pb269ab,586,FinalPage,Results,1789370783,1,0,0
99iosefo,6,2nkc141x,586,FinalPage,Results,1789370783,1,0,0
99iosefo,13,s9ryf5kv,586,FinalPage,Results,1789370784,1,0,0
99iosefo,12,i44g0thi,586,FinalPage,Results,1789370786,1,0,0
99iosefo,5,i42igenv,586,FinalPage,Results,1789370786,1,0,0
99iosefo,21,an9ihpoe,586,FinalPage,Results,1789370788,1,0,0
99iosefo,17,y5kgtmfb,586,FinalPage,Results,1789370790,1,0,0
99iosefo,18,ebzeqzcf,586,FinalPage,Results,1789370790,1,0,0
99iosefo,15,v86y9zyn,586,FinalPage,Results,1789370791,1,0,0
99iosefo,8,a6q31ex7,586,FinalPage,Results,1789370793,1,0,0
99iosefo,3,rucumqi6,586,FinalPage,Results,1789370795,1,0,0
99iosefo,25,0tv7bd9u,586,FinalPage,Results,1789370796,1,0,0
99iosefo,1,cfn8fv6w,586,FinalPage,Results,1789370797,1,0,0
99iosefo,2,a1q00v4p,586,FinalPage,Results,1789370797,1,0,0
99iosefo,20,m8xnbw73,586,FinalPage,Results,1789370802,1,0,0
99iosefo,7,oqud1wxk,586,FinalPage,Results,1789370806,1,0,0
99iosefo,14,oe31za5u,586,FinalPage,Results,1789370806,1,0,0
99iosefo,10,bnt5i99k,586,FinalPage,Results,1789370809,1,0,0
99iosefo,4,lbzqe7lh,586,FinalPage,Results,1789370822,1,0,0
