participant.id_in_session,participant.code,participant.label,participant._is_bot,participant._index_in_pages,participant._max_page_index,participant._current_app_name,participant._current_page_name,participant.time_started_utc,participant.visited,participant.mturk_worker_id,participant.mturk_assignment_id,participant.payoff,player.id_in_group,player.role,player.payoff,player.treatment,player.dyn_stock,player.dyn_bond,player.dyn_wealth,player.mgr_p1,player.mgr_p2,player.quiz_down,player.quiz_up,player.quiz_chance,player.quiz_median,player.quiz_above,player.quiz_risk_attempts,player.quiz_market_attempts,player.bid_l,player.bid_r,player.bid_exp,player.bid_no,player.belief_inv_exp,player.belief_price_exp,player.belief_others_inv_exp,player.belief_others_price_exp,player.belief_inv_no,player.belief_price_no,player.belief_others_inv_no,player.belief_others_price_no,player.belief_inv_l,player.belief_price_l,player.belief_others_inv_l,player.belief_others_price_l,player.belief_inv_r,player.belief_price_r,player.belief_others_inv_r,player.belief_others_price_r,player.allocation_to_pay,player.market_pair_to_pay,player.rounds_to_pay,player.belief_pages_to_pay,player.task1_points,player.allocation_points,player.market_points,player.final_payoff_points,player.all_beliefs_payoff_points,player.beliefs_correct,player.trade_l,player.trade_r,player.trade_exp,player.trade_no,group.id_in_subsession,group.price_l,group.price_r,group.p1_left_is_exp,group.p2_left_is_mgr_a,group.price_exp,group.price_no,group.value_exp,group.value_no,group.value_left_gender,group.value_right_gender,group.state_left,group.state_right,group.x_exp,group.x_no,group.x_a,group.x_b,group.mean_exp,group.mean_no,group.mean_a,group.mean_b,subsession.round_number,session.code,session.label,session.mturk_HITId,session.mturk_HITGroupId,session.comment,session.is_demo
1,cfn8fv6w,,0,587,587,FinalPage,ThankYou,2026-09-14 06:16:59.777071,1,,,611.11,1,,0.0,M_exp_W_no,40,60,"{""w0"":100,""wu"":140,""wd"":80}",70,,R/2 + (100 - R),2*R + (100 - R),50%,The median of all submitted prices,Buy one more share,0,0,,,80,40,150,250.0,100,300.0,50,200.0,100,250.0,,,,,,,,,1,1,"7, 8",1,0.0,0.0,0.0,0.0,0.0,0,0,0,-1,-1,1,0.0,0.0,0,1,200.0,150.0,150.0,140.0,150.0,200.0,Up,Up,50,40,50,100,55.8743961352657,52.10828025477707,58.87378640776699,50.91025641025641,1,99iosefo,,,,,0
2,a1q00v4p,,0,587,587,FinalPage,ThankYou,2026-09-14 06:16:59.895789,1,,,1388.89,2,,0.0,M_exp_W_no,200,-100,"{""w0"":100,""wu"":300,""wd"":0}",60,,R/2 + (100 - R),2*R + (100 - R),50%,The median of all submitted prices,Buy one more share,0,0,,,20,400,100,100.0,100,300.0,50,75.0,50,200.0,,,,,,,,,1,1,"7, 8",1,0.0,0.0,0.0,0.0,0.0,0,0,0,-1,1,1,0.0,0.0,0,1,200.0,150.0,150.0,140.0,150.0,200.0,Up,Up,50,40,50,100,55.8743961352657,52.10828025477707,58.87378640776699,50.91025641025641,1,99iosefo,,,,,0
3,rucumqi6,,0,587,587,FinalPage,ThankYou,2026-09-14 06:16:59.987057,1,,,1222.22,3,,0.0,M_exp_W_no,50,50,"{""w0"":100,""wu"":150,""wd"":75}",80,,R/2 + (100 - R),2*R + (100 - R),50%,The median of all submitted prices,Buy one more share,0,1,,,450,150,150,450.0,140,600.0,50,150.0,60,100.0,,,,,,,,,1,1,"7, 8",1,0.0,0.0,0.0,0.0,0.0,0,0,0,1,0,1,0.0,0.0,0,1,200.0,150.0,150.0,140.0,150.0,200.0,Up,Up,50,40,50,100,55.8743961352657,52.10828025477707,58.87378640776699,50.91025641025641,1,99iosefo,,,,,0
4,lbzqe7lh,,0,587,587,FinalPage,ThankYou,2026-09-14 06:17:00.402890,1,,,555.56,4,,0.0,M_exp_W_no,33,67,"{""w0"":100,""wu"":133,""wd"":84}",70,,R/2 + (100 - R),2*R + (100 - R),50%,The median of all submitted prices,Buy one more share,0,0,,,200,50,40,300.0,50,300.0,70,150.0,70,100.0,,,,,,,,,1,1,"7, 8",1,0.0,0.0,0.0,0.0,0.0,0,0,0,0,-1,1,0.0,0.0,0,1,200.0,150.0,150.0,140.0,150.0,200.0,Up,Up,50,40,50,100,55.8743961352657,52.10828025477707,58.87378640776699,50.91025641025641,1,99iosefo,,,,,0
5,i42igenv,,0,587,587,FinalPage,ThankYou,2026-09-14 06:17:00.510083,1,,,944.44,5,,0.0,M_exp_W_no,60,40,"{""w0"":100,""wu"":160,""wd"":70}",65,,R/2 + (100 - R),2*R + (100 - R),50%,The median of all submitted prices,Buy one more share,0,0,,,375,200,160,495.0,175,505.0,130,375.0,157,420.0,,,,,,,,,1,1,"7, 8",1,0.0,0.0,0.0,0.0,0.0,0,0,0,1,1,1,0.0,0.0,0,1,200.0,150.0,150.0,140.0,150.0,200.0,Up,Up,50,40,50,100,55.8743961352657,52.10828025477707,58.87378640776699,50.91025641025641,1,99iosefo,,,,,0
6,2nkc141x,,0,587,587,FinalPage,ThankYou,2026-09-14 06:17:00.564137,1,,,722.22,1,,0.0,M_exp_W_no,50,50,"{""w0"":100,""wu"":150,""wd"":75}",0,,R/2 + (100 - R),2*R + (100 - R),50%,The median of all submitted prices,Buy one more share,0,2,,,400,200,100,500.0,100,400.0,50,100.0,150,200.0,,,,,,,,,1,1,"7, 8",1,0.0,0.0,0.0,0.0,0.0,0,0,0,1,1,2,0.0,0.0,1,0,300.0,200.0,72.5,150.0,75.0,170.0,Down,Up,55,50,70,50,55.8743961352657,52.10828025477707,58.87378640776699,50.91025641025641,1,99iosefo,,,,,0
7,oqud1wxk,,0,587,587,FinalPage,ThankYou,2026-09-14 06:17:00.583781,1,,,500.0,2,,0.0,M_exp_W_no,40,60,"{""w0"":100,""wu"":140,""wd"":80}",35,,R/2 + (100 - R),2*R + (100 - R),50%,The median of all submitted prices,Buy one more share,0,1,,,60,30,120,250.0,100,300.0,150,400.0,150,500.0,,,,,,,,,1,1,"7, 8",1,0.0,0.0,0.0,0.0,0.0,0,0,0,-1,-1,2,0.0,0.0,1,0,300.0,200.0,72.5,150.0,75.0,170.0,Down,Up,55,50,70,50,55.8743961352657,52.10828025477707,58.87378640776699,50.91025641025641,1,99iosefo,,,,,0
8,a6q31ex7,,0,587,587,FinalPage,ThankYou,2026-09-14 06:17:00.593150,1,,,555.56,3,,0.0,M_exp_W_no,30,70,"{""w0"":100,""wu"":130,""wd"":85}",35,,R/2 + (100 - R),2*R + (100 - R),50%,The median of all submitted prices,Buy one more share,0,0,,,400,200,135,450.0,150,500.0,65,150.0,50,100.0,,,,,,,,,1,1,"7, 8",1,0.0,0.0,0.0,0.0,0.0,0,0,0,1,0,2,0.0,0.0,1,0,300.0,200.0,72.5,150.0,75.0,170.0,Down,Up,55,50,70,50,55.8743961352657,52.10828025477707,58.87378640776699,50.91025641025641,1,99iosefo,,,,,0
9,o60mnzij,,0,587,587,FinalPage,ThankYou,2026-09-14 06:17:00.600802,1,,,277.78,4,,0.0,M_exp_W_no,40,60,"{""w0"":100,""wu"":140,""wd"":80}",30,,R/2 + (100 - R),2*R + (100 - R),50%,The median of all submitted prices,Buy one more share,0,0,,,300,200,100,400.0,100,400.0,100,200.0,100,200.0,,,,,,,,,1,1,"7, 8",1,0.0,0.0,0.0,0.0,0.0,0,0,0,0,1,2,0.0,0.0,1,0,300.0,200.0,72.5,150.0,75.0,170.0,Down,Up,55,50,70,50,55.8743961352657,52.10828025477707,58.87378640776699,50.91025641025641,1,99iosefo,,,,,0
10,bnt5i99k,,0,587,587,FinalPage,ThankYou,2026-09-14 06:17:00.609096,1,,,1277.78,5,,0.0,M_exp_W_no,67,33,"{""w0"":100,""wu"":167,""wd"":67}",20,,R/2 + (100 - R),2*R + (100 - R),50%,The median of all submitted prices,Buy one more share,0,0,,,1,100,150,400.0,150,400.0,75,300.0,75,300.0,,,,,,,,,1,1,"7, 8",1,0.0,0.0,0.0,0.0,0.0,0,0,0,-1,-1,2,0.0,0.0,1,0,300.0,200.0,72.5,150.0,75.0,170.0,Down,Up,55,50,70,50,55.8743961352657,52.10828025477707,58.87378640776699,50.91025641025641,1,99iosefo,,,,,0
11,zrywj9fx,,0,587,587,FinalPage,ThankYou,2026-09-14 06:17:00.638517,1,,,722.22,1,,0.0,M_exp_W_no,200,-100,"{""w0"":100,""wu"":300,""wd"":0}",65,,R/2 + (100 - R),2*R + (100 - R),50%,The median of all submitted prices,Buy one more share,0,0,,,200,200,70,400.0,100,400.0,40,200.0,50,200.0,,,,,,,,,1,1,"7, 8",1,0.0,0.0,0.0,0.0,0.0,0,0,0,-1,1,3,0.0,0.0,0,1,300.0,180.0,65.0,180.0,200.0,75.0,Up,Down,70,80,100,50,55.8743961352657,52.10828025477707,58.87378640776699,50.91025641025641,1,99iosefo,,,,,0
12,i44g0thi,,0,587,587,FinalPage,ThankYou,2026-09-14 06:17:00.645494,1,,,1111.11,2,,0.0,M_exp_W_no,20,80,"{""w0"":100,""wu"":120,""wd"":90}",70,,R/2 + (100 - R),2*R + (100 - R),50%,The median of all submitted prices,Buy one more share,0,0,,,300,100,20,450.0,10,500.0,40,300.0,50,250.0,,,,,,,,,1,1,"7, 8",1,0.0,0.0,0.0,0.0,0.0,0,0,0,1,-1,3,0.0,0.0,0,1,300.0,180.0,65.0,180.0,200.0,75.0,Up,Down,70,80,100,50,55.8743961352657,52.10828025477707,58.87378640776699,50.91025641025641,1,99iosefo,,,,,0
13,s9ryf5kv,,0,587,587,FinalPage,ThankYou,2026-09-14 06:17:00.652437,1,,,222.22,3,,0.0,M_exp_W_no,23,77,"{""w0"":100,""wu"":123,""wd"":89}",50,,R/2 + (100 - R),2*R + (100 - R),50%,The median of all submitted prices,Buy one more share,0,0,,,350,250,40,300.0,50,400.0,20,200.0,20,300.0,,,,,,,,,1,1,"7, 8",1,0.0,0.0,0.0,0.0,0.0,0,0,0,1,1,3,0.0,0.0,0,1,300.0,180.0,65.0,180.0,200.0,75.0,Up,Down,70,80,100,50,55.8743961352657,52.10828025477707,58.87378640776699,50.91025641025641,1,99iosefo,,,,,0
14,oe31za5u,,0,587,587,FinalPage,ThankYou,2026-09-14 06:17:00.679392,1,,,1166.67,4,,0.0,M_exp_W_no,50,50,"{""w0"":100,""wu"":150,""wd"":75}",70,,R/2 + (100 - R),2*R + (100 - R),50%,The median of all submitted prices,Buy one more share,0,0,,,300,180,170,180.0,185,200.0,150,170.0,140,300.0,,,,,,,,,1,1,"7, 8",1,0.0,0.0,0.0,0.0,0.0,0,0,0,0,0,3,0.0,0.0,0,1,300.0,180.0,65.0,180.0,200.0,75.0,Up,Down,70,80,100,50,55.8743961352657,52.10828025477707,58.87378640776699,50.91025641025641,1,99iosefo,,,,,0
15,v86y9zyn,,0,587,587,FinalPage,ThankYou,2026-09-14 06:17:00.686214,1,,,888.89,5,,0.0,M_exp_W_no,61,39,"{""w0"":100,""wu"":161,""wd"":70}",70,,R/2 + (100 - R),2*R + (100 - R),50%,The median of all submitted prices,Buy one more share,0,0,,,120,75,42,275.0,42,300.0,55,125.0,55,125.0,,,,,,,,,1,1,"7, 8",1,0.0,0.0,0.0,0.0,0.0,0,0,0,-1,-1,3,0.0,0.0,0,1,300.0,180.0,65.0,180.0,200.0,75.0,Up,Down,70,80,100,50,55.8743961352657,52.10828025477707,58.87378640776699,50.91025641025641,1,99iosefo,,,,,0
16,3p6ks3hb,,0,587,587,FinalPage,ThankYou,2026-09-14 06:17:00.693437,1,,,722.22,1,,0.0,M_exp_W_no,20,80,"{""w0"":100,""wu"":120,""wd"":90}",29,,R/2 + (100 - R),2*R + (100 - R),50%,The median of all submitted prices,Buy one more share,0,0,,,400,200,140,500.0,120,430.0,120,440.0,100,350.0,,,,,,,,,1,1,"7, 8",1,0.0,0.0,0.0,0.0,0.0,0,0,0,1,1,4,0.0,0.0,1,1,300.0,150.0,62.5,160.0,50.0,150.0,Down,Up,75,60,100,50,55.8743961352657,52.10828025477707,58.87378640776699,50.91025641025641,1,99iosefo,,,,,0
17,y5kgtmfb,,0,587,587,FinalPage,ThankYou,2026-09-14 06:17:00.700222,1,,,1000.0,2,,0.0,M_exp_W_no,30,70,"{""w0"":100,""wu"":130,""wd"":85}",25,,R/2 + (100 - R),2*R + (100 - R),50%,The median of all submitted prices,Buy one more share,0,0,,,100,20,150,200.0,150,200.0,50,50.0,50,100.0,,,,,,,,,1,1,"7, 8",1,0.0,0.0,0.0,0.0,0.0,0,0,0,-1,-1,4,0.0,0.0,1,1,300.0,150.0,62.5,160.0,50.0,150.0,Down,Up,75,60,100,50,55.8743961352657,52.10828025477707,58.87378640776699,50.91025641025641,1,99iosefo,,,,,0
18,ebzeqzcf,,0,587,587,FinalPage,ThankYou,2026-09-14 06:17:00.708228,1,,,111.11,3,,0.0,M_exp_W_no,100,0,"{""w0"":100,""wu"":200,""wd"":50}",23,,R/2 + (100 - R),2*R + (100 - R),50%,The median of all submitted prices,Buy one more share,0,0,,,300,200,100,480.0,100,450.0,50,220.0,50,200.0,,,,,,,,,1,1,"7, 8",1,0.0,0.0,0.0,0.0,0.0,0,0,0,0,1,4,0.0,0.0,1,1,300.0,150.0,62.5,160.0,50.0,150.0,Down,Up,75,60,100,50,55.8743961352657,52.10828025477707,58.87378640776699,50.91025641025641,1,99iosefo,,,,,0
19,pb6d6kev,,0,587,587,FinalPage,ThankYou,2026-09-14 06:17:00.749218,1,,,777.78,4,,0.0,M_exp_W_no,100,0,"{""w0"":100,""wu"":200,""wd"":50}",40,,R/2 + (100 - R),2*R + (100 - R),50%,The median of all submitted prices,Buy one more share,0,0,,,200,100,110,210.0,150,250.0,70,150.0,80,200.0,,,,,,,,,1,1,"7, 8",1,0.0,0.0,0.0,0.0,0.0,0,0,0,-1,-1,4,0.0,0.0,1,1,300.0,150.0,62.5,160.0,50.0,150.0,Down,Up,75,60,100,50,55.8743961352657,52.10828025477707,58.87378640776699,50.91025641025641,1,99iosefo,,,,,0
20,m8xnbw73,,0,587,587,FinalPage,ThankYou,2026-09-14 06:17:00.778695,1,,,1000.0,5,,0.0,M_exp_W_no,50,50,"{""w0"":100,""wu"":150,""wd"":75}",24,,R/2 + (100 - R),2*R + (100 - R),50%,The median of all submitted prices,Buy one more share,0,0,,,450,150,100,300.0,150,300.0,50,200.0,50,200.0,,,,,,,,,1,1,"7, 8",1,0.0,0.0,0.0,0.0,0.0,0,0,0,1,0,4,0.0,0.0,1,1,300.0,150.0,62.5,160.0,50.0,150.0,Down,Up,75,60,100,50,55.8743961352657,52.10828025477707,58.87378640776699,50.91025641025641,1,99iosefo,,,,,0
21,an9ihpoe,,0,587,587,FinalPage,ThankYou,2026-09-14 06:17:00.785536,1,,,833.33,1,,0.0,M_exp_W_no,30,70,"{""w0"":100,""wu"":130,""wd"":85}",70,,R/2 + (100 - R),2*R + (100 - R),50%,The median of all submitted prices,Buy one more share,0,0,,,79,1,40,450.0,38,420.0,20,250.0,15,200.0,,,,,,,,,1,1,"7, 8",1,0.0,0.0,0.0,0.0,0.0,0,0,0,-1,-1,5,0.0,0.0,0,0,290.0,113.0,62.5,75.0,85.0,75.0,Down,Down,75,50,50,30,55.8743961352657,52.10828025477707,58.87378640776699,50.91025641025641,1,99iosefo,,,,,0
22,rbyuqaqn,,0,587,587,FinalPage,ThankYou,2026-09-14 06:17:00.797356,1,,,111.11,2,,0.0,M_exp_W_no,80,20,"{""w0"":100,""wu"":180,""wd"":60}",70,,R/2 + (100 - R),2*R + (100 - R),50%,The median of all submitted prices,Buy one more share,0,0,,,350,150,100,350.0,100,400.0,100,200.0,100,250.0,,,,,,,,,1,1,"7, 8",1,0.0,0.0,0.0,0.0,0.0,0,0,0,1,1,5,0.0,0.0,0,0,290.0,113.0,62.5,75.0,85.0,75.0,Down,Down,75,50,50,30,55.8743961352657,52.10828025477707,58.87378640776699,50.91025641025641,1,99iosefo,,,,,0
23,3pb269ab,,0,587,587,FinalPage,ThankYou,2026-09-14 06:17:01.139805,1,,,0.0,3,,0.0,M_exp_W_no,200,-100,"{""w0"":100,""wu"":300,""wd"":0}",59,,R/2 + (100 - R),2*R + (100 - R),50%,The median of all submitted prices,Buy one more share,0,0,,,290,310,150,500.0,180,500.0,80,400.0,100,300.0,,,,,,,,,1,1,"7, 8",1,0.0,0.0,0.0,0.0,0.0,0,0,0,0,1,5,0.0,0.0,0,0,290.0,113.0,62.5,75.0,85.0,75.0,Down,Down,75,50,50,30,55.8743961352657,52.10828025477707,58.87378640776699,50.91025641025641,1,99iosefo,,,,,0
24,ewpd3m8q,,0,587,587,FinalPage,ThankYou,2026-09-14 06:17:01.323728,1,,,388.89,4,,0.0,M_exp_W_no,110,-10,"{""w0"":100,""wu"":210,""wd"":45}",80,,R/2 + (100 - R),2*R + (100 - R),50%,The median of all submitted prices,Buy one more share,0,3,,,500,100,150,400.0,150,300.0,50,100.0,100,150.0,,,,,,,,,1,1,"7, 8",1,0.0,0.0,0.0,0.0,0.0,0,0,0,1,-1,5,0.0,0.0,0,0,290.0,113.0,62.5,75.0,85.0,75.0,Down,Down,75,50,50,30,55.8743961352657,52.10828025477707,58.87378640776699,50.91025641025641,1,99iosefo,,,,,0
25,0tv7bd9u,,0,587,587,FinalPage,ThankYou,2026-09-14 06:17:01.359212,1,,,1277.78,5,,0.0,M_exp_W_no,50,50,"{""w0"":100,""wu"":150,""wd"":75}",80,,R/2 + (100 - R),2*R + (100 - R),50%,The median of all submitted prices,Buy one more share,0,0,,,144,113,77,144.0,27,88.0,23,113.0,73,144.0,,,,,,,,,1,1,"7, 8",1,0.0,0.0,0.0,0.0,0.0,0,0,0,-1,0,5,0.0,0.0,0,0,290.0,113.0,62.5,75.0,85.0,75.0,Down,Down,75,50,50,30,55.8743961352657,52.10828025477707,58.87378640776699,50.91025641025641,1,99iosefo,,,,,0
1,cfn8fv6w,,0,587,587,FinalPage,ThankYou,2026-09-14 06:16:59.777071,1,,,611.11,1,,0.0,M_exp_W_no,,,,,,,,,,,0,0,,,150,100,,,,,,,,,,,,,,,,,1,1,"7, 8",1,0.0,0.0,0.0,0.0,0.0,0,0,0,-1,-1,1,0.0,0.0,0,1,200.0,100.0,150.0,140.0,150.0,200.0,Up,Up,50,40,50,100,55.8743961352657,52.10828025477707,58.87378640776699,50.91025641025641,2,99iosefo,,,,,0
2,a1q00v4p,,0,587,587,FinalPage,ThankYou,2026-09-14 06:16:59.895789,1,,,1388.89,2,,0.0,M_exp_W_no,,,,,,,,,,,0,0,,,50,50,,,,,,,,,,,,,,,,,1,1,"7, 8",1,0.0,0.0,0.0,0.0,0.0,0,0,0,-1,-1,1,0.0,0.0,0,1,200.0,100.0,150.0,140.0,150.0,200.0,Up,Up,50,40,50,100,55.8743961352657,52.10828025477707,58.87378640776699,50.91025641025641,2,99iosefo,,,,,0
3,rucumqi6,,0,587,587,FinalPage,ThankYou,2026-09-14 06:16:59.987057,1,,,1222.22,3,,0.0,M_exp_W_no,,,,,,,,,,,0,0,,,250,150,,,,,,,,,,,,,,,,,1,1,"7, 8",1,0.0,0.0,0.0,0.0,0.0,0,0,0,1,1,1,0.0,0.0,0,1,200.0,100.0,150.0,140.0,150.0,200.0,Up,Up,50,40,50,100,55.8743961352657,52.10828025477707,58.87378640776699,50.91025641025641,2,99iosefo,,,,,0
4,lbzqe7lh,,0,587,587,FinalPage,ThankYou,2026-09-14 06:17:00.402890,1,,,555.56,4,,0.0,M_exp_W_no,,,,,,,,,,,0,0,,,200,100,,,,,,,,,,,,,,,,,1,1,"7, 8",1,0.0,0.0,0.0,0.0,0.0,0,0,0,0,0,1,0.0,0.0,0,1,200.0,100.0,150.0,140.0,150.0,200.0,Up,Up,50,40,50,100,55.8743961352657,52.10828025477707,58.87378640776699,50.91025641025641,2,99iosefo,,,,,0
5,i42igenv,,0,587,587,FinalPage,ThankYou,2026-09-14 06:17:00.510083,1,,,944.44,5,,0.0,M_exp_W_no,,,,,,,,,,,0,0,,,250,165,,,,,,,,,,,,,,,,,1,1,"7, 8",1,0.0,0.0,0.0,0.0,0.0,0,0,0,1,1,1,0.0,0.0,0,1,200.0,100.0,150.0,140.0,150.0,200.0,Up,Up,50,40,50,100,55.8743961352657,52.10828025477707,58.87378640776699,50.91025641025641,2,99iosefo,,,,,0
6,2nkc141x,,0,587,587,FinalPage,ThankYou,2026-09-14 06:17:00.564137,1,,,722.22,1,,0.0,M_exp_W_no,,,,,,,,,,,0,0,,,400,200,,,,,,,,,,,,,,,,,1,1,"7, 8",1,0.0,0.0,0.0,0.0,0.0,0,0,0,1,-1,2,0.0,0.0,1,0,350.0,200.0,72.5,150.0,75.0,170.0,Down,Up,55,50,70,50,55.8743961352657,52.10828025477707,58.87378640776699,50.91025641025641,2,99iosefo,,,,,0
7,oqud1wxk,,0,587,587,FinalPage,ThankYou,2026-09-14 06:17:00.583781,1,,,500.0,2,,0.0,M_exp_W_no,,,,,,,,,,,0,0,,,350,200,,,,,,,,,,,,,,,,,1,1,"7, 8",1,0.0,0.0,0.0,0.0,0.0,0,0,0,0,0,2,0.0,0.0,1,0,350.0,200.0,72.5,150.0,75.0,170.0,Down,Up,55,50,70,50,55.8743961352657,52.10828025477707,58.87378640776699,50.91025641025641,2,99iosefo,,,,,0
8,a6q31ex7,,0,587,587,FinalPage,ThankYou,2026-09-14 06:17:00.593150,1,,,555.56,3,,0.0,M_exp_W_no,,,,,,,,,,,0,0,,,350,250,,,,,,,,,,,,,,,,,1,1,"7, 8",1,0.0,0.0,0.0,0.0,0.0,0,0,0,-1,1,2,0.0,0.0,1,0,350.0,200.0,72.5,150.0,75.0,170.0,Down,Up,55,50,70,50,55.8743961352657,52.10828025477707,58.87378640776699,50.91025641025641,2,99iosefo,,,,,0
9,o60mnzij,,0,587,587,FinalPage,ThankYou,2026-09-14 06:17:00.600802,1,,,277.78,4,,0.0,M_exp_W_no,,,,,,,,,,,0,0,,,300,300,,,,,,,,,,,,,,,,,1,1,"7, 8",1,0.0,0.0,0.0,0.0,0.0,0,0,0,-1,1,2,0.0,0.0,1,0,350.0,200.0,72.5,150.0,75.0,170.0,Down,Up,55,50,70,50,55.8743961352657,52.10828025477707,58.87378640776699,50.91025641025641,2,99iosefo,,,,,0
10,bnt5i99k,,0,587,587,FinalPage,ThankYou,2026-09-14 06:17:00.609096,1,,,1277.78,5,,0.0,M_exp_W_no,,,,,,,,,,,0,0,,,500,100,,,,,,,,,,,,,,,,,1,1,"7, 8",1,0.0,0.0,0.0,0.0,0.0,0,0,0,1,-1,2,0.0,0.0,1,0,350.0,200.0,72.5,150.0,75.0,170.0,Down,Up,55,50,70,50,55.8743961352657,52.10828025477707,58.87378640776699,50.91025641025641,2,99iosefo,,,,,0
11,zrywj9fx,,0,587,587,FinalPage,ThankYou,2026-09-14 06:17:00.638517,1,,,722.22,1,,0.0,M_exp_W_no,,,,,,,,,,,0,0,,,250,175,,,,,,,,,,,,,,,,,1,1,"7, 8",1,0.0,0.0,0.0,0.0,0.0,0,0,0,-1,1,3,0.0,0.0,0,1,280.0,150.0,65.0,180.0,200.0,75.0,Up,Down,70,80,100,50,55.8743961352657,52.10828025477707,58.87378640776699,50.91025641025641,2,99iosefo,,,,,0
12,i44g0thi,,0,587,587,FinalPage,ThankYou,2026-09-14 06:17:00.645494,1,,,1111.11,2,,0.0,M_exp_W_no,,,,,,,,,,,0,0,,,400,150,,,,,,,,,,,,,,,,,1,1,"7, 8",1,0.0,0.0,0.0,0.0,0.0,0,0,0,1,-1,3,0.0,0.0,0,1,280.0,150.0,65.0,180.0,200.0,75.0,Up,Down,70,80,100,50,55.8743961352657,52.10828025477707,58.87378640776699,50.91025641025641,2,99iosefo,,,,,0
13,s9ryf5kv,,0,587,587,FinalPage,ThankYou,2026-09-14 06:17:00.652437,1,,,222.22,3,,0.0,M_exp_W_no,,,,,,,,,,,0,0,,,280,130,,,,,,,,,,,,,,,,,1,1,"7, 8",1,0.0,0.0,0.0,0.0,0.0,0,0,0,0,-1,3,0.0,0.0,0,1,280.0,150.0,65.0,180.0,200.0,75.0,Up,Down,70,80,100,50,55.8743961352657,52.10828025477707,58.87378640776699,50.91025641025641,2,99iosefo,,,,,0
14,oe31za5u,,0,587,587,FinalPage,ThankYou,2026-09-14 06:17:00.679392,1,,,1166.67,4,,0.0,M_exp_W_no,,,,,,,,,,,0,0,,,350,200,,,,,,,,,,,,,,,,,1,1,"7, 8",1,0.0,0.0,0.0,0.0,0.0,0,0,0,1,1,3,0.0,0.0,0,1,280.0,150.0,65.0,180.0,200.0,75.0,Up,Down,70,80,100,50,55.8743961352657,52.10828025477707,58.87378640776699,50.91025641025641,2,99iosefo,,,,,0
15,v86y9zyn,,0,587,587,FinalPage,ThankYou,2026-09-14 06:17:00.686214,1,,,888.89,5,,0.0,M_exp_W_no,,,,,,,,,,,0,0,,,275,150,,,,,,,,,,,,,,,,,1,1,"7, 8",1,0.0,0.0,0.0,0.0,0.0,0,0,0,-1,0,3,0.0,0.0,0,1,280.0,150.0,65.0,180.0,200.0,75.0,Up,Down,70,80,100,50,55.8743961352657,52.10828025477707,58.87378640776699,50.91025641025641,2,99iosefo,,,,,0
16,3p6ks3hb,,0,587,587,FinalPage,ThankYou,2026-09-14 06:17:00.693437,1,,,722.22,1,,0.0,M_exp_W_no,,,,,,,,,,,0,0,,,350,250,,,,,,,,,,,,,,,,,1,1,"7, 8",1,0.0,0.0,0.0,0.0,0.0,0,0,0,0,1,4,0.0,0.0,1,1,350.0,200.0,62.5,160.0,50.0,150.0,Down,Up,75,60,100,50,55.8743961352657,52.10828025477707,58.87378640776699,50.91025641025641,2,99iosefo,,,,,0
17,y5kgtmfb,,0,587,587,FinalPage,ThankYou,2026-09-14 06:17:00.700222,1,,,1000.0,2,,0.0,M_exp_W_no,,,,,,,,,,,0,0,,,400,100,,,,,,,,,,,,,,,,,1,1,"7, 8",1,0.0,0.0,0.0,0.0,0.0,0,0,0,1,-1,4,0.0,0.0,1,1,350.0,200.0,62.5,160.0,50.0,150.0,Down,Up,75,60,100,50,55.8743961352657,52.10828025477707,58.87378640776699,50.91025641025641,2,99iosefo,,,,,0
18,ebzeqzcf,,0,587,587,FinalPage,ThankYou,2026-09-14 06:17:00.708228,1,,,111.11,3,,0.0,M_exp_W_no,,,,,,,,,,,0,0,,,350,140,,,,,,,,,,,,,,,,,1,1,"7, 8",1,0.0,0.0,0.0,0.0,0.0,0,0,0,-1,-1,4,0.0,0.0,1,1,350.0,200.0,62.5,160.0,50.0,150.0,Down,Up,75,60,100,50,55.8743961352657,52.10828025477707,58.87378640776699,50.91025641025641,2,99iosefo,,,,,0
19,pb6d6kev,,0,587,587,FinalPage,ThankYou,2026-09-14 06:17:00.749218,1,,,777.78,4,,0.0,M_exp_W_no,,,,,,,,,,,0,0,,,350,250,,,,,,,,,,,,,,,,,1,1,"7, 8",1,0.0,0.0,0.0,0.0,0.0,0,0,0,1,1,4,0.0,0.0,1,1,350.0,200.0,62.5,160.0,50.0,150.0,Down,Up,75,60,100,50,55.8743961352657,52.10828025477707,58.87378640776699,50.91025641025641,2,99iosefo,,,,,0
20,m8xnbw73,,0,587,587,FinalPage,ThankYou,2026-09-14 06:17:00.778695,1,,,1000.0,5,,0.0,M_exp_W_no,,,,,,,,,,,0,0,,,250,200,,,,,,,,,,,,,,,,,1,1,"7, 8",1,0.0,0.0,0.0,0.0,0.0,0,0,0,-1,0,4,0.0,0.0,1,1,350.0,200.0,62.5,160.0,50.0,150.0,Down,Up,75,60,100,50,55.8743961352657,52.10828025477707,58.87378640776699,50.91025641025641,2,99iosefo,,,,,0
21,an9ihpoe,,0,587,587,FinalPage,ThankYou,2026-09-14 06:17:00.785536,1,,,833.33,1,,0.0,M_exp_W_no,,,,,,,,,,,0,0,,,400,200,,,,,,,,,,,,,,,,,1,1,"7, 8",1,0.0,0.0,0.0,0.0,0.0,0,0,0,1,1,5,0.0,0.0,0,0,330.0,130.0,62.5,75.0,85.0,75.0,Down,Down,75,50,50,30,55.8743961352657,52.10828025477707,58.87378640776699,50.91025641025641,2,99iosefo,,,,,0
22,rbyuqaqn,,0,587,587,FinalPage,ThankYou,2026-09-14 06:17:00.797356,1,,,111.11,2,,0.0,M_exp_W_no,,,,,,,,,,,0,0,,,330,120,,,,,,,,,,,,,,,,,1,1,"7, 8",1,0.0,0.0,0.0,0.0,0.0,0,0,0,0,-1,5,0.0,0.0,0,0,330.0,130.0,62.5,75.0,85.0,75.0,Down,Down,75,50,50,30,55.8743961352657,52.10828025477707,58.87378640776699,50.91025641025641,2,99iosefo,,,,,0
23,3pb269ab,,0,587,587,FinalPage,ThankYou,2026-09-14 06:17:01.139805,1,,,0.0,3,,0.0,M_exp_W_no,,,,,,,,,,,0,0,,,290,130,,,,,,,,,,,,,,,,,1,1,"7, 8",1,0.0,0.0,0.0,0.0,0.0,0,0,0,-1,0,5,0.0,0.0,0,0,330.0,130.0,62.5,75.0,85.0,75.0,Down,Down,75,50,50,30,55.8743961352657,52.10828025477707,58.87378640776699,50.91025641025641,2,99iosefo,,,,,0
24,ewpd3m8q,,0,587,587,FinalPage,ThankYou,2026-09-14 06:17:01.323728,1,,,388.89,4,,0.0,M_exp_W_no,,,,,,,,,,,0,0,,,400,200,,,,,,,,,,,,,,,,,1,1,"7, 8",1,0.0,0.0,0.0,0.0,0.0,0,0,0,1,1,5,0.0,0.0,0,0,330.0,130.0,62.5,75.0,85.0,75.0,Down,Down,75,50,50,30,55.8743961352657,52.10828025477707,58.87378640776699,50.91025641025641,2,99iosefo,,,,,0
25,0tv7bd9u,,0,587,587,FinalPage,ThankYou,2026-09-14 06:17:01.359212,1,,,1277.78,5,,0.0,M_exp_W_no,,,,,,,,,,,0,0,,,144,113,,,,,,,,,,,,,,,,,1,1,"7, 8",1,0.0,0.0,0.0,0.0,0.0,0,0,0,-1,-1,5,0.0,0.0,0,0,330.0,130.0,62.5,75.0,85.0,75.0,Down,Down,75,50,50,30,55.8743961352657,52.10828025477707,58.87378640776699,50.91025641025641,2,99iosefo,,,,,0
1,cfn8fv6w,,0,587,587,FinalPage,ThankYou,2026-09-14 06:16:59.777071,1,,,611.11,1,,0.0,M_exp_W_no,,,,,,,,,,,0,0,,,150,50,,,,,,,,,,,,,,,,,1,1,"7, 8",1,0.0,0.0,0.0,0.0,0.0,0,0,0,-1,-1,1,0.0,0.0,0,1,175.0,75.0,150.0,140.0,150.0,200.0,Up,Up,50,40,50,100,55.8743961352657,52.10828025477707,58.87378640776699,50.91025641025641,3,99iosefo,,,,,0
2,a1q00v4p,,0,587,587,FinalPage,ThankYou,2026-09-14 06:16:59.895789,1,,,1388.89,2,,0.0,M_exp_W_no,,,,,,,,,,,0,0,,,100,75,,,,,,,,,,,,,,,,,1,1,"7, 8",1,0.0,0.0,0.0,0.0,0.0,0,0,0,-1,-1,1,0.0,0.0,0,1,175.0,75.0,150.0,140.0,150.0,200.0,Up,Up,50,40,50,100,55.8743961352657,52.10828025477707,58.87378640776699,50.91025641025641,3,99iosefo,,,,,0
3,rucumqi6,,0,587,587,FinalPage,ThankYou,2026-09-14 06:16:59.987057,1,,,1222.22,3,,0.0,M_exp_W_no,,,,,,,,,,,0,0,,,199,90,,,,,,,,,,,,,,,,,1,1,"7, 8",1,0.0,0.0,0.0,0.0,0.0,0,0,0,1,1,1,0.0,0.0,0,1,175.0,75.0,150.0,140.0,150.0,200.0,Up,Up,50,40,50,100,55.8743961352657,52.10828025477707,58.87378640776699,50.91025641025641,3,99iosefo,,,,,0
4,lbzqe7lh,,0,587,587,FinalPage,ThankYou,2026-09-14 06:17:00.402890,1,,,555.56,4,,0.0,M_exp_W_no,,,,,,,,,,,0,0,,,175,75,,,,,,,,,,,,,,,,,1,1,"7, 8",1,0.0,0.0,0.0,0.0,0.0,0,0,0,0,0,1,0.0,0.0,0,1,175.0,75.0,150.0,140.0,150.0,200.0,Up,Up,50,40,50,100,55.8743961352657,52.10828025477707,58.87378640776699,50.91025641025641,3,99iosefo,,,,,0
5,i42igenv,,0,587,587,FinalPage,ThankYou,2026-09-14 06:17:00.510083,1,,,944.44,5,,0.0,M_exp_W_no,,,,,,,,,,,0,0,,,180,85,,,,,,,,,,,,,,,,,1,1,"7, 8",1,0.0,0.0,0.0,0.0,0.0,0,0,0,1,1,1,0.0,0.0,0,1,175.0,75.0,150.0,140.0,150.0,200.0,Up,Up,50,40,50,100,55.8743961352657,52.10828025477707,58.87378640776699,50.91025641025641,3,99iosefo,,,,,0
6,2nkc141x,,0,587,587,FinalPage,ThankYou,2026-09-14 06:17:00.564137,1,,,722.22,1,,0.0,M_exp_W_no,,,,,,,,,,,0,0,,,350,150,,,,,,,,,,,,,,,,,1,1,"7, 8",1,0.0,0.0,0.0,0.0,0.0,0,0,0,-1,-1,2,0.0,0.0,1,0,400.0,200.0,72.5,150.0,75.0,170.0,Down,Up,55,50,70,50,55.8743961352657,52.10828025477707,58.87378640776699,50.91025641025641,3,99iosefo,,,,,0
7,oqud1wxk,,0,587,587,FinalPage,ThankYou,2026-09-14 06:17:00.583781,1,,,500.0,2,,0.0,M_exp_W_no,,,,,,,,,,,0,0,,,400,150,,,,,,,,,,,,,,,,,1,1,"7, 8",1,0.0,0.0,0.0,0.0,0.0,0,0,0,1,-1,2,0.0,0.0,1,0,400.0,200.0,72.5,150.0,75.0,170.0,Down,Up,55,50,70,50,55.8743961352657,52.10828025477707,58.87378640776699,50.91025641025641,3,99iosefo,,,,,0
8,a6q31ex7,,0,587,587,FinalPage,ThankYou,2026-09-14 06:17:00.593150,1,,,555.56,3,,0.0,M_exp_W_no,,,,,,,,,,,0,0,,,400,200,,,,,,,,,,,,,,,,,1,1,"7, 8",1,0.0,0.0,0.0,0.0,0.0,0,0,0,1,1,2,0.0,0.0,1,0,400.0,200.0,72.5,150.0,75.0,170.0,Down,Up,55,50,70,50,55.8743961352657,52.10828025477707,58.87378640776699,50.91025641025641,3,99iosefo,,,,,0
9,o60mnzij,,0,587,587,FinalPage,ThankYou,2026-09-14 06:17:00.600802,1,,,277.78,4,,0.0,M_exp_W_no,,,,,,,,,,,0,0,,,400,200,,,,,,,,,,,,,,,,,1,1,"7, 8",1,0.0,0.0,0.0,0.0,0.0,0,0,0,0,0,2,0.0,0.0,1,0,400.0,200.0,72.5,150.0,75.0,170.0,Down,Up,55,50,70,50,55.8743961352657,52.10828025477707,58.87378640776699,50.91025641025641,3,99iosefo,,,,,0
10,bnt5i99k,,0,587,587,FinalPage,ThankYou,2026-09-14 06:17:00.609096,1,,,1277.78,5,,0.0,M_exp_W_no,,,,,,,,,,,0,0,,,300,300,,,,,,,,,,,,,,,,,1,1,"7, 8",1,0.0,0.0,0.0,0.0,0.0,0,0,0,-1,1,2,0.0,0.0,1,0,400.0,200.0,72.5,150.0,75.0,170.0,Down,Up,55,50,70,50,55.8743961352657,52.10828025477707,58.87378640776699,50.91025641025641,3,99iosefo,,,,,0
11,zrywj9fx,,0,587,587,FinalPage,ThankYou,2026-09-14 06:17:00.638517,1,,,722.22,1,,0.0,M_exp_W_no,,,,,,,,,,,0,0,,,250,175,,,,,,,,,,,,,,,,,1,1,"7, 8",1,0.0,0.0,0.0,0.0,0.0,0,0,0,-1,1,3,0.0,0.0,0,1,275.0,170.0,65.0,180.0,200.0,75.0,Up,Down,70,80,100,50,55.8743961352657,52.10828025477707,58.87378640776699,50.91025641025641,3,99iosefo,,,,,0
12,i44g0thi,,0,587,587,FinalPage,ThankYou,2026-09-14 06:17:00.645494,1,,,1111.11,2,,0.0,M_exp_W_no,,,,,,,,,,,0,0,,,300,300,,,,,,,,,,,,,,,,,1,1,"7, 8",1,0.0,0.0,0.0,0.0,0.0,0,0,0,1,1,3,0.0,0.0,0,1,275.0,170.0,65.0,180.0,200.0,75.0,Up,Down,70,80,100,50,55.8743961352657,52.10828025477707,58.87378640776699,50.91025641025641,3,99iosefo,,,,,0
13,s9ryf5kv,,0,587,587,FinalPage,ThankYou,2026-09-14 06:17:00.652437,1,,,222.22,3,,0.0,M_exp_W_no,,,,,,,,,,,0,0,,,250,100,,,,,,,,,,,,,,,,,1,1,"7, 8",1,0.0,0.0,0.0,0.0,0.0,0,0,0,-1,-1,3,0.0,0.0,0,1,275.0,170.0,65.0,180.0,200.0,75.0,Up,Down,70,80,100,50,55.8743961352657,52.10828025477707,58.87378640776699,50.91025641025641,3,99iosefo,,,,,0
14,oe31za5u,,0,587,587,FinalPage,ThankYou,2026-09-14 06:17:00.679392,1,,,1166.67,4,,0.0,M_exp_W_no,,,,,,,,,,,0,0,,,295,170,,,,,,,,,,,,,,,,,1,1,"7, 8",1,0.0,0.0,0.0,0.0,0.0,0,0,0,1,0,3,0.0,0.0,0,1,275.0,170.0,65.0,180.0,200.0,75.0,Up,Down,70,80,100,50,55.8743961352657,52.10828025477707,58.87378640776699,50.91025641025641,3,99iosefo,,,,,0
15,v86y9zyn,,0,587,587,FinalPage,ThankYou,2026-09-14 06:17:00.686214,1,,,888.89,5,,0.0,M_exp_W_no,,,,,,,,,,,0,0,,,275,120,,,,,,,,,,,,,,,,,1,1,"7, 8",1,0.0,0.0,0.0,0.0,0.0,0,0,0,0,-1,3,0.0,0.0,0,1,275.0,170.0,65.0,180.0,200.0,75.0,Up,Down,70,80,100,50,55.8743961352657,52.10828025477707,58.87378640776699,50.91025641025641,3,99iosefo,,,,,0
16,3p6ks3hb,,0,587,587,FinalPage,ThankYou,2026-09-14 06:17:00.693437,1,,,722.22,1,,0.0,M_exp_W_no,,,,,,,,,,,0,0,,,451,149,,,,,,,,,,,,,,,,,1,1,"7, 8",1,0.0,0.0,0.0,0.0,0.0,0,0,0,1,-1,4,0.0,0.0,1,1,340.0,190.0,62.5,160.0,50.0,150.0,Down,Up,75,60,100,50,55.8743961352657,52.10828025477707,58.87378640776699,50.91025641025641,3,99iosefo,,,,,0
17,y5kgtmfb,,0,587,587,FinalPage,ThankYou,2026-09-14 06:17:00.700222,1,,,1000.0,2,,0.0,M_exp_W_no,,,,,,,,,,,0,0,,,340,190,,,,,,,,,,,,,,,,,1,1,"7, 8",1,0.0,0.0,0.0,0.0,0.0,0,0,0,0,-1,4,0.0,0.0,1,1,340.0,190.0,62.5,160.0,50.0,150.0,Down,Up,75,60,100,50,55.8743961352657,52.10828025477707,58.87378640776699,50.91025641025641,3,99iosefo,,,,,0
18,ebzeqzcf,,0,587,587,FinalPage,ThankYou,2026-09-14 06:17:00.708228,1,,,111.11,3,,0.0,M_exp_W_no,,,,,,,,,,,0,0,,,410,190,,,,,,,,,,,,,,,,,1,1,"7, 8",1,0.0,0.0,0.0,0.0,0.0,0,0,0,1,0,4,0.0,0.0,1,1,340.0,190.0,62.5,160.0,50.0,150.0,Down,Up,75,60,100,50,55.8743961352657,52.10828025477707,58.87378640776699,50.91025641025641,3,99iosefo,,,,,0
19,pb6d6kev,,0,587,587,FinalPage,ThankYou,2026-09-14 06:17:00.749218,1,,,777.78,4,,0.0,M_exp_W_no,,,,,,,,,,,0,0,,,300,250,,,,,,,,,,,,,,,,,1,1,"7, 8",1,0.0,0.0,0.0,0.0,0.0,0,0,0,-1,1,4,0.0,0.0,1,1,340.0,190.0,62.5,160.0,50.0,150.0,Down,Up,75,60,100,50,55.8743961352657,52.10828025477707,58.87378640776699,50.91025641025641,3,99iosefo,,,,,0
20,m8xnbw73,,0,587,587,FinalPage,ThankYou,2026-09-14 06:17:00.778695,1,,,1000.0,5,,0.0,M_exp_W_no,,,,,,,,,,,0,0,,,180,200,,,,,,,,,,,,,,,,,1,1,"7, 8",1,0.0,0.0,0.0,0.0,0.0,0,0,0,-1,1,4,0.0,0.0,1,1,340.0,190.0,62.5,160.0,50.0,150.0,Down,Up,75,60,100,50,55.8743961352657,52.10828025477707,58.87378640776699,50.91025641025641,3,99iosefo,,,,,0
21,an9ihpoe,,0,587,587,FinalPage,ThankYou,2026-09-14 06:17:00.785536,1,,,833.33,1,,0.0,M_exp_W_no,,,,,,,,,,,0,0,,,180,100,,,,,,,,,,,,,,,,,1,1,"7, 8",1,0.0,0.0,0.0,0.0,0.0,0,0,0,-1,-1,5,0.0,0.0,0,0,350.0,150.0,62.5,75.0,85.0,75.0,Down,Down,75,50,50,30,55.8743961352657,52.10828025477707,58.87378640776699,50.91025641025641,3,99iosefo,,,,,0
22,rbyuqaqn,,0,587,587,FinalPage,ThankYou,2026-09-14 06:17:00.797356,1,,,111.11,2,,0.0,M_exp_W_no,,,,,,,,,,,0,0,,,400,150,,,,,,,,,,,,,,,,,1,1,"7, 8",1,0.0,0.0,0.0,0.0,0.0,0,0,0,1,1,5,0.0,0.0,0,0,350.0,150.0,62.5,75.0,85.0,75.0,Down,Down,75,50,50,30,55.8743961352657,52.10828025477707,58.87378640776699,50.91025641025641,3,99iosefo,,,,,0
23,3pb269ab,,0,587,587,FinalPage,ThankYou,2026-09-14 06:17:01.139805,1,,,0.0,3,,0.0,M_exp_W_no,,,,,,,,,,,0,0,,,350,150,,,,,,,,,,,,,,,,,1,1,"7, 8",1,0.0,0.0,0.0,0.0,0.0,0,0,0,0,1,5,0.0,0.0,0,0,350.0,150.0,62.5,75.0,85.0,75.0,Down,Down,75,50,50,30,55.8743961352657,52.10828025477707,58.87378640776699,50.91025641025641,3,99iosefo,,,,,0
24,ewpd3m8q,,0,587,587,FinalPage,ThankYou,2026-09-14 06:17:01.323728,1,,,388.89,4,,0.0,M_exp_W_no,,,,,,,,,,,0,0,,,450,150,,,,,,,,,,,,,,,,,1,1,"7, 8",1,0.0,0.0,0.0,0.0,0.0,0,0,0,1,0,5,0.0,0.0,0,0,350.0,150.0,62.5,75.0,85.0,75.0,Down,Down,75,50,50,30,55.8743961352657,52.10828025477707,58.87378640776699,50.91025641025641,3,99iosefo,,,,,0
25,0tv7bd9u,,0,587,587,FinalPage,ThankYou,2026-09-14 06:17:01.359212,1,,,1277.78,5,,0.0,M_exp_W_no,,,,,,,,,,,0,0,,,160,112,,,,,,,,,,,,,,,,,1,1,"7, 8",1,0.0,0.0,0.0,0.0,0.0,0,0,0,-1,-1,5,0.0,0.0,0,0,350.0,150.0,62.5,75.0,85.0,75.0,Down,Down,75,50,50,30,55.8743961352657,52.10828025477707,58.87378640776699,50.91025641025641,3,99iosefo,,,,,0
1,cfn8fv6w,,0,587,587,FinalPage,ThankYou,2026-09-14 06:16:59.777071,1,,,611.11,1,,0.0,M_exp_W_no,,,,,,,,,,,0,0,,,175,100,,,,,,,,,,,,,,,,,1,1,"7, 8",1,0.0,0.0,0.0,0.0,0.0,0,0,0,1,1,1,0.0,0.0,0,1,150.0,50.0,150.0,140.0,150.0,200.0,Up,Up,50,40,50,100,55.8743961352657,52.10828025477707,58.87378640776699,50.91025641025641,4,99iosefo,,,,,0
2,a1q00v4p,,0,587,587,FinalPage,ThankYou,2026-09-14 06:16:59.895789,1,,,1388.89,2,,0.0,M_exp_W_no,,,,,,,,,,,0,0,,,75,50,,,,,,,,,,,,,,,,,1,1,"7, 8",1,0.0,0.0,0.0,0.0,0.0,0,0,0,-1,-1,1,0.0,0.0,0,1,150.0,50.0,150.0,140.0,150.0,200.0,Up,Up,50,40,50,100,55.8743961352657,52.10828025477707,58.87378640776699,50.91025641025641,4,99iosefo,,,,,0
3,rucumqi6,,0,587,587,FinalPage,ThankYou,2026-09-14 06:16:59.987057,1,,,1222.22,3,,0.0,M_exp_W_no,,,,,,,,,,,0,0,,,160,60,,,,,,,,,,,,,,,,,1,1,"7, 8",1,0.0,0.0,0.0,0.0,0.0,0,0,0,1,1,1,0.0,0.0,0,1,150.0,50.0,150.0,140.0,150.0,200.0,Up,Up,50,40,50,100,55.8743961352657,52.10828025477707,58.87378640776699,50.91025641025641,4,99iosefo,,,,,0
4,lbzqe7lh,,0,587,587,FinalPage,ThankYou,2026-09-14 06:17:00.402890,1,,,555.56,4,,0.0,M_exp_W_no,,,,,,,,,,,0,0,,,150,50,,,,,,,,,,,,,,,,,1,1,"7, 8",1,0.0,0.0,0.0,0.0,0.0,0,0,0,0,0,1,0.0,0.0,0,1,150.0,50.0,150.0,140.0,150.0,200.0,Up,Up,50,40,50,100,55.8743961352657,52.10828025477707,58.87378640776699,50.91025641025641,4,99iosefo,,,,,0
5,i42igenv,,0,587,587,FinalPage,ThankYou,2026-09-14 06:17:00.510083,1,,,944.44,5,,0.0,M_exp_W_no,,,,,,,,,,,0,0,,,100,30,,,,,,,,,,,,,,,,,1,1,"7, 8",1,0.0,0.0,0.0,0.0,0.0,0,0,0,-1,-1,1,0.0,0.0,0,1,150.0,50.0,150.0,140.0,150.0,200.0,Up,Up,50,40,50,100,55.8743961352657,52.10828025477707,58.87378640776699,50.91025641025641,4,99iosefo,,,,,0
6,2nkc141x,,0,587,587,FinalPage,ThankYou,2026-09-14 06:17:00.564137,1,,,722.22,1,,0.0,M_exp_W_no,,,,,,,,,,,0,0,,,350,150,,,,,,,,,,,,,,,,,1,1,"7, 8",1,0.0,0.0,0.0,0.0,0.0,0,0,0,-1,-1,2,0.0,0.0,1,0,350.0,200.0,72.5,150.0,75.0,170.0,Down,Up,55,50,70,50,55.8743961352657,52.10828025477707,58.87378640776699,50.91025641025641,4,99iosefo,,,,,0
7,oqud1wxk,,0,587,587,FinalPage,ThankYou,2026-09-14 06:17:00.583781,1,,,500.0,2,,0.0,M_exp_W_no,,,,,,,,,,,0,0,,,350,250,,,,,,,,,,,,,,,,,1,1,"7, 8",1,0.0,0.0,0.0,0.0,0.0,0,0,0,0,1,2,0.0,0.0,1,0,350.0,200.0,72.5,150.0,75.0,170.0,Down,Up,55,50,70,50,55.8743961352657,52.10828025477707,58.87378640776699,50.91025641025641,4,99iosefo,,,,,0
8,a6q31ex7,,0,587,587,FinalPage,ThankYou,2026-09-14 06:17:00.593150,1,,,555.56,3,,0.0,M_exp_W_no,,,,,,,,,,,0,0,,,450,150,,,,,,,,,,,,,,,,,1,1,"7, 8",1,0.0,0.0,0.0,0.0,0.0,0,0,0,1,-1,2,0.0,0.0,1,0,350.0,200.0,72.5,150.0,75.0,170.0,Down,Up,55,50,70,50,55.8743961352657,52.10828025477707,58.87378640776699,50.91025641025641,4,99iosefo,,,,,0
9,o60mnzij,,0,587,587,FinalPage,ThankYou,2026-09-14 06:17:00.600802,1,,,277.78,4,,0.0,M_exp_W_no,,,,,,,,,,,0,0,,,400,200,,,,,,,,,,,,,,,,,1,1,"7, 8",1,0.0,0.0,0.0,0.0,0.0,0,0,0,1,0,2,0.0,0.0,1,0,350.0,200.0,72.5,150.0,75.0,170.0,Down,Up,55,50,70,50,55.8743961352657,52.10828025477707,58.87378640776699,50.91025641025641,4,99iosefo,,,,,0
10,bnt5i99k,,0,587,587,FinalPage,ThankYou,2026-09-14 06:17:00.609096,1,,,1277.78,5,,0.0,M_exp_W_no,,,,,,,,,,,0,0,,,300,300,,,,,,,,,,,,,,,,,1,1,"7, 8",1,0.0,0.0,0.0,0.0,0.0,0,0,0,-1,1,2,0.0,0.0,1,0,350.0,200.0,72.5,150.0,75.0,170.0,Down,Up,55,50,70,50,55.8743961352657,52.10828025477707,58.87378640776699,50.91025641025641,4,99iosefo,,,,,0
11,zrywj9fx,,0,587,587,FinalPage,ThankYou,2026-09-14 06:17:00.638517,1,,,722.22,1,,0.0,M_exp_W_no,,,,,,,,,,,0,0,,,270,175,,,,,,,,,,,,,,,,,1,1,"7, 8",1,0.0,0.0,0.0,0.0,0.0,0,0,0,0,1,3,0.0,0.0,0,1,270.0,150.0,65.0,180.0,200.0,75.0,Up,Down,70,80,100,50,55.8743961352657,52.10828025477707,58.87378640776699,50.91025641025641,4,99iosefo,,,,,0
12,i44g0thi,,0,587,587,FinalPage,ThankYou,2026-09-14 06:17:00.645494,1,,,1111.11,2,,0.0,M_exp_W_no,,,,,,,,,,,0,0,,,400,140,,,,,,,,,,,,,,,,,1,1,"7, 8",1,0.0,0.0,0.0,0.0,0.0,0,0,0,1,-1,3,0.0,0.0,0,1,270.0,150.0,65.0,180.0,200.0,75.0,Up,Down,70,80,100,50,55.8743961352657,52.10828025477707,58.87378640776699,50.91025641025641,4,99iosefo,,,,,0
13,s9ryf5kv,,0,587,587,FinalPage,ThankYou,2026-09-14 06:17:00.652437,1,,,222.22,3,,0.0,M_exp_W_no,,,,,,,,,,,0,0,,,270,150,,,,,,,,,,,,,,,,,1,1,"7, 8",1,0.0,0.0,0.0,0.0,0.0,0,0,0,-1,0,3,0.0,0.0,0,1,270.0,150.0,65.0,180.0,200.0,75.0,Up,Down,70,80,100,50,55.8743961352657,52.10828025477707,58.87378640776699,50.91025641025641,4,99iosefo,,,,,0
14,oe31za5u,,0,587,587,FinalPage,ThankYou,2026-09-14 06:17:00.679392,1,,,1166.67,4,,0.0,M_exp_W_no,,,,,,,,,,,0,0,,,290,160,,,,,,,,,,,,,,,,,1,1,"7, 8",1,0.0,0.0,0.0,0.0,0.0,0,0,0,1,1,3,0.0,0.0,0,1,270.0,150.0,65.0,180.0,200.0,75.0,Up,Down,70,80,100,50,55.8743961352657,52.10828025477707,58.87378640776699,50.91025641025641,4,99iosefo,,,,,0
15,v86y9zyn,,0,587,587,FinalPage,ThankYou,2026-09-14 06:17:00.686214,1,,,888.89,5,,0.0,M_exp_W_no,,,,,,,,,,,0,0,,,250,100,,,,,,,,,,,,,,,,,1,1,"7, 8",1,0.0,0.0,0.0,0.0,0.0,0,0,0,-1,-1,3,0.0,0.0,0,1,270.0,150.0,65.0,180.0,200.0,75.0,Up,Down,70,80,100,50,55.8743961352657,52.10828025477707,58.87378640776699,50.91025641025641,4,99iosefo,,,,,0
16,3p6ks3hb,,0,587,587,FinalPage,ThankYou,2026-09-14 06:17:00.693437,1,,,722.22,1,,0.0,M_exp_W_no,,,,,,,,,,,0,0,,,411,189,,,,,,,,,,,,,,,,,1,1,"7, 8",1,0.0,0.0,0.0,0.0,0.0,0,0,0,1,1,4,0.0,0.0,1,1,370.0,150.0,62.5,160.0,50.0,150.0,Down,Up,75,60,100,50,55.8743961352657,52.10828025477707,58.87378640776699,50.91025641025641,4,99iosefo,,,,,0
17,y5kgtmfb,,0,587,587,FinalPage,ThankYou,2026-09-14 06:17:00.700222,1,,,1000.0,2,,0.0,M_exp_W_no,,,,,,,,,,,0,0,,,300,150,,,,,,,,,,,,,,,,,1,1,"7, 8",1,0.0,0.0,0.0,0.0,0.0,0,0,0,-1,0,4,0.0,0.0,1,1,370.0,150.0,62.5,160.0,50.0,150.0,Down,Up,75,60,100,50,55.8743961352657,52.10828025477707,58.87378640776699,50.91025641025641,4,99iosefo,,,,,0
18,ebzeqzcf,,0,587,587,FinalPage,ThankYou,2026-09-14 06:17:00.708228,1,,,111.11,3,,0.0,M_exp_W_no,,,,,,,,,,,0,0,,,370,150,,,,,,,,,,,,,,,,,1,1,"7, 8",1,0.0,0.0,0.0,0.0,0.0,0,0,0,0,-1,4,0.0,0.0,1,1,370.0,150.0,62.5,160.0,50.0,150.0,Down,Up,75,60,100,50,55.8743961352657,52.10828025477707,58.87378640776699,50.91025641025641,4,99iosefo,,,,,0
19,pb6d6kev,,0,587,587,FinalPage,ThankYou,2026-09-14 06:17:00.749218,1,,,777.78,4,,0.0,M_exp_W_no,,,,,,,,,,,0,0,,,400,198,,,,,,,,,,,,,,,,,1,1,"7, 8",1,0.0,0.0,0.0,0.0,0.0,0,0,0,1,1,4,0.0,0.0,1,1,370.0,150.0,62.5,160.0,50.0,150.0,Down,Up,75,60,100,50,55.8743961352657,52.10828025477707,58.87378640776699,50.91025641025641,4,99iosefo,,,,,0
20,m8xnbw73,,0,587,587,FinalPage,ThankYou,2026-09-14 06:17:00.778695,1,,,1000.0,5,,0.0,M_exp_W_no,,,,,,,,,,,0,0,,,300,100,,,,,,,,,,,,,,,,,1,1,"7, 8",1,0.0,0.0,0.0,0.0,0.0,0,0,0,-1,-1,4,0.0,0.0,1,1,370.0,150.0,62.5,160.0,50.0,150.0,Down,Up,75,60,100,50,55.8743961352657,52.10828025477707,58.87378640776699,50.91025641025641,4,99iosefo,,,,,0
21,an9ihpoe,,0,587,587,FinalPage,ThankYou,2026-09-14 06:17:00.785536,1,,,833.33,1,,0.0,M_exp_W_no,,,,,,,,,,,0,0,,,280,180,,,,,,,,,,,,,,,,,1,1,"7, 8",1,0.0,0.0,0.0,0.0,0.0,0,0,0,-1,1,5,0.0,0.0,0,0,380.0,150.0,62.5,75.0,85.0,75.0,Down,Down,75,50,50,30,55.8743961352657,52.10828025477707,58.87378640776699,50.91025641025641,4,99iosefo,,,,,0
22,rbyuqaqn,,0,587,587,FinalPage,ThankYou,2026-09-14 06:17:00.797356,1,,,111.11,2,,0.0,M_exp_W_no,,,,,,,,,,,0,0,,,380,150,,,,,,,,,,,,,,,,,1,1,"7, 8",1,0.0,0.0,0.0,0.0,0.0,0,0,0,0,0,5,0.0,0.0,0,0,380.0,150.0,62.5,75.0,85.0,75.0,Down,Down,75,50,50,30,55.8743961352657,52.10828025477707,58.87378640776699,50.91025641025641,4,99iosefo,,,,,0
23,3pb269ab,,0,587,587,FinalPage,ThankYou,2026-09-14 06:17:01.139805,1,,,0.0,3,,0.0,M_exp_W_no,,,,,,,,,,,0,0,,,385,185,,,,,,,,,,,,,,,,,1,1,"7, 8",1,0.0,0.0,0.0,0.0,0.0,0,0,0,1,1,5,0.0,0.0,0,0,380.0,150.0,62.5,75.0,85.0,75.0,Down,Down,75,50,50,30,55.8743961352657,52.10828025477707,58.87378640776699,50.91025641025641,4,99iosefo,,,,,0
24,ewpd3m8q,,0,587,587,FinalPage,ThankYou,2026-09-14 06:17:01.323728,1,,,388.89,4,,0.0,M_exp_W_no,,,,,,,,,,,0,0,,,450,150,,,,,,,,,,,,,,,,,1,1,"7, 8",1,0.0,0.0,0.0,0.0,0.0,0,0,0,1,-1,5,0.0,0.0,0,0,380.0,150.0,62.5,75.0,85.0,75.0,Down,Down,75,50,50,30,55.8743961352657,52.10828025477707,58.87378640776699,50.91025641025641,4,99iosefo,,,,,0
25,0tv7bd9u,,0,587,587,FinalPage,ThankYou,2026-09-14 06:17:01.359212,1,,,1277.78,5,,0.0,M_exp_W_no,,,,,,,,,,,0,0,,,120,113,,,,,,,,,,,,,,,,,1,1,"7, 8",1,0.0,0.0,0.0,0.0,0.0,0,0,0,-1,-1,5,0.0,0.0,0,0,380.0,150.0,62.5,75.0,85.0,75.0,Down,Down,75,50,50,30,55.8743961352657,52.10828025477707,58.87378640776699,50.91025641025641,4,99iosefo,,,,,0
1,cfn8fv6w,,0,587,587,FinalPage,ThankYou,2026-09-14 06:16:59.777071,1,,,611.11,1,,0.0,M_exp_W_no,,,,,,,,,,,0,0,,,100,20,,,,,,,,,,,,,,,,,1,1,"7, 8",1,0.0,0.0,0.0,0.0,0.0,0,0,0,-1,-1,1,0.0,0.0,0,1,100.0,50.0,150.0,140.0,150.0,200.0,Up,Up,50,40,50,100,55.8743961352657,52.10828025477707,58.87378640776699,50.91025641025641,5,99iosefo,,,,,0
2,a1q00v4p,,0,587,587,FinalPage,ThankYou,2026-09-14 06:16:59.895789,1,,,1388.89,2,,0.0,M_exp_W_no,,,,,,,,,,,0,0,,,75,50,,,,,,,,,,,,,,,,,1,1,"7, 8",1,0.0,0.0,0.0,0.0,0.0,0,0,0,-1,1,1,0.0,0.0,0,1,100.0,50.0,150.0,140.0,150.0,200.0,Up,Up,50,40,50,100,55.8743961352657,52.10828025477707,58.87378640776699,50.91025641025641,5,99iosefo,,,,,0
3,rucumqi6,,0,587,587,FinalPage,ThankYou,2026-09-14 06:16:59.987057,1,,,1222.22,3,,0.0,M_exp_W_no,,,,,,,,,,,0,0,,,125,25,,,,,,,,,,,,,,,,,1,1,"7, 8",1,0.0,0.0,0.0,0.0,0.0,0,0,0,1,-1,1,0.0,0.0,0,1,100.0,50.0,150.0,140.0,150.0,200.0,Up,Up,50,40,50,100,55.8743961352657,52.10828025477707,58.87378640776699,50.91025641025641,5,99iosefo,,,,,0
4,lbzqe7lh,,0,587,587,FinalPage,ThankYou,2026-09-14 06:17:00.402890,1,,,555.56,4,,0.0,M_exp_W_no,,,,,,,,,,,0,0,,,100,50,,,,,,,,,,,,,,,,,1,1,"7, 8",1,0.0,0.0,0.0,0.0,0.0,0,0,0,0,1,1,0.0,0.0,0,1,100.0,50.0,150.0,140.0,150.0,200.0,Up,Up,50,40,50,100,55.8743961352657,52.10828025477707,58.87378640776699,50.91025641025641,5,99iosefo,,,,,0
5,i42igenv,,0,587,587,FinalPage,ThankYou,2026-09-14 06:17:00.510083,1,,,944.44,5,,0.0,M_exp_W_no,,,,,,,,,,,0,0,,,120,50,,,,,,,,,,,,,,,,,1,1,"7, 8",1,0.0,0.0,0.0,0.0,0.0,0,0,0,1,0,1,0.0,0.0,0,1,100.0,50.0,150.0,140.0,150.0,200.0,Up,Up,50,40,50,100,55.8743961352657,52.10828025477707,58.87378640776699,50.91025641025641,5,99iosefo,,,,,0
6,2nkc141x,,0,587,587,FinalPage,ThankYou,2026-09-14 06:17:00.564137,1,,,722.22,1,,0.0,M_exp_W_no,,,,,,,,,,,0,0,,,350,150,,,,,,,,,,,,,,,,,1,1,"7, 8",1,0.0,0.0,0.0,0.0,0.0,0,0,0,1,-1,2,0.0,0.0,1,0,200.0,400.0,72.5,150.0,75.0,170.0,Down,Up,55,50,70,50,55.8743961352657,52.10828025477707,58.87378640776699,50.91025641025641,5,99iosefo,,,,,0
7,oqud1wxk,,0,587,587,FinalPage,ThankYou,2026-09-14 06:17:00.583781,1,,,500.0,2,,0.0,M_exp_W_no,,,,,,,,,,,0,0,,,400,200,,,,,,,,,,,,,,,,,1,1,"7, 8",1,0.0,0.0,0.0,0.0,0.0,0,0,0,1,-1,2,0.0,0.0,1,0,200.0,400.0,72.5,150.0,75.0,170.0,Down,Up,55,50,70,50,55.8743961352657,52.10828025477707,58.87378640776699,50.91025641025641,5,99iosefo,,,,,0
8,a6q31ex7,,0,587,587,FinalPage,ThankYou,2026-09-14 06:17:00.593150,1,,,555.56,3,,0.0,M_exp_W_no,,,,,,,,,,,0,0,,,200,400,,,,,,,,,,,,,,,,,1,1,"7, 8",1,0.0,0.0,0.0,0.0,0.0,0,0,0,0,1,2,0.0,0.0,1,0,200.0,400.0,72.5,150.0,75.0,170.0,Down,Up,55,50,70,50,55.8743961352657,52.10828025477707,58.87378640776699,50.91025641025641,5,99iosefo,,,,,0
9,o60mnzij,,0,587,587,FinalPage,ThankYou,2026-09-14 06:17:00.600802,1,,,277.78,4,,0.0,M_exp_W_no,,,,,,,,,,,0,0,,,200,400,,,,,,,,,,,,,,,,,1,1,"7, 8",1,0.0,0.0,0.0,0.0,0.0,0,0,0,-1,1,2,0.0,0.0,1,0,200.0,400.0,72.5,150.0,75.0,170.0,Down,Up,55,50,70,50,55.8743961352657,52.10828025477707,58.87378640776699,50.91025641025641,5,99iosefo,,,,,0
10,bnt5i99k,,0,587,587,FinalPage,ThankYou,2026-09-14 06:17:00.609096,1,,,1277.78,5,,0.0,M_exp_W_no,,,,,,,,,,,0,0,,,200,400,,,,,,,,,,,,,,,,,1,1,"7, 8",1,0.0,0.0,0.0,0.0,0.0,0,0,0,-1,0,2,0.0,0.0,1,0,200.0,400.0,72.5,150.0,75.0,170.0,Down,Up,55,50,70,50,55.8743961352657,52.10828025477707,58.87378640776699,50.91025641025641,5,99iosefo,,,,,0
11,zrywj9fx,,0,587,587,FinalPage,ThankYou,2026-09-14 06:17:00.638517,1,,,722.22,1,,0.0,M_exp_W_no,,,,,,,,,,,0,0,,,265,150,,,,,,,,,,,,,,,,,1,1,"7, 8",1,0.0,0.0,0.0,0.0,0.0,0,0,0,-1,1,3,0.0,0.0,0,1,270.0,145.0,65.0,180.0,200.0,75.0,Up,Down,70,80,100,50,55.8743961352657,52.10828025477707,58.87378640776699,50.91025641025641,5,99iosefo,,,,,0
12,i44g0thi,,0,587,587,FinalPage,ThankYou,2026-09-14 06:17:00.645494,1,,,1111.11,2,,0.0,M_exp_W_no,,,,,,,,,,,0,0,,,320,140,,,,,,,,,,,,,,,,,1,1,"7, 8",1,0.0,0.0,0.0,0.0,0.0,0,0,0,1,-1,3,0.0,0.0,0,1,270.0,145.0,65.0,180.0,200.0,75.0,Up,Down,70,80,100,50,55.8743961352657,52.10828025477707,58.87378640776699,50.91025641025641,5,99iosefo,,,,,0
13,s9ryf5kv,,0,587,587,FinalPage,ThankYou,2026-09-14 06:17:00.652437,1,,,222.22,3,,0.0,M_exp_W_no,,,,,,,,,,,0,0,,,265,145,,,,,,,,,,,,,,,,,1,1,"7, 8",1,0.0,0.0,0.0,0.0,0.0,0,0,0,-1,0,3,0.0,0.0,0,1,270.0,145.0,65.0,180.0,200.0,75.0,Up,Down,70,80,100,50,55.8743961352657,52.10828025477707,58.87378640776699,50.91025641025641,5,99iosefo,,,,,0
14,oe31za5u,,0,587,587,FinalPage,ThankYou,2026-09-14 06:17:00.679392,1,,,1166.67,4,,0.0,M_exp_W_no,,,,,,,,,,,0,0,,,280,200,,,,,,,,,,,,,,,,,1,1,"7, 8",1,0.0,0.0,0.0,0.0,0.0,0,0,0,1,1,3,0.0,0.0,0,1,270.0,145.0,65.0,180.0,200.0,75.0,Up,Down,70,80,100,50,55.8743961352657,52.10828025477707,58.87378640776699,50.91025641025641,5,99iosefo,,,,,0
15,v86y9zyn,,0,587,587,FinalPage,ThankYou,2026-09-14 06:17:00.686214,1,,,888.89,5,,0.0,M_exp_W_no,,,,,,,,,,,0,0,,,270,140,,,,,,,,,,,,,,,,,1,1,"7, 8",1,0.0,0.0,0.0,0.0,0.0,0,0,0,0,-1,3,0.0,0.0,0,1,270.0,145.0,65.0,180.0,200.0,75.0,Up,Down,70,80,100,50,55.8743961352657,52.10828025477707,58.87378640776699,50.91025641025641,5,99iosefo,,,,,0
16,3p6ks3hb,,0,587,587,FinalPage,ThankYou,2026-09-14 06:17:00.693437,1,,,722.22,1,,0.0,M_exp_W_no,,,,,,,,,,,0,0,,,399,201,,,,,,,,,,,,,,,,,1,1,"7, 8",1,0.0,0.0,0.0,0.0,0.0,0,0,0,0,1,4,0.0,0.0,1,1,399.0,149.0,62.5,160.0,50.0,150.0,Down,Up,75,60,100,50,55.8743961352657,52.10828025477707,58.87378640776699,50.91025641025641,5,99iosefo,,,,,0
17,y5kgtmfb,,0,587,587,FinalPage,ThankYou,2026-09-14 06:17:00.700222,1,,,1000.0,2,,0.0,M_exp_W_no,,,,,,,,,,,0,0,,,340,140,,,,,,,,,,,,,,,,,1,1,"7, 8",1,0.0,0.0,0.0,0.0,0.0,0,0,0,-1,-1,4,0.0,0.0,1,1,399.0,149.0,62.5,160.0,50.0,150.0,Down,Up,75,60,100,50,55.8743961352657,52.10828025477707,58.87378640776699,50.91025641025641,5,99iosefo,,,,,0
18,ebzeqzcf,,0,587,587,FinalPage,ThankYou,2026-09-14 06:17:00.708228,1,,,111.11,3,,0.0,M_exp_W_no,,,,,,,,,,,0,0,,,400,150,,,,,,,,,,,,,,,,,1,1,"7, 8",1,0.0,0.0,0.0,0.0,0.0,0,0,0,1,1,4,0.0,0.0,1,1,399.0,149.0,62.5,160.0,50.0,150.0,Down,Up,75,60,100,50,55.8743961352657,52.10828025477707,58.87378640776699,50.91025641025641,5,99iosefo,,,,,0
19,pb6d6kev,,0,587,587,FinalPage,ThankYou,2026-09-14 06:17:00.749218,1,,,777.78,4,,0.0,M_exp_W_no,,,,,,,,,,,0,0,,,348,149,,,,,,,,,,,,,,,,,1,1,"7, 8",1,0.0,0.0,0.0,0.0,0.0,0,0,0,-1,0,4,0.0,0.0,1,1,399.0,149.0,62.5,160.0,50.0,150.0,Down,Up,75,60,100,50,55.8743961352657,52.10828025477707,58.87378640776699,50.91025641025641,5,99iosefo,,,,,0
20,m8xnbw73,,0,587,587,FinalPage,ThankYou,2026-09-14 06:17:00.778695,1,,,1000.0,5,,0.0,M_exp_W_no,,,,,,,,,,,0,0,,,400,50,,,,,,,,,,,,,,,,,1,1,"7, 8",1,0.0,0.0,0.0,0.0,0.0,0,0,0,1,-1,4,0.0,0.0,1,1,399.0,149.0,62.5,160.0,50.0,150.0,Down,Up,75,60,100,50,55.8743961352657,52.10828025477707,58.87378640776699,50.91025641025641,5,99iosefo,,,,,0
21,an9ihpoe,,0,587,587,FinalPage,ThankYou,2026-09-14 06:17:00.785536,1,,,833.33,1,,0.0,M_exp_W_no,,,,,,,,,,,0,0,,,350,160,,,,,,,,,,,,,,,,,1,1,"7, 8",1,0.0,0.0,0.0,0.0,0.0,0,0,0,-1,1,5,0.0,0.0,0,0,400.0,150.0,62.5,75.0,85.0,75.0,Down,Down,75,50,50,30,55.8743961352657,52.10828025477707,58.87378640776699,50.91025641025641,5,99iosefo,,,,,0
22,rbyuqaqn,,0,587,587,FinalPage,ThankYou,2026-09-14 06:17:00.797356,1,,,111.11,2,,0.0,M_exp_W_no,,,,,,,,,,,0,0,,,450,150,,,,,,,,,,,,,,,,,1,1,"7, 8",1,0.0,0.0,0.0,0.0,0.0,0,0,0,1,-1,5,0.0,0.0,0,0,400.0,150.0,62.5,75.0,85.0,75.0,Down,Down,75,50,50,30,55.8743961352657,52.10828025477707,58.87378640776699,50.91025641025641,5,99iosefo,,,,,0
23,3pb269ab,,0,587,587,FinalPage,ThankYou,2026-09-14 06:17:01.139805,1,,,0.0,3,,0.0,M_exp_W_no,,,,,,,,,,,0,0,,,400,160,,,,,,,,,,,,,,,,,1,1,"7, 8",1,0.0,0.0,0.0,0.0,0.0,0,0,0,0,1,5,0.0,0.0,0,0,400.0,150.0,62.5,75.0,85.0,75.0,Down,Down,75,50,50,30,55.8743961352657,52.10828025477707,58.87378640776699,50.91025641025641,5,99iosefo,,,,,0
24,ewpd3m8q,,0,587,587,FinalPage,ThankYou,2026-09-14 06:17:01.323728,1,,,388.89,4,,0.0,M_exp_W_no,,,,,,,,,,,0,0,,,450,150,,,,,,,,,,,,,,,,,1,1,"7, 8",1,0.0,0.0,0.0,0.0,0.0,0,0,0,1,0,5,0.0,0.0,0,0,400.0,150.0,62.5,75.0,85.0,75.0,Down,Down,75,50,50,30,55.8743961352657,52.10828025477707,58.87378640776699,50.91025641025641,5,99iosefo,,,,,0
25,0tv7bd9u,,0,587,587,FinalPage,ThankYou,2026-09-14 06:17:01.359212,1,,,1277.78,5,,0.0,M_exp_W_no,,,,,,,,,,,0,0,,,130,114,,,,,,,,,,,,,,,,,1,1,"7, 8",1,0.0,0.0,0.0,0.0,0.0,0,0,0,-1,-1,5,0.0,0.0,0,0,400.0,150.0,62.5,75.0,85.0,75.0,Down,Down,75,50,50,30,55.8743961352657,52.10828025477707,58.87378640776699,50.91025641025641,5,99iosefo,,,,,0
1,cfn8fv6w,,0,587,587,FinalPage,ThankYou,2026-09-14 06:16:59.777071,1,,,611.11,1,,0.0,M_exp_W_no,,,,,,,,,,,0,0,,,75,40,,,,,,,,,,,,,,,,,1,1,"7, 8",1,0.0,0.0,0.0,0.0,0.0,0,0,0,0,1,1,0.0,0.0,0,1,75.0,30.0,150.0,140.0,150.0,200.0,Up,Up,50,40,50,100,55.8743961352657,52.10828025477707,58.87378640776699,50.91025641025641,6,99iosefo,,,,,0
2,a1q00v4p,,0,587,587,FinalPage,ThankYou,2026-09-14 06:16:59.895789,1,,,1388.89,2,,0.0,M_exp_W_no,,,,,,,,,,,0,0,,,50,25,,,,,,,,,,,,,,,,,1,1,"7, 8",1,0.0,0.0,0.0,0.0,0.0,0,0,0,-1,-1,1,0.0,0.0,0,1,75.0,30.0,150.0,140.0,150.0,200.0,Up,Up,50,40,50,100,55.8743961352657,52.10828025477707,58.87378640776699,50.91025641025641,6,99iosefo,,,,,0
3,rucumqi6,,0,587,587,FinalPage,ThankYou,2026-09-14 06:16:59.987057,1,,,1222.22,3,,0.0,M_exp_W_no,,,,,,,,,,,0,0,,,89,25,,,,,,,,,,,,,,,,,1,1,"7, 8",1,0.0,0.0,0.0,0.0,0.0,0,0,0,1,-1,1,0.0,0.0,0,1,75.0,30.0,150.0,140.0,150.0,200.0,Up,Up,50,40,50,100,55.8743961352657,52.10828025477707,58.87378640776699,50.91025641025641,6,99iosefo,,,,,0
4,lbzqe7lh,,0,587,587,FinalPage,ThankYou,2026-09-14 06:17:00.402890,1,,,555.56,4,,0.0,M_exp_W_no,,,,,,,,,,,0,0,,,44,30,,,,,,,,,,,,,,,,,1,1,"7, 8",1,0.0,0.0,0.0,0.0,0.0,0,0,0,-1,0,1,0.0,0.0,0,1,75.0,30.0,150.0,140.0,150.0,200.0,Up,Up,50,40,50,100,55.8743961352657,52.10828025477707,58.87378640776699,50.91025641025641,6,99iosefo,,,,,0
5,i42igenv,,0,587,587,FinalPage,ThankYou,2026-09-14 06:17:00.510083,1,,,944.44,5,,0.0,M_exp_W_no,,,,,,,,,,,0,0,,,115,50,,,,,,,,,,,,,,,,,1,1,"7, 8",1,0.0,0.0,0.0,0.0,0.0,0,0,0,1,1,1,0.0,0.0,0,1,75.0,30.0,150.0,140.0,150.0,200.0,Up,Up,50,40,50,100,55.8743961352657,52.10828025477707,58.87378640776699,50.91025641025641,6,99iosefo,,,,,0
6,2nkc141x,,0,587,587,FinalPage,ThankYou,2026-09-14 06:17:00.564137,1,,,722.22,1,,0.0,M_exp_W_no,,,,,,,,,,,0,0,,,300,300,,,,,,,,,,,,,,,,,1,1,"7, 8",1,0.0,0.0,0.0,0.0,0.0,0,0,0,0,-1,2,0.0,0.0,1,0,300.0,300.0,72.5,150.0,75.0,170.0,Down,Up,55,50,70,50,55.8743961352657,52.10828025477707,58.87378640776699,50.91025641025641,6,99iosefo,,,,,0
7,oqud1wxk,,0,587,587,FinalPage,ThankYou,2026-09-14 06:17:00.583781,1,,,500.0,2,,0.0,M_exp_W_no,,,,,,,,,,,0,0,,,175,425,,,,,,,,,,,,,,,,,1,1,"7, 8",1,0.0,0.0,0.0,0.0,0.0,0,0,0,-1,1,2,0.0,0.0,1,0,300.0,300.0,72.5,150.0,75.0,170.0,Down,Up,55,50,70,50,55.8743961352657,52.10828025477707,58.87378640776699,50.91025641025641,6,99iosefo,,,,,0
8,a6q31ex7,,0,587,587,FinalPage,ThankYou,2026-09-14 06:17:00.593150,1,,,555.56,3,,0.0,M_exp_W_no,,,,,,,,,,,0,0,,,300,300,,,,,,,,,,,,,,,,,1,1,"7, 8",1,0.0,0.0,0.0,0.0,0.0,0,0,0,1,0,2,0.0,0.0,1,0,300.0,300.0,72.5,150.0,75.0,170.0,Down,Up,55,50,70,50,55.8743961352657,52.10828025477707,58.87378640776699,50.91025641025641,6,99iosefo,,,,,0
9,o60mnzij,,0,587,587,FinalPage,ThankYou,2026-09-14 06:17:00.600802,1,,,277.78,4,,0.0,M_exp_W_no,,,,,,,,,,,0,0,,,450,150,,,,,,,,,,,,,,,,,1,1,"7, 8",1,0.0,0.0,0.0,0.0,0.0,0,0,0,1,-1,2,0.0,0.0,1,0,300.0,300.0,72.5,150.0,75.0,170.0,Down,Up,55,50,70,50,55.8743961352657,52.10828025477707,58.87378640776699,50.91025641025641,6,99iosefo,,,,,0
10,bnt5i99k,,0,587,587,FinalPage,ThankYou,2026-09-14 06:17:00.609096,1,,,1277.78,5,,0.0,M_exp_W_no,,,,,,,,,,,0,0,,,1,599,,,,,,,,,,,,,,,,,1,1,"7, 8",1,0.0,0.0,0.0,0.0,0.0,0,0,0,-1,1,2,0.0,0.0,1,0,300.0,300.0,72.5,150.0,75.0,170.0,Down,Up,55,50,70,50,55.8743961352657,52.10828025477707,58.87378640776699,50.91025641025641,6,99iosefo,,,,,0
11,zrywj9fx,,0,587,587,FinalPage,ThankYou,2026-09-14 06:17:00.638517,1,,,722.22,1,,0.0,M_exp_W_no,,,,,,,,,,,0,0,,,266,150,,,,,,,,,,,,,,,,,1,1,"7, 8",1,0.0,0.0,0.0,0.0,0.0,0,0,0,1,0,3,0.0,0.0,0,1,265.0,150.0,65.0,180.0,200.0,75.0,Up,Down,70,80,100,50,55.8743961352657,52.10828025477707,58.87378640776699,50.91025641025641,6,99iosefo,,,,,0
12,i44g0thi,,0,587,587,FinalPage,ThankYou,2026-09-14 06:17:00.645494,1,,,1111.11,2,,0.0,M_exp_W_no,,,,,,,,,,,0,0,,,250,170,,,,,,,,,,,,,,,,,1,1,"7, 8",1,0.0,0.0,0.0,0.0,0.0,0,0,0,-1,1,3,0.0,0.0,0,1,265.0,150.0,65.0,180.0,200.0,75.0,Up,Down,70,80,100,50,55.8743961352657,52.10828025477707,58.87378640776699,50.91025641025641,6,99iosefo,,,,,0
13,s9ryf5kv,,0,587,587,FinalPage,ThankYou,2026-09-14 06:17:00.652437,1,,,222.22,3,,0.0,M_exp_W_no,,,,,,,,,,,0,0,,,265,130,,,,,,,,,,,,,,,,,1,1,"7, 8",1,0.0,0.0,0.0,0.0,0.0,0,0,0,0,-1,3,0.0,0.0,0,1,265.0,150.0,65.0,180.0,200.0,75.0,Up,Down,70,80,100,50,55.8743961352657,52.10828025477707,58.87378640776699,50.91025641025641,6,99iosefo,,,,,0
14,oe31za5u,,0,587,587,FinalPage,ThankYou,2026-09-14 06:17:00.679392,1,,,1166.67,4,,0.0,M_exp_W_no,,,,,,,,,,,0,0,,,250,150,,,,,,,,,,,,,,,,,1,1,"7, 8",1,0.0,0.0,0.0,0.0,0.0,0,0,0,-1,-1,3,0.0,0.0,0,1,265.0,150.0,65.0,180.0,200.0,75.0,Up,Down,70,80,100,50,55.8743961352657,52.10828025477707,58.87378640776699,50.91025641025641,6,99iosefo,,,,,0
15,v86y9zyn,,0,587,587,FinalPage,ThankYou,2026-09-14 06:17:00.686214,1,,,888.89,5,,0.0,M_exp_W_no,,,,,,,,,,,0,0,,,300,200,,,,,,,,,,,,,,,,,1,1,"7, 8",1,0.0,0.0,0.0,0.0,0.0,0,0,0,1,1,3,0.0,0.0,0,1,265.0,150.0,65.0,180.0,200.0,75.0,Up,Down,70,80,100,50,55.8743961352657,52.10828025477707,58.87378640776699,50.91025641025641,6,99iosefo,,,,,0
16,3p6ks3hb,,0,587,587,FinalPage,ThankYou,2026-09-14 06:17:00.693437,1,,,722.22,1,,0.0,M_exp_W_no,,,,,,,,,,,0,0,,,451,149,,,,,,,,,,,,,,,,,1,1,"7, 8",1,0.0,0.0,0.0,0.0,0.0,0,0,0,1,0,4,0.0,0.0,1,1,348.0,149.0,62.5,160.0,50.0,150.0,Down,Up,75,60,100,50,55.8743961352657,52.10828025477707,58.87378640776699,50.91025641025641,6,99iosefo,,,,,0
17,y5kgtmfb,,0,587,587,FinalPage,ThankYou,2026-09-14 06:17:00.700222,1,,,1000.0,2,,0.0,M_exp_W_no,,,,,,,,,,,0,0,,,380,135,,,,,,,,,,,,,,,,,1,1,"7, 8",1,0.0,0.0,0.0,0.0,0.0,0,0,0,1,-1,4,0.0,0.0,1,1,348.0,149.0,62.5,160.0,50.0,150.0,Down,Up,75,60,100,50,55.8743961352657,52.10828025477707,58.87378640776699,50.91025641025641,6,99iosefo,,,,,0
18,ebzeqzcf,,0,587,587,FinalPage,ThankYou,2026-09-14 06:17:00.708228,1,,,111.11,3,,0.0,M_exp_W_no,,,,,,,,,,,0,0,,,150,400,,,,,,,,,,,,,,,,,1,1,"7, 8",1,0.0,0.0,0.0,0.0,0.0,0,0,0,-1,1,4,0.0,0.0,1,1,348.0,149.0,62.5,160.0,50.0,150.0,Down,Up,75,60,100,50,55.8743961352657,52.10828025477707,58.87378640776699,50.91025641025641,6,99iosefo,,,,,0
19,pb6d6kev,,0,587,587,FinalPage,ThankYou,2026-09-14 06:17:00.749218,1,,,777.78,4,,0.0,M_exp_W_no,,,,,,,,,,,0,0,,,348,148,,,,,,,,,,,,,,,,,1,1,"7, 8",1,0.0,0.0,0.0,0.0,0.0,0,0,0,0,-1,4,0.0,0.0,1,1,348.0,149.0,62.5,160.0,50.0,150.0,Down,Up,75,60,100,50,55.8743961352657,52.10828025477707,58.87378640776699,50.91025641025641,6,99iosefo,,,,,0
20,m8xnbw73,,0,587,587,FinalPage,ThankYou,2026-09-14 06:17:00.778695,1,,,1000.0,5,,0.0,M_exp_W_no,,,,,,,,,,,0,0,,,200,150,,,,,,,,,,,,,,,,,1,1,"7, 8",1,0.0,0.0,0.0,0.0,0.0,0,0,0,-1,1,4,0.0,0.0,1,1,348.0,149.0,62.5,160.0,50.0,150.0,Down,Up,75,60,100,50,55.8743961352657,52.10828025477707,58.87378640776699,50.91025641025641,6,99iosefo,,,,,0
21,an9ihpoe,,0,587,587,FinalPage,ThankYou,2026-09-14 06:17:00.785536,1,,,833.33,1,,0.0,M_exp_W_no,,,,,,,,,,,0,0,,,400,140,,,,,,,,,,,,,,,,,1,1,"7, 8",1,0.0,0.0,0.0,0.0,0.0,0,0,0,-1,-1,5,0.0,0.0,0,0,420.0,150.0,62.5,75.0,85.0,75.0,Down,Down,75,50,50,30,55.8743961352657,52.10828025477707,58.87378640776699,50.91025641025641,6,99iosefo,,,,,0
22,rbyuqaqn,,0,587,587,FinalPage,ThankYou,2026-09-14 06:17:00.797356,1,,,111.11,2,,0.0,M_exp_W_no,,,,,,,,,,,0,0,,,440,160,,,,,,,,,,,,,,,,,1,1,"7, 8",1,0.0,0.0,0.0,0.0,0.0,0,0,0,1,1,5,0.0,0.0,0,0,420.0,150.0,62.5,75.0,85.0,75.0,Down,Down,75,50,50,30,55.8743961352657,52.10828025477707,58.87378640776699,50.91025641025641,6,99iosefo,,,,,0
23,3pb269ab,,0,587,587,FinalPage,ThankYou,2026-09-14 06:17:01.139805,1,,,0.0,3,,0.0,M_exp_W_no,,,,,,,,,,,0,0,,,420,155,,,,,,,,,,,,,,,,,1,1,"7, 8",1,0.0,0.0,0.0,0.0,0.0,0,0,0,0,1,5,0.0,0.0,0,0,420.0,150.0,62.5,75.0,85.0,75.0,Down,Down,75,50,50,30,55.8743961352657,52.10828025477707,58.87378640776699,50.91025641025641,6,99iosefo,,,,,0
24,ewpd3m8q,,0,587,587,FinalPage,ThankYou,2026-09-14 06:17:01.323728,1,,,388.89,4,,0.0,M_exp_W_no,,,,,,,,,,,0,0,,,450,150,,,,,,,,,,,,,,,,,1,1,"7, 8",1,0.0,0.0,0.0,0.0,0.0,0,0,0,1,0,5,0.0,0.0,0,0,420.0,150.0,62.5,75.0,85.0,75.0,Down,Down,75,50,50,30,55.8743961352657,52.10828025477707,58.87378640776699,50.91025641025641,6,99iosefo,,,,,0
25,0tv7bd9u,,0,587,587,FinalPage,ThankYou,2026-09-14 06:17:01.359212,1,,,1277.78,5,,0.0,M_exp_W_no,,,,,,,,,,,0,0,,,125,120,,,,,,,,,,,,,,,,,1,1,"7, 8",1,0.0,0.0,0.0,0.0,0.0,0,0,0,-1,-1,5,0.0,0.0,0,0,420.0,150.0,62.5,75.0,85.0,75.0,Down,Down,75,50,50,30,55.8743961352657,52.10828025477707,58.87378640776699,50.91025641025641,6,99iosefo,,,,,0
1,cfn8fv6w,,0,587,587,FinalPage,ThankYou,2026-09-14 06:16:59.777071,1,,,611.11,1,,0.0,M_exp_W_no,,,,,,,,,,,0,0,,,75,20,,,,,,,,,,,,,,,,,1,1,"7, 8",1,0.0,0.0,0.0,0.0,0.0,0,0,0,-1,-1,1,0.0,0.0,0,1,75.0,40.0,150.0,140.0,150.0,200.0,Up,Up,50,40,50,100,55.8743961352657,52.10828025477707,58.87378640776699,50.91025641025641,7,99iosefo,,,,,0
2,a1q00v4p,,0,587,587,FinalPage,ThankYou,2026-09-14 06:16:59.895789,1,,,1388.89,2,,0.0,M_exp_W_no,,,,,,,,,,,0,0,,,500,100,,,,,,,,,,,,,,,,,1,1,"7, 8",1,0.0,0.0,0.0,0.0,0.0,0,0,0,1,1,1,0.0,0.0,0,1,75.0,40.0,150.0,140.0,150.0,200.0,Up,Up,50,40,50,100,55.8743961352657,52.10828025477707,58.87378640776699,50.91025641025641,7,99iosefo,,,,,0
3,rucumqi6,,0,587,587,FinalPage,ThankYou,2026-09-14 06:16:59.987057,1,,,1222.22,3,,0.0,M_exp_W_no,,,,,,,,,,,0,0,,,200,100,,,,,,,,,,,,,,,,,1,1,"7, 8",1,0.0,0.0,0.0,0.0,0.0,0,0,0,1,1,1,0.0,0.0,0,1,75.0,40.0,150.0,140.0,150.0,200.0,Up,Up,50,40,50,100,55.8743961352657,52.10828025477707,58.87378640776699,50.91025641025641,7,99iosefo,,,,,0
4,lbzqe7lh,,0,587,587,FinalPage,ThankYou,2026-09-14 06:17:00.402890,1,,,555.56,4,,0.0,M_exp_W_no,,,,,,,,,,,0,0,,,55,30,,,,,,,,,,,,,,,,,1,1,"7, 8",1,0.0,0.0,0.0,0.0,0.0,0,0,0,-1,-1,1,0.0,0.0,0,1,75.0,40.0,150.0,140.0,150.0,200.0,Up,Up,50,40,50,100,55.8743961352657,52.10828025477707,58.87378640776699,50.91025641025641,7,99iosefo,,,,,0
5,i42igenv,,0,587,587,FinalPage,ThankYou,2026-09-14 06:17:00.510083,1,,,944.44,5,,0.0,M_exp_W_no,,,,,,,,,,,0,0,,,75,40,,,,,,,,,,,,,,,,,1,1,"7, 8",1,0.0,0.0,0.0,0.0,0.0,0,0,0,0,0,1,0.0,0.0,0,1,75.0,40.0,150.0,140.0,150.0,200.0,Up,Up,50,40,50,100,55.8743961352657,52.10828025477707,58.87378640776699,50.91025641025641,7,99iosefo,,,,,0
6,2nkc141x,,0,587,587,FinalPage,ThankYou,2026-09-14 06:17:00.564137,1,,,722.22,1,,0.0,M_exp_W_no,,,,,,,,,,,0,0,,,300,300,,,,,,,,,,,,,,,,,1,1,"7, 8",1,0.0,0.0,0.0,0.0,0.0,0,0,0,1,-1,2,0.0,0.0,1,0,300.0,300.0,72.5,150.0,75.0,170.0,Down,Up,55,50,70,50,55.8743961352657,52.10828025477707,58.87378640776699,50.91025641025641,7,99iosefo,,,,,0
7,oqud1wxk,,0,587,587,FinalPage,ThankYou,2026-09-14 06:17:00.583781,1,,,500.0,2,,0.0,M_exp_W_no,,,,,,,,,,,0,0,,,300,300,,,,,,,,,,,,,,,,,1,1,"7, 8",1,0.0,0.0,0.0,0.0,0.0,0,0,0,0,0,2,0.0,0.0,1,0,300.0,300.0,72.5,150.0,75.0,170.0,Down,Up,55,50,70,50,55.8743961352657,52.10828025477707,58.87378640776699,50.91025641025641,7,99iosefo,,,,,0
8,a6q31ex7,,0,587,587,FinalPage,ThankYou,2026-09-14 06:17:00.593150,1,,,555.56,3,,0.0,M_exp_W_no,,,,,,,,,,,0,0,,,150,450,,,,,,,,,,,,,,,,,1,1,"7, 8",1,0.0,0.0,0.0,0.0,0.0,0,0,0,-1,1,2,0.0,0.0,1,0,300.0,300.0,72.5,150.0,75.0,170.0,Down,Up,55,50,70,50,55.8743961352657,52.10828025477707,58.87378640776699,50.91025641025641,7,99iosefo,,,,,0
9,o60mnzij,,0,587,587,FinalPage,ThankYou,2026-09-14 06:17:00.600802,1,,,277.78,4,,0.0,M_exp_W_no,,,,,,,,,,,0,0,,,350,250,,,,,,,,,,,,,,,,,1,1,"7, 8",1,0.0,0.0,0.0,0.0,0.0,0,0,0,1,-1,2,0.0,0.0,1,0,300.0,300.0,72.5,150.0,75.0,170.0,Down,Up,55,50,70,50,55.8743961352657,52.10828025477707,58.87378640776699,50.91025641025641,7,99iosefo,,,,,0
10,bnt5i99k,,0,587,587,FinalPage,ThankYou,2026-09-14 06:17:00.609096,1,,,1277.78,5,,0.0,M_exp_W_no,,,,,,,,,,,0,0,,,300,300,,,,,,,,,,,,,,,,,1,1,"7, 8",1,0.0,0.0,0.0,0.0,0.0,0,0,0,-1,1,2,0.0,0.0,1,0,300.0,300.0,72.5,150.0,75.0,170.0,Down,Up,55,50,70,50,55.8743961352657,52.10828025477707,58.87378640776699,50.91025641025641,7,99iosefo,,,,,0
11,zrywj9fx,,0,587,587,FinalPage,ThankYou,2026-09-14 06:17:00.638517,1,,,722.22,1,,0.0,M_exp_W_no,,,,,,,,,,,0,0,,,266,160,,,,,,,,,,,,,,,,,1,1,"7, 8",1,0.0,0.0,0.0,0.0,0.0,0,0,0,0,1,3,0.0,0.0,0,1,266.0,146.0,65.0,180.0,200.0,75.0,Up,Down,70,80,100,50,55.8743961352657,52.10828025477707,58.87378640776699,50.91025641025641,7,99iosefo,,,,,0
12,i44g0thi,,0,587,587,FinalPage,ThankYou,2026-09-14 06:17:00.645494,1,,,1111.11,2,,0.0,M_exp_W_no,,,,,,,,,,,0,0,,,240,160,,,,,,,,,,,,,,,,,1,1,"7, 8",1,0.0,0.0,0.0,0.0,0.0,0,0,0,-1,1,3,0.0,0.0,0,1,266.0,146.0,65.0,180.0,200.0,75.0,Up,Down,70,80,100,50,55.8743961352657,52.10828025477707,58.87378640776699,50.91025641025641,7,99iosefo,,,,,0
13,s9ryf5kv,,0,587,587,FinalPage,ThankYou,2026-09-14 06:17:00.652437,1,,,222.22,3,,0.0,M_exp_W_no,,,,,,,,,,,0,0,,,280,145,,,,,,,,,,,,,,,,,1,1,"7, 8",1,0.0,0.0,0.0,0.0,0.0,0,0,0,1,-1,3,0.0,0.0,0,1,266.0,146.0,65.0,180.0,200.0,75.0,Up,Down,70,80,100,50,55.8743961352657,52.10828025477707,58.87378640776699,50.91025641025641,7,99iosefo,,,,,0
14,oe31za5u,,0,587,587,FinalPage,ThankYou,2026-09-14 06:17:00.679392,1,,,1166.67,4,,0.0,M_exp_W_no,,,,,,,,,,,0,0,,,260,140,,,,,,,,,,,,,,,,,1,1,"7, 8",1,0.0,0.0,0.0,0.0,0.0,0,0,0,-1,-1,3,0.0,0.0,0,1,266.0,146.0,65.0,180.0,200.0,75.0,Up,Down,70,80,100,50,55.8743961352657,52.10828025477707,58.87378640776699,50.91025641025641,7,99iosefo,,,,,0
15,v86y9zyn,,0,587,587,FinalPage,ThankYou,2026-09-14 06:17:00.686214,1,,,888.89,5,,0.0,M_exp_W_no,,,,,,,,,,,0,0,,,280,146,,,,,,,,,,,,,,,,,1,1,"7, 8",1,0.0,0.0,0.0,0.0,0.0,0,0,0,1,0,3,0.0,0.0,0,1,266.0,146.0,65.0,180.0,200.0,75.0,Up,Down,70,80,100,50,55.8743961352657,52.10828025477707,58.87378640776699,50.91025641025641,7,99iosefo,,,,,0
16,3p6ks3hb,,0,587,587,FinalPage,ThankYou,2026-09-14 06:17:00.693437,1,,,722.22,1,,0.0,M_exp_W_no,,,,,,,,,,,0,0,,,436,164,,,,,,,,,,,,,,,,,1,1,"7, 8",1,0.0,0.0,0.0,0.0,0.0,0,0,0,1,1,4,0.0,0.0,1,1,360.0,146.0,62.5,160.0,50.0,150.0,Down,Up,75,60,100,50,55.8743961352657,52.10828025477707,58.87378640776699,50.91025641025641,7,99iosefo,,,,,0
17,y5kgtmfb,,0,587,587,FinalPage,ThankYou,2026-09-14 06:17:00.700222,1,,,1000.0,2,,0.0,M_exp_W_no,,,,,,,,,,,0,0,,,340,140,,,,,,,,,,,,,,,,,1,1,"7, 8",1,0.0,0.0,0.0,0.0,0.0,0,0,0,-1,-1,4,0.0,0.0,1,1,360.0,146.0,62.5,160.0,50.0,150.0,Down,Up,75,60,100,50,55.8743961352657,52.10828025477707,58.87378640776699,50.91025641025641,7,99iosefo,,,,,0
18,ebzeqzcf,,0,587,587,FinalPage,ThankYou,2026-09-14 06:17:00.708228,1,,,111.11,3,,0.0,M_exp_W_no,,,,,,,,,,,0,0,,,375,150,,,,,,,,,,,,,,,,,1,1,"7, 8",1,0.0,0.0,0.0,0.0,0.0,0,0,0,1,1,4,0.0,0.0,1,1,360.0,146.0,62.5,160.0,50.0,150.0,Down,Up,75,60,100,50,55.8743961352657,52.10828025477707,58.87378640776699,50.91025641025641,7,99iosefo,,,,,0
19,pb6d6kev,,0,587,587,FinalPage,ThankYou,2026-09-14 06:17:00.749218,1,,,777.78,4,,0.0,M_exp_W_no,,,,,,,,,,,0,0,,,341,146,,,,,,,,,,,,,,,,,1,1,"7, 8",1,0.0,0.0,0.0,0.0,0.0,0,0,0,-1,0,4,0.0,0.0,1,1,360.0,146.0,62.5,160.0,50.0,150.0,Down,Up,75,60,100,50,55.8743961352657,52.10828025477707,58.87378640776699,50.91025641025641,7,99iosefo,,,,,0
20,m8xnbw73,,0,587,587,FinalPage,ThankYou,2026-09-14 06:17:00.778695,1,,,1000.0,5,,0.0,M_exp_W_no,,,,,,,,,,,0,0,,,360,50,,,,,,,,,,,,,,,,,1,1,"7, 8",1,0.0,0.0,0.0,0.0,0.0,0,0,0,0,-1,4,0.0,0.0,1,1,360.0,146.0,62.5,160.0,50.0,150.0,Down,Up,75,60,100,50,55.8743961352657,52.10828025477707,58.87378640776699,50.91025641025641,7,99iosefo,,,,,0
21,an9ihpoe,,0,587,587,FinalPage,ThankYou,2026-09-14 06:17:00.785536,1,,,833.33,1,,0.0,M_exp_W_no,,,,,,,,,,,0,0,,,450,150,,,,,,,,,,,,,,,,,1,1,"7, 8",1,0.0,0.0,0.0,0.0,0.0,0,0,0,1,-1,5,0.0,0.0,0,0,440.0,150.0,62.5,75.0,85.0,75.0,Down,Down,75,50,50,30,55.8743961352657,52.10828025477707,58.87378640776699,50.91025641025641,7,99iosefo,,,,,0
22,rbyuqaqn,,0,587,587,FinalPage,ThankYou,2026-09-14 06:17:00.797356,1,,,111.11,2,,0.0,M_exp_W_no,,,,,,,,,,,0,0,,,440,150,,,,,,,,,,,,,,,,,1,1,"7, 8",1,0.0,0.0,0.0,0.0,0.0,0,0,0,0,0,5,0.0,0.0,0,0,440.0,150.0,62.5,75.0,85.0,75.0,Down,Down,75,50,50,30,55.8743961352657,52.10828025477707,58.87378640776699,50.91025641025641,7,99iosefo,,,,,0
23,3pb269ab,,0,587,587,FinalPage,ThankYou,2026-09-14 06:17:01.139805,1,,,0.0,3,,0.0,M_exp_W_no,,,,,,,,,,,0,0,,,441,153,,,,,,,,,,,,,,,,,1,1,"7, 8",1,0.0,0.0,0.0,0.0,0.0,0,0,0,1,1,5,0.0,0.0,0,0,440.0,150.0,62.5,75.0,85.0,75.0,Down,Down,75,50,50,30,55.8743961352657,52.10828025477707,58.87378640776699,50.91025641025641,7,99iosefo,,,,,0
24,ewpd3m8q,,0,587,587,FinalPage,ThankYou,2026-09-14 06:17:01.323728,1,,,388.89,4,,0.0,M_exp_W_no,,,,,,,,,,,0,0,,,400,200,,,,,,,,,,,,,,,,,1,1,"7, 8",1,0.0,0.0,0.0,0.0,0.0,0,0,0,-1,1,5,0.0,0.0,0,0,440.0,150.0,62.5,75.0,85.0,75.0,Down,Down,75,50,50,30,55.8743961352657,52.10828025477707,58.87378640776699,50.91025641025641,7,99iosefo,,,,,0
25,0tv7bd9u,,0,587,587,FinalPage,ThankYou,2026-09-14 06:17:01.359212,1,,,1277.78,5,,0.0,M_exp_W_no,,,,,,,,,,,0,0,,,200,120,,,,,,,,,,,,,,,,,1,1,"7, 8",1,0.0,0.0,0.0,0.0,0.0,0,0,0,-1,-1,5,0.0,0.0,0,0,440.0,150.0,62.5,75.0,85.0,75.0,Down,Down,75,50,50,30,55.8743961352657,52.10828025477707,58.87378640776699,50.91025641025641,7,99iosefo,,,,,0
1,cfn8fv6w,,0,587,587,FinalPage,ThankYou,2026-09-14 06:16:59.777071,1,,,611.11,1,,0.0,M_exp_W_no,,,,,,,,,,,0,0,,,50,20,,,,,,,,,,,,,,,,,1,1,"7, 8",1,0.0,0.0,0.0,0.0,0.0,0,0,0,-1,-1,1,0.0,0.0,0,1,90.0,50.0,150.0,140.0,150.0,200.0,Up,Up,50,40,50,100,55.8743961352657,52.10828025477707,58.87378640776699,50.91025641025641,8,99iosefo,,,,,0
2,a1q00v4p,,0,587,587,FinalPage,ThankYou,2026-09-14 06:16:59.895789,1,,,1388.89,2,,0.0,M_exp_W_no,,,,,,,,,,,0,0,,,497,50,,,,,,,,,,,,,,,,,1,1,"7, 8",1,0.0,0.0,0.0,0.0,0.0,0,0,0,1,0,1,0.0,0.0,0,1,90.0,50.0,150.0,140.0,150.0,200.0,Up,Up,50,40,50,100,55.8743961352657,52.10828025477707,58.87378640776699,50.91025641025641,8,99iosefo,,,,,0
3,rucumqi6,,0,587,587,FinalPage,ThankYou,2026-09-14 06:16:59.987057,1,,,1222.22,3,,0.0,M_exp_W_no,,,,,,,,,,,0,0,,,200,100,,,,,,,,,,,,,,,,,1,1,"7, 8",1,0.0,0.0,0.0,0.0,0.0,0,0,0,1,1,1,0.0,0.0,0,1,90.0,50.0,150.0,140.0,150.0,200.0,Up,Up,50,40,50,100,55.8743961352657,52.10828025477707,58.87378640776699,50.91025641025641,8,99iosefo,,,,,0
4,lbzqe7lh,,0,587,587,FinalPage,ThankYou,2026-09-14 06:17:00.402890,1,,,555.56,4,,0.0,M_exp_W_no,,,,,,,,,,,0,0,,,74,35,,,,,,,,,,,,,,,,,1,1,"7, 8",1,0.0,0.0,0.0,0.0,0.0,0,0,0,-1,-1,1,0.0,0.0,0,1,90.0,50.0,150.0,140.0,150.0,200.0,Up,Up,50,40,50,100,55.8743961352657,52.10828025477707,58.87378640776699,50.91025641025641,8,99iosefo,,,,,0
5,i42igenv,,0,587,587,FinalPage,ThankYou,2026-09-14 06:17:00.510083,1,,,944.44,5,,0.0,M_exp_W_no,,,,,,,,,,,0,0,,,90,50,,,,,,,,,,,,,,,,,1,1,"7, 8",1,0.0,0.0,0.0,0.0,0.0,0,0,0,0,1,1,0.0,0.0,0,1,90.0,50.0,150.0,140.0,150.0,200.0,Up,Up,50,40,50,100,55.8743961352657,52.10828025477707,58.87378640776699,50.91025641025641,8,99iosefo,,,,,0
6,2nkc141x,,0,587,587,FinalPage,ThankYou,2026-09-14 06:17:00.564137,1,,,722.22,1,,0.0,M_exp_W_no,,,,,,,,,,,0,0,,,300,300,,,,,,,,,,,,,,,,,1,1,"7, 8",1,0.0,0.0,0.0,0.0,0.0,0,0,0,-1,1,2,0.0,0.0,1,0,350.0,250.0,72.5,150.0,75.0,170.0,Down,Up,55,50,70,50,55.8743961352657,52.10828025477707,58.87378640776699,50.91025641025641,8,99iosefo,,,,,0
7,oqud1wxk,,0,587,587,FinalPage,ThankYou,2026-09-14 06:17:00.583781,1,,,500.0,2,,0.0,M_exp_W_no,,,,,,,,,,,0,0,,,350,250,,,,,,,,,,,,,,,,,1,1,"7, 8",1,0.0,0.0,0.0,0.0,0.0,0,0,0,0,1,2,0.0,0.0,1,0,350.0,250.0,72.5,150.0,75.0,170.0,Down,Up,55,50,70,50,55.8743961352657,52.10828025477707,58.87378640776699,50.91025641025641,8,99iosefo,,,,,0
8,a6q31ex7,,0,587,587,FinalPage,ThankYou,2026-09-14 06:17:00.593150,1,,,555.56,3,,0.0,M_exp_W_no,,,,,,,,,,,0,0,,,450,150,,,,,,,,,,,,,,,,,1,1,"7, 8",1,0.0,0.0,0.0,0.0,0.0,0,0,0,1,-1,2,0.0,0.0,1,0,350.0,250.0,72.5,150.0,75.0,170.0,Down,Up,55,50,70,50,55.8743961352657,52.10828025477707,58.87378640776699,50.91025641025641,8,99iosefo,,,,,0
9,o60mnzij,,0,587,587,FinalPage,ThankYou,2026-09-14 06:17:00.600802,1,,,277.78,4,,0.0,M_exp_W_no,,,,,,,,,,,0,0,,,350,250,,,,,,,,,,,,,,,,,1,1,"7, 8",1,0.0,0.0,0.0,0.0,0.0,0,0,0,1,0,2,0.0,0.0,1,0,350.0,250.0,72.5,150.0,75.0,170.0,Down,Up,55,50,70,50,55.8743961352657,52.10828025477707,58.87378640776699,50.91025641025641,8,99iosefo,,,,,0
10,bnt5i99k,,0,587,587,FinalPage,ThankYou,2026-09-14 06:17:00.609096,1,,,1277.78,5,,0.0,M_exp_W_no,,,,,,,,,,,0,0,,,1,1,,,,,,,,,,,,,,,,,1,1,"7, 8",1,0.0,0.0,0.0,0.0,0.0,0,0,0,-1,-1,2,0.0,0.0,1,0,350.0,250.0,72.5,150.0,75.0,170.0,Down,Up,55,50,70,50,55.8743961352657,52.10828025477707,58.87378640776699,50.91025641025641,8,99iosefo,,,,,0
11,zrywj9fx,,0,587,587,FinalPage,ThankYou,2026-09-14 06:17:00.638517,1,,,722.22,1,,0.0,M_exp_W_no,,,,,,,,,,,0,0,,,275,150,,,,,,,,,,,,,,,,,1,1,"7, 8",1,0.0,0.0,0.0,0.0,0.0,0,0,0,1,1,3,0.0,0.0,0,1,268.0,145.0,65.0,180.0,200.0,75.0,Up,Down,70,80,100,50,55.8743961352657,52.10828025477707,58.87378640776699,50.91025641025641,8,99iosefo,,,,,0
12,i44g0thi,,0,587,587,FinalPage,ThankYou,2026-09-14 06:17:00.645494,1,,,1111.11,2,,0.0,M_exp_W_no,,,,,,,,,,,0,0,,,250,140,,,,,,,,,,,,,,,,,1,1,"7, 8",1,0.0,0.0,0.0,0.0,0.0,0,0,0,-1,-1,3,0.0,0.0,0,1,268.0,145.0,65.0,180.0,200.0,75.0,Up,Down,70,80,100,50,55.8743961352657,52.10828025477707,58.87378640776699,50.91025641025641,8,99iosefo,,,,,0
13,s9ryf5kv,,0,587,587,FinalPage,ThankYou,2026-09-14 06:17:00.652437,1,,,222.22,3,,0.0,M_exp_W_no,,,,,,,,,,,0,0,,,270,145,,,,,,,,,,,,,,,,,1,1,"7, 8",1,0.0,0.0,0.0,0.0,0.0,0,0,0,1,-1,3,0.0,0.0,0,1,268.0,145.0,65.0,180.0,200.0,75.0,Up,Down,70,80,100,50,55.8743961352657,52.10828025477707,58.87378640776699,50.91025641025641,8,99iosefo,,,,,0
14,oe31za5u,,0,587,587,FinalPage,ThankYou,2026-09-14 06:17:00.679392,1,,,1166.67,4,,0.0,M_exp_W_no,,,,,,,,,,,0,0,,,255,145,,,,,,,,,,,,,,,,,1,1,"7, 8",1,0.0,0.0,0.0,0.0,0.0,0,0,0,-1,0,3,0.0,0.0,0,1,268.0,145.0,65.0,180.0,200.0,75.0,Up,Down,70,80,100,50,55.8743961352657,52.10828025477707,58.87378640776699,50.91025641025641,8,99iosefo,,,,,0
15,v86y9zyn,,0,587,587,FinalPage,ThankYou,2026-09-14 06:17:00.686214,1,,,888.89,5,,0.0,M_exp_W_no,,,,,,,,,,,0,0,,,268,146,,,,,,,,,,,,,,,,,1,1,"7, 8",1,0.0,0.0,0.0,0.0,0.0,0,0,0,0,1,3,0.0,0.0,0,1,268.0,145.0,65.0,180.0,200.0,75.0,Up,Down,70,80,100,50,55.8743961352657,52.10828025477707,58.87378640776699,50.91025641025641,8,99iosefo,,,,,0
16,3p6ks3hb,,0,587,587,FinalPage,ThankYou,2026-09-14 06:17:00.693437,1,,,722.22,1,,0.0,M_exp_W_no,,,,,,,,,,,0,0,,,290,310,,,,,,,,,,,,,,,,,1,1,"7, 8",1,0.0,0.0,0.0,0.0,0.0,0,0,0,-1,1,4,0.0,0.0,1,1,350.0,146.0,62.5,160.0,50.0,150.0,Down,Up,75,60,100,50,55.8743961352657,52.10828025477707,58.87378640776699,50.91025641025641,8,99iosefo,,,,,0
17,y5kgtmfb,,0,587,587,FinalPage,ThankYou,2026-09-14 06:17:00.700222,1,,,1000.0,2,,0.0,M_exp_W_no,,,,,,,,,,,0,0,,,350,140,,,,,,,,,,,,,,,,,1,1,"7, 8",1,0.0,0.0,0.0,0.0,0.0,0,0,0,0,-1,4,0.0,0.0,1,1,350.0,146.0,62.5,160.0,50.0,150.0,Down,Up,75,60,100,50,55.8743961352657,52.10828025477707,58.87378640776699,50.91025641025641,8,99iosefo,,,,,0
18,ebzeqzcf,,0,587,587,FinalPage,ThankYou,2026-09-14 06:17:00.708228,1,,,111.11,3,,0.0,M_exp_W_no,,,,,,,,,,,0,0,,,360,146,,,,,,,,,,,,,,,,,1,1,"7, 8",1,0.0,0.0,0.0,0.0,0.0,0,0,0,1,0,4,0.0,0.0,1,1,350.0,146.0,62.5,160.0,50.0,150.0,Down,Up,75,60,100,50,55.8743961352657,52.10828025477707,58.87378640776699,50.91025641025641,8,99iosefo,,,,,0
19,pb6d6kev,,0,587,587,FinalPage,ThankYou,2026-09-14 06:17:00.749218,1,,,777.78,4,,0.0,M_exp_W_no,,,,,,,,,,,0,0,,,358,142,,,,,,,,,,,,,,,,,1,1,"7, 8",1,0.0,0.0,0.0,0.0,0.0,0,0,0,1,-1,4,0.0,0.0,1,1,350.0,146.0,62.5,160.0,50.0,150.0,Down,Up,75,60,100,50,55.8743961352657,52.10828025477707,58.87378640776699,50.91025641025641,8,99iosefo,,,,,0
20,m8xnbw73,,0,587,587,FinalPage,ThankYou,2026-09-14 06:17:00.778695,1,,,1000.0,5,,0.0,M_exp_W_no,,,,,,,,,,,0,0,,,180,200,,,,,,,,,,,,,,,,,1,1,"7, 8",1,0.0,0.0,0.0,0.0,0.0,0,0,0,-1,1,4,0.0,0.0,1,1,350.0,146.0,62.5,160.0,50.0,150.0,Down,Up,75,60,100,50,55.8743961352657,52.10828025477707,58.87378640776699,50.91025641025641,8,99iosefo,,,,,0
21,an9ihpoe,,0,587,587,FinalPage,ThankYou,2026-09-14 06:17:00.785536,1,,,833.33,1,,0.0,M_exp_W_no,,,,,,,,,,,0,0,,,440,160,,,,,,,,,,,,,,,,,1,1,"7, 8",1,0.0,0.0,0.0,0.0,0.0,0,0,0,-1,1,5,0.0,0.0,0,0,450.0,150.0,62.5,75.0,85.0,75.0,Down,Down,75,50,50,30,55.8743961352657,52.10828025477707,58.87378640776699,50.91025641025641,8,99iosefo,,,,,0
22,rbyuqaqn,,0,587,587,FinalPage,ThankYou,2026-09-14 06:17:00.797356,1,,,111.11,2,,0.0,M_exp_W_no,,,,,,,,,,,0,0,,,450,150,,,,,,,,,,,,,,,,,1,1,"7, 8",1,0.0,0.0,0.0,0.0,0.0,0,0,0,1,0,5,0.0,0.0,0,0,450.0,150.0,62.5,75.0,85.0,75.0,Down,Down,75,50,50,30,55.8743961352657,52.10828025477707,58.87378640776699,50.91025641025641,8,99iosefo,,,,,0
23,3pb269ab,,0,587,587,FinalPage,ThankYou,2026-09-14 06:17:01.139805,1,,,0.0,3,,0.0,M_exp_W_no,,,,,,,,,,,0,0,,,450,150,,,,,,,,,,,,,,,,,1,1,"7, 8",1,0.0,0.0,0.0,0.0,0.0,0,0,0,0,1,5,0.0,0.0,0,0,450.0,150.0,62.5,75.0,85.0,75.0,Down,Down,75,50,50,30,55.8743961352657,52.10828025477707,58.87378640776699,50.91025641025641,8,99iosefo,,,,,0
24,ewpd3m8q,,0,587,587,FinalPage,ThankYou,2026-09-14 06:17:01.323728,1,,,388.89,4,,0.0,M_exp_W_no,,,,,,,,,,,0,0,,,500,100,,,,,,,,,,,,,,,,,1,1,"7, 8",1,0.0,0.0,0.0,0.0,0.0,0,0,0,1,-1,5,0.0,0.0,0,0,450.0,150.0,62.5,75.0,85.0,75.0,Down,Down,75,50,50,30,55.8743961352657,52.10828025477707,58.87378640776699,50.91025641025641,8,99iosefo,,,,,0
25,0tv7bd9u,,0,587,587,FinalPage,ThankYou,2026-09-14 06:17:01.359212,1,,,1277.78,5,,0.0,M_exp_W_no,,,,,,,,,,,0,0,,,130,120,,,,,,,,,,,,,,,,,1,1,"7, 8",1,0.0,0.0,0.0,0.0,0.0,0,0,0,-1,-1,5,0.0,0.0,0,0,450.0,150.0,62.5,75.0,85.0,75.0,Down,Down,75,50,50,30,55.8743961352657,52.10828025477707,58.87378640776699,50.91025641025641,8,99iosefo,,,,,0
1,cfn8fv6w,,0,587,587,FinalPage,ThankYou,2026-09-14 06:16:59.777071,1,,,611.11,1,,0.0,M_exp_W_no,,,,,,,,,,,0,0,,,80,60,,,,,,,,,,,,,,,,,1,1,"7, 8",1,0.0,0.0,0.0,0.0,0.0,0,0,0,-1,0,1,0.0,0.0,0,1,105.0,60.0,150.0,140.0,150.0,200.0,Up,Up,50,40,50,100,55.8743961352657,52.10828025477707,58.87378640776699,50.91025641025641,9,99iosefo,,,,,0
2,a1q00v4p,,0,587,587,FinalPage,ThankYou,2026-09-14 06:16:59.895789,1,,,1388.89,2,,0.0,M_exp_W_no,,,,,,,,,,,0,0,,,400,100,,,,,,,,,,,,,,,,,1,1,"7, 8",1,0.0,0.0,0.0,0.0,0.0,0,0,0,1,1,1,0.0,0.0,0,1,105.0,60.0,150.0,140.0,150.0,200.0,Up,Up,50,40,50,100,55.8743961352657,52.10828025477707,58.87378640776699,50.91025641025641,9,99iosefo,,,,,0
3,rucumqi6,,0,587,587,FinalPage,ThankYou,2026-09-14 06:16:59.987057,1,,,1222.22,3,,0.0,M_exp_W_no,,,,,,,,,,,0,0,,,200,100,,,,,,,,,,,,,,,,,1,1,"7, 8",1,0.0,0.0,0.0,0.0,0.0,0,0,0,1,1,1,0.0,0.0,0,1,105.0,60.0,150.0,140.0,150.0,200.0,Up,Up,50,40,50,100,55.8743961352657,52.10828025477707,58.87378640776699,50.91025641025641,9,99iosefo,,,,,0
4,lbzqe7lh,,0,587,587,FinalPage,ThankYou,2026-09-14 06:17:00.402890,1,,,555.56,4,,0.0,M_exp_W_no,,,,,,,,,,,0,0,,,82,48,,,,,,,,,,,,,,,,,1,1,"7, 8",1,0.0,0.0,0.0,0.0,0.0,0,0,0,-1,-1,1,0.0,0.0,0,1,105.0,60.0,150.0,140.0,150.0,200.0,Up,Up,50,40,50,100,55.8743961352657,52.10828025477707,58.87378640776699,50.91025641025641,9,99iosefo,,,,,0
5,i42igenv,,0,587,587,FinalPage,ThankYou,2026-09-14 06:17:00.510083,1,,,944.44,5,,0.0,M_exp_W_no,,,,,,,,,,,0,0,,,105,50,,,,,,,,,,,,,,,,,1,1,"7, 8",1,0.0,0.0,0.0,0.0,0.0,0,0,0,0,-1,1,0.0,0.0,0,1,105.0,60.0,150.0,140.0,150.0,200.0,Up,Up,50,40,50,100,55.8743961352657,52.10828025477707,58.87378640776699,50.91025641025641,9,99iosefo,,,,,0
6,2nkc141x,,0,587,587,FinalPage,ThankYou,2026-09-14 06:17:00.564137,1,,,722.22,1,,0.0,M_exp_W_no,,,,,,,,,,,0,0,,,300,300,,,,,,,,,,,,,,,,,1,1,"7, 8",1,0.0,0.0,0.0,0.0,0.0,0,0,0,0,1,2,0.0,0.0,1,0,300.0,300.0,72.5,150.0,75.0,170.0,Down,Up,55,50,70,50,55.8743961352657,52.10828025477707,58.87378640776699,50.91025641025641,9,99iosefo,,,,,0
7,oqud1wxk,,0,587,587,FinalPage,ThankYou,2026-09-14 06:17:00.583781,1,,,500.0,2,,0.0,M_exp_W_no,,,,,,,,,,,0,0,,,360,237,,,,,,,,,,,,,,,,,1,1,"7, 8",1,0.0,0.0,0.0,0.0,0.0,0,0,0,1,-1,2,0.0,0.0,1,0,300.0,300.0,72.5,150.0,75.0,170.0,Down,Up,55,50,70,50,55.8743961352657,52.10828025477707,58.87378640776699,50.91025641025641,9,99iosefo,,,,,0
8,a6q31ex7,,0,587,587,FinalPage,ThankYou,2026-09-14 06:17:00.593150,1,,,555.56,3,,0.0,M_exp_W_no,,,,,,,,,,,0,0,,,300,300,,,,,,,,,,,,,,,,,1,1,"7, 8",1,0.0,0.0,0.0,0.0,0.0,0,0,0,1,0,2,0.0,0.0,1,0,300.0,300.0,72.5,150.0,75.0,170.0,Down,Up,55,50,70,50,55.8743961352657,52.10828025477707,58.87378640776699,50.91025641025641,9,99iosefo,,,,,0
9,o60mnzij,,0,587,587,FinalPage,ThankYou,2026-09-14 06:17:00.600802,1,,,277.78,4,,0.0,M_exp_W_no,,,,,,,,,,,0,0,,,250,350,,,,,,,,,,,,,,,,,1,1,"7, 8",1,0.0,0.0,0.0,0.0,0.0,0,0,0,-1,1,2,0.0,0.0,1,0,300.0,300.0,72.5,150.0,75.0,170.0,Down,Up,55,50,70,50,55.8743961352657,52.10828025477707,58.87378640776699,50.91025641025641,9,99iosefo,,,,,0
10,bnt5i99k,,0,587,587,FinalPage,ThankYou,2026-09-14 06:17:00.609096,1,,,1277.78,5,,0.0,M_exp_W_no,,,,,,,,,,,0,0,,,1,1,,,,,,,,,,,,,,,,,1,1,"7, 8",1,0.0,0.0,0.0,0.0,0.0,0,0,0,-1,-1,2,0.0,0.0,1,0,300.0,300.0,72.5,150.0,75.0,170.0,Down,Up,55,50,70,50,55.8743961352657,52.10828025477707,58.87378640776699,50.91025641025641,9,99iosefo,,,,,0
11,zrywj9fx,,0,587,587,FinalPage,ThankYou,2026-09-14 06:17:00.638517,1,,,722.22,1,,0.0,M_exp_W_no,,,,,,,,,,,0,0,,,269,140,,,,,,,,,,,,,,,,,1,1,"7, 8",1,0.0,0.0,0.0,0.0,0.0,0,0,0,1,-1,3,0.0,0.0,0,1,268.0,142.0,65.0,180.0,200.0,75.0,Up,Down,70,80,100,50,55.8743961352657,52.10828025477707,58.87378640776699,50.91025641025641,9,99iosefo,,,,,0
12,i44g0thi,,0,587,587,FinalPage,ThankYou,2026-09-14 06:17:00.645494,1,,,1111.11,2,,0.0,M_exp_W_no,,,,,,,,,,,0,0,,,260,155,,,,,,,,,,,,,,,,,1,1,"7, 8",1,0.0,0.0,0.0,0.0,0.0,0,0,0,-1,1,3,0.0,0.0,0,1,268.0,142.0,65.0,180.0,200.0,75.0,Up,Down,70,80,100,50,55.8743961352657,52.10828025477707,58.87378640776699,50.91025641025641,9,99iosefo,,,,,0
13,s9ryf5kv,,0,587,587,FinalPage,ThankYou,2026-09-14 06:17:00.652437,1,,,222.22,3,,0.0,M_exp_W_no,,,,,,,,,,,0,0,,,268,144,,,,,,,,,,,,,,,,,1,1,"7, 8",1,0.0,0.0,0.0,0.0,0.0,0,0,0,0,1,3,0.0,0.0,0,1,268.0,142.0,65.0,180.0,200.0,75.0,Up,Down,70,80,100,50,55.8743961352657,52.10828025477707,58.87378640776699,50.91025641025641,9,99iosefo,,,,,0
14,oe31za5u,,0,587,587,FinalPage,ThankYou,2026-09-14 06:17:00.679392,1,,,1166.67,4,,0.0,M_exp_W_no,,,,,,,,,,,0,0,,,260,142,,,,,,,,,,,,,,,,,1,1,"7, 8",1,0.0,0.0,0.0,0.0,0.0,0,0,0,-1,0,3,0.0,0.0,0,1,268.0,142.0,65.0,180.0,200.0,75.0,Up,Down,70,80,100,50,55.8743961352657,52.10828025477707,58.87378640776699,50.91025641025641,9,99iosefo,,,,,0
15,v86y9zyn,,0,587,587,FinalPage,ThankYou,2026-09-14 06:17:00.686214,1,,,888.89,5,,0.0,M_exp_W_no,,,,,,,,,,,0,0,,,300,135,,,,,,,,,,,,,,,,,1,1,"7, 8",1,0.0,0.0,0.0,0.0,0.0,0,0,0,1,-1,3,0.0,0.0,0,1,268.0,142.0,65.0,180.0,200.0,75.0,Up,Down,70,80,100,50,55.8743961352657,52.10828025477707,58.87378640776699,50.91025641025641,9,99iosefo,,,,,0
16,3p6ks3hb,,0,587,587,FinalPage,ThankYou,2026-09-14 06:17:00.693437,1,,,722.22,1,,0.0,M_exp_W_no,,,,,,,,,,,0,0,,,332,268,,,,,,,,,,,,,,,,,1,1,"7, 8",1,0.0,0.0,0.0,0.0,0.0,0,0,0,-1,1,4,0.0,0.0,1,1,350.0,145.0,62.5,160.0,50.0,150.0,Down,Up,75,60,100,50,55.8743961352657,52.10828025477707,58.87378640776699,50.91025641025641,9,99iosefo,,,,,0
17,y5kgtmfb,,0,587,587,FinalPage,ThankYou,2026-09-14 06:17:00.700222,1,,,1000.0,2,,0.0,M_exp_W_no,,,,,,,,,,,0,0,,,350,145,,,,,,,,,,,,,,,,,1,1,"7, 8",1,0.0,0.0,0.0,0.0,0.0,0,0,0,1,0,4,0.0,0.0,1,1,350.0,145.0,62.5,160.0,50.0,150.0,Down,Up,75,60,100,50,55.8743961352657,52.10828025477707,58.87378640776699,50.91025641025641,9,99iosefo,,,,,0
18,ebzeqzcf,,0,587,587,FinalPage,ThankYou,2026-09-14 06:17:00.708228,1,,,111.11,3,,0.0,M_exp_W_no,,,,,,,,,,,0,0,,,350,147,,,,,,,,,,,,,,,,,1,1,"7, 8",1,0.0,0.0,0.0,0.0,0.0,0,0,0,0,1,4,0.0,0.0,1,1,350.0,145.0,62.5,160.0,50.0,150.0,Down,Up,75,60,100,50,55.8743961352657,52.10828025477707,58.87378640776699,50.91025641025641,9,99iosefo,,,,,0
19,pb6d6kev,,0,587,587,FinalPage,ThankYou,2026-09-14 06:17:00.749218,1,,,777.78,4,,0.0,M_exp_W_no,,,,,,,,,,,0,0,,,348,145,,,,,,,,,,,,,,,,,1,1,"7, 8",1,0.0,0.0,0.0,0.0,0.0,0,0,0,-1,-1,4,0.0,0.0,1,1,350.0,145.0,62.5,160.0,50.0,150.0,Down,Up,75,60,100,50,55.8743961352657,52.10828025477707,58.87378640776699,50.91025641025641,9,99iosefo,,,,,0
20,m8xnbw73,,0,587,587,FinalPage,ThankYou,2026-09-14 06:17:00.778695,1,,,1000.0,5,,0.0,M_exp_W_no,,,,,,,,,,,0,0,,,400,100,,,,,,,,,,,,,,,,,1,1,"7, 8",1,0.0,0.0,0.0,0.0,0.0,0,0,0,1,-1,4,0.0,0.0,1,1,350.0,145.0,62.5,160.0,50.0,150.0,Down,Up,75,60,100,50,55.8743961352657,52.10828025477707,58.87378640776699,50.91025641025641,9,99iosefo,,,,,0
21,an9ihpoe,,0,587,587,FinalPage,ThankYou,2026-09-14 06:17:00.785536,1,,,833.33,1,,0.0,M_exp_W_no,,,,,,,,,,,0,0,,,445,155,,,,,,,,,,,,,,,,,1,1,"7, 8",1,0.0,0.0,0.0,0.0,0.0,0,0,0,-1,1,5,0.0,0.0,0,0,450.0,150.0,62.5,75.0,85.0,75.0,Down,Down,75,50,50,30,55.8743961352657,52.10828025477707,58.87378640776699,50.91025641025641,9,99iosefo,,,,,0
22,rbyuqaqn,,0,587,587,FinalPage,ThankYou,2026-09-14 06:17:00.797356,1,,,111.11,2,,0.0,M_exp_W_no,,,,,,,,,,,0,0,,,450,150,,,,,,,,,,,,,,,,,1,1,"7, 8",1,0.0,0.0,0.0,0.0,0.0,0,0,0,0,0,5,0.0,0.0,0,0,450.0,150.0,62.5,75.0,85.0,75.0,Down,Down,75,50,50,30,55.8743961352657,52.10828025477707,58.87378640776699,50.91025641025641,9,99iosefo,,,,,0
23,3pb269ab,,0,587,587,FinalPage,ThankYou,2026-09-14 06:17:01.139805,1,,,0.0,3,,0.0,M_exp_W_no,,,,,,,,,,,0,0,,,451,149,,,,,,,,,,,,,,,,,1,1,"7, 8",1,0.0,0.0,0.0,0.0,0.0,0,0,0,1,-1,5,0.0,0.0,0,0,450.0,150.0,62.5,75.0,85.0,75.0,Down,Down,75,50,50,30,55.8743961352657,52.10828025477707,58.87378640776699,50.91025641025641,9,99iosefo,,,,,0
24,ewpd3m8q,,0,587,587,FinalPage,ThankYou,2026-09-14 06:17:01.323728,1,,,388.89,4,,0.0,M_exp_W_no,,,,,,,,,,,0,0,,,450,150,,,,,,,,,,,,,,,,,1,1,"7, 8",1,0.0,0.0,0.0,0.0,0.0,0,0,0,1,-1,5,0.0,0.0,0,0,450.0,150.0,62.5,75.0,85.0,75.0,Down,Down,75,50,50,30,55.8743961352657,52.10828025477707,58.87378640776699,50.91025641025641,9,99iosefo,,,,,0
25,0tv7bd9u,,0,587,587,FinalPage,ThankYou,2026-09-14 06:17:01.359212,1,,,1277.78,5,,0.0,M_exp_W_no,,,,,,,,,,,0,0,,,125,200,,,,,,,,,,,,,,,,,1,1,"7, 8",1,0.0,0.0,0.0,0.0,0.0,0,0,0,-1,1,5,0.0,0.0,0,0,450.0,150.0,62.5,75.0,85.0,75.0,Down,Down,75,50,50,30,55.8743961352657,52.10828025477707,58.87378640776699,50.91025641025641,9,99iosefo,,,,,0
1,cfn8fv6w,,0,587,587,FinalPage,ThankYou,2026-09-14 06:16:59.777071,1,,,611.11,1,,0.0,M_exp_W_no,,,,,,,,,,,0,0,,,120,80,,,,,,,,,,,,,,,,,1,1,"7, 8",1,0.0,0.0,0.0,0.0,0.0,0,0,0,0,-1,1,0.0,0.0,0,1,120.0,80.0,150.0,140.0,150.0,200.0,Up,Up,50,40,50,100,55.8743961352657,52.10828025477707,58.87378640776699,50.91025641025641,10,99iosefo,,,,,0
2,a1q00v4p,,0,587,587,FinalPage,ThankYou,2026-09-14 06:16:59.895789,1,,,1388.89,2,,0.0,M_exp_W_no,,,,,,,,,,,0,0,,,400,100,,,,,,,,,,,,,,,,,1,1,"7, 8",1,0.0,0.0,0.0,0.0,0.0,0,0,0,1,1,1,0.0,0.0,0,1,120.0,80.0,150.0,140.0,150.0,200.0,Up,Up,50,40,50,100,55.8743961352657,52.10828025477707,58.87378640776699,50.91025641025641,10,99iosefo,,,,,0
3,rucumqi6,,0,587,587,FinalPage,ThankYou,2026-09-14 06:16:59.987057,1,,,1222.22,3,,0.0,M_exp_W_no,,,,,,,,,,,0,0,,,200,100,,,,,,,,,,,,,,,,,1,1,"7, 8",1,0.0,0.0,0.0,0.0,0.0,0,0,0,1,1,1,0.0,0.0,0,1,120.0,80.0,150.0,140.0,150.0,200.0,Up,Up,50,40,50,100,55.8743961352657,52.10828025477707,58.87378640776699,50.91025641025641,10,99iosefo,,,,,0
4,lbzqe7lh,,0,587,587,FinalPage,ThankYou,2026-09-14 06:17:00.402890,1,,,555.56,4,,0.0,M_exp_W_no,,,,,,,,,,,0,0,,,100,60,,,,,,,,,,,,,,,,,1,1,"7, 8",1,0.0,0.0,0.0,0.0,0.0,0,0,0,-1,-1,1,0.0,0.0,0,1,120.0,80.0,150.0,140.0,150.0,200.0,Up,Up,50,40,50,100,55.8743961352657,52.10828025477707,58.87378640776699,50.91025641025641,10,99iosefo,,,,,0
5,i42igenv,,0,587,587,FinalPage,ThankYou,2026-09-14 06:17:00.510083,1,,,944.44,5,,0.0,M_exp_W_no,,,,,,,,,,,0,0,,,120,80,,,,,,,,,,,,,,,,,1,1,"7, 8",1,0.0,0.0,0.0,0.0,0.0,0,0,0,-1,0,1,0.0,0.0,0,1,120.0,80.0,150.0,140.0,150.0,200.0,Up,Up,50,40,50,100,55.8743961352657,52.10828025477707,58.87378640776699,50.91025641025641,10,99iosefo,,,,,0
6,2nkc141x,,0,587,587,FinalPage,ThankYou,2026-09-14 06:17:00.564137,1,,,722.22,1,,0.0,M_exp_W_no,,,,,,,,,,,0,0,,,300,250,,,,,,,,,,,,,,,,,1,1,"7, 8",1,0.0,0.0,0.0,0.0,0.0,0,0,0,0,0,2,0.0,0.0,1,0,300.0,250.0,72.5,150.0,75.0,170.0,Down,Up,55,50,70,50,55.8743961352657,52.10828025477707,58.87378640776699,50.91025641025641,10,99iosefo,,,,,0
7,oqud1wxk,,0,587,587,FinalPage,ThankYou,2026-09-14 06:17:00.583781,1,,,500.0,2,,0.0,M_exp_W_no,,,,,,,,,,,0,0,,,330,270,,,,,,,,,,,,,,,,,1,1,"7, 8",1,0.0,0.0,0.0,0.0,0.0,0,0,0,1,1,2,0.0,0.0,1,0,300.0,250.0,72.5,150.0,75.0,170.0,Down,Up,55,50,70,50,55.8743961352657,52.10828025477707,58.87378640776699,50.91025641025641,10,99iosefo,,,,,0
8,a6q31ex7,,0,587,587,FinalPage,ThankYou,2026-09-14 06:17:00.593150,1,,,555.56,3,,0.0,M_exp_W_no,,,,,,,,,,,0,0,,,100,500,,,,,,,,,,,,,,,,,1,1,"7, 8",1,0.0,0.0,0.0,0.0,0.0,0,0,0,-1,1,2,0.0,0.0,1,0,300.0,250.0,72.5,150.0,75.0,170.0,Down,Up,55,50,70,50,55.8743961352657,52.10828025477707,58.87378640776699,50.91025641025641,10,99iosefo,,,,,0
9,o60mnzij,,0,587,587,FinalPage,ThankYou,2026-09-14 06:17:00.600802,1,,,277.78,4,,0.0,M_exp_W_no,,,,,,,,,,,0,0,,,400,200,,,,,,,,,,,,,,,,,1,1,"7, 8",1,0.0,0.0,0.0,0.0,0.0,0,0,0,1,-1,2,0.0,0.0,1,0,300.0,250.0,72.5,150.0,75.0,170.0,Down,Up,55,50,70,50,55.8743961352657,52.10828025477707,58.87378640776699,50.91025641025641,10,99iosefo,,,,,0
10,bnt5i99k,,0,587,587,FinalPage,ThankYou,2026-09-14 06:17:00.609096,1,,,1277.78,5,,0.0,M_exp_W_no,,,,,,,,,,,0,0,,,1,1,,,,,,,,,,,,,,,,,1,1,"7, 8",1,0.0,0.0,0.0,0.0,0.0,0,0,0,-1,-1,2,0.0,0.0,1,0,300.0,250.0,72.5,150.0,75.0,170.0,Down,Up,55,50,70,50,55.8743961352657,52.10828025477707,58.87378640776699,50.91025641025641,10,99iosefo,,,,,0
11,zrywj9fx,,0,587,587,FinalPage,ThankYou,2026-09-14 06:17:00.638517,1,,,722.22,1,,0.0,M_exp_W_no,,,,,,,,,,,0,0,,,269,140,,,,,,,,,,,,,,,,,1,1,"7, 8",1,0.0,0.0,0.0,0.0,0.0,0,0,0,1,0,3,0.0,0.0,0,1,268.0,140.0,65.0,180.0,200.0,75.0,Up,Down,70,80,100,50,55.8743961352657,52.10828025477707,58.87378640776699,50.91025641025641,10,99iosefo,,,,,0
12,i44g0thi,,0,587,587,FinalPage,ThankYou,2026-09-14 06:17:00.645494,1,,,1111.11,2,,0.0,M_exp_W_no,,,,,,,,,,,0,0,,,260,148,,,,,,,,,,,,,,,,,1,1,"7, 8",1,0.0,0.0,0.0,0.0,0.0,0,0,0,-1,1,3,0.0,0.0,0,1,268.0,140.0,65.0,180.0,200.0,75.0,Up,Down,70,80,100,50,55.8743961352657,52.10828025477707,58.87378640776699,50.91025641025641,10,99iosefo,,,,,0
13,s9ryf5kv,,0,587,587,FinalPage,ThankYou,2026-09-14 06:17:00.652437,1,,,222.22,3,,0.0,M_exp_W_no,,,,,,,,,,,0,0,,,268,130,,,,,,,,,,,,,,,,,1,1,"7, 8",1,0.0,0.0,0.0,0.0,0.0,0,0,0,0,-1,3,0.0,0.0,0,1,268.0,140.0,65.0,180.0,200.0,75.0,Up,Down,70,80,100,50,55.8743961352657,52.10828025477707,58.87378640776699,50.91025641025641,10,99iosefo,,,,,0
14,oe31za5u,,0,587,587,FinalPage,ThankYou,2026-09-14 06:17:00.679392,1,,,1166.67,4,,0.0,M_exp_W_no,,,,,,,,,,,0,0,,,270,138,,,,,,,,,,,,,,,,,1,1,"7, 8",1,0.0,0.0,0.0,0.0,0.0,0,0,0,1,-1,3,0.0,0.0,0,1,268.0,140.0,65.0,180.0,200.0,75.0,Up,Down,70,80,100,50,55.8743961352657,52.10828025477707,58.87378640776699,50.91025641025641,10,99iosefo,,,,,0
15,v86y9zyn,,0,587,587,FinalPage,ThankYou,2026-09-14 06:17:00.686214,1,,,888.89,5,,0.0,M_exp_W_no,,,,,,,,,,,0,0,,,1,150,,,,,,,,,,,,,,,,,1,1,"7, 8",1,0.0,0.0,0.0,0.0,0.0,0,0,0,-1,1,3,0.0,0.0,0,1,268.0,140.0,65.0,180.0,200.0,75.0,Up,Down,70,80,100,50,55.8743961352657,52.10828025477707,58.87378640776699,50.91025641025641,10,99iosefo,,,,,0
16,3p6ks3hb,,0,587,587,FinalPage,ThankYou,2026-09-14 06:17:00.693437,1,,,722.22,1,,0.0,M_exp_W_no,,,,,,,,,,,0,0,,,376,224,,,,,,,,,,,,,,,,,1,1,"7, 8",1,0.0,0.0,0.0,0.0,0.0,0,0,0,1,1,4,0.0,0.0,1,1,351.0,144.0,62.5,160.0,50.0,150.0,Down,Up,75,60,100,50,55.8743961352657,52.10828025477707,58.87378640776699,50.91025641025641,10,99iosefo,,,,,0
17,y5kgtmfb,,0,587,587,FinalPage,ThankYou,2026-09-14 06:17:00.700222,1,,,1000.0,2,,0.0,M_exp_W_no,,,,,,,,,,,0,0,,,345,144,,,,,,,,,,,,,,,,,1,1,"7, 8",1,0.0,0.0,0.0,0.0,0.0,0,0,0,-1,0,4,0.0,0.0,1,1,351.0,144.0,62.5,160.0,50.0,150.0,Down,Up,75,60,100,50,55.8743961352657,52.10828025477707,58.87378640776699,50.91025641025641,10,99iosefo,,,,,0
18,ebzeqzcf,,0,587,587,FinalPage,ThankYou,2026-09-14 06:17:00.708228,1,,,111.11,3,,0.0,M_exp_W_no,,,,,,,,,,,0,0,,,351,146,,,,,,,,,,,,,,,,,1,1,"7, 8",1,0.0,0.0,0.0,0.0,0.0,0,0,0,0,1,4,0.0,0.0,1,1,351.0,144.0,62.5,160.0,50.0,150.0,Down,Up,75,60,100,50,55.8743961352657,52.10828025477707,58.87378640776699,50.91025641025641,10,99iosefo,,,,,0
19,pb6d6kev,,0,587,587,FinalPage,ThankYou,2026-09-14 06:17:00.749218,1,,,777.78,4,,0.0,M_exp_W_no,,,,,,,,,,,0,0,,,349,141,,,,,,,,,,,,,,,,,1,1,"7, 8",1,0.0,0.0,0.0,0.0,0.0,0,0,0,-1,-1,4,0.0,0.0,1,1,351.0,144.0,62.5,160.0,50.0,150.0,Down,Up,75,60,100,50,55.8743961352657,52.10828025477707,58.87378640776699,50.91025641025641,10,99iosefo,,,,,0
20,m8xnbw73,,0,587,587,FinalPage,ThankYou,2026-09-14 06:17:00.778695,1,,,1000.0,5,,0.0,M_exp_W_no,,,,,,,,,,,0,0,,,400,50,,,,,,,,,,,,,,,,,1,1,"7, 8",1,0.0,0.0,0.0,0.0,0.0,0,0,0,1,-1,4,0.0,0.0,1,1,351.0,144.0,62.5,160.0,50.0,150.0,Down,Up,75,60,100,50,55.8743961352657,52.10828025477707,58.87378640776699,50.91025641025641,10,99iosefo,,,,,0
21,an9ihpoe,,0,587,587,FinalPage,ThankYou,2026-09-14 06:17:00.785536,1,,,833.33,1,,0.0,M_exp_W_no,,,,,,,,,,,0,0,,,449,149,,,,,,,,,,,,,,,,,1,1,"7, 8",1,0.0,0.0,0.0,0.0,0.0,0,0,0,0,1,5,0.0,0.0,0,0,449.0,149.0,62.5,75.0,85.0,75.0,Down,Down,75,50,50,30,55.8743961352657,52.10828025477707,58.87378640776699,50.91025641025641,10,99iosefo,,,,,0
22,rbyuqaqn,,0,587,587,FinalPage,ThankYou,2026-09-14 06:17:00.797356,1,,,111.11,2,,0.0,M_exp_W_no,,,,,,,,,,,0,0,,,467,130,,,,,,,,,,,,,,,,,1,1,"7, 8",1,0.0,0.0,0.0,0.0,0.0,0,0,0,1,-1,5,0.0,0.0,0,0,449.0,149.0,62.5,75.0,85.0,75.0,Down,Down,75,50,50,30,55.8743961352657,52.10828025477707,58.87378640776699,50.91025641025641,10,99iosefo,,,,,0
23,3pb269ab,,0,587,587,FinalPage,ThankYou,2026-09-14 06:17:01.139805,1,,,0.0,3,,0.0,M_exp_W_no,,,,,,,,,,,0,0,,,451,149,,,,,,,,,,,,,,,,,1,1,"7, 8",1,0.0,0.0,0.0,0.0,0.0,0,0,0,1,0,5,0.0,0.0,0,0,449.0,149.0,62.5,75.0,85.0,75.0,Down,Down,75,50,50,30,55.8743961352657,52.10828025477707,58.87378640776699,50.91025641025641,10,99iosefo,,,,,0
24,ewpd3m8q,,0,587,587,FinalPage,ThankYou,2026-09-14 06:17:01.323728,1,,,388.89,4,,0.0,M_exp_W_no,,,,,,,,,,,0,0,,,425,175,,,,,,,,,,,,,,,,,1,1,"7, 8",1,0.0,0.0,0.0,0.0,0.0,0,0,0,-1,1,5,0.0,0.0,0,0,449.0,149.0,62.5,75.0,85.0,75.0,Down,Down,75,50,50,30,55.8743961352657,52.10828025477707,58.87378640776699,50.91025641025641,10,99iosefo,,,,,0
25,0tv7bd9u,,0,587,587,FinalPage,ThankYou,2026-09-14 06:17:01.359212,1,,,1277.78,5,,0.0,M_exp_W_no,,,,,,,,,,,0,0,,,125,113,,,,,,,,,,,,,,,,,1,1,"7, 8",1,0.0,0.0,0.0,0.0,0.0,0,0,0,-1,-1,5,0.0,0.0,0,0,449.0,149.0,62.5,75.0,85.0,75.0,Down,Down,75,50,50,30,55.8743961352657,52.10828025477707,58.87378640776699,50.91025641025641,10,99iosefo,,,,,0
1,cfn8fv6w,,0,587,587,FinalPage,ThankYou,2026-09-14 06:16:59.777071,1,,,611.11,1,,0.0,M_exp_W_no,,,,,45,,,,,,0,0,100,50,,,,,,,,,,,110,200.0,100,175.0,50,100.0,100,75.0,1,1,"7, 8",1,0.0,0.0,0.0,0.0,0.0,0,0,0,0,0,1,100.0,50.0,0,1,0.0,0.0,150.0,140.0,150.0,200.0,Up,Up,50,40,50,100,55.8743961352657,52.10828025477707,58.87378640776699,50.91025641025641,11,99iosefo,,,,,0
2,a1q00v4p,,0,587,587,FinalPage,ThankYou,2026-09-14 06:16:59.895789,1,,,1388.89,2,,0.0,M_exp_W_no,,,,,33,,,,,,0,0,10,10,,,,,,,,,,,100,300.0,100,300.0,100,300.0,100,300.0,1,1,"7, 8",1,0.0,0.0,0.0,0.0,0.0,0,-1,-1,0,0,1,100.0,50.0,0,1,0.0,0.0,150.0,140.0,150.0,200.0,Up,Up,50,40,50,100,55.8743961352657,52.10828025477707,58.87378640776699,50.91025641025641,11,99iosefo,,,,,0
3,rucumqi6,,0,587,587,FinalPage,ThankYou,2026-09-14 06:16:59.987057,1,,,1222.22,3,,0.0,M_exp_W_no,,,,,35,,,,,,0,0,1,1,,,,,,,,,,,100,420.0,100,450.0,100,180.0,100,150.0,1,1,"7, 8",1,0.0,0.0,0.0,0.0,0.0,0,-1,-1,0,0,1,100.0,50.0,0,1,0.0,0.0,150.0,140.0,150.0,200.0,Up,Up,50,40,50,100,55.8743961352657,52.10828025477707,58.87378640776699,50.91025641025641,11,99iosefo,,,,,0
4,lbzqe7lh,,0,587,587,FinalPage,ThankYou,2026-09-14 06:17:00.402890,1,,,555.56,4,,0.0,M_exp_W_no,,,,,25,,,,,,0,0,100,100,,,,,,,,,,,60,100.0,50,120.0,33,50.0,33,50.0,1,1,"7, 8",1,0.0,0.0,0.0,0.0,0.0,0,1,1,0,0,1,100.0,50.0,0,1,0.0,0.0,150.0,140.0,150.0,200.0,Up,Up,50,40,50,100,55.8743961352657,52.10828025477707,58.87378640776699,50.91025641025641,11,99iosefo,,,,,0
5,i42igenv,,0,587,587,FinalPage,ThankYou,2026-09-14 06:17:00.510083,1,,,944.44,5,,0.0,M_exp_W_no,,,,,72,,,,,,0,0,250,100,,,,,,,,,,,145,180.0,130,150.0,120,140.0,101,80.0,1,1,"7, 8",1,0.0,0.0,0.0,0.0,0.0,0,1,1,0,0,1,100.0,50.0,0,1,0.0,0.0,150.0,140.0,150.0,200.0,Up,Up,50,40,50,100,55.8743961352657,52.10828025477707,58.87378640776699,50.91025641025641,11,99iosefo,,,,,0
6,2nkc141x,,0,587,587,FinalPage,ThankYou,2026-09-14 06:17:00.564137,1,,,722.22,1,,0.0,M_exp_W_no,,,,,80,,,,,,0,0,300,300,,,,,,,,,,,50,150.0,50,100.0,150,450.0,200,500.0,1,1,"7, 8",1,0.0,0.0,0.0,0.0,0.0,0,1,0,0,0,2,250.0,300.0,1,0,0.0,0.0,72.5,150.0,75.0,170.0,Down,Up,55,50,70,50,55.8743961352657,52.10828025477707,58.87378640776699,50.91025641025641,11,99iosefo,,,,,0
7,oqud1wxk,,0,587,587,FinalPage,ThankYou,2026-09-14 06:17:00.583781,1,,,500.0,2,,0.0,M_exp_W_no,,,,,60,,,,,,0,0,250,350,,,,,,,,,,,150,200.0,150,200.0,200,400.0,180,350.0,1,1,"7, 8",1,0.0,0.0,0.0,0.0,0.0,0,0,1,0,0,2,250.0,300.0,1,0,0.0,0.0,72.5,150.0,75.0,170.0,Down,Up,55,50,70,50,55.8743961352657,52.10828025477707,58.87378640776699,50.91025641025641,11,99iosefo,,,,,0
8,a6q31ex7,,0,587,587,FinalPage,ThankYou,2026-09-14 06:17:00.593150,1,,,555.56,3,,0.0,M_exp_W_no,,,,,65,,,,,,0,0,200,396,,,,,,,,,,,100,350.0,100,300.0,100,250.0,100,300.0,1,1,"7, 8",1,0.0,0.0,0.0,0.0,0.0,0,-1,1,0,0,2,250.0,300.0,1,0,0.0,0.0,72.5,150.0,75.0,170.0,Down,Up,55,50,70,50,55.8743961352657,52.10828025477707,58.87378640776699,50.91025641025641,11,99iosefo,,,,,0
9,o60mnzij,,0,587,587,FinalPage,ThankYou,2026-09-14 06:17:00.600802,1,,,277.78,4,,0.0,M_exp_W_no,,,,,40,,,,,,0,0,350,250,,,,,,,,,,,150,400.0,100,400.0,200,300.0,150,600.0,1,1,"7, 8",1,0.0,0.0,0.0,0.0,0.0,0,1,-1,0,0,2,250.0,300.0,1,0,0.0,0.0,72.5,150.0,75.0,170.0,Down,Up,55,50,70,50,55.8743961352657,52.10828025477707,58.87378640776699,50.91025641025641,11,99iosefo,,,,,0
10,bnt5i99k,,0,587,587,FinalPage,ThankYou,2026-09-14 06:17:00.609096,1,,,1277.78,5,,0.0,M_exp_W_no,,,,,70,,,,,,0,0,1,1,,,,,,,,,,,70,300.0,100,300.0,150,300.0,150,300.0,1,1,"7, 8",1,0.0,0.0,0.0,0.0,0.0,0,-1,-1,0,0,2,250.0,300.0,1,0,0.0,0.0,72.5,150.0,75.0,170.0,Down,Up,55,50,70,50,55.8743961352657,52.10828025477707,58.87378640776699,50.91025641025641,11,99iosefo,,,,,0
11,zrywj9fx,,0,587,587,FinalPage,ThankYou,2026-09-14 06:17:00.638517,1,,,722.22,1,,0.0,M_exp_W_no,,,,,35,,,,,,0,0,250,160,,,,,,,,,,,75,350.0,100,300.0,25,250.0,65,100.0,1,1,"7, 8",1,0.0,0.0,0.0,0.0,0.0,0,-1,1,0,0,3,280.0,150.0,0,1,0.0,0.0,65.0,180.0,200.0,75.0,Up,Down,70,80,100,50,55.8743961352657,52.10828025477707,58.87378640776699,50.91025641025641,11,99iosefo,,,,,0
12,i44g0thi,,0,587,587,FinalPage,ThankYou,2026-09-14 06:17:00.645494,1,,,1111.11,2,,0.0,M_exp_W_no,,,,,40,,,,,,0,0,300,140,,,,,,,,,,,20,450.0,30,500.0,50,250.0,50,250.0,1,1,"7, 8",1,0.0,0.0,0.0,0.0,0.0,0,1,-1,0,0,3,280.0,150.0,0,1,0.0,0.0,65.0,180.0,200.0,75.0,Up,Down,70,80,100,50,55.8743961352657,52.10828025477707,58.87378640776699,50.91025641025641,11,99iosefo,,,,,0
13,s9ryf5kv,,0,587,587,FinalPage,ThankYou,2026-09-14 06:17:00.652437,1,,,222.22,3,,0.0,M_exp_W_no,,,,,42,,,,,,0,0,280,150,,,,,,,,,,,40,270.0,40,270.0,20,150.0,20,150.0,1,1,"7, 8",1,0.0,0.0,0.0,0.0,0.0,0,1,0,0,0,3,280.0,150.0,0,1,0.0,0.0,65.0,180.0,200.0,75.0,Up,Down,70,80,100,50,55.8743961352657,52.10828025477707,58.87378640776699,50.91025641025641,11,99iosefo,,,,,0
14,oe31za5u,,0,587,587,FinalPage,ThankYou,2026-09-14 06:17:00.679392,1,,,1166.67,4,,0.0,M_exp_W_no,,,,,15,,,,,,0,0,280,220,,,,,,,,,,,185,280.0,185,300.0,150,270.0,150,280.0,1,1,"7, 8",1,0.0,0.0,0.0,0.0,0.0,0,0,1,0,0,3,280.0,150.0,0,1,0.0,0.0,65.0,180.0,200.0,75.0,Up,Down,70,80,100,50,55.8743961352657,52.10828025477707,58.87378640776699,50.91025641025641,11,99iosefo,,,,,0
15,v86y9zyn,,0,587,587,FinalPage,ThankYou,2026-09-14 06:17:00.686214,1,,,888.89,5,,0.0,M_exp_W_no,,,,,15,,,,,,0,0,250,115,,,,,,,,,,,45,300.0,45,320.0,40,125.0,45,160.0,1,1,"7, 8",1,0.0,0.0,0.0,0.0,0.0,0,-1,-1,0,0,3,280.0,150.0,0,1,0.0,0.0,65.0,180.0,200.0,75.0,Up,Down,70,80,100,50,55.8743961352657,52.10828025477707,58.87378640776699,50.91025641025641,11,99iosefo,,,,,0
16,3p6ks3hb,,0,587,587,FinalPage,ThankYou,2026-09-14 06:17:00.693437,1,,,722.22,1,,0.0,M_exp_W_no,,,,,31,,,,,,0,0,395,205,,,,,,,,,,,167,446.0,181,409.0,125,365.0,112,292.0,1,1,"7, 8",1,0.0,0.0,0.0,0.0,0.0,0,1,1,0,0,4,350.0,200.0,1,1,0.0,0.0,62.5,160.0,50.0,150.0,Down,Up,75,60,100,50,55.8743961352657,52.10828025477707,58.87378640776699,50.91025641025641,11,99iosefo,,,,,0
17,y5kgtmfb,,0,587,587,FinalPage,ThankYou,2026-09-14 06:17:00.700222,1,,,1000.0,2,,0.0,M_exp_W_no,,,,,25,,,,,,0,0,350,140,,,,,,,,,,,150,375.0,150,375.0,50,145.0,50,145.0,1,1,"7, 8",1,0.0,0.0,0.0,0.0,0.0,0,0,-1,0,0,4,350.0,200.0,1,1,0.0,0.0,62.5,160.0,50.0,150.0,Down,Up,75,60,100,50,55.8743961352657,52.10828025477707,58.87378640776699,50.91025641025641,11,99iosefo,,,,,0
18,ebzeqzcf,,0,587,587,FinalPage,ThankYou,2026-09-14 06:17:00.708228,1,,,111.11,3,,0.0,M_exp_W_no,,,,,33,,,,,,0,0,300,148,,,,,,,,,,,150,350.0,150,350.0,80,150.0,80,150.0,1,1,"7, 8",1,0.0,0.0,0.0,0.0,0.0,0,-1,-1,0,0,4,350.0,200.0,1,1,0.0,0.0,62.5,160.0,50.0,150.0,Down,Up,75,60,100,50,55.8743961352657,52.10828025477707,58.87378640776699,50.91025641025641,11,99iosefo,,,,,0
19,pb6d6kev,,0,587,587,FinalPage,ThankYou,2026-09-14 06:17:00.749218,1,,,777.78,4,,0.0,M_exp_W_no,,,,,40,,,,,,0,0,400,200,,,,,,,,,,,110,300.0,150,400.0,60,150.0,80,200.0,1,1,"7, 8",1,0.0,0.0,0.0,0.0,0.0,0,1,1,0,0,4,350.0,200.0,1,1,0.0,0.0,62.5,160.0,50.0,150.0,Down,Up,75,60,100,50,55.8743961352657,52.10828025477707,58.87378640776699,50.91025641025641,11,99iosefo,,,,,0
20,m8xnbw73,,0,587,587,FinalPage,ThankYou,2026-09-14 06:17:00.778695,1,,,1000.0,5,,0.0,M_exp_W_no,,,,,32,,,,,,0,0,260,200,,,,,,,,,,,200,300.0,200,500.0,100,220.0,100,100.0,1,1,"7, 8",1,0.0,0.0,0.0,0.0,0.0,0,-1,0,0,0,4,350.0,200.0,1,1,0.0,0.0,62.5,160.0,50.0,150.0,Down,Up,75,60,100,50,55.8743961352657,52.10828025477707,58.87378640776699,50.91025641025641,11,99iosefo,,,,,0
21,an9ihpoe,,0,587,587,FinalPage,ThankYou,2026-09-14 06:17:00.785536,1,,,833.33,1,,0.0,M_exp_W_no,,,,,70,,,,,,0,0,150,450,,,,,,,,,,,50,150.0,100,150.0,150,450.0,100,450.0,1,1,"7, 8",1,0.0,0.0,0.0,0.0,0.0,0,1,1,0,0,5,150.0,450.0,0,0,0.0,0.0,62.5,75.0,85.0,75.0,Down,Down,75,50,50,30,55.8743961352657,52.10828025477707,58.87378640776699,50.91025641025641,11,99iosefo,,,,,0
22,rbyuqaqn,,0,587,587,FinalPage,ThankYou,2026-09-14 06:17:00.797356,1,,,111.11,2,,0.0,M_exp_W_no,,,,,75,,,,,,0,0,150,450,,,,,,,,,,,100,150.0,100,150.0,120,450.0,120,450.0,1,1,"7, 8",1,0.0,0.0,0.0,0.0,0.0,0,0,0,0,0,5,150.0,450.0,0,0,0.0,0.0,62.5,75.0,85.0,75.0,Down,Down,75,50,50,30,55.8743961352657,52.10828025477707,58.87378640776699,50.91025641025641,11,99iosefo,,,,,0
23,3pb269ab,,0,587,587,FinalPage,ThankYou,2026-09-14 06:17:01.139805,1,,,0.0,3,,0.0,M_exp_W_no,,,,,61,,,,,,0,0,100,350,,,,,,,,,,,80,150.0,80,150.0,150,450.0,150,450.0,1,1,"7, 8",1,0.0,0.0,0.0,0.0,0.0,0,-1,-1,0,0,5,150.0,450.0,0,0,0.0,0.0,62.5,75.0,85.0,75.0,Down,Down,75,50,50,30,55.8743961352657,52.10828025477707,58.87378640776699,50.91025641025641,11,99iosefo,,,,,0
24,ewpd3m8q,,0,587,587,FinalPage,ThankYou,2026-09-14 06:17:01.323728,1,,,388.89,4,,0.0,M_exp_W_no,,,,,80,,,,,,0,0,150,450,,,,,,,,,,,50,150.0,50,150.0,150,450.0,150,450.0,1,1,"7, 8",1,0.0,0.0,0.0,0.0,0.0,0,1,1,0,0,5,150.0,450.0,0,0,0.0,0.0,62.5,75.0,85.0,75.0,Down,Down,75,50,50,30,55.8743961352657,52.10828025477707,58.87378640776699,50.91025641025641,11,99iosefo,,,,,0
25,0tv7bd9u,,0,587,587,FinalPage,ThankYou,2026-09-14 06:17:01.359212,1,,,1277.78,5,,0.0,M_exp_W_no,,,,,80,,,,,,0,0,120,170,,,,,,,,,,,25,150.0,77,150.0,75,430.0,23,430.0,1,1,"7, 8",1,0.0,0.0,0.0,0.0,0.0,0,-1,-1,0,0,5,150.0,450.0,0,0,0.0,0.0,62.5,75.0,85.0,75.0,Down,Down,75,50,50,30,55.8743961352657,52.10828025477707,58.87378640776699,50.91025641025641,11,99iosefo,,,,,0
1,cfn8fv6w,,0,587,587,FinalPage,ThankYou,2026-09-14 06:16:59.777071,1,,,611.11,1,,0.0,M_exp_W_no,,,,,,,,,,,0,0,150,75,,,,,,,,,,,,,,,,,,,1,1,"7, 8",1,0.0,0.0,0.0,0.0,0.0,0,1,1,0,0,1,100.0,70.0,0,1,0.0,0.0,150.0,140.0,150.0,200.0,Up,Up,50,40,50,100,55.8743961352657,52.10828025477707,58.87378640776699,50.91025641025641,12,99iosefo,,,,,0
2,a1q00v4p,,0,587,587,FinalPage,ThankYou,2026-09-14 06:16:59.895789,1,,,1388.89,2,,0.0,M_exp_W_no,,,,,,,,,,,0,0,20,20,,,,,,,,,,,,,,,,,,,1,1,"7, 8",1,0.0,0.0,0.0,0.0,0.0,0,-1,-1,0,0,1,100.0,70.0,0,1,0.0,0.0,150.0,140.0,150.0,200.0,Up,Up,50,40,50,100,55.8743961352657,52.10828025477707,58.87378640776699,50.91025641025641,12,99iosefo,,,,,0
3,rucumqi6,,0,587,587,FinalPage,ThankYou,2026-09-14 06:16:59.987057,1,,,1222.22,3,,0.0,M_exp_W_no,,,,,,,,,,,0,0,100,200,,,,,,,,,,,,,,,,,,,1,1,"7, 8",1,0.0,0.0,0.0,0.0,0.0,0,0,1,0,0,1,100.0,70.0,0,1,0.0,0.0,150.0,140.0,150.0,200.0,Up,Up,50,40,50,100,55.8743961352657,52.10828025477707,58.87378640776699,50.91025641025641,12,99iosefo,,,,,0
4,lbzqe7lh,,0,587,587,FinalPage,ThankYou,2026-09-14 06:17:00.402890,1,,,555.56,4,,0.0,M_exp_W_no,,,,,,,,,,,0,0,75,45,,,,,,,,,,,,,,,,,,,1,1,"7, 8",1,0.0,0.0,0.0,0.0,0.0,0,-1,-1,0,0,1,100.0,70.0,0,1,0.0,0.0,150.0,140.0,150.0,200.0,Up,Up,50,40,50,100,55.8743961352657,52.10828025477707,58.87378640776699,50.91025641025641,12,99iosefo,,,,,0
5,i42igenv,,0,587,587,FinalPage,ThankYou,2026-09-14 06:17:00.510083,1,,,944.44,5,,0.0,M_exp_W_no,,,,,,,,,,,0,0,125,70,,,,,,,,,,,,,,,,,,,1,1,"7, 8",1,0.0,0.0,0.0,0.0,0.0,0,1,0,0,0,1,100.0,70.0,0,1,0.0,0.0,150.0,140.0,150.0,200.0,Up,Up,50,40,50,100,55.8743961352657,52.10828025477707,58.87378640776699,50.91025641025641,12,99iosefo,,,,,0
6,2nkc141x,,0,587,587,FinalPage,ThankYou,2026-09-14 06:17:00.564137,1,,,722.22,1,,0.0,M_exp_W_no,,,,,,,,,,,0,0,200,400,,,,,,,,,,,,,,,,,,,1,1,"7, 8",1,0.0,0.0,0.0,0.0,0.0,0,-1,1,0,0,2,200.0,350.0,1,0,0.0,0.0,72.5,150.0,75.0,170.0,Down,Up,55,50,70,50,55.8743961352657,52.10828025477707,58.87378640776699,50.91025641025641,12,99iosefo,,,,,0
7,oqud1wxk,,0,587,587,FinalPage,ThankYou,2026-09-14 06:17:00.583781,1,,,500.0,2,,0.0,M_exp_W_no,,,,,,,,,,,0,0,300,300,,,,,,,,,,,,,,,,,,,1,1,"7, 8",1,0.0,0.0,0.0,0.0,0.0,0,1,-1,0,0,2,200.0,350.0,1,0,0.0,0.0,72.5,150.0,75.0,170.0,Down,Up,55,50,70,50,55.8743961352657,52.10828025477707,58.87378640776699,50.91025641025641,12,99iosefo,,,,,0
8,a6q31ex7,,0,587,587,FinalPage,ThankYou,2026-09-14 06:17:00.593150,1,,,555.56,3,,0.0,M_exp_W_no,,,,,,,,,,,0,0,250,350,,,,,,,,,,,,,,,,,,,1,1,"7, 8",1,0.0,0.0,0.0,0.0,0.0,0,1,0,0,0,2,200.0,350.0,1,0,0.0,0.0,72.5,150.0,75.0,170.0,Down,Up,55,50,70,50,55.8743961352657,52.10828025477707,58.87378640776699,50.91025641025641,12,99iosefo,,,,,0
9,o60mnzij,,0,587,587,FinalPage,ThankYou,2026-09-14 06:17:00.600802,1,,,277.78,4,,0.0,M_exp_W_no,,,,,,,,,,,0,0,200,400,,,,,,,,,,,,,,,,,,,1,1,"7, 8",1,0.0,0.0,0.0,0.0,0.0,0,0,1,0,0,2,200.0,350.0,1,0,0.0,0.0,72.5,150.0,75.0,170.0,Down,Up,55,50,70,50,55.8743961352657,52.10828025477707,58.87378640776699,50.91025641025641,12,99iosefo,,,,,0
10,bnt5i99k,,0,587,587,FinalPage,ThankYou,2026-09-14 06:17:00.609096,1,,,1277.78,5,,0.0,M_exp_W_no,,,,,,,,,,,0,0,1,1,,,,,,,,,,,,,,,,,,,1,1,"7, 8",1,0.0,0.0,0.0,0.0,0.0,0,-1,-1,0,0,2,200.0,350.0,1,0,0.0,0.0,72.5,150.0,75.0,170.0,Down,Up,55,50,70,50,55.8743961352657,52.10828025477707,58.87378640776699,50.91025641025641,12,99iosefo,,,,,0
11,zrywj9fx,,0,587,587,FinalPage,ThankYou,2026-09-14 06:17:00.638517,1,,,722.22,1,,0.0,M_exp_W_no,,,,,,,,,,,0,0,266,151,,,,,,,,,,,,,,,,,,,1,1,"7, 8",1,0.0,0.0,0.0,0.0,0.0,0,0,0,0,0,3,266.0,151.0,0,1,0.0,0.0,65.0,180.0,200.0,75.0,Up,Down,70,80,100,50,55.8743961352657,52.10828025477707,58.87378640776699,50.91025641025641,12,99iosefo,,,,,0
12,i44g0thi,,0,587,587,FinalPage,ThankYou,2026-09-14 06:17:00.645494,1,,,1111.11,2,,0.0,M_exp_W_no,,,,,,,,,,,0,0,260,165,,,,,,,,,,,,,,,,,,,1,1,"7, 8",1,0.0,0.0,0.0,0.0,0.0,0,-1,1,0,0,3,266.0,151.0,0,1,0.0,0.0,65.0,180.0,200.0,75.0,Up,Down,70,80,100,50,55.8743961352657,52.10828025477707,58.87378640776699,50.91025641025641,12,99iosefo,,,,,0
13,s9ryf5kv,,0,587,587,FinalPage,ThankYou,2026-09-14 06:17:00.652437,1,,,222.22,3,,0.0,M_exp_W_no,,,,,,,,,,,0,0,285,130,,,,,,,,,,,,,,,,,,,1,1,"7, 8",1,0.0,0.0,0.0,0.0,0.0,0,1,-1,0,0,3,266.0,151.0,0,1,0.0,0.0,65.0,180.0,200.0,75.0,Up,Down,70,80,100,50,55.8743961352657,52.10828025477707,58.87378640776699,50.91025641025641,12,99iosefo,,,,,0
14,oe31za5u,,0,587,587,FinalPage,ThankYou,2026-09-14 06:17:00.679392,1,,,1166.67,4,,0.0,M_exp_W_no,,,,,,,,,,,0,0,290,155,,,,,,,,,,,,,,,,,,,1,1,"7, 8",1,0.0,0.0,0.0,0.0,0.0,0,1,1,0,0,3,266.0,151.0,0,1,0.0,0.0,65.0,180.0,200.0,75.0,Up,Down,70,80,100,50,55.8743961352657,52.10828025477707,58.87378640776699,50.91025641025641,12,99iosefo,,,,,0
15,v86y9zyn,,0,587,587,FinalPage,ThankYou,2026-09-14 06:17:00.686214,1,,,888.89,5,,0.0,M_exp_W_no,,,,,,,,,,,0,0,265,120,,,,,,,,,,,,,,,,,,,1,1,"7, 8",1,0.0,0.0,0.0,0.0,0.0,0,-1,-1,0,0,3,266.0,151.0,0,1,0.0,0.0,65.0,180.0,200.0,75.0,Up,Down,70,80,100,50,55.8743961352657,52.10828025477707,58.87378640776699,50.91025641025641,12,99iosefo,,,,,0
16,3p6ks3hb,,0,587,587,FinalPage,ThankYou,2026-09-14 06:17:00.693437,1,,,722.22,1,,0.0,M_exp_W_no,,,,,,,,,,,0,0,317,261,,,,,,,,,,,,,,,,,,,1,1,"7, 8",1,0.0,0.0,0.0,0.0,0.0,0,-1,1,0,0,4,350.0,175.0,1,1,0.0,0.0,62.5,160.0,50.0,150.0,Down,Up,75,60,100,50,55.8743961352657,52.10828025477707,58.87378640776699,50.91025641025641,12,99iosefo,,,,,0
17,y5kgtmfb,,0,587,587,FinalPage,ThankYou,2026-09-14 06:17:00.700222,1,,,1000.0,2,,0.0,M_exp_W_no,,,,,,,,,,,0,0,350,175,,,,,,,,,,,,,,,,,,,1,1,"7, 8",1,0.0,0.0,0.0,0.0,0.0,0,0,0,0,0,4,350.0,175.0,1,1,0.0,0.0,62.5,160.0,50.0,150.0,Down,Up,75,60,100,50,55.8743961352657,52.10828025477707,58.87378640776699,50.91025641025641,12,99iosefo,,,,,0
18,ebzeqzcf,,0,587,587,FinalPage,ThankYou,2026-09-14 06:17:00.708228,1,,,111.11,3,,0.0,M_exp_W_no,,,,,,,,,,,0,0,350,170,,,,,,,,,,,,,,,,,,,1,1,"7, 8",1,0.0,0.0,0.0,0.0,0.0,0,1,-1,0,0,4,350.0,175.0,1,1,0.0,0.0,62.5,160.0,50.0,150.0,Down,Up,75,60,100,50,55.8743961352657,52.10828025477707,58.87378640776699,50.91025641025641,12,99iosefo,,,,,0
19,pb6d6kev,,0,587,587,FinalPage,ThankYou,2026-09-14 06:17:00.749218,1,,,777.78,4,,0.0,M_exp_W_no,,,,,,,,,,,0,0,348,199,,,,,,,,,,,,,,,,,,,1,1,"7, 8",1,0.0,0.0,0.0,0.0,0.0,0,-1,1,0,0,4,350.0,175.0,1,1,0.0,0.0,62.5,160.0,50.0,150.0,Down,Up,75,60,100,50,55.8743961352657,52.10828025477707,58.87378640776699,50.91025641025641,12,99iosefo,,,,,0
20,m8xnbw73,,0,587,587,FinalPage,ThankYou,2026-09-14 06:17:00.778695,1,,,1000.0,5,,0.0,M_exp_W_no,,,,,,,,,,,0,0,370,100,,,,,,,,,,,,,,,,,,,1,1,"7, 8",1,0.0,0.0,0.0,0.0,0.0,0,1,-1,0,0,4,350.0,175.0,1,1,0.0,0.0,62.5,160.0,50.0,150.0,Down,Up,75,60,100,50,55.8743961352657,52.10828025477707,58.87378640776699,50.91025641025641,12,99iosefo,,,,,0
21,an9ihpoe,,0,587,587,FinalPage,ThankYou,2026-09-14 06:17:00.785536,1,,,833.33,1,,0.0,M_exp_W_no,,,,,,,,,,,0,0,149,450,,,,,,,,,,,,,,,,,,,1,1,"7, 8",1,0.0,0.0,0.0,0.0,0.0,0,1,0,0,0,5,149.0,450.0,0,0,0.0,0.0,62.5,75.0,85.0,75.0,Down,Down,75,50,50,30,55.8743961352657,52.10828025477707,58.87378640776699,50.91025641025641,12,99iosefo,,,,,0
22,rbyuqaqn,,0,587,587,FinalPage,ThankYou,2026-09-14 06:17:00.797356,1,,,111.11,2,,0.0,M_exp_W_no,,,,,,,,,,,0,0,140,460,,,,,,,,,,,,,,,,,,,1,1,"7, 8",1,0.0,0.0,0.0,0.0,0.0,0,-1,1,0,0,5,149.0,450.0,0,0,0.0,0.0,62.5,75.0,85.0,75.0,Down,Down,75,50,50,30,55.8743961352657,52.10828025477707,58.87378640776699,50.91025641025641,12,99iosefo,,,,,0
23,3pb269ab,,0,587,587,FinalPage,ThankYou,2026-09-14 06:17:01.139805,1,,,0.0,3,,0.0,M_exp_W_no,,,,,,,,,,,0,0,149,451,,,,,,,,,,,,,,,,,,,1,1,"7, 8",1,0.0,0.0,0.0,0.0,0.0,0,0,1,0,0,5,149.0,450.0,0,0,0.0,0.0,62.5,75.0,85.0,75.0,Down,Down,75,50,50,30,55.8743961352657,52.10828025477707,58.87378640776699,50.91025641025641,12,99iosefo,,,,,0
24,ewpd3m8q,,0,587,587,FinalPage,ThankYou,2026-09-14 06:17:01.323728,1,,,388.89,4,,0.0,M_exp_W_no,,,,,,,,,,,0,0,150,450,,,,,,,,,,,,,,,,,,,1,1,"7, 8",1,0.0,0.0,0.0,0.0,0.0,0,1,-1,0,0,5,149.0,450.0,0,0,0.0,0.0,62.5,75.0,85.0,75.0,Down,Down,75,50,50,30,55.8743961352657,52.10828025477707,58.87378640776699,50.91025641025641,12,99iosefo,,,,,0
25,0tv7bd9u,,0,587,587,FinalPage,ThankYou,2026-09-14 06:17:01.359212,1,,,1277.78,5,,0.0,M_exp_W_no,,,,,,,,,,,0,0,120,170,,,,,,,,,,,,,,,,,,,1,1,"7, 8",1,0.0,0.0,0.0,0.0,0.0,0,-1,-1,0,0,5,149.0,450.0,0,0,0.0,0.0,62.5,75.0,85.0,75.0,Down,Down,75,50,50,30,55.8743961352657,52.10828025477707,58.87378640776699,50.91025641025641,12,99iosefo,,,,,0
1,cfn8fv6w,,0,587,587,FinalPage,ThankYou,2026-09-14 06:16:59.777071,1,,,611.11,1,,0.0,M_exp_W_no,,,,,,,,,,,0,0,150,45,,,,,,,,,,,,,,,,,,,1,1,"7, 8",1,0.0,0.0,0.0,0.0,0.0,0,1,-1,0,0,1,125.0,55.0,0,1,0.0,0.0,150.0,140.0,150.0,200.0,Up,Up,50,40,50,100,55.8743961352657,52.10828025477707,58.87378640776699,50.91025641025641,13,99iosefo,,,,,0
2,a1q00v4p,,0,587,587,FinalPage,ThankYou,2026-09-14 06:16:59.895789,1,,,1388.89,2,,0.0,M_exp_W_no,,,,,,,,,,,0,0,20,20,,,,,,,,,,,,,,,,,,,1,1,"7, 8",1,0.0,0.0,0.0,0.0,0.0,0,-1,-1,0,0,1,125.0,55.0,0,1,0.0,0.0,150.0,140.0,150.0,200.0,Up,Up,50,40,50,100,55.8743961352657,52.10828025477707,58.87378640776699,50.91025641025641,13,99iosefo,,,,,0
3,rucumqi6,,0,587,587,FinalPage,ThankYou,2026-09-14 06:16:59.987057,1,,,1222.22,3,,0.0,M_exp_W_no,,,,,,,,,,,0,0,200,100,,,,,,,,,,,,,,,,,,,1,1,"7, 8",1,0.0,0.0,0.0,0.0,0.0,0,1,1,0,0,1,125.0,55.0,0,1,0.0,0.0,150.0,140.0,150.0,200.0,Up,Up,50,40,50,100,55.8743961352657,52.10828025477707,58.87378640776699,50.91025641025641,13,99iosefo,,,,,0
4,lbzqe7lh,,0,587,587,FinalPage,ThankYou,2026-09-14 06:17:00.402890,1,,,555.56,4,,0.0,M_exp_W_no,,,,,,,,,,,0,0,85,55,,,,,,,,,,,,,,,,,,,1,1,"7, 8",1,0.0,0.0,0.0,0.0,0.0,0,-1,0,0,0,1,125.0,55.0,0,1,0.0,0.0,150.0,140.0,150.0,200.0,Up,Up,50,40,50,100,55.8743961352657,52.10828025477707,58.87378640776699,50.91025641025641,13,99iosefo,,,,,0
5,i42igenv,,0,587,587,FinalPage,ThankYou,2026-09-14 06:17:00.510083,1,,,944.44,5,,0.0,M_exp_W_no,,,,,,,,,,,0,0,125,85,,,,,,,,,,,,,,,,,,,1,1,"7, 8",1,0.0,0.0,0.0,0.0,0.0,0,0,1,0,0,1,125.0,55.0,0,1,0.0,0.0,150.0,140.0,150.0,200.0,Up,Up,50,40,50,100,55.8743961352657,52.10828025477707,58.87378640776699,50.91025641025641,13,99iosefo,,,,,0
6,2nkc141x,,0,587,587,FinalPage,ThankYou,2026-09-14 06:17:00.564137,1,,,722.22,1,,0.0,M_exp_W_no,,,,,,,,,,,0,0,150,400,,,,,,,,,,,,,,,,,,,1,1,"7, 8",1,0.0,0.0,0.0,0.0,0.0,0,0,1,0,0,2,150.0,400.0,1,0,0.0,0.0,72.5,150.0,75.0,170.0,Down,Up,55,50,70,50,55.8743961352657,52.10828025477707,58.87378640776699,50.91025641025641,13,99iosefo,,,,,0
7,oqud1wxk,,0,587,587,FinalPage,ThankYou,2026-09-14 06:17:00.583781,1,,,500.0,2,,0.0,M_exp_W_no,,,,,,,,,,,0,0,200,400,,,,,,,,,,,,,,,,,,,1,1,"7, 8",1,0.0,0.0,0.0,0.0,0.0,0,1,0,0,0,2,150.0,400.0,1,0,0.0,0.0,72.5,150.0,75.0,170.0,Down,Up,55,50,70,50,55.8743961352657,52.10828025477707,58.87378640776699,50.91025641025641,13,99iosefo,,,,,0
8,a6q31ex7,,0,587,587,FinalPage,ThankYou,2026-09-14 06:17:00.593150,1,,,555.56,3,,0.0,M_exp_W_no,,,,,,,,,,,0,0,150,450,,,,,,,,,,,,,,,,,,,1,1,"7, 8",1,0.0,0.0,0.0,0.0,0.0,0,-1,1,0,0,2,150.0,400.0,1,0,0.0,0.0,72.5,150.0,75.0,170.0,Down,Up,55,50,70,50,55.8743961352657,52.10828025477707,58.87378640776699,50.91025641025641,13,99iosefo,,,,,0
9,o60mnzij,,0,587,587,FinalPage,ThankYou,2026-09-14 06:17:00.600802,1,,,277.78,4,,0.0,M_exp_W_no,,,,,,,,,,,0,0,350,250,,,,,,,,,,,,,,,,,,,1,1,"7, 8",1,0.0,0.0,0.0,0.0,0.0,0,1,-1,0,0,2,150.0,400.0,1,0,0.0,0.0,72.5,150.0,75.0,170.0,Down,Up,55,50,70,50,55.8743961352657,52.10828025477707,58.87378640776699,50.91025641025641,13,99iosefo,,,,,0
10,bnt5i99k,,0,587,587,FinalPage,ThankYou,2026-09-14 06:17:00.609096,1,,,1277.78,5,,0.0,M_exp_W_no,,,,,,,,,,,0,0,1,1,,,,,,,,,,,,,,,,,,,1,1,"7, 8",1,0.0,0.0,0.0,0.0,0.0,0,-1,-1,0,0,2,150.0,400.0,1,0,0.0,0.0,72.5,150.0,75.0,170.0,Down,Up,55,50,70,50,55.8743961352657,52.10828025477707,58.87378640776699,50.91025641025641,13,99iosefo,,,,,0
11,zrywj9fx,,0,587,587,FinalPage,ThankYou,2026-09-14 06:17:00.638517,1,,,722.22,1,,0.0,M_exp_W_no,,,,,,,,,,,0,0,255,155,,,,,,,,,,,,,,,,,,,1,1,"7, 8",1,0.0,0.0,0.0,0.0,0.0,0,-1,1,0,0,3,270.0,150.0,0,1,0.0,0.0,65.0,180.0,200.0,75.0,Up,Down,70,80,100,50,55.8743961352657,52.10828025477707,58.87378640776699,50.91025641025641,13,99iosefo,,,,,0
12,i44g0thi,,0,587,587,FinalPage,ThankYou,2026-09-14 06:17:00.645494,1,,,1111.11,2,,0.0,M_exp_W_no,,,,,,,,,,,0,0,280,145,,,,,,,,,,,,,,,,,,,1,1,"7, 8",1,0.0,0.0,0.0,0.0,0.0,0,1,-1,0,0,3,270.0,150.0,0,1,0.0,0.0,65.0,180.0,200.0,75.0,Up,Down,70,80,100,50,55.8743961352657,52.10828025477707,58.87378640776699,50.91025641025641,13,99iosefo,,,,,0
13,s9ryf5kv,,0,587,587,FinalPage,ThankYou,2026-09-14 06:17:00.652437,1,,,222.22,3,,0.0,M_exp_W_no,,,,,,,,,,,0,0,270,150,,,,,,,,,,,,,,,,,,,1,1,"7, 8",1,0.0,0.0,0.0,0.0,0.0,0,-1,0,0,0,3,270.0,150.0,0,1,0.0,0.0,65.0,180.0,200.0,75.0,Up,Down,70,80,100,50,55.8743961352657,52.10828025477707,58.87378640776699,50.91025641025641,13,99iosefo,,,,,0
14,oe31za5u,,0,587,587,FinalPage,ThankYou,2026-09-14 06:17:00.679392,1,,,1166.67,4,,0.0,M_exp_W_no,,,,,,,,,,,0,0,270,154,,,,,,,,,,,,,,,,,,,1,1,"7, 8",1,0.0,0.0,0.0,0.0,0.0,0,0,1,0,0,3,270.0,150.0,0,1,0.0,0.0,65.0,180.0,200.0,75.0,Up,Down,70,80,100,50,55.8743961352657,52.10828025477707,58.87378640776699,50.91025641025641,13,99iosefo,,,,,0
15,v86y9zyn,,0,587,587,FinalPage,ThankYou,2026-09-14 06:17:00.686214,1,,,888.89,5,,0.0,M_exp_W_no,,,,,,,,,,,0,0,280,140,,,,,,,,,,,,,,,,,,,1,1,"7, 8",1,0.0,0.0,0.0,0.0,0.0,0,1,-1,0,0,3,270.0,150.0,0,1,0.0,0.0,65.0,180.0,200.0,75.0,Up,Down,70,80,100,50,55.8743961352657,52.10828025477707,58.87378640776699,50.91025641025641,13,99iosefo,,,,,0
16,3p6ks3hb,,0,587,587,FinalPage,ThankYou,2026-09-14 06:17:00.693437,1,,,722.22,1,,0.0,M_exp_W_no,,,,,,,,,,,0,0,312,236,,,,,,,,,,,,,,,,,,,1,1,"7, 8",1,0.0,0.0,0.0,0.0,0.0,0,-1,1,0,0,4,349.0,171.0,1,1,0.0,0.0,62.5,160.0,50.0,150.0,Down,Up,75,60,100,50,55.8743961352657,52.10828025477707,58.87378640776699,50.91025641025641,13,99iosefo,,,,,0
17,y5kgtmfb,,0,587,587,FinalPage,ThankYou,2026-09-14 06:17:00.700222,1,,,1000.0,2,,0.0,M_exp_W_no,,,,,,,,,,,0,0,350,150,,,,,,,,,,,,,,,,,,,1,1,"7, 8",1,0.0,0.0,0.0,0.0,0.0,0,1,-1,0,0,4,349.0,171.0,1,1,0.0,0.0,62.5,160.0,50.0,150.0,Down,Up,75,60,100,50,55.8743961352657,52.10828025477707,58.87378640776699,50.91025641025641,13,99iosefo,,,,,0
18,ebzeqzcf,,0,587,587,FinalPage,ThankYou,2026-09-14 06:17:00.708228,1,,,111.11,3,,0.0,M_exp_W_no,,,,,,,,,,,0,0,351,171,,,,,,,,,,,,,,,,,,,1,1,"7, 8",1,0.0,0.0,0.0,0.0,0.0,0,1,0,0,0,4,349.0,171.0,1,1,0.0,0.0,62.5,160.0,50.0,150.0,Down,Up,75,60,100,50,55.8743961352657,52.10828025477707,58.87378640776699,50.91025641025641,13,99iosefo,,,,,0
19,pb6d6kev,,0,587,587,FinalPage,ThankYou,2026-09-14 06:17:00.749218,1,,,777.78,4,,0.0,M_exp_W_no,,,,,,,,,,,0,0,349,148,,,,,,,,,,,,,,,,,,,1,1,"7, 8",1,0.0,0.0,0.0,0.0,0.0,0,0,-1,0,0,4,349.0,171.0,1,1,0.0,0.0,62.5,160.0,50.0,150.0,Down,Up,75,60,100,50,55.8743961352657,52.10828025477707,58.87378640776699,50.91025641025641,13,99iosefo,,,,,0
20,m8xnbw73,,0,587,587,FinalPage,ThankYou,2026-09-14 06:17:00.778695,1,,,1000.0,5,,0.0,M_exp_W_no,,,,,,,,,,,0,0,100,180,,,,,,,,,,,,,,,,,,,1,1,"7, 8",1,0.0,0.0,0.0,0.0,0.0,0,-1,1,0,0,4,349.0,171.0,1,1,0.0,0.0,62.5,160.0,50.0,150.0,Down,Up,75,60,100,50,55.8743961352657,52.10828025477707,58.87378640776699,50.91025641025641,13,99iosefo,,,,,0
21,an9ihpoe,,0,587,587,FinalPage,ThankYou,2026-09-14 06:17:00.785536,1,,,833.33,1,,0.0,M_exp_W_no,,,,,,,,,,,0,0,140,450,,,,,,,,,,,,,,,,,,,1,1,"7, 8",1,0.0,0.0,0.0,0.0,0.0,0,0,-1,0,0,5,140.0,451.0,0,0,0.0,0.0,62.5,75.0,85.0,75.0,Down,Down,75,50,50,30,55.8743961352657,52.10828025477707,58.87378640776699,50.91025641025641,13,99iosefo,,,,,0
22,rbyuqaqn,,0,587,587,FinalPage,ThankYou,2026-09-14 06:17:00.797356,1,,,111.11,2,,0.0,M_exp_W_no,,,,,,,,,,,0,0,140,460,,,,,,,,,,,,,,,,,,,1,1,"7, 8",1,0.0,0.0,0.0,0.0,0.0,0,1,1,0,0,5,140.0,451.0,0,0,0.0,0.0,62.5,75.0,85.0,75.0,Down,Down,75,50,50,30,55.8743961352657,52.10828025477707,58.87378640776699,50.91025641025641,13,99iosefo,,,,,0
23,3pb269ab,,0,587,587,FinalPage,ThankYou,2026-09-14 06:17:01.139805,1,,,0.0,3,,0.0,M_exp_W_no,,,,,,,,,,,0,0,148,451,,,,,,,,,,,,,,,,,,,1,1,"7, 8",1,0.0,0.0,0.0,0.0,0.0,0,1,0,0,0,5,140.0,451.0,0,0,0.0,0.0,62.5,75.0,85.0,75.0,Down,Down,75,50,50,30,55.8743961352657,52.10828025477707,58.87378640776699,50.91025641025641,13,99iosefo,,,,,0
24,ewpd3m8q,,0,587,587,FinalPage,ThankYou,2026-09-14 06:17:01.323728,1,,,388.89,4,,0.0,M_exp_W_no,,,,,,,,,,,0,0,100,500,,,,,,,,,,,,,,,,,,,1,1,"7, 8",1,0.0,0.0,0.0,0.0,0.0,0,-1,1,0,0,5,140.0,451.0,0,0,0.0,0.0,62.5,75.0,85.0,75.0,Down,Down,75,50,50,30,55.8743961352657,52.10828025477707,58.87378640776699,50.91025641025641,13,99iosefo,,,,,0
25,0tv7bd9u,,0,587,587,FinalPage,ThankYou,2026-09-14 06:17:01.359212,1,,,1277.78,5,,0.0,M_exp_W_no,,,,,,,,,,,0,0,120,170,,,,,,,,,,,,,,,,,,,1,1,"7, 8",1,0.0,0.0,0.0,0.0,0.0,0,-1,-1,0,0,5,140.0,451.0,0,0,0.0,0.0,62.5,75.0,85.0,75.0,Down,Down,75,50,50,30,55.8743961352657,52.10828025477707,58.87378640776699,50.91025641025641,13,99iosefo,,,,,0
1,cfn8fv6w,,0,587,587,FinalPage,ThankYou,2026-09-14 06:16:59.777071,1,,,611.11,1,,0.0,M_exp_W_no,,,,,,,,,,,0,0,150,30,,,,,,,,,,,,,,,,,,,1,1,"7, 8",1,0.0,0.0,0.0,0.0,0.0,0,1,-1,0,0,1,110.0,55.0,0,1,0.0,0.0,150.0,140.0,150.0,200.0,Up,Up,50,40,50,100,55.8743961352657,52.10828025477707,58.87378640776699,50.91025641025641,14,99iosefo,,,,,0
2,a1q00v4p,,0,587,587,FinalPage,ThankYou,2026-09-14 06:16:59.895789,1,,,1388.89,2,,0.0,M_exp_W_no,,,,,,,,,,,0,0,20,20,,,,,,,,,,,,,,,,,,,1,1,"7, 8",1,0.0,0.0,0.0,0.0,0.0,0,-1,-1,0,0,1,110.0,55.0,0,1,0.0,0.0,150.0,140.0,150.0,200.0,Up,Up,50,40,50,100,55.8743961352657,52.10828025477707,58.87378640776699,50.91025641025641,14,99iosefo,,,,,0
3,rucumqi6,,0,587,587,FinalPage,ThankYou,2026-09-14 06:16:59.987057,1,,,1222.22,3,,0.0,M_exp_W_no,,,,,,,,,,,0,0,1,100,,,,,,,,,,,,,,,,,,,1,1,"7, 8",1,0.0,0.0,0.0,0.0,0.0,0,-1,1,0,0,1,110.0,55.0,0,1,0.0,0.0,150.0,140.0,150.0,200.0,Up,Up,50,40,50,100,55.8743961352657,52.10828025477707,58.87378640776699,50.91025641025641,14,99iosefo,,,,,0
4,lbzqe7lh,,0,587,587,FinalPage,ThankYou,2026-09-14 06:17:00.402890,1,,,555.56,4,,0.0,M_exp_W_no,,,,,,,,,,,0,0,110,55,,,,,,,,,,,,,,,,,,,1,1,"7, 8",1,0.0,0.0,0.0,0.0,0.0,0,0,0,0,0,1,110.0,55.0,0,1,0.0,0.0,150.0,140.0,150.0,200.0,Up,Up,50,40,50,100,55.8743961352657,52.10828025477707,58.87378640776699,50.91025641025641,14,99iosefo,,,,,0
5,i42igenv,,0,587,587,FinalPage,ThankYou,2026-09-14 06:17:00.510083,1,,,944.44,5,,0.0,M_exp_W_no,,,,,,,,,,,0,0,120,90,,,,,,,,,,,,,,,,,,,1,1,"7, 8",1,0.0,0.0,0.0,0.0,0.0,0,1,1,0,0,1,110.0,55.0,0,1,0.0,0.0,150.0,140.0,150.0,200.0,Up,Up,50,40,50,100,55.8743961352657,52.10828025477707,58.87378640776699,50.91025641025641,14,99iosefo,,,,,0
6,2nkc141x,,0,587,587,FinalPage,ThankYou,2026-09-14 06:17:00.564137,1,,,722.22,1,,0.0,M_exp_W_no,,,,,,,,,,,0,0,100,500,,,,,,,,,,,,,,,,,,,1,1,"7, 8",1,0.0,0.0,0.0,0.0,0.0,0,0,1,0,0,2,100.0,450.0,1,0,0.0,0.0,72.5,150.0,75.0,170.0,Down,Up,55,50,70,50,55.8743961352657,52.10828025477707,58.87378640776699,50.91025641025641,14,99iosefo,,,,,0
7,oqud1wxk,,0,587,587,FinalPage,ThankYou,2026-09-14 06:17:00.583781,1,,,500.0,2,,0.0,M_exp_W_no,,,,,,,,,,,0,0,150,450,,,,,,,,,,,,,,,,,,,1,1,"7, 8",1,0.0,0.0,0.0,0.0,0.0,0,1,0,0,0,2,100.0,450.0,1,0,0.0,0.0,72.5,150.0,75.0,170.0,Down,Up,55,50,70,50,55.8743961352657,52.10828025477707,58.87378640776699,50.91025641025641,14,99iosefo,,,,,0
8,a6q31ex7,,0,587,587,FinalPage,ThankYou,2026-09-14 06:17:00.593150,1,,,555.56,3,,0.0,M_exp_W_no,,,,,,,,,,,0,0,100,500,,,,,,,,,,,,,,,,,,,1,1,"7, 8",1,0.0,0.0,0.0,0.0,0.0,0,-1,1,0,0,2,100.0,450.0,1,0,0.0,0.0,72.5,150.0,75.0,170.0,Down,Up,55,50,70,50,55.8743961352657,52.10828025477707,58.87378640776699,50.91025641025641,14,99iosefo,,,,,0
9,o60mnzij,,0,587,587,FinalPage,ThankYou,2026-09-14 06:17:00.600802,1,,,277.78,4,,0.0,M_exp_W_no,,,,,,,,,,,0,0,200,400,,,,,,,,,,,,,,,,,,,1,1,"7, 8",1,0.0,0.0,0.0,0.0,0.0,0,1,-1,0,0,2,100.0,450.0,1,0,0.0,0.0,72.5,150.0,75.0,170.0,Down,Up,55,50,70,50,55.8743961352657,52.10828025477707,58.87378640776699,50.91025641025641,14,99iosefo,,,,,0
10,bnt5i99k,,0,587,587,FinalPage,ThankYou,2026-09-14 06:17:00.609096,1,,,1277.78,5,,0.0,M_exp_W_no,,,,,,,,,,,0,0,1,1,,,,,,,,,,,,,,,,,,,1,1,"7, 8",1,0.0,0.0,0.0,0.0,0.0,0,-1,-1,0,0,2,100.0,450.0,1,0,0.0,0.0,72.5,150.0,75.0,170.0,Down,Up,55,50,70,50,55.8743961352657,52.10828025477707,58.87378640776699,50.91025641025641,14,99iosefo,,,,,0
11,zrywj9fx,,0,587,587,FinalPage,ThankYou,2026-09-14 06:17:00.638517,1,,,722.22,1,,0.0,M_exp_W_no,,,,,,,,,,,0,0,260,151,,,,,,,,,,,,,,,,,,,1,1,"7, 8",1,0.0,0.0,0.0,0.0,0.0,0,-1,1,0,0,3,275.0,150.0,0,1,0.0,0.0,65.0,180.0,200.0,75.0,Up,Down,70,80,100,50,55.8743961352657,52.10828025477707,58.87378640776699,50.91025641025641,14,99iosefo,,,,,0
12,i44g0thi,,0,587,587,FinalPage,ThankYou,2026-09-14 06:17:00.645494,1,,,1111.11,2,,0.0,M_exp_W_no,,,,,,,,,,,0,0,285,155,,,,,,,,,,,,,,,,,,,1,1,"7, 8",1,0.0,0.0,0.0,0.0,0.0,0,1,1,0,0,3,275.0,150.0,0,1,0.0,0.0,65.0,180.0,200.0,75.0,Up,Down,70,80,100,50,55.8743961352657,52.10828025477707,58.87378640776699,50.91025641025641,14,99iosefo,,,,,0
13,s9ryf5kv,,0,587,587,FinalPage,ThankYou,2026-09-14 06:17:00.652437,1,,,222.22,3,,0.0,M_exp_W_no,,,,,,,,,,,0,0,275,150,,,,,,,,,,,,,,,,,,,1,1,"7, 8",1,0.0,0.0,0.0,0.0,0.0,0,0,-1,0,0,3,275.0,150.0,0,1,0.0,0.0,65.0,180.0,200.0,75.0,Up,Down,70,80,100,50,55.8743961352657,52.10828025477707,58.87378640776699,50.91025641025641,14,99iosefo,,,,,0
14,oe31za5u,,0,587,587,FinalPage,ThankYou,2026-09-14 06:17:00.679392,1,,,1166.67,4,,0.0,M_exp_W_no,,,,,,,,,,,0,0,275,150,,,,,,,,,,,,,,,,,,,1,1,"7, 8",1,0.0,0.0,0.0,0.0,0.0,0,1,0,0,0,3,275.0,150.0,0,1,0.0,0.0,65.0,180.0,200.0,75.0,Up,Down,70,80,100,50,55.8743961352657,52.10828025477707,58.87378640776699,50.91025641025641,14,99iosefo,,,,,0
15,v86y9zyn,,0,587,587,FinalPage,ThankYou,2026-09-14 06:17:00.686214,1,,,888.89,5,,0.0,M_exp_W_no,,,,,,,,,,,0,0,271,140,,,,,,,,,,,,,,,,,,,1,1,"7, 8",1,0.0,0.0,0.0,0.0,0.0,0,-1,-1,0,0,3,275.0,150.0,0,1,0.0,0.0,65.0,180.0,200.0,75.0,Up,Down,70,80,100,50,55.8743961352657,52.10828025477707,58.87378640776699,50.91025641025641,14,99iosefo,,,,,0
16,3p6ks3hb,,0,587,587,FinalPage,ThankYou,2026-09-14 06:17:00.693437,1,,,722.22,1,,0.0,M_exp_W_no,,,,,,,,,,,0,0,329,138,,,,,,,,,,,,,,,,,,,1,1,"7, 8",1,0.0,0.0,0.0,0.0,0.0,0,-1,-1,0,0,4,347.0,168.0,1,1,0.0,0.0,62.5,160.0,50.0,150.0,Down,Up,75,60,100,50,55.8743961352657,52.10828025477707,58.87378640776699,50.91025641025641,14,99iosefo,,,,,0
17,y5kgtmfb,,0,587,587,FinalPage,ThankYou,2026-09-14 06:17:00.700222,1,,,1000.0,2,,0.0,M_exp_W_no,,,,,,,,,,,0,0,350,165,,,,,,,,,,,,,,,,,,,1,1,"7, 8",1,0.0,0.0,0.0,0.0,0.0,0,1,-1,0,0,4,347.0,168.0,1,1,0.0,0.0,62.5,160.0,50.0,150.0,Down,Up,75,60,100,50,55.8743961352657,52.10828025477707,58.87378640776699,50.91025641025641,14,99iosefo,,,,,0
18,ebzeqzcf,,0,587,587,FinalPage,ThankYou,2026-09-14 06:17:00.708228,1,,,111.11,3,,0.0,M_exp_W_no,,,,,,,,,,,0,0,350,169,,,,,,,,,,,,,,,,,,,1,1,"7, 8",1,0.0,0.0,0.0,0.0,0.0,0,1,1,0,0,4,347.0,168.0,1,1,0.0,0.0,62.5,160.0,50.0,150.0,Down,Up,75,60,100,50,55.8743961352657,52.10828025477707,58.87378640776699,50.91025641025641,14,99iosefo,,,,,0
19,pb6d6kev,,0,587,587,FinalPage,ThankYou,2026-09-14 06:17:00.749218,1,,,777.78,4,,0.0,M_exp_W_no,,,,,,,,,,,0,0,347,168,,,,,,,,,,,,,,,,,,,1,1,"7, 8",1,0.0,0.0,0.0,0.0,0.0,0,0,0,0,0,4,347.0,168.0,1,1,0.0,0.0,62.5,160.0,50.0,150.0,Down,Up,75,60,100,50,55.8743961352657,52.10828025477707,58.87378640776699,50.91025641025641,14,99iosefo,,,,,0
20,m8xnbw73,,0,587,587,FinalPage,ThankYou,2026-09-14 06:17:00.778695,1,,,1000.0,5,,0.0,M_exp_W_no,,,,,,,,,,,0,0,290,180,,,,,,,,,,,,,,,,,,,1,1,"7, 8",1,0.0,0.0,0.0,0.0,0.0,0,-1,1,0,0,4,347.0,168.0,1,1,0.0,0.0,62.5,160.0,50.0,150.0,Down,Up,75,60,100,50,55.8743961352657,52.10828025477707,58.87378640776699,50.91025641025641,14,99iosefo,,,,,0
21,an9ihpoe,,0,587,587,FinalPage,ThankYou,2026-09-14 06:17:00.785536,1,,,833.33,1,,0.0,M_exp_W_no,,,,,,,,,,,0,0,141,452,,,,,,,,,,,,,,,,,,,1,1,"7, 8",1,0.0,0.0,0.0,0.0,0.0,0,1,0,0,0,5,139.0,452.0,0,0,0.0,0.0,62.5,75.0,85.0,75.0,Down,Down,75,50,50,30,55.8743961352657,52.10828025477707,58.87378640776699,50.91025641025641,14,99iosefo,,,,,0
22,rbyuqaqn,,0,587,587,FinalPage,ThankYou,2026-09-14 06:17:00.797356,1,,,111.11,2,,0.0,M_exp_W_no,,,,,,,,,,,0,0,140,460,,,,,,,,,,,,,,,,,,,1,1,"7, 8",1,0.0,0.0,0.0,0.0,0.0,0,1,1,0,0,5,139.0,452.0,0,0,0.0,0.0,62.5,75.0,85.0,75.0,Down,Down,75,50,50,30,55.8743961352657,52.10828025477707,58.87378640776699,50.91025641025641,14,99iosefo,,,,,0
23,3pb269ab,,0,587,587,FinalPage,ThankYou,2026-09-14 06:17:01.139805,1,,,0.0,3,,0.0,M_exp_W_no,,,,,,,,,,,0,0,139,451,,,,,,,,,,,,,,,,,,,1,1,"7, 8",1,0.0,0.0,0.0,0.0,0.0,0,0,-1,0,0,5,139.0,452.0,0,0,0.0,0.0,62.5,75.0,85.0,75.0,Down,Down,75,50,50,30,55.8743961352657,52.10828025477707,58.87378640776699,50.91025641025641,14,99iosefo,,,,,0
24,ewpd3m8q,,0,587,587,FinalPage,ThankYou,2026-09-14 06:17:01.323728,1,,,388.89,4,,0.0,M_exp_W_no,,,,,,,,,,,0,0,125,475,,,,,,,,,,,,,,,,,,,1,1,"7, 8",1,0.0,0.0,0.0,0.0,0.0,0,-1,1,0,0,5,139.0,452.0,0,0,0.0,0.0,62.5,75.0,85.0,75.0,Down,Down,75,50,50,30,55.8743961352657,52.10828025477707,58.87378640776699,50.91025641025641,14,99iosefo,,,,,0
25,0tv7bd9u,,0,587,587,FinalPage,ThankYou,2026-09-14 06:17:01.359212,1,,,1277.78,5,,0.0,M_exp_W_no,,,,,,,,,,,0,0,120,170,,,,,,,,,,,,,,,,,,,1,1,"7, 8",1,0.0,0.0,0.0,0.0,0.0,0,-1,-1,0,0,5,139.0,452.0,0,0,0.0,0.0,62.5,75.0,85.0,75.0,Down,Down,75,50,50,30,55.8743961352657,52.10828025477707,58.87378640776699,50.91025641025641,14,99iosefo,,,,,0
1,cfn8fv6w,,0,587,587,FinalPage,ThankYou,2026-09-14 06:16:59.777071,1,,,611.11,1,,0.0,M_exp_W_no,,,,,,,,,,,0,0,40,100,,,,,,,,,,,,,,,,,,,1,1,"7, 8",1,0.0,0.0,0.0,0.0,0.0,0,-1,1,0,0,1,100.0,50.0,0,1,0.0,0.0,150.0,140.0,150.0,200.0,Up,Up,50,40,50,100,55.8743961352657,52.10828025477707,58.87378640776699,50.91025641025641,15,99iosefo,,,,,0
2,a1q00v4p,,0,587,587,FinalPage,ThankYou,2026-09-14 06:16:59.895789,1,,,1388.89,2,,0.0,M_exp_W_no,,,,,,,,,,,0,0,20,20,,,,,,,,,,,,,,,,,,,1,1,"7, 8",1,0.0,0.0,0.0,0.0,0.0,0,-1,-1,0,0,1,100.0,50.0,0,1,0.0,0.0,150.0,140.0,150.0,200.0,Up,Up,50,40,50,100,55.8743961352657,52.10828025477707,58.87378640776699,50.91025641025641,15,99iosefo,,,,,0
3,rucumqi6,,0,587,587,FinalPage,ThankYou,2026-09-14 06:16:59.987057,1,,,1222.22,3,,0.0,M_exp_W_no,,,,,,,,,,,0,0,100,50,,,,,,,,,,,,,,,,,,,1,1,"7, 8",1,0.0,0.0,0.0,0.0,0.0,0,1,0,0,0,1,100.0,50.0,0,1,0.0,0.0,150.0,140.0,150.0,200.0,Up,Up,50,40,50,100,55.8743961352657,52.10828025477707,58.87378640776699,50.91025641025641,15,99iosefo,,,,,0
4,lbzqe7lh,,0,587,587,FinalPage,ThankYou,2026-09-14 06:17:00.402890,1,,,555.56,4,,0.0,M_exp_W_no,,,,,,,,,,,0,0,100,50,,,,,,,,,,,,,,,,,,,1,1,"7, 8",1,0.0,0.0,0.0,0.0,0.0,0,0,-1,0,0,1,100.0,50.0,0,1,0.0,0.0,150.0,140.0,150.0,200.0,Up,Up,50,40,50,100,55.8743961352657,52.10828025477707,58.87378640776699,50.91025641025641,15,99iosefo,,,,,0
5,i42igenv,,0,587,587,FinalPage,ThankYou,2026-09-14 06:17:00.510083,1,,,944.44,5,,0.0,M_exp_W_no,,,,,,,,,,,0,0,115,75,,,,,,,,,,,,,,,,,,,1,1,"7, 8",1,0.0,0.0,0.0,0.0,0.0,0,1,1,0,0,1,100.0,50.0,0,1,0.0,0.0,150.0,140.0,150.0,200.0,Up,Up,50,40,50,100,55.8743961352657,52.10828025477707,58.87378640776699,50.91025641025641,15,99iosefo,,,,,0
6,2nkc141x,,0,587,587,FinalPage,ThankYou,2026-09-14 06:17:00.564137,1,,,722.22,1,,0.0,M_exp_W_no,,,,,,,,,,,0,0,100,500,,,,,,,,,,,,,,,,,,,1,1,"7, 8",1,0.0,0.0,0.0,0.0,0.0,0,-1,1,0,0,2,300.0,300.0,1,0,0.0,0.0,72.5,150.0,75.0,170.0,Down,Up,55,50,70,50,55.8743961352657,52.10828025477707,58.87378640776699,50.91025641025641,15,99iosefo,,,,,0
7,oqud1wxk,,0,587,587,FinalPage,ThankYou,2026-09-14 06:17:00.583781,1,,,500.0,2,,0.0,M_exp_W_no,,,,,,,,,,,0,0,100,500,,,,,,,,,,,,,,,,,,,1,1,"7, 8",1,0.0,0.0,0.0,0.0,0.0,0,-1,1,0,0,2,300.0,300.0,1,0,0.0,0.0,72.5,150.0,75.0,170.0,Down,Up,55,50,70,50,55.8743961352657,52.10828025477707,58.87378640776699,50.91025641025641,15,99iosefo,,,,,0
8,a6q31ex7,,0,587,587,FinalPage,ThankYou,2026-09-14 06:17:00.593150,1,,,555.56,3,,0.0,M_exp_W_no,,,,,,,,,,,0,0,300,300,,,,,,,,,,,,,,,,,,,1,1,"7, 8",1,0.0,0.0,0.0,0.0,0.0,0,0,0,0,0,2,300.0,300.0,1,0,0.0,0.0,72.5,150.0,75.0,170.0,Down,Up,55,50,70,50,55.8743961352657,52.10828025477707,58.87378640776699,50.91025641025641,15,99iosefo,,,,,0
9,o60mnzij,,0,587,587,FinalPage,ThankYou,2026-09-14 06:17:00.600802,1,,,277.78,4,,0.0,M_exp_W_no,,,,,,,,,,,0,0,350,250,,,,,,,,,,,,,,,,,,,1,1,"7, 8",1,0.0,0.0,0.0,0.0,0.0,0,1,-1,0,0,2,300.0,300.0,1,0,0.0,0.0,72.5,150.0,75.0,170.0,Down,Up,55,50,70,50,55.8743961352657,52.10828025477707,58.87378640776699,50.91025641025641,15,99iosefo,,,,,0
10,bnt5i99k,,0,587,587,FinalPage,ThankYou,2026-09-14 06:17:00.609096,1,,,1277.78,5,,0.0,M_exp_W_no,,,,,,,,,,,0,0,599,1,,,,,,,,,,,,,,,,,,,1,1,"7, 8",1,0.0,0.0,0.0,0.0,0.0,0,1,-1,0,0,2,300.0,300.0,1,0,0.0,0.0,72.5,150.0,75.0,170.0,Down,Up,55,50,70,50,55.8743961352657,52.10828025477707,58.87378640776699,50.91025641025641,15,99iosefo,,,,,0
11,zrywj9fx,,0,587,587,FinalPage,ThankYou,2026-09-14 06:17:00.638517,1,,,722.22,1,,0.0,M_exp_W_no,,,,,,,,,,,0,0,271,151,,,,,,,,,,,,,,,,,,,1,1,"7, 8",1,0.0,0.0,0.0,0.0,0.0,0,1,1,0,0,3,271.0,149.0,0,1,0.0,0.0,65.0,180.0,200.0,75.0,Up,Down,70,80,100,50,55.8743961352657,52.10828025477707,58.87378640776699,50.91025641025641,15,99iosefo,,,,,0
12,i44g0thi,,0,587,587,FinalPage,ThankYou,2026-09-14 06:17:00.645494,1,,,1111.11,2,,0.0,M_exp_W_no,,,,,,,,,,,0,0,265,145,,,,,,,,,,,,,,,,,,,1,1,"7, 8",1,0.0,0.0,0.0,0.0,0.0,0,-1,-1,0,0,3,271.0,149.0,0,1,0.0,0.0,65.0,180.0,200.0,75.0,Up,Down,70,80,100,50,55.8743961352657,52.10828025477707,58.87378640776699,50.91025641025641,15,99iosefo,,,,,0
13,s9ryf5kv,,0,587,587,FinalPage,ThankYou,2026-09-14 06:17:00.652437,1,,,222.22,3,,0.0,M_exp_W_no,,,,,,,,,,,0,0,280,149,,,,,,,,,,,,,,,,,,,1,1,"7, 8",1,0.0,0.0,0.0,0.0,0.0,0,1,0,0,0,3,271.0,149.0,0,1,0.0,0.0,65.0,180.0,200.0,75.0,Up,Down,70,80,100,50,55.8743961352657,52.10828025477707,58.87378640776699,50.91025641025641,15,99iosefo,,,,,0
14,oe31za5u,,0,587,587,FinalPage,ThankYou,2026-09-14 06:17:00.679392,1,,,1166.67,4,,0.0,M_exp_W_no,,,,,,,,,,,0,0,260,145,,,,,,,,,,,,,,,,,,,1,1,"7, 8",1,0.0,0.0,0.0,0.0,0.0,0,-1,-1,0,0,3,271.0,149.0,0,1,0.0,0.0,65.0,180.0,200.0,75.0,Up,Down,70,80,100,50,55.8743961352657,52.10828025477707,58.87378640776699,50.91025641025641,15,99iosefo,,,,,0
15,v86y9zyn,,0,587,587,FinalPage,ThankYou,2026-09-14 06:17:00.686214,1,,,888.89,5,,0.0,M_exp_W_no,,,,,,,,,,,0,0,271,151,,,,,,,,,,,,,,,,,,,1,1,"7, 8",1,0.0,0.0,0.0,0.0,0.0,0,0,1,0,0,3,271.0,149.0,0,1,0.0,0.0,65.0,180.0,200.0,75.0,Up,Down,70,80,100,50,55.8743961352657,52.10828025477707,58.87378640776699,50.91025641025641,15,99iosefo,,,,,0
16,3p6ks3hb,,0,587,587,FinalPage,ThankYou,2026-09-14 06:17:00.693437,1,,,722.22,1,,0.0,M_exp_W_no,,,,,,,,,,,0,0,372,187,,,,,,,,,,,,,,,,,,,1,1,"7, 8",1,0.0,0.0,0.0,0.0,0.0,0,1,1,0,0,4,345.0,165.0,1,1,0.0,0.0,62.5,160.0,50.0,150.0,Down,Up,75,60,100,50,55.8743961352657,52.10828025477707,58.87378640776699,50.91025641025641,15,99iosefo,,,,,0
17,y5kgtmfb,,0,587,587,FinalPage,ThankYou,2026-09-14 06:17:00.700222,1,,,1000.0,2,,0.0,M_exp_W_no,,,,,,,,,,,0,0,340,160,,,,,,,,,,,,,,,,,,,1,1,"7, 8",1,0.0,0.0,0.0,0.0,0.0,0,-1,-1,0,0,4,345.0,165.0,1,1,0.0,0.0,62.5,160.0,50.0,150.0,Down,Up,75,60,100,50,55.8743961352657,52.10828025477707,58.87378640776699,50.91025641025641,15,99iosefo,,,,,0
18,ebzeqzcf,,0,587,587,FinalPage,ThankYou,2026-09-14 06:17:00.708228,1,,,111.11,3,,0.0,M_exp_W_no,,,,,,,,,,,0,0,349,160,,,,,,,,,,,,,,,,,,,1,1,"7, 8",1,0.0,0.0,0.0,0.0,0.0,0,1,-1,0,0,4,345.0,165.0,1,1,0.0,0.0,62.5,160.0,50.0,150.0,Down,Up,75,60,100,50,55.8743961352657,52.10828025477707,58.87378640776699,50.91025641025641,15,99iosefo,,,,,0
19,pb6d6kev,,0,587,587,FinalPage,ThankYou,2026-09-14 06:17:00.749218,1,,,777.78,4,,0.0,M_exp_W_no,,,,,,,,,,,0,0,345,165,,,,,,,,,,,,,,,,,,,1,1,"7, 8",1,0.0,0.0,0.0,0.0,0.0,0,0,0,0,0,4,345.0,165.0,1,1,0.0,0.0,62.5,160.0,50.0,150.0,Down,Up,75,60,100,50,55.8743961352657,52.10828025477707,58.87378640776699,50.91025641025641,15,99iosefo,,,,,0
20,m8xnbw73,,0,587,587,FinalPage,ThankYou,2026-09-14 06:17:00.778695,1,,,1000.0,5,,0.0,M_exp_W_no,,,,,,,,,,,0,0,310,180,,,,,,,,,,,,,,,,,,,1,1,"7, 8",1,0.0,0.0,0.0,0.0,0.0,0,-1,1,0,0,4,345.0,165.0,1,1,0.0,0.0,62.5,160.0,50.0,150.0,Down,Up,75,60,100,50,55.8743961352657,52.10828025477707,58.87378640776699,50.91025641025641,15,99iosefo,,,,,0
21,an9ihpoe,,0,587,587,FinalPage,ThankYou,2026-09-14 06:17:00.785536,1,,,833.33,1,,0.0,M_exp_W_no,,,,,,,,,,,0,0,136,454,,,,,,,,,,,,,,,,,,,1,1,"7, 8",1,0.0,0.0,0.0,0.0,0.0,0,1,0,0,0,5,130.0,454.0,0,0,0.0,0.0,62.5,75.0,85.0,75.0,Down,Down,75,50,50,30,55.8743961352657,52.10828025477707,58.87378640776699,50.91025641025641,15,99iosefo,,,,,0
22,rbyuqaqn,,0,587,587,FinalPage,ThankYou,2026-09-14 06:17:00.797356,1,,,111.11,2,,0.0,M_exp_W_no,,,,,,,,,,,0,0,130,455,,,,,,,,,,,,,,,,,,,1,1,"7, 8",1,0.0,0.0,0.0,0.0,0.0,0,-1,1,0,0,5,130.0,454.0,0,0,0.0,0.0,62.5,75.0,85.0,75.0,Down,Down,75,50,50,30,55.8743961352657,52.10828025477707,58.87378640776699,50.91025641025641,15,99iosefo,,,,,0
23,3pb269ab,,0,587,587,FinalPage,ThankYou,2026-09-14 06:17:01.139805,1,,,0.0,3,,0.0,M_exp_W_no,,,,,,,,,,,0,0,139,453,,,,,,,,,,,,,,,,,,,1,1,"7, 8",1,0.0,0.0,0.0,0.0,0.0,0,1,-1,0,0,5,130.0,454.0,0,0,0.0,0.0,62.5,75.0,85.0,75.0,Down,Down,75,50,50,30,55.8743961352657,52.10828025477707,58.87378640776699,50.91025641025641,15,99iosefo,,,,,0
24,ewpd3m8q,,0,587,587,FinalPage,ThankYou,2026-09-14 06:17:01.323728,1,,,388.89,4,,0.0,M_exp_W_no,,,,,,,,,,,0,0,130,470,,,,,,,,,,,,,,,,,,,1,1,"7, 8",1,0.0,0.0,0.0,0.0,0.0,0,0,1,0,0,5,130.0,454.0,0,0,0.0,0.0,62.5,75.0,85.0,75.0,Down,Down,75,50,50,30,55.8743961352657,52.10828025477707,58.87378640776699,50.91025641025641,15,99iosefo,,,,,0
25,0tv7bd9u,,0,587,587,FinalPage,ThankYou,2026-09-14 06:17:01.359212,1,,,1277.78,5,,0.0,M_exp_W_no,,,,,,,,,,,0,0,120,170,,,,,,,,,,,,,,,,,,,1,1,"7, 8",1,0.0,0.0,0.0,0.0,0.0,0,-1,-1,0,0,5,130.0,454.0,0,0,0.0,0.0,62.5,75.0,85.0,75.0,Down,Down,75,50,50,30,55.8743961352657,52.10828025477707,58.87378640776699,50.91025641025641,15,99iosefo,,,,,0
1,cfn8fv6w,,0,587,587,FinalPage,ThankYou,2026-09-14 06:16:59.777071,1,,,611.11,1,,0.0,M_exp_W_no,,,,,,,,,,,0,0,10,10,,,,,,,,,,,,,,,,,,,1,1,"7, 8",1,0.0,0.0,0.0,0.0,0.0,0,-1,-1,0,0,1,93.0,49.0,0,1,0.0,0.0,150.0,140.0,150.0,200.0,Up,Up,50,40,50,100,55.8743961352657,52.10828025477707,58.87378640776699,50.91025641025641,16,99iosefo,,,,,0
2,a1q00v4p,,0,587,587,FinalPage,ThankYou,2026-09-14 06:16:59.895789,1,,,1388.89,2,,0.0,M_exp_W_no,,,,,,,,,,,0,0,20,20,,,,,,,,,,,,,,,,,,,1,1,"7, 8",1,0.0,0.0,0.0,0.0,0.0,0,-1,-1,0,0,1,93.0,49.0,0,1,0.0,0.0,150.0,140.0,150.0,200.0,Up,Up,50,40,50,100,55.8743961352657,52.10828025477707,58.87378640776699,50.91025641025641,16,99iosefo,,,,,0
3,rucumqi6,,0,587,587,FinalPage,ThankYou,2026-09-14 06:16:59.987057,1,,,1222.22,3,,0.0,M_exp_W_no,,,,,,,,,,,0,0,200,100,,,,,,,,,,,,,,,,,,,1,1,"7, 8",1,0.0,0.0,0.0,0.0,0.0,0,1,1,0,0,1,93.0,49.0,0,1,0.0,0.0,150.0,140.0,150.0,200.0,Up,Up,50,40,50,100,55.8743961352657,52.10828025477707,58.87378640776699,50.91025641025641,16,99iosefo,,,,,0
4,lbzqe7lh,,0,587,587,FinalPage,ThankYou,2026-09-14 06:17:00.402890,1,,,555.56,4,,0.0,M_exp_W_no,,,,,,,,,,,0,0,95,49,,,,,,,,,,,,,,,,,,,1,1,"7, 8",1,0.0,0.0,0.0,0.0,0.0,0,1,0,0,0,1,93.0,49.0,0,1,0.0,0.0,150.0,140.0,150.0,200.0,Up,Up,50,40,50,100,55.8743961352657,52.10828025477707,58.87378640776699,50.91025641025641,16,99iosefo,,,,,0
5,i42igenv,,0,587,587,FinalPage,ThankYou,2026-09-14 06:17:00.510083,1,,,944.44,5,,0.0,M_exp_W_no,,,,,,,,,,,0,0,93,55,,,,,,,,,,,,,,,,,,,1,1,"7, 8",1,0.0,0.0,0.0,0.0,0.0,0,0,1,0,0,1,93.0,49.0,0,1,0.0,0.0,150.0,140.0,150.0,200.0,Up,Up,50,40,50,100,55.8743961352657,52.10828025477707,58.87378640776699,50.91025641025641,16,99iosefo,,,,,0
6,2nkc141x,,0,587,587,FinalPage,ThankYou,2026-09-14 06:17:00.564137,1,,,722.22,1,,0.0,M_exp_W_no,,,,,,,,,,,0,0,200,400,,,,,,,,,,,,,,,,,,,1,1,"7, 8",1,0.0,0.0,0.0,0.0,0.0,0,-1,1,0,0,2,200.0,350.0,1,0,0.0,0.0,72.5,150.0,75.0,170.0,Down,Up,55,50,70,50,55.8743961352657,52.10828025477707,58.87378640776699,50.91025641025641,16,99iosefo,,,,,0
7,oqud1wxk,,0,587,587,FinalPage,ThankYou,2026-09-14 06:17:00.583781,1,,,500.0,2,,0.0,M_exp_W_no,,,,,,,,,,,0,0,250,350,,,,,,,,,,,,,,,,,,,1,1,"7, 8",1,0.0,0.0,0.0,0.0,0.0,0,1,0,0,0,2,200.0,350.0,1,0,0.0,0.0,72.5,150.0,75.0,170.0,Down,Up,55,50,70,50,55.8743961352657,52.10828025477707,58.87378640776699,50.91025641025641,16,99iosefo,,,,,0
8,a6q31ex7,,0,587,587,FinalPage,ThankYou,2026-09-14 06:17:00.593150,1,,,555.56,3,,0.0,M_exp_W_no,,,,,,,,,,,0,0,450,150,,,,,,,,,,,,,,,,,,,1,1,"7, 8",1,0.0,0.0,0.0,0.0,0.0,0,1,-1,0,0,2,200.0,350.0,1,0,0.0,0.0,72.5,150.0,75.0,170.0,Down,Up,55,50,70,50,55.8743961352657,52.10828025477707,58.87378640776699,50.91025641025641,16,99iosefo,,,,,0
9,o60mnzij,,0,587,587,FinalPage,ThankYou,2026-09-14 06:17:00.600802,1,,,277.78,4,,0.0,M_exp_W_no,,,,,,,,,,,0,0,200,400,,,,,,,,,,,,,,,,,,,1,1,"7, 8",1,0.0,0.0,0.0,0.0,0.0,0,0,1,0,0,2,200.0,350.0,1,0,0.0,0.0,72.5,150.0,75.0,170.0,Down,Up,55,50,70,50,55.8743961352657,52.10828025477707,58.87378640776699,50.91025641025641,16,99iosefo,,,,,0
10,bnt5i99k,,0,587,587,FinalPage,ThankYou,2026-09-14 06:17:00.609096,1,,,1277.78,5,,0.0,M_exp_W_no,,,,,,,,,,,0,0,1,1,,,,,,,,,,,,,,,,,,,1,1,"7, 8",1,0.0,0.0,0.0,0.0,0.0,0,-1,-1,0,0,2,200.0,350.0,1,0,0.0,0.0,72.5,150.0,75.0,170.0,Down,Up,55,50,70,50,55.8743961352657,52.10828025477707,58.87378640776699,50.91025641025641,16,99iosefo,,,,,0
11,zrywj9fx,,0,587,587,FinalPage,ThankYou,2026-09-14 06:17:00.638517,1,,,722.22,1,,0.0,M_exp_W_no,,,,,,,,,,,0,0,270,148,,,,,,,,,,,,,,,,,,,1,1,"7, 8",1,0.0,0.0,0.0,0.0,0.0,0,1,0,0,0,3,268.0,148.0,0,1,0.0,0.0,65.0,180.0,200.0,75.0,Up,Down,70,80,100,50,55.8743961352657,52.10828025477707,58.87378640776699,50.91025641025641,16,99iosefo,,,,,0
12,i44g0thi,,0,587,587,FinalPage,ThankYou,2026-09-14 06:17:00.645494,1,,,1111.11,2,,0.0,M_exp_W_no,,,,,,,,,,,0,0,265,155,,,,,,,,,,,,,,,,,,,1,1,"7, 8",1,0.0,0.0,0.0,0.0,0.0,0,-1,1,0,0,3,268.0,148.0,0,1,0.0,0.0,65.0,180.0,200.0,75.0,Up,Down,70,80,100,50,55.8743961352657,52.10828025477707,58.87378640776699,50.91025641025641,16,99iosefo,,,,,0
13,s9ryf5kv,,0,587,587,FinalPage,ThankYou,2026-09-14 06:17:00.652437,1,,,222.22,3,,0.0,M_exp_W_no,,,,,,,,,,,0,0,279,145,,,,,,,,,,,,,,,,,,,1,1,"7, 8",1,0.0,0.0,0.0,0.0,0.0,0,1,-1,0,0,3,268.0,148.0,0,1,0.0,0.0,65.0,180.0,200.0,75.0,Up,Down,70,80,100,50,55.8743961352657,52.10828025477707,58.87378640776699,50.91025641025641,16,99iosefo,,,,,0
14,oe31za5u,,0,587,587,FinalPage,ThankYou,2026-09-14 06:17:00.679392,1,,,1166.67,4,,0.0,M_exp_W_no,,,,,,,,,,,0,0,268,146,,,,,,,,,,,,,,,,,,,1,1,"7, 8",1,0.0,0.0,0.0,0.0,0.0,0,0,-1,0,0,3,268.0,148.0,0,1,0.0,0.0,65.0,180.0,200.0,75.0,Up,Down,70,80,100,50,55.8743961352657,52.10828025477707,58.87378640776699,50.91025641025641,16,99iosefo,,,,,0
15,v86y9zyn,,0,587,587,FinalPage,ThankYou,2026-09-14 06:17:00.686214,1,,,888.89,5,,0.0,M_exp_W_no,,,,,,,,,,,0,0,267,149,,,,,,,,,,,,,,,,,,,1,1,"7, 8",1,0.0,0.0,0.0,0.0,0.0,0,-1,1,0,0,3,268.0,148.0,0,1,0.0,0.0,65.0,180.0,200.0,75.0,Up,Down,70,80,100,50,55.8743961352657,52.10828025477707,58.87378640776699,50.91025641025641,16,99iosefo,,,,,0
16,3p6ks3hb,,0,587,587,FinalPage,ThankYou,2026-09-14 06:17:00.693437,1,,,722.22,1,,0.0,M_exp_W_no,,,,,,,,,,,0,0,368,175,,,,,,,,,,,,,,,,,,,1,1,"7, 8",1,0.0,0.0,0.0,0.0,0.0,0,1,1,0,0,4,345.0,160.0,1,1,0.0,0.0,62.5,160.0,50.0,150.0,Down,Up,75,60,100,50,55.8743961352657,52.10828025477707,58.87378640776699,50.91025641025641,16,99iosefo,,,,,0
17,y5kgtmfb,,0,587,587,FinalPage,ThankYou,2026-09-14 06:17:00.700222,1,,,1000.0,2,,0.0,M_exp_W_no,,,,,,,,,,,0,0,345,160,,,,,,,,,,,,,,,,,,,1,1,"7, 8",1,0.0,0.0,0.0,0.0,0.0,0,1,-1,0,0,4,345.0,160.0,1,1,0.0,0.0,62.5,160.0,50.0,150.0,Down,Up,75,60,100,50,55.8743961352657,52.10828025477707,58.87378640776699,50.91025641025641,16,99iosefo,,,,,0
18,ebzeqzcf,,0,587,587,FinalPage,ThankYou,2026-09-14 06:17:00.708228,1,,,111.11,3,,0.0,M_exp_W_no,,,,,,,,,,,0,0,345,160,,,,,,,,,,,,,,,,,,,1,1,"7, 8",1,0.0,0.0,0.0,0.0,0.0,0,0,0,0,0,4,345.0,160.0,1,1,0.0,0.0,62.5,160.0,50.0,150.0,Down,Up,75,60,100,50,55.8743961352657,52.10828025477707,58.87378640776699,50.91025641025641,16,99iosefo,,,,,0
19,pb6d6kev,,0,587,587,FinalPage,ThankYou,2026-09-14 06:17:00.749218,1,,,777.78,4,,0.0,M_exp_W_no,,,,,,,,,,,0,0,300,150,,,,,,,,,,,,,,,,,,,1,1,"7, 8",1,0.0,0.0,0.0,0.0,0.0,0,-1,-1,0,0,4,345.0,160.0,1,1,0.0,0.0,62.5,160.0,50.0,150.0,Down,Up,75,60,100,50,55.8743961352657,52.10828025477707,58.87378640776699,50.91025641025641,16,99iosefo,,,,,0
20,m8xnbw73,,0,587,587,FinalPage,ThankYou,2026-09-14 06:17:00.778695,1,,,1000.0,5,,0.0,M_exp_W_no,,,,,,,,,,,0,0,320,170,,,,,,,,,,,,,,,,,,,1,1,"7, 8",1,0.0,0.0,0.0,0.0,0.0,0,-1,1,0,0,4,345.0,160.0,1,1,0.0,0.0,62.5,160.0,50.0,150.0,Down,Up,75,60,100,50,55.8743961352657,52.10828025477707,58.87378640776699,50.91025641025641,16,99iosefo,,,,,0
21,an9ihpoe,,0,587,587,FinalPage,ThankYou,2026-09-14 06:17:00.785536,1,,,833.33,1,,0.0,M_exp_W_no,,,,,,,,,,,0,0,125,460,,,,,,,,,,,,,,,,,,,1,1,"7, 8",1,0.0,0.0,0.0,0.0,0.0,0,0,1,0,0,5,125.0,455.0,0,0,0.0,0.0,62.5,75.0,85.0,75.0,Down,Down,75,50,50,30,55.8743961352657,52.10828025477707,58.87378640776699,50.91025641025641,16,99iosefo,,,,,0
22,rbyuqaqn,,0,587,587,FinalPage,ThankYou,2026-09-14 06:17:00.797356,1,,,111.11,2,,0.0,M_exp_W_no,,,,,,,,,,,0,0,125,455,,,,,,,,,,,,,,,,,,,1,1,"7, 8",1,0.0,0.0,0.0,0.0,0.0,0,-1,0,0,0,5,125.0,455.0,0,0,0.0,0.0,62.5,75.0,85.0,75.0,Down,Down,75,50,50,30,55.8743961352657,52.10828025477707,58.87378640776699,50.91025641025641,16,99iosefo,,,,,0
23,3pb269ab,,0,587,587,FinalPage,ThankYou,2026-09-14 06:17:01.139805,1,,,0.0,3,,0.0,M_exp_W_no,,,,,,,,,,,0,0,129,455,,,,,,,,,,,,,,,,,,,1,1,"7, 8",1,0.0,0.0,0.0,0.0,0.0,0,1,1,0,0,5,125.0,455.0,0,0,0.0,0.0,62.5,75.0,85.0,75.0,Down,Down,75,50,50,30,55.8743961352657,52.10828025477707,58.87378640776699,50.91025641025641,16,99iosefo,,,,,0
24,ewpd3m8q,,0,587,587,FinalPage,ThankYou,2026-09-14 06:17:01.323728,1,,,388.89,4,,0.0,M_exp_W_no,,,,,,,,,,,0,0,150,450,,,,,,,,,,,,,,,,,,,1,1,"7, 8",1,0.0,0.0,0.0,0.0,0.0,0,1,-1,0,0,5,125.0,455.0,0,0,0.0,0.0,62.5,75.0,85.0,75.0,Down,Down,75,50,50,30,55.8743961352657,52.10828025477707,58.87378640776699,50.91025641025641,16,99iosefo,,,,,0
25,0tv7bd9u,,0,587,587,FinalPage,ThankYou,2026-09-14 06:17:01.359212,1,,,1277.78,5,,0.0,M_exp_W_no,,,,,,,,,,,0,0,120,170,,,,,,,,,,,,,,,,,,,1,1,"7, 8",1,0.0,0.0,0.0,0.0,0.0,0,-1,-1,0,0,5,125.0,455.0,0,0,0.0,0.0,62.5,75.0,85.0,75.0,Down,Down,75,50,50,30,55.8743961352657,52.10828025477707,58.87378640776699,50.91025641025641,16,99iosefo,,,,,0
1,cfn8fv6w,,0,587,587,FinalPage,ThankYou,2026-09-14 06:16:59.777071,1,,,611.11,1,,0.0,M_exp_W_no,,,,,,,,,,,0,0,95,51,,,,,,,,,,,,,,,,,,,1,1,"7, 8",1,0.0,0.0,0.0,0.0,0.0,0,1,1,0,0,1,95.0,45.0,0,1,0.0,0.0,150.0,140.0,150.0,200.0,Up,Up,50,40,50,100,55.8743961352657,52.10828025477707,58.87378640776699,50.91025641025641,17,99iosefo,,,,,0
2,a1q00v4p,,0,587,587,FinalPage,ThankYou,2026-09-14 06:16:59.895789,1,,,1388.89,2,,0.0,M_exp_W_no,,,,,,,,,,,0,0,20,20,,,,,,,,,,,,,,,,,,,1,1,"7, 8",1,0.0,0.0,0.0,0.0,0.0,0,-1,-1,0,0,1,95.0,45.0,0,1,0.0,0.0,150.0,140.0,150.0,200.0,Up,Up,50,40,50,100,55.8743961352657,52.10828025477707,58.87378640776699,50.91025641025641,17,99iosefo,,,,,0
3,rucumqi6,,0,587,587,FinalPage,ThankYou,2026-09-14 06:16:59.987057,1,,,1222.22,3,,0.0,M_exp_W_no,,,,,,,,,,,0,0,200,100,,,,,,,,,,,,,,,,,,,1,1,"7, 8",1,0.0,0.0,0.0,0.0,0.0,0,1,1,0,0,1,95.0,45.0,0,1,0.0,0.0,150.0,140.0,150.0,200.0,Up,Up,50,40,50,100,55.8743961352657,52.10828025477707,58.87378640776699,50.91025641025641,17,99iosefo,,,,,0
4,lbzqe7lh,,0,587,587,FinalPage,ThankYou,2026-09-14 06:17:00.402890,1,,,555.56,4,,0.0,M_exp_W_no,,,,,,,,,,,0,0,90,45,,,,,,,,,,,,,,,,,,,1,1,"7, 8",1,0.0,0.0,0.0,0.0,0.0,0,-1,0,0,0,1,95.0,45.0,0,1,0.0,0.0,150.0,140.0,150.0,200.0,Up,Up,50,40,50,100,55.8743961352657,52.10828025477707,58.87378640776699,50.91025641025641,17,99iosefo,,,,,0
5,i42igenv,,0,587,587,FinalPage,ThankYou,2026-09-14 06:17:00.510083,1,,,944.44,5,,0.0,M_exp_W_no,,,,,,,,,,,0,0,95,35,,,,,,,,,,,,,,,,,,,1,1,"7, 8",1,0.0,0.0,0.0,0.0,0.0,0,0,-1,0,0,1,95.0,45.0,0,1,0.0,0.0,150.0,140.0,150.0,200.0,Up,Up,50,40,50,100,55.8743961352657,52.10828025477707,58.87378640776699,50.91025641025641,17,99iosefo,,,,,0
6,2nkc141x,,0,587,587,FinalPage,ThankYou,2026-09-14 06:17:00.564137,1,,,722.22,1,,0.0,M_exp_W_no,,,,,,,,,,,0,0,200,400,,,,,,,,,,,,,,,,,,,1,1,"7, 8",1,0.0,0.0,0.0,0.0,0.0,0,-1,1,0,0,2,200.0,350.0,1,0,0.0,0.0,72.5,150.0,75.0,170.0,Down,Up,55,50,70,50,55.8743961352657,52.10828025477707,58.87378640776699,50.91025641025641,17,99iosefo,,,,,0
7,oqud1wxk,,0,587,587,FinalPage,ThankYou,2026-09-14 06:17:00.583781,1,,,500.0,2,,0.0,M_exp_W_no,,,,,,,,,,,0,0,200,400,,,,,,,,,,,,,,,,,,,1,1,"7, 8",1,0.0,0.0,0.0,0.0,0.0,0,0,1,0,0,2,200.0,350.0,1,0,0.0,0.0,72.5,150.0,75.0,170.0,Down,Up,55,50,70,50,55.8743961352657,52.10828025477707,58.87378640776699,50.91025641025641,17,99iosefo,,,,,0
8,a6q31ex7,,0,587,587,FinalPage,ThankYou,2026-09-14 06:17:00.593150,1,,,555.56,3,,0.0,M_exp_W_no,,,,,,,,,,,0,0,350,250,,,,,,,,,,,,,,,,,,,1,1,"7, 8",1,0.0,0.0,0.0,0.0,0.0,0,1,-1,0,0,2,200.0,350.0,1,0,0.0,0.0,72.5,150.0,75.0,170.0,Down,Up,55,50,70,50,55.8743961352657,52.10828025477707,58.87378640776699,50.91025641025641,17,99iosefo,,,,,0
9,o60mnzij,,0,587,587,FinalPage,ThankYou,2026-09-14 06:17:00.600802,1,,,277.78,4,,0.0,M_exp_W_no,,,,,,,,,,,0,0,250,350,,,,,,,,,,,,,,,,,,,1,1,"7, 8",1,0.0,0.0,0.0,0.0,0.0,0,1,0,0,0,2,200.0,350.0,1,0,0.0,0.0,72.5,150.0,75.0,170.0,Down,Up,55,50,70,50,55.8743961352657,52.10828025477707,58.87378640776699,50.91025641025641,17,99iosefo,,,,,0
10,bnt5i99k,,0,587,587,FinalPage,ThankYou,2026-09-14 06:17:00.609096,1,,,1277.78,5,,0.0,M_exp_W_no,,,,,,,,,,,0,0,1,1,,,,,,,,,,,,,,,,,,,1,1,"7, 8",1,0.0,0.0,0.0,0.0,0.0,0,-1,-1,0,0,2,200.0,350.0,1,0,0.0,0.0,72.5,150.0,75.0,170.0,Down,Up,55,50,70,50,55.8743961352657,52.10828025477707,58.87378640776699,50.91025641025641,17,99iosefo,,,,,0
11,zrywj9fx,,0,587,587,FinalPage,ThankYou,2026-09-14 06:17:00.638517,1,,,722.22,1,,0.0,M_exp_W_no,,,,,,,,,,,0,0,270,144,,,,,,,,,,,,,,,,,,,1,1,"7, 8",1,0.0,0.0,0.0,0.0,0.0,0,-1,-1,0,0,3,278.0,145.0,0,1,0.0,0.0,65.0,180.0,200.0,75.0,Up,Down,70,80,100,50,55.8743961352657,52.10828025477707,58.87378640776699,50.91025641025641,17,99iosefo,,,,,0
12,i44g0thi,,0,587,587,FinalPage,ThankYou,2026-09-14 06:17:00.645494,1,,,1111.11,2,,0.0,M_exp_W_no,,,,,,,,,,,0,0,278,145,,,,,,,,,,,,,,,,,,,1,1,"7, 8",1,0.0,0.0,0.0,0.0,0.0,0,0,-1,0,0,3,278.0,145.0,0,1,0.0,0.0,65.0,180.0,200.0,75.0,Up,Down,70,80,100,50,55.8743961352657,52.10828025477707,58.87378640776699,50.91025641025641,17,99iosefo,,,,,0
13,s9ryf5kv,,0,587,587,FinalPage,ThankYou,2026-09-14 06:17:00.652437,1,,,222.22,3,,0.0,M_exp_W_no,,,,,,,,,,,0,0,279,145,,,,,,,,,,,,,,,,,,,1,1,"7, 8",1,0.0,0.0,0.0,0.0,0.0,0,1,1,0,0,3,278.0,145.0,0,1,0.0,0.0,65.0,180.0,200.0,75.0,Up,Down,70,80,100,50,55.8743961352657,52.10828025477707,58.87378640776699,50.91025641025641,17,99iosefo,,,,,0
14,oe31za5u,,0,587,587,FinalPage,ThankYou,2026-09-14 06:17:00.679392,1,,,1166.67,4,,0.0,M_exp_W_no,,,,,,,,,,,0,0,280,147,,,,,,,,,,,,,,,,,,,1,1,"7, 8",1,0.0,0.0,0.0,0.0,0.0,0,1,1,0,0,3,278.0,145.0,0,1,0.0,0.0,65.0,180.0,200.0,75.0,Up,Down,70,80,100,50,55.8743961352657,52.10828025477707,58.87378640776699,50.91025641025641,17,99iosefo,,,,,0
15,v86y9zyn,,0,587,587,FinalPage,ThankYou,2026-09-14 06:17:00.686214,1,,,888.89,5,,0.0,M_exp_W_no,,,,,,,,,,,0,0,270,145,,,,,,,,,,,,,,,,,,,1,1,"7, 8",1,0.0,0.0,0.0,0.0,0.0,0,-1,0,0,0,3,278.0,145.0,0,1,0.0,0.0,65.0,180.0,200.0,75.0,Up,Down,70,80,100,50,55.8743961352657,52.10828025477707,58.87378640776699,50.91025641025641,17,99iosefo,,,,,0
16,3p6ks3hb,,0,587,587,FinalPage,ThankYou,2026-09-14 06:17:00.693437,1,,,722.22,1,,0.0,M_exp_W_no,,,,,,,,,,,0,0,290,196,,,,,,,,,,,,,,,,,,,1,1,"7, 8",1,0.0,0.0,0.0,0.0,0.0,0,-1,1,0,0,4,330.0,160.0,1,1,0.0,0.0,62.5,160.0,50.0,150.0,Down,Up,75,60,100,50,55.8743961352657,52.10828025477707,58.87378640776699,50.91025641025641,17,99iosefo,,,,,0
17,y5kgtmfb,,0,587,587,FinalPage,ThankYou,2026-09-14 06:17:00.700222,1,,,1000.0,2,,0.0,M_exp_W_no,,,,,,,,,,,0,0,344,160,,,,,,,,,,,,,,,,,,,1,1,"7, 8",1,0.0,0.0,0.0,0.0,0.0,0,1,-1,0,0,4,330.0,160.0,1,1,0.0,0.0,62.5,160.0,50.0,150.0,Down,Up,75,60,100,50,55.8743961352657,52.10828025477707,58.87378640776699,50.91025641025641,17,99iosefo,,,,,0
18,ebzeqzcf,,0,587,587,FinalPage,ThankYou,2026-09-14 06:17:00.708228,1,,,111.11,3,,0.0,M_exp_W_no,,,,,,,,,,,0,0,348,160,,,,,,,,,,,,,,,,,,,1,1,"7, 8",1,0.0,0.0,0.0,0.0,0.0,0,1,0,0,0,4,330.0,160.0,1,1,0.0,0.0,62.5,160.0,50.0,150.0,Down,Up,75,60,100,50,55.8743961352657,52.10828025477707,58.87378640776699,50.91025641025641,17,99iosefo,,,,,0
19,pb6d6kev,,0,587,587,FinalPage,ThankYou,2026-09-14 06:17:00.749218,1,,,777.78,4,,0.0,M_exp_W_no,,,,,,,,,,,0,0,330,155,,,,,,,,,,,,,,,,,,,1,1,"7, 8",1,0.0,0.0,0.0,0.0,0.0,0,0,-1,0,0,4,330.0,160.0,1,1,0.0,0.0,62.5,160.0,50.0,150.0,Down,Up,75,60,100,50,55.8743961352657,52.10828025477707,58.87378640776699,50.91025641025641,17,99iosefo,,,,,0
20,m8xnbw73,,0,587,587,FinalPage,ThankYou,2026-09-14 06:17:00.778695,1,,,1000.0,5,,0.0,M_exp_W_no,,,,,,,,,,,0,0,330,170,,,,,,,,,,,,,,,,,,,1,1,"7, 8",1,0.0,0.0,0.0,0.0,0.0,0,-1,1,0,0,4,330.0,160.0,1,1,0.0,0.0,62.5,160.0,50.0,150.0,Down,Up,75,60,100,50,55.8743961352657,52.10828025477707,58.87378640776699,50.91025641025641,17,99iosefo,,,,,0
21,an9ihpoe,,0,587,587,FinalPage,ThankYou,2026-09-14 06:17:00.785536,1,,,833.33,1,,0.0,M_exp_W_no,,,,,,,,,,,0,0,119,460,,,,,,,,,,,,,,,,,,,1,1,"7, 8",1,0.0,0.0,0.0,0.0,0.0,0,-1,1,0,0,5,128.0,457.0,0,0,0.0,0.0,62.5,75.0,85.0,75.0,Down,Down,75,50,50,30,55.8743961352657,52.10828025477707,58.87378640776699,50.91025641025641,17,99iosefo,,,,,0
22,rbyuqaqn,,0,587,587,FinalPage,ThankYou,2026-09-14 06:17:00.797356,1,,,111.11,2,,0.0,M_exp_W_no,,,,,,,,,,,0,0,139,459,,,,,,,,,,,,,,,,,,,1,1,"7, 8",1,0.0,0.0,0.0,0.0,0.0,0,1,1,0,0,5,128.0,457.0,0,0,0.0,0.0,62.5,75.0,85.0,75.0,Down,Down,75,50,50,30,55.8743961352657,52.10828025477707,58.87378640776699,50.91025641025641,17,99iosefo,,,,,0
23,3pb269ab,,0,587,587,FinalPage,ThankYou,2026-09-14 06:17:01.139805,1,,,0.0,3,,0.0,M_exp_W_no,,,,,,,,,,,0,0,128,457,,,,,,,,,,,,,,,,,,,1,1,"7, 8",1,0.0,0.0,0.0,0.0,0.0,0,0,0,0,0,5,128.0,457.0,0,0,0.0,0.0,62.5,75.0,85.0,75.0,Down,Down,75,50,50,30,55.8743961352657,52.10828025477707,58.87378640776699,50.91025641025641,17,99iosefo,,,,,0
24,ewpd3m8q,,0,587,587,FinalPage,ThankYou,2026-09-14 06:17:01.323728,1,,,388.89,4,,0.0,M_exp_W_no,,,,,,,,,,,0,0,150,450,,,,,,,,,,,,,,,,,,,1,1,"7, 8",1,0.0,0.0,0.0,0.0,0.0,0,1,-1,0,0,5,128.0,457.0,0,0,0.0,0.0,62.5,75.0,85.0,75.0,Down,Down,75,50,50,30,55.8743961352657,52.10828025477707,58.87378640776699,50.91025641025641,17,99iosefo,,,,,0
25,0tv7bd9u,,0,587,587,FinalPage,ThankYou,2026-09-14 06:17:01.359212,1,,,1277.78,5,,0.0,M_exp_W_no,,,,,,,,,,,0,0,120,170,,,,,,,,,,,,,,,,,,,1,1,"7, 8",1,0.0,0.0,0.0,0.0,0.0,0,-1,-1,0,0,5,128.0,457.0,0,0,0.0,0.0,62.5,75.0,85.0,75.0,Down,Down,75,50,50,30,55.8743961352657,52.10828025477707,58.87378640776699,50.91025641025641,17,99iosefo,,,,,0
1,cfn8fv6w,,0,587,587,FinalPage,ThankYou,2026-09-14 06:16:59.777071,1,,,611.11,1,,0.0,M_exp_W_no,,,,,,,,,,,0,0,120,50,,,,,,,,,,,,,,,,,,,1,1,"7, 8",1,0.0,0.0,0.0,0.0,0.0,0,1,1,0,0,1,100.0,45.0,0,1,0.0,0.0,150.0,140.0,150.0,200.0,Up,Up,50,40,50,100,55.8743961352657,52.10828025477707,58.87378640776699,50.91025641025641,18,99iosefo,,,,,0
2,a1q00v4p,,0,587,587,FinalPage,ThankYou,2026-09-14 06:16:59.895789,1,,,1388.89,2,,0.0,M_exp_W_no,,,,,,,,,,,0,0,20,20,,,,,,,,,,,,,,,,,,,1,1,"7, 8",1,0.0,0.0,0.0,0.0,0.0,0,-1,-1,0,0,1,100.0,45.0,0,1,0.0,0.0,150.0,140.0,150.0,200.0,Up,Up,50,40,50,100,55.8743961352657,52.10828025477707,58.87378640776699,50.91025641025641,18,99iosefo,,,,,0
3,rucumqi6,,0,587,587,FinalPage,ThankYou,2026-09-14 06:16:59.987057,1,,,1222.22,3,,0.0,M_exp_W_no,,,,,,,,,,,0,0,190,200,,,,,,,,,,,,,,,,,,,1,1,"7, 8",1,0.0,0.0,0.0,0.0,0.0,0,1,1,0,0,1,100.0,45.0,0,1,0.0,0.0,150.0,140.0,150.0,200.0,Up,Up,50,40,50,100,55.8743961352657,52.10828025477707,58.87378640776699,50.91025641025641,18,99iosefo,,,,,0
4,lbzqe7lh,,0,587,587,FinalPage,ThankYou,2026-09-14 06:17:00.402890,1,,,555.56,4,,0.0,M_exp_W_no,,,,,,,,,,,0,0,90,44,,,,,,,,,,,,,,,,,,,1,1,"7, 8",1,0.0,0.0,0.0,0.0,0.0,0,-1,-1,0,0,1,100.0,45.0,0,1,0.0,0.0,150.0,140.0,150.0,200.0,Up,Up,50,40,50,100,55.8743961352657,52.10828025477707,58.87378640776699,50.91025641025641,18,99iosefo,,,,,0
5,i42igenv,,0,587,587,FinalPage,ThankYou,2026-09-14 06:17:00.510083,1,,,944.44,5,,0.0,M_exp_W_no,,,,,,,,,,,0,0,100,45,,,,,,,,,,,,,,,,,,,1,1,"7, 8",1,0.0,0.0,0.0,0.0,0.0,0,0,0,0,0,1,100.0,45.0,0,1,0.0,0.0,150.0,140.0,150.0,200.0,Up,Up,50,40,50,100,55.8743961352657,52.10828025477707,58.87378640776699,50.91025641025641,18,99iosefo,,,,,0
6,2nkc141x,,0,587,587,FinalPage,ThankYou,2026-09-14 06:17:00.564137,1,,,722.22,1,,0.0,M_exp_W_no,,,,,,,,,,,0,0,100,500,,,,,,,,,,,,,,,,,,,1,1,"7, 8",1,0.0,0.0,0.0,0.0,0.0,0,-1,1,0,0,2,200.0,300.0,1,0,0.0,0.0,72.5,150.0,75.0,170.0,Down,Up,55,50,70,50,55.8743961352657,52.10828025477707,58.87378640776699,50.91025641025641,18,99iosefo,,,,,0
7,oqud1wxk,,0,587,587,FinalPage,ThankYou,2026-09-14 06:17:00.583781,1,,,500.0,2,,0.0,M_exp_W_no,,,,,,,,,,,0,0,200,350,,,,,,,,,,,,,,,,,,,1,1,"7, 8",1,0.0,0.0,0.0,0.0,0.0,0,-1,1,0,0,2,200.0,300.0,1,0,0.0,0.0,72.5,150.0,75.0,170.0,Down,Up,55,50,70,50,55.8743961352657,52.10828025477707,58.87378640776699,50.91025641025641,18,99iosefo,,,,,0
8,a6q31ex7,,0,587,587,FinalPage,ThankYou,2026-09-14 06:17:00.593150,1,,,555.56,3,,0.0,M_exp_W_no,,,,,,,,,,,0,0,300,300,,,,,,,,,,,,,,,,,,,1,1,"7, 8",1,0.0,0.0,0.0,0.0,0.0,0,1,-1,0,0,2,200.0,300.0,1,0,0.0,0.0,72.5,150.0,75.0,170.0,Down,Up,55,50,70,50,55.8743961352657,52.10828025477707,58.87378640776699,50.91025641025641,18,99iosefo,,,,,0
9,o60mnzij,,0,587,587,FinalPage,ThankYou,2026-09-14 06:17:00.600802,1,,,277.78,4,,0.0,M_exp_W_no,,,,,,,,,,,0,0,300,300,,,,,,,,,,,,,,,,,,,1,1,"7, 8",1,0.0,0.0,0.0,0.0,0.0,0,1,0,0,0,2,200.0,300.0,1,0,0.0,0.0,72.5,150.0,75.0,170.0,Down,Up,55,50,70,50,55.8743961352657,52.10828025477707,58.87378640776699,50.91025641025641,18,99iosefo,,,,,0
10,bnt5i99k,,0,587,587,FinalPage,ThankYou,2026-09-14 06:17:00.609096,1,,,1277.78,5,,0.0,M_exp_W_no,,,,,,,,,,,0,0,200,300,,,,,,,,,,,,,,,,,,,1,1,"7, 8",1,0.0,0.0,0.0,0.0,0.0,0,0,-1,0,0,2,200.0,300.0,1,0,0.0,0.0,72.5,150.0,75.0,170.0,Down,Up,55,50,70,50,55.8743961352657,52.10828025477707,58.87378640776699,50.91025641025641,18,99iosefo,,,,,0
11,zrywj9fx,,0,587,587,FinalPage,ThankYou,2026-09-14 06:17:00.638517,1,,,722.22,1,,0.0,M_exp_W_no,,,,,,,,,,,0,0,275,146,,,,,,,,,,,,,,,,,,,1,1,"7, 8",1,0.0,0.0,0.0,0.0,0.0,0,1,1,0,0,3,270.0,143.0,0,1,0.0,0.0,65.0,180.0,200.0,75.0,Up,Down,70,80,100,50,55.8743961352657,52.10828025477707,58.87378640776699,50.91025641025641,18,99iosefo,,,,,0
12,i44g0thi,,0,587,587,FinalPage,ThankYou,2026-09-14 06:17:00.645494,1,,,1111.11,2,,0.0,M_exp_W_no,,,,,,,,,,,0,0,260,155,,,,,,,,,,,,,,,,,,,1,1,"7, 8",1,0.0,0.0,0.0,0.0,0.0,0,-1,1,0,0,3,270.0,143.0,0,1,0.0,0.0,65.0,180.0,200.0,75.0,Up,Down,70,80,100,50,55.8743961352657,52.10828025477707,58.87378640776699,50.91025641025641,18,99iosefo,,,,,0
13,s9ryf5kv,,0,587,587,FinalPage,ThankYou,2026-09-14 06:17:00.652437,1,,,222.22,3,,0.0,M_exp_W_no,,,,,,,,,,,0,0,290,130,,,,,,,,,,,,,,,,,,,1,1,"7, 8",1,0.0,0.0,0.0,0.0,0.0,0,1,-1,0,0,3,270.0,143.0,0,1,0.0,0.0,65.0,180.0,200.0,75.0,Up,Down,70,80,100,50,55.8743961352657,52.10828025477707,58.87378640776699,50.91025641025641,18,99iosefo,,,,,0
14,oe31za5u,,0,587,587,FinalPage,ThankYou,2026-09-14 06:17:00.679392,1,,,1166.67,4,,0.0,M_exp_W_no,,,,,,,,,,,0,0,265,143,,,,,,,,,,,,,,,,,,,1,1,"7, 8",1,0.0,0.0,0.0,0.0,0.0,0,-1,0,0,0,3,270.0,143.0,0,1,0.0,0.0,65.0,180.0,200.0,75.0,Up,Down,70,80,100,50,55.8743961352657,52.10828025477707,58.87378640776699,50.91025641025641,18,99iosefo,,,,,0
15,v86y9zyn,,0,587,587,FinalPage,ThankYou,2026-09-14 06:17:00.686214,1,,,888.89,5,,0.0,M_exp_W_no,,,,,,,,,,,0,0,270,141,,,,,,,,,,,,,,,,,,,1,1,"7, 8",1,0.0,0.0,0.0,0.0,0.0,0,0,-1,0,0,3,270.0,143.0,0,1,0.0,0.0,65.0,180.0,200.0,75.0,Up,Down,70,80,100,50,55.8743961352657,52.10828025477707,58.87378640776699,50.91025641025641,18,99iosefo,,,,,0
16,3p6ks3hb,,0,587,587,FinalPage,ThankYou,2026-09-14 06:17:00.693437,1,,,722.22,1,,0.0,M_exp_W_no,,,,,,,,,,,0,0,362,158,,,,,,,,,,,,,,,,,,,1,1,"7, 8",1,0.0,0.0,0.0,0.0,0.0,0,1,-1,0,0,4,320.0,160.0,1,1,0.0,0.0,62.5,160.0,50.0,150.0,Down,Up,75,60,100,50,55.8743961352657,52.10828025477707,58.87378640776699,50.91025641025641,18,99iosefo,,,,,0
17,y5kgtmfb,,0,587,587,FinalPage,ThankYou,2026-09-14 06:17:00.700222,1,,,1000.0,2,,0.0,M_exp_W_no,,,,,,,,,,,0,0,320,160,,,,,,,,,,,,,,,,,,,1,1,"7, 8",1,0.0,0.0,0.0,0.0,0.0,0,0,0,0,0,4,320.0,160.0,1,1,0.0,0.0,62.5,160.0,50.0,150.0,Down,Up,75,60,100,50,55.8743961352657,52.10828025477707,58.87378640776699,50.91025641025641,18,99iosefo,,,,,0
18,ebzeqzcf,,0,587,587,FinalPage,ThankYou,2026-09-14 06:17:00.708228,1,,,111.11,3,,0.0,M_exp_W_no,,,,,,,,,,,0,0,333,159,,,,,,,,,,,,,,,,,,,1,1,"7, 8",1,0.0,0.0,0.0,0.0,0.0,0,1,-1,0,0,4,320.0,160.0,1,1,0.0,0.0,62.5,160.0,50.0,150.0,Down,Up,75,60,100,50,55.8743961352657,52.10828025477707,58.87378640776699,50.91025641025641,18,99iosefo,,,,,0
19,pb6d6kev,,0,587,587,FinalPage,ThankYou,2026-09-14 06:17:00.749218,1,,,777.78,4,,0.0,M_exp_W_no,,,,,,,,,,,0,0,310,165,,,,,,,,,,,,,,,,,,,1,1,"7, 8",1,0.0,0.0,0.0,0.0,0.0,0,-1,1,0,0,4,320.0,160.0,1,1,0.0,0.0,62.5,160.0,50.0,150.0,Down,Up,75,60,100,50,55.8743961352657,52.10828025477707,58.87378640776699,50.91025641025641,18,99iosefo,,,,,0
20,m8xnbw73,,0,587,587,FinalPage,ThankYou,2026-09-14 06:17:00.778695,1,,,1000.0,5,,0.0,M_exp_W_no,,,,,,,,,,,0,0,150,170,,,,,,,,,,,,,,,,,,,1,1,"7, 8",1,0.0,0.0,0.0,0.0,0.0,0,-1,1,0,0,4,320.0,160.0,1,1,0.0,0.0,62.5,160.0,50.0,150.0,Down,Up,75,60,100,50,55.8743961352657,52.10828025477707,58.87378640776699,50.91025641025641,18,99iosefo,,,,,0
21,an9ihpoe,,0,587,587,FinalPage,ThankYou,2026-09-14 06:17:00.785536,1,,,833.33,1,,0.0,M_exp_W_no,,,,,,,,,,,0,0,125,455,,,,,,,,,,,,,,,,,,,1,1,"7, 8",1,0.0,0.0,0.0,0.0,0.0,0,0,-1,0,0,5,125.0,458.0,0,0,0.0,0.0,62.5,75.0,85.0,75.0,Down,Down,75,50,50,30,55.8743961352657,52.10828025477707,58.87378640776699,50.91025641025641,18,99iosefo,,,,,0
22,rbyuqaqn,,0,587,587,FinalPage,ThankYou,2026-09-14 06:17:00.797356,1,,,111.11,2,,0.0,M_exp_W_no,,,,,,,,,,,0,0,129,458,,,,,,,,,,,,,,,,,,,1,1,"7, 8",1,0.0,0.0,0.0,0.0,0.0,0,1,0,0,0,5,125.0,458.0,0,0,0.0,0.0,62.5,75.0,85.0,75.0,Down,Down,75,50,50,30,55.8743961352657,52.10828025477707,58.87378640776699,50.91025641025641,18,99iosefo,,,,,0
23,3pb269ab,,0,587,587,FinalPage,ThankYou,2026-09-14 06:17:01.139805,1,,,0.0,3,,0.0,M_exp_W_no,,,,,,,,,,,0,0,130,460,,,,,,,,,,,,,,,,,,,1,1,"7, 8",1,0.0,0.0,0.0,0.0,0.0,0,1,1,0,0,5,125.0,458.0,0,0,0.0,0.0,62.5,75.0,85.0,75.0,Down,Down,75,50,50,30,55.8743961352657,52.10828025477707,58.87378640776699,50.91025641025641,18,99iosefo,,,,,0
24,ewpd3m8q,,0,587,587,FinalPage,ThankYou,2026-09-14 06:17:01.323728,1,,,388.89,4,,0.0,M_exp_W_no,,,,,,,,,,,0,0,100,500,,,,,,,,,,,,,,,,,,,1,1,"7, 8",1,0.0,0.0,0.0,0.0,0.0,0,-1,1,0,0,5,125.0,458.0,0,0,0.0,0.0,62.5,75.0,85.0,75.0,Down,Down,75,50,50,30,55.8743961352657,52.10828025477707,58.87378640776699,50.91025641025641,18,99iosefo,,,,,0
25,0tv7bd9u,,0,587,587,FinalPage,ThankYou,2026-09-14 06:17:01.359212,1,,,1277.78,5,,0.0,M_exp_W_no,,,,,,,,,,,0,0,120,170,,,,,,,,,,,,,,,,,,,1,1,"7, 8",1,0.0,0.0,0.0,0.0,0.0,0,-1,-1,0,0,5,125.0,458.0,0,0,0.0,0.0,62.5,75.0,85.0,75.0,Down,Down,75,50,50,30,55.8743961352657,52.10828025477707,58.87378640776699,50.91025641025641,18,99iosefo,,,,,0
1,cfn8fv6w,,0,587,587,FinalPage,ThankYou,2026-09-14 06:16:59.777071,1,,,611.11,1,,0.0,M_exp_W_no,,,,,,,,,,,0,0,110,50,,,,,,,,,,,,,,,,,,,1,1,"7, 8",1,0.0,0.0,0.0,0.0,0.0,0,0,0,0,0,1,110.0,50.0,0,1,0.0,0.0,150.0,140.0,150.0,200.0,Up,Up,50,40,50,100,55.8743961352657,52.10828025477707,58.87378640776699,50.91025641025641,19,99iosefo,,,,,0
2,a1q00v4p,,0,587,587,FinalPage,ThankYou,2026-09-14 06:16:59.895789,1,,,1388.89,2,,0.0,M_exp_W_no,,,,,,,,,,,0,0,10,10,,,,,,,,,,,,,,,,,,,1,1,"7, 8",1,0.0,0.0,0.0,0.0,0.0,0,-1,-1,0,0,1,110.0,50.0,0,1,0.0,0.0,150.0,140.0,150.0,200.0,Up,Up,50,40,50,100,55.8743961352657,52.10828025477707,58.87378640776699,50.91025641025641,19,99iosefo,,,,,0
3,rucumqi6,,0,587,587,FinalPage,ThankYou,2026-09-14 06:16:59.987057,1,,,1222.22,3,,0.0,M_exp_W_no,,,,,,,,,,,0,0,150,50,,,,,,,,,,,,,,,,,,,1,1,"7, 8",1,0.0,0.0,0.0,0.0,0.0,0,1,1,0,0,1,110.0,50.0,0,1,0.0,0.0,150.0,140.0,150.0,200.0,Up,Up,50,40,50,100,55.8743961352657,52.10828025477707,58.87378640776699,50.91025641025641,19,99iosefo,,,,,0
4,lbzqe7lh,,0,587,587,FinalPage,ThankYou,2026-09-14 06:17:00.402890,1,,,555.56,4,,0.0,M_exp_W_no,,,,,,,,,,,0,0,94,44,,,,,,,,,,,,,,,,,,,1,1,"7, 8",1,0.0,0.0,0.0,0.0,0.0,0,-1,-1,0,0,1,110.0,50.0,0,1,0.0,0.0,150.0,140.0,150.0,200.0,Up,Up,50,40,50,100,55.8743961352657,52.10828025477707,58.87378640776699,50.91025641025641,19,99iosefo,,,,,0
5,i42igenv,,0,587,587,FinalPage,ThankYou,2026-09-14 06:17:00.510083,1,,,944.44,5,,0.0,M_exp_W_no,,,,,,,,,,,0,0,120,50,,,,,,,,,,,,,,,,,,,1,1,"7, 8",1,0.0,0.0,0.0,0.0,0.0,0,1,1,0,0,1,110.0,50.0,0,1,0.0,0.0,150.0,140.0,150.0,200.0,Up,Up,50,40,50,100,55.8743961352657,52.10828025477707,58.87378640776699,50.91025641025641,19,99iosefo,,,,,0
6,2nkc141x,,0,587,587,FinalPage,ThankYou,2026-09-14 06:17:00.564137,1,,,722.22,1,,0.0,M_exp_W_no,,,,,,,,,,,0,0,250,350,,,,,,,,,,,,,,,,,,,1,1,"7, 8",1,0.0,0.0,0.0,0.0,0.0,0,0,1,0,0,2,250.0,350.0,1,0,0.0,0.0,72.5,150.0,75.0,170.0,Down,Up,55,50,70,50,55.8743961352657,52.10828025477707,58.87378640776699,50.91025641025641,19,99iosefo,,,,,0
7,oqud1wxk,,0,587,587,FinalPage,ThankYou,2026-09-14 06:17:00.583781,1,,,500.0,2,,0.0,M_exp_W_no,,,,,,,,,,,0,0,300,300,,,,,,,,,,,,,,,,,,,1,1,"7, 8",1,0.0,0.0,0.0,0.0,0.0,0,1,-1,0,0,2,250.0,350.0,1,0,0.0,0.0,72.5,150.0,75.0,170.0,Down,Up,55,50,70,50,55.8743961352657,52.10828025477707,58.87378640776699,50.91025641025641,19,99iosefo,,,,,0
8,a6q31ex7,,0,587,587,FinalPage,ThankYou,2026-09-14 06:17:00.593150,1,,,555.56,3,,0.0,M_exp_W_no,,,,,,,,,,,0,0,150,450,,,,,,,,,,,,,,,,,,,1,1,"7, 8",1,0.0,0.0,0.0,0.0,0.0,0,-1,1,0,0,2,250.0,350.0,1,0,0.0,0.0,72.5,150.0,75.0,170.0,Down,Up,55,50,70,50,55.8743961352657,52.10828025477707,58.87378640776699,50.91025641025641,19,99iosefo,,,,,0
9,o60mnzij,,0,587,587,FinalPage,ThankYou,2026-09-14 06:17:00.600802,1,,,277.78,4,,0.0,M_exp_W_no,,,,,,,,,,,0,0,250,350,,,,,,,,,,,,,,,,,,,1,1,"7, 8",1,0.0,0.0,0.0,0.0,0.0,0,1,0,0,0,2,250.0,350.0,1,0,0.0,0.0,72.5,150.0,75.0,170.0,Down,Up,55,50,70,50,55.8743961352657,52.10828025477707,58.87378640776699,50.91025641025641,19,99iosefo,,,,,0
10,bnt5i99k,,0,587,587,FinalPage,ThankYou,2026-09-14 06:17:00.609096,1,,,1277.78,5,,0.0,M_exp_W_no,,,,,,,,,,,0,0,1,1,,,,,,,,,,,,,,,,,,,1,1,"7, 8",1,0.0,0.0,0.0,0.0,0.0,0,-1,-1,0,0,2,250.0,350.0,1,0,0.0,0.0,72.5,150.0,75.0,170.0,Down,Up,55,50,70,50,55.8743961352657,52.10828025477707,58.87378640776699,50.91025641025641,19,99iosefo,,,,,0
11,zrywj9fx,,0,587,587,FinalPage,ThankYou,2026-09-14 06:17:00.638517,1,,,722.22,1,,0.0,M_exp_W_no,,,,,,,,,,,0,0,260,146,,,,,,,,,,,,,,,,,,,1,1,"7, 8",1,0.0,0.0,0.0,0.0,0.0,0,-1,1,0,0,3,267.0,140.0,0,1,0.0,0.0,65.0,180.0,200.0,75.0,Up,Down,70,80,100,50,55.8743961352657,52.10828025477707,58.87378640776699,50.91025641025641,19,99iosefo,,,,,0
12,i44g0thi,,0,587,587,FinalPage,ThankYou,2026-09-14 06:17:00.645494,1,,,1111.11,2,,0.0,M_exp_W_no,,,,,,,,,,,0,0,260,135,,,,,,,,,,,,,,,,,,,1,1,"7, 8",1,0.0,0.0,0.0,0.0,0.0,0,-1,-1,0,0,3,267.0,140.0,0,1,0.0,0.0,65.0,180.0,200.0,75.0,Up,Down,70,80,100,50,55.8743961352657,52.10828025477707,58.87378640776699,50.91025641025641,19,99iosefo,,,,,0
13,s9ryf5kv,,0,587,587,FinalPage,ThankYou,2026-09-14 06:17:00.652437,1,,,222.22,3,,0.0,M_exp_W_no,,,,,,,,,,,0,0,280,140,,,,,,,,,,,,,,,,,,,1,1,"7, 8",1,0.0,0.0,0.0,0.0,0.0,0,1,-1,0,0,3,267.0,140.0,0,1,0.0,0.0,65.0,180.0,200.0,75.0,Up,Down,70,80,100,50,55.8743961352657,52.10828025477707,58.87378640776699,50.91025641025641,19,99iosefo,,,,,0
14,oe31za5u,,0,587,587,FinalPage,ThankYou,2026-09-14 06:17:00.679392,1,,,1166.67,4,,0.0,M_exp_W_no,,,,,,,,,,,0,0,267,140,,,,,,,,,,,,,,,,,,,1,1,"7, 8",1,0.0,0.0,0.0,0.0,0.0,0,0,0,0,0,3,267.0,140.0,0,1,0.0,0.0,65.0,180.0,200.0,75.0,Up,Down,70,80,100,50,55.8743961352657,52.10828025477707,58.87378640776699,50.91025641025641,19,99iosefo,,,,,0
15,v86y9zyn,,0,587,587,FinalPage,ThankYou,2026-09-14 06:17:00.686214,1,,,888.89,5,,0.0,M_exp_W_no,,,,,,,,,,,0,0,271,144,,,,,,,,,,,,,,,,,,,1,1,"7, 8",1,0.0,0.0,0.0,0.0,0.0,0,1,1,0,0,3,267.0,140.0,0,1,0.0,0.0,65.0,180.0,200.0,75.0,Up,Down,70,80,100,50,55.8743961352657,52.10828025477707,58.87378640776699,50.91025641025641,19,99iosefo,,,,,0
16,3p6ks3hb,,0,587,587,FinalPage,ThankYou,2026-09-14 06:17:00.693437,1,,,722.22,1,,0.0,M_exp_W_no,,,,,,,,,,,0,0,248,182,,,,,,,,,,,,,,,,,,,1,1,"7, 8",1,0.0,0.0,0.0,0.0,0.0,0,-1,1,0,0,4,311.0,160.0,1,1,0.0,0.0,62.5,160.0,50.0,150.0,Down,Up,75,60,100,50,55.8743961352657,52.10828025477707,58.87378640776699,50.91025641025641,19,99iosefo,,,,,0
17,y5kgtmfb,,0,587,587,FinalPage,ThankYou,2026-09-14 06:17:00.700222,1,,,1000.0,2,,0.0,M_exp_W_no,,,,,,,,,,,0,0,320,150,,,,,,,,,,,,,,,,,,,1,1,"7, 8",1,0.0,0.0,0.0,0.0,0.0,0,1,-1,0,0,4,311.0,160.0,1,1,0.0,0.0,62.5,160.0,50.0,150.0,Down,Up,75,60,100,50,55.8743961352657,52.10828025477707,58.87378640776699,50.91025641025641,19,99iosefo,,,,,0
18,ebzeqzcf,,0,587,587,FinalPage,ThankYou,2026-09-14 06:17:00.708228,1,,,111.11,3,,0.0,M_exp_W_no,,,,,,,,,,,0,0,311,159,,,,,,,,,,,,,,,,,,,1,1,"7, 8",1,0.0,0.0,0.0,0.0,0.0,0,0,-1,0,0,4,311.0,160.0,1,1,0.0,0.0,62.5,160.0,50.0,150.0,Down,Up,75,60,100,50,55.8743961352657,52.10828025477707,58.87378640776699,50.91025641025641,19,99iosefo,,,,,0
19,pb6d6kev,,0,587,587,FinalPage,ThankYou,2026-09-14 06:17:00.749218,1,,,777.78,4,,0.0,M_exp_W_no,,,,,,,,,,,0,0,315,160,,,,,,,,,,,,,,,,,,,1,1,"7, 8",1,0.0,0.0,0.0,0.0,0.0,0,1,0,0,0,4,311.0,160.0,1,1,0.0,0.0,62.5,160.0,50.0,150.0,Down,Up,75,60,100,50,55.8743961352657,52.10828025477707,58.87378640776699,50.91025641025641,19,99iosefo,,,,,0
20,m8xnbw73,,0,587,587,FinalPage,ThankYou,2026-09-14 06:17:00.778695,1,,,1000.0,5,,0.0,M_exp_W_no,,,,,,,,,,,0,0,180,190,,,,,,,,,,,,,,,,,,,1,1,"7, 8",1,0.0,0.0,0.0,0.0,0.0,0,-1,1,0,0,4,311.0,160.0,1,1,0.0,0.0,62.5,160.0,50.0,150.0,Down,Up,75,60,100,50,55.8743961352657,52.10828025477707,58.87378640776699,50.91025641025641,19,99iosefo,,,,,0
21,an9ihpoe,,0,587,587,FinalPage,ThankYou,2026-09-14 06:17:00.785536,1,,,833.33,1,,0.0,M_exp_W_no,,,,,,,,,,,0,0,124,460,,,,,,,,,,,,,,,,,,,1,1,"7, 8",1,0.0,0.0,0.0,0.0,0.0,0,-1,0,0,0,5,125.0,460.0,0,0,0.0,0.0,62.5,75.0,85.0,75.0,Down,Down,75,50,50,30,55.8743961352657,52.10828025477707,58.87378640776699,50.91025641025641,19,99iosefo,,,,,0
22,rbyuqaqn,,0,587,587,FinalPage,ThankYou,2026-09-14 06:17:00.797356,1,,,111.11,2,,0.0,M_exp_W_no,,,,,,,,,,,0,0,125,460,,,,,,,,,,,,,,,,,,,1,1,"7, 8",1,0.0,0.0,0.0,0.0,0.0,0,1,1,0,0,5,125.0,460.0,0,0,0.0,0.0,62.5,75.0,85.0,75.0,Down,Down,75,50,50,30,55.8743961352657,52.10828025477707,58.87378640776699,50.91025641025641,19,99iosefo,,,,,0
23,3pb269ab,,0,587,587,FinalPage,ThankYou,2026-09-14 06:17:01.139805,1,,,0.0,3,,0.0,M_exp_W_no,,,,,,,,,,,0,0,125,460,,,,,,,,,,,,,,,,,,,1,1,"7, 8",1,0.0,0.0,0.0,0.0,0.0,0,1,-1,0,0,5,125.0,460.0,0,0,0.0,0.0,62.5,75.0,85.0,75.0,Down,Down,75,50,50,30,55.8743961352657,52.10828025477707,58.87378640776699,50.91025641025641,19,99iosefo,,,,,0
24,ewpd3m8q,,0,587,587,FinalPage,ThankYou,2026-09-14 06:17:01.323728,1,,,388.89,4,,0.0,M_exp_W_no,,,,,,,,,,,0,0,125,475,,,,,,,,,,,,,,,,,,,1,1,"7, 8",1,0.0,0.0,0.0,0.0,0.0,0,0,1,0,0,5,125.0,460.0,0,0,0.0,0.0,62.5,75.0,85.0,75.0,Down,Down,75,50,50,30,55.8743961352657,52.10828025477707,58.87378640776699,50.91025641025641,19,99iosefo,,,,,0
25,0tv7bd9u,,0,587,587,FinalPage,ThankYou,2026-09-14 06:17:01.359212,1,,,1277.78,5,,0.0,M_exp_W_no,,,,,,,,,,,0,0,120,170,,,,,,,,,,,,,,,,,,,1,1,"7, 8",1,0.0,0.0,0.0,0.0,0.0,0,-1,-1,0,0,5,125.0,460.0,0,0,0.0,0.0,62.5,75.0,85.0,75.0,Down,Down,75,50,50,30,55.8743961352657,52.10828025477707,58.87378640776699,50.91025641025641,19,99iosefo,,,,,0
1,cfn8fv6w,,0,587,587,FinalPage,ThankYou,2026-09-14 06:16:59.777071,1,,,611.11,1,,579.5,M_exp_W_no,,,,,,,,,,,0,0,70,20,,,,,,,,,,,,,,,,,,,1,1,"7, 8",1,140.0,147.0,255.0,542.0,37.5,1,-1,-1,0,0,1,104.0,49.0,0,1,0.0,0.0,150.0,140.0,150.0,200.0,Up,Up,50,40,50,100,55.8743961352657,52.10828025477707,58.87378640776699,50.91025641025641,20,99iosefo,,,,,0
2,a1q00v4p,,0,587,587,FinalPage,ThankYou,2026-09-14 06:16:59.895789,1,,,1388.89,2,,1298.5,M_exp_W_no,,,,,,,,,,,0,0,10,10,,,,,,,,,,,,,,,,,,,1,1,"7, 8",1,300.0,146.0,815.0,1261.0,37.5,1,-1,-1,0,0,1,104.0,49.0,0,1,0.0,0.0,150.0,140.0,150.0,200.0,Up,Up,50,40,50,100,55.8743961352657,52.10828025477707,58.87378640776699,50.91025641025641,20,99iosefo,,,,,0
3,rucumqi6,,0,587,587,FinalPage,ThankYou,2026-09-14 06:16:59.987057,1,,,1222.22,3,,1240.5,M_exp_W_no,,,,,,,,,,,0,0,109,49,,,,,,,,,,,,,,,,,,,1,1,"7, 8",1,150.0,148.0,905.0,1203.0,37.5,1,1,0,0,0,1,104.0,49.0,0,1,0.0,0.0,150.0,140.0,150.0,200.0,Up,Up,50,40,50,100,55.8743961352657,52.10828025477707,58.87378640776699,50.91025641025641,20,99iosefo,,,,,0
4,lbzqe7lh,,0,587,587,FinalPage,ThankYou,2026-09-14 06:17:00.402890,1,,,555.56,4,,535.0,M_exp_W_no,,,,,,,,,,,0,0,104,49,,,,,,,,,,,,,,,,,,,1,1,"7, 8",1,133.0,147.0,255.0,535.0,0.0,0,0,1,0,0,1,104.0,49.0,0,1,0.0,0.0,150.0,140.0,150.0,200.0,Up,Up,50,40,50,100,55.8743961352657,52.10828025477707,58.87378640776699,50.91025641025641,20,99iosefo,,,,,0
5,i42igenv,,0,587,587,FinalPage,ThankYou,2026-09-14 06:17:00.510083,1,,,944.44,5,,976.5,M_exp_W_no,,,,,,,,,,,0,0,120,50,,,,,,,,,,,,,,,,,,,1,1,"7, 8",1,160.0,146.5,670.0,976.5,0.0,0,1,1,0,0,1,104.0,49.0,0,1,0.0,0.0,150.0,140.0,150.0,200.0,Up,Up,50,40,50,100,55.8743961352657,52.10828025477707,58.87378640776699,50.91025641025641,20,99iosefo,,,,,0
6,2nkc141x,,0,587,587,FinalPage,ThankYou,2026-09-14 06:17:00.564137,1,,,722.22,1,,730.0,M_exp_W_no,,,,,,,,,,,0,0,250,350,,,,,,,,,,,,,,,,,,,1,1,"7, 8",1,75.0,72.5,545.0,692.5,37.5,1,1,0,0,0,2,200.0,350.0,1,0,0.0,0.0,72.5,150.0,75.0,170.0,Down,Up,55,50,70,50,55.8743961352657,52.10828025477707,58.87378640776699,50.91025641025641,20,99iosefo,,,,,0
7,oqud1wxk,,0,587,587,FinalPage,ThankYou,2026-09-14 06:17:00.583781,1,,,500.0,2,,524.63,M_exp_W_no,,,,,,,,,,,0,0,200,400,,,,,,,,,,,,,,,,,,,1,1,"7, 8",1,80.0,99.625,345.0,524.625,0.0,0,0,1,0,0,2,200.0,350.0,1,0,0.0,0.0,72.5,150.0,75.0,170.0,Down,Up,55,50,70,50,55.8743961352657,52.10828025477707,58.87378640776699,50.91025641025641,20,99iosefo,,,,,0
8,a6q31ex7,,0,587,587,FinalPage,ThankYou,2026-09-14 06:17:00.593150,1,,,555.56,3,,529.63,M_exp_W_no,,,,,,,,,,,0,0,150,450,,,,,,,,,,,,,,,,,,,1,1,"7, 8",1,85.0,99.625,345.0,529.625,0.0,0,-1,1,0,0,2,200.0,350.0,1,0,0.0,0.0,72.5,150.0,75.0,170.0,Down,Up,55,50,70,50,55.8743961352657,52.10828025477707,58.87378640776699,50.91025641025641,20,99iosefo,,,,,0
9,o60mnzij,,0,587,587,FinalPage,ThankYou,2026-09-14 06:17:00.600802,1,,,277.78,4,,265.75,M_exp_W_no,,,,,,,,,,,0,0,300,300,,,,,,,,,,,,,,,,,,,1,1,"7, 8",1,80.0,95.75,90.0,265.75,0.0,0,1,-1,0,0,2,200.0,350.0,1,0,0.0,0.0,72.5,150.0,75.0,170.0,Down,Up,55,50,70,50,55.8743961352657,52.10828025477707,58.87378640776699,50.91025641025641,20,99iosefo,,,,,0
10,bnt5i99k,,0,587,587,FinalPage,ThankYou,2026-09-14 06:17:00.609096,1,,,1277.78,5,,1279.5,M_exp_W_no,,,,,,,,,,,0,0,1,1,,,,,,,,,,,,,,,,,,,1,1,"7, 8",1,66.5,88.0,900.0,1054.5,225.0,1,-1,-1,0,0,2,200.0,350.0,1,0,0.0,0.0,72.5,150.0,75.0,170.0,Down,Up,55,50,70,50,55.8743961352657,52.10828025477707,58.87378640776699,50.91025641025641,20,99iosefo,,,,,0
11,zrywj9fx,,0,587,587,FinalPage,ThankYou,2026-09-14 06:17:00.638517,1,,,722.22,1,,761.25,M_exp_W_no,,,,,,,,,,,0,0,268,144,,,,,,,,,,,,,,,,,,,1,1,"7, 8",1,300.0,105.25,356.0,761.25,0.0,0,0,1,0,0,3,268.0,136.0,0,1,0.0,0.0,65.0,180.0,200.0,75.0,Up,Down,70,80,100,50,55.8743961352657,52.10828025477707,58.87378640776699,50.91025641025641,20,99iosefo,,,,,0
12,i44g0thi,,0,587,587,FinalPage,ThankYou,2026-09-14 06:17:00.645494,1,,,1111.11,2,,1112.5,M_exp_W_no,,,,,,,,,,,0,0,280,150,,,,,,,,,,,,,,,,,,,1,1,"7, 8",1,120.0,99.5,893.0,1112.5,0.0,0,1,1,0,0,3,268.0,136.0,0,1,0.0,0.0,65.0,180.0,200.0,75.0,Up,Down,70,80,100,50,55.8743961352657,52.10828025477707,58.87378640776699,50.91025641025641,20,99iosefo,,,,,0
13,s9ryf5kv,,0,587,587,FinalPage,ThankYou,2026-09-14 06:17:00.652437,1,,,222.22,3,,262.5,M_exp_W_no,,,,,,,,,,,0,0,280,130,,,,,,,,,,,,,,,,,,,1,1,"7, 8",1,123.0,122.5,17.0,262.5,0.0,0,1,-1,0,0,3,268.0,136.0,0,1,0.0,0.0,65.0,180.0,200.0,75.0,Up,Down,70,80,100,50,55.8743961352657,52.10828025477707,58.87378640776699,50.91025641025641,20,99iosefo,,,,,0
14,oe31za5u,,0,587,587,FinalPage,ThankYou,2026-09-14 06:17:00.679392,1,,,1166.67,4,,1109.5,M_exp_W_no,,,,,,,,,,,0,0,260,135,,,,,,,,,,,,,,,,,,,1,1,"7, 8",1,150.0,99.5,860.0,1109.5,0.0,0,-1,-1,0,0,3,268.0,136.0,0,1,0.0,0.0,65.0,180.0,200.0,75.0,Up,Down,70,80,100,50,55.8743961352657,52.10828025477707,58.87378640776699,50.91025641025641,20,99iosefo,,,,,0
15,v86y9zyn,,0,587,587,FinalPage,ThankYou,2026-09-14 06:17:00.686214,1,,,888.89,5,,790.75,M_exp_W_no,,,,,,,,,,,0,0,266,136,,,,,,,,,,,,,,,,,,,1,1,"7, 8",1,161.0,99.5,324.0,584.5,206.25,1,-1,0,0,0,3,268.0,136.0,0,1,0.0,0.0,65.0,180.0,200.0,75.0,Up,Down,70,80,100,50,55.8743961352657,52.10828025477707,58.87378640776699,50.91025641025641,20,99iosefo,,,,,0
16,3p6ks3hb,,0,587,587,FinalPage,ThankYou,2026-09-14 06:17:00.693437,1,,,722.22,1,,643.77,M_exp_W_no,,,,,,,,,,,0,0,298,153,,,,,,,,,,,,,,,,,,,1,1,"7, 8",1,90.0,90.775,463.0,643.775,0.0,0,-1,-1,0,0,4,300.0,158.0,1,1,0.0,0.0,62.5,160.0,50.0,150.0,Down,Up,75,60,100,50,55.8743961352657,52.10828025477707,58.87378640776699,50.91025641025641,20,99iosefo,,,,,0
17,y5kgtmfb,,0,587,587,FinalPage,ThankYou,2026-09-14 06:17:00.700222,1,,,1000.0,2,,923.88,M_exp_W_no,,,,,,,,,,,0,0,300,159,,,,,,,,,,,,,,,,,,,1,1,"7, 8",1,85.0,86.875,714.5,886.375,37.5,1,0,1,0,0,4,300.0,158.0,1,1,0.0,0.0,62.5,160.0,50.0,150.0,Down,Up,75,60,100,50,55.8743961352657,52.10828025477707,58.87378640776699,50.91025641025641,20,99iosefo,,,,,0
18,ebzeqzcf,,0,587,587,FinalPage,ThankYou,2026-09-14 06:17:00.708228,1,,,111.11,3,,46.43,M_exp_W_no,,,,,,,,,,,0,0,313,159,,,,,,,,,,,,,,,,,,,1,1,"7, 8",1,50.0,84.92500000000001,-126.0,8.925000000000011,37.5,1,1,1,0,0,4,300.0,158.0,1,1,0.0,0.0,62.5,160.0,50.0,150.0,Down,Up,75,60,100,50,55.8743961352657,52.10828025477707,58.87378640776699,50.91025641025641,20,99iosefo,,,,,0
19,pb6d6kev,,0,587,587,FinalPage,ThankYou,2026-09-14 06:17:00.749218,1,,,777.78,4,,705.0,M_exp_W_no,,,,,,,,,,,0,0,318,158,,,,,,,,,,,,,,,,,,,1,1,"7, 8",1,50.0,101.5,441.0,592.5,112.5,1,1,0,0,0,4,300.0,158.0,1,1,0.0,0.0,62.5,160.0,50.0,150.0,Down,Up,75,60,100,50,55.8743961352657,52.10828025477707,58.87378640776699,50.91025641025641,20,99iosefo,,,,,0
20,m8xnbw73,,0,587,587,FinalPage,ThankYou,2026-09-14 06:17:00.778695,1,,,1000.0,5,,930.9,M_exp_W_no,,,,,,,,,,,0,0,300,100,,,,,,,,,,,,,,,,,,,1,1,"7, 8",1,75.0,85.9,732.5,893.4,37.5,1,-1,-1,0,0,4,300.0,158.0,1,1,0.0,0.0,62.5,160.0,50.0,150.0,Down,Up,75,60,100,50,55.8743961352657,52.10828025477707,58.87378640776699,50.91025641025641,20,99iosefo,,,,,0
21,an9ihpoe,,0,587,587,FinalPage,ThankYou,2026-09-14 06:17:00.785536,1,,,833.33,1,,773.75,M_exp_W_no,,,,,,,,,,,0,0,124,462,,,,,,,,,,,,,,,,,,,1,1,"7, 8",1,85.0,66.25,285.0,436.25,337.5,1,0,0,0,0,5,124.0,462.0,0,0,0.0,0.0,62.5,75.0,85.0,75.0,Down,Down,75,50,50,30,55.8743961352657,52.10828025477707,58.87378640776699,50.91025641025641,20,99iosefo,,,,,0
22,rbyuqaqn,,0,587,587,FinalPage,ThankYou,2026-09-14 06:17:00.797356,1,,,111.11,2,,13.75,M_exp_W_no,,,,,,,,,,,0,0,120,462,,,,,,,,,,,,,,,,,,,1,1,"7, 8",1,60.0,66.25,-112.5,13.75,0.0,0,-1,1,0,0,5,124.0,462.0,0,0,0.0,0.0,62.5,75.0,85.0,75.0,Down,Down,75,50,50,30,55.8743961352657,52.10828025477707,58.87378640776699,50.91025641025641,20,99iosefo,,,,,0
23,3pb269ab,,0,587,587,FinalPage,ThankYou,2026-09-14 06:17:01.139805,1,,,0.0,3,,-184.88,M_exp_W_no,,,,,,,,,,,0,0,125,462,,,,,,,,,,,,,,,,,,,1,1,"7, 8",1,0.0,67.625,-252.5,-184.875,0.0,0,1,1,0,0,5,124.0,462.0,0,0,0.0,0.0,62.5,75.0,85.0,75.0,Down,Down,75,50,50,30,55.8743961352657,52.10828025477707,58.87378640776699,50.91025641025641,20,99iosefo,,,,,0
24,ewpd3m8q,,0,587,587,FinalPage,ThankYou,2026-09-14 06:17:01.323728,1,,,388.89,4,,412.5,M_exp_W_no,,,,,,,,,,,0,0,140,460,,,,,,,,,,,,,,,,,,,1,1,"7, 8",1,45.0,65.0,265.0,375.0,37.5,1,1,-1,0,0,5,124.0,462.0,0,0,0.0,0.0,62.5,75.0,85.0,75.0,Down,Down,75,50,50,30,55.8743961352657,52.10828025477707,58.87378640776699,50.91025641025641,20,99iosefo,,,,,0
25,0tv7bd9u,,0,587,587,FinalPage,ThankYou,2026-09-14 06:17:01.359212,1,,,1277.78,5,,1330.0,M_exp_W_no,,,,,,,,,,,0,0,120,170,,,,,,,,,,,,,,,,,,,1,1,"7, 8",1,75.0,65.0,1190.0,1330.0,0.0,0,-1,-1,0,0,5,124.0,462.0,0,0,0.0,0.0,62.5,75.0,85.0,75.0,Down,Down,75,50,50,30,55.8743961352657,52.10828025477707,58.87378640776699,50.91025641025641,20,99iosefo,,,,,0
