"participant.code","session.code","player.treatment","source_file","source_folder","group_uid","player.gender","player.age","player.major","player.gpa","player.crt_bat_ball","player.crt_machines","player.crt_lilypads","player.att_capable","player.att_aggressive","player.att_skills","player.att_competitive","player.att_pressure","player.att_emotional","player.dictator_keep","manager","player.allocation"
"fwrj2jat","gmregd6v","M_exp_W_exp","portfolio_2026-09-15.csv","bothe_1","bothe_1__g1","Man",18,"CS",4.2,10,20,47,7,1,7,5,7,1,50,"exp",70
"0vigghqi","gmregd6v","M_exp_W_exp","portfolio_2026-09-15.csv","bothe_1","bothe_1__g1","Woman",18,"Chemical and Biomolecular Engineering",0,5,5,36,7,3,7,2,6,3,100,"exp",90
"xu6xugdp","gmregd6v","M_exp_W_exp","portfolio_2026-09-15.csv","bothe_1","bothe_1__g1","Man",18,"CBE",0,0,5,47,4,4,4,4,4,4,100,"exp",50
"9nn00jux","gmregd6v","M_exp_W_exp","portfolio_2026-09-15.csv","bothe_1","bothe_1__g1","Man",20,"eee",4.2,5,3,47,4,4,4,4,4,4,100,"exp",100
"d8azp69w","gmregd6v","M_exp_W_exp","portfolio_2026-09-15.csv","bothe_1","bothe_1__g1","Man",19,"Mathematics and Economics",4.03,5,100,47,7,5,5,4,7,1,50,"exp",80
"g5ct4rg0","gmregd6v","M_exp_W_exp","portfolio_2026-09-15.csv","bothe_1","bothe_1__g2","Man",20,"civil engineering",4,5,5,36,4,5,4,5,6,3,100,"exp",65
"utr109q6","gmregd6v","M_exp_W_exp","portfolio_2026-09-15.csv","bothe_1","bothe_1__g2","Man",20,"MSE",4.5,5,5,47,7,2,7,2,7,2,100,"exp",85
"uza1lz8f","gmregd6v","M_exp_W_exp","portfolio_2026-09-15.csv","bothe_1","bothe_1__g2","Man",22,"Computer Engineering",4.29,5,5,47,3,5,7,1,5,3,100,"exp",60
"3z6ed32t","gmregd6v","M_exp_W_exp","portfolio_2026-09-15.csv","bothe_1","bothe_1__g2","Man",21,"Computer Engineering",0,5,5,47,7,3,7,1,7,3,100,"exp",45
"pzsakpjx","gmregd6v","M_exp_W_exp","portfolio_2026-09-15.csv","bothe_1","bothe_1__g2","Woman",19,"Civil Engineering",3.54,5,5,47,7,3,7,5,7,1,100,"exp",75
"h4hoh39u","gmregd6v","M_exp_W_exp","portfolio_2026-09-15.csv","bothe_1","bothe_1__g3","Woman",16,"Environmental Engineering",0,5,5,47,7,4,7,1,7,2,50,"exp",70
"jzoxfyc2","gmregd6v","M_exp_W_exp","portfolio_2026-09-15.csv","bothe_1","bothe_1__g3","Man",24,"Computer Engineering",4.23,5,5,47,7,6,6,2,6,3,100,"exp",30
"dqn940v4","gmregd6v","M_exp_W_exp","portfolio_2026-09-15.csv","bothe_1","bothe_1__g3","Man",19,"BASA",4,5,5,47,4,3,4,3,5,4,60,"exp",65
"5l1yk0gm","gmregd6v","M_exp_W_exp","portfolio_2026-09-15.csv","bothe_1","bothe_1__g3","Man",19,"civil engineering ",3.5,10,5,36,6,5,7,4,4,3,60,"exp",60
"3fdg4ref","gmregd6v","M_exp_W_exp","portfolio_2026-09-15.csv","bothe_1","bothe_1__g3","Woman",19,"CBE",3.5,5,5,47,6,4,6,3,6,3,50,"exp",60
"iliayit3","gmregd6v","M_exp_W_exp","portfolio_2026-09-15.csv","bothe_1","bothe_1__g4","Man",19,"data science",0,5,5,47,4,4,5,4,4,4,100,"exp",80
"hpzf5xgg","gmregd6v","M_exp_W_exp","portfolio_2026-09-15.csv","bothe_1","bothe_1__g4","Woman",19,"communication studies",0,5,1,24,7,1,7,1,7,1,100,"exp",85
"3th28718","gmregd6v","M_exp_W_exp","portfolio_2026-09-15.csv","bothe_1","bothe_1__g4","Woman",19,"Information Engineering and Media",0,3,5,24,7,1,7,1,7,1,100,"exp",60
"hh695q6a","gmregd6v","M_exp_W_exp","portfolio_2026-09-15.csv","bothe_1","bothe_1__g4","Man",20,"Sociology",0,5,5,47,7,5,7,5,7,1,100,"exp",67
"2w7wmunp","gmregd6v","M_exp_W_exp","portfolio_2026-09-15.csv","bothe_1","bothe_1__g4","Woman",16,"business",0,1,100,24,7,5,7,2,7,1,50,"exp",70
"2fon3kdf","gmregd6v","M_exp_W_exp","portfolio_2026-09-15.csv","bothe_1","bothe_1__g5","Man",21,"Acccountancy",5,5,5,47,7,1,6,1,7,2,70,"exp",58
"0vm37wcl","gmregd6v","M_exp_W_exp","portfolio_2026-09-15.csv","bothe_1","bothe_1__g5","Woman",18,"MATH",0,5,5,24,7,6,7,1,7,1,100,"exp",70
"9902h2kd","gmregd6v","M_exp_W_exp","portfolio_2026-09-15.csv","bothe_1","bothe_1__g5","Man",19,"Civil Engineering",4,5,5,47,7,6,7,1,7,5,99,"exp",80
"snwy0w01","gmregd6v","M_exp_W_exp","portfolio_2026-09-15.csv","bothe_1","bothe_1__g5","Man",22,"CE",4.56,5,5,47,6,5,6,5,4,2,100,"exp",100
"yaickank","gmregd6v","M_exp_W_exp","portfolio_2026-09-15.csv","bothe_1","bothe_1__g5","Man",21,"IEM ",0,5,5,47,7,6,7,6,6,3,56,"exp",70
"qvfebldb","5ogs5ura","M_exp_W_exp","portfolio_2026-09-16.csv","bothe_2","bothe_2__g1","Man",21,"Computer Science",4.51,5,4,47,3,6,6,3,3,3,100,"exp",90
"vbjq2y24","5ogs5ura","M_exp_W_exp","portfolio_2026-09-16.csv","bothe_2","bothe_2__g1","Woman",21,"APPLIED ECONOMICS",0,5,5,47,7,4,7,1,7,3,99,"exp",100
"fjbh3h2b","5ogs5ura","M_exp_W_exp","portfolio_2026-09-16.csv","bothe_2","bothe_2__g1","Man",20,"CCA",0,5,5,47,4,4,6,2,3,2,75,"exp",60
"j0v5am99","5ogs5ura","M_exp_W_exp","portfolio_2026-09-16.csv","bothe_2","bothe_2__g1","Woman",21,"Physics",4,5,5,35,7,6,7,1,7,1,85,"exp",80
"wz4uvd97","5ogs5ura","M_exp_W_exp","portfolio_2026-09-16.csv","bothe_2","bothe_2__g1","Woman",22,"Accounting",4.31,5,5,47,6,5,5,2,1,1,80,"exp",75
"bw46f79x","5ogs5ura","M_exp_W_exp","portfolio_2026-09-16.csv","bothe_2","bothe_2__g2","Man",17,"environmental engineering and economics",0,5,5,47,4,5,3,7,2,6,50,"exp",51
"42qlc5nb","5ogs5ura","M_exp_W_exp","portfolio_2026-09-16.csv","bothe_2","bothe_2__g2","Man",22,"business",4.4,5,5,47,4,4,4,4,4,4,100,"exp",80
"jw6ngkbn","5ogs5ura","M_exp_W_exp","portfolio_2026-09-16.csv","bothe_2","bothe_2__g2","Man",18,"DSAI",4.57,10,5,47,7,6,6,6,5,2,100,"exp",75
"booloaq9","5ogs5ura","M_exp_W_exp","portfolio_2026-09-16.csv","bothe_2","bothe_2__g2","Man",18,"Economics",0,5,5,47,7,3,7,5,6,2,100,"exp",80
"2pc7nfit","5ogs5ura","M_exp_W_exp","portfolio_2026-09-16.csv","bothe_2","bothe_2__g2","Man",20,"mechanical engineering ",5,5,5,47,7,2,6,2,7,4,80,"exp",80
"t7rx3zw3","5ogs5ura","M_exp_W_exp","portfolio_2026-09-16.csv","bothe_2","bothe_2__g3","Woman",22,"Electronics",0,5,5,47,7,1,7,4,7,1,50,"exp",70
"p48n4bh0","5ogs5ura","M_exp_W_exp","portfolio_2026-09-16.csv","bothe_2","bothe_2__g3","Man",22,"Computer Science",0,10,100,4,7,1,7,1,7,1,50,"exp",80
"folcs8ow","5ogs5ura","M_exp_W_exp","portfolio_2026-09-16.csv","bothe_2","bothe_2__g3","Woman",22,"signal processing",4,5,5,47,5,6,7,2,7,1,100,"exp",70
"cfp8kvc9","5ogs5ura","M_exp_W_exp","portfolio_2026-09-16.csv","bothe_2","bothe_2__g3","Man",19,"EEE",4.58,5,100,24,7,4,6,2,6,2,50,"exp",70
"tt26hkpl","5ogs5ura","M_exp_W_exp","portfolio_2026-09-16.csv","bothe_2","bothe_2__g3","Man",19,"CBE",4.72,10,5,47,6,5,6,2,5,2,100,"exp",70
"jfy8jxqv","5ogs5ura","M_exp_W_exp","portfolio_2026-09-16.csv","bothe_2","bothe_2__g4","Woman",19,"Economics",0,60,5,24,5,2,6,2,6,2,70,"exp",30
"eveqm1ww","5ogs5ura","M_exp_W_exp","portfolio_2026-09-16.csv","bothe_2","bothe_2__g4","Man",21,"EEE",4.07,5,5,47,4,4,5,3,3,5,75,"exp",70
"1dtln5rg","5ogs5ura","M_exp_W_exp","portfolio_2026-09-16.csv","bothe_2","bothe_2__g4","Man",19,"Computer Science",0,5,5,47,7,1,7,1,7,1,100,"exp",85
"5ltpvdck","5ogs5ura","M_exp_W_exp","portfolio_2026-09-16.csv","bothe_2","bothe_2__g4","Man",19,"CBE",4.7,5,5,47,7,1,7,1,7,1,100,"exp",70
"ic1ocjv5","5ogs5ura","M_exp_W_exp","portfolio_2026-09-16.csv","bothe_2","bothe_2__g4","Man",28,"Economics",3,5,5,47,4,4,4,4,4,4,100,"exp",50
"zd9eakrm","5ogs5ura","M_exp_W_exp","portfolio_2026-09-16.csv","bothe_2","bothe_2__g5","Man",20,"EEE",0,5,5,47,6,4,4,2,6,5,100,"exp",100
"8tpz5m2a","5ogs5ura","M_exp_W_exp","portfolio_2026-09-16.csv","bothe_2","bothe_2__g5","Man",23,"MAEO",4.43,5,5,47,7,6,7,6,7,1,50,"exp",60
"wfmdx2nb","5ogs5ura","M_exp_W_exp","portfolio_2026-09-16.csv","bothe_2","bothe_2__g5","Man",19,"computer science",5,5,5,47,2,3,3,2,5,3,75,"exp",74
"y40upi5t","5ogs5ura","M_exp_W_exp","portfolio_2026-09-16.csv","bothe_2","bothe_2__g5","Woman",19,"Electrical and Electronic Engineering",3.9,5,5,47,6,5,7,1,6,3,100,"exp",40
"s6nkestj","5ogs5ura","M_exp_W_exp","portfolio_2026-09-16.csv","bothe_2","bothe_2__g5","Woman",20,"chemical and biomolecular engineering ",3.5,50,5,47,7,7,7,1,7,1,100,"exp",80
"msd1f2iu","ckhtfa5u","M_no_W_no","portfolio_2026-09-16.csv","bothno_1","bothno_1__g1","Woman",19,"Economics",0,9,5,47,6,4,7,2,3,1,100,"exp",70
"omrf04k4","ckhtfa5u","M_no_W_no","portfolio_2026-09-16.csv","bothno_1","bothno_1__g1","Man",23,"INFORMATION ENGINEERING & MEDIA",3,5,5,47,6,3,7,1,6,2,50,"exp",60
"duzxv1is","ckhtfa5u","M_no_W_no","portfolio_2026-09-16.csv","bothno_1","bothno_1__g1","Woman",23,"Economics",4.67,5,5,47,6,2,6,2,6,2,100,"exp",75
"znk2pevv","ckhtfa5u","M_no_W_no","portfolio_2026-09-16.csv","bothno_1","bothno_1__g1","Woman",19,"Finance",4.75,2,5,47,6,4,6,3,6,3,100,"exp",100
"rv5b38em","ckhtfa5u","M_no_W_no","portfolio_2026-09-16.csv","bothno_1","bothno_1__g1","Woman",23,"Engineering",4,5,100,24,7,1,7,1,7,1,100,"exp",75
"z7t2lpyk","ckhtfa5u","M_no_W_no","portfolio_2026-09-16.csv","bothno_1","bothno_1__g2","Man",22,"econ",4,5,5,47,6,6,6,2,3,2,80,"exp",70
"dwx0my9x","ckhtfa5u","M_no_W_no","portfolio_2026-09-16.csv","bothno_1","bothno_1__g2","Woman",17,"EEE",4,5,5,47,6,7,7,5,7,2,70,"exp",62
"uhxz6pjz","ckhtfa5u","M_no_W_no","portfolio_2026-09-16.csv","bothno_1","bothno_1__g2","Man",19,"Civil Engineering",3.5,5,5,47,6,5,6,4,6,3,100,"exp",65
"r39x605k","ckhtfa5u","M_no_W_no","portfolio_2026-09-16.csv","bothno_1","bothno_1__g2","Man",27,"Mechanical Engineering",3.7,5,5,47,5,6,5,5,3,5,100,"exp",75
"yhliw46v","ckhtfa5u","M_no_W_no","portfolio_2026-09-16.csv","bothno_1","bothno_1__g2","Man",20,"EEE",0,5,5,47,5,3,6,2,3,5,90,"exp",65
"7abl389c","ckhtfa5u","M_no_W_no","portfolio_2026-09-16.csv","bothno_1","bothno_1__g3","Man",21,"Physics",4.69,5,5,47,4,4,6,2,6,2,100,"exp",90
"6kns3oml","ckhtfa5u","M_no_W_no","portfolio_2026-09-16.csv","bothno_1","bothno_1__g3","Man",23,"EEE",0,5,5,24,7,1,7,1,7,1,80,"exp",50
"pp2e4xx5","ckhtfa5u","M_no_W_no","portfolio_2026-09-16.csv","bothno_1","bothno_1__g3","Woman",19,"Business",0,5,5,24,4,5,6,2,6,2,50,"exp",80
"jid9ui4f","ckhtfa5u","M_no_W_no","portfolio_2026-09-16.csv","bothno_1","bothno_1__g3","Woman",20,"Computer Engineer",0,5,5,47,4,4,4,4,7,1,80,"exp",75
"grwzfvbr","ckhtfa5u","M_no_W_no","portfolio_2026-09-16.csv","bothno_1","bothno_1__g3","Man",19,"Computer Science",5,0,5,47,6,5,7,2,7,2,95,"exp",70
"yxcpp681","ckhtfa5u","M_no_W_no","portfolio_2026-09-16.csv","bothno_1","bothno_1__g4","Man",20,"EEE",0,5,5,36,4,4,7,2,7,1,60,"exp",70
"09bse981","ckhtfa5u","M_no_W_no","portfolio_2026-09-16.csv","bothno_1","bothno_1__g4","Woman",18,"EEE",0,5,5,47,1,4,7,4,7,2,99,"exp",30
"2p0bevly","ckhtfa5u","M_no_W_no","portfolio_2026-09-16.csv","bothno_1","bothno_1__g4","Woman",18,"Economics",4.4,5,2000,12,7,6,7,1,7,1,100,"exp",60
"raavz353","ckhtfa5u","M_no_W_no","portfolio_2026-09-16.csv","bothno_1","bothno_1__g4","Woman",21,"Materials Engineering",4.31,5,5,47,4,4,4,4,4,4,90,"exp",80
"6rdutaoz","ckhtfa5u","M_no_W_no","portfolio_2026-09-16.csv","bothno_1","bothno_1__g4","Woman",19,"PPMJ",0,10,5,24,7,5,7,2,7,3,70,"exp",85
"21anldsa","ckhtfa5u","M_no_W_no","portfolio_2026-09-16.csv","bothno_1","bothno_1__g5","Man",21,"Computer Science",4.34,5,5,47,7,1,7,1,7,1,100,"exp",100
"3mjtjuou","ckhtfa5u","M_no_W_no","portfolio_2026-09-16.csv","bothno_1","bothno_1__g5","Woman",20,"Psychology",3.56,5,5,47,6,7,6,1,5,3,100,"exp",71
"5jtwpe9d","ckhtfa5u","M_no_W_no","portfolio_2026-09-16.csv","bothno_1","bothno_1__g5","Man",22,"EEE",0,5,5,47,7,5,7,5,7,1,100,"exp",72
"s16bmsk2","ckhtfa5u","M_no_W_no","portfolio_2026-09-16.csv","bothno_1","bothno_1__g5","Man",20,"Chemical and Biomolecular Engineering",0,5,5,47,7,1,7,1,7,1,50,"exp",60
"sjw641j3","ckhtfa5u","M_no_W_no","portfolio_2026-09-16.csv","bothno_1","bothno_1__g5","Woman",19,"economics and psychology",0,10,5,47,6,6,6,3,5,2,75,"exp",65
"o7pccht6","6c2og0cw","M_no_W_no","portfolio_2026-09-16.csv","botno_2","botno_2__g1","Man",20,"Civil Engineering",0,3,100,47,7,7,7,1,5,2,99,"exp",85
"xlysi5bz","6c2og0cw","M_no_W_no","portfolio_2026-09-16.csv","botno_2","botno_2__g1","Woman",20,"Economics",3.9,1,5,47,6,6,6,3,6,3,100,"exp",68
"ktzkk4b7","6c2og0cw","M_no_W_no","portfolio_2026-09-16.csv","botno_2","botno_2__g1","Man",18,"Banking and Finance",4,5,5,47,7,1,7,1,7,1,100,"exp",100
"unt4hlph","6c2og0cw","M_no_W_no","portfolio_2026-09-16.csv","botno_2","botno_2__g1","Woman",19,"Accountancy",0,10,100,24,5,5,6,1,7,1,50,"exp",85
"e3o1p3e6","6c2og0cw","M_no_W_no","portfolio_2026-09-16.csv","botno_2","botno_2__g1","Man",19,"Computer Science",4.3,10,5,47,5,6,6,3,5,3,75,"exp",73
"0nzm25g8","6c2og0cw","M_no_W_no","portfolio_2026-09-16.csv","botno_2","botno_2__g2","Man",19,"Mechanical Engineering",4.5,10,5,47,5,6,6,1,5,5,50,"exp",70
"f8ff6plt","6c2og0cw","M_no_W_no","portfolio_2026-09-16.csv","botno_2","botno_2__g2","Man",20,"EEE",4.62,5,5,35,6,6,6,2,6,2,100,"exp",65
"poc3kn08","6c2og0cw","M_no_W_no","portfolio_2026-09-16.csv","botno_2","botno_2__g2","Woman",20,"Accountancy",0,5,100,24,6,7,7,7,7,5,60,"exp",80
"z9zrwosz","6c2og0cw","M_no_W_no","portfolio_2026-09-16.csv","botno_2","botno_2__g2","Man",20,"robotics engineering",5,5,5,47,6,2,6,2,6,3,100,"exp",60
"yldmtmxh","6c2og0cw","M_no_W_no","portfolio_2026-09-16.csv","botno_2","botno_2__g2","Woman",19,"Business",0,5,5,24,7,4,7,1,7,1,50,"exp",87
"bjw1ymg6","6c2og0cw","M_no_W_no","portfolio_2026-09-16.csv","botno_2","botno_2__g3","Man",41,"EEE",3.51,10,5,47,7,2,7,1,3,5,100,"exp",70
"dxg47gml","6c2og0cw","M_no_W_no","portfolio_2026-09-16.csv","botno_2","botno_2__g3","Man",19,"EEE",4.6,5,5,47,7,4,7,2,6,5,80,"exp",100
"t47t8m59","6c2og0cw","M_no_W_no","portfolio_2026-09-16.csv","botno_2","botno_2__g3","Man",20,"EEE",0,5,5,47,6,6,7,2,2,2,50,"exp",70
"2epyouig","6c2og0cw","M_no_W_no","portfolio_2026-09-16.csv","botno_2","botno_2__g3","Man",22,"AEROSPACE ENGINEERING",0,5,5,14,6,2,6,1,6,2,100,"exp",70
"107rd682","6c2og0cw","M_no_W_no","portfolio_2026-09-16.csv","botno_2","botno_2__g3","Man",20,"Electrical and Electronic Engineering",0,5,500,47,7,2,7,1,7,1,100,"exp",70
"6xyzc64h","6c2og0cw","M_no_W_no","portfolio_2026-09-16.csv","botno_2","botno_2__g4","Man",19,"EEE",5,5,5,47,4,4,4,4,4,4,100,"exp",80
"566nkyxt","6c2og0cw","M_no_W_no","portfolio_2026-09-16.csv","botno_2","botno_2__g4","Man",20,"IEM",0,5,5,47,7,4,4,4,1,1,100,"exp",100
"uv69jk1p","6c2og0cw","M_no_W_no","portfolio_2026-09-16.csv","botno_2","botno_2__g4","Man",19,"EEE",3.8,5,5,47,7,5,6,6,6,7,100,"exp",70
"thfu25ei","6c2og0cw","M_no_W_no","portfolio_2026-09-16.csv","botno_2","botno_2__g4","Man",18,"Business (Single Major)",5,5,100,12,4,4,5,3,3,5,100,"exp",70
"008uq8bs","6c2og0cw","M_no_W_no","portfolio_2026-09-16.csv","botno_2","botno_2__g4","Man",22,"CBE",5,10,5,47,4,4,4,4,4,4,100,"exp",85
"o4da1gkl","6c2og0cw","M_no_W_no","portfolio_2026-09-16.csv","botno_2","botno_2__g5","Woman",19,"Psychology",0,5,5,24,4,4,6,2,6,2,65,"exp",60
"ilc2oqlq","6c2og0cw","M_no_W_no","portfolio_2026-09-16.csv","botno_2","botno_2__g5","Man",19,"EEE",0,5,5,47,4,4,4,4,4,4,100,"exp",50
"qcu0td0m","6c2og0cw","M_no_W_no","portfolio_2026-09-16.csv","botno_2","botno_2__g5","Man",18,"COMPUTER ENGINEERING",5,10,5,47,7,2,6,2,6,1,100,"exp",64
"zcjv164s","6c2og0cw","M_no_W_no","portfolio_2026-09-16.csv","botno_2","botno_2__g5","Woman",20,"Chemical Engineering",5,5,5,24,7,3,5,2,6,5,50,"exp",70
"3g7fmbdb","6c2og0cw","M_no_W_no","portfolio_2026-09-16.csv","botno_2","botno_2__g5","Man",21,"COMPUTER SCIENCE",0,5,5,1,7,4,7,1,7,4,90,"exp",75
"2vm7punw","nadt5tbu","M_exp_W_no","portfolio_2026-09-14.csv","MeWno_1","MeWno_1__g1","Man",19,"Civil Engineering",4.97,5,5,47,7,4,7,4,7,3,50,"exp",70
"wfmrxna9","nadt5tbu","M_exp_W_no","portfolio_2026-09-14.csv","MeWno_1","MeWno_1__g1","Man",21,"Electrical and Electronics Engineering",4.64,5,5,47,7,4,7,4,7,1,100,"exp",100
"s57od4iz","nadt5tbu","M_exp_W_no","portfolio_2026-09-14.csv","MeWno_1","MeWno_1__g1","Woman",22,"applied economics",0,5,5,47,4,2,5,2,6,2,50,"exp",70
"sem2q323","nadt5tbu","M_exp_W_no","portfolio_2026-09-14.csv","MeWno_1","MeWno_1__g1","Man",22,"economics and data science",3.99,5,5,47,7,1,7,1,7,1,100,"exp",98
"pmhhauc6","nadt5tbu","M_exp_W_no","portfolio_2026-09-14.csv","MeWno_1","MeWno_1__g1","Woman",18,"EEE",4,5,5,47,7,2,7,2,7,1,100,"exp",60
"bc7n6071","nadt5tbu","M_exp_W_no","portfolio_2026-09-14.csv","MeWno_1","MeWno_1__g2","Man",24,"CCDS",4.2,10,5,47,6,6,7,6,2,6,100,"exp",75
"j2qhej8d","nadt5tbu","M_exp_W_no","portfolio_2026-09-14.csv","MeWno_1","MeWno_1__g2","Man",19,"Materials Engineering",5,5,5,47,6,3,6,2,6,3,50,"exp",67
"nt0omp7o","nadt5tbu","M_exp_W_no","portfolio_2026-09-14.csv","MeWno_1","MeWno_1__g2","Man",23,"EEE",3.4,5,5,47,6,3,5,3,6,2,99,"exp",60
"3vy48gux","nadt5tbu","M_exp_W_no","portfolio_2026-09-14.csv","MeWno_1","MeWno_1__g2","Woman",20,"biological sciences",4.81,105,5,24,7,6,7,2,7,2,65,"exp",70
"zzkx5xsm","nadt5tbu","M_exp_W_no","portfolio_2026-09-14.csv","MeWno_1","MeWno_1__g2","Woman",18,"Biological Sciences",0,5,5,47,7,5,7,2,7,1,100,"exp",57
"qd0f31id","nadt5tbu","M_exp_W_no","portfolio_2026-09-14.csv","MeWno_1","MeWno_1__g3","Woman",18,"EEE",4.7,5,5,47,6,2,7,3,6,5,50,"exp",60
"gllc2565","nadt5tbu","M_exp_W_no","portfolio_2026-09-14.csv","MeWno_1","MeWno_1__g3","Man",22,"Mechanical Engineering",3.6,5,5,47,7,2,7,1,7,1,60,"exp",100
"k6q3olvt","nadt5tbu","M_exp_W_no","portfolio_2026-09-14.csv","MeWno_1","MeWno_1__g3","Woman",23,"Maritime Studies",4.1,5,100,24,7,7,7,2,7,1,70,"exp",70
"h7g9h66e","nadt5tbu","M_exp_W_no","portfolio_2026-09-14.csv","MeWno_1","MeWno_1__g3","Man",25,"mechanical engineering",4,5,5,47,5,4,4,2,2,4,100,"exp",80
"ch700ni6","nadt5tbu","M_exp_W_no","portfolio_2026-09-14.csv","MeWno_1","MeWno_1__g3","Man",22,"Maritime Studies and International Trading",4.46,5,5,47,6,2,6,2,6,3,100,"exp",55
"5doee2qb","nadt5tbu","M_exp_W_no","portfolio_2026-09-14.csv","MeWno_1","MeWno_1__g4","Man",18,"Data Science and Artificial Intelligience",0,5,2000,16,2,3,2,5,5,4,100,"exp",80
"fjk39fjv","nadt5tbu","M_exp_W_no","portfolio_2026-09-14.csv","MeWno_1","MeWno_1__g4","Woman",21,"Biological Sciences",4.53,5,100,47,7,5,6,1,7,3,60,"exp",70
"uv9wmkop","nadt5tbu","M_exp_W_no","portfolio_2026-09-14.csv","MeWno_1","MeWno_1__g4","Man",19,"EEE",0,10,5,47,6,4,6,5,3,5,50,"exp",50
"tdb9pvu4","nadt5tbu","M_exp_W_no","portfolio_2026-09-14.csv","MeWno_1","MeWno_1__g4","Man",19,"Electrical and Electronic Engineering",4.74,5,5,47,6,5,6,3,6,2,100,"exp",75
"vlzegfsh","nadt5tbu","M_exp_W_no","portfolio_2026-09-14.csv","MeWno_1","MeWno_1__g4","Man",19,"Mechanical Engineering",0,5,5,47,6,6,6,2,6,2,100,"exp",75
"vijmhlvg","nadt5tbu","M_exp_W_no","portfolio_2026-09-14.csv","MeWno_1","MeWno_1__g5","Man",18,"Civil Engineering",4.87,5,5,47,4,4,6,4,4,4,50,"exp",67
"8e240a8t","nadt5tbu","M_exp_W_no","portfolio_2026-09-14.csv","MeWno_1","MeWno_1__g5","Woman",22,"Economics",3.5,5,5,47,7,1,7,1,7,1,100,"exp",85
"djq10sre","nadt5tbu","M_exp_W_no","portfolio_2026-09-14.csv","MeWno_1","MeWno_1__g5","Man",18,"CSC",4.18,5,4,47,7,2,7,2,7,2,100,"exp",68
"1rm0kasi","nadt5tbu","M_exp_W_no","portfolio_2026-09-14.csv","MeWno_1","MeWno_1__g5","Man",19,"Computer Science",3.48,5,5,47,4,7,5,6,5,4,80,"exp",75
"5ddpdjuo","nadt5tbu","M_exp_W_no","portfolio_2026-09-14.csv","MeWno_1","MeWno_1__g5","Woman",18,"Economics",0,5,100,47,7,2,7,1,7,1,100,"exp",70
"cfn8fv6w","99iosefo","M_exp_W_no","portfolio_2026-09-14.csv","MeWno_2","MeWno_2__g1","Woman",18,"ECONOMICS",0,5,5,36,7,4,7,4,7,1,80,"exp",70
"a1q00v4p","99iosefo","M_exp_W_no","portfolio_2026-09-14.csv","MeWno_2","MeWno_2__g1","Man",21,"Chemical Engineering",3.5,5,5,47,6,5,6,4,4,4,100,"exp",60
"rucumqi6","99iosefo","M_exp_W_no","portfolio_2026-09-14.csv","MeWno_2","MeWno_2__g1","Woman",19,"Economics",5,5,5,47,7,1,7,1,7,1,89,"exp",80
"lbzqe7lh","99iosefo","M_exp_W_no","portfolio_2026-09-14.csv","MeWno_2","MeWno_2__g1","Man",21,"Electrical and Electronic Engineering",4.86,5,5,47,2,3,5,3,3,4,50,"exp",70
"i42igenv","99iosefo","M_exp_W_no","portfolio_2026-09-14.csv","MeWno_2","MeWno_2__g1","Woman",19,"Mechanical Engineering",0,5,5,47,7,4,5,1,7,2,70,"exp",65
"2nkc141x","99iosefo","M_exp_W_no","portfolio_2026-09-14.csv","MeWno_2","MeWno_2__g2","Man",22,"ECBU",0,5,5,36,5,4,5,2,2,4,100,"exp",100
"oqud1wxk","99iosefo","M_exp_W_no","portfolio_2026-09-14.csv","MeWno_2","MeWno_2__g2","Man",19,"Mechanical Engineering",4.5,5,5,47,7,3,7,2,7,2,50,"exp",65
"a6q31ex7","99iosefo","M_exp_W_no","portfolio_2026-09-14.csv","MeWno_2","MeWno_2__g2","Woman",19,"Accountancy",0,1,100,24,6,2,6,2,6,2,80,"exp",65
"o60mnzij","99iosefo","M_exp_W_no","portfolio_2026-09-14.csv","MeWno_2","MeWno_2__g2","Woman",19,"Economics",0,5,5,47,5,2,6,1,7,3,100,"exp",70
"bnt5i99k","99iosefo","M_exp_W_no","portfolio_2026-09-14.csv","MeWno_2","MeWno_2__g2","Man",20,"Robotics ",4.9,5,5,47,7,2,7,3,6,2,100,"exp",80
"zrywj9fx","99iosefo","M_exp_W_no","portfolio_2026-09-14.csv","MeWno_2","MeWno_2__g3","Man",22,"Biological Sciences",4.8,5,5,47,5,3,6,4,4,4,100,"exp",65
"i44g0thi","99iosefo","M_exp_W_no","portfolio_2026-09-14.csv","MeWno_2","MeWno_2__g3","Man",18,"Physics and Mathematical Sciences",4.04,5,5,47,7,1,7,2,7,1,50,"exp",70
"s9ryf5kv","99iosefo","M_exp_W_no","portfolio_2026-09-14.csv","MeWno_2","MeWno_2__g3","Woman",19,"Chemistry And Biological Chemistry",0,5,5,47,6,2,7,2,6,1,100,"exp",50
"oe31za5u","99iosefo","M_exp_W_no","portfolio_2026-09-14.csv","MeWno_2","MeWno_2__g3","Woman",18,"Economics with second major in Business",4.5,5,5,47,7,6,7,1,7,1,100,"exp",70
"v86y9zyn","99iosefo","M_exp_W_no","portfolio_2026-09-14.csv","MeWno_2","MeWno_2__g3","Man",19,"DSAI",4.79,5,5,47,5,6,6,3,5,3,100,"exp",70
"3p6ks3hb","99iosefo","M_exp_W_no","portfolio_2026-09-14.csv","MeWno_2","MeWno_2__g4","Woman",18,"econ",0,10,100,24,6,7,7,2,7,3,94,"exp",71
"y5kgtmfb","99iosefo","M_exp_W_no","portfolio_2026-09-14.csv","MeWno_2","MeWno_2__g4","Woman",20,"econ",4.6,5,5,47,7,2,7,1,7,2,100,"exp",75
"ebzeqzcf","99iosefo","M_exp_W_no","portfolio_2026-09-14.csv","MeWno_2","MeWno_2__g4","Man",22,"Economics and Data Science",4.91,5,5,47,6,5,6,4,6,4,100,"exp",77
"pb6d6kev","99iosefo","M_exp_W_no","portfolio_2026-09-14.csv","MeWno_2","MeWno_2__g4","Woman",18,"Biological Sciences",0,5,100,16,7,2,7,1,7,1,100,"exp",60
"m8xnbw73","99iosefo","M_exp_W_no","portfolio_2026-09-14.csv","MeWno_2","MeWno_2__g4","Woman",20,"Accountancy",4.3,5,5,12,7,4,7,2,6,2,100,"exp",76
"an9ihpoe","99iosefo","M_exp_W_no","portfolio_2026-09-14.csv","MeWno_2","MeWno_2__g5","Woman",19,"psychology",0,10,100,24,6,7,6,4,6,4,60,"exp",70
"rbyuqaqn","99iosefo","M_exp_W_no","portfolio_2026-09-14.csv","MeWno_2","MeWno_2__g5","Woman",19,"business",0,10,100,24,7,7,7,1,7,1,100,"exp",70
"3pb269ab","99iosefo","M_exp_W_no","portfolio_2026-09-14.csv","MeWno_2","MeWno_2__g5","Woman",20,"eee",3.47,10,100,24,7,4,7,1,7,1,89,"exp",59
"ewpd3m8q","99iosefo","M_exp_W_no","portfolio_2026-09-14.csv","MeWno_2","MeWno_2__g5","Woman",19,"ECBU",0,2,100,96,5,3,7,3,7,4,100,"exp",80
"0tv7bd9u","99iosefo","M_exp_W_no","portfolio_2026-09-14.csv","MeWno_2","MeWno_2__g5","Man",19,"ECBU",4.9,10,5,47,5,6,6,2,2,5,70,"exp",80
"1c9g6x62","gykh8ja7","M_no_W_exp","portfolio_2026-09-14.csv","MnoWe_1","MnoWe_1__g1","Woman",20,"Sociology",0,5,20,7,7,2,7,2,7,1,100,"exp",65
"7fakiwkr","gykh8ja7","M_no_W_exp","portfolio_2026-09-14.csv","MnoWe_1","MnoWe_1__g1","Man",19,"Computer Engineering",4.93,5,5,47,4,5,6,5,6,2,100,"exp",80
"d4zd28hb","gykh8ja7","M_no_W_exp","portfolio_2026-09-14.csv","MnoWe_1","MnoWe_1__g1","Woman",21,"Computer Science",0,10,100,47,6,7,6,2,4,3,100,"exp",50
"ja5c25rz","gykh8ja7","M_no_W_exp","portfolio_2026-09-14.csv","MnoWe_1","MnoWe_1__g1","Man",20,"ECON",4.33,5,100,24,4,4,7,1,7,3,100,"exp",85
"oedddvhv","gykh8ja7","M_no_W_exp","portfolio_2026-09-14.csv","MnoWe_1","MnoWe_1__g1","Man",20,"Robotics Engineering",4.88,10,1,47,5,5,7,5,5,3,100,"exp",80
"7q18nnfd","gykh8ja7","M_no_W_exp","portfolio_2026-09-14.csv","MnoWe_1","MnoWe_1__g2","Woman",19,"BSB",0,10,100,24,7,6,7,1,7,1,100,"exp",70
"03zce18q","gykh8ja7","M_no_W_exp","portfolio_2026-09-14.csv","MnoWe_1","MnoWe_1__g2","Woman",19,"Biomedical Science and BioBusiness",0,5,5,47,7,4,7,1,7,2,80,"exp",80
"wbs0fdl5","gykh8ja7","M_no_W_exp","portfolio_2026-09-14.csv","MnoWe_1","MnoWe_1__g2","Man",20,"EEE",0,5,5,47,5,6,5,6,6,4,50,"exp",100
"cqrngk2a","gykh8ja7","M_no_W_exp","portfolio_2026-09-14.csv","MnoWe_1","MnoWe_1__g2","Woman",18,"Data Science and AI",0,5,5,47,7,6,7,2,6,1,100,"exp",95
"259xsu1c","gykh8ja7","M_no_W_exp","portfolio_2026-09-14.csv","MnoWe_1","MnoWe_1__g2","Woman",20,"Computer Engineering",3,5,5,47,7,1,7,1,7,1,60,"exp",70
"xnss4pg0","gykh8ja7","M_no_W_exp","portfolio_2026-09-14.csv","MnoWe_1","MnoWe_1__g3","Man",20,"MAEO",0,5,5,47,7,6,7,6,7,1,50,"exp",75
"5seuckqb","gykh8ja7","M_no_W_exp","portfolio_2026-09-14.csv","MnoWe_1","MnoWe_1__g3","Man",20,"Comp Engineering",0,10,5,47,6,6,6,4,4,4,67,"exp",70
"hdnqitby","gykh8ja7","M_no_W_exp","portfolio_2026-09-14.csv","MnoWe_1","MnoWe_1__g3","Woman",22,"Computer Science",4,5,100,24,6,4,6,2,6,4,100,"exp",63
"ss3joq82","gykh8ja7","M_no_W_exp","portfolio_2026-09-14.csv","MnoWe_1","MnoWe_1__g3","Woman",18,"public policy and global affairs",5,10,20,25,7,5,6,1,7,2,90,"exp",60
"5wh6kzb3","gykh8ja7","M_no_W_exp","portfolio_2026-09-14.csv","MnoWe_1","MnoWe_1__g3","Woman",21,"applied economics",4.09,5,5,47,7,6,7,2,7,1,100,"exp",75
"kh2preog","gykh8ja7","M_no_W_exp","portfolio_2026-09-14.csv","MnoWe_1","MnoWe_1__g4","Woman",19,"Chemical and Biomolecular Engineering",0,0,20,24,7,2,7,1,7,2,100,"exp",50
"ao798wr7","gykh8ja7","M_no_W_exp","portfolio_2026-09-14.csv","MnoWe_1","MnoWe_1__g4","Woman",18,"bssb",0,5,100,24,6,4,6,2,6,2,100,"exp",90
"3788h5gm","gykh8ja7","M_no_W_exp","portfolio_2026-09-14.csv","MnoWe_1","MnoWe_1__g4","Woman",19,"MS",0,5,5,47,7,1,7,1,7,2,100,"exp",70
"dk85qrmf","gykh8ja7","M_no_W_exp","portfolio_2026-09-14.csv","MnoWe_1","MnoWe_1__g4","Woman",21,"Economics",4.79,10,100,24,4,3,6,1,5,3,100,"exp",79
"qruijzzl","gykh8ja7","M_no_W_exp","portfolio_2026-09-14.csv","MnoWe_1","MnoWe_1__g4","Man",24,"Computer Science",4.13,5,5,24,6,4,6,4,5,5,100,"exp",100
"vlvkdjz0","gykh8ja7","M_no_W_exp","portfolio_2026-09-14.csv","MnoWe_1","MnoWe_1__g5","Man",19,"Mechanical Engineering",0,5,500,24,5,4,6,2,4,5,75,"exp",65
"9n1v1smg","gykh8ja7","M_no_W_exp","portfolio_2026-09-14.csv","MnoWe_1","MnoWe_1__g5","Woman",19,"Biological Sciences",0,10,100,36,6,6,6,5,6,2,90,"exp",70
"kw7jjs2b","gykh8ja7","M_no_W_exp","portfolio_2026-09-14.csv","MnoWe_1","MnoWe_1__g5","Man",20,"Maritime Studies",0,5,5,24,7,1,7,1,7,1,100,"exp",100
"pop23w57","gykh8ja7","M_no_W_exp","portfolio_2026-09-14.csv","MnoWe_1","MnoWe_1__g5","Man",22,"Civil Engineering",4.65,10,5,47,7,5,7,6,6,4,100,"exp",80
"cbc0ayyd","gykh8ja7","M_no_W_exp","portfolio_2026-09-14.csv","MnoWe_1","MnoWe_1__g5","Man",21,"ECPS",0,5,5,47,7,5,7,2,6,1,100,"exp",50
"u4sl54xk","9l3zlzfa","M_no_W_exp","portfolio_2026-09-15.csv","MnoWe_2","MnoWe_2__g1","Man",18,"Electrical and Electronic Engineering",0,5,5,47,6,2,6,3,6,4,50,"exp",70
"q2jobopa","9l3zlzfa","M_no_W_exp","portfolio_2026-09-15.csv","MnoWe_2","MnoWe_2__g1","Man",19,"Economics and Data Science",4.82,5,5,47,6,5,6,4,4,3,100,"exp",60
"9xg7erl3","9l3zlzfa","M_no_W_exp","portfolio_2026-09-15.csv","MnoWe_2","MnoWe_2__g1","Woman",20,"bio sci",4.5,5,5,47,7,4,7,4,1,1,100,"exp",70
"ixl976y0","9l3zlzfa","M_no_W_exp","portfolio_2026-09-15.csv","MnoWe_2","MnoWe_2__g1","Woman",19,"Economics and Data Science",0,5,5,47,6,4,7,3,7,2,80,"exp",60
"nqlqeq8n","9l3zlzfa","M_no_W_exp","portfolio_2026-09-15.csv","MnoWe_2","MnoWe_2__g1","Woman",17,"Materials Science and Engineering",0,5,100,47,6,5,6,3,6,2,50,"exp",50
"d10dwe1h","9l3zlzfa","M_no_W_exp","portfolio_2026-09-15.csv","MnoWe_2","MnoWe_2__g2","Man",17,"CS",0,5,100,30,6,6,6,6,6,6,60,"exp",60
"0yq0zebw","9l3zlzfa","M_no_W_exp","portfolio_2026-09-15.csv","MnoWe_2","MnoWe_2__g2","Man",19,"MSE",4.1,5,5,47,6,3,6,2,6,2,100,"exp",75
"7sfhy51b","9l3zlzfa","M_no_W_exp","portfolio_2026-09-15.csv","MnoWe_2","MnoWe_2__g2","Man",18,"CS",3.8,5,5,47,4,4,6,3,4,4,60,"exp",58
"pgjj4tqg","9l3zlzfa","M_no_W_exp","portfolio_2026-09-15.csv","MnoWe_2","MnoWe_2__g2","Woman",19,"Economics and Data Science",0,5,5,47,6,2,7,1,5,2,50,"exp",80
"z4s8evj8","9l3zlzfa","M_no_W_exp","portfolio_2026-09-15.csv","MnoWe_2","MnoWe_2__g2","Woman",17,"economics and data science",0,5,5,3,7,7,7,7,6,1,50,"exp",68
"e8h7gvii","9l3zlzfa","M_no_W_exp","portfolio_2026-09-15.csv","MnoWe_2","MnoWe_2__g3","Woman",18,"Bioengineering",0,5,5,24,7,5,6,4,6,2,50,"exp",40
"yt1cbpza","9l3zlzfa","M_no_W_exp","portfolio_2026-09-15.csv","MnoWe_2","MnoWe_2__g3","Woman",18,"Biological Sciences",0,5,5,47,7,5,7,1,7,1,100,"exp",60
"0i38ht6y","9l3zlzfa","M_no_W_exp","portfolio_2026-09-15.csv","MnoWe_2","MnoWe_2__g3","Woman",19,"Economics and Data Science",4.5,5,5,47,7,6,7,1,7,2,50,"exp",85
"xyqf41ao","9l3zlzfa","M_no_W_exp","portfolio_2026-09-15.csv","MnoWe_2","MnoWe_2__g3","Woman",18,"business",4,10,100,24,7,5,7,2,7,1,71,"exp",73
"g9pquzkd","9l3zlzfa","M_no_W_exp","portfolio_2026-09-15.csv","MnoWe_2","MnoWe_2__g3","Man",26,"EEE",2.9,10,100,24,7,4,7,2,6,4,90,"exp",90
"7ww48hi4","9l3zlzfa","M_no_W_exp","portfolio_2026-09-15.csv","MnoWe_2","MnoWe_2__g4","Woman",19,"Information engineering and media",0,5,100,47,7,5,7,1,7,1,90,"exp",63
"5fdw0rg1","9l3zlzfa","M_no_W_exp","portfolio_2026-09-15.csv","MnoWe_2","MnoWe_2__g4","Woman",18,"EEE",0,5,5,47,4,4,6,2,6,2,70,"exp",68
"h7o9v437","9l3zlzfa","M_no_W_exp","portfolio_2026-09-15.csv","MnoWe_2","MnoWe_2__g4","Woman",21,"ENVIRONMENTAL ENGINEERING",4.5,5,5,47,7,4,7,1,6,1,100,"exp",100
"9mimenbo","9l3zlzfa","M_no_W_exp","portfolio_2026-09-15.csv","MnoWe_2","MnoWe_2__g4","Woman",19,"Accounting",4.8,5,10,47,7,1,7,1,7,1,50,"exp",85
"hn8non3y","9l3zlzfa","M_no_W_exp","portfolio_2026-09-15.csv","MnoWe_2","MnoWe_2__g4","Man",22,"Mechanical Engineering",4.58,5,5,47,5,5,5,5,3,5,100,"exp",100
"x06ipo6j","9l3zlzfa","M_no_W_exp","portfolio_2026-09-15.csv","MnoWe_2","MnoWe_2__g5","Woman",19,"Business",0,10,5,47,4,4,5,1,7,1,85,"exp",65
"n9iynxtq","9l3zlzfa","M_no_W_exp","portfolio_2026-09-15.csv","MnoWe_2","MnoWe_2__g5","Man",20,"Economics and Data Science",5,5,5,47,7,4,6,4,4,3,50,"exp",50
"diqkyqqr","9l3zlzfa","M_no_W_exp","portfolio_2026-09-15.csv","MnoWe_2","MnoWe_2__g5","Man",22,"ME",4.5,5,5,47,3,5,3,5,3,5,50,"exp",50
"hi0vl1bf","9l3zlzfa","M_no_W_exp","portfolio_2026-09-15.csv","MnoWe_2","MnoWe_2__g5","Man",21,"Bioengineering",4.28,5,5,47,7,1,7,1,7,1,100,"exp",60
"u3a33dgt","9l3zlzfa","M_no_W_exp","portfolio_2026-09-15.csv","MnoWe_2","MnoWe_2__g5","Man",19,"Mechanical Engineering",5,10,5,47,4,4,4,4,4,4,100,"exp",100
"fwrj2jat","gmregd6v","M_exp_W_exp","portfolio_2026-09-15.csv","bothe_1","bothe_1__g1","Man",18,"CS",4.2,10,20,47,7,1,7,5,7,1,50,"no",30
"0vigghqi","gmregd6v","M_exp_W_exp","portfolio_2026-09-15.csv","bothe_1","bothe_1__g1","Woman",18,"Chemical and Biomolecular Engineering",0,5,5,36,7,3,7,2,6,3,100,"no",10
"xu6xugdp","gmregd6v","M_exp_W_exp","portfolio_2026-09-15.csv","bothe_1","bothe_1__g1","Man",18,"CBE",0,0,5,47,4,4,4,4,4,4,100,"no",50
"9nn00jux","gmregd6v","M_exp_W_exp","portfolio_2026-09-15.csv","bothe_1","bothe_1__g1","Man",20,"eee",4.2,5,3,47,4,4,4,4,4,4,100,"no",0
"d8azp69w","gmregd6v","M_exp_W_exp","portfolio_2026-09-15.csv","bothe_1","bothe_1__g1","Man",19,"Mathematics and Economics",4.03,5,100,47,7,5,5,4,7,1,50,"no",20
"g5ct4rg0","gmregd6v","M_exp_W_exp","portfolio_2026-09-15.csv","bothe_1","bothe_1__g2","Man",20,"civil engineering",4,5,5,36,4,5,4,5,6,3,100,"no",35
"utr109q6","gmregd6v","M_exp_W_exp","portfolio_2026-09-15.csv","bothe_1","bothe_1__g2","Man",20,"MSE",4.5,5,5,47,7,2,7,2,7,2,100,"no",15
"uza1lz8f","gmregd6v","M_exp_W_exp","portfolio_2026-09-15.csv","bothe_1","bothe_1__g2","Man",22,"Computer Engineering",4.29,5,5,47,3,5,7,1,5,3,100,"no",40
"3z6ed32t","gmregd6v","M_exp_W_exp","portfolio_2026-09-15.csv","bothe_1","bothe_1__g2","Man",21,"Computer Engineering",0,5,5,47,7,3,7,1,7,3,100,"no",55
"pzsakpjx","gmregd6v","M_exp_W_exp","portfolio_2026-09-15.csv","bothe_1","bothe_1__g2","Woman",19,"Civil Engineering",3.54,5,5,47,7,3,7,5,7,1,100,"no",25
"h4hoh39u","gmregd6v","M_exp_W_exp","portfolio_2026-09-15.csv","bothe_1","bothe_1__g3","Woman",16,"Environmental Engineering",0,5,5,47,7,4,7,1,7,2,50,"no",30
"jzoxfyc2","gmregd6v","M_exp_W_exp","portfolio_2026-09-15.csv","bothe_1","bothe_1__g3","Man",24,"Computer Engineering",4.23,5,5,47,7,6,6,2,6,3,100,"no",70
"dqn940v4","gmregd6v","M_exp_W_exp","portfolio_2026-09-15.csv","bothe_1","bothe_1__g3","Man",19,"BASA",4,5,5,47,4,3,4,3,5,4,60,"no",35
"5l1yk0gm","gmregd6v","M_exp_W_exp","portfolio_2026-09-15.csv","bothe_1","bothe_1__g3","Man",19,"civil engineering ",3.5,10,5,36,6,5,7,4,4,3,60,"no",40
"3fdg4ref","gmregd6v","M_exp_W_exp","portfolio_2026-09-15.csv","bothe_1","bothe_1__g3","Woman",19,"CBE",3.5,5,5,47,6,4,6,3,6,3,50,"no",40
"iliayit3","gmregd6v","M_exp_W_exp","portfolio_2026-09-15.csv","bothe_1","bothe_1__g4","Man",19,"data science",0,5,5,47,4,4,5,4,4,4,100,"no",20
"hpzf5xgg","gmregd6v","M_exp_W_exp","portfolio_2026-09-15.csv","bothe_1","bothe_1__g4","Woman",19,"communication studies",0,5,1,24,7,1,7,1,7,1,100,"no",15
"3th28718","gmregd6v","M_exp_W_exp","portfolio_2026-09-15.csv","bothe_1","bothe_1__g4","Woman",19,"Information Engineering and Media",0,3,5,24,7,1,7,1,7,1,100,"no",40
"hh695q6a","gmregd6v","M_exp_W_exp","portfolio_2026-09-15.csv","bothe_1","bothe_1__g4","Man",20,"Sociology",0,5,5,47,7,5,7,5,7,1,100,"no",33
"2w7wmunp","gmregd6v","M_exp_W_exp","portfolio_2026-09-15.csv","bothe_1","bothe_1__g4","Woman",16,"business",0,1,100,24,7,5,7,2,7,1,50,"no",30
"2fon3kdf","gmregd6v","M_exp_W_exp","portfolio_2026-09-15.csv","bothe_1","bothe_1__g5","Man",21,"Acccountancy",5,5,5,47,7,1,6,1,7,2,70,"no",42
"0vm37wcl","gmregd6v","M_exp_W_exp","portfolio_2026-09-15.csv","bothe_1","bothe_1__g5","Woman",18,"MATH",0,5,5,24,7,6,7,1,7,1,100,"no",30
"9902h2kd","gmregd6v","M_exp_W_exp","portfolio_2026-09-15.csv","bothe_1","bothe_1__g5","Man",19,"Civil Engineering",4,5,5,47,7,6,7,1,7,5,99,"no",20
"snwy0w01","gmregd6v","M_exp_W_exp","portfolio_2026-09-15.csv","bothe_1","bothe_1__g5","Man",22,"CE",4.56,5,5,47,6,5,6,5,4,2,100,"no",0
"yaickank","gmregd6v","M_exp_W_exp","portfolio_2026-09-15.csv","bothe_1","bothe_1__g5","Man",21,"IEM ",0,5,5,47,7,6,7,6,6,3,56,"no",30
"qvfebldb","5ogs5ura","M_exp_W_exp","portfolio_2026-09-16.csv","bothe_2","bothe_2__g1","Man",21,"Computer Science",4.51,5,4,47,3,6,6,3,3,3,100,"no",10
"vbjq2y24","5ogs5ura","M_exp_W_exp","portfolio_2026-09-16.csv","bothe_2","bothe_2__g1","Woman",21,"APPLIED ECONOMICS",0,5,5,47,7,4,7,1,7,3,99,"no",0
"fjbh3h2b","5ogs5ura","M_exp_W_exp","portfolio_2026-09-16.csv","bothe_2","bothe_2__g1","Man",20,"CCA",0,5,5,47,4,4,6,2,3,2,75,"no",40
"j0v5am99","5ogs5ura","M_exp_W_exp","portfolio_2026-09-16.csv","bothe_2","bothe_2__g1","Woman",21,"Physics",4,5,5,35,7,6,7,1,7,1,85,"no",20
"wz4uvd97","5ogs5ura","M_exp_W_exp","portfolio_2026-09-16.csv","bothe_2","bothe_2__g1","Woman",22,"Accounting",4.31,5,5,47,6,5,5,2,1,1,80,"no",25
"bw46f79x","5ogs5ura","M_exp_W_exp","portfolio_2026-09-16.csv","bothe_2","bothe_2__g2","Man",17,"environmental engineering and economics",0,5,5,47,4,5,3,7,2,6,50,"no",49
"42qlc5nb","5ogs5ura","M_exp_W_exp","portfolio_2026-09-16.csv","bothe_2","bothe_2__g2","Man",22,"business",4.4,5,5,47,4,4,4,4,4,4,100,"no",20
"jw6ngkbn","5ogs5ura","M_exp_W_exp","portfolio_2026-09-16.csv","bothe_2","bothe_2__g2","Man",18,"DSAI",4.57,10,5,47,7,6,6,6,5,2,100,"no",25
"booloaq9","5ogs5ura","M_exp_W_exp","portfolio_2026-09-16.csv","bothe_2","bothe_2__g2","Man",18,"Economics",0,5,5,47,7,3,7,5,6,2,100,"no",20
"2pc7nfit","5ogs5ura","M_exp_W_exp","portfolio_2026-09-16.csv","bothe_2","bothe_2__g2","Man",20,"mechanical engineering ",5,5,5,47,7,2,6,2,7,4,80,"no",20
"t7rx3zw3","5ogs5ura","M_exp_W_exp","portfolio_2026-09-16.csv","bothe_2","bothe_2__g3","Woman",22,"Electronics",0,5,5,47,7,1,7,4,7,1,50,"no",30
"p48n4bh0","5ogs5ura","M_exp_W_exp","portfolio_2026-09-16.csv","bothe_2","bothe_2__g3","Man",22,"Computer Science",0,10,100,4,7,1,7,1,7,1,50,"no",20
"folcs8ow","5ogs5ura","M_exp_W_exp","portfolio_2026-09-16.csv","bothe_2","bothe_2__g3","Woman",22,"signal processing",4,5,5,47,5,6,7,2,7,1,100,"no",30
"cfp8kvc9","5ogs5ura","M_exp_W_exp","portfolio_2026-09-16.csv","bothe_2","bothe_2__g3","Man",19,"EEE",4.58,5,100,24,7,4,6,2,6,2,50,"no",30
"tt26hkpl","5ogs5ura","M_exp_W_exp","portfolio_2026-09-16.csv","bothe_2","bothe_2__g3","Man",19,"CBE",4.72,10,5,47,6,5,6,2,5,2,100,"no",30
"jfy8jxqv","5ogs5ura","M_exp_W_exp","portfolio_2026-09-16.csv","bothe_2","bothe_2__g4","Woman",19,"Economics",0,60,5,24,5,2,6,2,6,2,70,"no",70
"eveqm1ww","5ogs5ura","M_exp_W_exp","portfolio_2026-09-16.csv","bothe_2","bothe_2__g4","Man",21,"EEE",4.07,5,5,47,4,4,5,3,3,5,75,"no",30
"1dtln5rg","5ogs5ura","M_exp_W_exp","portfolio_2026-09-16.csv","bothe_2","bothe_2__g4","Man",19,"Computer Science",0,5,5,47,7,1,7,1,7,1,100,"no",15
"5ltpvdck","5ogs5ura","M_exp_W_exp","portfolio_2026-09-16.csv","bothe_2","bothe_2__g4","Man",19,"CBE",4.7,5,5,47,7,1,7,1,7,1,100,"no",30
"ic1ocjv5","5ogs5ura","M_exp_W_exp","portfolio_2026-09-16.csv","bothe_2","bothe_2__g4","Man",28,"Economics",3,5,5,47,4,4,4,4,4,4,100,"no",50
"zd9eakrm","5ogs5ura","M_exp_W_exp","portfolio_2026-09-16.csv","bothe_2","bothe_2__g5","Man",20,"EEE",0,5,5,47,6,4,4,2,6,5,100,"no",0
"8tpz5m2a","5ogs5ura","M_exp_W_exp","portfolio_2026-09-16.csv","bothe_2","bothe_2__g5","Man",23,"MAEO",4.43,5,5,47,7,6,7,6,7,1,50,"no",40
"wfmdx2nb","5ogs5ura","M_exp_W_exp","portfolio_2026-09-16.csv","bothe_2","bothe_2__g5","Man",19,"computer science",5,5,5,47,2,3,3,2,5,3,75,"no",26
"y40upi5t","5ogs5ura","M_exp_W_exp","portfolio_2026-09-16.csv","bothe_2","bothe_2__g5","Woman",19,"Electrical and Electronic Engineering",3.9,5,5,47,6,5,7,1,6,3,100,"no",60
"s6nkestj","5ogs5ura","M_exp_W_exp","portfolio_2026-09-16.csv","bothe_2","bothe_2__g5","Woman",20,"chemical and biomolecular engineering ",3.5,50,5,47,7,7,7,1,7,1,100,"no",20
"msd1f2iu","ckhtfa5u","M_no_W_no","portfolio_2026-09-16.csv","bothno_1","bothno_1__g1","Woman",19,"Economics",0,9,5,47,6,4,7,2,3,1,100,"no",30
"omrf04k4","ckhtfa5u","M_no_W_no","portfolio_2026-09-16.csv","bothno_1","bothno_1__g1","Man",23,"INFORMATION ENGINEERING & MEDIA",3,5,5,47,6,3,7,1,6,2,50,"no",40
"duzxv1is","ckhtfa5u","M_no_W_no","portfolio_2026-09-16.csv","bothno_1","bothno_1__g1","Woman",23,"Economics",4.67,5,5,47,6,2,6,2,6,2,100,"no",25
"znk2pevv","ckhtfa5u","M_no_W_no","portfolio_2026-09-16.csv","bothno_1","bothno_1__g1","Woman",19,"Finance",4.75,2,5,47,6,4,6,3,6,3,100,"no",0
"rv5b38em","ckhtfa5u","M_no_W_no","portfolio_2026-09-16.csv","bothno_1","bothno_1__g1","Woman",23,"Engineering",4,5,100,24,7,1,7,1,7,1,100,"no",25
"z7t2lpyk","ckhtfa5u","M_no_W_no","portfolio_2026-09-16.csv","bothno_1","bothno_1__g2","Man",22,"econ",4,5,5,47,6,6,6,2,3,2,80,"no",30
"dwx0my9x","ckhtfa5u","M_no_W_no","portfolio_2026-09-16.csv","bothno_1","bothno_1__g2","Woman",17,"EEE",4,5,5,47,6,7,7,5,7,2,70,"no",38
"uhxz6pjz","ckhtfa5u","M_no_W_no","portfolio_2026-09-16.csv","bothno_1","bothno_1__g2","Man",19,"Civil Engineering",3.5,5,5,47,6,5,6,4,6,3,100,"no",35
"r39x605k","ckhtfa5u","M_no_W_no","portfolio_2026-09-16.csv","bothno_1","bothno_1__g2","Man",27,"Mechanical Engineering",3.7,5,5,47,5,6,5,5,3,5,100,"no",25
"yhliw46v","ckhtfa5u","M_no_W_no","portfolio_2026-09-16.csv","bothno_1","bothno_1__g2","Man",20,"EEE",0,5,5,47,5,3,6,2,3,5,90,"no",35
"7abl389c","ckhtfa5u","M_no_W_no","portfolio_2026-09-16.csv","bothno_1","bothno_1__g3","Man",21,"Physics",4.69,5,5,47,4,4,6,2,6,2,100,"no",10
"6kns3oml","ckhtfa5u","M_no_W_no","portfolio_2026-09-16.csv","bothno_1","bothno_1__g3","Man",23,"EEE",0,5,5,24,7,1,7,1,7,1,80,"no",50
"pp2e4xx5","ckhtfa5u","M_no_W_no","portfolio_2026-09-16.csv","bothno_1","bothno_1__g3","Woman",19,"Business",0,5,5,24,4,5,6,2,6,2,50,"no",20
"jid9ui4f","ckhtfa5u","M_no_W_no","portfolio_2026-09-16.csv","bothno_1","bothno_1__g3","Woman",20,"Computer Engineer",0,5,5,47,4,4,4,4,7,1,80,"no",25
"grwzfvbr","ckhtfa5u","M_no_W_no","portfolio_2026-09-16.csv","bothno_1","bothno_1__g3","Man",19,"Computer Science",5,0,5,47,6,5,7,2,7,2,95,"no",30
"yxcpp681","ckhtfa5u","M_no_W_no","portfolio_2026-09-16.csv","bothno_1","bothno_1__g4","Man",20,"EEE",0,5,5,36,4,4,7,2,7,1,60,"no",30
"09bse981","ckhtfa5u","M_no_W_no","portfolio_2026-09-16.csv","bothno_1","bothno_1__g4","Woman",18,"EEE",0,5,5,47,1,4,7,4,7,2,99,"no",70
"2p0bevly","ckhtfa5u","M_no_W_no","portfolio_2026-09-16.csv","bothno_1","bothno_1__g4","Woman",18,"Economics",4.4,5,2000,12,7,6,7,1,7,1,100,"no",40
"raavz353","ckhtfa5u","M_no_W_no","portfolio_2026-09-16.csv","bothno_1","bothno_1__g4","Woman",21,"Materials Engineering",4.31,5,5,47,4,4,4,4,4,4,90,"no",20
"6rdutaoz","ckhtfa5u","M_no_W_no","portfolio_2026-09-16.csv","bothno_1","bothno_1__g4","Woman",19,"PPMJ",0,10,5,24,7,5,7,2,7,3,70,"no",15
"21anldsa","ckhtfa5u","M_no_W_no","portfolio_2026-09-16.csv","bothno_1","bothno_1__g5","Man",21,"Computer Science",4.34,5,5,47,7,1,7,1,7,1,100,"no",0
"3mjtjuou","ckhtfa5u","M_no_W_no","portfolio_2026-09-16.csv","bothno_1","bothno_1__g5","Woman",20,"Psychology",3.56,5,5,47,6,7,6,1,5,3,100,"no",29
"5jtwpe9d","ckhtfa5u","M_no_W_no","portfolio_2026-09-16.csv","bothno_1","bothno_1__g5","Man",22,"EEE",0,5,5,47,7,5,7,5,7,1,100,"no",28
"s16bmsk2","ckhtfa5u","M_no_W_no","portfolio_2026-09-16.csv","bothno_1","bothno_1__g5","Man",20,"Chemical and Biomolecular Engineering",0,5,5,47,7,1,7,1,7,1,50,"no",40
"sjw641j3","ckhtfa5u","M_no_W_no","portfolio_2026-09-16.csv","bothno_1","bothno_1__g5","Woman",19,"economics and psychology",0,10,5,47,6,6,6,3,5,2,75,"no",35
"o7pccht6","6c2og0cw","M_no_W_no","portfolio_2026-09-16.csv","botno_2","botno_2__g1","Man",20,"Civil Engineering",0,3,100,47,7,7,7,1,5,2,99,"no",15
"xlysi5bz","6c2og0cw","M_no_W_no","portfolio_2026-09-16.csv","botno_2","botno_2__g1","Woman",20,"Economics",3.9,1,5,47,6,6,6,3,6,3,100,"no",32
"ktzkk4b7","6c2og0cw","M_no_W_no","portfolio_2026-09-16.csv","botno_2","botno_2__g1","Man",18,"Banking and Finance",4,5,5,47,7,1,7,1,7,1,100,"no",0
"unt4hlph","6c2og0cw","M_no_W_no","portfolio_2026-09-16.csv","botno_2","botno_2__g1","Woman",19,"Accountancy",0,10,100,24,5,5,6,1,7,1,50,"no",15
"e3o1p3e6","6c2og0cw","M_no_W_no","portfolio_2026-09-16.csv","botno_2","botno_2__g1","Man",19,"Computer Science",4.3,10,5,47,5,6,6,3,5,3,75,"no",27
"0nzm25g8","6c2og0cw","M_no_W_no","portfolio_2026-09-16.csv","botno_2","botno_2__g2","Man",19,"Mechanical Engineering",4.5,10,5,47,5,6,6,1,5,5,50,"no",30
"f8ff6plt","6c2og0cw","M_no_W_no","portfolio_2026-09-16.csv","botno_2","botno_2__g2","Man",20,"EEE",4.62,5,5,35,6,6,6,2,6,2,100,"no",35
"poc3kn08","6c2og0cw","M_no_W_no","portfolio_2026-09-16.csv","botno_2","botno_2__g2","Woman",20,"Accountancy",0,5,100,24,6,7,7,7,7,5,60,"no",20
"z9zrwosz","6c2og0cw","M_no_W_no","portfolio_2026-09-16.csv","botno_2","botno_2__g2","Man",20,"robotics engineering",5,5,5,47,6,2,6,2,6,3,100,"no",40
"yldmtmxh","6c2og0cw","M_no_W_no","portfolio_2026-09-16.csv","botno_2","botno_2__g2","Woman",19,"Business",0,5,5,24,7,4,7,1,7,1,50,"no",13
"bjw1ymg6","6c2og0cw","M_no_W_no","portfolio_2026-09-16.csv","botno_2","botno_2__g3","Man",41,"EEE",3.51,10,5,47,7,2,7,1,3,5,100,"no",30
"dxg47gml","6c2og0cw","M_no_W_no","portfolio_2026-09-16.csv","botno_2","botno_2__g3","Man",19,"EEE",4.6,5,5,47,7,4,7,2,6,5,80,"no",0
"t47t8m59","6c2og0cw","M_no_W_no","portfolio_2026-09-16.csv","botno_2","botno_2__g3","Man",20,"EEE",0,5,5,47,6,6,7,2,2,2,50,"no",30
"2epyouig","6c2og0cw","M_no_W_no","portfolio_2026-09-16.csv","botno_2","botno_2__g3","Man",22,"AEROSPACE ENGINEERING",0,5,5,14,6,2,6,1,6,2,100,"no",30
"107rd682","6c2og0cw","M_no_W_no","portfolio_2026-09-16.csv","botno_2","botno_2__g3","Man",20,"Electrical and Electronic Engineering",0,5,500,47,7,2,7,1,7,1,100,"no",30
"6xyzc64h","6c2og0cw","M_no_W_no","portfolio_2026-09-16.csv","botno_2","botno_2__g4","Man",19,"EEE",5,5,5,47,4,4,4,4,4,4,100,"no",20
"566nkyxt","6c2og0cw","M_no_W_no","portfolio_2026-09-16.csv","botno_2","botno_2__g4","Man",20,"IEM",0,5,5,47,7,4,4,4,1,1,100,"no",0
"uv69jk1p","6c2og0cw","M_no_W_no","portfolio_2026-09-16.csv","botno_2","botno_2__g4","Man",19,"EEE",3.8,5,5,47,7,5,6,6,6,7,100,"no",30
"thfu25ei","6c2og0cw","M_no_W_no","portfolio_2026-09-16.csv","botno_2","botno_2__g4","Man",18,"Business (Single Major)",5,5,100,12,4,4,5,3,3,5,100,"no",30
"008uq8bs","6c2og0cw","M_no_W_no","portfolio_2026-09-16.csv","botno_2","botno_2__g4","Man",22,"CBE",5,10,5,47,4,4,4,4,4,4,100,"no",15
"o4da1gkl","6c2og0cw","M_no_W_no","portfolio_2026-09-16.csv","botno_2","botno_2__g5","Woman",19,"Psychology",0,5,5,24,4,4,6,2,6,2,65,"no",40
"ilc2oqlq","6c2og0cw","M_no_W_no","portfolio_2026-09-16.csv","botno_2","botno_2__g5","Man",19,"EEE",0,5,5,47,4,4,4,4,4,4,100,"no",50
"qcu0td0m","6c2og0cw","M_no_W_no","portfolio_2026-09-16.csv","botno_2","botno_2__g5","Man",18,"COMPUTER ENGINEERING",5,10,5,47,7,2,6,2,6,1,100,"no",36
"zcjv164s","6c2og0cw","M_no_W_no","portfolio_2026-09-16.csv","botno_2","botno_2__g5","Woman",20,"Chemical Engineering",5,5,5,24,7,3,5,2,6,5,50,"no",30
"3g7fmbdb","6c2og0cw","M_no_W_no","portfolio_2026-09-16.csv","botno_2","botno_2__g5","Man",21,"COMPUTER SCIENCE",0,5,5,1,7,4,7,1,7,4,90,"no",25
"2vm7punw","nadt5tbu","M_exp_W_no","portfolio_2026-09-14.csv","MeWno_1","MeWno_1__g1","Man",19,"Civil Engineering",4.97,5,5,47,7,4,7,4,7,3,50,"no",30
"wfmrxna9","nadt5tbu","M_exp_W_no","portfolio_2026-09-14.csv","MeWno_1","MeWno_1__g1","Man",21,"Electrical and Electronics Engineering",4.64,5,5,47,7,4,7,4,7,1,100,"no",0
"s57od4iz","nadt5tbu","M_exp_W_no","portfolio_2026-09-14.csv","MeWno_1","MeWno_1__g1","Woman",22,"applied economics",0,5,5,47,4,2,5,2,6,2,50,"no",30
"sem2q323","nadt5tbu","M_exp_W_no","portfolio_2026-09-14.csv","MeWno_1","MeWno_1__g1","Man",22,"economics and data science",3.99,5,5,47,7,1,7,1,7,1,100,"no",2
"pmhhauc6","nadt5tbu","M_exp_W_no","portfolio_2026-09-14.csv","MeWno_1","MeWno_1__g1","Woman",18,"EEE",4,5,5,47,7,2,7,2,7,1,100,"no",40
"bc7n6071","nadt5tbu","M_exp_W_no","portfolio_2026-09-14.csv","MeWno_1","MeWno_1__g2","Man",24,"CCDS",4.2,10,5,47,6,6,7,6,2,6,100,"no",25
"j2qhej8d","nadt5tbu","M_exp_W_no","portfolio_2026-09-14.csv","MeWno_1","MeWno_1__g2","Man",19,"Materials Engineering",5,5,5,47,6,3,6,2,6,3,50,"no",33
"nt0omp7o","nadt5tbu","M_exp_W_no","portfolio_2026-09-14.csv","MeWno_1","MeWno_1__g2","Man",23,"EEE",3.4,5,5,47,6,3,5,3,6,2,99,"no",40
"3vy48gux","nadt5tbu","M_exp_W_no","portfolio_2026-09-14.csv","MeWno_1","MeWno_1__g2","Woman",20,"biological sciences",4.81,105,5,24,7,6,7,2,7,2,65,"no",30
"zzkx5xsm","nadt5tbu","M_exp_W_no","portfolio_2026-09-14.csv","MeWno_1","MeWno_1__g2","Woman",18,"Biological Sciences",0,5,5,47,7,5,7,2,7,1,100,"no",43
"qd0f31id","nadt5tbu","M_exp_W_no","portfolio_2026-09-14.csv","MeWno_1","MeWno_1__g3","Woman",18,"EEE",4.7,5,5,47,6,2,7,3,6,5,50,"no",40
"gllc2565","nadt5tbu","M_exp_W_no","portfolio_2026-09-14.csv","MeWno_1","MeWno_1__g3","Man",22,"Mechanical Engineering",3.6,5,5,47,7,2,7,1,7,1,60,"no",0
"k6q3olvt","nadt5tbu","M_exp_W_no","portfolio_2026-09-14.csv","MeWno_1","MeWno_1__g3","Woman",23,"Maritime Studies",4.1,5,100,24,7,7,7,2,7,1,70,"no",30
"h7g9h66e","nadt5tbu","M_exp_W_no","portfolio_2026-09-14.csv","MeWno_1","MeWno_1__g3","Man",25,"mechanical engineering",4,5,5,47,5,4,4,2,2,4,100,"no",20
"ch700ni6","nadt5tbu","M_exp_W_no","portfolio_2026-09-14.csv","MeWno_1","MeWno_1__g3","Man",22,"Maritime Studies and International Trading",4.46,5,5,47,6,2,6,2,6,3,100,"no",45
"5doee2qb","nadt5tbu","M_exp_W_no","portfolio_2026-09-14.csv","MeWno_1","MeWno_1__g4","Man",18,"Data Science and Artificial Intelligience",0,5,2000,16,2,3,2,5,5,4,100,"no",20
"fjk39fjv","nadt5tbu","M_exp_W_no","portfolio_2026-09-14.csv","MeWno_1","MeWno_1__g4","Woman",21,"Biological Sciences",4.53,5,100,47,7,5,6,1,7,3,60,"no",30
"uv9wmkop","nadt5tbu","M_exp_W_no","portfolio_2026-09-14.csv","MeWno_1","MeWno_1__g4","Man",19,"EEE",0,10,5,47,6,4,6,5,3,5,50,"no",50
"tdb9pvu4","nadt5tbu","M_exp_W_no","portfolio_2026-09-14.csv","MeWno_1","MeWno_1__g4","Man",19,"Electrical and Electronic Engineering",4.74,5,5,47,6,5,6,3,6,2,100,"no",25
"vlzegfsh","nadt5tbu","M_exp_W_no","portfolio_2026-09-14.csv","MeWno_1","MeWno_1__g4","Man",19,"Mechanical Engineering",0,5,5,47,6,6,6,2,6,2,100,"no",25
"vijmhlvg","nadt5tbu","M_exp_W_no","portfolio_2026-09-14.csv","MeWno_1","MeWno_1__g5","Man",18,"Civil Engineering",4.87,5,5,47,4,4,6,4,4,4,50,"no",33
"8e240a8t","nadt5tbu","M_exp_W_no","portfolio_2026-09-14.csv","MeWno_1","MeWno_1__g5","Woman",22,"Economics",3.5,5,5,47,7,1,7,1,7,1,100,"no",15
"djq10sre","nadt5tbu","M_exp_W_no","portfolio_2026-09-14.csv","MeWno_1","MeWno_1__g5","Man",18,"CSC",4.18,5,4,47,7,2,7,2,7,2,100,"no",32
"1rm0kasi","nadt5tbu","M_exp_W_no","portfolio_2026-09-14.csv","MeWno_1","MeWno_1__g5","Man",19,"Computer Science",3.48,5,5,47,4,7,5,6,5,4,80,"no",25
"5ddpdjuo","nadt5tbu","M_exp_W_no","portfolio_2026-09-14.csv","MeWno_1","MeWno_1__g5","Woman",18,"Economics",0,5,100,47,7,2,7,1,7,1,100,"no",30
"cfn8fv6w","99iosefo","M_exp_W_no","portfolio_2026-09-14.csv","MeWno_2","MeWno_2__g1","Woman",18,"ECONOMICS",0,5,5,36,7,4,7,4,7,1,80,"no",30
"a1q00v4p","99iosefo","M_exp_W_no","portfolio_2026-09-14.csv","MeWno_2","MeWno_2__g1","Man",21,"Chemical Engineering",3.5,5,5,47,6,5,6,4,4,4,100,"no",40
"rucumqi6","99iosefo","M_exp_W_no","portfolio_2026-09-14.csv","MeWno_2","MeWno_2__g1","Woman",19,"Economics",5,5,5,47,7,1,7,1,7,1,89,"no",20
"lbzqe7lh","99iosefo","M_exp_W_no","portfolio_2026-09-14.csv","MeWno_2","MeWno_2__g1","Man",21,"Electrical and Electronic Engineering",4.86,5,5,47,2,3,5,3,3,4,50,"no",30
"i42igenv","99iosefo","M_exp_W_no","portfolio_2026-09-14.csv","MeWno_2","MeWno_2__g1","Woman",19,"Mechanical Engineering",0,5,5,47,7,4,5,1,7,2,70,"no",35
"2nkc141x","99iosefo","M_exp_W_no","portfolio_2026-09-14.csv","MeWno_2","MeWno_2__g2","Man",22,"ECBU",0,5,5,36,5,4,5,2,2,4,100,"no",0
"oqud1wxk","99iosefo","M_exp_W_no","portfolio_2026-09-14.csv","MeWno_2","MeWno_2__g2","Man",19,"Mechanical Engineering",4.5,5,5,47,7,3,7,2,7,2,50,"no",35
"a6q31ex7","99iosefo","M_exp_W_no","portfolio_2026-09-14.csv","MeWno_2","MeWno_2__g2","Woman",19,"Accountancy",0,1,100,24,6,2,6,2,6,2,80,"no",35
"o60mnzij","99iosefo","M_exp_W_no","portfolio_2026-09-14.csv","MeWno_2","MeWno_2__g2","Woman",19,"Economics",0,5,5,47,5,2,6,1,7,3,100,"no",30
"bnt5i99k","99iosefo","M_exp_W_no","portfolio_2026-09-14.csv","MeWno_2","MeWno_2__g2","Man",20,"Robotics ",4.9,5,5,47,7,2,7,3,6,2,100,"no",20
"zrywj9fx","99iosefo","M_exp_W_no","portfolio_2026-09-14.csv","MeWno_2","MeWno_2__g3","Man",22,"Biological Sciences",4.8,5,5,47,5,3,6,4,4,4,100,"no",35
"i44g0thi","99iosefo","M_exp_W_no","portfolio_2026-09-14.csv","MeWno_2","MeWno_2__g3","Man",18,"Physics and Mathematical Sciences",4.04,5,5,47,7,1,7,2,7,1,50,"no",30
"s9ryf5kv","99iosefo","M_exp_W_no","portfolio_2026-09-14.csv","MeWno_2","MeWno_2__g3","Woman",19,"Chemistry And Biological Chemistry",0,5,5,47,6,2,7,2,6,1,100,"no",50
"oe31za5u","99iosefo","M_exp_W_no","portfolio_2026-09-14.csv","MeWno_2","MeWno_2__g3","Woman",18,"Economics with second major in Business",4.5,5,5,47,7,6,7,1,7,1,100,"no",30
"v86y9zyn","99iosefo","M_exp_W_no","portfolio_2026-09-14.csv","MeWno_2","MeWno_2__g3","Man",19,"DSAI",4.79,5,5,47,5,6,6,3,5,3,100,"no",30
"3p6ks3hb","99iosefo","M_exp_W_no","portfolio_2026-09-14.csv","MeWno_2","MeWno_2__g4","Woman",18,"econ",0,10,100,24,6,7,7,2,7,3,94,"no",29
"y5kgtmfb","99iosefo","M_exp_W_no","portfolio_2026-09-14.csv","MeWno_2","MeWno_2__g4","Woman",20,"econ",4.6,5,5,47,7,2,7,1,7,2,100,"no",25
"ebzeqzcf","99iosefo","M_exp_W_no","portfolio_2026-09-14.csv","MeWno_2","MeWno_2__g4","Man",22,"Economics and Data Science",4.91,5,5,47,6,5,6,4,6,4,100,"no",23
"pb6d6kev","99iosefo","M_exp_W_no","portfolio_2026-09-14.csv","MeWno_2","MeWno_2__g4","Woman",18,"Biological Sciences",0,5,100,16,7,2,7,1,7,1,100,"no",40
"m8xnbw73","99iosefo","M_exp_W_no","portfolio_2026-09-14.csv","MeWno_2","MeWno_2__g4","Woman",20,"Accountancy",4.3,5,5,12,7,4,7,2,6,2,100,"no",24
"an9ihpoe","99iosefo","M_exp_W_no","portfolio_2026-09-14.csv","MeWno_2","MeWno_2__g5","Woman",19,"psychology",0,10,100,24,6,7,6,4,6,4,60,"no",30
"rbyuqaqn","99iosefo","M_exp_W_no","portfolio_2026-09-14.csv","MeWno_2","MeWno_2__g5","Woman",19,"business",0,10,100,24,7,7,7,1,7,1,100,"no",30
"3pb269ab","99iosefo","M_exp_W_no","portfolio_2026-09-14.csv","MeWno_2","MeWno_2__g5","Woman",20,"eee",3.47,10,100,24,7,4,7,1,7,1,89,"no",41
"ewpd3m8q","99iosefo","M_exp_W_no","portfolio_2026-09-14.csv","MeWno_2","MeWno_2__g5","Woman",19,"ECBU",0,2,100,96,5,3,7,3,7,4,100,"no",20
"0tv7bd9u","99iosefo","M_exp_W_no","portfolio_2026-09-14.csv","MeWno_2","MeWno_2__g5","Man",19,"ECBU",4.9,10,5,47,5,6,6,2,2,5,70,"no",20
"1c9g6x62","gykh8ja7","M_no_W_exp","portfolio_2026-09-14.csv","MnoWe_1","MnoWe_1__g1","Woman",20,"Sociology",0,5,20,7,7,2,7,2,7,1,100,"no",35
"7fakiwkr","gykh8ja7","M_no_W_exp","portfolio_2026-09-14.csv","MnoWe_1","MnoWe_1__g1","Man",19,"Computer Engineering",4.93,5,5,47,4,5,6,5,6,2,100,"no",20
"d4zd28hb","gykh8ja7","M_no_W_exp","portfolio_2026-09-14.csv","MnoWe_1","MnoWe_1__g1","Woman",21,"Computer Science",0,10,100,47,6,7,6,2,4,3,100,"no",50
"ja5c25rz","gykh8ja7","M_no_W_exp","portfolio_2026-09-14.csv","MnoWe_1","MnoWe_1__g1","Man",20,"ECON",4.33,5,100,24,4,4,7,1,7,3,100,"no",15
"oedddvhv","gykh8ja7","M_no_W_exp","portfolio_2026-09-14.csv","MnoWe_1","MnoWe_1__g1","Man",20,"Robotics Engineering",4.88,10,1,47,5,5,7,5,5,3,100,"no",20
"7q18nnfd","gykh8ja7","M_no_W_exp","portfolio_2026-09-14.csv","MnoWe_1","MnoWe_1__g2","Woman",19,"BSB",0,10,100,24,7,6,7,1,7,1,100,"no",30
"03zce18q","gykh8ja7","M_no_W_exp","portfolio_2026-09-14.csv","MnoWe_1","MnoWe_1__g2","Woman",19,"Biomedical Science and BioBusiness",0,5,5,47,7,4,7,1,7,2,80,"no",20
"wbs0fdl5","gykh8ja7","M_no_W_exp","portfolio_2026-09-14.csv","MnoWe_1","MnoWe_1__g2","Man",20,"EEE",0,5,5,47,5,6,5,6,6,4,50,"no",0
"cqrngk2a","gykh8ja7","M_no_W_exp","portfolio_2026-09-14.csv","MnoWe_1","MnoWe_1__g2","Woman",18,"Data Science and AI",0,5,5,47,7,6,7,2,6,1,100,"no",5
"259xsu1c","gykh8ja7","M_no_W_exp","portfolio_2026-09-14.csv","MnoWe_1","MnoWe_1__g2","Woman",20,"Computer Engineering",3,5,5,47,7,1,7,1,7,1,60,"no",30
"xnss4pg0","gykh8ja7","M_no_W_exp","portfolio_2026-09-14.csv","MnoWe_1","MnoWe_1__g3","Man",20,"MAEO",0,5,5,47,7,6,7,6,7,1,50,"no",25
"5seuckqb","gykh8ja7","M_no_W_exp","portfolio_2026-09-14.csv","MnoWe_1","MnoWe_1__g3","Man",20,"Comp Engineering",0,10,5,47,6,6,6,4,4,4,67,"no",30
"hdnqitby","gykh8ja7","M_no_W_exp","portfolio_2026-09-14.csv","MnoWe_1","MnoWe_1__g3","Woman",22,"Computer Science",4,5,100,24,6,4,6,2,6,4,100,"no",37
"ss3joq82","gykh8ja7","M_no_W_exp","portfolio_2026-09-14.csv","MnoWe_1","MnoWe_1__g3","Woman",18,"public policy and global affairs",5,10,20,25,7,5,6,1,7,2,90,"no",40
"5wh6kzb3","gykh8ja7","M_no_W_exp","portfolio_2026-09-14.csv","MnoWe_1","MnoWe_1__g3","Woman",21,"applied economics",4.09,5,5,47,7,6,7,2,7,1,100,"no",25
"kh2preog","gykh8ja7","M_no_W_exp","portfolio_2026-09-14.csv","MnoWe_1","MnoWe_1__g4","Woman",19,"Chemical and Biomolecular Engineering",0,0,20,24,7,2,7,1,7,2,100,"no",50
"ao798wr7","gykh8ja7","M_no_W_exp","portfolio_2026-09-14.csv","MnoWe_1","MnoWe_1__g4","Woman",18,"bssb",0,5,100,24,6,4,6,2,6,2,100,"no",10
"3788h5gm","gykh8ja7","M_no_W_exp","portfolio_2026-09-14.csv","MnoWe_1","MnoWe_1__g4","Woman",19,"MS",0,5,5,47,7,1,7,1,7,2,100,"no",30
"dk85qrmf","gykh8ja7","M_no_W_exp","portfolio_2026-09-14.csv","MnoWe_1","MnoWe_1__g4","Woman",21,"Economics",4.79,10,100,24,4,3,6,1,5,3,100,"no",21
"qruijzzl","gykh8ja7","M_no_W_exp","portfolio_2026-09-14.csv","MnoWe_1","MnoWe_1__g4","Man",24,"Computer Science",4.13,5,5,24,6,4,6,4,5,5,100,"no",0
"vlvkdjz0","gykh8ja7","M_no_W_exp","portfolio_2026-09-14.csv","MnoWe_1","MnoWe_1__g5","Man",19,"Mechanical Engineering",0,5,500,24,5,4,6,2,4,5,75,"no",35
"9n1v1smg","gykh8ja7","M_no_W_exp","portfolio_2026-09-14.csv","MnoWe_1","MnoWe_1__g5","Woman",19,"Biological Sciences",0,10,100,36,6,6,6,5,6,2,90,"no",30
"kw7jjs2b","gykh8ja7","M_no_W_exp","portfolio_2026-09-14.csv","MnoWe_1","MnoWe_1__g5","Man",20,"Maritime Studies",0,5,5,24,7,1,7,1,7,1,100,"no",0
"pop23w57","gykh8ja7","M_no_W_exp","portfolio_2026-09-14.csv","MnoWe_1","MnoWe_1__g5","Man",22,"Civil Engineering",4.65,10,5,47,7,5,7,6,6,4,100,"no",20
"cbc0ayyd","gykh8ja7","M_no_W_exp","portfolio_2026-09-14.csv","MnoWe_1","MnoWe_1__g5","Man",21,"ECPS",0,5,5,47,7,5,7,2,6,1,100,"no",50
"u4sl54xk","9l3zlzfa","M_no_W_exp","portfolio_2026-09-15.csv","MnoWe_2","MnoWe_2__g1","Man",18,"Electrical and Electronic Engineering",0,5,5,47,6,2,6,3,6,4,50,"no",30
"q2jobopa","9l3zlzfa","M_no_W_exp","portfolio_2026-09-15.csv","MnoWe_2","MnoWe_2__g1","Man",19,"Economics and Data Science",4.82,5,5,47,6,5,6,4,4,3,100,"no",40
"9xg7erl3","9l3zlzfa","M_no_W_exp","portfolio_2026-09-15.csv","MnoWe_2","MnoWe_2__g1","Woman",20,"bio sci",4.5,5,5,47,7,4,7,4,1,1,100,"no",30
"ixl976y0","9l3zlzfa","M_no_W_exp","portfolio_2026-09-15.csv","MnoWe_2","MnoWe_2__g1","Woman",19,"Economics and Data Science",0,5,5,47,6,4,7,3,7,2,80,"no",40
"nqlqeq8n","9l3zlzfa","M_no_W_exp","portfolio_2026-09-15.csv","MnoWe_2","MnoWe_2__g1","Woman",17,"Materials Science and Engineering",0,5,100,47,6,5,6,3,6,2,50,"no",50
"d10dwe1h","9l3zlzfa","M_no_W_exp","portfolio_2026-09-15.csv","MnoWe_2","MnoWe_2__g2","Man",17,"CS",0,5,100,30,6,6,6,6,6,6,60,"no",40
"0yq0zebw","9l3zlzfa","M_no_W_exp","portfolio_2026-09-15.csv","MnoWe_2","MnoWe_2__g2","Man",19,"MSE",4.1,5,5,47,6,3,6,2,6,2,100,"no",25
"7sfhy51b","9l3zlzfa","M_no_W_exp","portfolio_2026-09-15.csv","MnoWe_2","MnoWe_2__g2","Man",18,"CS",3.8,5,5,47,4,4,6,3,4,4,60,"no",42
"pgjj4tqg","9l3zlzfa","M_no_W_exp","portfolio_2026-09-15.csv","MnoWe_2","MnoWe_2__g2","Woman",19,"Economics and Data Science",0,5,5,47,6,2,7,1,5,2,50,"no",20
"z4s8evj8","9l3zlzfa","M_no_W_exp","portfolio_2026-09-15.csv","MnoWe_2","MnoWe_2__g2","Woman",17,"economics and data science",0,5,5,3,7,7,7,7,6,1,50,"no",32
"e8h7gvii","9l3zlzfa","M_no_W_exp","portfolio_2026-09-15.csv","MnoWe_2","MnoWe_2__g3","Woman",18,"Bioengineering",0,5,5,24,7,5,6,4,6,2,50,"no",60
"yt1cbpza","9l3zlzfa","M_no_W_exp","portfolio_2026-09-15.csv","MnoWe_2","MnoWe_2__g3","Woman",18,"Biological Sciences",0,5,5,47,7,5,7,1,7,1,100,"no",40
"0i38ht6y","9l3zlzfa","M_no_W_exp","portfolio_2026-09-15.csv","MnoWe_2","MnoWe_2__g3","Woman",19,"Economics and Data Science",4.5,5,5,47,7,6,7,1,7,2,50,"no",15
"xyqf41ao","9l3zlzfa","M_no_W_exp","portfolio_2026-09-15.csv","MnoWe_2","MnoWe_2__g3","Woman",18,"business",4,10,100,24,7,5,7,2,7,1,71,"no",27
"g9pquzkd","9l3zlzfa","M_no_W_exp","portfolio_2026-09-15.csv","MnoWe_2","MnoWe_2__g3","Man",26,"EEE",2.9,10,100,24,7,4,7,2,6,4,90,"no",10
"7ww48hi4","9l3zlzfa","M_no_W_exp","portfolio_2026-09-15.csv","MnoWe_2","MnoWe_2__g4","Woman",19,"Information engineering and media",0,5,100,47,7,5,7,1,7,1,90,"no",37
"5fdw0rg1","9l3zlzfa","M_no_W_exp","portfolio_2026-09-15.csv","MnoWe_2","MnoWe_2__g4","Woman",18,"EEE",0,5,5,47,4,4,6,2,6,2,70,"no",32
"h7o9v437","9l3zlzfa","M_no_W_exp","portfolio_2026-09-15.csv","MnoWe_2","MnoWe_2__g4","Woman",21,"ENVIRONMENTAL ENGINEERING",4.5,5,5,47,7,4,7,1,6,1,100,"no",0
"9mimenbo","9l3zlzfa","M_no_W_exp","portfolio_2026-09-15.csv","MnoWe_2","MnoWe_2__g4","Woman",19,"Accounting",4.8,5,10,47,7,1,7,1,7,1,50,"no",15
"hn8non3y","9l3zlzfa","M_no_W_exp","portfolio_2026-09-15.csv","MnoWe_2","MnoWe_2__g4","Man",22,"Mechanical Engineering",4.58,5,5,47,5,5,5,5,3,5,100,"no",0
"x06ipo6j","9l3zlzfa","M_no_W_exp","portfolio_2026-09-15.csv","MnoWe_2","MnoWe_2__g5","Woman",19,"Business",0,10,5,47,4,4,5,1,7,1,85,"no",35
"n9iynxtq","9l3zlzfa","M_no_W_exp","portfolio_2026-09-15.csv","MnoWe_2","MnoWe_2__g5","Man",20,"Economics and Data Science",5,5,5,47,7,4,6,4,4,3,50,"no",50
"diqkyqqr","9l3zlzfa","M_no_W_exp","portfolio_2026-09-15.csv","MnoWe_2","MnoWe_2__g5","Man",22,"ME",4.5,5,5,47,3,5,3,5,3,5,50,"no",50
"hi0vl1bf","9l3zlzfa","M_no_W_exp","portfolio_2026-09-15.csv","MnoWe_2","MnoWe_2__g5","Man",21,"Bioengineering",4.28,5,5,47,7,1,7,1,7,1,100,"no",40
"u3a33dgt","9l3zlzfa","M_no_W_exp","portfolio_2026-09-15.csv","MnoWe_2","MnoWe_2__g5","Man",19,"Mechanical Engineering",5,10,5,47,4,4,4,4,4,4,100,"no",0
"fwrj2jat","gmregd6v","M_exp_W_exp","portfolio_2026-09-15.csv","bothe_1","bothe_1__g1","Man",18,"CS",4.2,10,20,47,7,1,7,5,7,1,50,"W_exp",50
"0vigghqi","gmregd6v","M_exp_W_exp","portfolio_2026-09-15.csv","bothe_1","bothe_1__g1","Woman",18,"Chemical and Biomolecular Engineering",0,5,5,36,7,3,7,2,6,3,100,"W_exp",50
"xu6xugdp","gmregd6v","M_exp_W_exp","portfolio_2026-09-15.csv","bothe_1","bothe_1__g1","Man",18,"CBE",0,0,5,47,4,4,4,4,4,4,100,"W_exp",50
"9nn00jux","gmregd6v","M_exp_W_exp","portfolio_2026-09-15.csv","bothe_1","bothe_1__g1","Man",20,"eee",4.2,5,3,47,4,4,4,4,4,4,100,"W_exp",50
"d8azp69w","gmregd6v","M_exp_W_exp","portfolio_2026-09-15.csv","bothe_1","bothe_1__g1","Man",19,"Mathematics and Economics",4.03,5,100,47,7,5,5,4,7,1,50,"W_exp",50
"g5ct4rg0","gmregd6v","M_exp_W_exp","portfolio_2026-09-15.csv","bothe_1","bothe_1__g2","Man",20,"civil engineering",4,5,5,36,4,5,4,5,6,3,100,"W_exp",21
"utr109q6","gmregd6v","M_exp_W_exp","portfolio_2026-09-15.csv","bothe_1","bothe_1__g2","Man",20,"MSE",4.5,5,5,47,7,2,7,2,7,2,100,"W_exp",60
"uza1lz8f","gmregd6v","M_exp_W_exp","portfolio_2026-09-15.csv","bothe_1","bothe_1__g2","Man",22,"Computer Engineering",4.29,5,5,47,3,5,7,1,5,3,100,"W_exp",60
"3z6ed32t","gmregd6v","M_exp_W_exp","portfolio_2026-09-15.csv","bothe_1","bothe_1__g2","Man",21,"Computer Engineering",0,5,5,47,7,3,7,1,7,3,100,"W_exp",0
"pzsakpjx","gmregd6v","M_exp_W_exp","portfolio_2026-09-15.csv","bothe_1","bothe_1__g2","Woman",19,"Civil Engineering",3.54,5,5,47,7,3,7,5,7,1,100,"W_exp",50
"h4hoh39u","gmregd6v","M_exp_W_exp","portfolio_2026-09-15.csv","bothe_1","bothe_1__g3","Woman",16,"Environmental Engineering",0,5,5,47,7,4,7,1,7,2,50,"W_exp",45
"jzoxfyc2","gmregd6v","M_exp_W_exp","portfolio_2026-09-15.csv","bothe_1","bothe_1__g3","Man",24,"Computer Engineering",4.23,5,5,47,7,6,6,2,6,3,100,"W_exp",50
"dqn940v4","gmregd6v","M_exp_W_exp","portfolio_2026-09-15.csv","bothe_1","bothe_1__g3","Man",19,"BASA",4,5,5,47,4,3,4,3,5,4,60,"W_exp",60
"5l1yk0gm","gmregd6v","M_exp_W_exp","portfolio_2026-09-15.csv","bothe_1","bothe_1__g3","Man",19,"civil engineering ",3.5,10,5,36,6,5,7,4,4,3,60,"W_exp",51
"3fdg4ref","gmregd6v","M_exp_W_exp","portfolio_2026-09-15.csv","bothe_1","bothe_1__g3","Woman",19,"CBE",3.5,5,5,47,6,4,6,3,6,3,50,"W_exp",60
"iliayit3","gmregd6v","M_exp_W_exp","portfolio_2026-09-15.csv","bothe_1","bothe_1__g4","Man",19,"data science",0,5,5,47,4,4,5,4,4,4,100,"M_exp",50
"hpzf5xgg","gmregd6v","M_exp_W_exp","portfolio_2026-09-15.csv","bothe_1","bothe_1__g4","Woman",19,"communication studies",0,5,1,24,7,1,7,1,7,1,100,"M_exp",31
"3th28718","gmregd6v","M_exp_W_exp","portfolio_2026-09-15.csv","bothe_1","bothe_1__g4","Woman",19,"Information Engineering and Media",0,3,5,24,7,1,7,1,7,1,100,"M_exp",50
"hh695q6a","gmregd6v","M_exp_W_exp","portfolio_2026-09-15.csv","bothe_1","bothe_1__g4","Man",20,"Sociology",0,5,5,47,7,5,7,5,7,1,100,"M_exp",50
"2w7wmunp","gmregd6v","M_exp_W_exp","portfolio_2026-09-15.csv","bothe_1","bothe_1__g4","Woman",16,"business",0,1,100,24,7,5,7,2,7,1,50,"M_exp",62
"2fon3kdf","gmregd6v","M_exp_W_exp","portfolio_2026-09-15.csv","bothe_1","bothe_1__g5","Man",21,"Acccountancy",5,5,5,47,7,1,6,1,7,2,70,"M_exp",60
"0vm37wcl","gmregd6v","M_exp_W_exp","portfolio_2026-09-15.csv","bothe_1","bothe_1__g5","Woman",18,"MATH",0,5,5,24,7,6,7,1,7,1,100,"M_exp",50
"9902h2kd","gmregd6v","M_exp_W_exp","portfolio_2026-09-15.csv","bothe_1","bothe_1__g5","Man",19,"Civil Engineering",4,5,5,47,7,6,7,1,7,5,99,"M_exp",90
"snwy0w01","gmregd6v","M_exp_W_exp","portfolio_2026-09-15.csv","bothe_1","bothe_1__g5","Man",22,"CE",4.56,5,5,47,6,5,6,5,4,2,100,"M_exp",50
"yaickank","gmregd6v","M_exp_W_exp","portfolio_2026-09-15.csv","bothe_1","bothe_1__g5","Man",21,"IEM ",0,5,5,47,7,6,7,6,6,3,56,"M_exp",45
"qvfebldb","5ogs5ura","M_exp_W_exp","portfolio_2026-09-16.csv","bothe_2","bothe_2__g1","Man",21,"Computer Science",4.51,5,4,47,3,6,6,3,3,3,100,"W_exp",10
"vbjq2y24","5ogs5ura","M_exp_W_exp","portfolio_2026-09-16.csv","bothe_2","bothe_2__g1","Woman",21,"APPLIED ECONOMICS",0,5,5,47,7,4,7,1,7,3,99,"W_exp",50
"fjbh3h2b","5ogs5ura","M_exp_W_exp","portfolio_2026-09-16.csv","bothe_2","bothe_2__g1","Man",20,"CCA",0,5,5,47,4,4,6,2,3,2,75,"W_exp",45
"j0v5am99","5ogs5ura","M_exp_W_exp","portfolio_2026-09-16.csv","bothe_2","bothe_2__g1","Woman",21,"Physics",4,5,5,35,7,6,7,1,7,1,85,"W_exp",78
"wz4uvd97","5ogs5ura","M_exp_W_exp","portfolio_2026-09-16.csv","bothe_2","bothe_2__g1","Woman",22,"Accounting",4.31,5,5,47,6,5,5,2,1,1,80,"W_exp",40
"bw46f79x","5ogs5ura","M_exp_W_exp","portfolio_2026-09-16.csv","bothe_2","bothe_2__g2","Man",17,"environmental engineering and economics",0,5,5,47,4,5,3,7,2,6,50,"W_exp",47
"42qlc5nb","5ogs5ura","M_exp_W_exp","portfolio_2026-09-16.csv","bothe_2","bothe_2__g2","Man",22,"business",4.4,5,5,47,4,4,4,4,4,4,100,"W_exp",100
"jw6ngkbn","5ogs5ura","M_exp_W_exp","portfolio_2026-09-16.csv","bothe_2","bothe_2__g2","Man",18,"DSAI",4.57,10,5,47,7,6,6,6,5,2,100,"W_exp",50
"booloaq9","5ogs5ura","M_exp_W_exp","portfolio_2026-09-16.csv","bothe_2","bothe_2__g2","Man",18,"Economics",0,5,5,47,7,3,7,5,6,2,100,"W_exp",50
"2pc7nfit","5ogs5ura","M_exp_W_exp","portfolio_2026-09-16.csv","bothe_2","bothe_2__g2","Man",20,"mechanical engineering ",5,5,5,47,7,2,6,2,7,4,80,"W_exp",70
"t7rx3zw3","5ogs5ura","M_exp_W_exp","portfolio_2026-09-16.csv","bothe_2","bothe_2__g3","Woman",22,"Electronics",0,5,5,47,7,1,7,4,7,1,50,"W_exp",60
"p48n4bh0","5ogs5ura","M_exp_W_exp","portfolio_2026-09-16.csv","bothe_2","bothe_2__g3","Man",22,"Computer Science",0,10,100,4,7,1,7,1,7,1,50,"W_exp",50
"folcs8ow","5ogs5ura","M_exp_W_exp","portfolio_2026-09-16.csv","bothe_2","bothe_2__g3","Woman",22,"signal processing",4,5,5,47,5,6,7,2,7,1,100,"W_exp",40
"cfp8kvc9","5ogs5ura","M_exp_W_exp","portfolio_2026-09-16.csv","bothe_2","bothe_2__g3","Man",19,"EEE",4.58,5,100,24,7,4,6,2,6,2,50,"W_exp",35
"tt26hkpl","5ogs5ura","M_exp_W_exp","portfolio_2026-09-16.csv","bothe_2","bothe_2__g3","Man",19,"CBE",4.72,10,5,47,6,5,6,2,5,2,100,"W_exp",50
"jfy8jxqv","5ogs5ura","M_exp_W_exp","portfolio_2026-09-16.csv","bothe_2","bothe_2__g4","Woman",19,"Economics",0,60,5,24,5,2,6,2,6,2,70,"M_exp",80
"eveqm1ww","5ogs5ura","M_exp_W_exp","portfolio_2026-09-16.csv","bothe_2","bothe_2__g4","Man",21,"EEE",4.07,5,5,47,4,4,5,3,3,5,75,"M_exp",25
"1dtln5rg","5ogs5ura","M_exp_W_exp","portfolio_2026-09-16.csv","bothe_2","bothe_2__g4","Man",19,"Computer Science",0,5,5,47,7,1,7,1,7,1,100,"M_exp",50
"5ltpvdck","5ogs5ura","M_exp_W_exp","portfolio_2026-09-16.csv","bothe_2","bothe_2__g4","Man",19,"CBE",4.7,5,5,47,7,1,7,1,7,1,100,"M_exp",50
"ic1ocjv5","5ogs5ura","M_exp_W_exp","portfolio_2026-09-16.csv","bothe_2","bothe_2__g4","Man",28,"Economics",3,5,5,47,4,4,4,4,4,4,100,"M_exp",50
"zd9eakrm","5ogs5ura","M_exp_W_exp","portfolio_2026-09-16.csv","bothe_2","bothe_2__g5","Man",20,"EEE",0,5,5,47,6,4,4,2,6,5,100,"W_exp",50
"8tpz5m2a","5ogs5ura","M_exp_W_exp","portfolio_2026-09-16.csv","bothe_2","bothe_2__g5","Man",23,"MAEO",4.43,5,5,47,7,6,7,6,7,1,50,"W_exp",50
"wfmdx2nb","5ogs5ura","M_exp_W_exp","portfolio_2026-09-16.csv","bothe_2","bothe_2__g5","Man",19,"computer science",5,5,5,47,2,3,3,2,5,3,75,"W_exp",53
"y40upi5t","5ogs5ura","M_exp_W_exp","portfolio_2026-09-16.csv","bothe_2","bothe_2__g5","Woman",19,"Electrical and Electronic Engineering",3.9,5,5,47,6,5,7,1,6,3,100,"W_exp",55
"s6nkestj","5ogs5ura","M_exp_W_exp","portfolio_2026-09-16.csv","bothe_2","bothe_2__g5","Woman",20,"chemical and biomolecular engineering ",3.5,50,5,47,7,7,7,1,7,1,100,"W_exp",75
"msd1f2iu","ckhtfa5u","M_no_W_no","portfolio_2026-09-16.csv","bothno_1","bothno_1__g1","Woman",19,"Economics",0,9,5,47,6,4,7,2,3,1,100,"M_no",80
"omrf04k4","ckhtfa5u","M_no_W_no","portfolio_2026-09-16.csv","bothno_1","bothno_1__g1","Man",23,"INFORMATION ENGINEERING & MEDIA",3,5,5,47,6,3,7,1,6,2,50,"M_no",50
"duzxv1is","ckhtfa5u","M_no_W_no","portfolio_2026-09-16.csv","bothno_1","bothno_1__g1","Woman",23,"Economics",4.67,5,5,47,6,2,6,2,6,2,100,"M_no",45
"znk2pevv","ckhtfa5u","M_no_W_no","portfolio_2026-09-16.csv","bothno_1","bothno_1__g1","Woman",19,"Finance",4.75,2,5,47,6,4,6,3,6,3,100,"M_no",50
"rv5b38em","ckhtfa5u","M_no_W_no","portfolio_2026-09-16.csv","bothno_1","bothno_1__g1","Woman",23,"Engineering",4,5,100,24,7,1,7,1,7,1,100,"M_no",75
"z7t2lpyk","ckhtfa5u","M_no_W_no","portfolio_2026-09-16.csv","bothno_1","bothno_1__g2","Man",22,"econ",4,5,5,47,6,6,6,2,3,2,80,"W_no",86
"dwx0my9x","ckhtfa5u","M_no_W_no","portfolio_2026-09-16.csv","bothno_1","bothno_1__g2","Woman",17,"EEE",4,5,5,47,6,7,7,5,7,2,70,"W_no",50
"uhxz6pjz","ckhtfa5u","M_no_W_no","portfolio_2026-09-16.csv","bothno_1","bothno_1__g2","Man",19,"Civil Engineering",3.5,5,5,47,6,5,6,4,6,3,100,"W_no",50
"r39x605k","ckhtfa5u","M_no_W_no","portfolio_2026-09-16.csv","bothno_1","bothno_1__g2","Man",27,"Mechanical Engineering",3.7,5,5,47,5,6,5,5,3,5,100,"W_no",55
"yhliw46v","ckhtfa5u","M_no_W_no","portfolio_2026-09-16.csv","bothno_1","bothno_1__g2","Man",20,"EEE",0,5,5,47,5,3,6,2,3,5,90,"W_no",50
"7abl389c","ckhtfa5u","M_no_W_no","portfolio_2026-09-16.csv","bothno_1","bothno_1__g3","Man",21,"Physics",4.69,5,5,47,4,4,6,2,6,2,100,"W_no",50
"6kns3oml","ckhtfa5u","M_no_W_no","portfolio_2026-09-16.csv","bothno_1","bothno_1__g3","Man",23,"EEE",0,5,5,24,7,1,7,1,7,1,80,"W_no",50
"pp2e4xx5","ckhtfa5u","M_no_W_no","portfolio_2026-09-16.csv","bothno_1","bothno_1__g3","Woman",19,"Business",0,5,5,24,4,5,6,2,6,2,50,"W_no",51
"jid9ui4f","ckhtfa5u","M_no_W_no","portfolio_2026-09-16.csv","bothno_1","bothno_1__g3","Woman",20,"Computer Engineer",0,5,5,47,4,4,4,4,7,1,80,"W_no",70
"grwzfvbr","ckhtfa5u","M_no_W_no","portfolio_2026-09-16.csv","bothno_1","bothno_1__g3","Man",19,"Computer Science",5,0,5,47,6,5,7,2,7,2,95,"W_no",50
"yxcpp681","ckhtfa5u","M_no_W_no","portfolio_2026-09-16.csv","bothno_1","bothno_1__g4","Man",20,"EEE",0,5,5,36,4,4,7,2,7,1,60,"W_no",55
"09bse981","ckhtfa5u","M_no_W_no","portfolio_2026-09-16.csv","bothno_1","bothno_1__g4","Woman",18,"EEE",0,5,5,47,1,4,7,4,7,2,99,"W_no",31
"2p0bevly","ckhtfa5u","M_no_W_no","portfolio_2026-09-16.csv","bothno_1","bothno_1__g4","Woman",18,"Economics",4.4,5,2000,12,7,6,7,1,7,1,100,"W_no",50
"raavz353","ckhtfa5u","M_no_W_no","portfolio_2026-09-16.csv","bothno_1","bothno_1__g4","Woman",21,"Materials Engineering",4.31,5,5,47,4,4,4,4,4,4,90,"W_no",68
"6rdutaoz","ckhtfa5u","M_no_W_no","portfolio_2026-09-16.csv","bothno_1","bothno_1__g4","Woman",19,"PPMJ",0,10,5,24,7,5,7,2,7,3,70,"W_no",70
"21anldsa","ckhtfa5u","M_no_W_no","portfolio_2026-09-16.csv","bothno_1","bothno_1__g5","Man",21,"Computer Science",4.34,5,5,47,7,1,7,1,7,1,100,"M_no",50
"3mjtjuou","ckhtfa5u","M_no_W_no","portfolio_2026-09-16.csv","bothno_1","bothno_1__g5","Woman",20,"Psychology",3.56,5,5,47,6,7,6,1,5,3,100,"M_no",20
"5jtwpe9d","ckhtfa5u","M_no_W_no","portfolio_2026-09-16.csv","bothno_1","bothno_1__g5","Man",22,"EEE",0,5,5,47,7,5,7,5,7,1,100,"M_no",50
"s16bmsk2","ckhtfa5u","M_no_W_no","portfolio_2026-09-16.csv","bothno_1","bothno_1__g5","Man",20,"Chemical and Biomolecular Engineering",0,5,5,47,7,1,7,1,7,1,50,"M_no",50
"sjw641j3","ckhtfa5u","M_no_W_no","portfolio_2026-09-16.csv","bothno_1","bothno_1__g5","Woman",19,"economics and psychology",0,10,5,47,6,6,6,3,5,2,75,"M_no",70
"o7pccht6","6c2og0cw","M_no_W_no","portfolio_2026-09-16.csv","botno_2","botno_2__g1","Man",20,"Civil Engineering",0,3,100,47,7,7,7,1,5,2,99,"M_no",50
"xlysi5bz","6c2og0cw","M_no_W_no","portfolio_2026-09-16.csv","botno_2","botno_2__g1","Woman",20,"Economics",3.9,1,5,47,6,6,6,3,6,3,100,"M_no",30
"ktzkk4b7","6c2og0cw","M_no_W_no","portfolio_2026-09-16.csv","botno_2","botno_2__g1","Man",18,"Banking and Finance",4,5,5,47,7,1,7,1,7,1,100,"M_no",0
"unt4hlph","6c2og0cw","M_no_W_no","portfolio_2026-09-16.csv","botno_2","botno_2__g1","Woman",19,"Accountancy",0,10,100,24,5,5,6,1,7,1,50,"M_no",20
"e3o1p3e6","6c2og0cw","M_no_W_no","portfolio_2026-09-16.csv","botno_2","botno_2__g1","Man",19,"Computer Science",4.3,10,5,47,5,6,6,3,5,3,75,"M_no",50
"0nzm25g8","6c2og0cw","M_no_W_no","portfolio_2026-09-16.csv","botno_2","botno_2__g2","Man",19,"Mechanical Engineering",4.5,10,5,47,5,6,6,1,5,5,50,"M_no",50
"f8ff6plt","6c2og0cw","M_no_W_no","portfolio_2026-09-16.csv","botno_2","botno_2__g2","Man",20,"EEE",4.62,5,5,35,6,6,6,2,6,2,100,"M_no",50
"poc3kn08","6c2og0cw","M_no_W_no","portfolio_2026-09-16.csv","botno_2","botno_2__g2","Woman",20,"Accountancy",0,5,100,24,6,7,7,7,7,5,60,"M_no",50
"z9zrwosz","6c2og0cw","M_no_W_no","portfolio_2026-09-16.csv","botno_2","botno_2__g2","Man",20,"robotics engineering",5,5,5,47,6,2,6,2,6,3,100,"M_no",60
"yldmtmxh","6c2og0cw","M_no_W_no","portfolio_2026-09-16.csv","botno_2","botno_2__g2","Woman",19,"Business",0,5,5,24,7,4,7,1,7,1,50,"M_no",45
"bjw1ymg6","6c2og0cw","M_no_W_no","portfolio_2026-09-16.csv","botno_2","botno_2__g3","Man",41,"EEE",3.51,10,5,47,7,2,7,1,3,5,100,"M_no",75
"dxg47gml","6c2og0cw","M_no_W_no","portfolio_2026-09-16.csv","botno_2","botno_2__g3","Man",19,"EEE",4.6,5,5,47,7,4,7,2,6,5,80,"M_no",45
"t47t8m59","6c2og0cw","M_no_W_no","portfolio_2026-09-16.csv","botno_2","botno_2__g3","Man",20,"EEE",0,5,5,47,6,6,7,2,2,2,50,"M_no",50
"2epyouig","6c2og0cw","M_no_W_no","portfolio_2026-09-16.csv","botno_2","botno_2__g3","Man",22,"AEROSPACE ENGINEERING",0,5,5,14,6,2,6,1,6,2,100,"M_no",70
"107rd682","6c2og0cw","M_no_W_no","portfolio_2026-09-16.csv","botno_2","botno_2__g3","Man",20,"Electrical and Electronic Engineering",0,5,500,47,7,2,7,1,7,1,100,"M_no",50
"6xyzc64h","6c2og0cw","M_no_W_no","portfolio_2026-09-16.csv","botno_2","botno_2__g4","Man",19,"EEE",5,5,5,47,4,4,4,4,4,4,100,"W_no",50
"566nkyxt","6c2og0cw","M_no_W_no","portfolio_2026-09-16.csv","botno_2","botno_2__g4","Man",20,"IEM",0,5,5,47,7,4,4,4,1,1,100,"W_no",50
"uv69jk1p","6c2og0cw","M_no_W_no","portfolio_2026-09-16.csv","botno_2","botno_2__g4","Man",19,"EEE",3.8,5,5,47,7,5,6,6,6,7,100,"W_no",50
"thfu25ei","6c2og0cw","M_no_W_no","portfolio_2026-09-16.csv","botno_2","botno_2__g4","Man",18,"Business (Single Major)",5,5,100,12,4,4,5,3,3,5,100,"W_no",48
"008uq8bs","6c2og0cw","M_no_W_no","portfolio_2026-09-16.csv","botno_2","botno_2__g4","Man",22,"CBE",5,10,5,47,4,4,4,4,4,4,100,"W_no",60
"o4da1gkl","6c2og0cw","M_no_W_no","portfolio_2026-09-16.csv","botno_2","botno_2__g5","Woman",19,"Psychology",0,5,5,24,4,4,6,2,6,2,65,"W_no",55
"ilc2oqlq","6c2og0cw","M_no_W_no","portfolio_2026-09-16.csv","botno_2","botno_2__g5","Man",19,"EEE",0,5,5,47,4,4,4,4,4,4,100,"W_no",50
"qcu0td0m","6c2og0cw","M_no_W_no","portfolio_2026-09-16.csv","botno_2","botno_2__g5","Man",18,"COMPUTER ENGINEERING",5,10,5,47,7,2,6,2,6,1,100,"W_no",50
"zcjv164s","6c2og0cw","M_no_W_no","portfolio_2026-09-16.csv","botno_2","botno_2__g5","Woman",20,"Chemical Engineering",5,5,5,24,7,3,5,2,6,5,50,"W_no",25
"3g7fmbdb","6c2og0cw","M_no_W_no","portfolio_2026-09-16.csv","botno_2","botno_2__g5","Man",21,"COMPUTER SCIENCE",0,5,5,1,7,4,7,1,7,4,90,"W_no",33
"2vm7punw","nadt5tbu","M_exp_W_no","portfolio_2026-09-14.csv","MeWno_1","MeWno_1__g1","Man",19,"Civil Engineering",4.97,5,5,47,7,4,7,4,7,3,50,"M_exp",60
"wfmrxna9","nadt5tbu","M_exp_W_no","portfolio_2026-09-14.csv","MeWno_1","MeWno_1__g1","Man",21,"Electrical and Electronics Engineering",4.64,5,5,47,7,4,7,4,7,1,100,"M_exp",100
"s57od4iz","nadt5tbu","M_exp_W_no","portfolio_2026-09-14.csv","MeWno_1","MeWno_1__g1","Woman",22,"applied economics",0,5,5,47,4,2,5,2,6,2,50,"M_exp",70
"sem2q323","nadt5tbu","M_exp_W_no","portfolio_2026-09-14.csv","MeWno_1","MeWno_1__g1","Man",22,"economics and data science",3.99,5,5,47,7,1,7,1,7,1,100,"M_exp",95
"pmhhauc6","nadt5tbu","M_exp_W_no","portfolio_2026-09-14.csv","MeWno_1","MeWno_1__g1","Woman",18,"EEE",4,5,5,47,7,2,7,2,7,1,100,"M_exp",45
"bc7n6071","nadt5tbu","M_exp_W_no","portfolio_2026-09-14.csv","MeWno_1","MeWno_1__g2","Man",24,"CCDS",4.2,10,5,47,6,6,7,6,2,6,100,"W_no",35
"j2qhej8d","nadt5tbu","M_exp_W_no","portfolio_2026-09-14.csv","MeWno_1","MeWno_1__g2","Man",19,"Materials Engineering",5,5,5,47,6,3,6,2,6,3,50,"W_no",33
"nt0omp7o","nadt5tbu","M_exp_W_no","portfolio_2026-09-14.csv","MeWno_1","MeWno_1__g2","Man",23,"EEE",3.4,5,5,47,6,3,5,3,6,2,99,"W_no",30
"3vy48gux","nadt5tbu","M_exp_W_no","portfolio_2026-09-14.csv","MeWno_1","MeWno_1__g2","Woman",20,"biological sciences",4.81,105,5,24,7,6,7,2,7,2,65,"W_no",35
"zzkx5xsm","nadt5tbu","M_exp_W_no","portfolio_2026-09-14.csv","MeWno_1","MeWno_1__g2","Woman",18,"Biological Sciences",0,5,5,47,7,5,7,2,7,1,100,"W_no",33
"qd0f31id","nadt5tbu","M_exp_W_no","portfolio_2026-09-14.csv","MeWno_1","MeWno_1__g3","Woman",18,"EEE",4.7,5,5,47,6,2,7,3,6,5,50,"W_no",34
"gllc2565","nadt5tbu","M_exp_W_no","portfolio_2026-09-14.csv","MeWno_1","MeWno_1__g3","Man",22,"Mechanical Engineering",3.6,5,5,47,7,2,7,1,7,1,60,"W_no",0
"k6q3olvt","nadt5tbu","M_exp_W_no","portfolio_2026-09-14.csv","MeWno_1","MeWno_1__g3","Woman",23,"Maritime Studies",4.1,5,100,24,7,7,7,2,7,1,70,"W_no",40
"h7g9h66e","nadt5tbu","M_exp_W_no","portfolio_2026-09-14.csv","MeWno_1","MeWno_1__g3","Man",25,"mechanical engineering",4,5,5,47,5,4,4,2,2,4,100,"W_no",32
"ch700ni6","nadt5tbu","M_exp_W_no","portfolio_2026-09-14.csv","MeWno_1","MeWno_1__g3","Man",22,"Maritime Studies and International Trading",4.46,5,5,47,6,2,6,2,6,3,100,"W_no",45
"5doee2qb","nadt5tbu","M_exp_W_no","portfolio_2026-09-14.csv","MeWno_1","MeWno_1__g4","Man",18,"Data Science and Artificial Intelligience",0,5,2000,16,2,3,2,5,5,4,100,"W_no",10
"fjk39fjv","nadt5tbu","M_exp_W_no","portfolio_2026-09-14.csv","MeWno_1","MeWno_1__g4","Woman",21,"Biological Sciences",4.53,5,100,47,7,5,6,1,7,3,60,"W_no",30
"uv9wmkop","nadt5tbu","M_exp_W_no","portfolio_2026-09-14.csv","MeWno_1","MeWno_1__g4","Man",19,"EEE",0,10,5,47,6,4,6,5,3,5,50,"W_no",67
"tdb9pvu4","nadt5tbu","M_exp_W_no","portfolio_2026-09-14.csv","MeWno_1","MeWno_1__g4","Man",19,"Electrical and Electronic Engineering",4.74,5,5,47,6,5,6,3,6,2,100,"W_no",25
"vlzegfsh","nadt5tbu","M_exp_W_no","portfolio_2026-09-14.csv","MeWno_1","MeWno_1__g4","Man",19,"Mechanical Engineering",0,5,5,47,6,6,6,2,6,2,100,"W_no",25
"vijmhlvg","nadt5tbu","M_exp_W_no","portfolio_2026-09-14.csv","MeWno_1","MeWno_1__g5","Man",18,"Civil Engineering",4.87,5,5,47,4,4,6,4,4,4,50,"M_exp",100
"8e240a8t","nadt5tbu","M_exp_W_no","portfolio_2026-09-14.csv","MeWno_1","MeWno_1__g5","Woman",22,"Economics",3.5,5,5,47,7,1,7,1,7,1,100,"M_exp",80
"djq10sre","nadt5tbu","M_exp_W_no","portfolio_2026-09-14.csv","MeWno_1","MeWno_1__g5","Man",18,"CSC",4.18,5,4,47,7,2,7,2,7,2,100,"M_exp",56
"1rm0kasi","nadt5tbu","M_exp_W_no","portfolio_2026-09-14.csv","MeWno_1","MeWno_1__g5","Man",19,"Computer Science",3.48,5,5,47,4,7,5,6,5,4,80,"M_exp",37
"5ddpdjuo","nadt5tbu","M_exp_W_no","portfolio_2026-09-14.csv","MeWno_1","MeWno_1__g5","Woman",18,"Economics",0,5,100,47,7,2,7,1,7,1,100,"M_exp",75
"cfn8fv6w","99iosefo","M_exp_W_no","portfolio_2026-09-14.csv","MeWno_2","MeWno_2__g1","Woman",18,"ECONOMICS",0,5,5,36,7,4,7,4,7,1,80,"M_exp",55
"a1q00v4p","99iosefo","M_exp_W_no","portfolio_2026-09-14.csv","MeWno_2","MeWno_2__g1","Man",21,"Chemical Engineering",3.5,5,5,47,6,5,6,4,4,4,100,"M_exp",67
"rucumqi6","99iosefo","M_exp_W_no","portfolio_2026-09-14.csv","MeWno_2","MeWno_2__g1","Woman",19,"Economics",5,5,5,47,7,1,7,1,7,1,89,"M_exp",65
"lbzqe7lh","99iosefo","M_exp_W_no","portfolio_2026-09-14.csv","MeWno_2","MeWno_2__g1","Man",21,"Electrical and Electronic Engineering",4.86,5,5,47,2,3,5,3,3,4,50,"M_exp",75
"i42igenv","99iosefo","M_exp_W_no","portfolio_2026-09-14.csv","MeWno_2","MeWno_2__g1","Woman",19,"Mechanical Engineering",0,5,5,47,7,4,5,1,7,2,70,"M_exp",28
"2nkc141x","99iosefo","M_exp_W_no","portfolio_2026-09-14.csv","MeWno_2","MeWno_2__g2","Man",22,"ECBU",0,5,5,36,5,4,5,2,2,4,100,"W_no",20
"oqud1wxk","99iosefo","M_exp_W_no","portfolio_2026-09-14.csv","MeWno_2","MeWno_2__g2","Man",19,"Mechanical Engineering",4.5,5,5,47,7,3,7,2,7,2,50,"W_no",40
"a6q31ex7","99iosefo","M_exp_W_no","portfolio_2026-09-14.csv","MeWno_2","MeWno_2__g2","Woman",19,"Accountancy",0,1,100,24,6,2,6,2,6,2,80,"W_no",35
"o60mnzij","99iosefo","M_exp_W_no","portfolio_2026-09-14.csv","MeWno_2","MeWno_2__g2","Woman",19,"Economics",0,5,5,47,5,2,6,1,7,3,100,"W_no",60
"bnt5i99k","99iosefo","M_exp_W_no","portfolio_2026-09-14.csv","MeWno_2","MeWno_2__g2","Man",20,"Robotics ",4.9,5,5,47,7,2,7,3,6,2,100,"W_no",30
"zrywj9fx","99iosefo","M_exp_W_no","portfolio_2026-09-14.csv","MeWno_2","MeWno_2__g3","Man",22,"Biological Sciences",4.8,5,5,47,5,3,6,4,4,4,100,"M_exp",65
"i44g0thi","99iosefo","M_exp_W_no","portfolio_2026-09-14.csv","MeWno_2","MeWno_2__g3","Man",18,"Physics and Mathematical Sciences",4.04,5,5,47,7,1,7,2,7,1,50,"M_exp",60
"s9ryf5kv","99iosefo","M_exp_W_no","portfolio_2026-09-14.csv","MeWno_2","MeWno_2__g3","Woman",19,"Chemistry And Biological Chemistry",0,5,5,47,6,2,7,2,6,1,100,"M_exp",58
"oe31za5u","99iosefo","M_exp_W_no","portfolio_2026-09-14.csv","MeWno_2","MeWno_2__g3","Woman",18,"Economics with second major in Business",4.5,5,5,47,7,6,7,1,7,1,100,"M_exp",85
"v86y9zyn","99iosefo","M_exp_W_no","portfolio_2026-09-14.csv","MeWno_2","MeWno_2__g3","Man",19,"DSAI",4.79,5,5,47,5,6,6,3,5,3,100,"M_exp",85
"3p6ks3hb","99iosefo","M_exp_W_no","portfolio_2026-09-14.csv","MeWno_2","MeWno_2__g4","Woman",18,"econ",0,10,100,24,6,7,7,2,7,3,94,"M_exp",69
"y5kgtmfb","99iosefo","M_exp_W_no","portfolio_2026-09-14.csv","MeWno_2","MeWno_2__g4","Woman",20,"econ",4.6,5,5,47,7,2,7,1,7,2,100,"M_exp",75
"ebzeqzcf","99iosefo","M_exp_W_no","portfolio_2026-09-14.csv","MeWno_2","MeWno_2__g4","Man",22,"Economics and Data Science",4.91,5,5,47,6,5,6,4,6,4,100,"M_exp",67
"pb6d6kev","99iosefo","M_exp_W_no","portfolio_2026-09-14.csv","MeWno_2","MeWno_2__g4","Woman",18,"Biological Sciences",0,5,100,16,7,2,7,1,7,1,100,"M_exp",60
"m8xnbw73","99iosefo","M_exp_W_no","portfolio_2026-09-14.csv","MeWno_2","MeWno_2__g4","Woman",20,"Accountancy",4.3,5,5,12,7,4,7,2,6,2,100,"M_exp",68
"an9ihpoe","99iosefo","M_exp_W_no","portfolio_2026-09-14.csv","MeWno_2","MeWno_2__g5","Woman",19,"psychology",0,10,100,24,6,7,6,4,6,4,60,"W_no",30
"rbyuqaqn","99iosefo","M_exp_W_no","portfolio_2026-09-14.csv","MeWno_2","MeWno_2__g5","Woman",19,"business",0,10,100,24,7,7,7,1,7,1,100,"W_no",25
"3pb269ab","99iosefo","M_exp_W_no","portfolio_2026-09-14.csv","MeWno_2","MeWno_2__g5","Woman",20,"eee",3.47,10,100,24,7,4,7,1,7,1,89,"W_no",39
"ewpd3m8q","99iosefo","M_exp_W_no","portfolio_2026-09-14.csv","MeWno_2","MeWno_2__g5","Woman",19,"ECBU",0,2,100,96,5,3,7,3,7,4,100,"W_no",20
"0tv7bd9u","99iosefo","M_exp_W_no","portfolio_2026-09-14.csv","MeWno_2","MeWno_2__g5","Man",19,"ECBU",4.9,10,5,47,5,6,6,2,2,5,70,"W_no",20
"1c9g6x62","gykh8ja7","M_no_W_exp","portfolio_2026-09-14.csv","MnoWe_1","MnoWe_1__g1","Woman",20,"Sociology",0,5,20,7,7,2,7,2,7,1,100,"M_no",20
"7fakiwkr","gykh8ja7","M_no_W_exp","portfolio_2026-09-14.csv","MnoWe_1","MnoWe_1__g1","Man",19,"Computer Engineering",4.93,5,5,47,4,5,6,5,6,2,100,"M_no",50
"d4zd28hb","gykh8ja7","M_no_W_exp","portfolio_2026-09-14.csv","MnoWe_1","MnoWe_1__g1","Woman",21,"Computer Science",0,10,100,47,6,7,6,2,4,3,100,"M_no",40
"ja5c25rz","gykh8ja7","M_no_W_exp","portfolio_2026-09-14.csv","MnoWe_1","MnoWe_1__g1","Man",20,"ECON",4.33,5,100,24,4,4,7,1,7,3,100,"M_no",30
"oedddvhv","gykh8ja7","M_no_W_exp","portfolio_2026-09-14.csv","MnoWe_1","MnoWe_1__g1","Man",20,"Robotics Engineering",4.88,10,1,47,5,5,7,5,5,3,100,"M_no",20
"7q18nnfd","gykh8ja7","M_no_W_exp","portfolio_2026-09-14.csv","MnoWe_1","MnoWe_1__g2","Woman",19,"BSB",0,10,100,24,7,6,7,1,7,1,100,"W_exp",70
"03zce18q","gykh8ja7","M_no_W_exp","portfolio_2026-09-14.csv","MnoWe_1","MnoWe_1__g2","Woman",19,"Biomedical Science and BioBusiness",0,5,5,47,7,4,7,1,7,2,80,"W_exp",80
"wbs0fdl5","gykh8ja7","M_no_W_exp","portfolio_2026-09-14.csv","MnoWe_1","MnoWe_1__g2","Man",20,"EEE",0,5,5,47,5,6,5,6,6,4,50,"W_exp",88
"cqrngk2a","gykh8ja7","M_no_W_exp","portfolio_2026-09-14.csv","MnoWe_1","MnoWe_1__g2","Woman",18,"Data Science and AI",0,5,5,47,7,6,7,2,6,1,100,"W_exp",70
"259xsu1c","gykh8ja7","M_no_W_exp","portfolio_2026-09-14.csv","MnoWe_1","MnoWe_1__g2","Woman",20,"Computer Engineering",3,5,5,47,7,1,7,1,7,1,60,"W_exp",61
"xnss4pg0","gykh8ja7","M_no_W_exp","portfolio_2026-09-14.csv","MnoWe_1","MnoWe_1__g3","Man",20,"MAEO",0,5,5,47,7,6,7,6,7,1,50,"M_no",30
"5seuckqb","gykh8ja7","M_no_W_exp","portfolio_2026-09-14.csv","MnoWe_1","MnoWe_1__g3","Man",20,"Comp Engineering",0,10,5,47,6,6,6,4,4,4,67,"M_no",33
"hdnqitby","gykh8ja7","M_no_W_exp","portfolio_2026-09-14.csv","MnoWe_1","MnoWe_1__g3","Woman",22,"Computer Science",4,5,100,24,6,4,6,2,6,4,100,"M_no",33
"ss3joq82","gykh8ja7","M_no_W_exp","portfolio_2026-09-14.csv","MnoWe_1","MnoWe_1__g3","Woman",18,"public policy and global affairs",5,10,20,25,7,5,6,1,7,2,90,"M_no",42
"5wh6kzb3","gykh8ja7","M_no_W_exp","portfolio_2026-09-14.csv","MnoWe_1","MnoWe_1__g3","Woman",21,"applied economics",4.09,5,5,47,7,6,7,2,7,1,100,"M_no",38
"kh2preog","gykh8ja7","M_no_W_exp","portfolio_2026-09-14.csv","MnoWe_1","MnoWe_1__g4","Woman",19,"Chemical and Biomolecular Engineering",0,0,20,24,7,2,7,1,7,2,100,"W_exp",80
"ao798wr7","gykh8ja7","M_no_W_exp","portfolio_2026-09-14.csv","MnoWe_1","MnoWe_1__g4","Woman",18,"bssb",0,5,100,24,6,4,6,2,6,2,100,"W_exp",85
"3788h5gm","gykh8ja7","M_no_W_exp","portfolio_2026-09-14.csv","MnoWe_1","MnoWe_1__g4","Woman",19,"MS",0,5,5,47,7,1,7,1,7,2,100,"W_exp",75
"dk85qrmf","gykh8ja7","M_no_W_exp","portfolio_2026-09-14.csv","MnoWe_1","MnoWe_1__g4","Woman",21,"Economics",4.79,10,100,24,4,3,6,1,5,3,100,"W_exp",85
"qruijzzl","gykh8ja7","M_no_W_exp","portfolio_2026-09-14.csv","MnoWe_1","MnoWe_1__g4","Man",24,"Computer Science",4.13,5,5,24,6,4,6,4,5,5,100,"W_exp",100
"vlvkdjz0","gykh8ja7","M_no_W_exp","portfolio_2026-09-14.csv","MnoWe_1","MnoWe_1__g5","Man",19,"Mechanical Engineering",0,5,500,24,5,4,6,2,4,5,75,"M_no",45
"9n1v1smg","gykh8ja7","M_no_W_exp","portfolio_2026-09-14.csv","MnoWe_1","MnoWe_1__g5","Woman",19,"Biological Sciences",0,10,100,36,6,6,6,5,6,2,90,"M_no",20
"kw7jjs2b","gykh8ja7","M_no_W_exp","portfolio_2026-09-14.csv","MnoWe_1","MnoWe_1__g5","Man",20,"Maritime Studies",0,5,5,24,7,1,7,1,7,1,100,"M_no",20
"pop23w57","gykh8ja7","M_no_W_exp","portfolio_2026-09-14.csv","MnoWe_1","MnoWe_1__g5","Man",22,"Civil Engineering",4.65,10,5,47,7,5,7,6,6,4,100,"M_no",25
"cbc0ayyd","gykh8ja7","M_no_W_exp","portfolio_2026-09-14.csv","MnoWe_1","MnoWe_1__g5","Man",21,"ECPS",0,5,5,47,7,5,7,2,6,1,100,"M_no",50
"u4sl54xk","9l3zlzfa","M_no_W_exp","portfolio_2026-09-15.csv","MnoWe_2","MnoWe_2__g1","Man",18,"Electrical and Electronic Engineering",0,5,5,47,6,2,6,3,6,4,50,"M_no",40
"q2jobopa","9l3zlzfa","M_no_W_exp","portfolio_2026-09-15.csv","MnoWe_2","MnoWe_2__g1","Man",19,"Economics and Data Science",4.82,5,5,47,6,5,6,4,4,3,100,"M_no",40
"9xg7erl3","9l3zlzfa","M_no_W_exp","portfolio_2026-09-15.csv","MnoWe_2","MnoWe_2__g1","Woman",20,"bio sci",4.5,5,5,47,7,4,7,4,1,1,100,"M_no",30
"ixl976y0","9l3zlzfa","M_no_W_exp","portfolio_2026-09-15.csv","MnoWe_2","MnoWe_2__g1","Woman",19,"Economics and Data Science",0,5,5,47,6,4,7,3,7,2,80,"M_no",45
"nqlqeq8n","9l3zlzfa","M_no_W_exp","portfolio_2026-09-15.csv","MnoWe_2","MnoWe_2__g1","Woman",17,"Materials Science and Engineering",0,5,100,47,6,5,6,3,6,2,50,"M_no",49
"d10dwe1h","9l3zlzfa","M_no_W_exp","portfolio_2026-09-15.csv","MnoWe_2","MnoWe_2__g2","Man",17,"CS",0,5,100,30,6,6,6,6,6,6,60,"W_exp",70
"0yq0zebw","9l3zlzfa","M_no_W_exp","portfolio_2026-09-15.csv","MnoWe_2","MnoWe_2__g2","Man",19,"MSE",4.1,5,5,47,6,3,6,2,6,2,100,"W_exp",65
"7sfhy51b","9l3zlzfa","M_no_W_exp","portfolio_2026-09-15.csv","MnoWe_2","MnoWe_2__g2","Man",18,"CS",3.8,5,5,47,4,4,6,3,4,4,60,"W_exp",60
"pgjj4tqg","9l3zlzfa","M_no_W_exp","portfolio_2026-09-15.csv","MnoWe_2","MnoWe_2__g2","Woman",19,"Economics and Data Science",0,5,5,47,6,2,7,1,5,2,50,"W_exp",80
"z4s8evj8","9l3zlzfa","M_no_W_exp","portfolio_2026-09-15.csv","MnoWe_2","MnoWe_2__g2","Woman",17,"economics and data science",0,5,5,3,7,7,7,7,6,1,50,"W_exp",70
"e8h7gvii","9l3zlzfa","M_no_W_exp","portfolio_2026-09-15.csv","MnoWe_2","MnoWe_2__g3","Woman",18,"Bioengineering",0,5,5,24,7,5,6,4,6,2,50,"W_exp",70
"yt1cbpza","9l3zlzfa","M_no_W_exp","portfolio_2026-09-15.csv","MnoWe_2","MnoWe_2__g3","Woman",18,"Biological Sciences",0,5,5,47,7,5,7,1,7,1,100,"W_exp",65
"0i38ht6y","9l3zlzfa","M_no_W_exp","portfolio_2026-09-15.csv","MnoWe_2","MnoWe_2__g3","Woman",19,"Economics and Data Science",4.5,5,5,47,7,6,7,1,7,2,50,"W_exp",70
"xyqf41ao","9l3zlzfa","M_no_W_exp","portfolio_2026-09-15.csv","MnoWe_2","MnoWe_2__g3","Woman",18,"business",4,10,100,24,7,5,7,2,7,1,71,"W_exp",81
"g9pquzkd","9l3zlzfa","M_no_W_exp","portfolio_2026-09-15.csv","MnoWe_2","MnoWe_2__g3","Man",26,"EEE",2.9,10,100,24,7,4,7,2,6,4,90,"W_exp",90
"7ww48hi4","9l3zlzfa","M_no_W_exp","portfolio_2026-09-15.csv","MnoWe_2","MnoWe_2__g4","Woman",19,"Information engineering and media",0,5,100,47,7,5,7,1,7,1,90,"W_exp",88
"5fdw0rg1","9l3zlzfa","M_no_W_exp","portfolio_2026-09-15.csv","MnoWe_2","MnoWe_2__g4","Woman",18,"EEE",0,5,5,47,4,4,6,2,6,2,70,"W_exp",68
"h7o9v437","9l3zlzfa","M_no_W_exp","portfolio_2026-09-15.csv","MnoWe_2","MnoWe_2__g4","Woman",21,"ENVIRONMENTAL ENGINEERING",4.5,5,5,47,7,4,7,1,6,1,100,"W_exp",100
"9mimenbo","9l3zlzfa","M_no_W_exp","portfolio_2026-09-15.csv","MnoWe_2","MnoWe_2__g4","Woman",19,"Accounting",4.8,5,10,47,7,1,7,1,7,1,50,"W_exp",85
"hn8non3y","9l3zlzfa","M_no_W_exp","portfolio_2026-09-15.csv","MnoWe_2","MnoWe_2__g4","Man",22,"Mechanical Engineering",4.58,5,5,47,5,5,5,5,3,5,100,"W_exp",65
"x06ipo6j","9l3zlzfa","M_no_W_exp","portfolio_2026-09-15.csv","MnoWe_2","MnoWe_2__g5","Woman",19,"Business",0,10,5,47,4,4,5,1,7,1,85,"M_no",57
"n9iynxtq","9l3zlzfa","M_no_W_exp","portfolio_2026-09-15.csv","MnoWe_2","MnoWe_2__g5","Man",20,"Economics and Data Science",5,5,5,47,7,4,6,4,4,3,50,"M_no",43
"diqkyqqr","9l3zlzfa","M_no_W_exp","portfolio_2026-09-15.csv","MnoWe_2","MnoWe_2__g5","Man",22,"ME",4.5,5,5,47,3,5,3,5,3,5,50,"M_no",40
"hi0vl1bf","9l3zlzfa","M_no_W_exp","portfolio_2026-09-15.csv","MnoWe_2","MnoWe_2__g5","Man",21,"Bioengineering",4.28,5,5,47,7,1,7,1,7,1,100,"M_no",40
"u3a33dgt","9l3zlzfa","M_no_W_exp","portfolio_2026-09-15.csv","MnoWe_2","MnoWe_2__g5","Man",19,"Mechanical Engineering",5,10,5,47,4,4,4,4,4,4,100,"M_no",0
"fwrj2jat","gmregd6v","M_exp_W_exp","portfolio_2026-09-15.csv","bothe_1","bothe_1__g1","Man",18,"CS",4.2,10,20,47,7,1,7,5,7,1,50,"M_exp",50
"0vigghqi","gmregd6v","M_exp_W_exp","portfolio_2026-09-15.csv","bothe_1","bothe_1__g1","Woman",18,"Chemical and Biomolecular Engineering",0,5,5,36,7,3,7,2,6,3,100,"M_exp",50
"xu6xugdp","gmregd6v","M_exp_W_exp","portfolio_2026-09-15.csv","bothe_1","bothe_1__g1","Man",18,"CBE",0,0,5,47,4,4,4,4,4,4,100,"M_exp",50
"9nn00jux","gmregd6v","M_exp_W_exp","portfolio_2026-09-15.csv","bothe_1","bothe_1__g1","Man",20,"eee",4.2,5,3,47,4,4,4,4,4,4,100,"M_exp",50
"d8azp69w","gmregd6v","M_exp_W_exp","portfolio_2026-09-15.csv","bothe_1","bothe_1__g1","Man",19,"Mathematics and Economics",4.03,5,100,47,7,5,5,4,7,1,50,"M_exp",50
"g5ct4rg0","gmregd6v","M_exp_W_exp","portfolio_2026-09-15.csv","bothe_1","bothe_1__g2","Man",20,"civil engineering",4,5,5,36,4,5,4,5,6,3,100,"M_exp",79
"utr109q6","gmregd6v","M_exp_W_exp","portfolio_2026-09-15.csv","bothe_1","bothe_1__g2","Man",20,"MSE",4.5,5,5,47,7,2,7,2,7,2,100,"M_exp",40
"uza1lz8f","gmregd6v","M_exp_W_exp","portfolio_2026-09-15.csv","bothe_1","bothe_1__g2","Man",22,"Computer Engineering",4.29,5,5,47,3,5,7,1,5,3,100,"M_exp",40
"3z6ed32t","gmregd6v","M_exp_W_exp","portfolio_2026-09-15.csv","bothe_1","bothe_1__g2","Man",21,"Computer Engineering",0,5,5,47,7,3,7,1,7,3,100,"M_exp",100
"pzsakpjx","gmregd6v","M_exp_W_exp","portfolio_2026-09-15.csv","bothe_1","bothe_1__g2","Woman",19,"Civil Engineering",3.54,5,5,47,7,3,7,5,7,1,100,"M_exp",50
"h4hoh39u","gmregd6v","M_exp_W_exp","portfolio_2026-09-15.csv","bothe_1","bothe_1__g3","Woman",16,"Environmental Engineering",0,5,5,47,7,4,7,1,7,2,50,"M_exp",55
"jzoxfyc2","gmregd6v","M_exp_W_exp","portfolio_2026-09-15.csv","bothe_1","bothe_1__g3","Man",24,"Computer Engineering",4.23,5,5,47,7,6,6,2,6,3,100,"M_exp",50
"dqn940v4","gmregd6v","M_exp_W_exp","portfolio_2026-09-15.csv","bothe_1","bothe_1__g3","Man",19,"BASA",4,5,5,47,4,3,4,3,5,4,60,"M_exp",40
"5l1yk0gm","gmregd6v","M_exp_W_exp","portfolio_2026-09-15.csv","bothe_1","bothe_1__g3","Man",19,"civil engineering ",3.5,10,5,36,6,5,7,4,4,3,60,"M_exp",49
"3fdg4ref","gmregd6v","M_exp_W_exp","portfolio_2026-09-15.csv","bothe_1","bothe_1__g3","Woman",19,"CBE",3.5,5,5,47,6,4,6,3,6,3,50,"M_exp",40
"iliayit3","gmregd6v","M_exp_W_exp","portfolio_2026-09-15.csv","bothe_1","bothe_1__g4","Man",19,"data science",0,5,5,47,4,4,5,4,4,4,100,"W_exp",50
"hpzf5xgg","gmregd6v","M_exp_W_exp","portfolio_2026-09-15.csv","bothe_1","bothe_1__g4","Woman",19,"communication studies",0,5,1,24,7,1,7,1,7,1,100,"W_exp",69
"3th28718","gmregd6v","M_exp_W_exp","portfolio_2026-09-15.csv","bothe_1","bothe_1__g4","Woman",19,"Information Engineering and Media",0,3,5,24,7,1,7,1,7,1,100,"W_exp",50
"hh695q6a","gmregd6v","M_exp_W_exp","portfolio_2026-09-15.csv","bothe_1","bothe_1__g4","Man",20,"Sociology",0,5,5,47,7,5,7,5,7,1,100,"W_exp",50
"2w7wmunp","gmregd6v","M_exp_W_exp","portfolio_2026-09-15.csv","bothe_1","bothe_1__g4","Woman",16,"business",0,1,100,24,7,5,7,2,7,1,50,"W_exp",38
"2fon3kdf","gmregd6v","M_exp_W_exp","portfolio_2026-09-15.csv","bothe_1","bothe_1__g5","Man",21,"Acccountancy",5,5,5,47,7,1,6,1,7,2,70,"W_exp",40
"0vm37wcl","gmregd6v","M_exp_W_exp","portfolio_2026-09-15.csv","bothe_1","bothe_1__g5","Woman",18,"MATH",0,5,5,24,7,6,7,1,7,1,100,"W_exp",50
"9902h2kd","gmregd6v","M_exp_W_exp","portfolio_2026-09-15.csv","bothe_1","bothe_1__g5","Man",19,"Civil Engineering",4,5,5,47,7,6,7,1,7,5,99,"W_exp",10
"snwy0w01","gmregd6v","M_exp_W_exp","portfolio_2026-09-15.csv","bothe_1","bothe_1__g5","Man",22,"CE",4.56,5,5,47,6,5,6,5,4,2,100,"W_exp",50
"yaickank","gmregd6v","M_exp_W_exp","portfolio_2026-09-15.csv","bothe_1","bothe_1__g5","Man",21,"IEM ",0,5,5,47,7,6,7,6,6,3,56,"W_exp",55
"qvfebldb","5ogs5ura","M_exp_W_exp","portfolio_2026-09-16.csv","bothe_2","bothe_2__g1","Man",21,"Computer Science",4.51,5,4,47,3,6,6,3,3,3,100,"M_exp",90
"vbjq2y24","5ogs5ura","M_exp_W_exp","portfolio_2026-09-16.csv","bothe_2","bothe_2__g1","Woman",21,"APPLIED ECONOMICS",0,5,5,47,7,4,7,1,7,3,99,"M_exp",50
"fjbh3h2b","5ogs5ura","M_exp_W_exp","portfolio_2026-09-16.csv","bothe_2","bothe_2__g1","Man",20,"CCA",0,5,5,47,4,4,6,2,3,2,75,"M_exp",55
"j0v5am99","5ogs5ura","M_exp_W_exp","portfolio_2026-09-16.csv","bothe_2","bothe_2__g1","Woman",21,"Physics",4,5,5,35,7,6,7,1,7,1,85,"M_exp",22
"wz4uvd97","5ogs5ura","M_exp_W_exp","portfolio_2026-09-16.csv","bothe_2","bothe_2__g1","Woman",22,"Accounting",4.31,5,5,47,6,5,5,2,1,1,80,"M_exp",60
"bw46f79x","5ogs5ura","M_exp_W_exp","portfolio_2026-09-16.csv","bothe_2","bothe_2__g2","Man",17,"environmental engineering and economics",0,5,5,47,4,5,3,7,2,6,50,"M_exp",53
"42qlc5nb","5ogs5ura","M_exp_W_exp","portfolio_2026-09-16.csv","bothe_2","bothe_2__g2","Man",22,"business",4.4,5,5,47,4,4,4,4,4,4,100,"M_exp",0
"jw6ngkbn","5ogs5ura","M_exp_W_exp","portfolio_2026-09-16.csv","bothe_2","bothe_2__g2","Man",18,"DSAI",4.57,10,5,47,7,6,6,6,5,2,100,"M_exp",50
"booloaq9","5ogs5ura","M_exp_W_exp","portfolio_2026-09-16.csv","bothe_2","bothe_2__g2","Man",18,"Economics",0,5,5,47,7,3,7,5,6,2,100,"M_exp",50
"2pc7nfit","5ogs5ura","M_exp_W_exp","portfolio_2026-09-16.csv","bothe_2","bothe_2__g2","Man",20,"mechanical engineering ",5,5,5,47,7,2,6,2,7,4,80,"M_exp",30
"t7rx3zw3","5ogs5ura","M_exp_W_exp","portfolio_2026-09-16.csv","bothe_2","bothe_2__g3","Woman",22,"Electronics",0,5,5,47,7,1,7,4,7,1,50,"M_exp",40
"p48n4bh0","5ogs5ura","M_exp_W_exp","portfolio_2026-09-16.csv","bothe_2","bothe_2__g3","Man",22,"Computer Science",0,10,100,4,7,1,7,1,7,1,50,"M_exp",50
"folcs8ow","5ogs5ura","M_exp_W_exp","portfolio_2026-09-16.csv","bothe_2","bothe_2__g3","Woman",22,"signal processing",4,5,5,47,5,6,7,2,7,1,100,"M_exp",60
"cfp8kvc9","5ogs5ura","M_exp_W_exp","portfolio_2026-09-16.csv","bothe_2","bothe_2__g3","Man",19,"EEE",4.58,5,100,24,7,4,6,2,6,2,50,"M_exp",65
"tt26hkpl","5ogs5ura","M_exp_W_exp","portfolio_2026-09-16.csv","bothe_2","bothe_2__g3","Man",19,"CBE",4.72,10,5,47,6,5,6,2,5,2,100,"M_exp",50
"jfy8jxqv","5ogs5ura","M_exp_W_exp","portfolio_2026-09-16.csv","bothe_2","bothe_2__g4","Woman",19,"Economics",0,60,5,24,5,2,6,2,6,2,70,"W_exp",20
"eveqm1ww","5ogs5ura","M_exp_W_exp","portfolio_2026-09-16.csv","bothe_2","bothe_2__g4","Man",21,"EEE",4.07,5,5,47,4,4,5,3,3,5,75,"W_exp",75
"1dtln5rg","5ogs5ura","M_exp_W_exp","portfolio_2026-09-16.csv","bothe_2","bothe_2__g4","Man",19,"Computer Science",0,5,5,47,7,1,7,1,7,1,100,"W_exp",50
"5ltpvdck","5ogs5ura","M_exp_W_exp","portfolio_2026-09-16.csv","bothe_2","bothe_2__g4","Man",19,"CBE",4.7,5,5,47,7,1,7,1,7,1,100,"W_exp",50
"ic1ocjv5","5ogs5ura","M_exp_W_exp","portfolio_2026-09-16.csv","bothe_2","bothe_2__g4","Man",28,"Economics",3,5,5,47,4,4,4,4,4,4,100,"W_exp",50
"zd9eakrm","5ogs5ura","M_exp_W_exp","portfolio_2026-09-16.csv","bothe_2","bothe_2__g5","Man",20,"EEE",0,5,5,47,6,4,4,2,6,5,100,"M_exp",50
"8tpz5m2a","5ogs5ura","M_exp_W_exp","portfolio_2026-09-16.csv","bothe_2","bothe_2__g5","Man",23,"MAEO",4.43,5,5,47,7,6,7,6,7,1,50,"M_exp",50
"wfmdx2nb","5ogs5ura","M_exp_W_exp","portfolio_2026-09-16.csv","bothe_2","bothe_2__g5","Man",19,"computer science",5,5,5,47,2,3,3,2,5,3,75,"M_exp",47
"y40upi5t","5ogs5ura","M_exp_W_exp","portfolio_2026-09-16.csv","bothe_2","bothe_2__g5","Woman",19,"Electrical and Electronic Engineering",3.9,5,5,47,6,5,7,1,6,3,100,"M_exp",45
"s6nkestj","5ogs5ura","M_exp_W_exp","portfolio_2026-09-16.csv","bothe_2","bothe_2__g5","Woman",20,"chemical and biomolecular engineering ",3.5,50,5,47,7,7,7,1,7,1,100,"M_exp",25
"msd1f2iu","ckhtfa5u","M_no_W_no","portfolio_2026-09-16.csv","bothno_1","bothno_1__g1","Woman",19,"Economics",0,9,5,47,6,4,7,2,3,1,100,"W_no",20
"omrf04k4","ckhtfa5u","M_no_W_no","portfolio_2026-09-16.csv","bothno_1","bothno_1__g1","Man",23,"INFORMATION ENGINEERING & MEDIA",3,5,5,47,6,3,7,1,6,2,50,"W_no",50
"duzxv1is","ckhtfa5u","M_no_W_no","portfolio_2026-09-16.csv","bothno_1","bothno_1__g1","Woman",23,"Economics",4.67,5,5,47,6,2,6,2,6,2,100,"W_no",55
"znk2pevv","ckhtfa5u","M_no_W_no","portfolio_2026-09-16.csv","bothno_1","bothno_1__g1","Woman",19,"Finance",4.75,2,5,47,6,4,6,3,6,3,100,"W_no",50
"rv5b38em","ckhtfa5u","M_no_W_no","portfolio_2026-09-16.csv","bothno_1","bothno_1__g1","Woman",23,"Engineering",4,5,100,24,7,1,7,1,7,1,100,"W_no",25
"z7t2lpyk","ckhtfa5u","M_no_W_no","portfolio_2026-09-16.csv","bothno_1","bothno_1__g2","Man",22,"econ",4,5,5,47,6,6,6,2,3,2,80,"M_no",14
"dwx0my9x","ckhtfa5u","M_no_W_no","portfolio_2026-09-16.csv","bothno_1","bothno_1__g2","Woman",17,"EEE",4,5,5,47,6,7,7,5,7,2,70,"M_no",50
"uhxz6pjz","ckhtfa5u","M_no_W_no","portfolio_2026-09-16.csv","bothno_1","bothno_1__g2","Man",19,"Civil Engineering",3.5,5,5,47,6,5,6,4,6,3,100,"M_no",50
"r39x605k","ckhtfa5u","M_no_W_no","portfolio_2026-09-16.csv","bothno_1","bothno_1__g2","Man",27,"Mechanical Engineering",3.7,5,5,47,5,6,5,5,3,5,100,"M_no",45
"yhliw46v","ckhtfa5u","M_no_W_no","portfolio_2026-09-16.csv","bothno_1","bothno_1__g2","Man",20,"EEE",0,5,5,47,5,3,6,2,3,5,90,"M_no",50
"7abl389c","ckhtfa5u","M_no_W_no","portfolio_2026-09-16.csv","bothno_1","bothno_1__g3","Man",21,"Physics",4.69,5,5,47,4,4,6,2,6,2,100,"M_no",50
"6kns3oml","ckhtfa5u","M_no_W_no","portfolio_2026-09-16.csv","bothno_1","bothno_1__g3","Man",23,"EEE",0,5,5,24,7,1,7,1,7,1,80,"M_no",50
"pp2e4xx5","ckhtfa5u","M_no_W_no","portfolio_2026-09-16.csv","bothno_1","bothno_1__g3","Woman",19,"Business",0,5,5,24,4,5,6,2,6,2,50,"M_no",49
"jid9ui4f","ckhtfa5u","M_no_W_no","portfolio_2026-09-16.csv","bothno_1","bothno_1__g3","Woman",20,"Computer Engineer",0,5,5,47,4,4,4,4,7,1,80,"M_no",30
"grwzfvbr","ckhtfa5u","M_no_W_no","portfolio_2026-09-16.csv","bothno_1","bothno_1__g3","Man",19,"Computer Science",5,0,5,47,6,5,7,2,7,2,95,"M_no",50
"yxcpp681","ckhtfa5u","M_no_W_no","portfolio_2026-09-16.csv","bothno_1","bothno_1__g4","Man",20,"EEE",0,5,5,36,4,4,7,2,7,1,60,"M_no",45
"09bse981","ckhtfa5u","M_no_W_no","portfolio_2026-09-16.csv","bothno_1","bothno_1__g4","Woman",18,"EEE",0,5,5,47,1,4,7,4,7,2,99,"M_no",69
"2p0bevly","ckhtfa5u","M_no_W_no","portfolio_2026-09-16.csv","bothno_1","bothno_1__g4","Woman",18,"Economics",4.4,5,2000,12,7,6,7,1,7,1,100,"M_no",50
"raavz353","ckhtfa5u","M_no_W_no","portfolio_2026-09-16.csv","bothno_1","bothno_1__g4","Woman",21,"Materials Engineering",4.31,5,5,47,4,4,4,4,4,4,90,"M_no",32
"6rdutaoz","ckhtfa5u","M_no_W_no","portfolio_2026-09-16.csv","bothno_1","bothno_1__g4","Woman",19,"PPMJ",0,10,5,24,7,5,7,2,7,3,70,"M_no",30
"21anldsa","ckhtfa5u","M_no_W_no","portfolio_2026-09-16.csv","bothno_1","bothno_1__g5","Man",21,"Computer Science",4.34,5,5,47,7,1,7,1,7,1,100,"W_no",50
"3mjtjuou","ckhtfa5u","M_no_W_no","portfolio_2026-09-16.csv","bothno_1","bothno_1__g5","Woman",20,"Psychology",3.56,5,5,47,6,7,6,1,5,3,100,"W_no",80
"5jtwpe9d","ckhtfa5u","M_no_W_no","portfolio_2026-09-16.csv","bothno_1","bothno_1__g5","Man",22,"EEE",0,5,5,47,7,5,7,5,7,1,100,"W_no",50
"s16bmsk2","ckhtfa5u","M_no_W_no","portfolio_2026-09-16.csv","bothno_1","bothno_1__g5","Man",20,"Chemical and Biomolecular Engineering",0,5,5,47,7,1,7,1,7,1,50,"W_no",50
"sjw641j3","ckhtfa5u","M_no_W_no","portfolio_2026-09-16.csv","bothno_1","bothno_1__g5","Woman",19,"economics and psychology",0,10,5,47,6,6,6,3,5,2,75,"W_no",30
"o7pccht6","6c2og0cw","M_no_W_no","portfolio_2026-09-16.csv","botno_2","botno_2__g1","Man",20,"Civil Engineering",0,3,100,47,7,7,7,1,5,2,99,"W_no",50
"xlysi5bz","6c2og0cw","M_no_W_no","portfolio_2026-09-16.csv","botno_2","botno_2__g1","Woman",20,"Economics",3.9,1,5,47,6,6,6,3,6,3,100,"W_no",70
"ktzkk4b7","6c2og0cw","M_no_W_no","portfolio_2026-09-16.csv","botno_2","botno_2__g1","Man",18,"Banking and Finance",4,5,5,47,7,1,7,1,7,1,100,"W_no",100
"unt4hlph","6c2og0cw","M_no_W_no","portfolio_2026-09-16.csv","botno_2","botno_2__g1","Woman",19,"Accountancy",0,10,100,24,5,5,6,1,7,1,50,"W_no",80
"e3o1p3e6","6c2og0cw","M_no_W_no","portfolio_2026-09-16.csv","botno_2","botno_2__g1","Man",19,"Computer Science",4.3,10,5,47,5,6,6,3,5,3,75,"W_no",50
"0nzm25g8","6c2og0cw","M_no_W_no","portfolio_2026-09-16.csv","botno_2","botno_2__g2","Man",19,"Mechanical Engineering",4.5,10,5,47,5,6,6,1,5,5,50,"W_no",50
"f8ff6plt","6c2og0cw","M_no_W_no","portfolio_2026-09-16.csv","botno_2","botno_2__g2","Man",20,"EEE",4.62,5,5,35,6,6,6,2,6,2,100,"W_no",50
"poc3kn08","6c2og0cw","M_no_W_no","portfolio_2026-09-16.csv","botno_2","botno_2__g2","Woman",20,"Accountancy",0,5,100,24,6,7,7,7,7,5,60,"W_no",50
"z9zrwosz","6c2og0cw","M_no_W_no","portfolio_2026-09-16.csv","botno_2","botno_2__g2","Man",20,"robotics engineering",5,5,5,47,6,2,6,2,6,3,100,"W_no",40
"yldmtmxh","6c2og0cw","M_no_W_no","portfolio_2026-09-16.csv","botno_2","botno_2__g2","Woman",19,"Business",0,5,5,24,7,4,7,1,7,1,50,"W_no",55
"bjw1ymg6","6c2og0cw","M_no_W_no","portfolio_2026-09-16.csv","botno_2","botno_2__g3","Man",41,"EEE",3.51,10,5,47,7,2,7,1,3,5,100,"W_no",25
"dxg47gml","6c2og0cw","M_no_W_no","portfolio_2026-09-16.csv","botno_2","botno_2__g3","Man",19,"EEE",4.6,5,5,47,7,4,7,2,6,5,80,"W_no",55
"t47t8m59","6c2og0cw","M_no_W_no","portfolio_2026-09-16.csv","botno_2","botno_2__g3","Man",20,"EEE",0,5,5,47,6,6,7,2,2,2,50,"W_no",50
"2epyouig","6c2og0cw","M_no_W_no","portfolio_2026-09-16.csv","botno_2","botno_2__g3","Man",22,"AEROSPACE ENGINEERING",0,5,5,14,6,2,6,1,6,2,100,"W_no",30
"107rd682","6c2og0cw","M_no_W_no","portfolio_2026-09-16.csv","botno_2","botno_2__g3","Man",20,"Electrical and Electronic Engineering",0,5,500,47,7,2,7,1,7,1,100,"W_no",50
"6xyzc64h","6c2og0cw","M_no_W_no","portfolio_2026-09-16.csv","botno_2","botno_2__g4","Man",19,"EEE",5,5,5,47,4,4,4,4,4,4,100,"M_no",50
"566nkyxt","6c2og0cw","M_no_W_no","portfolio_2026-09-16.csv","botno_2","botno_2__g4","Man",20,"IEM",0,5,5,47,7,4,4,4,1,1,100,"M_no",50
"uv69jk1p","6c2og0cw","M_no_W_no","portfolio_2026-09-16.csv","botno_2","botno_2__g4","Man",19,"EEE",3.8,5,5,47,7,5,6,6,6,7,100,"M_no",50
"thfu25ei","6c2og0cw","M_no_W_no","portfolio_2026-09-16.csv","botno_2","botno_2__g4","Man",18,"Business (Single Major)",5,5,100,12,4,4,5,3,3,5,100,"M_no",52
"008uq8bs","6c2og0cw","M_no_W_no","portfolio_2026-09-16.csv","botno_2","botno_2__g4","Man",22,"CBE",5,10,5,47,4,4,4,4,4,4,100,"M_no",40
"o4da1gkl","6c2og0cw","M_no_W_no","portfolio_2026-09-16.csv","botno_2","botno_2__g5","Woman",19,"Psychology",0,5,5,24,4,4,6,2,6,2,65,"M_no",45
"ilc2oqlq","6c2og0cw","M_no_W_no","portfolio_2026-09-16.csv","botno_2","botno_2__g5","Man",19,"EEE",0,5,5,47,4,4,4,4,4,4,100,"M_no",50
"qcu0td0m","6c2og0cw","M_no_W_no","portfolio_2026-09-16.csv","botno_2","botno_2__g5","Man",18,"COMPUTER ENGINEERING",5,10,5,47,7,2,6,2,6,1,100,"M_no",50
"zcjv164s","6c2og0cw","M_no_W_no","portfolio_2026-09-16.csv","botno_2","botno_2__g5","Woman",20,"Chemical Engineering",5,5,5,24,7,3,5,2,6,5,50,"M_no",75
"3g7fmbdb","6c2og0cw","M_no_W_no","portfolio_2026-09-16.csv","botno_2","botno_2__g5","Man",21,"COMPUTER SCIENCE",0,5,5,1,7,4,7,1,7,4,90,"M_no",67
"2vm7punw","nadt5tbu","M_exp_W_no","portfolio_2026-09-14.csv","MeWno_1","MeWno_1__g1","Man",19,"Civil Engineering",4.97,5,5,47,7,4,7,4,7,3,50,"W_no",40
"wfmrxna9","nadt5tbu","M_exp_W_no","portfolio_2026-09-14.csv","MeWno_1","MeWno_1__g1","Man",21,"Electrical and Electronics Engineering",4.64,5,5,47,7,4,7,4,7,1,100,"W_no",0
"s57od4iz","nadt5tbu","M_exp_W_no","portfolio_2026-09-14.csv","MeWno_1","MeWno_1__g1","Woman",22,"applied economics",0,5,5,47,4,2,5,2,6,2,50,"W_no",30
"sem2q323","nadt5tbu","M_exp_W_no","portfolio_2026-09-14.csv","MeWno_1","MeWno_1__g1","Man",22,"economics and data science",3.99,5,5,47,7,1,7,1,7,1,100,"W_no",5
"pmhhauc6","nadt5tbu","M_exp_W_no","portfolio_2026-09-14.csv","MeWno_1","MeWno_1__g1","Woman",18,"EEE",4,5,5,47,7,2,7,2,7,1,100,"W_no",55
"bc7n6071","nadt5tbu","M_exp_W_no","portfolio_2026-09-14.csv","MeWno_1","MeWno_1__g2","Man",24,"CCDS",4.2,10,5,47,6,6,7,6,2,6,100,"M_exp",65
"j2qhej8d","nadt5tbu","M_exp_W_no","portfolio_2026-09-14.csv","MeWno_1","MeWno_1__g2","Man",19,"Materials Engineering",5,5,5,47,6,3,6,2,6,3,50,"M_exp",67
"nt0omp7o","nadt5tbu","M_exp_W_no","portfolio_2026-09-14.csv","MeWno_1","MeWno_1__g2","Man",23,"EEE",3.4,5,5,47,6,3,5,3,6,2,99,"M_exp",70
"3vy48gux","nadt5tbu","M_exp_W_no","portfolio_2026-09-14.csv","MeWno_1","MeWno_1__g2","Woman",20,"biological sciences",4.81,105,5,24,7,6,7,2,7,2,65,"M_exp",65
"zzkx5xsm","nadt5tbu","M_exp_W_no","portfolio_2026-09-14.csv","MeWno_1","MeWno_1__g2","Woman",18,"Biological Sciences",0,5,5,47,7,5,7,2,7,1,100,"M_exp",67
"qd0f31id","nadt5tbu","M_exp_W_no","portfolio_2026-09-14.csv","MeWno_1","MeWno_1__g3","Woman",18,"EEE",4.7,5,5,47,6,2,7,3,6,5,50,"M_exp",66
"gllc2565","nadt5tbu","M_exp_W_no","portfolio_2026-09-14.csv","MeWno_1","MeWno_1__g3","Man",22,"Mechanical Engineering",3.6,5,5,47,7,2,7,1,7,1,60,"M_exp",100
"k6q3olvt","nadt5tbu","M_exp_W_no","portfolio_2026-09-14.csv","MeWno_1","MeWno_1__g3","Woman",23,"Maritime Studies",4.1,5,100,24,7,7,7,2,7,1,70,"M_exp",60
"h7g9h66e","nadt5tbu","M_exp_W_no","portfolio_2026-09-14.csv","MeWno_1","MeWno_1__g3","Man",25,"mechanical engineering",4,5,5,47,5,4,4,2,2,4,100,"M_exp",68
"ch700ni6","nadt5tbu","M_exp_W_no","portfolio_2026-09-14.csv","MeWno_1","MeWno_1__g3","Man",22,"Maritime Studies and International Trading",4.46,5,5,47,6,2,6,2,6,3,100,"M_exp",55
"5doee2qb","nadt5tbu","M_exp_W_no","portfolio_2026-09-14.csv","MeWno_1","MeWno_1__g4","Man",18,"Data Science and Artificial Intelligience",0,5,2000,16,2,3,2,5,5,4,100,"M_exp",90
"fjk39fjv","nadt5tbu","M_exp_W_no","portfolio_2026-09-14.csv","MeWno_1","MeWno_1__g4","Woman",21,"Biological Sciences",4.53,5,100,47,7,5,6,1,7,3,60,"M_exp",70
"uv9wmkop","nadt5tbu","M_exp_W_no","portfolio_2026-09-14.csv","MeWno_1","MeWno_1__g4","Man",19,"EEE",0,10,5,47,6,4,6,5,3,5,50,"M_exp",33
"tdb9pvu4","nadt5tbu","M_exp_W_no","portfolio_2026-09-14.csv","MeWno_1","MeWno_1__g4","Man",19,"Electrical and Electronic Engineering",4.74,5,5,47,6,5,6,3,6,2,100,"M_exp",75
"vlzegfsh","nadt5tbu","M_exp_W_no","portfolio_2026-09-14.csv","MeWno_1","MeWno_1__g4","Man",19,"Mechanical Engineering",0,5,5,47,6,6,6,2,6,2,100,"M_exp",75
"vijmhlvg","nadt5tbu","M_exp_W_no","portfolio_2026-09-14.csv","MeWno_1","MeWno_1__g5","Man",18,"Civil Engineering",4.87,5,5,47,4,4,6,4,4,4,50,"W_no",0
"8e240a8t","nadt5tbu","M_exp_W_no","portfolio_2026-09-14.csv","MeWno_1","MeWno_1__g5","Woman",22,"Economics",3.5,5,5,47,7,1,7,1,7,1,100,"W_no",20
"djq10sre","nadt5tbu","M_exp_W_no","portfolio_2026-09-14.csv","MeWno_1","MeWno_1__g5","Man",18,"CSC",4.18,5,4,47,7,2,7,2,7,2,100,"W_no",44
"1rm0kasi","nadt5tbu","M_exp_W_no","portfolio_2026-09-14.csv","MeWno_1","MeWno_1__g5","Man",19,"Computer Science",3.48,5,5,47,4,7,5,6,5,4,80,"W_no",63
"5ddpdjuo","nadt5tbu","M_exp_W_no","portfolio_2026-09-14.csv","MeWno_1","MeWno_1__g5","Woman",18,"Economics",0,5,100,47,7,2,7,1,7,1,100,"W_no",25
"cfn8fv6w","99iosefo","M_exp_W_no","portfolio_2026-09-14.csv","MeWno_2","MeWno_2__g1","Woman",18,"ECONOMICS",0,5,5,36,7,4,7,4,7,1,80,"W_no",45
"a1q00v4p","99iosefo","M_exp_W_no","portfolio_2026-09-14.csv","MeWno_2","MeWno_2__g1","Man",21,"Chemical Engineering",3.5,5,5,47,6,5,6,4,4,4,100,"W_no",33
"rucumqi6","99iosefo","M_exp_W_no","portfolio_2026-09-14.csv","MeWno_2","MeWno_2__g1","Woman",19,"Economics",5,5,5,47,7,1,7,1,7,1,89,"W_no",35
"lbzqe7lh","99iosefo","M_exp_W_no","portfolio_2026-09-14.csv","MeWno_2","MeWno_2__g1","Man",21,"Electrical and Electronic Engineering",4.86,5,5,47,2,3,5,3,3,4,50,"W_no",25
"i42igenv","99iosefo","M_exp_W_no","portfolio_2026-09-14.csv","MeWno_2","MeWno_2__g1","Woman",19,"Mechanical Engineering",0,5,5,47,7,4,5,1,7,2,70,"W_no",72
"2nkc141x","99iosefo","M_exp_W_no","portfolio_2026-09-14.csv","MeWno_2","MeWno_2__g2","Man",22,"ECBU",0,5,5,36,5,4,5,2,2,4,100,"M_exp",80
"oqud1wxk","99iosefo","M_exp_W_no","portfolio_2026-09-14.csv","MeWno_2","MeWno_2__g2","Man",19,"Mechanical Engineering",4.5,5,5,47,7,3,7,2,7,2,50,"M_exp",60
"a6q31ex7","99iosefo","M_exp_W_no","portfolio_2026-09-14.csv","MeWno_2","MeWno_2__g2","Woman",19,"Accountancy",0,1,100,24,6,2,6,2,6,2,80,"M_exp",65
"o60mnzij","99iosefo","M_exp_W_no","portfolio_2026-09-14.csv","MeWno_2","MeWno_2__g2","Woman",19,"Economics",0,5,5,47,5,2,6,1,7,3,100,"M_exp",40
"bnt5i99k","99iosefo","M_exp_W_no","portfolio_2026-09-14.csv","MeWno_2","MeWno_2__g2","Man",20,"Robotics ",4.9,5,5,47,7,2,7,3,6,2,100,"M_exp",70
"zrywj9fx","99iosefo","M_exp_W_no","portfolio_2026-09-14.csv","MeWno_2","MeWno_2__g3","Man",22,"Biological Sciences",4.8,5,5,47,5,3,6,4,4,4,100,"W_no",35
"i44g0thi","99iosefo","M_exp_W_no","portfolio_2026-09-14.csv","MeWno_2","MeWno_2__g3","Man",18,"Physics and Mathematical Sciences",4.04,5,5,47,7,1,7,2,7,1,50,"W_no",40
"s9ryf5kv","99iosefo","M_exp_W_no","portfolio_2026-09-14.csv","MeWno_2","MeWno_2__g3","Woman",19,"Chemistry And Biological Chemistry",0,5,5,47,6,2,7,2,6,1,100,"W_no",42
"oe31za5u","99iosefo","M_exp_W_no","portfolio_2026-09-14.csv","MeWno_2","MeWno_2__g3","Woman",18,"Economics with second major in Business",4.5,5,5,47,7,6,7,1,7,1,100,"W_no",15
"v86y9zyn","99iosefo","M_exp_W_no","portfolio_2026-09-14.csv","MeWno_2","MeWno_2__g3","Man",19,"DSAI",4.79,5,5,47,5,6,6,3,5,3,100,"W_no",15
"3p6ks3hb","99iosefo","M_exp_W_no","portfolio_2026-09-14.csv","MeWno_2","MeWno_2__g4","Woman",18,"econ",0,10,100,24,6,7,7,2,7,3,94,"W_no",31
"y5kgtmfb","99iosefo","M_exp_W_no","portfolio_2026-09-14.csv","MeWno_2","MeWno_2__g4","Woman",20,"econ",4.6,5,5,47,7,2,7,1,7,2,100,"W_no",25
"ebzeqzcf","99iosefo","M_exp_W_no","portfolio_2026-09-14.csv","MeWno_2","MeWno_2__g4","Man",22,"Economics and Data Science",4.91,5,5,47,6,5,6,4,6,4,100,"W_no",33
"pb6d6kev","99iosefo","M_exp_W_no","portfolio_2026-09-14.csv","MeWno_2","MeWno_2__g4","Woman",18,"Biological Sciences",0,5,100,16,7,2,7,1,7,1,100,"W_no",40
"m8xnbw73","99iosefo","M_exp_W_no","portfolio_2026-09-14.csv","MeWno_2","MeWno_2__g4","Woman",20,"Accountancy",4.3,5,5,12,7,4,7,2,6,2,100,"W_no",32
"an9ihpoe","99iosefo","M_exp_W_no","portfolio_2026-09-14.csv","MeWno_2","MeWno_2__g5","Woman",19,"psychology",0,10,100,24,6,7,6,4,6,4,60,"M_exp",70
"rbyuqaqn","99iosefo","M_exp_W_no","portfolio_2026-09-14.csv","MeWno_2","MeWno_2__g5","Woman",19,"business",0,10,100,24,7,7,7,1,7,1,100,"M_exp",75
"3pb269ab","99iosefo","M_exp_W_no","portfolio_2026-09-14.csv","MeWno_2","MeWno_2__g5","Woman",20,"eee",3.47,10,100,24,7,4,7,1,7,1,89,"M_exp",61
"ewpd3m8q","99iosefo","M_exp_W_no","portfolio_2026-09-14.csv","MeWno_2","MeWno_2__g5","Woman",19,"ECBU",0,2,100,96,5,3,7,3,7,4,100,"M_exp",80
"0tv7bd9u","99iosefo","M_exp_W_no","portfolio_2026-09-14.csv","MeWno_2","MeWno_2__g5","Man",19,"ECBU",4.9,10,5,47,5,6,6,2,2,5,70,"M_exp",80
"1c9g6x62","gykh8ja7","M_no_W_exp","portfolio_2026-09-14.csv","MnoWe_1","MnoWe_1__g1","Woman",20,"Sociology",0,5,20,7,7,2,7,2,7,1,100,"W_exp",80
"7fakiwkr","gykh8ja7","M_no_W_exp","portfolio_2026-09-14.csv","MnoWe_1","MnoWe_1__g1","Man",19,"Computer Engineering",4.93,5,5,47,4,5,6,5,6,2,100,"W_exp",50
"d4zd28hb","gykh8ja7","M_no_W_exp","portfolio_2026-09-14.csv","MnoWe_1","MnoWe_1__g1","Woman",21,"Computer Science",0,10,100,47,6,7,6,2,4,3,100,"W_exp",60
"ja5c25rz","gykh8ja7","M_no_W_exp","portfolio_2026-09-14.csv","MnoWe_1","MnoWe_1__g1","Man",20,"ECON",4.33,5,100,24,4,4,7,1,7,3,100,"W_exp",70
"oedddvhv","gykh8ja7","M_no_W_exp","portfolio_2026-09-14.csv","MnoWe_1","MnoWe_1__g1","Man",20,"Robotics Engineering",4.88,10,1,47,5,5,7,5,5,3,100,"W_exp",80
"7q18nnfd","gykh8ja7","M_no_W_exp","portfolio_2026-09-14.csv","MnoWe_1","MnoWe_1__g2","Woman",19,"BSB",0,10,100,24,7,6,7,1,7,1,100,"M_no",30
"03zce18q","gykh8ja7","M_no_W_exp","portfolio_2026-09-14.csv","MnoWe_1","MnoWe_1__g2","Woman",19,"Biomedical Science and BioBusiness",0,5,5,47,7,4,7,1,7,2,80,"M_no",20
"wbs0fdl5","gykh8ja7","M_no_W_exp","portfolio_2026-09-14.csv","MnoWe_1","MnoWe_1__g2","Man",20,"EEE",0,5,5,47,5,6,5,6,6,4,50,"M_no",12
"cqrngk2a","gykh8ja7","M_no_W_exp","portfolio_2026-09-14.csv","MnoWe_1","MnoWe_1__g2","Woman",18,"Data Science and AI",0,5,5,47,7,6,7,2,6,1,100,"M_no",30
"259xsu1c","gykh8ja7","M_no_W_exp","portfolio_2026-09-14.csv","MnoWe_1","MnoWe_1__g2","Woman",20,"Computer Engineering",3,5,5,47,7,1,7,1,7,1,60,"M_no",39
"xnss4pg0","gykh8ja7","M_no_W_exp","portfolio_2026-09-14.csv","MnoWe_1","MnoWe_1__g3","Man",20,"MAEO",0,5,5,47,7,6,7,6,7,1,50,"W_exp",70
"5seuckqb","gykh8ja7","M_no_W_exp","portfolio_2026-09-14.csv","MnoWe_1","MnoWe_1__g3","Man",20,"Comp Engineering",0,10,5,47,6,6,6,4,4,4,67,"W_exp",67
"hdnqitby","gykh8ja7","M_no_W_exp","portfolio_2026-09-14.csv","MnoWe_1","MnoWe_1__g3","Woman",22,"Computer Science",4,5,100,24,6,4,6,2,6,4,100,"W_exp",67
"ss3joq82","gykh8ja7","M_no_W_exp","portfolio_2026-09-14.csv","MnoWe_1","MnoWe_1__g3","Woman",18,"public policy and global affairs",5,10,20,25,7,5,6,1,7,2,90,"W_exp",58
"5wh6kzb3","gykh8ja7","M_no_W_exp","portfolio_2026-09-14.csv","MnoWe_1","MnoWe_1__g3","Woman",21,"applied economics",4.09,5,5,47,7,6,7,2,7,1,100,"W_exp",62
"kh2preog","gykh8ja7","M_no_W_exp","portfolio_2026-09-14.csv","MnoWe_1","MnoWe_1__g4","Woman",19,"Chemical and Biomolecular Engineering",0,0,20,24,7,2,7,1,7,2,100,"M_no",20
"ao798wr7","gykh8ja7","M_no_W_exp","portfolio_2026-09-14.csv","MnoWe_1","MnoWe_1__g4","Woman",18,"bssb",0,5,100,24,6,4,6,2,6,2,100,"M_no",15
"3788h5gm","gykh8ja7","M_no_W_exp","portfolio_2026-09-14.csv","MnoWe_1","MnoWe_1__g4","Woman",19,"MS",0,5,5,47,7,1,7,1,7,2,100,"M_no",25
"dk85qrmf","gykh8ja7","M_no_W_exp","portfolio_2026-09-14.csv","MnoWe_1","MnoWe_1__g4","Woman",21,"Economics",4.79,10,100,24,4,3,6,1,5,3,100,"M_no",15
"qruijzzl","gykh8ja7","M_no_W_exp","portfolio_2026-09-14.csv","MnoWe_1","MnoWe_1__g4","Man",24,"Computer Science",4.13,5,5,24,6,4,6,4,5,5,100,"M_no",0
"vlvkdjz0","gykh8ja7","M_no_W_exp","portfolio_2026-09-14.csv","MnoWe_1","MnoWe_1__g5","Man",19,"Mechanical Engineering",0,5,500,24,5,4,6,2,4,5,75,"W_exp",55
"9n1v1smg","gykh8ja7","M_no_W_exp","portfolio_2026-09-14.csv","MnoWe_1","MnoWe_1__g5","Woman",19,"Biological Sciences",0,10,100,36,6,6,6,5,6,2,90,"W_exp",80
"kw7jjs2b","gykh8ja7","M_no_W_exp","portfolio_2026-09-14.csv","MnoWe_1","MnoWe_1__g5","Man",20,"Maritime Studies",0,5,5,24,7,1,7,1,7,1,100,"W_exp",80
"pop23w57","gykh8ja7","M_no_W_exp","portfolio_2026-09-14.csv","MnoWe_1","MnoWe_1__g5","Man",22,"Civil Engineering",4.65,10,5,47,7,5,7,6,6,4,100,"W_exp",75
"cbc0ayyd","gykh8ja7","M_no_W_exp","portfolio_2026-09-14.csv","MnoWe_1","MnoWe_1__g5","Man",21,"ECPS",0,5,5,47,7,5,7,2,6,1,100,"W_exp",50
"u4sl54xk","9l3zlzfa","M_no_W_exp","portfolio_2026-09-15.csv","MnoWe_2","MnoWe_2__g1","Man",18,"Electrical and Electronic Engineering",0,5,5,47,6,2,6,3,6,4,50,"W_exp",60
"q2jobopa","9l3zlzfa","M_no_W_exp","portfolio_2026-09-15.csv","MnoWe_2","MnoWe_2__g1","Man",19,"Economics and Data Science",4.82,5,5,47,6,5,6,4,4,3,100,"W_exp",60
"9xg7erl3","9l3zlzfa","M_no_W_exp","portfolio_2026-09-15.csv","MnoWe_2","MnoWe_2__g1","Woman",20,"bio sci",4.5,5,5,47,7,4,7,4,1,1,100,"W_exp",70
"ixl976y0","9l3zlzfa","M_no_W_exp","portfolio_2026-09-15.csv","MnoWe_2","MnoWe_2__g1","Woman",19,"Economics and Data Science",0,5,5,47,6,4,7,3,7,2,80,"W_exp",55
"nqlqeq8n","9l3zlzfa","M_no_W_exp","portfolio_2026-09-15.csv","MnoWe_2","MnoWe_2__g1","Woman",17,"Materials Science and Engineering",0,5,100,47,6,5,6,3,6,2,50,"W_exp",51
"d10dwe1h","9l3zlzfa","M_no_W_exp","portfolio_2026-09-15.csv","MnoWe_2","MnoWe_2__g2","Man",17,"CS",0,5,100,30,6,6,6,6,6,6,60,"M_no",30
"0yq0zebw","9l3zlzfa","M_no_W_exp","portfolio_2026-09-15.csv","MnoWe_2","MnoWe_2__g2","Man",19,"MSE",4.1,5,5,47,6,3,6,2,6,2,100,"M_no",35
"7sfhy51b","9l3zlzfa","M_no_W_exp","portfolio_2026-09-15.csv","MnoWe_2","MnoWe_2__g2","Man",18,"CS",3.8,5,5,47,4,4,6,3,4,4,60,"M_no",40
"pgjj4tqg","9l3zlzfa","M_no_W_exp","portfolio_2026-09-15.csv","MnoWe_2","MnoWe_2__g2","Woman",19,"Economics and Data Science",0,5,5,47,6,2,7,1,5,2,50,"M_no",20
"z4s8evj8","9l3zlzfa","M_no_W_exp","portfolio_2026-09-15.csv","MnoWe_2","MnoWe_2__g2","Woman",17,"economics and data science",0,5,5,3,7,7,7,7,6,1,50,"M_no",30
"e8h7gvii","9l3zlzfa","M_no_W_exp","portfolio_2026-09-15.csv","MnoWe_2","MnoWe_2__g3","Woman",18,"Bioengineering",0,5,5,24,7,5,6,4,6,2,50,"M_no",30
"yt1cbpza","9l3zlzfa","M_no_W_exp","portfolio_2026-09-15.csv","MnoWe_2","MnoWe_2__g3","Woman",18,"Biological Sciences",0,5,5,47,7,5,7,1,7,1,100,"M_no",35
"0i38ht6y","9l3zlzfa","M_no_W_exp","portfolio_2026-09-15.csv","MnoWe_2","MnoWe_2__g3","Woman",19,"Economics and Data Science",4.5,5,5,47,7,6,7,1,7,2,50,"M_no",30
"xyqf41ao","9l3zlzfa","M_no_W_exp","portfolio_2026-09-15.csv","MnoWe_2","MnoWe_2__g3","Woman",18,"business",4,10,100,24,7,5,7,2,7,1,71,"M_no",19
"g9pquzkd","9l3zlzfa","M_no_W_exp","portfolio_2026-09-15.csv","MnoWe_2","MnoWe_2__g3","Man",26,"EEE",2.9,10,100,24,7,4,7,2,6,4,90,"M_no",10
"7ww48hi4","9l3zlzfa","M_no_W_exp","portfolio_2026-09-15.csv","MnoWe_2","MnoWe_2__g4","Woman",19,"Information engineering and media",0,5,100,47,7,5,7,1,7,1,90,"M_no",12
"5fdw0rg1","9l3zlzfa","M_no_W_exp","portfolio_2026-09-15.csv","MnoWe_2","MnoWe_2__g4","Woman",18,"EEE",0,5,5,47,4,4,6,2,6,2,70,"M_no",32
"h7o9v437","9l3zlzfa","M_no_W_exp","portfolio_2026-09-15.csv","MnoWe_2","MnoWe_2__g4","Woman",21,"ENVIRONMENTAL ENGINEERING",4.5,5,5,47,7,4,7,1,6,1,100,"M_no",0
"9mimenbo","9l3zlzfa","M_no_W_exp","portfolio_2026-09-15.csv","MnoWe_2","MnoWe_2__g4","Woman",19,"Accounting",4.8,5,10,47,7,1,7,1,7,1,50,"M_no",15
"hn8non3y","9l3zlzfa","M_no_W_exp","portfolio_2026-09-15.csv","MnoWe_2","MnoWe_2__g4","Man",22,"Mechanical Engineering",4.58,5,5,47,5,5,5,5,3,5,100,"M_no",35
"x06ipo6j","9l3zlzfa","M_no_W_exp","portfolio_2026-09-15.csv","MnoWe_2","MnoWe_2__g5","Woman",19,"Business",0,10,5,47,4,4,5,1,7,1,85,"W_exp",43
"n9iynxtq","9l3zlzfa","M_no_W_exp","portfolio_2026-09-15.csv","MnoWe_2","MnoWe_2__g5","Man",20,"Economics and Data Science",5,5,5,47,7,4,6,4,4,3,50,"W_exp",57
"diqkyqqr","9l3zlzfa","M_no_W_exp","portfolio_2026-09-15.csv","MnoWe_2","MnoWe_2__g5","Man",22,"ME",4.5,5,5,47,3,5,3,5,3,5,50,"W_exp",60
"hi0vl1bf","9l3zlzfa","M_no_W_exp","portfolio_2026-09-15.csv","MnoWe_2","MnoWe_2__g5","Man",21,"Bioengineering",4.28,5,5,47,7,1,7,1,7,1,100,"W_exp",60
"u3a33dgt","9l3zlzfa","M_no_W_exp","portfolio_2026-09-15.csv","MnoWe_2","MnoWe_2__g5","Man",19,"Mechanical Engineering",5,10,5,47,4,4,4,4,4,4,100,"W_exp",100
