"participant.code","player.treatment","source_file","source_folder","group_uid","subsession.round_number","manager","player.bid","player.trade"
"fwrj2jat","M_exp_W_exp","portfolio_2026-09-15.csv","bothe_1","bothe_1__g1",11,"W_exp",115,-1
"0vigghqi","M_exp_W_exp","portfolio_2026-09-15.csv","bothe_1","bothe_1__g1",11,"W_exp",116,-1
"xu6xugdp","M_exp_W_exp","portfolio_2026-09-15.csv","bothe_1","bothe_1__g1",11,"W_exp",200,1
"9nn00jux","M_exp_W_exp","portfolio_2026-09-15.csv","bothe_1","bothe_1__g1",11,"W_exp",160,0
"d8azp69w","M_exp_W_exp","portfolio_2026-09-15.csv","bothe_1","bothe_1__g1",11,"W_exp",200,1
"g5ct4rg0","M_exp_W_exp","portfolio_2026-09-15.csv","bothe_1","bothe_1__g2",11,"W_exp",300,-1
"utr109q6","M_exp_W_exp","portfolio_2026-09-15.csv","bothe_1","bothe_1__g2",11,"W_exp",300,1
"uza1lz8f","M_exp_W_exp","portfolio_2026-09-15.csv","bothe_1","bothe_1__g2",11,"W_exp",300,0
"3z6ed32t","M_exp_W_exp","portfolio_2026-09-15.csv","bothe_1","bothe_1__g2",11,"W_exp",1,-1
"pzsakpjx","M_exp_W_exp","portfolio_2026-09-15.csv","bothe_1","bothe_1__g2",11,"W_exp",350,1
"h4hoh39u","M_exp_W_exp","portfolio_2026-09-15.csv","bothe_1","bothe_1__g3",11,"W_exp",300,1
"jzoxfyc2","M_exp_W_exp","portfolio_2026-09-15.csv","bothe_1","bothe_1__g3",11,"W_exp",300,1
"dqn940v4","M_exp_W_exp","portfolio_2026-09-15.csv","bothe_1","bothe_1__g3",11,"W_exp",290,0
"5l1yk0gm","M_exp_W_exp","portfolio_2026-09-15.csv","bothe_1","bothe_1__g3",11,"W_exp",100,-1
"3fdg4ref","M_exp_W_exp","portfolio_2026-09-15.csv","bothe_1","bothe_1__g3",11,"W_exp",200,-1
"iliayit3","M_exp_W_exp","portfolio_2026-09-15.csv","bothe_1","bothe_1__g4",11,"M_exp",275,-1
"hpzf5xgg","M_exp_W_exp","portfolio_2026-09-15.csv","bothe_1","bothe_1__g4",11,"M_exp",200,-1
"3th28718","M_exp_W_exp","portfolio_2026-09-15.csv","bothe_1","bothe_1__g4",11,"M_exp",500,1
"hh695q6a","M_exp_W_exp","portfolio_2026-09-15.csv","bothe_1","bothe_1__g4",11,"M_exp",300,0
"2w7wmunp","M_exp_W_exp","portfolio_2026-09-15.csv","bothe_1","bothe_1__g4",11,"M_exp",346,1
"2fon3kdf","M_exp_W_exp","portfolio_2026-09-15.csv","bothe_1","bothe_1__g5",11,"M_exp",302,1
"0vm37wcl","M_exp_W_exp","portfolio_2026-09-15.csv","bothe_1","bothe_1__g5",11,"M_exp",300,1
"9902h2kd","M_exp_W_exp","portfolio_2026-09-15.csv","bothe_1","bothe_1__g5",11,"M_exp",299,-1
"snwy0w01","M_exp_W_exp","portfolio_2026-09-15.csv","bothe_1","bothe_1__g5",11,"M_exp",300,0
"yaickank","M_exp_W_exp","portfolio_2026-09-15.csv","bothe_1","bothe_1__g5",11,"M_exp",280,-1
"fwrj2jat","M_exp_W_exp","portfolio_2026-09-15.csv","bothe_1","bothe_1__g1",12,"W_exp",115,-1
"0vigghqi","M_exp_W_exp","portfolio_2026-09-15.csv","bothe_1","bothe_1__g1",12,"W_exp",172,-1
"xu6xugdp","M_exp_W_exp","portfolio_2026-09-15.csv","bothe_1","bothe_1__g1",12,"W_exp",200,1
"9nn00jux","M_exp_W_exp","portfolio_2026-09-15.csv","bothe_1","bothe_1__g1",12,"W_exp",180,0
"d8azp69w","M_exp_W_exp","portfolio_2026-09-15.csv","bothe_1","bothe_1__g1",12,"W_exp",190,1
"g5ct4rg0","M_exp_W_exp","portfolio_2026-09-15.csv","bothe_1","bothe_1__g2",12,"W_exp",400,1
"utr109q6","M_exp_W_exp","portfolio_2026-09-15.csv","bothe_1","bothe_1__g2",12,"W_exp",350,1
"uza1lz8f","M_exp_W_exp","portfolio_2026-09-15.csv","bothe_1","bothe_1__g2",12,"W_exp",20,-1
"3z6ed32t","M_exp_W_exp","portfolio_2026-09-15.csv","bothe_1","bothe_1__g2",12,"W_exp",1,-1
"pzsakpjx","M_exp_W_exp","portfolio_2026-09-15.csv","bothe_1","bothe_1__g2",12,"W_exp",315,0
"h4hoh39u","M_exp_W_exp","portfolio_2026-09-15.csv","bothe_1","bothe_1__g3",12,"W_exp",240,0
"jzoxfyc2","M_exp_W_exp","portfolio_2026-09-15.csv","bothe_1","bothe_1__g3",12,"W_exp",350,1
"dqn940v4","M_exp_W_exp","portfolio_2026-09-15.csv","bothe_1","bothe_1__g3",12,"W_exp",290,1
"5l1yk0gm","M_exp_W_exp","portfolio_2026-09-15.csv","bothe_1","bothe_1__g3",12,"W_exp",200,-1
"3fdg4ref","M_exp_W_exp","portfolio_2026-09-15.csv","bothe_1","bothe_1__g3",12,"W_exp",200,-1
"iliayit3","M_exp_W_exp","portfolio_2026-09-15.csv","bothe_1","bothe_1__g4",12,"M_exp",275,0
"hpzf5xgg","M_exp_W_exp","portfolio_2026-09-15.csv","bothe_1","bothe_1__g4",12,"M_exp",270,-1
"3th28718","M_exp_W_exp","portfolio_2026-09-15.csv","bothe_1","bothe_1__g4",12,"M_exp",300,1
"hh695q6a","M_exp_W_exp","portfolio_2026-09-15.csv","bothe_1","bothe_1__g4",12,"M_exp",300,1
"2w7wmunp","M_exp_W_exp","portfolio_2026-09-15.csv","bothe_1","bothe_1__g4",12,"M_exp",134,-1
"2fon3kdf","M_exp_W_exp","portfolio_2026-09-15.csv","bothe_1","bothe_1__g5",12,"M_exp",195,-1
"0vm37wcl","M_exp_W_exp","portfolio_2026-09-15.csv","bothe_1","bothe_1__g5",12,"M_exp",300,1
"9902h2kd","M_exp_W_exp","portfolio_2026-09-15.csv","bothe_1","bothe_1__g5",12,"M_exp",298,0
"snwy0w01","M_exp_W_exp","portfolio_2026-09-15.csv","bothe_1","bothe_1__g5",12,"M_exp",301,1
"yaickank","M_exp_W_exp","portfolio_2026-09-15.csv","bothe_1","bothe_1__g5",12,"M_exp",296,-1
"fwrj2jat","M_exp_W_exp","portfolio_2026-09-15.csv","bothe_1","bothe_1__g1",13,"W_exp",115,-1
"0vigghqi","M_exp_W_exp","portfolio_2026-09-15.csv","bothe_1","bothe_1__g1",13,"W_exp",198,0
"xu6xugdp","M_exp_W_exp","portfolio_2026-09-15.csv","bothe_1","bothe_1__g1",13,"W_exp",202,1
"9nn00jux","M_exp_W_exp","portfolio_2026-09-15.csv","bothe_1","bothe_1__g1",13,"W_exp",197,-1
"d8azp69w","M_exp_W_exp","portfolio_2026-09-15.csv","bothe_1","bothe_1__g1",13,"W_exp",210,1
"g5ct4rg0","M_exp_W_exp","portfolio_2026-09-15.csv","bothe_1","bothe_1__g2",13,"W_exp",390,1
"utr109q6","M_exp_W_exp","portfolio_2026-09-15.csv","bothe_1","bothe_1__g2",13,"W_exp",350,0
"uza1lz8f","M_exp_W_exp","portfolio_2026-09-15.csv","bothe_1","bothe_1__g2",13,"W_exp",500,1
"3z6ed32t","M_exp_W_exp","portfolio_2026-09-15.csv","bothe_1","bothe_1__g2",13,"W_exp",1,-1
"pzsakpjx","M_exp_W_exp","portfolio_2026-09-15.csv","bothe_1","bothe_1__g2",13,"W_exp",331,-1
"h4hoh39u","M_exp_W_exp","portfolio_2026-09-15.csv","bothe_1","bothe_1__g3",13,"W_exp",200,-1
"jzoxfyc2","M_exp_W_exp","portfolio_2026-09-15.csv","bothe_1","bothe_1__g3",13,"W_exp",599,1
"dqn940v4","M_exp_W_exp","portfolio_2026-09-15.csv","bothe_1","bothe_1__g3",13,"W_exp",220,-1
"5l1yk0gm","M_exp_W_exp","portfolio_2026-09-15.csv","bothe_1","bothe_1__g3",13,"W_exp",300,1
"3fdg4ref","M_exp_W_exp","portfolio_2026-09-15.csv","bothe_1","bothe_1__g3",13,"W_exp",220,0
"iliayit3","M_exp_W_exp","portfolio_2026-09-15.csv","bothe_1","bothe_1__g4",13,"M_exp",270,-1
"hpzf5xgg","M_exp_W_exp","portfolio_2026-09-15.csv","bothe_1","bothe_1__g4",13,"M_exp",300,1
"3th28718","M_exp_W_exp","portfolio_2026-09-15.csv","bothe_1","bothe_1__g4",13,"M_exp",300,0
"hh695q6a","M_exp_W_exp","portfolio_2026-09-15.csv","bothe_1","bothe_1__g4",13,"M_exp",300,1
"2w7wmunp","M_exp_W_exp","portfolio_2026-09-15.csv","bothe_1","bothe_1__g4",13,"M_exp",264,-1
"2fon3kdf","M_exp_W_exp","portfolio_2026-09-15.csv","bothe_1","bothe_1__g5",13,"M_exp",231,-1
"0vm37wcl","M_exp_W_exp","portfolio_2026-09-15.csv","bothe_1","bothe_1__g5",13,"M_exp",200,-1
"9902h2kd","M_exp_W_exp","portfolio_2026-09-15.csv","bothe_1","bothe_1__g5",13,"M_exp",297,1
"snwy0w01","M_exp_W_exp","portfolio_2026-09-15.csv","bothe_1","bothe_1__g5",13,"M_exp",300,1
"yaickank","M_exp_W_exp","portfolio_2026-09-15.csv","bothe_1","bothe_1__g5",13,"M_exp",293,0
"fwrj2jat","M_exp_W_exp","portfolio_2026-09-15.csv","bothe_1","bothe_1__g1",14,"W_exp",115,-1
"0vigghqi","M_exp_W_exp","portfolio_2026-09-15.csv","bothe_1","bothe_1__g1",14,"W_exp",219,1
"xu6xugdp","M_exp_W_exp","portfolio_2026-09-15.csv","bothe_1","bothe_1__g1",14,"W_exp",220,1
"9nn00jux","M_exp_W_exp","portfolio_2026-09-15.csv","bothe_1","bothe_1__g1",14,"W_exp",195,-1
"d8azp69w","M_exp_W_exp","portfolio_2026-09-15.csv","bothe_1","bothe_1__g1",14,"W_exp",210,0
"g5ct4rg0","M_exp_W_exp","portfolio_2026-09-15.csv","bothe_1","bothe_1__g2",14,"W_exp",350,1
"utr109q6","M_exp_W_exp","portfolio_2026-09-15.csv","bothe_1","bothe_1__g2",14,"W_exp",300,0
"uza1lz8f","M_exp_W_exp","portfolio_2026-09-15.csv","bothe_1","bothe_1__g2",14,"W_exp",20,-1
"3z6ed32t","M_exp_W_exp","portfolio_2026-09-15.csv","bothe_1","bothe_1__g2",14,"W_exp",1,-1
"pzsakpjx","M_exp_W_exp","portfolio_2026-09-15.csv","bothe_1","bothe_1__g2",14,"W_exp",360,1
"h4hoh39u","M_exp_W_exp","portfolio_2026-09-15.csv","bothe_1","bothe_1__g3",14,"W_exp",160,-1
"jzoxfyc2","M_exp_W_exp","portfolio_2026-09-15.csv","bothe_1","bothe_1__g3",14,"W_exp",200,-1
"dqn940v4","M_exp_W_exp","portfolio_2026-09-15.csv","bothe_1","bothe_1__g3",14,"W_exp",200,1
"5l1yk0gm","M_exp_W_exp","portfolio_2026-09-15.csv","bothe_1","bothe_1__g3",14,"W_exp",200,1
"3fdg4ref","M_exp_W_exp","portfolio_2026-09-15.csv","bothe_1","bothe_1__g3",14,"W_exp",200,0
"iliayit3","M_exp_W_exp","portfolio_2026-09-15.csv","bothe_1","bothe_1__g4",14,"M_exp",275,-1
"hpzf5xgg","M_exp_W_exp","portfolio_2026-09-15.csv","bothe_1","bothe_1__g4",14,"M_exp",300,0
"3th28718","M_exp_W_exp","portfolio_2026-09-15.csv","bothe_1","bothe_1__g4",14,"M_exp",300,1
"hh695q6a","M_exp_W_exp","portfolio_2026-09-15.csv","bothe_1","bothe_1__g4",14,"M_exp",300,-1
"2w7wmunp","M_exp_W_exp","portfolio_2026-09-15.csv","bothe_1","bothe_1__g4",14,"M_exp",344,1
"2fon3kdf","M_exp_W_exp","portfolio_2026-09-15.csv","bothe_1","bothe_1__g5",14,"M_exp",241,-1
"0vm37wcl","M_exp_W_exp","portfolio_2026-09-15.csv","bothe_1","bothe_1__g5",14,"M_exp",250,-1
"9902h2kd","M_exp_W_exp","portfolio_2026-09-15.csv","bothe_1","bothe_1__g5",14,"M_exp",295,1
"snwy0w01","M_exp_W_exp","portfolio_2026-09-15.csv","bothe_1","bothe_1__g5",14,"M_exp",299,1
"yaickank","M_exp_W_exp","portfolio_2026-09-15.csv","bothe_1","bothe_1__g5",14,"M_exp",290,0
"fwrj2jat","M_exp_W_exp","portfolio_2026-09-15.csv","bothe_1","bothe_1__g1",15,"W_exp",115,-1
"0vigghqi","M_exp_W_exp","portfolio_2026-09-15.csv","bothe_1","bothe_1__g1",15,"W_exp",227,1
"xu6xugdp","M_exp_W_exp","portfolio_2026-09-15.csv","bothe_1","bothe_1__g1",15,"W_exp",231,1
"9nn00jux","M_exp_W_exp","portfolio_2026-09-15.csv","bothe_1","bothe_1__g1",15,"W_exp",195,-1
"d8azp69w","M_exp_W_exp","portfolio_2026-09-15.csv","bothe_1","bothe_1__g1",15,"W_exp",224,0
"g5ct4rg0","M_exp_W_exp","portfolio_2026-09-15.csv","bothe_1","bothe_1__g2",15,"W_exp",100,-1
"utr109q6","M_exp_W_exp","portfolio_2026-09-15.csv","bothe_1","bothe_1__g2",15,"W_exp",310,1
"uza1lz8f","M_exp_W_exp","portfolio_2026-09-15.csv","bothe_1","bothe_1__g2",15,"W_exp",300,0
"3z6ed32t","M_exp_W_exp","portfolio_2026-09-15.csv","bothe_1","bothe_1__g2",15,"W_exp",1,-1
"pzsakpjx","M_exp_W_exp","portfolio_2026-09-15.csv","bothe_1","bothe_1__g2",15,"W_exp",310,1
"h4hoh39u","M_exp_W_exp","portfolio_2026-09-15.csv","bothe_1","bothe_1__g3",15,"W_exp",160,-1
"jzoxfyc2","M_exp_W_exp","portfolio_2026-09-15.csv","bothe_1","bothe_1__g3",15,"W_exp",200,0
"dqn940v4","M_exp_W_exp","portfolio_2026-09-15.csv","bothe_1","bothe_1__g3",15,"W_exp",200,1
"5l1yk0gm","M_exp_W_exp","portfolio_2026-09-15.csv","bothe_1","bothe_1__g3",15,"W_exp",150,-1
"3fdg4ref","M_exp_W_exp","portfolio_2026-09-15.csv","bothe_1","bothe_1__g3",15,"W_exp",200,1
"iliayit3","M_exp_W_exp","portfolio_2026-09-15.csv","bothe_1","bothe_1__g4",15,"M_exp",275,-1
"hpzf5xgg","M_exp_W_exp","portfolio_2026-09-15.csv","bothe_1","bothe_1__g4",15,"M_exp",300,1
"3th28718","M_exp_W_exp","portfolio_2026-09-15.csv","bothe_1","bothe_1__g4",15,"M_exp",300,0
"hh695q6a","M_exp_W_exp","portfolio_2026-09-15.csv","bothe_1","bothe_1__g4",15,"M_exp",300,1
"2w7wmunp","M_exp_W_exp","portfolio_2026-09-15.csv","bothe_1","bothe_1__g4",15,"M_exp",278,-1
"2fon3kdf","M_exp_W_exp","portfolio_2026-09-15.csv","bothe_1","bothe_1__g5",15,"M_exp",245,-1
"0vm37wcl","M_exp_W_exp","portfolio_2026-09-15.csv","bothe_1","bothe_1__g5",15,"M_exp",285,0
"9902h2kd","M_exp_W_exp","portfolio_2026-09-15.csv","bothe_1","bothe_1__g5",15,"M_exp",285,-1
"snwy0w01","M_exp_W_exp","portfolio_2026-09-15.csv","bothe_1","bothe_1__g5",15,"M_exp",286,1
"yaickank","M_exp_W_exp","portfolio_2026-09-15.csv","bothe_1","bothe_1__g5",15,"M_exp",290,1
"fwrj2jat","M_exp_W_exp","portfolio_2026-09-15.csv","bothe_1","bothe_1__g1",16,"W_exp",115,-1
"0vigghqi","M_exp_W_exp","portfolio_2026-09-15.csv","bothe_1","bothe_1__g1",16,"W_exp",232,0
"xu6xugdp","M_exp_W_exp","portfolio_2026-09-15.csv","bothe_1","bothe_1__g1",16,"W_exp",240,1
"9nn00jux","M_exp_W_exp","portfolio_2026-09-15.csv","bothe_1","bothe_1__g1",16,"W_exp",195,-1
"d8azp69w","M_exp_W_exp","portfolio_2026-09-15.csv","bothe_1","bothe_1__g1",16,"W_exp",240,1
"g5ct4rg0","M_exp_W_exp","portfolio_2026-09-15.csv","bothe_1","bothe_1__g2",16,"W_exp",500,1
"utr109q6","M_exp_W_exp","portfolio_2026-09-15.csv","bothe_1","bothe_1__g2",16,"W_exp",300,-1
"uza1lz8f","M_exp_W_exp","portfolio_2026-09-15.csv","bothe_1","bothe_1__g2",16,"W_exp",450,1
"3z6ed32t","M_exp_W_exp","portfolio_2026-09-15.csv","bothe_1","bothe_1__g2",16,"W_exp",1,-1
"pzsakpjx","M_exp_W_exp","portfolio_2026-09-15.csv","bothe_1","bothe_1__g2",16,"W_exp",300,0
"h4hoh39u","M_exp_W_exp","portfolio_2026-09-15.csv","bothe_1","bothe_1__g3",16,"W_exp",160,-1
"jzoxfyc2","M_exp_W_exp","portfolio_2026-09-15.csv","bothe_1","bothe_1__g3",16,"W_exp",200,1
"dqn940v4","M_exp_W_exp","portfolio_2026-09-15.csv","bothe_1","bothe_1__g3",16,"W_exp",195,0
"5l1yk0gm","M_exp_W_exp","portfolio_2026-09-15.csv","bothe_1","bothe_1__g3",16,"W_exp",150,-1
"3fdg4ref","M_exp_W_exp","portfolio_2026-09-15.csv","bothe_1","bothe_1__g3",16,"W_exp",200,1
"iliayit3","M_exp_W_exp","portfolio_2026-09-15.csv","bothe_1","bothe_1__g4",16,"M_exp",275,-1
"hpzf5xgg","M_exp_W_exp","portfolio_2026-09-15.csv","bothe_1","bothe_1__g4",16,"M_exp",300,0
"3th28718","M_exp_W_exp","portfolio_2026-09-15.csv","bothe_1","bothe_1__g4",16,"M_exp",310,1
"hh695q6a","M_exp_W_exp","portfolio_2026-09-15.csv","bothe_1","bothe_1__g4",16,"M_exp",300,-1
"2w7wmunp","M_exp_W_exp","portfolio_2026-09-15.csv","bothe_1","bothe_1__g4",16,"M_exp",300,1
"2fon3kdf","M_exp_W_exp","portfolio_2026-09-15.csv","bothe_1","bothe_1__g5",16,"M_exp",260,-1
"0vm37wcl","M_exp_W_exp","portfolio_2026-09-15.csv","bothe_1","bothe_1__g5",16,"M_exp",285,1
"9902h2kd","M_exp_W_exp","portfolio_2026-09-15.csv","bothe_1","bothe_1__g5",16,"M_exp",287,1
"snwy0w01","M_exp_W_exp","portfolio_2026-09-15.csv","bothe_1","bothe_1__g5",16,"M_exp",283,-1
"yaickank","M_exp_W_exp","portfolio_2026-09-15.csv","bothe_1","bothe_1__g5",16,"M_exp",285,0
"fwrj2jat","M_exp_W_exp","portfolio_2026-09-15.csv","bothe_1","bothe_1__g1",17,"W_exp",115,-1
"0vigghqi","M_exp_W_exp","portfolio_2026-09-15.csv","bothe_1","bothe_1__g1",17,"W_exp",251,1
"xu6xugdp","M_exp_W_exp","portfolio_2026-09-15.csv","bothe_1","bothe_1__g1",17,"W_exp",240,0
"9nn00jux","M_exp_W_exp","portfolio_2026-09-15.csv","bothe_1","bothe_1__g1",17,"W_exp",190,-1
"d8azp69w","M_exp_W_exp","portfolio_2026-09-15.csv","bothe_1","bothe_1__g1",17,"W_exp",258,1
"g5ct4rg0","M_exp_W_exp","portfolio_2026-09-15.csv","bothe_1","bothe_1__g2",17,"W_exp",210,0
"utr109q6","M_exp_W_exp","portfolio_2026-09-15.csv","bothe_1","bothe_1__g2",17,"W_exp",300,1
"uza1lz8f","M_exp_W_exp","portfolio_2026-09-15.csv","bothe_1","bothe_1__g2",17,"W_exp",50,-1
"3z6ed32t","M_exp_W_exp","portfolio_2026-09-15.csv","bothe_1","bothe_1__g2",17,"W_exp",1,-1
"pzsakpjx","M_exp_W_exp","portfolio_2026-09-15.csv","bothe_1","bothe_1__g2",17,"W_exp",310,1
"h4hoh39u","M_exp_W_exp","portfolio_2026-09-15.csv","bothe_1","bothe_1__g3",17,"W_exp",170,-1
"jzoxfyc2","M_exp_W_exp","portfolio_2026-09-15.csv","bothe_1","bothe_1__g3",17,"W_exp",300,1
"dqn940v4","M_exp_W_exp","portfolio_2026-09-15.csv","bothe_1","bothe_1__g3",17,"W_exp",195,0
"5l1yk0gm","M_exp_W_exp","portfolio_2026-09-15.csv","bothe_1","bothe_1__g3",17,"W_exp",200,1
"3fdg4ref","M_exp_W_exp","portfolio_2026-09-15.csv","bothe_1","bothe_1__g3",17,"W_exp",195,-1
"iliayit3","M_exp_W_exp","portfolio_2026-09-15.csv","bothe_1","bothe_1__g4",17,"M_exp",285,-1
"hpzf5xgg","M_exp_W_exp","portfolio_2026-09-15.csv","bothe_1","bothe_1__g4",17,"M_exp",300,1
"3th28718","M_exp_W_exp","portfolio_2026-09-15.csv","bothe_1","bothe_1__g4",17,"M_exp",290,0
"hh695q6a","M_exp_W_exp","portfolio_2026-09-15.csv","bothe_1","bothe_1__g4",17,"M_exp",300,1
"2w7wmunp","M_exp_W_exp","portfolio_2026-09-15.csv","bothe_1","bothe_1__g4",17,"M_exp",290,-1
"2fon3kdf","M_exp_W_exp","portfolio_2026-09-15.csv","bothe_1","bothe_1__g5",17,"M_exp",265,-1
"0vm37wcl","M_exp_W_exp","portfolio_2026-09-15.csv","bothe_1","bothe_1__g5",17,"M_exp",283,-1
"9902h2kd","M_exp_W_exp","portfolio_2026-09-15.csv","bothe_1","bothe_1__g5",17,"M_exp",286,0
"snwy0w01","M_exp_W_exp","portfolio_2026-09-15.csv","bothe_1","bothe_1__g5",17,"M_exp",286,1
"yaickank","M_exp_W_exp","portfolio_2026-09-15.csv","bothe_1","bothe_1__g5",17,"M_exp",286,1
"fwrj2jat","M_exp_W_exp","portfolio_2026-09-15.csv","bothe_1","bothe_1__g1",18,"W_exp",115,-1
"0vigghqi","M_exp_W_exp","portfolio_2026-09-15.csv","bothe_1","bothe_1__g1",18,"W_exp",257,0
"xu6xugdp","M_exp_W_exp","portfolio_2026-09-15.csv","bothe_1","bothe_1__g1",18,"W_exp",300,1
"9nn00jux","M_exp_W_exp","portfolio_2026-09-15.csv","bothe_1","bothe_1__g1",18,"W_exp",195,-1
"d8azp69w","M_exp_W_exp","portfolio_2026-09-15.csv","bothe_1","bothe_1__g1",18,"W_exp",260,1
"g5ct4rg0","M_exp_W_exp","portfolio_2026-09-15.csv","bothe_1","bothe_1__g2",18,"W_exp",290,-1
"utr109q6","M_exp_W_exp","portfolio_2026-09-15.csv","bothe_1","bothe_1__g2",18,"W_exp",300,0
"uza1lz8f","M_exp_W_exp","portfolio_2026-09-15.csv","bothe_1","bothe_1__g2",18,"W_exp",400,1
"3z6ed32t","M_exp_W_exp","portfolio_2026-09-15.csv","bothe_1","bothe_1__g2",18,"W_exp",1,-1
"pzsakpjx","M_exp_W_exp","portfolio_2026-09-15.csv","bothe_1","bothe_1__g2",18,"W_exp",310,1
"h4hoh39u","M_exp_W_exp","portfolio_2026-09-15.csv","bothe_1","bothe_1__g3",18,"W_exp",180,-1
"jzoxfyc2","M_exp_W_exp","portfolio_2026-09-15.csv","bothe_1","bothe_1__g3",18,"W_exp",300,1
"dqn940v4","M_exp_W_exp","portfolio_2026-09-15.csv","bothe_1","bothe_1__g3",18,"W_exp",195,0
"5l1yk0gm","M_exp_W_exp","portfolio_2026-09-15.csv","bothe_1","bothe_1__g3",18,"W_exp",100,-1
"3fdg4ref","M_exp_W_exp","portfolio_2026-09-15.csv","bothe_1","bothe_1__g3",18,"W_exp",200,1
"iliayit3","M_exp_W_exp","portfolio_2026-09-15.csv","bothe_1","bothe_1__g4",18,"M_exp",280,-1
"hpzf5xgg","M_exp_W_exp","portfolio_2026-09-15.csv","bothe_1","bothe_1__g4",18,"M_exp",300,1
"3th28718","M_exp_W_exp","portfolio_2026-09-15.csv","bothe_1","bothe_1__g4",18,"M_exp",290,0
"hh695q6a","M_exp_W_exp","portfolio_2026-09-15.csv","bothe_1","bothe_1__g4",18,"M_exp",290,1
"2w7wmunp","M_exp_W_exp","portfolio_2026-09-15.csv","bothe_1","bothe_1__g4",18,"M_exp",289,-1
"2fon3kdf","M_exp_W_exp","portfolio_2026-09-15.csv","bothe_1","bothe_1__g5",18,"M_exp",280,-1
"0vm37wcl","M_exp_W_exp","portfolio_2026-09-15.csv","bothe_1","bothe_1__g5",18,"M_exp",283,-1
"9902h2kd","M_exp_W_exp","portfolio_2026-09-15.csv","bothe_1","bothe_1__g5",18,"M_exp",284,0
"snwy0w01","M_exp_W_exp","portfolio_2026-09-15.csv","bothe_1","bothe_1__g5",18,"M_exp",287,1
"yaickank","M_exp_W_exp","portfolio_2026-09-15.csv","bothe_1","bothe_1__g5",18,"M_exp",288,1
"fwrj2jat","M_exp_W_exp","portfolio_2026-09-15.csv","bothe_1","bothe_1__g1",19,"W_exp",115,-1
"0vigghqi","M_exp_W_exp","portfolio_2026-09-15.csv","bothe_1","bothe_1__g1",19,"W_exp",252,0
"xu6xugdp","M_exp_W_exp","portfolio_2026-09-15.csv","bothe_1","bothe_1__g1",19,"W_exp",300,1
"9nn00jux","M_exp_W_exp","portfolio_2026-09-15.csv","bothe_1","bothe_1__g1",19,"W_exp",195,-1
"d8azp69w","M_exp_W_exp","portfolio_2026-09-15.csv","bothe_1","bothe_1__g1",19,"W_exp",280,1
"g5ct4rg0","M_exp_W_exp","portfolio_2026-09-15.csv","bothe_1","bothe_1__g2",19,"W_exp",323,1
"utr109q6","M_exp_W_exp","portfolio_2026-09-15.csv","bothe_1","bothe_1__g2",19,"W_exp",300,0
"uza1lz8f","M_exp_W_exp","portfolio_2026-09-15.csv","bothe_1","bothe_1__g2",19,"W_exp",300,-1
"3z6ed32t","M_exp_W_exp","portfolio_2026-09-15.csv","bothe_1","bothe_1__g2",19,"W_exp",1,-1
"pzsakpjx","M_exp_W_exp","portfolio_2026-09-15.csv","bothe_1","bothe_1__g2",19,"W_exp",310,1
"h4hoh39u","M_exp_W_exp","portfolio_2026-09-15.csv","bothe_1","bothe_1__g3",19,"W_exp",185,-1
"jzoxfyc2","M_exp_W_exp","portfolio_2026-09-15.csv","bothe_1","bothe_1__g3",19,"W_exp",300,1
"dqn940v4","M_exp_W_exp","portfolio_2026-09-15.csv","bothe_1","bothe_1__g3",19,"W_exp",200,1
"5l1yk0gm","M_exp_W_exp","portfolio_2026-09-15.csv","bothe_1","bothe_1__g3",19,"W_exp",150,-1
"3fdg4ref","M_exp_W_exp","portfolio_2026-09-15.csv","bothe_1","bothe_1__g3",19,"W_exp",196,0
"iliayit3","M_exp_W_exp","portfolio_2026-09-15.csv","bothe_1","bothe_1__g4",19,"M_exp",285,-1
"hpzf5xgg","M_exp_W_exp","portfolio_2026-09-15.csv","bothe_1","bothe_1__g4",19,"M_exp",300,1
"3th28718","M_exp_W_exp","portfolio_2026-09-15.csv","bothe_1","bothe_1__g4",19,"M_exp",300,1
"hh695q6a","M_exp_W_exp","portfolio_2026-09-15.csv","bothe_1","bothe_1__g4",19,"M_exp",290,0
"2w7wmunp","M_exp_W_exp","portfolio_2026-09-15.csv","bothe_1","bothe_1__g4",19,"M_exp",278,-1
"2fon3kdf","M_exp_W_exp","portfolio_2026-09-15.csv","bothe_1","bothe_1__g5",19,"M_exp",281,-1
"0vm37wcl","M_exp_W_exp","portfolio_2026-09-15.csv","bothe_1","bothe_1__g5",19,"M_exp",284,0
"9902h2kd","M_exp_W_exp","portfolio_2026-09-15.csv","bothe_1","bothe_1__g5",19,"M_exp",283,-1
"snwy0w01","M_exp_W_exp","portfolio_2026-09-15.csv","bothe_1","bothe_1__g5",19,"M_exp",285,1
"yaickank","M_exp_W_exp","portfolio_2026-09-15.csv","bothe_1","bothe_1__g5",19,"M_exp",286,1
"fwrj2jat","M_exp_W_exp","portfolio_2026-09-15.csv","bothe_1","bothe_1__g1",20,"W_exp",115,-1
"0vigghqi","M_exp_W_exp","portfolio_2026-09-15.csv","bothe_1","bothe_1__g1",20,"W_exp",243,0
"xu6xugdp","M_exp_W_exp","portfolio_2026-09-15.csv","bothe_1","bothe_1__g1",20,"W_exp",275,1
"9nn00jux","M_exp_W_exp","portfolio_2026-09-15.csv","bothe_1","bothe_1__g1",20,"W_exp",195,-1
"d8azp69w","M_exp_W_exp","portfolio_2026-09-15.csv","bothe_1","bothe_1__g1",20,"W_exp",252,1
"g5ct4rg0","M_exp_W_exp","portfolio_2026-09-15.csv","bothe_1","bothe_1__g2",20,"W_exp",100,-1
"utr109q6","M_exp_W_exp","portfolio_2026-09-15.csv","bothe_1","bothe_1__g2",20,"W_exp",300,0
"uza1lz8f","M_exp_W_exp","portfolio_2026-09-15.csv","bothe_1","bothe_1__g2",20,"W_exp",301,1
"3z6ed32t","M_exp_W_exp","portfolio_2026-09-15.csv","bothe_1","bothe_1__g2",20,"W_exp",1,-1
"pzsakpjx","M_exp_W_exp","portfolio_2026-09-15.csv","bothe_1","bothe_1__g2",20,"W_exp",310,1
"h4hoh39u","M_exp_W_exp","portfolio_2026-09-15.csv","bothe_1","bothe_1__g3",20,"W_exp",190,-1
"jzoxfyc2","M_exp_W_exp","portfolio_2026-09-15.csv","bothe_1","bothe_1__g3",20,"W_exp",300,1
"dqn940v4","M_exp_W_exp","portfolio_2026-09-15.csv","bothe_1","bothe_1__g3",20,"W_exp",200,0
"5l1yk0gm","M_exp_W_exp","portfolio_2026-09-15.csv","bothe_1","bothe_1__g3",20,"W_exp",150,-1
"3fdg4ref","M_exp_W_exp","portfolio_2026-09-15.csv","bothe_1","bothe_1__g3",20,"W_exp",200,1
"iliayit3","M_exp_W_exp","portfolio_2026-09-15.csv","bothe_1","bothe_1__g4",20,"M_exp",280,-1
"hpzf5xgg","M_exp_W_exp","portfolio_2026-09-15.csv","bothe_1","bothe_1__g4",20,"M_exp",300,1
"3th28718","M_exp_W_exp","portfolio_2026-09-15.csv","bothe_1","bothe_1__g4",20,"M_exp",300,1
"hh695q6a","M_exp_W_exp","portfolio_2026-09-15.csv","bothe_1","bothe_1__g4",20,"M_exp",290,0
"2w7wmunp","M_exp_W_exp","portfolio_2026-09-15.csv","bothe_1","bothe_1__g4",20,"M_exp",289,-1
"2fon3kdf","M_exp_W_exp","portfolio_2026-09-15.csv","bothe_1","bothe_1__g5",20,"M_exp",283,-1
"0vm37wcl","M_exp_W_exp","portfolio_2026-09-15.csv","bothe_1","bothe_1__g5",20,"M_exp",284,-1
"9902h2kd","M_exp_W_exp","portfolio_2026-09-15.csv","bothe_1","bothe_1__g5",20,"M_exp",286,0
"snwy0w01","M_exp_W_exp","portfolio_2026-09-15.csv","bothe_1","bothe_1__g5",20,"M_exp",286,1
"yaickank","M_exp_W_exp","portfolio_2026-09-15.csv","bothe_1","bothe_1__g5",20,"M_exp",286,1
"qvfebldb","M_exp_W_exp","portfolio_2026-09-16.csv","bothe_2","bothe_2__g1",11,"W_exp",250,0
"vbjq2y24","M_exp_W_exp","portfolio_2026-09-16.csv","bothe_2","bothe_2__g1",11,"W_exp",130,-1
"fjbh3h2b","M_exp_W_exp","portfolio_2026-09-16.csv","bothe_2","bothe_2__g1",11,"W_exp",150,-1
"j0v5am99","M_exp_W_exp","portfolio_2026-09-16.csv","bothe_2","bothe_2__g1",11,"W_exp",300,1
"wz4uvd97","M_exp_W_exp","portfolio_2026-09-16.csv","bothe_2","bothe_2__g1",11,"W_exp",300,1
"bw46f79x","M_exp_W_exp","portfolio_2026-09-16.csv","bothe_2","bothe_2__g2",11,"W_exp",170,-1
"42qlc5nb","M_exp_W_exp","portfolio_2026-09-16.csv","bothe_2","bothe_2__g2",11,"W_exp",300,1
"jw6ngkbn","M_exp_W_exp","portfolio_2026-09-16.csv","bothe_2","bothe_2__g2",11,"W_exp",140,-1
"booloaq9","M_exp_W_exp","portfolio_2026-09-16.csv","bothe_2","bothe_2__g2",11,"W_exp",180,0
"2pc7nfit","M_exp_W_exp","portfolio_2026-09-16.csv","bothe_2","bothe_2__g2",11,"W_exp",300,1
"t7rx3zw3","M_exp_W_exp","portfolio_2026-09-16.csv","bothe_2","bothe_2__g3",11,"W_exp",100,-1
"p48n4bh0","M_exp_W_exp","portfolio_2026-09-16.csv","bothe_2","bothe_2__g3",11,"W_exp",250,1
"folcs8ow","M_exp_W_exp","portfolio_2026-09-16.csv","bothe_2","bothe_2__g3",11,"W_exp",142,1
"cfp8kvc9","M_exp_W_exp","portfolio_2026-09-16.csv","bothe_2","bothe_2__g3",11,"W_exp",130,0
"tt26hkpl","M_exp_W_exp","portfolio_2026-09-16.csv","bothe_2","bothe_2__g3",11,"W_exp",111,-1
"jfy8jxqv","M_exp_W_exp","portfolio_2026-09-16.csv","bothe_2","bothe_2__g4",11,"M_exp",200,1
"eveqm1ww","M_exp_W_exp","portfolio_2026-09-16.csv","bothe_2","bothe_2__g4",11,"M_exp",100,-1
"1dtln5rg","M_exp_W_exp","portfolio_2026-09-16.csv","bothe_2","bothe_2__g4",11,"M_exp",125,-1
"5ltpvdck","M_exp_W_exp","portfolio_2026-09-16.csv","bothe_2","bothe_2__g4",11,"M_exp",125,1
"ic1ocjv5","M_exp_W_exp","portfolio_2026-09-16.csv","bothe_2","bothe_2__g4",11,"M_exp",125,0
"zd9eakrm","M_exp_W_exp","portfolio_2026-09-16.csv","bothe_2","bothe_2__g5",11,"W_exp",120,-1
"8tpz5m2a","M_exp_W_exp","portfolio_2026-09-16.csv","bothe_2","bothe_2__g5",11,"W_exp",146,1
"wfmdx2nb","M_exp_W_exp","portfolio_2026-09-16.csv","bothe_2","bothe_2__g5",11,"W_exp",125,0
"y40upi5t","M_exp_W_exp","portfolio_2026-09-16.csv","bothe_2","bothe_2__g5",11,"W_exp",300,1
"s6nkestj","M_exp_W_exp","portfolio_2026-09-16.csv","bothe_2","bothe_2__g5",11,"W_exp",100,-1
"qvfebldb","M_exp_W_exp","portfolio_2026-09-16.csv","bothe_2","bothe_2__g1",12,"W_exp",300,1
"vbjq2y24","M_exp_W_exp","portfolio_2026-09-16.csv","bothe_2","bothe_2__g1",12,"W_exp",230,-1
"fjbh3h2b","M_exp_W_exp","portfolio_2026-09-16.csv","bothe_2","bothe_2__g1",12,"W_exp",235,-1
"j0v5am99","M_exp_W_exp","portfolio_2026-09-16.csv","bothe_2","bothe_2__g1",12,"W_exp",280,1
"wz4uvd97","M_exp_W_exp","portfolio_2026-09-16.csv","bothe_2","bothe_2__g1",12,"W_exp",250,0
"bw46f79x","M_exp_W_exp","portfolio_2026-09-16.csv","bothe_2","bothe_2__g2",12,"W_exp",150,-1
"42qlc5nb","M_exp_W_exp","portfolio_2026-09-16.csv","bothe_2","bothe_2__g2",12,"W_exp",200,1
"jw6ngkbn","M_exp_W_exp","portfolio_2026-09-16.csv","bothe_2","bothe_2__g2",12,"W_exp",150,-1
"booloaq9","M_exp_W_exp","portfolio_2026-09-16.csv","bothe_2","bothe_2__g2",12,"W_exp",190,0
"2pc7nfit","M_exp_W_exp","portfolio_2026-09-16.csv","bothe_2","bothe_2__g2",12,"W_exp",200,1
"t7rx3zw3","M_exp_W_exp","portfolio_2026-09-16.csv","bothe_2","bothe_2__g3",12,"W_exp",200,1
"p48n4bh0","M_exp_W_exp","portfolio_2026-09-16.csv","bothe_2","bothe_2__g3",12,"W_exp",101,-1
"folcs8ow","M_exp_W_exp","portfolio_2026-09-16.csv","bothe_2","bothe_2__g3",12,"W_exp",142,0
"cfp8kvc9","M_exp_W_exp","portfolio_2026-09-16.csv","bothe_2","bothe_2__g3",12,"W_exp",150,1
"tt26hkpl","M_exp_W_exp","portfolio_2026-09-16.csv","bothe_2","bothe_2__g3",12,"W_exp",140,-1
"jfy8jxqv","M_exp_W_exp","portfolio_2026-09-16.csv","bothe_2","bothe_2__g4",12,"M_exp",130,1
"eveqm1ww","M_exp_W_exp","portfolio_2026-09-16.csv","bothe_2","bothe_2__g4",12,"M_exp",125,1
"1dtln5rg","M_exp_W_exp","portfolio_2026-09-16.csv","bothe_2","bothe_2__g4",12,"M_exp",125,-1
"5ltpvdck","M_exp_W_exp","portfolio_2026-09-16.csv","bothe_2","bothe_2__g4",12,"M_exp",120,-1
"ic1ocjv5","M_exp_W_exp","portfolio_2026-09-16.csv","bothe_2","bothe_2__g4",12,"M_exp",125,0
"zd9eakrm","M_exp_W_exp","portfolio_2026-09-16.csv","bothe_2","bothe_2__g5",12,"W_exp",120,-1
"8tpz5m2a","M_exp_W_exp","portfolio_2026-09-16.csv","bothe_2","bothe_2__g5",12,"W_exp",124,-1
"wfmdx2nb","M_exp_W_exp","portfolio_2026-09-16.csv","bothe_2","bothe_2__g5",12,"W_exp",125,1
"y40upi5t","M_exp_W_exp","portfolio_2026-09-16.csv","bothe_2","bothe_2__g5",12,"W_exp",300,1
"s6nkestj","M_exp_W_exp","portfolio_2026-09-16.csv","bothe_2","bothe_2__g5",12,"W_exp",125,0
"qvfebldb","M_exp_W_exp","portfolio_2026-09-16.csv","bothe_2","bothe_2__g1",13,"W_exp",247,1
"vbjq2y24","M_exp_W_exp","portfolio_2026-09-16.csv","bothe_2","bothe_2__g1",13,"W_exp",240,0
"fjbh3h2b","M_exp_W_exp","portfolio_2026-09-16.csv","bothe_2","bothe_2__g1",13,"W_exp",225,-1
"j0v5am99","M_exp_W_exp","portfolio_2026-09-16.csv","bothe_2","bothe_2__g1",13,"W_exp",200,-1
"wz4uvd97","M_exp_W_exp","portfolio_2026-09-16.csv","bothe_2","bothe_2__g1",13,"W_exp",251,1
"bw46f79x","M_exp_W_exp","portfolio_2026-09-16.csv","bothe_2","bothe_2__g2",13,"W_exp",250,1
"42qlc5nb","M_exp_W_exp","portfolio_2026-09-16.csv","bothe_2","bothe_2__g2",13,"W_exp",250,1
"jw6ngkbn","M_exp_W_exp","portfolio_2026-09-16.csv","bothe_2","bothe_2__g2",13,"W_exp",155,-1
"booloaq9","M_exp_W_exp","portfolio_2026-09-16.csv","bothe_2","bothe_2__g2",13,"W_exp",215,0
"2pc7nfit","M_exp_W_exp","portfolio_2026-09-16.csv","bothe_2","bothe_2__g2",13,"W_exp",200,-1
"t7rx3zw3","M_exp_W_exp","portfolio_2026-09-16.csv","bothe_2","bothe_2__g3",13,"W_exp",135,-1
"p48n4bh0","M_exp_W_exp","portfolio_2026-09-16.csv","bothe_2","bothe_2__g3",13,"W_exp",100,-1
"folcs8ow","M_exp_W_exp","portfolio_2026-09-16.csv","bothe_2","bothe_2__g3",13,"W_exp",140,0
"cfp8kvc9","M_exp_W_exp","portfolio_2026-09-16.csv","bothe_2","bothe_2__g3",13,"W_exp",150,1
"tt26hkpl","M_exp_W_exp","portfolio_2026-09-16.csv","bothe_2","bothe_2__g3",13,"W_exp",150,1
"jfy8jxqv","M_exp_W_exp","portfolio_2026-09-16.csv","bothe_2","bothe_2__g4",13,"M_exp",130,1
"eveqm1ww","M_exp_W_exp","portfolio_2026-09-16.csv","bothe_2","bothe_2__g4",13,"M_exp",125,-1
"1dtln5rg","M_exp_W_exp","portfolio_2026-09-16.csv","bothe_2","bothe_2__g4",13,"M_exp",125,-1
"5ltpvdck","M_exp_W_exp","portfolio_2026-09-16.csv","bothe_2","bothe_2__g4",13,"M_exp",126,1
"ic1ocjv5","M_exp_W_exp","portfolio_2026-09-16.csv","bothe_2","bothe_2__g4",13,"M_exp",125,0
"zd9eakrm","M_exp_W_exp","portfolio_2026-09-16.csv","bothe_2","bothe_2__g5",13,"W_exp",120,-1
"8tpz5m2a","M_exp_W_exp","portfolio_2026-09-16.csv","bothe_2","bothe_2__g5",13,"W_exp",124,-1
"wfmdx2nb","M_exp_W_exp","portfolio_2026-09-16.csv","bothe_2","bothe_2__g5",13,"W_exp",125,0
"y40upi5t","M_exp_W_exp","portfolio_2026-09-16.csv","bothe_2","bothe_2__g5",13,"W_exp",300,1
"s6nkestj","M_exp_W_exp","portfolio_2026-09-16.csv","bothe_2","bothe_2__g5",13,"W_exp",126,1
"qvfebldb","M_exp_W_exp","portfolio_2026-09-16.csv","bothe_2","bothe_2__g1",14,"W_exp",260,1
"vbjq2y24","M_exp_W_exp","portfolio_2026-09-16.csv","bothe_2","bothe_2__g1",14,"W_exp",250,1
"fjbh3h2b","M_exp_W_exp","portfolio_2026-09-16.csv","bothe_2","bothe_2__g1",14,"W_exp",210,-1
"j0v5am99","M_exp_W_exp","portfolio_2026-09-16.csv","bothe_2","bothe_2__g1",14,"W_exp",225,-1
"wz4uvd97","M_exp_W_exp","portfolio_2026-09-16.csv","bothe_2","bothe_2__g1",14,"W_exp",230,0
"bw46f79x","M_exp_W_exp","portfolio_2026-09-16.csv","bothe_2","bothe_2__g2",14,"W_exp",250,0
"42qlc5nb","M_exp_W_exp","portfolio_2026-09-16.csv","bothe_2","bothe_2__g2",14,"W_exp",250,1
"jw6ngkbn","M_exp_W_exp","portfolio_2026-09-16.csv","bothe_2","bothe_2__g2",14,"W_exp",170,-1
"booloaq9","M_exp_W_exp","portfolio_2026-09-16.csv","bothe_2","bothe_2__g2",14,"W_exp",250,1
"2pc7nfit","M_exp_W_exp","portfolio_2026-09-16.csv","bothe_2","bothe_2__g2",14,"W_exp",190,-1
"t7rx3zw3","M_exp_W_exp","portfolio_2026-09-16.csv","bothe_2","bothe_2__g3",14,"W_exp",135,-1
"p48n4bh0","M_exp_W_exp","portfolio_2026-09-16.csv","bothe_2","bothe_2__g3",14,"W_exp",100,-1
"folcs8ow","M_exp_W_exp","portfolio_2026-09-16.csv","bothe_2","bothe_2__g3",14,"W_exp",135,0
"cfp8kvc9","M_exp_W_exp","portfolio_2026-09-16.csv","bothe_2","bothe_2__g3",14,"W_exp",150,1
"tt26hkpl","M_exp_W_exp","portfolio_2026-09-16.csv","bothe_2","bothe_2__g3",14,"W_exp",150,1
"jfy8jxqv","M_exp_W_exp","portfolio_2026-09-16.csv","bothe_2","bothe_2__g4",14,"M_exp",126,1
"eveqm1ww","M_exp_W_exp","portfolio_2026-09-16.csv","bothe_2","bothe_2__g4",14,"M_exp",126,1
"1dtln5rg","M_exp_W_exp","portfolio_2026-09-16.csv","bothe_2","bothe_2__g4",14,"M_exp",125,-1
"5ltpvdck","M_exp_W_exp","portfolio_2026-09-16.csv","bothe_2","bothe_2__g4",14,"M_exp",125,0
"ic1ocjv5","M_exp_W_exp","portfolio_2026-09-16.csv","bothe_2","bothe_2__g4",14,"M_exp",125,-1
"zd9eakrm","M_exp_W_exp","portfolio_2026-09-16.csv","bothe_2","bothe_2__g5",14,"W_exp",120,-1
"8tpz5m2a","M_exp_W_exp","portfolio_2026-09-16.csv","bothe_2","bothe_2__g5",14,"W_exp",124,-1
"wfmdx2nb","M_exp_W_exp","portfolio_2026-09-16.csv","bothe_2","bothe_2__g5",14,"W_exp",125,0
"y40upi5t","M_exp_W_exp","portfolio_2026-09-16.csv","bothe_2","bothe_2__g5",14,"W_exp",450,1
"s6nkestj","M_exp_W_exp","portfolio_2026-09-16.csv","bothe_2","bothe_2__g5",14,"W_exp",126,1
"qvfebldb","M_exp_W_exp","portfolio_2026-09-16.csv","bothe_2","bothe_2__g1",15,"W_exp",260,1
"vbjq2y24","M_exp_W_exp","portfolio_2026-09-16.csv","bothe_2","bothe_2__g1",15,"W_exp",210,-1
"fjbh3h2b","M_exp_W_exp","portfolio_2026-09-16.csv","bothe_2","bothe_2__g1",15,"W_exp",210,-1
"j0v5am99","M_exp_W_exp","portfolio_2026-09-16.csv","bothe_2","bothe_2__g1",15,"W_exp",220,0
"wz4uvd97","M_exp_W_exp","portfolio_2026-09-16.csv","bothe_2","bothe_2__g1",15,"W_exp",225,1
"bw46f79x","M_exp_W_exp","portfolio_2026-09-16.csv","bothe_2","bothe_2__g2",15,"W_exp",10,-1
"42qlc5nb","M_exp_W_exp","portfolio_2026-09-16.csv","bothe_2","bothe_2__g2",15,"W_exp",260,1
"jw6ngkbn","M_exp_W_exp","portfolio_2026-09-16.csv","bothe_2","bothe_2__g2",15,"W_exp",190,-1
"booloaq9","M_exp_W_exp","portfolio_2026-09-16.csv","bothe_2","bothe_2__g2",15,"W_exp",251,0
"2pc7nfit","M_exp_W_exp","portfolio_2026-09-16.csv","bothe_2","bothe_2__g2",15,"W_exp",300,1
"t7rx3zw3","M_exp_W_exp","portfolio_2026-09-16.csv","bothe_2","bothe_2__g3",15,"W_exp",135,-1
"p48n4bh0","M_exp_W_exp","portfolio_2026-09-16.csv","bothe_2","bothe_2__g3",15,"W_exp",130,-1
"folcs8ow","M_exp_W_exp","portfolio_2026-09-16.csv","bothe_2","bothe_2__g3",15,"W_exp",139,0
"cfp8kvc9","M_exp_W_exp","portfolio_2026-09-16.csv","bothe_2","bothe_2__g3",15,"W_exp",140,1
"tt26hkpl","M_exp_W_exp","portfolio_2026-09-16.csv","bothe_2","bothe_2__g3",15,"W_exp",150,1
"jfy8jxqv","M_exp_W_exp","portfolio_2026-09-16.csv","bothe_2","bothe_2__g4",15,"M_exp",126,1
"eveqm1ww","M_exp_W_exp","portfolio_2026-09-16.csv","bothe_2","bothe_2__g4",15,"M_exp",126,1
"1dtln5rg","M_exp_W_exp","portfolio_2026-09-16.csv","bothe_2","bothe_2__g4",15,"M_exp",125,-1
"5ltpvdck","M_exp_W_exp","portfolio_2026-09-16.csv","bothe_2","bothe_2__g4",15,"M_exp",125,-1
"ic1ocjv5","M_exp_W_exp","portfolio_2026-09-16.csv","bothe_2","bothe_2__g4",15,"M_exp",125,0
"zd9eakrm","M_exp_W_exp","portfolio_2026-09-16.csv","bothe_2","bothe_2__g5",15,"W_exp",120,-1
"8tpz5m2a","M_exp_W_exp","portfolio_2026-09-16.csv","bothe_2","bothe_2__g5",15,"W_exp",124,-1
"wfmdx2nb","M_exp_W_exp","portfolio_2026-09-16.csv","bothe_2","bothe_2__g5",15,"W_exp",200,1
"y40upi5t","M_exp_W_exp","portfolio_2026-09-16.csv","bothe_2","bothe_2__g5",15,"W_exp",480,1
"s6nkestj","M_exp_W_exp","portfolio_2026-09-16.csv","bothe_2","bothe_2__g5",15,"W_exp",126,0
"qvfebldb","M_exp_W_exp","portfolio_2026-09-16.csv","bothe_2","bothe_2__g1",16,"W_exp",256,1
"vbjq2y24","M_exp_W_exp","portfolio_2026-09-16.csv","bothe_2","bothe_2__g1",16,"W_exp",210,1
"fjbh3h2b","M_exp_W_exp","portfolio_2026-09-16.csv","bothe_2","bothe_2__g1",16,"W_exp",205,-1
"j0v5am99","M_exp_W_exp","portfolio_2026-09-16.csv","bothe_2","bothe_2__g1",16,"W_exp",205,0
"wz4uvd97","M_exp_W_exp","portfolio_2026-09-16.csv","bothe_2","bothe_2__g1",16,"W_exp",190,-1
"bw46f79x","M_exp_W_exp","portfolio_2026-09-16.csv","bothe_2","bothe_2__g2",16,"W_exp",286,1
"42qlc5nb","M_exp_W_exp","portfolio_2026-09-16.csv","bothe_2","bothe_2__g2",16,"W_exp",260,0
"jw6ngkbn","M_exp_W_exp","portfolio_2026-09-16.csv","bothe_2","bothe_2__g2",16,"W_exp",200,-1
"booloaq9","M_exp_W_exp","portfolio_2026-09-16.csv","bothe_2","bothe_2__g2",16,"W_exp",270,1
"2pc7nfit","M_exp_W_exp","portfolio_2026-09-16.csv","bothe_2","bothe_2__g2",16,"W_exp",200,-1
"t7rx3zw3","M_exp_W_exp","portfolio_2026-09-16.csv","bothe_2","bothe_2__g3",16,"W_exp",135,-1
"p48n4bh0","M_exp_W_exp","portfolio_2026-09-16.csv","bothe_2","bothe_2__g3",16,"W_exp",140,1
"folcs8ow","M_exp_W_exp","portfolio_2026-09-16.csv","bothe_2","bothe_2__g3",16,"W_exp",138,0
"cfp8kvc9","M_exp_W_exp","portfolio_2026-09-16.csv","bothe_2","bothe_2__g3",16,"W_exp",120,-1
"tt26hkpl","M_exp_W_exp","portfolio_2026-09-16.csv","bothe_2","bothe_2__g3",16,"W_exp",150,1
"jfy8jxqv","M_exp_W_exp","portfolio_2026-09-16.csv","bothe_2","bothe_2__g4",16,"M_exp",126,1
"eveqm1ww","M_exp_W_exp","portfolio_2026-09-16.csv","bothe_2","bothe_2__g4",16,"M_exp",126,1
"1dtln5rg","M_exp_W_exp","portfolio_2026-09-16.csv","bothe_2","bothe_2__g4",16,"M_exp",125,-1
"5ltpvdck","M_exp_W_exp","portfolio_2026-09-16.csv","bothe_2","bothe_2__g4",16,"M_exp",125,-1
"ic1ocjv5","M_exp_W_exp","portfolio_2026-09-16.csv","bothe_2","bothe_2__g4",16,"M_exp",125,0
"zd9eakrm","M_exp_W_exp","portfolio_2026-09-16.csv","bothe_2","bothe_2__g5",16,"W_exp",120,-1
"8tpz5m2a","M_exp_W_exp","portfolio_2026-09-16.csv","bothe_2","bothe_2__g5",16,"W_exp",124,-1
"wfmdx2nb","M_exp_W_exp","portfolio_2026-09-16.csv","bothe_2","bothe_2__g5",16,"W_exp",125,0
"y40upi5t","M_exp_W_exp","portfolio_2026-09-16.csv","bothe_2","bothe_2__g5",16,"W_exp",480,1
"s6nkestj","M_exp_W_exp","portfolio_2026-09-16.csv","bothe_2","bothe_2__g5",16,"W_exp",127,1
"qvfebldb","M_exp_W_exp","portfolio_2026-09-16.csv","bothe_2","bothe_2__g1",17,"W_exp",240,1
"vbjq2y24","M_exp_W_exp","portfolio_2026-09-16.csv","bothe_2","bothe_2__g1",17,"W_exp",200,1
"fjbh3h2b","M_exp_W_exp","portfolio_2026-09-16.csv","bothe_2","bothe_2__g1",17,"W_exp",190,-1
"j0v5am99","M_exp_W_exp","portfolio_2026-09-16.csv","bothe_2","bothe_2__g1",17,"W_exp",190,-1
"wz4uvd97","M_exp_W_exp","portfolio_2026-09-16.csv","bothe_2","bothe_2__g1",17,"W_exp",190,0
"bw46f79x","M_exp_W_exp","portfolio_2026-09-16.csv","bothe_2","bothe_2__g2",17,"W_exp",300,1
"42qlc5nb","M_exp_W_exp","portfolio_2026-09-16.csv","bothe_2","bothe_2__g2",17,"W_exp",270,1
"jw6ngkbn","M_exp_W_exp","portfolio_2026-09-16.csv","bothe_2","bothe_2__g2",17,"W_exp",220,-1
"booloaq9","M_exp_W_exp","portfolio_2026-09-16.csv","bothe_2","bothe_2__g2",17,"W_exp",250,0
"2pc7nfit","M_exp_W_exp","portfolio_2026-09-16.csv","bothe_2","bothe_2__g2",17,"W_exp",210,-1
"t7rx3zw3","M_exp_W_exp","portfolio_2026-09-16.csv","bothe_2","bothe_2__g3",17,"W_exp",135,-1
"p48n4bh0","M_exp_W_exp","portfolio_2026-09-16.csv","bothe_2","bothe_2__g3",17,"W_exp",140,0
"folcs8ow","M_exp_W_exp","portfolio_2026-09-16.csv","bothe_2","bothe_2__g3",17,"W_exp",137,-1
"cfp8kvc9","M_exp_W_exp","portfolio_2026-09-16.csv","bothe_2","bothe_2__g3",17,"W_exp",140,1
"tt26hkpl","M_exp_W_exp","portfolio_2026-09-16.csv","bothe_2","bothe_2__g3",17,"W_exp",150,1
"jfy8jxqv","M_exp_W_exp","portfolio_2026-09-16.csv","bothe_2","bothe_2__g4",17,"M_exp",126,1
"eveqm1ww","M_exp_W_exp","portfolio_2026-09-16.csv","bothe_2","bothe_2__g4",17,"M_exp",126,1
"1dtln5rg","M_exp_W_exp","portfolio_2026-09-16.csv","bothe_2","bothe_2__g4",17,"M_exp",125,-1
"5ltpvdck","M_exp_W_exp","portfolio_2026-09-16.csv","bothe_2","bothe_2__g4",17,"M_exp",125,-1
"ic1ocjv5","M_exp_W_exp","portfolio_2026-09-16.csv","bothe_2","bothe_2__g4",17,"M_exp",125,0
"zd9eakrm","M_exp_W_exp","portfolio_2026-09-16.csv","bothe_2","bothe_2__g5",17,"W_exp",120,-1
"8tpz5m2a","M_exp_W_exp","portfolio_2026-09-16.csv","bothe_2","bothe_2__g5",17,"W_exp",124,-1
"wfmdx2nb","M_exp_W_exp","portfolio_2026-09-16.csv","bothe_2","bothe_2__g5",17,"W_exp",125,1
"y40upi5t","M_exp_W_exp","portfolio_2026-09-16.csv","bothe_2","bothe_2__g5",17,"W_exp",480,1
"s6nkestj","M_exp_W_exp","portfolio_2026-09-16.csv","bothe_2","bothe_2__g5",17,"W_exp",125,0
"qvfebldb","M_exp_W_exp","portfolio_2026-09-16.csv","bothe_2","bothe_2__g1",18,"W_exp",230,1
"vbjq2y24","M_exp_W_exp","portfolio_2026-09-16.csv","bothe_2","bothe_2__g1",18,"W_exp",195,1
"fjbh3h2b","M_exp_W_exp","portfolio_2026-09-16.csv","bothe_2","bothe_2__g1",18,"W_exp",170,-1
"j0v5am99","M_exp_W_exp","portfolio_2026-09-16.csv","bothe_2","bothe_2__g1",18,"W_exp",175,-1
"wz4uvd97","M_exp_W_exp","portfolio_2026-09-16.csv","bothe_2","bothe_2__g1",18,"W_exp",190,0
"bw46f79x","M_exp_W_exp","portfolio_2026-09-16.csv","bothe_2","bothe_2__g2",18,"W_exp",1,-1
"42qlc5nb","M_exp_W_exp","portfolio_2026-09-16.csv","bothe_2","bothe_2__g2",18,"W_exp",270,1
"jw6ngkbn","M_exp_W_exp","portfolio_2026-09-16.csv","bothe_2","bothe_2__g2",18,"W_exp",210,-1
"booloaq9","M_exp_W_exp","portfolio_2026-09-16.csv","bothe_2","bothe_2__g2",18,"W_exp",220,0
"2pc7nfit","M_exp_W_exp","portfolio_2026-09-16.csv","bothe_2","bothe_2__g2",18,"W_exp",220,1
"t7rx3zw3","M_exp_W_exp","portfolio_2026-09-16.csv","bothe_2","bothe_2__g3",18,"W_exp",135,-1
"p48n4bh0","M_exp_W_exp","portfolio_2026-09-16.csv","bothe_2","bothe_2__g3",18,"W_exp",100,-1
"folcs8ow","M_exp_W_exp","portfolio_2026-09-16.csv","bothe_2","bothe_2__g3",18,"W_exp",138,0
"cfp8kvc9","M_exp_W_exp","portfolio_2026-09-16.csv","bothe_2","bothe_2__g3",18,"W_exp",140,1
"tt26hkpl","M_exp_W_exp","portfolio_2026-09-16.csv","bothe_2","bothe_2__g3",18,"W_exp",150,1
"jfy8jxqv","M_exp_W_exp","portfolio_2026-09-16.csv","bothe_2","bothe_2__g4",18,"M_exp",126,1
"eveqm1ww","M_exp_W_exp","portfolio_2026-09-16.csv","bothe_2","bothe_2__g4",18,"M_exp",126,1
"1dtln5rg","M_exp_W_exp","portfolio_2026-09-16.csv","bothe_2","bothe_2__g4",18,"M_exp",125,-1
"5ltpvdck","M_exp_W_exp","portfolio_2026-09-16.csv","bothe_2","bothe_2__g4",18,"M_exp",125,0
"ic1ocjv5","M_exp_W_exp","portfolio_2026-09-16.csv","bothe_2","bothe_2__g4",18,"M_exp",125,-1
"zd9eakrm","M_exp_W_exp","portfolio_2026-09-16.csv","bothe_2","bothe_2__g5",18,"W_exp",120,-1
"8tpz5m2a","M_exp_W_exp","portfolio_2026-09-16.csv","bothe_2","bothe_2__g5",18,"W_exp",122,-1
"wfmdx2nb","M_exp_W_exp","portfolio_2026-09-16.csv","bothe_2","bothe_2__g5",18,"W_exp",125,0
"y40upi5t","M_exp_W_exp","portfolio_2026-09-16.csv","bothe_2","bothe_2__g5",18,"W_exp",460,1
"s6nkestj","M_exp_W_exp","portfolio_2026-09-16.csv","bothe_2","bothe_2__g5",18,"W_exp",125,1
"qvfebldb","M_exp_W_exp","portfolio_2026-09-16.csv","bothe_2","bothe_2__g1",19,"W_exp",220,1
"vbjq2y24","M_exp_W_exp","portfolio_2026-09-16.csv","bothe_2","bothe_2__g1",19,"W_exp",200,1
"fjbh3h2b","M_exp_W_exp","portfolio_2026-09-16.csv","bothe_2","bothe_2__g1",19,"W_exp",185,-1
"j0v5am99","M_exp_W_exp","portfolio_2026-09-16.csv","bothe_2","bothe_2__g1",19,"W_exp",188,0
"wz4uvd97","M_exp_W_exp","portfolio_2026-09-16.csv","bothe_2","bothe_2__g1",19,"W_exp",1,-1
"bw46f79x","M_exp_W_exp","portfolio_2026-09-16.csv","bothe_2","bothe_2__g2",19,"W_exp",250,1
"42qlc5nb","M_exp_W_exp","portfolio_2026-09-16.csv","bothe_2","bothe_2__g2",19,"W_exp",250,1
"jw6ngkbn","M_exp_W_exp","portfolio_2026-09-16.csv","bothe_2","bothe_2__g2",19,"W_exp",190,-1
"booloaq9","M_exp_W_exp","portfolio_2026-09-16.csv","bothe_2","bothe_2__g2",19,"W_exp",200,0
"2pc7nfit","M_exp_W_exp","portfolio_2026-09-16.csv","bothe_2","bothe_2__g2",19,"W_exp",200,-1
"t7rx3zw3","M_exp_W_exp","portfolio_2026-09-16.csv","bothe_2","bothe_2__g3",19,"W_exp",135,0
"p48n4bh0","M_exp_W_exp","portfolio_2026-09-16.csv","bothe_2","bothe_2__g3",19,"W_exp",100,-1
"folcs8ow","M_exp_W_exp","portfolio_2026-09-16.csv","bothe_2","bothe_2__g3",19,"W_exp",138,1
"cfp8kvc9","M_exp_W_exp","portfolio_2026-09-16.csv","bothe_2","bothe_2__g3",19,"W_exp",130,-1
"tt26hkpl","M_exp_W_exp","portfolio_2026-09-16.csv","bothe_2","bothe_2__g3",19,"W_exp",145,1
"jfy8jxqv","M_exp_W_exp","portfolio_2026-09-16.csv","bothe_2","bothe_2__g4",19,"M_exp",126,1
"eveqm1ww","M_exp_W_exp","portfolio_2026-09-16.csv","bothe_2","bothe_2__g4",19,"M_exp",126,1
"1dtln5rg","M_exp_W_exp","portfolio_2026-09-16.csv","bothe_2","bothe_2__g4",19,"M_exp",125,-1
"5ltpvdck","M_exp_W_exp","portfolio_2026-09-16.csv","bothe_2","bothe_2__g4",19,"M_exp",125,-1
"ic1ocjv5","M_exp_W_exp","portfolio_2026-09-16.csv","bothe_2","bothe_2__g4",19,"M_exp",125,0
"zd9eakrm","M_exp_W_exp","portfolio_2026-09-16.csv","bothe_2","bothe_2__g5",19,"W_exp",120,-1
"8tpz5m2a","M_exp_W_exp","portfolio_2026-09-16.csv","bothe_2","bothe_2__g5",19,"W_exp",124,-1
"wfmdx2nb","M_exp_W_exp","portfolio_2026-09-16.csv","bothe_2","bothe_2__g5",19,"W_exp",125,0
"y40upi5t","M_exp_W_exp","portfolio_2026-09-16.csv","bothe_2","bothe_2__g5",19,"W_exp",130,1
"s6nkestj","M_exp_W_exp","portfolio_2026-09-16.csv","bothe_2","bothe_2__g5",19,"W_exp",126,1
"qvfebldb","M_exp_W_exp","portfolio_2026-09-16.csv","bothe_2","bothe_2__g1",20,"W_exp",210,1
"vbjq2y24","M_exp_W_exp","portfolio_2026-09-16.csv","bothe_2","bothe_2__g1",20,"W_exp",190,1
"fjbh3h2b","M_exp_W_exp","portfolio_2026-09-16.csv","bothe_2","bothe_2__g1",20,"W_exp",180,-1
"j0v5am99","M_exp_W_exp","portfolio_2026-09-16.csv","bothe_2","bothe_2__g1",20,"W_exp",180,0
"wz4uvd97","M_exp_W_exp","portfolio_2026-09-16.csv","bothe_2","bothe_2__g1",20,"W_exp",1,-1
"bw46f79x","M_exp_W_exp","portfolio_2026-09-16.csv","bothe_2","bothe_2__g2",20,"W_exp",1,-1
"42qlc5nb","M_exp_W_exp","portfolio_2026-09-16.csv","bothe_2","bothe_2__g2",20,"W_exp",250,1
"jw6ngkbn","M_exp_W_exp","portfolio_2026-09-16.csv","bothe_2","bothe_2__g2",20,"W_exp",175,0
"booloaq9","M_exp_W_exp","portfolio_2026-09-16.csv","bothe_2","bothe_2__g2",20,"W_exp",200,1
"2pc7nfit","M_exp_W_exp","portfolio_2026-09-16.csv","bothe_2","bothe_2__g2",20,"W_exp",120,-1
"t7rx3zw3","M_exp_W_exp","portfolio_2026-09-16.csv","bothe_2","bothe_2__g3",20,"W_exp",135,-1
"p48n4bh0","M_exp_W_exp","portfolio_2026-09-16.csv","bothe_2","bothe_2__g3",20,"W_exp",135,-1
"folcs8ow","M_exp_W_exp","portfolio_2026-09-16.csv","bothe_2","bothe_2__g3",20,"W_exp",136,0
"cfp8kvc9","M_exp_W_exp","portfolio_2026-09-16.csv","bothe_2","bothe_2__g3",20,"W_exp",140,1
"tt26hkpl","M_exp_W_exp","portfolio_2026-09-16.csv","bothe_2","bothe_2__g3",20,"W_exp",141,1
"jfy8jxqv","M_exp_W_exp","portfolio_2026-09-16.csv","bothe_2","bothe_2__g4",20,"M_exp",100,-1
"eveqm1ww","M_exp_W_exp","portfolio_2026-09-16.csv","bothe_2","bothe_2__g4",20,"M_exp",127,1
"1dtln5rg","M_exp_W_exp","portfolio_2026-09-16.csv","bothe_2","bothe_2__g4",20,"M_exp",125,-1
"5ltpvdck","M_exp_W_exp","portfolio_2026-09-16.csv","bothe_2","bothe_2__g4",20,"M_exp",125,0
"ic1ocjv5","M_exp_W_exp","portfolio_2026-09-16.csv","bothe_2","bothe_2__g4",20,"M_exp",125,1
"zd9eakrm","M_exp_W_exp","portfolio_2026-09-16.csv","bothe_2","bothe_2__g5",20,"W_exp",120,-1
"8tpz5m2a","M_exp_W_exp","portfolio_2026-09-16.csv","bothe_2","bothe_2__g5",20,"W_exp",124,-1
"wfmdx2nb","M_exp_W_exp","portfolio_2026-09-16.csv","bothe_2","bothe_2__g5",20,"W_exp",200,1
"y40upi5t","M_exp_W_exp","portfolio_2026-09-16.csv","bothe_2","bothe_2__g5",20,"W_exp",127,1
"s6nkestj","M_exp_W_exp","portfolio_2026-09-16.csv","bothe_2","bothe_2__g5",20,"W_exp",125,0
"msd1f2iu","M_no_W_no","portfolio_2026-09-16.csv","bothno_1","bothno_1__g1",11,"M_no",100,-1
"omrf04k4","M_no_W_no","portfolio_2026-09-16.csv","bothno_1","bothno_1__g1",11,"M_no",300,1
"duzxv1is","M_no_W_no","portfolio_2026-09-16.csv","bothno_1","bothno_1__g1",11,"M_no",99,-1
"znk2pevv","M_no_W_no","portfolio_2026-09-16.csv","bothno_1","bothno_1__g1",11,"M_no",110,0
"rv5b38em","M_no_W_no","portfolio_2026-09-16.csv","bothno_1","bothno_1__g1",11,"M_no",150,1
"z7t2lpyk","M_no_W_no","portfolio_2026-09-16.csv","bothno_1","bothno_1__g2",11,"W_no",400,1
"dwx0my9x","M_no_W_no","portfolio_2026-09-16.csv","bothno_1","bothno_1__g2",11,"W_no",110,0
"uhxz6pjz","M_no_W_no","portfolio_2026-09-16.csv","bothno_1","bothno_1__g2",11,"W_no",125,1
"r39x605k","M_no_W_no","portfolio_2026-09-16.csv","bothno_1","bothno_1__g2",11,"W_no",100,-1
"yhliw46v","M_no_W_no","portfolio_2026-09-16.csv","bothno_1","bothno_1__g2",11,"W_no",110,-1
"7abl389c","M_no_W_no","portfolio_2026-09-16.csv","bothno_1","bothno_1__g3",11,"W_no",3,-1
"6kns3oml","M_no_W_no","portfolio_2026-09-16.csv","bothno_1","bothno_1__g3",11,"W_no",300,0
"pp2e4xx5","M_no_W_no","portfolio_2026-09-16.csv","bothno_1","bothno_1__g3",11,"W_no",300,1
"jid9ui4f","M_no_W_no","portfolio_2026-09-16.csv","bothno_1","bothno_1__g3",11,"W_no",300,1
"grwzfvbr","M_no_W_no","portfolio_2026-09-16.csv","bothno_1","bothno_1__g3",11,"W_no",20,-1
"yxcpp681","M_no_W_no","portfolio_2026-09-16.csv","bothno_1","bothno_1__g4",11,"W_no",200,-1
"09bse981","M_no_W_no","portfolio_2026-09-16.csv","bothno_1","bothno_1__g4",11,"W_no",300,1
"2p0bevly","M_no_W_no","portfolio_2026-09-16.csv","bothno_1","bothno_1__g4",11,"W_no",350,1
"raavz353","M_no_W_no","portfolio_2026-09-16.csv","bothno_1","bothno_1__g4",11,"W_no",100,-1
"6rdutaoz","M_no_W_no","portfolio_2026-09-16.csv","bothno_1","bothno_1__g4",11,"W_no",200,0
"21anldsa","M_no_W_no","portfolio_2026-09-16.csv","bothno_1","bothno_1__g5",11,"M_no",150,-1
"3mjtjuou","M_no_W_no","portfolio_2026-09-16.csv","bothno_1","bothno_1__g5",11,"M_no",150,-1
"5jtwpe9d","M_no_W_no","portfolio_2026-09-16.csv","bothno_1","bothno_1__g5",11,"M_no",200,1
"s16bmsk2","M_no_W_no","portfolio_2026-09-16.csv","bothno_1","bothno_1__g5",11,"M_no",150,0
"sjw641j3","M_no_W_no","portfolio_2026-09-16.csv","bothno_1","bothno_1__g5",11,"M_no",200,1
"msd1f2iu","M_no_W_no","portfolio_2026-09-16.csv","bothno_1","bothno_1__g1",12,"M_no",150,1
"omrf04k4","M_no_W_no","portfolio_2026-09-16.csv","bothno_1","bothno_1__g1",12,"M_no",100,-1
"duzxv1is","M_no_W_no","portfolio_2026-09-16.csv","bothno_1","bothno_1__g1",12,"M_no",99,-1
"znk2pevv","M_no_W_no","portfolio_2026-09-16.csv","bothno_1","bothno_1__g1",12,"M_no",110,0
"rv5b38em","M_no_W_no","portfolio_2026-09-16.csv","bothno_1","bothno_1__g1",12,"M_no",150,1
"z7t2lpyk","M_no_W_no","portfolio_2026-09-16.csv","bothno_1","bothno_1__g2",12,"W_no",50,-1
"dwx0my9x","M_no_W_no","portfolio_2026-09-16.csv","bothno_1","bothno_1__g2",12,"W_no",110,-1
"uhxz6pjz","M_no_W_no","portfolio_2026-09-16.csv","bothno_1","bothno_1__g2",12,"W_no",125,1
"r39x605k","M_no_W_no","portfolio_2026-09-16.csv","bothno_1","bothno_1__g2",12,"W_no",130,1
"yhliw46v","M_no_W_no","portfolio_2026-09-16.csv","bothno_1","bothno_1__g2",12,"W_no",120,0
"7abl389c","M_no_W_no","portfolio_2026-09-16.csv","bothno_1","bothno_1__g3",12,"W_no",3,-1
"6kns3oml","M_no_W_no","portfolio_2026-09-16.csv","bothno_1","bothno_1__g3",12,"W_no",200,-1
"pp2e4xx5","M_no_W_no","portfolio_2026-09-16.csv","bothno_1","bothno_1__g3",12,"W_no",300,1
"jid9ui4f","M_no_W_no","portfolio_2026-09-16.csv","bothno_1","bothno_1__g3",12,"W_no",300,0
"grwzfvbr","M_no_W_no","portfolio_2026-09-16.csv","bothno_1","bothno_1__g3",12,"W_no",350,1
"yxcpp681","M_no_W_no","portfolio_2026-09-16.csv","bothno_1","bothno_1__g4",12,"W_no",179,-1
"09bse981","M_no_W_no","portfolio_2026-09-16.csv","bothno_1","bothno_1__g4",12,"W_no",300,1
"2p0bevly","M_no_W_no","portfolio_2026-09-16.csv","bothno_1","bothno_1__g4",12,"W_no",250,1
"raavz353","M_no_W_no","portfolio_2026-09-16.csv","bothno_1","bothno_1__g4",12,"W_no",150,-1
"6rdutaoz","M_no_W_no","portfolio_2026-09-16.csv","bothno_1","bothno_1__g4",12,"W_no",200,0
"21anldsa","M_no_W_no","portfolio_2026-09-16.csv","bothno_1","bothno_1__g5",12,"M_no",150,-1
"3mjtjuou","M_no_W_no","portfolio_2026-09-16.csv","bothno_1","bothno_1__g5",12,"M_no",150,-1
"5jtwpe9d","M_no_W_no","portfolio_2026-09-16.csv","bothno_1","bothno_1__g5",12,"M_no",200,1
"s16bmsk2","M_no_W_no","portfolio_2026-09-16.csv","bothno_1","bothno_1__g5",12,"M_no",160,0
"sjw641j3","M_no_W_no","portfolio_2026-09-16.csv","bothno_1","bothno_1__g5",12,"M_no",340,1
"msd1f2iu","M_no_W_no","portfolio_2026-09-16.csv","bothno_1","bothno_1__g1",13,"M_no",150,1
"omrf04k4","M_no_W_no","portfolio_2026-09-16.csv","bothno_1","bothno_1__g1",13,"M_no",150,1
"duzxv1is","M_no_W_no","portfolio_2026-09-16.csv","bothno_1","bothno_1__g1",13,"M_no",99,-1
"znk2pevv","M_no_W_no","portfolio_2026-09-16.csv","bothno_1","bothno_1__g1",13,"M_no",110,-1
"rv5b38em","M_no_W_no","portfolio_2026-09-16.csv","bothno_1","bothno_1__g1",13,"M_no",150,0
"z7t2lpyk","M_no_W_no","portfolio_2026-09-16.csv","bothno_1","bothno_1__g2",13,"W_no",119,1
"dwx0my9x","M_no_W_no","portfolio_2026-09-16.csv","bothno_1","bothno_1__g2",13,"W_no",110,0
"uhxz6pjz","M_no_W_no","portfolio_2026-09-16.csv","bothno_1","bothno_1__g2",13,"W_no",125,1
"r39x605k","M_no_W_no","portfolio_2026-09-16.csv","bothno_1","bothno_1__g2",13,"W_no",100,-1
"yhliw46v","M_no_W_no","portfolio_2026-09-16.csv","bothno_1","bothno_1__g2",13,"W_no",110,-1
"7abl389c","M_no_W_no","portfolio_2026-09-16.csv","bothno_1","bothno_1__g3",13,"W_no",3,-1
"6kns3oml","M_no_W_no","portfolio_2026-09-16.csv","bothno_1","bothno_1__g3",13,"W_no",200,-1
"pp2e4xx5","M_no_W_no","portfolio_2026-09-16.csv","bothno_1","bothno_1__g3",13,"W_no",300,1
"jid9ui4f","M_no_W_no","portfolio_2026-09-16.csv","bothno_1","bothno_1__g3",13,"W_no",300,1
"grwzfvbr","M_no_W_no","portfolio_2026-09-16.csv","bothno_1","bothno_1__g3",13,"W_no",275,0
"yxcpp681","M_no_W_no","portfolio_2026-09-16.csv","bothno_1","bothno_1__g4",13,"W_no",190,-1
"09bse981","M_no_W_no","portfolio_2026-09-16.csv","bothno_1","bothno_1__g4",13,"W_no",350,1
"2p0bevly","M_no_W_no","portfolio_2026-09-16.csv","bothno_1","bothno_1__g4",13,"W_no",200,1
"raavz353","M_no_W_no","portfolio_2026-09-16.csv","bothno_1","bothno_1__g4",13,"W_no",150,-1
"6rdutaoz","M_no_W_no","portfolio_2026-09-16.csv","bothno_1","bothno_1__g4",13,"W_no",200,0
"21anldsa","M_no_W_no","portfolio_2026-09-16.csv","bothno_1","bothno_1__g5",13,"M_no",150,-1
"3mjtjuou","M_no_W_no","portfolio_2026-09-16.csv","bothno_1","bothno_1__g5",13,"M_no",160,0
"5jtwpe9d","M_no_W_no","portfolio_2026-09-16.csv","bothno_1","bothno_1__g5",13,"M_no",180,1
"s16bmsk2","M_no_W_no","portfolio_2026-09-16.csv","bothno_1","bothno_1__g5",13,"M_no",170,1
"sjw641j3","M_no_W_no","portfolio_2026-09-16.csv","bothno_1","bothno_1__g5",13,"M_no",150,-1
"msd1f2iu","M_no_W_no","portfolio_2026-09-16.csv","bothno_1","bothno_1__g1",14,"M_no",150,0
"omrf04k4","M_no_W_no","portfolio_2026-09-16.csv","bothno_1","bothno_1__g1",14,"M_no",200,1
"duzxv1is","M_no_W_no","portfolio_2026-09-16.csv","bothno_1","bothno_1__g1",14,"M_no",119,-1
"znk2pevv","M_no_W_no","portfolio_2026-09-16.csv","bothno_1","bothno_1__g1",14,"M_no",110,-1
"rv5b38em","M_no_W_no","portfolio_2026-09-16.csv","bothno_1","bothno_1__g1",14,"M_no",200,1
"z7t2lpyk","M_no_W_no","portfolio_2026-09-16.csv","bothno_1","bothno_1__g2",14,"W_no",115,1
"dwx0my9x","M_no_W_no","portfolio_2026-09-16.csv","bothno_1","bothno_1__g2",14,"W_no",110,-1
"uhxz6pjz","M_no_W_no","portfolio_2026-09-16.csv","bothno_1","bothno_1__g2",14,"W_no",125,1
"r39x605k","M_no_W_no","portfolio_2026-09-16.csv","bothno_1","bothno_1__g2",14,"W_no",100,-1
"yhliw46v","M_no_W_no","portfolio_2026-09-16.csv","bothno_1","bothno_1__g2",14,"W_no",112,0
"7abl389c","M_no_W_no","portfolio_2026-09-16.csv","bothno_1","bothno_1__g3",14,"W_no",3,-1
"6kns3oml","M_no_W_no","portfolio_2026-09-16.csv","bothno_1","bothno_1__g3",14,"W_no",400,1
"pp2e4xx5","M_no_W_no","portfolio_2026-09-16.csv","bothno_1","bothno_1__g3",14,"W_no",300,0
"jid9ui4f","M_no_W_no","portfolio_2026-09-16.csv","bothno_1","bothno_1__g3",14,"W_no",300,1
"grwzfvbr","M_no_W_no","portfolio_2026-09-16.csv","bothno_1","bothno_1__g3",14,"W_no",250,-1
"yxcpp681","M_no_W_no","portfolio_2026-09-16.csv","bothno_1","bothno_1__g4",14,"W_no",195,-1
"09bse981","M_no_W_no","portfolio_2026-09-16.csv","bothno_1","bothno_1__g4",14,"W_no",300,1
"2p0bevly","M_no_W_no","portfolio_2026-09-16.csv","bothno_1","bothno_1__g4",14,"W_no",200,0
"raavz353","M_no_W_no","portfolio_2026-09-16.csv","bothno_1","bothno_1__g4",14,"W_no",150,-1
"6rdutaoz","M_no_W_no","portfolio_2026-09-16.csv","bothno_1","bothno_1__g4",14,"W_no",210,1
"21anldsa","M_no_W_no","portfolio_2026-09-16.csv","bothno_1","bothno_1__g5",14,"M_no",150,-1
"3mjtjuou","M_no_W_no","portfolio_2026-09-16.csv","bothno_1","bothno_1__g5",14,"M_no",160,1
"5jtwpe9d","M_no_W_no","portfolio_2026-09-16.csv","bothno_1","bothno_1__g5",14,"M_no",170,1
"s16bmsk2","M_no_W_no","portfolio_2026-09-16.csv","bothno_1","bothno_1__g5",14,"M_no",150,0
"sjw641j3","M_no_W_no","portfolio_2026-09-16.csv","bothno_1","bothno_1__g5",14,"M_no",100,-1
"msd1f2iu","M_no_W_no","portfolio_2026-09-16.csv","bothno_1","bothno_1__g1",15,"M_no",150,1
"omrf04k4","M_no_W_no","portfolio_2026-09-16.csv","bothno_1","bothno_1__g1",15,"M_no",150,0
"duzxv1is","M_no_W_no","portfolio_2026-09-16.csv","bothno_1","bothno_1__g1",15,"M_no",129,-1
"znk2pevv","M_no_W_no","portfolio_2026-09-16.csv","bothno_1","bothno_1__g1",15,"M_no",110,-1
"rv5b38em","M_no_W_no","portfolio_2026-09-16.csv","bothno_1","bothno_1__g1",15,"M_no",200,1
"z7t2lpyk","M_no_W_no","portfolio_2026-09-16.csv","bothno_1","bothno_1__g2",15,"W_no",111,-1
"dwx0my9x","M_no_W_no","portfolio_2026-09-16.csv","bothno_1","bothno_1__g2",15,"W_no",110,-1
"uhxz6pjz","M_no_W_no","portfolio_2026-09-16.csv","bothno_1","bothno_1__g2",15,"W_no",120,1
"r39x605k","M_no_W_no","portfolio_2026-09-16.csv","bothno_1","bothno_1__g2",15,"W_no",130,1
"yhliw46v","M_no_W_no","portfolio_2026-09-16.csv","bothno_1","bothno_1__g2",15,"W_no",115,0
"7abl389c","M_no_W_no","portfolio_2026-09-16.csv","bothno_1","bothno_1__g3",15,"W_no",3,-1
"6kns3oml","M_no_W_no","portfolio_2026-09-16.csv","bothno_1","bothno_1__g3",15,"W_no",200,-1
"pp2e4xx5","M_no_W_no","portfolio_2026-09-16.csv","bothno_1","bothno_1__g3",15,"W_no",300,1
"jid9ui4f","M_no_W_no","portfolio_2026-09-16.csv","bothno_1","bothno_1__g3",15,"W_no",300,1
"grwzfvbr","M_no_W_no","portfolio_2026-09-16.csv","bothno_1","bothno_1__g3",15,"W_no",220,0
"yxcpp681","M_no_W_no","portfolio_2026-09-16.csv","bothno_1","bothno_1__g4",15,"W_no",195,-1
"09bse981","M_no_W_no","portfolio_2026-09-16.csv","bothno_1","bothno_1__g4",15,"W_no",200,1
"2p0bevly","M_no_W_no","portfolio_2026-09-16.csv","bothno_1","bothno_1__g4",15,"W_no",200,0
"raavz353","M_no_W_no","portfolio_2026-09-16.csv","bothno_1","bothno_1__g4",15,"W_no",150,-1
"6rdutaoz","M_no_W_no","portfolio_2026-09-16.csv","bothno_1","bothno_1__g4",15,"W_no",210,1
"21anldsa","M_no_W_no","portfolio_2026-09-16.csv","bothno_1","bothno_1__g5",15,"M_no",150,-1
"3mjtjuou","M_no_W_no","portfolio_2026-09-16.csv","bothno_1","bothno_1__g5",15,"M_no",150,-1
"5jtwpe9d","M_no_W_no","portfolio_2026-09-16.csv","bothno_1","bothno_1__g5",15,"M_no",150,0
"s16bmsk2","M_no_W_no","portfolio_2026-09-16.csv","bothno_1","bothno_1__g5",15,"M_no",150,1
"sjw641j3","M_no_W_no","portfolio_2026-09-16.csv","bothno_1","bothno_1__g5",15,"M_no",160,1
"msd1f2iu","M_no_W_no","portfolio_2026-09-16.csv","bothno_1","bothno_1__g1",16,"M_no",150,0
"omrf04k4","M_no_W_no","portfolio_2026-09-16.csv","bothno_1","bothno_1__g1",16,"M_no",155,1
"duzxv1is","M_no_W_no","portfolio_2026-09-16.csv","bothno_1","bothno_1__g1",16,"M_no",135,-1
"znk2pevv","M_no_W_no","portfolio_2026-09-16.csv","bothno_1","bothno_1__g1",16,"M_no",110,-1
"rv5b38em","M_no_W_no","portfolio_2026-09-16.csv","bothno_1","bothno_1__g1",16,"M_no",200,1
"z7t2lpyk","M_no_W_no","portfolio_2026-09-16.csv","bothno_1","bothno_1__g2",16,"W_no",116,0
"dwx0my9x","M_no_W_no","portfolio_2026-09-16.csv","bothno_1","bothno_1__g2",16,"W_no",111,-1
"uhxz6pjz","M_no_W_no","portfolio_2026-09-16.csv","bothno_1","bothno_1__g2",16,"W_no",120,1
"r39x605k","M_no_W_no","portfolio_2026-09-16.csv","bothno_1","bothno_1__g2",16,"W_no",130,1
"yhliw46v","M_no_W_no","portfolio_2026-09-16.csv","bothno_1","bothno_1__g2",16,"W_no",110,-1
"7abl389c","M_no_W_no","portfolio_2026-09-16.csv","bothno_1","bothno_1__g3",16,"W_no",3,-1
"6kns3oml","M_no_W_no","portfolio_2026-09-16.csv","bothno_1","bothno_1__g3",16,"W_no",300,1
"pp2e4xx5","M_no_W_no","portfolio_2026-09-16.csv","bothno_1","bothno_1__g3",16,"W_no",212,0
"jid9ui4f","M_no_W_no","portfolio_2026-09-16.csv","bothno_1","bothno_1__g3",16,"W_no",250,1
"grwzfvbr","M_no_W_no","portfolio_2026-09-16.csv","bothno_1","bothno_1__g3",16,"W_no",200,-1
"yxcpp681","M_no_W_no","portfolio_2026-09-16.csv","bothno_1","bothno_1__g4",16,"W_no",195,-1
"09bse981","M_no_W_no","portfolio_2026-09-16.csv","bothno_1","bothno_1__g4",16,"W_no",300,1
"2p0bevly","M_no_W_no","portfolio_2026-09-16.csv","bothno_1","bothno_1__g4",16,"W_no",200,0
"raavz353","M_no_W_no","portfolio_2026-09-16.csv","bothno_1","bothno_1__g4",16,"W_no",50,-1
"6rdutaoz","M_no_W_no","portfolio_2026-09-16.csv","bothno_1","bothno_1__g4",16,"W_no",210,1
"21anldsa","M_no_W_no","portfolio_2026-09-16.csv","bothno_1","bothno_1__g5",16,"M_no",150,-1
"3mjtjuou","M_no_W_no","portfolio_2026-09-16.csv","bothno_1","bothno_1__g5",16,"M_no",150,0
"5jtwpe9d","M_no_W_no","portfolio_2026-09-16.csv","bothno_1","bothno_1__g5",16,"M_no",150,-1
"s16bmsk2","M_no_W_no","portfolio_2026-09-16.csv","bothno_1","bothno_1__g5",16,"M_no",150,1
"sjw641j3","M_no_W_no","portfolio_2026-09-16.csv","bothno_1","bothno_1__g5",16,"M_no",401,1
"msd1f2iu","M_no_W_no","portfolio_2026-09-16.csv","bothno_1","bothno_1__g1",17,"M_no",155,1
"omrf04k4","M_no_W_no","portfolio_2026-09-16.csv","bothno_1","bothno_1__g1",17,"M_no",150,0
"duzxv1is","M_no_W_no","portfolio_2026-09-16.csv","bothno_1","bothno_1__g1",17,"M_no",135,-1
"znk2pevv","M_no_W_no","portfolio_2026-09-16.csv","bothno_1","bothno_1__g1",17,"M_no",110,-1
"rv5b38em","M_no_W_no","portfolio_2026-09-16.csv","bothno_1","bothno_1__g1",17,"M_no",200,1
"z7t2lpyk","M_no_W_no","portfolio_2026-09-16.csv","bothno_1","bothno_1__g2",17,"W_no",117,0
"dwx0my9x","M_no_W_no","portfolio_2026-09-16.csv","bothno_1","bothno_1__g2",17,"W_no",108,-1
"uhxz6pjz","M_no_W_no","portfolio_2026-09-16.csv","bothno_1","bothno_1__g2",17,"W_no",120,1
"r39x605k","M_no_W_no","portfolio_2026-09-16.csv","bothno_1","bothno_1__g2",17,"W_no",130,1
"yhliw46v","M_no_W_no","portfolio_2026-09-16.csv","bothno_1","bothno_1__g2",17,"W_no",116,-1
"7abl389c","M_no_W_no","portfolio_2026-09-16.csv","bothno_1","bothno_1__g3",17,"W_no",3,-1
"6kns3oml","M_no_W_no","portfolio_2026-09-16.csv","bothno_1","bothno_1__g3",17,"W_no",150,-1
"pp2e4xx5","M_no_W_no","portfolio_2026-09-16.csv","bothno_1","bothno_1__g3",17,"W_no",232,1
"jid9ui4f","M_no_W_no","portfolio_2026-09-16.csv","bothno_1","bothno_1__g3",17,"W_no",230,1
"grwzfvbr","M_no_W_no","portfolio_2026-09-16.csv","bothno_1","bothno_1__g3",17,"W_no",215,0
"yxcpp681","M_no_W_no","portfolio_2026-09-16.csv","bothno_1","bothno_1__g4",17,"W_no",195,-1
"09bse981","M_no_W_no","portfolio_2026-09-16.csv","bothno_1","bothno_1__g4",17,"W_no",250,1
"2p0bevly","M_no_W_no","portfolio_2026-09-16.csv","bothno_1","bothno_1__g4",17,"W_no",201,0
"raavz353","M_no_W_no","portfolio_2026-09-16.csv","bothno_1","bothno_1__g4",17,"W_no",100,-1
"6rdutaoz","M_no_W_no","portfolio_2026-09-16.csv","bothno_1","bothno_1__g4",17,"W_no",210,1
"21anldsa","M_no_W_no","portfolio_2026-09-16.csv","bothno_1","bothno_1__g5",17,"M_no",150,1
"3mjtjuou","M_no_W_no","portfolio_2026-09-16.csv","bothno_1","bothno_1__g5",17,"M_no",150,0
"5jtwpe9d","M_no_W_no","portfolio_2026-09-16.csv","bothno_1","bothno_1__g5",17,"M_no",150,-1
"s16bmsk2","M_no_W_no","portfolio_2026-09-16.csv","bothno_1","bothno_1__g5",17,"M_no",150,-1
"sjw641j3","M_no_W_no","portfolio_2026-09-16.csv","bothno_1","bothno_1__g5",17,"M_no",151,1
"msd1f2iu","M_no_W_no","portfolio_2026-09-16.csv","bothno_1","bothno_1__g1",18,"M_no",130,-1
"omrf04k4","M_no_W_no","portfolio_2026-09-16.csv","bothno_1","bothno_1__g1",18,"M_no",155,1
"duzxv1is","M_no_W_no","portfolio_2026-09-16.csv","bothno_1","bothno_1__g1",18,"M_no",139,0
"znk2pevv","M_no_W_no","portfolio_2026-09-16.csv","bothno_1","bothno_1__g1",18,"M_no",110,-1
"rv5b38em","M_no_W_no","portfolio_2026-09-16.csv","bothno_1","bothno_1__g1",18,"M_no",200,1
"z7t2lpyk","M_no_W_no","portfolio_2026-09-16.csv","bothno_1","bothno_1__g2",18,"W_no",118,-1
"dwx0my9x","M_no_W_no","portfolio_2026-09-16.csv","bothno_1","bothno_1__g2",18,"W_no",108,-1
"uhxz6pjz","M_no_W_no","portfolio_2026-09-16.csv","bothno_1","bothno_1__g2",18,"W_no",125,1
"r39x605k","M_no_W_no","portfolio_2026-09-16.csv","bothno_1","bothno_1__g2",18,"W_no",130,1
"yhliw46v","M_no_W_no","portfolio_2026-09-16.csv","bothno_1","bothno_1__g2",18,"W_no",118,0
"7abl389c","M_no_W_no","portfolio_2026-09-16.csv","bothno_1","bothno_1__g3",18,"W_no",3,-1
"6kns3oml","M_no_W_no","portfolio_2026-09-16.csv","bothno_1","bothno_1__g3",18,"W_no",200,-1
"pp2e4xx5","M_no_W_no","portfolio_2026-09-16.csv","bothno_1","bothno_1__g3",18,"W_no",210,1
"jid9ui4f","M_no_W_no","portfolio_2026-09-16.csv","bothno_1","bothno_1__g3",18,"W_no",200,0
"grwzfvbr","M_no_W_no","portfolio_2026-09-16.csv","bothno_1","bothno_1__g3",18,"W_no",215,1
"yxcpp681","M_no_W_no","portfolio_2026-09-16.csv","bothno_1","bothno_1__g4",18,"W_no",200,-1
"09bse981","M_no_W_no","portfolio_2026-09-16.csv","bothno_1","bothno_1__g4",18,"W_no",210,1
"2p0bevly","M_no_W_no","portfolio_2026-09-16.csv","bothno_1","bothno_1__g4",18,"W_no",202,0
"raavz353","M_no_W_no","portfolio_2026-09-16.csv","bothno_1","bothno_1__g4",18,"W_no",150,-1
"6rdutaoz","M_no_W_no","portfolio_2026-09-16.csv","bothno_1","bothno_1__g4",18,"W_no",210,1
"21anldsa","M_no_W_no","portfolio_2026-09-16.csv","bothno_1","bothno_1__g5",18,"M_no",150,-1
"3mjtjuou","M_no_W_no","portfolio_2026-09-16.csv","bothno_1","bothno_1__g5",18,"M_no",150,1
"5jtwpe9d","M_no_W_no","portfolio_2026-09-16.csv","bothno_1","bothno_1__g5",18,"M_no",150,-1
"s16bmsk2","M_no_W_no","portfolio_2026-09-16.csv","bothno_1","bothno_1__g5",18,"M_no",150,0
"sjw641j3","M_no_W_no","portfolio_2026-09-16.csv","bothno_1","bothno_1__g5",18,"M_no",151,1
"msd1f2iu","M_no_W_no","portfolio_2026-09-16.csv","bothno_1","bothno_1__g1",19,"M_no",150,0
"omrf04k4","M_no_W_no","portfolio_2026-09-16.csv","bothno_1","bothno_1__g1",19,"M_no",155,1
"duzxv1is","M_no_W_no","portfolio_2026-09-16.csv","bothno_1","bothno_1__g1",19,"M_no",129,-1
"znk2pevv","M_no_W_no","portfolio_2026-09-16.csv","bothno_1","bothno_1__g1",19,"M_no",110,-1
"rv5b38em","M_no_W_no","portfolio_2026-09-16.csv","bothno_1","bothno_1__g1",19,"M_no",200,1
"z7t2lpyk","M_no_W_no","portfolio_2026-09-16.csv","bothno_1","bothno_1__g2",19,"W_no",119,-1
"dwx0my9x","M_no_W_no","portfolio_2026-09-16.csv","bothno_1","bothno_1__g2",19,"W_no",110,-1
"uhxz6pjz","M_no_W_no","portfolio_2026-09-16.csv","bothno_1","bothno_1__g2",19,"W_no",120,0
"r39x605k","M_no_W_no","portfolio_2026-09-16.csv","bothno_1","bothno_1__g2",19,"W_no",130,1
"yhliw46v","M_no_W_no","portfolio_2026-09-16.csv","bothno_1","bothno_1__g2",19,"W_no",120,1
"7abl389c","M_no_W_no","portfolio_2026-09-16.csv","bothno_1","bothno_1__g3",19,"W_no",3,-1
"6kns3oml","M_no_W_no","portfolio_2026-09-16.csv","bothno_1","bothno_1__g3",19,"W_no",150,-1
"pp2e4xx5","M_no_W_no","portfolio_2026-09-16.csv","bothno_1","bothno_1__g3",19,"W_no",185,0
"jid9ui4f","M_no_W_no","portfolio_2026-09-16.csv","bothno_1","bothno_1__g3",19,"W_no",200,1
"grwzfvbr","M_no_W_no","portfolio_2026-09-16.csv","bothno_1","bothno_1__g3",19,"W_no",200,1
"yxcpp681","M_no_W_no","portfolio_2026-09-16.csv","bothno_1","bothno_1__g4",19,"W_no",200,-1
"09bse981","M_no_W_no","portfolio_2026-09-16.csv","bothno_1","bothno_1__g4",19,"W_no",210,1
"2p0bevly","M_no_W_no","portfolio_2026-09-16.csv","bothno_1","bothno_1__g4",19,"W_no",205,0
"raavz353","M_no_W_no","portfolio_2026-09-16.csv","bothno_1","bothno_1__g4",19,"W_no",180,-1
"6rdutaoz","M_no_W_no","portfolio_2026-09-16.csv","bothno_1","bothno_1__g4",19,"W_no",210,1
"21anldsa","M_no_W_no","portfolio_2026-09-16.csv","bothno_1","bothno_1__g5",19,"M_no",200,1
"3mjtjuou","M_no_W_no","portfolio_2026-09-16.csv","bothno_1","bothno_1__g5",19,"M_no",150,-1
"5jtwpe9d","M_no_W_no","portfolio_2026-09-16.csv","bothno_1","bothno_1__g5",19,"M_no",150,-1
"s16bmsk2","M_no_W_no","portfolio_2026-09-16.csv","bothno_1","bothno_1__g5",19,"M_no",150,0
"sjw641j3","M_no_W_no","portfolio_2026-09-16.csv","bothno_1","bothno_1__g5",19,"M_no",151,1
"msd1f2iu","M_no_W_no","portfolio_2026-09-16.csv","bothno_1","bothno_1__g1",20,"M_no",300,1
"omrf04k4","M_no_W_no","portfolio_2026-09-16.csv","bothno_1","bothno_1__g1",20,"M_no",300,1
"duzxv1is","M_no_W_no","portfolio_2026-09-16.csv","bothno_1","bothno_1__g1",20,"M_no",129,-1
"znk2pevv","M_no_W_no","portfolio_2026-09-16.csv","bothno_1","bothno_1__g1",20,"M_no",110,-1
"rv5b38em","M_no_W_no","portfolio_2026-09-16.csv","bothno_1","bothno_1__g1",20,"M_no",200,0
"z7t2lpyk","M_no_W_no","portfolio_2026-09-16.csv","bothno_1","bothno_1__g2",20,"W_no",125,1
"dwx0my9x","M_no_W_no","portfolio_2026-09-16.csv","bothno_1","bothno_1__g2",20,"W_no",105,-1
"uhxz6pjz","M_no_W_no","portfolio_2026-09-16.csv","bothno_1","bothno_1__g2",20,"W_no",125,0
"r39x605k","M_no_W_no","portfolio_2026-09-16.csv","bothno_1","bothno_1__g2",20,"W_no",130,1
"yhliw46v","M_no_W_no","portfolio_2026-09-16.csv","bothno_1","bothno_1__g2",20,"W_no",120,-1
"7abl389c","M_no_W_no","portfolio_2026-09-16.csv","bothno_1","bothno_1__g3",20,"W_no",3,-1
"6kns3oml","M_no_W_no","portfolio_2026-09-16.csv","bothno_1","bothno_1__g3",20,"W_no",150,0
"pp2e4xx5","M_no_W_no","portfolio_2026-09-16.csv","bothno_1","bothno_1__g3",20,"W_no",178,1
"jid9ui4f","M_no_W_no","portfolio_2026-09-16.csv","bothno_1","bothno_1__g3",20,"W_no",149,-1
"grwzfvbr","M_no_W_no","portfolio_2026-09-16.csv","bothno_1","bothno_1__g3",20,"W_no",150,1
"yxcpp681","M_no_W_no","portfolio_2026-09-16.csv","bothno_1","bothno_1__g4",20,"W_no",205,-1
"09bse981","M_no_W_no","portfolio_2026-09-16.csv","bothno_1","bothno_1__g4",20,"W_no",210,0
"2p0bevly","M_no_W_no","portfolio_2026-09-16.csv","bothno_1","bothno_1__g4",20,"W_no",210,1
"raavz353","M_no_W_no","portfolio_2026-09-16.csv","bothno_1","bothno_1__g4",20,"W_no",190,-1
"6rdutaoz","M_no_W_no","portfolio_2026-09-16.csv","bothno_1","bothno_1__g4",20,"W_no",210,1
"21anldsa","M_no_W_no","portfolio_2026-09-16.csv","bothno_1","bothno_1__g5",20,"M_no",150,1
"3mjtjuou","M_no_W_no","portfolio_2026-09-16.csv","bothno_1","bothno_1__g5",20,"M_no",150,-1
"5jtwpe9d","M_no_W_no","portfolio_2026-09-16.csv","bothno_1","bothno_1__g5",20,"M_no",150,0
"s16bmsk2","M_no_W_no","portfolio_2026-09-16.csv","bothno_1","bothno_1__g5",20,"M_no",150,-1
"sjw641j3","M_no_W_no","portfolio_2026-09-16.csv","bothno_1","bothno_1__g5",20,"M_no",151,1
"o7pccht6","M_no_W_no","portfolio_2026-09-16.csv","botno_2","botno_2__g1",11,"M_no",200,1
"xlysi5bz","M_no_W_no","portfolio_2026-09-16.csv","botno_2","botno_2__g1",11,"M_no",100,0
"ktzkk4b7","M_no_W_no","portfolio_2026-09-16.csv","botno_2","botno_2__g1",11,"M_no",125,1
"unt4hlph","M_no_W_no","portfolio_2026-09-16.csv","botno_2","botno_2__g1",11,"M_no",40,-1
"e3o1p3e6","M_no_W_no","portfolio_2026-09-16.csv","botno_2","botno_2__g1",11,"M_no",80,-1
"0nzm25g8","M_no_W_no","portfolio_2026-09-16.csv","botno_2","botno_2__g2",11,"M_no",90,-1
"f8ff6plt","M_no_W_no","portfolio_2026-09-16.csv","botno_2","botno_2__g2",11,"M_no",100,0
"poc3kn08","M_no_W_no","portfolio_2026-09-16.csv","botno_2","botno_2__g2",11,"M_no",150,1
"z9zrwosz","M_no_W_no","portfolio_2026-09-16.csv","botno_2","botno_2__g2",11,"M_no",200,1
"yldmtmxh","M_no_W_no","portfolio_2026-09-16.csv","botno_2","botno_2__g2",11,"M_no",67,-1
"bjw1ymg6","M_no_W_no","portfolio_2026-09-16.csv","botno_2","botno_2__g3",11,"M_no",150,0
"dxg47gml","M_no_W_no","portfolio_2026-09-16.csv","botno_2","botno_2__g3",11,"M_no",100,-1
"t47t8m59","M_no_W_no","portfolio_2026-09-16.csv","botno_2","botno_2__g3",11,"M_no",200,1
"2epyouig","M_no_W_no","portfolio_2026-09-16.csv","botno_2","botno_2__g3",11,"M_no",200,1
"107rd682","M_no_W_no","portfolio_2026-09-16.csv","botno_2","botno_2__g3",11,"M_no",111,-1
"6xyzc64h","M_no_W_no","portfolio_2026-09-16.csv","botno_2","botno_2__g4",11,"W_no",200,0
"566nkyxt","M_no_W_no","portfolio_2026-09-16.csv","botno_2","botno_2__g4",11,"W_no",170,-1
"uv69jk1p","M_no_W_no","portfolio_2026-09-16.csv","botno_2","botno_2__g4",11,"W_no",300,1
"thfu25ei","M_no_W_no","portfolio_2026-09-16.csv","botno_2","botno_2__g4",11,"W_no",220,1
"008uq8bs","M_no_W_no","portfolio_2026-09-16.csv","botno_2","botno_2__g4",11,"W_no",200,-1
"o4da1gkl","M_no_W_no","portfolio_2026-09-16.csv","botno_2","botno_2__g5",11,"W_no",300,1
"ilc2oqlq","M_no_W_no","portfolio_2026-09-16.csv","botno_2","botno_2__g5",11,"W_no",185,-1
"qcu0td0m","M_no_W_no","portfolio_2026-09-16.csv","botno_2","botno_2__g5",11,"W_no",500,1
"zcjv164s","M_no_W_no","portfolio_2026-09-16.csv","botno_2","botno_2__g5",11,"W_no",250,-1
"3g7fmbdb","M_no_W_no","portfolio_2026-09-16.csv","botno_2","botno_2__g5",11,"W_no",250,0
"o7pccht6","M_no_W_no","portfolio_2026-09-16.csv","botno_2","botno_2__g1",12,"M_no",150,1
"xlysi5bz","M_no_W_no","portfolio_2026-09-16.csv","botno_2","botno_2__g1",12,"M_no",90,-1
"ktzkk4b7","M_no_W_no","portfolio_2026-09-16.csv","botno_2","botno_2__g1",12,"M_no",125,0
"unt4hlph","M_no_W_no","portfolio_2026-09-16.csv","botno_2","botno_2__g1",12,"M_no",70,-1
"e3o1p3e6","M_no_W_no","portfolio_2026-09-16.csv","botno_2","botno_2__g1",12,"M_no",150,1
"0nzm25g8","M_no_W_no","portfolio_2026-09-16.csv","botno_2","botno_2__g2",12,"M_no",120,1
"f8ff6plt","M_no_W_no","portfolio_2026-09-16.csv","botno_2","botno_2__g2",12,"M_no",100,0
"poc3kn08","M_no_W_no","portfolio_2026-09-16.csv","botno_2","botno_2__g2",12,"M_no",123,1
"z9zrwosz","M_no_W_no","portfolio_2026-09-16.csv","botno_2","botno_2__g2",12,"M_no",90,-1
"yldmtmxh","M_no_W_no","portfolio_2026-09-16.csv","botno_2","botno_2__g2",12,"M_no",87,-1
"bjw1ymg6","M_no_W_no","portfolio_2026-09-16.csv","botno_2","botno_2__g3",12,"M_no",120,-1
"dxg47gml","M_no_W_no","portfolio_2026-09-16.csv","botno_2","botno_2__g3",12,"M_no",100,-1
"t47t8m59","M_no_W_no","portfolio_2026-09-16.csv","botno_2","botno_2__g3",12,"M_no",160,1
"2epyouig","M_no_W_no","portfolio_2026-09-16.csv","botno_2","botno_2__g3",12,"M_no",160,1
"107rd682","M_no_W_no","portfolio_2026-09-16.csv","botno_2","botno_2__g3",12,"M_no",151,0
"6xyzc64h","M_no_W_no","portfolio_2026-09-16.csv","botno_2","botno_2__g4",12,"W_no",201,0
"566nkyxt","M_no_W_no","portfolio_2026-09-16.csv","botno_2","botno_2__g4",12,"W_no",180,-1
"uv69jk1p","M_no_W_no","portfolio_2026-09-16.csv","botno_2","botno_2__g4",12,"W_no",100,-1
"thfu25ei","M_no_W_no","portfolio_2026-09-16.csv","botno_2","botno_2__g4",12,"W_no",210,1
"008uq8bs","M_no_W_no","portfolio_2026-09-16.csv","botno_2","botno_2__g4",12,"W_no",250,1
"o4da1gkl","M_no_W_no","portfolio_2026-09-16.csv","botno_2","botno_2__g5",12,"W_no",275,0
"ilc2oqlq","M_no_W_no","portfolio_2026-09-16.csv","botno_2","botno_2__g5",12,"W_no",199,-1
"qcu0td0m","M_no_W_no","portfolio_2026-09-16.csv","botno_2","botno_2__g5",12,"W_no",300,1
"zcjv164s","M_no_W_no","portfolio_2026-09-16.csv","botno_2","botno_2__g5",12,"W_no",230,-1
"3g7fmbdb","M_no_W_no","portfolio_2026-09-16.csv","botno_2","botno_2__g5",12,"W_no",290,1
"o7pccht6","M_no_W_no","portfolio_2026-09-16.csv","botno_2","botno_2__g1",13,"M_no",130,0
"xlysi5bz","M_no_W_no","portfolio_2026-09-16.csv","botno_2","botno_2__g1",13,"M_no",100,-1
"ktzkk4b7","M_no_W_no","portfolio_2026-09-16.csv","botno_2","botno_2__g1",13,"M_no",155,1
"unt4hlph","M_no_W_no","portfolio_2026-09-16.csv","botno_2","botno_2__g1",13,"M_no",140,1
"e3o1p3e6","M_no_W_no","portfolio_2026-09-16.csv","botno_2","botno_2__g1",13,"M_no",100,-1
"0nzm25g8","M_no_W_no","portfolio_2026-09-16.csv","botno_2","botno_2__g2",13,"M_no",120,1
"f8ff6plt","M_no_W_no","portfolio_2026-09-16.csv","botno_2","botno_2__g2",13,"M_no",100,0
"poc3kn08","M_no_W_no","portfolio_2026-09-16.csv","botno_2","botno_2__g2",13,"M_no",50,-1
"z9zrwosz","M_no_W_no","portfolio_2026-09-16.csv","botno_2","botno_2__g2",13,"M_no",120,1
"yldmtmxh","M_no_W_no","portfolio_2026-09-16.csv","botno_2","botno_2__g2",13,"M_no",94,-1
"bjw1ymg6","M_no_W_no","portfolio_2026-09-16.csv","botno_2","botno_2__g3",13,"M_no",135,-1
"dxg47gml","M_no_W_no","portfolio_2026-09-16.csv","botno_2","botno_2__g3",13,"M_no",100,-1
"t47t8m59","M_no_W_no","portfolio_2026-09-16.csv","botno_2","botno_2__g3",13,"M_no",158,1
"2epyouig","M_no_W_no","portfolio_2026-09-16.csv","botno_2","botno_2__g3",13,"M_no",152,1
"107rd682","M_no_W_no","portfolio_2026-09-16.csv","botno_2","botno_2__g3",13,"M_no",152,0
"6xyzc64h","M_no_W_no","portfolio_2026-09-16.csv","botno_2","botno_2__g4",13,"W_no",205,1
"566nkyxt","M_no_W_no","portfolio_2026-09-16.csv","botno_2","botno_2__g4",13,"W_no",195,-1
"uv69jk1p","M_no_W_no","portfolio_2026-09-16.csv","botno_2","botno_2__g4",13,"W_no",150,-1
"thfu25ei","M_no_W_no","portfolio_2026-09-16.csv","botno_2","botno_2__g4",13,"W_no",205,0
"008uq8bs","M_no_W_no","portfolio_2026-09-16.csv","botno_2","botno_2__g4",13,"W_no",350,1
"o4da1gkl","M_no_W_no","portfolio_2026-09-16.csv","botno_2","botno_2__g5",13,"W_no",300,1
"ilc2oqlq","M_no_W_no","portfolio_2026-09-16.csv","botno_2","botno_2__g5",13,"W_no",229,-1
"qcu0td0m","M_no_W_no","portfolio_2026-09-16.csv","botno_2","botno_2__g5",13,"W_no",250,-1
"zcjv164s","M_no_W_no","portfolio_2026-09-16.csv","botno_2","botno_2__g5",13,"W_no",260,0
"3g7fmbdb","M_no_W_no","portfolio_2026-09-16.csv","botno_2","botno_2__g5",13,"W_no",285,1
"o7pccht6","M_no_W_no","portfolio_2026-09-16.csv","botno_2","botno_2__g1",14,"M_no",160,1
"xlysi5bz","M_no_W_no","portfolio_2026-09-16.csv","botno_2","botno_2__g1",14,"M_no",110,-1
"ktzkk4b7","M_no_W_no","portfolio_2026-09-16.csv","botno_2","botno_2__g1",14,"M_no",155,0
"unt4hlph","M_no_W_no","portfolio_2026-09-16.csv","botno_2","botno_2__g1",14,"M_no",200,1
"e3o1p3e6","M_no_W_no","portfolio_2026-09-16.csv","botno_2","botno_2__g1",14,"M_no",120,-1
"0nzm25g8","M_no_W_no","portfolio_2026-09-16.csv","botno_2","botno_2__g2",14,"M_no",90,0
"f8ff6plt","M_no_W_no","portfolio_2026-09-16.csv","botno_2","botno_2__g2",14,"M_no",100,1
"poc3kn08","M_no_W_no","portfolio_2026-09-16.csv","botno_2","botno_2__g2",14,"M_no",113,1
"z9zrwosz","M_no_W_no","portfolio_2026-09-16.csv","botno_2","botno_2__g2",14,"M_no",80,-1
"yldmtmxh","M_no_W_no","portfolio_2026-09-16.csv","botno_2","botno_2__g2",14,"M_no",85,-1
"bjw1ymg6","M_no_W_no","portfolio_2026-09-16.csv","botno_2","botno_2__g3",14,"M_no",150,-1
"dxg47gml","M_no_W_no","portfolio_2026-09-16.csv","botno_2","botno_2__g3",14,"M_no",101,-1
"t47t8m59","M_no_W_no","portfolio_2026-09-16.csv","botno_2","botno_2__g3",14,"M_no",155,1
"2epyouig","M_no_W_no","portfolio_2026-09-16.csv","botno_2","botno_2__g3",14,"M_no",153,1
"107rd682","M_no_W_no","portfolio_2026-09-16.csv","botno_2","botno_2__g3",14,"M_no",153,0
"6xyzc64h","M_no_W_no","portfolio_2026-09-16.csv","botno_2","botno_2__g4",14,"W_no",202,0
"566nkyxt","M_no_W_no","portfolio_2026-09-16.csv","botno_2","botno_2__g4",14,"W_no",199,-1
"uv69jk1p","M_no_W_no","portfolio_2026-09-16.csv","botno_2","botno_2__g4",14,"W_no",150,-1
"thfu25ei","M_no_W_no","portfolio_2026-09-16.csv","botno_2","botno_2__g4",14,"W_no",210,1
"008uq8bs","M_no_W_no","portfolio_2026-09-16.csv","botno_2","botno_2__g4",14,"W_no",210,1
"o4da1gkl","M_no_W_no","portfolio_2026-09-16.csv","botno_2","botno_2__g5",14,"W_no",250,-1
"ilc2oqlq","M_no_W_no","portfolio_2026-09-16.csv","botno_2","botno_2__g5",14,"W_no",229,-1
"qcu0td0m","M_no_W_no","portfolio_2026-09-16.csv","botno_2","botno_2__g5",14,"W_no",250,1
"zcjv164s","M_no_W_no","portfolio_2026-09-16.csv","botno_2","botno_2__g5",14,"W_no",250,0
"3g7fmbdb","M_no_W_no","portfolio_2026-09-16.csv","botno_2","botno_2__g5",14,"W_no",280,1
"o7pccht6","M_no_W_no","portfolio_2026-09-16.csv","botno_2","botno_2__g1",15,"M_no",180,1
"xlysi5bz","M_no_W_no","portfolio_2026-09-16.csv","botno_2","botno_2__g1",15,"M_no",140,-1
"ktzkk4b7","M_no_W_no","portfolio_2026-09-16.csv","botno_2","botno_2__g1",15,"M_no",175,-1
"unt4hlph","M_no_W_no","portfolio_2026-09-16.csv","botno_2","botno_2__g1",15,"M_no",200,1
"e3o1p3e6","M_no_W_no","portfolio_2026-09-16.csv","botno_2","botno_2__g1",15,"M_no",175,0
"0nzm25g8","M_no_W_no","portfolio_2026-09-16.csv","botno_2","botno_2__g2",15,"M_no",110,1
"f8ff6plt","M_no_W_no","portfolio_2026-09-16.csv","botno_2","botno_2__g2",15,"M_no",100,0
"poc3kn08","M_no_W_no","portfolio_2026-09-16.csv","botno_2","botno_2__g2",15,"M_no",100,1
"z9zrwosz","M_no_W_no","portfolio_2026-09-16.csv","botno_2","botno_2__g2",15,"M_no",90,-1
"yldmtmxh","M_no_W_no","portfolio_2026-09-16.csv","botno_2","botno_2__g2",15,"M_no",50,-1
"bjw1ymg6","M_no_W_no","portfolio_2026-09-16.csv","botno_2","botno_2__g3",15,"M_no",148,-1
"dxg47gml","M_no_W_no","portfolio_2026-09-16.csv","botno_2","botno_2__g3",15,"M_no",100,-1
"t47t8m59","M_no_W_no","portfolio_2026-09-16.csv","botno_2","botno_2__g3",15,"M_no",155,1
"2epyouig","M_no_W_no","portfolio_2026-09-16.csv","botno_2","botno_2__g3",15,"M_no",154,0
"107rd682","M_no_W_no","portfolio_2026-09-16.csv","botno_2","botno_2__g3",15,"M_no",160,1
"6xyzc64h","M_no_W_no","portfolio_2026-09-16.csv","botno_2","botno_2__g4",15,"W_no",206,1
"566nkyxt","M_no_W_no","portfolio_2026-09-16.csv","botno_2","botno_2__g4",15,"W_no",195,-1
"uv69jk1p","M_no_W_no","portfolio_2026-09-16.csv","botno_2","botno_2__g4",15,"W_no",200,-1
"thfu25ei","M_no_W_no","portfolio_2026-09-16.csv","botno_2","botno_2__g4",15,"W_no",204,0
"008uq8bs","M_no_W_no","portfolio_2026-09-16.csv","botno_2","botno_2__g4",15,"W_no",205,1
"o4da1gkl","M_no_W_no","portfolio_2026-09-16.csv","botno_2","botno_2__g5",15,"W_no",275,1
"ilc2oqlq","M_no_W_no","portfolio_2026-09-16.csv","botno_2","botno_2__g5",15,"W_no",229,0
"qcu0td0m","M_no_W_no","portfolio_2026-09-16.csv","botno_2","botno_2__g5",15,"W_no",200,-1
"zcjv164s","M_no_W_no","portfolio_2026-09-16.csv","botno_2","botno_2__g5",15,"W_no",220,-1
"3g7fmbdb","M_no_W_no","portfolio_2026-09-16.csv","botno_2","botno_2__g5",15,"W_no",270,1
"o7pccht6","M_no_W_no","portfolio_2026-09-16.csv","botno_2","botno_2__g1",16,"M_no",190,0
"xlysi5bz","M_no_W_no","portfolio_2026-09-16.csv","botno_2","botno_2__g1",16,"M_no",140,-1
"ktzkk4b7","M_no_W_no","portfolio_2026-09-16.csv","botno_2","botno_2__g1",16,"M_no",175,-1
"unt4hlph","M_no_W_no","portfolio_2026-09-16.csv","botno_2","botno_2__g1",16,"M_no",200,1
"e3o1p3e6","M_no_W_no","portfolio_2026-09-16.csv","botno_2","botno_2__g1",16,"M_no",200,1
"0nzm25g8","M_no_W_no","portfolio_2026-09-16.csv","botno_2","botno_2__g2",16,"M_no",80,-1
"f8ff6plt","M_no_W_no","portfolio_2026-09-16.csv","botno_2","botno_2__g2",16,"M_no",100,0
"poc3kn08","M_no_W_no","portfolio_2026-09-16.csv","botno_2","botno_2__g2",16,"M_no",70,-1
"z9zrwosz","M_no_W_no","portfolio_2026-09-16.csv","botno_2","botno_2__g2",16,"M_no",100,1
"yldmtmxh","M_no_W_no","portfolio_2026-09-16.csv","botno_2","botno_2__g2",16,"M_no",110,1
"bjw1ymg6","M_no_W_no","portfolio_2026-09-16.csv","botno_2","botno_2__g3",16,"M_no",148,-1
"dxg47gml","M_no_W_no","portfolio_2026-09-16.csv","botno_2","botno_2__g3",16,"M_no",100,-1
"t47t8m59","M_no_W_no","portfolio_2026-09-16.csv","botno_2","botno_2__g3",16,"M_no",157,1
"2epyouig","M_no_W_no","portfolio_2026-09-16.csv","botno_2","botno_2__g3",16,"M_no",156,1
"107rd682","M_no_W_no","portfolio_2026-09-16.csv","botno_2","botno_2__g3",16,"M_no",155,0
"6xyzc64h","M_no_W_no","portfolio_2026-09-16.csv","botno_2","botno_2__g4",16,"W_no",201,0
"566nkyxt","M_no_W_no","portfolio_2026-09-16.csv","botno_2","botno_2__g4",16,"W_no",199,-1
"uv69jk1p","M_no_W_no","portfolio_2026-09-16.csv","botno_2","botno_2__g4",16,"W_no",200,-1
"thfu25ei","M_no_W_no","portfolio_2026-09-16.csv","botno_2","botno_2__g4",16,"W_no",205,1
"008uq8bs","M_no_W_no","portfolio_2026-09-16.csv","botno_2","botno_2__g4",16,"W_no",206,1
"o4da1gkl","M_no_W_no","portfolio_2026-09-16.csv","botno_2","botno_2__g5",16,"W_no",250,1
"ilc2oqlq","M_no_W_no","portfolio_2026-09-16.csv","botno_2","botno_2__g5",16,"W_no",218,-1
"qcu0td0m","M_no_W_no","portfolio_2026-09-16.csv","botno_2","botno_2__g5",16,"W_no",240,0
"zcjv164s","M_no_W_no","portfolio_2026-09-16.csv","botno_2","botno_2__g5",16,"W_no",239,-1
"3g7fmbdb","M_no_W_no","portfolio_2026-09-16.csv","botno_2","botno_2__g5",16,"W_no",250,1
"o7pccht6","M_no_W_no","portfolio_2026-09-16.csv","botno_2","botno_2__g1",17,"M_no",190,0
"xlysi5bz","M_no_W_no","portfolio_2026-09-16.csv","botno_2","botno_2__g1",17,"M_no",160,-1
"ktzkk4b7","M_no_W_no","portfolio_2026-09-16.csv","botno_2","botno_2__g1",17,"M_no",175,-1
"unt4hlph","M_no_W_no","portfolio_2026-09-16.csv","botno_2","botno_2__g1",17,"M_no",200,1
"e3o1p3e6","M_no_W_no","portfolio_2026-09-16.csv","botno_2","botno_2__g1",17,"M_no",200,1
"0nzm25g8","M_no_W_no","portfolio_2026-09-16.csv","botno_2","botno_2__g2",17,"M_no",80,-1
"f8ff6plt","M_no_W_no","portfolio_2026-09-16.csv","botno_2","botno_2__g2",17,"M_no",100,0
"poc3kn08","M_no_W_no","portfolio_2026-09-16.csv","botno_2","botno_2__g2",17,"M_no",113,1
"z9zrwosz","M_no_W_no","portfolio_2026-09-16.csv","botno_2","botno_2__g2",17,"M_no",50,-1
"yldmtmxh","M_no_W_no","portfolio_2026-09-16.csv","botno_2","botno_2__g2",17,"M_no",101,1
"bjw1ymg6","M_no_W_no","portfolio_2026-09-16.csv","botno_2","botno_2__g3",17,"M_no",150,-1
"dxg47gml","M_no_W_no","portfolio_2026-09-16.csv","botno_2","botno_2__g3",17,"M_no",80,-1
"t47t8m59","M_no_W_no","portfolio_2026-09-16.csv","botno_2","botno_2__g3",17,"M_no",157,1
"2epyouig","M_no_W_no","portfolio_2026-09-16.csv","botno_2","botno_2__g3",17,"M_no",156,1
"107rd682","M_no_W_no","portfolio_2026-09-16.csv","botno_2","botno_2__g3",17,"M_no",156,0
"6xyzc64h","M_no_W_no","portfolio_2026-09-16.csv","botno_2","botno_2__g4",17,"W_no",206,1
"566nkyxt","M_no_W_no","portfolio_2026-09-16.csv","botno_2","botno_2__g4",17,"W_no",200,-1
"uv69jk1p","M_no_W_no","portfolio_2026-09-16.csv","botno_2","botno_2__g4",17,"W_no",198,-1
"thfu25ei","M_no_W_no","portfolio_2026-09-16.csv","botno_2","botno_2__g4",17,"W_no",210,1
"008uq8bs","M_no_W_no","portfolio_2026-09-16.csv","botno_2","botno_2__g4",17,"W_no",202,0
"o4da1gkl","M_no_W_no","portfolio_2026-09-16.csv","botno_2","botno_2__g5",17,"W_no",200,-1
"ilc2oqlq","M_no_W_no","portfolio_2026-09-16.csv","botno_2","botno_2__g5",17,"W_no",228,-1
"qcu0td0m","M_no_W_no","portfolio_2026-09-16.csv","botno_2","botno_2__g5",17,"W_no",300,1
"zcjv164s","M_no_W_no","portfolio_2026-09-16.csv","botno_2","botno_2__g5",17,"W_no",231,0
"3g7fmbdb","M_no_W_no","portfolio_2026-09-16.csv","botno_2","botno_2__g5",17,"W_no",250,1
"o7pccht6","M_no_W_no","portfolio_2026-09-16.csv","botno_2","botno_2__g1",18,"M_no",225,1
"xlysi5bz","M_no_W_no","portfolio_2026-09-16.csv","botno_2","botno_2__g1",18,"M_no",160,-1
"ktzkk4b7","M_no_W_no","portfolio_2026-09-16.csv","botno_2","botno_2__g1",18,"M_no",175,0
"unt4hlph","M_no_W_no","portfolio_2026-09-16.csv","botno_2","botno_2__g1",18,"M_no",150,-1
"e3o1p3e6","M_no_W_no","portfolio_2026-09-16.csv","botno_2","botno_2__g1",18,"M_no",210,1
"0nzm25g8","M_no_W_no","portfolio_2026-09-16.csv","botno_2","botno_2__g2",18,"M_no",90,-1
"f8ff6plt","M_no_W_no","portfolio_2026-09-16.csv","botno_2","botno_2__g2",18,"M_no",100,1
"poc3kn08","M_no_W_no","portfolio_2026-09-16.csv","botno_2","botno_2__g2",18,"M_no",80,-1
"z9zrwosz","M_no_W_no","portfolio_2026-09-16.csv","botno_2","botno_2__g2",18,"M_no",90,0
"yldmtmxh","M_no_W_no","portfolio_2026-09-16.csv","botno_2","botno_2__g2",18,"M_no",101,1
"bjw1ymg6","M_no_W_no","portfolio_2026-09-16.csv","botno_2","botno_2__g3",18,"M_no",150,-1
"dxg47gml","M_no_W_no","portfolio_2026-09-16.csv","botno_2","botno_2__g3",18,"M_no",90,-1
"t47t8m59","M_no_W_no","portfolio_2026-09-16.csv","botno_2","botno_2__g3",18,"M_no",158,1
"2epyouig","M_no_W_no","portfolio_2026-09-16.csv","botno_2","botno_2__g3",18,"M_no",157,0
"107rd682","M_no_W_no","portfolio_2026-09-16.csv","botno_2","botno_2__g3",18,"M_no",160,1
"6xyzc64h","M_no_W_no","portfolio_2026-09-16.csv","botno_2","botno_2__g4",18,"W_no",200,-1
"566nkyxt","M_no_W_no","portfolio_2026-09-16.csv","botno_2","botno_2__g4",18,"W_no",200,0
"uv69jk1p","M_no_W_no","portfolio_2026-09-16.csv","botno_2","botno_2__g4",18,"W_no",200,-1
"thfu25ei","M_no_W_no","portfolio_2026-09-16.csv","botno_2","botno_2__g4",18,"W_no",205,1
"008uq8bs","M_no_W_no","portfolio_2026-09-16.csv","botno_2","botno_2__g4",18,"W_no",203,1
"o4da1gkl","M_no_W_no","portfolio_2026-09-16.csv","botno_2","botno_2__g5",18,"W_no",215,-1
"ilc2oqlq","M_no_W_no","portfolio_2026-09-16.csv","botno_2","botno_2__g5",18,"W_no",208,-1
"qcu0td0m","M_no_W_no","portfolio_2026-09-16.csv","botno_2","botno_2__g5",18,"W_no",300,1
"zcjv164s","M_no_W_no","portfolio_2026-09-16.csv","botno_2","botno_2__g5",18,"W_no",220,0
"3g7fmbdb","M_no_W_no","portfolio_2026-09-16.csv","botno_2","botno_2__g5",18,"W_no",244,1
"o7pccht6","M_no_W_no","portfolio_2026-09-16.csv","botno_2","botno_2__g1",19,"M_no",200,1
"xlysi5bz","M_no_W_no","portfolio_2026-09-16.csv","botno_2","botno_2__g1",19,"M_no",160,1
"ktzkk4b7","M_no_W_no","portfolio_2026-09-16.csv","botno_2","botno_2__g1",19,"M_no",155,0
"unt4hlph","M_no_W_no","portfolio_2026-09-16.csv","botno_2","botno_2__g1",19,"M_no",150,-1
"e3o1p3e6","M_no_W_no","portfolio_2026-09-16.csv","botno_2","botno_2__g1",19,"M_no",150,-1
"0nzm25g8","M_no_W_no","portfolio_2026-09-16.csv","botno_2","botno_2__g2",19,"M_no",110,1
"f8ff6plt","M_no_W_no","portfolio_2026-09-16.csv","botno_2","botno_2__g2",19,"M_no",100,0
"poc3kn08","M_no_W_no","portfolio_2026-09-16.csv","botno_2","botno_2__g2",19,"M_no",120,1
"z9zrwosz","M_no_W_no","portfolio_2026-09-16.csv","botno_2","botno_2__g2",19,"M_no",90,-1
"yldmtmxh","M_no_W_no","portfolio_2026-09-16.csv","botno_2","botno_2__g2",19,"M_no",95,-1
"bjw1ymg6","M_no_W_no","portfolio_2026-09-16.csv","botno_2","botno_2__g3",19,"M_no",150,-1
"dxg47gml","M_no_W_no","portfolio_2026-09-16.csv","botno_2","botno_2__g3",19,"M_no",100,-1
"t47t8m59","M_no_W_no","portfolio_2026-09-16.csv","botno_2","botno_2__g3",19,"M_no",159,1
"2epyouig","M_no_W_no","portfolio_2026-09-16.csv","botno_2","botno_2__g3",19,"M_no",159,0
"107rd682","M_no_W_no","portfolio_2026-09-16.csv","botno_2","botno_2__g3",19,"M_no",160,1
"6xyzc64h","M_no_W_no","portfolio_2026-09-16.csv","botno_2","botno_2__g4",19,"W_no",203,1
"566nkyxt","M_no_W_no","portfolio_2026-09-16.csv","botno_2","botno_2__g4",19,"W_no",200,0
"uv69jk1p","M_no_W_no","portfolio_2026-09-16.csv","botno_2","botno_2__g4",19,"W_no",198,-1
"thfu25ei","M_no_W_no","portfolio_2026-09-16.csv","botno_2","botno_2__g4",19,"W_no",202,1
"008uq8bs","M_no_W_no","portfolio_2026-09-16.csv","botno_2","botno_2__g4",19,"W_no",200,-1
"o4da1gkl","M_no_W_no","portfolio_2026-09-16.csv","botno_2","botno_2__g5",19,"W_no",230,1
"ilc2oqlq","M_no_W_no","portfolio_2026-09-16.csv","botno_2","botno_2__g5",19,"W_no",208,0
"qcu0td0m","M_no_W_no","portfolio_2026-09-16.csv","botno_2","botno_2__g5",19,"W_no",200,-1
"zcjv164s","M_no_W_no","portfolio_2026-09-16.csv","botno_2","botno_2__g5",19,"W_no",200,-1
"3g7fmbdb","M_no_W_no","portfolio_2026-09-16.csv","botno_2","botno_2__g5",19,"W_no",232,1
"o7pccht6","M_no_W_no","portfolio_2026-09-16.csv","botno_2","botno_2__g1",20,"M_no",190,1
"xlysi5bz","M_no_W_no","portfolio_2026-09-16.csv","botno_2","botno_2__g1",20,"M_no",140,-1
"ktzkk4b7","M_no_W_no","portfolio_2026-09-16.csv","botno_2","botno_2__g1",20,"M_no",110,-1
"unt4hlph","M_no_W_no","portfolio_2026-09-16.csv","botno_2","botno_2__g1",20,"M_no",140,0
"e3o1p3e6","M_no_W_no","portfolio_2026-09-16.csv","botno_2","botno_2__g1",20,"M_no",170,1
"0nzm25g8","M_no_W_no","portfolio_2026-09-16.csv","botno_2","botno_2__g2",20,"M_no",90,-1
"f8ff6plt","M_no_W_no","portfolio_2026-09-16.csv","botno_2","botno_2__g2",20,"M_no",100,1
"poc3kn08","M_no_W_no","portfolio_2026-09-16.csv","botno_2","botno_2__g2",20,"M_no",97,0
"z9zrwosz","M_no_W_no","portfolio_2026-09-16.csv","botno_2","botno_2__g2",20,"M_no",100,1
"yldmtmxh","M_no_W_no","portfolio_2026-09-16.csv","botno_2","botno_2__g2",20,"M_no",10,-1
"bjw1ymg6","M_no_W_no","portfolio_2026-09-16.csv","botno_2","botno_2__g3",20,"M_no",165,1
"dxg47gml","M_no_W_no","portfolio_2026-09-16.csv","botno_2","botno_2__g3",20,"M_no",125,-1
"t47t8m59","M_no_W_no","portfolio_2026-09-16.csv","botno_2","botno_2__g3",20,"M_no",161,-1
"2epyouig","M_no_W_no","portfolio_2026-09-16.csv","botno_2","botno_2__g3",20,"M_no",161,0
"107rd682","M_no_W_no","portfolio_2026-09-16.csv","botno_2","botno_2__g3",20,"M_no",165,1
"6xyzc64h","M_no_W_no","portfolio_2026-09-16.csv","botno_2","botno_2__g4",20,"W_no",100,-1
"566nkyxt","M_no_W_no","portfolio_2026-09-16.csv","botno_2","botno_2__g4",20,"W_no",195,-1
"uv69jk1p","M_no_W_no","portfolio_2026-09-16.csv","botno_2","botno_2__g4",20,"W_no",198,0
"thfu25ei","M_no_W_no","portfolio_2026-09-16.csv","botno_2","botno_2__g4",20,"W_no",202,1
"008uq8bs","M_no_W_no","portfolio_2026-09-16.csv","botno_2","botno_2__g4",20,"W_no",205,1
"o4da1gkl","M_no_W_no","portfolio_2026-09-16.csv","botno_2","botno_2__g5",20,"W_no",200,0
"ilc2oqlq","M_no_W_no","portfolio_2026-09-16.csv","botno_2","botno_2__g5",20,"W_no",189,-1
"qcu0td0m","M_no_W_no","portfolio_2026-09-16.csv","botno_2","botno_2__g5",20,"W_no",250,1
"zcjv164s","M_no_W_no","portfolio_2026-09-16.csv","botno_2","botno_2__g5",20,"W_no",200,-1
"3g7fmbdb","M_no_W_no","portfolio_2026-09-16.csv","botno_2","botno_2__g5",20,"W_no",218,1
"2vm7punw","M_exp_W_no","portfolio_2026-09-14.csv","MeWno_1","MeWno_1__g1",11,"M_exp",300,0
"wfmrxna9","M_exp_W_no","portfolio_2026-09-14.csv","MeWno_1","MeWno_1__g1",11,"M_exp",599,1
"s57od4iz","M_exp_W_no","portfolio_2026-09-14.csv","MeWno_1","MeWno_1__g1",11,"M_exp",221,-1
"sem2q323","M_exp_W_no","portfolio_2026-09-14.csv","MeWno_1","MeWno_1__g1",11,"M_exp",599,1
"pmhhauc6","M_exp_W_no","portfolio_2026-09-14.csv","MeWno_1","MeWno_1__g1",11,"M_exp",210,-1
"bc7n6071","M_exp_W_no","portfolio_2026-09-14.csv","MeWno_1","MeWno_1__g2",11,"W_no",100,-1
"j2qhej8d","M_exp_W_no","portfolio_2026-09-14.csv","MeWno_1","MeWno_1__g2",11,"W_no",134,0
"nt0omp7o","M_exp_W_no","portfolio_2026-09-14.csv","MeWno_1","MeWno_1__g2",11,"W_no",150,1
"3vy48gux","M_exp_W_no","portfolio_2026-09-14.csv","MeWno_1","MeWno_1__g2",11,"W_no",300,1
"zzkx5xsm","M_exp_W_no","portfolio_2026-09-14.csv","MeWno_1","MeWno_1__g2",11,"W_no",100,-1
"qd0f31id","M_exp_W_no","portfolio_2026-09-14.csv","MeWno_1","MeWno_1__g3",11,"W_no",180,1
"gllc2565","M_exp_W_no","portfolio_2026-09-14.csv","MeWno_1","MeWno_1__g3",11,"W_no",150,-1
"k6q3olvt","M_exp_W_no","portfolio_2026-09-14.csv","MeWno_1","MeWno_1__g3",11,"W_no",151,0
"h7g9h66e","M_exp_W_no","portfolio_2026-09-14.csv","MeWno_1","MeWno_1__g3",11,"W_no",210,1
"ch700ni6","M_exp_W_no","portfolio_2026-09-14.csv","MeWno_1","MeWno_1__g3",11,"W_no",115,-1
"5doee2qb","M_exp_W_no","portfolio_2026-09-14.csv","MeWno_1","MeWno_1__g4",11,"W_no",100,-1
"fjk39fjv","M_exp_W_no","portfolio_2026-09-14.csv","MeWno_1","MeWno_1__g4",11,"W_no",50,-1
"uv9wmkop","M_exp_W_no","portfolio_2026-09-14.csv","MeWno_1","MeWno_1__g4",11,"W_no",150,1
"tdb9pvu4","M_exp_W_no","portfolio_2026-09-14.csv","MeWno_1","MeWno_1__g4",11,"W_no",110,0
"vlzegfsh","M_exp_W_no","portfolio_2026-09-14.csv","MeWno_1","MeWno_1__g4",11,"W_no",151,1
"vijmhlvg","M_exp_W_no","portfolio_2026-09-14.csv","MeWno_1","MeWno_1__g5",11,"M_exp",355,1
"8e240a8t","M_exp_W_no","portfolio_2026-09-14.csv","MeWno_1","MeWno_1__g5",11,"M_exp",300,-1
"djq10sre","M_exp_W_no","portfolio_2026-09-14.csv","MeWno_1","MeWno_1__g5",11,"M_exp",118,-1
"1rm0kasi","M_exp_W_no","portfolio_2026-09-14.csv","MeWno_1","MeWno_1__g5",11,"M_exp",349,0
"5ddpdjuo","M_exp_W_no","portfolio_2026-09-14.csv","MeWno_1","MeWno_1__g5",11,"M_exp",377,1
"2vm7punw","M_exp_W_no","portfolio_2026-09-14.csv","MeWno_1","MeWno_1__g1",12,"M_exp",310,1
"wfmrxna9","M_exp_W_no","portfolio_2026-09-14.csv","MeWno_1","MeWno_1__g1",12,"M_exp",1,-1
"s57od4iz","M_exp_W_no","portfolio_2026-09-14.csv","MeWno_1","MeWno_1__g1",12,"M_exp",301,0
"sem2q323","M_exp_W_no","portfolio_2026-09-14.csv","MeWno_1","MeWno_1__g1",12,"M_exp",315,1
"pmhhauc6","M_exp_W_no","portfolio_2026-09-14.csv","MeWno_1","MeWno_1__g1",12,"M_exp",295,-1
"bc7n6071","M_exp_W_no","portfolio_2026-09-14.csv","MeWno_1","MeWno_1__g2",12,"W_no",200,1
"j2qhej8d","M_exp_W_no","portfolio_2026-09-14.csv","MeWno_1","MeWno_1__g2",12,"W_no",134,-1
"nt0omp7o","M_exp_W_no","portfolio_2026-09-14.csv","MeWno_1","MeWno_1__g2",12,"W_no",135,-1
"3vy48gux","M_exp_W_no","portfolio_2026-09-14.csv","MeWno_1","MeWno_1__g2",12,"W_no",250,1
"zzkx5xsm","M_exp_W_no","portfolio_2026-09-14.csv","MeWno_1","MeWno_1__g2",12,"W_no",150,0
"qd0f31id","M_exp_W_no","portfolio_2026-09-14.csv","MeWno_1","MeWno_1__g3",12,"W_no",162,1
"gllc2565","M_exp_W_no","portfolio_2026-09-14.csv","MeWno_1","MeWno_1__g3",12,"W_no",155,0
"k6q3olvt","M_exp_W_no","portfolio_2026-09-14.csv","MeWno_1","MeWno_1__g3",12,"W_no",160,1
"h7g9h66e","M_exp_W_no","portfolio_2026-09-14.csv","MeWno_1","MeWno_1__g3",12,"W_no",120,-1
"ch700ni6","M_exp_W_no","portfolio_2026-09-14.csv","MeWno_1","MeWno_1__g3",12,"W_no",115,-1
"5doee2qb","M_exp_W_no","portfolio_2026-09-14.csv","MeWno_1","MeWno_1__g4",12,"W_no",90,-1
"fjk39fjv","M_exp_W_no","portfolio_2026-09-14.csv","MeWno_1","MeWno_1__g4",12,"W_no",80,-1
"uv9wmkop","M_exp_W_no","portfolio_2026-09-14.csv","MeWno_1","MeWno_1__g4",12,"W_no",100,0
"tdb9pvu4","M_exp_W_no","portfolio_2026-09-14.csv","MeWno_1","MeWno_1__g4",12,"W_no",120,1
"vlzegfsh","M_exp_W_no","portfolio_2026-09-14.csv","MeWno_1","MeWno_1__g4",12,"W_no",111,1
"vijmhlvg","M_exp_W_no","portfolio_2026-09-14.csv","MeWno_1","MeWno_1__g5",12,"M_exp",345,1
"8e240a8t","M_exp_W_no","portfolio_2026-09-14.csv","MeWno_1","MeWno_1__g5",12,"M_exp",290,-1
"djq10sre","M_exp_W_no","portfolio_2026-09-14.csv","MeWno_1","MeWno_1__g5",12,"M_exp",118,-1
"1rm0kasi","M_exp_W_no","portfolio_2026-09-14.csv","MeWno_1","MeWno_1__g5",12,"M_exp",320,0
"5ddpdjuo","M_exp_W_no","portfolio_2026-09-14.csv","MeWno_1","MeWno_1__g5",12,"M_exp",352,1
"2vm7punw","M_exp_W_no","portfolio_2026-09-14.csv","MeWno_1","MeWno_1__g1",13,"M_exp",310,1
"wfmrxna9","M_exp_W_no","portfolio_2026-09-14.csv","MeWno_1","MeWno_1__g1",13,"M_exp",599,1
"s57od4iz","M_exp_W_no","portfolio_2026-09-14.csv","MeWno_1","MeWno_1__g1",13,"M_exp",302,0
"sem2q323","M_exp_W_no","portfolio_2026-09-14.csv","MeWno_1","MeWno_1__g1",13,"M_exp",302,-1
"pmhhauc6","M_exp_W_no","portfolio_2026-09-14.csv","MeWno_1","MeWno_1__g1",13,"M_exp",300,-1
"bc7n6071","M_exp_W_no","portfolio_2026-09-14.csv","MeWno_1","MeWno_1__g2",13,"W_no",200,1
"j2qhej8d","M_exp_W_no","portfolio_2026-09-14.csv","MeWno_1","MeWno_1__g2",13,"W_no",134,-1
"nt0omp7o","M_exp_W_no","portfolio_2026-09-14.csv","MeWno_1","MeWno_1__g2",13,"W_no",155,0
"3vy48gux","M_exp_W_no","portfolio_2026-09-14.csv","MeWno_1","MeWno_1__g2",13,"W_no",180,1
"zzkx5xsm","M_exp_W_no","portfolio_2026-09-14.csv","MeWno_1","MeWno_1__g2",13,"W_no",150,-1
"qd0f31id","M_exp_W_no","portfolio_2026-09-14.csv","MeWno_1","MeWno_1__g3",13,"W_no",161,1
"gllc2565","M_exp_W_no","portfolio_2026-09-14.csv","MeWno_1","MeWno_1__g3",13,"W_no",159,0
"k6q3olvt","M_exp_W_no","portfolio_2026-09-14.csv","MeWno_1","MeWno_1__g3",13,"W_no",160,1
"h7g9h66e","M_exp_W_no","portfolio_2026-09-14.csv","MeWno_1","MeWno_1__g3",13,"W_no",150,-1
"ch700ni6","M_exp_W_no","portfolio_2026-09-14.csv","MeWno_1","MeWno_1__g3",13,"W_no",115,-1
"5doee2qb","M_exp_W_no","portfolio_2026-09-14.csv","MeWno_1","MeWno_1__g4",13,"W_no",100,0
"fjk39fjv","M_exp_W_no","portfolio_2026-09-14.csv","MeWno_1","MeWno_1__g4",13,"W_no",80,-1
"uv9wmkop","M_exp_W_no","portfolio_2026-09-14.csv","MeWno_1","MeWno_1__g4",13,"W_no",101,1
"tdb9pvu4","M_exp_W_no","portfolio_2026-09-14.csv","MeWno_1","MeWno_1__g4",13,"W_no",115,1
"vlzegfsh","M_exp_W_no","portfolio_2026-09-14.csv","MeWno_1","MeWno_1__g4",13,"W_no",95,-1
"vijmhlvg","M_exp_W_no","portfolio_2026-09-14.csv","MeWno_1","MeWno_1__g5",13,"M_exp",325,1
"8e240a8t","M_exp_W_no","portfolio_2026-09-14.csv","MeWno_1","MeWno_1__g5",13,"M_exp",280,-1
"djq10sre","M_exp_W_no","portfolio_2026-09-14.csv","MeWno_1","MeWno_1__g5",13,"M_exp",118,-1
"1rm0kasi","M_exp_W_no","portfolio_2026-09-14.csv","MeWno_1","MeWno_1__g5",13,"M_exp",290,0
"5ddpdjuo","M_exp_W_no","portfolio_2026-09-14.csv","MeWno_1","MeWno_1__g5",13,"M_exp",325,1
"2vm7punw","M_exp_W_no","portfolio_2026-09-14.csv","MeWno_1","MeWno_1__g1",14,"M_exp",310,1
"wfmrxna9","M_exp_W_no","portfolio_2026-09-14.csv","MeWno_1","MeWno_1__g1",14,"M_exp",1,-1
"s57od4iz","M_exp_W_no","portfolio_2026-09-14.csv","MeWno_1","MeWno_1__g1",14,"M_exp",400,1
"sem2q323","M_exp_W_no","portfolio_2026-09-14.csv","MeWno_1","MeWno_1__g1",14,"M_exp",305,0
"pmhhauc6","M_exp_W_no","portfolio_2026-09-14.csv","MeWno_1","MeWno_1__g1",14,"M_exp",301,-1
"bc7n6071","M_exp_W_no","portfolio_2026-09-14.csv","MeWno_1","MeWno_1__g2",14,"W_no",200,1
"j2qhej8d","M_exp_W_no","portfolio_2026-09-14.csv","MeWno_1","MeWno_1__g2",14,"W_no",149,-1
"nt0omp7o","M_exp_W_no","portfolio_2026-09-14.csv","MeWno_1","MeWno_1__g2",14,"W_no",160,0
"3vy48gux","M_exp_W_no","portfolio_2026-09-14.csv","MeWno_1","MeWno_1__g2",14,"W_no",140,-1
"zzkx5xsm","M_exp_W_no","portfolio_2026-09-14.csv","MeWno_1","MeWno_1__g2",14,"W_no",160,1
"qd0f31id","M_exp_W_no","portfolio_2026-09-14.csv","MeWno_1","MeWno_1__g3",14,"W_no",160,0
"gllc2565","M_exp_W_no","portfolio_2026-09-14.csv","MeWno_1","MeWno_1__g3",14,"W_no",162,1
"k6q3olvt","M_exp_W_no","portfolio_2026-09-14.csv","MeWno_1","MeWno_1__g3",14,"W_no",50,-1
"h7g9h66e","M_exp_W_no","portfolio_2026-09-14.csv","MeWno_1","MeWno_1__g3",14,"W_no",200,1
"ch700ni6","M_exp_W_no","portfolio_2026-09-14.csv","MeWno_1","MeWno_1__g3",14,"W_no",115,-1
"5doee2qb","M_exp_W_no","portfolio_2026-09-14.csv","MeWno_1","MeWno_1__g4",14,"W_no",105,1
"fjk39fjv","M_exp_W_no","portfolio_2026-09-14.csv","MeWno_1","MeWno_1__g4",14,"W_no",85,-1
"uv9wmkop","M_exp_W_no","portfolio_2026-09-14.csv","MeWno_1","MeWno_1__g4",14,"W_no",101,0
"tdb9pvu4","M_exp_W_no","portfolio_2026-09-14.csv","MeWno_1","MeWno_1__g4",14,"W_no",115,1
"vlzegfsh","M_exp_W_no","portfolio_2026-09-14.csv","MeWno_1","MeWno_1__g4",14,"W_no",101,-1
"vijmhlvg","M_exp_W_no","portfolio_2026-09-14.csv","MeWno_1","MeWno_1__g5",14,"M_exp",280,1
"8e240a8t","M_exp_W_no","portfolio_2026-09-14.csv","MeWno_1","MeWno_1__g5",14,"M_exp",120,-1
"djq10sre","M_exp_W_no","portfolio_2026-09-14.csv","MeWno_1","MeWno_1__g5",14,"M_exp",118,-1
"1rm0kasi","M_exp_W_no","portfolio_2026-09-14.csv","MeWno_1","MeWno_1__g5",14,"M_exp",220,0
"5ddpdjuo","M_exp_W_no","portfolio_2026-09-14.csv","MeWno_1","MeWno_1__g5",14,"M_exp",300,1
"2vm7punw","M_exp_W_no","portfolio_2026-09-14.csv","MeWno_1","MeWno_1__g1",15,"M_exp",310,0
"wfmrxna9","M_exp_W_no","portfolio_2026-09-14.csv","MeWno_1","MeWno_1__g1",15,"M_exp",599,1
"s57od4iz","M_exp_W_no","portfolio_2026-09-14.csv","MeWno_1","MeWno_1__g1",15,"M_exp",350,1
"sem2q323","M_exp_W_no","portfolio_2026-09-14.csv","MeWno_1","MeWno_1__g1",15,"M_exp",310,-1
"pmhhauc6","M_exp_W_no","portfolio_2026-09-14.csv","MeWno_1","MeWno_1__g1",15,"M_exp",305,-1
"bc7n6071","M_exp_W_no","portfolio_2026-09-14.csv","MeWno_1","MeWno_1__g2",15,"W_no",100,-1
"j2qhej8d","M_exp_W_no","portfolio_2026-09-14.csv","MeWno_1","MeWno_1__g2",15,"W_no",149,-1
"nt0omp7o","M_exp_W_no","portfolio_2026-09-14.csv","MeWno_1","MeWno_1__g2",15,"W_no",170,1
"3vy48gux","M_exp_W_no","portfolio_2026-09-14.csv","MeWno_1","MeWno_1__g2",15,"W_no",150,0
"zzkx5xsm","M_exp_W_no","portfolio_2026-09-14.csv","MeWno_1","MeWno_1__g2",15,"W_no",160,1
"qd0f31id","M_exp_W_no","portfolio_2026-09-14.csv","MeWno_1","MeWno_1__g3",15,"W_no",160,0
"gllc2565","M_exp_W_no","portfolio_2026-09-14.csv","MeWno_1","MeWno_1__g3",15,"W_no",162,1
"k6q3olvt","M_exp_W_no","portfolio_2026-09-14.csv","MeWno_1","MeWno_1__g3",15,"W_no",170,1
"h7g9h66e","M_exp_W_no","portfolio_2026-09-14.csv","MeWno_1","MeWno_1__g3",15,"W_no",150,-1
"ch700ni6","M_exp_W_no","portfolio_2026-09-14.csv","MeWno_1","MeWno_1__g3",15,"W_no",115,-1
"5doee2qb","M_exp_W_no","portfolio_2026-09-14.csv","MeWno_1","MeWno_1__g4",15,"W_no",100,-1
"fjk39fjv","M_exp_W_no","portfolio_2026-09-14.csv","MeWno_1","MeWno_1__g4",15,"W_no",90,-1
"uv9wmkop","M_exp_W_no","portfolio_2026-09-14.csv","MeWno_1","MeWno_1__g4",15,"W_no",103,0
"tdb9pvu4","M_exp_W_no","portfolio_2026-09-14.csv","MeWno_1","MeWno_1__g4",15,"W_no",115,1
"vlzegfsh","M_exp_W_no","portfolio_2026-09-14.csv","MeWno_1","MeWno_1__g4",15,"W_no",105,1
"vijmhlvg","M_exp_W_no","portfolio_2026-09-14.csv","MeWno_1","MeWno_1__g5",15,"M_exp",200,0
"8e240a8t","M_exp_W_no","portfolio_2026-09-14.csv","MeWno_1","MeWno_1__g5",15,"M_exp",250,1
"djq10sre","M_exp_W_no","portfolio_2026-09-14.csv","MeWno_1","MeWno_1__g5",15,"M_exp",118,-1
"1rm0kasi","M_exp_W_no","portfolio_2026-09-14.csv","MeWno_1","MeWno_1__g5",15,"M_exp",20,-1
"5ddpdjuo","M_exp_W_no","portfolio_2026-09-14.csv","MeWno_1","MeWno_1__g5",15,"M_exp",221,1
"2vm7punw","M_exp_W_no","portfolio_2026-09-14.csv","MeWno_1","MeWno_1__g1",16,"M_exp",321,1
"wfmrxna9","M_exp_W_no","portfolio_2026-09-14.csv","MeWno_1","MeWno_1__g1",16,"M_exp",1,-1
"s57od4iz","M_exp_W_no","portfolio_2026-09-14.csv","MeWno_1","MeWno_1__g1",16,"M_exp",320,0
"sem2q323","M_exp_W_no","portfolio_2026-09-14.csv","MeWno_1","MeWno_1__g1",16,"M_exp",320,1
"pmhhauc6","M_exp_W_no","portfolio_2026-09-14.csv","MeWno_1","MeWno_1__g1",16,"M_exp",311,-1
"bc7n6071","M_exp_W_no","portfolio_2026-09-14.csv","MeWno_1","MeWno_1__g2",16,"W_no",200,1
"j2qhej8d","M_exp_W_no","portfolio_2026-09-14.csv","MeWno_1","MeWno_1__g2",16,"W_no",148,0
"nt0omp7o","M_exp_W_no","portfolio_2026-09-14.csv","MeWno_1","MeWno_1__g2",16,"W_no",160,1
"3vy48gux","M_exp_W_no","portfolio_2026-09-14.csv","MeWno_1","MeWno_1__g2",16,"W_no",145,-1
"zzkx5xsm","M_exp_W_no","portfolio_2026-09-14.csv","MeWno_1","MeWno_1__g2",16,"W_no",100,-1
"qd0f31id","M_exp_W_no","portfolio_2026-09-14.csv","MeWno_1","MeWno_1__g3",16,"W_no",161,-1
"gllc2565","M_exp_W_no","portfolio_2026-09-14.csv","MeWno_1","MeWno_1__g3",16,"W_no",161,0
"k6q3olvt","M_exp_W_no","portfolio_2026-09-14.csv","MeWno_1","MeWno_1__g3",16,"W_no",165,1
"h7g9h66e","M_exp_W_no","portfolio_2026-09-14.csv","MeWno_1","MeWno_1__g3",16,"W_no",180,1
"ch700ni6","M_exp_W_no","portfolio_2026-09-14.csv","MeWno_1","MeWno_1__g3",16,"W_no",115,-1
"5doee2qb","M_exp_W_no","portfolio_2026-09-14.csv","MeWno_1","MeWno_1__g4",16,"W_no",100,-1
"fjk39fjv","M_exp_W_no","portfolio_2026-09-14.csv","MeWno_1","MeWno_1__g4",16,"W_no",95,-1
"uv9wmkop","M_exp_W_no","portfolio_2026-09-14.csv","MeWno_1","MeWno_1__g4",16,"W_no",105,0
"tdb9pvu4","M_exp_W_no","portfolio_2026-09-14.csv","MeWno_1","MeWno_1__g4",16,"W_no",110,1
"vlzegfsh","M_exp_W_no","portfolio_2026-09-14.csv","MeWno_1","MeWno_1__g4",16,"W_no",113,1
"vijmhlvg","M_exp_W_no","portfolio_2026-09-14.csv","MeWno_1","MeWno_1__g5",16,"M_exp",198,0
"8e240a8t","M_exp_W_no","portfolio_2026-09-14.csv","MeWno_1","MeWno_1__g5",16,"M_exp",200,1
"djq10sre","M_exp_W_no","portfolio_2026-09-14.csv","MeWno_1","MeWno_1__g5",16,"M_exp",118,-1
"1rm0kasi","M_exp_W_no","portfolio_2026-09-14.csv","MeWno_1","MeWno_1__g5",16,"M_exp",120,-1
"5ddpdjuo","M_exp_W_no","portfolio_2026-09-14.csv","MeWno_1","MeWno_1__g5",16,"M_exp",202,1
"2vm7punw","M_exp_W_no","portfolio_2026-09-14.csv","MeWno_1","MeWno_1__g1",17,"M_exp",321,-1
"wfmrxna9","M_exp_W_no","portfolio_2026-09-14.csv","MeWno_1","MeWno_1__g1",17,"M_exp",599,1
"s57od4iz","M_exp_W_no","portfolio_2026-09-14.csv","MeWno_1","MeWno_1__g1",17,"M_exp",599,1
"sem2q323","M_exp_W_no","portfolio_2026-09-14.csv","MeWno_1","MeWno_1__g1",17,"M_exp",330,0
"pmhhauc6","M_exp_W_no","portfolio_2026-09-14.csv","MeWno_1","MeWno_1__g1",17,"M_exp",330,-1
"bc7n6071","M_exp_W_no","portfolio_2026-09-14.csv","MeWno_1","MeWno_1__g2",17,"W_no",200,1
"j2qhej8d","M_exp_W_no","portfolio_2026-09-14.csv","MeWno_1","MeWno_1__g2",17,"W_no",144,-1
"nt0omp7o","M_exp_W_no","portfolio_2026-09-14.csv","MeWno_1","MeWno_1__g2",17,"W_no",150,0
"3vy48gux","M_exp_W_no","portfolio_2026-09-14.csv","MeWno_1","MeWno_1__g2",17,"W_no",140,-1
"zzkx5xsm","M_exp_W_no","portfolio_2026-09-14.csv","MeWno_1","MeWno_1__g2",17,"W_no",160,1
"qd0f31id","M_exp_W_no","portfolio_2026-09-14.csv","MeWno_1","MeWno_1__g3",17,"W_no",163,1
"gllc2565","M_exp_W_no","portfolio_2026-09-14.csv","MeWno_1","MeWno_1__g3",17,"W_no",162,0
"k6q3olvt","M_exp_W_no","portfolio_2026-09-14.csv","MeWno_1","MeWno_1__g3",17,"W_no",162,-1
"h7g9h66e","M_exp_W_no","portfolio_2026-09-14.csv","MeWno_1","MeWno_1__g3",17,"W_no",300,1
"ch700ni6","M_exp_W_no","portfolio_2026-09-14.csv","MeWno_1","MeWno_1__g3",17,"W_no",115,-1
"5doee2qb","M_exp_W_no","portfolio_2026-09-14.csv","MeWno_1","MeWno_1__g4",17,"W_no",105,-1
"fjk39fjv","M_exp_W_no","portfolio_2026-09-14.csv","MeWno_1","MeWno_1__g4",17,"W_no",100,-1
"uv9wmkop","M_exp_W_no","portfolio_2026-09-14.csv","MeWno_1","MeWno_1__g4",17,"W_no",108,0
"tdb9pvu4","M_exp_W_no","portfolio_2026-09-14.csv","MeWno_1","MeWno_1__g4",17,"W_no",112,1
"vlzegfsh","M_exp_W_no","portfolio_2026-09-14.csv","MeWno_1","MeWno_1__g4",17,"W_no",113,1
"vijmhlvg","M_exp_W_no","portfolio_2026-09-14.csv","MeWno_1","MeWno_1__g5",17,"M_exp",195,0
"8e240a8t","M_exp_W_no","portfolio_2026-09-14.csv","MeWno_1","MeWno_1__g5",17,"M_exp",200,1
"djq10sre","M_exp_W_no","portfolio_2026-09-14.csv","MeWno_1","MeWno_1__g5",17,"M_exp",118,-1
"1rm0kasi","M_exp_W_no","portfolio_2026-09-14.csv","MeWno_1","MeWno_1__g5",17,"M_exp",170,-1
"5ddpdjuo","M_exp_W_no","portfolio_2026-09-14.csv","MeWno_1","MeWno_1__g5",17,"M_exp",202,1
"2vm7punw","M_exp_W_no","portfolio_2026-09-14.csv","MeWno_1","MeWno_1__g1",18,"M_exp",341,0
"wfmrxna9","M_exp_W_no","portfolio_2026-09-14.csv","MeWno_1","MeWno_1__g1",18,"M_exp",1,-1
"s57od4iz","M_exp_W_no","portfolio_2026-09-14.csv","MeWno_1","MeWno_1__g1",18,"M_exp",200,-1
"sem2q323","M_exp_W_no","portfolio_2026-09-14.csv","MeWno_1","MeWno_1__g1",18,"M_exp",350,1
"pmhhauc6","M_exp_W_no","portfolio_2026-09-14.csv","MeWno_1","MeWno_1__g1",18,"M_exp",341,1
"bc7n6071","M_exp_W_no","portfolio_2026-09-14.csv","MeWno_1","MeWno_1__g2",18,"W_no",150,0
"j2qhej8d","M_exp_W_no","portfolio_2026-09-14.csv","MeWno_1","MeWno_1__g2",18,"W_no",147,-1
"nt0omp7o","M_exp_W_no","portfolio_2026-09-14.csv","MeWno_1","MeWno_1__g2",18,"W_no",150,-1
"3vy48gux","M_exp_W_no","portfolio_2026-09-14.csv","MeWno_1","MeWno_1__g2",18,"W_no",205,1
"zzkx5xsm","M_exp_W_no","portfolio_2026-09-14.csv","MeWno_1","MeWno_1__g2",18,"W_no",155,1
"qd0f31id","M_exp_W_no","portfolio_2026-09-14.csv","MeWno_1","MeWno_1__g3",18,"W_no",164,0
"gllc2565","M_exp_W_no","portfolio_2026-09-14.csv","MeWno_1","MeWno_1__g3",18,"W_no",163,-1
"k6q3olvt","M_exp_W_no","portfolio_2026-09-14.csv","MeWno_1","MeWno_1__g3",18,"W_no",165,1
"h7g9h66e","M_exp_W_no","portfolio_2026-09-14.csv","MeWno_1","MeWno_1__g3",18,"W_no",180,1
"ch700ni6","M_exp_W_no","portfolio_2026-09-14.csv","MeWno_1","MeWno_1__g3",18,"W_no",115,-1
"5doee2qb","M_exp_W_no","portfolio_2026-09-14.csv","MeWno_1","MeWno_1__g4",18,"W_no",110,-1
"fjk39fjv","M_exp_W_no","portfolio_2026-09-14.csv","MeWno_1","MeWno_1__g4",18,"W_no",105,-1
"uv9wmkop","M_exp_W_no","portfolio_2026-09-14.csv","MeWno_1","MeWno_1__g4",18,"W_no",112,0
"tdb9pvu4","M_exp_W_no","portfolio_2026-09-14.csv","MeWno_1","MeWno_1__g4",18,"W_no",115,1
"vlzegfsh","M_exp_W_no","portfolio_2026-09-14.csv","MeWno_1","MeWno_1__g4",18,"W_no",113,1
"vijmhlvg","M_exp_W_no","portfolio_2026-09-14.csv","MeWno_1","MeWno_1__g5",18,"M_exp",191,1
"8e240a8t","M_exp_W_no","portfolio_2026-09-14.csv","MeWno_1","MeWno_1__g5",18,"M_exp",190,0
"djq10sre","M_exp_W_no","portfolio_2026-09-14.csv","MeWno_1","MeWno_1__g5",18,"M_exp",118,-1
"1rm0kasi","M_exp_W_no","portfolio_2026-09-14.csv","MeWno_1","MeWno_1__g5",18,"M_exp",175,-1
"5ddpdjuo","M_exp_W_no","portfolio_2026-09-14.csv","MeWno_1","MeWno_1__g5",18,"M_exp",200,1
"2vm7punw","M_exp_W_no","portfolio_2026-09-14.csv","MeWno_1","MeWno_1__g1",19,"M_exp",300,-1
"wfmrxna9","M_exp_W_no","portfolio_2026-09-14.csv","MeWno_1","MeWno_1__g1",19,"M_exp",599,1
"s57od4iz","M_exp_W_no","portfolio_2026-09-14.csv","MeWno_1","MeWno_1__g1",19,"M_exp",300,-1
"sem2q323","M_exp_W_no","portfolio_2026-09-14.csv","MeWno_1","MeWno_1__g1",19,"M_exp",350,1
"pmhhauc6","M_exp_W_no","portfolio_2026-09-14.csv","MeWno_1","MeWno_1__g1",19,"M_exp",345,0
"bc7n6071","M_exp_W_no","portfolio_2026-09-14.csv","MeWno_1","MeWno_1__g2",19,"W_no",150,-1
"j2qhej8d","M_exp_W_no","portfolio_2026-09-14.csv","MeWno_1","MeWno_1__g2",19,"W_no",148,-1
"nt0omp7o","M_exp_W_no","portfolio_2026-09-14.csv","MeWno_1","MeWno_1__g2",19,"W_no",151,0
"3vy48gux","M_exp_W_no","portfolio_2026-09-14.csv","MeWno_1","MeWno_1__g2",19,"W_no",207,1
"zzkx5xsm","M_exp_W_no","portfolio_2026-09-14.csv","MeWno_1","MeWno_1__g2",19,"W_no",155,1
"qd0f31id","M_exp_W_no","portfolio_2026-09-14.csv","MeWno_1","MeWno_1__g3",19,"W_no",165,0
"gllc2565","M_exp_W_no","portfolio_2026-09-14.csv","MeWno_1","MeWno_1__g3",19,"W_no",165,1
"k6q3olvt","M_exp_W_no","portfolio_2026-09-14.csv","MeWno_1","MeWno_1__g3",19,"W_no",170,1
"h7g9h66e","M_exp_W_no","portfolio_2026-09-14.csv","MeWno_1","MeWno_1__g3",19,"W_no",150,-1
"ch700ni6","M_exp_W_no","portfolio_2026-09-14.csv","MeWno_1","MeWno_1__g3",19,"W_no",115,-1
"5doee2qb","M_exp_W_no","portfolio_2026-09-14.csv","MeWno_1","MeWno_1__g4",19,"W_no",115,0
"fjk39fjv","M_exp_W_no","portfolio_2026-09-14.csv","MeWno_1","MeWno_1__g4",19,"W_no",107,-1
"uv9wmkop","M_exp_W_no","portfolio_2026-09-14.csv","MeWno_1","MeWno_1__g4",19,"W_no",120,1
"tdb9pvu4","M_exp_W_no","portfolio_2026-09-14.csv","MeWno_1","MeWno_1__g4",19,"W_no",115,-1
"vlzegfsh","M_exp_W_no","portfolio_2026-09-14.csv","MeWno_1","MeWno_1__g4",19,"W_no",117,1
"vijmhlvg","M_exp_W_no","portfolio_2026-09-14.csv","MeWno_1","MeWno_1__g5",19,"M_exp",184,0
"8e240a8t","M_exp_W_no","portfolio_2026-09-14.csv","MeWno_1","MeWno_1__g5",19,"M_exp",187,1
"djq10sre","M_exp_W_no","portfolio_2026-09-14.csv","MeWno_1","MeWno_1__g5",19,"M_exp",118,-1
"1rm0kasi","M_exp_W_no","portfolio_2026-09-14.csv","MeWno_1","MeWno_1__g5",19,"M_exp",180,-1
"5ddpdjuo","M_exp_W_no","portfolio_2026-09-14.csv","MeWno_1","MeWno_1__g5",19,"M_exp",192,1
"2vm7punw","M_exp_W_no","portfolio_2026-09-14.csv","MeWno_1","MeWno_1__g1",20,"M_exp",100,0
"wfmrxna9","M_exp_W_no","portfolio_2026-09-14.csv","MeWno_1","MeWno_1__g1",20,"M_exp",1,-1
"s57od4iz","M_exp_W_no","portfolio_2026-09-14.csv","MeWno_1","MeWno_1__g1",20,"M_exp",100,-1
"sem2q323","M_exp_W_no","portfolio_2026-09-14.csv","MeWno_1","MeWno_1__g1",20,"M_exp",355,1
"pmhhauc6","M_exp_W_no","portfolio_2026-09-14.csv","MeWno_1","MeWno_1__g1",20,"M_exp",355,1
"bc7n6071","M_exp_W_no","portfolio_2026-09-14.csv","MeWno_1","MeWno_1__g2",20,"W_no",150,0
"j2qhej8d","M_exp_W_no","portfolio_2026-09-14.csv","MeWno_1","MeWno_1__g2",20,"W_no",146,-1
"nt0omp7o","M_exp_W_no","portfolio_2026-09-14.csv","MeWno_1","MeWno_1__g2",20,"W_no",155,1
"3vy48gux","M_exp_W_no","portfolio_2026-09-14.csv","MeWno_1","MeWno_1__g2",20,"W_no",201,1
"zzkx5xsm","M_exp_W_no","portfolio_2026-09-14.csv","MeWno_1","MeWno_1__g2",20,"W_no",100,-1
"qd0f31id","M_exp_W_no","portfolio_2026-09-14.csv","MeWno_1","MeWno_1__g3",20,"W_no",167,0
"gllc2565","M_exp_W_no","portfolio_2026-09-14.csv","MeWno_1","MeWno_1__g3",20,"W_no",166,-1
"k6q3olvt","M_exp_W_no","portfolio_2026-09-14.csv","MeWno_1","MeWno_1__g3",20,"W_no",170,1
"h7g9h66e","M_exp_W_no","portfolio_2026-09-14.csv","MeWno_1","MeWno_1__g3",20,"W_no",180,1
"ch700ni6","M_exp_W_no","portfolio_2026-09-14.csv","MeWno_1","MeWno_1__g3",20,"W_no",115,-1
"5doee2qb","M_exp_W_no","portfolio_2026-09-14.csv","MeWno_1","MeWno_1__g4",20,"W_no",110,-1
"fjk39fjv","M_exp_W_no","portfolio_2026-09-14.csv","MeWno_1","MeWno_1__g4",20,"W_no",110,-1
"uv9wmkop","M_exp_W_no","portfolio_2026-09-14.csv","MeWno_1","MeWno_1__g4",20,"W_no",125,1
"tdb9pvu4","M_exp_W_no","portfolio_2026-09-14.csv","MeWno_1","MeWno_1__g4",20,"W_no",115,0
"vlzegfsh","M_exp_W_no","portfolio_2026-09-14.csv","MeWno_1","MeWno_1__g4",20,"W_no",121,1
"vijmhlvg","M_exp_W_no","portfolio_2026-09-14.csv","MeWno_1","MeWno_1__g5",20,"M_exp",172,-1
"8e240a8t","M_exp_W_no","portfolio_2026-09-14.csv","MeWno_1","MeWno_1__g5",20,"M_exp",175,0
"djq10sre","M_exp_W_no","portfolio_2026-09-14.csv","MeWno_1","MeWno_1__g5",20,"M_exp",118,-1
"1rm0kasi","M_exp_W_no","portfolio_2026-09-14.csv","MeWno_1","MeWno_1__g5",20,"M_exp",175,1
"5ddpdjuo","M_exp_W_no","portfolio_2026-09-14.csv","MeWno_1","MeWno_1__g5",20,"M_exp",185,1
"cfn8fv6w","M_exp_W_no","portfolio_2026-09-14.csv","MeWno_2","MeWno_2__g1",11,"M_exp",100,0
"a1q00v4p","M_exp_W_no","portfolio_2026-09-14.csv","MeWno_2","MeWno_2__g1",11,"M_exp",10,-1
"rucumqi6","M_exp_W_no","portfolio_2026-09-14.csv","MeWno_2","MeWno_2__g1",11,"M_exp",1,-1
"lbzqe7lh","M_exp_W_no","portfolio_2026-09-14.csv","MeWno_2","MeWno_2__g1",11,"M_exp",100,1
"i42igenv","M_exp_W_no","portfolio_2026-09-14.csv","MeWno_2","MeWno_2__g1",11,"M_exp",250,1
"2nkc141x","M_exp_W_no","portfolio_2026-09-14.csv","MeWno_2","MeWno_2__g2",11,"W_no",300,1
"oqud1wxk","M_exp_W_no","portfolio_2026-09-14.csv","MeWno_2","MeWno_2__g2",11,"W_no",250,0
"a6q31ex7","M_exp_W_no","portfolio_2026-09-14.csv","MeWno_2","MeWno_2__g2",11,"W_no",200,-1
"o60mnzij","M_exp_W_no","portfolio_2026-09-14.csv","MeWno_2","MeWno_2__g2",11,"W_no",350,1
"bnt5i99k","M_exp_W_no","portfolio_2026-09-14.csv","MeWno_2","MeWno_2__g2",11,"W_no",1,-1
"zrywj9fx","M_exp_W_no","portfolio_2026-09-14.csv","MeWno_2","MeWno_2__g3",11,"M_exp",250,-1
"i44g0thi","M_exp_W_no","portfolio_2026-09-14.csv","MeWno_2","MeWno_2__g3",11,"M_exp",300,1
"s9ryf5kv","M_exp_W_no","portfolio_2026-09-14.csv","MeWno_2","MeWno_2__g3",11,"M_exp",280,1
"oe31za5u","M_exp_W_no","portfolio_2026-09-14.csv","MeWno_2","MeWno_2__g3",11,"M_exp",280,0
"v86y9zyn","M_exp_W_no","portfolio_2026-09-14.csv","MeWno_2","MeWno_2__g3",11,"M_exp",250,-1
"3p6ks3hb","M_exp_W_no","portfolio_2026-09-14.csv","MeWno_2","MeWno_2__g4",11,"M_exp",395,1
"y5kgtmfb","M_exp_W_no","portfolio_2026-09-14.csv","MeWno_2","MeWno_2__g4",11,"M_exp",350,0
"ebzeqzcf","M_exp_W_no","portfolio_2026-09-14.csv","MeWno_2","MeWno_2__g4",11,"M_exp",300,-1
"pb6d6kev","M_exp_W_no","portfolio_2026-09-14.csv","MeWno_2","MeWno_2__g4",11,"M_exp",400,1
"m8xnbw73","M_exp_W_no","portfolio_2026-09-14.csv","MeWno_2","MeWno_2__g4",11,"M_exp",260,-1
"an9ihpoe","M_exp_W_no","portfolio_2026-09-14.csv","MeWno_2","MeWno_2__g5",11,"W_no",150,1
"rbyuqaqn","M_exp_W_no","portfolio_2026-09-14.csv","MeWno_2","MeWno_2__g5",11,"W_no",150,0
"3pb269ab","M_exp_W_no","portfolio_2026-09-14.csv","MeWno_2","MeWno_2__g5",11,"W_no",100,-1
"ewpd3m8q","M_exp_W_no","portfolio_2026-09-14.csv","MeWno_2","MeWno_2__g5",11,"W_no",150,1
"0tv7bd9u","M_exp_W_no","portfolio_2026-09-14.csv","MeWno_2","MeWno_2__g5",11,"W_no",120,-1
"cfn8fv6w","M_exp_W_no","portfolio_2026-09-14.csv","MeWno_2","MeWno_2__g1",12,"M_exp",150,1
"a1q00v4p","M_exp_W_no","portfolio_2026-09-14.csv","MeWno_2","MeWno_2__g1",12,"M_exp",20,-1
"rucumqi6","M_exp_W_no","portfolio_2026-09-14.csv","MeWno_2","MeWno_2__g1",12,"M_exp",100,0
"lbzqe7lh","M_exp_W_no","portfolio_2026-09-14.csv","MeWno_2","MeWno_2__g1",12,"M_exp",75,-1
"i42igenv","M_exp_W_no","portfolio_2026-09-14.csv","MeWno_2","MeWno_2__g1",12,"M_exp",125,1
"2nkc141x","M_exp_W_no","portfolio_2026-09-14.csv","MeWno_2","MeWno_2__g2",12,"W_no",200,-1
"oqud1wxk","M_exp_W_no","portfolio_2026-09-14.csv","MeWno_2","MeWno_2__g2",12,"W_no",300,1
"a6q31ex7","M_exp_W_no","portfolio_2026-09-14.csv","MeWno_2","MeWno_2__g2",12,"W_no",250,1
"o60mnzij","M_exp_W_no","portfolio_2026-09-14.csv","MeWno_2","MeWno_2__g2",12,"W_no",200,0
"bnt5i99k","M_exp_W_no","portfolio_2026-09-14.csv","MeWno_2","MeWno_2__g2",12,"W_no",1,-1
"zrywj9fx","M_exp_W_no","portfolio_2026-09-14.csv","MeWno_2","MeWno_2__g3",12,"M_exp",266,0
"i44g0thi","M_exp_W_no","portfolio_2026-09-14.csv","MeWno_2","MeWno_2__g3",12,"M_exp",260,-1
"s9ryf5kv","M_exp_W_no","portfolio_2026-09-14.csv","MeWno_2","MeWno_2__g3",12,"M_exp",285,1
"oe31za5u","M_exp_W_no","portfolio_2026-09-14.csv","MeWno_2","MeWno_2__g3",12,"M_exp",290,1
"v86y9zyn","M_exp_W_no","portfolio_2026-09-14.csv","MeWno_2","MeWno_2__g3",12,"M_exp",265,-1
"3p6ks3hb","M_exp_W_no","portfolio_2026-09-14.csv","MeWno_2","MeWno_2__g4",12,"M_exp",317,-1
"y5kgtmfb","M_exp_W_no","portfolio_2026-09-14.csv","MeWno_2","MeWno_2__g4",12,"M_exp",350,0
"ebzeqzcf","M_exp_W_no","portfolio_2026-09-14.csv","MeWno_2","MeWno_2__g4",12,"M_exp",350,1
"pb6d6kev","M_exp_W_no","portfolio_2026-09-14.csv","MeWno_2","MeWno_2__g4",12,"M_exp",348,-1
"m8xnbw73","M_exp_W_no","portfolio_2026-09-14.csv","MeWno_2","MeWno_2__g4",12,"M_exp",370,1
"an9ihpoe","M_exp_W_no","portfolio_2026-09-14.csv","MeWno_2","MeWno_2__g5",12,"W_no",149,1
"rbyuqaqn","M_exp_W_no","portfolio_2026-09-14.csv","MeWno_2","MeWno_2__g5",12,"W_no",140,-1
"3pb269ab","M_exp_W_no","portfolio_2026-09-14.csv","MeWno_2","MeWno_2__g5",12,"W_no",149,0
"ewpd3m8q","M_exp_W_no","portfolio_2026-09-14.csv","MeWno_2","MeWno_2__g5",12,"W_no",150,1
"0tv7bd9u","M_exp_W_no","portfolio_2026-09-14.csv","MeWno_2","MeWno_2__g5",12,"W_no",120,-1
"cfn8fv6w","M_exp_W_no","portfolio_2026-09-14.csv","MeWno_2","MeWno_2__g1",13,"M_exp",150,1
"a1q00v4p","M_exp_W_no","portfolio_2026-09-14.csv","MeWno_2","MeWno_2__g1",13,"M_exp",20,-1
"rucumqi6","M_exp_W_no","portfolio_2026-09-14.csv","MeWno_2","MeWno_2__g1",13,"M_exp",200,1
"lbzqe7lh","M_exp_W_no","portfolio_2026-09-14.csv","MeWno_2","MeWno_2__g1",13,"M_exp",85,-1
"i42igenv","M_exp_W_no","portfolio_2026-09-14.csv","MeWno_2","MeWno_2__g1",13,"M_exp",125,0
"2nkc141x","M_exp_W_no","portfolio_2026-09-14.csv","MeWno_2","MeWno_2__g2",13,"W_no",150,0
"oqud1wxk","M_exp_W_no","portfolio_2026-09-14.csv","MeWno_2","MeWno_2__g2",13,"W_no",200,1
"a6q31ex7","M_exp_W_no","portfolio_2026-09-14.csv","MeWno_2","MeWno_2__g2",13,"W_no",150,-1
"o60mnzij","M_exp_W_no","portfolio_2026-09-14.csv","MeWno_2","MeWno_2__g2",13,"W_no",350,1
"bnt5i99k","M_exp_W_no","portfolio_2026-09-14.csv","MeWno_2","MeWno_2__g2",13,"W_no",1,-1
"zrywj9fx","M_exp_W_no","portfolio_2026-09-14.csv","MeWno_2","MeWno_2__g3",13,"M_exp",255,-1
"i44g0thi","M_exp_W_no","portfolio_2026-09-14.csv","MeWno_2","MeWno_2__g3",13,"M_exp",280,1
"s9ryf5kv","M_exp_W_no","portfolio_2026-09-14.csv","MeWno_2","MeWno_2__g3",13,"M_exp",270,-1
"oe31za5u","M_exp_W_no","portfolio_2026-09-14.csv","MeWno_2","MeWno_2__g3",13,"M_exp",270,0
"v86y9zyn","M_exp_W_no","portfolio_2026-09-14.csv","MeWno_2","MeWno_2__g3",13,"M_exp",280,1
"3p6ks3hb","M_exp_W_no","portfolio_2026-09-14.csv","MeWno_2","MeWno_2__g4",13,"M_exp",312,-1
"y5kgtmfb","M_exp_W_no","portfolio_2026-09-14.csv","MeWno_2","MeWno_2__g4",13,"M_exp",350,1
"ebzeqzcf","M_exp_W_no","portfolio_2026-09-14.csv","MeWno_2","MeWno_2__g4",13,"M_exp",351,1
"pb6d6kev","M_exp_W_no","portfolio_2026-09-14.csv","MeWno_2","MeWno_2__g4",13,"M_exp",349,0
"m8xnbw73","M_exp_W_no","portfolio_2026-09-14.csv","MeWno_2","MeWno_2__g4",13,"M_exp",100,-1
"an9ihpoe","M_exp_W_no","portfolio_2026-09-14.csv","MeWno_2","MeWno_2__g5",13,"W_no",140,0
"rbyuqaqn","M_exp_W_no","portfolio_2026-09-14.csv","MeWno_2","MeWno_2__g5",13,"W_no",140,1
"3pb269ab","M_exp_W_no","portfolio_2026-09-14.csv","MeWno_2","MeWno_2__g5",13,"W_no",148,1
"ewpd3m8q","M_exp_W_no","portfolio_2026-09-14.csv","MeWno_2","MeWno_2__g5",13,"W_no",100,-1
"0tv7bd9u","M_exp_W_no","portfolio_2026-09-14.csv","MeWno_2","MeWno_2__g5",13,"W_no",120,-1
"cfn8fv6w","M_exp_W_no","portfolio_2026-09-14.csv","MeWno_2","MeWno_2__g1",14,"M_exp",150,1
"a1q00v4p","M_exp_W_no","portfolio_2026-09-14.csv","MeWno_2","MeWno_2__g1",14,"M_exp",20,-1
"rucumqi6","M_exp_W_no","portfolio_2026-09-14.csv","MeWno_2","MeWno_2__g1",14,"M_exp",1,-1
"lbzqe7lh","M_exp_W_no","portfolio_2026-09-14.csv","MeWno_2","MeWno_2__g1",14,"M_exp",110,0
"i42igenv","M_exp_W_no","portfolio_2026-09-14.csv","MeWno_2","MeWno_2__g1",14,"M_exp",120,1
"2nkc141x","M_exp_W_no","portfolio_2026-09-14.csv","MeWno_2","MeWno_2__g2",14,"W_no",100,0
"oqud1wxk","M_exp_W_no","portfolio_2026-09-14.csv","MeWno_2","MeWno_2__g2",14,"W_no",150,1
"a6q31ex7","M_exp_W_no","portfolio_2026-09-14.csv","MeWno_2","MeWno_2__g2",14,"W_no",100,-1
"o60mnzij","M_exp_W_no","portfolio_2026-09-14.csv","MeWno_2","MeWno_2__g2",14,"W_no",200,1
"bnt5i99k","M_exp_W_no","portfolio_2026-09-14.csv","MeWno_2","MeWno_2__g2",14,"W_no",1,-1
"zrywj9fx","M_exp_W_no","portfolio_2026-09-14.csv","MeWno_2","MeWno_2__g3",14,"M_exp",260,-1
"i44g0thi","M_exp_W_no","portfolio_2026-09-14.csv","MeWno_2","MeWno_2__g3",14,"M_exp",285,1
"s9ryf5kv","M_exp_W_no","portfolio_2026-09-14.csv","MeWno_2","MeWno_2__g3",14,"M_exp",275,0
"oe31za5u","M_exp_W_no","portfolio_2026-09-14.csv","MeWno_2","MeWno_2__g3",14,"M_exp",275,1
"v86y9zyn","M_exp_W_no","portfolio_2026-09-14.csv","MeWno_2","MeWno_2__g3",14,"M_exp",271,-1
"3p6ks3hb","M_exp_W_no","portfolio_2026-09-14.csv","MeWno_2","MeWno_2__g4",14,"M_exp",329,-1
"y5kgtmfb","M_exp_W_no","portfolio_2026-09-14.csv","MeWno_2","MeWno_2__g4",14,"M_exp",350,1
"ebzeqzcf","M_exp_W_no","portfolio_2026-09-14.csv","MeWno_2","MeWno_2__g4",14,"M_exp",350,1
"pb6d6kev","M_exp_W_no","portfolio_2026-09-14.csv","MeWno_2","MeWno_2__g4",14,"M_exp",347,0
"m8xnbw73","M_exp_W_no","portfolio_2026-09-14.csv","MeWno_2","MeWno_2__g4",14,"M_exp",290,-1
"an9ihpoe","M_exp_W_no","portfolio_2026-09-14.csv","MeWno_2","MeWno_2__g5",14,"W_no",141,1
"rbyuqaqn","M_exp_W_no","portfolio_2026-09-14.csv","MeWno_2","MeWno_2__g5",14,"W_no",140,1
"3pb269ab","M_exp_W_no","portfolio_2026-09-14.csv","MeWno_2","MeWno_2__g5",14,"W_no",139,0
"ewpd3m8q","M_exp_W_no","portfolio_2026-09-14.csv","MeWno_2","MeWno_2__g5",14,"W_no",125,-1
"0tv7bd9u","M_exp_W_no","portfolio_2026-09-14.csv","MeWno_2","MeWno_2__g5",14,"W_no",120,-1
"cfn8fv6w","M_exp_W_no","portfolio_2026-09-14.csv","MeWno_2","MeWno_2__g1",15,"M_exp",40,-1
"a1q00v4p","M_exp_W_no","portfolio_2026-09-14.csv","MeWno_2","MeWno_2__g1",15,"M_exp",20,-1
"rucumqi6","M_exp_W_no","portfolio_2026-09-14.csv","MeWno_2","MeWno_2__g1",15,"M_exp",100,1
"lbzqe7lh","M_exp_W_no","portfolio_2026-09-14.csv","MeWno_2","MeWno_2__g1",15,"M_exp",100,0
"i42igenv","M_exp_W_no","portfolio_2026-09-14.csv","MeWno_2","MeWno_2__g1",15,"M_exp",115,1
"2nkc141x","M_exp_W_no","portfolio_2026-09-14.csv","MeWno_2","MeWno_2__g2",15,"W_no",100,-1
"oqud1wxk","M_exp_W_no","portfolio_2026-09-14.csv","MeWno_2","MeWno_2__g2",15,"W_no",100,-1
"a6q31ex7","M_exp_W_no","portfolio_2026-09-14.csv","MeWno_2","MeWno_2__g2",15,"W_no",300,0
"o60mnzij","M_exp_W_no","portfolio_2026-09-14.csv","MeWno_2","MeWno_2__g2",15,"W_no",350,1
"bnt5i99k","M_exp_W_no","portfolio_2026-09-14.csv","MeWno_2","MeWno_2__g2",15,"W_no",599,1
"zrywj9fx","M_exp_W_no","portfolio_2026-09-14.csv","MeWno_2","MeWno_2__g3",15,"M_exp",271,1
"i44g0thi","M_exp_W_no","portfolio_2026-09-14.csv","MeWno_2","MeWno_2__g3",15,"M_exp",265,-1
"s9ryf5kv","M_exp_W_no","portfolio_2026-09-14.csv","MeWno_2","MeWno_2__g3",15,"M_exp",280,1
"oe31za5u","M_exp_W_no","portfolio_2026-09-14.csv","MeWno_2","MeWno_2__g3",15,"M_exp",260,-1
"v86y9zyn","M_exp_W_no","portfolio_2026-09-14.csv","MeWno_2","MeWno_2__g3",15,"M_exp",271,0
"3p6ks3hb","M_exp_W_no","portfolio_2026-09-14.csv","MeWno_2","MeWno_2__g4",15,"M_exp",372,1
"y5kgtmfb","M_exp_W_no","portfolio_2026-09-14.csv","MeWno_2","MeWno_2__g4",15,"M_exp",340,-1
"ebzeqzcf","M_exp_W_no","portfolio_2026-09-14.csv","MeWno_2","MeWno_2__g4",15,"M_exp",349,1
"pb6d6kev","M_exp_W_no","portfolio_2026-09-14.csv","MeWno_2","MeWno_2__g4",15,"M_exp",345,0
"m8xnbw73","M_exp_W_no","portfolio_2026-09-14.csv","MeWno_2","MeWno_2__g4",15,"M_exp",310,-1
"an9ihpoe","M_exp_W_no","portfolio_2026-09-14.csv","MeWno_2","MeWno_2__g5",15,"W_no",136,1
"rbyuqaqn","M_exp_W_no","portfolio_2026-09-14.csv","MeWno_2","MeWno_2__g5",15,"W_no",130,-1
"3pb269ab","M_exp_W_no","portfolio_2026-09-14.csv","MeWno_2","MeWno_2__g5",15,"W_no",139,1
"ewpd3m8q","M_exp_W_no","portfolio_2026-09-14.csv","MeWno_2","MeWno_2__g5",15,"W_no",130,0
"0tv7bd9u","M_exp_W_no","portfolio_2026-09-14.csv","MeWno_2","MeWno_2__g5",15,"W_no",120,-1
"cfn8fv6w","M_exp_W_no","portfolio_2026-09-14.csv","MeWno_2","MeWno_2__g1",16,"M_exp",10,-1
"a1q00v4p","M_exp_W_no","portfolio_2026-09-14.csv","MeWno_2","MeWno_2__g1",16,"M_exp",20,-1
"rucumqi6","M_exp_W_no","portfolio_2026-09-14.csv","MeWno_2","MeWno_2__g1",16,"M_exp",200,1
"lbzqe7lh","M_exp_W_no","portfolio_2026-09-14.csv","MeWno_2","MeWno_2__g1",16,"M_exp",95,1
"i42igenv","M_exp_W_no","portfolio_2026-09-14.csv","MeWno_2","MeWno_2__g1",16,"M_exp",93,0
"2nkc141x","M_exp_W_no","portfolio_2026-09-14.csv","MeWno_2","MeWno_2__g2",16,"W_no",200,-1
"oqud1wxk","M_exp_W_no","portfolio_2026-09-14.csv","MeWno_2","MeWno_2__g2",16,"W_no",250,1
"a6q31ex7","M_exp_W_no","portfolio_2026-09-14.csv","MeWno_2","MeWno_2__g2",16,"W_no",450,1
"o60mnzij","M_exp_W_no","portfolio_2026-09-14.csv","MeWno_2","MeWno_2__g2",16,"W_no",200,0
"bnt5i99k","M_exp_W_no","portfolio_2026-09-14.csv","MeWno_2","MeWno_2__g2",16,"W_no",1,-1
"zrywj9fx","M_exp_W_no","portfolio_2026-09-14.csv","MeWno_2","MeWno_2__g3",16,"M_exp",270,1
"i44g0thi","M_exp_W_no","portfolio_2026-09-14.csv","MeWno_2","MeWno_2__g3",16,"M_exp",265,-1
"s9ryf5kv","M_exp_W_no","portfolio_2026-09-14.csv","MeWno_2","MeWno_2__g3",16,"M_exp",279,1
"oe31za5u","M_exp_W_no","portfolio_2026-09-14.csv","MeWno_2","MeWno_2__g3",16,"M_exp",268,0
"v86y9zyn","M_exp_W_no","portfolio_2026-09-14.csv","MeWno_2","MeWno_2__g3",16,"M_exp",267,-1
"3p6ks3hb","M_exp_W_no","portfolio_2026-09-14.csv","MeWno_2","MeWno_2__g4",16,"M_exp",368,1
"y5kgtmfb","M_exp_W_no","portfolio_2026-09-14.csv","MeWno_2","MeWno_2__g4",16,"M_exp",345,1
"ebzeqzcf","M_exp_W_no","portfolio_2026-09-14.csv","MeWno_2","MeWno_2__g4",16,"M_exp",345,0
"pb6d6kev","M_exp_W_no","portfolio_2026-09-14.csv","MeWno_2","MeWno_2__g4",16,"M_exp",300,-1
"m8xnbw73","M_exp_W_no","portfolio_2026-09-14.csv","MeWno_2","MeWno_2__g4",16,"M_exp",320,-1
"an9ihpoe","M_exp_W_no","portfolio_2026-09-14.csv","MeWno_2","MeWno_2__g5",16,"W_no",125,0
"rbyuqaqn","M_exp_W_no","portfolio_2026-09-14.csv","MeWno_2","MeWno_2__g5",16,"W_no",125,-1
"3pb269ab","M_exp_W_no","portfolio_2026-09-14.csv","MeWno_2","MeWno_2__g5",16,"W_no",129,1
"ewpd3m8q","M_exp_W_no","portfolio_2026-09-14.csv","MeWno_2","MeWno_2__g5",16,"W_no",150,1
"0tv7bd9u","M_exp_W_no","portfolio_2026-09-14.csv","MeWno_2","MeWno_2__g5",16,"W_no",120,-1
"cfn8fv6w","M_exp_W_no","portfolio_2026-09-14.csv","MeWno_2","MeWno_2__g1",17,"M_exp",95,1
"a1q00v4p","M_exp_W_no","portfolio_2026-09-14.csv","MeWno_2","MeWno_2__g1",17,"M_exp",20,-1
"rucumqi6","M_exp_W_no","portfolio_2026-09-14.csv","MeWno_2","MeWno_2__g1",17,"M_exp",200,1
"lbzqe7lh","M_exp_W_no","portfolio_2026-09-14.csv","MeWno_2","MeWno_2__g1",17,"M_exp",90,-1
"i42igenv","M_exp_W_no","portfolio_2026-09-14.csv","MeWno_2","MeWno_2__g1",17,"M_exp",95,0
"2nkc141x","M_exp_W_no","portfolio_2026-09-14.csv","MeWno_2","MeWno_2__g2",17,"W_no",200,-1
"oqud1wxk","M_exp_W_no","portfolio_2026-09-14.csv","MeWno_2","MeWno_2__g2",17,"W_no",200,0
"a6q31ex7","M_exp_W_no","portfolio_2026-09-14.csv","MeWno_2","MeWno_2__g2",17,"W_no",350,1
"o60mnzij","M_exp_W_no","portfolio_2026-09-14.csv","MeWno_2","MeWno_2__g2",17,"W_no",250,1
"bnt5i99k","M_exp_W_no","portfolio_2026-09-14.csv","MeWno_2","MeWno_2__g2",17,"W_no",1,-1
"zrywj9fx","M_exp_W_no","portfolio_2026-09-14.csv","MeWno_2","MeWno_2__g3",17,"M_exp",270,-1
"i44g0thi","M_exp_W_no","portfolio_2026-09-14.csv","MeWno_2","MeWno_2__g3",17,"M_exp",278,0
"s9ryf5kv","M_exp_W_no","portfolio_2026-09-14.csv","MeWno_2","MeWno_2__g3",17,"M_exp",279,1
"oe31za5u","M_exp_W_no","portfolio_2026-09-14.csv","MeWno_2","MeWno_2__g3",17,"M_exp",280,1
"v86y9zyn","M_exp_W_no","portfolio_2026-09-14.csv","MeWno_2","MeWno_2__g3",17,"M_exp",270,-1
"3p6ks3hb","M_exp_W_no","portfolio_2026-09-14.csv","MeWno_2","MeWno_2__g4",17,"M_exp",290,-1
"y5kgtmfb","M_exp_W_no","portfolio_2026-09-14.csv","MeWno_2","MeWno_2__g4",17,"M_exp",344,1
"ebzeqzcf","M_exp_W_no","portfolio_2026-09-14.csv","MeWno_2","MeWno_2__g4",17,"M_exp",348,1
"pb6d6kev","M_exp_W_no","portfolio_2026-09-14.csv","MeWno_2","MeWno_2__g4",17,"M_exp",330,0
"m8xnbw73","M_exp_W_no","portfolio_2026-09-14.csv","MeWno_2","MeWno_2__g4",17,"M_exp",330,-1
"an9ihpoe","M_exp_W_no","portfolio_2026-09-14.csv","MeWno_2","MeWno_2__g5",17,"W_no",119,-1
"rbyuqaqn","M_exp_W_no","portfolio_2026-09-14.csv","MeWno_2","MeWno_2__g5",17,"W_no",139,1
"3pb269ab","M_exp_W_no","portfolio_2026-09-14.csv","MeWno_2","MeWno_2__g5",17,"W_no",128,0
"ewpd3m8q","M_exp_W_no","portfolio_2026-09-14.csv","MeWno_2","MeWno_2__g5",17,"W_no",150,1
"0tv7bd9u","M_exp_W_no","portfolio_2026-09-14.csv","MeWno_2","MeWno_2__g5",17,"W_no",120,-1
"cfn8fv6w","M_exp_W_no","portfolio_2026-09-14.csv","MeWno_2","MeWno_2__g1",18,"M_exp",120,1
"a1q00v4p","M_exp_W_no","portfolio_2026-09-14.csv","MeWno_2","MeWno_2__g1",18,"M_exp",20,-1
"rucumqi6","M_exp_W_no","portfolio_2026-09-14.csv","MeWno_2","MeWno_2__g1",18,"M_exp",190,1
"lbzqe7lh","M_exp_W_no","portfolio_2026-09-14.csv","MeWno_2","MeWno_2__g1",18,"M_exp",90,-1
"i42igenv","M_exp_W_no","portfolio_2026-09-14.csv","MeWno_2","MeWno_2__g1",18,"M_exp",100,0
"2nkc141x","M_exp_W_no","portfolio_2026-09-14.csv","MeWno_2","MeWno_2__g2",18,"W_no",100,-1
"oqud1wxk","M_exp_W_no","portfolio_2026-09-14.csv","MeWno_2","MeWno_2__g2",18,"W_no",200,-1
"a6q31ex7","M_exp_W_no","portfolio_2026-09-14.csv","MeWno_2","MeWno_2__g2",18,"W_no",300,1
"o60mnzij","M_exp_W_no","portfolio_2026-09-14.csv","MeWno_2","MeWno_2__g2",18,"W_no",300,1
"bnt5i99k","M_exp_W_no","portfolio_2026-09-14.csv","MeWno_2","MeWno_2__g2",18,"W_no",200,0
"zrywj9fx","M_exp_W_no","portfolio_2026-09-14.csv","MeWno_2","MeWno_2__g3",18,"M_exp",275,1
"i44g0thi","M_exp_W_no","portfolio_2026-09-14.csv","MeWno_2","MeWno_2__g3",18,"M_exp",260,-1
"s9ryf5kv","M_exp_W_no","portfolio_2026-09-14.csv","MeWno_2","MeWno_2__g3",18,"M_exp",290,1
"oe31za5u","M_exp_W_no","portfolio_2026-09-14.csv","MeWno_2","MeWno_2__g3",18,"M_exp",265,-1
"v86y9zyn","M_exp_W_no","portfolio_2026-09-14.csv","MeWno_2","MeWno_2__g3",18,"M_exp",270,0
"3p6ks3hb","M_exp_W_no","portfolio_2026-09-14.csv","MeWno_2","MeWno_2__g4",18,"M_exp",362,1
"y5kgtmfb","M_exp_W_no","portfolio_2026-09-14.csv","MeWno_2","MeWno_2__g4",18,"M_exp",320,0
"ebzeqzcf","M_exp_W_no","portfolio_2026-09-14.csv","MeWno_2","MeWno_2__g4",18,"M_exp",333,1
"pb6d6kev","M_exp_W_no","portfolio_2026-09-14.csv","MeWno_2","MeWno_2__g4",18,"M_exp",310,-1
"m8xnbw73","M_exp_W_no","portfolio_2026-09-14.csv","MeWno_2","MeWno_2__g4",18,"M_exp",150,-1
"an9ihpoe","M_exp_W_no","portfolio_2026-09-14.csv","MeWno_2","MeWno_2__g5",18,"W_no",125,0
"rbyuqaqn","M_exp_W_no","portfolio_2026-09-14.csv","MeWno_2","MeWno_2__g5",18,"W_no",129,1
"3pb269ab","M_exp_W_no","portfolio_2026-09-14.csv","MeWno_2","MeWno_2__g5",18,"W_no",130,1
"ewpd3m8q","M_exp_W_no","portfolio_2026-09-14.csv","MeWno_2","MeWno_2__g5",18,"W_no",100,-1
"0tv7bd9u","M_exp_W_no","portfolio_2026-09-14.csv","MeWno_2","MeWno_2__g5",18,"W_no",120,-1
"cfn8fv6w","M_exp_W_no","portfolio_2026-09-14.csv","MeWno_2","MeWno_2__g1",19,"M_exp",110,0
"a1q00v4p","M_exp_W_no","portfolio_2026-09-14.csv","MeWno_2","MeWno_2__g1",19,"M_exp",10,-1
"rucumqi6","M_exp_W_no","portfolio_2026-09-14.csv","MeWno_2","MeWno_2__g1",19,"M_exp",150,1
"lbzqe7lh","M_exp_W_no","portfolio_2026-09-14.csv","MeWno_2","MeWno_2__g1",19,"M_exp",94,-1
"i42igenv","M_exp_W_no","portfolio_2026-09-14.csv","MeWno_2","MeWno_2__g1",19,"M_exp",120,1
"2nkc141x","M_exp_W_no","portfolio_2026-09-14.csv","MeWno_2","MeWno_2__g2",19,"W_no",250,0
"oqud1wxk","M_exp_W_no","portfolio_2026-09-14.csv","MeWno_2","MeWno_2__g2",19,"W_no",300,1
"a6q31ex7","M_exp_W_no","portfolio_2026-09-14.csv","MeWno_2","MeWno_2__g2",19,"W_no",150,-1
"o60mnzij","M_exp_W_no","portfolio_2026-09-14.csv","MeWno_2","MeWno_2__g2",19,"W_no",250,1
"bnt5i99k","M_exp_W_no","portfolio_2026-09-14.csv","MeWno_2","MeWno_2__g2",19,"W_no",1,-1
"zrywj9fx","M_exp_W_no","portfolio_2026-09-14.csv","MeWno_2","MeWno_2__g3",19,"M_exp",260,-1
"i44g0thi","M_exp_W_no","portfolio_2026-09-14.csv","MeWno_2","MeWno_2__g3",19,"M_exp",260,-1
"s9ryf5kv","M_exp_W_no","portfolio_2026-09-14.csv","MeWno_2","MeWno_2__g3",19,"M_exp",280,1
"oe31za5u","M_exp_W_no","portfolio_2026-09-14.csv","MeWno_2","MeWno_2__g3",19,"M_exp",267,0
"v86y9zyn","M_exp_W_no","portfolio_2026-09-14.csv","MeWno_2","MeWno_2__g3",19,"M_exp",271,1
"3p6ks3hb","M_exp_W_no","portfolio_2026-09-14.csv","MeWno_2","MeWno_2__g4",19,"M_exp",248,-1
"y5kgtmfb","M_exp_W_no","portfolio_2026-09-14.csv","MeWno_2","MeWno_2__g4",19,"M_exp",320,1
"ebzeqzcf","M_exp_W_no","portfolio_2026-09-14.csv","MeWno_2","MeWno_2__g4",19,"M_exp",311,0
"pb6d6kev","M_exp_W_no","portfolio_2026-09-14.csv","MeWno_2","MeWno_2__g4",19,"M_exp",315,1
"m8xnbw73","M_exp_W_no","portfolio_2026-09-14.csv","MeWno_2","MeWno_2__g4",19,"M_exp",180,-1
"an9ihpoe","M_exp_W_no","portfolio_2026-09-14.csv","MeWno_2","MeWno_2__g5",19,"W_no",124,-1
"rbyuqaqn","M_exp_W_no","portfolio_2026-09-14.csv","MeWno_2","MeWno_2__g5",19,"W_no",125,1
"3pb269ab","M_exp_W_no","portfolio_2026-09-14.csv","MeWno_2","MeWno_2__g5",19,"W_no",125,1
"ewpd3m8q","M_exp_W_no","portfolio_2026-09-14.csv","MeWno_2","MeWno_2__g5",19,"W_no",125,0
"0tv7bd9u","M_exp_W_no","portfolio_2026-09-14.csv","MeWno_2","MeWno_2__g5",19,"W_no",120,-1
"cfn8fv6w","M_exp_W_no","portfolio_2026-09-14.csv","MeWno_2","MeWno_2__g1",20,"M_exp",70,-1
"a1q00v4p","M_exp_W_no","portfolio_2026-09-14.csv","MeWno_2","MeWno_2__g1",20,"M_exp",10,-1
"rucumqi6","M_exp_W_no","portfolio_2026-09-14.csv","MeWno_2","MeWno_2__g1",20,"M_exp",109,1
"lbzqe7lh","M_exp_W_no","portfolio_2026-09-14.csv","MeWno_2","MeWno_2__g1",20,"M_exp",104,0
"i42igenv","M_exp_W_no","portfolio_2026-09-14.csv","MeWno_2","MeWno_2__g1",20,"M_exp",120,1
"2nkc141x","M_exp_W_no","portfolio_2026-09-14.csv","MeWno_2","MeWno_2__g2",20,"W_no",250,1
"oqud1wxk","M_exp_W_no","portfolio_2026-09-14.csv","MeWno_2","MeWno_2__g2",20,"W_no",200,0
"a6q31ex7","M_exp_W_no","portfolio_2026-09-14.csv","MeWno_2","MeWno_2__g2",20,"W_no",150,-1
"o60mnzij","M_exp_W_no","portfolio_2026-09-14.csv","MeWno_2","MeWno_2__g2",20,"W_no",300,1
"bnt5i99k","M_exp_W_no","portfolio_2026-09-14.csv","MeWno_2","MeWno_2__g2",20,"W_no",1,-1
"zrywj9fx","M_exp_W_no","portfolio_2026-09-14.csv","MeWno_2","MeWno_2__g3",20,"M_exp",268,0
"i44g0thi","M_exp_W_no","portfolio_2026-09-14.csv","MeWno_2","MeWno_2__g3",20,"M_exp",280,1
"s9ryf5kv","M_exp_W_no","portfolio_2026-09-14.csv","MeWno_2","MeWno_2__g3",20,"M_exp",280,1
"oe31za5u","M_exp_W_no","portfolio_2026-09-14.csv","MeWno_2","MeWno_2__g3",20,"M_exp",260,-1
"v86y9zyn","M_exp_W_no","portfolio_2026-09-14.csv","MeWno_2","MeWno_2__g3",20,"M_exp",266,-1
"3p6ks3hb","M_exp_W_no","portfolio_2026-09-14.csv","MeWno_2","MeWno_2__g4",20,"M_exp",298,-1
"y5kgtmfb","M_exp_W_no","portfolio_2026-09-14.csv","MeWno_2","MeWno_2__g4",20,"M_exp",300,0
"ebzeqzcf","M_exp_W_no","portfolio_2026-09-14.csv","MeWno_2","MeWno_2__g4",20,"M_exp",313,1
"pb6d6kev","M_exp_W_no","portfolio_2026-09-14.csv","MeWno_2","MeWno_2__g4",20,"M_exp",318,1
"m8xnbw73","M_exp_W_no","portfolio_2026-09-14.csv","MeWno_2","MeWno_2__g4",20,"M_exp",300,-1
"an9ihpoe","M_exp_W_no","portfolio_2026-09-14.csv","MeWno_2","MeWno_2__g5",20,"W_no",124,0
"rbyuqaqn","M_exp_W_no","portfolio_2026-09-14.csv","MeWno_2","MeWno_2__g5",20,"W_no",120,-1
"3pb269ab","M_exp_W_no","portfolio_2026-09-14.csv","MeWno_2","MeWno_2__g5",20,"W_no",125,1
"ewpd3m8q","M_exp_W_no","portfolio_2026-09-14.csv","MeWno_2","MeWno_2__g5",20,"W_no",140,1
"0tv7bd9u","M_exp_W_no","portfolio_2026-09-14.csv","MeWno_2","MeWno_2__g5",20,"W_no",120,-1
"1c9g6x62","M_no_W_exp","portfolio_2026-09-14.csv","MnoWe_1","MnoWe_1__g1",11,"M_no",121,0
"7fakiwkr","M_no_W_exp","portfolio_2026-09-14.csv","MnoWe_1","MnoWe_1__g1",11,"M_no",500,1
"d4zd28hb","M_no_W_exp","portfolio_2026-09-14.csv","MnoWe_1","MnoWe_1__g1",11,"M_no",100,-1
"ja5c25rz","M_no_W_exp","portfolio_2026-09-14.csv","MnoWe_1","MnoWe_1__g1",11,"M_no",250,1
"oedddvhv","M_no_W_exp","portfolio_2026-09-14.csv","MnoWe_1","MnoWe_1__g1",11,"M_no",120,-1
"7q18nnfd","M_no_W_exp","portfolio_2026-09-14.csv","MnoWe_1","MnoWe_1__g2",11,"W_exp",200,1
"03zce18q","M_no_W_exp","portfolio_2026-09-14.csv","MnoWe_1","MnoWe_1__g2",11,"W_exp",145,-1
"wbs0fdl5","M_no_W_exp","portfolio_2026-09-14.csv","MnoWe_1","MnoWe_1__g2",11,"W_exp",1,-1
"cqrngk2a","M_no_W_exp","portfolio_2026-09-14.csv","MnoWe_1","MnoWe_1__g2",11,"W_exp",150,0
"259xsu1c","M_no_W_exp","portfolio_2026-09-14.csv","MnoWe_1","MnoWe_1__g2",11,"W_exp",400,1
"xnss4pg0","M_no_W_exp","portfolio_2026-09-14.csv","MnoWe_1","MnoWe_1__g3",11,"M_no",150,1
"5seuckqb","M_no_W_exp","portfolio_2026-09-14.csv","MnoWe_1","MnoWe_1__g3",11,"M_no",100,0
"hdnqitby","M_no_W_exp","portfolio_2026-09-14.csv","MnoWe_1","MnoWe_1__g3",11,"M_no",93,-1
"ss3joq82","M_no_W_exp","portfolio_2026-09-14.csv","MnoWe_1","MnoWe_1__g3",11,"M_no",80,-1
"5wh6kzb3","M_no_W_exp","portfolio_2026-09-14.csv","MnoWe_1","MnoWe_1__g3",11,"M_no",130,1
"kh2preog","M_no_W_exp","portfolio_2026-09-14.csv","MnoWe_1","MnoWe_1__g4",11,"W_exp",450,1
"ao798wr7","M_no_W_exp","portfolio_2026-09-14.csv","MnoWe_1","MnoWe_1__g4",11,"W_exp",350,0
"3788h5gm","M_no_W_exp","portfolio_2026-09-14.csv","MnoWe_1","MnoWe_1__g4",11,"W_exp",380,1
"dk85qrmf","M_no_W_exp","portfolio_2026-09-14.csv","MnoWe_1","MnoWe_1__g4",11,"W_exp",110,-1
"qruijzzl","M_no_W_exp","portfolio_2026-09-14.csv","MnoWe_1","MnoWe_1__g4",11,"W_exp",300,-1
"vlvkdjz0","M_no_W_exp","portfolio_2026-09-14.csv","MnoWe_1","MnoWe_1__g5",11,"M_no",200,1
"9n1v1smg","M_no_W_exp","portfolio_2026-09-14.csv","MnoWe_1","MnoWe_1__g5",11,"M_no",50,-1
"kw7jjs2b","M_no_W_exp","portfolio_2026-09-14.csv","MnoWe_1","MnoWe_1__g5",11,"M_no",82,-1
"pop23w57","M_no_W_exp","portfolio_2026-09-14.csv","MnoWe_1","MnoWe_1__g5",11,"M_no",100,0
"cbc0ayyd","M_no_W_exp","portfolio_2026-09-14.csv","MnoWe_1","MnoWe_1__g5",11,"M_no",200,1
"1c9g6x62","M_no_W_exp","portfolio_2026-09-14.csv","MnoWe_1","MnoWe_1__g1",12,"M_no",122,1
"7fakiwkr","M_no_W_exp","portfolio_2026-09-14.csv","MnoWe_1","MnoWe_1__g1",12,"M_no",200,1
"d4zd28hb","M_no_W_exp","portfolio_2026-09-14.csv","MnoWe_1","MnoWe_1__g1",12,"M_no",100,-1
"ja5c25rz","M_no_W_exp","portfolio_2026-09-14.csv","MnoWe_1","MnoWe_1__g1",12,"M_no",100,-1
"oedddvhv","M_no_W_exp","portfolio_2026-09-14.csv","MnoWe_1","MnoWe_1__g1",12,"M_no",120,0
"7q18nnfd","M_no_W_exp","portfolio_2026-09-14.csv","MnoWe_1","MnoWe_1__g2",12,"W_exp",170,1
"03zce18q","M_no_W_exp","portfolio_2026-09-14.csv","MnoWe_1","MnoWe_1__g2",12,"W_exp",160,0
"wbs0fdl5","M_no_W_exp","portfolio_2026-09-14.csv","MnoWe_1","MnoWe_1__g2",12,"W_exp",300,1
"cqrngk2a","M_no_W_exp","portfolio_2026-09-14.csv","MnoWe_1","MnoWe_1__g2",12,"W_exp",150,-1
"259xsu1c","M_no_W_exp","portfolio_2026-09-14.csv","MnoWe_1","MnoWe_1__g2",12,"W_exp",100,-1
"xnss4pg0","M_no_W_exp","portfolio_2026-09-14.csv","MnoWe_1","MnoWe_1__g3",12,"M_no",121,1
"5seuckqb","M_no_W_exp","portfolio_2026-09-14.csv","MnoWe_1","MnoWe_1__g3",12,"M_no",110,0
"hdnqitby","M_no_W_exp","portfolio_2026-09-14.csv","MnoWe_1","MnoWe_1__g3",12,"M_no",95,-1
"ss3joq82","M_no_W_exp","portfolio_2026-09-14.csv","MnoWe_1","MnoWe_1__g3",12,"M_no",85,-1
"5wh6kzb3","M_no_W_exp","portfolio_2026-09-14.csv","MnoWe_1","MnoWe_1__g3",12,"M_no",130,1
"kh2preog","M_no_W_exp","portfolio_2026-09-14.csv","MnoWe_1","MnoWe_1__g4",12,"W_exp",450,1
"ao798wr7","M_no_W_exp","portfolio_2026-09-14.csv","MnoWe_1","MnoWe_1__g4",12,"W_exp",400,0
"3788h5gm","M_no_W_exp","portfolio_2026-09-14.csv","MnoWe_1","MnoWe_1__g4",12,"W_exp",375,-1
"dk85qrmf","M_no_W_exp","portfolio_2026-09-14.csv","MnoWe_1","MnoWe_1__g4",12,"W_exp",300,-1
"qruijzzl","M_no_W_exp","portfolio_2026-09-14.csv","MnoWe_1","MnoWe_1__g4",12,"W_exp",401,1
"vlvkdjz0","M_no_W_exp","portfolio_2026-09-14.csv","MnoWe_1","MnoWe_1__g5",12,"M_no",250,1
"9n1v1smg","M_no_W_exp","portfolio_2026-09-14.csv","MnoWe_1","MnoWe_1__g5",12,"M_no",65,-1
"kw7jjs2b","M_no_W_exp","portfolio_2026-09-14.csv","MnoWe_1","MnoWe_1__g5",12,"M_no",111,0
"pop23w57","M_no_W_exp","portfolio_2026-09-14.csv","MnoWe_1","MnoWe_1__g5",12,"M_no",20,-1
"cbc0ayyd","M_no_W_exp","portfolio_2026-09-14.csv","MnoWe_1","MnoWe_1__g5",12,"M_no",200,1
"1c9g6x62","M_no_W_exp","portfolio_2026-09-14.csv","MnoWe_1","MnoWe_1__g1",13,"M_no",122,1
"7fakiwkr","M_no_W_exp","portfolio_2026-09-14.csv","MnoWe_1","MnoWe_1__g1",13,"M_no",100,-1
"d4zd28hb","M_no_W_exp","portfolio_2026-09-14.csv","MnoWe_1","MnoWe_1__g1",13,"M_no",125,1
"ja5c25rz","M_no_W_exp","portfolio_2026-09-14.csv","MnoWe_1","MnoWe_1__g1",13,"M_no",100,-1
"oedddvhv","M_no_W_exp","portfolio_2026-09-14.csv","MnoWe_1","MnoWe_1__g1",13,"M_no",119,0
"7q18nnfd","M_no_W_exp","portfolio_2026-09-14.csv","MnoWe_1","MnoWe_1__g2",13,"W_exp",165,0
"03zce18q","M_no_W_exp","portfolio_2026-09-14.csv","MnoWe_1","MnoWe_1__g2",13,"W_exp",165,1
"wbs0fdl5","M_no_W_exp","portfolio_2026-09-14.csv","MnoWe_1","MnoWe_1__g2",13,"W_exp",100,-1
"cqrngk2a","M_no_W_exp","portfolio_2026-09-14.csv","MnoWe_1","MnoWe_1__g2",13,"W_exp",153,-1
"259xsu1c","M_no_W_exp","portfolio_2026-09-14.csv","MnoWe_1","MnoWe_1__g2",13,"W_exp",300,1
"xnss4pg0","M_no_W_exp","portfolio_2026-09-14.csv","MnoWe_1","MnoWe_1__g3",13,"M_no",119,1
"5seuckqb","M_no_W_exp","portfolio_2026-09-14.csv","MnoWe_1","MnoWe_1__g3",13,"M_no",105,0
"hdnqitby","M_no_W_exp","portfolio_2026-09-14.csv","MnoWe_1","MnoWe_1__g3",13,"M_no",95,-1
"ss3joq82","M_no_W_exp","portfolio_2026-09-14.csv","MnoWe_1","MnoWe_1__g3",13,"M_no",95,-1
"5wh6kzb3","M_no_W_exp","portfolio_2026-09-14.csv","MnoWe_1","MnoWe_1__g3",13,"M_no",130,1
"kh2preog","M_no_W_exp","portfolio_2026-09-14.csv","MnoWe_1","MnoWe_1__g4",13,"W_exp",450,0
"ao798wr7","M_no_W_exp","portfolio_2026-09-14.csv","MnoWe_1","MnoWe_1__g4",13,"W_exp",455,1
"3788h5gm","M_no_W_exp","portfolio_2026-09-14.csv","MnoWe_1","MnoWe_1__g4",13,"W_exp",410,-1
"dk85qrmf","M_no_W_exp","portfolio_2026-09-14.csv","MnoWe_1","MnoWe_1__g4",13,"W_exp",400,-1
"qruijzzl","M_no_W_exp","portfolio_2026-09-14.csv","MnoWe_1","MnoWe_1__g4",13,"W_exp",451,1
"vlvkdjz0","M_no_W_exp","portfolio_2026-09-14.csv","MnoWe_1","MnoWe_1__g5",13,"M_no",300,1
"9n1v1smg","M_no_W_exp","portfolio_2026-09-14.csv","MnoWe_1","MnoWe_1__g5",13,"M_no",75,-1
"kw7jjs2b","M_no_W_exp","portfolio_2026-09-14.csv","MnoWe_1","MnoWe_1__g5",13,"M_no",133,0
"pop23w57","M_no_W_exp","portfolio_2026-09-14.csv","MnoWe_1","MnoWe_1__g5",13,"M_no",50,-1
"cbc0ayyd","M_no_W_exp","portfolio_2026-09-14.csv","MnoWe_1","MnoWe_1__g5",13,"M_no",200,1
"1c9g6x62","M_no_W_exp","portfolio_2026-09-14.csv","MnoWe_1","MnoWe_1__g1",14,"M_no",121,1
"7fakiwkr","M_no_W_exp","portfolio_2026-09-14.csv","MnoWe_1","MnoWe_1__g1",14,"M_no",115,0
"d4zd28hb","M_no_W_exp","portfolio_2026-09-14.csv","MnoWe_1","MnoWe_1__g1",14,"M_no",90,-1
"ja5c25rz","M_no_W_exp","portfolio_2026-09-14.csv","MnoWe_1","MnoWe_1__g1",14,"M_no",100,-1
"oedddvhv","M_no_W_exp","portfolio_2026-09-14.csv","MnoWe_1","MnoWe_1__g1",14,"M_no",117,1
"7q18nnfd","M_no_W_exp","portfolio_2026-09-14.csv","MnoWe_1","MnoWe_1__g2",14,"W_exp",170,0
"03zce18q","M_no_W_exp","portfolio_2026-09-14.csv","MnoWe_1","MnoWe_1__g2",14,"W_exp",165,-1
"wbs0fdl5","M_no_W_exp","portfolio_2026-09-14.csv","MnoWe_1","MnoWe_1__g2",14,"W_exp",500,1
"cqrngk2a","M_no_W_exp","portfolio_2026-09-14.csv","MnoWe_1","MnoWe_1__g2",14,"W_exp",156,-1
"259xsu1c","M_no_W_exp","portfolio_2026-09-14.csv","MnoWe_1","MnoWe_1__g2",14,"W_exp",180,1
"xnss4pg0","M_no_W_exp","portfolio_2026-09-14.csv","MnoWe_1","MnoWe_1__g3",14,"M_no",113,1
"5seuckqb","M_no_W_exp","portfolio_2026-09-14.csv","MnoWe_1","MnoWe_1__g3",14,"M_no",95,-1
"hdnqitby","M_no_W_exp","portfolio_2026-09-14.csv","MnoWe_1","MnoWe_1__g3",14,"M_no",98,0
"ss3joq82","M_no_W_exp","portfolio_2026-09-14.csv","MnoWe_1","MnoWe_1__g3",14,"M_no",95,-1
"5wh6kzb3","M_no_W_exp","portfolio_2026-09-14.csv","MnoWe_1","MnoWe_1__g3",14,"M_no",130,1
"kh2preog","M_no_W_exp","portfolio_2026-09-14.csv","MnoWe_1","MnoWe_1__g4",14,"W_exp",480,0
"ao798wr7","M_no_W_exp","portfolio_2026-09-14.csv","MnoWe_1","MnoWe_1__g4",14,"W_exp",505,1
"3788h5gm","M_no_W_exp","portfolio_2026-09-14.csv","MnoWe_1","MnoWe_1__g4",14,"W_exp",465,-1
"dk85qrmf","M_no_W_exp","portfolio_2026-09-14.csv","MnoWe_1","MnoWe_1__g4",14,"W_exp",450,-1
"qruijzzl","M_no_W_exp","portfolio_2026-09-14.csv","MnoWe_1","MnoWe_1__g4",14,"W_exp",501,1
"vlvkdjz0","M_no_W_exp","portfolio_2026-09-14.csv","MnoWe_1","MnoWe_1__g5",14,"M_no",350,1
"9n1v1smg","M_no_W_exp","portfolio_2026-09-14.csv","MnoWe_1","MnoWe_1__g5",14,"M_no",70,-1
"kw7jjs2b","M_no_W_exp","portfolio_2026-09-14.csv","MnoWe_1","MnoWe_1__g5",14,"M_no",160,1
"pop23w57","M_no_W_exp","portfolio_2026-09-14.csv","MnoWe_1","MnoWe_1__g5",14,"M_no",150,0
"cbc0ayyd","M_no_W_exp","portfolio_2026-09-14.csv","MnoWe_1","MnoWe_1__g5",14,"M_no",150,-1
"1c9g6x62","M_no_W_exp","portfolio_2026-09-14.csv","MnoWe_1","MnoWe_1__g1",15,"M_no",119,1
"7fakiwkr","M_no_W_exp","portfolio_2026-09-14.csv","MnoWe_1","MnoWe_1__g1",15,"M_no",50,-1
"d4zd28hb","M_no_W_exp","portfolio_2026-09-14.csv","MnoWe_1","MnoWe_1__g1",15,"M_no",90,0
"ja5c25rz","M_no_W_exp","portfolio_2026-09-14.csv","MnoWe_1","MnoWe_1__g1",15,"M_no",50,-1
"oedddvhv","M_no_W_exp","portfolio_2026-09-14.csv","MnoWe_1","MnoWe_1__g1",15,"M_no",119,1
"7q18nnfd","M_no_W_exp","portfolio_2026-09-14.csv","MnoWe_1","MnoWe_1__g2",15,"W_exp",200,0
"03zce18q","M_no_W_exp","portfolio_2026-09-14.csv","MnoWe_1","MnoWe_1__g2",15,"W_exp",165,-1
"wbs0fdl5","M_no_W_exp","portfolio_2026-09-14.csv","MnoWe_1","MnoWe_1__g2",15,"W_exp",500,1
"cqrngk2a","M_no_W_exp","portfolio_2026-09-14.csv","MnoWe_1","MnoWe_1__g2",15,"W_exp",159,-1
"259xsu1c","M_no_W_exp","portfolio_2026-09-14.csv","MnoWe_1","MnoWe_1__g2",15,"W_exp",300,1
"xnss4pg0","M_no_W_exp","portfolio_2026-09-14.csv","MnoWe_1","MnoWe_1__g3",15,"M_no",100,1
"5seuckqb","M_no_W_exp","portfolio_2026-09-14.csv","MnoWe_1","MnoWe_1__g3",15,"M_no",95,0
"hdnqitby","M_no_W_exp","portfolio_2026-09-14.csv","MnoWe_1","MnoWe_1__g3",15,"M_no",90,-1
"ss3joq82","M_no_W_exp","portfolio_2026-09-14.csv","MnoWe_1","MnoWe_1__g3",15,"M_no",87,-1
"5wh6kzb3","M_no_W_exp","portfolio_2026-09-14.csv","MnoWe_1","MnoWe_1__g3",15,"M_no",130,1
"kh2preog","M_no_W_exp","portfolio_2026-09-14.csv","MnoWe_1","MnoWe_1__g4",15,"W_exp",490,0
"ao798wr7","M_no_W_exp","portfolio_2026-09-14.csv","MnoWe_1","MnoWe_1__g4",15,"W_exp",505,1
"3788h5gm","M_no_W_exp","portfolio_2026-09-14.csv","MnoWe_1","MnoWe_1__g4",15,"W_exp",490,-1
"dk85qrmf","M_no_W_exp","portfolio_2026-09-14.csv","MnoWe_1","MnoWe_1__g4",15,"W_exp",490,-1
"qruijzzl","M_no_W_exp","portfolio_2026-09-14.csv","MnoWe_1","MnoWe_1__g4",15,"W_exp",501,1
"vlvkdjz0","M_no_W_exp","portfolio_2026-09-14.csv","MnoWe_1","MnoWe_1__g5",15,"M_no",380,1
"9n1v1smg","M_no_W_exp","portfolio_2026-09-14.csv","MnoWe_1","MnoWe_1__g5",15,"M_no",100,-1
"kw7jjs2b","M_no_W_exp","portfolio_2026-09-14.csv","MnoWe_1","MnoWe_1__g5",15,"M_no",172,1
"pop23w57","M_no_W_exp","portfolio_2026-09-14.csv","MnoWe_1","MnoWe_1__g5",15,"M_no",150,0
"cbc0ayyd","M_no_W_exp","portfolio_2026-09-14.csv","MnoWe_1","MnoWe_1__g5",15,"M_no",140,-1
"1c9g6x62","M_no_W_exp","portfolio_2026-09-14.csv","MnoWe_1","MnoWe_1__g1",16,"M_no",100,1
"7fakiwkr","M_no_W_exp","portfolio_2026-09-14.csv","MnoWe_1","MnoWe_1__g1",16,"M_no",50,0
"d4zd28hb","M_no_W_exp","portfolio_2026-09-14.csv","MnoWe_1","MnoWe_1__g1",16,"M_no",50,-1
"ja5c25rz","M_no_W_exp","portfolio_2026-09-14.csv","MnoWe_1","MnoWe_1__g1",16,"M_no",10,-1
"oedddvhv","M_no_W_exp","portfolio_2026-09-14.csv","MnoWe_1","MnoWe_1__g1",16,"M_no",100,1
"7q18nnfd","M_no_W_exp","portfolio_2026-09-14.csv","MnoWe_1","MnoWe_1__g2",16,"W_exp",200,1
"03zce18q","M_no_W_exp","portfolio_2026-09-14.csv","MnoWe_1","MnoWe_1__g2",16,"W_exp",165,-1
"wbs0fdl5","M_no_W_exp","portfolio_2026-09-14.csv","MnoWe_1","MnoWe_1__g2",16,"W_exp",594,1
"cqrngk2a","M_no_W_exp","portfolio_2026-09-14.csv","MnoWe_1","MnoWe_1__g2",16,"W_exp",165,-1
"259xsu1c","M_no_W_exp","portfolio_2026-09-14.csv","MnoWe_1","MnoWe_1__g2",16,"W_exp",180,0
"xnss4pg0","M_no_W_exp","portfolio_2026-09-14.csv","MnoWe_1","MnoWe_1__g3",16,"M_no",95,1
"5seuckqb","M_no_W_exp","portfolio_2026-09-14.csv","MnoWe_1","MnoWe_1__g3",16,"M_no",80,-1
"hdnqitby","M_no_W_exp","portfolio_2026-09-14.csv","MnoWe_1","MnoWe_1__g3",16,"M_no",95,0
"ss3joq82","M_no_W_exp","portfolio_2026-09-14.csv","MnoWe_1","MnoWe_1__g3",16,"M_no",85,-1
"5wh6kzb3","M_no_W_exp","portfolio_2026-09-14.csv","MnoWe_1","MnoWe_1__g3",16,"M_no",110,1
"kh2preog","M_no_W_exp","portfolio_2026-09-14.csv","MnoWe_1","MnoWe_1__g4",16,"W_exp",495,-1
"ao798wr7","M_no_W_exp","portfolio_2026-09-14.csv","MnoWe_1","MnoWe_1__g4",16,"W_exp",505,1
"3788h5gm","M_no_W_exp","portfolio_2026-09-14.csv","MnoWe_1","MnoWe_1__g4",16,"W_exp",500,0
"dk85qrmf","M_no_W_exp","portfolio_2026-09-14.csv","MnoWe_1","MnoWe_1__g4",16,"W_exp",490,-1
"qruijzzl","M_no_W_exp","portfolio_2026-09-14.csv","MnoWe_1","MnoWe_1__g4",16,"W_exp",521,1
"vlvkdjz0","M_no_W_exp","portfolio_2026-09-14.csv","MnoWe_1","MnoWe_1__g5",16,"M_no",400,1
"9n1v1smg","M_no_W_exp","portfolio_2026-09-14.csv","MnoWe_1","MnoWe_1__g5",16,"M_no",125,-1
"kw7jjs2b","M_no_W_exp","portfolio_2026-09-14.csv","MnoWe_1","MnoWe_1__g5",16,"M_no",139,0
"pop23w57","M_no_W_exp","portfolio_2026-09-14.csv","MnoWe_1","MnoWe_1__g5",16,"M_no",100,-1
"cbc0ayyd","M_no_W_exp","portfolio_2026-09-14.csv","MnoWe_1","MnoWe_1__g5",16,"M_no",140,1
"1c9g6x62","M_no_W_exp","portfolio_2026-09-14.csv","MnoWe_1","MnoWe_1__g1",17,"M_no",50,-1
"7fakiwkr","M_no_W_exp","portfolio_2026-09-14.csv","MnoWe_1","MnoWe_1__g1",17,"M_no",300,1
"d4zd28hb","M_no_W_exp","portfolio_2026-09-14.csv","MnoWe_1","MnoWe_1__g1",17,"M_no",50,0
"ja5c25rz","M_no_W_exp","portfolio_2026-09-14.csv","MnoWe_1","MnoWe_1__g1",17,"M_no",20,-1
"oedddvhv","M_no_W_exp","portfolio_2026-09-14.csv","MnoWe_1","MnoWe_1__g1",17,"M_no",80,1
"7q18nnfd","M_no_W_exp","portfolio_2026-09-14.csv","MnoWe_1","MnoWe_1__g2",17,"W_exp",200,1
"03zce18q","M_no_W_exp","portfolio_2026-09-14.csv","MnoWe_1","MnoWe_1__g2",17,"W_exp",165,0
"wbs0fdl5","M_no_W_exp","portfolio_2026-09-14.csv","MnoWe_1","MnoWe_1__g2",17,"W_exp",150,-1
"cqrngk2a","M_no_W_exp","portfolio_2026-09-14.csv","MnoWe_1","MnoWe_1__g2",17,"W_exp",170,1
"259xsu1c","M_no_W_exp","portfolio_2026-09-14.csv","MnoWe_1","MnoWe_1__g2",17,"W_exp",150,-1
"xnss4pg0","M_no_W_exp","portfolio_2026-09-14.csv","MnoWe_1","MnoWe_1__g3",17,"M_no",95,1
"5seuckqb","M_no_W_exp","portfolio_2026-09-14.csv","MnoWe_1","MnoWe_1__g3",17,"M_no",90,-1
"hdnqitby","M_no_W_exp","portfolio_2026-09-14.csv","MnoWe_1","MnoWe_1__g3",17,"M_no",90,0
"ss3joq82","M_no_W_exp","portfolio_2026-09-14.csv","MnoWe_1","MnoWe_1__g3",17,"M_no",87,-1
"5wh6kzb3","M_no_W_exp","portfolio_2026-09-14.csv","MnoWe_1","MnoWe_1__g3",17,"M_no",100,1
"kh2preog","M_no_W_exp","portfolio_2026-09-14.csv","MnoWe_1","MnoWe_1__g4",17,"W_exp",510,0
"ao798wr7","M_no_W_exp","portfolio_2026-09-14.csv","MnoWe_1","MnoWe_1__g4",17,"W_exp",508,-1
"3788h5gm","M_no_W_exp","portfolio_2026-09-14.csv","MnoWe_1","MnoWe_1__g4",17,"W_exp",510,1
"dk85qrmf","M_no_W_exp","portfolio_2026-09-14.csv","MnoWe_1","MnoWe_1__g4",17,"W_exp",500,-1
"qruijzzl","M_no_W_exp","portfolio_2026-09-14.csv","MnoWe_1","MnoWe_1__g4",17,"W_exp",511,1
"vlvkdjz0","M_no_W_exp","portfolio_2026-09-14.csv","MnoWe_1","MnoWe_1__g5",17,"M_no",370,1
"9n1v1smg","M_no_W_exp","portfolio_2026-09-14.csv","MnoWe_1","MnoWe_1__g5",17,"M_no",100,-1
"kw7jjs2b","M_no_W_exp","portfolio_2026-09-14.csv","MnoWe_1","MnoWe_1__g5",17,"M_no",119,0
"pop23w57","M_no_W_exp","portfolio_2026-09-14.csv","MnoWe_1","MnoWe_1__g5",17,"M_no",50,-1
"cbc0ayyd","M_no_W_exp","portfolio_2026-09-14.csv","MnoWe_1","MnoWe_1__g5",17,"M_no",140,1
"1c9g6x62","M_no_W_exp","portfolio_2026-09-14.csv","MnoWe_1","MnoWe_1__g1",18,"M_no",51,1
"7fakiwkr","M_no_W_exp","portfolio_2026-09-14.csv","MnoWe_1","MnoWe_1__g1",18,"M_no",25,-1
"d4zd28hb","M_no_W_exp","portfolio_2026-09-14.csv","MnoWe_1","MnoWe_1__g1",18,"M_no",50,-1
"ja5c25rz","M_no_W_exp","portfolio_2026-09-14.csv","MnoWe_1","MnoWe_1__g1",18,"M_no",50,0
"oedddvhv","M_no_W_exp","portfolio_2026-09-14.csv","MnoWe_1","MnoWe_1__g1",18,"M_no",120,1
"7q18nnfd","M_no_W_exp","portfolio_2026-09-14.csv","MnoWe_1","MnoWe_1__g2",18,"W_exp",180,1
"03zce18q","M_no_W_exp","portfolio_2026-09-14.csv","MnoWe_1","MnoWe_1__g2",18,"W_exp",165,0
"wbs0fdl5","M_no_W_exp","portfolio_2026-09-14.csv","MnoWe_1","MnoWe_1__g2",18,"W_exp",1,-1
"cqrngk2a","M_no_W_exp","portfolio_2026-09-14.csv","MnoWe_1","MnoWe_1__g2",18,"W_exp",165,-1
"259xsu1c","M_no_W_exp","portfolio_2026-09-14.csv","MnoWe_1","MnoWe_1__g2",18,"W_exp",180,1
"xnss4pg0","M_no_W_exp","portfolio_2026-09-14.csv","MnoWe_1","MnoWe_1__g3",18,"M_no",88,1
"5seuckqb","M_no_W_exp","portfolio_2026-09-14.csv","MnoWe_1","MnoWe_1__g3",18,"M_no",86,0
"hdnqitby","M_no_W_exp","portfolio_2026-09-14.csv","MnoWe_1","MnoWe_1__g3",18,"M_no",75,-1
"ss3joq82","M_no_W_exp","portfolio_2026-09-14.csv","MnoWe_1","MnoWe_1__g3",18,"M_no",78,-1
"5wh6kzb3","M_no_W_exp","portfolio_2026-09-14.csv","MnoWe_1","MnoWe_1__g3",18,"M_no",100,1
"kh2preog","M_no_W_exp","portfolio_2026-09-14.csv","MnoWe_1","MnoWe_1__g4",18,"W_exp",85,-1
"ao798wr7","M_no_W_exp","portfolio_2026-09-14.csv","MnoWe_1","MnoWe_1__g4",18,"W_exp",520,1
"3788h5gm","M_no_W_exp","portfolio_2026-09-14.csv","MnoWe_1","MnoWe_1__g4",18,"W_exp",519,0
"dk85qrmf","M_no_W_exp","portfolio_2026-09-14.csv","MnoWe_1","MnoWe_1__g4",18,"W_exp",510,-1
"qruijzzl","M_no_W_exp","portfolio_2026-09-14.csv","MnoWe_1","MnoWe_1__g4",18,"W_exp",521,1
"vlvkdjz0","M_no_W_exp","portfolio_2026-09-14.csv","MnoWe_1","MnoWe_1__g5",18,"M_no",350,1
"9n1v1smg","M_no_W_exp","portfolio_2026-09-14.csv","MnoWe_1","MnoWe_1__g5",18,"M_no",120,0
"kw7jjs2b","M_no_W_exp","portfolio_2026-09-14.csv","MnoWe_1","MnoWe_1__g5",18,"M_no",95,-1
"pop23w57","M_no_W_exp","portfolio_2026-09-14.csv","MnoWe_1","MnoWe_1__g5",18,"M_no",50,-1
"cbc0ayyd","M_no_W_exp","portfolio_2026-09-14.csv","MnoWe_1","MnoWe_1__g5",18,"M_no",140,1
"1c9g6x62","M_no_W_exp","portfolio_2026-09-14.csv","MnoWe_1","MnoWe_1__g1",19,"M_no",51,1
"7fakiwkr","M_no_W_exp","portfolio_2026-09-14.csv","MnoWe_1","MnoWe_1__g1",19,"M_no",150,1
"d4zd28hb","M_no_W_exp","portfolio_2026-09-14.csv","MnoWe_1","MnoWe_1__g1",19,"M_no",1,-1
"ja5c25rz","M_no_W_exp","portfolio_2026-09-14.csv","MnoWe_1","MnoWe_1__g1",19,"M_no",20,0
"oedddvhv","M_no_W_exp","portfolio_2026-09-14.csv","MnoWe_1","MnoWe_1__g1",19,"M_no",20,-1
"7q18nnfd","M_no_W_exp","portfolio_2026-09-14.csv","MnoWe_1","MnoWe_1__g2",19,"W_exp",170,1
"03zce18q","M_no_W_exp","portfolio_2026-09-14.csv","MnoWe_1","MnoWe_1__g2",19,"W_exp",165,0
"wbs0fdl5","M_no_W_exp","portfolio_2026-09-14.csv","MnoWe_1","MnoWe_1__g2",19,"W_exp",1,-1
"cqrngk2a","M_no_W_exp","portfolio_2026-09-14.csv","MnoWe_1","MnoWe_1__g2",19,"W_exp",165,-1
"259xsu1c","M_no_W_exp","portfolio_2026-09-14.csv","MnoWe_1","MnoWe_1__g2",19,"W_exp",190,1
"xnss4pg0","M_no_W_exp","portfolio_2026-09-14.csv","MnoWe_1","MnoWe_1__g3",19,"M_no",84,1
"5seuckqb","M_no_W_exp","portfolio_2026-09-14.csv","MnoWe_1","MnoWe_1__g3",19,"M_no",80,1
"hdnqitby","M_no_W_exp","portfolio_2026-09-14.csv","MnoWe_1","MnoWe_1__g3",19,"M_no",80,0
"ss3joq82","M_no_W_exp","portfolio_2026-09-14.csv","MnoWe_1","MnoWe_1__g3",19,"M_no",78,-1
"5wh6kzb3","M_no_W_exp","portfolio_2026-09-14.csv","MnoWe_1","MnoWe_1__g3",19,"M_no",80,-1
"kh2preog","M_no_W_exp","portfolio_2026-09-14.csv","MnoWe_1","MnoWe_1__g4",19,"W_exp",75,-1
"ao798wr7","M_no_W_exp","portfolio_2026-09-14.csv","MnoWe_1","MnoWe_1__g4",19,"W_exp",524,0
"3788h5gm","M_no_W_exp","portfolio_2026-09-14.csv","MnoWe_1","MnoWe_1__g4",19,"W_exp",525,1
"dk85qrmf","M_no_W_exp","portfolio_2026-09-14.csv","MnoWe_1","MnoWe_1__g4",19,"W_exp",520,-1
"qruijzzl","M_no_W_exp","portfolio_2026-09-14.csv","MnoWe_1","MnoWe_1__g4",19,"W_exp",531,1
"vlvkdjz0","M_no_W_exp","portfolio_2026-09-14.csv","MnoWe_1","MnoWe_1__g5",19,"M_no",150,1
"9n1v1smg","M_no_W_exp","portfolio_2026-09-14.csv","MnoWe_1","MnoWe_1__g5",19,"M_no",130,-1
"kw7jjs2b","M_no_W_exp","portfolio_2026-09-14.csv","MnoWe_1","MnoWe_1__g5",19,"M_no",95,-1
"pop23w57","M_no_W_exp","portfolio_2026-09-14.csv","MnoWe_1","MnoWe_1__g5",19,"M_no",200,1
"cbc0ayyd","M_no_W_exp","portfolio_2026-09-14.csv","MnoWe_1","MnoWe_1__g5",19,"M_no",140,0
"1c9g6x62","M_no_W_exp","portfolio_2026-09-14.csv","MnoWe_1","MnoWe_1__g1",20,"M_no",30,1
"7fakiwkr","M_no_W_exp","portfolio_2026-09-14.csv","MnoWe_1","MnoWe_1__g1",20,"M_no",100,1
"d4zd28hb","M_no_W_exp","portfolio_2026-09-14.csv","MnoWe_1","MnoWe_1__g1",20,"M_no",1,0
"ja5c25rz","M_no_W_exp","portfolio_2026-09-14.csv","MnoWe_1","MnoWe_1__g1",20,"M_no",1,-1
"oedddvhv","M_no_W_exp","portfolio_2026-09-14.csv","MnoWe_1","MnoWe_1__g1",20,"M_no",1,-1
"7q18nnfd","M_no_W_exp","portfolio_2026-09-14.csv","MnoWe_1","MnoWe_1__g2",20,"W_exp",170,1
"03zce18q","M_no_W_exp","portfolio_2026-09-14.csv","MnoWe_1","MnoWe_1__g2",20,"W_exp",165,-1
"wbs0fdl5","M_no_W_exp","portfolio_2026-09-14.csv","MnoWe_1","MnoWe_1__g2",20,"W_exp",599,1
"cqrngk2a","M_no_W_exp","portfolio_2026-09-14.csv","MnoWe_1","MnoWe_1__g2",20,"W_exp",165,0
"259xsu1c","M_no_W_exp","portfolio_2026-09-14.csv","MnoWe_1","MnoWe_1__g2",20,"W_exp",150,-1
"xnss4pg0","M_no_W_exp","portfolio_2026-09-14.csv","MnoWe_1","MnoWe_1__g3",20,"M_no",78,1
"5seuckqb","M_no_W_exp","portfolio_2026-09-14.csv","MnoWe_1","MnoWe_1__g3",20,"M_no",1,-1
"hdnqitby","M_no_W_exp","portfolio_2026-09-14.csv","MnoWe_1","MnoWe_1__g3",20,"M_no",70,1
"ss3joq82","M_no_W_exp","portfolio_2026-09-14.csv","MnoWe_1","MnoWe_1__g3",20,"M_no",70,-1
"5wh6kzb3","M_no_W_exp","portfolio_2026-09-14.csv","MnoWe_1","MnoWe_1__g3",20,"M_no",70,0
"kh2preog","M_no_W_exp","portfolio_2026-09-14.csv","MnoWe_1","MnoWe_1__g4",20,"W_exp",70,-1
"ao798wr7","M_no_W_exp","portfolio_2026-09-14.csv","MnoWe_1","MnoWe_1__g4",20,"W_exp",530,-1
"3788h5gm","M_no_W_exp","portfolio_2026-09-14.csv","MnoWe_1","MnoWe_1__g4",20,"W_exp",531,1
"dk85qrmf","M_no_W_exp","portfolio_2026-09-14.csv","MnoWe_1","MnoWe_1__g4",20,"W_exp",530,0
"qruijzzl","M_no_W_exp","portfolio_2026-09-14.csv","MnoWe_1","MnoWe_1__g4",20,"W_exp",531,1
"vlvkdjz0","M_no_W_exp","portfolio_2026-09-14.csv","MnoWe_1","MnoWe_1__g5",20,"M_no",230,1
"9n1v1smg","M_no_W_exp","portfolio_2026-09-14.csv","MnoWe_1","MnoWe_1__g5",20,"M_no",120,1
"kw7jjs2b","M_no_W_exp","portfolio_2026-09-14.csv","MnoWe_1","MnoWe_1__g5",20,"M_no",105,0
"pop23w57","M_no_W_exp","portfolio_2026-09-14.csv","MnoWe_1","MnoWe_1__g5",20,"M_no",50,-1
"cbc0ayyd","M_no_W_exp","portfolio_2026-09-14.csv","MnoWe_1","MnoWe_1__g5",20,"M_no",100,-1
"u4sl54xk","M_no_W_exp","portfolio_2026-09-15.csv","MnoWe_2","MnoWe_2__g1",11,"M_no",102,1
"q2jobopa","M_no_W_exp","portfolio_2026-09-15.csv","MnoWe_2","MnoWe_2__g1",11,"M_no",100,0
"9xg7erl3","M_no_W_exp","portfolio_2026-09-15.csv","MnoWe_2","MnoWe_2__g1",11,"M_no",100,-1
"ixl976y0","M_no_W_exp","portfolio_2026-09-15.csv","MnoWe_2","MnoWe_2__g1",11,"M_no",100,1
"nqlqeq8n","M_no_W_exp","portfolio_2026-09-15.csv","MnoWe_2","MnoWe_2__g1",11,"M_no",100,-1
"d10dwe1h","M_no_W_exp","portfolio_2026-09-15.csv","MnoWe_2","MnoWe_2__g2",11,"W_exp",400,1
"0yq0zebw","M_no_W_exp","portfolio_2026-09-15.csv","MnoWe_2","MnoWe_2__g2",11,"W_exp",200,-1
"7sfhy51b","M_no_W_exp","portfolio_2026-09-15.csv","MnoWe_2","MnoWe_2__g2",11,"W_exp",350,1
"pgjj4tqg","M_no_W_exp","portfolio_2026-09-15.csv","MnoWe_2","MnoWe_2__g2",11,"W_exp",300,0
"z4s8evj8","M_no_W_exp","portfolio_2026-09-15.csv","MnoWe_2","MnoWe_2__g2",11,"W_exp",200,-1
"e8h7gvii","M_no_W_exp","portfolio_2026-09-15.csv","MnoWe_2","MnoWe_2__g3",11,"W_exp",460,1
"yt1cbpza","M_no_W_exp","portfolio_2026-09-15.csv","MnoWe_2","MnoWe_2__g3",11,"W_exp",450,0
"0i38ht6y","M_no_W_exp","portfolio_2026-09-15.csv","MnoWe_2","MnoWe_2__g3",11,"W_exp",400,-1
"xyqf41ao","M_no_W_exp","portfolio_2026-09-15.csv","MnoWe_2","MnoWe_2__g3",11,"W_exp",450,-1
"g9pquzkd","M_no_W_exp","portfolio_2026-09-15.csv","MnoWe_2","MnoWe_2__g3",11,"W_exp",480,1
"7ww48hi4","M_no_W_exp","portfolio_2026-09-15.csv","MnoWe_2","MnoWe_2__g4",11,"W_exp",595,1
"5fdw0rg1","M_no_W_exp","portfolio_2026-09-15.csv","MnoWe_2","MnoWe_2__g4",11,"W_exp",590,0
"h7o9v437","M_no_W_exp","portfolio_2026-09-15.csv","MnoWe_2","MnoWe_2__g4",11,"W_exp",599,1
"9mimenbo","M_no_W_exp","portfolio_2026-09-15.csv","MnoWe_2","MnoWe_2__g4",11,"W_exp",450,-1
"hn8non3y","M_no_W_exp","portfolio_2026-09-15.csv","MnoWe_2","MnoWe_2__g4",11,"W_exp",10,-1
"x06ipo6j","M_no_W_exp","portfolio_2026-09-15.csv","MnoWe_2","MnoWe_2__g5",11,"M_no",244,-1
"n9iynxtq","M_no_W_exp","portfolio_2026-09-15.csv","MnoWe_2","MnoWe_2__g5",11,"M_no",244,0
"diqkyqqr","M_no_W_exp","portfolio_2026-09-15.csv","MnoWe_2","MnoWe_2__g5",11,"M_no",245,1
"hi0vl1bf","M_no_W_exp","portfolio_2026-09-15.csv","MnoWe_2","MnoWe_2__g5",11,"M_no",250,1
"u3a33dgt","M_no_W_exp","portfolio_2026-09-15.csv","MnoWe_2","MnoWe_2__g5",11,"M_no",90,-1
"u4sl54xk","M_no_W_exp","portfolio_2026-09-15.csv","MnoWe_2","MnoWe_2__g1",12,"M_no",102,1
"q2jobopa","M_no_W_exp","portfolio_2026-09-15.csv","MnoWe_2","MnoWe_2__g1",12,"M_no",101,0
"9xg7erl3","M_no_W_exp","portfolio_2026-09-15.csv","MnoWe_2","MnoWe_2__g1",12,"M_no",100,-1
"ixl976y0","M_no_W_exp","portfolio_2026-09-15.csv","MnoWe_2","MnoWe_2__g1",12,"M_no",100,-1
"nqlqeq8n","M_no_W_exp","portfolio_2026-09-15.csv","MnoWe_2","MnoWe_2__g1",12,"M_no",102,1
"d10dwe1h","M_no_W_exp","portfolio_2026-09-15.csv","MnoWe_2","MnoWe_2__g2",12,"W_exp",380,1
"0yq0zebw","M_no_W_exp","portfolio_2026-09-15.csv","MnoWe_2","MnoWe_2__g2",12,"W_exp",299,-1
"7sfhy51b","M_no_W_exp","portfolio_2026-09-15.csv","MnoWe_2","MnoWe_2__g2",12,"W_exp",340,1
"pgjj4tqg","M_no_W_exp","portfolio_2026-09-15.csv","MnoWe_2","MnoWe_2__g2",12,"W_exp",300,0
"z4s8evj8","M_no_W_exp","portfolio_2026-09-15.csv","MnoWe_2","MnoWe_2__g2",12,"W_exp",299,-1
"e8h7gvii","M_no_W_exp","portfolio_2026-09-15.csv","MnoWe_2","MnoWe_2__g3",12,"W_exp",500,1
"yt1cbpza","M_no_W_exp","portfolio_2026-09-15.csv","MnoWe_2","MnoWe_2__g3",12,"W_exp",500,0
"0i38ht6y","M_no_W_exp","portfolio_2026-09-15.csv","MnoWe_2","MnoWe_2__g3",12,"W_exp",450,-1
"xyqf41ao","M_no_W_exp","portfolio_2026-09-15.csv","MnoWe_2","MnoWe_2__g3",12,"W_exp",450,-1
"g9pquzkd","M_no_W_exp","portfolio_2026-09-15.csv","MnoWe_2","MnoWe_2__g3",12,"W_exp",510,1
"7ww48hi4","M_no_W_exp","portfolio_2026-09-15.csv","MnoWe_2","MnoWe_2__g4",12,"W_exp",580,1
"5fdw0rg1","M_no_W_exp","portfolio_2026-09-15.csv","MnoWe_2","MnoWe_2__g4",12,"W_exp",5,-1
"h7o9v437","M_no_W_exp","portfolio_2026-09-15.csv","MnoWe_2","MnoWe_2__g4",12,"W_exp",599,1
"9mimenbo","M_no_W_exp","portfolio_2026-09-15.csv","MnoWe_2","MnoWe_2__g4",12,"W_exp",5,-1
"hn8non3y","M_no_W_exp","portfolio_2026-09-15.csv","MnoWe_2","MnoWe_2__g4",12,"W_exp",10,0
"x06ipo6j","M_no_W_exp","portfolio_2026-09-15.csv","MnoWe_2","MnoWe_2__g5",12,"M_no",245,1
"n9iynxtq","M_no_W_exp","portfolio_2026-09-15.csv","MnoWe_2","MnoWe_2__g5",12,"M_no",244,-1
"diqkyqqr","M_no_W_exp","portfolio_2026-09-15.csv","MnoWe_2","MnoWe_2__g5",12,"M_no",245,0
"hi0vl1bf","M_no_W_exp","portfolio_2026-09-15.csv","MnoWe_2","MnoWe_2__g5",12,"M_no",246,1
"u3a33dgt","M_no_W_exp","portfolio_2026-09-15.csv","MnoWe_2","MnoWe_2__g5",12,"M_no",100,-1
"u4sl54xk","M_no_W_exp","portfolio_2026-09-15.csv","MnoWe_2","MnoWe_2__g1",13,"M_no",103,1
"q2jobopa","M_no_W_exp","portfolio_2026-09-15.csv","MnoWe_2","MnoWe_2__g1",13,"M_no",102,-1
"9xg7erl3","M_no_W_exp","portfolio_2026-09-15.csv","MnoWe_2","MnoWe_2__g1",13,"M_no",103,1
"ixl976y0","M_no_W_exp","portfolio_2026-09-15.csv","MnoWe_2","MnoWe_2__g1",13,"M_no",101,-1
"nqlqeq8n","M_no_W_exp","portfolio_2026-09-15.csv","MnoWe_2","MnoWe_2__g1",13,"M_no",102,0
"d10dwe1h","M_no_W_exp","portfolio_2026-09-15.csv","MnoWe_2","MnoWe_2__g2",13,"W_exp",400,1
"0yq0zebw","M_no_W_exp","portfolio_2026-09-15.csv","MnoWe_2","MnoWe_2__g2",13,"W_exp",250,-1
"7sfhy51b","M_no_W_exp","portfolio_2026-09-15.csv","MnoWe_2","MnoWe_2__g2",13,"W_exp",360,1
"pgjj4tqg","M_no_W_exp","portfolio_2026-09-15.csv","MnoWe_2","MnoWe_2__g2",13,"W_exp",301,0
"z4s8evj8","M_no_W_exp","portfolio_2026-09-15.csv","MnoWe_2","MnoWe_2__g2",13,"W_exp",299,-1
"e8h7gvii","M_no_W_exp","portfolio_2026-09-15.csv","MnoWe_2","MnoWe_2__g3",13,"W_exp",500,-1
"yt1cbpza","M_no_W_exp","portfolio_2026-09-15.csv","MnoWe_2","MnoWe_2__g3",13,"W_exp",550,1
"0i38ht6y","M_no_W_exp","portfolio_2026-09-15.csv","MnoWe_2","MnoWe_2__g3",13,"W_exp",450,-1
"xyqf41ao","M_no_W_exp","portfolio_2026-09-15.csv","MnoWe_2","MnoWe_2__g3",13,"W_exp",500,0
"g9pquzkd","M_no_W_exp","portfolio_2026-09-15.csv","MnoWe_2","MnoWe_2__g3",13,"W_exp",540,1
"7ww48hi4","M_no_W_exp","portfolio_2026-09-15.csv","MnoWe_2","MnoWe_2__g4",13,"W_exp",500,0
"5fdw0rg1","M_no_W_exp","portfolio_2026-09-15.csv","MnoWe_2","MnoWe_2__g4",13,"W_exp",595,1
"h7o9v437","M_no_W_exp","portfolio_2026-09-15.csv","MnoWe_2","MnoWe_2__g4",13,"W_exp",599,1
"9mimenbo","M_no_W_exp","portfolio_2026-09-15.csv","MnoWe_2","MnoWe_2__g4",13,"W_exp",15,-1
"hn8non3y","M_no_W_exp","portfolio_2026-09-15.csv","MnoWe_2","MnoWe_2__g4",13,"W_exp",30,-1
"x06ipo6j","M_no_W_exp","portfolio_2026-09-15.csv","MnoWe_2","MnoWe_2__g5",13,"M_no",244,0
"n9iynxtq","M_no_W_exp","portfolio_2026-09-15.csv","MnoWe_2","MnoWe_2__g5",13,"M_no",245,1
"diqkyqqr","M_no_W_exp","portfolio_2026-09-15.csv","MnoWe_2","MnoWe_2__g5",13,"M_no",200,-1
"hi0vl1bf","M_no_W_exp","portfolio_2026-09-15.csv","MnoWe_2","MnoWe_2__g5",13,"M_no",246,1
"u3a33dgt","M_no_W_exp","portfolio_2026-09-15.csv","MnoWe_2","MnoWe_2__g5",13,"M_no",100,-1
"u4sl54xk","M_no_W_exp","portfolio_2026-09-15.csv","MnoWe_2","MnoWe_2__g1",14,"M_no",100,-1
"q2jobopa","M_no_W_exp","portfolio_2026-09-15.csv","MnoWe_2","MnoWe_2__g1",14,"M_no",104,1
"9xg7erl3","M_no_W_exp","portfolio_2026-09-15.csv","MnoWe_2","MnoWe_2__g1",14,"M_no",101,-1
"ixl976y0","M_no_W_exp","portfolio_2026-09-15.csv","MnoWe_2","MnoWe_2__g1",14,"M_no",103,0
"nqlqeq8n","M_no_W_exp","portfolio_2026-09-15.csv","MnoWe_2","MnoWe_2__g1",14,"M_no",103,1
"d10dwe1h","M_no_W_exp","portfolio_2026-09-15.csv","MnoWe_2","MnoWe_2__g2",14,"W_exp",380,1
"0yq0zebw","M_no_W_exp","portfolio_2026-09-15.csv","MnoWe_2","MnoWe_2__g2",14,"W_exp",180,-1
"7sfhy51b","M_no_W_exp","portfolio_2026-09-15.csv","MnoWe_2","MnoWe_2__g2",14,"W_exp",310,1
"pgjj4tqg","M_no_W_exp","portfolio_2026-09-15.csv","MnoWe_2","MnoWe_2__g2",14,"W_exp",310,0
"z4s8evj8","M_no_W_exp","portfolio_2026-09-15.csv","MnoWe_2","MnoWe_2__g2",14,"W_exp",299,-1
"e8h7gvii","M_no_W_exp","portfolio_2026-09-15.csv","MnoWe_2","MnoWe_2__g3",14,"W_exp",510,-1
"yt1cbpza","M_no_W_exp","portfolio_2026-09-15.csv","MnoWe_2","MnoWe_2__g3",14,"W_exp",550,1
"0i38ht6y","M_no_W_exp","portfolio_2026-09-15.csv","MnoWe_2","MnoWe_2__g3",14,"W_exp",90,-1
"xyqf41ao","M_no_W_exp","portfolio_2026-09-15.csv","MnoWe_2","MnoWe_2__g3",14,"W_exp",525,0
"g9pquzkd","M_no_W_exp","portfolio_2026-09-15.csv","MnoWe_2","MnoWe_2__g3",14,"W_exp",570,1
"7ww48hi4","M_no_W_exp","portfolio_2026-09-15.csv","MnoWe_2","MnoWe_2__g4",14,"W_exp",450,-1
"5fdw0rg1","M_no_W_exp","portfolio_2026-09-15.csv","MnoWe_2","MnoWe_2__g4",14,"W_exp",590,1
"h7o9v437","M_no_W_exp","portfolio_2026-09-15.csv","MnoWe_2","MnoWe_2__g4",14,"W_exp",599,1
"9mimenbo","M_no_W_exp","portfolio_2026-09-15.csv","MnoWe_2","MnoWe_2__g4",14,"W_exp",510,0
"hn8non3y","M_no_W_exp","portfolio_2026-09-15.csv","MnoWe_2","MnoWe_2__g4",14,"W_exp",20,-1
"x06ipo6j","M_no_W_exp","portfolio_2026-09-15.csv","MnoWe_2","MnoWe_2__g5",14,"M_no",246,1
"n9iynxtq","M_no_W_exp","portfolio_2026-09-15.csv","MnoWe_2","MnoWe_2__g5",14,"M_no",244,-1
"diqkyqqr","M_no_W_exp","portfolio_2026-09-15.csv","MnoWe_2","MnoWe_2__g5",14,"M_no",246,1
"hi0vl1bf","M_no_W_exp","portfolio_2026-09-15.csv","MnoWe_2","MnoWe_2__g5",14,"M_no",245,0
"u3a33dgt","M_no_W_exp","portfolio_2026-09-15.csv","MnoWe_2","MnoWe_2__g5",14,"M_no",100,-1
"u4sl54xk","M_no_W_exp","portfolio_2026-09-15.csv","MnoWe_2","MnoWe_2__g1",15,"M_no",104,-1
"q2jobopa","M_no_W_exp","portfolio_2026-09-15.csv","MnoWe_2","MnoWe_2__g1",15,"M_no",104,1
"9xg7erl3","M_no_W_exp","portfolio_2026-09-15.csv","MnoWe_2","MnoWe_2__g1",15,"M_no",102,-1
"ixl976y0","M_no_W_exp","portfolio_2026-09-15.csv","MnoWe_2","MnoWe_2__g1",15,"M_no",104,1
"nqlqeq8n","M_no_W_exp","portfolio_2026-09-15.csv","MnoWe_2","MnoWe_2__g1",15,"M_no",104,0
"d10dwe1h","M_no_W_exp","portfolio_2026-09-15.csv","MnoWe_2","MnoWe_2__g2",15,"W_exp",350,1
"0yq0zebw","M_no_W_exp","portfolio_2026-09-15.csv","MnoWe_2","MnoWe_2__g2",15,"W_exp",300,-1
"7sfhy51b","M_no_W_exp","portfolio_2026-09-15.csv","MnoWe_2","MnoWe_2__g2",15,"W_exp",330,0
"pgjj4tqg","M_no_W_exp","portfolio_2026-09-15.csv","MnoWe_2","MnoWe_2__g2",15,"W_exp",330,1
"z4s8evj8","M_no_W_exp","portfolio_2026-09-15.csv","MnoWe_2","MnoWe_2__g2",15,"W_exp",300,-1
"e8h7gvii","M_no_W_exp","portfolio_2026-09-15.csv","MnoWe_2","MnoWe_2__g3",15,"W_exp",10,-1
"yt1cbpza","M_no_W_exp","portfolio_2026-09-15.csv","MnoWe_2","MnoWe_2__g3",15,"W_exp",550,1
"0i38ht6y","M_no_W_exp","portfolio_2026-09-15.csv","MnoWe_2","MnoWe_2__g3",15,"W_exp",570,1
"xyqf41ao","M_no_W_exp","portfolio_2026-09-15.csv","MnoWe_2","MnoWe_2__g3",15,"W_exp",530,0
"g9pquzkd","M_no_W_exp","portfolio_2026-09-15.csv","MnoWe_2","MnoWe_2__g3",15,"W_exp",498,-1
"7ww48hi4","M_no_W_exp","portfolio_2026-09-15.csv","MnoWe_2","MnoWe_2__g4",15,"W_exp",480,-1
"5fdw0rg1","M_no_W_exp","portfolio_2026-09-15.csv","MnoWe_2","MnoWe_2__g4",15,"W_exp",520,1
"h7o9v437","M_no_W_exp","portfolio_2026-09-15.csv","MnoWe_2","MnoWe_2__g4",15,"W_exp",599,1
"9mimenbo","M_no_W_exp","portfolio_2026-09-15.csv","MnoWe_2","MnoWe_2__g4",15,"W_exp",520,0
"hn8non3y","M_no_W_exp","portfolio_2026-09-15.csv","MnoWe_2","MnoWe_2__g4",15,"W_exp",10,-1
"x06ipo6j","M_no_W_exp","portfolio_2026-09-15.csv","MnoWe_2","MnoWe_2__g5",15,"M_no",244,0
"n9iynxtq","M_no_W_exp","portfolio_2026-09-15.csv","MnoWe_2","MnoWe_2__g5",15,"M_no",245,1
"diqkyqqr","M_no_W_exp","portfolio_2026-09-15.csv","MnoWe_2","MnoWe_2__g5",15,"M_no",1,-1
"hi0vl1bf","M_no_W_exp","portfolio_2026-09-15.csv","MnoWe_2","MnoWe_2__g5",15,"M_no",246,1
"u3a33dgt","M_no_W_exp","portfolio_2026-09-15.csv","MnoWe_2","MnoWe_2__g5",15,"M_no",100,-1
"u4sl54xk","M_no_W_exp","portfolio_2026-09-15.csv","MnoWe_2","MnoWe_2__g1",16,"M_no",110,1
"q2jobopa","M_no_W_exp","portfolio_2026-09-15.csv","MnoWe_2","MnoWe_2__g1",16,"M_no",106,0
"9xg7erl3","M_no_W_exp","portfolio_2026-09-15.csv","MnoWe_2","MnoWe_2__g1",16,"M_no",103,-1
"ixl976y0","M_no_W_exp","portfolio_2026-09-15.csv","MnoWe_2","MnoWe_2__g1",16,"M_no",105,-1
"nqlqeq8n","M_no_W_exp","portfolio_2026-09-15.csv","MnoWe_2","MnoWe_2__g1",16,"M_no",106,1
"d10dwe1h","M_no_W_exp","portfolio_2026-09-15.csv","MnoWe_2","MnoWe_2__g2",16,"W_exp",350,1
"0yq0zebw","M_no_W_exp","portfolio_2026-09-15.csv","MnoWe_2","MnoWe_2__g2",16,"W_exp",340,0
"7sfhy51b","M_no_W_exp","portfolio_2026-09-15.csv","MnoWe_2","MnoWe_2__g2",16,"W_exp",345,1
"pgjj4tqg","M_no_W_exp","portfolio_2026-09-15.csv","MnoWe_2","MnoWe_2__g2",16,"W_exp",340,-1
"z4s8evj8","M_no_W_exp","portfolio_2026-09-15.csv","MnoWe_2","MnoWe_2__g2",16,"W_exp",305,-1
"e8h7gvii","M_no_W_exp","portfolio_2026-09-15.csv","MnoWe_2","MnoWe_2__g3",16,"W_exp",550,1
"yt1cbpza","M_no_W_exp","portfolio_2026-09-15.csv","MnoWe_2","MnoWe_2__g3",16,"W_exp",550,1
"0i38ht6y","M_no_W_exp","portfolio_2026-09-15.csv","MnoWe_2","MnoWe_2__g3",16,"W_exp",540,0
"xyqf41ao","M_no_W_exp","portfolio_2026-09-15.csv","MnoWe_2","MnoWe_2__g3",16,"W_exp",450,-1
"g9pquzkd","M_no_W_exp","portfolio_2026-09-15.csv","MnoWe_2","MnoWe_2__g3",16,"W_exp",522,-1
"7ww48hi4","M_no_W_exp","portfolio_2026-09-15.csv","MnoWe_2","MnoWe_2__g4",16,"W_exp",560,1
"5fdw0rg1","M_no_W_exp","portfolio_2026-09-15.csv","MnoWe_2","MnoWe_2__g4",16,"W_exp",530,-1
"h7o9v437","M_no_W_exp","portfolio_2026-09-15.csv","MnoWe_2","MnoWe_2__g4",16,"W_exp",599,1
"9mimenbo","M_no_W_exp","portfolio_2026-09-15.csv","MnoWe_2","MnoWe_2__g4",16,"W_exp",535,0
"hn8non3y","M_no_W_exp","portfolio_2026-09-15.csv","MnoWe_2","MnoWe_2__g4",16,"W_exp",5,-1
"x06ipo6j","M_no_W_exp","portfolio_2026-09-15.csv","MnoWe_2","MnoWe_2__g5",16,"M_no",245,0
"n9iynxtq","M_no_W_exp","portfolio_2026-09-15.csv","MnoWe_2","MnoWe_2__g5",16,"M_no",244,-1
"diqkyqqr","M_no_W_exp","portfolio_2026-09-15.csv","MnoWe_2","MnoWe_2__g5",16,"M_no",246,1
"hi0vl1bf","M_no_W_exp","portfolio_2026-09-15.csv","MnoWe_2","MnoWe_2__g5",16,"M_no",246,1
"u3a33dgt","M_no_W_exp","portfolio_2026-09-15.csv","MnoWe_2","MnoWe_2__g5",16,"M_no",100,-1
"u4sl54xk","M_no_W_exp","portfolio_2026-09-15.csv","MnoWe_2","MnoWe_2__g1",17,"M_no",100,-1
"q2jobopa","M_no_W_exp","portfolio_2026-09-15.csv","MnoWe_2","MnoWe_2__g1",17,"M_no",110,1
"9xg7erl3","M_no_W_exp","portfolio_2026-09-15.csv","MnoWe_2","MnoWe_2__g1",17,"M_no",107,0
"ixl976y0","M_no_W_exp","portfolio_2026-09-15.csv","MnoWe_2","MnoWe_2__g1",17,"M_no",106,-1
"nqlqeq8n","M_no_W_exp","portfolio_2026-09-15.csv","MnoWe_2","MnoWe_2__g1",17,"M_no",110,1
"d10dwe1h","M_no_W_exp","portfolio_2026-09-15.csv","MnoWe_2","MnoWe_2__g2",17,"W_exp",360,1
"0yq0zebw","M_no_W_exp","portfolio_2026-09-15.csv","MnoWe_2","MnoWe_2__g2",17,"W_exp",350,0
"7sfhy51b","M_no_W_exp","portfolio_2026-09-15.csv","MnoWe_2","MnoWe_2__g2",17,"W_exp",350,-1
"pgjj4tqg","M_no_W_exp","portfolio_2026-09-15.csv","MnoWe_2","MnoWe_2__g2",17,"W_exp",355,1
"z4s8evj8","M_no_W_exp","portfolio_2026-09-15.csv","MnoWe_2","MnoWe_2__g2",17,"W_exp",320,-1
"e8h7gvii","M_no_W_exp","portfolio_2026-09-15.csv","MnoWe_2","MnoWe_2__g3",17,"W_exp",1,-1
"yt1cbpza","M_no_W_exp","portfolio_2026-09-15.csv","MnoWe_2","MnoWe_2__g3",17,"W_exp",550,1
"0i38ht6y","M_no_W_exp","portfolio_2026-09-15.csv","MnoWe_2","MnoWe_2__g3",17,"W_exp",540,0
"xyqf41ao","M_no_W_exp","portfolio_2026-09-15.csv","MnoWe_2","MnoWe_2__g3",17,"W_exp",520,-1
"g9pquzkd","M_no_W_exp","portfolio_2026-09-15.csv","MnoWe_2","MnoWe_2__g3",17,"W_exp",558,1
"7ww48hi4","M_no_W_exp","portfolio_2026-09-15.csv","MnoWe_2","MnoWe_2__g4",17,"W_exp",500,-1
"5fdw0rg1","M_no_W_exp","portfolio_2026-09-15.csv","MnoWe_2","MnoWe_2__g4",17,"W_exp",550,0
"h7o9v437","M_no_W_exp","portfolio_2026-09-15.csv","MnoWe_2","MnoWe_2__g4",17,"W_exp",599,1
"9mimenbo","M_no_W_exp","portfolio_2026-09-15.csv","MnoWe_2","MnoWe_2__g4",17,"W_exp",560,1
"hn8non3y","M_no_W_exp","portfolio_2026-09-15.csv","MnoWe_2","MnoWe_2__g4",17,"W_exp",5,-1
"x06ipo6j","M_no_W_exp","portfolio_2026-09-15.csv","MnoWe_2","MnoWe_2__g5",17,"M_no",246,1
"n9iynxtq","M_no_W_exp","portfolio_2026-09-15.csv","MnoWe_2","MnoWe_2__g5",17,"M_no",245,0
"diqkyqqr","M_no_W_exp","portfolio_2026-09-15.csv","MnoWe_2","MnoWe_2__g5",17,"M_no",1,-1
"hi0vl1bf","M_no_W_exp","portfolio_2026-09-15.csv","MnoWe_2","MnoWe_2__g5",17,"M_no",246,1
"u3a33dgt","M_no_W_exp","portfolio_2026-09-15.csv","MnoWe_2","MnoWe_2__g5",17,"M_no",100,-1
"u4sl54xk","M_no_W_exp","portfolio_2026-09-15.csv","MnoWe_2","MnoWe_2__g1",18,"M_no",110,0
"q2jobopa","M_no_W_exp","portfolio_2026-09-15.csv","MnoWe_2","MnoWe_2__g1",18,"M_no",150,1
"9xg7erl3","M_no_W_exp","portfolio_2026-09-15.csv","MnoWe_2","MnoWe_2__g1",18,"M_no",102,-1
"ixl976y0","M_no_W_exp","portfolio_2026-09-15.csv","MnoWe_2","MnoWe_2__g1",18,"M_no",108,-1
"nqlqeq8n","M_no_W_exp","portfolio_2026-09-15.csv","MnoWe_2","MnoWe_2__g1",18,"M_no",110,1
"d10dwe1h","M_no_W_exp","portfolio_2026-09-15.csv","MnoWe_2","MnoWe_2__g2",18,"W_exp",370,1
"0yq0zebw","M_no_W_exp","portfolio_2026-09-15.csv","MnoWe_2","MnoWe_2__g2",18,"W_exp",360,-1
"7sfhy51b","M_no_W_exp","portfolio_2026-09-15.csv","MnoWe_2","MnoWe_2__g2",18,"W_exp",365,1
"pgjj4tqg","M_no_W_exp","portfolio_2026-09-15.csv","MnoWe_2","MnoWe_2__g2",18,"W_exp",364,0
"z4s8evj8","M_no_W_exp","portfolio_2026-09-15.csv","MnoWe_2","MnoWe_2__g2",18,"W_exp",330,-1
"e8h7gvii","M_no_W_exp","portfolio_2026-09-15.csv","MnoWe_2","MnoWe_2__g3",18,"W_exp",550,1
"yt1cbpza","M_no_W_exp","portfolio_2026-09-15.csv","MnoWe_2","MnoWe_2__g3",18,"W_exp",545,-1
"0i38ht6y","M_no_W_exp","portfolio_2026-09-15.csv","MnoWe_2","MnoWe_2__g3",18,"W_exp",550,0
"xyqf41ao","M_no_W_exp","portfolio_2026-09-15.csv","MnoWe_2","MnoWe_2__g3",18,"W_exp",540,-1
"g9pquzkd","M_no_W_exp","portfolio_2026-09-15.csv","MnoWe_2","MnoWe_2__g3",18,"W_exp",582,1
"7ww48hi4","M_no_W_exp","portfolio_2026-09-15.csv","MnoWe_2","MnoWe_2__g4",18,"W_exp",550,0
"5fdw0rg1","M_no_W_exp","portfolio_2026-09-15.csv","MnoWe_2","MnoWe_2__g4",18,"W_exp",570,1
"h7o9v437","M_no_W_exp","portfolio_2026-09-15.csv","MnoWe_2","MnoWe_2__g4",18,"W_exp",599,1
"9mimenbo","M_no_W_exp","portfolio_2026-09-15.csv","MnoWe_2","MnoWe_2__g4",18,"W_exp",540,-1
"hn8non3y","M_no_W_exp","portfolio_2026-09-15.csv","MnoWe_2","MnoWe_2__g4",18,"W_exp",5,-1
"x06ipo6j","M_no_W_exp","portfolio_2026-09-15.csv","MnoWe_2","MnoWe_2__g5",18,"M_no",243,-1
"n9iynxtq","M_no_W_exp","portfolio_2026-09-15.csv","MnoWe_2","MnoWe_2__g5",18,"M_no",245,0
"diqkyqqr","M_no_W_exp","portfolio_2026-09-15.csv","MnoWe_2","MnoWe_2__g5",18,"M_no",246,1
"hi0vl1bf","M_no_W_exp","portfolio_2026-09-15.csv","MnoWe_2","MnoWe_2__g5",18,"M_no",246,1
"u3a33dgt","M_no_W_exp","portfolio_2026-09-15.csv","MnoWe_2","MnoWe_2__g5",18,"M_no",100,-1
"u4sl54xk","M_no_W_exp","portfolio_2026-09-15.csv","MnoWe_2","MnoWe_2__g1",19,"M_no",120,1
"q2jobopa","M_no_W_exp","portfolio_2026-09-15.csv","MnoWe_2","MnoWe_2__g1",19,"M_no",150,1
"9xg7erl3","M_no_W_exp","portfolio_2026-09-15.csv","MnoWe_2","MnoWe_2__g1",19,"M_no",111,-1
"ixl976y0","M_no_W_exp","portfolio_2026-09-15.csv","MnoWe_2","MnoWe_2__g1",19,"M_no",111,-1
"nqlqeq8n","M_no_W_exp","portfolio_2026-09-15.csv","MnoWe_2","MnoWe_2__g1",19,"M_no",112,0
"d10dwe1h","M_no_W_exp","portfolio_2026-09-15.csv","MnoWe_2","MnoWe_2__g2",19,"W_exp",400,1
"0yq0zebw","M_no_W_exp","portfolio_2026-09-15.csv","MnoWe_2","MnoWe_2__g2",19,"W_exp",360,-1
"7sfhy51b","M_no_W_exp","portfolio_2026-09-15.csv","MnoWe_2","MnoWe_2__g2",19,"W_exp",365,0
"pgjj4tqg","M_no_W_exp","portfolio_2026-09-15.csv","MnoWe_2","MnoWe_2__g2",19,"W_exp",375,1
"z4s8evj8","M_no_W_exp","portfolio_2026-09-15.csv","MnoWe_2","MnoWe_2__g2",19,"W_exp",350,-1
"e8h7gvii","M_no_W_exp","portfolio_2026-09-15.csv","MnoWe_2","MnoWe_2__g3",19,"W_exp",1,-1
"yt1cbpza","M_no_W_exp","portfolio_2026-09-15.csv","MnoWe_2","MnoWe_2__g3",19,"W_exp",555,1
"0i38ht6y","M_no_W_exp","portfolio_2026-09-15.csv","MnoWe_2","MnoWe_2__g3",19,"W_exp",580,1
"xyqf41ao","M_no_W_exp","portfolio_2026-09-15.csv","MnoWe_2","MnoWe_2__g3",19,"W_exp",550,0
"g9pquzkd","M_no_W_exp","portfolio_2026-09-15.csv","MnoWe_2","MnoWe_2__g3",19,"W_exp",528,-1
"7ww48hi4","M_no_W_exp","portfolio_2026-09-15.csv","MnoWe_2","MnoWe_2__g4",19,"W_exp",540,0
"5fdw0rg1","M_no_W_exp","portfolio_2026-09-15.csv","MnoWe_2","MnoWe_2__g4",19,"W_exp",570,1
"h7o9v437","M_no_W_exp","portfolio_2026-09-15.csv","MnoWe_2","MnoWe_2__g4",19,"W_exp",599,1
"9mimenbo","M_no_W_exp","portfolio_2026-09-15.csv","MnoWe_2","MnoWe_2__g4",19,"W_exp",10,-1
"hn8non3y","M_no_W_exp","portfolio_2026-09-15.csv","MnoWe_2","MnoWe_2__g4",19,"W_exp",5,-1
"x06ipo6j","M_no_W_exp","portfolio_2026-09-15.csv","MnoWe_2","MnoWe_2__g5",19,"M_no",245,0
"n9iynxtq","M_no_W_exp","portfolio_2026-09-15.csv","MnoWe_2","MnoWe_2__g5",19,"M_no",245,1
"diqkyqqr","M_no_W_exp","portfolio_2026-09-15.csv","MnoWe_2","MnoWe_2__g5",19,"M_no",1,-1
"hi0vl1bf","M_no_W_exp","portfolio_2026-09-15.csv","MnoWe_2","MnoWe_2__g5",19,"M_no",247,1
"u3a33dgt","M_no_W_exp","portfolio_2026-09-15.csv","MnoWe_2","MnoWe_2__g5",19,"M_no",150,-1
"u4sl54xk","M_no_W_exp","portfolio_2026-09-15.csv","MnoWe_2","MnoWe_2__g1",20,"M_no",120,1
"q2jobopa","M_no_W_exp","portfolio_2026-09-15.csv","MnoWe_2","MnoWe_2__g1",20,"M_no",150,1
"9xg7erl3","M_no_W_exp","portfolio_2026-09-15.csv","MnoWe_2","MnoWe_2__g1",20,"M_no",114,-1
"ixl976y0","M_no_W_exp","portfolio_2026-09-15.csv","MnoWe_2","MnoWe_2__g1",20,"M_no",1,-1
"nqlqeq8n","M_no_W_exp","portfolio_2026-09-15.csv","MnoWe_2","MnoWe_2__g1",20,"M_no",115,0
"d10dwe1h","M_no_W_exp","portfolio_2026-09-15.csv","MnoWe_2","MnoWe_2__g2",20,"W_exp",400,1
"0yq0zebw","M_no_W_exp","portfolio_2026-09-15.csv","MnoWe_2","MnoWe_2__g2",20,"W_exp",400,1
"7sfhy51b","M_no_W_exp","portfolio_2026-09-15.csv","MnoWe_2","MnoWe_2__g2",20,"W_exp",370,0
"pgjj4tqg","M_no_W_exp","portfolio_2026-09-15.csv","MnoWe_2","MnoWe_2__g2",20,"W_exp",367,-1
"z4s8evj8","M_no_W_exp","portfolio_2026-09-15.csv","MnoWe_2","MnoWe_2__g2",20,"W_exp",350,-1
"e8h7gvii","M_no_W_exp","portfolio_2026-09-15.csv","MnoWe_2","MnoWe_2__g3",20,"W_exp",560,1
"yt1cbpza","M_no_W_exp","portfolio_2026-09-15.csv","MnoWe_2","MnoWe_2__g3",20,"W_exp",560,1
"0i38ht6y","M_no_W_exp","portfolio_2026-09-15.csv","MnoWe_2","MnoWe_2__g3",20,"W_exp",40,-1
"xyqf41ao","M_no_W_exp","portfolio_2026-09-15.csv","MnoWe_2","MnoWe_2__g3",20,"W_exp",540,-1
"g9pquzkd","M_no_W_exp","portfolio_2026-09-15.csv","MnoWe_2","MnoWe_2__g3",20,"W_exp",552,0
"7ww48hi4","M_no_W_exp","portfolio_2026-09-15.csv","MnoWe_2","MnoWe_2__g4",20,"W_exp",490,0
"5fdw0rg1","M_no_W_exp","portfolio_2026-09-15.csv","MnoWe_2","MnoWe_2__g4",20,"W_exp",570,1
"h7o9v437","M_no_W_exp","portfolio_2026-09-15.csv","MnoWe_2","MnoWe_2__g4",20,"W_exp",599,1
"9mimenbo","M_no_W_exp","portfolio_2026-09-15.csv","MnoWe_2","MnoWe_2__g4",20,"W_exp",100,-1
"hn8non3y","M_no_W_exp","portfolio_2026-09-15.csv","MnoWe_2","MnoWe_2__g4",20,"W_exp",1,-1
"x06ipo6j","M_no_W_exp","portfolio_2026-09-15.csv","MnoWe_2","MnoWe_2__g5",20,"M_no",242,-1
"n9iynxtq","M_no_W_exp","portfolio_2026-09-15.csv","MnoWe_2","MnoWe_2__g5",20,"M_no",245,0
"diqkyqqr","M_no_W_exp","portfolio_2026-09-15.csv","MnoWe_2","MnoWe_2__g5",20,"M_no",246,1
"hi0vl1bf","M_no_W_exp","portfolio_2026-09-15.csv","MnoWe_2","MnoWe_2__g5",20,"M_no",247,1
"u3a33dgt","M_no_W_exp","portfolio_2026-09-15.csv","MnoWe_2","MnoWe_2__g5",20,"M_no",100,-1
"fwrj2jat","M_exp_W_exp","portfolio_2026-09-15.csv","bothe_1","bothe_1__g1",11,"M_exp",115,-1
"0vigghqi","M_exp_W_exp","portfolio_2026-09-15.csv","bothe_1","bothe_1__g1",11,"M_exp",121,-1
"xu6xugdp","M_exp_W_exp","portfolio_2026-09-15.csv","bothe_1","bothe_1__g1",11,"M_exp",197,1
"9nn00jux","M_exp_W_exp","portfolio_2026-09-15.csv","bothe_1","bothe_1__g1",11,"M_exp",160,1
"d8azp69w","M_exp_W_exp","portfolio_2026-09-15.csv","bothe_1","bothe_1__g1",11,"M_exp",130,0
"g5ct4rg0","M_exp_W_exp","portfolio_2026-09-15.csv","bothe_1","bothe_1__g2",11,"M_exp",300,1
"utr109q6","M_exp_W_exp","portfolio_2026-09-15.csv","bothe_1","bothe_1__g2",11,"M_exp",300,1
"uza1lz8f","M_exp_W_exp","portfolio_2026-09-15.csv","bothe_1","bothe_1__g2",11,"M_exp",300,0
"3z6ed32t","M_exp_W_exp","portfolio_2026-09-15.csv","bothe_1","bothe_1__g2",11,"M_exp",299,-1
"pzsakpjx","M_exp_W_exp","portfolio_2026-09-15.csv","bothe_1","bothe_1__g2",11,"M_exp",250,-1
"h4hoh39u","M_exp_W_exp","portfolio_2026-09-15.csv","bothe_1","bothe_1__g3",11,"M_exp",300,1
"jzoxfyc2","M_exp_W_exp","portfolio_2026-09-15.csv","bothe_1","bothe_1__g3",11,"M_exp",300,1
"dqn940v4","M_exp_W_exp","portfolio_2026-09-15.csv","bothe_1","bothe_1__g3",11,"M_exp",270,0
"5l1yk0gm","M_exp_W_exp","portfolio_2026-09-15.csv","bothe_1","bothe_1__g3",11,"M_exp",98,-1
"3fdg4ref","M_exp_W_exp","portfolio_2026-09-15.csv","bothe_1","bothe_1__g3",11,"M_exp",199,-1
"iliayit3","M_exp_W_exp","portfolio_2026-09-15.csv","bothe_1","bothe_1__g4",11,"W_exp",275,0
"hpzf5xgg","M_exp_W_exp","portfolio_2026-09-15.csv","bothe_1","bothe_1__g4",11,"W_exp",400,1
"3th28718","M_exp_W_exp","portfolio_2026-09-15.csv","bothe_1","bothe_1__g4",11,"W_exp",100,-1
"hh695q6a","M_exp_W_exp","portfolio_2026-09-15.csv","bothe_1","bothe_1__g4",11,"W_exp",300,1
"2w7wmunp","M_exp_W_exp","portfolio_2026-09-15.csv","bothe_1","bothe_1__g4",11,"W_exp",246,-1
"2fon3kdf","M_exp_W_exp","portfolio_2026-09-15.csv","bothe_1","bothe_1__g5",11,"W_exp",298,0
"0vm37wcl","M_exp_W_exp","portfolio_2026-09-15.csv","bothe_1","bothe_1__g5",11,"W_exp",300,1
"9902h2kd","M_exp_W_exp","portfolio_2026-09-15.csv","bothe_1","bothe_1__g5",11,"W_exp",250,-1
"snwy0w01","M_exp_W_exp","portfolio_2026-09-15.csv","bothe_1","bothe_1__g5",11,"W_exp",300,1
"yaickank","M_exp_W_exp","portfolio_2026-09-15.csv","bothe_1","bothe_1__g5",11,"W_exp",295,-1
"fwrj2jat","M_exp_W_exp","portfolio_2026-09-15.csv","bothe_1","bothe_1__g1",12,"M_exp",115,-1
"0vigghqi","M_exp_W_exp","portfolio_2026-09-15.csv","bothe_1","bothe_1__g1",12,"M_exp",137,0
"xu6xugdp","M_exp_W_exp","portfolio_2026-09-15.csv","bothe_1","bothe_1__g1",12,"M_exp",200,1
"9nn00jux","M_exp_W_exp","portfolio_2026-09-15.csv","bothe_1","bothe_1__g1",12,"M_exp",180,1
"d8azp69w","M_exp_W_exp","portfolio_2026-09-15.csv","bothe_1","bothe_1__g1",12,"M_exp",100,-1
"g5ct4rg0","M_exp_W_exp","portfolio_2026-09-15.csv","bothe_1","bothe_1__g2",12,"M_exp",200,-1
"utr109q6","M_exp_W_exp","portfolio_2026-09-15.csv","bothe_1","bothe_1__g2",12,"M_exp",250,-1
"uza1lz8f","M_exp_W_exp","portfolio_2026-09-15.csv","bothe_1","bothe_1__g2",12,"M_exp",500,1
"3z6ed32t","M_exp_W_exp","portfolio_2026-09-15.csv","bothe_1","bothe_1__g2",12,"M_exp",351,1
"pzsakpjx","M_exp_W_exp","portfolio_2026-09-15.csv","bothe_1","bothe_1__g2",12,"M_exp",285,0
"h4hoh39u","M_exp_W_exp","portfolio_2026-09-15.csv","bothe_1","bothe_1__g3",12,"M_exp",250,0
"jzoxfyc2","M_exp_W_exp","portfolio_2026-09-15.csv","bothe_1","bothe_1__g3",12,"M_exp",250,1
"dqn940v4","M_exp_W_exp","portfolio_2026-09-15.csv","bothe_1","bothe_1__g3",12,"M_exp",290,1
"5l1yk0gm","M_exp_W_exp","portfolio_2026-09-15.csv","bothe_1","bothe_1__g3",12,"M_exp",200,-1
"3fdg4ref","M_exp_W_exp","portfolio_2026-09-15.csv","bothe_1","bothe_1__g3",12,"M_exp",200,-1
"iliayit3","M_exp_W_exp","portfolio_2026-09-15.csv","bothe_1","bothe_1__g4",12,"W_exp",250,-1
"hpzf5xgg","M_exp_W_exp","portfolio_2026-09-15.csv","bothe_1","bothe_1__g4",12,"W_exp",330,1
"3th28718","M_exp_W_exp","portfolio_2026-09-15.csv","bothe_1","bothe_1__g4",12,"W_exp",297,0
"hh695q6a","M_exp_W_exp","portfolio_2026-09-15.csv","bothe_1","bothe_1__g4",12,"W_exp",280,-1
"2w7wmunp","M_exp_W_exp","portfolio_2026-09-15.csv","bothe_1","bothe_1__g4",12,"W_exp",345,1
"2fon3kdf","M_exp_W_exp","portfolio_2026-09-15.csv","bothe_1","bothe_1__g5",12,"W_exp",193,-1
"0vm37wcl","M_exp_W_exp","portfolio_2026-09-15.csv","bothe_1","bothe_1__g5",12,"W_exp",300,1
"9902h2kd","M_exp_W_exp","portfolio_2026-09-15.csv","bothe_1","bothe_1__g5",12,"W_exp",280,-1
"snwy0w01","M_exp_W_exp","portfolio_2026-09-15.csv","bothe_1","bothe_1__g5",12,"W_exp",299,0
"yaickank","M_exp_W_exp","portfolio_2026-09-15.csv","bothe_1","bothe_1__g5",12,"W_exp",300,1
"fwrj2jat","M_exp_W_exp","portfolio_2026-09-15.csv","bothe_1","bothe_1__g1",13,"M_exp",115,-1
"0vigghqi","M_exp_W_exp","portfolio_2026-09-15.csv","bothe_1","bothe_1__g1",13,"M_exp",145,-1
"xu6xugdp","M_exp_W_exp","portfolio_2026-09-15.csv","bothe_1","bothe_1__g1",13,"M_exp",150,0
"9nn00jux","M_exp_W_exp","portfolio_2026-09-15.csv","bothe_1","bothe_1__g1",13,"M_exp",150,1
"d8azp69w","M_exp_W_exp","portfolio_2026-09-15.csv","bothe_1","bothe_1__g1",13,"M_exp",150,1
"g5ct4rg0","M_exp_W_exp","portfolio_2026-09-15.csv","bothe_1","bothe_1__g2",13,"M_exp",210,-1
"utr109q6","M_exp_W_exp","portfolio_2026-09-15.csv","bothe_1","bothe_1__g2",13,"M_exp",250,0
"uza1lz8f","M_exp_W_exp","portfolio_2026-09-15.csv","bothe_1","bothe_1__g2",13,"M_exp",20,-1
"3z6ed32t","M_exp_W_exp","portfolio_2026-09-15.csv","bothe_1","bothe_1__g2",13,"M_exp",301,1
"pzsakpjx","M_exp_W_exp","portfolio_2026-09-15.csv","bothe_1","bothe_1__g2",13,"M_exp",265,1
"h4hoh39u","M_exp_W_exp","portfolio_2026-09-15.csv","bothe_1","bothe_1__g3",13,"M_exp",200,-1
"jzoxfyc2","M_exp_W_exp","portfolio_2026-09-15.csv","bothe_1","bothe_1__g3",13,"M_exp",1,-1
"dqn940v4","M_exp_W_exp","portfolio_2026-09-15.csv","bothe_1","bothe_1__g3",13,"M_exp",220,1
"5l1yk0gm","M_exp_W_exp","portfolio_2026-09-15.csv","bothe_1","bothe_1__g3",13,"M_exp",300,1
"3fdg4ref","M_exp_W_exp","portfolio_2026-09-15.csv","bothe_1","bothe_1__g3",13,"M_exp",200,0
"iliayit3","M_exp_W_exp","portfolio_2026-09-15.csv","bothe_1","bothe_1__g4",13,"W_exp",280,0
"hpzf5xgg","M_exp_W_exp","portfolio_2026-09-15.csv","bothe_1","bothe_1__g4",13,"W_exp",300,1
"3th28718","M_exp_W_exp","portfolio_2026-09-15.csv","bothe_1","bothe_1__g4",13,"W_exp",275,-1
"hh695q6a","M_exp_W_exp","portfolio_2026-09-15.csv","bothe_1","bothe_1__g4",13,"W_exp",300,1
"2w7wmunp","M_exp_W_exp","portfolio_2026-09-15.csv","bothe_1","bothe_1__g4",13,"W_exp",270,-1
"2fon3kdf","M_exp_W_exp","portfolio_2026-09-15.csv","bothe_1","bothe_1__g5",13,"W_exp",232,-1
"0vm37wcl","M_exp_W_exp","portfolio_2026-09-15.csv","bothe_1","bothe_1__g5",13,"W_exp",200,-1
"9902h2kd","M_exp_W_exp","portfolio_2026-09-15.csv","bothe_1","bothe_1__g5",13,"W_exp",289,0
"snwy0w01","M_exp_W_exp","portfolio_2026-09-15.csv","bothe_1","bothe_1__g5",13,"W_exp",300,1
"yaickank","M_exp_W_exp","portfolio_2026-09-15.csv","bothe_1","bothe_1__g5",13,"W_exp",302,1
"fwrj2jat","M_exp_W_exp","portfolio_2026-09-15.csv","bothe_1","bothe_1__g1",14,"M_exp",115,-1
"0vigghqi","M_exp_W_exp","portfolio_2026-09-15.csv","bothe_1","bothe_1__g1",14,"M_exp",167,1
"xu6xugdp","M_exp_W_exp","portfolio_2026-09-15.csv","bothe_1","bothe_1__g1",14,"M_exp",180,1
"9nn00jux","M_exp_W_exp","portfolio_2026-09-15.csv","bothe_1","bothe_1__g1",14,"M_exp",160,0
"d8azp69w","M_exp_W_exp","portfolio_2026-09-15.csv","bothe_1","bothe_1__g1",14,"M_exp",159,-1
"g5ct4rg0","M_exp_W_exp","portfolio_2026-09-15.csv","bothe_1","bothe_1__g2",14,"M_exp",250,0
"utr109q6","M_exp_W_exp","portfolio_2026-09-15.csv","bothe_1","bothe_1__g2",14,"M_exp",200,-1
"uza1lz8f","M_exp_W_exp","portfolio_2026-09-15.csv","bothe_1","bothe_1__g2",14,"M_exp",450,1
"3z6ed32t","M_exp_W_exp","portfolio_2026-09-15.csv","bothe_1","bothe_1__g2",14,"M_exp",271,1
"pzsakpjx","M_exp_W_exp","portfolio_2026-09-15.csv","bothe_1","bothe_1__g2",14,"M_exp",240,-1
"h4hoh39u","M_exp_W_exp","portfolio_2026-09-15.csv","bothe_1","bothe_1__g3",14,"M_exp",155,-1
"jzoxfyc2","M_exp_W_exp","portfolio_2026-09-15.csv","bothe_1","bothe_1__g3",14,"M_exp",200,1
"dqn940v4","M_exp_W_exp","portfolio_2026-09-15.csv","bothe_1","bothe_1__g3",14,"M_exp",190,-1
"5l1yk0gm","M_exp_W_exp","portfolio_2026-09-15.csv","bothe_1","bothe_1__g3",14,"M_exp",200,0
"3fdg4ref","M_exp_W_exp","portfolio_2026-09-15.csv","bothe_1","bothe_1__g3",14,"M_exp",200,1
"iliayit3","M_exp_W_exp","portfolio_2026-09-15.csv","bothe_1","bothe_1__g4",14,"W_exp",275,-1
"hpzf5xgg","M_exp_W_exp","portfolio_2026-09-15.csv","bothe_1","bothe_1__g4",14,"W_exp",300,1
"3th28718","M_exp_W_exp","portfolio_2026-09-15.csv","bothe_1","bothe_1__g4",14,"W_exp",300,1
"hh695q6a","M_exp_W_exp","portfolio_2026-09-15.csv","bothe_1","bothe_1__g4",14,"W_exp",280,0
"2w7wmunp","M_exp_W_exp","portfolio_2026-09-15.csv","bothe_1","bothe_1__g4",14,"W_exp",122,-1
"2fon3kdf","M_exp_W_exp","portfolio_2026-09-15.csv","bothe_1","bothe_1__g5",14,"W_exp",250,-1
"0vm37wcl","M_exp_W_exp","portfolio_2026-09-15.csv","bothe_1","bothe_1__g5",14,"W_exp",250,-1
"9902h2kd","M_exp_W_exp","portfolio_2026-09-15.csv","bothe_1","bothe_1__g5",14,"W_exp",288,0
"snwy0w01","M_exp_W_exp","portfolio_2026-09-15.csv","bothe_1","bothe_1__g5",14,"W_exp",295,1
"yaickank","M_exp_W_exp","portfolio_2026-09-15.csv","bothe_1","bothe_1__g5",14,"W_exp",293,1
"fwrj2jat","M_exp_W_exp","portfolio_2026-09-15.csv","bothe_1","bothe_1__g1",15,"M_exp",115,-1
"0vigghqi","M_exp_W_exp","portfolio_2026-09-15.csv","bothe_1","bothe_1__g1",15,"M_exp",176,1
"xu6xugdp","M_exp_W_exp","portfolio_2026-09-15.csv","bothe_1","bothe_1__g1",15,"M_exp",181,1
"9nn00jux","M_exp_W_exp","portfolio_2026-09-15.csv","bothe_1","bothe_1__g1",15,"M_exp",160,-1
"d8azp69w","M_exp_W_exp","portfolio_2026-09-15.csv","bothe_1","bothe_1__g1",15,"M_exp",166,0
"g5ct4rg0","M_exp_W_exp","portfolio_2026-09-15.csv","bothe_1","bothe_1__g2",15,"M_exp",500,1
"utr109q6","M_exp_W_exp","portfolio_2026-09-15.csv","bothe_1","bothe_1__g2",15,"M_exp",290,1
"uza1lz8f","M_exp_W_exp","portfolio_2026-09-15.csv","bothe_1","bothe_1__g2",15,"M_exp",100,-1
"3z6ed32t","M_exp_W_exp","portfolio_2026-09-15.csv","bothe_1","bothe_1__g2",15,"M_exp",261,-1
"pzsakpjx","M_exp_W_exp","portfolio_2026-09-15.csv","bothe_1","bothe_1__g2",15,"M_exp",290,0
"h4hoh39u","M_exp_W_exp","portfolio_2026-09-15.csv","bothe_1","bothe_1__g3",15,"M_exp",160,-1
"jzoxfyc2","M_exp_W_exp","portfolio_2026-09-15.csv","bothe_1","bothe_1__g3",15,"M_exp",200,1
"dqn940v4","M_exp_W_exp","portfolio_2026-09-15.csv","bothe_1","bothe_1__g3",15,"M_exp",190,0
"5l1yk0gm","M_exp_W_exp","portfolio_2026-09-15.csv","bothe_1","bothe_1__g3",15,"M_exp",150,-1
"3fdg4ref","M_exp_W_exp","portfolio_2026-09-15.csv","bothe_1","bothe_1__g3",15,"M_exp",200,1
"iliayit3","M_exp_W_exp","portfolio_2026-09-15.csv","bothe_1","bothe_1__g4",15,"W_exp",275,-1
"hpzf5xgg","M_exp_W_exp","portfolio_2026-09-15.csv","bothe_1","bothe_1__g4",15,"W_exp",300,1
"3th28718","M_exp_W_exp","portfolio_2026-09-15.csv","bothe_1","bothe_1__g4",15,"W_exp",300,1
"hh695q6a","M_exp_W_exp","portfolio_2026-09-15.csv","bothe_1","bothe_1__g4",15,"W_exp",280,0
"2w7wmunp","M_exp_W_exp","portfolio_2026-09-15.csv","bothe_1","bothe_1__g4",15,"W_exp",242,-1
"2fon3kdf","M_exp_W_exp","portfolio_2026-09-15.csv","bothe_1","bothe_1__g5",15,"W_exp",275,-1
"0vm37wcl","M_exp_W_exp","portfolio_2026-09-15.csv","bothe_1","bothe_1__g5",15,"W_exp",285,0
"9902h2kd","M_exp_W_exp","portfolio_2026-09-15.csv","bothe_1","bothe_1__g5",15,"W_exp",285,-1
"snwy0w01","M_exp_W_exp","portfolio_2026-09-15.csv","bothe_1","bothe_1__g5",15,"W_exp",286,1
"yaickank","M_exp_W_exp","portfolio_2026-09-15.csv","bothe_1","bothe_1__g5",15,"W_exp",290,1
"fwrj2jat","M_exp_W_exp","portfolio_2026-09-15.csv","bothe_1","bothe_1__g1",16,"M_exp",115,-1
"0vigghqi","M_exp_W_exp","portfolio_2026-09-15.csv","bothe_1","bothe_1__g1",16,"M_exp",176,0
"xu6xugdp","M_exp_W_exp","portfolio_2026-09-15.csv","bothe_1","bothe_1__g1",16,"M_exp",187,1
"9nn00jux","M_exp_W_exp","portfolio_2026-09-15.csv","bothe_1","bothe_1__g1",16,"M_exp",155,-1
"d8azp69w","M_exp_W_exp","portfolio_2026-09-15.csv","bothe_1","bothe_1__g1",16,"M_exp",190,1
"g5ct4rg0","M_exp_W_exp","portfolio_2026-09-15.csv","bothe_1","bothe_1__g2",16,"M_exp",100,-1
"utr109q6","M_exp_W_exp","portfolio_2026-09-15.csv","bothe_1","bothe_1__g2",16,"M_exp",300,0
"uza1lz8f","M_exp_W_exp","portfolio_2026-09-15.csv","bothe_1","bothe_1__g2",16,"M_exp",150,-1
"3z6ed32t","M_exp_W_exp","portfolio_2026-09-15.csv","bothe_1","bothe_1__g2",16,"M_exp",301,1
"pzsakpjx","M_exp_W_exp","portfolio_2026-09-15.csv","bothe_1","bothe_1__g2",16,"M_exp",300,1
"h4hoh39u","M_exp_W_exp","portfolio_2026-09-15.csv","bothe_1","bothe_1__g3",16,"M_exp",160,-1
"jzoxfyc2","M_exp_W_exp","portfolio_2026-09-15.csv","bothe_1","bothe_1__g3",16,"M_exp",195,1
"dqn940v4","M_exp_W_exp","portfolio_2026-09-15.csv","bothe_1","bothe_1__g3",16,"M_exp",180,0
"5l1yk0gm","M_exp_W_exp","portfolio_2026-09-15.csv","bothe_1","bothe_1__g3",16,"M_exp",150,-1
"3fdg4ref","M_exp_W_exp","portfolio_2026-09-15.csv","bothe_1","bothe_1__g3",16,"M_exp",195,1
"iliayit3","M_exp_W_exp","portfolio_2026-09-15.csv","bothe_1","bothe_1__g4",16,"W_exp",275,-1
"hpzf5xgg","M_exp_W_exp","portfolio_2026-09-15.csv","bothe_1","bothe_1__g4",16,"W_exp",300,1
"3th28718","M_exp_W_exp","portfolio_2026-09-15.csv","bothe_1","bothe_1__g4",16,"W_exp",290,1
"hh695q6a","M_exp_W_exp","portfolio_2026-09-15.csv","bothe_1","bothe_1__g4",16,"W_exp",280,0
"2w7wmunp","M_exp_W_exp","portfolio_2026-09-15.csv","bothe_1","bothe_1__g4",16,"W_exp",235,-1
"2fon3kdf","M_exp_W_exp","portfolio_2026-09-15.csv","bothe_1","bothe_1__g5",16,"W_exp",275,-1
"0vm37wcl","M_exp_W_exp","portfolio_2026-09-15.csv","bothe_1","bothe_1__g5",16,"W_exp",285,0
"9902h2kd","M_exp_W_exp","portfolio_2026-09-15.csv","bothe_1","bothe_1__g5",16,"W_exp",287,1
"snwy0w01","M_exp_W_exp","portfolio_2026-09-15.csv","bothe_1","bothe_1__g5",16,"W_exp",281,-1
"yaickank","M_exp_W_exp","portfolio_2026-09-15.csv","bothe_1","bothe_1__g5",16,"W_exp",285,1
"fwrj2jat","M_exp_W_exp","portfolio_2026-09-15.csv","bothe_1","bothe_1__g1",17,"M_exp",115,-1
"0vigghqi","M_exp_W_exp","portfolio_2026-09-15.csv","bothe_1","bothe_1__g1",17,"M_exp",191,1
"xu6xugdp","M_exp_W_exp","portfolio_2026-09-15.csv","bothe_1","bothe_1__g1",17,"M_exp",190,0
"9nn00jux","M_exp_W_exp","portfolio_2026-09-15.csv","bothe_1","bothe_1__g1",17,"M_exp",140,-1
"d8azp69w","M_exp_W_exp","portfolio_2026-09-15.csv","bothe_1","bothe_1__g1",17,"M_exp",193,1
"g5ct4rg0","M_exp_W_exp","portfolio_2026-09-15.csv","bothe_1","bothe_1__g2",17,"M_exp",390,1
"utr109q6","M_exp_W_exp","portfolio_2026-09-15.csv","bothe_1","bothe_1__g2",17,"M_exp",300,0
"uza1lz8f","M_exp_W_exp","portfolio_2026-09-15.csv","bothe_1","bothe_1__g2",17,"M_exp",300,-1
"3z6ed32t","M_exp_W_exp","portfolio_2026-09-15.csv","bothe_1","bothe_1__g2",17,"M_exp",301,1
"pzsakpjx","M_exp_W_exp","portfolio_2026-09-15.csv","bothe_1","bothe_1__g2",17,"M_exp",290,-1
"h4hoh39u","M_exp_W_exp","portfolio_2026-09-15.csv","bothe_1","bothe_1__g3",17,"M_exp",168,-1
"jzoxfyc2","M_exp_W_exp","portfolio_2026-09-15.csv","bothe_1","bothe_1__g3",17,"M_exp",300,1
"dqn940v4","M_exp_W_exp","portfolio_2026-09-15.csv","bothe_1","bothe_1__g3",17,"M_exp",190,1
"5l1yk0gm","M_exp_W_exp","portfolio_2026-09-15.csv","bothe_1","bothe_1__g3",17,"M_exp",100,-1
"3fdg4ref","M_exp_W_exp","portfolio_2026-09-15.csv","bothe_1","bothe_1__g3",17,"M_exp",179,0
"iliayit3","M_exp_W_exp","portfolio_2026-09-15.csv","bothe_1","bothe_1__g4",17,"W_exp",275,0
"hpzf5xgg","M_exp_W_exp","portfolio_2026-09-15.csv","bothe_1","bothe_1__g4",17,"W_exp",300,1
"3th28718","M_exp_W_exp","portfolio_2026-09-15.csv","bothe_1","bothe_1__g4",17,"W_exp",275,-1
"hh695q6a","M_exp_W_exp","portfolio_2026-09-15.csv","bothe_1","bothe_1__g4",17,"W_exp",280,1
"2w7wmunp","M_exp_W_exp","portfolio_2026-09-15.csv","bothe_1","bothe_1__g4",17,"W_exp",270,-1
"2fon3kdf","M_exp_W_exp","portfolio_2026-09-15.csv","bothe_1","bothe_1__g5",17,"W_exp",280,-1
"0vm37wcl","M_exp_W_exp","portfolio_2026-09-15.csv","bothe_1","bothe_1__g5",17,"W_exp",285,0
"9902h2kd","M_exp_W_exp","portfolio_2026-09-15.csv","bothe_1","bothe_1__g5",17,"W_exp",284,-1
"snwy0w01","M_exp_W_exp","portfolio_2026-09-15.csv","bothe_1","bothe_1__g5",17,"W_exp",286,1
"yaickank","M_exp_W_exp","portfolio_2026-09-15.csv","bothe_1","bothe_1__g5",17,"W_exp",287,1
"fwrj2jat","M_exp_W_exp","portfolio_2026-09-15.csv","bothe_1","bothe_1__g1",18,"M_exp",115,-1
"0vigghqi","M_exp_W_exp","portfolio_2026-09-15.csv","bothe_1","bothe_1__g1",18,"M_exp",205,1
"xu6xugdp","M_exp_W_exp","portfolio_2026-09-15.csv","bothe_1","bothe_1__g1",18,"M_exp",250,1
"9nn00jux","M_exp_W_exp","portfolio_2026-09-15.csv","bothe_1","bothe_1__g1",18,"M_exp",155,-1
"d8azp69w","M_exp_W_exp","portfolio_2026-09-15.csv","bothe_1","bothe_1__g1",18,"M_exp",200,0
"g5ct4rg0","M_exp_W_exp","portfolio_2026-09-15.csv","bothe_1","bothe_1__g2",18,"M_exp",310,1
"utr109q6","M_exp_W_exp","portfolio_2026-09-15.csv","bothe_1","bothe_1__g2",18,"M_exp",300,0
"uza1lz8f","M_exp_W_exp","portfolio_2026-09-15.csv","bothe_1","bothe_1__g2",18,"M_exp",200,-1
"3z6ed32t","M_exp_W_exp","portfolio_2026-09-15.csv","bothe_1","bothe_1__g2",18,"M_exp",301,1
"pzsakpjx","M_exp_W_exp","portfolio_2026-09-15.csv","bothe_1","bothe_1__g2",18,"M_exp",290,-1
"h4hoh39u","M_exp_W_exp","portfolio_2026-09-15.csv","bothe_1","bothe_1__g3",18,"M_exp",165,-1
"jzoxfyc2","M_exp_W_exp","portfolio_2026-09-15.csv","bothe_1","bothe_1__g3",18,"M_exp",300,1
"dqn940v4","M_exp_W_exp","portfolio_2026-09-15.csv","bothe_1","bothe_1__g3",18,"M_exp",190,1
"5l1yk0gm","M_exp_W_exp","portfolio_2026-09-15.csv","bothe_1","bothe_1__g3",18,"M_exp",100,-1
"3fdg4ref","M_exp_W_exp","portfolio_2026-09-15.csv","bothe_1","bothe_1__g3",18,"M_exp",180,0
"iliayit3","M_exp_W_exp","portfolio_2026-09-15.csv","bothe_1","bothe_1__g4",18,"W_exp",270,-1
"hpzf5xgg","M_exp_W_exp","portfolio_2026-09-15.csv","bothe_1","bothe_1__g4",18,"W_exp",300,1
"3th28718","M_exp_W_exp","portfolio_2026-09-15.csv","bothe_1","bothe_1__g4",18,"W_exp",275,-1
"hh695q6a","M_exp_W_exp","portfolio_2026-09-15.csv","bothe_1","bothe_1__g4",18,"W_exp",275,0
"2w7wmunp","M_exp_W_exp","portfolio_2026-09-15.csv","bothe_1","bothe_1__g4",18,"W_exp",297,1
"2fon3kdf","M_exp_W_exp","portfolio_2026-09-15.csv","bothe_1","bothe_1__g5",18,"W_exp",280,-1
"0vm37wcl","M_exp_W_exp","portfolio_2026-09-15.csv","bothe_1","bothe_1__g5",18,"W_exp",285,0
"9902h2kd","M_exp_W_exp","portfolio_2026-09-15.csv","bothe_1","bothe_1__g5",18,"W_exp",284,-1
"snwy0w01","M_exp_W_exp","portfolio_2026-09-15.csv","bothe_1","bothe_1__g5",18,"W_exp",286,1
"yaickank","M_exp_W_exp","portfolio_2026-09-15.csv","bothe_1","bothe_1__g5",18,"W_exp",287,1
"fwrj2jat","M_exp_W_exp","portfolio_2026-09-15.csv","bothe_1","bothe_1__g1",19,"M_exp",115,-1
"0vigghqi","M_exp_W_exp","portfolio_2026-09-15.csv","bothe_1","bothe_1__g1",19,"M_exp",208,0
"xu6xugdp","M_exp_W_exp","portfolio_2026-09-15.csv","bothe_1","bothe_1__g1",19,"M_exp",250,1
"9nn00jux","M_exp_W_exp","portfolio_2026-09-15.csv","bothe_1","bothe_1__g1",19,"M_exp",155,-1
"d8azp69w","M_exp_W_exp","portfolio_2026-09-15.csv","bothe_1","bothe_1__g1",19,"M_exp",230,1
"g5ct4rg0","M_exp_W_exp","portfolio_2026-09-15.csv","bothe_1","bothe_1__g2",19,"M_exp",26,-1
"utr109q6","M_exp_W_exp","portfolio_2026-09-15.csv","bothe_1","bothe_1__g2",19,"M_exp",300,1
"uza1lz8f","M_exp_W_exp","portfolio_2026-09-15.csv","bothe_1","bothe_1__g2",19,"M_exp",300,0
"3z6ed32t","M_exp_W_exp","portfolio_2026-09-15.csv","bothe_1","bothe_1__g2",19,"M_exp",301,1
"pzsakpjx","M_exp_W_exp","portfolio_2026-09-15.csv","bothe_1","bothe_1__g2",19,"M_exp",290,-1
"h4hoh39u","M_exp_W_exp","portfolio_2026-09-15.csv","bothe_1","bothe_1__g3",19,"M_exp",170,-1
"jzoxfyc2","M_exp_W_exp","portfolio_2026-09-15.csv","bothe_1","bothe_1__g3",19,"M_exp",300,1
"dqn940v4","M_exp_W_exp","portfolio_2026-09-15.csv","bothe_1","bothe_1__g3",19,"M_exp",190,0
"5l1yk0gm","M_exp_W_exp","portfolio_2026-09-15.csv","bothe_1","bothe_1__g3",19,"M_exp",150,-1
"3fdg4ref","M_exp_W_exp","portfolio_2026-09-15.csv","bothe_1","bothe_1__g3",19,"M_exp",196,1
"iliayit3","M_exp_W_exp","portfolio_2026-09-15.csv","bothe_1","bothe_1__g4",19,"W_exp",270,0
"hpzf5xgg","M_exp_W_exp","portfolio_2026-09-15.csv","bothe_1","bothe_1__g4",19,"W_exp",300,1
"3th28718","M_exp_W_exp","portfolio_2026-09-15.csv","bothe_1","bothe_1__g4",19,"W_exp",270,-1
"hh695q6a","M_exp_W_exp","portfolio_2026-09-15.csv","bothe_1","bothe_1__g4",19,"W_exp",275,1
"2w7wmunp","M_exp_W_exp","portfolio_2026-09-15.csv","bothe_1","bothe_1__g4",19,"W_exp",267,-1
"2fon3kdf","M_exp_W_exp","portfolio_2026-09-15.csv","bothe_1","bothe_1__g5",19,"W_exp",281,-1
"0vm37wcl","M_exp_W_exp","portfolio_2026-09-15.csv","bothe_1","bothe_1__g5",19,"W_exp",285,0
"9902h2kd","M_exp_W_exp","portfolio_2026-09-15.csv","bothe_1","bothe_1__g5",19,"W_exp",286,1
"snwy0w01","M_exp_W_exp","portfolio_2026-09-15.csv","bothe_1","bothe_1__g5",19,"W_exp",285,-1
"yaickank","M_exp_W_exp","portfolio_2026-09-15.csv","bothe_1","bothe_1__g5",19,"W_exp",287,1
"fwrj2jat","M_exp_W_exp","portfolio_2026-09-15.csv","bothe_1","bothe_1__g1",20,"M_exp",115,-1
"0vigghqi","M_exp_W_exp","portfolio_2026-09-15.csv","bothe_1","bothe_1__g1",20,"M_exp",190,0
"xu6xugdp","M_exp_W_exp","portfolio_2026-09-15.csv","bothe_1","bothe_1__g1",20,"M_exp",225,1
"9nn00jux","M_exp_W_exp","portfolio_2026-09-15.csv","bothe_1","bothe_1__g1",20,"M_exp",155,-1
"d8azp69w","M_exp_W_exp","portfolio_2026-09-15.csv","bothe_1","bothe_1__g1",20,"M_exp",200,1
"g5ct4rg0","M_exp_W_exp","portfolio_2026-09-15.csv","bothe_1","bothe_1__g2",20,"M_exp",500,1
"utr109q6","M_exp_W_exp","portfolio_2026-09-15.csv","bothe_1","bothe_1__g2",20,"M_exp",300,0
"uza1lz8f","M_exp_W_exp","portfolio_2026-09-15.csv","bothe_1","bothe_1__g2",20,"M_exp",294,-1
"3z6ed32t","M_exp_W_exp","portfolio_2026-09-15.csv","bothe_1","bothe_1__g2",20,"M_exp",301,1
"pzsakpjx","M_exp_W_exp","portfolio_2026-09-15.csv","bothe_1","bothe_1__g2",20,"M_exp",290,-1
"h4hoh39u","M_exp_W_exp","portfolio_2026-09-15.csv","bothe_1","bothe_1__g3",20,"M_exp",180,-1
"jzoxfyc2","M_exp_W_exp","portfolio_2026-09-15.csv","bothe_1","bothe_1__g3",20,"M_exp",300,1
"dqn940v4","M_exp_W_exp","portfolio_2026-09-15.csv","bothe_1","bothe_1__g3",20,"M_exp",200,1
"5l1yk0gm","M_exp_W_exp","portfolio_2026-09-15.csv","bothe_1","bothe_1__g3",20,"M_exp",190,-1
"3fdg4ref","M_exp_W_exp","portfolio_2026-09-15.csv","bothe_1","bothe_1__g3",20,"M_exp",194,0
"iliayit3","M_exp_W_exp","portfolio_2026-09-15.csv","bothe_1","bothe_1__g4",20,"W_exp",270,0
"hpzf5xgg","M_exp_W_exp","portfolio_2026-09-15.csv","bothe_1","bothe_1__g4",20,"W_exp",300,1
"3th28718","M_exp_W_exp","portfolio_2026-09-15.csv","bothe_1","bothe_1__g4",20,"W_exp",260,-1
"hh695q6a","M_exp_W_exp","portfolio_2026-09-15.csv","bothe_1","bothe_1__g4",20,"W_exp",265,-1
"2w7wmunp","M_exp_W_exp","portfolio_2026-09-15.csv","bothe_1","bothe_1__g4",20,"W_exp",275,1
"2fon3kdf","M_exp_W_exp","portfolio_2026-09-15.csv","bothe_1","bothe_1__g5",20,"W_exp",281,-1
"0vm37wcl","M_exp_W_exp","portfolio_2026-09-15.csv","bothe_1","bothe_1__g5",20,"W_exp",285,-1
"9902h2kd","M_exp_W_exp","portfolio_2026-09-15.csv","bothe_1","bothe_1__g5",20,"W_exp",286,1
"snwy0w01","M_exp_W_exp","portfolio_2026-09-15.csv","bothe_1","bothe_1__g5",20,"W_exp",286,0
"yaickank","M_exp_W_exp","portfolio_2026-09-15.csv","bothe_1","bothe_1__g5",20,"W_exp",287,1
"qvfebldb","M_exp_W_exp","portfolio_2026-09-16.csv","bothe_2","bothe_2__g1",11,"M_exp",350,1
"vbjq2y24","M_exp_W_exp","portfolio_2026-09-16.csv","bothe_2","bothe_2__g1",11,"M_exp",140,-1
"fjbh3h2b","M_exp_W_exp","portfolio_2026-09-16.csv","bothe_2","bothe_2__g1",11,"M_exp",150,-1
"j0v5am99","M_exp_W_exp","portfolio_2026-09-16.csv","bothe_2","bothe_2__g1",11,"M_exp",300,0
"wz4uvd97","M_exp_W_exp","portfolio_2026-09-16.csv","bothe_2","bothe_2__g1",11,"M_exp",300,1
"bw46f79x","M_exp_W_exp","portfolio_2026-09-16.csv","bothe_2","bothe_2__g2",11,"M_exp",175,-1
"42qlc5nb","M_exp_W_exp","portfolio_2026-09-16.csv","bothe_2","bothe_2__g2",11,"M_exp",200,1
"jw6ngkbn","M_exp_W_exp","portfolio_2026-09-16.csv","bothe_2","bothe_2__g2",11,"M_exp",140,-1
"booloaq9","M_exp_W_exp","portfolio_2026-09-16.csv","bothe_2","bothe_2__g2",11,"M_exp",180,0
"2pc7nfit","M_exp_W_exp","portfolio_2026-09-16.csv","bothe_2","bothe_2__g2",11,"M_exp",300,1
"t7rx3zw3","M_exp_W_exp","portfolio_2026-09-16.csv","bothe_2","bothe_2__g3",11,"M_exp",100,-1
"p48n4bh0","M_exp_W_exp","portfolio_2026-09-16.csv","bothe_2","bothe_2__g3",11,"M_exp",350,1
"folcs8ow","M_exp_W_exp","portfolio_2026-09-16.csv","bothe_2","bothe_2__g3",11,"M_exp",148,0
"cfp8kvc9","M_exp_W_exp","portfolio_2026-09-16.csv","bothe_2","bothe_2__g3",11,"M_exp",200,1
"tt26hkpl","M_exp_W_exp","portfolio_2026-09-16.csv","bothe_2","bothe_2__g3",11,"M_exp",141,-1
"jfy8jxqv","M_exp_W_exp","portfolio_2026-09-16.csv","bothe_2","bothe_2__g4",11,"W_exp",100,-1
"eveqm1ww","M_exp_W_exp","portfolio_2026-09-16.csv","bothe_2","bothe_2__g4",11,"W_exp",145,1
"1dtln5rg","M_exp_W_exp","portfolio_2026-09-16.csv","bothe_2","bothe_2__g4",11,"W_exp",125,1
"5ltpvdck","M_exp_W_exp","portfolio_2026-09-16.csv","bothe_2","bothe_2__g4",11,"W_exp",125,-1
"ic1ocjv5","M_exp_W_exp","portfolio_2026-09-16.csv","bothe_2","bothe_2__g4",11,"W_exp",125,0
"zd9eakrm","M_exp_W_exp","portfolio_2026-09-16.csv","bothe_2","bothe_2__g5",11,"M_exp",120,-1
"8tpz5m2a","M_exp_W_exp","portfolio_2026-09-16.csv","bothe_2","bothe_2__g5",11,"M_exp",150,1
"wfmdx2nb","M_exp_W_exp","portfolio_2026-09-16.csv","bothe_2","bothe_2__g5",11,"M_exp",125,0
"y40upi5t","M_exp_W_exp","portfolio_2026-09-16.csv","bothe_2","bothe_2__g5",11,"M_exp",300,1
"s6nkestj","M_exp_W_exp","portfolio_2026-09-16.csv","bothe_2","bothe_2__g5",11,"M_exp",100,-1
"qvfebldb","M_exp_W_exp","portfolio_2026-09-16.csv","bothe_2","bothe_2__g1",12,"M_exp",247,-1
"vbjq2y24","M_exp_W_exp","portfolio_2026-09-16.csv","bothe_2","bothe_2__g1",12,"M_exp",250,-1
"fjbh3h2b","M_exp_W_exp","portfolio_2026-09-16.csv","bothe_2","bothe_2__g1",12,"M_exp",300,1
"j0v5am99","M_exp_W_exp","portfolio_2026-09-16.csv","bothe_2","bothe_2__g1",12,"M_exp",310,1
"wz4uvd97","M_exp_W_exp","portfolio_2026-09-16.csv","bothe_2","bothe_2__g1",12,"M_exp",300,0
"bw46f79x","M_exp_W_exp","portfolio_2026-09-16.csv","bothe_2","bothe_2__g2",12,"M_exp",150,-1
"42qlc5nb","M_exp_W_exp","portfolio_2026-09-16.csv","bothe_2","bothe_2__g2",12,"M_exp",150,0
"jw6ngkbn","M_exp_W_exp","portfolio_2026-09-16.csv","bothe_2","bothe_2__g2",12,"M_exp",150,-1
"booloaq9","M_exp_W_exp","portfolio_2026-09-16.csv","bothe_2","bothe_2__g2",12,"M_exp",190,1
"2pc7nfit","M_exp_W_exp","portfolio_2026-09-16.csv","bothe_2","bothe_2__g2",12,"M_exp",200,1
"t7rx3zw3","M_exp_W_exp","portfolio_2026-09-16.csv","bothe_2","bothe_2__g3",12,"M_exp",50,-1
"p48n4bh0","M_exp_W_exp","portfolio_2026-09-16.csv","bothe_2","bothe_2__g3",12,"M_exp",100,-1
"folcs8ow","M_exp_W_exp","portfolio_2026-09-16.csv","bothe_2","bothe_2__g3",12,"M_exp",148,0
"cfp8kvc9","M_exp_W_exp","portfolio_2026-09-16.csv","bothe_2","bothe_2__g3",12,"M_exp",200,1
"tt26hkpl","M_exp_W_exp","portfolio_2026-09-16.csv","bothe_2","bothe_2__g3",12,"M_exp",160,1
"jfy8jxqv","M_exp_W_exp","portfolio_2026-09-16.csv","bothe_2","bothe_2__g4",12,"W_exp",120,-1
"eveqm1ww","M_exp_W_exp","portfolio_2026-09-16.csv","bothe_2","bothe_2__g4",12,"W_exp",130,1
"1dtln5rg","M_exp_W_exp","portfolio_2026-09-16.csv","bothe_2","bothe_2__g4",12,"W_exp",125,1
"5ltpvdck","M_exp_W_exp","portfolio_2026-09-16.csv","bothe_2","bothe_2__g4",12,"W_exp",120,-1
"ic1ocjv5","M_exp_W_exp","portfolio_2026-09-16.csv","bothe_2","bothe_2__g4",12,"W_exp",125,0
"zd9eakrm","M_exp_W_exp","portfolio_2026-09-16.csv","bothe_2","bothe_2__g5",12,"M_exp",120,-1
"8tpz5m2a","M_exp_W_exp","portfolio_2026-09-16.csv","bothe_2","bothe_2__g5",12,"M_exp",121,-1
"wfmdx2nb","M_exp_W_exp","portfolio_2026-09-16.csv","bothe_2","bothe_2__g5",12,"M_exp",125,0
"y40upi5t","M_exp_W_exp","portfolio_2026-09-16.csv","bothe_2","bothe_2__g5",12,"M_exp",300,1
"s6nkestj","M_exp_W_exp","portfolio_2026-09-16.csv","bothe_2","bothe_2__g5",12,"M_exp",125,1
"qvfebldb","M_exp_W_exp","portfolio_2026-09-16.csv","bothe_2","bothe_2__g1",13,"M_exp",247,-1
"vbjq2y24","M_exp_W_exp","portfolio_2026-09-16.csv","bothe_2","bothe_2__g1",13,"M_exp",200,-1
"fjbh3h2b","M_exp_W_exp","portfolio_2026-09-16.csv","bothe_2","bothe_2__g1",13,"M_exp",285,1
"j0v5am99","M_exp_W_exp","portfolio_2026-09-16.csv","bothe_2","bothe_2__g1",13,"M_exp",280,0
"wz4uvd97","M_exp_W_exp","portfolio_2026-09-16.csv","bothe_2","bothe_2__g1",13,"M_exp",300,1
"bw46f79x","M_exp_W_exp","portfolio_2026-09-16.csv","bothe_2","bothe_2__g2",13,"M_exp",200,1
"42qlc5nb","M_exp_W_exp","portfolio_2026-09-16.csv","bothe_2","bothe_2__g2",13,"M_exp",120,-1
"jw6ngkbn","M_exp_W_exp","portfolio_2026-09-16.csv","bothe_2","bothe_2__g2",13,"M_exp",140,-1
"booloaq9","M_exp_W_exp","portfolio_2026-09-16.csv","bothe_2","bothe_2__g2",13,"M_exp",175,0
"2pc7nfit","M_exp_W_exp","portfolio_2026-09-16.csv","bothe_2","bothe_2__g2",13,"M_exp",400,1
"t7rx3zw3","M_exp_W_exp","portfolio_2026-09-16.csv","bothe_2","bothe_2__g3",13,"M_exp",50,-1
"p48n4bh0","M_exp_W_exp","portfolio_2026-09-16.csv","bothe_2","bothe_2__g3",13,"M_exp",100,-1
"folcs8ow","M_exp_W_exp","portfolio_2026-09-16.csv","bothe_2","bothe_2__g3",13,"M_exp",148,0
"cfp8kvc9","M_exp_W_exp","portfolio_2026-09-16.csv","bothe_2","bothe_2__g3",13,"M_exp",200,1
"tt26hkpl","M_exp_W_exp","portfolio_2026-09-16.csv","bothe_2","bothe_2__g3",13,"M_exp",160,1
"jfy8jxqv","M_exp_W_exp","portfolio_2026-09-16.csv","bothe_2","bothe_2__g4",13,"W_exp",120,-1
"eveqm1ww","M_exp_W_exp","portfolio_2026-09-16.csv","bothe_2","bothe_2__g4",13,"W_exp",135,1
"1dtln5rg","M_exp_W_exp","portfolio_2026-09-16.csv","bothe_2","bothe_2__g4",13,"W_exp",125,-1
"5ltpvdck","M_exp_W_exp","portfolio_2026-09-16.csv","bothe_2","bothe_2__g4",13,"W_exp",126,1
"ic1ocjv5","M_exp_W_exp","portfolio_2026-09-16.csv","bothe_2","bothe_2__g4",13,"W_exp",125,0
"zd9eakrm","M_exp_W_exp","portfolio_2026-09-16.csv","bothe_2","bothe_2__g5",13,"M_exp",120,-1
"8tpz5m2a","M_exp_W_exp","portfolio_2026-09-16.csv","bothe_2","bothe_2__g5",13,"M_exp",124,-1
"wfmdx2nb","M_exp_W_exp","portfolio_2026-09-16.csv","bothe_2","bothe_2__g5",13,"M_exp",125,0
"y40upi5t","M_exp_W_exp","portfolio_2026-09-16.csv","bothe_2","bothe_2__g5",13,"M_exp",300,1
"s6nkestj","M_exp_W_exp","portfolio_2026-09-16.csv","bothe_2","bothe_2__g5",13,"M_exp",126,1
"qvfebldb","M_exp_W_exp","portfolio_2026-09-16.csv","bothe_2","bothe_2__g1",14,"M_exp",300,1
"vbjq2y24","M_exp_W_exp","portfolio_2026-09-16.csv","bothe_2","bothe_2__g1",14,"M_exp",200,-1
"fjbh3h2b","M_exp_W_exp","portfolio_2026-09-16.csv","bothe_2","bothe_2__g1",14,"M_exp",250,-1
"j0v5am99","M_exp_W_exp","portfolio_2026-09-16.csv","bothe_2","bothe_2__g1",14,"M_exp",260,0
"wz4uvd97","M_exp_W_exp","portfolio_2026-09-16.csv","bothe_2","bothe_2__g1",14,"M_exp",275,1
"bw46f79x","M_exp_W_exp","portfolio_2026-09-16.csv","bothe_2","bothe_2__g2",14,"M_exp",210,0
"42qlc5nb","M_exp_W_exp","portfolio_2026-09-16.csv","bothe_2","bothe_2__g2",14,"M_exp",140,-1
"jw6ngkbn","M_exp_W_exp","portfolio_2026-09-16.csv","bothe_2","bothe_2__g2",14,"M_exp",150,-1
"booloaq9","M_exp_W_exp","portfolio_2026-09-16.csv","bothe_2","bothe_2__g2",14,"M_exp",225,1
"2pc7nfit","M_exp_W_exp","portfolio_2026-09-16.csv","bothe_2","bothe_2__g2",14,"M_exp",250,1
"t7rx3zw3","M_exp_W_exp","portfolio_2026-09-16.csv","bothe_2","bothe_2__g3",14,"M_exp",50,-1
"p48n4bh0","M_exp_W_exp","portfolio_2026-09-16.csv","bothe_2","bothe_2__g3",14,"M_exp",100,-1
"folcs8ow","M_exp_W_exp","portfolio_2026-09-16.csv","bothe_2","bothe_2__g3",14,"M_exp",145,0
"cfp8kvc9","M_exp_W_exp","portfolio_2026-09-16.csv","bothe_2","bothe_2__g3",14,"M_exp",150,1
"tt26hkpl","M_exp_W_exp","portfolio_2026-09-16.csv","bothe_2","bothe_2__g3",14,"M_exp",150,1
"jfy8jxqv","M_exp_W_exp","portfolio_2026-09-16.csv","bothe_2","bothe_2__g4",14,"W_exp",124,-1
"eveqm1ww","M_exp_W_exp","portfolio_2026-09-16.csv","bothe_2","bothe_2__g4",14,"W_exp",135,1
"1dtln5rg","M_exp_W_exp","portfolio_2026-09-16.csv","bothe_2","bothe_2__g4",14,"W_exp",125,0
"5ltpvdck","M_exp_W_exp","portfolio_2026-09-16.csv","bothe_2","bothe_2__g4",14,"W_exp",125,1
"ic1ocjv5","M_exp_W_exp","portfolio_2026-09-16.csv","bothe_2","bothe_2__g4",14,"W_exp",125,-1
"zd9eakrm","M_exp_W_exp","portfolio_2026-09-16.csv","bothe_2","bothe_2__g5",14,"M_exp",120,-1
"8tpz5m2a","M_exp_W_exp","portfolio_2026-09-16.csv","bothe_2","bothe_2__g5",14,"M_exp",121,-1
"wfmdx2nb","M_exp_W_exp","portfolio_2026-09-16.csv","bothe_2","bothe_2__g5",14,"M_exp",123,0
"y40upi5t","M_exp_W_exp","portfolio_2026-09-16.csv","bothe_2","bothe_2__g5",14,"M_exp",150,1
"s6nkestj","M_exp_W_exp","portfolio_2026-09-16.csv","bothe_2","bothe_2__g5",14,"M_exp",126,1
"qvfebldb","M_exp_W_exp","portfolio_2026-09-16.csv","bothe_2","bothe_2__g1",15,"M_exp",300,1
"vbjq2y24","M_exp_W_exp","portfolio_2026-09-16.csv","bothe_2","bothe_2__g1",15,"M_exp",178,-1
"fjbh3h2b","M_exp_W_exp","portfolio_2026-09-16.csv","bothe_2","bothe_2__g1",15,"M_exp",240,0
"j0v5am99","M_exp_W_exp","portfolio_2026-09-16.csv","bothe_2","bothe_2__g1",15,"M_exp",230,-1
"wz4uvd97","M_exp_W_exp","portfolio_2026-09-16.csv","bothe_2","bothe_2__g1",15,"M_exp",260,1
"bw46f79x","M_exp_W_exp","portfolio_2026-09-16.csv","bothe_2","bothe_2__g2",15,"M_exp",10,-1
"42qlc5nb","M_exp_W_exp","portfolio_2026-09-16.csv","bothe_2","bothe_2__g2",15,"M_exp",200,0
"jw6ngkbn","M_exp_W_exp","portfolio_2026-09-16.csv","bothe_2","bothe_2__g2",15,"M_exp",170,-1
"booloaq9","M_exp_W_exp","portfolio_2026-09-16.csv","bothe_2","bothe_2__g2",15,"M_exp",211,1
"2pc7nfit","M_exp_W_exp","portfolio_2026-09-16.csv","bothe_2","bothe_2__g2",15,"M_exp",220,1
"t7rx3zw3","M_exp_W_exp","portfolio_2026-09-16.csv","bothe_2","bothe_2__g3",15,"M_exp",50,-1
"p48n4bh0","M_exp_W_exp","portfolio_2026-09-16.csv","bothe_2","bothe_2__g3",15,"M_exp",140,-1
"folcs8ow","M_exp_W_exp","portfolio_2026-09-16.csv","bothe_2","bothe_2__g3",15,"M_exp",150,1
"cfp8kvc9","M_exp_W_exp","portfolio_2026-09-16.csv","bothe_2","bothe_2__g3",15,"M_exp",150,0
"tt26hkpl","M_exp_W_exp","portfolio_2026-09-16.csv","bothe_2","bothe_2__g3",15,"M_exp",150,1
"jfy8jxqv","M_exp_W_exp","portfolio_2026-09-16.csv","bothe_2","bothe_2__g4",15,"W_exp",124,-1
"eveqm1ww","M_exp_W_exp","portfolio_2026-09-16.csv","bothe_2","bothe_2__g4",15,"W_exp",130,1
"1dtln5rg","M_exp_W_exp","portfolio_2026-09-16.csv","bothe_2","bothe_2__g4",15,"W_exp",125,0
"5ltpvdck","M_exp_W_exp","portfolio_2026-09-16.csv","bothe_2","bothe_2__g4",15,"W_exp",125,1
"ic1ocjv5","M_exp_W_exp","portfolio_2026-09-16.csv","bothe_2","bothe_2__g4",15,"W_exp",125,-1
"zd9eakrm","M_exp_W_exp","portfolio_2026-09-16.csv","bothe_2","bothe_2__g5",15,"M_exp",120,-1
"8tpz5m2a","M_exp_W_exp","portfolio_2026-09-16.csv","bothe_2","bothe_2__g5",15,"M_exp",121,0
"wfmdx2nb","M_exp_W_exp","portfolio_2026-09-16.csv","bothe_2","bothe_2__g5",15,"M_exp",198,1
"y40upi5t","M_exp_W_exp","portfolio_2026-09-16.csv","bothe_2","bothe_2__g5",15,"M_exp",120,-1
"s6nkestj","M_exp_W_exp","portfolio_2026-09-16.csv","bothe_2","bothe_2__g5",15,"M_exp",125,1
"qvfebldb","M_exp_W_exp","portfolio_2026-09-16.csv","bothe_2","bothe_2__g1",16,"M_exp",290,1
"vbjq2y24","M_exp_W_exp","portfolio_2026-09-16.csv","bothe_2","bothe_2__g1",16,"M_exp",170,-1
"fjbh3h2b","M_exp_W_exp","portfolio_2026-09-16.csv","bothe_2","bothe_2__g1",16,"M_exp",225,0
"j0v5am99","M_exp_W_exp","portfolio_2026-09-16.csv","bothe_2","bothe_2__g1",16,"M_exp",230,1
"wz4uvd97","M_exp_W_exp","portfolio_2026-09-16.csv","bothe_2","bothe_2__g1",16,"M_exp",200,-1
"bw46f79x","M_exp_W_exp","portfolio_2026-09-16.csv","bothe_2","bothe_2__g2",16,"M_exp",234,1
"42qlc5nb","M_exp_W_exp","portfolio_2026-09-16.csv","bothe_2","bothe_2__g2",16,"M_exp",160,-1
"jw6ngkbn","M_exp_W_exp","portfolio_2026-09-16.csv","bothe_2","bothe_2__g2",16,"M_exp",170,-1
"booloaq9","M_exp_W_exp","portfolio_2026-09-16.csv","bothe_2","bothe_2__g2",16,"M_exp",200,1
"2pc7nfit","M_exp_W_exp","portfolio_2026-09-16.csv","bothe_2","bothe_2__g2",16,"M_exp",180,0
"t7rx3zw3","M_exp_W_exp","portfolio_2026-09-16.csv","bothe_2","bothe_2__g3",16,"M_exp",50,-1
"p48n4bh0","M_exp_W_exp","portfolio_2026-09-16.csv","bothe_2","bothe_2__g3",16,"M_exp",150,0
"folcs8ow","M_exp_W_exp","portfolio_2026-09-16.csv","bothe_2","bothe_2__g3",16,"M_exp",148,-1
"cfp8kvc9","M_exp_W_exp","portfolio_2026-09-16.csv","bothe_2","bothe_2__g3",16,"M_exp",160,1
"tt26hkpl","M_exp_W_exp","portfolio_2026-09-16.csv","bothe_2","bothe_2__g3",16,"M_exp",150,1
"jfy8jxqv","M_exp_W_exp","portfolio_2026-09-16.csv","bothe_2","bothe_2__g4",16,"W_exp",124,-1
"eveqm1ww","M_exp_W_exp","portfolio_2026-09-16.csv","bothe_2","bothe_2__g4",16,"W_exp",126,1
"1dtln5rg","M_exp_W_exp","portfolio_2026-09-16.csv","bothe_2","bothe_2__g4",16,"W_exp",125,0
"5ltpvdck","M_exp_W_exp","portfolio_2026-09-16.csv","bothe_2","bothe_2__g4",16,"W_exp",125,-1
"ic1ocjv5","M_exp_W_exp","portfolio_2026-09-16.csv","bothe_2","bothe_2__g4",16,"W_exp",125,1
"zd9eakrm","M_exp_W_exp","portfolio_2026-09-16.csv","bothe_2","bothe_2__g5",16,"M_exp",120,-1
"8tpz5m2a","M_exp_W_exp","portfolio_2026-09-16.csv","bothe_2","bothe_2__g5",16,"M_exp",120,0
"wfmdx2nb","M_exp_W_exp","portfolio_2026-09-16.csv","bothe_2","bothe_2__g5",16,"M_exp",125,1
"y40upi5t","M_exp_W_exp","portfolio_2026-09-16.csv","bothe_2","bothe_2__g5",16,"M_exp",120,1
"s6nkestj","M_exp_W_exp","portfolio_2026-09-16.csv","bothe_2","bothe_2__g5",16,"M_exp",120,-1
"qvfebldb","M_exp_W_exp","portfolio_2026-09-16.csv","bothe_2","bothe_2__g1",17,"M_exp",280,1
"vbjq2y24","M_exp_W_exp","portfolio_2026-09-16.csv","bothe_2","bothe_2__g1",17,"M_exp",180,-1
"fjbh3h2b","M_exp_W_exp","portfolio_2026-09-16.csv","bothe_2","bothe_2__g1",17,"M_exp",205,0
"j0v5am99","M_exp_W_exp","portfolio_2026-09-16.csv","bothe_2","bothe_2__g1",17,"M_exp",215,1
"wz4uvd97","M_exp_W_exp","portfolio_2026-09-16.csv","bothe_2","bothe_2__g1",17,"M_exp",200,-1
"bw46f79x","M_exp_W_exp","portfolio_2026-09-16.csv","bothe_2","bothe_2__g2",17,"M_exp",1,-1
"42qlc5nb","M_exp_W_exp","portfolio_2026-09-16.csv","bothe_2","bothe_2__g2",17,"M_exp",160,0
"jw6ngkbn","M_exp_W_exp","portfolio_2026-09-16.csv","bothe_2","bothe_2__g2",17,"M_exp",155,-1
"booloaq9","M_exp_W_exp","portfolio_2026-09-16.csv","bothe_2","bothe_2__g2",17,"M_exp",200,1
"2pc7nfit","M_exp_W_exp","portfolio_2026-09-16.csv","bothe_2","bothe_2__g2",17,"M_exp",170,1
"t7rx3zw3","M_exp_W_exp","portfolio_2026-09-16.csv","bothe_2","bothe_2__g3",17,"M_exp",50,-1
"p48n4bh0","M_exp_W_exp","portfolio_2026-09-16.csv","bothe_2","bothe_2__g3",17,"M_exp",155,1
"folcs8ow","M_exp_W_exp","portfolio_2026-09-16.csv","bothe_2","bothe_2__g3",17,"M_exp",151,0
"cfp8kvc9","M_exp_W_exp","portfolio_2026-09-16.csv","bothe_2","bothe_2__g3",17,"M_exp",180,1
"tt26hkpl","M_exp_W_exp","portfolio_2026-09-16.csv","bothe_2","bothe_2__g3",17,"M_exp",151,-1
"jfy8jxqv","M_exp_W_exp","portfolio_2026-09-16.csv","bothe_2","bothe_2__g4",17,"W_exp",124,-1
"eveqm1ww","M_exp_W_exp","portfolio_2026-09-16.csv","bothe_2","bothe_2__g4",17,"W_exp",126,1
"1dtln5rg","M_exp_W_exp","portfolio_2026-09-16.csv","bothe_2","bothe_2__g4",17,"W_exp",125,-1
"5ltpvdck","M_exp_W_exp","portfolio_2026-09-16.csv","bothe_2","bothe_2__g4",17,"W_exp",125,1
"ic1ocjv5","M_exp_W_exp","portfolio_2026-09-16.csv","bothe_2","bothe_2__g4",17,"W_exp",125,0
"zd9eakrm","M_exp_W_exp","portfolio_2026-09-16.csv","bothe_2","bothe_2__g5",17,"M_exp",120,1
"8tpz5m2a","M_exp_W_exp","portfolio_2026-09-16.csv","bothe_2","bothe_2__g5",17,"M_exp",115,-1
"wfmdx2nb","M_exp_W_exp","portfolio_2026-09-16.csv","bothe_2","bothe_2__g5",17,"M_exp",125,1
"y40upi5t","M_exp_W_exp","portfolio_2026-09-16.csv","bothe_2","bothe_2__g5",17,"M_exp",120,-1
"s6nkestj","M_exp_W_exp","portfolio_2026-09-16.csv","bothe_2","bothe_2__g5",17,"M_exp",120,0
"qvfebldb","M_exp_W_exp","portfolio_2026-09-16.csv","bothe_2","bothe_2__g1",18,"M_exp",260,1
"vbjq2y24","M_exp_W_exp","portfolio_2026-09-16.csv","bothe_2","bothe_2__g1",18,"M_exp",180,-1
"fjbh3h2b","M_exp_W_exp","portfolio_2026-09-16.csv","bothe_2","bothe_2__g1",18,"M_exp",185,0
"j0v5am99","M_exp_W_exp","portfolio_2026-09-16.csv","bothe_2","bothe_2__g1",18,"M_exp",180,-1
"wz4uvd97","M_exp_W_exp","portfolio_2026-09-16.csv","bothe_2","bothe_2__g1",18,"M_exp",200,1
"bw46f79x","M_exp_W_exp","portfolio_2026-09-16.csv","bothe_2","bothe_2__g2",18,"M_exp",200,1
"42qlc5nb","M_exp_W_exp","portfolio_2026-09-16.csv","bothe_2","bothe_2__g2",18,"M_exp",140,-1
"jw6ngkbn","M_exp_W_exp","portfolio_2026-09-16.csv","bothe_2","bothe_2__g2",18,"M_exp",140,-1
"booloaq9","M_exp_W_exp","portfolio_2026-09-16.csv","bothe_2","bothe_2__g2",18,"M_exp",160,1
"2pc7nfit","M_exp_W_exp","portfolio_2026-09-16.csv","bothe_2","bothe_2__g2",18,"M_exp",150,0
"t7rx3zw3","M_exp_W_exp","portfolio_2026-09-16.csv","bothe_2","bothe_2__g3",18,"M_exp",50,-1
"p48n4bh0","M_exp_W_exp","portfolio_2026-09-16.csv","bothe_2","bothe_2__g3",18,"M_exp",101,-1
"folcs8ow","M_exp_W_exp","portfolio_2026-09-16.csv","bothe_2","bothe_2__g3",18,"M_exp",147,0
"cfp8kvc9","M_exp_W_exp","portfolio_2026-09-16.csv","bothe_2","bothe_2__g3",18,"M_exp",160,1
"tt26hkpl","M_exp_W_exp","portfolio_2026-09-16.csv","bothe_2","bothe_2__g3",18,"M_exp",154,1
"jfy8jxqv","M_exp_W_exp","portfolio_2026-09-16.csv","bothe_2","bothe_2__g4",18,"W_exp",124,-1
"eveqm1ww","M_exp_W_exp","portfolio_2026-09-16.csv","bothe_2","bothe_2__g4",18,"W_exp",126,1
"1dtln5rg","M_exp_W_exp","portfolio_2026-09-16.csv","bothe_2","bothe_2__g4",18,"W_exp",125,0
"5ltpvdck","M_exp_W_exp","portfolio_2026-09-16.csv","bothe_2","bothe_2__g4",18,"W_exp",125,-1
"ic1ocjv5","M_exp_W_exp","portfolio_2026-09-16.csv","bothe_2","bothe_2__g4",18,"W_exp",125,1
"zd9eakrm","M_exp_W_exp","portfolio_2026-09-16.csv","bothe_2","bothe_2__g5",18,"M_exp",120,1
"8tpz5m2a","M_exp_W_exp","portfolio_2026-09-16.csv","bothe_2","bothe_2__g5",18,"M_exp",115,-1
"wfmdx2nb","M_exp_W_exp","portfolio_2026-09-16.csv","bothe_2","bothe_2__g5",18,"M_exp",118,-1
"y40upi5t","M_exp_W_exp","portfolio_2026-09-16.csv","bothe_2","bothe_2__g5",18,"M_exp",140,1
"s6nkestj","M_exp_W_exp","portfolio_2026-09-16.csv","bothe_2","bothe_2__g5",18,"M_exp",120,0
"qvfebldb","M_exp_W_exp","portfolio_2026-09-16.csv","bothe_2","bothe_2__g1",19,"M_exp",257,1
"vbjq2y24","M_exp_W_exp","portfolio_2026-09-16.csv","bothe_2","bothe_2__g1",19,"M_exp",200,1
"fjbh3h2b","M_exp_W_exp","portfolio_2026-09-16.csv","bothe_2","bothe_2__g1",19,"M_exp",175,-1
"j0v5am99","M_exp_W_exp","portfolio_2026-09-16.csv","bothe_2","bothe_2__g1",19,"M_exp",170,-1
"wz4uvd97","M_exp_W_exp","portfolio_2026-09-16.csv","bothe_2","bothe_2__g1",19,"M_exp",200,0
"bw46f79x","M_exp_W_exp","portfolio_2026-09-16.csv","bothe_2","bothe_2__g2",19,"M_exp",180,1
"42qlc5nb","M_exp_W_exp","portfolio_2026-09-16.csv","bothe_2","bothe_2__g2",19,"M_exp",140,0
"jw6ngkbn","M_exp_W_exp","portfolio_2026-09-16.csv","bothe_2","bothe_2__g2",19,"M_exp",130,-1
"booloaq9","M_exp_W_exp","portfolio_2026-09-16.csv","bothe_2","bothe_2__g2",19,"M_exp",100,-1
"2pc7nfit","M_exp_W_exp","portfolio_2026-09-16.csv","bothe_2","bothe_2__g2",19,"M_exp",148,1
"t7rx3zw3","M_exp_W_exp","portfolio_2026-09-16.csv","bothe_2","bothe_2__g3",19,"M_exp",50,-1
"p48n4bh0","M_exp_W_exp","portfolio_2026-09-16.csv","bothe_2","bothe_2__g3",19,"M_exp",100,-1
"folcs8ow","M_exp_W_exp","portfolio_2026-09-16.csv","bothe_2","bothe_2__g3",19,"M_exp",148,0
"cfp8kvc9","M_exp_W_exp","portfolio_2026-09-16.csv","bothe_2","bothe_2__g3",19,"M_exp",150,1
"tt26hkpl","M_exp_W_exp","portfolio_2026-09-16.csv","bothe_2","bothe_2__g3",19,"M_exp",151,1
"jfy8jxqv","M_exp_W_exp","portfolio_2026-09-16.csv","bothe_2","bothe_2__g4",19,"W_exp",124,-1
"eveqm1ww","M_exp_W_exp","portfolio_2026-09-16.csv","bothe_2","bothe_2__g4",19,"W_exp",126,1
"1dtln5rg","M_exp_W_exp","portfolio_2026-09-16.csv","bothe_2","bothe_2__g4",19,"W_exp",125,-1
"5ltpvdck","M_exp_W_exp","portfolio_2026-09-16.csv","bothe_2","bothe_2__g4",19,"W_exp",125,1
"ic1ocjv5","M_exp_W_exp","portfolio_2026-09-16.csv","bothe_2","bothe_2__g4",19,"W_exp",125,0
"zd9eakrm","M_exp_W_exp","portfolio_2026-09-16.csv","bothe_2","bothe_2__g5",19,"M_exp",120,0
"8tpz5m2a","M_exp_W_exp","portfolio_2026-09-16.csv","bothe_2","bothe_2__g5",19,"M_exp",114,-1
"wfmdx2nb","M_exp_W_exp","portfolio_2026-09-16.csv","bothe_2","bothe_2__g5",19,"M_exp",150,1
"y40upi5t","M_exp_W_exp","portfolio_2026-09-16.csv","bothe_2","bothe_2__g5",19,"M_exp",125,1
"s6nkestj","M_exp_W_exp","portfolio_2026-09-16.csv","bothe_2","bothe_2__g5",19,"M_exp",120,-1
"qvfebldb","M_exp_W_exp","portfolio_2026-09-16.csv","bothe_2","bothe_2__g1",20,"M_exp",251,1
"vbjq2y24","M_exp_W_exp","portfolio_2026-09-16.csv","bothe_2","bothe_2__g1",20,"M_exp",205,1
"fjbh3h2b","M_exp_W_exp","portfolio_2026-09-16.csv","bothe_2","bothe_2__g1",20,"M_exp",185,-1
"j0v5am99","M_exp_W_exp","portfolio_2026-09-16.csv","bothe_2","bothe_2__g1",20,"M_exp",205,0
"wz4uvd97","M_exp_W_exp","portfolio_2026-09-16.csv","bothe_2","bothe_2__g1",20,"M_exp",190,-1
"bw46f79x","M_exp_W_exp","portfolio_2026-09-16.csv","bothe_2","bothe_2__g2",20,"M_exp",1,-1
"42qlc5nb","M_exp_W_exp","portfolio_2026-09-16.csv","bothe_2","bothe_2__g2",20,"M_exp",100,0
"jw6ngkbn","M_exp_W_exp","portfolio_2026-09-16.csv","bothe_2","bothe_2__g2",20,"M_exp",120,1
"booloaq9","M_exp_W_exp","portfolio_2026-09-16.csv","bothe_2","bothe_2__g2",20,"M_exp",100,-1
"2pc7nfit","M_exp_W_exp","portfolio_2026-09-16.csv","bothe_2","bothe_2__g2",20,"M_exp",190,1
"t7rx3zw3","M_exp_W_exp","portfolio_2026-09-16.csv","bothe_2","bothe_2__g3",20,"M_exp",50,-1
"p48n4bh0","M_exp_W_exp","portfolio_2026-09-16.csv","bothe_2","bothe_2__g3",20,"M_exp",148,1
"folcs8ow","M_exp_W_exp","portfolio_2026-09-16.csv","bothe_2","bothe_2__g3",20,"M_exp",148,0
"cfp8kvc9","M_exp_W_exp","portfolio_2026-09-16.csv","bothe_2","bothe_2__g3",20,"M_exp",146,-1
"tt26hkpl","M_exp_W_exp","portfolio_2026-09-16.csv","bothe_2","bothe_2__g3",20,"M_exp",151,1
"jfy8jxqv","M_exp_W_exp","portfolio_2026-09-16.csv","bothe_2","bothe_2__g4",20,"W_exp",500,1
"eveqm1ww","M_exp_W_exp","portfolio_2026-09-16.csv","bothe_2","bothe_2__g4",20,"W_exp",130,1
"1dtln5rg","M_exp_W_exp","portfolio_2026-09-16.csv","bothe_2","bothe_2__g4",20,"W_exp",125,0
"5ltpvdck","M_exp_W_exp","portfolio_2026-09-16.csv","bothe_2","bothe_2__g4",20,"W_exp",125,-1
"ic1ocjv5","M_exp_W_exp","portfolio_2026-09-16.csv","bothe_2","bothe_2__g4",20,"W_exp",125,-1
"zd9eakrm","M_exp_W_exp","portfolio_2026-09-16.csv","bothe_2","bothe_2__g5",20,"M_exp",120,0
"8tpz5m2a","M_exp_W_exp","portfolio_2026-09-16.csv","bothe_2","bothe_2__g5",20,"M_exp",115,-1
"wfmdx2nb","M_exp_W_exp","portfolio_2026-09-16.csv","bothe_2","bothe_2__g5",20,"M_exp",200,1
"y40upi5t","M_exp_W_exp","portfolio_2026-09-16.csv","bothe_2","bothe_2__g5",20,"M_exp",123,1
"s6nkestj","M_exp_W_exp","portfolio_2026-09-16.csv","bothe_2","bothe_2__g5",20,"M_exp",120,-1
"msd1f2iu","M_no_W_no","portfolio_2026-09-16.csv","bothno_1","bothno_1__g1",11,"W_no",100,-1
"omrf04k4","M_no_W_no","portfolio_2026-09-16.csv","bothno_1","bothno_1__g1",11,"W_no",300,1
"duzxv1is","M_no_W_no","portfolio_2026-09-16.csv","bothno_1","bothno_1__g1",11,"W_no",99,-1
"znk2pevv","M_no_W_no","portfolio_2026-09-16.csv","bothno_1","bothno_1__g1",11,"W_no",110,0
"rv5b38em","M_no_W_no","portfolio_2026-09-16.csv","bothno_1","bothno_1__g1",11,"W_no",150,1
"z7t2lpyk","M_no_W_no","portfolio_2026-09-16.csv","bothno_1","bothno_1__g2",11,"M_no",200,1
"dwx0my9x","M_no_W_no","portfolio_2026-09-16.csv","bothno_1","bothno_1__g2",11,"M_no",110,0
"uhxz6pjz","M_no_W_no","portfolio_2026-09-16.csv","bothno_1","bothno_1__g2",11,"M_no",125,1
"r39x605k","M_no_W_no","portfolio_2026-09-16.csv","bothno_1","bothno_1__g2",11,"M_no",100,-1
"yhliw46v","M_no_W_no","portfolio_2026-09-16.csv","bothno_1","bothno_1__g2",11,"M_no",110,-1
"7abl389c","M_no_W_no","portfolio_2026-09-16.csv","bothno_1","bothno_1__g3",11,"M_no",3,-1
"6kns3oml","M_no_W_no","portfolio_2026-09-16.csv","bothno_1","bothno_1__g3",11,"M_no",300,1
"pp2e4xx5","M_no_W_no","portfolio_2026-09-16.csv","bothno_1","bothno_1__g3",11,"M_no",300,0
"jid9ui4f","M_no_W_no","portfolio_2026-09-16.csv","bothno_1","bothno_1__g3",11,"M_no",300,1
"grwzfvbr","M_no_W_no","portfolio_2026-09-16.csv","bothno_1","bothno_1__g3",11,"M_no",40,-1
"yxcpp681","M_no_W_no","portfolio_2026-09-16.csv","bothno_1","bothno_1__g4",11,"M_no",200,1
"09bse981","M_no_W_no","portfolio_2026-09-16.csv","bothno_1","bothno_1__g4",11,"M_no",300,1
"2p0bevly","M_no_W_no","portfolio_2026-09-16.csv","bothno_1","bothno_1__g4",11,"M_no",110,-1
"raavz353","M_no_W_no","portfolio_2026-09-16.csv","bothno_1","bothno_1__g4",11,"M_no",100,-1
"6rdutaoz","M_no_W_no","portfolio_2026-09-16.csv","bothno_1","bothno_1__g4",11,"M_no",200,0
"21anldsa","M_no_W_no","portfolio_2026-09-16.csv","bothno_1","bothno_1__g5",11,"W_no",450,1
"3mjtjuou","M_no_W_no","portfolio_2026-09-16.csv","bothno_1","bothno_1__g5",11,"W_no",450,1
"5jtwpe9d","M_no_W_no","portfolio_2026-09-16.csv","bothno_1","bothno_1__g5",11,"W_no",200,-1
"s16bmsk2","M_no_W_no","portfolio_2026-09-16.csv","bothno_1","bothno_1__g5",11,"W_no",150,-1
"sjw641j3","M_no_W_no","portfolio_2026-09-16.csv","bothno_1","bothno_1__g5",11,"W_no",400,0
"msd1f2iu","M_no_W_no","portfolio_2026-09-16.csv","bothno_1","bothno_1__g1",12,"W_no",100,0
"omrf04k4","M_no_W_no","portfolio_2026-09-16.csv","bothno_1","bothno_1__g1",12,"W_no",100,-1
"duzxv1is","M_no_W_no","portfolio_2026-09-16.csv","bothno_1","bothno_1__g1",12,"W_no",99,-1
"znk2pevv","M_no_W_no","portfolio_2026-09-16.csv","bothno_1","bothno_1__g1",12,"W_no",110,1
"rv5b38em","M_no_W_no","portfolio_2026-09-16.csv","bothno_1","bothno_1__g1",12,"W_no",150,1
"z7t2lpyk","M_no_W_no","portfolio_2026-09-16.csv","bothno_1","bothno_1__g2",12,"M_no",20,-1
"dwx0my9x","M_no_W_no","portfolio_2026-09-16.csv","bothno_1","bothno_1__g2",12,"M_no",110,-1
"uhxz6pjz","M_no_W_no","portfolio_2026-09-16.csv","bothno_1","bothno_1__g2",12,"M_no",125,1
"r39x605k","M_no_W_no","portfolio_2026-09-16.csv","bothno_1","bothno_1__g2",12,"M_no",130,1
"yhliw46v","M_no_W_no","portfolio_2026-09-16.csv","bothno_1","bothno_1__g2",12,"M_no",110,0
"7abl389c","M_no_W_no","portfolio_2026-09-16.csv","bothno_1","bothno_1__g3",12,"M_no",3,-1
"6kns3oml","M_no_W_no","portfolio_2026-09-16.csv","bothno_1","bothno_1__g3",12,"M_no",400,1
"pp2e4xx5","M_no_W_no","portfolio_2026-09-16.csv","bothno_1","bothno_1__g3",12,"M_no",300,1
"jid9ui4f","M_no_W_no","portfolio_2026-09-16.csv","bothno_1","bothno_1__g3",12,"M_no",300,0
"grwzfvbr","M_no_W_no","portfolio_2026-09-16.csv","bothno_1","bothno_1__g3",12,"M_no",250,-1
"yxcpp681","M_no_W_no","portfolio_2026-09-16.csv","bothno_1","bothno_1__g4",12,"M_no",179,0
"09bse981","M_no_W_no","portfolio_2026-09-16.csv","bothno_1","bothno_1__g4",12,"M_no",100,-1
"2p0bevly","M_no_W_no","portfolio_2026-09-16.csv","bothno_1","bothno_1__g4",12,"M_no",200,1
"raavz353","M_no_W_no","portfolio_2026-09-16.csv","bothno_1","bothno_1__g4",12,"M_no",150,-1
"6rdutaoz","M_no_W_no","portfolio_2026-09-16.csv","bothno_1","bothno_1__g4",12,"M_no",200,1
"21anldsa","M_no_W_no","portfolio_2026-09-16.csv","bothno_1","bothno_1__g5",12,"W_no",400,1
"3mjtjuou","M_no_W_no","portfolio_2026-09-16.csv","bothno_1","bothno_1__g5",12,"W_no",400,0
"5jtwpe9d","M_no_W_no","portfolio_2026-09-16.csv","bothno_1","bothno_1__g5",12,"W_no",400,1
"s16bmsk2","M_no_W_no","portfolio_2026-09-16.csv","bothno_1","bothno_1__g5",12,"W_no",160,-1
"sjw641j3","M_no_W_no","portfolio_2026-09-16.csv","bothno_1","bothno_1__g5",12,"W_no",260,-1
"msd1f2iu","M_no_W_no","portfolio_2026-09-16.csv","bothno_1","bothno_1__g1",13,"W_no",100,-1
"omrf04k4","M_no_W_no","portfolio_2026-09-16.csv","bothno_1","bothno_1__g1",13,"W_no",150,1
"duzxv1is","M_no_W_no","portfolio_2026-09-16.csv","bothno_1","bothno_1__g1",13,"W_no",89,-1
"znk2pevv","M_no_W_no","portfolio_2026-09-16.csv","bothno_1","bothno_1__g1",13,"W_no",110,0
"rv5b38em","M_no_W_no","portfolio_2026-09-16.csv","bothno_1","bothno_1__g1",13,"W_no",149,1
"z7t2lpyk","M_no_W_no","portfolio_2026-09-16.csv","bothno_1","bothno_1__g2",13,"M_no",109,-1
"dwx0my9x","M_no_W_no","portfolio_2026-09-16.csv","bothno_1","bothno_1__g2",13,"M_no",110,0
"uhxz6pjz","M_no_W_no","portfolio_2026-09-16.csv","bothno_1","bothno_1__g2",13,"M_no",125,1
"r39x605k","M_no_W_no","portfolio_2026-09-16.csv","bothno_1","bothno_1__g2",13,"M_no",100,-1
"yhliw46v","M_no_W_no","portfolio_2026-09-16.csv","bothno_1","bothno_1__g2",13,"M_no",110,1
"7abl389c","M_no_W_no","portfolio_2026-09-16.csv","bothno_1","bothno_1__g3",13,"M_no",3,-1
"6kns3oml","M_no_W_no","portfolio_2026-09-16.csv","bothno_1","bothno_1__g3",13,"M_no",400,1
"pp2e4xx5","M_no_W_no","portfolio_2026-09-16.csv","bothno_1","bothno_1__g3",13,"M_no",300,0
"jid9ui4f","M_no_W_no","portfolio_2026-09-16.csv","bothno_1","bothno_1__g3",13,"M_no",300,-1
"grwzfvbr","M_no_W_no","portfolio_2026-09-16.csv","bothno_1","bothno_1__g3",13,"M_no",325,1
"yxcpp681","M_no_W_no","portfolio_2026-09-16.csv","bothno_1","bothno_1__g4",13,"M_no",160,0
"09bse981","M_no_W_no","portfolio_2026-09-16.csv","bothno_1","bothno_1__g4",13,"M_no",250,1
"2p0bevly","M_no_W_no","portfolio_2026-09-16.csv","bothno_1","bothno_1__g4",13,"M_no",160,-1
"raavz353","M_no_W_no","portfolio_2026-09-16.csv","bothno_1","bothno_1__g4",13,"M_no",150,-1
"6rdutaoz","M_no_W_no","portfolio_2026-09-16.csv","bothno_1","bothno_1__g4",13,"M_no",170,1
"21anldsa","M_no_W_no","portfolio_2026-09-16.csv","bothno_1","bothno_1__g5",13,"W_no",400,-1
"3mjtjuou","M_no_W_no","portfolio_2026-09-16.csv","bothno_1","bothno_1__g5",13,"W_no",400,0
"5jtwpe9d","M_no_W_no","portfolio_2026-09-16.csv","bothno_1","bothno_1__g5",13,"W_no",330,-1
"s16bmsk2","M_no_W_no","portfolio_2026-09-16.csv","bothno_1","bothno_1__g5",13,"W_no",400,1
"sjw641j3","M_no_W_no","portfolio_2026-09-16.csv","bothno_1","bothno_1__g5",13,"W_no",430,1
"msd1f2iu","M_no_W_no","portfolio_2026-09-16.csv","bothno_1","bothno_1__g1",14,"W_no",120,0
"omrf04k4","M_no_W_no","portfolio_2026-09-16.csv","bothno_1","bothno_1__g1",14,"W_no",200,1
"duzxv1is","M_no_W_no","portfolio_2026-09-16.csv","bothno_1","bothno_1__g1",14,"W_no",99,-1
"znk2pevv","M_no_W_no","portfolio_2026-09-16.csv","bothno_1","bothno_1__g1",14,"W_no",110,-1
"rv5b38em","M_no_W_no","portfolio_2026-09-16.csv","bothno_1","bothno_1__g1",14,"W_no",200,1
"z7t2lpyk","M_no_W_no","portfolio_2026-09-16.csv","bothno_1","bothno_1__g2",14,"M_no",110,0
"dwx0my9x","M_no_W_no","portfolio_2026-09-16.csv","bothno_1","bothno_1__g2",14,"M_no",110,1
"uhxz6pjz","M_no_W_no","portfolio_2026-09-16.csv","bothno_1","bothno_1__g2",14,"M_no",125,1
"r39x605k","M_no_W_no","portfolio_2026-09-16.csv","bothno_1","bothno_1__g2",14,"M_no",100,-1
"yhliw46v","M_no_W_no","portfolio_2026-09-16.csv","bothno_1","bothno_1__g2",14,"M_no",105,-1
"7abl389c","M_no_W_no","portfolio_2026-09-16.csv","bothno_1","bothno_1__g3",14,"M_no",3,-1
"6kns3oml","M_no_W_no","portfolio_2026-09-16.csv","bothno_1","bothno_1__g3",14,"M_no",200,-1
"pp2e4xx5","M_no_W_no","portfolio_2026-09-16.csv","bothno_1","bothno_1__g3",14,"M_no",300,1
"jid9ui4f","M_no_W_no","portfolio_2026-09-16.csv","bothno_1","bothno_1__g3",14,"M_no",300,1
"grwzfvbr","M_no_W_no","portfolio_2026-09-16.csv","bothno_1","bothno_1__g3",14,"M_no",250,0
"yxcpp681","M_no_W_no","portfolio_2026-09-16.csv","bothno_1","bothno_1__g4",14,"M_no",159,1
"09bse981","M_no_W_no","portfolio_2026-09-16.csv","bothno_1","bothno_1__g4",14,"M_no",1,-1
"2p0bevly","M_no_W_no","portfolio_2026-09-16.csv","bothno_1","bothno_1__g4",14,"M_no",150,-1
"raavz353","M_no_W_no","portfolio_2026-09-16.csv","bothno_1","bothno_1__g4",14,"M_no",150,0
"6rdutaoz","M_no_W_no","portfolio_2026-09-16.csv","bothno_1","bothno_1__g4",14,"M_no",150,1
"21anldsa","M_no_W_no","portfolio_2026-09-16.csv","bothno_1","bothno_1__g5",14,"W_no",450,1
"3mjtjuou","M_no_W_no","portfolio_2026-09-16.csv","bothno_1","bothno_1__g5",14,"W_no",400,-1
"5jtwpe9d","M_no_W_no","portfolio_2026-09-16.csv","bothno_1","bothno_1__g5",14,"W_no",360,-1
"s16bmsk2","M_no_W_no","portfolio_2026-09-16.csv","bothno_1","bothno_1__g5",14,"W_no",400,0
"sjw641j3","M_no_W_no","portfolio_2026-09-16.csv","bothno_1","bothno_1__g5",14,"W_no",420,1
"msd1f2iu","M_no_W_no","portfolio_2026-09-16.csv","bothno_1","bothno_1__g1",15,"W_no",150,1
"omrf04k4","M_no_W_no","portfolio_2026-09-16.csv","bothno_1","bothno_1__g1",15,"W_no",150,0
"duzxv1is","M_no_W_no","portfolio_2026-09-16.csv","bothno_1","bothno_1__g1",15,"W_no",109,-1
"znk2pevv","M_no_W_no","portfolio_2026-09-16.csv","bothno_1","bothno_1__g1",15,"W_no",110,-1
"rv5b38em","M_no_W_no","portfolio_2026-09-16.csv","bothno_1","bothno_1__g1",15,"W_no",200,1
"z7t2lpyk","M_no_W_no","portfolio_2026-09-16.csv","bothno_1","bothno_1__g2",15,"M_no",110,-1
"dwx0my9x","M_no_W_no","portfolio_2026-09-16.csv","bothno_1","bothno_1__g2",15,"M_no",110,0
"uhxz6pjz","M_no_W_no","portfolio_2026-09-16.csv","bothno_1","bothno_1__g2",15,"M_no",115,1
"r39x605k","M_no_W_no","portfolio_2026-09-16.csv","bothno_1","bothno_1__g2",15,"M_no",130,1
"yhliw46v","M_no_W_no","portfolio_2026-09-16.csv","bothno_1","bothno_1__g2",15,"M_no",110,-1
"7abl389c","M_no_W_no","portfolio_2026-09-16.csv","bothno_1","bothno_1__g3",15,"M_no",3,-1
"6kns3oml","M_no_W_no","portfolio_2026-09-16.csv","bothno_1","bothno_1__g3",15,"M_no",400,1
"pp2e4xx5","M_no_W_no","portfolio_2026-09-16.csv","bothno_1","bothno_1__g3",15,"M_no",255,0
"jid9ui4f","M_no_W_no","portfolio_2026-09-16.csv","bothno_1","bothno_1__g3",15,"M_no",300,1
"grwzfvbr","M_no_W_no","portfolio_2026-09-16.csv","bothno_1","bothno_1__g3",15,"M_no",220,-1
"yxcpp681","M_no_W_no","portfolio_2026-09-16.csv","bothno_1","bothno_1__g4",15,"M_no",140,1
"09bse981","M_no_W_no","portfolio_2026-09-16.csv","bothno_1","bothno_1__g4",15,"M_no",100,-1
"2p0bevly","M_no_W_no","portfolio_2026-09-16.csv","bothno_1","bothno_1__g4",15,"M_no",151,1
"raavz353","M_no_W_no","portfolio_2026-09-16.csv","bothno_1","bothno_1__g4",15,"M_no",130,0
"6rdutaoz","M_no_W_no","portfolio_2026-09-16.csv","bothno_1","bothno_1__g4",15,"M_no",100,-1
"21anldsa","M_no_W_no","portfolio_2026-09-16.csv","bothno_1","bothno_1__g5",15,"W_no",400,0
"3mjtjuou","M_no_W_no","portfolio_2026-09-16.csv","bothno_1","bothno_1__g5",15,"W_no",400,1
"5jtwpe9d","M_no_W_no","portfolio_2026-09-16.csv","bothno_1","bothno_1__g5",15,"W_no",400,-1
"s16bmsk2","M_no_W_no","portfolio_2026-09-16.csv","bothno_1","bothno_1__g5",15,"W_no",400,-1
"sjw641j3","M_no_W_no","portfolio_2026-09-16.csv","bothno_1","bothno_1__g5",15,"W_no",401,1
"msd1f2iu","M_no_W_no","portfolio_2026-09-16.csv","bothno_1","bothno_1__g1",16,"W_no",125,-1
"omrf04k4","M_no_W_no","portfolio_2026-09-16.csv","bothno_1","bothno_1__g1",16,"W_no",155,1
"duzxv1is","M_no_W_no","portfolio_2026-09-16.csv","bothno_1","bothno_1__g1",16,"W_no",135,0
"znk2pevv","M_no_W_no","portfolio_2026-09-16.csv","bothno_1","bothno_1__g1",16,"W_no",110,-1
"rv5b38em","M_no_W_no","portfolio_2026-09-16.csv","bothno_1","bothno_1__g1",16,"W_no",200,1
"z7t2lpyk","M_no_W_no","portfolio_2026-09-16.csv","bothno_1","bothno_1__g2",16,"M_no",111,0
"dwx0my9x","M_no_W_no","portfolio_2026-09-16.csv","bothno_1","bothno_1__g2",16,"M_no",110,-1
"uhxz6pjz","M_no_W_no","portfolio_2026-09-16.csv","bothno_1","bothno_1__g2",16,"M_no",115,1
"r39x605k","M_no_W_no","portfolio_2026-09-16.csv","bothno_1","bothno_1__g2",16,"M_no",130,1
"yhliw46v","M_no_W_no","portfolio_2026-09-16.csv","bothno_1","bothno_1__g2",16,"M_no",110,-1
"7abl389c","M_no_W_no","portfolio_2026-09-16.csv","bothno_1","bothno_1__g3",16,"M_no",3,-1
"6kns3oml","M_no_W_no","portfolio_2026-09-16.csv","bothno_1","bothno_1__g3",16,"M_no",300,1
"pp2e4xx5","M_no_W_no","portfolio_2026-09-16.csv","bothno_1","bothno_1__g3",16,"M_no",245,0
"jid9ui4f","M_no_W_no","portfolio_2026-09-16.csv","bothno_1","bothno_1__g3",16,"M_no",300,1
"grwzfvbr","M_no_W_no","portfolio_2026-09-16.csv","bothno_1","bothno_1__g3",16,"M_no",200,-1
"yxcpp681","M_no_W_no","portfolio_2026-09-16.csv","bothno_1","bothno_1__g4",16,"M_no",120,1
"09bse981","M_no_W_no","portfolio_2026-09-16.csv","bothno_1","bothno_1__g4",16,"M_no",80,-1
"2p0bevly","M_no_W_no","portfolio_2026-09-16.csv","bothno_1","bothno_1__g4",16,"M_no",125,1
"raavz353","M_no_W_no","portfolio_2026-09-16.csv","bothno_1","bothno_1__g4",16,"M_no",100,-1
"6rdutaoz","M_no_W_no","portfolio_2026-09-16.csv","bothno_1","bothno_1__g4",16,"M_no",100,0
"21anldsa","M_no_W_no","portfolio_2026-09-16.csv","bothno_1","bothno_1__g5",16,"W_no",450,1
"3mjtjuou","M_no_W_no","portfolio_2026-09-16.csv","bothno_1","bothno_1__g5",16,"W_no",400,0
"5jtwpe9d","M_no_W_no","portfolio_2026-09-16.csv","bothno_1","bothno_1__g5",16,"W_no",400,-1
"s16bmsk2","M_no_W_no","portfolio_2026-09-16.csv","bothno_1","bothno_1__g5",16,"W_no",400,1
"sjw641j3","M_no_W_no","portfolio_2026-09-16.csv","bothno_1","bothno_1__g5",16,"W_no",151,-1
"msd1f2iu","M_no_W_no","portfolio_2026-09-16.csv","bothno_1","bothno_1__g1",17,"W_no",135,0
"omrf04k4","M_no_W_no","portfolio_2026-09-16.csv","bothno_1","bothno_1__g1",17,"W_no",150,1
"duzxv1is","M_no_W_no","portfolio_2026-09-16.csv","bothno_1","bothno_1__g1",17,"W_no",132,-1
"znk2pevv","M_no_W_no","portfolio_2026-09-16.csv","bothno_1","bothno_1__g1",17,"W_no",110,-1
"rv5b38em","M_no_W_no","portfolio_2026-09-16.csv","bothno_1","bothno_1__g1",17,"W_no",200,1
"z7t2lpyk","M_no_W_no","portfolio_2026-09-16.csv","bothno_1","bothno_1__g2",17,"M_no",112,0
"dwx0my9x","M_no_W_no","portfolio_2026-09-16.csv","bothno_1","bothno_1__g2",17,"M_no",110,-1
"uhxz6pjz","M_no_W_no","portfolio_2026-09-16.csv","bothno_1","bothno_1__g2",17,"M_no",115,1
"r39x605k","M_no_W_no","portfolio_2026-09-16.csv","bothno_1","bothno_1__g2",17,"M_no",130,1
"yhliw46v","M_no_W_no","portfolio_2026-09-16.csv","bothno_1","bothno_1__g2",17,"M_no",111,-1
"7abl389c","M_no_W_no","portfolio_2026-09-16.csv","bothno_1","bothno_1__g3",17,"M_no",3,-1
"6kns3oml","M_no_W_no","portfolio_2026-09-16.csv","bothno_1","bothno_1__g3",17,"M_no",150,-1
"pp2e4xx5","M_no_W_no","portfolio_2026-09-16.csv","bothno_1","bothno_1__g3",17,"M_no",247,1
"jid9ui4f","M_no_W_no","portfolio_2026-09-16.csv","bothno_1","bothno_1__g3",17,"M_no",260,1
"grwzfvbr","M_no_W_no","portfolio_2026-09-16.csv","bothno_1","bothno_1__g3",17,"M_no",215,0
"yxcpp681","M_no_W_no","portfolio_2026-09-16.csv","bothno_1","bothno_1__g4",17,"M_no",80,-1
"09bse981","M_no_W_no","portfolio_2026-09-16.csv","bothno_1","bothno_1__g4",17,"M_no",80,0
"2p0bevly","M_no_W_no","portfolio_2026-09-16.csv","bothno_1","bothno_1__g4",17,"M_no",95,1
"raavz353","M_no_W_no","portfolio_2026-09-16.csv","bothno_1","bothno_1__g4",17,"M_no",50,-1
"6rdutaoz","M_no_W_no","portfolio_2026-09-16.csv","bothno_1","bothno_1__g4",17,"M_no",90,1
"21anldsa","M_no_W_no","portfolio_2026-09-16.csv","bothno_1","bothno_1__g5",17,"W_no",400,-1
"3mjtjuou","M_no_W_no","portfolio_2026-09-16.csv","bothno_1","bothno_1__g5",17,"W_no",400,0
"5jtwpe9d","M_no_W_no","portfolio_2026-09-16.csv","bothno_1","bothno_1__g5",17,"W_no",400,1
"s16bmsk2","M_no_W_no","portfolio_2026-09-16.csv","bothno_1","bothno_1__g5",17,"W_no",400,-1
"sjw641j3","M_no_W_no","portfolio_2026-09-16.csv","bothno_1","bothno_1__g5",17,"W_no",401,1
"msd1f2iu","M_no_W_no","portfolio_2026-09-16.csv","bothno_1","bothno_1__g1",18,"W_no",140,1
"omrf04k4","M_no_W_no","portfolio_2026-09-16.csv","bothno_1","bothno_1__g1",18,"W_no",140,0
"duzxv1is","M_no_W_no","portfolio_2026-09-16.csv","bothno_1","bothno_1__g1",18,"W_no",129,-1
"znk2pevv","M_no_W_no","portfolio_2026-09-16.csv","bothno_1","bothno_1__g1",18,"W_no",110,-1
"rv5b38em","M_no_W_no","portfolio_2026-09-16.csv","bothno_1","bothno_1__g1",18,"W_no",200,1
"z7t2lpyk","M_no_W_no","portfolio_2026-09-16.csv","bothno_1","bothno_1__g2",18,"M_no",113,-1
"dwx0my9x","M_no_W_no","portfolio_2026-09-16.csv","bothno_1","bothno_1__g2",18,"M_no",110,-1
"uhxz6pjz","M_no_W_no","portfolio_2026-09-16.csv","bothno_1","bothno_1__g2",18,"M_no",120,1
"r39x605k","M_no_W_no","portfolio_2026-09-16.csv","bothno_1","bothno_1__g2",18,"M_no",130,1
"yhliw46v","M_no_W_no","portfolio_2026-09-16.csv","bothno_1","bothno_1__g2",18,"M_no",113,0
"7abl389c","M_no_W_no","portfolio_2026-09-16.csv","bothno_1","bothno_1__g3",18,"M_no",3,-1
"6kns3oml","M_no_W_no","portfolio_2026-09-16.csv","bothno_1","bothno_1__g3",18,"M_no",200,0
"pp2e4xx5","M_no_W_no","portfolio_2026-09-16.csv","bothno_1","bothno_1__g3",18,"M_no",210,1
"jid9ui4f","M_no_W_no","portfolio_2026-09-16.csv","bothno_1","bothno_1__g3",18,"M_no",200,-1
"grwzfvbr","M_no_W_no","portfolio_2026-09-16.csv","bothno_1","bothno_1__g3",18,"M_no",215,1
"yxcpp681","M_no_W_no","portfolio_2026-09-16.csv","bothno_1","bothno_1__g4",18,"M_no",80,1
"09bse981","M_no_W_no","portfolio_2026-09-16.csv","bothno_1","bothno_1__g4",18,"M_no",80,1
"2p0bevly","M_no_W_no","portfolio_2026-09-16.csv","bothno_1","bothno_1__g4",18,"M_no",75,0
"raavz353","M_no_W_no","portfolio_2026-09-16.csv","bothno_1","bothno_1__g4",18,"M_no",60,-1
"6rdutaoz","M_no_W_no","portfolio_2026-09-16.csv","bothno_1","bothno_1__g4",18,"M_no",65,-1
"21anldsa","M_no_W_no","portfolio_2026-09-16.csv","bothno_1","bothno_1__g5",18,"W_no",400,0
"3mjtjuou","M_no_W_no","portfolio_2026-09-16.csv","bothno_1","bothno_1__g5",18,"W_no",400,-1
"5jtwpe9d","M_no_W_no","portfolio_2026-09-16.csv","bothno_1","bothno_1__g5",18,"W_no",400,-1
"s16bmsk2","M_no_W_no","portfolio_2026-09-16.csv","bothno_1","bothno_1__g5",18,"W_no",400,1
"sjw641j3","M_no_W_no","portfolio_2026-09-16.csv","bothno_1","bothno_1__g5",18,"W_no",401,1
"msd1f2iu","M_no_W_no","portfolio_2026-09-16.csv","bothno_1","bothno_1__g1",19,"W_no",135,0
"omrf04k4","M_no_W_no","portfolio_2026-09-16.csv","bothno_1","bothno_1__g1",19,"W_no",155,1
"duzxv1is","M_no_W_no","portfolio_2026-09-16.csv","bothno_1","bothno_1__g1",19,"W_no",129,-1
"znk2pevv","M_no_W_no","portfolio_2026-09-16.csv","bothno_1","bothno_1__g1",19,"W_no",110,-1
"rv5b38em","M_no_W_no","portfolio_2026-09-16.csv","bothno_1","bothno_1__g1",19,"W_no",200,1
"z7t2lpyk","M_no_W_no","portfolio_2026-09-16.csv","bothno_1","bothno_1__g2",19,"M_no",114,0
"dwx0my9x","M_no_W_no","portfolio_2026-09-16.csv","bothno_1","bothno_1__g2",19,"M_no",110,-1
"uhxz6pjz","M_no_W_no","portfolio_2026-09-16.csv","bothno_1","bothno_1__g2",19,"M_no",116,1
"r39x605k","M_no_W_no","portfolio_2026-09-16.csv","bothno_1","bothno_1__g2",19,"M_no",130,1
"yhliw46v","M_no_W_no","portfolio_2026-09-16.csv","bothno_1","bothno_1__g2",19,"M_no",113,-1
"7abl389c","M_no_W_no","portfolio_2026-09-16.csv","bothno_1","bothno_1__g3",19,"M_no",3,-1
"6kns3oml","M_no_W_no","portfolio_2026-09-16.csv","bothno_1","bothno_1__g3",19,"M_no",150,-1
"pp2e4xx5","M_no_W_no","portfolio_2026-09-16.csv","bothno_1","bothno_1__g3",19,"M_no",188,0
"jid9ui4f","M_no_W_no","portfolio_2026-09-16.csv","bothno_1","bothno_1__g3",19,"M_no",200,1
"grwzfvbr","M_no_W_no","portfolio_2026-09-16.csv","bothno_1","bothno_1__g3",19,"M_no",200,1
"yxcpp681","M_no_W_no","portfolio_2026-09-16.csv","bothno_1","bothno_1__g4",19,"M_no",75,1
"09bse981","M_no_W_no","portfolio_2026-09-16.csv","bothno_1","bothno_1__g4",19,"M_no",70,0
"2p0bevly","M_no_W_no","portfolio_2026-09-16.csv","bothno_1","bothno_1__g4",19,"M_no",73,1
"raavz353","M_no_W_no","portfolio_2026-09-16.csv","bothno_1","bothno_1__g4",19,"M_no",60,-1
"6rdutaoz","M_no_W_no","portfolio_2026-09-16.csv","bothno_1","bothno_1__g4",19,"M_no",55,-1
"21anldsa","M_no_W_no","portfolio_2026-09-16.csv","bothno_1","bothno_1__g5",19,"W_no",400,1
"3mjtjuou","M_no_W_no","portfolio_2026-09-16.csv","bothno_1","bothno_1__g5",19,"W_no",400,-1
"5jtwpe9d","M_no_W_no","portfolio_2026-09-16.csv","bothno_1","bothno_1__g5",19,"W_no",400,-1
"s16bmsk2","M_no_W_no","portfolio_2026-09-16.csv","bothno_1","bothno_1__g5",19,"W_no",400,0
"sjw641j3","M_no_W_no","portfolio_2026-09-16.csv","bothno_1","bothno_1__g5",19,"W_no",401,1
"msd1f2iu","M_no_W_no","portfolio_2026-09-16.csv","bothno_1","bothno_1__g1",20,"W_no",150,0
"omrf04k4","M_no_W_no","portfolio_2026-09-16.csv","bothno_1","bothno_1__g1",20,"W_no",300,1
"duzxv1is","M_no_W_no","portfolio_2026-09-16.csv","bothno_1","bothno_1__g1",20,"W_no",129,-1
"znk2pevv","M_no_W_no","portfolio_2026-09-16.csv","bothno_1","bothno_1__g1",20,"W_no",110,-1
"rv5b38em","M_no_W_no","portfolio_2026-09-16.csv","bothno_1","bothno_1__g1",20,"W_no",198,1
"z7t2lpyk","M_no_W_no","portfolio_2026-09-16.csv","bothno_1","bothno_1__g2",20,"M_no",115,-1
"dwx0my9x","M_no_W_no","portfolio_2026-09-16.csv","bothno_1","bothno_1__g2",20,"M_no",105,-1
"uhxz6pjz","M_no_W_no","portfolio_2026-09-16.csv","bothno_1","bothno_1__g2",20,"M_no",120,1
"r39x605k","M_no_W_no","portfolio_2026-09-16.csv","bothno_1","bothno_1__g2",20,"M_no",130,1
"yhliw46v","M_no_W_no","portfolio_2026-09-16.csv","bothno_1","bothno_1__g2",20,"M_no",115,0
"7abl389c","M_no_W_no","portfolio_2026-09-16.csv","bothno_1","bothno_1__g3",20,"M_no",3,-1
"6kns3oml","M_no_W_no","portfolio_2026-09-16.csv","bothno_1","bothno_1__g3",20,"M_no",190,1
"pp2e4xx5","M_no_W_no","portfolio_2026-09-16.csv","bothno_1","bothno_1__g3",20,"M_no",173,1
"jid9ui4f","M_no_W_no","portfolio_2026-09-16.csv","bothno_1","bothno_1__g3",20,"M_no",149,-1
"grwzfvbr","M_no_W_no","portfolio_2026-09-16.csv","bothno_1","bothno_1__g3",20,"M_no",150,0
"yxcpp681","M_no_W_no","portfolio_2026-09-16.csv","bothno_1","bothno_1__g4",20,"M_no",69,1
"09bse981","M_no_W_no","portfolio_2026-09-16.csv","bothno_1","bothno_1__g4",20,"M_no",65,-1
"2p0bevly","M_no_W_no","portfolio_2026-09-16.csv","bothno_1","bothno_1__g4",20,"M_no",71,1
"raavz353","M_no_W_no","portfolio_2026-09-16.csv","bothno_1","bothno_1__g4",20,"M_no",65,0
"6rdutaoz","M_no_W_no","portfolio_2026-09-16.csv","bothno_1","bothno_1__g4",20,"M_no",55,-1
"21anldsa","M_no_W_no","portfolio_2026-09-16.csv","bothno_1","bothno_1__g5",20,"W_no",400,1
"3mjtjuou","M_no_W_no","portfolio_2026-09-16.csv","bothno_1","bothno_1__g5",20,"W_no",400,0
"5jtwpe9d","M_no_W_no","portfolio_2026-09-16.csv","bothno_1","bothno_1__g5",20,"W_no",400,-1
"s16bmsk2","M_no_W_no","portfolio_2026-09-16.csv","bothno_1","bothno_1__g5",20,"W_no",400,-1
"sjw641j3","M_no_W_no","portfolio_2026-09-16.csv","bothno_1","bothno_1__g5",20,"W_no",401,1
"o7pccht6","M_no_W_no","portfolio_2026-09-16.csv","botno_2","botno_2__g1",11,"W_no",174,0
"xlysi5bz","M_no_W_no","portfolio_2026-09-16.csv","botno_2","botno_2__g1",11,"W_no",100,-1
"ktzkk4b7","M_no_W_no","portfolio_2026-09-16.csv","botno_2","botno_2__g1",11,"W_no",225,1
"unt4hlph","M_no_W_no","portfolio_2026-09-16.csv","botno_2","botno_2__g1",11,"W_no",560,1
"e3o1p3e6","M_no_W_no","portfolio_2026-09-16.csv","botno_2","botno_2__g1",11,"W_no",80,-1
"0nzm25g8","M_no_W_no","portfolio_2026-09-16.csv","botno_2","botno_2__g2",11,"W_no",90,-1
"f8ff6plt","M_no_W_no","portfolio_2026-09-16.csv","botno_2","botno_2__g2",11,"W_no",100,1
"poc3kn08","M_no_W_no","portfolio_2026-09-16.csv","botno_2","botno_2__g2",11,"W_no",147,1
"z9zrwosz","M_no_W_no","portfolio_2026-09-16.csv","botno_2","botno_2__g2",11,"W_no",100,0
"yldmtmxh","M_no_W_no","portfolio_2026-09-16.csv","botno_2","botno_2__g2",11,"W_no",87,-1
"bjw1ymg6","M_no_W_no","portfolio_2026-09-16.csv","botno_2","botno_2__g3",11,"W_no",150,0
"dxg47gml","M_no_W_no","portfolio_2026-09-16.csv","botno_2","botno_2__g3",11,"W_no",100,-1
"t47t8m59","M_no_W_no","portfolio_2026-09-16.csv","botno_2","botno_2__g3",11,"W_no",200,1
"2epyouig","M_no_W_no","portfolio_2026-09-16.csv","botno_2","botno_2__g3",11,"W_no",200,1
"107rd682","M_no_W_no","portfolio_2026-09-16.csv","botno_2","botno_2__g3",11,"W_no",111,-1
"6xyzc64h","M_no_W_no","portfolio_2026-09-16.csv","botno_2","botno_2__g4",11,"M_no",200,-1
"566nkyxt","M_no_W_no","portfolio_2026-09-16.csv","botno_2","botno_2__g4",11,"M_no",170,-1
"uv69jk1p","M_no_W_no","portfolio_2026-09-16.csv","botno_2","botno_2__g4",11,"M_no",300,1
"thfu25ei","M_no_W_no","portfolio_2026-09-16.csv","botno_2","botno_2__g4",11,"M_no",250,1
"008uq8bs","M_no_W_no","portfolio_2026-09-16.csv","botno_2","botno_2__g4",11,"M_no",200,0
"o4da1gkl","M_no_W_no","portfolio_2026-09-16.csv","botno_2","botno_2__g5",11,"M_no",300,1
"ilc2oqlq","M_no_W_no","portfolio_2026-09-16.csv","botno_2","botno_2__g5",11,"M_no",185,-1
"qcu0td0m","M_no_W_no","portfolio_2026-09-16.csv","botno_2","botno_2__g5",11,"M_no",100,-1
"zcjv164s","M_no_W_no","portfolio_2026-09-16.csv","botno_2","botno_2__g5",11,"M_no",250,0
"3g7fmbdb","M_no_W_no","portfolio_2026-09-16.csv","botno_2","botno_2__g5",11,"M_no",280,1
"o7pccht6","M_no_W_no","portfolio_2026-09-16.csv","botno_2","botno_2__g1",12,"W_no",199,0
"xlysi5bz","M_no_W_no","portfolio_2026-09-16.csv","botno_2","botno_2__g1",12,"W_no",150,-1
"ktzkk4b7","M_no_W_no","portfolio_2026-09-16.csv","botno_2","botno_2__g1",12,"W_no",225,1
"unt4hlph","M_no_W_no","portfolio_2026-09-16.csv","botno_2","botno_2__g1",12,"W_no",450,1
"e3o1p3e6","M_no_W_no","portfolio_2026-09-16.csv","botno_2","botno_2__g1",12,"W_no",130,-1
"0nzm25g8","M_no_W_no","portfolio_2026-09-16.csv","botno_2","botno_2__g2",12,"W_no",120,1
"f8ff6plt","M_no_W_no","portfolio_2026-09-16.csv","botno_2","botno_2__g2",12,"W_no",100,0
"poc3kn08","M_no_W_no","portfolio_2026-09-16.csv","botno_2","botno_2__g2",12,"W_no",118,1
"z9zrwosz","M_no_W_no","portfolio_2026-09-16.csv","botno_2","botno_2__g2",12,"W_no",100,-1
"yldmtmxh","M_no_W_no","portfolio_2026-09-16.csv","botno_2","botno_2__g2",12,"W_no",74,-1
"bjw1ymg6","M_no_W_no","portfolio_2026-09-16.csv","botno_2","botno_2__g3",12,"W_no",120,-1
"dxg47gml","M_no_W_no","portfolio_2026-09-16.csv","botno_2","botno_2__g3",12,"W_no",100,-1
"t47t8m59","M_no_W_no","portfolio_2026-09-16.csv","botno_2","botno_2__g3",12,"W_no",161,1
"2epyouig","M_no_W_no","portfolio_2026-09-16.csv","botno_2","botno_2__g3",12,"W_no",140,0
"107rd682","M_no_W_no","portfolio_2026-09-16.csv","botno_2","botno_2__g3",12,"W_no",151,1
"6xyzc64h","M_no_W_no","portfolio_2026-09-16.csv","botno_2","botno_2__g4",12,"M_no",200,0
"566nkyxt","M_no_W_no","portfolio_2026-09-16.csv","botno_2","botno_2__g4",12,"M_no",193,-1
"uv69jk1p","M_no_W_no","portfolio_2026-09-16.csv","botno_2","botno_2__g4",12,"M_no",100,-1
"thfu25ei","M_no_W_no","portfolio_2026-09-16.csv","botno_2","botno_2__g4",12,"M_no",225,1
"008uq8bs","M_no_W_no","portfolio_2026-09-16.csv","botno_2","botno_2__g4",12,"M_no",300,1
"o4da1gkl","M_no_W_no","portfolio_2026-09-16.csv","botno_2","botno_2__g5",12,"M_no",300,1
"ilc2oqlq","M_no_W_no","portfolio_2026-09-16.csv","botno_2","botno_2__g5",12,"M_no",199,-1
"qcu0td0m","M_no_W_no","portfolio_2026-09-16.csv","botno_2","botno_2__g5",12,"M_no",300,1
"zcjv164s","M_no_W_no","portfolio_2026-09-16.csv","botno_2","botno_2__g5",12,"M_no",232,-1
"3g7fmbdb","M_no_W_no","portfolio_2026-09-16.csv","botno_2","botno_2__g5",12,"M_no",290,0
"o7pccht6","M_no_W_no","portfolio_2026-09-16.csv","botno_2","botno_2__g1",13,"W_no",150,-1
"xlysi5bz","M_no_W_no","portfolio_2026-09-16.csv","botno_2","botno_2__g1",13,"W_no",160,-1
"ktzkk4b7","M_no_W_no","portfolio_2026-09-16.csv","botno_2","botno_2__g1",13,"W_no",225,1
"unt4hlph","M_no_W_no","portfolio_2026-09-16.csv","botno_2","botno_2__g1",13,"W_no",300,1
"e3o1p3e6","M_no_W_no","portfolio_2026-09-16.csv","botno_2","botno_2__g1",13,"W_no",225,0
"0nzm25g8","M_no_W_no","portfolio_2026-09-16.csv","botno_2","botno_2__g2",13,"W_no",80,-1
"f8ff6plt","M_no_W_no","portfolio_2026-09-16.csv","botno_2","botno_2__g2",13,"W_no",100,1
"poc3kn08","M_no_W_no","portfolio_2026-09-16.csv","botno_2","botno_2__g2",13,"W_no",50,-1
"z9zrwosz","M_no_W_no","portfolio_2026-09-16.csv","botno_2","botno_2__g2",13,"W_no",120,1
"yldmtmxh","M_no_W_no","portfolio_2026-09-16.csv","botno_2","botno_2__g2",13,"W_no",91,0
"bjw1ymg6","M_no_W_no","portfolio_2026-09-16.csv","botno_2","botno_2__g3",13,"W_no",135,-1
"dxg47gml","M_no_W_no","portfolio_2026-09-16.csv","botno_2","botno_2__g3",13,"W_no",110,-1
"t47t8m59","M_no_W_no","portfolio_2026-09-16.csv","botno_2","botno_2__g3",13,"W_no",150,1
"2epyouig","M_no_W_no","portfolio_2026-09-16.csv","botno_2","botno_2__g3",13,"W_no",138,0
"107rd682","M_no_W_no","portfolio_2026-09-16.csv","botno_2","botno_2__g3",13,"W_no",141,1
"6xyzc64h","M_no_W_no","portfolio_2026-09-16.csv","botno_2","botno_2__g4",13,"M_no",204,0
"566nkyxt","M_no_W_no","portfolio_2026-09-16.csv","botno_2","botno_2__g4",13,"M_no",187,-1
"uv69jk1p","M_no_W_no","portfolio_2026-09-16.csv","botno_2","botno_2__g4",13,"M_no",150,-1
"thfu25ei","M_no_W_no","portfolio_2026-09-16.csv","botno_2","botno_2__g4",13,"M_no",210,1
"008uq8bs","M_no_W_no","portfolio_2026-09-16.csv","botno_2","botno_2__g4",13,"M_no",250,1
"o4da1gkl","M_no_W_no","portfolio_2026-09-16.csv","botno_2","botno_2__g5",13,"M_no",300,0
"ilc2oqlq","M_no_W_no","portfolio_2026-09-16.csv","botno_2","botno_2__g5",13,"M_no",249,-1
"qcu0td0m","M_no_W_no","portfolio_2026-09-16.csv","botno_2","botno_2__g5",13,"M_no",350,1
"zcjv164s","M_no_W_no","portfolio_2026-09-16.csv","botno_2","botno_2__g5",13,"M_no",280,-1
"3g7fmbdb","M_no_W_no","portfolio_2026-09-16.csv","botno_2","botno_2__g5",13,"M_no",310,1
"o7pccht6","M_no_W_no","portfolio_2026-09-16.csv","botno_2","botno_2__g1",14,"W_no",170,-1
"xlysi5bz","M_no_W_no","portfolio_2026-09-16.csv","botno_2","botno_2__g1",14,"W_no",190,-1
"ktzkk4b7","M_no_W_no","portfolio_2026-09-16.csv","botno_2","botno_2__g1",14,"W_no",200,0
"unt4hlph","M_no_W_no","portfolio_2026-09-16.csv","botno_2","botno_2__g1",14,"W_no",400,1
"e3o1p3e6","M_no_W_no","portfolio_2026-09-16.csv","botno_2","botno_2__g1",14,"W_no",300,1
"0nzm25g8","M_no_W_no","portfolio_2026-09-16.csv","botno_2","botno_2__g2",14,"W_no",110,1
"f8ff6plt","M_no_W_no","portfolio_2026-09-16.csv","botno_2","botno_2__g2",14,"W_no",100,0
"poc3kn08","M_no_W_no","portfolio_2026-09-16.csv","botno_2","botno_2__g2",14,"W_no",108,1
"z9zrwosz","M_no_W_no","portfolio_2026-09-16.csv","botno_2","botno_2__g2",14,"W_no",90,-1
"yldmtmxh","M_no_W_no","portfolio_2026-09-16.csv","botno_2","botno_2__g2",14,"W_no",94,-1
"bjw1ymg6","M_no_W_no","portfolio_2026-09-16.csv","botno_2","botno_2__g3",14,"W_no",135,-1
"dxg47gml","M_no_W_no","portfolio_2026-09-16.csv","botno_2","botno_2__g3",14,"W_no",110,-1
"t47t8m59","M_no_W_no","portfolio_2026-09-16.csv","botno_2","botno_2__g3",14,"W_no",142,1
"2epyouig","M_no_W_no","portfolio_2026-09-16.csv","botno_2","botno_2__g3",14,"W_no",135,0
"107rd682","M_no_W_no","portfolio_2026-09-16.csv","botno_2","botno_2__g3",14,"W_no",139,1
"6xyzc64h","M_no_W_no","portfolio_2026-09-16.csv","botno_2","botno_2__g4",14,"M_no",201,0
"566nkyxt","M_no_W_no","portfolio_2026-09-16.csv","botno_2","botno_2__g4",14,"M_no",199,-1
"uv69jk1p","M_no_W_no","portfolio_2026-09-16.csv","botno_2","botno_2__g4",14,"M_no",150,-1
"thfu25ei","M_no_W_no","portfolio_2026-09-16.csv","botno_2","botno_2__g4",14,"M_no",215,1
"008uq8bs","M_no_W_no","portfolio_2026-09-16.csv","botno_2","botno_2__g4",14,"M_no",210,1
"o4da1gkl","M_no_W_no","portfolio_2026-09-16.csv","botno_2","botno_2__g5",14,"M_no",300,-1
"ilc2oqlq","M_no_W_no","portfolio_2026-09-16.csv","botno_2","botno_2__g5",14,"M_no",269,-1
"qcu0td0m","M_no_W_no","portfolio_2026-09-16.csv","botno_2","botno_2__g5",14,"M_no",350,1
"zcjv164s","M_no_W_no","portfolio_2026-09-16.csv","botno_2","botno_2__g5",14,"M_no",310,0
"3g7fmbdb","M_no_W_no","portfolio_2026-09-16.csv","botno_2","botno_2__g5",14,"M_no",310,1
"o7pccht6","M_no_W_no","portfolio_2026-09-16.csv","botno_2","botno_2__g1",15,"W_no",160,-1
"xlysi5bz","M_no_W_no","portfolio_2026-09-16.csv","botno_2","botno_2__g1",15,"W_no",180,1
"ktzkk4b7","M_no_W_no","portfolio_2026-09-16.csv","botno_2","botno_2__g1",15,"W_no",245,1
"unt4hlph","M_no_W_no","portfolio_2026-09-16.csv","botno_2","botno_2__g1",15,"W_no",150,-1
"e3o1p3e6","M_no_W_no","portfolio_2026-09-16.csv","botno_2","botno_2__g1",15,"W_no",175,0
"0nzm25g8","M_no_W_no","portfolio_2026-09-16.csv","botno_2","botno_2__g2",15,"W_no",80,-1
"f8ff6plt","M_no_W_no","portfolio_2026-09-16.csv","botno_2","botno_2__g2",15,"W_no",100,1
"poc3kn08","M_no_W_no","portfolio_2026-09-16.csv","botno_2","botno_2__g2",15,"W_no",100,1
"z9zrwosz","M_no_W_no","portfolio_2026-09-16.csv","botno_2","botno_2__g2",15,"W_no",90,0
"yldmtmxh","M_no_W_no","portfolio_2026-09-16.csv","botno_2","botno_2__g2",15,"W_no",30,-1
"bjw1ymg6","M_no_W_no","portfolio_2026-09-16.csv","botno_2","botno_2__g3",15,"W_no",130,0
"dxg47gml","M_no_W_no","portfolio_2026-09-16.csv","botno_2","botno_2__g3",15,"W_no",100,-1
"t47t8m59","M_no_W_no","portfolio_2026-09-16.csv","botno_2","botno_2__g3",15,"W_no",139,1
"2epyouig","M_no_W_no","portfolio_2026-09-16.csv","botno_2","botno_2__g3",15,"W_no",130,-1
"107rd682","M_no_W_no","portfolio_2026-09-16.csv","botno_2","botno_2__g3",15,"W_no",136,1
"6xyzc64h","M_no_W_no","portfolio_2026-09-16.csv","botno_2","botno_2__g4",15,"M_no",206,0
"566nkyxt","M_no_W_no","portfolio_2026-09-16.csv","botno_2","botno_2__g4",15,"M_no",195,-1
"uv69jk1p","M_no_W_no","portfolio_2026-09-16.csv","botno_2","botno_2__g4",15,"M_no",200,-1
"thfu25ei","M_no_W_no","portfolio_2026-09-16.csv","botno_2","botno_2__g4",15,"M_no",206,1
"008uq8bs","M_no_W_no","portfolio_2026-09-16.csv","botno_2","botno_2__g4",15,"M_no",206,1
"o4da1gkl","M_no_W_no","portfolio_2026-09-16.csv","botno_2","botno_2__g5",15,"M_no",325,1
"ilc2oqlq","M_no_W_no","portfolio_2026-09-16.csv","botno_2","botno_2__g5",15,"M_no",269,-1
"qcu0td0m","M_no_W_no","portfolio_2026-09-16.csv","botno_2","botno_2__g5",15,"M_no",400,1
"zcjv164s","M_no_W_no","portfolio_2026-09-16.csv","botno_2","botno_2__g5",15,"M_no",220,-1
"3g7fmbdb","M_no_W_no","portfolio_2026-09-16.csv","botno_2","botno_2__g5",15,"M_no",313,0
"o7pccht6","M_no_W_no","portfolio_2026-09-16.csv","botno_2","botno_2__g1",16,"W_no",180,0
"xlysi5bz","M_no_W_no","portfolio_2026-09-16.csv","botno_2","botno_2__g1",16,"W_no",155,-1
"ktzkk4b7","M_no_W_no","portfolio_2026-09-16.csv","botno_2","botno_2__g1",16,"W_no",235,1
"unt4hlph","M_no_W_no","portfolio_2026-09-16.csv","botno_2","botno_2__g1",16,"W_no",150,-1
"e3o1p3e6","M_no_W_no","portfolio_2026-09-16.csv","botno_2","botno_2__g1",16,"W_no",200,1
"0nzm25g8","M_no_W_no","portfolio_2026-09-16.csv","botno_2","botno_2__g2",16,"W_no",110,1
"f8ff6plt","M_no_W_no","portfolio_2026-09-16.csv","botno_2","botno_2__g2",16,"W_no",100,1
"poc3kn08","M_no_W_no","portfolio_2026-09-16.csv","botno_2","botno_2__g2",16,"W_no",70,-1
"z9zrwosz","M_no_W_no","portfolio_2026-09-16.csv","botno_2","botno_2__g2",16,"W_no",80,0
"yldmtmxh","M_no_W_no","portfolio_2026-09-16.csv","botno_2","botno_2__g2",16,"W_no",25,-1
"bjw1ymg6","M_no_W_no","portfolio_2026-09-16.csv","botno_2","botno_2__g3",16,"W_no",128,0
"dxg47gml","M_no_W_no","portfolio_2026-09-16.csv","botno_2","botno_2__g3",16,"W_no",100,-1
"t47t8m59","M_no_W_no","portfolio_2026-09-16.csv","botno_2","botno_2__g3",16,"W_no",132,1
"2epyouig","M_no_W_no","portfolio_2026-09-16.csv","botno_2","botno_2__g3",16,"W_no",127,-1
"107rd682","M_no_W_no","portfolio_2026-09-16.csv","botno_2","botno_2__g3",16,"W_no",131,1
"6xyzc64h","M_no_W_no","portfolio_2026-09-16.csv","botno_2","botno_2__g4",16,"M_no",208,1
"566nkyxt","M_no_W_no","portfolio_2026-09-16.csv","botno_2","botno_2__g4",16,"M_no",199,-1
"uv69jk1p","M_no_W_no","portfolio_2026-09-16.csv","botno_2","botno_2__g4",16,"M_no",200,-1
"thfu25ei","M_no_W_no","portfolio_2026-09-16.csv","botno_2","botno_2__g4",16,"M_no",205,0
"008uq8bs","M_no_W_no","portfolio_2026-09-16.csv","botno_2","botno_2__g4",16,"M_no",207,1
"o4da1gkl","M_no_W_no","portfolio_2026-09-16.csv","botno_2","botno_2__g5",16,"M_no",300,0
"ilc2oqlq","M_no_W_no","portfolio_2026-09-16.csv","botno_2","botno_2__g5",16,"M_no",279,-1
"qcu0td0m","M_no_W_no","portfolio_2026-09-16.csv","botno_2","botno_2__g5",16,"M_no",360,1
"zcjv164s","M_no_W_no","portfolio_2026-09-16.csv","botno_2","botno_2__g5",16,"M_no",290,-1
"3g7fmbdb","M_no_W_no","portfolio_2026-09-16.csv","botno_2","botno_2__g5",16,"M_no",330,1
"o7pccht6","M_no_W_no","portfolio_2026-09-16.csv","botno_2","botno_2__g1",17,"W_no",173,0
"xlysi5bz","M_no_W_no","portfolio_2026-09-16.csv","botno_2","botno_2__g1",17,"W_no",160,-1
"ktzkk4b7","M_no_W_no","portfolio_2026-09-16.csv","botno_2","botno_2__g1",17,"W_no",215,1
"unt4hlph","M_no_W_no","portfolio_2026-09-16.csv","botno_2","botno_2__g1",17,"W_no",200,1
"e3o1p3e6","M_no_W_no","portfolio_2026-09-16.csv","botno_2","botno_2__g1",17,"W_no",160,-1
"0nzm25g8","M_no_W_no","portfolio_2026-09-16.csv","botno_2","botno_2__g2",17,"W_no",100,1
"f8ff6plt","M_no_W_no","portfolio_2026-09-16.csv","botno_2","botno_2__g2",17,"W_no",100,0
"poc3kn08","M_no_W_no","portfolio_2026-09-16.csv","botno_2","botno_2__g2",17,"W_no",113,1
"z9zrwosz","M_no_W_no","portfolio_2026-09-16.csv","botno_2","botno_2__g2",17,"W_no",90,-1
"yldmtmxh","M_no_W_no","portfolio_2026-09-16.csv","botno_2","botno_2__g2",17,"W_no",90,-1
"bjw1ymg6","M_no_W_no","portfolio_2026-09-16.csv","botno_2","botno_2__g3",17,"W_no",125,0
"dxg47gml","M_no_W_no","portfolio_2026-09-16.csv","botno_2","botno_2__g3",17,"W_no",80,-1
"t47t8m59","M_no_W_no","portfolio_2026-09-16.csv","botno_2","botno_2__g3",17,"W_no",131,1
"2epyouig","M_no_W_no","portfolio_2026-09-16.csv","botno_2","botno_2__g3",17,"W_no",125,-1
"107rd682","M_no_W_no","portfolio_2026-09-16.csv","botno_2","botno_2__g3",17,"W_no",129,1
"6xyzc64h","M_no_W_no","portfolio_2026-09-16.csv","botno_2","botno_2__g4",17,"M_no",203,0
"566nkyxt","M_no_W_no","portfolio_2026-09-16.csv","botno_2","botno_2__g4",17,"M_no",200,-1
"uv69jk1p","M_no_W_no","portfolio_2026-09-16.csv","botno_2","botno_2__g4",17,"M_no",200,-1
"thfu25ei","M_no_W_no","portfolio_2026-09-16.csv","botno_2","botno_2__g4",17,"M_no",208,1
"008uq8bs","M_no_W_no","portfolio_2026-09-16.csv","botno_2","botno_2__g4",17,"M_no",206,1
"o4da1gkl","M_no_W_no","portfolio_2026-09-16.csv","botno_2","botno_2__g5",17,"M_no",300,0
"ilc2oqlq","M_no_W_no","portfolio_2026-09-16.csv","botno_2","botno_2__g5",17,"M_no",279,-1
"qcu0td0m","M_no_W_no","portfolio_2026-09-16.csv","botno_2","botno_2__g5",17,"M_no",300,1
"zcjv164s","M_no_W_no","portfolio_2026-09-16.csv","botno_2","botno_2__g5",17,"M_no",289,-1
"3g7fmbdb","M_no_W_no","portfolio_2026-09-16.csv","botno_2","botno_2__g5",17,"M_no",310,1
"o7pccht6","M_no_W_no","portfolio_2026-09-16.csv","botno_2","botno_2__g1",18,"W_no",230,1
"xlysi5bz","M_no_W_no","portfolio_2026-09-16.csv","botno_2","botno_2__g1",18,"W_no",150,-1
"ktzkk4b7","M_no_W_no","portfolio_2026-09-16.csv","botno_2","botno_2__g1",18,"W_no",205,1
"unt4hlph","M_no_W_no","portfolio_2026-09-16.csv","botno_2","botno_2__g1",18,"W_no",150,-1
"e3o1p3e6","M_no_W_no","portfolio_2026-09-16.csv","botno_2","botno_2__g1",18,"W_no",170,0
"0nzm25g8","M_no_W_no","portfolio_2026-09-16.csv","botno_2","botno_2__g2",18,"W_no",90,-1
"f8ff6plt","M_no_W_no","portfolio_2026-09-16.csv","botno_2","botno_2__g2",18,"W_no",100,1
"poc3kn08","M_no_W_no","portfolio_2026-09-16.csv","botno_2","botno_2__g2",18,"W_no",100,0
"z9zrwosz","M_no_W_no","portfolio_2026-09-16.csv","botno_2","botno_2__g2",18,"W_no",80,-1
"yldmtmxh","M_no_W_no","portfolio_2026-09-16.csv","botno_2","botno_2__g2",18,"W_no",101,1
"bjw1ymg6","M_no_W_no","portfolio_2026-09-16.csv","botno_2","botno_2__g3",18,"W_no",120,-1
"dxg47gml","M_no_W_no","portfolio_2026-09-16.csv","botno_2","botno_2__g3",18,"W_no",90,-1
"t47t8m59","M_no_W_no","portfolio_2026-09-16.csv","botno_2","botno_2__g3",18,"W_no",127,1
"2epyouig","M_no_W_no","portfolio_2026-09-16.csv","botno_2","botno_2__g3",18,"W_no",123,0
"107rd682","M_no_W_no","portfolio_2026-09-16.csv","botno_2","botno_2__g3",18,"W_no",126,1
"6xyzc64h","M_no_W_no","portfolio_2026-09-16.csv","botno_2","botno_2__g4",18,"M_no",204,0
"566nkyxt","M_no_W_no","portfolio_2026-09-16.csv","botno_2","botno_2__g4",18,"M_no",200,-1
"uv69jk1p","M_no_W_no","portfolio_2026-09-16.csv","botno_2","botno_2__g4",18,"M_no",200,-1
"thfu25ei","M_no_W_no","portfolio_2026-09-16.csv","botno_2","botno_2__g4",18,"M_no",208,1
"008uq8bs","M_no_W_no","portfolio_2026-09-16.csv","botno_2","botno_2__g4",18,"M_no",204,1
"o4da1gkl","M_no_W_no","portfolio_2026-09-16.csv","botno_2","botno_2__g5",18,"M_no",325,1
"ilc2oqlq","M_no_W_no","portfolio_2026-09-16.csv","botno_2","botno_2__g5",18,"M_no",279,-1
"qcu0td0m","M_no_W_no","portfolio_2026-09-16.csv","botno_2","botno_2__g5",18,"M_no",300,0
"zcjv164s","M_no_W_no","portfolio_2026-09-16.csv","botno_2","botno_2__g5",18,"M_no",294,-1
"3g7fmbdb","M_no_W_no","portfolio_2026-09-16.csv","botno_2","botno_2__g5",18,"M_no",310,1
"o7pccht6","M_no_W_no","portfolio_2026-09-16.csv","botno_2","botno_2__g1",19,"W_no",190,0
"xlysi5bz","M_no_W_no","portfolio_2026-09-16.csv","botno_2","botno_2__g1",19,"W_no",160,-1
"ktzkk4b7","M_no_W_no","portfolio_2026-09-16.csv","botno_2","botno_2__g1",19,"W_no",205,1
"unt4hlph","M_no_W_no","portfolio_2026-09-16.csv","botno_2","botno_2__g1",19,"W_no",150,-1
"e3o1p3e6","M_no_W_no","portfolio_2026-09-16.csv","botno_2","botno_2__g1",19,"W_no",190,1
"0nzm25g8","M_no_W_no","portfolio_2026-09-16.csv","botno_2","botno_2__g2",19,"W_no",90,-1
"f8ff6plt","M_no_W_no","portfolio_2026-09-16.csv","botno_2","botno_2__g2",19,"W_no",100,0
"poc3kn08","M_no_W_no","portfolio_2026-09-16.csv","botno_2","botno_2__g2",19,"W_no",110,1
"z9zrwosz","M_no_W_no","portfolio_2026-09-16.csv","botno_2","botno_2__g2",19,"W_no",100,-1
"yldmtmxh","M_no_W_no","portfolio_2026-09-16.csv","botno_2","botno_2__g2",19,"W_no",101,1
"bjw1ymg6","M_no_W_no","portfolio_2026-09-16.csv","botno_2","botno_2__g3",19,"W_no",120,0
"dxg47gml","M_no_W_no","portfolio_2026-09-16.csv","botno_2","botno_2__g3",19,"W_no",88,-1
"t47t8m59","M_no_W_no","portfolio_2026-09-16.csv","botno_2","botno_2__g3",19,"W_no",125,1
"2epyouig","M_no_W_no","portfolio_2026-09-16.csv","botno_2","botno_2__g3",19,"W_no",120,-1
"107rd682","M_no_W_no","portfolio_2026-09-16.csv","botno_2","botno_2__g3",19,"W_no",124,1
"6xyzc64h","M_no_W_no","portfolio_2026-09-16.csv","botno_2","botno_2__g4",19,"M_no",205,1
"566nkyxt","M_no_W_no","portfolio_2026-09-16.csv","botno_2","botno_2__g4",19,"M_no",200,-1
"uv69jk1p","M_no_W_no","portfolio_2026-09-16.csv","botno_2","botno_2__g4",19,"M_no",200,-1
"thfu25ei","M_no_W_no","portfolio_2026-09-16.csv","botno_2","botno_2__g4",19,"M_no",206,1
"008uq8bs","M_no_W_no","portfolio_2026-09-16.csv","botno_2","botno_2__g4",19,"M_no",204,0
"o4da1gkl","M_no_W_no","portfolio_2026-09-16.csv","botno_2","botno_2__g5",19,"M_no",325,1
"ilc2oqlq","M_no_W_no","portfolio_2026-09-16.csv","botno_2","botno_2__g5",19,"M_no",279,-1
"qcu0td0m","M_no_W_no","portfolio_2026-09-16.csv","botno_2","botno_2__g5",19,"M_no",400,1
"zcjv164s","M_no_W_no","portfolio_2026-09-16.csv","botno_2","botno_2__g5",19,"M_no",290,-1
"3g7fmbdb","M_no_W_no","portfolio_2026-09-16.csv","botno_2","botno_2__g5",19,"M_no",313,0
"o7pccht6","M_no_W_no","portfolio_2026-09-16.csv","botno_2","botno_2__g1",20,"W_no",170,-1
"xlysi5bz","M_no_W_no","portfolio_2026-09-16.csv","botno_2","botno_2__g1",20,"W_no",165,-1
"ktzkk4b7","M_no_W_no","portfolio_2026-09-16.csv","botno_2","botno_2__g1",20,"W_no",205,1
"unt4hlph","M_no_W_no","portfolio_2026-09-16.csv","botno_2","botno_2__g1",20,"W_no",210,1
"e3o1p3e6","M_no_W_no","portfolio_2026-09-16.csv","botno_2","botno_2__g1",20,"W_no",170,0
"0nzm25g8","M_no_W_no","portfolio_2026-09-16.csv","botno_2","botno_2__g2",20,"W_no",110,1
"f8ff6plt","M_no_W_no","portfolio_2026-09-16.csv","botno_2","botno_2__g2",20,"W_no",100,-1
"poc3kn08","M_no_W_no","portfolio_2026-09-16.csv","botno_2","botno_2__g2",20,"W_no",98,-1
"z9zrwosz","M_no_W_no","portfolio_2026-09-16.csv","botno_2","botno_2__g2",20,"W_no",100,0
"yldmtmxh","M_no_W_no","portfolio_2026-09-16.csv","botno_2","botno_2__g2",20,"W_no",101,1
"bjw1ymg6","M_no_W_no","portfolio_2026-09-16.csv","botno_2","botno_2__g3",20,"W_no",130,1
"dxg47gml","M_no_W_no","portfolio_2026-09-16.csv","botno_2","botno_2__g3",20,"W_no",125,1
"t47t8m59","M_no_W_no","portfolio_2026-09-16.csv","botno_2","botno_2__g3",20,"W_no",122,0
"2epyouig","M_no_W_no","portfolio_2026-09-16.csv","botno_2","botno_2__g3",20,"W_no",115,-1
"107rd682","M_no_W_no","portfolio_2026-09-16.csv","botno_2","botno_2__g3",20,"W_no",121,-1
"6xyzc64h","M_no_W_no","portfolio_2026-09-16.csv","botno_2","botno_2__g4",20,"M_no",100,-1
"566nkyxt","M_no_W_no","portfolio_2026-09-16.csv","botno_2","botno_2__g4",20,"M_no",200,0
"uv69jk1p","M_no_W_no","portfolio_2026-09-16.csv","botno_2","botno_2__g4",20,"M_no",200,-1
"thfu25ei","M_no_W_no","portfolio_2026-09-16.csv","botno_2","botno_2__g4",20,"M_no",208,1
"008uq8bs","M_no_W_no","portfolio_2026-09-16.csv","botno_2","botno_2__g4",20,"M_no",206,1
"o4da1gkl","M_no_W_no","portfolio_2026-09-16.csv","botno_2","botno_2__g5",20,"M_no",300,-1
"ilc2oqlq","M_no_W_no","portfolio_2026-09-16.csv","botno_2","botno_2__g5",20,"M_no",279,-1
"qcu0td0m","M_no_W_no","portfolio_2026-09-16.csv","botno_2","botno_2__g5",20,"M_no",350,1
"zcjv164s","M_no_W_no","portfolio_2026-09-16.csv","botno_2","botno_2__g5",20,"M_no",309,0
"3g7fmbdb","M_no_W_no","portfolio_2026-09-16.csv","botno_2","botno_2__g5",20,"M_no",320,1
"2vm7punw","M_exp_W_no","portfolio_2026-09-14.csv","MeWno_1","MeWno_1__g1",11,"W_no",50,0
"wfmrxna9","M_exp_W_no","portfolio_2026-09-14.csv","MeWno_1","MeWno_1__g1",11,"W_no",1,-1
"s57od4iz","M_exp_W_no","portfolio_2026-09-14.csv","MeWno_1","MeWno_1__g1",11,"W_no",95,1
"sem2q323","M_exp_W_no","portfolio_2026-09-14.csv","MeWno_1","MeWno_1__g1",11,"W_no",1,-1
"pmhhauc6","M_exp_W_no","portfolio_2026-09-14.csv","MeWno_1","MeWno_1__g1",11,"W_no",105,1
"bc7n6071","M_exp_W_no","portfolio_2026-09-14.csv","MeWno_1","MeWno_1__g2",11,"M_exp",100,-1
"j2qhej8d","M_exp_W_no","portfolio_2026-09-14.csv","MeWno_1","MeWno_1__g2",11,"M_exp",401,1
"nt0omp7o","M_exp_W_no","portfolio_2026-09-14.csv","MeWno_1","MeWno_1__g2",11,"M_exp",300,0
"3vy48gux","M_exp_W_no","portfolio_2026-09-14.csv","MeWno_1","MeWno_1__g2",11,"M_exp",300,1
"zzkx5xsm","M_exp_W_no","portfolio_2026-09-14.csv","MeWno_1","MeWno_1__g2",11,"M_exp",300,-1
"qd0f31id","M_exp_W_no","portfolio_2026-09-14.csv","MeWno_1","MeWno_1__g3",11,"M_exp",290,-1
"gllc2565","M_exp_W_no","portfolio_2026-09-14.csv","MeWno_1","MeWno_1__g3",11,"M_exp",300,0
"k6q3olvt","M_exp_W_no","portfolio_2026-09-14.csv","MeWno_1","MeWno_1__g3",11,"M_exp",449,1
"h7g9h66e","M_exp_W_no","portfolio_2026-09-14.csv","MeWno_1","MeWno_1__g3",11,"M_exp",300,1
"ch700ni6","M_exp_W_no","portfolio_2026-09-14.csv","MeWno_1","MeWno_1__g3",11,"M_exp",120,-1
"5doee2qb","M_exp_W_no","portfolio_2026-09-14.csv","MeWno_1","MeWno_1__g4",11,"M_exp",350,1
"fjk39fjv","M_exp_W_no","portfolio_2026-09-14.csv","MeWno_1","MeWno_1__g4",11,"M_exp",200,-1
"uv9wmkop","M_exp_W_no","portfolio_2026-09-14.csv","MeWno_1","MeWno_1__g4",11,"M_exp",250,0
"tdb9pvu4","M_exp_W_no","portfolio_2026-09-14.csv","MeWno_1","MeWno_1__g4",11,"M_exp",125,-1
"vlzegfsh","M_exp_W_no","portfolio_2026-09-14.csv","MeWno_1","MeWno_1__g4",11,"M_exp",301,1
"vijmhlvg","M_exp_W_no","portfolio_2026-09-14.csv","MeWno_1","MeWno_1__g5",11,"W_no",110,-1
"8e240a8t","M_exp_W_no","portfolio_2026-09-14.csv","MeWno_1","MeWno_1__g5",11,"W_no",150,1
"djq10sre","M_exp_W_no","portfolio_2026-09-14.csv","MeWno_1","MeWno_1__g5",11,"W_no",110,0
"1rm0kasi","M_exp_W_no","portfolio_2026-09-14.csv","MeWno_1","MeWno_1__g5",11,"W_no",107,-1
"5ddpdjuo","M_exp_W_no","portfolio_2026-09-14.csv","MeWno_1","MeWno_1__g5",11,"W_no",118,1
"2vm7punw","M_exp_W_no","portfolio_2026-09-14.csv","MeWno_1","MeWno_1__g1",12,"W_no",40,-1
"wfmrxna9","M_exp_W_no","portfolio_2026-09-14.csv","MeWno_1","MeWno_1__g1",12,"W_no",599,1
"s57od4iz","M_exp_W_no","portfolio_2026-09-14.csv","MeWno_1","MeWno_1__g1",12,"W_no",49,-1
"sem2q323","M_exp_W_no","portfolio_2026-09-14.csv","MeWno_1","MeWno_1__g1",12,"W_no",50,0
"pmhhauc6","M_exp_W_no","portfolio_2026-09-14.csv","MeWno_1","MeWno_1__g1",12,"W_no",55,1
"bc7n6071","M_exp_W_no","portfolio_2026-09-14.csv","MeWno_1","MeWno_1__g2",12,"M_exp",400,1
"j2qhej8d","M_exp_W_no","portfolio_2026-09-14.csv","MeWno_1","MeWno_1__g2",12,"M_exp",367,1
"nt0omp7o","M_exp_W_no","portfolio_2026-09-14.csv","MeWno_1","MeWno_1__g2",12,"M_exp",310,-1
"3vy48gux","M_exp_W_no","portfolio_2026-09-14.csv","MeWno_1","MeWno_1__g2",12,"M_exp",350,0
"zzkx5xsm","M_exp_W_no","portfolio_2026-09-14.csv","MeWno_1","MeWno_1__g2",12,"M_exp",301,-1
"qd0f31id","M_exp_W_no","portfolio_2026-09-14.csv","MeWno_1","MeWno_1__g3",12,"M_exp",306,1
"gllc2565","M_exp_W_no","portfolio_2026-09-14.csv","MeWno_1","MeWno_1__g3",12,"M_exp",300,0
"k6q3olvt","M_exp_W_no","portfolio_2026-09-14.csv","MeWno_1","MeWno_1__g3",12,"M_exp",400,1
"h7g9h66e","M_exp_W_no","portfolio_2026-09-14.csv","MeWno_1","MeWno_1__g3",12,"M_exp",250,-1
"ch700ni6","M_exp_W_no","portfolio_2026-09-14.csv","MeWno_1","MeWno_1__g3",12,"M_exp",120,-1
"5doee2qb","M_exp_W_no","portfolio_2026-09-14.csv","MeWno_1","MeWno_1__g4",12,"M_exp",300,1
"fjk39fjv","M_exp_W_no","portfolio_2026-09-14.csv","MeWno_1","MeWno_1__g4",12,"M_exp",200,-1
"uv9wmkop","M_exp_W_no","portfolio_2026-09-14.csv","MeWno_1","MeWno_1__g4",12,"M_exp",225,0
"tdb9pvu4","M_exp_W_no","portfolio_2026-09-14.csv","MeWno_1","MeWno_1__g4",12,"M_exp",125,-1
"vlzegfsh","M_exp_W_no","portfolio_2026-09-14.csv","MeWno_1","MeWno_1__g4",12,"M_exp",251,1
"vijmhlvg","M_exp_W_no","portfolio_2026-09-14.csv","MeWno_1","MeWno_1__g5",12,"W_no",110,0
"8e240a8t","M_exp_W_no","portfolio_2026-09-14.csv","MeWno_1","MeWno_1__g5",12,"W_no",150,1
"djq10sre","M_exp_W_no","portfolio_2026-09-14.csv","MeWno_1","MeWno_1__g5",12,"W_no",108,-1
"1rm0kasi","M_exp_W_no","portfolio_2026-09-14.csv","MeWno_1","MeWno_1__g5",12,"W_no",109,-1
"5ddpdjuo","M_exp_W_no","portfolio_2026-09-14.csv","MeWno_1","MeWno_1__g5",12,"W_no",112,1
"2vm7punw","M_exp_W_no","portfolio_2026-09-14.csv","MeWno_1","MeWno_1__g1",13,"W_no",40,0
"wfmrxna9","M_exp_W_no","portfolio_2026-09-14.csv","MeWno_1","MeWno_1__g1",13,"W_no",1,-1
"s57od4iz","M_exp_W_no","portfolio_2026-09-14.csv","MeWno_1","MeWno_1__g1",13,"W_no",40,-1
"sem2q323","M_exp_W_no","portfolio_2026-09-14.csv","MeWno_1","MeWno_1__g1",13,"W_no",50,1
"pmhhauc6","M_exp_W_no","portfolio_2026-09-14.csv","MeWno_1","MeWno_1__g1",13,"W_no",50,1
"bc7n6071","M_exp_W_no","portfolio_2026-09-14.csv","MeWno_1","MeWno_1__g2",13,"M_exp",397,-1
"j2qhej8d","M_exp_W_no","portfolio_2026-09-14.csv","MeWno_1","MeWno_1__g2",13,"M_exp",376,-1
"nt0omp7o","M_exp_W_no","portfolio_2026-09-14.csv","MeWno_1","MeWno_1__g2",13,"M_exp",445,1
"3vy48gux","M_exp_W_no","portfolio_2026-09-14.csv","MeWno_1","MeWno_1__g2",13,"M_exp",420,1
"zzkx5xsm","M_exp_W_no","portfolio_2026-09-14.csv","MeWno_1","MeWno_1__g2",13,"M_exp",400,0
"qd0f31id","M_exp_W_no","portfolio_2026-09-14.csv","MeWno_1","MeWno_1__g3",13,"M_exp",299,-1
"gllc2565","M_exp_W_no","portfolio_2026-09-14.csv","MeWno_1","MeWno_1__g3",13,"M_exp",300,0
"k6q3olvt","M_exp_W_no","portfolio_2026-09-14.csv","MeWno_1","MeWno_1__g3",13,"M_exp",316,1
"h7g9h66e","M_exp_W_no","portfolio_2026-09-14.csv","MeWno_1","MeWno_1__g3",13,"M_exp",310,1
"ch700ni6","M_exp_W_no","portfolio_2026-09-14.csv","MeWno_1","MeWno_1__g3",13,"M_exp",120,-1
"5doee2qb","M_exp_W_no","portfolio_2026-09-14.csv","MeWno_1","MeWno_1__g4",13,"M_exp",240,1
"fjk39fjv","M_exp_W_no","portfolio_2026-09-14.csv","MeWno_1","MeWno_1__g4",13,"M_exp",195,-1
"uv9wmkop","M_exp_W_no","portfolio_2026-09-14.csv","MeWno_1","MeWno_1__g4",13,"M_exp",225,1
"tdb9pvu4","M_exp_W_no","portfolio_2026-09-14.csv","MeWno_1","MeWno_1__g4",13,"M_exp",125,-1
"vlzegfsh","M_exp_W_no","portfolio_2026-09-14.csv","MeWno_1","MeWno_1__g4",13,"M_exp",215,0
"vijmhlvg","M_exp_W_no","portfolio_2026-09-14.csv","MeWno_1","MeWno_1__g5",13,"W_no",102,-1
"8e240a8t","M_exp_W_no","portfolio_2026-09-14.csv","MeWno_1","MeWno_1__g5",13,"W_no",130,1
"djq10sre","M_exp_W_no","portfolio_2026-09-14.csv","MeWno_1","MeWno_1__g5",13,"W_no",108,0
"1rm0kasi","M_exp_W_no","portfolio_2026-09-14.csv","MeWno_1","MeWno_1__g5",13,"W_no",104,-1
"5ddpdjuo","M_exp_W_no","portfolio_2026-09-14.csv","MeWno_1","MeWno_1__g5",13,"W_no",112,1
"2vm7punw","M_exp_W_no","portfolio_2026-09-14.csv","MeWno_1","MeWno_1__g1",14,"W_no",30,-1
"wfmrxna9","M_exp_W_no","portfolio_2026-09-14.csv","MeWno_1","MeWno_1__g1",14,"W_no",599,1
"s57od4iz","M_exp_W_no","portfolio_2026-09-14.csv","MeWno_1","MeWno_1__g1",14,"W_no",20,-1
"sem2q323","M_exp_W_no","portfolio_2026-09-14.csv","MeWno_1","MeWno_1__g1",14,"W_no",45,1
"pmhhauc6","M_exp_W_no","portfolio_2026-09-14.csv","MeWno_1","MeWno_1__g1",14,"W_no",40,0
"bc7n6071","M_exp_W_no","portfolio_2026-09-14.csv","MeWno_1","MeWno_1__g2",14,"M_exp",400,-1
"j2qhej8d","M_exp_W_no","portfolio_2026-09-14.csv","MeWno_1","MeWno_1__g2",14,"M_exp",401,0
"nt0omp7o","M_exp_W_no","portfolio_2026-09-14.csv","MeWno_1","MeWno_1__g2",14,"M_exp",400,-1
"3vy48gux","M_exp_W_no","portfolio_2026-09-14.csv","MeWno_1","MeWno_1__g2",14,"M_exp",460,1
"zzkx5xsm","M_exp_W_no","portfolio_2026-09-14.csv","MeWno_1","MeWno_1__g2",14,"M_exp",410,1
"qd0f31id","M_exp_W_no","portfolio_2026-09-14.csv","MeWno_1","MeWno_1__g3",14,"M_exp",301,1
"gllc2565","M_exp_W_no","portfolio_2026-09-14.csv","MeWno_1","MeWno_1__g3",14,"M_exp",300,1
"k6q3olvt","M_exp_W_no","portfolio_2026-09-14.csv","MeWno_1","MeWno_1__g3",14,"M_exp",150,-1
"h7g9h66e","M_exp_W_no","portfolio_2026-09-14.csv","MeWno_1","MeWno_1__g3",14,"M_exp",250,0
"ch700ni6","M_exp_W_no","portfolio_2026-09-14.csv","MeWno_1","MeWno_1__g3",14,"M_exp",130,-1
"5doee2qb","M_exp_W_no","portfolio_2026-09-14.csv","MeWno_1","MeWno_1__g4",14,"M_exp",225,1
"fjk39fjv","M_exp_W_no","portfolio_2026-09-14.csv","MeWno_1","MeWno_1__g4",14,"M_exp",195,-1
"uv9wmkop","M_exp_W_no","portfolio_2026-09-14.csv","MeWno_1","MeWno_1__g4",14,"M_exp",220,1
"tdb9pvu4","M_exp_W_no","portfolio_2026-09-14.csv","MeWno_1","MeWno_1__g4",14,"M_exp",125,-1
"vlzegfsh","M_exp_W_no","portfolio_2026-09-14.csv","MeWno_1","MeWno_1__g4",14,"M_exp",215,0
"vijmhlvg","M_exp_W_no","portfolio_2026-09-14.csv","MeWno_1","MeWno_1__g5",14,"W_no",105,-1
"8e240a8t","M_exp_W_no","portfolio_2026-09-14.csv","MeWno_1","MeWno_1__g5",14,"W_no",250,1
"djq10sre","M_exp_W_no","portfolio_2026-09-14.csv","MeWno_1","MeWno_1__g5",14,"W_no",106,0
"1rm0kasi","M_exp_W_no","portfolio_2026-09-14.csv","MeWno_1","MeWno_1__g5",14,"W_no",100,-1
"5ddpdjuo","M_exp_W_no","portfolio_2026-09-14.csv","MeWno_1","MeWno_1__g5",14,"W_no",110,1
"2vm7punw","M_exp_W_no","portfolio_2026-09-14.csv","MeWno_1","MeWno_1__g1",15,"W_no",29,-1
"wfmrxna9","M_exp_W_no","portfolio_2026-09-14.csv","MeWno_1","MeWno_1__g1",15,"W_no",1,-1
"s57od4iz","M_exp_W_no","portfolio_2026-09-14.csv","MeWno_1","MeWno_1__g1",15,"W_no",50,1
"sem2q323","M_exp_W_no","portfolio_2026-09-14.csv","MeWno_1","MeWno_1__g1",15,"W_no",30,0
"pmhhauc6","M_exp_W_no","portfolio_2026-09-14.csv","MeWno_1","MeWno_1__g1",15,"W_no",42,1
"bc7n6071","M_exp_W_no","portfolio_2026-09-14.csv","MeWno_1","MeWno_1__g2",15,"M_exp",100,-1
"j2qhej8d","M_exp_W_no","portfolio_2026-09-14.csv","MeWno_1","MeWno_1__g2",15,"M_exp",401,0
"nt0omp7o","M_exp_W_no","portfolio_2026-09-14.csv","MeWno_1","MeWno_1__g2",15,"M_exp",400,-1
"3vy48gux","M_exp_W_no","portfolio_2026-09-14.csv","MeWno_1","MeWno_1__g2",15,"M_exp",450,1
"zzkx5xsm","M_exp_W_no","portfolio_2026-09-14.csv","MeWno_1","MeWno_1__g2",15,"M_exp",410,1
"qd0f31id","M_exp_W_no","portfolio_2026-09-14.csv","MeWno_1","MeWno_1__g3",15,"M_exp",250,0
"gllc2565","M_exp_W_no","portfolio_2026-09-14.csv","MeWno_1","MeWno_1__g3",15,"M_exp",275,1
"k6q3olvt","M_exp_W_no","portfolio_2026-09-14.csv","MeWno_1","MeWno_1__g3",15,"M_exp",425,1
"h7g9h66e","M_exp_W_no","portfolio_2026-09-14.csv","MeWno_1","MeWno_1__g3",15,"M_exp",200,-1
"ch700ni6","M_exp_W_no","portfolio_2026-09-14.csv","MeWno_1","MeWno_1__g3",15,"M_exp",120,-1
"5doee2qb","M_exp_W_no","portfolio_2026-09-14.csv","MeWno_1","MeWno_1__g4",15,"M_exp",225,1
"fjk39fjv","M_exp_W_no","portfolio_2026-09-14.csv","MeWno_1","MeWno_1__g4",15,"M_exp",195,-1
"uv9wmkop","M_exp_W_no","portfolio_2026-09-14.csv","MeWno_1","MeWno_1__g4",15,"M_exp",220,1
"tdb9pvu4","M_exp_W_no","portfolio_2026-09-14.csv","MeWno_1","MeWno_1__g4",15,"M_exp",125,-1
"vlzegfsh","M_exp_W_no","portfolio_2026-09-14.csv","MeWno_1","MeWno_1__g4",15,"M_exp",220,0
"vijmhlvg","M_exp_W_no","portfolio_2026-09-14.csv","MeWno_1","MeWno_1__g5",15,"W_no",102,0
"8e240a8t","M_exp_W_no","portfolio_2026-09-14.csv","MeWno_1","MeWno_1__g5",15,"W_no",100,-1
"djq10sre","M_exp_W_no","portfolio_2026-09-14.csv","MeWno_1","MeWno_1__g5",15,"W_no",104,1
"1rm0kasi","M_exp_W_no","portfolio_2026-09-14.csv","MeWno_1","MeWno_1__g5",15,"W_no",100,-1
"5ddpdjuo","M_exp_W_no","portfolio_2026-09-14.csv","MeWno_1","MeWno_1__g5",15,"W_no",105,1
"2vm7punw","M_exp_W_no","portfolio_2026-09-14.csv","MeWno_1","MeWno_1__g1",16,"W_no",19,-1
"wfmrxna9","M_exp_W_no","portfolio_2026-09-14.csv","MeWno_1","MeWno_1__g1",16,"W_no",599,1
"s57od4iz","M_exp_W_no","portfolio_2026-09-14.csv","MeWno_1","MeWno_1__g1",16,"W_no",32,1
"sem2q323","M_exp_W_no","portfolio_2026-09-14.csv","MeWno_1","MeWno_1__g1",16,"W_no",25,-1
"pmhhauc6","M_exp_W_no","portfolio_2026-09-14.csv","MeWno_1","MeWno_1__g1",16,"W_no",30,0
"bc7n6071","M_exp_W_no","portfolio_2026-09-14.csv","MeWno_1","MeWno_1__g2",16,"M_exp",400,-1
"j2qhej8d","M_exp_W_no","portfolio_2026-09-14.csv","MeWno_1","MeWno_1__g2",16,"M_exp",402,1
"nt0omp7o","M_exp_W_no","portfolio_2026-09-14.csv","MeWno_1","MeWno_1__g2",16,"M_exp",400,0
"3vy48gux","M_exp_W_no","portfolio_2026-09-14.csv","MeWno_1","MeWno_1__g2",16,"M_exp",455,1
"zzkx5xsm","M_exp_W_no","portfolio_2026-09-14.csv","MeWno_1","MeWno_1__g2",16,"M_exp",300,-1
"qd0f31id","M_exp_W_no","portfolio_2026-09-14.csv","MeWno_1","MeWno_1__g3",16,"M_exp",250,0
"gllc2565","M_exp_W_no","portfolio_2026-09-14.csv","MeWno_1","MeWno_1__g3",16,"M_exp",255,1
"k6q3olvt","M_exp_W_no","portfolio_2026-09-14.csv","MeWno_1","MeWno_1__g3",16,"M_exp",240,-1
"h7g9h66e","M_exp_W_no","portfolio_2026-09-14.csv","MeWno_1","MeWno_1__g3",16,"M_exp",300,1
"ch700ni6","M_exp_W_no","portfolio_2026-09-14.csv","MeWno_1","MeWno_1__g3",16,"M_exp",120,-1
"5doee2qb","M_exp_W_no","portfolio_2026-09-14.csv","MeWno_1","MeWno_1__g4",16,"M_exp",230,1
"fjk39fjv","M_exp_W_no","portfolio_2026-09-14.csv","MeWno_1","MeWno_1__g4",16,"M_exp",205,-1
"uv9wmkop","M_exp_W_no","portfolio_2026-09-14.csv","MeWno_1","MeWno_1__g4",16,"M_exp",221,0
"tdb9pvu4","M_exp_W_no","portfolio_2026-09-14.csv","MeWno_1","MeWno_1__g4",16,"M_exp",125,-1
"vlzegfsh","M_exp_W_no","portfolio_2026-09-14.csv","MeWno_1","MeWno_1__g4",16,"M_exp",240,1
"vijmhlvg","M_exp_W_no","portfolio_2026-09-14.csv","MeWno_1","MeWno_1__g5",16,"W_no",100,-1
"8e240a8t","M_exp_W_no","portfolio_2026-09-14.csv","MeWno_1","MeWno_1__g5",16,"W_no",150,1
"djq10sre","M_exp_W_no","portfolio_2026-09-14.csv","MeWno_1","MeWno_1__g5",16,"W_no",110,1
"1rm0kasi","M_exp_W_no","portfolio_2026-09-14.csv","MeWno_1","MeWno_1__g5",16,"W_no",96,-1
"5ddpdjuo","M_exp_W_no","portfolio_2026-09-14.csv","MeWno_1","MeWno_1__g5",16,"W_no",103,0
"2vm7punw","M_exp_W_no","portfolio_2026-09-14.csv","MeWno_1","MeWno_1__g1",17,"W_no",19,0
"wfmrxna9","M_exp_W_no","portfolio_2026-09-14.csv","MeWno_1","MeWno_1__g1",17,"W_no",1,-1
"s57od4iz","M_exp_W_no","portfolio_2026-09-14.csv","MeWno_1","MeWno_1__g1",17,"W_no",1,-1
"sem2q323","M_exp_W_no","portfolio_2026-09-14.csv","MeWno_1","MeWno_1__g1",17,"W_no",25,1
"pmhhauc6","M_exp_W_no","portfolio_2026-09-14.csv","MeWno_1","MeWno_1__g1",17,"W_no",32,1
"bc7n6071","M_exp_W_no","portfolio_2026-09-14.csv","MeWno_1","MeWno_1__g2",17,"M_exp",400,-1
"j2qhej8d","M_exp_W_no","portfolio_2026-09-14.csv","MeWno_1","MeWno_1__g2",17,"M_exp",405,1
"nt0omp7o","M_exp_W_no","portfolio_2026-09-14.csv","MeWno_1","MeWno_1__g2",17,"M_exp",399,-1
"3vy48gux","M_exp_W_no","portfolio_2026-09-14.csv","MeWno_1","MeWno_1__g2",17,"M_exp",460,1
"zzkx5xsm","M_exp_W_no","portfolio_2026-09-14.csv","MeWno_1","MeWno_1__g2",17,"M_exp",405,0
"qd0f31id","M_exp_W_no","portfolio_2026-09-14.csv","MeWno_1","MeWno_1__g3",17,"M_exp",250,1
"gllc2565","M_exp_W_no","portfolio_2026-09-14.csv","MeWno_1","MeWno_1__g3",17,"M_exp",250,0
"k6q3olvt","M_exp_W_no","portfolio_2026-09-14.csv","MeWno_1","MeWno_1__g3",17,"M_exp",260,1
"h7g9h66e","M_exp_W_no","portfolio_2026-09-14.csv","MeWno_1","MeWno_1__g3",17,"M_exp",200,-1
"ch700ni6","M_exp_W_no","portfolio_2026-09-14.csv","MeWno_1","MeWno_1__g3",17,"M_exp",120,-1
"5doee2qb","M_exp_W_no","portfolio_2026-09-14.csv","MeWno_1","MeWno_1__g4",17,"M_exp",231,1
"fjk39fjv","M_exp_W_no","portfolio_2026-09-14.csv","MeWno_1","MeWno_1__g4",17,"M_exp",215,-1
"uv9wmkop","M_exp_W_no","portfolio_2026-09-14.csv","MeWno_1","MeWno_1__g4",17,"M_exp",224,0
"tdb9pvu4","M_exp_W_no","portfolio_2026-09-14.csv","MeWno_1","MeWno_1__g4",17,"M_exp",125,-1
"vlzegfsh","M_exp_W_no","portfolio_2026-09-14.csv","MeWno_1","MeWno_1__g4",17,"M_exp",230,1
"vijmhlvg","M_exp_W_no","portfolio_2026-09-14.csv","MeWno_1","MeWno_1__g5",17,"W_no",100,-1
"8e240a8t","M_exp_W_no","portfolio_2026-09-14.csv","MeWno_1","MeWno_1__g5",17,"W_no",104,-1
"djq10sre","M_exp_W_no","portfolio_2026-09-14.csv","MeWno_1","MeWno_1__g5",17,"W_no",110,1
"1rm0kasi","M_exp_W_no","portfolio_2026-09-14.csv","MeWno_1","MeWno_1__g5",17,"W_no",199,1
"5ddpdjuo","M_exp_W_no","portfolio_2026-09-14.csv","MeWno_1","MeWno_1__g5",17,"W_no",105,0
"2vm7punw","M_exp_W_no","portfolio_2026-09-14.csv","MeWno_1","MeWno_1__g1",18,"W_no",9,-1
"wfmrxna9","M_exp_W_no","portfolio_2026-09-14.csv","MeWno_1","MeWno_1__g1",18,"W_no",599,1
"s57od4iz","M_exp_W_no","portfolio_2026-09-14.csv","MeWno_1","MeWno_1__g1",18,"W_no",10,-1
"sem2q323","M_exp_W_no","portfolio_2026-09-14.csv","MeWno_1","MeWno_1__g1",18,"W_no",15,0
"pmhhauc6","M_exp_W_no","portfolio_2026-09-14.csv","MeWno_1","MeWno_1__g1",18,"W_no",20,1
"bc7n6071","M_exp_W_no","portfolio_2026-09-14.csv","MeWno_1","MeWno_1__g2",18,"M_exp",450,1
"j2qhej8d","M_exp_W_no","portfolio_2026-09-14.csv","MeWno_1","MeWno_1__g2",18,"M_exp",406,1
"nt0omp7o","M_exp_W_no","portfolio_2026-09-14.csv","MeWno_1","MeWno_1__g2",18,"M_exp",400,-1
"3vy48gux","M_exp_W_no","portfolio_2026-09-14.csv","MeWno_1","MeWno_1__g2",18,"M_exp",395,-1
"zzkx5xsm","M_exp_W_no","portfolio_2026-09-14.csv","MeWno_1","MeWno_1__g2",18,"M_exp",400,0
"qd0f31id","M_exp_W_no","portfolio_2026-09-14.csv","MeWno_1","MeWno_1__g3",18,"M_exp",249,-1
"gllc2565","M_exp_W_no","portfolio_2026-09-14.csv","MeWno_1","MeWno_1__g3",18,"M_exp",250,0
"k6q3olvt","M_exp_W_no","portfolio_2026-09-14.csv","MeWno_1","MeWno_1__g3",18,"M_exp",260,1
"h7g9h66e","M_exp_W_no","portfolio_2026-09-14.csv","MeWno_1","MeWno_1__g3",18,"M_exp",290,1
"ch700ni6","M_exp_W_no","portfolio_2026-09-14.csv","MeWno_1","MeWno_1__g3",18,"M_exp",120,-1
"5doee2qb","M_exp_W_no","portfolio_2026-09-14.csv","MeWno_1","MeWno_1__g4",18,"M_exp",230,1
"fjk39fjv","M_exp_W_no","portfolio_2026-09-14.csv","MeWno_1","MeWno_1__g4",18,"M_exp",220,-1
"uv9wmkop","M_exp_W_no","portfolio_2026-09-14.csv","MeWno_1","MeWno_1__g4",18,"M_exp",228,0
"tdb9pvu4","M_exp_W_no","portfolio_2026-09-14.csv","MeWno_1","MeWno_1__g4",18,"M_exp",125,-1
"vlzegfsh","M_exp_W_no","portfolio_2026-09-14.csv","MeWno_1","MeWno_1__g4",18,"M_exp",235,1
"vijmhlvg","M_exp_W_no","portfolio_2026-09-14.csv","MeWno_1","MeWno_1__g5",18,"W_no",102,0
"8e240a8t","M_exp_W_no","portfolio_2026-09-14.csv","MeWno_1","MeWno_1__g5",18,"W_no",100,-1
"djq10sre","M_exp_W_no","portfolio_2026-09-14.csv","MeWno_1","MeWno_1__g5",18,"W_no",110,1
"1rm0kasi","M_exp_W_no","portfolio_2026-09-14.csv","MeWno_1","MeWno_1__g5",18,"W_no",99,-1
"5ddpdjuo","M_exp_W_no","portfolio_2026-09-14.csv","MeWno_1","MeWno_1__g5",18,"W_no",107,1
"2vm7punw","M_exp_W_no","portfolio_2026-09-14.csv","MeWno_1","MeWno_1__g1",19,"W_no",9,-1
"wfmrxna9","M_exp_W_no","portfolio_2026-09-14.csv","MeWno_1","MeWno_1__g1",19,"W_no",1,-1
"s57od4iz","M_exp_W_no","portfolio_2026-09-14.csv","MeWno_1","MeWno_1__g1",19,"W_no",10,0
"sem2q323","M_exp_W_no","portfolio_2026-09-14.csv","MeWno_1","MeWno_1__g1",19,"W_no",10,1
"pmhhauc6","M_exp_W_no","portfolio_2026-09-14.csv","MeWno_1","MeWno_1__g1",19,"W_no",15,1
"bc7n6071","M_exp_W_no","portfolio_2026-09-14.csv","MeWno_1","MeWno_1__g2",19,"M_exp",450,1
"j2qhej8d","M_exp_W_no","portfolio_2026-09-14.csv","MeWno_1","MeWno_1__g2",19,"M_exp",406,1
"nt0omp7o","M_exp_W_no","portfolio_2026-09-14.csv","MeWno_1","MeWno_1__g2",19,"M_exp",399,-1
"3vy48gux","M_exp_W_no","portfolio_2026-09-14.csv","MeWno_1","MeWno_1__g2",19,"M_exp",393,-1
"zzkx5xsm","M_exp_W_no","portfolio_2026-09-14.csv","MeWno_1","MeWno_1__g2",19,"M_exp",405,0
"qd0f31id","M_exp_W_no","portfolio_2026-09-14.csv","MeWno_1","MeWno_1__g3",19,"M_exp",251,1
"gllc2565","M_exp_W_no","portfolio_2026-09-14.csv","MeWno_1","MeWno_1__g3",19,"M_exp",250,1
"k6q3olvt","M_exp_W_no","portfolio_2026-09-14.csv","MeWno_1","MeWno_1__g3",19,"M_exp",250,0
"h7g9h66e","M_exp_W_no","portfolio_2026-09-14.csv","MeWno_1","MeWno_1__g3",19,"M_exp",240,-1
"ch700ni6","M_exp_W_no","portfolio_2026-09-14.csv","MeWno_1","MeWno_1__g3",19,"M_exp",120,-1
"5doee2qb","M_exp_W_no","portfolio_2026-09-14.csv","MeWno_1","MeWno_1__g4",19,"M_exp",238,1
"fjk39fjv","M_exp_W_no","portfolio_2026-09-14.csv","MeWno_1","MeWno_1__g4",19,"M_exp",223,-1
"uv9wmkop","M_exp_W_no","portfolio_2026-09-14.csv","MeWno_1","MeWno_1__g4",19,"M_exp",235,0
"tdb9pvu4","M_exp_W_no","portfolio_2026-09-14.csv","MeWno_1","MeWno_1__g4",19,"M_exp",125,-1
"vlzegfsh","M_exp_W_no","portfolio_2026-09-14.csv","MeWno_1","MeWno_1__g4",19,"M_exp",238,1
"vijmhlvg","M_exp_W_no","portfolio_2026-09-14.csv","MeWno_1","MeWno_1__g5",19,"W_no",99,-1
"8e240a8t","M_exp_W_no","portfolio_2026-09-14.csv","MeWno_1","MeWno_1__g5",19,"W_no",102,0
"djq10sre","M_exp_W_no","portfolio_2026-09-14.csv","MeWno_1","MeWno_1__g5",19,"W_no",110,1
"1rm0kasi","M_exp_W_no","portfolio_2026-09-14.csv","MeWno_1","MeWno_1__g5",19,"W_no",99,-1
"5ddpdjuo","M_exp_W_no","portfolio_2026-09-14.csv","MeWno_1","MeWno_1__g5",19,"W_no",105,1
"2vm7punw","M_exp_W_no","portfolio_2026-09-14.csv","MeWno_1","MeWno_1__g1",20,"W_no",20,1
"wfmrxna9","M_exp_W_no","portfolio_2026-09-14.csv","MeWno_1","MeWno_1__g1",20,"W_no",599,1
"s57od4iz","M_exp_W_no","portfolio_2026-09-14.csv","MeWno_1","MeWno_1__g1",20,"W_no",1,-1
"sem2q323","M_exp_W_no","portfolio_2026-09-14.csv","MeWno_1","MeWno_1__g1",20,"W_no",5,-1
"pmhhauc6","M_exp_W_no","portfolio_2026-09-14.csv","MeWno_1","MeWno_1__g1",20,"W_no",11,0
"bc7n6071","M_exp_W_no","portfolio_2026-09-14.csv","MeWno_1","MeWno_1__g2",20,"M_exp",450,1
"j2qhej8d","M_exp_W_no","portfolio_2026-09-14.csv","MeWno_1","MeWno_1__g2",20,"M_exp",407,1
"nt0omp7o","M_exp_W_no","portfolio_2026-09-14.csv","MeWno_1","MeWno_1__g2",20,"M_exp",399,0
"3vy48gux","M_exp_W_no","portfolio_2026-09-14.csv","MeWno_1","MeWno_1__g2",20,"M_exp",399,-1
"zzkx5xsm","M_exp_W_no","portfolio_2026-09-14.csv","MeWno_1","MeWno_1__g2",20,"M_exp",200,-1
"qd0f31id","M_exp_W_no","portfolio_2026-09-14.csv","MeWno_1","MeWno_1__g3",20,"M_exp",250,0
"gllc2565","M_exp_W_no","portfolio_2026-09-14.csv","MeWno_1","MeWno_1__g3",20,"M_exp",250,-1
"k6q3olvt","M_exp_W_no","portfolio_2026-09-14.csv","MeWno_1","MeWno_1__g3",20,"M_exp",260,1
"h7g9h66e","M_exp_W_no","portfolio_2026-09-14.csv","MeWno_1","MeWno_1__g3",20,"M_exp",260,1
"ch700ni6","M_exp_W_no","portfolio_2026-09-14.csv","MeWno_1","MeWno_1__g3",20,"M_exp",120,-1
"5doee2qb","M_exp_W_no","portfolio_2026-09-14.csv","MeWno_1","MeWno_1__g4",20,"M_exp",250,1
"fjk39fjv","M_exp_W_no","portfolio_2026-09-14.csv","MeWno_1","MeWno_1__g4",20,"M_exp",232,-1
"uv9wmkop","M_exp_W_no","portfolio_2026-09-14.csv","MeWno_1","MeWno_1__g4",20,"M_exp",250,1
"tdb9pvu4","M_exp_W_no","portfolio_2026-09-14.csv","MeWno_1","MeWno_1__g4",20,"M_exp",125,-1
"vlzegfsh","M_exp_W_no","portfolio_2026-09-14.csv","MeWno_1","MeWno_1__g4",20,"M_exp",246,0
"vijmhlvg","M_exp_W_no","portfolio_2026-09-14.csv","MeWno_1","MeWno_1__g5",20,"W_no",99,-1
"8e240a8t","M_exp_W_no","portfolio_2026-09-14.csv","MeWno_1","MeWno_1__g5",20,"W_no",103,1
"djq10sre","M_exp_W_no","portfolio_2026-09-14.csv","MeWno_1","MeWno_1__g5",20,"W_no",110,1
"1rm0kasi","M_exp_W_no","portfolio_2026-09-14.csv","MeWno_1","MeWno_1__g5",20,"W_no",99,-1
"5ddpdjuo","M_exp_W_no","portfolio_2026-09-14.csv","MeWno_1","MeWno_1__g5",20,"W_no",103,0
"cfn8fv6w","M_exp_W_no","portfolio_2026-09-14.csv","MeWno_2","MeWno_2__g1",11,"W_no",50,0
"a1q00v4p","M_exp_W_no","portfolio_2026-09-14.csv","MeWno_2","MeWno_2__g1",11,"W_no",10,-1
"rucumqi6","M_exp_W_no","portfolio_2026-09-14.csv","MeWno_2","MeWno_2__g1",11,"W_no",1,-1
"lbzqe7lh","M_exp_W_no","portfolio_2026-09-14.csv","MeWno_2","MeWno_2__g1",11,"W_no",100,1
"i42igenv","M_exp_W_no","portfolio_2026-09-14.csv","MeWno_2","MeWno_2__g1",11,"W_no",100,1
"2nkc141x","M_exp_W_no","portfolio_2026-09-14.csv","MeWno_2","MeWno_2__g2",11,"M_exp",300,0
"oqud1wxk","M_exp_W_no","portfolio_2026-09-14.csv","MeWno_2","MeWno_2__g2",11,"M_exp",350,1
"a6q31ex7","M_exp_W_no","portfolio_2026-09-14.csv","MeWno_2","MeWno_2__g2",11,"M_exp",396,1
"o60mnzij","M_exp_W_no","portfolio_2026-09-14.csv","MeWno_2","MeWno_2__g2",11,"M_exp",250,-1
"bnt5i99k","M_exp_W_no","portfolio_2026-09-14.csv","MeWno_2","MeWno_2__g2",11,"M_exp",1,-1
"zrywj9fx","M_exp_W_no","portfolio_2026-09-14.csv","MeWno_2","MeWno_2__g3",11,"W_no",160,1
"i44g0thi","M_exp_W_no","portfolio_2026-09-14.csv","MeWno_2","MeWno_2__g3",11,"W_no",140,-1
"s9ryf5kv","M_exp_W_no","portfolio_2026-09-14.csv","MeWno_2","MeWno_2__g3",11,"W_no",150,0
"oe31za5u","M_exp_W_no","portfolio_2026-09-14.csv","MeWno_2","MeWno_2__g3",11,"W_no",220,1
"v86y9zyn","M_exp_W_no","portfolio_2026-09-14.csv","MeWno_2","MeWno_2__g3",11,"W_no",115,-1
"3p6ks3hb","M_exp_W_no","portfolio_2026-09-14.csv","MeWno_2","MeWno_2__g4",11,"W_no",205,1
"y5kgtmfb","M_exp_W_no","portfolio_2026-09-14.csv","MeWno_2","MeWno_2__g4",11,"W_no",140,-1
"ebzeqzcf","M_exp_W_no","portfolio_2026-09-14.csv","MeWno_2","MeWno_2__g4",11,"W_no",148,-1
"pb6d6kev","M_exp_W_no","portfolio_2026-09-14.csv","MeWno_2","MeWno_2__g4",11,"W_no",200,1
"m8xnbw73","M_exp_W_no","portfolio_2026-09-14.csv","MeWno_2","MeWno_2__g4",11,"W_no",200,0
"an9ihpoe","M_exp_W_no","portfolio_2026-09-14.csv","MeWno_2","MeWno_2__g5",11,"M_exp",450,1
"rbyuqaqn","M_exp_W_no","portfolio_2026-09-14.csv","MeWno_2","MeWno_2__g5",11,"M_exp",450,0
"3pb269ab","M_exp_W_no","portfolio_2026-09-14.csv","MeWno_2","MeWno_2__g5",11,"M_exp",350,-1
"ewpd3m8q","M_exp_W_no","portfolio_2026-09-14.csv","MeWno_2","MeWno_2__g5",11,"M_exp",450,1
"0tv7bd9u","M_exp_W_no","portfolio_2026-09-14.csv","MeWno_2","MeWno_2__g5",11,"M_exp",170,-1
"cfn8fv6w","M_exp_W_no","portfolio_2026-09-14.csv","MeWno_2","MeWno_2__g1",12,"W_no",75,1
"a1q00v4p","M_exp_W_no","portfolio_2026-09-14.csv","MeWno_2","MeWno_2__g1",12,"W_no",20,-1
"rucumqi6","M_exp_W_no","portfolio_2026-09-14.csv","MeWno_2","MeWno_2__g1",12,"W_no",200,1
"lbzqe7lh","M_exp_W_no","portfolio_2026-09-14.csv","MeWno_2","MeWno_2__g1",12,"W_no",45,-1
"i42igenv","M_exp_W_no","portfolio_2026-09-14.csv","MeWno_2","MeWno_2__g1",12,"W_no",70,0
"2nkc141x","M_exp_W_no","portfolio_2026-09-14.csv","MeWno_2","MeWno_2__g2",12,"M_exp",400,1
"oqud1wxk","M_exp_W_no","portfolio_2026-09-14.csv","MeWno_2","MeWno_2__g2",12,"M_exp",300,-1
"a6q31ex7","M_exp_W_no","portfolio_2026-09-14.csv","MeWno_2","MeWno_2__g2",12,"M_exp",350,0
"o60mnzij","M_exp_W_no","portfolio_2026-09-14.csv","MeWno_2","MeWno_2__g2",12,"M_exp",400,1
"bnt5i99k","M_exp_W_no","portfolio_2026-09-14.csv","MeWno_2","MeWno_2__g2",12,"M_exp",1,-1
"zrywj9fx","M_exp_W_no","portfolio_2026-09-14.csv","MeWno_2","MeWno_2__g3",12,"W_no",151,0
"i44g0thi","M_exp_W_no","portfolio_2026-09-14.csv","MeWno_2","MeWno_2__g3",12,"W_no",165,1
"s9ryf5kv","M_exp_W_no","portfolio_2026-09-14.csv","MeWno_2","MeWno_2__g3",12,"W_no",130,-1
"oe31za5u","M_exp_W_no","portfolio_2026-09-14.csv","MeWno_2","MeWno_2__g3",12,"W_no",155,1
"v86y9zyn","M_exp_W_no","portfolio_2026-09-14.csv","MeWno_2","MeWno_2__g3",12,"W_no",120,-1
"3p6ks3hb","M_exp_W_no","portfolio_2026-09-14.csv","MeWno_2","MeWno_2__g4",12,"W_no",261,1
"y5kgtmfb","M_exp_W_no","portfolio_2026-09-14.csv","MeWno_2","MeWno_2__g4",12,"W_no",175,0
"ebzeqzcf","M_exp_W_no","portfolio_2026-09-14.csv","MeWno_2","MeWno_2__g4",12,"W_no",170,-1
"pb6d6kev","M_exp_W_no","portfolio_2026-09-14.csv","MeWno_2","MeWno_2__g4",12,"W_no",199,1
"m8xnbw73","M_exp_W_no","portfolio_2026-09-14.csv","MeWno_2","MeWno_2__g4",12,"W_no",100,-1
"an9ihpoe","M_exp_W_no","portfolio_2026-09-14.csv","MeWno_2","MeWno_2__g5",12,"M_exp",450,0
"rbyuqaqn","M_exp_W_no","portfolio_2026-09-14.csv","MeWno_2","MeWno_2__g5",12,"M_exp",460,1
"3pb269ab","M_exp_W_no","portfolio_2026-09-14.csv","MeWno_2","MeWno_2__g5",12,"M_exp",451,1
"ewpd3m8q","M_exp_W_no","portfolio_2026-09-14.csv","MeWno_2","MeWno_2__g5",12,"M_exp",450,-1
"0tv7bd9u","M_exp_W_no","portfolio_2026-09-14.csv","MeWno_2","MeWno_2__g5",12,"M_exp",170,-1
"cfn8fv6w","M_exp_W_no","portfolio_2026-09-14.csv","MeWno_2","MeWno_2__g1",13,"W_no",45,-1
"a1q00v4p","M_exp_W_no","portfolio_2026-09-14.csv","MeWno_2","MeWno_2__g1",13,"W_no",20,-1
"rucumqi6","M_exp_W_no","portfolio_2026-09-14.csv","MeWno_2","MeWno_2__g1",13,"W_no",100,1
"lbzqe7lh","M_exp_W_no","portfolio_2026-09-14.csv","MeWno_2","MeWno_2__g1",13,"W_no",55,0
"i42igenv","M_exp_W_no","portfolio_2026-09-14.csv","MeWno_2","MeWno_2__g1",13,"W_no",85,1
"2nkc141x","M_exp_W_no","portfolio_2026-09-14.csv","MeWno_2","MeWno_2__g2",13,"M_exp",400,1
"oqud1wxk","M_exp_W_no","portfolio_2026-09-14.csv","MeWno_2","MeWno_2__g2",13,"M_exp",400,0
"a6q31ex7","M_exp_W_no","portfolio_2026-09-14.csv","MeWno_2","MeWno_2__g2",13,"M_exp",450,1
"o60mnzij","M_exp_W_no","portfolio_2026-09-14.csv","MeWno_2","MeWno_2__g2",13,"M_exp",250,-1
"bnt5i99k","M_exp_W_no","portfolio_2026-09-14.csv","MeWno_2","MeWno_2__g2",13,"M_exp",1,-1
"zrywj9fx","M_exp_W_no","portfolio_2026-09-14.csv","MeWno_2","MeWno_2__g3",13,"W_no",155,1
"i44g0thi","M_exp_W_no","portfolio_2026-09-14.csv","MeWno_2","MeWno_2__g3",13,"W_no",145,-1
"s9ryf5kv","M_exp_W_no","portfolio_2026-09-14.csv","MeWno_2","MeWno_2__g3",13,"W_no",150,0
"oe31za5u","M_exp_W_no","portfolio_2026-09-14.csv","MeWno_2","MeWno_2__g3",13,"W_no",154,1
"v86y9zyn","M_exp_W_no","portfolio_2026-09-14.csv","MeWno_2","MeWno_2__g3",13,"W_no",140,-1
"3p6ks3hb","M_exp_W_no","portfolio_2026-09-14.csv","MeWno_2","MeWno_2__g4",13,"W_no",236,1
"y5kgtmfb","M_exp_W_no","portfolio_2026-09-14.csv","MeWno_2","MeWno_2__g4",13,"W_no",150,-1
"ebzeqzcf","M_exp_W_no","portfolio_2026-09-14.csv","MeWno_2","MeWno_2__g4",13,"W_no",171,0
"pb6d6kev","M_exp_W_no","portfolio_2026-09-14.csv","MeWno_2","MeWno_2__g4",13,"W_no",148,-1
"m8xnbw73","M_exp_W_no","portfolio_2026-09-14.csv","MeWno_2","MeWno_2__g4",13,"W_no",180,1
"an9ihpoe","M_exp_W_no","portfolio_2026-09-14.csv","MeWno_2","MeWno_2__g5",13,"M_exp",450,-1
"rbyuqaqn","M_exp_W_no","portfolio_2026-09-14.csv","MeWno_2","MeWno_2__g5",13,"M_exp",460,1
"3pb269ab","M_exp_W_no","portfolio_2026-09-14.csv","MeWno_2","MeWno_2__g5",13,"M_exp",451,0
"ewpd3m8q","M_exp_W_no","portfolio_2026-09-14.csv","MeWno_2","MeWno_2__g5",13,"M_exp",500,1
"0tv7bd9u","M_exp_W_no","portfolio_2026-09-14.csv","MeWno_2","MeWno_2__g5",13,"M_exp",170,-1
"cfn8fv6w","M_exp_W_no","portfolio_2026-09-14.csv","MeWno_2","MeWno_2__g1",14,"W_no",30,-1
"a1q00v4p","M_exp_W_no","portfolio_2026-09-14.csv","MeWno_2","MeWno_2__g1",14,"W_no",20,-1
"rucumqi6","M_exp_W_no","portfolio_2026-09-14.csv","MeWno_2","MeWno_2__g1",14,"W_no",100,1
"lbzqe7lh","M_exp_W_no","portfolio_2026-09-14.csv","MeWno_2","MeWno_2__g1",14,"W_no",55,0
"i42igenv","M_exp_W_no","portfolio_2026-09-14.csv","MeWno_2","MeWno_2__g1",14,"W_no",90,1
"2nkc141x","M_exp_W_no","portfolio_2026-09-14.csv","MeWno_2","MeWno_2__g2",14,"M_exp",500,1
"oqud1wxk","M_exp_W_no","portfolio_2026-09-14.csv","MeWno_2","MeWno_2__g2",14,"M_exp",450,0
"a6q31ex7","M_exp_W_no","portfolio_2026-09-14.csv","MeWno_2","MeWno_2__g2",14,"M_exp",500,1
"o60mnzij","M_exp_W_no","portfolio_2026-09-14.csv","MeWno_2","MeWno_2__g2",14,"M_exp",400,-1
"bnt5i99k","M_exp_W_no","portfolio_2026-09-14.csv","MeWno_2","MeWno_2__g2",14,"M_exp",1,-1
"zrywj9fx","M_exp_W_no","portfolio_2026-09-14.csv","MeWno_2","MeWno_2__g3",14,"W_no",151,1
"i44g0thi","M_exp_W_no","portfolio_2026-09-14.csv","MeWno_2","MeWno_2__g3",14,"W_no",155,1
"s9ryf5kv","M_exp_W_no","portfolio_2026-09-14.csv","MeWno_2","MeWno_2__g3",14,"W_no",150,-1
"oe31za5u","M_exp_W_no","portfolio_2026-09-14.csv","MeWno_2","MeWno_2__g3",14,"W_no",150,0
"v86y9zyn","M_exp_W_no","portfolio_2026-09-14.csv","MeWno_2","MeWno_2__g3",14,"W_no",140,-1
"3p6ks3hb","M_exp_W_no","portfolio_2026-09-14.csv","MeWno_2","MeWno_2__g4",14,"W_no",138,-1
"y5kgtmfb","M_exp_W_no","portfolio_2026-09-14.csv","MeWno_2","MeWno_2__g4",14,"W_no",165,-1
"ebzeqzcf","M_exp_W_no","portfolio_2026-09-14.csv","MeWno_2","MeWno_2__g4",14,"W_no",169,1
"pb6d6kev","M_exp_W_no","portfolio_2026-09-14.csv","MeWno_2","MeWno_2__g4",14,"W_no",168,0
"m8xnbw73","M_exp_W_no","portfolio_2026-09-14.csv","MeWno_2","MeWno_2__g4",14,"W_no",180,1
"an9ihpoe","M_exp_W_no","portfolio_2026-09-14.csv","MeWno_2","MeWno_2__g5",14,"M_exp",452,0
"rbyuqaqn","M_exp_W_no","portfolio_2026-09-14.csv","MeWno_2","MeWno_2__g5",14,"M_exp",460,1
"3pb269ab","M_exp_W_no","portfolio_2026-09-14.csv","MeWno_2","MeWno_2__g5",14,"M_exp",451,-1
"ewpd3m8q","M_exp_W_no","portfolio_2026-09-14.csv","MeWno_2","MeWno_2__g5",14,"M_exp",475,1
"0tv7bd9u","M_exp_W_no","portfolio_2026-09-14.csv","MeWno_2","MeWno_2__g5",14,"M_exp",170,-1
"cfn8fv6w","M_exp_W_no","portfolio_2026-09-14.csv","MeWno_2","MeWno_2__g1",15,"W_no",100,1
"a1q00v4p","M_exp_W_no","portfolio_2026-09-14.csv","MeWno_2","MeWno_2__g1",15,"W_no",20,-1
"rucumqi6","M_exp_W_no","portfolio_2026-09-14.csv","MeWno_2","MeWno_2__g1",15,"W_no",50,0
"lbzqe7lh","M_exp_W_no","portfolio_2026-09-14.csv","MeWno_2","MeWno_2__g1",15,"W_no",50,-1
"i42igenv","M_exp_W_no","portfolio_2026-09-14.csv","MeWno_2","MeWno_2__g1",15,"W_no",75,1
"2nkc141x","M_exp_W_no","portfolio_2026-09-14.csv","MeWno_2","MeWno_2__g2",15,"M_exp",500,1
"oqud1wxk","M_exp_W_no","portfolio_2026-09-14.csv","MeWno_2","MeWno_2__g2",15,"M_exp",500,1
"a6q31ex7","M_exp_W_no","portfolio_2026-09-14.csv","MeWno_2","MeWno_2__g2",15,"M_exp",300,0
"o60mnzij","M_exp_W_no","portfolio_2026-09-14.csv","MeWno_2","MeWno_2__g2",15,"M_exp",250,-1
"bnt5i99k","M_exp_W_no","portfolio_2026-09-14.csv","MeWno_2","MeWno_2__g2",15,"M_exp",1,-1
"zrywj9fx","M_exp_W_no","portfolio_2026-09-14.csv","MeWno_2","MeWno_2__g3",15,"W_no",151,1
"i44g0thi","M_exp_W_no","portfolio_2026-09-14.csv","MeWno_2","MeWno_2__g3",15,"W_no",145,-1
"s9ryf5kv","M_exp_W_no","portfolio_2026-09-14.csv","MeWno_2","MeWno_2__g3",15,"W_no",149,0
"oe31za5u","M_exp_W_no","portfolio_2026-09-14.csv","MeWno_2","MeWno_2__g3",15,"W_no",145,-1
"v86y9zyn","M_exp_W_no","portfolio_2026-09-14.csv","MeWno_2","MeWno_2__g3",15,"W_no",151,1
"3p6ks3hb","M_exp_W_no","portfolio_2026-09-14.csv","MeWno_2","MeWno_2__g4",15,"W_no",187,1
"y5kgtmfb","M_exp_W_no","portfolio_2026-09-14.csv","MeWno_2","MeWno_2__g4",15,"W_no",160,-1
"ebzeqzcf","M_exp_W_no","portfolio_2026-09-14.csv","MeWno_2","MeWno_2__g4",15,"W_no",160,-1
"pb6d6kev","M_exp_W_no","portfolio_2026-09-14.csv","MeWno_2","MeWno_2__g4",15,"W_no",165,0
"m8xnbw73","M_exp_W_no","portfolio_2026-09-14.csv","MeWno_2","MeWno_2__g4",15,"W_no",180,1
"an9ihpoe","M_exp_W_no","portfolio_2026-09-14.csv","MeWno_2","MeWno_2__g5",15,"M_exp",454,0
"rbyuqaqn","M_exp_W_no","portfolio_2026-09-14.csv","MeWno_2","MeWno_2__g5",15,"M_exp",455,1
"3pb269ab","M_exp_W_no","portfolio_2026-09-14.csv","MeWno_2","MeWno_2__g5",15,"M_exp",453,-1
"ewpd3m8q","M_exp_W_no","portfolio_2026-09-14.csv","MeWno_2","MeWno_2__g5",15,"M_exp",470,1
"0tv7bd9u","M_exp_W_no","portfolio_2026-09-14.csv","MeWno_2","MeWno_2__g5",15,"M_exp",170,-1
"cfn8fv6w","M_exp_W_no","portfolio_2026-09-14.csv","MeWno_2","MeWno_2__g1",16,"W_no",10,-1
"a1q00v4p","M_exp_W_no","portfolio_2026-09-14.csv","MeWno_2","MeWno_2__g1",16,"W_no",20,-1
"rucumqi6","M_exp_W_no","portfolio_2026-09-14.csv","MeWno_2","MeWno_2__g1",16,"W_no",100,1
"lbzqe7lh","M_exp_W_no","portfolio_2026-09-14.csv","MeWno_2","MeWno_2__g1",16,"W_no",49,0
"i42igenv","M_exp_W_no","portfolio_2026-09-14.csv","MeWno_2","MeWno_2__g1",16,"W_no",55,1
"2nkc141x","M_exp_W_no","portfolio_2026-09-14.csv","MeWno_2","MeWno_2__g2",16,"M_exp",400,1
"oqud1wxk","M_exp_W_no","portfolio_2026-09-14.csv","MeWno_2","MeWno_2__g2",16,"M_exp",350,0
"a6q31ex7","M_exp_W_no","portfolio_2026-09-14.csv","MeWno_2","MeWno_2__g2",16,"M_exp",150,-1
"o60mnzij","M_exp_W_no","portfolio_2026-09-14.csv","MeWno_2","MeWno_2__g2",16,"M_exp",400,1
"bnt5i99k","M_exp_W_no","portfolio_2026-09-14.csv","MeWno_2","MeWno_2__g2",16,"M_exp",1,-1
"zrywj9fx","M_exp_W_no","portfolio_2026-09-14.csv","MeWno_2","MeWno_2__g3",16,"W_no",148,0
"i44g0thi","M_exp_W_no","portfolio_2026-09-14.csv","MeWno_2","MeWno_2__g3",16,"W_no",155,1
"s9ryf5kv","M_exp_W_no","portfolio_2026-09-14.csv","MeWno_2","MeWno_2__g3",16,"W_no",145,-1
"oe31za5u","M_exp_W_no","portfolio_2026-09-14.csv","MeWno_2","MeWno_2__g3",16,"W_no",146,-1
"v86y9zyn","M_exp_W_no","portfolio_2026-09-14.csv","MeWno_2","MeWno_2__g3",16,"W_no",149,1
"3p6ks3hb","M_exp_W_no","portfolio_2026-09-14.csv","MeWno_2","MeWno_2__g4",16,"W_no",175,1
"y5kgtmfb","M_exp_W_no","portfolio_2026-09-14.csv","MeWno_2","MeWno_2__g4",16,"W_no",160,-1
"ebzeqzcf","M_exp_W_no","portfolio_2026-09-14.csv","MeWno_2","MeWno_2__g4",16,"W_no",160,0
"pb6d6kev","M_exp_W_no","portfolio_2026-09-14.csv","MeWno_2","MeWno_2__g4",16,"W_no",150,-1
"m8xnbw73","M_exp_W_no","portfolio_2026-09-14.csv","MeWno_2","MeWno_2__g4",16,"W_no",170,1
"an9ihpoe","M_exp_W_no","portfolio_2026-09-14.csv","MeWno_2","MeWno_2__g5",16,"M_exp",460,1
"rbyuqaqn","M_exp_W_no","portfolio_2026-09-14.csv","MeWno_2","MeWno_2__g5",16,"M_exp",455,0
"3pb269ab","M_exp_W_no","portfolio_2026-09-14.csv","MeWno_2","MeWno_2__g5",16,"M_exp",455,1
"ewpd3m8q","M_exp_W_no","portfolio_2026-09-14.csv","MeWno_2","MeWno_2__g5",16,"M_exp",450,-1
"0tv7bd9u","M_exp_W_no","portfolio_2026-09-14.csv","MeWno_2","MeWno_2__g5",16,"M_exp",170,-1
"cfn8fv6w","M_exp_W_no","portfolio_2026-09-14.csv","MeWno_2","MeWno_2__g1",17,"W_no",51,1
"a1q00v4p","M_exp_W_no","portfolio_2026-09-14.csv","MeWno_2","MeWno_2__g1",17,"W_no",20,-1
"rucumqi6","M_exp_W_no","portfolio_2026-09-14.csv","MeWno_2","MeWno_2__g1",17,"W_no",100,1
"lbzqe7lh","M_exp_W_no","portfolio_2026-09-14.csv","MeWno_2","MeWno_2__g1",17,"W_no",45,0
"i42igenv","M_exp_W_no","portfolio_2026-09-14.csv","MeWno_2","MeWno_2__g1",17,"W_no",35,-1
"2nkc141x","M_exp_W_no","portfolio_2026-09-14.csv","MeWno_2","MeWno_2__g2",17,"M_exp",400,1
"oqud1wxk","M_exp_W_no","portfolio_2026-09-14.csv","MeWno_2","MeWno_2__g2",17,"M_exp",400,1
"a6q31ex7","M_exp_W_no","portfolio_2026-09-14.csv","MeWno_2","MeWno_2__g2",17,"M_exp",250,-1
"o60mnzij","M_exp_W_no","portfolio_2026-09-14.csv","MeWno_2","MeWno_2__g2",17,"M_exp",350,0
"bnt5i99k","M_exp_W_no","portfolio_2026-09-14.csv","MeWno_2","MeWno_2__g2",17,"M_exp",1,-1
"zrywj9fx","M_exp_W_no","portfolio_2026-09-14.csv","MeWno_2","MeWno_2__g3",17,"W_no",144,-1
"i44g0thi","M_exp_W_no","portfolio_2026-09-14.csv","MeWno_2","MeWno_2__g3",17,"W_no",145,-1
"s9ryf5kv","M_exp_W_no","portfolio_2026-09-14.csv","MeWno_2","MeWno_2__g3",17,"W_no",145,1
"oe31za5u","M_exp_W_no","portfolio_2026-09-14.csv","MeWno_2","MeWno_2__g3",17,"W_no",147,1
"v86y9zyn","M_exp_W_no","portfolio_2026-09-14.csv","MeWno_2","MeWno_2__g3",17,"W_no",145,0
"3p6ks3hb","M_exp_W_no","portfolio_2026-09-14.csv","MeWno_2","MeWno_2__g4",17,"W_no",196,1
"y5kgtmfb","M_exp_W_no","portfolio_2026-09-14.csv","MeWno_2","MeWno_2__g4",17,"W_no",160,-1
"ebzeqzcf","M_exp_W_no","portfolio_2026-09-14.csv","MeWno_2","MeWno_2__g4",17,"W_no",160,0
"pb6d6kev","M_exp_W_no","portfolio_2026-09-14.csv","MeWno_2","MeWno_2__g4",17,"W_no",155,-1
"m8xnbw73","M_exp_W_no","portfolio_2026-09-14.csv","MeWno_2","MeWno_2__g4",17,"W_no",170,1
"an9ihpoe","M_exp_W_no","portfolio_2026-09-14.csv","MeWno_2","MeWno_2__g5",17,"M_exp",460,1
"rbyuqaqn","M_exp_W_no","portfolio_2026-09-14.csv","MeWno_2","MeWno_2__g5",17,"M_exp",459,1
"3pb269ab","M_exp_W_no","portfolio_2026-09-14.csv","MeWno_2","MeWno_2__g5",17,"M_exp",457,0
"ewpd3m8q","M_exp_W_no","portfolio_2026-09-14.csv","MeWno_2","MeWno_2__g5",17,"M_exp",450,-1
"0tv7bd9u","M_exp_W_no","portfolio_2026-09-14.csv","MeWno_2","MeWno_2__g5",17,"M_exp",170,-1
"cfn8fv6w","M_exp_W_no","portfolio_2026-09-14.csv","MeWno_2","MeWno_2__g1",18,"W_no",50,1
"a1q00v4p","M_exp_W_no","portfolio_2026-09-14.csv","MeWno_2","MeWno_2__g1",18,"W_no",20,-1
"rucumqi6","M_exp_W_no","portfolio_2026-09-14.csv","MeWno_2","MeWno_2__g1",18,"W_no",200,1
"lbzqe7lh","M_exp_W_no","portfolio_2026-09-14.csv","MeWno_2","MeWno_2__g1",18,"W_no",44,-1
"i42igenv","M_exp_W_no","portfolio_2026-09-14.csv","MeWno_2","MeWno_2__g1",18,"W_no",45,0
"2nkc141x","M_exp_W_no","portfolio_2026-09-14.csv","MeWno_2","MeWno_2__g2",18,"M_exp",500,1
"oqud1wxk","M_exp_W_no","portfolio_2026-09-14.csv","MeWno_2","MeWno_2__g2",18,"M_exp",350,1
"a6q31ex7","M_exp_W_no","portfolio_2026-09-14.csv","MeWno_2","MeWno_2__g2",18,"M_exp",300,-1
"o60mnzij","M_exp_W_no","portfolio_2026-09-14.csv","MeWno_2","MeWno_2__g2",18,"M_exp",300,0
"bnt5i99k","M_exp_W_no","portfolio_2026-09-14.csv","MeWno_2","MeWno_2__g2",18,"M_exp",300,-1
"zrywj9fx","M_exp_W_no","portfolio_2026-09-14.csv","MeWno_2","MeWno_2__g3",18,"W_no",146,1
"i44g0thi","M_exp_W_no","portfolio_2026-09-14.csv","MeWno_2","MeWno_2__g3",18,"W_no",155,1
"s9ryf5kv","M_exp_W_no","portfolio_2026-09-14.csv","MeWno_2","MeWno_2__g3",18,"W_no",130,-1
"oe31za5u","M_exp_W_no","portfolio_2026-09-14.csv","MeWno_2","MeWno_2__g3",18,"W_no",143,0
"v86y9zyn","M_exp_W_no","portfolio_2026-09-14.csv","MeWno_2","MeWno_2__g3",18,"W_no",141,-1
"3p6ks3hb","M_exp_W_no","portfolio_2026-09-14.csv","MeWno_2","MeWno_2__g4",18,"W_no",158,-1
"y5kgtmfb","M_exp_W_no","portfolio_2026-09-14.csv","MeWno_2","MeWno_2__g4",18,"W_no",160,0
"ebzeqzcf","M_exp_W_no","portfolio_2026-09-14.csv","MeWno_2","MeWno_2__g4",18,"W_no",159,-1
"pb6d6kev","M_exp_W_no","portfolio_2026-09-14.csv","MeWno_2","MeWno_2__g4",18,"W_no",165,1
"m8xnbw73","M_exp_W_no","portfolio_2026-09-14.csv","MeWno_2","MeWno_2__g4",18,"W_no",170,1
"an9ihpoe","M_exp_W_no","portfolio_2026-09-14.csv","MeWno_2","MeWno_2__g5",18,"M_exp",455,-1
"rbyuqaqn","M_exp_W_no","portfolio_2026-09-14.csv","MeWno_2","MeWno_2__g5",18,"M_exp",458,0
"3pb269ab","M_exp_W_no","portfolio_2026-09-14.csv","MeWno_2","MeWno_2__g5",18,"M_exp",460,1
"ewpd3m8q","M_exp_W_no","portfolio_2026-09-14.csv","MeWno_2","MeWno_2__g5",18,"M_exp",500,1
"0tv7bd9u","M_exp_W_no","portfolio_2026-09-14.csv","MeWno_2","MeWno_2__g5",18,"M_exp",170,-1
"cfn8fv6w","M_exp_W_no","portfolio_2026-09-14.csv","MeWno_2","MeWno_2__g1",19,"W_no",50,0
"a1q00v4p","M_exp_W_no","portfolio_2026-09-14.csv","MeWno_2","MeWno_2__g1",19,"W_no",10,-1
"rucumqi6","M_exp_W_no","portfolio_2026-09-14.csv","MeWno_2","MeWno_2__g1",19,"W_no",50,1
"lbzqe7lh","M_exp_W_no","portfolio_2026-09-14.csv","MeWno_2","MeWno_2__g1",19,"W_no",44,-1
"i42igenv","M_exp_W_no","portfolio_2026-09-14.csv","MeWno_2","MeWno_2__g1",19,"W_no",50,1
"2nkc141x","M_exp_W_no","portfolio_2026-09-14.csv","MeWno_2","MeWno_2__g2",19,"M_exp",350,1
"oqud1wxk","M_exp_W_no","portfolio_2026-09-14.csv","MeWno_2","MeWno_2__g2",19,"M_exp",300,-1
"a6q31ex7","M_exp_W_no","portfolio_2026-09-14.csv","MeWno_2","MeWno_2__g2",19,"M_exp",450,1
"o60mnzij","M_exp_W_no","portfolio_2026-09-14.csv","MeWno_2","MeWno_2__g2",19,"M_exp",350,0
"bnt5i99k","M_exp_W_no","portfolio_2026-09-14.csv","MeWno_2","MeWno_2__g2",19,"M_exp",1,-1
"zrywj9fx","M_exp_W_no","portfolio_2026-09-14.csv","MeWno_2","MeWno_2__g3",19,"W_no",146,1
"i44g0thi","M_exp_W_no","portfolio_2026-09-14.csv","MeWno_2","MeWno_2__g3",19,"W_no",135,-1
"s9ryf5kv","M_exp_W_no","portfolio_2026-09-14.csv","MeWno_2","MeWno_2__g3",19,"W_no",140,-1
"oe31za5u","M_exp_W_no","portfolio_2026-09-14.csv","MeWno_2","MeWno_2__g3",19,"W_no",140,0
"v86y9zyn","M_exp_W_no","portfolio_2026-09-14.csv","MeWno_2","MeWno_2__g3",19,"W_no",144,1
"3p6ks3hb","M_exp_W_no","portfolio_2026-09-14.csv","MeWno_2","MeWno_2__g4",19,"W_no",182,1
"y5kgtmfb","M_exp_W_no","portfolio_2026-09-14.csv","MeWno_2","MeWno_2__g4",19,"W_no",150,-1
"ebzeqzcf","M_exp_W_no","portfolio_2026-09-14.csv","MeWno_2","MeWno_2__g4",19,"W_no",159,-1
"pb6d6kev","M_exp_W_no","portfolio_2026-09-14.csv","MeWno_2","MeWno_2__g4",19,"W_no",160,0
"m8xnbw73","M_exp_W_no","portfolio_2026-09-14.csv","MeWno_2","MeWno_2__g4",19,"W_no",190,1
"an9ihpoe","M_exp_W_no","portfolio_2026-09-14.csv","MeWno_2","MeWno_2__g5",19,"M_exp",460,0
"rbyuqaqn","M_exp_W_no","portfolio_2026-09-14.csv","MeWno_2","MeWno_2__g5",19,"M_exp",460,1
"3pb269ab","M_exp_W_no","portfolio_2026-09-14.csv","MeWno_2","MeWno_2__g5",19,"M_exp",460,-1
"ewpd3m8q","M_exp_W_no","portfolio_2026-09-14.csv","MeWno_2","MeWno_2__g5",19,"M_exp",475,1
"0tv7bd9u","M_exp_W_no","portfolio_2026-09-14.csv","MeWno_2","MeWno_2__g5",19,"M_exp",170,-1
"cfn8fv6w","M_exp_W_no","portfolio_2026-09-14.csv","MeWno_2","MeWno_2__g1",20,"W_no",20,-1
"a1q00v4p","M_exp_W_no","portfolio_2026-09-14.csv","MeWno_2","MeWno_2__g1",20,"W_no",10,-1
"rucumqi6","M_exp_W_no","portfolio_2026-09-14.csv","MeWno_2","MeWno_2__g1",20,"W_no",49,0
"lbzqe7lh","M_exp_W_no","portfolio_2026-09-14.csv","MeWno_2","MeWno_2__g1",20,"W_no",49,1
"i42igenv","M_exp_W_no","portfolio_2026-09-14.csv","MeWno_2","MeWno_2__g1",20,"W_no",50,1
"2nkc141x","M_exp_W_no","portfolio_2026-09-14.csv","MeWno_2","MeWno_2__g2",20,"M_exp",350,0
"oqud1wxk","M_exp_W_no","portfolio_2026-09-14.csv","MeWno_2","MeWno_2__g2",20,"M_exp",400,1
"a6q31ex7","M_exp_W_no","portfolio_2026-09-14.csv","MeWno_2","MeWno_2__g2",20,"M_exp",450,1
"o60mnzij","M_exp_W_no","portfolio_2026-09-14.csv","MeWno_2","MeWno_2__g2",20,"M_exp",300,-1
"bnt5i99k","M_exp_W_no","portfolio_2026-09-14.csv","MeWno_2","MeWno_2__g2",20,"M_exp",1,-1
"zrywj9fx","M_exp_W_no","portfolio_2026-09-14.csv","MeWno_2","MeWno_2__g3",20,"W_no",144,1
"i44g0thi","M_exp_W_no","portfolio_2026-09-14.csv","MeWno_2","MeWno_2__g3",20,"W_no",150,1
"s9ryf5kv","M_exp_W_no","portfolio_2026-09-14.csv","MeWno_2","MeWno_2__g3",20,"W_no",130,-1
"oe31za5u","M_exp_W_no","portfolio_2026-09-14.csv","MeWno_2","MeWno_2__g3",20,"W_no",135,-1
"v86y9zyn","M_exp_W_no","portfolio_2026-09-14.csv","MeWno_2","MeWno_2__g3",20,"W_no",136,0
"3p6ks3hb","M_exp_W_no","portfolio_2026-09-14.csv","MeWno_2","MeWno_2__g4",20,"W_no",153,-1
"y5kgtmfb","M_exp_W_no","portfolio_2026-09-14.csv","MeWno_2","MeWno_2__g4",20,"W_no",159,1
"ebzeqzcf","M_exp_W_no","portfolio_2026-09-14.csv","MeWno_2","MeWno_2__g4",20,"W_no",159,1
"pb6d6kev","M_exp_W_no","portfolio_2026-09-14.csv","MeWno_2","MeWno_2__g4",20,"W_no",158,0
"m8xnbw73","M_exp_W_no","portfolio_2026-09-14.csv","MeWno_2","MeWno_2__g4",20,"W_no",100,-1
"an9ihpoe","M_exp_W_no","portfolio_2026-09-14.csv","MeWno_2","MeWno_2__g5",20,"M_exp",462,0
"rbyuqaqn","M_exp_W_no","portfolio_2026-09-14.csv","MeWno_2","MeWno_2__g5",20,"M_exp",462,1
"3pb269ab","M_exp_W_no","portfolio_2026-09-14.csv","MeWno_2","MeWno_2__g5",20,"M_exp",462,1
"ewpd3m8q","M_exp_W_no","portfolio_2026-09-14.csv","MeWno_2","MeWno_2__g5",20,"M_exp",460,-1
"0tv7bd9u","M_exp_W_no","portfolio_2026-09-14.csv","MeWno_2","MeWno_2__g5",20,"M_exp",170,-1
"1c9g6x62","M_no_W_exp","portfolio_2026-09-14.csv","MnoWe_1","MnoWe_1__g1",11,"W_exp",451,1
"7fakiwkr","M_no_W_exp","portfolio_2026-09-14.csv","MnoWe_1","MnoWe_1__g1",11,"W_exp",100,-1
"d4zd28hb","M_no_W_exp","portfolio_2026-09-14.csv","MnoWe_1","MnoWe_1__g1",11,"W_exp",400,0
"ja5c25rz","M_no_W_exp","portfolio_2026-09-14.csv","MnoWe_1","MnoWe_1__g1",11,"W_exp",350,-1
"oedddvhv","M_no_W_exp","portfolio_2026-09-14.csv","MnoWe_1","MnoWe_1__g1",11,"W_exp",480,1
"7q18nnfd","M_no_W_exp","portfolio_2026-09-14.csv","MnoWe_1","MnoWe_1__g2",11,"M_no",60,1
"03zce18q","M_no_W_exp","portfolio_2026-09-14.csv","MnoWe_1","MnoWe_1__g2",11,"M_no",55,-1
"wbs0fdl5","M_no_W_exp","portfolio_2026-09-14.csv","MnoWe_1","MnoWe_1__g2",11,"M_no",1,-1
"cqrngk2a","M_no_W_exp","portfolio_2026-09-14.csv","MnoWe_1","MnoWe_1__g2",11,"M_no",55,0
"259xsu1c","M_no_W_exp","portfolio_2026-09-14.csv","MnoWe_1","MnoWe_1__g2",11,"M_no",100,1
"xnss4pg0","M_no_W_exp","portfolio_2026-09-14.csv","MnoWe_1","MnoWe_1__g3",11,"W_exp",402,1
"5seuckqb","M_no_W_exp","portfolio_2026-09-14.csv","MnoWe_1","MnoWe_1__g3",11,"W_exp",400,1
"hdnqitby","M_no_W_exp","portfolio_2026-09-14.csv","MnoWe_1","MnoWe_1__g3",11,"W_exp",380,-1
"ss3joq82","M_no_W_exp","portfolio_2026-09-14.csv","MnoWe_1","MnoWe_1__g3",11,"W_exp",380,0
"5wh6kzb3","M_no_W_exp","portfolio_2026-09-14.csv","MnoWe_1","MnoWe_1__g3",11,"W_exp",200,-1
"kh2preog","M_no_W_exp","portfolio_2026-09-14.csv","MnoWe_1","MnoWe_1__g4",11,"M_no",150,1
"ao798wr7","M_no_W_exp","portfolio_2026-09-14.csv","MnoWe_1","MnoWe_1__g4",11,"M_no",100,-1
"3788h5gm","M_no_W_exp","portfolio_2026-09-14.csv","MnoWe_1","MnoWe_1__g4",11,"M_no",110,1
"dk85qrmf","M_no_W_exp","portfolio_2026-09-14.csv","MnoWe_1","MnoWe_1__g4",11,"M_no",50,-1
"qruijzzl","M_no_W_exp","portfolio_2026-09-14.csv","MnoWe_1","MnoWe_1__g4",11,"M_no",100,0
"vlvkdjz0","M_no_W_exp","portfolio_2026-09-14.csv","MnoWe_1","MnoWe_1__g5",11,"W_exp",400,1
"9n1v1smg","M_no_W_exp","portfolio_2026-09-14.csv","MnoWe_1","MnoWe_1__g5",11,"W_exp",200,0
"kw7jjs2b","M_no_W_exp","portfolio_2026-09-14.csv","MnoWe_1","MnoWe_1__g5",11,"W_exp",188,-1
"pop23w57","M_no_W_exp","portfolio_2026-09-14.csv","MnoWe_1","MnoWe_1__g5",11,"W_exp",250,1
"cbc0ayyd","M_no_W_exp","portfolio_2026-09-14.csv","MnoWe_1","MnoWe_1__g5",11,"W_exp",150,-1
"1c9g6x62","M_no_W_exp","portfolio_2026-09-14.csv","MnoWe_1","MnoWe_1__g1",12,"W_exp",430,-1
"7fakiwkr","M_no_W_exp","portfolio_2026-09-14.csv","MnoWe_1","MnoWe_1__g1",12,"W_exp",400,-1
"d4zd28hb","M_no_W_exp","portfolio_2026-09-14.csv","MnoWe_1","MnoWe_1__g1",12,"W_exp",500,1
"ja5c25rz","M_no_W_exp","portfolio_2026-09-14.csv","MnoWe_1","MnoWe_1__g1",12,"W_exp",500,1
"oedddvhv","M_no_W_exp","portfolio_2026-09-14.csv","MnoWe_1","MnoWe_1__g1",12,"W_exp",480,0
"7q18nnfd","M_no_W_exp","portfolio_2026-09-14.csv","MnoWe_1","MnoWe_1__g2",12,"M_no",60,1
"03zce18q","M_no_W_exp","portfolio_2026-09-14.csv","MnoWe_1","MnoWe_1__g2",12,"M_no",45,-1
"wbs0fdl5","M_no_W_exp","portfolio_2026-09-14.csv","MnoWe_1","MnoWe_1__g2",12,"M_no",200,1
"cqrngk2a","M_no_W_exp","portfolio_2026-09-14.csv","MnoWe_1","MnoWe_1__g2",12,"M_no",55,0
"259xsu1c","M_no_W_exp","portfolio_2026-09-14.csv","MnoWe_1","MnoWe_1__g2",12,"M_no",50,-1
"xnss4pg0","M_no_W_exp","portfolio_2026-09-14.csv","MnoWe_1","MnoWe_1__g3",12,"W_exp",397,1
"5seuckqb","M_no_W_exp","portfolio_2026-09-14.csv","MnoWe_1","MnoWe_1__g3",12,"W_exp",400,1
"hdnqitby","M_no_W_exp","portfolio_2026-09-14.csv","MnoWe_1","MnoWe_1__g3",12,"W_exp",350,0
"ss3joq82","M_no_W_exp","portfolio_2026-09-14.csv","MnoWe_1","MnoWe_1__g3",12,"W_exp",297,-1
"5wh6kzb3","M_no_W_exp","portfolio_2026-09-14.csv","MnoWe_1","MnoWe_1__g3",12,"W_exp",300,-1
"kh2preog","M_no_W_exp","portfolio_2026-09-14.csv","MnoWe_1","MnoWe_1__g4",12,"M_no",150,1
"ao798wr7","M_no_W_exp","portfolio_2026-09-14.csv","MnoWe_1","MnoWe_1__g4",12,"M_no",95,-1
"3788h5gm","M_no_W_exp","portfolio_2026-09-14.csv","MnoWe_1","MnoWe_1__g4",12,"M_no",105,0
"dk85qrmf","M_no_W_exp","portfolio_2026-09-14.csv","MnoWe_1","MnoWe_1__g4",12,"M_no",100,-1
"qruijzzl","M_no_W_exp","portfolio_2026-09-14.csv","MnoWe_1","MnoWe_1__g4",12,"M_no",199,1
"vlvkdjz0","M_no_W_exp","portfolio_2026-09-14.csv","MnoWe_1","MnoWe_1__g5",12,"W_exp",350,1
"9n1v1smg","M_no_W_exp","portfolio_2026-09-14.csv","MnoWe_1","MnoWe_1__g5",12,"W_exp",215,1
"kw7jjs2b","M_no_W_exp","portfolio_2026-09-14.csv","MnoWe_1","MnoWe_1__g5",12,"W_exp",211,0
"pop23w57","M_no_W_exp","portfolio_2026-09-14.csv","MnoWe_1","MnoWe_1__g5",12,"W_exp",180,-1
"cbc0ayyd","M_no_W_exp","portfolio_2026-09-14.csv","MnoWe_1","MnoWe_1__g5",12,"W_exp",150,-1
"1c9g6x62","M_no_W_exp","portfolio_2026-09-14.csv","MnoWe_1","MnoWe_1__g1",13,"W_exp",1,-1
"7fakiwkr","M_no_W_exp","portfolio_2026-09-14.csv","MnoWe_1","MnoWe_1__g1",13,"W_exp",500,1
"d4zd28hb","M_no_W_exp","portfolio_2026-09-14.csv","MnoWe_1","MnoWe_1__g1",13,"W_exp",475,-1
"ja5c25rz","M_no_W_exp","portfolio_2026-09-14.csv","MnoWe_1","MnoWe_1__g1",13,"W_exp",500,1
"oedddvhv","M_no_W_exp","portfolio_2026-09-14.csv","MnoWe_1","MnoWe_1__g1",13,"W_exp",481,0
"7q18nnfd","M_no_W_exp","portfolio_2026-09-14.csv","MnoWe_1","MnoWe_1__g2",13,"M_no",58,1
"03zce18q","M_no_W_exp","portfolio_2026-09-14.csv","MnoWe_1","MnoWe_1__g2",13,"M_no",45,-1
"wbs0fdl5","M_no_W_exp","portfolio_2026-09-14.csv","MnoWe_1","MnoWe_1__g2",13,"M_no",20,-1
"cqrngk2a","M_no_W_exp","portfolio_2026-09-14.csv","MnoWe_1","MnoWe_1__g2",13,"M_no",55,0
"259xsu1c","M_no_W_exp","portfolio_2026-09-14.csv","MnoWe_1","MnoWe_1__g2",13,"M_no",80,1
"xnss4pg0","M_no_W_exp","portfolio_2026-09-14.csv","MnoWe_1","MnoWe_1__g3",13,"W_exp",367,1
"5seuckqb","M_no_W_exp","portfolio_2026-09-14.csv","MnoWe_1","MnoWe_1__g3",13,"W_exp",390,1
"hdnqitby","M_no_W_exp","portfolio_2026-09-14.csv","MnoWe_1","MnoWe_1__g3",13,"W_exp",320,-1
"ss3joq82","M_no_W_exp","portfolio_2026-09-14.csv","MnoWe_1","MnoWe_1__g3",13,"W_exp",329,0
"5wh6kzb3","M_no_W_exp","portfolio_2026-09-14.csv","MnoWe_1","MnoWe_1__g3",13,"W_exp",300,-1
"kh2preog","M_no_W_exp","portfolio_2026-09-14.csv","MnoWe_1","MnoWe_1__g4",13,"M_no",150,1
"ao798wr7","M_no_W_exp","portfolio_2026-09-14.csv","MnoWe_1","MnoWe_1__g4",13,"M_no",104,-1
"3788h5gm","M_no_W_exp","portfolio_2026-09-14.csv","MnoWe_1","MnoWe_1__g4",13,"M_no",100,-1
"dk85qrmf","M_no_W_exp","portfolio_2026-09-14.csv","MnoWe_1","MnoWe_1__g4",13,"M_no",105,0
"qruijzzl","M_no_W_exp","portfolio_2026-09-14.csv","MnoWe_1","MnoWe_1__g4",13,"M_no",149,1
"vlvkdjz0","M_no_W_exp","portfolio_2026-09-14.csv","MnoWe_1","MnoWe_1__g5",13,"W_exp",300,1
"9n1v1smg","M_no_W_exp","portfolio_2026-09-14.csv","MnoWe_1","MnoWe_1__g5",13,"W_exp",220,0
"kw7jjs2b","M_no_W_exp","portfolio_2026-09-14.csv","MnoWe_1","MnoWe_1__g5",13,"W_exp",232,1
"pop23w57","M_no_W_exp","portfolio_2026-09-14.csv","MnoWe_1","MnoWe_1__g5",13,"W_exp",150,-1
"cbc0ayyd","M_no_W_exp","portfolio_2026-09-14.csv","MnoWe_1","MnoWe_1__g5",13,"W_exp",150,-1
"1c9g6x62","M_no_W_exp","portfolio_2026-09-14.csv","MnoWe_1","MnoWe_1__g1",14,"W_exp",1,-1
"7fakiwkr","M_no_W_exp","portfolio_2026-09-14.csv","MnoWe_1","MnoWe_1__g1",14,"W_exp",485,0
"d4zd28hb","M_no_W_exp","portfolio_2026-09-14.csv","MnoWe_1","MnoWe_1__g1",14,"W_exp",510,1
"ja5c25rz","M_no_W_exp","portfolio_2026-09-14.csv","MnoWe_1","MnoWe_1__g1",14,"W_exp",500,1
"oedddvhv","M_no_W_exp","portfolio_2026-09-14.csv","MnoWe_1","MnoWe_1__g1",14,"W_exp",483,-1
"7q18nnfd","M_no_W_exp","portfolio_2026-09-14.csv","MnoWe_1","MnoWe_1__g2",14,"M_no",56,1
"03zce18q","M_no_W_exp","portfolio_2026-09-14.csv","MnoWe_1","MnoWe_1__g2",14,"M_no",45,-1
"wbs0fdl5","M_no_W_exp","portfolio_2026-09-14.csv","MnoWe_1","MnoWe_1__g2",14,"M_no",96,1
"cqrngk2a","M_no_W_exp","portfolio_2026-09-14.csv","MnoWe_1","MnoWe_1__g2",14,"M_no",55,0
"259xsu1c","M_no_W_exp","portfolio_2026-09-14.csv","MnoWe_1","MnoWe_1__g2",14,"M_no",50,-1
"xnss4pg0","M_no_W_exp","portfolio_2026-09-14.csv","MnoWe_1","MnoWe_1__g3",14,"W_exp",345,1
"5seuckqb","M_no_W_exp","portfolio_2026-09-14.csv","MnoWe_1","MnoWe_1__g3",14,"W_exp",350,1
"hdnqitby","M_no_W_exp","portfolio_2026-09-14.csv","MnoWe_1","MnoWe_1__g3",14,"W_exp",320,0
"ss3joq82","M_no_W_exp","portfolio_2026-09-14.csv","MnoWe_1","MnoWe_1__g3",14,"W_exp",300,-1
"5wh6kzb3","M_no_W_exp","portfolio_2026-09-14.csv","MnoWe_1","MnoWe_1__g3",14,"W_exp",300,-1
"kh2preog","M_no_W_exp","portfolio_2026-09-14.csv","MnoWe_1","MnoWe_1__g4",14,"M_no",120,1
"ao798wr7","M_no_W_exp","portfolio_2026-09-14.csv","MnoWe_1","MnoWe_1__g4",14,"M_no",95,-1
"3788h5gm","M_no_W_exp","portfolio_2026-09-14.csv","MnoWe_1","MnoWe_1__g4",14,"M_no",105,0
"dk85qrmf","M_no_W_exp","portfolio_2026-09-14.csv","MnoWe_1","MnoWe_1__g4",14,"M_no",105,1
"qruijzzl","M_no_W_exp","portfolio_2026-09-14.csv","MnoWe_1","MnoWe_1__g4",14,"M_no",99,-1
"vlvkdjz0","M_no_W_exp","portfolio_2026-09-14.csv","MnoWe_1","MnoWe_1__g5",14,"W_exp",250,1
"9n1v1smg","M_no_W_exp","portfolio_2026-09-14.csv","MnoWe_1","MnoWe_1__g5",14,"W_exp",230,0
"kw7jjs2b","M_no_W_exp","portfolio_2026-09-14.csv","MnoWe_1","MnoWe_1__g5",14,"W_exp",241,1
"pop23w57","M_no_W_exp","portfolio_2026-09-14.csv","MnoWe_1","MnoWe_1__g5",14,"W_exp",220,-1
"cbc0ayyd","M_no_W_exp","portfolio_2026-09-14.csv","MnoWe_1","MnoWe_1__g5",14,"W_exp",150,-1
"1c9g6x62","M_no_W_exp","portfolio_2026-09-14.csv","MnoWe_1","MnoWe_1__g1",15,"W_exp",1,-1
"7fakiwkr","M_no_W_exp","portfolio_2026-09-14.csv","MnoWe_1","MnoWe_1__g1",15,"W_exp",550,1
"d4zd28hb","M_no_W_exp","portfolio_2026-09-14.csv","MnoWe_1","MnoWe_1__g1",15,"W_exp",510,0
"ja5c25rz","M_no_W_exp","portfolio_2026-09-14.csv","MnoWe_1","MnoWe_1__g1",15,"W_exp",550,1
"oedddvhv","M_no_W_exp","portfolio_2026-09-14.csv","MnoWe_1","MnoWe_1__g1",15,"W_exp",481,-1
"7q18nnfd","M_no_W_exp","portfolio_2026-09-14.csv","MnoWe_1","MnoWe_1__g2",15,"M_no",56,0
"03zce18q","M_no_W_exp","portfolio_2026-09-14.csv","MnoWe_1","MnoWe_1__g2",15,"M_no",45,-1
"wbs0fdl5","M_no_W_exp","portfolio_2026-09-14.csv","MnoWe_1","MnoWe_1__g2",15,"M_no",100,1
"cqrngk2a","M_no_W_exp","portfolio_2026-09-14.csv","MnoWe_1","MnoWe_1__g2",15,"M_no",55,-1
"259xsu1c","M_no_W_exp","portfolio_2026-09-14.csv","MnoWe_1","MnoWe_1__g2",15,"M_no",60,1
"xnss4pg0","M_no_W_exp","portfolio_2026-09-14.csv","MnoWe_1","MnoWe_1__g3",15,"W_exp",323,1
"5seuckqb","M_no_W_exp","portfolio_2026-09-14.csv","MnoWe_1","MnoWe_1__g3",15,"W_exp",300,-1
"hdnqitby","M_no_W_exp","portfolio_2026-09-14.csv","MnoWe_1","MnoWe_1__g3",15,"W_exp",310,1
"ss3joq82","M_no_W_exp","portfolio_2026-09-14.csv","MnoWe_1","MnoWe_1__g3",15,"W_exp",300,0
"5wh6kzb3","M_no_W_exp","portfolio_2026-09-14.csv","MnoWe_1","MnoWe_1__g3",15,"W_exp",300,-1
"kh2preog","M_no_W_exp","portfolio_2026-09-14.csv","MnoWe_1","MnoWe_1__g4",15,"M_no",110,1
"ao798wr7","M_no_W_exp","portfolio_2026-09-14.csv","MnoWe_1","MnoWe_1__g4",15,"M_no",95,-1
"3788h5gm","M_no_W_exp","portfolio_2026-09-14.csv","MnoWe_1","MnoWe_1__g4",15,"M_no",107,1
"dk85qrmf","M_no_W_exp","portfolio_2026-09-14.csv","MnoWe_1","MnoWe_1__g4",15,"M_no",104,0
"qruijzzl","M_no_W_exp","portfolio_2026-09-14.csv","MnoWe_1","MnoWe_1__g4",15,"M_no",99,-1
"vlvkdjz0","M_no_W_exp","portfolio_2026-09-14.csv","MnoWe_1","MnoWe_1__g5",15,"W_exp",220,-1
"9n1v1smg","M_no_W_exp","portfolio_2026-09-14.csv","MnoWe_1","MnoWe_1__g5",15,"W_exp",250,0
"kw7jjs2b","M_no_W_exp","portfolio_2026-09-14.csv","MnoWe_1","MnoWe_1__g5",15,"W_exp",251,1
"pop23w57","M_no_W_exp","portfolio_2026-09-14.csv","MnoWe_1","MnoWe_1__g5",15,"W_exp",300,1
"cbc0ayyd","M_no_W_exp","portfolio_2026-09-14.csv","MnoWe_1","MnoWe_1__g5",15,"W_exp",140,-1
"1c9g6x62","M_no_W_exp","portfolio_2026-09-14.csv","MnoWe_1","MnoWe_1__g1",16,"W_exp",1,-1
"7fakiwkr","M_no_W_exp","portfolio_2026-09-14.csv","MnoWe_1","MnoWe_1__g1",16,"W_exp",200,-1
"d4zd28hb","M_no_W_exp","portfolio_2026-09-14.csv","MnoWe_1","MnoWe_1__g1",16,"W_exp",550,1
"ja5c25rz","M_no_W_exp","portfolio_2026-09-14.csv","MnoWe_1","MnoWe_1__g1",16,"W_exp",590,1
"oedddvhv","M_no_W_exp","portfolio_2026-09-14.csv","MnoWe_1","MnoWe_1__g1",16,"W_exp",500,0
"7q18nnfd","M_no_W_exp","portfolio_2026-09-14.csv","MnoWe_1","MnoWe_1__g2",16,"M_no",55,0
"03zce18q","M_no_W_exp","portfolio_2026-09-14.csv","MnoWe_1","MnoWe_1__g2",16,"M_no",45,-1
"wbs0fdl5","M_no_W_exp","portfolio_2026-09-14.csv","MnoWe_1","MnoWe_1__g2",16,"M_no",1,-1
"cqrngk2a","M_no_W_exp","portfolio_2026-09-14.csv","MnoWe_1","MnoWe_1__g2",16,"M_no",56,1
"259xsu1c","M_no_W_exp","portfolio_2026-09-14.csv","MnoWe_1","MnoWe_1__g2",16,"M_no",60,1
"xnss4pg0","M_no_W_exp","portfolio_2026-09-14.csv","MnoWe_1","MnoWe_1__g3",16,"W_exp",300,1
"5seuckqb","M_no_W_exp","portfolio_2026-09-14.csv","MnoWe_1","MnoWe_1__g3",16,"W_exp",250,-1
"hdnqitby","M_no_W_exp","portfolio_2026-09-14.csv","MnoWe_1","MnoWe_1__g3",16,"W_exp",275,0
"ss3joq82","M_no_W_exp","portfolio_2026-09-14.csv","MnoWe_1","MnoWe_1__g3",16,"W_exp",270,-1
"5wh6kzb3","M_no_W_exp","portfolio_2026-09-14.csv","MnoWe_1","MnoWe_1__g3",16,"W_exp",300,1
"kh2preog","M_no_W_exp","portfolio_2026-09-14.csv","MnoWe_1","MnoWe_1__g4",16,"M_no",105,1
"ao798wr7","M_no_W_exp","portfolio_2026-09-14.csv","MnoWe_1","MnoWe_1__g4",16,"M_no",95,-1
"3788h5gm","M_no_W_exp","portfolio_2026-09-14.csv","MnoWe_1","MnoWe_1__g4",16,"M_no",100,0
"dk85qrmf","M_no_W_exp","portfolio_2026-09-14.csv","MnoWe_1","MnoWe_1__g4",16,"M_no",104,1
"qruijzzl","M_no_W_exp","portfolio_2026-09-14.csv","MnoWe_1","MnoWe_1__g4",16,"M_no",78,-1
"vlvkdjz0","M_no_W_exp","portfolio_2026-09-14.csv","MnoWe_1","MnoWe_1__g5",16,"W_exp",200,-1
"9n1v1smg","M_no_W_exp","portfolio_2026-09-14.csv","MnoWe_1","MnoWe_1__g5",16,"W_exp",280,1
"kw7jjs2b","M_no_W_exp","portfolio_2026-09-14.csv","MnoWe_1","MnoWe_1__g5",16,"W_exp",239,1
"pop23w57","M_no_W_exp","portfolio_2026-09-14.csv","MnoWe_1","MnoWe_1__g5",16,"W_exp",200,0
"cbc0ayyd","M_no_W_exp","portfolio_2026-09-14.csv","MnoWe_1","MnoWe_1__g5",16,"W_exp",140,-1
"1c9g6x62","M_no_W_exp","portfolio_2026-09-14.csv","MnoWe_1","MnoWe_1__g1",17,"W_exp",1,-1
"7fakiwkr","M_no_W_exp","portfolio_2026-09-14.csv","MnoWe_1","MnoWe_1__g1",17,"W_exp",150,-1
"d4zd28hb","M_no_W_exp","portfolio_2026-09-14.csv","MnoWe_1","MnoWe_1__g1",17,"W_exp",550,1
"ja5c25rz","M_no_W_exp","portfolio_2026-09-14.csv","MnoWe_1","MnoWe_1__g1",17,"W_exp",580,1
"oedddvhv","M_no_W_exp","portfolio_2026-09-14.csv","MnoWe_1","MnoWe_1__g1",17,"W_exp",520,0
"7q18nnfd","M_no_W_exp","portfolio_2026-09-14.csv","MnoWe_1","MnoWe_1__g2",17,"M_no",55,1
"03zce18q","M_no_W_exp","portfolio_2026-09-14.csv","MnoWe_1","MnoWe_1__g2",17,"M_no",45,-1
"wbs0fdl5","M_no_W_exp","portfolio_2026-09-14.csv","MnoWe_1","MnoWe_1__g2",17,"M_no",50,0
"cqrngk2a","M_no_W_exp","portfolio_2026-09-14.csv","MnoWe_1","MnoWe_1__g2",17,"M_no",55,1
"259xsu1c","M_no_W_exp","portfolio_2026-09-14.csv","MnoWe_1","MnoWe_1__g2",17,"M_no",30,-1
"xnss4pg0","M_no_W_exp","portfolio_2026-09-14.csv","MnoWe_1","MnoWe_1__g3",17,"W_exp",270,1
"5seuckqb","M_no_W_exp","portfolio_2026-09-14.csv","MnoWe_1","MnoWe_1__g3",17,"W_exp",250,1
"hdnqitby","M_no_W_exp","portfolio_2026-09-14.csv","MnoWe_1","MnoWe_1__g3",17,"W_exp",250,-1
"ss3joq82","M_no_W_exp","portfolio_2026-09-14.csv","MnoWe_1","MnoWe_1__g3",17,"W_exp",245,-1
"5wh6kzb3","M_no_W_exp","portfolio_2026-09-14.csv","MnoWe_1","MnoWe_1__g3",17,"W_exp",250,0
"kh2preog","M_no_W_exp","portfolio_2026-09-14.csv","MnoWe_1","MnoWe_1__g4",17,"M_no",90,-1
"ao798wr7","M_no_W_exp","portfolio_2026-09-14.csv","MnoWe_1","MnoWe_1__g4",17,"M_no",92,1
"3788h5gm","M_no_W_exp","portfolio_2026-09-14.csv","MnoWe_1","MnoWe_1__g4",17,"M_no",90,0
"dk85qrmf","M_no_W_exp","portfolio_2026-09-14.csv","MnoWe_1","MnoWe_1__g4",17,"M_no",100,1
"qruijzzl","M_no_W_exp","portfolio_2026-09-14.csv","MnoWe_1","MnoWe_1__g4",17,"M_no",89,-1
"vlvkdjz0","M_no_W_exp","portfolio_2026-09-14.csv","MnoWe_1","MnoWe_1__g5",17,"W_exp",230,1
"9n1v1smg","M_no_W_exp","portfolio_2026-09-14.csv","MnoWe_1","MnoWe_1__g5",17,"W_exp",260,1
"kw7jjs2b","M_no_W_exp","portfolio_2026-09-14.csv","MnoWe_1","MnoWe_1__g5",17,"W_exp",167,0
"pop23w57","M_no_W_exp","portfolio_2026-09-14.csv","MnoWe_1","MnoWe_1__g5",17,"W_exp",50,-1
"cbc0ayyd","M_no_W_exp","portfolio_2026-09-14.csv","MnoWe_1","MnoWe_1__g5",17,"W_exp",150,-1
"1c9g6x62","M_no_W_exp","portfolio_2026-09-14.csv","MnoWe_1","MnoWe_1__g1",18,"W_exp",1,-1
"7fakiwkr","M_no_W_exp","portfolio_2026-09-14.csv","MnoWe_1","MnoWe_1__g1",18,"W_exp",550,1
"d4zd28hb","M_no_W_exp","portfolio_2026-09-14.csv","MnoWe_1","MnoWe_1__g1",18,"W_exp",550,0
"ja5c25rz","M_no_W_exp","portfolio_2026-09-14.csv","MnoWe_1","MnoWe_1__g1",18,"W_exp",550,1
"oedddvhv","M_no_W_exp","portfolio_2026-09-14.csv","MnoWe_1","MnoWe_1__g1",18,"W_exp",480,-1
"7q18nnfd","M_no_W_exp","portfolio_2026-09-14.csv","MnoWe_1","MnoWe_1__g2",18,"M_no",52,1
"03zce18q","M_no_W_exp","portfolio_2026-09-14.csv","MnoWe_1","MnoWe_1__g2",18,"M_no",45,-1
"wbs0fdl5","M_no_W_exp","portfolio_2026-09-14.csv","MnoWe_1","MnoWe_1__g2",18,"M_no",1,-1
"cqrngk2a","M_no_W_exp","portfolio_2026-09-14.csv","MnoWe_1","MnoWe_1__g2",18,"M_no",51,1
"259xsu1c","M_no_W_exp","portfolio_2026-09-14.csv","MnoWe_1","MnoWe_1__g2",18,"M_no",50,0
"xnss4pg0","M_no_W_exp","portfolio_2026-09-14.csv","MnoWe_1","MnoWe_1__g3",18,"W_exp",246,1
"5seuckqb","M_no_W_exp","portfolio_2026-09-14.csv","MnoWe_1","MnoWe_1__g3",18,"W_exp",230,1
"hdnqitby","M_no_W_exp","portfolio_2026-09-14.csv","MnoWe_1","MnoWe_1__g3",18,"W_exp",220,-1
"ss3joq82","M_no_W_exp","portfolio_2026-09-14.csv","MnoWe_1","MnoWe_1__g3",18,"W_exp",228,0
"5wh6kzb3","M_no_W_exp","portfolio_2026-09-14.csv","MnoWe_1","MnoWe_1__g3",18,"W_exp",220,-1
"kh2preog","M_no_W_exp","portfolio_2026-09-14.csv","MnoWe_1","MnoWe_1__g4",18,"M_no",515,1
"ao798wr7","M_no_W_exp","portfolio_2026-09-14.csv","MnoWe_1","MnoWe_1__g4",18,"M_no",80,-1
"3788h5gm","M_no_W_exp","portfolio_2026-09-14.csv","MnoWe_1","MnoWe_1__g4",18,"M_no",81,0
"dk85qrmf","M_no_W_exp","portfolio_2026-09-14.csv","MnoWe_1","MnoWe_1__g4",18,"M_no",90,1
"qruijzzl","M_no_W_exp","portfolio_2026-09-14.csv","MnoWe_1","MnoWe_1__g4",18,"M_no",79,-1
"vlvkdjz0","M_no_W_exp","portfolio_2026-09-14.csv","MnoWe_1","MnoWe_1__g5",18,"W_exp",250,1
"9n1v1smg","M_no_W_exp","portfolio_2026-09-14.csv","MnoWe_1","MnoWe_1__g5",18,"W_exp",200,1
"kw7jjs2b","M_no_W_exp","portfolio_2026-09-14.csv","MnoWe_1","MnoWe_1__g5",18,"W_exp",149,0
"pop23w57","M_no_W_exp","portfolio_2026-09-14.csv","MnoWe_1","MnoWe_1__g5",18,"W_exp",50,-1
"cbc0ayyd","M_no_W_exp","portfolio_2026-09-14.csv","MnoWe_1","MnoWe_1__g5",18,"W_exp",140,-1
"1c9g6x62","M_no_W_exp","portfolio_2026-09-14.csv","MnoWe_1","MnoWe_1__g1",19,"W_exp",1,-1
"7fakiwkr","M_no_W_exp","portfolio_2026-09-14.csv","MnoWe_1","MnoWe_1__g1",19,"W_exp",25,-1
"d4zd28hb","M_no_W_exp","portfolio_2026-09-14.csv","MnoWe_1","MnoWe_1__g1",19,"W_exp",599,1
"ja5c25rz","M_no_W_exp","portfolio_2026-09-14.csv","MnoWe_1","MnoWe_1__g1",19,"W_exp",580,1
"oedddvhv","M_no_W_exp","portfolio_2026-09-14.csv","MnoWe_1","MnoWe_1__g1",19,"W_exp",580,0
"7q18nnfd","M_no_W_exp","portfolio_2026-09-14.csv","MnoWe_1","MnoWe_1__g2",19,"M_no",51,1
"03zce18q","M_no_W_exp","portfolio_2026-09-14.csv","MnoWe_1","MnoWe_1__g2",19,"M_no",45,-1
"wbs0fdl5","M_no_W_exp","portfolio_2026-09-14.csv","MnoWe_1","MnoWe_1__g2",19,"M_no",1,-1
"cqrngk2a","M_no_W_exp","portfolio_2026-09-14.csv","MnoWe_1","MnoWe_1__g2",19,"M_no",50,0
"259xsu1c","M_no_W_exp","portfolio_2026-09-14.csv","MnoWe_1","MnoWe_1__g2",19,"M_no",70,1
"xnss4pg0","M_no_W_exp","portfolio_2026-09-14.csv","MnoWe_1","MnoWe_1__g3",19,"W_exp",225,1
"5seuckqb","M_no_W_exp","portfolio_2026-09-14.csv","MnoWe_1","MnoWe_1__g3",19,"W_exp",200,0
"hdnqitby","M_no_W_exp","portfolio_2026-09-14.csv","MnoWe_1","MnoWe_1__g3",19,"W_exp",200,-1
"ss3joq82","M_no_W_exp","portfolio_2026-09-14.csv","MnoWe_1","MnoWe_1__g3",19,"W_exp",202,1
"5wh6kzb3","M_no_W_exp","portfolio_2026-09-14.csv","MnoWe_1","MnoWe_1__g3",19,"W_exp",200,-1
"kh2preog","M_no_W_exp","portfolio_2026-09-14.csv","MnoWe_1","MnoWe_1__g4",19,"M_no",525,1
"ao798wr7","M_no_W_exp","portfolio_2026-09-14.csv","MnoWe_1","MnoWe_1__g4",19,"M_no",76,0
"3788h5gm","M_no_W_exp","portfolio_2026-09-14.csv","MnoWe_1","MnoWe_1__g4",19,"M_no",75,-1
"dk85qrmf","M_no_W_exp","portfolio_2026-09-14.csv","MnoWe_1","MnoWe_1__g4",19,"M_no",80,1
"qruijzzl","M_no_W_exp","portfolio_2026-09-14.csv","MnoWe_1","MnoWe_1__g4",19,"M_no",69,-1
"vlvkdjz0","M_no_W_exp","portfolio_2026-09-14.csv","MnoWe_1","MnoWe_1__g5",19,"W_exp",450,1
"9n1v1smg","M_no_W_exp","portfolio_2026-09-14.csv","MnoWe_1","MnoWe_1__g5",19,"W_exp",160,0
"kw7jjs2b","M_no_W_exp","portfolio_2026-09-14.csv","MnoWe_1","MnoWe_1__g5",19,"W_exp",119,-1
"pop23w57","M_no_W_exp","portfolio_2026-09-14.csv","MnoWe_1","MnoWe_1__g5",19,"W_exp",400,1
"cbc0ayyd","M_no_W_exp","portfolio_2026-09-14.csv","MnoWe_1","MnoWe_1__g5",19,"W_exp",140,-1
"1c9g6x62","M_no_W_exp","portfolio_2026-09-14.csv","MnoWe_1","MnoWe_1__g1",20,"W_exp",1,-1
"7fakiwkr","M_no_W_exp","portfolio_2026-09-14.csv","MnoWe_1","MnoWe_1__g1",20,"W_exp",25,-1
"d4zd28hb","M_no_W_exp","portfolio_2026-09-14.csv","MnoWe_1","MnoWe_1__g1",20,"W_exp",599,1
"ja5c25rz","M_no_W_exp","portfolio_2026-09-14.csv","MnoWe_1","MnoWe_1__g1",20,"W_exp",599,1
"oedddvhv","M_no_W_exp","portfolio_2026-09-14.csv","MnoWe_1","MnoWe_1__g1",20,"W_exp",599,0
"7q18nnfd","M_no_W_exp","portfolio_2026-09-14.csv","MnoWe_1","MnoWe_1__g2",20,"M_no",50,1
"03zce18q","M_no_W_exp","portfolio_2026-09-14.csv","MnoWe_1","MnoWe_1__g2",20,"M_no",45,0
"wbs0fdl5","M_no_W_exp","portfolio_2026-09-14.csv","MnoWe_1","MnoWe_1__g2",20,"M_no",1,-1
"cqrngk2a","M_no_W_exp","portfolio_2026-09-14.csv","MnoWe_1","MnoWe_1__g2",20,"M_no",46,1
"259xsu1c","M_no_W_exp","portfolio_2026-09-14.csv","MnoWe_1","MnoWe_1__g2",20,"M_no",40,-1
"xnss4pg0","M_no_W_exp","portfolio_2026-09-14.csv","MnoWe_1","MnoWe_1__g3",20,"W_exp",188,1
"5seuckqb","M_no_W_exp","portfolio_2026-09-14.csv","MnoWe_1","MnoWe_1__g3",20,"W_exp",1,-1
"hdnqitby","M_no_W_exp","portfolio_2026-09-14.csv","MnoWe_1","MnoWe_1__g3",20,"W_exp",170,0
"ss3joq82","M_no_W_exp","portfolio_2026-09-14.csv","MnoWe_1","MnoWe_1__g3",20,"W_exp",180,1
"5wh6kzb3","M_no_W_exp","portfolio_2026-09-14.csv","MnoWe_1","MnoWe_1__g3",20,"W_exp",150,-1
"kh2preog","M_no_W_exp","portfolio_2026-09-14.csv","MnoWe_1","MnoWe_1__g4",20,"M_no",530,1
"ao798wr7","M_no_W_exp","portfolio_2026-09-14.csv","MnoWe_1","MnoWe_1__g4",20,"M_no",70,1
"3788h5gm","M_no_W_exp","portfolio_2026-09-14.csv","MnoWe_1","MnoWe_1__g4",20,"M_no",69,-1
"dk85qrmf","M_no_W_exp","portfolio_2026-09-14.csv","MnoWe_1","MnoWe_1__g4",20,"M_no",70,0
"qruijzzl","M_no_W_exp","portfolio_2026-09-14.csv","MnoWe_1","MnoWe_1__g4",20,"M_no",68,-1
"vlvkdjz0","M_no_W_exp","portfolio_2026-09-14.csv","MnoWe_1","MnoWe_1__g5",20,"W_exp",370,1
"9n1v1smg","M_no_W_exp","portfolio_2026-09-14.csv","MnoWe_1","MnoWe_1__g5",20,"W_exp",180,1
"kw7jjs2b","M_no_W_exp","portfolio_2026-09-14.csv","MnoWe_1","MnoWe_1__g5",20,"W_exp",139,0
"pop23w57","M_no_W_exp","portfolio_2026-09-14.csv","MnoWe_1","MnoWe_1__g5",20,"W_exp",50,-1
"cbc0ayyd","M_no_W_exp","portfolio_2026-09-14.csv","MnoWe_1","MnoWe_1__g5",20,"W_exp",100,-1
"u4sl54xk","M_no_W_exp","portfolio_2026-09-15.csv","MnoWe_2","MnoWe_2__g1",11,"W_exp",198,-1
"q2jobopa","M_no_W_exp","portfolio_2026-09-15.csv","MnoWe_2","MnoWe_2__g1",11,"W_exp",196,-1
"9xg7erl3","M_no_W_exp","portfolio_2026-09-15.csv","MnoWe_2","MnoWe_2__g1",11,"W_exp",200,1
"ixl976y0","M_no_W_exp","portfolio_2026-09-15.csv","MnoWe_2","MnoWe_2__g1",11,"W_exp",200,1
"nqlqeq8n","M_no_W_exp","portfolio_2026-09-15.csv","MnoWe_2","MnoWe_2__g1",11,"W_exp",200,0
"d10dwe1h","M_no_W_exp","portfolio_2026-09-15.csv","MnoWe_2","MnoWe_2__g2",11,"M_no",200,-1
"0yq0zebw","M_no_W_exp","portfolio_2026-09-15.csv","MnoWe_2","MnoWe_2__g2",11,"M_no",300,1
"7sfhy51b","M_no_W_exp","portfolio_2026-09-15.csv","MnoWe_2","MnoWe_2__g2",11,"M_no",240,0
"pgjj4tqg","M_no_W_exp","portfolio_2026-09-15.csv","MnoWe_2","MnoWe_2__g2",11,"M_no",200,-1
"z4s8evj8","M_no_W_exp","portfolio_2026-09-15.csv","MnoWe_2","MnoWe_2__g2",11,"M_no",300,1
"e8h7gvii","M_no_W_exp","portfolio_2026-09-15.csv","MnoWe_2","MnoWe_2__g3",11,"M_no",100,-1
"yt1cbpza","M_no_W_exp","portfolio_2026-09-15.csv","MnoWe_2","MnoWe_2__g3",11,"M_no",150,0
"0i38ht6y","M_no_W_exp","portfolio_2026-09-15.csv","MnoWe_2","MnoWe_2__g3",11,"M_no",200,1
"xyqf41ao","M_no_W_exp","portfolio_2026-09-15.csv","MnoWe_2","MnoWe_2__g3",11,"M_no",150,1
"g9pquzkd","M_no_W_exp","portfolio_2026-09-15.csv","MnoWe_2","MnoWe_2__g3",11,"M_no",120,-1
"7ww48hi4","M_no_W_exp","portfolio_2026-09-15.csv","MnoWe_2","MnoWe_2__g4",11,"M_no",5,-1
"5fdw0rg1","M_no_W_exp","portfolio_2026-09-15.csv","MnoWe_2","MnoWe_2__g4",11,"M_no",10,1
"h7o9v437","M_no_W_exp","portfolio_2026-09-15.csv","MnoWe_2","MnoWe_2__g4",11,"M_no",1,-1
"9mimenbo","M_no_W_exp","portfolio_2026-09-15.csv","MnoWe_2","MnoWe_2__g4",11,"M_no",150,1
"hn8non3y","M_no_W_exp","portfolio_2026-09-15.csv","MnoWe_2","MnoWe_2__g4",11,"M_no",10,0
"x06ipo6j","M_no_W_exp","portfolio_2026-09-15.csv","MnoWe_2","MnoWe_2__g5",11,"W_exp",352,1
"n9iynxtq","M_no_W_exp","portfolio_2026-09-15.csv","MnoWe_2","MnoWe_2__g5",11,"W_exp",355,1
"diqkyqqr","M_no_W_exp","portfolio_2026-09-15.csv","MnoWe_2","MnoWe_2__g5",11,"W_exp",345,-1
"hi0vl1bf","M_no_W_exp","portfolio_2026-09-15.csv","MnoWe_2","MnoWe_2__g5",11,"W_exp",350,0
"u3a33dgt","M_no_W_exp","portfolio_2026-09-15.csv","MnoWe_2","MnoWe_2__g5",11,"W_exp",170,-1
"u4sl54xk","M_no_W_exp","portfolio_2026-09-15.csv","MnoWe_2","MnoWe_2__g1",12,"W_exp",200,1
"q2jobopa","M_no_W_exp","portfolio_2026-09-15.csv","MnoWe_2","MnoWe_2__g1",12,"W_exp",203,1
"9xg7erl3","M_no_W_exp","portfolio_2026-09-15.csv","MnoWe_2","MnoWe_2__g1",12,"W_exp",200,0
"ixl976y0","M_no_W_exp","portfolio_2026-09-15.csv","MnoWe_2","MnoWe_2__g1",12,"W_exp",200,-1
"nqlqeq8n","M_no_W_exp","portfolio_2026-09-15.csv","MnoWe_2","MnoWe_2__g1",12,"W_exp",199,-1
"d10dwe1h","M_no_W_exp","portfolio_2026-09-15.csv","MnoWe_2","MnoWe_2__g2",12,"M_no",220,1
"0yq0zebw","M_no_W_exp","portfolio_2026-09-15.csv","MnoWe_2","MnoWe_2__g2",12,"M_no",239,1
"7sfhy51b","M_no_W_exp","portfolio_2026-09-15.csv","MnoWe_2","MnoWe_2__g2",12,"M_no",199,-1
"pgjj4tqg","M_no_W_exp","portfolio_2026-09-15.csv","MnoWe_2","MnoWe_2__g2",12,"M_no",220,0
"z4s8evj8","M_no_W_exp","portfolio_2026-09-15.csv","MnoWe_2","MnoWe_2__g2",12,"M_no",200,-1
"e8h7gvii","M_no_W_exp","portfolio_2026-09-15.csv","MnoWe_2","MnoWe_2__g3",12,"M_no",100,-1
"yt1cbpza","M_no_W_exp","portfolio_2026-09-15.csv","MnoWe_2","MnoWe_2__g3",12,"M_no",100,0
"0i38ht6y","M_no_W_exp","portfolio_2026-09-15.csv","MnoWe_2","MnoWe_2__g3",12,"M_no",150,1
"xyqf41ao","M_no_W_exp","portfolio_2026-09-15.csv","MnoWe_2","MnoWe_2__g3",12,"M_no",150,1
"g9pquzkd","M_no_W_exp","portfolio_2026-09-15.csv","MnoWe_2","MnoWe_2__g3",12,"M_no",90,-1
"7ww48hi4","M_no_W_exp","portfolio_2026-09-15.csv","MnoWe_2","MnoWe_2__g4",12,"M_no",20,0
"5fdw0rg1","M_no_W_exp","portfolio_2026-09-15.csv","MnoWe_2","MnoWe_2__g4",12,"M_no",595,1
"h7o9v437","M_no_W_exp","portfolio_2026-09-15.csv","MnoWe_2","MnoWe_2__g4",12,"M_no",1,-1
"9mimenbo","M_no_W_exp","portfolio_2026-09-15.csv","MnoWe_2","MnoWe_2__g4",12,"M_no",595,1
"hn8non3y","M_no_W_exp","portfolio_2026-09-15.csv","MnoWe_2","MnoWe_2__g4",12,"M_no",15,-1
"x06ipo6j","M_no_W_exp","portfolio_2026-09-15.csv","MnoWe_2","MnoWe_2__g5",12,"W_exp",352,1
"n9iynxtq","M_no_W_exp","portfolio_2026-09-15.csv","MnoWe_2","MnoWe_2__g5",12,"W_exp",350,-1
"diqkyqqr","M_no_W_exp","portfolio_2026-09-15.csv","MnoWe_2","MnoWe_2__g5",12,"W_exp",352,1
"hi0vl1bf","M_no_W_exp","portfolio_2026-09-15.csv","MnoWe_2","MnoWe_2__g5",12,"W_exp",352,0
"u3a33dgt","M_no_W_exp","portfolio_2026-09-15.csv","MnoWe_2","MnoWe_2__g5",12,"W_exp",180,-1
"u4sl54xk","M_no_W_exp","portfolio_2026-09-15.csv","MnoWe_2","MnoWe_2__g1",13,"W_exp",197,-1
"q2jobopa","M_no_W_exp","portfolio_2026-09-15.csv","MnoWe_2","MnoWe_2__g1",13,"W_exp",200,0
"9xg7erl3","M_no_W_exp","portfolio_2026-09-15.csv","MnoWe_2","MnoWe_2__g1",13,"W_exp",201,1
"ixl976y0","M_no_W_exp","portfolio_2026-09-15.csv","MnoWe_2","MnoWe_2__g1",13,"W_exp",200,1
"nqlqeq8n","M_no_W_exp","portfolio_2026-09-15.csv","MnoWe_2","MnoWe_2__g1",13,"W_exp",199,-1
"d10dwe1h","M_no_W_exp","portfolio_2026-09-15.csv","MnoWe_2","MnoWe_2__g2",13,"M_no",200,-1
"0yq0zebw","M_no_W_exp","portfolio_2026-09-15.csv","MnoWe_2","MnoWe_2__g2",13,"M_no",200,-1
"7sfhy51b","M_no_W_exp","portfolio_2026-09-15.csv","MnoWe_2","MnoWe_2__g2",13,"M_no",240,1
"pgjj4tqg","M_no_W_exp","portfolio_2026-09-15.csv","MnoWe_2","MnoWe_2__g2",13,"M_no",230,1
"z4s8evj8","M_no_W_exp","portfolio_2026-09-15.csv","MnoWe_2","MnoWe_2__g2",13,"M_no",215,0
"e8h7gvii","M_no_W_exp","portfolio_2026-09-15.csv","MnoWe_2","MnoWe_2__g3",13,"M_no",10,-1
"yt1cbpza","M_no_W_exp","portfolio_2026-09-15.csv","MnoWe_2","MnoWe_2__g3",13,"M_no",48,-1
"0i38ht6y","M_no_W_exp","portfolio_2026-09-15.csv","MnoWe_2","MnoWe_2__g3",13,"M_no",150,1
"xyqf41ao","M_no_W_exp","portfolio_2026-09-15.csv","MnoWe_2","MnoWe_2__g3",13,"M_no",100,1
"g9pquzkd","M_no_W_exp","portfolio_2026-09-15.csv","MnoWe_2","MnoWe_2__g3",13,"M_no",60,0
"7ww48hi4","M_no_W_exp","portfolio_2026-09-15.csv","MnoWe_2","MnoWe_2__g4",13,"M_no",100,1
"5fdw0rg1","M_no_W_exp","portfolio_2026-09-15.csv","MnoWe_2","MnoWe_2__g4",13,"M_no",5,-1
"h7o9v437","M_no_W_exp","portfolio_2026-09-15.csv","MnoWe_2","MnoWe_2__g4",13,"M_no",1,-1
"9mimenbo","M_no_W_exp","portfolio_2026-09-15.csv","MnoWe_2","MnoWe_2__g4",13,"M_no",15,0
"hn8non3y","M_no_W_exp","portfolio_2026-09-15.csv","MnoWe_2","MnoWe_2__g4",13,"M_no",20,1
"x06ipo6j","M_no_W_exp","portfolio_2026-09-15.csv","MnoWe_2","MnoWe_2__g5",13,"W_exp",352,-1
"n9iynxtq","M_no_W_exp","portfolio_2026-09-15.csv","MnoWe_2","MnoWe_2__g5",13,"W_exp",352,0
"diqkyqqr","M_no_W_exp","portfolio_2026-09-15.csv","MnoWe_2","MnoWe_2__g5",13,"W_exp",354,1
"hi0vl1bf","M_no_W_exp","portfolio_2026-09-15.csv","MnoWe_2","MnoWe_2__g5",13,"W_exp",354,1
"u3a33dgt","M_no_W_exp","portfolio_2026-09-15.csv","MnoWe_2","MnoWe_2__g5",13,"W_exp",180,-1
"u4sl54xk","M_no_W_exp","portfolio_2026-09-15.csv","MnoWe_2","MnoWe_2__g1",14,"W_exp",210,1
"q2jobopa","M_no_W_exp","portfolio_2026-09-15.csv","MnoWe_2","MnoWe_2__g1",14,"W_exp",200,1
"9xg7erl3","M_no_W_exp","portfolio_2026-09-15.csv","MnoWe_2","MnoWe_2__g1",14,"W_exp",199,-1
"ixl976y0","M_no_W_exp","portfolio_2026-09-15.csv","MnoWe_2","MnoWe_2__g1",14,"W_exp",200,0
"nqlqeq8n","M_no_W_exp","portfolio_2026-09-15.csv","MnoWe_2","MnoWe_2__g1",14,"W_exp",199,-1
"d10dwe1h","M_no_W_exp","portfolio_2026-09-15.csv","MnoWe_2","MnoWe_2__g2",14,"M_no",220,0
"0yq0zebw","M_no_W_exp","portfolio_2026-09-15.csv","MnoWe_2","MnoWe_2__g2",14,"M_no",300,1
"7sfhy51b","M_no_W_exp","portfolio_2026-09-15.csv","MnoWe_2","MnoWe_2__g2",14,"M_no",220,1
"pgjj4tqg","M_no_W_exp","portfolio_2026-09-15.csv","MnoWe_2","MnoWe_2__g2",14,"M_no",200,-1
"z4s8evj8","M_no_W_exp","portfolio_2026-09-15.csv","MnoWe_2","MnoWe_2__g2",14,"M_no",215,-1
"e8h7gvii","M_no_W_exp","portfolio_2026-09-15.csv","MnoWe_2","MnoWe_2__g3",14,"M_no",80,1
"yt1cbpza","M_no_W_exp","portfolio_2026-09-15.csv","MnoWe_2","MnoWe_2__g3",14,"M_no",50,-1
"0i38ht6y","M_no_W_exp","portfolio_2026-09-15.csv","MnoWe_2","MnoWe_2__g3",14,"M_no",510,1
"xyqf41ao","M_no_W_exp","portfolio_2026-09-15.csv","MnoWe_2","MnoWe_2__g3",14,"M_no",70,0
"g9pquzkd","M_no_W_exp","portfolio_2026-09-15.csv","MnoWe_2","MnoWe_2__g3",14,"M_no",30,-1
"7ww48hi4","M_no_W_exp","portfolio_2026-09-15.csv","MnoWe_2","MnoWe_2__g4",14,"M_no",50,1
"5fdw0rg1","M_no_W_exp","portfolio_2026-09-15.csv","MnoWe_2","MnoWe_2__g4",14,"M_no",10,-1
"h7o9v437","M_no_W_exp","portfolio_2026-09-15.csv","MnoWe_2","MnoWe_2__g4",14,"M_no",1,-1
"9mimenbo","M_no_W_exp","portfolio_2026-09-15.csv","MnoWe_2","MnoWe_2__g4",14,"M_no",90,1
"hn8non3y","M_no_W_exp","portfolio_2026-09-15.csv","MnoWe_2","MnoWe_2__g4",14,"M_no",20,0
"x06ipo6j","M_no_W_exp","portfolio_2026-09-15.csv","MnoWe_2","MnoWe_2__g5",14,"W_exp",352,0
"n9iynxtq","M_no_W_exp","portfolio_2026-09-15.csv","MnoWe_2","MnoWe_2__g5",14,"W_exp",352,-1
"diqkyqqr","M_no_W_exp","portfolio_2026-09-15.csv","MnoWe_2","MnoWe_2__g5",14,"W_exp",353,1
"hi0vl1bf","M_no_W_exp","portfolio_2026-09-15.csv","MnoWe_2","MnoWe_2__g5",14,"W_exp",353,1
"u3a33dgt","M_no_W_exp","portfolio_2026-09-15.csv","MnoWe_2","MnoWe_2__g5",14,"W_exp",180,-1
"u4sl54xk","M_no_W_exp","portfolio_2026-09-15.csv","MnoWe_2","MnoWe_2__g1",15,"W_exp",196,-1
"q2jobopa","M_no_W_exp","portfolio_2026-09-15.csv","MnoWe_2","MnoWe_2__g1",15,"W_exp",200,0
"9xg7erl3","M_no_W_exp","portfolio_2026-09-15.csv","MnoWe_2","MnoWe_2__g1",15,"W_exp",201,1
"ixl976y0","M_no_W_exp","portfolio_2026-09-15.csv","MnoWe_2","MnoWe_2__g1",15,"W_exp",200,1
"nqlqeq8n","M_no_W_exp","portfolio_2026-09-15.csv","MnoWe_2","MnoWe_2__g1",15,"W_exp",199,-1
"d10dwe1h","M_no_W_exp","portfolio_2026-09-15.csv","MnoWe_2","MnoWe_2__g2",15,"M_no",250,1
"0yq0zebw","M_no_W_exp","portfolio_2026-09-15.csv","MnoWe_2","MnoWe_2__g2",15,"M_no",180,-1
"7sfhy51b","M_no_W_exp","portfolio_2026-09-15.csv","MnoWe_2","MnoWe_2__g2",15,"M_no",225,1
"pgjj4tqg","M_no_W_exp","portfolio_2026-09-15.csv","MnoWe_2","MnoWe_2__g2",15,"M_no",200,-1
"z4s8evj8","M_no_W_exp","portfolio_2026-09-15.csv","MnoWe_2","MnoWe_2__g2",15,"M_no",215,0
"e8h7gvii","M_no_W_exp","portfolio_2026-09-15.csv","MnoWe_2","MnoWe_2__g3",15,"M_no",100,1
"yt1cbpza","M_no_W_exp","portfolio_2026-09-15.csv","MnoWe_2","MnoWe_2__g3",15,"M_no",50,-1
"0i38ht6y","M_no_W_exp","portfolio_2026-09-15.csv","MnoWe_2","MnoWe_2__g3",15,"M_no",30,-1
"xyqf41ao","M_no_W_exp","portfolio_2026-09-15.csv","MnoWe_2","MnoWe_2__g3",15,"M_no",70,0
"g9pquzkd","M_no_W_exp","portfolio_2026-09-15.csv","MnoWe_2","MnoWe_2__g3",15,"M_no",102,1
"7ww48hi4","M_no_W_exp","portfolio_2026-09-15.csv","MnoWe_2","MnoWe_2__g4",15,"M_no",60,1
"5fdw0rg1","M_no_W_exp","portfolio_2026-09-15.csv","MnoWe_2","MnoWe_2__g4",15,"M_no",80,1
"h7o9v437","M_no_W_exp","portfolio_2026-09-15.csv","MnoWe_2","MnoWe_2__g4",15,"M_no",1,-1
"9mimenbo","M_no_W_exp","portfolio_2026-09-15.csv","MnoWe_2","MnoWe_2__g4",15,"M_no",20,-1
"hn8non3y","M_no_W_exp","portfolio_2026-09-15.csv","MnoWe_2","MnoWe_2__g4",15,"M_no",25,0
"x06ipo6j","M_no_W_exp","portfolio_2026-09-15.csv","MnoWe_2","MnoWe_2__g5",15,"W_exp",353,1
"n9iynxtq","M_no_W_exp","portfolio_2026-09-15.csv","MnoWe_2","MnoWe_2__g5",15,"W_exp",352,0
"diqkyqqr","M_no_W_exp","portfolio_2026-09-15.csv","MnoWe_2","MnoWe_2__g5",15,"W_exp",1,-1
"hi0vl1bf","M_no_W_exp","portfolio_2026-09-15.csv","MnoWe_2","MnoWe_2__g5",15,"W_exp",353,1
"u3a33dgt","M_no_W_exp","portfolio_2026-09-15.csv","MnoWe_2","MnoWe_2__g5",15,"W_exp",180,-1
"u4sl54xk","M_no_W_exp","portfolio_2026-09-15.csv","MnoWe_2","MnoWe_2__g1",16,"W_exp",210,1
"q2jobopa","M_no_W_exp","portfolio_2026-09-15.csv","MnoWe_2","MnoWe_2__g1",16,"W_exp",200,0
"9xg7erl3","M_no_W_exp","portfolio_2026-09-15.csv","MnoWe_2","MnoWe_2__g1",16,"W_exp",201,1
"ixl976y0","M_no_W_exp","portfolio_2026-09-15.csv","MnoWe_2","MnoWe_2__g1",16,"W_exp",199,-1
"nqlqeq8n","M_no_W_exp","portfolio_2026-09-15.csv","MnoWe_2","MnoWe_2__g1",16,"W_exp",199,-1
"d10dwe1h","M_no_W_exp","portfolio_2026-09-15.csv","MnoWe_2","MnoWe_2__g2",16,"M_no",250,1
"0yq0zebw","M_no_W_exp","portfolio_2026-09-15.csv","MnoWe_2","MnoWe_2__g2",16,"M_no",222,1
"7sfhy51b","M_no_W_exp","portfolio_2026-09-15.csv","MnoWe_2","MnoWe_2__g2",16,"M_no",205,-1
"pgjj4tqg","M_no_W_exp","portfolio_2026-09-15.csv","MnoWe_2","MnoWe_2__g2",16,"M_no",210,-1
"z4s8evj8","M_no_W_exp","portfolio_2026-09-15.csv","MnoWe_2","MnoWe_2__g2",16,"M_no",220,0
"e8h7gvii","M_no_W_exp","portfolio_2026-09-15.csv","MnoWe_2","MnoWe_2__g3",16,"M_no",1,-1
"yt1cbpza","M_no_W_exp","portfolio_2026-09-15.csv","MnoWe_2","MnoWe_2__g3",16,"M_no",50,-1
"0i38ht6y","M_no_W_exp","portfolio_2026-09-15.csv","MnoWe_2","MnoWe_2__g3",16,"M_no",60,0
"xyqf41ao","M_no_W_exp","portfolio_2026-09-15.csv","MnoWe_2","MnoWe_2__g3",16,"M_no",150,1
"g9pquzkd","M_no_W_exp","portfolio_2026-09-15.csv","MnoWe_2","MnoWe_2__g3",16,"M_no",78,1
"7ww48hi4","M_no_W_exp","portfolio_2026-09-15.csv","MnoWe_2","MnoWe_2__g4",16,"M_no",40,1
"5fdw0rg1","M_no_W_exp","portfolio_2026-09-15.csv","MnoWe_2","MnoWe_2__g4",16,"M_no",70,1
"h7o9v437","M_no_W_exp","portfolio_2026-09-15.csv","MnoWe_2","MnoWe_2__g4",16,"M_no",1,-1
"9mimenbo","M_no_W_exp","portfolio_2026-09-15.csv","MnoWe_2","MnoWe_2__g4",16,"M_no",30,0
"hn8non3y","M_no_W_exp","portfolio_2026-09-15.csv","MnoWe_2","MnoWe_2__g4",16,"M_no",20,-1
"x06ipo6j","M_no_W_exp","portfolio_2026-09-15.csv","MnoWe_2","MnoWe_2__g5",16,"W_exp",353,1
"n9iynxtq","M_no_W_exp","portfolio_2026-09-15.csv","MnoWe_2","MnoWe_2__g5",16,"W_exp",352,-1
"diqkyqqr","M_no_W_exp","portfolio_2026-09-15.csv","MnoWe_2","MnoWe_2__g5",16,"W_exp",354,1
"hi0vl1bf","M_no_W_exp","portfolio_2026-09-15.csv","MnoWe_2","MnoWe_2__g5",16,"W_exp",353,0
"u3a33dgt","M_no_W_exp","portfolio_2026-09-15.csv","MnoWe_2","MnoWe_2__g5",16,"W_exp",180,-1
"u4sl54xk","M_no_W_exp","portfolio_2026-09-15.csv","MnoWe_2","MnoWe_2__g1",17,"W_exp",200,1
"q2jobopa","M_no_W_exp","portfolio_2026-09-15.csv","MnoWe_2","MnoWe_2__g1",17,"W_exp",201,1
"9xg7erl3","M_no_W_exp","portfolio_2026-09-15.csv","MnoWe_2","MnoWe_2__g1",17,"W_exp",199,-1
"ixl976y0","M_no_W_exp","portfolio_2026-09-15.csv","MnoWe_2","MnoWe_2__g1",17,"W_exp",200,0
"nqlqeq8n","M_no_W_exp","portfolio_2026-09-15.csv","MnoWe_2","MnoWe_2__g1",17,"W_exp",199,-1
"d10dwe1h","M_no_W_exp","portfolio_2026-09-15.csv","MnoWe_2","MnoWe_2__g2",17,"M_no",240,1
"0yq0zebw","M_no_W_exp","portfolio_2026-09-15.csv","MnoWe_2","MnoWe_2__g2",17,"M_no",230,0
"7sfhy51b","M_no_W_exp","portfolio_2026-09-15.csv","MnoWe_2","MnoWe_2__g2",17,"M_no",245,1
"pgjj4tqg","M_no_W_exp","portfolio_2026-09-15.csv","MnoWe_2","MnoWe_2__g2",17,"M_no",220,-1
"z4s8evj8","M_no_W_exp","portfolio_2026-09-15.csv","MnoWe_2","MnoWe_2__g2",17,"M_no",220,-1
"e8h7gvii","M_no_W_exp","portfolio_2026-09-15.csv","MnoWe_2","MnoWe_2__g3",17,"M_no",100,1
"yt1cbpza","M_no_W_exp","portfolio_2026-09-15.csv","MnoWe_2","MnoWe_2__g3",17,"M_no",50,-1
"0i38ht6y","M_no_W_exp","portfolio_2026-09-15.csv","MnoWe_2","MnoWe_2__g3",17,"M_no",60,0
"xyqf41ao","M_no_W_exp","portfolio_2026-09-15.csv","MnoWe_2","MnoWe_2__g3",17,"M_no",80,1
"g9pquzkd","M_no_W_exp","portfolio_2026-09-15.csv","MnoWe_2","MnoWe_2__g3",17,"M_no",42,-1
"7ww48hi4","M_no_W_exp","portfolio_2026-09-15.csv","MnoWe_2","MnoWe_2__g4",17,"M_no",10,-1
"5fdw0rg1","M_no_W_exp","portfolio_2026-09-15.csv","MnoWe_2","MnoWe_2__g4",17,"M_no",50,1
"h7o9v437","M_no_W_exp","portfolio_2026-09-15.csv","MnoWe_2","MnoWe_2__g4",17,"M_no",1,-1
"9mimenbo","M_no_W_exp","portfolio_2026-09-15.csv","MnoWe_2","MnoWe_2__g4",17,"M_no",30,0
"hn8non3y","M_no_W_exp","portfolio_2026-09-15.csv","MnoWe_2","MnoWe_2__g4",17,"M_no",50,1
"x06ipo6j","M_no_W_exp","portfolio_2026-09-15.csv","MnoWe_2","MnoWe_2__g5",17,"W_exp",350,0
"n9iynxtq","M_no_W_exp","portfolio_2026-09-15.csv","MnoWe_2","MnoWe_2__g5",17,"W_exp",353,1
"diqkyqqr","M_no_W_exp","portfolio_2026-09-15.csv","MnoWe_2","MnoWe_2__g5",17,"W_exp",1,-1
"hi0vl1bf","M_no_W_exp","portfolio_2026-09-15.csv","MnoWe_2","MnoWe_2__g5",17,"W_exp",354,1
"u3a33dgt","M_no_W_exp","portfolio_2026-09-15.csv","MnoWe_2","MnoWe_2__g5",17,"W_exp",180,-1
"u4sl54xk","M_no_W_exp","portfolio_2026-09-15.csv","MnoWe_2","MnoWe_2__g1",18,"W_exp",190,-1
"q2jobopa","M_no_W_exp","portfolio_2026-09-15.csv","MnoWe_2","MnoWe_2__g1",18,"W_exp",200,1
"9xg7erl3","M_no_W_exp","portfolio_2026-09-15.csv","MnoWe_2","MnoWe_2__g1",18,"W_exp",201,1
"ixl976y0","M_no_W_exp","portfolio_2026-09-15.csv","MnoWe_2","MnoWe_2__g1",18,"W_exp",200,0
"nqlqeq8n","M_no_W_exp","portfolio_2026-09-15.csv","MnoWe_2","MnoWe_2__g1",18,"W_exp",199,-1
"d10dwe1h","M_no_W_exp","portfolio_2026-09-15.csv","MnoWe_2","MnoWe_2__g2",18,"M_no",230,-1
"0yq0zebw","M_no_W_exp","portfolio_2026-09-15.csv","MnoWe_2","MnoWe_2__g2",18,"M_no",235,1
"7sfhy51b","M_no_W_exp","portfolio_2026-09-15.csv","MnoWe_2","MnoWe_2__g2",18,"M_no",235,0
"pgjj4tqg","M_no_W_exp","portfolio_2026-09-15.csv","MnoWe_2","MnoWe_2__g2",18,"M_no",236,1
"z4s8evj8","M_no_W_exp","portfolio_2026-09-15.csv","MnoWe_2","MnoWe_2__g2",18,"M_no",230,-1
"e8h7gvii","M_no_W_exp","portfolio_2026-09-15.csv","MnoWe_2","MnoWe_2__g3",18,"M_no",1,-1
"yt1cbpza","M_no_W_exp","portfolio_2026-09-15.csv","MnoWe_2","MnoWe_2__g3",18,"M_no",55,1
"0i38ht6y","M_no_W_exp","portfolio_2026-09-15.csv","MnoWe_2","MnoWe_2__g3",18,"M_no",50,0
"xyqf41ao","M_no_W_exp","portfolio_2026-09-15.csv","MnoWe_2","MnoWe_2__g3",18,"M_no",60,1
"g9pquzkd","M_no_W_exp","portfolio_2026-09-15.csv","MnoWe_2","MnoWe_2__g3",18,"M_no",18,-1
"7ww48hi4","M_no_W_exp","portfolio_2026-09-15.csv","MnoWe_2","MnoWe_2__g4",18,"M_no",10,-1
"5fdw0rg1","M_no_W_exp","portfolio_2026-09-15.csv","MnoWe_2","MnoWe_2__g4",18,"M_no",30,1
"h7o9v437","M_no_W_exp","portfolio_2026-09-15.csv","MnoWe_2","MnoWe_2__g4",18,"M_no",1,-1
"9mimenbo","M_no_W_exp","portfolio_2026-09-15.csv","MnoWe_2","MnoWe_2__g4",18,"M_no",28,0
"hn8non3y","M_no_W_exp","portfolio_2026-09-15.csv","MnoWe_2","MnoWe_2__g4",18,"M_no",50,1
"x06ipo6j","M_no_W_exp","portfolio_2026-09-15.csv","MnoWe_2","MnoWe_2__g5",18,"W_exp",348,-1
"n9iynxtq","M_no_W_exp","portfolio_2026-09-15.csv","MnoWe_2","MnoWe_2__g5",18,"W_exp",351,0
"diqkyqqr","M_no_W_exp","portfolio_2026-09-15.csv","MnoWe_2","MnoWe_2__g5",18,"W_exp",354,1
"hi0vl1bf","M_no_W_exp","portfolio_2026-09-15.csv","MnoWe_2","MnoWe_2__g5",18,"W_exp",354,1
"u3a33dgt","M_no_W_exp","portfolio_2026-09-15.csv","MnoWe_2","MnoWe_2__g5",18,"W_exp",180,-1
"u4sl54xk","M_no_W_exp","portfolio_2026-09-15.csv","MnoWe_2","MnoWe_2__g1",19,"W_exp",210,1
"q2jobopa","M_no_W_exp","portfolio_2026-09-15.csv","MnoWe_2","MnoWe_2__g1",19,"W_exp",202,1
"9xg7erl3","M_no_W_exp","portfolio_2026-09-15.csv","MnoWe_2","MnoWe_2__g1",19,"W_exp",201,0
"ixl976y0","M_no_W_exp","portfolio_2026-09-15.csv","MnoWe_2","MnoWe_2__g1",19,"W_exp",200,-1
"nqlqeq8n","M_no_W_exp","portfolio_2026-09-15.csv","MnoWe_2","MnoWe_2__g1",19,"W_exp",199,-1
"d10dwe1h","M_no_W_exp","portfolio_2026-09-15.csv","MnoWe_2","MnoWe_2__g2",19,"M_no",200,-1
"0yq0zebw","M_no_W_exp","portfolio_2026-09-15.csv","MnoWe_2","MnoWe_2__g2",19,"M_no",240,1
"7sfhy51b","M_no_W_exp","portfolio_2026-09-15.csv","MnoWe_2","MnoWe_2__g2",19,"M_no",235,1
"pgjj4tqg","M_no_W_exp","portfolio_2026-09-15.csv","MnoWe_2","MnoWe_2__g2",19,"M_no",224,-1
"z4s8evj8","M_no_W_exp","portfolio_2026-09-15.csv","MnoWe_2","MnoWe_2__g2",19,"M_no",225,0
"e8h7gvii","M_no_W_exp","portfolio_2026-09-15.csv","MnoWe_2","MnoWe_2__g3",19,"M_no",70,1
"yt1cbpza","M_no_W_exp","portfolio_2026-09-15.csv","MnoWe_2","MnoWe_2__g3",19,"M_no",45,-1
"0i38ht6y","M_no_W_exp","portfolio_2026-09-15.csv","MnoWe_2","MnoWe_2__g3",19,"M_no",20,-1
"xyqf41ao","M_no_W_exp","portfolio_2026-09-15.csv","MnoWe_2","MnoWe_2__g3",19,"M_no",50,0
"g9pquzkd","M_no_W_exp","portfolio_2026-09-15.csv","MnoWe_2","MnoWe_2__g3",19,"M_no",72,1
"7ww48hi4","M_no_W_exp","portfolio_2026-09-15.csv","MnoWe_2","MnoWe_2__g4",19,"M_no",20,0
"5fdw0rg1","M_no_W_exp","portfolio_2026-09-15.csv","MnoWe_2","MnoWe_2__g4",19,"M_no",30,1
"h7o9v437","M_no_W_exp","portfolio_2026-09-15.csv","MnoWe_2","MnoWe_2__g4",19,"M_no",1,-1
"9mimenbo","M_no_W_exp","portfolio_2026-09-15.csv","MnoWe_2","MnoWe_2__g4",19,"M_no",10,-1
"hn8non3y","M_no_W_exp","portfolio_2026-09-15.csv","MnoWe_2","MnoWe_2__g4",19,"M_no",40,1
"x06ipo6j","M_no_W_exp","portfolio_2026-09-15.csv","MnoWe_2","MnoWe_2__g5",19,"W_exp",351,0
"n9iynxtq","M_no_W_exp","portfolio_2026-09-15.csv","MnoWe_2","MnoWe_2__g5",19,"W_exp",352,1
"diqkyqqr","M_no_W_exp","portfolio_2026-09-15.csv","MnoWe_2","MnoWe_2__g5",19,"W_exp",1,-1
"hi0vl1bf","M_no_W_exp","portfolio_2026-09-15.csv","MnoWe_2","MnoWe_2__g5",19,"W_exp",353,1
"u3a33dgt","M_no_W_exp","portfolio_2026-09-15.csv","MnoWe_2","MnoWe_2__g5",19,"W_exp",200,-1
"u4sl54xk","M_no_W_exp","portfolio_2026-09-15.csv","MnoWe_2","MnoWe_2__g1",20,"W_exp",100,-1
"q2jobopa","M_no_W_exp","portfolio_2026-09-15.csv","MnoWe_2","MnoWe_2__g1",20,"W_exp",202,1
"9xg7erl3","M_no_W_exp","portfolio_2026-09-15.csv","MnoWe_2","MnoWe_2__g1",20,"W_exp",201,1
"ixl976y0","M_no_W_exp","portfolio_2026-09-15.csv","MnoWe_2","MnoWe_2__g1",20,"W_exp",1,-1
"nqlqeq8n","M_no_W_exp","portfolio_2026-09-15.csv","MnoWe_2","MnoWe_2__g1",20,"W_exp",199,0
"d10dwe1h","M_no_W_exp","portfolio_2026-09-15.csv","MnoWe_2","MnoWe_2__g2",20,"M_no",200,-1
"0yq0zebw","M_no_W_exp","portfolio_2026-09-15.csv","MnoWe_2","MnoWe_2__g2",20,"M_no",200,-1
"7sfhy51b","M_no_W_exp","portfolio_2026-09-15.csv","MnoWe_2","MnoWe_2__g2",20,"M_no",230,1
"pgjj4tqg","M_no_W_exp","portfolio_2026-09-15.csv","MnoWe_2","MnoWe_2__g2",20,"M_no",231,1
"z4s8evj8","M_no_W_exp","portfolio_2026-09-15.csv","MnoWe_2","MnoWe_2__g2",20,"M_no",225,0
"e8h7gvii","M_no_W_exp","portfolio_2026-09-15.csv","MnoWe_2","MnoWe_2__g3",20,"M_no",1,-1
"yt1cbpza","M_no_W_exp","portfolio_2026-09-15.csv","MnoWe_2","MnoWe_2__g3",20,"M_no",40,-1
"0i38ht6y","M_no_W_exp","portfolio_2026-09-15.csv","MnoWe_2","MnoWe_2__g3",20,"M_no",560,1
"xyqf41ao","M_no_W_exp","portfolio_2026-09-15.csv","MnoWe_2","MnoWe_2__g3",20,"M_no",45,0
"g9pquzkd","M_no_W_exp","portfolio_2026-09-15.csv","MnoWe_2","MnoWe_2__g3",20,"M_no",48,1
"7ww48hi4","M_no_W_exp","portfolio_2026-09-15.csv","MnoWe_2","MnoWe_2__g4",20,"M_no",12,-1
"5fdw0rg1","M_no_W_exp","portfolio_2026-09-15.csv","MnoWe_2","MnoWe_2__g4",20,"M_no",30,1
"h7o9v437","M_no_W_exp","portfolio_2026-09-15.csv","MnoWe_2","MnoWe_2__g4",20,"M_no",1,-1
"9mimenbo","M_no_W_exp","portfolio_2026-09-15.csv","MnoWe_2","MnoWe_2__g4",20,"M_no",100,1
"hn8non3y","M_no_W_exp","portfolio_2026-09-15.csv","MnoWe_2","MnoWe_2__g4",20,"M_no",30,0
"x06ipo6j","M_no_W_exp","portfolio_2026-09-15.csv","MnoWe_2","MnoWe_2__g5",20,"W_exp",347,-1
"n9iynxtq","M_no_W_exp","portfolio_2026-09-15.csv","MnoWe_2","MnoWe_2__g5",20,"W_exp",351,0
"diqkyqqr","M_no_W_exp","portfolio_2026-09-15.csv","MnoWe_2","MnoWe_2__g5",20,"W_exp",354,1
"hi0vl1bf","M_no_W_exp","portfolio_2026-09-15.csv","MnoWe_2","MnoWe_2__g5",20,"W_exp",353,1
"u3a33dgt","M_no_W_exp","portfolio_2026-09-15.csv","MnoWe_2","MnoWe_2__g5",20,"W_exp",180,-1
