"participant.code","player.treatment","source_file","source_folder","group_uid","subsession.round_number","manager","player.bid","player.trade"
"fwrj2jat","M_exp_W_exp","portfolio_2026-09-15.csv","bothe_1","bothe_1__g1",1,"exp",115,-1
"0vigghqi","M_exp_W_exp","portfolio_2026-09-15.csv","bothe_1","bothe_1__g1",1,"exp",300,1
"xu6xugdp","M_exp_W_exp","portfolio_2026-09-15.csv","bothe_1","bothe_1__g1",1,"exp",100,-1
"9nn00jux","M_exp_W_exp","portfolio_2026-09-15.csv","bothe_1","bothe_1__g1",1,"exp",135,0
"d8azp69w","M_exp_W_exp","portfolio_2026-09-15.csv","bothe_1","bothe_1__g1",1,"exp",400,1
"g5ct4rg0","M_exp_W_exp","portfolio_2026-09-15.csv","bothe_1","bothe_1__g2",1,"exp",599,1
"utr109q6","M_exp_W_exp","portfolio_2026-09-15.csv","bothe_1","bothe_1__g2",1,"exp",500,1
"uza1lz8f","M_exp_W_exp","portfolio_2026-09-15.csv","bothe_1","bothe_1__g2",1,"exp",400,0
"3z6ed32t","M_exp_W_exp","portfolio_2026-09-15.csv","bothe_1","bothe_1__g2",1,"exp",1,-1
"pzsakpjx","M_exp_W_exp","portfolio_2026-09-15.csv","bothe_1","bothe_1__g2",1,"exp",200,-1
"h4hoh39u","M_exp_W_exp","portfolio_2026-09-15.csv","bothe_1","bothe_1__g3",1,"exp",450,1
"jzoxfyc2","M_exp_W_exp","portfolio_2026-09-15.csv","bothe_1","bothe_1__g3",1,"exp",300,-1
"dqn940v4","M_exp_W_exp","portfolio_2026-09-15.csv","bothe_1","bothe_1__g3",1,"exp",450,1
"5l1yk0gm","M_exp_W_exp","portfolio_2026-09-15.csv","bothe_1","bothe_1__g3",1,"exp",400,0
"3fdg4ref","M_exp_W_exp","portfolio_2026-09-15.csv","bothe_1","bothe_1__g3",1,"exp",200,-1
"iliayit3","M_exp_W_exp","portfolio_2026-09-15.csv","bothe_1","bothe_1__g4",1,"exp",400,-1
"hpzf5xgg","M_exp_W_exp","portfolio_2026-09-15.csv","bothe_1","bothe_1__g4",1,"exp",550,1
"3th28718","M_exp_W_exp","portfolio_2026-09-15.csv","bothe_1","bothe_1__g4",1,"exp",500,1
"hh695q6a","M_exp_W_exp","portfolio_2026-09-15.csv","bothe_1","bothe_1__g4",1,"exp",400,0
"2w7wmunp","M_exp_W_exp","portfolio_2026-09-15.csv","bothe_1","bothe_1__g4",1,"exp",326,-1
"2fon3kdf","M_exp_W_exp","portfolio_2026-09-15.csv","bothe_1","bothe_1__g5",1,"exp",300,0
"0vm37wcl","M_exp_W_exp","portfolio_2026-09-15.csv","bothe_1","bothe_1__g5",1,"exp",200,-1
"9902h2kd","M_exp_W_exp","portfolio_2026-09-15.csv","bothe_1","bothe_1__g5",1,"exp",399,1
"snwy0w01","M_exp_W_exp","portfolio_2026-09-15.csv","bothe_1","bothe_1__g5",1,"exp",125,-1
"yaickank","M_exp_W_exp","portfolio_2026-09-15.csv","bothe_1","bothe_1__g5",1,"exp",350,1
"fwrj2jat","M_exp_W_exp","portfolio_2026-09-15.csv","bothe_1","bothe_1__g1",2,"exp",115,-1
"0vigghqi","M_exp_W_exp","portfolio_2026-09-15.csv","bothe_1","bothe_1__g1",2,"exp",90,-1
"xu6xugdp","M_exp_W_exp","portfolio_2026-09-15.csv","bothe_1","bothe_1__g1",2,"exp",140,1
"9nn00jux","M_exp_W_exp","portfolio_2026-09-15.csv","bothe_1","bothe_1__g1",2,"exp",140,0
"d8azp69w","M_exp_W_exp","portfolio_2026-09-15.csv","bothe_1","bothe_1__g1",2,"exp",200,1
"g5ct4rg0","M_exp_W_exp","portfolio_2026-09-15.csv","bothe_1","bothe_1__g2",2,"exp",410,0
"utr109q6","M_exp_W_exp","portfolio_2026-09-15.csv","bothe_1","bothe_1__g2",2,"exp",300,-1
"uza1lz8f","M_exp_W_exp","portfolio_2026-09-15.csv","bothe_1","bothe_1__g2",2,"exp",550,1
"3z6ed32t","M_exp_W_exp","portfolio_2026-09-15.csv","bothe_1","bothe_1__g2",2,"exp",1,-1
"pzsakpjx","M_exp_W_exp","portfolio_2026-09-15.csv","bothe_1","bothe_1__g2",2,"exp",450,1
"h4hoh39u","M_exp_W_exp","portfolio_2026-09-15.csv","bothe_1","bothe_1__g3",2,"exp",400,1
"jzoxfyc2","M_exp_W_exp","portfolio_2026-09-15.csv","bothe_1","bothe_1__g3",2,"exp",333,-1
"dqn940v4","M_exp_W_exp","portfolio_2026-09-15.csv","bothe_1","bothe_1__g3",2,"exp",420,1
"5l1yk0gm","M_exp_W_exp","portfolio_2026-09-15.csv","bothe_1","bothe_1__g3",2,"exp",350,0
"3fdg4ref","M_exp_W_exp","portfolio_2026-09-15.csv","bothe_1","bothe_1__g3",2,"exp",200,-1
"iliayit3","M_exp_W_exp","portfolio_2026-09-15.csv","bothe_1","bothe_1__g4",2,"exp",350,-1
"hpzf5xgg","M_exp_W_exp","portfolio_2026-09-15.csv","bothe_1","bothe_1__g4",2,"exp",550,1
"3th28718","M_exp_W_exp","portfolio_2026-09-15.csv","bothe_1","bothe_1__g4",2,"exp",450,0
"hh695q6a","M_exp_W_exp","portfolio_2026-09-15.csv","bothe_1","bothe_1__g4",2,"exp",380,-1
"2w7wmunp","M_exp_W_exp","portfolio_2026-09-15.csv","bothe_1","bothe_1__g4",2,"exp",452,1
"2fon3kdf","M_exp_W_exp","portfolio_2026-09-15.csv","bothe_1","bothe_1__g5",2,"exp",299,-1
"0vm37wcl","M_exp_W_exp","portfolio_2026-09-15.csv","bothe_1","bothe_1__g5",2,"exp",400,1
"9902h2kd","M_exp_W_exp","portfolio_2026-09-15.csv","bothe_1","bothe_1__g5",2,"exp",310,1
"snwy0w01","M_exp_W_exp","portfolio_2026-09-15.csv","bothe_1","bothe_1__g5",2,"exp",300,0
"yaickank","M_exp_W_exp","portfolio_2026-09-15.csv","bothe_1","bothe_1__g5",2,"exp",290,-1
"fwrj2jat","M_exp_W_exp","portfolio_2026-09-15.csv","bothe_1","bothe_1__g1",3,"exp",130,-1
"0vigghqi","M_exp_W_exp","portfolio_2026-09-15.csv","bothe_1","bothe_1__g1",3,"exp",159,1
"xu6xugdp","M_exp_W_exp","portfolio_2026-09-15.csv","bothe_1","bothe_1__g1",3,"exp",141,-1
"9nn00jux","M_exp_W_exp","portfolio_2026-09-15.csv","bothe_1","bothe_1__g1",3,"exp",150,1
"d8azp69w","M_exp_W_exp","portfolio_2026-09-15.csv","bothe_1","bothe_1__g1",3,"exp",150,0
"g5ct4rg0","M_exp_W_exp","portfolio_2026-09-15.csv","bothe_1","bothe_1__g2",3,"exp",460,1
"utr109q6","M_exp_W_exp","portfolio_2026-09-15.csv","bothe_1","bothe_1__g2",3,"exp",1,-1
"uza1lz8f","M_exp_W_exp","portfolio_2026-09-15.csv","bothe_1","bothe_1__g2",3,"exp",200,0
"3z6ed32t","M_exp_W_exp","portfolio_2026-09-15.csv","bothe_1","bothe_1__g2",3,"exp",1,-1
"pzsakpjx","M_exp_W_exp","portfolio_2026-09-15.csv","bothe_1","bothe_1__g2",3,"exp",430,1
"h4hoh39u","M_exp_W_exp","portfolio_2026-09-15.csv","bothe_1","bothe_1__g3",3,"exp",377,1
"jzoxfyc2","M_exp_W_exp","portfolio_2026-09-15.csv","bothe_1","bothe_1__g3",3,"exp",320,-1
"dqn940v4","M_exp_W_exp","portfolio_2026-09-15.csv","bothe_1","bothe_1__g3",3,"exp",330,-1
"5l1yk0gm","M_exp_W_exp","portfolio_2026-09-15.csv","bothe_1","bothe_1__g3",3,"exp",375,1
"3fdg4ref","M_exp_W_exp","portfolio_2026-09-15.csv","bothe_1","bothe_1__g3",3,"exp",350,0
"iliayit3","M_exp_W_exp","portfolio_2026-09-15.csv","bothe_1","bothe_1__g4",3,"exp",425,-1
"hpzf5xgg","M_exp_W_exp","portfolio_2026-09-15.csv","bothe_1","bothe_1__g4",3,"exp",550,1
"3th28718","M_exp_W_exp","portfolio_2026-09-15.csv","bothe_1","bothe_1__g4",3,"exp",460,0
"hh695q6a","M_exp_W_exp","portfolio_2026-09-15.csv","bothe_1","bothe_1__g4",3,"exp",450,-1
"2w7wmunp","M_exp_W_exp","portfolio_2026-09-15.csv","bothe_1","bothe_1__g4",3,"exp",525,1
"2fon3kdf","M_exp_W_exp","portfolio_2026-09-15.csv","bothe_1","bothe_1__g5",3,"exp",299,0
"0vm37wcl","M_exp_W_exp","portfolio_2026-09-15.csv","bothe_1","bothe_1__g5",3,"exp",300,1
"9902h2kd","M_exp_W_exp","portfolio_2026-09-15.csv","bothe_1","bothe_1__g5",3,"exp",299,-1
"snwy0w01","M_exp_W_exp","portfolio_2026-09-15.csv","bothe_1","bothe_1__g5",3,"exp",300,1
"yaickank","M_exp_W_exp","portfolio_2026-09-15.csv","bothe_1","bothe_1__g5",3,"exp",299,-1
"fwrj2jat","M_exp_W_exp","portfolio_2026-09-15.csv","bothe_1","bothe_1__g1",4,"exp",140,-1
"0vigghqi","M_exp_W_exp","portfolio_2026-09-15.csv","bothe_1","bothe_1__g1",4,"exp",163,0
"xu6xugdp","M_exp_W_exp","portfolio_2026-09-15.csv","bothe_1","bothe_1__g1",4,"exp",200,1
"9nn00jux","M_exp_W_exp","portfolio_2026-09-15.csv","bothe_1","bothe_1__g1",4,"exp",155,-1
"d8azp69w","M_exp_W_exp","portfolio_2026-09-15.csv","bothe_1","bothe_1__g1",4,"exp",170,1
"g5ct4rg0","M_exp_W_exp","portfolio_2026-09-15.csv","bothe_1","bothe_1__g2",4,"exp",300,1
"utr109q6","M_exp_W_exp","portfolio_2026-09-15.csv","bothe_1","bothe_1__g2",4,"exp",300,0
"uza1lz8f","M_exp_W_exp","portfolio_2026-09-15.csv","bothe_1","bothe_1__g2",4,"exp",300,-1
"3z6ed32t","M_exp_W_exp","portfolio_2026-09-15.csv","bothe_1","bothe_1__g2",4,"exp",1,-1
"pzsakpjx","M_exp_W_exp","portfolio_2026-09-15.csv","bothe_1","bothe_1__g2",4,"exp",400,1
"h4hoh39u","M_exp_W_exp","portfolio_2026-09-15.csv","bothe_1","bothe_1__g3",4,"exp",350,0
"jzoxfyc2","M_exp_W_exp","portfolio_2026-09-15.csv","bothe_1","bothe_1__g3",4,"exp",320,-1
"dqn940v4","M_exp_W_exp","portfolio_2026-09-15.csv","bothe_1","bothe_1__g3",4,"exp",360,1
"5l1yk0gm","M_exp_W_exp","portfolio_2026-09-15.csv","bothe_1","bothe_1__g3",4,"exp",375,1
"3fdg4ref","M_exp_W_exp","portfolio_2026-09-15.csv","bothe_1","bothe_1__g3",4,"exp",350,-1
"iliayit3","M_exp_W_exp","portfolio_2026-09-15.csv","bothe_1","bothe_1__g4",4,"exp",460,-1
"hpzf5xgg","M_exp_W_exp","portfolio_2026-09-15.csv","bothe_1","bothe_1__g4",4,"exp",470,1
"3th28718","M_exp_W_exp","portfolio_2026-09-15.csv","bothe_1","bothe_1__g4",4,"exp",450,-1
"hh695q6a","M_exp_W_exp","portfolio_2026-09-15.csv","bothe_1","bothe_1__g4",4,"exp",465,0
"2w7wmunp","M_exp_W_exp","portfolio_2026-09-15.csv","bothe_1","bothe_1__g4",4,"exp",480,1
"2fon3kdf","M_exp_W_exp","portfolio_2026-09-15.csv","bothe_1","bothe_1__g5",4,"exp",199,-1
"0vm37wcl","M_exp_W_exp","portfolio_2026-09-15.csv","bothe_1","bothe_1__g5",4,"exp",200,-1
"9902h2kd","M_exp_W_exp","portfolio_2026-09-15.csv","bothe_1","bothe_1__g5",4,"exp",300,1
"snwy0w01","M_exp_W_exp","portfolio_2026-09-15.csv","bothe_1","bothe_1__g5",4,"exp",300,0
"yaickank","M_exp_W_exp","portfolio_2026-09-15.csv","bothe_1","bothe_1__g5",4,"exp",315,1
"fwrj2jat","M_exp_W_exp","portfolio_2026-09-15.csv","bothe_1","bothe_1__g1",5,"exp",165,-1
"0vigghqi","M_exp_W_exp","portfolio_2026-09-15.csv","bothe_1","bothe_1__g1",5,"exp",174,0
"xu6xugdp","M_exp_W_exp","portfolio_2026-09-15.csv","bothe_1","bothe_1__g1",5,"exp",200,1
"9nn00jux","M_exp_W_exp","portfolio_2026-09-15.csv","bothe_1","bothe_1__g1",5,"exp",155,-1
"d8azp69w","M_exp_W_exp","portfolio_2026-09-15.csv","bothe_1","bothe_1__g1",5,"exp",185,1
"g5ct4rg0","M_exp_W_exp","portfolio_2026-09-15.csv","bothe_1","bothe_1__g2",5,"exp",300,0
"utr109q6","M_exp_W_exp","portfolio_2026-09-15.csv","bothe_1","bothe_1__g2",5,"exp",300,-1
"uza1lz8f","M_exp_W_exp","portfolio_2026-09-15.csv","bothe_1","bothe_1__g2",5,"exp",400,1
"3z6ed32t","M_exp_W_exp","portfolio_2026-09-15.csv","bothe_1","bothe_1__g2",5,"exp",1,-1
"pzsakpjx","M_exp_W_exp","portfolio_2026-09-15.csv","bothe_1","bothe_1__g2",5,"exp",400,1
"h4hoh39u","M_exp_W_exp","portfolio_2026-09-15.csv","bothe_1","bothe_1__g3",5,"exp",300,-1
"jzoxfyc2","M_exp_W_exp","portfolio_2026-09-15.csv","bothe_1","bothe_1__g3",5,"exp",340,1
"dqn940v4","M_exp_W_exp","portfolio_2026-09-15.csv","bothe_1","bothe_1__g3",5,"exp",360,1
"5l1yk0gm","M_exp_W_exp","portfolio_2026-09-15.csv","bothe_1","bothe_1__g3",5,"exp",100,-1
"3fdg4ref","M_exp_W_exp","portfolio_2026-09-15.csv","bothe_1","bothe_1__g3",5,"exp",300,0
"iliayit3","M_exp_W_exp","portfolio_2026-09-15.csv","bothe_1","bothe_1__g4",5,"exp",470,0
"hpzf5xgg","M_exp_W_exp","portfolio_2026-09-15.csv","bothe_1","bothe_1__g4",5,"exp",470,1
"3th28718","M_exp_W_exp","portfolio_2026-09-15.csv","bothe_1","bothe_1__g4",5,"exp",460,-1
"hh695q6a","M_exp_W_exp","portfolio_2026-09-15.csv","bothe_1","bothe_1__g4",5,"exp",470,1
"2w7wmunp","M_exp_W_exp","portfolio_2026-09-15.csv","bothe_1","bothe_1__g4",5,"exp",452,-1
"2fon3kdf","M_exp_W_exp","portfolio_2026-09-15.csv","bothe_1","bothe_1__g5",5,"exp",288,-1
"0vm37wcl","M_exp_W_exp","portfolio_2026-09-15.csv","bothe_1","bothe_1__g5",5,"exp",599,1
"9902h2kd","M_exp_W_exp","portfolio_2026-09-15.csv","bothe_1","bothe_1__g5",5,"exp",298,-1
"snwy0w01","M_exp_W_exp","portfolio_2026-09-15.csv","bothe_1","bothe_1__g5",5,"exp",298,0
"yaickank","M_exp_W_exp","portfolio_2026-09-15.csv","bothe_1","bothe_1__g5",5,"exp",305,1
"fwrj2jat","M_exp_W_exp","portfolio_2026-09-15.csv","bothe_1","bothe_1__g1",6,"exp",180,-1
"0vigghqi","M_exp_W_exp","portfolio_2026-09-15.csv","bothe_1","bothe_1__g1",6,"exp",191,1
"xu6xugdp","M_exp_W_exp","portfolio_2026-09-15.csv","bothe_1","bothe_1__g1",6,"exp",200,1
"9nn00jux","M_exp_W_exp","portfolio_2026-09-15.csv","bothe_1","bothe_1__g1",6,"exp",155,-1
"d8azp69w","M_exp_W_exp","portfolio_2026-09-15.csv","bothe_1","bothe_1__g1",6,"exp",190,0
"g5ct4rg0","M_exp_W_exp","portfolio_2026-09-15.csv","bothe_1","bothe_1__g2",6,"exp",410,1
"utr109q6","M_exp_W_exp","portfolio_2026-09-15.csv","bothe_1","bothe_1__g2",6,"exp",300,0
"uza1lz8f","M_exp_W_exp","portfolio_2026-09-15.csv","bothe_1","bothe_1__g2",6,"exp",10,-1
"3z6ed32t","M_exp_W_exp","portfolio_2026-09-15.csv","bothe_1","bothe_1__g2",6,"exp",1,-1
"pzsakpjx","M_exp_W_exp","portfolio_2026-09-15.csv","bothe_1","bothe_1__g2",6,"exp",400,1
"h4hoh39u","M_exp_W_exp","portfolio_2026-09-15.csv","bothe_1","bothe_1__g3",6,"exp",200,-1
"jzoxfyc2","M_exp_W_exp","portfolio_2026-09-15.csv","bothe_1","bothe_1__g3",6,"exp",280,0
"dqn940v4","M_exp_W_exp","portfolio_2026-09-15.csv","bothe_1","bothe_1__g3",6,"exp",330,1
"5l1yk0gm","M_exp_W_exp","portfolio_2026-09-15.csv","bothe_1","bothe_1__g3",6,"exp",125,-1
"3fdg4ref","M_exp_W_exp","portfolio_2026-09-15.csv","bothe_1","bothe_1__g3",6,"exp",300,1
"iliayit3","M_exp_W_exp","portfolio_2026-09-15.csv","bothe_1","bothe_1__g4",6,"exp",400,-1
"hpzf5xgg","M_exp_W_exp","portfolio_2026-09-15.csv","bothe_1","bothe_1__g4",6,"exp",480,1
"3th28718","M_exp_W_exp","portfolio_2026-09-15.csv","bothe_1","bothe_1__g4",6,"exp",465,0
"hh695q6a","M_exp_W_exp","portfolio_2026-09-15.csv","bothe_1","bothe_1__g4",6,"exp",470,1
"2w7wmunp","M_exp_W_exp","portfolio_2026-09-15.csv","bothe_1","bothe_1__g4",6,"exp",445,-1
"2fon3kdf","M_exp_W_exp","portfolio_2026-09-15.csv","bothe_1","bothe_1__g5",6,"exp",188,-1
"0vm37wcl","M_exp_W_exp","portfolio_2026-09-15.csv","bothe_1","bothe_1__g5",6,"exp",250,-1
"9902h2kd","M_exp_W_exp","portfolio_2026-09-15.csv","bothe_1","bothe_1__g5",6,"exp",297,0
"snwy0w01","M_exp_W_exp","portfolio_2026-09-15.csv","bothe_1","bothe_1__g5",6,"exp",303,1
"yaickank","M_exp_W_exp","portfolio_2026-09-15.csv","bothe_1","bothe_1__g5",6,"exp",305,1
"fwrj2jat","M_exp_W_exp","portfolio_2026-09-15.csv","bothe_1","bothe_1__g1",7,"exp",205,1
"0vigghqi","M_exp_W_exp","portfolio_2026-09-15.csv","bothe_1","bothe_1__g1",7,"exp",195,-1
"xu6xugdp","M_exp_W_exp","portfolio_2026-09-15.csv","bothe_1","bothe_1__g1",7,"exp",202,0
"9nn00jux","M_exp_W_exp","portfolio_2026-09-15.csv","bothe_1","bothe_1__g1",7,"exp",156,-1
"d8azp69w","M_exp_W_exp","portfolio_2026-09-15.csv","bothe_1","bothe_1__g1",7,"exp",210,1
"g5ct4rg0","M_exp_W_exp","portfolio_2026-09-15.csv","bothe_1","bothe_1__g2",7,"exp",420,1
"utr109q6","M_exp_W_exp","portfolio_2026-09-15.csv","bothe_1","bothe_1__g2",7,"exp",301,-1
"uza1lz8f","M_exp_W_exp","portfolio_2026-09-15.csv","bothe_1","bothe_1__g2",7,"exp",310,0
"3z6ed32t","M_exp_W_exp","portfolio_2026-09-15.csv","bothe_1","bothe_1__g2",7,"exp",1,-1
"pzsakpjx","M_exp_W_exp","portfolio_2026-09-15.csv","bothe_1","bothe_1__g2",7,"exp",350,1
"h4hoh39u","M_exp_W_exp","portfolio_2026-09-15.csv","bothe_1","bothe_1__g3",7,"exp",250,0
"jzoxfyc2","M_exp_W_exp","portfolio_2026-09-15.csv","bothe_1","bothe_1__g3",7,"exp",250,1
"dqn940v4","M_exp_W_exp","portfolio_2026-09-15.csv","bothe_1","bothe_1__g3",7,"exp",250,-1
"5l1yk0gm","M_exp_W_exp","portfolio_2026-09-15.csv","bothe_1","bothe_1__g3",7,"exp",150,-1
"3fdg4ref","M_exp_W_exp","portfolio_2026-09-15.csv","bothe_1","bothe_1__g3",7,"exp",285,1
"iliayit3","M_exp_W_exp","portfolio_2026-09-15.csv","bothe_1","bothe_1__g4",7,"exp",425,-1
"hpzf5xgg","M_exp_W_exp","portfolio_2026-09-15.csv","bothe_1","bothe_1__g4",7,"exp",599,1
"3th28718","M_exp_W_exp","portfolio_2026-09-15.csv","bothe_1","bothe_1__g4",7,"exp",460,0
"hh695q6a","M_exp_W_exp","portfolio_2026-09-15.csv","bothe_1","bothe_1__g4",7,"exp",460,-1
"2w7wmunp","M_exp_W_exp","portfolio_2026-09-15.csv","bothe_1","bothe_1__g4",7,"exp",480,1
"2fon3kdf","M_exp_W_exp","portfolio_2026-09-15.csv","bothe_1","bothe_1__g5",7,"exp",287,-1
"0vm37wcl","M_exp_W_exp","portfolio_2026-09-15.csv","bothe_1","bothe_1__g5",7,"exp",300,1
"9902h2kd","M_exp_W_exp","portfolio_2026-09-15.csv","bothe_1","bothe_1__g5",7,"exp",298,0
"snwy0w01","M_exp_W_exp","portfolio_2026-09-15.csv","bothe_1","bothe_1__g5",7,"exp",295,-1
"yaickank","M_exp_W_exp","portfolio_2026-09-15.csv","bothe_1","bothe_1__g5",7,"exp",300,1
"fwrj2jat","M_exp_W_exp","portfolio_2026-09-15.csv","bothe_1","bothe_1__g1",8,"exp",302,1
"0vigghqi","M_exp_W_exp","portfolio_2026-09-15.csv","bothe_1","bothe_1__g1",8,"exp",207,-1
"xu6xugdp","M_exp_W_exp","portfolio_2026-09-15.csv","bothe_1","bothe_1__g1",8,"exp",220,0
"9nn00jux","M_exp_W_exp","portfolio_2026-09-15.csv","bothe_1","bothe_1__g1",8,"exp",155,-1
"d8azp69w","M_exp_W_exp","portfolio_2026-09-15.csv","bothe_1","bothe_1__g1",8,"exp",224,1
"g5ct4rg0","M_exp_W_exp","portfolio_2026-09-15.csv","bothe_1","bothe_1__g2",8,"exp",430,1
"utr109q6","M_exp_W_exp","portfolio_2026-09-15.csv","bothe_1","bothe_1__g2",8,"exp",311,-1
"uza1lz8f","M_exp_W_exp","portfolio_2026-09-15.csv","bothe_1","bothe_1__g2",8,"exp",400,1
"3z6ed32t","M_exp_W_exp","portfolio_2026-09-15.csv","bothe_1","bothe_1__g2",8,"exp",1,-1
"pzsakpjx","M_exp_W_exp","portfolio_2026-09-15.csv","bothe_1","bothe_1__g2",8,"exp",350,0
"h4hoh39u","M_exp_W_exp","portfolio_2026-09-15.csv","bothe_1","bothe_1__g3",8,"exp",230,0
"jzoxfyc2","M_exp_W_exp","portfolio_2026-09-15.csv","bothe_1","bothe_1__g3",8,"exp",220,-1
"dqn940v4","M_exp_W_exp","portfolio_2026-09-15.csv","bothe_1","bothe_1__g3",8,"exp",250,1
"5l1yk0gm","M_exp_W_exp","portfolio_2026-09-15.csv","bothe_1","bothe_1__g3",8,"exp",150,-1
"3fdg4ref","M_exp_W_exp","portfolio_2026-09-15.csv","bothe_1","bothe_1__g3",8,"exp",240,1
"iliayit3","M_exp_W_exp","portfolio_2026-09-15.csv","bothe_1","bothe_1__g4",8,"exp",450,0
"hpzf5xgg","M_exp_W_exp","portfolio_2026-09-15.csv","bothe_1","bothe_1__g4",8,"exp",440,-1
"3th28718","M_exp_W_exp","portfolio_2026-09-15.csv","bothe_1","bothe_1__g4",8,"exp",470,1
"hh695q6a","M_exp_W_exp","portfolio_2026-09-15.csv","bothe_1","bothe_1__g4",8,"exp",455,1
"2w7wmunp","M_exp_W_exp","portfolio_2026-09-15.csv","bothe_1","bothe_1__g4",8,"exp",425,-1
"2fon3kdf","M_exp_W_exp","portfolio_2026-09-15.csv","bothe_1","bothe_1__g5",8,"exp",299,1
"0vm37wcl","M_exp_W_exp","portfolio_2026-09-15.csv","bothe_1","bothe_1__g5",8,"exp",250,-1
"9902h2kd","M_exp_W_exp","portfolio_2026-09-15.csv","bothe_1","bothe_1__g5",8,"exp",298,0
"snwy0w01","M_exp_W_exp","portfolio_2026-09-15.csv","bothe_1","bothe_1__g5",8,"exp",299,1
"yaickank","M_exp_W_exp","portfolio_2026-09-15.csv","bothe_1","bothe_1__g5",8,"exp",295,-1
"fwrj2jat","M_exp_W_exp","portfolio_2026-09-15.csv","bothe_1","bothe_1__g1",9,"exp",235,0
"0vigghqi","M_exp_W_exp","portfolio_2026-09-15.csv","bothe_1","bothe_1__g1",9,"exp",232,-1
"xu6xugdp","M_exp_W_exp","portfolio_2026-09-15.csv","bothe_1","bothe_1__g1",9,"exp",250,1
"9nn00jux","M_exp_W_exp","portfolio_2026-09-15.csv","bothe_1","bothe_1__g1",9,"exp",155,-1
"d8azp69w","M_exp_W_exp","portfolio_2026-09-15.csv","bothe_1","bothe_1__g1",9,"exp",238,1
"g5ct4rg0","M_exp_W_exp","portfolio_2026-09-15.csv","bothe_1","bothe_1__g2",9,"exp",200,-1
"utr109q6","M_exp_W_exp","portfolio_2026-09-15.csv","bothe_1","bothe_1__g2",9,"exp",300,0
"uza1lz8f","M_exp_W_exp","portfolio_2026-09-15.csv","bothe_1","bothe_1__g2",9,"exp",500,1
"3z6ed32t","M_exp_W_exp","portfolio_2026-09-15.csv","bothe_1","bothe_1__g2",9,"exp",1,-1
"pzsakpjx","M_exp_W_exp","portfolio_2026-09-15.csv","bothe_1","bothe_1__g2",9,"exp",400,1
"h4hoh39u","M_exp_W_exp","portfolio_2026-09-15.csv","bothe_1","bothe_1__g3",9,"exp",180,-1
"jzoxfyc2","M_exp_W_exp","portfolio_2026-09-15.csv","bothe_1","bothe_1__g3",9,"exp",220,1
"dqn940v4","M_exp_W_exp","portfolio_2026-09-15.csv","bothe_1","bothe_1__g3",9,"exp",230,1
"5l1yk0gm","M_exp_W_exp","portfolio_2026-09-15.csv","bothe_1","bothe_1__g3",9,"exp",25,-1
"3fdg4ref","M_exp_W_exp","portfolio_2026-09-15.csv","bothe_1","bothe_1__g3",9,"exp",201,0
"iliayit3","M_exp_W_exp","portfolio_2026-09-15.csv","bothe_1","bothe_1__g4",9,"exp",400,-1
"hpzf5xgg","M_exp_W_exp","portfolio_2026-09-15.csv","bothe_1","bothe_1__g4",9,"exp",455,0
"3th28718","M_exp_W_exp","portfolio_2026-09-15.csv","bothe_1","bothe_1__g4",9,"exp",460,1
"hh695q6a","M_exp_W_exp","portfolio_2026-09-15.csv","bothe_1","bothe_1__g4",9,"exp",440,-1
"2w7wmunp","M_exp_W_exp","portfolio_2026-09-15.csv","bothe_1","bothe_1__g4",9,"exp",457,1
"2fon3kdf","M_exp_W_exp","portfolio_2026-09-15.csv","bothe_1","bothe_1__g5",9,"exp",170,-1
"0vm37wcl","M_exp_W_exp","portfolio_2026-09-15.csv","bothe_1","bothe_1__g5",9,"exp",250,-1
"9902h2kd","M_exp_W_exp","portfolio_2026-09-15.csv","bothe_1","bothe_1__g5",9,"exp",297,1
"snwy0w01","M_exp_W_exp","portfolio_2026-09-15.csv","bothe_1","bothe_1__g5",9,"exp",300,1
"yaickank","M_exp_W_exp","portfolio_2026-09-15.csv","bothe_1","bothe_1__g5",9,"exp",295,0
"fwrj2jat","M_exp_W_exp","portfolio_2026-09-15.csv","bothe_1","bothe_1__g1",10,"exp",245,-1
"0vigghqi","M_exp_W_exp","portfolio_2026-09-15.csv","bothe_1","bothe_1__g1",10,"exp",258,0
"xu6xugdp","M_exp_W_exp","portfolio_2026-09-15.csv","bothe_1","bothe_1__g1",10,"exp",267,1
"9nn00jux","M_exp_W_exp","portfolio_2026-09-15.csv","bothe_1","bothe_1__g1",10,"exp",155,-1
"d8azp69w","M_exp_W_exp","portfolio_2026-09-15.csv","bothe_1","bothe_1__g1",10,"exp",260,1
"g5ct4rg0","M_exp_W_exp","portfolio_2026-09-15.csv","bothe_1","bothe_1__g2",10,"exp",100,0
"utr109q6","M_exp_W_exp","portfolio_2026-09-15.csv","bothe_1","bothe_1__g2",10,"exp",340,1
"uza1lz8f","M_exp_W_exp","portfolio_2026-09-15.csv","bothe_1","bothe_1__g2",10,"exp",10,-1
"3z6ed32t","M_exp_W_exp","portfolio_2026-09-15.csv","bothe_1","bothe_1__g2",10,"exp",1,-1
"pzsakpjx","M_exp_W_exp","portfolio_2026-09-15.csv","bothe_1","bothe_1__g2",10,"exp",325,1
"h4hoh39u","M_exp_W_exp","portfolio_2026-09-15.csv","bothe_1","bothe_1__g3",10,"exp",170,0
"jzoxfyc2","M_exp_W_exp","portfolio_2026-09-15.csv","bothe_1","bothe_1__g3",10,"exp",1,-1
"dqn940v4","M_exp_W_exp","portfolio_2026-09-15.csv","bothe_1","bothe_1__g3",10,"exp",170,-1
"5l1yk0gm","M_exp_W_exp","portfolio_2026-09-15.csv","bothe_1","bothe_1__g3",10,"exp",250,1
"3fdg4ref","M_exp_W_exp","portfolio_2026-09-15.csv","bothe_1","bothe_1__g3",10,"exp",201,1
"iliayit3","M_exp_W_exp","portfolio_2026-09-15.csv","bothe_1","bothe_1__g4",10,"exp",430,-1
"hpzf5xgg","M_exp_W_exp","portfolio_2026-09-15.csv","bothe_1","bothe_1__g4",10,"exp",440,0
"3th28718","M_exp_W_exp","portfolio_2026-09-15.csv","bothe_1","bothe_1__g4",10,"exp",460,1
"hh695q6a","M_exp_W_exp","portfolio_2026-09-15.csv","bothe_1","bothe_1__g4",10,"exp",426,-1
"2w7wmunp","M_exp_W_exp","portfolio_2026-09-15.csv","bothe_1","bothe_1__g4",10,"exp",456,1
"2fon3kdf","M_exp_W_exp","portfolio_2026-09-15.csv","bothe_1","bothe_1__g5",10,"exp",250,-1
"0vm37wcl","M_exp_W_exp","portfolio_2026-09-15.csv","bothe_1","bothe_1__g5",10,"exp",250,-1
"9902h2kd","M_exp_W_exp","portfolio_2026-09-15.csv","bothe_1","bothe_1__g5",10,"exp",291,0
"snwy0w01","M_exp_W_exp","portfolio_2026-09-15.csv","bothe_1","bothe_1__g5",10,"exp",299,1
"yaickank","M_exp_W_exp","portfolio_2026-09-15.csv","bothe_1","bothe_1__g5",10,"exp",293,1
"qvfebldb","M_exp_W_exp","portfolio_2026-09-16.csv","bothe_2","bothe_2__g1",1,"exp",400,0
"vbjq2y24","M_exp_W_exp","portfolio_2026-09-16.csv","bothe_2","bothe_2__g1",1,"exp",120,-1
"fjbh3h2b","M_exp_W_exp","portfolio_2026-09-16.csv","bothe_2","bothe_2__g1",1,"exp",130,-1
"j0v5am99","M_exp_W_exp","portfolio_2026-09-16.csv","bothe_2","bothe_2__g1",1,"exp",450,1
"wz4uvd97","M_exp_W_exp","portfolio_2026-09-16.csv","bothe_2","bothe_2__g1",1,"exp",500,1
"bw46f79x","M_exp_W_exp","portfolio_2026-09-16.csv","bothe_2","bothe_2__g2",1,"exp",110,-1
"42qlc5nb","M_exp_W_exp","portfolio_2026-09-16.csv","bothe_2","bothe_2__g2",1,"exp",50,-1
"jw6ngkbn","M_exp_W_exp","portfolio_2026-09-16.csv","bothe_2","bothe_2__g2",1,"exp",135,0
"booloaq9","M_exp_W_exp","portfolio_2026-09-16.csv","bothe_2","bothe_2__g2",1,"exp",399,1
"2pc7nfit","M_exp_W_exp","portfolio_2026-09-16.csv","bothe_2","bothe_2__g2",1,"exp",500,1
"t7rx3zw3","M_exp_W_exp","portfolio_2026-09-16.csv","bothe_2","bothe_2__g3",1,"exp",140,-1
"p48n4bh0","M_exp_W_exp","portfolio_2026-09-16.csv","bothe_2","bothe_2__g3",1,"exp",300,0
"folcs8ow","M_exp_W_exp","portfolio_2026-09-16.csv","bothe_2","bothe_2__g3",1,"exp",125,-1
"cfp8kvc9","M_exp_W_exp","portfolio_2026-09-16.csv","bothe_2","bothe_2__g3",1,"exp",350,1
"tt26hkpl","M_exp_W_exp","portfolio_2026-09-16.csv","bothe_2","bothe_2__g3",1,"exp",301,1
"jfy8jxqv","M_exp_W_exp","portfolio_2026-09-16.csv","bothe_2","bothe_2__g4",1,"exp",200,1
"eveqm1ww","M_exp_W_exp","portfolio_2026-09-16.csv","bothe_2","bothe_2__g4",1,"exp",347,1
"1dtln5rg","M_exp_W_exp","portfolio_2026-09-16.csv","bothe_2","bothe_2__g4",1,"exp",125,-1
"5ltpvdck","M_exp_W_exp","portfolio_2026-09-16.csv","bothe_2","bothe_2__g4",1,"exp",150,0
"ic1ocjv5","M_exp_W_exp","portfolio_2026-09-16.csv","bothe_2","bothe_2__g4",1,"exp",125,-1
"zd9eakrm","M_exp_W_exp","portfolio_2026-09-16.csv","bothe_2","bothe_2__g5",1,"exp",120,-1
"8tpz5m2a","M_exp_W_exp","portfolio_2026-09-16.csv","bothe_2","bothe_2__g5",1,"exp",1,-1
"wfmdx2nb","M_exp_W_exp","portfolio_2026-09-16.csv","bothe_2","bothe_2__g5",1,"exp",125,0
"y40upi5t","M_exp_W_exp","portfolio_2026-09-16.csv","bothe_2","bothe_2__g5",1,"exp",250,1
"s6nkestj","M_exp_W_exp","portfolio_2026-09-16.csv","bothe_2","bothe_2__g5",1,"exp",350,1
"qvfebldb","M_exp_W_exp","portfolio_2026-09-16.csv","bothe_2","bothe_2__g1",2,"exp",356,-1
"vbjq2y24","M_exp_W_exp","portfolio_2026-09-16.csv","bothe_2","bothe_2__g1",2,"exp",380,0
"fjbh3h2b","M_exp_W_exp","portfolio_2026-09-16.csv","bothe_2","bothe_2__g1",2,"exp",225,-1
"j0v5am99","M_exp_W_exp","portfolio_2026-09-16.csv","bothe_2","bothe_2__g1",2,"exp",400,1
"wz4uvd97","M_exp_W_exp","portfolio_2026-09-16.csv","bothe_2","bothe_2__g1",2,"exp",425,1
"bw46f79x","M_exp_W_exp","portfolio_2026-09-16.csv","bothe_2","bothe_2__g2",2,"exp",100,-1
"42qlc5nb","M_exp_W_exp","portfolio_2026-09-16.csv","bothe_2","bothe_2__g2",2,"exp",150,0
"jw6ngkbn","M_exp_W_exp","portfolio_2026-09-16.csv","bothe_2","bothe_2__g2",2,"exp",138,-1
"booloaq9","M_exp_W_exp","portfolio_2026-09-16.csv","bothe_2","bothe_2__g2",2,"exp",150,1
"2pc7nfit","M_exp_W_exp","portfolio_2026-09-16.csv","bothe_2","bothe_2__g2",2,"exp",450,1
"t7rx3zw3","M_exp_W_exp","portfolio_2026-09-16.csv","bothe_2","bothe_2__g3",2,"exp",300,-1
"p48n4bh0","M_exp_W_exp","portfolio_2026-09-16.csv","bothe_2","bothe_2__g3",2,"exp",450,1
"folcs8ow","M_exp_W_exp","portfolio_2026-09-16.csv","bothe_2","bothe_2__g3",2,"exp",140,-1
"cfp8kvc9","M_exp_W_exp","portfolio_2026-09-16.csv","bothe_2","bothe_2__g3",2,"exp",300,0
"tt26hkpl","M_exp_W_exp","portfolio_2026-09-16.csv","bothe_2","bothe_2__g3",2,"exp",301,1
"jfy8jxqv","M_exp_W_exp","portfolio_2026-09-16.csv","bothe_2","bothe_2__g4",2,"exp",150,1
"eveqm1ww","M_exp_W_exp","portfolio_2026-09-16.csv","bothe_2","bothe_2__g4",2,"exp",250,1
"1dtln5rg","M_exp_W_exp","portfolio_2026-09-16.csv","bothe_2","bothe_2__g4",2,"exp",125,0
"5ltpvdck","M_exp_W_exp","portfolio_2026-09-16.csv","bothe_2","bothe_2__g4",2,"exp",60,-1
"ic1ocjv5","M_exp_W_exp","portfolio_2026-09-16.csv","bothe_2","bothe_2__g4",2,"exp",125,-1
"zd9eakrm","M_exp_W_exp","portfolio_2026-09-16.csv","bothe_2","bothe_2__g5",2,"exp",120,-1
"8tpz5m2a","M_exp_W_exp","portfolio_2026-09-16.csv","bothe_2","bothe_2__g5",2,"exp",150,1
"wfmdx2nb","M_exp_W_exp","portfolio_2026-09-16.csv","bothe_2","bothe_2__g5",2,"exp",125,0
"y40upi5t","M_exp_W_exp","portfolio_2026-09-16.csv","bothe_2","bothe_2__g5",2,"exp",80,-1
"s6nkestj","M_exp_W_exp","portfolio_2026-09-16.csv","bothe_2","bothe_2__g5",2,"exp",130,1
"qvfebldb","M_exp_W_exp","portfolio_2026-09-16.csv","bothe_2","bothe_2__g1",3,"exp",410,1
"vbjq2y24","M_exp_W_exp","portfolio_2026-09-16.csv","bothe_2","bothe_2__g1",3,"exp",370,0
"fjbh3h2b","M_exp_W_exp","portfolio_2026-09-16.csv","bothe_2","bothe_2__g1",3,"exp",275,-1
"j0v5am99","M_exp_W_exp","portfolio_2026-09-16.csv","bothe_2","bothe_2__g1",3,"exp",380,1
"wz4uvd97","M_exp_W_exp","portfolio_2026-09-16.csv","bothe_2","bothe_2__g1",3,"exp",350,-1
"bw46f79x","M_exp_W_exp","portfolio_2026-09-16.csv","bothe_2","bothe_2__g2",3,"exp",100,-1
"42qlc5nb","M_exp_W_exp","portfolio_2026-09-16.csv","bothe_2","bothe_2__g2",3,"exp",200,1
"jw6ngkbn","M_exp_W_exp","portfolio_2026-09-16.csv","bothe_2","bothe_2__g2",3,"exp",140,-1
"booloaq9","M_exp_W_exp","portfolio_2026-09-16.csv","bothe_2","bothe_2__g2",3,"exp",165,0
"2pc7nfit","M_exp_W_exp","portfolio_2026-09-16.csv","bothe_2","bothe_2__g2",3,"exp",405,1
"t7rx3zw3","M_exp_W_exp","portfolio_2026-09-16.csv","bothe_2","bothe_2__g3",3,"exp",1,-1
"p48n4bh0","M_exp_W_exp","portfolio_2026-09-16.csv","bothe_2","bothe_2__g3",3,"exp",250,0
"folcs8ow","M_exp_W_exp","portfolio_2026-09-16.csv","bothe_2","bothe_2__g3",3,"exp",220,-1
"cfp8kvc9","M_exp_W_exp","portfolio_2026-09-16.csv","bothe_2","bothe_2__g3",3,"exp",350,1
"tt26hkpl","M_exp_W_exp","portfolio_2026-09-16.csv","bothe_2","bothe_2__g3",3,"exp",301,1
"jfy8jxqv","M_exp_W_exp","portfolio_2026-09-16.csv","bothe_2","bothe_2__g4",3,"exp",100,-1
"eveqm1ww","M_exp_W_exp","portfolio_2026-09-16.csv","bothe_2","bothe_2__g4",3,"exp",200,1
"1dtln5rg","M_exp_W_exp","portfolio_2026-09-16.csv","bothe_2","bothe_2__g4",3,"exp",125,-1
"5ltpvdck","M_exp_W_exp","portfolio_2026-09-16.csv","bothe_2","bothe_2__g4",3,"exp",130,1
"ic1ocjv5","M_exp_W_exp","portfolio_2026-09-16.csv","bothe_2","bothe_2__g4",3,"exp",125,0
"zd9eakrm","M_exp_W_exp","portfolio_2026-09-16.csv","bothe_2","bothe_2__g5",3,"exp",120,-1
"8tpz5m2a","M_exp_W_exp","portfolio_2026-09-16.csv","bothe_2","bothe_2__g5",3,"exp",100,-1
"wfmdx2nb","M_exp_W_exp","portfolio_2026-09-16.csv","bothe_2","bothe_2__g5",3,"exp",125,0
"y40upi5t","M_exp_W_exp","portfolio_2026-09-16.csv","bothe_2","bothe_2__g5",3,"exp",200,1
"s6nkestj","M_exp_W_exp","portfolio_2026-09-16.csv","bothe_2","bothe_2__g5",3,"exp",125,1
"qvfebldb","M_exp_W_exp","portfolio_2026-09-16.csv","bothe_2","bothe_2__g1",4,"exp",450,1
"vbjq2y24","M_exp_W_exp","portfolio_2026-09-16.csv","bothe_2","bothe_2__g1",4,"exp",330,-1
"fjbh3h2b","M_exp_W_exp","portfolio_2026-09-16.csv","bothe_2","bothe_2__g1",4,"exp",300,-1
"j0v5am99","M_exp_W_exp","portfolio_2026-09-16.csv","bothe_2","bothe_2__g1",4,"exp",365,0
"wz4uvd97","M_exp_W_exp","portfolio_2026-09-16.csv","bothe_2","bothe_2__g1",4,"exp",385,1
"bw46f79x","M_exp_W_exp","portfolio_2026-09-16.csv","bothe_2","bothe_2__g2",4,"exp",5,-1
"42qlc5nb","M_exp_W_exp","portfolio_2026-09-16.csv","bothe_2","bothe_2__g2",4,"exp",180,1
"jw6ngkbn","M_exp_W_exp","portfolio_2026-09-16.csv","bothe_2","bothe_2__g2",4,"exp",145,-1
"booloaq9","M_exp_W_exp","portfolio_2026-09-16.csv","bothe_2","bothe_2__g2",4,"exp",170,0
"2pc7nfit","M_exp_W_exp","portfolio_2026-09-16.csv","bothe_2","bothe_2__g2",4,"exp",490,1
"t7rx3zw3","M_exp_W_exp","portfolio_2026-09-16.csv","bothe_2","bothe_2__g3",4,"exp",1,-1
"p48n4bh0","M_exp_W_exp","portfolio_2026-09-16.csv","bothe_2","bothe_2__g3",4,"exp",250,0
"folcs8ow","M_exp_W_exp","portfolio_2026-09-16.csv","bothe_2","bothe_2__g3",4,"exp",240,-1
"cfp8kvc9","M_exp_W_exp","portfolio_2026-09-16.csv","bothe_2","bothe_2__g3",4,"exp",350,1
"tt26hkpl","M_exp_W_exp","portfolio_2026-09-16.csv","bothe_2","bothe_2__g3",4,"exp",251,1
"jfy8jxqv","M_exp_W_exp","portfolio_2026-09-16.csv","bothe_2","bothe_2__g4",4,"exp",100,-1
"eveqm1ww","M_exp_W_exp","portfolio_2026-09-16.csv","bothe_2","bothe_2__g4",4,"exp",150,1
"1dtln5rg","M_exp_W_exp","portfolio_2026-09-16.csv","bothe_2","bothe_2__g4",4,"exp",125,-1
"5ltpvdck","M_exp_W_exp","portfolio_2026-09-16.csv","bothe_2","bothe_2__g4",4,"exp",140,1
"ic1ocjv5","M_exp_W_exp","portfolio_2026-09-16.csv","bothe_2","bothe_2__g4",4,"exp",125,0
"zd9eakrm","M_exp_W_exp","portfolio_2026-09-16.csv","bothe_2","bothe_2__g5",4,"exp",120,-1
"8tpz5m2a","M_exp_W_exp","portfolio_2026-09-16.csv","bothe_2","bothe_2__g5",4,"exp",120,-1
"wfmdx2nb","M_exp_W_exp","portfolio_2026-09-16.csv","bothe_2","bothe_2__g5",4,"exp",150,1
"y40upi5t","M_exp_W_exp","portfolio_2026-09-16.csv","bothe_2","bothe_2__g5",4,"exp",250,1
"s6nkestj","M_exp_W_exp","portfolio_2026-09-16.csv","bothe_2","bothe_2__g5",4,"exp",125,0
"qvfebldb","M_exp_W_exp","portfolio_2026-09-16.csv","bothe_2","bothe_2__g1",5,"exp",401,1
"vbjq2y24","M_exp_W_exp","portfolio_2026-09-16.csv","bothe_2","bothe_2__g1",5,"exp",320,-1
"fjbh3h2b","M_exp_W_exp","portfolio_2026-09-16.csv","bothe_2","bothe_2__g1",5,"exp",315,-1
"j0v5am99","M_exp_W_exp","portfolio_2026-09-16.csv","bothe_2","bothe_2__g1",5,"exp",360,0
"wz4uvd97","M_exp_W_exp","portfolio_2026-09-16.csv","bothe_2","bothe_2__g1",5,"exp",360,1
"bw46f79x","M_exp_W_exp","portfolio_2026-09-16.csv","bothe_2","bothe_2__g2",5,"exp",140,-1
"42qlc5nb","M_exp_W_exp","portfolio_2026-09-16.csv","bothe_2","bothe_2__g2",5,"exp",180,1
"jw6ngkbn","M_exp_W_exp","portfolio_2026-09-16.csv","bothe_2","bothe_2__g2",5,"exp",150,-1
"booloaq9","M_exp_W_exp","portfolio_2026-09-16.csv","bothe_2","bothe_2__g2",5,"exp",170,0
"2pc7nfit","M_exp_W_exp","portfolio_2026-09-16.csv","bothe_2","bothe_2__g2",5,"exp",480,1
"t7rx3zw3","M_exp_W_exp","portfolio_2026-09-16.csv","bothe_2","bothe_2__g3",5,"exp",1,-1
"p48n4bh0","M_exp_W_exp","portfolio_2026-09-16.csv","bothe_2","bothe_2__g3",5,"exp",100,-1
"folcs8ow","M_exp_W_exp","portfolio_2026-09-16.csv","bothe_2","bothe_2__g3",5,"exp",140,0
"cfp8kvc9","M_exp_W_exp","portfolio_2026-09-16.csv","bothe_2","bothe_2__g3",5,"exp",300,1
"tt26hkpl","M_exp_W_exp","portfolio_2026-09-16.csv","bothe_2","bothe_2__g3",5,"exp",251,1
"jfy8jxqv","M_exp_W_exp","portfolio_2026-09-16.csv","bothe_2","bothe_2__g4",5,"exp",150,1
"eveqm1ww","M_exp_W_exp","portfolio_2026-09-16.csv","bothe_2","bothe_2__g4",5,"exp",140,1
"1dtln5rg","M_exp_W_exp","portfolio_2026-09-16.csv","bothe_2","bothe_2__g4",5,"exp",125,-1
"5ltpvdck","M_exp_W_exp","portfolio_2026-09-16.csv","bothe_2","bothe_2__g4",5,"exp",135,0
"ic1ocjv5","M_exp_W_exp","portfolio_2026-09-16.csv","bothe_2","bothe_2__g4",5,"exp",125,-1
"zd9eakrm","M_exp_W_exp","portfolio_2026-09-16.csv","bothe_2","bothe_2__g5",5,"exp",120,-1
"8tpz5m2a","M_exp_W_exp","portfolio_2026-09-16.csv","bothe_2","bothe_2__g5",5,"exp",129,0
"wfmdx2nb","M_exp_W_exp","portfolio_2026-09-16.csv","bothe_2","bothe_2__g5",5,"exp",150,1
"y40upi5t","M_exp_W_exp","portfolio_2026-09-16.csv","bothe_2","bothe_2__g5",5,"exp",560,1
"s6nkestj","M_exp_W_exp","portfolio_2026-09-16.csv","bothe_2","bothe_2__g5",5,"exp",126,-1
"qvfebldb","M_exp_W_exp","portfolio_2026-09-16.csv","bothe_2","bothe_2__g1",6,"exp",399,1
"vbjq2y24","M_exp_W_exp","portfolio_2026-09-16.csv","bothe_2","bothe_2__g1",6,"exp",310,-1
"fjbh3h2b","M_exp_W_exp","portfolio_2026-09-16.csv","bothe_2","bothe_2__g1",6,"exp",330,-1
"j0v5am99","M_exp_W_exp","portfolio_2026-09-16.csv","bothe_2","bothe_2__g1",6,"exp",370,1
"wz4uvd97","M_exp_W_exp","portfolio_2026-09-16.csv","bothe_2","bothe_2__g1",6,"exp",350,0
"bw46f79x","M_exp_W_exp","portfolio_2026-09-16.csv","bothe_2","bothe_2__g2",6,"exp",190,1
"42qlc5nb","M_exp_W_exp","portfolio_2026-09-16.csv","bothe_2","bothe_2__g2",6,"exp",175,1
"jw6ngkbn","M_exp_W_exp","portfolio_2026-09-16.csv","bothe_2","bothe_2__g2",6,"exp",155,-1
"booloaq9","M_exp_W_exp","portfolio_2026-09-16.csv","bothe_2","bothe_2__g2",6,"exp",150,-1
"2pc7nfit","M_exp_W_exp","portfolio_2026-09-16.csv","bothe_2","bothe_2__g2",6,"exp",160,0
"t7rx3zw3","M_exp_W_exp","portfolio_2026-09-16.csv","bothe_2","bothe_2__g3",6,"exp",135,-1
"p48n4bh0","M_exp_W_exp","portfolio_2026-09-16.csv","bothe_2","bothe_2__g3",6,"exp",100,-1
"folcs8ow","M_exp_W_exp","portfolio_2026-09-16.csv","bothe_2","bothe_2__g3",6,"exp",141,0
"cfp8kvc9","M_exp_W_exp","portfolio_2026-09-16.csv","bothe_2","bothe_2__g3",6,"exp",300,1
"tt26hkpl","M_exp_W_exp","portfolio_2026-09-16.csv","bothe_2","bothe_2__g3",6,"exp",141,1
"jfy8jxqv","M_exp_W_exp","portfolio_2026-09-16.csv","bothe_2","bothe_2__g4",6,"exp",120,-1
"eveqm1ww","M_exp_W_exp","portfolio_2026-09-16.csv","bothe_2","bothe_2__g4",6,"exp",150,1
"1dtln5rg","M_exp_W_exp","portfolio_2026-09-16.csv","bothe_2","bothe_2__g4",6,"exp",125,0
"5ltpvdck","M_exp_W_exp","portfolio_2026-09-16.csv","bothe_2","bothe_2__g4",6,"exp",145,1
"ic1ocjv5","M_exp_W_exp","portfolio_2026-09-16.csv","bothe_2","bothe_2__g4",6,"exp",125,-1
"zd9eakrm","M_exp_W_exp","portfolio_2026-09-16.csv","bothe_2","bothe_2__g5",6,"exp",120,-1
"8tpz5m2a","M_exp_W_exp","portfolio_2026-09-16.csv","bothe_2","bothe_2__g5",6,"exp",140,1
"wfmdx2nb","M_exp_W_exp","portfolio_2026-09-16.csv","bothe_2","bothe_2__g5",6,"exp",100,-1
"y40upi5t","M_exp_W_exp","portfolio_2026-09-16.csv","bothe_2","bothe_2__g5",6,"exp",200,1
"s6nkestj","M_exp_W_exp","portfolio_2026-09-16.csv","bothe_2","bothe_2__g5",6,"exp",130,0
"qvfebldb","M_exp_W_exp","portfolio_2026-09-16.csv","bothe_2","bothe_2__g1",7,"exp",356,1
"vbjq2y24","M_exp_W_exp","portfolio_2026-09-16.csv","bothe_2","bothe_2__g1",7,"exp",300,-1
"fjbh3h2b","M_exp_W_exp","portfolio_2026-09-16.csv","bothe_2","bothe_2__g1",7,"exp",335,-1
"j0v5am99","M_exp_W_exp","portfolio_2026-09-16.csv","bothe_2","bothe_2__g1",7,"exp",345,1
"wz4uvd97","M_exp_W_exp","portfolio_2026-09-16.csv","bothe_2","bothe_2__g1",7,"exp",340,0
"bw46f79x","M_exp_W_exp","portfolio_2026-09-16.csv","bothe_2","bothe_2__g2",7,"exp",170,1
"42qlc5nb","M_exp_W_exp","portfolio_2026-09-16.csv","bothe_2","bothe_2__g2",7,"exp",175,1
"jw6ngkbn","M_exp_W_exp","portfolio_2026-09-16.csv","bothe_2","bothe_2__g2",7,"exp",150,-1
"booloaq9","M_exp_W_exp","portfolio_2026-09-16.csv","bothe_2","bothe_2__g2",7,"exp",160,0
"2pc7nfit","M_exp_W_exp","portfolio_2026-09-16.csv","bothe_2","bothe_2__g2",7,"exp",152,-1
"t7rx3zw3","M_exp_W_exp","portfolio_2026-09-16.csv","bothe_2","bothe_2__g3",7,"exp",135,-1
"p48n4bh0","M_exp_W_exp","portfolio_2026-09-16.csv","bothe_2","bothe_2__g3",7,"exp",150,1
"folcs8ow","M_exp_W_exp","portfolio_2026-09-16.csv","bothe_2","bothe_2__g3",7,"exp",145,1
"cfp8kvc9","M_exp_W_exp","portfolio_2026-09-16.csv","bothe_2","bothe_2__g3",7,"exp",100,-1
"tt26hkpl","M_exp_W_exp","portfolio_2026-09-16.csv","bothe_2","bothe_2__g3",7,"exp",142,0
"jfy8jxqv","M_exp_W_exp","portfolio_2026-09-16.csv","bothe_2","bothe_2__g4",7,"exp",120,-1
"eveqm1ww","M_exp_W_exp","portfolio_2026-09-16.csv","bothe_2","bothe_2__g4",7,"exp",140,1
"1dtln5rg","M_exp_W_exp","portfolio_2026-09-16.csv","bothe_2","bothe_2__g4",7,"exp",125,-1
"5ltpvdck","M_exp_W_exp","portfolio_2026-09-16.csv","bothe_2","bothe_2__g4",7,"exp",140,1
"ic1ocjv5","M_exp_W_exp","portfolio_2026-09-16.csv","bothe_2","bothe_2__g4",7,"exp",125,0
"zd9eakrm","M_exp_W_exp","portfolio_2026-09-16.csv","bothe_2","bothe_2__g5",7,"exp",120,-1
"8tpz5m2a","M_exp_W_exp","portfolio_2026-09-16.csv","bothe_2","bothe_2__g5",7,"exp",140,1
"wfmdx2nb","M_exp_W_exp","portfolio_2026-09-16.csv","bothe_2","bothe_2__g5",7,"exp",200,1
"y40upi5t","M_exp_W_exp","portfolio_2026-09-16.csv","bothe_2","bothe_2__g5",7,"exp",2,-1
"s6nkestj","M_exp_W_exp","portfolio_2026-09-16.csv","bothe_2","bothe_2__g5",7,"exp",132,0
"qvfebldb","M_exp_W_exp","portfolio_2026-09-16.csv","bothe_2","bothe_2__g1",8,"exp",330,1
"vbjq2y24","M_exp_W_exp","portfolio_2026-09-16.csv","bothe_2","bothe_2__g1",8,"exp",250,-1
"fjbh3h2b","M_exp_W_exp","portfolio_2026-09-16.csv","bothe_2","bothe_2__g1",8,"exp",325,0
"j0v5am99","M_exp_W_exp","portfolio_2026-09-16.csv","bothe_2","bothe_2__g1",8,"exp",320,-1
"wz4uvd97","M_exp_W_exp","portfolio_2026-09-16.csv","bothe_2","bothe_2__g1",8,"exp",335,1
"bw46f79x","M_exp_W_exp","portfolio_2026-09-16.csv","bothe_2","bothe_2__g2",8,"exp",180,1
"42qlc5nb","M_exp_W_exp","portfolio_2026-09-16.csv","bothe_2","bothe_2__g2",8,"exp",165,0
"jw6ngkbn","M_exp_W_exp","portfolio_2026-09-16.csv","bothe_2","bothe_2__g2",8,"exp",150,-1
"booloaq9","M_exp_W_exp","portfolio_2026-09-16.csv","bothe_2","bothe_2__g2",8,"exp",170,1
"2pc7nfit","M_exp_W_exp","portfolio_2026-09-16.csv","bothe_2","bothe_2__g2",8,"exp",140,-1
"t7rx3zw3","M_exp_W_exp","portfolio_2026-09-16.csv","bothe_2","bothe_2__g3",8,"exp",135,-1
"p48n4bh0","M_exp_W_exp","portfolio_2026-09-16.csv","bothe_2","bothe_2__g3",8,"exp",100,-1
"folcs8ow","M_exp_W_exp","portfolio_2026-09-16.csv","bothe_2","bothe_2__g3",8,"exp",144,1
"cfp8kvc9","M_exp_W_exp","portfolio_2026-09-16.csv","bothe_2","bothe_2__g3",8,"exp",200,1
"tt26hkpl","M_exp_W_exp","portfolio_2026-09-16.csv","bothe_2","bothe_2__g3",8,"exp",144,0
"jfy8jxqv","M_exp_W_exp","portfolio_2026-09-16.csv","bothe_2","bothe_2__g4",8,"exp",120,-1
"eveqm1ww","M_exp_W_exp","portfolio_2026-09-16.csv","bothe_2","bothe_2__g4",8,"exp",135,1
"1dtln5rg","M_exp_W_exp","portfolio_2026-09-16.csv","bothe_2","bothe_2__g4",8,"exp",125,0
"5ltpvdck","M_exp_W_exp","portfolio_2026-09-16.csv","bothe_2","bothe_2__g4",8,"exp",140,1
"ic1ocjv5","M_exp_W_exp","portfolio_2026-09-16.csv","bothe_2","bothe_2__g4",8,"exp",125,-1
"zd9eakrm","M_exp_W_exp","portfolio_2026-09-16.csv","bothe_2","bothe_2__g5",8,"exp",120,-1
"8tpz5m2a","M_exp_W_exp","portfolio_2026-09-16.csv","bothe_2","bothe_2__g5",8,"exp",140,1
"wfmdx2nb","M_exp_W_exp","portfolio_2026-09-16.csv","bothe_2","bothe_2__g5",8,"exp",100,-1
"y40upi5t","M_exp_W_exp","portfolio_2026-09-16.csv","bothe_2","bothe_2__g5",8,"exp",550,1
"s6nkestj","M_exp_W_exp","portfolio_2026-09-16.csv","bothe_2","bothe_2__g5",8,"exp",135,0
"qvfebldb","M_exp_W_exp","portfolio_2026-09-16.csv","bothe_2","bothe_2__g1",9,"exp",310,0
"vbjq2y24","M_exp_W_exp","portfolio_2026-09-16.csv","bothe_2","bothe_2__g1",9,"exp",200,-1
"fjbh3h2b","M_exp_W_exp","portfolio_2026-09-16.csv","bothe_2","bothe_2__g1",9,"exp",300,-1
"j0v5am99","M_exp_W_exp","portfolio_2026-09-16.csv","bothe_2","bothe_2__g1",9,"exp",320,1
"wz4uvd97","M_exp_W_exp","portfolio_2026-09-16.csv","bothe_2","bothe_2__g1",9,"exp",310,1
"bw46f79x","M_exp_W_exp","portfolio_2026-09-16.csv","bothe_2","bothe_2__g2",9,"exp",180,1
"42qlc5nb","M_exp_W_exp","portfolio_2026-09-16.csv","bothe_2","bothe_2__g2",9,"exp",170,1
"jw6ngkbn","M_exp_W_exp","portfolio_2026-09-16.csv","bothe_2","bothe_2__g2",9,"exp",150,-1
"booloaq9","M_exp_W_exp","portfolio_2026-09-16.csv","bothe_2","bothe_2__g2",9,"exp",165,0
"2pc7nfit","M_exp_W_exp","portfolio_2026-09-16.csv","bothe_2","bothe_2__g2",9,"exp",155,-1
"t7rx3zw3","M_exp_W_exp","portfolio_2026-09-16.csv","bothe_2","bothe_2__g3",9,"exp",135,0
"p48n4bh0","M_exp_W_exp","portfolio_2026-09-16.csv","bothe_2","bothe_2__g3",9,"exp",100,-1
"folcs8ow","M_exp_W_exp","portfolio_2026-09-16.csv","bothe_2","bothe_2__g3",9,"exp",130,-1
"cfp8kvc9","M_exp_W_exp","portfolio_2026-09-16.csv","bothe_2","bothe_2__g3",9,"exp",200,1
"tt26hkpl","M_exp_W_exp","portfolio_2026-09-16.csv","bothe_2","bothe_2__g3",9,"exp",150,1
"jfy8jxqv","M_exp_W_exp","portfolio_2026-09-16.csv","bothe_2","bothe_2__g4",9,"exp",120,-1
"eveqm1ww","M_exp_W_exp","portfolio_2026-09-16.csv","bothe_2","bothe_2__g4",9,"exp",135,1
"1dtln5rg","M_exp_W_exp","portfolio_2026-09-16.csv","bothe_2","bothe_2__g4",9,"exp",125,-1
"5ltpvdck","M_exp_W_exp","portfolio_2026-09-16.csv","bothe_2","bothe_2__g4",9,"exp",140,1
"ic1ocjv5","M_exp_W_exp","portfolio_2026-09-16.csv","bothe_2","bothe_2__g4",9,"exp",125,0
"zd9eakrm","M_exp_W_exp","portfolio_2026-09-16.csv","bothe_2","bothe_2__g5",9,"exp",120,-1
"8tpz5m2a","M_exp_W_exp","portfolio_2026-09-16.csv","bothe_2","bothe_2__g5",9,"exp",140,0
"wfmdx2nb","M_exp_W_exp","portfolio_2026-09-16.csv","bothe_2","bothe_2__g5",9,"exp",150,1
"y40upi5t","M_exp_W_exp","portfolio_2026-09-16.csv","bothe_2","bothe_2__g5",9,"exp",599,1
"s6nkestj","M_exp_W_exp","portfolio_2026-09-16.csv","bothe_2","bothe_2__g5",9,"exp",136,-1
"qvfebldb","M_exp_W_exp","portfolio_2026-09-16.csv","bothe_2","bothe_2__g1",10,"exp",321,1
"vbjq2y24","M_exp_W_exp","portfolio_2026-09-16.csv","bothe_2","bothe_2__g1",10,"exp",200,-1
"fjbh3h2b","M_exp_W_exp","portfolio_2026-09-16.csv","bothe_2","bothe_2__g1",10,"exp",295,0
"j0v5am99","M_exp_W_exp","portfolio_2026-09-16.csv","bothe_2","bothe_2__g1",10,"exp",300,1
"wz4uvd97","M_exp_W_exp","portfolio_2026-09-16.csv","bothe_2","bothe_2__g1",10,"exp",285,-1
"bw46f79x","M_exp_W_exp","portfolio_2026-09-16.csv","bothe_2","bothe_2__g2",10,"exp",190,1
"42qlc5nb","M_exp_W_exp","portfolio_2026-09-16.csv","bothe_2","bothe_2__g2",10,"exp",170,0
"jw6ngkbn","M_exp_W_exp","portfolio_2026-09-16.csv","bothe_2","bothe_2__g2",10,"exp",150,-1
"booloaq9","M_exp_W_exp","portfolio_2026-09-16.csv","bothe_2","bothe_2__g2",10,"exp",165,-1
"2pc7nfit","M_exp_W_exp","portfolio_2026-09-16.csv","bothe_2","bothe_2__g2",10,"exp",476,1
"t7rx3zw3","M_exp_W_exp","portfolio_2026-09-16.csv","bothe_2","bothe_2__g3",10,"exp",140,1
"p48n4bh0","M_exp_W_exp","portfolio_2026-09-16.csv","bothe_2","bothe_2__g3",10,"exp",100,-1
"folcs8ow","M_exp_W_exp","portfolio_2026-09-16.csv","bothe_2","bothe_2__g3",10,"exp",140,0
"cfp8kvc9","M_exp_W_exp","portfolio_2026-09-16.csv","bothe_2","bothe_2__g3",10,"exp",200,1
"tt26hkpl","M_exp_W_exp","portfolio_2026-09-16.csv","bothe_2","bothe_2__g3",10,"exp",137,-1
"jfy8jxqv","M_exp_W_exp","portfolio_2026-09-16.csv","bothe_2","bothe_2__g4",10,"exp",120,-1
"eveqm1ww","M_exp_W_exp","portfolio_2026-09-16.csv","bothe_2","bothe_2__g4",10,"exp",135,1
"1dtln5rg","M_exp_W_exp","portfolio_2026-09-16.csv","bothe_2","bothe_2__g4",10,"exp",125,1
"5ltpvdck","M_exp_W_exp","portfolio_2026-09-16.csv","bothe_2","bothe_2__g4",10,"exp",110,-1
"ic1ocjv5","M_exp_W_exp","portfolio_2026-09-16.csv","bothe_2","bothe_2__g4",10,"exp",125,0
"zd9eakrm","M_exp_W_exp","portfolio_2026-09-16.csv","bothe_2","bothe_2__g5",10,"exp",120,-1
"8tpz5m2a","M_exp_W_exp","portfolio_2026-09-16.csv","bothe_2","bothe_2__g5",10,"exp",142,0
"wfmdx2nb","M_exp_W_exp","portfolio_2026-09-16.csv","bothe_2","bothe_2__g5",10,"exp",150,1
"y40upi5t","M_exp_W_exp","portfolio_2026-09-16.csv","bothe_2","bothe_2__g5",10,"exp",599,1
"s6nkestj","M_exp_W_exp","portfolio_2026-09-16.csv","bothe_2","bothe_2__g5",10,"exp",100,-1
"msd1f2iu","M_no_W_no","portfolio_2026-09-16.csv","bothno_1","bothno_1__g1",1,"exp",150,0
"omrf04k4","M_no_W_no","portfolio_2026-09-16.csv","bothno_1","bothno_1__g1",1,"exp",250,1
"duzxv1is","M_no_W_no","portfolio_2026-09-16.csv","bothno_1","bothno_1__g1",1,"exp",40,-1
"znk2pevv","M_no_W_no","portfolio_2026-09-16.csv","bothno_1","bothno_1__g1",1,"exp",125,-1
"rv5b38em","M_no_W_no","portfolio_2026-09-16.csv","bothno_1","bothno_1__g1",1,"exp",495,1
"z7t2lpyk","M_no_W_no","portfolio_2026-09-16.csv","bothno_1","bothno_1__g2",1,"exp",300,0
"dwx0my9x","M_no_W_no","portfolio_2026-09-16.csv","bothno_1","bothno_1__g2",1,"exp",300,1
"uhxz6pjz","M_no_W_no","portfolio_2026-09-16.csv","bothno_1","bothno_1__g2",1,"exp",126,-1
"r39x605k","M_no_W_no","portfolio_2026-09-16.csv","bothno_1","bothno_1__g2",1,"exp",450,1
"yhliw46v","M_no_W_no","portfolio_2026-09-16.csv","bothno_1","bothno_1__g2",1,"exp",300,-1
"7abl389c","M_no_W_no","portfolio_2026-09-16.csv","bothno_1","bothno_1__g3",1,"exp",450,1
"6kns3oml","M_no_W_no","portfolio_2026-09-16.csv","bothno_1","bothno_1__g3",1,"exp",400,-1
"pp2e4xx5","M_no_W_no","portfolio_2026-09-16.csv","bothno_1","bothno_1__g3",1,"exp",100,-1
"jid9ui4f","M_no_W_no","portfolio_2026-09-16.csv","bothno_1","bothno_1__g3",1,"exp",450,0
"grwzfvbr","M_no_W_no","portfolio_2026-09-16.csv","bothno_1","bothno_1__g3",1,"exp",500,1
"yxcpp681","M_no_W_no","portfolio_2026-09-16.csv","bothno_1","bothno_1__g4",1,"exp",375,0
"09bse981","M_no_W_no","portfolio_2026-09-16.csv","bothno_1","bothno_1__g4",1,"exp",200,-1
"2p0bevly","M_no_W_no","portfolio_2026-09-16.csv","bothno_1","bothno_1__g4",1,"exp",300,-1
"raavz353","M_no_W_no","portfolio_2026-09-16.csv","bothno_1","bothno_1__g4",1,"exp",400,1
"6rdutaoz","M_no_W_no","portfolio_2026-09-16.csv","bothno_1","bothno_1__g4",1,"exp",400,1
"21anldsa","M_no_W_no","portfolio_2026-09-16.csv","bothno_1","bothno_1__g5",1,"exp",450,1
"3mjtjuou","M_no_W_no","portfolio_2026-09-16.csv","bothno_1","bothno_1__g5",1,"exp",500,1
"5jtwpe9d","M_no_W_no","portfolio_2026-09-16.csv","bothno_1","bothno_1__g5",1,"exp",400,0
"s16bmsk2","M_no_W_no","portfolio_2026-09-16.csv","bothno_1","bothno_1__g5",1,"exp",300,-1
"sjw641j3","M_no_W_no","portfolio_2026-09-16.csv","bothno_1","bothno_1__g5",1,"exp",300,-1
"msd1f2iu","M_no_W_no","portfolio_2026-09-16.csv","bothno_1","bothno_1__g1",2,"exp",200,1
"omrf04k4","M_no_W_no","portfolio_2026-09-16.csv","bothno_1","bothno_1__g1",2,"exp",400,1
"duzxv1is","M_no_W_no","portfolio_2026-09-16.csv","bothno_1","bothno_1__g1",2,"exp",140,-1
"znk2pevv","M_no_W_no","portfolio_2026-09-16.csv","bothno_1","bothno_1__g1",2,"exp",125,-1
"rv5b38em","M_no_W_no","portfolio_2026-09-16.csv","bothno_1","bothno_1__g1",2,"exp",150,0
"z7t2lpyk","M_no_W_no","portfolio_2026-09-16.csv","bothno_1","bothno_1__g2",2,"exp",300,0
"dwx0my9x","M_no_W_no","portfolio_2026-09-16.csv","bothno_1","bothno_1__g2",2,"exp",130,-1
"uhxz6pjz","M_no_W_no","portfolio_2026-09-16.csv","bothno_1","bothno_1__g2",2,"exp",140,-1
"r39x605k","M_no_W_no","portfolio_2026-09-16.csv","bothno_1","bothno_1__g2",2,"exp",310,1
"yhliw46v","M_no_W_no","portfolio_2026-09-16.csv","bothno_1","bothno_1__g2",2,"exp",350,1
"7abl389c","M_no_W_no","portfolio_2026-09-16.csv","bothno_1","bothno_1__g3",2,"exp",450,0
"6kns3oml","M_no_W_no","portfolio_2026-09-16.csv","bothno_1","bothno_1__g3",2,"exp",400,-1
"pp2e4xx5","M_no_W_no","portfolio_2026-09-16.csv","bothno_1","bothno_1__g3",2,"exp",450,1
"jid9ui4f","M_no_W_no","portfolio_2026-09-16.csv","bothno_1","bothno_1__g3",2,"exp",500,1
"grwzfvbr","M_no_W_no","portfolio_2026-09-16.csv","bothno_1","bothno_1__g3",2,"exp",440,-1
"yxcpp681","M_no_W_no","portfolio_2026-09-16.csv","bothno_1","bothno_1__g4",2,"exp",350,-1
"09bse981","M_no_W_no","portfolio_2026-09-16.csv","bothno_1","bothno_1__g4",2,"exp",500,1
"2p0bevly","M_no_W_no","portfolio_2026-09-16.csv","bothno_1","bothno_1__g4",2,"exp",350,1
"raavz353","M_no_W_no","portfolio_2026-09-16.csv","bothno_1","bothno_1__g4",2,"exp",350,0
"6rdutaoz","M_no_W_no","portfolio_2026-09-16.csv","bothno_1","bothno_1__g4",2,"exp",300,-1
"21anldsa","M_no_W_no","portfolio_2026-09-16.csv","bothno_1","bothno_1__g5",2,"exp",400,-1
"3mjtjuou","M_no_W_no","portfolio_2026-09-16.csv","bothno_1","bothno_1__g5",2,"exp",450,1
"5jtwpe9d","M_no_W_no","portfolio_2026-09-16.csv","bothno_1","bothno_1__g5",2,"exp",440,0
"s16bmsk2","M_no_W_no","portfolio_2026-09-16.csv","bothno_1","bothno_1__g5",2,"exp",420,-1
"sjw641j3","M_no_W_no","portfolio_2026-09-16.csv","bothno_1","bothno_1__g5",2,"exp",450,1
"msd1f2iu","M_no_W_no","portfolio_2026-09-16.csv","bothno_1","bothno_1__g1",3,"exp",175,1
"omrf04k4","M_no_W_no","portfolio_2026-09-16.csv","bothno_1","bothno_1__g1",3,"exp",160,1
"duzxv1is","M_no_W_no","portfolio_2026-09-16.csv","bothno_1","bothno_1__g1",3,"exp",148,-1
"znk2pevv","M_no_W_no","portfolio_2026-09-16.csv","bothno_1","bothno_1__g1",3,"exp",125,-1
"rv5b38em","M_no_W_no","portfolio_2026-09-16.csv","bothno_1","bothno_1__g1",3,"exp",150,0
"z7t2lpyk","M_no_W_no","portfolio_2026-09-16.csv","bothno_1","bothno_1__g2",3,"exp",330,0
"dwx0my9x","M_no_W_no","portfolio_2026-09-16.csv","bothno_1","bothno_1__g2",3,"exp",140,-1
"uhxz6pjz","M_no_W_no","portfolio_2026-09-16.csv","bothno_1","bothno_1__g2",3,"exp",200,-1
"r39x605k","M_no_W_no","portfolio_2026-09-16.csv","bothno_1","bothno_1__g2",3,"exp",500,1
"yhliw46v","M_no_W_no","portfolio_2026-09-16.csv","bothno_1","bothno_1__g2",3,"exp",350,1
"7abl389c","M_no_W_no","portfolio_2026-09-16.csv","bothno_1","bothno_1__g3",3,"exp",480,1
"6kns3oml","M_no_W_no","portfolio_2026-09-16.csv","bothno_1","bothno_1__g3",3,"exp",500,1
"pp2e4xx5","M_no_W_no","portfolio_2026-09-16.csv","bothno_1","bothno_1__g3",3,"exp",451,0
"jid9ui4f","M_no_W_no","portfolio_2026-09-16.csv","bothno_1","bothno_1__g3",3,"exp",450,-1
"grwzfvbr","M_no_W_no","portfolio_2026-09-16.csv","bothno_1","bothno_1__g3",3,"exp",400,-1
"yxcpp681","M_no_W_no","portfolio_2026-09-16.csv","bothno_1","bothno_1__g4",3,"exp",375,1
"09bse981","M_no_W_no","portfolio_2026-09-16.csv","bothno_1","bothno_1__g4",3,"exp",300,-1
"2p0bevly","M_no_W_no","portfolio_2026-09-16.csv","bothno_1","bothno_1__g4",3,"exp",350,0
"raavz353","M_no_W_no","portfolio_2026-09-16.csv","bothno_1","bothno_1__g4",3,"exp",300,-1
"6rdutaoz","M_no_W_no","portfolio_2026-09-16.csv","bothno_1","bothno_1__g4",3,"exp",360,1
"21anldsa","M_no_W_no","portfolio_2026-09-16.csv","bothno_1","bothno_1__g5",3,"exp",450,1
"3mjtjuou","M_no_W_no","portfolio_2026-09-16.csv","bothno_1","bothno_1__g5",3,"exp",445,-1
"5jtwpe9d","M_no_W_no","portfolio_2026-09-16.csv","bothno_1","bothno_1__g5",3,"exp",450,0
"s16bmsk2","M_no_W_no","portfolio_2026-09-16.csv","bothno_1","bothno_1__g5",3,"exp",480,1
"sjw641j3","M_no_W_no","portfolio_2026-09-16.csv","bothno_1","bothno_1__g5",3,"exp",430,-1
"msd1f2iu","M_no_W_no","portfolio_2026-09-16.csv","bothno_1","bothno_1__g1",4,"exp",165,1
"omrf04k4","M_no_W_no","portfolio_2026-09-16.csv","bothno_1","bothno_1__g1",4,"exp",150,0
"duzxv1is","M_no_W_no","portfolio_2026-09-16.csv","bothno_1","bothno_1__g1",4,"exp",149,-1
"znk2pevv","M_no_W_no","portfolio_2026-09-16.csv","bothno_1","bothno_1__g1",4,"exp",125,-1
"rv5b38em","M_no_W_no","portfolio_2026-09-16.csv","bothno_1","bothno_1__g1",4,"exp",200,1
"z7t2lpyk","M_no_W_no","portfolio_2026-09-16.csv","bothno_1","bothno_1__g2",4,"exp",300,-1
"dwx0my9x","M_no_W_no","portfolio_2026-09-16.csv","bothno_1","bothno_1__g2",4,"exp",150,-1
"uhxz6pjz","M_no_W_no","portfolio_2026-09-16.csv","bothno_1","bothno_1__g2",4,"exp",350,1
"r39x605k","M_no_W_no","portfolio_2026-09-16.csv","bothno_1","bothno_1__g2",4,"exp",310,0
"yhliw46v","M_no_W_no","portfolio_2026-09-16.csv","bothno_1","bothno_1__g2",4,"exp",350,1
"7abl389c","M_no_W_no","portfolio_2026-09-16.csv","bothno_1","bothno_1__g3",4,"exp",480,1
"6kns3oml","M_no_W_no","portfolio_2026-09-16.csv","bothno_1","bothno_1__g3",4,"exp",450,-1
"pp2e4xx5","M_no_W_no","portfolio_2026-09-16.csv","bothno_1","bothno_1__g3",4,"exp",470,1
"jid9ui4f","M_no_W_no","portfolio_2026-09-16.csv","bothno_1","bothno_1__g3",4,"exp",455,0
"grwzfvbr","M_no_W_no","portfolio_2026-09-16.csv","bothno_1","bothno_1__g3",4,"exp",450,-1
"yxcpp681","M_no_W_no","portfolio_2026-09-16.csv","bothno_1","bothno_1__g4",4,"exp",400,1
"09bse981","M_no_W_no","portfolio_2026-09-16.csv","bothno_1","bothno_1__g4",4,"exp",300,-1
"2p0bevly","M_no_W_no","portfolio_2026-09-16.csv","bothno_1","bothno_1__g4",4,"exp",350,1
"raavz353","M_no_W_no","portfolio_2026-09-16.csv","bothno_1","bothno_1__g4",4,"exp",300,-1
"6rdutaoz","M_no_W_no","portfolio_2026-09-16.csv","bothno_1","bothno_1__g4",4,"exp",350,0
"21anldsa","M_no_W_no","portfolio_2026-09-16.csv","bothno_1","bothno_1__g5",4,"exp",400,0
"3mjtjuou","M_no_W_no","portfolio_2026-09-16.csv","bothno_1","bothno_1__g5",4,"exp",450,1
"5jtwpe9d","M_no_W_no","portfolio_2026-09-16.csv","bothno_1","bothno_1__g5",4,"exp",350,-1
"s16bmsk2","M_no_W_no","portfolio_2026-09-16.csv","bothno_1","bothno_1__g5",4,"exp",460,1
"sjw641j3","M_no_W_no","portfolio_2026-09-16.csv","bothno_1","bothno_1__g5",4,"exp",200,-1
"msd1f2iu","M_no_W_no","portfolio_2026-09-16.csv","bothno_1","bothno_1__g1",5,"exp",170,1
"omrf04k4","M_no_W_no","portfolio_2026-09-16.csv","bothno_1","bothno_1__g1",5,"exp",10,-1
"duzxv1is","M_no_W_no","portfolio_2026-09-16.csv","bothno_1","bothno_1__g1",5,"exp",100,-1
"znk2pevv","M_no_W_no","portfolio_2026-09-16.csv","bothno_1","bothno_1__g1",5,"exp",125,0
"rv5b38em","M_no_W_no","portfolio_2026-09-16.csv","bothno_1","bothno_1__g1",5,"exp",200,1
"z7t2lpyk","M_no_W_no","portfolio_2026-09-16.csv","bothno_1","bothno_1__g2",5,"exp",300,0
"dwx0my9x","M_no_W_no","portfolio_2026-09-16.csv","bothno_1","bothno_1__g2",5,"exp",140,-1
"uhxz6pjz","M_no_W_no","portfolio_2026-09-16.csv","bothno_1","bothno_1__g2",5,"exp",130,-1
"r39x605k","M_no_W_no","portfolio_2026-09-16.csv","bothno_1","bothno_1__g2",5,"exp",320,1
"yhliw46v","M_no_W_no","portfolio_2026-09-16.csv","bothno_1","bothno_1__g2",5,"exp",320,1
"7abl389c","M_no_W_no","portfolio_2026-09-16.csv","bothno_1","bothno_1__g3",5,"exp",480,0
"6kns3oml","M_no_W_no","portfolio_2026-09-16.csv","bothno_1","bothno_1__g3",5,"exp",550,1
"pp2e4xx5","M_no_W_no","portfolio_2026-09-16.csv","bothno_1","bothno_1__g3",5,"exp",453,-1
"jid9ui4f","M_no_W_no","portfolio_2026-09-16.csv","bothno_1","bothno_1__g3",5,"exp",500,1
"grwzfvbr","M_no_W_no","portfolio_2026-09-16.csv","bothno_1","bothno_1__g3",5,"exp",450,-1
"yxcpp681","M_no_W_no","portfolio_2026-09-16.csv","bothno_1","bothno_1__g4",5,"exp",325,-1
"09bse981","M_no_W_no","portfolio_2026-09-16.csv","bothno_1","bothno_1__g4",5,"exp",100,-1
"2p0bevly","M_no_W_no","portfolio_2026-09-16.csv","bothno_1","bothno_1__g4",5,"exp",335,0
"raavz353","M_no_W_no","portfolio_2026-09-16.csv","bothno_1","bothno_1__g4",5,"exp",340,1
"6rdutaoz","M_no_W_no","portfolio_2026-09-16.csv","bothno_1","bothno_1__g4",5,"exp",360,1
"21anldsa","M_no_W_no","portfolio_2026-09-16.csv","bothno_1","bothno_1__g5",5,"exp",450,1
"3mjtjuou","M_no_W_no","portfolio_2026-09-16.csv","bothno_1","bothno_1__g5",5,"exp",400,0
"5jtwpe9d","M_no_W_no","portfolio_2026-09-16.csv","bothno_1","bothno_1__g5",5,"exp",400,-1
"s16bmsk2","M_no_W_no","portfolio_2026-09-16.csv","bothno_1","bothno_1__g5",5,"exp",460,1
"sjw641j3","M_no_W_no","portfolio_2026-09-16.csv","bothno_1","bothno_1__g5",5,"exp",250,-1
"msd1f2iu","M_no_W_no","portfolio_2026-09-16.csv","bothno_1","bothno_1__g1",6,"exp",170,1
"omrf04k4","M_no_W_no","portfolio_2026-09-16.csv","bothno_1","bothno_1__g1",6,"exp",50,-1
"duzxv1is","M_no_W_no","portfolio_2026-09-16.csv","bothno_1","bothno_1__g1",6,"exp",110,-1
"znk2pevv","M_no_W_no","portfolio_2026-09-16.csv","bothno_1","bothno_1__g1",6,"exp",125,0
"rv5b38em","M_no_W_no","portfolio_2026-09-16.csv","bothno_1","bothno_1__g1",6,"exp",300,1
"z7t2lpyk","M_no_W_no","portfolio_2026-09-16.csv","bothno_1","bothno_1__g2",6,"exp",290,0
"dwx0my9x","M_no_W_no","portfolio_2026-09-16.csv","bothno_1","bothno_1__g2",6,"exp",140,-1
"uhxz6pjz","M_no_W_no","portfolio_2026-09-16.csv","bothno_1","bothno_1__g2",6,"exp",130,-1
"r39x605k","M_no_W_no","portfolio_2026-09-16.csv","bothno_1","bothno_1__g2",6,"exp",310,1
"yhliw46v","M_no_W_no","portfolio_2026-09-16.csv","bothno_1","bothno_1__g2",6,"exp",300,1
"7abl389c","M_no_W_no","portfolio_2026-09-16.csv","bothno_1","bothno_1__g3",6,"exp",510,1
"6kns3oml","M_no_W_no","portfolio_2026-09-16.csv","bothno_1","bothno_1__g3",6,"exp",510,1
"pp2e4xx5","M_no_W_no","portfolio_2026-09-16.csv","bothno_1","bothno_1__g3",6,"exp",463,-1
"jid9ui4f","M_no_W_no","portfolio_2026-09-16.csv","bothno_1","bothno_1__g3",6,"exp",500,-1
"grwzfvbr","M_no_W_no","portfolio_2026-09-16.csv","bothno_1","bothno_1__g3",6,"exp",500,0
"yxcpp681","M_no_W_no","portfolio_2026-09-16.csv","bothno_1","bothno_1__g4",6,"exp",320,0
"09bse981","M_no_W_no","portfolio_2026-09-16.csv","bothno_1","bothno_1__g4",6,"exp",500,1
"2p0bevly","M_no_W_no","portfolio_2026-09-16.csv","bothno_1","bothno_1__g4",6,"exp",330,1
"raavz353","M_no_W_no","portfolio_2026-09-16.csv","bothno_1","bothno_1__g4",6,"exp",300,-1
"6rdutaoz","M_no_W_no","portfolio_2026-09-16.csv","bothno_1","bothno_1__g4",6,"exp",300,-1
"21anldsa","M_no_W_no","portfolio_2026-09-16.csv","bothno_1","bothno_1__g5",6,"exp",400,-1
"3mjtjuou","M_no_W_no","portfolio_2026-09-16.csv","bothno_1","bothno_1__g5",6,"exp",400,-1
"5jtwpe9d","M_no_W_no","portfolio_2026-09-16.csv","bothno_1","bothno_1__g5",6,"exp",470,1
"s16bmsk2","M_no_W_no","portfolio_2026-09-16.csv","bothno_1","bothno_1__g5",6,"exp",450,0
"sjw641j3","M_no_W_no","portfolio_2026-09-16.csv","bothno_1","bothno_1__g5",6,"exp",500,1
"msd1f2iu","M_no_W_no","portfolio_2026-09-16.csv","bothno_1","bothno_1__g1",7,"exp",160,0
"omrf04k4","M_no_W_no","portfolio_2026-09-16.csv","bothno_1","bothno_1__g1",7,"exp",300,1
"duzxv1is","M_no_W_no","portfolio_2026-09-16.csv","bothno_1","bothno_1__g1",7,"exp",115,-1
"znk2pevv","M_no_W_no","portfolio_2026-09-16.csv","bothno_1","bothno_1__g1",7,"exp",125,-1
"rv5b38em","M_no_W_no","portfolio_2026-09-16.csv","bothno_1","bothno_1__g1",7,"exp",200,1
"z7t2lpyk","M_no_W_no","portfolio_2026-09-16.csv","bothno_1","bothno_1__g2",7,"exp",280,0
"dwx0my9x","M_no_W_no","portfolio_2026-09-16.csv","bothno_1","bothno_1__g2",7,"exp",130,-1
"uhxz6pjz","M_no_W_no","portfolio_2026-09-16.csv","bothno_1","bothno_1__g2",7,"exp",150,-1
"r39x605k","M_no_W_no","portfolio_2026-09-16.csv","bothno_1","bothno_1__g2",7,"exp",310,1
"yhliw46v","M_no_W_no","portfolio_2026-09-16.csv","bothno_1","bothno_1__g2",7,"exp",290,1
"7abl389c","M_no_W_no","portfolio_2026-09-16.csv","bothno_1","bothno_1__g3",7,"exp",510,-1
"6kns3oml","M_no_W_no","portfolio_2026-09-16.csv","bothno_1","bothno_1__g3",7,"exp",550,1
"pp2e4xx5","M_no_W_no","portfolio_2026-09-16.csv","bothno_1","bothno_1__g3",7,"exp",511,0
"jid9ui4f","M_no_W_no","portfolio_2026-09-16.csv","bothno_1","bothno_1__g3",7,"exp",501,-1
"grwzfvbr","M_no_W_no","portfolio_2026-09-16.csv","bothno_1","bothno_1__g3",7,"exp",550,1
"yxcpp681","M_no_W_no","portfolio_2026-09-16.csv","bothno_1","bothno_1__g4",7,"exp",310,0
"09bse981","M_no_W_no","portfolio_2026-09-16.csv","bothno_1","bothno_1__g4",7,"exp",500,1
"2p0bevly","M_no_W_no","portfolio_2026-09-16.csv","bothno_1","bothno_1__g4",7,"exp",315,1
"raavz353","M_no_W_no","portfolio_2026-09-16.csv","bothno_1","bothno_1__g4",7,"exp",290,-1
"6rdutaoz","M_no_W_no","portfolio_2026-09-16.csv","bothno_1","bothno_1__g4",7,"exp",300,-1
"21anldsa","M_no_W_no","portfolio_2026-09-16.csv","bothno_1","bothno_1__g5",7,"exp",400,-1
"3mjtjuou","M_no_W_no","portfolio_2026-09-16.csv","bothno_1","bothno_1__g5",7,"exp",450,1
"5jtwpe9d","M_no_W_no","portfolio_2026-09-16.csv","bothno_1","bothno_1__g5",7,"exp",450,1
"s16bmsk2","M_no_W_no","portfolio_2026-09-16.csv","bothno_1","bothno_1__g5",7,"exp",440,-1
"sjw641j3","M_no_W_no","portfolio_2026-09-16.csv","bothno_1","bothno_1__g5",7,"exp",450,0
"msd1f2iu","M_no_W_no","portfolio_2026-09-16.csv","bothno_1","bothno_1__g1",8,"exp",175,1
"omrf04k4","M_no_W_no","portfolio_2026-09-16.csv","bothno_1","bothno_1__g1",8,"exp",100,-1
"duzxv1is","M_no_W_no","portfolio_2026-09-16.csv","bothno_1","bothno_1__g1",8,"exp",149,0
"znk2pevv","M_no_W_no","portfolio_2026-09-16.csv","bothno_1","bothno_1__g1",8,"exp",125,-1
"rv5b38em","M_no_W_no","portfolio_2026-09-16.csv","bothno_1","bothno_1__g1",8,"exp",200,1
"z7t2lpyk","M_no_W_no","portfolio_2026-09-16.csv","bothno_1","bothno_1__g2",8,"exp",270,0
"dwx0my9x","M_no_W_no","portfolio_2026-09-16.csv","bothno_1","bothno_1__g2",8,"exp",130,-1
"uhxz6pjz","M_no_W_no","portfolio_2026-09-16.csv","bothno_1","bothno_1__g2",8,"exp",150,-1
"r39x605k","M_no_W_no","portfolio_2026-09-16.csv","bothno_1","bothno_1__g2",8,"exp",290,1
"yhliw46v","M_no_W_no","portfolio_2026-09-16.csv","bothno_1","bothno_1__g2",8,"exp",285,1
"7abl389c","M_no_W_no","portfolio_2026-09-16.csv","bothno_1","bothno_1__g3",8,"exp",597,1
"6kns3oml","M_no_W_no","portfolio_2026-09-16.csv","bothno_1","bothno_1__g3",8,"exp",550,0
"pp2e4xx5","M_no_W_no","portfolio_2026-09-16.csv","bothno_1","bothno_1__g3",8,"exp",523,-1
"jid9ui4f","M_no_W_no","portfolio_2026-09-16.csv","bothno_1","bothno_1__g3",8,"exp",550,1
"grwzfvbr","M_no_W_no","portfolio_2026-09-16.csv","bothno_1","bothno_1__g3",8,"exp",470,-1
"yxcpp681","M_no_W_no","portfolio_2026-09-16.csv","bothno_1","bothno_1__g4",8,"exp",299,-1
"09bse981","M_no_W_no","portfolio_2026-09-16.csv","bothno_1","bothno_1__g4",8,"exp",500,1
"2p0bevly","M_no_W_no","portfolio_2026-09-16.csv","bothno_1","bothno_1__g4",8,"exp",300,1
"raavz353","M_no_W_no","portfolio_2026-09-16.csv","bothno_1","bothno_1__g4",8,"exp",290,-1
"6rdutaoz","M_no_W_no","portfolio_2026-09-16.csv","bothno_1","bothno_1__g4",8,"exp",300,0
"21anldsa","M_no_W_no","portfolio_2026-09-16.csv","bothno_1","bothno_1__g5",8,"exp",400,-1
"3mjtjuou","M_no_W_no","portfolio_2026-09-16.csv","bothno_1","bothno_1__g5",8,"exp",450,1
"5jtwpe9d","M_no_W_no","portfolio_2026-09-16.csv","bothno_1","bothno_1__g5",8,"exp",420,0
"s16bmsk2","M_no_W_no","portfolio_2026-09-16.csv","bothno_1","bothno_1__g5",8,"exp",460,1
"sjw641j3","M_no_W_no","portfolio_2026-09-16.csv","bothno_1","bothno_1__g5",8,"exp",200,-1
"msd1f2iu","M_no_W_no","portfolio_2026-09-16.csv","bothno_1","bothno_1__g1",9,"exp",175,0
"omrf04k4","M_no_W_no","portfolio_2026-09-16.csv","bothno_1","bothno_1__g1",9,"exp",500,1
"duzxv1is","M_no_W_no","portfolio_2026-09-16.csv","bothno_1","bothno_1__g1",9,"exp",148,-1
"znk2pevv","M_no_W_no","portfolio_2026-09-16.csv","bothno_1","bothno_1__g1",9,"exp",125,-1
"rv5b38em","M_no_W_no","portfolio_2026-09-16.csv","bothno_1","bothno_1__g1",9,"exp",200,1
"z7t2lpyk","M_no_W_no","portfolio_2026-09-16.csv","bothno_1","bothno_1__g2",9,"exp",290,1
"dwx0my9x","M_no_W_no","portfolio_2026-09-16.csv","bothno_1","bothno_1__g2",9,"exp",130,-1
"uhxz6pjz","M_no_W_no","portfolio_2026-09-16.csv","bothno_1","bothno_1__g2",9,"exp",150,-1
"r39x605k","M_no_W_no","portfolio_2026-09-16.csv","bothno_1","bothno_1__g2",9,"exp",290,1
"yhliw46v","M_no_W_no","portfolio_2026-09-16.csv","bothno_1","bothno_1__g2",9,"exp",270,0
"7abl389c","M_no_W_no","portfolio_2026-09-16.csv","bothno_1","bothno_1__g3",9,"exp",597,1
"6kns3oml","M_no_W_no","portfolio_2026-09-16.csv","bothno_1","bothno_1__g3",9,"exp",565,0
"pp2e4xx5","M_no_W_no","portfolio_2026-09-16.csv","bothno_1","bothno_1__g3",9,"exp",562,-1
"jid9ui4f","M_no_W_no","portfolio_2026-09-16.csv","bothno_1","bothno_1__g3",9,"exp",575,1
"grwzfvbr","M_no_W_no","portfolio_2026-09-16.csv","bothno_1","bothno_1__g3",9,"exp",480,-1
"yxcpp681","M_no_W_no","portfolio_2026-09-16.csv","bothno_1","bothno_1__g4",9,"exp",289,0
"09bse981","M_no_W_no","portfolio_2026-09-16.csv","bothno_1","bothno_1__g4",9,"exp",1,-1
"2p0bevly","M_no_W_no","portfolio_2026-09-16.csv","bothno_1","bothno_1__g4",9,"exp",250,-1
"raavz353","M_no_W_no","portfolio_2026-09-16.csv","bothno_1","bothno_1__g4",9,"exp",290,1
"6rdutaoz","M_no_W_no","portfolio_2026-09-16.csv","bothno_1","bothno_1__g4",9,"exp",290,1
"21anldsa","M_no_W_no","portfolio_2026-09-16.csv","bothno_1","bothno_1__g5",9,"exp",450,1
"3mjtjuou","M_no_W_no","portfolio_2026-09-16.csv","bothno_1","bothno_1__g5",9,"exp",420,-1
"5jtwpe9d","M_no_W_no","portfolio_2026-09-16.csv","bothno_1","bothno_1__g5",9,"exp",425,-1
"s16bmsk2","M_no_W_no","portfolio_2026-09-16.csv","bothno_1","bothno_1__g5",9,"exp",440,0
"sjw641j3","M_no_W_no","portfolio_2026-09-16.csv","bothno_1","bothno_1__g5",9,"exp",460,1
"msd1f2iu","M_no_W_no","portfolio_2026-09-16.csv","bothno_1","bothno_1__g1",10,"exp",300,1
"omrf04k4","M_no_W_no","portfolio_2026-09-16.csv","bothno_1","bothno_1__g1",10,"exp",250,1
"duzxv1is","M_no_W_no","portfolio_2026-09-16.csv","bothno_1","bothno_1__g1",10,"exp",150,-1
"znk2pevv","M_no_W_no","portfolio_2026-09-16.csv","bothno_1","bothno_1__g1",10,"exp",125,-1
"rv5b38em","M_no_W_no","portfolio_2026-09-16.csv","bothno_1","bothno_1__g1",10,"exp",200,0
"z7t2lpyk","M_no_W_no","portfolio_2026-09-16.csv","bothno_1","bothno_1__g2",10,"exp",280,1
"dwx0my9x","M_no_W_no","portfolio_2026-09-16.csv","bothno_1","bothno_1__g2",10,"exp",130,-1
"uhxz6pjz","M_no_W_no","portfolio_2026-09-16.csv","bothno_1","bothno_1__g2",10,"exp",150,-1
"r39x605k","M_no_W_no","portfolio_2026-09-16.csv","bothno_1","bothno_1__g2",10,"exp",290,1
"yhliw46v","M_no_W_no","portfolio_2026-09-16.csv","bothno_1","bothno_1__g2",10,"exp",275,0
"7abl389c","M_no_W_no","portfolio_2026-09-16.csv","bothno_1","bothno_1__g3",10,"exp",597,1
"6kns3oml","M_no_W_no","portfolio_2026-09-16.csv","bothno_1","bothno_1__g3",10,"exp",560,-1
"pp2e4xx5","M_no_W_no","portfolio_2026-09-16.csv","bothno_1","bothno_1__g3",10,"exp",590,1
"jid9ui4f","M_no_W_no","portfolio_2026-09-16.csv","bothno_1","bothno_1__g3",10,"exp",575,-1
"grwzfvbr","M_no_W_no","portfolio_2026-09-16.csv","bothno_1","bothno_1__g3",10,"exp",580,0
"yxcpp681","M_no_W_no","portfolio_2026-09-16.csv","bothno_1","bothno_1__g4",10,"exp",279,1
"09bse981","M_no_W_no","portfolio_2026-09-16.csv","bothno_1","bothno_1__g4",10,"exp",1,-1
"2p0bevly","M_no_W_no","portfolio_2026-09-16.csv","bothno_1","bothno_1__g4",10,"exp",250,-1
"raavz353","M_no_W_no","portfolio_2026-09-16.csv","bothno_1","bothno_1__g4",10,"exp",250,0
"6rdutaoz","M_no_W_no","portfolio_2026-09-16.csv","bothno_1","bothno_1__g4",10,"exp",270,1
"21anldsa","M_no_W_no","portfolio_2026-09-16.csv","bothno_1","bothno_1__g5",10,"exp",400,-1
"3mjtjuou","M_no_W_no","portfolio_2026-09-16.csv","bothno_1","bothno_1__g5",10,"exp",440,0
"5jtwpe9d","M_no_W_no","portfolio_2026-09-16.csv","bothno_1","bothno_1__g5",10,"exp",430,-1
"s16bmsk2","M_no_W_no","portfolio_2026-09-16.csv","bothno_1","bothno_1__g5",10,"exp",450,1
"sjw641j3","M_no_W_no","portfolio_2026-09-16.csv","bothno_1","bothno_1__g5",10,"exp",455,1
"o7pccht6","M_no_W_no","portfolio_2026-09-16.csv","botno_2","botno_2__g1",1,"exp",250,-1
"xlysi5bz","M_no_W_no","portfolio_2026-09-16.csv","botno_2","botno_2__g1",1,"exp",200,-1
"ktzkk4b7","M_no_W_no","portfolio_2026-09-16.csv","botno_2","botno_2__g1",1,"exp",300,0
"unt4hlph","M_no_W_no","portfolio_2026-09-16.csv","botno_2","botno_2__g1",1,"exp",400,1
"e3o1p3e6","M_no_W_no","portfolio_2026-09-16.csv","botno_2","botno_2__g1",1,"exp",500,1
"0nzm25g8","M_no_W_no","portfolio_2026-09-16.csv","botno_2","botno_2__g2",1,"exp",200,-1
"f8ff6plt","M_no_W_no","portfolio_2026-09-16.csv","botno_2","botno_2__g2",1,"exp",30,-1
"poc3kn08","M_no_W_no","portfolio_2026-09-16.csv","botno_2","botno_2__g2",1,"exp",500,1
"z9zrwosz","M_no_W_no","portfolio_2026-09-16.csv","botno_2","botno_2__g2",1,"exp",300,1
"yldmtmxh","M_no_W_no","portfolio_2026-09-16.csv","botno_2","botno_2__g2",1,"exp",300,0
"bjw1ymg6","M_no_W_no","portfolio_2026-09-16.csv","botno_2","botno_2__g3",1,"exp",450,1
"dxg47gml","M_no_W_no","portfolio_2026-09-16.csv","botno_2","botno_2__g3",1,"exp",480,1
"t47t8m59","M_no_W_no","portfolio_2026-09-16.csv","botno_2","botno_2__g3",1,"exp",350,0
"2epyouig","M_no_W_no","portfolio_2026-09-16.csv","botno_2","botno_2__g3",1,"exp",40,-1
"107rd682","M_no_W_no","portfolio_2026-09-16.csv","botno_2","botno_2__g3",1,"exp",300,-1
"6xyzc64h","M_no_W_no","portfolio_2026-09-16.csv","botno_2","botno_2__g4",1,"exp",299,-1
"566nkyxt","M_no_W_no","portfolio_2026-09-16.csv","botno_2","botno_2__g4",1,"exp",120,-1
"uv69jk1p","M_no_W_no","portfolio_2026-09-16.csv","botno_2","botno_2__g4",1,"exp",400,1
"thfu25ei","M_no_W_no","portfolio_2026-09-16.csv","botno_2","botno_2__g4",1,"exp",400,1
"008uq8bs","M_no_W_no","portfolio_2026-09-16.csv","botno_2","botno_2__g4",1,"exp",300,0
"o4da1gkl","M_no_W_no","portfolio_2026-09-16.csv","botno_2","botno_2__g5",1,"exp",300,1
"ilc2oqlq","M_no_W_no","portfolio_2026-09-16.csv","botno_2","botno_2__g5",1,"exp",120,-1
"qcu0td0m","M_no_W_no","portfolio_2026-09-16.csv","botno_2","botno_2__g5",1,"exp",434,1
"zcjv164s","M_no_W_no","portfolio_2026-09-16.csv","botno_2","botno_2__g5",1,"exp",280,0
"3g7fmbdb","M_no_W_no","portfolio_2026-09-16.csv","botno_2","botno_2__g5",1,"exp",180,-1
"o7pccht6","M_no_W_no","portfolio_2026-09-16.csv","botno_2","botno_2__g1",2,"exp",275,-1
"xlysi5bz","M_no_W_no","portfolio_2026-09-16.csv","botno_2","botno_2__g1",2,"exp",220,-1
"ktzkk4b7","M_no_W_no","portfolio_2026-09-16.csv","botno_2","botno_2__g1",2,"exp",351,0
"unt4hlph","M_no_W_no","portfolio_2026-09-16.csv","botno_2","botno_2__g1",2,"exp",400,1
"e3o1p3e6","M_no_W_no","portfolio_2026-09-16.csv","botno_2","botno_2__g1",2,"exp",450,1
"0nzm25g8","M_no_W_no","portfolio_2026-09-16.csv","botno_2","botno_2__g2",2,"exp",200,-1
"f8ff6plt","M_no_W_no","portfolio_2026-09-16.csv","botno_2","botno_2__g2",2,"exp",500,1
"poc3kn08","M_no_W_no","portfolio_2026-09-16.csv","botno_2","botno_2__g2",2,"exp",450,1
"z9zrwosz","M_no_W_no","portfolio_2026-09-16.csv","botno_2","botno_2__g2",2,"exp",259,-1
"yldmtmxh","M_no_W_no","portfolio_2026-09-16.csv","botno_2","botno_2__g2",2,"exp",300,0
"bjw1ymg6","M_no_W_no","portfolio_2026-09-16.csv","botno_2","botno_2__g3",2,"exp",400,1
"dxg47gml","M_no_W_no","portfolio_2026-09-16.csv","botno_2","botno_2__g3",2,"exp",390,0
"t47t8m59","M_no_W_no","portfolio_2026-09-16.csv","botno_2","botno_2__g3",2,"exp",370,-1
"2epyouig","M_no_W_no","portfolio_2026-09-16.csv","botno_2","botno_2__g3",2,"exp",450,1
"107rd682","M_no_W_no","portfolio_2026-09-16.csv","botno_2","botno_2__g3",2,"exp",340,-1
"6xyzc64h","M_no_W_no","portfolio_2026-09-16.csv","botno_2","botno_2__g4",2,"exp",299,0
"566nkyxt","M_no_W_no","portfolio_2026-09-16.csv","botno_2","botno_2__g4",2,"exp",145,-1
"uv69jk1p","M_no_W_no","portfolio_2026-09-16.csv","botno_2","botno_2__g4",2,"exp",450,1
"thfu25ei","M_no_W_no","portfolio_2026-09-16.csv","botno_2","botno_2__g4",2,"exp",420,1
"008uq8bs","M_no_W_no","portfolio_2026-09-16.csv","botno_2","botno_2__g4",2,"exp",200,-1
"o4da1gkl","M_no_W_no","portfolio_2026-09-16.csv","botno_2","botno_2__g5",2,"exp",350,1
"ilc2oqlq","M_no_W_no","portfolio_2026-09-16.csv","botno_2","botno_2__g5",2,"exp",230,-1
"qcu0td0m","M_no_W_no","portfolio_2026-09-16.csv","botno_2","botno_2__g5",2,"exp",300,0
"zcjv164s","M_no_W_no","portfolio_2026-09-16.csv","botno_2","botno_2__g5",2,"exp",265,-1
"3g7fmbdb","M_no_W_no","portfolio_2026-09-16.csv","botno_2","botno_2__g5",2,"exp",300,1
"o7pccht6","M_no_W_no","portfolio_2026-09-16.csv","botno_2","botno_2__g1",3,"exp",320,0
"xlysi5bz","M_no_W_no","portfolio_2026-09-16.csv","botno_2","botno_2__g1",3,"exp",300,-1
"ktzkk4b7","M_no_W_no","portfolio_2026-09-16.csv","botno_2","botno_2__g1",3,"exp",199,-1
"unt4hlph","M_no_W_no","portfolio_2026-09-16.csv","botno_2","botno_2__g1",3,"exp",550,1
"e3o1p3e6","M_no_W_no","portfolio_2026-09-16.csv","botno_2","botno_2__g1",3,"exp",470,1
"0nzm25g8","M_no_W_no","portfolio_2026-09-16.csv","botno_2","botno_2__g2",3,"exp",180,-1
"f8ff6plt","M_no_W_no","portfolio_2026-09-16.csv","botno_2","botno_2__g2",3,"exp",300,1
"poc3kn08","M_no_W_no","portfolio_2026-09-16.csv","botno_2","botno_2__g2",3,"exp",250,-1
"z9zrwosz","M_no_W_no","portfolio_2026-09-16.csv","botno_2","botno_2__g2",3,"exp",250,0
"yldmtmxh","M_no_W_no","portfolio_2026-09-16.csv","botno_2","botno_2__g2",3,"exp",444,1
"bjw1ymg6","M_no_W_no","portfolio_2026-09-16.csv","botno_2","botno_2__g3",3,"exp",400,1
"dxg47gml","M_no_W_no","portfolio_2026-09-16.csv","botno_2","botno_2__g3",3,"exp",380,-1
"t47t8m59","M_no_W_no","portfolio_2026-09-16.csv","botno_2","botno_2__g3",3,"exp",380,-1
"2epyouig","M_no_W_no","portfolio_2026-09-16.csv","botno_2","botno_2__g3",3,"exp",420,1
"107rd682","M_no_W_no","portfolio_2026-09-16.csv","botno_2","botno_2__g3",3,"exp",390,0
"6xyzc64h","M_no_W_no","portfolio_2026-09-16.csv","botno_2","botno_2__g4",3,"exp",300,-1
"566nkyxt","M_no_W_no","portfolio_2026-09-16.csv","botno_2","botno_2__g4",3,"exp",150,-1
"uv69jk1p","M_no_W_no","portfolio_2026-09-16.csv","botno_2","botno_2__g4",3,"exp",400,1
"thfu25ei","M_no_W_no","portfolio_2026-09-16.csv","botno_2","botno_2__g4",3,"exp",375,0
"008uq8bs","M_no_W_no","portfolio_2026-09-16.csv","botno_2","botno_2__g4",3,"exp",400,1
"o4da1gkl","M_no_W_no","portfolio_2026-09-16.csv","botno_2","botno_2__g5",3,"exp",375,1
"ilc2oqlq","M_no_W_no","portfolio_2026-09-16.csv","botno_2","botno_2__g5",3,"exp",260,-1
"qcu0td0m","M_no_W_no","portfolio_2026-09-16.csv","botno_2","botno_2__g5",3,"exp",150,-1
"zcjv164s","M_no_W_no","portfolio_2026-09-16.csv","botno_2","botno_2__g5",3,"exp",297,0
"3g7fmbdb","M_no_W_no","portfolio_2026-09-16.csv","botno_2","botno_2__g5",3,"exp",380,1
"o7pccht6","M_no_W_no","portfolio_2026-09-16.csv","botno_2","botno_2__g1",4,"exp",300,0
"xlysi5bz","M_no_W_no","portfolio_2026-09-16.csv","botno_2","botno_2__g1",4,"exp",280,-1
"ktzkk4b7","M_no_W_no","portfolio_2026-09-16.csv","botno_2","botno_2__g1",4,"exp",197,-1
"unt4hlph","M_no_W_no","portfolio_2026-09-16.csv","botno_2","botno_2__g1",4,"exp",400,1
"e3o1p3e6","M_no_W_no","portfolio_2026-09-16.csv","botno_2","botno_2__g1",4,"exp",400,1
"0nzm25g8","M_no_W_no","portfolio_2026-09-16.csv","botno_2","botno_2__g2",4,"exp",225,-1
"f8ff6plt","M_no_W_no","portfolio_2026-09-16.csv","botno_2","botno_2__g2",4,"exp",225,-1
"poc3kn08","M_no_W_no","portfolio_2026-09-16.csv","botno_2","botno_2__g2",4,"exp",300,1
"z9zrwosz","M_no_W_no","portfolio_2026-09-16.csv","botno_2","botno_2__g2",4,"exp",301,1
"yldmtmxh","M_no_W_no","portfolio_2026-09-16.csv","botno_2","botno_2__g2",4,"exp",288,0
"bjw1ymg6","M_no_W_no","portfolio_2026-09-16.csv","botno_2","botno_2__g3",4,"exp",400,0
"dxg47gml","M_no_W_no","portfolio_2026-09-16.csv","botno_2","botno_2__g3",4,"exp",416,1
"t47t8m59","M_no_W_no","portfolio_2026-09-16.csv","botno_2","botno_2__g3",4,"exp",410,1
"2epyouig","M_no_W_no","portfolio_2026-09-16.csv","botno_2","botno_2__g3",4,"exp",395,-1
"107rd682","M_no_W_no","portfolio_2026-09-16.csv","botno_2","botno_2__g3",4,"exp",389,-1
"6xyzc64h","M_no_W_no","portfolio_2026-09-16.csv","botno_2","botno_2__g4",4,"exp",320,0
"566nkyxt","M_no_W_no","portfolio_2026-09-16.csv","botno_2","botno_2__g4",4,"exp",299,-1
"uv69jk1p","M_no_W_no","portfolio_2026-09-16.csv","botno_2","botno_2__g4",4,"exp",415,1
"thfu25ei","M_no_W_no","portfolio_2026-09-16.csv","botno_2","botno_2__g4",4,"exp",380,1
"008uq8bs","M_no_W_no","portfolio_2026-09-16.csv","botno_2","botno_2__g4",4,"exp",320,-1
"o4da1gkl","M_no_W_no","portfolio_2026-09-16.csv","botno_2","botno_2__g5",4,"exp",400,1
"ilc2oqlq","M_no_W_no","portfolio_2026-09-16.csv","botno_2","botno_2__g5",4,"exp",250,-1
"qcu0td0m","M_no_W_no","portfolio_2026-09-16.csv","botno_2","botno_2__g5",4,"exp",300,0
"zcjv164s","M_no_W_no","portfolio_2026-09-16.csv","botno_2","botno_2__g5",4,"exp",255,-1
"3g7fmbdb","M_no_W_no","portfolio_2026-09-16.csv","botno_2","botno_2__g5",4,"exp",350,1
"o7pccht6","M_no_W_no","portfolio_2026-09-16.csv","botno_2","botno_2__g1",5,"exp",275,0
"xlysi5bz","M_no_W_no","portfolio_2026-09-16.csv","botno_2","botno_2__g1",5,"exp",270,-1
"ktzkk4b7","M_no_W_no","portfolio_2026-09-16.csv","botno_2","botno_2__g1",5,"exp",235,-1
"unt4hlph","M_no_W_no","portfolio_2026-09-16.csv","botno_2","botno_2__g1",5,"exp",280,1
"e3o1p3e6","M_no_W_no","portfolio_2026-09-16.csv","botno_2","botno_2__g1",5,"exp",380,1
"0nzm25g8","M_no_W_no","portfolio_2026-09-16.csv","botno_2","botno_2__g2",5,"exp",250,1
"f8ff6plt","M_no_W_no","portfolio_2026-09-16.csv","botno_2","botno_2__g2",5,"exp",250,0
"poc3kn08","M_no_W_no","portfolio_2026-09-16.csv","botno_2","botno_2__g2",5,"exp",400,1
"z9zrwosz","M_no_W_no","portfolio_2026-09-16.csv","botno_2","botno_2__g2",5,"exp",200,-1
"yldmtmxh","M_no_W_no","portfolio_2026-09-16.csv","botno_2","botno_2__g2",5,"exp",174,-1
"bjw1ymg6","M_no_W_no","portfolio_2026-09-16.csv","botno_2","botno_2__g3",5,"exp",380,-1
"dxg47gml","M_no_W_no","portfolio_2026-09-16.csv","botno_2","botno_2__g3",5,"exp",400,0
"t47t8m59","M_no_W_no","portfolio_2026-09-16.csv","botno_2","botno_2__g3",5,"exp",410,1
"2epyouig","M_no_W_no","portfolio_2026-09-16.csv","botno_2","botno_2__g3",5,"exp",500,1
"107rd682","M_no_W_no","portfolio_2026-09-16.csv","botno_2","botno_2__g3",5,"exp",399,-1
"6xyzc64h","M_no_W_no","portfolio_2026-09-16.csv","botno_2","botno_2__g4",5,"exp",325,-1
"566nkyxt","M_no_W_no","portfolio_2026-09-16.csv","botno_2","botno_2__g4",5,"exp",298,-1
"uv69jk1p","M_no_W_no","portfolio_2026-09-16.csv","botno_2","botno_2__g4",5,"exp",350,0
"thfu25ei","M_no_W_no","portfolio_2026-09-16.csv","botno_2","botno_2__g4",5,"exp",350,1
"008uq8bs","M_no_W_no","portfolio_2026-09-16.csv","botno_2","botno_2__g4",5,"exp",350,1
"o4da1gkl","M_no_W_no","portfolio_2026-09-16.csv","botno_2","botno_2__g5",5,"exp",300,0
"ilc2oqlq","M_no_W_no","portfolio_2026-09-16.csv","botno_2","botno_2__g5",5,"exp",250,-1
"qcu0td0m","M_no_W_no","portfolio_2026-09-16.csv","botno_2","botno_2__g5",5,"exp",350,1
"zcjv164s","M_no_W_no","portfolio_2026-09-16.csv","botno_2","botno_2__g5",5,"exp",260,-1
"3g7fmbdb","M_no_W_no","portfolio_2026-09-16.csv","botno_2","botno_2__g5",5,"exp",325,1
"o7pccht6","M_no_W_no","portfolio_2026-09-16.csv","botno_2","botno_2__g1",6,"exp",300,1
"xlysi5bz","M_no_W_no","portfolio_2026-09-16.csv","botno_2","botno_2__g1",6,"exp",260,0
"ktzkk4b7","M_no_W_no","portfolio_2026-09-16.csv","botno_2","botno_2__g1",6,"exp",235,-1
"unt4hlph","M_no_W_no","portfolio_2026-09-16.csv","botno_2","botno_2__g1",6,"exp",250,-1
"e3o1p3e6","M_no_W_no","portfolio_2026-09-16.csv","botno_2","botno_2__g1",6,"exp",350,1
"0nzm25g8","M_no_W_no","portfolio_2026-09-16.csv","botno_2","botno_2__g2",6,"exp",220,-1
"f8ff6plt","M_no_W_no","portfolio_2026-09-16.csv","botno_2","botno_2__g2",6,"exp",240,0
"poc3kn08","M_no_W_no","portfolio_2026-09-16.csv","botno_2","botno_2__g2",6,"exp",300,1
"z9zrwosz","M_no_W_no","portfolio_2026-09-16.csv","botno_2","botno_2__g2",6,"exp",260,1
"yldmtmxh","M_no_W_no","portfolio_2026-09-16.csv","botno_2","botno_2__g2",6,"exp",211,-1
"bjw1ymg6","M_no_W_no","portfolio_2026-09-16.csv","botno_2","botno_2__g3",6,"exp",380,-1
"dxg47gml","M_no_W_no","portfolio_2026-09-16.csv","botno_2","botno_2__g3",6,"exp",400,0
"t47t8m59","M_no_W_no","portfolio_2026-09-16.csv","botno_2","botno_2__g3",6,"exp",410,1
"2epyouig","M_no_W_no","portfolio_2026-09-16.csv","botno_2","botno_2__g3",6,"exp",410,1
"107rd682","M_no_W_no","portfolio_2026-09-16.csv","botno_2","botno_2__g3",6,"exp",399,-1
"6xyzc64h","M_no_W_no","portfolio_2026-09-16.csv","botno_2","botno_2__g4",6,"exp",340,-1
"566nkyxt","M_no_W_no","portfolio_2026-09-16.csv","botno_2","botno_2__g4",6,"exp",290,-1
"uv69jk1p","M_no_W_no","portfolio_2026-09-16.csv","botno_2","botno_2__g4",6,"exp",375,1
"thfu25ei","M_no_W_no","portfolio_2026-09-16.csv","botno_2","botno_2__g4",6,"exp",380,1
"008uq8bs","M_no_W_no","portfolio_2026-09-16.csv","botno_2","botno_2__g4",6,"exp",375,0
"o4da1gkl","M_no_W_no","portfolio_2026-09-16.csv","botno_2","botno_2__g5",6,"exp",350,1
"ilc2oqlq","M_no_W_no","portfolio_2026-09-16.csv","botno_2","botno_2__g5",6,"exp",270,0
"qcu0td0m","M_no_W_no","portfolio_2026-09-16.csv","botno_2","botno_2__g5",6,"exp",250,-1
"zcjv164s","M_no_W_no","portfolio_2026-09-16.csv","botno_2","botno_2__g5",6,"exp",261,-1
"3g7fmbdb","M_no_W_no","portfolio_2026-09-16.csv","botno_2","botno_2__g5",6,"exp",330,1
"o7pccht6","M_no_W_no","portfolio_2026-09-16.csv","botno_2","botno_2__g1",7,"exp",280,0
"xlysi5bz","M_no_W_no","portfolio_2026-09-16.csv","botno_2","botno_2__g1",7,"exp",245,-1
"ktzkk4b7","M_no_W_no","portfolio_2026-09-16.csv","botno_2","botno_2__g1",7,"exp",235,-1
"unt4hlph","M_no_W_no","portfolio_2026-09-16.csv","botno_2","botno_2__g1",7,"exp",500,1
"e3o1p3e6","M_no_W_no","portfolio_2026-09-16.csv","botno_2","botno_2__g1",7,"exp",325,1
"0nzm25g8","M_no_W_no","portfolio_2026-09-16.csv","botno_2","botno_2__g2",7,"exp",260,0
"f8ff6plt","M_no_W_no","portfolio_2026-09-16.csv","botno_2","botno_2__g2",7,"exp",240,-1
"poc3kn08","M_no_W_no","portfolio_2026-09-16.csv","botno_2","botno_2__g2",7,"exp",400,1
"z9zrwosz","M_no_W_no","portfolio_2026-09-16.csv","botno_2","botno_2__g2",7,"exp",240,-1
"yldmtmxh","M_no_W_no","portfolio_2026-09-16.csv","botno_2","botno_2__g2",7,"exp",288,1
"bjw1ymg6","M_no_W_no","portfolio_2026-09-16.csv","botno_2","botno_2__g3",7,"exp",390,-1
"dxg47gml","M_no_W_no","portfolio_2026-09-16.csv","botno_2","botno_2__g3",7,"exp",400,1
"t47t8m59","M_no_W_no","portfolio_2026-09-16.csv","botno_2","botno_2__g3",7,"exp",390,-1
"2epyouig","M_no_W_no","portfolio_2026-09-16.csv","botno_2","botno_2__g3",7,"exp",400,1
"107rd682","M_no_W_no","portfolio_2026-09-16.csv","botno_2","botno_2__g3",7,"exp",399,0
"6xyzc64h","M_no_W_no","portfolio_2026-09-16.csv","botno_2","botno_2__g4",7,"exp",350,-1
"566nkyxt","M_no_W_no","portfolio_2026-09-16.csv","botno_2","botno_2__g4",7,"exp",320,-1
"uv69jk1p","M_no_W_no","portfolio_2026-09-16.csv","botno_2","botno_2__g4",7,"exp",390,1
"thfu25ei","M_no_W_no","portfolio_2026-09-16.csv","botno_2","botno_2__g4",7,"exp",360,0
"008uq8bs","M_no_W_no","portfolio_2026-09-16.csv","botno_2","botno_2__g4",7,"exp",360,1
"o4da1gkl","M_no_W_no","portfolio_2026-09-16.csv","botno_2","botno_2__g5",7,"exp",300,1
"ilc2oqlq","M_no_W_no","portfolio_2026-09-16.csv","botno_2","botno_2__g5",7,"exp",250,-1
"qcu0td0m","M_no_W_no","portfolio_2026-09-16.csv","botno_2","botno_2__g5",7,"exp",300,0
"zcjv164s","M_no_W_no","portfolio_2026-09-16.csv","botno_2","botno_2__g5",7,"exp",270,-1
"3g7fmbdb","M_no_W_no","portfolio_2026-09-16.csv","botno_2","botno_2__g5",7,"exp",305,1
"o7pccht6","M_no_W_no","portfolio_2026-09-16.csv","botno_2","botno_2__g1",8,"exp",310,1
"xlysi5bz","M_no_W_no","portfolio_2026-09-16.csv","botno_2","botno_2__g1",8,"exp",270,0
"ktzkk4b7","M_no_W_no","portfolio_2026-09-16.csv","botno_2","botno_2__g1",8,"exp",245,-1
"unt4hlph","M_no_W_no","portfolio_2026-09-16.csv","botno_2","botno_2__g1",8,"exp",260,-1
"e3o1p3e6","M_no_W_no","portfolio_2026-09-16.csv","botno_2","botno_2__g1",8,"exp",325,1
"0nzm25g8","M_no_W_no","portfolio_2026-09-16.csv","botno_2","botno_2__g2",8,"exp",280,1
"f8ff6plt","M_no_W_no","portfolio_2026-09-16.csv","botno_2","botno_2__g2",8,"exp",264,1
"poc3kn08","M_no_W_no","portfolio_2026-09-16.csv","botno_2","botno_2__g2",8,"exp",200,-1
"z9zrwosz","M_no_W_no","portfolio_2026-09-16.csv","botno_2","botno_2__g2",8,"exp",240,0
"yldmtmxh","M_no_W_no","portfolio_2026-09-16.csv","botno_2","botno_2__g2",8,"exp",199,-1
"bjw1ymg6","M_no_W_no","portfolio_2026-09-16.csv","botno_2","botno_2__g3",8,"exp",390,-1
"dxg47gml","M_no_W_no","portfolio_2026-09-16.csv","botno_2","botno_2__g3",8,"exp",400,1
"t47t8m59","M_no_W_no","portfolio_2026-09-16.csv","botno_2","botno_2__g3",8,"exp",405,1
"2epyouig","M_no_W_no","portfolio_2026-09-16.csv","botno_2","botno_2__g3",8,"exp",390,-1
"107rd682","M_no_W_no","portfolio_2026-09-16.csv","botno_2","botno_2__g3",8,"exp",390,0
"6xyzc64h","M_no_W_no","portfolio_2026-09-16.csv","botno_2","botno_2__g4",8,"exp",355,-1
"566nkyxt","M_no_W_no","portfolio_2026-09-16.csv","botno_2","botno_2__g4",8,"exp",330,-1
"uv69jk1p","M_no_W_no","portfolio_2026-09-16.csv","botno_2","botno_2__g4",8,"exp",390,1
"thfu25ei","M_no_W_no","portfolio_2026-09-16.csv","botno_2","botno_2__g4",8,"exp",375,1
"008uq8bs","M_no_W_no","portfolio_2026-09-16.csv","botno_2","botno_2__g4",8,"exp",365,0
"o4da1gkl","M_no_W_no","portfolio_2026-09-16.csv","botno_2","botno_2__g5",8,"exp",315,1
"ilc2oqlq","M_no_W_no","portfolio_2026-09-16.csv","botno_2","botno_2__g5",8,"exp",270,-1
"qcu0td0m","M_no_W_no","portfolio_2026-09-16.csv","botno_2","botno_2__g5",8,"exp",200,-1
"zcjv164s","M_no_W_no","portfolio_2026-09-16.csv","botno_2","botno_2__g5",8,"exp",300,0
"3g7fmbdb","M_no_W_no","portfolio_2026-09-16.csv","botno_2","botno_2__g5",8,"exp",315,1
"o7pccht6","M_no_W_no","portfolio_2026-09-16.csv","botno_2","botno_2__g1",9,"exp",300,0
"xlysi5bz","M_no_W_no","portfolio_2026-09-16.csv","botno_2","botno_2__g1",9,"exp",250,-1
"ktzkk4b7","M_no_W_no","portfolio_2026-09-16.csv","botno_2","botno_2__g1",9,"exp",245,-1
"unt4hlph","M_no_W_no","portfolio_2026-09-16.csv","botno_2","botno_2__g1",9,"exp",300,1
"e3o1p3e6","M_no_W_no","portfolio_2026-09-16.csv","botno_2","botno_2__g1",9,"exp",315,1
"0nzm25g8","M_no_W_no","portfolio_2026-09-16.csv","botno_2","botno_2__g2",9,"exp",270,1
"f8ff6plt","M_no_W_no","portfolio_2026-09-16.csv","botno_2","botno_2__g2",9,"exp",10,-1
"poc3kn08","M_no_W_no","portfolio_2026-09-16.csv","botno_2","botno_2__g2",9,"exp",300,1
"z9zrwosz","M_no_W_no","portfolio_2026-09-16.csv","botno_2","botno_2__g2",9,"exp",200,-1
"yldmtmxh","M_no_W_no","portfolio_2026-09-16.csv","botno_2","botno_2__g2",9,"exp",233,0
"bjw1ymg6","M_no_W_no","portfolio_2026-09-16.csv","botno_2","botno_2__g3",9,"exp",390,0
"dxg47gml","M_no_W_no","portfolio_2026-09-16.csv","botno_2","botno_2__g3",9,"exp",400,1
"t47t8m59","M_no_W_no","portfolio_2026-09-16.csv","botno_2","botno_2__g3",9,"exp",402,1
"2epyouig","M_no_W_no","portfolio_2026-09-16.csv","botno_2","botno_2__g3",9,"exp",390,-1
"107rd682","M_no_W_no","portfolio_2026-09-16.csv","botno_2","botno_2__g3",9,"exp",380,-1
"6xyzc64h","M_no_W_no","portfolio_2026-09-16.csv","botno_2","botno_2__g4",9,"exp",370,1
"566nkyxt","M_no_W_no","portfolio_2026-09-16.csv","botno_2","botno_2__g4",9,"exp",345,-1
"uv69jk1p","M_no_W_no","portfolio_2026-09-16.csv","botno_2","botno_2__g4",9,"exp",380,1
"thfu25ei","M_no_W_no","portfolio_2026-09-16.csv","botno_2","botno_2__g4",9,"exp",340,-1
"008uq8bs","M_no_W_no","portfolio_2026-09-16.csv","botno_2","botno_2__g4",9,"exp",350,0
"o4da1gkl","M_no_W_no","portfolio_2026-09-16.csv","botno_2","botno_2__g5",9,"exp",250,-1
"ilc2oqlq","M_no_W_no","portfolio_2026-09-16.csv","botno_2","botno_2__g5",9,"exp",270,0
"qcu0td0m","M_no_W_no","portfolio_2026-09-16.csv","botno_2","botno_2__g5",9,"exp",250,-1
"zcjv164s","M_no_W_no","portfolio_2026-09-16.csv","botno_2","botno_2__g5",9,"exp",280,1
"3g7fmbdb","M_no_W_no","portfolio_2026-09-16.csv","botno_2","botno_2__g5",9,"exp",310,1
"o7pccht6","M_no_W_no","portfolio_2026-09-16.csv","botno_2","botno_2__g1",10,"exp",295,0
"xlysi5bz","M_no_W_no","portfolio_2026-09-16.csv","botno_2","botno_2__g1",10,"exp",260,-1
"ktzkk4b7","M_no_W_no","portfolio_2026-09-16.csv","botno_2","botno_2__g1",10,"exp",250,-1
"unt4hlph","M_no_W_no","portfolio_2026-09-16.csv","botno_2","botno_2__g1",10,"exp",350,1
"e3o1p3e6","M_no_W_no","portfolio_2026-09-16.csv","botno_2","botno_2__g1",10,"exp",330,1
"0nzm25g8","M_no_W_no","portfolio_2026-09-16.csv","botno_2","botno_2__g2",10,"exp",220,0
"f8ff6plt","M_no_W_no","portfolio_2026-09-16.csv","botno_2","botno_2__g2",10,"exp",10,-1
"poc3kn08","M_no_W_no","portfolio_2026-09-16.csv","botno_2","botno_2__g2",10,"exp",300,1
"z9zrwosz","M_no_W_no","portfolio_2026-09-16.csv","botno_2","botno_2__g2",10,"exp",233,1
"yldmtmxh","M_no_W_no","portfolio_2026-09-16.csv","botno_2","botno_2__g2",10,"exp",188,-1
"bjw1ymg6","M_no_W_no","portfolio_2026-09-16.csv","botno_2","botno_2__g3",10,"exp",380,-1
"dxg47gml","M_no_W_no","portfolio_2026-09-16.csv","botno_2","botno_2__g3",10,"exp",390,0
"t47t8m59","M_no_W_no","portfolio_2026-09-16.csv","botno_2","botno_2__g3",10,"exp",395,1
"2epyouig","M_no_W_no","portfolio_2026-09-16.csv","botno_2","botno_2__g3",10,"exp",395,1
"107rd682","M_no_W_no","portfolio_2026-09-16.csv","botno_2","botno_2__g3",10,"exp",389,-1
"6xyzc64h","M_no_W_no","portfolio_2026-09-16.csv","botno_2","botno_2__g4",10,"exp",355,1
"566nkyxt","M_no_W_no","portfolio_2026-09-16.csv","botno_2","botno_2__g4",10,"exp",340,-1
"uv69jk1p","M_no_W_no","portfolio_2026-09-16.csv","botno_2","botno_2__g4",10,"exp",380,1
"thfu25ei","M_no_W_no","portfolio_2026-09-16.csv","botno_2","botno_2__g4",10,"exp",350,-1
"008uq8bs","M_no_W_no","portfolio_2026-09-16.csv","botno_2","botno_2__g4",10,"exp",355,0
"o4da1gkl","M_no_W_no","portfolio_2026-09-16.csv","botno_2","botno_2__g5",10,"exp",300,1
"ilc2oqlq","M_no_W_no","portfolio_2026-09-16.csv","botno_2","botno_2__g5",10,"exp",255,-1
"qcu0td0m","M_no_W_no","portfolio_2026-09-16.csv","botno_2","botno_2__g5",10,"exp",200,-1
"zcjv164s","M_no_W_no","portfolio_2026-09-16.csv","botno_2","botno_2__g5",10,"exp",260,0
"3g7fmbdb","M_no_W_no","portfolio_2026-09-16.csv","botno_2","botno_2__g5",10,"exp",300,1
"2vm7punw","M_exp_W_no","portfolio_2026-09-14.csv","MeWno_1","MeWno_1__g1",1,"exp",200,0
"wfmrxna9","M_exp_W_no","portfolio_2026-09-14.csv","MeWno_1","MeWno_1__g1",1,"exp",200,-1
"s57od4iz","M_exp_W_no","portfolio_2026-09-14.csv","MeWno_1","MeWno_1__g1",1,"exp",500,1
"sem2q323","M_exp_W_no","portfolio_2026-09-14.csv","MeWno_1","MeWno_1__g1",1,"exp",550,1
"pmhhauc6","M_exp_W_no","portfolio_2026-09-14.csv","MeWno_1","MeWno_1__g1",1,"exp",200,-1
"bc7n6071","M_exp_W_no","portfolio_2026-09-14.csv","MeWno_1","MeWno_1__g2",1,"exp",450,1
"j2qhej8d","M_exp_W_no","portfolio_2026-09-14.csv","MeWno_1","MeWno_1__g2",1,"exp",200,-1
"nt0omp7o","M_exp_W_no","portfolio_2026-09-14.csv","MeWno_1","MeWno_1__g2",1,"exp",70,-1
"3vy48gux","M_exp_W_no","portfolio_2026-09-14.csv","MeWno_1","MeWno_1__g2",1,"exp",350,1
"zzkx5xsm","M_exp_W_no","portfolio_2026-09-14.csv","MeWno_1","MeWno_1__g2",1,"exp",300,0
"qd0f31id","M_exp_W_no","portfolio_2026-09-14.csv","MeWno_1","MeWno_1__g3",1,"exp",270,-1
"gllc2565","M_exp_W_no","portfolio_2026-09-14.csv","MeWno_1","MeWno_1__g3",1,"exp",500,1
"k6q3olvt","M_exp_W_no","portfolio_2026-09-14.csv","MeWno_1","MeWno_1__g3",1,"exp",300,0
"h7g9h66e","M_exp_W_no","portfolio_2026-09-14.csv","MeWno_1","MeWno_1__g3",1,"exp",450,1
"ch700ni6","M_exp_W_no","portfolio_2026-09-14.csv","MeWno_1","MeWno_1__g3",1,"exp",120,-1
"5doee2qb","M_exp_W_no","portfolio_2026-09-14.csv","MeWno_1","MeWno_1__g4",1,"exp",550,1
"fjk39fjv","M_exp_W_no","portfolio_2026-09-14.csv","MeWno_1","MeWno_1__g4",1,"exp",400,1
"uv9wmkop","M_exp_W_no","portfolio_2026-09-14.csv","MeWno_1","MeWno_1__g4",1,"exp",300,0
"tdb9pvu4","M_exp_W_no","portfolio_2026-09-14.csv","MeWno_1","MeWno_1__g4",1,"exp",120,-1
"vlzegfsh","M_exp_W_no","portfolio_2026-09-14.csv","MeWno_1","MeWno_1__g4",1,"exp",250,-1
"vijmhlvg","M_exp_W_no","portfolio_2026-09-14.csv","MeWno_1","MeWno_1__g5",1,"exp",1,-1
"8e240a8t","M_exp_W_no","portfolio_2026-09-14.csv","MeWno_1","MeWno_1__g5",1,"exp",400,1
"djq10sre","M_exp_W_no","portfolio_2026-09-14.csv","MeWno_1","MeWno_1__g5",1,"exp",118,-1
"1rm0kasi","M_exp_W_no","portfolio_2026-09-14.csv","MeWno_1","MeWno_1__g5",1,"exp",365,0
"5ddpdjuo","M_exp_W_no","portfolio_2026-09-14.csv","MeWno_1","MeWno_1__g5",1,"exp",505,1
"2vm7punw","M_exp_W_no","portfolio_2026-09-14.csv","MeWno_1","MeWno_1__g1",2,"exp",100,-1
"wfmrxna9","M_exp_W_no","portfolio_2026-09-14.csv","MeWno_1","MeWno_1__g1",2,"exp",300,1
"s57od4iz","M_exp_W_no","portfolio_2026-09-14.csv","MeWno_1","MeWno_1__g1",2,"exp",230,0
"sem2q323","M_exp_W_no","portfolio_2026-09-14.csv","MeWno_1","MeWno_1__g1",2,"exp",560,1
"pmhhauc6","M_exp_W_no","portfolio_2026-09-14.csv","MeWno_1","MeWno_1__g1",2,"exp",160,-1
"bc7n6071","M_exp_W_no","portfolio_2026-09-14.csv","MeWno_1","MeWno_1__g2",2,"exp",100,-1
"j2qhej8d","M_exp_W_no","portfolio_2026-09-14.csv","MeWno_1","MeWno_1__g2",2,"exp",400,1
"nt0omp7o","M_exp_W_no","portfolio_2026-09-14.csv","MeWno_1","MeWno_1__g2",2,"exp",300,-1
"3vy48gux","M_exp_W_no","portfolio_2026-09-14.csv","MeWno_1","MeWno_1__g2",2,"exp",350,0
"zzkx5xsm","M_exp_W_no","portfolio_2026-09-14.csv","MeWno_1","MeWno_1__g2",2,"exp",400,1
"qd0f31id","M_exp_W_no","portfolio_2026-09-14.csv","MeWno_1","MeWno_1__g3",2,"exp",299,-1
"gllc2565","M_exp_W_no","portfolio_2026-09-14.csv","MeWno_1","MeWno_1__g3",2,"exp",300,0
"k6q3olvt","M_exp_W_no","portfolio_2026-09-14.csv","MeWno_1","MeWno_1__g3",2,"exp",400,1
"h7g9h66e","M_exp_W_no","portfolio_2026-09-14.csv","MeWno_1","MeWno_1__g3",2,"exp",400,1
"ch700ni6","M_exp_W_no","portfolio_2026-09-14.csv","MeWno_1","MeWno_1__g3",2,"exp",100,-1
"5doee2qb","M_exp_W_no","portfolio_2026-09-14.csv","MeWno_1","MeWno_1__g4",2,"exp",350,1
"fjk39fjv","M_exp_W_no","portfolio_2026-09-14.csv","MeWno_1","MeWno_1__g4",2,"exp",250,-1
"uv9wmkop","M_exp_W_no","portfolio_2026-09-14.csv","MeWno_1","MeWno_1__g4",2,"exp",300,1
"tdb9pvu4","M_exp_W_no","portfolio_2026-09-14.csv","MeWno_1","MeWno_1__g4",2,"exp",120,-1
"vlzegfsh","M_exp_W_no","portfolio_2026-09-14.csv","MeWno_1","MeWno_1__g4",2,"exp",299,0
"vijmhlvg","M_exp_W_no","portfolio_2026-09-14.csv","MeWno_1","MeWno_1__g5",2,"exp",196,-1
"8e240a8t","M_exp_W_no","portfolio_2026-09-14.csv","MeWno_1","MeWno_1__g5",2,"exp",500,1
"djq10sre","M_exp_W_no","portfolio_2026-09-14.csv","MeWno_1","MeWno_1__g5",2,"exp",118,-1
"1rm0kasi","M_exp_W_no","portfolio_2026-09-14.csv","MeWno_1","MeWno_1__g5",2,"exp",368,0
"5ddpdjuo","M_exp_W_no","portfolio_2026-09-14.csv","MeWno_1","MeWno_1__g5",2,"exp",400,1
"2vm7punw","M_exp_W_no","portfolio_2026-09-14.csv","MeWno_1","MeWno_1__g1",3,"exp",100,-1
"wfmrxna9","M_exp_W_no","portfolio_2026-09-14.csv","MeWno_1","MeWno_1__g1",3,"exp",250,0
"s57od4iz","M_exp_W_no","portfolio_2026-09-14.csv","MeWno_1","MeWno_1__g1",3,"exp",220,-1
"sem2q323","M_exp_W_no","portfolio_2026-09-14.csv","MeWno_1","MeWno_1__g1",3,"exp",570,1
"pmhhauc6","M_exp_W_no","portfolio_2026-09-14.csv","MeWno_1","MeWno_1__g1",3,"exp",250,1
"bc7n6071","M_exp_W_no","portfolio_2026-09-14.csv","MeWno_1","MeWno_1__g2",3,"exp",450,1
"j2qhej8d","M_exp_W_no","portfolio_2026-09-14.csv","MeWno_1","MeWno_1__g2",3,"exp",367,0
"nt0omp7o","M_exp_W_no","portfolio_2026-09-14.csv","MeWno_1","MeWno_1__g2",3,"exp",330,-1
"3vy48gux","M_exp_W_no","portfolio_2026-09-14.csv","MeWno_1","MeWno_1__g2",3,"exp",460,1
"zzkx5xsm","M_exp_W_no","portfolio_2026-09-14.csv","MeWno_1","MeWno_1__g2",3,"exp",250,-1
"qd0f31id","M_exp_W_no","portfolio_2026-09-14.csv","MeWno_1","MeWno_1__g3",3,"exp",305,0
"gllc2565","M_exp_W_no","portfolio_2026-09-14.csv","MeWno_1","MeWno_1__g3",3,"exp",300,-1
"k6q3olvt","M_exp_W_no","portfolio_2026-09-14.csv","MeWno_1","MeWno_1__g3",3,"exp",330,1
"h7g9h66e","M_exp_W_no","portfolio_2026-09-14.csv","MeWno_1","MeWno_1__g3",3,"exp",350,1
"ch700ni6","M_exp_W_no","portfolio_2026-09-14.csv","MeWno_1","MeWno_1__g3",3,"exp",120,-1
"5doee2qb","M_exp_W_no","portfolio_2026-09-14.csv","MeWno_1","MeWno_1__g4",3,"exp",300,1
"fjk39fjv","M_exp_W_no","portfolio_2026-09-14.csv","MeWno_1","MeWno_1__g4",3,"exp",270,1
"uv9wmkop","M_exp_W_no","portfolio_2026-09-14.csv","MeWno_1","MeWno_1__g4",3,"exp",150,-1
"tdb9pvu4","M_exp_W_no","portfolio_2026-09-14.csv","MeWno_1","MeWno_1__g4",3,"exp",120,-1
"vlzegfsh","M_exp_W_no","portfolio_2026-09-14.csv","MeWno_1","MeWno_1__g4",3,"exp",250,0
"vijmhlvg","M_exp_W_no","portfolio_2026-09-14.csv","MeWno_1","MeWno_1__g5",3,"exp",370,0
"8e240a8t","M_exp_W_no","portfolio_2026-09-14.csv","MeWno_1","MeWno_1__g5",3,"exp",400,1
"djq10sre","M_exp_W_no","portfolio_2026-09-14.csv","MeWno_1","MeWno_1__g5",3,"exp",118,-1
"1rm0kasi","M_exp_W_no","portfolio_2026-09-14.csv","MeWno_1","MeWno_1__g5",3,"exp",300,-1
"5ddpdjuo","M_exp_W_no","portfolio_2026-09-14.csv","MeWno_1","MeWno_1__g5",3,"exp",375,1
"2vm7punw","M_exp_W_no","portfolio_2026-09-14.csv","MeWno_1","MeWno_1__g1",4,"exp",200,-1
"wfmrxna9","M_exp_W_no","portfolio_2026-09-14.csv","MeWno_1","MeWno_1__g1",4,"exp",255,1
"s57od4iz","M_exp_W_no","portfolio_2026-09-14.csv","MeWno_1","MeWno_1__g1",4,"exp",100,-1
"sem2q323","M_exp_W_no","portfolio_2026-09-14.csv","MeWno_1","MeWno_1__g1",4,"exp",270,1
"pmhhauc6","M_exp_W_no","portfolio_2026-09-14.csv","MeWno_1","MeWno_1__g1",4,"exp",250,0
"bc7n6071","M_exp_W_no","portfolio_2026-09-14.csv","MeWno_1","MeWno_1__g2",4,"exp",100,-1
"j2qhej8d","M_exp_W_no","portfolio_2026-09-14.csv","MeWno_1","MeWno_1__g2",4,"exp",401,1
"nt0omp7o","M_exp_W_no","portfolio_2026-09-14.csv","MeWno_1","MeWno_1__g2",4,"exp",350,-1
"3vy48gux","M_exp_W_no","portfolio_2026-09-14.csv","MeWno_1","MeWno_1__g2",4,"exp",452,1
"zzkx5xsm","M_exp_W_no","portfolio_2026-09-14.csv","MeWno_1","MeWno_1__g2",4,"exp",350,0
"qd0f31id","M_exp_W_no","portfolio_2026-09-14.csv","MeWno_1","MeWno_1__g3",4,"exp",312,1
"gllc2565","M_exp_W_no","portfolio_2026-09-14.csv","MeWno_1","MeWno_1__g3",4,"exp",310,0
"k6q3olvt","M_exp_W_no","portfolio_2026-09-14.csv","MeWno_1","MeWno_1__g3",4,"exp",310,-1
"h7g9h66e","M_exp_W_no","portfolio_2026-09-14.csv","MeWno_1","MeWno_1__g3",4,"exp",320,1
"ch700ni6","M_exp_W_no","portfolio_2026-09-14.csv","MeWno_1","MeWno_1__g3",4,"exp",120,-1
"5doee2qb","M_exp_W_no","portfolio_2026-09-14.csv","MeWno_1","MeWno_1__g4",4,"exp",280,1
"fjk39fjv","M_exp_W_no","portfolio_2026-09-14.csv","MeWno_1","MeWno_1__g4",4,"exp",220,0
"uv9wmkop","M_exp_W_no","portfolio_2026-09-14.csv","MeWno_1","MeWno_1__g4",4,"exp",200,-1
"tdb9pvu4","M_exp_W_no","portfolio_2026-09-14.csv","MeWno_1","MeWno_1__g4",4,"exp",120,-1
"vlzegfsh","M_exp_W_no","portfolio_2026-09-14.csv","MeWno_1","MeWno_1__g4",4,"exp",251,1
"vijmhlvg","M_exp_W_no","portfolio_2026-09-14.csv","MeWno_1","MeWno_1__g5",4,"exp",374,1
"8e240a8t","M_exp_W_no","portfolio_2026-09-14.csv","MeWno_1","MeWno_1__g5",4,"exp",370,0
"djq10sre","M_exp_W_no","portfolio_2026-09-14.csv","MeWno_1","MeWno_1__g5",4,"exp",118,-1
"1rm0kasi","M_exp_W_no","portfolio_2026-09-14.csv","MeWno_1","MeWno_1__g5",4,"exp",350,-1
"5ddpdjuo","M_exp_W_no","portfolio_2026-09-14.csv","MeWno_1","MeWno_1__g5",4,"exp",375,1
"2vm7punw","M_exp_W_no","portfolio_2026-09-14.csv","MeWno_1","MeWno_1__g1",5,"exp",200,-1
"wfmrxna9","M_exp_W_no","portfolio_2026-09-14.csv","MeWno_1","MeWno_1__g1",5,"exp",255,1
"s57od4iz","M_exp_W_no","portfolio_2026-09-14.csv","MeWno_1","MeWno_1__g1",5,"exp",130,-1
"sem2q323","M_exp_W_no","portfolio_2026-09-14.csv","MeWno_1","MeWno_1__g1",5,"exp",260,1
"pmhhauc6","M_exp_W_no","portfolio_2026-09-14.csv","MeWno_1","MeWno_1__g1",5,"exp",240,0
"bc7n6071","M_exp_W_no","portfolio_2026-09-14.csv","MeWno_1","MeWno_1__g2",5,"exp",500,1
"j2qhej8d","M_exp_W_no","portfolio_2026-09-14.csv","MeWno_1","MeWno_1__g2",5,"exp",401,0
"nt0omp7o","M_exp_W_no","portfolio_2026-09-14.csv","MeWno_1","MeWno_1__g2",5,"exp",360,-1
"3vy48gux","M_exp_W_no","portfolio_2026-09-14.csv","MeWno_1","MeWno_1__g2",5,"exp",460,1
"zzkx5xsm","M_exp_W_no","portfolio_2026-09-14.csv","MeWno_1","MeWno_1__g2",5,"exp",375,-1
"qd0f31id","M_exp_W_no","portfolio_2026-09-14.csv","MeWno_1","MeWno_1__g3",5,"exp",315,1
"gllc2565","M_exp_W_no","portfolio_2026-09-14.csv","MeWno_1","MeWno_1__g3",5,"exp",315,1
"k6q3olvt","M_exp_W_no","portfolio_2026-09-14.csv","MeWno_1","MeWno_1__g3",5,"exp",310,0
"h7g9h66e","M_exp_W_no","portfolio_2026-09-14.csv","MeWno_1","MeWno_1__g3",5,"exp",308,-1
"ch700ni6","M_exp_W_no","portfolio_2026-09-14.csv","MeWno_1","MeWno_1__g3",5,"exp",120,-1
"5doee2qb","M_exp_W_no","portfolio_2026-09-14.csv","MeWno_1","MeWno_1__g4",5,"exp",250,1
"fjk39fjv","M_exp_W_no","portfolio_2026-09-14.csv","MeWno_1","MeWno_1__g4",5,"exp",200,0
"uv9wmkop","M_exp_W_no","portfolio_2026-09-14.csv","MeWno_1","MeWno_1__g4",5,"exp",200,-1
"tdb9pvu4","M_exp_W_no","portfolio_2026-09-14.csv","MeWno_1","MeWno_1__g4",5,"exp",125,-1
"vlzegfsh","M_exp_W_no","portfolio_2026-09-14.csv","MeWno_1","MeWno_1__g4",5,"exp",255,1
"vijmhlvg","M_exp_W_no","portfolio_2026-09-14.csv","MeWno_1","MeWno_1__g5",5,"exp",368,0
"8e240a8t","M_exp_W_no","portfolio_2026-09-14.csv","MeWno_1","MeWno_1__g5",5,"exp",250,-1
"djq10sre","M_exp_W_no","portfolio_2026-09-14.csv","MeWno_1","MeWno_1__g5",5,"exp",118,-1
"1rm0kasi","M_exp_W_no","portfolio_2026-09-14.csv","MeWno_1","MeWno_1__g5",5,"exp",372,1
"5ddpdjuo","M_exp_W_no","portfolio_2026-09-14.csv","MeWno_1","MeWno_1__g5",5,"exp",371,1
"2vm7punw","M_exp_W_no","portfolio_2026-09-14.csv","MeWno_1","MeWno_1__g1",6,"exp",10,-1
"wfmrxna9","M_exp_W_no","portfolio_2026-09-14.csv","MeWno_1","MeWno_1__g1",6,"exp",255,1
"s57od4iz","M_exp_W_no","portfolio_2026-09-14.csv","MeWno_1","MeWno_1__g1",6,"exp",240,0
"sem2q323","M_exp_W_no","portfolio_2026-09-14.csv","MeWno_1","MeWno_1__g1",6,"exp",230,-1
"pmhhauc6","M_exp_W_no","portfolio_2026-09-14.csv","MeWno_1","MeWno_1__g1",6,"exp",260,1
"bc7n6071","M_exp_W_no","portfolio_2026-09-14.csv","MeWno_1","MeWno_1__g2",6,"exp",100,-1
"j2qhej8d","M_exp_W_no","portfolio_2026-09-14.csv","MeWno_1","MeWno_1__g2",6,"exp",467,1
"nt0omp7o","M_exp_W_no","portfolio_2026-09-14.csv","MeWno_1","MeWno_1__g2",6,"exp",370,-1
"3vy48gux","M_exp_W_no","portfolio_2026-09-14.csv","MeWno_1","MeWno_1__g2",6,"exp",470,1
"zzkx5xsm","M_exp_W_no","portfolio_2026-09-14.csv","MeWno_1","MeWno_1__g2",6,"exp",400,0
"qd0f31id","M_exp_W_no","portfolio_2026-09-14.csv","MeWno_1","MeWno_1__g3",6,"exp",310,0
"gllc2565","M_exp_W_no","portfolio_2026-09-14.csv","MeWno_1","MeWno_1__g3",6,"exp",312,1
"k6q3olvt","M_exp_W_no","portfolio_2026-09-14.csv","MeWno_1","MeWno_1__g3",6,"exp",300,-1
"h7g9h66e","M_exp_W_no","portfolio_2026-09-14.csv","MeWno_1","MeWno_1__g3",6,"exp",310,1
"ch700ni6","M_exp_W_no","portfolio_2026-09-14.csv","MeWno_1","MeWno_1__g3",6,"exp",120,-1
"5doee2qb","M_exp_W_no","portfolio_2026-09-14.csv","MeWno_1","MeWno_1__g4",6,"exp",200,0
"fjk39fjv","M_exp_W_no","portfolio_2026-09-14.csv","MeWno_1","MeWno_1__g4",6,"exp",170,-1
"uv9wmkop","M_exp_W_no","portfolio_2026-09-14.csv","MeWno_1","MeWno_1__g4",6,"exp",201,1
"tdb9pvu4","M_exp_W_no","portfolio_2026-09-14.csv","MeWno_1","MeWno_1__g4",6,"exp",125,-1
"vlzegfsh","M_exp_W_no","portfolio_2026-09-14.csv","MeWno_1","MeWno_1__g4",6,"exp",201,1
"vijmhlvg","M_exp_W_no","portfolio_2026-09-14.csv","MeWno_1","MeWno_1__g5",6,"exp",369,1
"8e240a8t","M_exp_W_no","portfolio_2026-09-14.csv","MeWno_1","MeWno_1__g5",6,"exp",200,-1
"djq10sre","M_exp_W_no","portfolio_2026-09-14.csv","MeWno_1","MeWno_1__g5",6,"exp",118,-1
"1rm0kasi","M_exp_W_no","portfolio_2026-09-14.csv","MeWno_1","MeWno_1__g5",6,"exp",364,0
"5ddpdjuo","M_exp_W_no","portfolio_2026-09-14.csv","MeWno_1","MeWno_1__g5",6,"exp",370,1
"2vm7punw","M_exp_W_no","portfolio_2026-09-14.csv","MeWno_1","MeWno_1__g1",7,"exp",10,-1
"wfmrxna9","M_exp_W_no","portfolio_2026-09-14.csv","MeWno_1","MeWno_1__g1",7,"exp",230,-1
"s57od4iz","M_exp_W_no","portfolio_2026-09-14.csv","MeWno_1","MeWno_1__g1",7,"exp",230,0
"sem2q323","M_exp_W_no","portfolio_2026-09-14.csv","MeWno_1","MeWno_1__g1",7,"exp",245,1
"pmhhauc6","M_exp_W_no","portfolio_2026-09-14.csv","MeWno_1","MeWno_1__g1",7,"exp",260,1
"bc7n6071","M_exp_W_no","portfolio_2026-09-14.csv","MeWno_1","MeWno_1__g2",7,"exp",100,-1
"j2qhej8d","M_exp_W_no","portfolio_2026-09-14.csv","MeWno_1","MeWno_1__g2",7,"exp",411,1
"nt0omp7o","M_exp_W_no","portfolio_2026-09-14.csv","MeWno_1","MeWno_1__g2",7,"exp",399,-1
"3vy48gux","M_exp_W_no","portfolio_2026-09-14.csv","MeWno_1","MeWno_1__g2",7,"exp",475,1
"zzkx5xsm","M_exp_W_no","portfolio_2026-09-14.csv","MeWno_1","MeWno_1__g2",7,"exp",410,0
"qd0f31id","M_exp_W_no","portfolio_2026-09-14.csv","MeWno_1","MeWno_1__g3",7,"exp",310,1
"gllc2565","M_exp_W_no","portfolio_2026-09-14.csv","MeWno_1","MeWno_1__g3",7,"exp",311,1
"k6q3olvt","M_exp_W_no","portfolio_2026-09-14.csv","MeWno_1","MeWno_1__g3",7,"exp",310,0
"h7g9h66e","M_exp_W_no","portfolio_2026-09-14.csv","MeWno_1","MeWno_1__g3",7,"exp",310,-1
"ch700ni6","M_exp_W_no","portfolio_2026-09-14.csv","MeWno_1","MeWno_1__g3",7,"exp",120,-1
"5doee2qb","M_exp_W_no","portfolio_2026-09-14.csv","MeWno_1","MeWno_1__g4",7,"exp",210,1
"fjk39fjv","M_exp_W_no","portfolio_2026-09-14.csv","MeWno_1","MeWno_1__g4",7,"exp",175,-1
"uv9wmkop","M_exp_W_no","portfolio_2026-09-14.csv","MeWno_1","MeWno_1__g4",7,"exp",201,0
"tdb9pvu4","M_exp_W_no","portfolio_2026-09-14.csv","MeWno_1","MeWno_1__g4",7,"exp",125,-1
"vlzegfsh","M_exp_W_no","portfolio_2026-09-14.csv","MeWno_1","MeWno_1__g4",7,"exp",215,1
"vijmhlvg","M_exp_W_no","portfolio_2026-09-14.csv","MeWno_1","MeWno_1__g5",7,"exp",369,1
"8e240a8t","M_exp_W_no","portfolio_2026-09-14.csv","MeWno_1","MeWno_1__g5",7,"exp",260,-1
"djq10sre","M_exp_W_no","portfolio_2026-09-14.csv","MeWno_1","MeWno_1__g5",7,"exp",118,-1
"1rm0kasi","M_exp_W_no","portfolio_2026-09-14.csv","MeWno_1","MeWno_1__g5",7,"exp",367,0
"5ddpdjuo","M_exp_W_no","portfolio_2026-09-14.csv","MeWno_1","MeWno_1__g5",7,"exp",367,1
"2vm7punw","M_exp_W_no","portfolio_2026-09-14.csv","MeWno_1","MeWno_1__g1",8,"exp",10,-1
"wfmrxna9","M_exp_W_no","portfolio_2026-09-14.csv","MeWno_1","MeWno_1__g1",8,"exp",230,0
"s57od4iz","M_exp_W_no","portfolio_2026-09-14.csv","MeWno_1","MeWno_1__g1",8,"exp",220,-1
"sem2q323","M_exp_W_no","portfolio_2026-09-14.csv","MeWno_1","MeWno_1__g1",8,"exp",230,1
"pmhhauc6","M_exp_W_no","portfolio_2026-09-14.csv","MeWno_1","MeWno_1__g1",8,"exp",240,1
"bc7n6071","M_exp_W_no","portfolio_2026-09-14.csv","MeWno_1","MeWno_1__g2",8,"exp",500,1
"j2qhej8d","M_exp_W_no","portfolio_2026-09-14.csv","MeWno_1","MeWno_1__g2",8,"exp",421,0
"nt0omp7o","M_exp_W_no","portfolio_2026-09-14.csv","MeWno_1","MeWno_1__g2",8,"exp",400,-1
"3vy48gux","M_exp_W_no","portfolio_2026-09-14.csv","MeWno_1","MeWno_1__g2",8,"exp",470,1
"zzkx5xsm","M_exp_W_no","portfolio_2026-09-14.csv","MeWno_1","MeWno_1__g2",8,"exp",411,-1
"qd0f31id","M_exp_W_no","portfolio_2026-09-14.csv","MeWno_1","MeWno_1__g3",8,"exp",310,0
"gllc2565","M_exp_W_no","portfolio_2026-09-14.csv","MeWno_1","MeWno_1__g3",8,"exp",310,1
"k6q3olvt","M_exp_W_no","portfolio_2026-09-14.csv","MeWno_1","MeWno_1__g3",8,"exp",315,1
"h7g9h66e","M_exp_W_no","portfolio_2026-09-14.csv","MeWno_1","MeWno_1__g3",8,"exp",305,-1
"ch700ni6","M_exp_W_no","portfolio_2026-09-14.csv","MeWno_1","MeWno_1__g3",8,"exp",120,-1
"5doee2qb","M_exp_W_no","portfolio_2026-09-14.csv","MeWno_1","MeWno_1__g4",8,"exp",210,1
"fjk39fjv","M_exp_W_no","portfolio_2026-09-14.csv","MeWno_1","MeWno_1__g4",8,"exp",170,-1
"uv9wmkop","M_exp_W_no","portfolio_2026-09-14.csv","MeWno_1","MeWno_1__g4",8,"exp",203,0
"tdb9pvu4","M_exp_W_no","portfolio_2026-09-14.csv","MeWno_1","MeWno_1__g4",8,"exp",125,-1
"vlzegfsh","M_exp_W_no","portfolio_2026-09-14.csv","MeWno_1","MeWno_1__g4",8,"exp",205,1
"vijmhlvg","M_exp_W_no","portfolio_2026-09-14.csv","MeWno_1","MeWno_1__g5",8,"exp",369,1
"8e240a8t","M_exp_W_no","portfolio_2026-09-14.csv","MeWno_1","MeWno_1__g5",8,"exp",270,-1
"djq10sre","M_exp_W_no","portfolio_2026-09-14.csv","MeWno_1","MeWno_1__g5",8,"exp",118,-1
"1rm0kasi","M_exp_W_no","portfolio_2026-09-14.csv","MeWno_1","MeWno_1__g5",8,"exp",364,0
"5ddpdjuo","M_exp_W_no","portfolio_2026-09-14.csv","MeWno_1","MeWno_1__g5",8,"exp",369,1
"2vm7punw","M_exp_W_no","portfolio_2026-09-14.csv","MeWno_1","MeWno_1__g1",9,"exp",10,-1
"wfmrxna9","M_exp_W_no","portfolio_2026-09-14.csv","MeWno_1","MeWno_1__g1",9,"exp",230,0
"s57od4iz","M_exp_W_no","portfolio_2026-09-14.csv","MeWno_1","MeWno_1__g1",9,"exp",231,1
"sem2q323","M_exp_W_no","portfolio_2026-09-14.csv","MeWno_1","MeWno_1__g1",9,"exp",230,1
"pmhhauc6","M_exp_W_no","portfolio_2026-09-14.csv","MeWno_1","MeWno_1__g1",9,"exp",225,-1
"bc7n6071","M_exp_W_no","portfolio_2026-09-14.csv","MeWno_1","MeWno_1__g2",9,"exp",200,-1
"j2qhej8d","M_exp_W_no","portfolio_2026-09-14.csv","MeWno_1","MeWno_1__g2",9,"exp",416,1
"nt0omp7o","M_exp_W_no","portfolio_2026-09-14.csv","MeWno_1","MeWno_1__g2",9,"exp",410,0
"3vy48gux","M_exp_W_no","portfolio_2026-09-14.csv","MeWno_1","MeWno_1__g2",9,"exp",450,1
"zzkx5xsm","M_exp_W_no","portfolio_2026-09-14.csv","MeWno_1","MeWno_1__g2",9,"exp",400,-1
"qd0f31id","M_exp_W_no","portfolio_2026-09-14.csv","MeWno_1","MeWno_1__g3",9,"exp",310,0
"gllc2565","M_exp_W_no","portfolio_2026-09-14.csv","MeWno_1","MeWno_1__g3",9,"exp",309,-1
"k6q3olvt","M_exp_W_no","portfolio_2026-09-14.csv","MeWno_1","MeWno_1__g3",9,"exp",318,1
"h7g9h66e","M_exp_W_no","portfolio_2026-09-14.csv","MeWno_1","MeWno_1__g3",9,"exp",320,1
"ch700ni6","M_exp_W_no","portfolio_2026-09-14.csv","MeWno_1","MeWno_1__g3",9,"exp",120,-1
"5doee2qb","M_exp_W_no","portfolio_2026-09-14.csv","MeWno_1","MeWno_1__g4",9,"exp",205,0
"fjk39fjv","M_exp_W_no","portfolio_2026-09-14.csv","MeWno_1","MeWno_1__g4",9,"exp",180,-1
"uv9wmkop","M_exp_W_no","portfolio_2026-09-14.csv","MeWno_1","MeWno_1__g4",9,"exp",205,1
"tdb9pvu4","M_exp_W_no","portfolio_2026-09-14.csv","MeWno_1","MeWno_1__g4",9,"exp",125,-1
"vlzegfsh","M_exp_W_no","portfolio_2026-09-14.csv","MeWno_1","MeWno_1__g4",9,"exp",215,1
"vijmhlvg","M_exp_W_no","portfolio_2026-09-14.csv","MeWno_1","MeWno_1__g5",9,"exp",369,1
"8e240a8t","M_exp_W_no","portfolio_2026-09-14.csv","MeWno_1","MeWno_1__g5",9,"exp",290,-1
"djq10sre","M_exp_W_no","portfolio_2026-09-14.csv","MeWno_1","MeWno_1__g5",9,"exp",118,-1
"1rm0kasi","M_exp_W_no","portfolio_2026-09-14.csv","MeWno_1","MeWno_1__g5",9,"exp",362,0
"5ddpdjuo","M_exp_W_no","portfolio_2026-09-14.csv","MeWno_1","MeWno_1__g5",9,"exp",367,1
"2vm7punw","M_exp_W_no","portfolio_2026-09-14.csv","MeWno_1","MeWno_1__g1",10,"exp",10,-1
"wfmrxna9","M_exp_W_no","portfolio_2026-09-14.csv","MeWno_1","MeWno_1__g1",10,"exp",230,1
"s57od4iz","M_exp_W_no","portfolio_2026-09-14.csv","MeWno_1","MeWno_1__g1",10,"exp",229,0
"sem2q323","M_exp_W_no","portfolio_2026-09-14.csv","MeWno_1","MeWno_1__g1",10,"exp",599,1
"pmhhauc6","M_exp_W_no","portfolio_2026-09-14.csv","MeWno_1","MeWno_1__g1",10,"exp",225,-1
"bc7n6071","M_exp_W_no","portfolio_2026-09-14.csv","MeWno_1","MeWno_1__g2",10,"exp",100,-1
"j2qhej8d","M_exp_W_no","portfolio_2026-09-14.csv","MeWno_1","MeWno_1__g2",10,"exp",421,1
"nt0omp7o","M_exp_W_no","portfolio_2026-09-14.csv","MeWno_1","MeWno_1__g2",10,"exp",400,0
"3vy48gux","M_exp_W_no","portfolio_2026-09-14.csv","MeWno_1","MeWno_1__g2",10,"exp",400,1
"zzkx5xsm","M_exp_W_no","portfolio_2026-09-14.csv","MeWno_1","MeWno_1__g2",10,"exp",300,-1
"qd0f31id","M_exp_W_no","portfolio_2026-09-14.csv","MeWno_1","MeWno_1__g3",10,"exp",310,0
"gllc2565","M_exp_W_no","portfolio_2026-09-14.csv","MeWno_1","MeWno_1__g3",10,"exp",310,-1
"k6q3olvt","M_exp_W_no","portfolio_2026-09-14.csv","MeWno_1","MeWno_1__g3",10,"exp",320,1
"h7g9h66e","M_exp_W_no","portfolio_2026-09-14.csv","MeWno_1","MeWno_1__g3",10,"exp",312,1
"ch700ni6","M_exp_W_no","portfolio_2026-09-14.csv","MeWno_1","MeWno_1__g3",10,"exp",125,-1
"5doee2qb","M_exp_W_no","portfolio_2026-09-14.csv","MeWno_1","MeWno_1__g4",10,"exp",220,1
"fjk39fjv","M_exp_W_no","portfolio_2026-09-14.csv","MeWno_1","MeWno_1__g4",10,"exp",190,-1
"uv9wmkop","M_exp_W_no","portfolio_2026-09-14.csv","MeWno_1","MeWno_1__g4",10,"exp",206,0
"tdb9pvu4","M_exp_W_no","portfolio_2026-09-14.csv","MeWno_1","MeWno_1__g4",10,"exp",125,-1
"vlzegfsh","M_exp_W_no","portfolio_2026-09-14.csv","MeWno_1","MeWno_1__g4",10,"exp",225,1
"vijmhlvg","M_exp_W_no","portfolio_2026-09-14.csv","MeWno_1","MeWno_1__g5",10,"exp",365,1
"8e240a8t","M_exp_W_no","portfolio_2026-09-14.csv","MeWno_1","MeWno_1__g5",10,"exp",296,-1
"djq10sre","M_exp_W_no","portfolio_2026-09-14.csv","MeWno_1","MeWno_1__g5",10,"exp",118,-1
"1rm0kasi","M_exp_W_no","portfolio_2026-09-14.csv","MeWno_1","MeWno_1__g5",10,"exp",350,0
"5ddpdjuo","M_exp_W_no","portfolio_2026-09-14.csv","MeWno_1","MeWno_1__g5",10,"exp",364,1
"cfn8fv6w","M_exp_W_no","portfolio_2026-09-14.csv","MeWno_2","MeWno_2__g1",1,"exp",80,-1
"a1q00v4p","M_exp_W_no","portfolio_2026-09-14.csv","MeWno_2","MeWno_2__g1",1,"exp",20,-1
"rucumqi6","M_exp_W_no","portfolio_2026-09-14.csv","MeWno_2","MeWno_2__g1",1,"exp",450,1
"lbzqe7lh","M_exp_W_no","portfolio_2026-09-14.csv","MeWno_2","MeWno_2__g1",1,"exp",200,0
"i42igenv","M_exp_W_no","portfolio_2026-09-14.csv","MeWno_2","MeWno_2__g1",1,"exp",375,1
"2nkc141x","M_exp_W_no","portfolio_2026-09-14.csv","MeWno_2","MeWno_2__g2",1,"exp",400,1
"oqud1wxk","M_exp_W_no","portfolio_2026-09-14.csv","MeWno_2","MeWno_2__g2",1,"exp",60,-1
"a6q31ex7","M_exp_W_no","portfolio_2026-09-14.csv","MeWno_2","MeWno_2__g2",1,"exp",400,1
"o60mnzij","M_exp_W_no","portfolio_2026-09-14.csv","MeWno_2","MeWno_2__g2",1,"exp",300,0
"bnt5i99k","M_exp_W_no","portfolio_2026-09-14.csv","MeWno_2","MeWno_2__g2",1,"exp",1,-1
"zrywj9fx","M_exp_W_no","portfolio_2026-09-14.csv","MeWno_2","MeWno_2__g3",1,"exp",200,-1
"i44g0thi","M_exp_W_no","portfolio_2026-09-14.csv","MeWno_2","MeWno_2__g3",1,"exp",300,1
"s9ryf5kv","M_exp_W_no","portfolio_2026-09-14.csv","MeWno_2","MeWno_2__g3",1,"exp",350,1
"oe31za5u","M_exp_W_no","portfolio_2026-09-14.csv","MeWno_2","MeWno_2__g3",1,"exp",300,0
"v86y9zyn","M_exp_W_no","portfolio_2026-09-14.csv","MeWno_2","MeWno_2__g3",1,"exp",120,-1
"3p6ks3hb","M_exp_W_no","portfolio_2026-09-14.csv","MeWno_2","MeWno_2__g4",1,"exp",400,1
"y5kgtmfb","M_exp_W_no","portfolio_2026-09-14.csv","MeWno_2","MeWno_2__g4",1,"exp",100,-1
"ebzeqzcf","M_exp_W_no","portfolio_2026-09-14.csv","MeWno_2","MeWno_2__g4",1,"exp",300,0
"pb6d6kev","M_exp_W_no","portfolio_2026-09-14.csv","MeWno_2","MeWno_2__g4",1,"exp",200,-1
"m8xnbw73","M_exp_W_no","portfolio_2026-09-14.csv","MeWno_2","MeWno_2__g4",1,"exp",450,1
"an9ihpoe","M_exp_W_no","portfolio_2026-09-14.csv","MeWno_2","MeWno_2__g5",1,"exp",79,-1
"rbyuqaqn","M_exp_W_no","portfolio_2026-09-14.csv","MeWno_2","MeWno_2__g5",1,"exp",350,1
"3pb269ab","M_exp_W_no","portfolio_2026-09-14.csv","MeWno_2","MeWno_2__g5",1,"exp",290,0
"ewpd3m8q","M_exp_W_no","portfolio_2026-09-14.csv","MeWno_2","MeWno_2__g5",1,"exp",500,1
"0tv7bd9u","M_exp_W_no","portfolio_2026-09-14.csv","MeWno_2","MeWno_2__g5",1,"exp",144,-1
"cfn8fv6w","M_exp_W_no","portfolio_2026-09-14.csv","MeWno_2","MeWno_2__g1",2,"exp",150,-1
"a1q00v4p","M_exp_W_no","portfolio_2026-09-14.csv","MeWno_2","MeWno_2__g1",2,"exp",50,-1
"rucumqi6","M_exp_W_no","portfolio_2026-09-14.csv","MeWno_2","MeWno_2__g1",2,"exp",250,1
"lbzqe7lh","M_exp_W_no","portfolio_2026-09-14.csv","MeWno_2","MeWno_2__g1",2,"exp",200,0
"i42igenv","M_exp_W_no","portfolio_2026-09-14.csv","MeWno_2","MeWno_2__g1",2,"exp",250,1
"2nkc141x","M_exp_W_no","portfolio_2026-09-14.csv","MeWno_2","MeWno_2__g2",2,"exp",400,1
"oqud1wxk","M_exp_W_no","portfolio_2026-09-14.csv","MeWno_2","MeWno_2__g2",2,"exp",350,0
"a6q31ex7","M_exp_W_no","portfolio_2026-09-14.csv","MeWno_2","MeWno_2__g2",2,"exp",350,-1
"o60mnzij","M_exp_W_no","portfolio_2026-09-14.csv","MeWno_2","MeWno_2__g2",2,"exp",300,-1
"bnt5i99k","M_exp_W_no","portfolio_2026-09-14.csv","MeWno_2","MeWno_2__g2",2,"exp",500,1
"zrywj9fx","M_exp_W_no","portfolio_2026-09-14.csv","MeWno_2","MeWno_2__g3",2,"exp",250,-1
"i44g0thi","M_exp_W_no","portfolio_2026-09-14.csv","MeWno_2","MeWno_2__g3",2,"exp",400,1
"s9ryf5kv","M_exp_W_no","portfolio_2026-09-14.csv","MeWno_2","MeWno_2__g3",2,"exp",280,0
"oe31za5u","M_exp_W_no","portfolio_2026-09-14.csv","MeWno_2","MeWno_2__g3",2,"exp",350,1
"v86y9zyn","M_exp_W_no","portfolio_2026-09-14.csv","MeWno_2","MeWno_2__g3",2,"exp",275,-1
"3p6ks3hb","M_exp_W_no","portfolio_2026-09-14.csv","MeWno_2","MeWno_2__g4",2,"exp",350,0
"y5kgtmfb","M_exp_W_no","portfolio_2026-09-14.csv","MeWno_2","MeWno_2__g4",2,"exp",400,1
"ebzeqzcf","M_exp_W_no","portfolio_2026-09-14.csv","MeWno_2","MeWno_2__g4",2,"exp",350,-1
"pb6d6kev","M_exp_W_no","portfolio_2026-09-14.csv","MeWno_2","MeWno_2__g4",2,"exp",350,1
"m8xnbw73","M_exp_W_no","portfolio_2026-09-14.csv","MeWno_2","MeWno_2__g4",2,"exp",250,-1
"an9ihpoe","M_exp_W_no","portfolio_2026-09-14.csv","MeWno_2","MeWno_2__g5",2,"exp",400,1
"rbyuqaqn","M_exp_W_no","portfolio_2026-09-14.csv","MeWno_2","MeWno_2__g5",2,"exp",330,0
"3pb269ab","M_exp_W_no","portfolio_2026-09-14.csv","MeWno_2","MeWno_2__g5",2,"exp",290,-1
"ewpd3m8q","M_exp_W_no","portfolio_2026-09-14.csv","MeWno_2","MeWno_2__g5",2,"exp",400,1
"0tv7bd9u","M_exp_W_no","portfolio_2026-09-14.csv","MeWno_2","MeWno_2__g5",2,"exp",144,-1
"cfn8fv6w","M_exp_W_no","portfolio_2026-09-14.csv","MeWno_2","MeWno_2__g1",3,"exp",150,-1
"a1q00v4p","M_exp_W_no","portfolio_2026-09-14.csv","MeWno_2","MeWno_2__g1",3,"exp",100,-1
"rucumqi6","M_exp_W_no","portfolio_2026-09-14.csv","MeWno_2","MeWno_2__g1",3,"exp",199,1
"lbzqe7lh","M_exp_W_no","portfolio_2026-09-14.csv","MeWno_2","MeWno_2__g1",3,"exp",175,0
"i42igenv","M_exp_W_no","portfolio_2026-09-14.csv","MeWno_2","MeWno_2__g1",3,"exp",180,1
"2nkc141x","M_exp_W_no","portfolio_2026-09-14.csv","MeWno_2","MeWno_2__g2",3,"exp",350,-1
"oqud1wxk","M_exp_W_no","portfolio_2026-09-14.csv","MeWno_2","MeWno_2__g2",3,"exp",400,1
"a6q31ex7","M_exp_W_no","portfolio_2026-09-14.csv","MeWno_2","MeWno_2__g2",3,"exp",400,1
"o60mnzij","M_exp_W_no","portfolio_2026-09-14.csv","MeWno_2","MeWno_2__g2",3,"exp",400,0
"bnt5i99k","M_exp_W_no","portfolio_2026-09-14.csv","MeWno_2","MeWno_2__g2",3,"exp",300,-1
"zrywj9fx","M_exp_W_no","portfolio_2026-09-14.csv","MeWno_2","MeWno_2__g3",3,"exp",250,-1
"i44g0thi","M_exp_W_no","portfolio_2026-09-14.csv","MeWno_2","MeWno_2__g3",3,"exp",300,1
"s9ryf5kv","M_exp_W_no","portfolio_2026-09-14.csv","MeWno_2","MeWno_2__g3",3,"exp",250,-1
"oe31za5u","M_exp_W_no","portfolio_2026-09-14.csv","MeWno_2","MeWno_2__g3",3,"exp",295,1
"v86y9zyn","M_exp_W_no","portfolio_2026-09-14.csv","MeWno_2","MeWno_2__g3",3,"exp",275,0
"3p6ks3hb","M_exp_W_no","portfolio_2026-09-14.csv","MeWno_2","MeWno_2__g4",3,"exp",451,1
"y5kgtmfb","M_exp_W_no","portfolio_2026-09-14.csv","MeWno_2","MeWno_2__g4",3,"exp",340,0
"ebzeqzcf","M_exp_W_no","portfolio_2026-09-14.csv","MeWno_2","MeWno_2__g4",3,"exp",410,1
"pb6d6kev","M_exp_W_no","portfolio_2026-09-14.csv","MeWno_2","MeWno_2__g4",3,"exp",300,-1
"m8xnbw73","M_exp_W_no","portfolio_2026-09-14.csv","MeWno_2","MeWno_2__g4",3,"exp",180,-1
"an9ihpoe","M_exp_W_no","portfolio_2026-09-14.csv","MeWno_2","MeWno_2__g5",3,"exp",180,-1
"rbyuqaqn","M_exp_W_no","portfolio_2026-09-14.csv","MeWno_2","MeWno_2__g5",3,"exp",400,1
"3pb269ab","M_exp_W_no","portfolio_2026-09-14.csv","MeWno_2","MeWno_2__g5",3,"exp",350,0
"ewpd3m8q","M_exp_W_no","portfolio_2026-09-14.csv","MeWno_2","MeWno_2__g5",3,"exp",450,1
"0tv7bd9u","M_exp_W_no","portfolio_2026-09-14.csv","MeWno_2","MeWno_2__g5",3,"exp",160,-1
"cfn8fv6w","M_exp_W_no","portfolio_2026-09-14.csv","MeWno_2","MeWno_2__g1",4,"exp",175,1
"a1q00v4p","M_exp_W_no","portfolio_2026-09-14.csv","MeWno_2","MeWno_2__g1",4,"exp",75,-1
"rucumqi6","M_exp_W_no","portfolio_2026-09-14.csv","MeWno_2","MeWno_2__g1",4,"exp",160,1
"lbzqe7lh","M_exp_W_no","portfolio_2026-09-14.csv","MeWno_2","MeWno_2__g1",4,"exp",150,0
"i42igenv","M_exp_W_no","portfolio_2026-09-14.csv","MeWno_2","MeWno_2__g1",4,"exp",100,-1
"2nkc141x","M_exp_W_no","portfolio_2026-09-14.csv","MeWno_2","MeWno_2__g2",4,"exp",350,-1
"oqud1wxk","M_exp_W_no","portfolio_2026-09-14.csv","MeWno_2","MeWno_2__g2",4,"exp",350,0
"a6q31ex7","M_exp_W_no","portfolio_2026-09-14.csv","MeWno_2","MeWno_2__g2",4,"exp",450,1
"o60mnzij","M_exp_W_no","portfolio_2026-09-14.csv","MeWno_2","MeWno_2__g2",4,"exp",400,1
"bnt5i99k","M_exp_W_no","portfolio_2026-09-14.csv","MeWno_2","MeWno_2__g2",4,"exp",300,-1
"zrywj9fx","M_exp_W_no","portfolio_2026-09-14.csv","MeWno_2","MeWno_2__g3",4,"exp",270,0
"i44g0thi","M_exp_W_no","portfolio_2026-09-14.csv","MeWno_2","MeWno_2__g3",4,"exp",400,1
"s9ryf5kv","M_exp_W_no","portfolio_2026-09-14.csv","MeWno_2","MeWno_2__g3",4,"exp",270,-1
"oe31za5u","M_exp_W_no","portfolio_2026-09-14.csv","MeWno_2","MeWno_2__g3",4,"exp",290,1
"v86y9zyn","M_exp_W_no","portfolio_2026-09-14.csv","MeWno_2","MeWno_2__g3",4,"exp",250,-1
"3p6ks3hb","M_exp_W_no","portfolio_2026-09-14.csv","MeWno_2","MeWno_2__g4",4,"exp",411,1
"y5kgtmfb","M_exp_W_no","portfolio_2026-09-14.csv","MeWno_2","MeWno_2__g4",4,"exp",300,-1
"ebzeqzcf","M_exp_W_no","portfolio_2026-09-14.csv","MeWno_2","MeWno_2__g4",4,"exp",370,0
"pb6d6kev","M_exp_W_no","portfolio_2026-09-14.csv","MeWno_2","MeWno_2__g4",4,"exp",400,1
"m8xnbw73","M_exp_W_no","portfolio_2026-09-14.csv","MeWno_2","MeWno_2__g4",4,"exp",300,-1
"an9ihpoe","M_exp_W_no","portfolio_2026-09-14.csv","MeWno_2","MeWno_2__g5",4,"exp",280,-1
"rbyuqaqn","M_exp_W_no","portfolio_2026-09-14.csv","MeWno_2","MeWno_2__g5",4,"exp",380,0
"3pb269ab","M_exp_W_no","portfolio_2026-09-14.csv","MeWno_2","MeWno_2__g5",4,"exp",385,1
"ewpd3m8q","M_exp_W_no","portfolio_2026-09-14.csv","MeWno_2","MeWno_2__g5",4,"exp",450,1
"0tv7bd9u","M_exp_W_no","portfolio_2026-09-14.csv","MeWno_2","MeWno_2__g5",4,"exp",120,-1
"cfn8fv6w","M_exp_W_no","portfolio_2026-09-14.csv","MeWno_2","MeWno_2__g1",5,"exp",100,-1
"a1q00v4p","M_exp_W_no","portfolio_2026-09-14.csv","MeWno_2","MeWno_2__g1",5,"exp",75,-1
"rucumqi6","M_exp_W_no","portfolio_2026-09-14.csv","MeWno_2","MeWno_2__g1",5,"exp",125,1
"lbzqe7lh","M_exp_W_no","portfolio_2026-09-14.csv","MeWno_2","MeWno_2__g1",5,"exp",100,0
"i42igenv","M_exp_W_no","portfolio_2026-09-14.csv","MeWno_2","MeWno_2__g1",5,"exp",120,1
"2nkc141x","M_exp_W_no","portfolio_2026-09-14.csv","MeWno_2","MeWno_2__g2",5,"exp",350,1
"oqud1wxk","M_exp_W_no","portfolio_2026-09-14.csv","MeWno_2","MeWno_2__g2",5,"exp",400,1
"a6q31ex7","M_exp_W_no","portfolio_2026-09-14.csv","MeWno_2","MeWno_2__g2",5,"exp",200,0
"o60mnzij","M_exp_W_no","portfolio_2026-09-14.csv","MeWno_2","MeWno_2__g2",5,"exp",200,-1
"bnt5i99k","M_exp_W_no","portfolio_2026-09-14.csv","MeWno_2","MeWno_2__g2",5,"exp",200,-1
"zrywj9fx","M_exp_W_no","portfolio_2026-09-14.csv","MeWno_2","MeWno_2__g3",5,"exp",265,-1
"i44g0thi","M_exp_W_no","portfolio_2026-09-14.csv","MeWno_2","MeWno_2__g3",5,"exp",320,1
"s9ryf5kv","M_exp_W_no","portfolio_2026-09-14.csv","MeWno_2","MeWno_2__g3",5,"exp",265,-1
"oe31za5u","M_exp_W_no","portfolio_2026-09-14.csv","MeWno_2","MeWno_2__g3",5,"exp",280,1
"v86y9zyn","M_exp_W_no","portfolio_2026-09-14.csv","MeWno_2","MeWno_2__g3",5,"exp",270,0
"3p6ks3hb","M_exp_W_no","portfolio_2026-09-14.csv","MeWno_2","MeWno_2__g4",5,"exp",399,0
"y5kgtmfb","M_exp_W_no","portfolio_2026-09-14.csv","MeWno_2","MeWno_2__g4",5,"exp",340,-1
"ebzeqzcf","M_exp_W_no","portfolio_2026-09-14.csv","MeWno_2","MeWno_2__g4",5,"exp",400,1
"pb6d6kev","M_exp_W_no","portfolio_2026-09-14.csv","MeWno_2","MeWno_2__g4",5,"exp",348,-1
"m8xnbw73","M_exp_W_no","portfolio_2026-09-14.csv","MeWno_2","MeWno_2__g4",5,"exp",400,1
"an9ihpoe","M_exp_W_no","portfolio_2026-09-14.csv","MeWno_2","MeWno_2__g5",5,"exp",350,-1
"rbyuqaqn","M_exp_W_no","portfolio_2026-09-14.csv","MeWno_2","MeWno_2__g5",5,"exp",450,1
"3pb269ab","M_exp_W_no","portfolio_2026-09-14.csv","MeWno_2","MeWno_2__g5",5,"exp",400,0
"ewpd3m8q","M_exp_W_no","portfolio_2026-09-14.csv","MeWno_2","MeWno_2__g5",5,"exp",450,1
"0tv7bd9u","M_exp_W_no","portfolio_2026-09-14.csv","MeWno_2","MeWno_2__g5",5,"exp",130,-1
"cfn8fv6w","M_exp_W_no","portfolio_2026-09-14.csv","MeWno_2","MeWno_2__g1",6,"exp",75,0
"a1q00v4p","M_exp_W_no","portfolio_2026-09-14.csv","MeWno_2","MeWno_2__g1",6,"exp",50,-1
"rucumqi6","M_exp_W_no","portfolio_2026-09-14.csv","MeWno_2","MeWno_2__g1",6,"exp",89,1
"lbzqe7lh","M_exp_W_no","portfolio_2026-09-14.csv","MeWno_2","MeWno_2__g1",6,"exp",44,-1
"i42igenv","M_exp_W_no","portfolio_2026-09-14.csv","MeWno_2","MeWno_2__g1",6,"exp",115,1
"2nkc141x","M_exp_W_no","portfolio_2026-09-14.csv","MeWno_2","MeWno_2__g2",6,"exp",300,0
"oqud1wxk","M_exp_W_no","portfolio_2026-09-14.csv","MeWno_2","MeWno_2__g2",6,"exp",175,-1
"a6q31ex7","M_exp_W_no","portfolio_2026-09-14.csv","MeWno_2","MeWno_2__g2",6,"exp",300,1
"o60mnzij","M_exp_W_no","portfolio_2026-09-14.csv","MeWno_2","MeWno_2__g2",6,"exp",450,1
"bnt5i99k","M_exp_W_no","portfolio_2026-09-14.csv","MeWno_2","MeWno_2__g2",6,"exp",1,-1
"zrywj9fx","M_exp_W_no","portfolio_2026-09-14.csv","MeWno_2","MeWno_2__g3",6,"exp",266,1
"i44g0thi","M_exp_W_no","portfolio_2026-09-14.csv","MeWno_2","MeWno_2__g3",6,"exp",250,-1
"s9ryf5kv","M_exp_W_no","portfolio_2026-09-14.csv","MeWno_2","MeWno_2__g3",6,"exp",265,0
"oe31za5u","M_exp_W_no","portfolio_2026-09-14.csv","MeWno_2","MeWno_2__g3",6,"exp",250,-1
"v86y9zyn","M_exp_W_no","portfolio_2026-09-14.csv","MeWno_2","MeWno_2__g3",6,"exp",300,1
"3p6ks3hb","M_exp_W_no","portfolio_2026-09-14.csv","MeWno_2","MeWno_2__g4",6,"exp",451,1
"y5kgtmfb","M_exp_W_no","portfolio_2026-09-14.csv","MeWno_2","MeWno_2__g4",6,"exp",380,1
"ebzeqzcf","M_exp_W_no","portfolio_2026-09-14.csv","MeWno_2","MeWno_2__g4",6,"exp",150,-1
"pb6d6kev","M_exp_W_no","portfolio_2026-09-14.csv","MeWno_2","MeWno_2__g4",6,"exp",348,0
"m8xnbw73","M_exp_W_no","portfolio_2026-09-14.csv","MeWno_2","MeWno_2__g4",6,"exp",200,-1
"an9ihpoe","M_exp_W_no","portfolio_2026-09-14.csv","MeWno_2","MeWno_2__g5",6,"exp",400,-1
"rbyuqaqn","M_exp_W_no","portfolio_2026-09-14.csv","MeWno_2","MeWno_2__g5",6,"exp",440,1
"3pb269ab","M_exp_W_no","portfolio_2026-09-14.csv","MeWno_2","MeWno_2__g5",6,"exp",420,0
"ewpd3m8q","M_exp_W_no","portfolio_2026-09-14.csv","MeWno_2","MeWno_2__g5",6,"exp",450,1
"0tv7bd9u","M_exp_W_no","portfolio_2026-09-14.csv","MeWno_2","MeWno_2__g5",6,"exp",125,-1
"cfn8fv6w","M_exp_W_no","portfolio_2026-09-14.csv","MeWno_2","MeWno_2__g1",7,"exp",75,-1
"a1q00v4p","M_exp_W_no","portfolio_2026-09-14.csv","MeWno_2","MeWno_2__g1",7,"exp",500,1
"rucumqi6","M_exp_W_no","portfolio_2026-09-14.csv","MeWno_2","MeWno_2__g1",7,"exp",200,1
"lbzqe7lh","M_exp_W_no","portfolio_2026-09-14.csv","MeWno_2","MeWno_2__g1",7,"exp",55,-1
"i42igenv","M_exp_W_no","portfolio_2026-09-14.csv","MeWno_2","MeWno_2__g1",7,"exp",75,0
"2nkc141x","M_exp_W_no","portfolio_2026-09-14.csv","MeWno_2","MeWno_2__g2",7,"exp",300,1
"oqud1wxk","M_exp_W_no","portfolio_2026-09-14.csv","MeWno_2","MeWno_2__g2",7,"exp",300,0
"a6q31ex7","M_exp_W_no","portfolio_2026-09-14.csv","MeWno_2","MeWno_2__g2",7,"exp",150,-1
"o60mnzij","M_exp_W_no","portfolio_2026-09-14.csv","MeWno_2","MeWno_2__g2",7,"exp",350,1
"bnt5i99k","M_exp_W_no","portfolio_2026-09-14.csv","MeWno_2","MeWno_2__g2",7,"exp",300,-1
"zrywj9fx","M_exp_W_no","portfolio_2026-09-14.csv","MeWno_2","MeWno_2__g3",7,"exp",266,0
"i44g0thi","M_exp_W_no","portfolio_2026-09-14.csv","MeWno_2","MeWno_2__g3",7,"exp",240,-1
"s9ryf5kv","M_exp_W_no","portfolio_2026-09-14.csv","MeWno_2","MeWno_2__g3",7,"exp",280,1
"oe31za5u","M_exp_W_no","portfolio_2026-09-14.csv","MeWno_2","MeWno_2__g3",7,"exp",260,-1
"v86y9zyn","M_exp_W_no","portfolio_2026-09-14.csv","MeWno_2","MeWno_2__g3",7,"exp",280,1
"3p6ks3hb","M_exp_W_no","portfolio_2026-09-14.csv","MeWno_2","MeWno_2__g4",7,"exp",436,1
"y5kgtmfb","M_exp_W_no","portfolio_2026-09-14.csv","MeWno_2","MeWno_2__g4",7,"exp",340,-1
"ebzeqzcf","M_exp_W_no","portfolio_2026-09-14.csv","MeWno_2","MeWno_2__g4",7,"exp",375,1
"pb6d6kev","M_exp_W_no","portfolio_2026-09-14.csv","MeWno_2","MeWno_2__g4",7,"exp",341,-1
"m8xnbw73","M_exp_W_no","portfolio_2026-09-14.csv","MeWno_2","MeWno_2__g4",7,"exp",360,0
"an9ihpoe","M_exp_W_no","portfolio_2026-09-14.csv","MeWno_2","MeWno_2__g5",7,"exp",450,1
"rbyuqaqn","M_exp_W_no","portfolio_2026-09-14.csv","MeWno_2","MeWno_2__g5",7,"exp",440,0
"3pb269ab","M_exp_W_no","portfolio_2026-09-14.csv","MeWno_2","MeWno_2__g5",7,"exp",441,1
"ewpd3m8q","M_exp_W_no","portfolio_2026-09-14.csv","MeWno_2","MeWno_2__g5",7,"exp",400,-1
"0tv7bd9u","M_exp_W_no","portfolio_2026-09-14.csv","MeWno_2","MeWno_2__g5",7,"exp",200,-1
"cfn8fv6w","M_exp_W_no","portfolio_2026-09-14.csv","MeWno_2","MeWno_2__g1",8,"exp",50,-1
"a1q00v4p","M_exp_W_no","portfolio_2026-09-14.csv","MeWno_2","MeWno_2__g1",8,"exp",497,1
"rucumqi6","M_exp_W_no","portfolio_2026-09-14.csv","MeWno_2","MeWno_2__g1",8,"exp",200,1
"lbzqe7lh","M_exp_W_no","portfolio_2026-09-14.csv","MeWno_2","MeWno_2__g1",8,"exp",74,-1
"i42igenv","M_exp_W_no","portfolio_2026-09-14.csv","MeWno_2","MeWno_2__g1",8,"exp",90,0
"2nkc141x","M_exp_W_no","portfolio_2026-09-14.csv","MeWno_2","MeWno_2__g2",8,"exp",300,-1
"oqud1wxk","M_exp_W_no","portfolio_2026-09-14.csv","MeWno_2","MeWno_2__g2",8,"exp",350,0
"a6q31ex7","M_exp_W_no","portfolio_2026-09-14.csv","MeWno_2","MeWno_2__g2",8,"exp",450,1
"o60mnzij","M_exp_W_no","portfolio_2026-09-14.csv","MeWno_2","MeWno_2__g2",8,"exp",350,1
"bnt5i99k","M_exp_W_no","portfolio_2026-09-14.csv","MeWno_2","MeWno_2__g2",8,"exp",1,-1
"zrywj9fx","M_exp_W_no","portfolio_2026-09-14.csv","MeWno_2","MeWno_2__g3",8,"exp",275,1
"i44g0thi","M_exp_W_no","portfolio_2026-09-14.csv","MeWno_2","MeWno_2__g3",8,"exp",250,-1
"s9ryf5kv","M_exp_W_no","portfolio_2026-09-14.csv","MeWno_2","MeWno_2__g3",8,"exp",270,1
"oe31za5u","M_exp_W_no","portfolio_2026-09-14.csv","MeWno_2","MeWno_2__g3",8,"exp",255,-1
"v86y9zyn","M_exp_W_no","portfolio_2026-09-14.csv","MeWno_2","MeWno_2__g3",8,"exp",268,0
"3p6ks3hb","M_exp_W_no","portfolio_2026-09-14.csv","MeWno_2","MeWno_2__g4",8,"exp",290,-1
"y5kgtmfb","M_exp_W_no","portfolio_2026-09-14.csv","MeWno_2","MeWno_2__g4",8,"exp",350,0
"ebzeqzcf","M_exp_W_no","portfolio_2026-09-14.csv","MeWno_2","MeWno_2__g4",8,"exp",360,1
"pb6d6kev","M_exp_W_no","portfolio_2026-09-14.csv","MeWno_2","MeWno_2__g4",8,"exp",358,1
"m8xnbw73","M_exp_W_no","portfolio_2026-09-14.csv","MeWno_2","MeWno_2__g4",8,"exp",180,-1
"an9ihpoe","M_exp_W_no","portfolio_2026-09-14.csv","MeWno_2","MeWno_2__g5",8,"exp",440,-1
"rbyuqaqn","M_exp_W_no","portfolio_2026-09-14.csv","MeWno_2","MeWno_2__g5",8,"exp",450,1
"3pb269ab","M_exp_W_no","portfolio_2026-09-14.csv","MeWno_2","MeWno_2__g5",8,"exp",450,0
"ewpd3m8q","M_exp_W_no","portfolio_2026-09-14.csv","MeWno_2","MeWno_2__g5",8,"exp",500,1
"0tv7bd9u","M_exp_W_no","portfolio_2026-09-14.csv","MeWno_2","MeWno_2__g5",8,"exp",130,-1
"cfn8fv6w","M_exp_W_no","portfolio_2026-09-14.csv","MeWno_2","MeWno_2__g1",9,"exp",80,-1
"a1q00v4p","M_exp_W_no","portfolio_2026-09-14.csv","MeWno_2","MeWno_2__g1",9,"exp",400,1
"rucumqi6","M_exp_W_no","portfolio_2026-09-14.csv","MeWno_2","MeWno_2__g1",9,"exp",200,1
"lbzqe7lh","M_exp_W_no","portfolio_2026-09-14.csv","MeWno_2","MeWno_2__g1",9,"exp",82,-1
"i42igenv","M_exp_W_no","portfolio_2026-09-14.csv","MeWno_2","MeWno_2__g1",9,"exp",105,0
"2nkc141x","M_exp_W_no","portfolio_2026-09-14.csv","MeWno_2","MeWno_2__g2",9,"exp",300,0
"oqud1wxk","M_exp_W_no","portfolio_2026-09-14.csv","MeWno_2","MeWno_2__g2",9,"exp",360,1
"a6q31ex7","M_exp_W_no","portfolio_2026-09-14.csv","MeWno_2","MeWno_2__g2",9,"exp",300,1
"o60mnzij","M_exp_W_no","portfolio_2026-09-14.csv","MeWno_2","MeWno_2__g2",9,"exp",250,-1
"bnt5i99k","M_exp_W_no","portfolio_2026-09-14.csv","MeWno_2","MeWno_2__g2",9,"exp",1,-1
"zrywj9fx","M_exp_W_no","portfolio_2026-09-14.csv","MeWno_2","MeWno_2__g3",9,"exp",269,1
"i44g0thi","M_exp_W_no","portfolio_2026-09-14.csv","MeWno_2","MeWno_2__g3",9,"exp",260,-1
"s9ryf5kv","M_exp_W_no","portfolio_2026-09-14.csv","MeWno_2","MeWno_2__g3",9,"exp",268,0
"oe31za5u","M_exp_W_no","portfolio_2026-09-14.csv","MeWno_2","MeWno_2__g3",9,"exp",260,-1
"v86y9zyn","M_exp_W_no","portfolio_2026-09-14.csv","MeWno_2","MeWno_2__g3",9,"exp",300,1
"3p6ks3hb","M_exp_W_no","portfolio_2026-09-14.csv","MeWno_2","MeWno_2__g4",9,"exp",332,-1
"y5kgtmfb","M_exp_W_no","portfolio_2026-09-14.csv","MeWno_2","MeWno_2__g4",9,"exp",350,1
"ebzeqzcf","M_exp_W_no","portfolio_2026-09-14.csv","MeWno_2","MeWno_2__g4",9,"exp",350,0
"pb6d6kev","M_exp_W_no","portfolio_2026-09-14.csv","MeWno_2","MeWno_2__g4",9,"exp",348,-1
"m8xnbw73","M_exp_W_no","portfolio_2026-09-14.csv","MeWno_2","MeWno_2__g4",9,"exp",400,1
"an9ihpoe","M_exp_W_no","portfolio_2026-09-14.csv","MeWno_2","MeWno_2__g5",9,"exp",445,-1
"rbyuqaqn","M_exp_W_no","portfolio_2026-09-14.csv","MeWno_2","MeWno_2__g5",9,"exp",450,0
"3pb269ab","M_exp_W_no","portfolio_2026-09-14.csv","MeWno_2","MeWno_2__g5",9,"exp",451,1
"ewpd3m8q","M_exp_W_no","portfolio_2026-09-14.csv","MeWno_2","MeWno_2__g5",9,"exp",450,1
"0tv7bd9u","M_exp_W_no","portfolio_2026-09-14.csv","MeWno_2","MeWno_2__g5",9,"exp",125,-1
"cfn8fv6w","M_exp_W_no","portfolio_2026-09-14.csv","MeWno_2","MeWno_2__g1",10,"exp",120,0
"a1q00v4p","M_exp_W_no","portfolio_2026-09-14.csv","MeWno_2","MeWno_2__g1",10,"exp",400,1
"rucumqi6","M_exp_W_no","portfolio_2026-09-14.csv","MeWno_2","MeWno_2__g1",10,"exp",200,1
"lbzqe7lh","M_exp_W_no","portfolio_2026-09-14.csv","MeWno_2","MeWno_2__g1",10,"exp",100,-1
"i42igenv","M_exp_W_no","portfolio_2026-09-14.csv","MeWno_2","MeWno_2__g1",10,"exp",120,-1
"2nkc141x","M_exp_W_no","portfolio_2026-09-14.csv","MeWno_2","MeWno_2__g2",10,"exp",300,0
"oqud1wxk","M_exp_W_no","portfolio_2026-09-14.csv","MeWno_2","MeWno_2__g2",10,"exp",330,1
"a6q31ex7","M_exp_W_no","portfolio_2026-09-14.csv","MeWno_2","MeWno_2__g2",10,"exp",100,-1
"o60mnzij","M_exp_W_no","portfolio_2026-09-14.csv","MeWno_2","MeWno_2__g2",10,"exp",400,1
"bnt5i99k","M_exp_W_no","portfolio_2026-09-14.csv","MeWno_2","MeWno_2__g2",10,"exp",1,-1
"zrywj9fx","M_exp_W_no","portfolio_2026-09-14.csv","MeWno_2","MeWno_2__g3",10,"exp",269,1
"i44g0thi","M_exp_W_no","portfolio_2026-09-14.csv","MeWno_2","MeWno_2__g3",10,"exp",260,-1
"s9ryf5kv","M_exp_W_no","portfolio_2026-09-14.csv","MeWno_2","MeWno_2__g3",10,"exp",268,0
"oe31za5u","M_exp_W_no","portfolio_2026-09-14.csv","MeWno_2","MeWno_2__g3",10,"exp",270,1
"v86y9zyn","M_exp_W_no","portfolio_2026-09-14.csv","MeWno_2","MeWno_2__g3",10,"exp",1,-1
"3p6ks3hb","M_exp_W_no","portfolio_2026-09-14.csv","MeWno_2","MeWno_2__g4",10,"exp",376,1
"y5kgtmfb","M_exp_W_no","portfolio_2026-09-14.csv","MeWno_2","MeWno_2__g4",10,"exp",345,-1
"ebzeqzcf","M_exp_W_no","portfolio_2026-09-14.csv","MeWno_2","MeWno_2__g4",10,"exp",351,0
"pb6d6kev","M_exp_W_no","portfolio_2026-09-14.csv","MeWno_2","MeWno_2__g4",10,"exp",349,-1
"m8xnbw73","M_exp_W_no","portfolio_2026-09-14.csv","MeWno_2","MeWno_2__g4",10,"exp",400,1
"an9ihpoe","M_exp_W_no","portfolio_2026-09-14.csv","MeWno_2","MeWno_2__g5",10,"exp",449,0
"rbyuqaqn","M_exp_W_no","portfolio_2026-09-14.csv","MeWno_2","MeWno_2__g5",10,"exp",467,1
"3pb269ab","M_exp_W_no","portfolio_2026-09-14.csv","MeWno_2","MeWno_2__g5",10,"exp",451,1
"ewpd3m8q","M_exp_W_no","portfolio_2026-09-14.csv","MeWno_2","MeWno_2__g5",10,"exp",425,-1
"0tv7bd9u","M_exp_W_no","portfolio_2026-09-14.csv","MeWno_2","MeWno_2__g5",10,"exp",125,-1
"1c9g6x62","M_no_W_exp","portfolio_2026-09-14.csv","MnoWe_1","MnoWe_1__g1",1,"exp",250,-1
"7fakiwkr","M_no_W_exp","portfolio_2026-09-14.csv","MnoWe_1","MnoWe_1__g1",1,"exp",400,1
"d4zd28hb","M_no_W_exp","portfolio_2026-09-14.csv","MnoWe_1","MnoWe_1__g1",1,"exp",300,0
"ja5c25rz","M_no_W_exp","portfolio_2026-09-14.csv","MnoWe_1","MnoWe_1__g1",1,"exp",100,-1
"oedddvhv","M_no_W_exp","portfolio_2026-09-14.csv","MnoWe_1","MnoWe_1__g1",1,"exp",480,1
"7q18nnfd","M_no_W_exp","portfolio_2026-09-14.csv","MnoWe_1","MnoWe_1__g2",1,"exp",400,1
"03zce18q","M_no_W_exp","portfolio_2026-09-14.csv","MnoWe_1","MnoWe_1__g2",1,"exp",145,-1
"wbs0fdl5","M_no_W_exp","portfolio_2026-09-14.csv","MnoWe_1","MnoWe_1__g2",1,"exp",200,-1
"cqrngk2a","M_no_W_exp","portfolio_2026-09-14.csv","MnoWe_1","MnoWe_1__g2",1,"exp",350,0
"259xsu1c","M_no_W_exp","portfolio_2026-09-14.csv","MnoWe_1","MnoWe_1__g2",1,"exp",500,1
"xnss4pg0","M_no_W_exp","portfolio_2026-09-14.csv","MnoWe_1","MnoWe_1__g3",1,"exp",450,1
"5seuckqb","M_no_W_exp","portfolio_2026-09-14.csv","MnoWe_1","MnoWe_1__g3",1,"exp",400,1
"hdnqitby","M_no_W_exp","portfolio_2026-09-14.csv","MnoWe_1","MnoWe_1__g3",1,"exp",380,0
"ss3joq82","M_no_W_exp","portfolio_2026-09-14.csv","MnoWe_1","MnoWe_1__g3",1,"exp",330,-1
"5wh6kzb3","M_no_W_exp","portfolio_2026-09-14.csv","MnoWe_1","MnoWe_1__g3",1,"exp",50,-1
"kh2preog","M_no_W_exp","portfolio_2026-09-14.csv","MnoWe_1","MnoWe_1__g4",1,"exp",450,1
"ao798wr7","M_no_W_exp","portfolio_2026-09-14.csv","MnoWe_1","MnoWe_1__g4",1,"exp",300,0
"3788h5gm","M_no_W_exp","portfolio_2026-09-14.csv","MnoWe_1","MnoWe_1__g4",1,"exp",147,-1
"dk85qrmf","M_no_W_exp","portfolio_2026-09-14.csv","MnoWe_1","MnoWe_1__g4",1,"exp",50,-1
"qruijzzl","M_no_W_exp","portfolio_2026-09-14.csv","MnoWe_1","MnoWe_1__g4",1,"exp",599,1
"vlvkdjz0","M_no_W_exp","portfolio_2026-09-14.csv","MnoWe_1","MnoWe_1__g5",1,"exp",350,1
"9n1v1smg","M_no_W_exp","portfolio_2026-09-14.csv","MnoWe_1","MnoWe_1__g5",1,"exp",250,0
"kw7jjs2b","M_no_W_exp","portfolio_2026-09-14.csv","MnoWe_1","MnoWe_1__g5",1,"exp",599,1
"pop23w57","M_no_W_exp","portfolio_2026-09-14.csv","MnoWe_1","MnoWe_1__g5",1,"exp",200,-1
"cbc0ayyd","M_no_W_exp","portfolio_2026-09-14.csv","MnoWe_1","MnoWe_1__g5",1,"exp",100,-1
"1c9g6x62","M_no_W_exp","portfolio_2026-09-14.csv","MnoWe_1","MnoWe_1__g1",2,"exp",100,-1
"7fakiwkr","M_no_W_exp","portfolio_2026-09-14.csv","MnoWe_1","MnoWe_1__g1",2,"exp",300,-1
"d4zd28hb","M_no_W_exp","portfolio_2026-09-14.csv","MnoWe_1","MnoWe_1__g1",2,"exp",400,1
"ja5c25rz","M_no_W_exp","portfolio_2026-09-14.csv","MnoWe_1","MnoWe_1__g1",2,"exp",350,0
"oedddvhv","M_no_W_exp","portfolio_2026-09-14.csv","MnoWe_1","MnoWe_1__g1",2,"exp",480,1
"7q18nnfd","M_no_W_exp","portfolio_2026-09-14.csv","MnoWe_1","MnoWe_1__g2",2,"exp",360,-1
"03zce18q","M_no_W_exp","portfolio_2026-09-14.csv","MnoWe_1","MnoWe_1__g2",2,"exp",150,-1
"wbs0fdl5","M_no_W_exp","portfolio_2026-09-14.csv","MnoWe_1","MnoWe_1__g2",2,"exp",500,1
"cqrngk2a","M_no_W_exp","portfolio_2026-09-14.csv","MnoWe_1","MnoWe_1__g2",2,"exp",450,0
"259xsu1c","M_no_W_exp","portfolio_2026-09-14.csv","MnoWe_1","MnoWe_1__g2",2,"exp",480,1
"xnss4pg0","M_no_W_exp","portfolio_2026-09-14.csv","MnoWe_1","MnoWe_1__g3",2,"exp",400,0
"5seuckqb","M_no_W_exp","portfolio_2026-09-14.csv","MnoWe_1","MnoWe_1__g3",2,"exp",400,1
"hdnqitby","M_no_W_exp","portfolio_2026-09-14.csv","MnoWe_1","MnoWe_1__g3",2,"exp",400,-1
"ss3joq82","M_no_W_exp","portfolio_2026-09-14.csv","MnoWe_1","MnoWe_1__g3",2,"exp",501,1
"5wh6kzb3","M_no_W_exp","portfolio_2026-09-14.csv","MnoWe_1","MnoWe_1__g3",2,"exp",300,-1
"kh2preog","M_no_W_exp","portfolio_2026-09-14.csv","MnoWe_1","MnoWe_1__g4",2,"exp",480,1
"ao798wr7","M_no_W_exp","portfolio_2026-09-14.csv","MnoWe_1","MnoWe_1__g4",2,"exp",250,-1
"3788h5gm","M_no_W_exp","portfolio_2026-09-14.csv","MnoWe_1","MnoWe_1__g4",2,"exp",355,0
"dk85qrmf","M_no_W_exp","portfolio_2026-09-14.csv","MnoWe_1","MnoWe_1__g4",2,"exp",300,-1
"qruijzzl","M_no_W_exp","portfolio_2026-09-14.csv","MnoWe_1","MnoWe_1__g4",2,"exp",450,1
"vlvkdjz0","M_no_W_exp","portfolio_2026-09-14.csv","MnoWe_1","MnoWe_1__g5",2,"exp",250,0
"9n1v1smg","M_no_W_exp","portfolio_2026-09-14.csv","MnoWe_1","MnoWe_1__g5",2,"exp",200,-1
"kw7jjs2b","M_no_W_exp","portfolio_2026-09-14.csv","MnoWe_1","MnoWe_1__g5",2,"exp",599,1
"pop23w57","M_no_W_exp","portfolio_2026-09-14.csv","MnoWe_1","MnoWe_1__g5",2,"exp",300,1
"cbc0ayyd","M_no_W_exp","portfolio_2026-09-14.csv","MnoWe_1","MnoWe_1__g5",2,"exp",100,-1
"1c9g6x62","M_no_W_exp","portfolio_2026-09-14.csv","MnoWe_1","MnoWe_1__g1",3,"exp",400,0
"7fakiwkr","M_no_W_exp","portfolio_2026-09-14.csv","MnoWe_1","MnoWe_1__g1",3,"exp",500,1
"d4zd28hb","M_no_W_exp","portfolio_2026-09-14.csv","MnoWe_1","MnoWe_1__g1",3,"exp",400,-1
"ja5c25rz","M_no_W_exp","portfolio_2026-09-14.csv","MnoWe_1","MnoWe_1__g1",3,"exp",400,-1
"oedddvhv","M_no_W_exp","portfolio_2026-09-14.csv","MnoWe_1","MnoWe_1__g1",3,"exp",480,1
"7q18nnfd","M_no_W_exp","portfolio_2026-09-14.csv","MnoWe_1","MnoWe_1__g2",3,"exp",480,1
"03zce18q","M_no_W_exp","portfolio_2026-09-14.csv","MnoWe_1","MnoWe_1__g2",3,"exp",160,0
"wbs0fdl5","M_no_W_exp","portfolio_2026-09-14.csv","MnoWe_1","MnoWe_1__g2",3,"exp",100,-1
"cqrngk2a","M_no_W_exp","portfolio_2026-09-14.csv","MnoWe_1","MnoWe_1__g2",3,"exp",300,1
"259xsu1c","M_no_W_exp","portfolio_2026-09-14.csv","MnoWe_1","MnoWe_1__g2",3,"exp",100,-1
"xnss4pg0","M_no_W_exp","portfolio_2026-09-14.csv","MnoWe_1","MnoWe_1__g3",3,"exp",400,-1
"5seuckqb","M_no_W_exp","portfolio_2026-09-14.csv","MnoWe_1","MnoWe_1__g3",3,"exp",401,0
"hdnqitby","M_no_W_exp","portfolio_2026-09-14.csv","MnoWe_1","MnoWe_1__g3",3,"exp",450,1
"ss3joq82","M_no_W_exp","portfolio_2026-09-14.csv","MnoWe_1","MnoWe_1__g3",3,"exp",541,1
"5wh6kzb3","M_no_W_exp","portfolio_2026-09-14.csv","MnoWe_1","MnoWe_1__g3",3,"exp",390,-1
"kh2preog","M_no_W_exp","portfolio_2026-09-14.csv","MnoWe_1","MnoWe_1__g4",3,"exp",450,1
"ao798wr7","M_no_W_exp","portfolio_2026-09-14.csv","MnoWe_1","MnoWe_1__g4",3,"exp",350,-1
"3788h5gm","M_no_W_exp","portfolio_2026-09-14.csv","MnoWe_1","MnoWe_1__g4",3,"exp",365,0
"dk85qrmf","M_no_W_exp","portfolio_2026-09-14.csv","MnoWe_1","MnoWe_1__g4",3,"exp",300,-1
"qruijzzl","M_no_W_exp","portfolio_2026-09-14.csv","MnoWe_1","MnoWe_1__g4",3,"exp",450,1
"vlvkdjz0","M_no_W_exp","portfolio_2026-09-14.csv","MnoWe_1","MnoWe_1__g5",3,"exp",200,0
"9n1v1smg","M_no_W_exp","portfolio_2026-09-14.csv","MnoWe_1","MnoWe_1__g5",3,"exp",275,1
"kw7jjs2b","M_no_W_exp","portfolio_2026-09-14.csv","MnoWe_1","MnoWe_1__g5",3,"exp",599,1
"pop23w57","M_no_W_exp","portfolio_2026-09-14.csv","MnoWe_1","MnoWe_1__g5",3,"exp",180,-1
"cbc0ayyd","M_no_W_exp","portfolio_2026-09-14.csv","MnoWe_1","MnoWe_1__g5",3,"exp",50,-1
"1c9g6x62","M_no_W_exp","portfolio_2026-09-14.csv","MnoWe_1","MnoWe_1__g1",4,"exp",401,-1
"7fakiwkr","M_no_W_exp","portfolio_2026-09-14.csv","MnoWe_1","MnoWe_1__g1",4,"exp",200,-1
"d4zd28hb","M_no_W_exp","portfolio_2026-09-14.csv","MnoWe_1","MnoWe_1__g1",4,"exp",500,1
"ja5c25rz","M_no_W_exp","portfolio_2026-09-14.csv","MnoWe_1","MnoWe_1__g1",4,"exp",450,0
"oedddvhv","M_no_W_exp","portfolio_2026-09-14.csv","MnoWe_1","MnoWe_1__g1",4,"exp",480,1
"7q18nnfd","M_no_W_exp","portfolio_2026-09-14.csv","MnoWe_1","MnoWe_1__g2",4,"exp",200,1
"03zce18q","M_no_W_exp","portfolio_2026-09-14.csv","MnoWe_1","MnoWe_1__g2",4,"exp",175,1
"wbs0fdl5","M_no_W_exp","portfolio_2026-09-14.csv","MnoWe_1","MnoWe_1__g2",4,"exp",2,-1
"cqrngk2a","M_no_W_exp","portfolio_2026-09-14.csv","MnoWe_1","MnoWe_1__g2",4,"exp",160,-1
"259xsu1c","M_no_W_exp","portfolio_2026-09-14.csv","MnoWe_1","MnoWe_1__g2",4,"exp",160,0
"xnss4pg0","M_no_W_exp","portfolio_2026-09-14.csv","MnoWe_1","MnoWe_1__g3",4,"exp",420,0
"5seuckqb","M_no_W_exp","portfolio_2026-09-14.csv","MnoWe_1","MnoWe_1__g3",4,"exp",420,-1
"hdnqitby","M_no_W_exp","portfolio_2026-09-14.csv","MnoWe_1","MnoWe_1__g3",4,"exp",475,1
"ss3joq82","M_no_W_exp","portfolio_2026-09-14.csv","MnoWe_1","MnoWe_1__g3",4,"exp",480,1
"5wh6kzb3","M_no_W_exp","portfolio_2026-09-14.csv","MnoWe_1","MnoWe_1__g3",4,"exp",405,-1
"kh2preog","M_no_W_exp","portfolio_2026-09-14.csv","MnoWe_1","MnoWe_1__g4",4,"exp",450,1
"ao798wr7","M_no_W_exp","portfolio_2026-09-14.csv","MnoWe_1","MnoWe_1__g4",4,"exp",350,-1
"3788h5gm","M_no_W_exp","portfolio_2026-09-14.csv","MnoWe_1","MnoWe_1__g4",4,"exp",400,1
"dk85qrmf","M_no_W_exp","portfolio_2026-09-14.csv","MnoWe_1","MnoWe_1__g4",4,"exp",360,-1
"qruijzzl","M_no_W_exp","portfolio_2026-09-14.csv","MnoWe_1","MnoWe_1__g4",4,"exp",400,0
"vlvkdjz0","M_no_W_exp","portfolio_2026-09-14.csv","MnoWe_1","MnoWe_1__g5",4,"exp",150,-1
"9n1v1smg","M_no_W_exp","portfolio_2026-09-14.csv","MnoWe_1","MnoWe_1__g5",4,"exp",251,1
"kw7jjs2b","M_no_W_exp","portfolio_2026-09-14.csv","MnoWe_1","MnoWe_1__g5",4,"exp",599,1
"pop23w57","M_no_W_exp","portfolio_2026-09-14.csv","MnoWe_1","MnoWe_1__g5",4,"exp",200,0
"cbc0ayyd","M_no_W_exp","portfolio_2026-09-14.csv","MnoWe_1","MnoWe_1__g5",4,"exp",100,-1
"1c9g6x62","M_no_W_exp","portfolio_2026-09-14.csv","MnoWe_1","MnoWe_1__g1",5,"exp",1,-1
"7fakiwkr","M_no_W_exp","portfolio_2026-09-14.csv","MnoWe_1","MnoWe_1__g1",5,"exp",550,1
"d4zd28hb","M_no_W_exp","portfolio_2026-09-14.csv","MnoWe_1","MnoWe_1__g1",5,"exp",500,1
"ja5c25rz","M_no_W_exp","portfolio_2026-09-14.csv","MnoWe_1","MnoWe_1__g1",5,"exp",300,-1
"oedddvhv","M_no_W_exp","portfolio_2026-09-14.csv","MnoWe_1","MnoWe_1__g1",5,"exp",480,0
"7q18nnfd","M_no_W_exp","portfolio_2026-09-14.csv","MnoWe_1","MnoWe_1__g2",5,"exp",200,1
"03zce18q","M_no_W_exp","portfolio_2026-09-14.csv","MnoWe_1","MnoWe_1__g2",5,"exp",170,1
"wbs0fdl5","M_no_W_exp","portfolio_2026-09-14.csv","MnoWe_1","MnoWe_1__g2",5,"exp",150,-1
"cqrngk2a","M_no_W_exp","portfolio_2026-09-14.csv","MnoWe_1","MnoWe_1__g2",5,"exp",155,0
"259xsu1c","M_no_W_exp","portfolio_2026-09-14.csv","MnoWe_1","MnoWe_1__g2",5,"exp",100,-1
"xnss4pg0","M_no_W_exp","portfolio_2026-09-14.csv","MnoWe_1","MnoWe_1__g3",5,"exp",445,1
"5seuckqb","M_no_W_exp","portfolio_2026-09-14.csv","MnoWe_1","MnoWe_1__g3",5,"exp",420,0
"hdnqitby","M_no_W_exp","portfolio_2026-09-14.csv","MnoWe_1","MnoWe_1__g3",5,"exp",410,-1
"ss3joq82","M_no_W_exp","portfolio_2026-09-14.csv","MnoWe_1","MnoWe_1__g3",5,"exp",402,-1
"5wh6kzb3","M_no_W_exp","portfolio_2026-09-14.csv","MnoWe_1","MnoWe_1__g3",5,"exp",450,1
"kh2preog","M_no_W_exp","portfolio_2026-09-14.csv","MnoWe_1","MnoWe_1__g4",5,"exp",450,0
"ao798wr7","M_no_W_exp","portfolio_2026-09-14.csv","MnoWe_1","MnoWe_1__g4",5,"exp",450,1
"3788h5gm","M_no_W_exp","portfolio_2026-09-14.csv","MnoWe_1","MnoWe_1__g4",5,"exp",395,-1
"dk85qrmf","M_no_W_exp","portfolio_2026-09-14.csv","MnoWe_1","MnoWe_1__g4",5,"exp",400,-1
"qruijzzl","M_no_W_exp","portfolio_2026-09-14.csv","MnoWe_1","MnoWe_1__g4",5,"exp",451,1
"vlvkdjz0","M_no_W_exp","portfolio_2026-09-14.csv","MnoWe_1","MnoWe_1__g5",5,"exp",300,1
"9n1v1smg","M_no_W_exp","portfolio_2026-09-14.csv","MnoWe_1","MnoWe_1__g5",5,"exp",225,0
"kw7jjs2b","M_no_W_exp","portfolio_2026-09-14.csv","MnoWe_1","MnoWe_1__g5",5,"exp",599,1
"pop23w57","M_no_W_exp","portfolio_2026-09-14.csv","MnoWe_1","MnoWe_1__g5",5,"exp",200,-1
"cbc0ayyd","M_no_W_exp","portfolio_2026-09-14.csv","MnoWe_1","MnoWe_1__g5",5,"exp",50,-1
"1c9g6x62","M_no_W_exp","portfolio_2026-09-14.csv","MnoWe_1","MnoWe_1__g1",6,"exp",1,-1
"7fakiwkr","M_no_W_exp","portfolio_2026-09-14.csv","MnoWe_1","MnoWe_1__g1",6,"exp",50,-1
"d4zd28hb","M_no_W_exp","portfolio_2026-09-14.csv","MnoWe_1","MnoWe_1__g1",6,"exp",475,1
"ja5c25rz","M_no_W_exp","portfolio_2026-09-14.csv","MnoWe_1","MnoWe_1__g1",6,"exp",400,0
"oedddvhv","M_no_W_exp","portfolio_2026-09-14.csv","MnoWe_1","MnoWe_1__g1",6,"exp",480,1
"7q18nnfd","M_no_W_exp","portfolio_2026-09-14.csv","MnoWe_1","MnoWe_1__g2",6,"exp",170,0
"03zce18q","M_no_W_exp","portfolio_2026-09-14.csv","MnoWe_1","MnoWe_1__g2",6,"exp",170,-1
"wbs0fdl5","M_no_W_exp","portfolio_2026-09-14.csv","MnoWe_1","MnoWe_1__g2",6,"exp",300,1
"cqrngk2a","M_no_W_exp","portfolio_2026-09-14.csv","MnoWe_1","MnoWe_1__g2",6,"exp",158,-1
"259xsu1c","M_no_W_exp","portfolio_2026-09-14.csv","MnoWe_1","MnoWe_1__g2",6,"exp",470,1
"xnss4pg0","M_no_W_exp","portfolio_2026-09-14.csv","MnoWe_1","MnoWe_1__g3",6,"exp",430,1
"5seuckqb","M_no_W_exp","portfolio_2026-09-14.csv","MnoWe_1","MnoWe_1__g3",6,"exp",100,-1
"hdnqitby","M_no_W_exp","portfolio_2026-09-14.csv","MnoWe_1","MnoWe_1__g3",6,"exp",430,1
"ss3joq82","M_no_W_exp","portfolio_2026-09-14.csv","MnoWe_1","MnoWe_1__g3",6,"exp",412,0
"5wh6kzb3","M_no_W_exp","portfolio_2026-09-14.csv","MnoWe_1","MnoWe_1__g3",6,"exp",300,-1
"kh2preog","M_no_W_exp","portfolio_2026-09-14.csv","MnoWe_1","MnoWe_1__g4",6,"exp",480,1
"ao798wr7","M_no_W_exp","portfolio_2026-09-14.csv","MnoWe_1","MnoWe_1__g4",6,"exp",450,-1
"3788h5gm","M_no_W_exp","portfolio_2026-09-14.csv","MnoWe_1","MnoWe_1__g4",6,"exp",420,-1
"dk85qrmf","M_no_W_exp","portfolio_2026-09-14.csv","MnoWe_1","MnoWe_1__g4",6,"exp",450,0
"qruijzzl","M_no_W_exp","portfolio_2026-09-14.csv","MnoWe_1","MnoWe_1__g4",6,"exp",480,1
"vlvkdjz0","M_no_W_exp","portfolio_2026-09-14.csv","MnoWe_1","MnoWe_1__g5",6,"exp",400,1
"9n1v1smg","M_no_W_exp","portfolio_2026-09-14.csv","MnoWe_1","MnoWe_1__g5",6,"exp",230,1
"kw7jjs2b","M_no_W_exp","portfolio_2026-09-14.csv","MnoWe_1","MnoWe_1__g5",6,"exp",220,0
"pop23w57","M_no_W_exp","portfolio_2026-09-14.csv","MnoWe_1","MnoWe_1__g5",6,"exp",150,-1
"cbc0ayyd","M_no_W_exp","portfolio_2026-09-14.csv","MnoWe_1","MnoWe_1__g5",6,"exp",50,-1
"1c9g6x62","M_no_W_exp","portfolio_2026-09-14.csv","MnoWe_1","MnoWe_1__g1",7,"exp",1,-1
"7fakiwkr","M_no_W_exp","portfolio_2026-09-14.csv","MnoWe_1","MnoWe_1__g1",7,"exp",400,-1
"d4zd28hb","M_no_W_exp","portfolio_2026-09-14.csv","MnoWe_1","MnoWe_1__g1",7,"exp",475,0
"ja5c25rz","M_no_W_exp","portfolio_2026-09-14.csv","MnoWe_1","MnoWe_1__g1",7,"exp",500,1
"oedddvhv","M_no_W_exp","portfolio_2026-09-14.csv","MnoWe_1","MnoWe_1__g1",7,"exp",480,1
"7q18nnfd","M_no_W_exp","portfolio_2026-09-14.csv","MnoWe_1","MnoWe_1__g2",7,"exp",200,1
"03zce18q","M_no_W_exp","portfolio_2026-09-14.csv","MnoWe_1","MnoWe_1__g2",7,"exp",170,0
"wbs0fdl5","M_no_W_exp","portfolio_2026-09-14.csv","MnoWe_1","MnoWe_1__g2",7,"exp",500,1
"cqrngk2a","M_no_W_exp","portfolio_2026-09-14.csv","MnoWe_1","MnoWe_1__g2",7,"exp",160,-1
"259xsu1c","M_no_W_exp","portfolio_2026-09-14.csv","MnoWe_1","MnoWe_1__g2",7,"exp",130,-1
"xnss4pg0","M_no_W_exp","portfolio_2026-09-14.csv","MnoWe_1","MnoWe_1__g3",7,"exp",425,1
"5seuckqb","M_no_W_exp","portfolio_2026-09-14.csv","MnoWe_1","MnoWe_1__g3",7,"exp",405,1
"hdnqitby","M_no_W_exp","portfolio_2026-09-14.csv","MnoWe_1","MnoWe_1__g3",7,"exp",400,0
"ss3joq82","M_no_W_exp","portfolio_2026-09-14.csv","MnoWe_1","MnoWe_1__g3",7,"exp",390,-1
"5wh6kzb3","M_no_W_exp","portfolio_2026-09-14.csv","MnoWe_1","MnoWe_1__g3",7,"exp",320,-1
"kh2preog","M_no_W_exp","portfolio_2026-09-14.csv","MnoWe_1","MnoWe_1__g4",7,"exp",470,1
"ao798wr7","M_no_W_exp","portfolio_2026-09-14.csv","MnoWe_1","MnoWe_1__g4",7,"exp",470,1
"3788h5gm","M_no_W_exp","portfolio_2026-09-14.csv","MnoWe_1","MnoWe_1__g4",7,"exp",455,-1
"dk85qrmf","M_no_W_exp","portfolio_2026-09-14.csv","MnoWe_1","MnoWe_1__g4",7,"exp",450,-1
"qruijzzl","M_no_W_exp","portfolio_2026-09-14.csv","MnoWe_1","MnoWe_1__g4",7,"exp",461,0
"vlvkdjz0","M_no_W_exp","portfolio_2026-09-14.csv","MnoWe_1","MnoWe_1__g5",7,"exp",450,1
"9n1v1smg","M_no_W_exp","portfolio_2026-09-14.csv","MnoWe_1","MnoWe_1__g5",7,"exp",227,1
"kw7jjs2b","M_no_W_exp","portfolio_2026-09-14.csv","MnoWe_1","MnoWe_1__g5",7,"exp",210,0
"pop23w57","M_no_W_exp","portfolio_2026-09-14.csv","MnoWe_1","MnoWe_1__g5",7,"exp",150,-1
"cbc0ayyd","M_no_W_exp","portfolio_2026-09-14.csv","MnoWe_1","MnoWe_1__g5",7,"exp",100,-1
"1c9g6x62","M_no_W_exp","portfolio_2026-09-14.csv","MnoWe_1","MnoWe_1__g1",8,"exp",1,-1
"7fakiwkr","M_no_W_exp","portfolio_2026-09-14.csv","MnoWe_1","MnoWe_1__g1",8,"exp",500,1
"d4zd28hb","M_no_W_exp","portfolio_2026-09-14.csv","MnoWe_1","MnoWe_1__g1",8,"exp",525,1
"ja5c25rz","M_no_W_exp","portfolio_2026-09-14.csv","MnoWe_1","MnoWe_1__g1",8,"exp",300,-1
"oedddvhv","M_no_W_exp","portfolio_2026-09-14.csv","MnoWe_1","MnoWe_1__g1",8,"exp",480,0
"7q18nnfd","M_no_W_exp","portfolio_2026-09-14.csv","MnoWe_1","MnoWe_1__g2",8,"exp",180,1
"03zce18q","M_no_W_exp","portfolio_2026-09-14.csv","MnoWe_1","MnoWe_1__g2",8,"exp",170,0
"wbs0fdl5","M_no_W_exp","portfolio_2026-09-14.csv","MnoWe_1","MnoWe_1__g2",8,"exp",1,-1
"cqrngk2a","M_no_W_exp","portfolio_2026-09-14.csv","MnoWe_1","MnoWe_1__g2",8,"exp",162,-1
"259xsu1c","M_no_W_exp","portfolio_2026-09-14.csv","MnoWe_1","MnoWe_1__g2",8,"exp",200,1
"xnss4pg0","M_no_W_exp","portfolio_2026-09-14.csv","MnoWe_1","MnoWe_1__g3",8,"exp",421,1
"5seuckqb","M_no_W_exp","portfolio_2026-09-14.csv","MnoWe_1","MnoWe_1__g3",8,"exp",469,1
"hdnqitby","M_no_W_exp","portfolio_2026-09-14.csv","MnoWe_1","MnoWe_1__g3",8,"exp",415,-1
"ss3joq82","M_no_W_exp","portfolio_2026-09-14.csv","MnoWe_1","MnoWe_1__g3",8,"exp",380,-1
"5wh6kzb3","M_no_W_exp","portfolio_2026-09-14.csv","MnoWe_1","MnoWe_1__g3",8,"exp",420,0
"kh2preog","M_no_W_exp","portfolio_2026-09-14.csv","MnoWe_1","MnoWe_1__g4",8,"exp",470,1
"ao798wr7","M_no_W_exp","portfolio_2026-09-14.csv","MnoWe_1","MnoWe_1__g4",8,"exp",470,-1
"3788h5gm","M_no_W_exp","portfolio_2026-09-14.csv","MnoWe_1","MnoWe_1__g4",8,"exp",470,0
"dk85qrmf","M_no_W_exp","portfolio_2026-09-14.csv","MnoWe_1","MnoWe_1__g4",8,"exp",460,-1
"qruijzzl","M_no_W_exp","portfolio_2026-09-14.csv","MnoWe_1","MnoWe_1__g4",8,"exp",500,1
"vlvkdjz0","M_no_W_exp","portfolio_2026-09-14.csv","MnoWe_1","MnoWe_1__g5",8,"exp",480,1
"9n1v1smg","M_no_W_exp","portfolio_2026-09-14.csv","MnoWe_1","MnoWe_1__g5",8,"exp",220,1
"kw7jjs2b","M_no_W_exp","portfolio_2026-09-14.csv","MnoWe_1","MnoWe_1__g5",8,"exp",190,0
"pop23w57","M_no_W_exp","portfolio_2026-09-14.csv","MnoWe_1","MnoWe_1__g5",8,"exp",100,-1
"cbc0ayyd","M_no_W_exp","portfolio_2026-09-14.csv","MnoWe_1","MnoWe_1__g5",8,"exp",10,-1
"1c9g6x62","M_no_W_exp","portfolio_2026-09-14.csv","MnoWe_1","MnoWe_1__g1",9,"exp",1,-1
"7fakiwkr","M_no_W_exp","portfolio_2026-09-14.csv","MnoWe_1","MnoWe_1__g1",9,"exp",200,-1
"d4zd28hb","M_no_W_exp","portfolio_2026-09-14.csv","MnoWe_1","MnoWe_1__g1",9,"exp",475,0
"ja5c25rz","M_no_W_exp","portfolio_2026-09-14.csv","MnoWe_1","MnoWe_1__g1",9,"exp",500,1
"oedddvhv","M_no_W_exp","portfolio_2026-09-14.csv","MnoWe_1","MnoWe_1__g1",9,"exp",480,1
"7q18nnfd","M_no_W_exp","portfolio_2026-09-14.csv","MnoWe_1","MnoWe_1__g2",9,"exp",173,1
"03zce18q","M_no_W_exp","portfolio_2026-09-14.csv","MnoWe_1","MnoWe_1__g2",9,"exp",170,1
"wbs0fdl5","M_no_W_exp","portfolio_2026-09-14.csv","MnoWe_1","MnoWe_1__g2",9,"exp",150,-1
"cqrngk2a","M_no_W_exp","portfolio_2026-09-14.csv","MnoWe_1","MnoWe_1__g2",9,"exp",160,0
"259xsu1c","M_no_W_exp","portfolio_2026-09-14.csv","MnoWe_1","MnoWe_1__g2",9,"exp",100,-1
"xnss4pg0","M_no_W_exp","portfolio_2026-09-14.csv","MnoWe_1","MnoWe_1__g3",9,"exp",429,1
"5seuckqb","M_no_W_exp","portfolio_2026-09-14.csv","MnoWe_1","MnoWe_1__g3",9,"exp",467,1
"hdnqitby","M_no_W_exp","portfolio_2026-09-14.csv","MnoWe_1","MnoWe_1__g3",9,"exp",415,-1
"ss3joq82","M_no_W_exp","portfolio_2026-09-14.csv","MnoWe_1","MnoWe_1__g3",9,"exp",395,-1
"5wh6kzb3","M_no_W_exp","portfolio_2026-09-14.csv","MnoWe_1","MnoWe_1__g3",9,"exp",421,0
"kh2preog","M_no_W_exp","portfolio_2026-09-14.csv","MnoWe_1","MnoWe_1__g4",9,"exp",470,-1
"ao798wr7","M_no_W_exp","portfolio_2026-09-14.csv","MnoWe_1","MnoWe_1__g4",9,"exp",475,-1
"3788h5gm","M_no_W_exp","portfolio_2026-09-14.csv","MnoWe_1","MnoWe_1__g4",9,"exp",485,1
"dk85qrmf","M_no_W_exp","portfolio_2026-09-14.csv","MnoWe_1","MnoWe_1__g4",9,"exp",480,0
"qruijzzl","M_no_W_exp","portfolio_2026-09-14.csv","MnoWe_1","MnoWe_1__g4",9,"exp",500,1
"vlvkdjz0","M_no_W_exp","portfolio_2026-09-14.csv","MnoWe_1","MnoWe_1__g5",9,"exp",350,1
"9n1v1smg","M_no_W_exp","portfolio_2026-09-14.csv","MnoWe_1","MnoWe_1__g5",9,"exp",215,1
"kw7jjs2b","M_no_W_exp","portfolio_2026-09-14.csv","MnoWe_1","MnoWe_1__g5",9,"exp",150,0
"pop23w57","M_no_W_exp","portfolio_2026-09-14.csv","MnoWe_1","MnoWe_1__g5",9,"exp",80,-1
"cbc0ayyd","M_no_W_exp","portfolio_2026-09-14.csv","MnoWe_1","MnoWe_1__g5",9,"exp",10,-1
"1c9g6x62","M_no_W_exp","portfolio_2026-09-14.csv","MnoWe_1","MnoWe_1__g1",10,"exp",1,-1
"7fakiwkr","M_no_W_exp","portfolio_2026-09-14.csv","MnoWe_1","MnoWe_1__g1",10,"exp",479,0
"d4zd28hb","M_no_W_exp","portfolio_2026-09-14.csv","MnoWe_1","MnoWe_1__g1",10,"exp",475,-1
"ja5c25rz","M_no_W_exp","portfolio_2026-09-14.csv","MnoWe_1","MnoWe_1__g1",10,"exp",500,1
"oedddvhv","M_no_W_exp","portfolio_2026-09-14.csv","MnoWe_1","MnoWe_1__g1",10,"exp",480,1
"7q18nnfd","M_no_W_exp","portfolio_2026-09-14.csv","MnoWe_1","MnoWe_1__g2",10,"exp",170,1
"03zce18q","M_no_W_exp","portfolio_2026-09-14.csv","MnoWe_1","MnoWe_1__g2",10,"exp",165,1
"wbs0fdl5","M_no_W_exp","portfolio_2026-09-14.csv","MnoWe_1","MnoWe_1__g2",10,"exp",1,-1
"cqrngk2a","M_no_W_exp","portfolio_2026-09-14.csv","MnoWe_1","MnoWe_1__g2",10,"exp",158,-1
"259xsu1c","M_no_W_exp","portfolio_2026-09-14.csv","MnoWe_1","MnoWe_1__g2",10,"exp",160,0
"xnss4pg0","M_no_W_exp","portfolio_2026-09-14.csv","MnoWe_1","MnoWe_1__g3",10,"exp",435,1
"5seuckqb","M_no_W_exp","portfolio_2026-09-14.csv","MnoWe_1","MnoWe_1__g3",10,"exp",420,1
"hdnqitby","M_no_W_exp","portfolio_2026-09-14.csv","MnoWe_1","MnoWe_1__g3",10,"exp",415,0
"ss3joq82","M_no_W_exp","portfolio_2026-09-14.csv","MnoWe_1","MnoWe_1__g3",10,"exp",400,-1
"5wh6kzb3","M_no_W_exp","portfolio_2026-09-14.csv","MnoWe_1","MnoWe_1__g3",10,"exp",300,-1
"kh2preog","M_no_W_exp","portfolio_2026-09-14.csv","MnoWe_1","MnoWe_1__g4",10,"exp",480,-1
"ao798wr7","M_no_W_exp","portfolio_2026-09-14.csv","MnoWe_1","MnoWe_1__g4",10,"exp",485,0
"3788h5gm","M_no_W_exp","portfolio_2026-09-14.csv","MnoWe_1","MnoWe_1__g4",10,"exp",488,1
"dk85qrmf","M_no_W_exp","portfolio_2026-09-14.csv","MnoWe_1","MnoWe_1__g4",10,"exp",485,-1
"qruijzzl","M_no_W_exp","portfolio_2026-09-14.csv","MnoWe_1","MnoWe_1__g4",10,"exp",550,1
"vlvkdjz0","M_no_W_exp","portfolio_2026-09-14.csv","MnoWe_1","MnoWe_1__g5",10,"exp",500,1
"9n1v1smg","M_no_W_exp","portfolio_2026-09-14.csv","MnoWe_1","MnoWe_1__g5",10,"exp",180,1
"kw7jjs2b","M_no_W_exp","portfolio_2026-09-14.csv","MnoWe_1","MnoWe_1__g5",10,"exp",99,-1
"pop23w57","M_no_W_exp","portfolio_2026-09-14.csv","MnoWe_1","MnoWe_1__g5",10,"exp",30,-1
"cbc0ayyd","M_no_W_exp","portfolio_2026-09-14.csv","MnoWe_1","MnoWe_1__g5",10,"exp",120,0
"u4sl54xk","M_no_W_exp","portfolio_2026-09-15.csv","MnoWe_2","MnoWe_2__g1",1,"exp",200,0
"q2jobopa","M_no_W_exp","portfolio_2026-09-15.csv","MnoWe_2","MnoWe_2__g1",1,"exp",200,1
"9xg7erl3","M_no_W_exp","portfolio_2026-09-15.csv","MnoWe_2","MnoWe_2__g1",1,"exp",160,-1
"ixl976y0","M_no_W_exp","portfolio_2026-09-15.csv","MnoWe_2","MnoWe_2__g1",1,"exp",100,-1
"nqlqeq8n","M_no_W_exp","portfolio_2026-09-15.csv","MnoWe_2","MnoWe_2__g1",1,"exp",300,1
"d10dwe1h","M_no_W_exp","portfolio_2026-09-15.csv","MnoWe_2","MnoWe_2__g2",1,"exp",150,-1
"0yq0zebw","M_no_W_exp","portfolio_2026-09-15.csv","MnoWe_2","MnoWe_2__g2",1,"exp",400,1
"7sfhy51b","M_no_W_exp","portfolio_2026-09-15.csv","MnoWe_2","MnoWe_2__g2",1,"exp",350,1
"pgjj4tqg","M_no_W_exp","portfolio_2026-09-15.csv","MnoWe_2","MnoWe_2__g2",1,"exp",300,0
"z4s8evj8","M_no_W_exp","portfolio_2026-09-15.csv","MnoWe_2","MnoWe_2__g2",1,"exp",250,-1
"e8h7gvii","M_no_W_exp","portfolio_2026-09-15.csv","MnoWe_2","MnoWe_2__g3",1,"exp",200,-1
"yt1cbpza","M_no_W_exp","portfolio_2026-09-15.csv","MnoWe_2","MnoWe_2__g3",1,"exp",200,-1
"0i38ht6y","M_no_W_exp","portfolio_2026-09-15.csv","MnoWe_2","MnoWe_2__g3",1,"exp",450,1
"xyqf41ao","M_no_W_exp","portfolio_2026-09-15.csv","MnoWe_2","MnoWe_2__g3",1,"exp",450,0
"g9pquzkd","M_no_W_exp","portfolio_2026-09-15.csv","MnoWe_2","MnoWe_2__g3",1,"exp",500,1
"7ww48hi4","M_no_W_exp","portfolio_2026-09-15.csv","MnoWe_2","MnoWe_2__g4",1,"exp",450,1
"5fdw0rg1","M_no_W_exp","portfolio_2026-09-15.csv","MnoWe_2","MnoWe_2__g4",1,"exp",400,1
"h7o9v437","M_no_W_exp","portfolio_2026-09-15.csv","MnoWe_2","MnoWe_2__g4",1,"exp",400,-1
"9mimenbo","M_no_W_exp","portfolio_2026-09-15.csv","MnoWe_2","MnoWe_2__g4",1,"exp",400,0
"hn8non3y","M_no_W_exp","portfolio_2026-09-15.csv","MnoWe_2","MnoWe_2__g4",1,"exp",400,-1
"x06ipo6j","M_no_W_exp","portfolio_2026-09-15.csv","MnoWe_2","MnoWe_2__g5",1,"exp",375,1
"n9iynxtq","M_no_W_exp","portfolio_2026-09-15.csv","MnoWe_2","MnoWe_2__g5",1,"exp",200,-1
"diqkyqqr","M_no_W_exp","portfolio_2026-09-15.csv","MnoWe_2","MnoWe_2__g5",1,"exp",350,0
"hi0vl1bf","M_no_W_exp","portfolio_2026-09-15.csv","MnoWe_2","MnoWe_2__g5",1,"exp",350,1
"u3a33dgt","M_no_W_exp","portfolio_2026-09-15.csv","MnoWe_2","MnoWe_2__g5",1,"exp",150,-1
"u4sl54xk","M_no_W_exp","portfolio_2026-09-15.csv","MnoWe_2","MnoWe_2__g1",2,"exp",300,1
"q2jobopa","M_no_W_exp","portfolio_2026-09-15.csv","MnoWe_2","MnoWe_2__g1",2,"exp",200,0
"9xg7erl3","M_no_W_exp","portfolio_2026-09-15.csv","MnoWe_2","MnoWe_2__g1",2,"exp",200,1
"ixl976y0","M_no_W_exp","portfolio_2026-09-15.csv","MnoWe_2","MnoWe_2__g1",2,"exp",200,-1
"nqlqeq8n","M_no_W_exp","portfolio_2026-09-15.csv","MnoWe_2","MnoWe_2__g1",2,"exp",200,-1
"d10dwe1h","M_no_W_exp","portfolio_2026-09-15.csv","MnoWe_2","MnoWe_2__g2",2,"exp",200,-1
"0yq0zebw","M_no_W_exp","portfolio_2026-09-15.csv","MnoWe_2","MnoWe_2__g2",2,"exp",400,1
"7sfhy51b","M_no_W_exp","portfolio_2026-09-15.csv","MnoWe_2","MnoWe_2__g2",2,"exp",335,1
"pgjj4tqg","M_no_W_exp","portfolio_2026-09-15.csv","MnoWe_2","MnoWe_2__g2",2,"exp",190,-1
"z4s8evj8","M_no_W_exp","portfolio_2026-09-15.csv","MnoWe_2","MnoWe_2__g2",2,"exp",300,0
"e8h7gvii","M_no_W_exp","portfolio_2026-09-15.csv","MnoWe_2","MnoWe_2__g3",2,"exp",350,0
"yt1cbpza","M_no_W_exp","portfolio_2026-09-15.csv","MnoWe_2","MnoWe_2__g3",2,"exp",300,-1
"0i38ht6y","M_no_W_exp","portfolio_2026-09-15.csv","MnoWe_2","MnoWe_2__g3",2,"exp",500,1
"xyqf41ao","M_no_W_exp","portfolio_2026-09-15.csv","MnoWe_2","MnoWe_2__g3",2,"exp",150,-1
"g9pquzkd","M_no_W_exp","portfolio_2026-09-15.csv","MnoWe_2","MnoWe_2__g3",2,"exp",480,1
"7ww48hi4","M_no_W_exp","portfolio_2026-09-15.csv","MnoWe_2","MnoWe_2__g4",2,"exp",500,1
"5fdw0rg1","M_no_W_exp","portfolio_2026-09-15.csv","MnoWe_2","MnoWe_2__g4",2,"exp",500,0
"h7o9v437","M_no_W_exp","portfolio_2026-09-15.csv","MnoWe_2","MnoWe_2__g4",2,"exp",590,1
"9mimenbo","M_no_W_exp","portfolio_2026-09-15.csv","MnoWe_2","MnoWe_2__g4",2,"exp",350,-1
"hn8non3y","M_no_W_exp","portfolio_2026-09-15.csv","MnoWe_2","MnoWe_2__g4",2,"exp",400,-1
"x06ipo6j","M_no_W_exp","portfolio_2026-09-15.csv","MnoWe_2","MnoWe_2__g5",2,"exp",300,-1
"n9iynxtq","M_no_W_exp","portfolio_2026-09-15.csv","MnoWe_2","MnoWe_2__g5",2,"exp",351,1
"diqkyqqr","M_no_W_exp","portfolio_2026-09-15.csv","MnoWe_2","MnoWe_2__g5",2,"exp",350,0
"hi0vl1bf","M_no_W_exp","portfolio_2026-09-15.csv","MnoWe_2","MnoWe_2__g5",2,"exp",355,1
"u3a33dgt","M_no_W_exp","portfolio_2026-09-15.csv","MnoWe_2","MnoWe_2__g5",2,"exp",180,-1
"u4sl54xk","M_no_W_exp","portfolio_2026-09-15.csv","MnoWe_2","MnoWe_2__g1",3,"exp",210,1
"q2jobopa","M_no_W_exp","portfolio_2026-09-15.csv","MnoWe_2","MnoWe_2__g1",3,"exp",250,1
"9xg7erl3","M_no_W_exp","portfolio_2026-09-15.csv","MnoWe_2","MnoWe_2__g1",3,"exp",200,-1
"ixl976y0","M_no_W_exp","portfolio_2026-09-15.csv","MnoWe_2","MnoWe_2__g1",3,"exp",180,-1
"nqlqeq8n","M_no_W_exp","portfolio_2026-09-15.csv","MnoWe_2","MnoWe_2__g1",3,"exp",200,0
"d10dwe1h","M_no_W_exp","portfolio_2026-09-15.csv","MnoWe_2","MnoWe_2__g2",3,"exp",300,-1
"0yq0zebw","M_no_W_exp","portfolio_2026-09-15.csv","MnoWe_2","MnoWe_2__g2",3,"exp",400,1
"7sfhy51b","M_no_W_exp","portfolio_2026-09-15.csv","MnoWe_2","MnoWe_2__g2",3,"exp",335,0
"pgjj4tqg","M_no_W_exp","portfolio_2026-09-15.csv","MnoWe_2","MnoWe_2__g2",3,"exp",240,-1
"z4s8evj8","M_no_W_exp","portfolio_2026-09-15.csv","MnoWe_2","MnoWe_2__g2",3,"exp",350,1
"e8h7gvii","M_no_W_exp","portfolio_2026-09-15.csv","MnoWe_2","MnoWe_2__g3",3,"exp",350,-1
"yt1cbpza","M_no_W_exp","portfolio_2026-09-15.csv","MnoWe_2","MnoWe_2__g3",3,"exp",500,1
"0i38ht6y","M_no_W_exp","portfolio_2026-09-15.csv","MnoWe_2","MnoWe_2__g3",3,"exp",350,0
"xyqf41ao","M_no_W_exp","portfolio_2026-09-15.csv","MnoWe_2","MnoWe_2__g3",3,"exp",150,-1
"g9pquzkd","M_no_W_exp","portfolio_2026-09-15.csv","MnoWe_2","MnoWe_2__g3",3,"exp",510,1
"7ww48hi4","M_no_W_exp","portfolio_2026-09-15.csv","MnoWe_2","MnoWe_2__g4",3,"exp",501,0
"5fdw0rg1","M_no_W_exp","portfolio_2026-09-15.csv","MnoWe_2","MnoWe_2__g4",3,"exp",530,1
"h7o9v437","M_no_W_exp","portfolio_2026-09-15.csv","MnoWe_2","MnoWe_2__g4",3,"exp",599,1
"9mimenbo","M_no_W_exp","portfolio_2026-09-15.csv","MnoWe_2","MnoWe_2__g4",3,"exp",450,-1
"hn8non3y","M_no_W_exp","portfolio_2026-09-15.csv","MnoWe_2","MnoWe_2__g4",3,"exp",400,-1
"x06ipo6j","M_no_W_exp","portfolio_2026-09-15.csv","MnoWe_2","MnoWe_2__g5",3,"exp",308,-1
"n9iynxtq","M_no_W_exp","portfolio_2026-09-15.csv","MnoWe_2","MnoWe_2__g5",3,"exp",351,1
"diqkyqqr","M_no_W_exp","portfolio_2026-09-15.csv","MnoWe_2","MnoWe_2__g5",3,"exp",360,1
"hi0vl1bf","M_no_W_exp","portfolio_2026-09-15.csv","MnoWe_2","MnoWe_2__g5",3,"exp",351,0
"u3a33dgt","M_no_W_exp","portfolio_2026-09-15.csv","MnoWe_2","MnoWe_2__g5",3,"exp",180,-1
"u4sl54xk","M_no_W_exp","portfolio_2026-09-15.csv","MnoWe_2","MnoWe_2__g1",4,"exp",199,-1
"q2jobopa","M_no_W_exp","portfolio_2026-09-15.csv","MnoWe_2","MnoWe_2__g1",4,"exp",200,-1
"9xg7erl3","M_no_W_exp","portfolio_2026-09-15.csv","MnoWe_2","MnoWe_2__g1",4,"exp",201,0
"ixl976y0","M_no_W_exp","portfolio_2026-09-15.csv","MnoWe_2","MnoWe_2__g1",4,"exp",210,1
"nqlqeq8n","M_no_W_exp","portfolio_2026-09-15.csv","MnoWe_2","MnoWe_2__g1",4,"exp",220,1
"d10dwe1h","M_no_W_exp","portfolio_2026-09-15.csv","MnoWe_2","MnoWe_2__g2",4,"exp",400,1
"0yq0zebw","M_no_W_exp","portfolio_2026-09-15.csv","MnoWe_2","MnoWe_2__g2",4,"exp",400,1
"7sfhy51b","M_no_W_exp","portfolio_2026-09-15.csv","MnoWe_2","MnoWe_2__g2",4,"exp",330,-1
"pgjj4tqg","M_no_W_exp","portfolio_2026-09-15.csv","MnoWe_2","MnoWe_2__g2",4,"exp",340,0
"z4s8evj8","M_no_W_exp","portfolio_2026-09-15.csv","MnoWe_2","MnoWe_2__g2",4,"exp",300,-1
"e8h7gvii","M_no_W_exp","portfolio_2026-09-15.csv","MnoWe_2","MnoWe_2__g3",4,"exp",400,-1
"yt1cbpza","M_no_W_exp","portfolio_2026-09-15.csv","MnoWe_2","MnoWe_2__g3",4,"exp",450,0
"0i38ht6y","M_no_W_exp","portfolio_2026-09-15.csv","MnoWe_2","MnoWe_2__g3",4,"exp",350,-1
"xyqf41ao","M_no_W_exp","portfolio_2026-09-15.csv","MnoWe_2","MnoWe_2__g3",4,"exp",450,1
"g9pquzkd","M_no_W_exp","portfolio_2026-09-15.csv","MnoWe_2","MnoWe_2__g3",4,"exp",540,1
"7ww48hi4","M_no_W_exp","portfolio_2026-09-15.csv","MnoWe_2","MnoWe_2__g4",4,"exp",450,-1
"5fdw0rg1","M_no_W_exp","portfolio_2026-09-15.csv","MnoWe_2","MnoWe_2__g4",4,"exp",550,0
"h7o9v437","M_no_W_exp","portfolio_2026-09-15.csv","MnoWe_2","MnoWe_2__g4",4,"exp",599,1
"9mimenbo","M_no_W_exp","portfolio_2026-09-15.csv","MnoWe_2","MnoWe_2__g4",4,"exp",550,1
"hn8non3y","M_no_W_exp","portfolio_2026-09-15.csv","MnoWe_2","MnoWe_2__g4",4,"exp",10,-1
"x06ipo6j","M_no_W_exp","portfolio_2026-09-15.csv","MnoWe_2","MnoWe_2__g5",4,"exp",348,-1
"n9iynxtq","M_no_W_exp","portfolio_2026-09-15.csv","MnoWe_2","MnoWe_2__g5",4,"exp",352,0
"diqkyqqr","M_no_W_exp","portfolio_2026-09-15.csv","MnoWe_2","MnoWe_2__g5",4,"exp",360,1
"hi0vl1bf","M_no_W_exp","portfolio_2026-09-15.csv","MnoWe_2","MnoWe_2__g5",4,"exp",353,1
"u3a33dgt","M_no_W_exp","portfolio_2026-09-15.csv","MnoWe_2","MnoWe_2__g5",4,"exp",170,-1
"u4sl54xk","M_no_W_exp","portfolio_2026-09-15.csv","MnoWe_2","MnoWe_2__g1",5,"exp",199,-1
"q2jobopa","M_no_W_exp","portfolio_2026-09-15.csv","MnoWe_2","MnoWe_2__g1",5,"exp",202,0
"9xg7erl3","M_no_W_exp","portfolio_2026-09-15.csv","MnoWe_2","MnoWe_2__g1",5,"exp",202,1
"ixl976y0","M_no_W_exp","portfolio_2026-09-15.csv","MnoWe_2","MnoWe_2__g1",5,"exp",210,1
"nqlqeq8n","M_no_W_exp","portfolio_2026-09-15.csv","MnoWe_2","MnoWe_2__g1",5,"exp",200,-1
"d10dwe1h","M_no_W_exp","portfolio_2026-09-15.csv","MnoWe_2","MnoWe_2__g2",5,"exp",500,1
"0yq0zebw","M_no_W_exp","portfolio_2026-09-15.csv","MnoWe_2","MnoWe_2__g2",5,"exp",365,0
"7sfhy51b","M_no_W_exp","portfolio_2026-09-15.csv","MnoWe_2","MnoWe_2__g2",5,"exp",341,-1
"pgjj4tqg","M_no_W_exp","portfolio_2026-09-15.csv","MnoWe_2","MnoWe_2__g2",5,"exp",375,1
"z4s8evj8","M_no_W_exp","portfolio_2026-09-15.csv","MnoWe_2","MnoWe_2__g2",5,"exp",250,-1
"e8h7gvii","M_no_W_exp","portfolio_2026-09-15.csv","MnoWe_2","MnoWe_2__g3",5,"exp",460,1
"yt1cbpza","M_no_W_exp","portfolio_2026-09-15.csv","MnoWe_2","MnoWe_2__g3",5,"exp",400,-1
"0i38ht6y","M_no_W_exp","portfolio_2026-09-15.csv","MnoWe_2","MnoWe_2__g3",5,"exp",450,-1
"xyqf41ao","M_no_W_exp","portfolio_2026-09-15.csv","MnoWe_2","MnoWe_2__g3",5,"exp",450,0
"g9pquzkd","M_no_W_exp","portfolio_2026-09-15.csv","MnoWe_2","MnoWe_2__g3",5,"exp",570,1
"7ww48hi4","M_no_W_exp","portfolio_2026-09-15.csv","MnoWe_2","MnoWe_2__g4",5,"exp",590,1
"5fdw0rg1","M_no_W_exp","portfolio_2026-09-15.csv","MnoWe_2","MnoWe_2__g4",5,"exp",580,0
"h7o9v437","M_no_W_exp","portfolio_2026-09-15.csv","MnoWe_2","MnoWe_2__g4",5,"exp",599,1
"9mimenbo","M_no_W_exp","portfolio_2026-09-15.csv","MnoWe_2","MnoWe_2__g4",5,"exp",560,-1
"hn8non3y","M_no_W_exp","portfolio_2026-09-15.csv","MnoWe_2","MnoWe_2__g4",5,"exp",10,-1
"x06ipo6j","M_no_W_exp","portfolio_2026-09-15.csv","MnoWe_2","MnoWe_2__g5",5,"exp",351,1
"n9iynxtq","M_no_W_exp","portfolio_2026-09-15.csv","MnoWe_2","MnoWe_2__g5",5,"exp",351,0
"diqkyqqr","M_no_W_exp","portfolio_2026-09-15.csv","MnoWe_2","MnoWe_2__g5",5,"exp",350,-1
"hi0vl1bf","M_no_W_exp","portfolio_2026-09-15.csv","MnoWe_2","MnoWe_2__g5",5,"exp",354,1
"u3a33dgt","M_no_W_exp","portfolio_2026-09-15.csv","MnoWe_2","MnoWe_2__g5",5,"exp",170,-1
"u4sl54xk","M_no_W_exp","portfolio_2026-09-15.csv","MnoWe_2","MnoWe_2__g1",6,"exp",205,1
"q2jobopa","M_no_W_exp","portfolio_2026-09-15.csv","MnoWe_2","MnoWe_2__g1",6,"exp",200,-1
"9xg7erl3","M_no_W_exp","portfolio_2026-09-15.csv","MnoWe_2","MnoWe_2__g1",6,"exp",203,1
"ixl976y0","M_no_W_exp","portfolio_2026-09-15.csv","MnoWe_2","MnoWe_2__g1",6,"exp",202,-1
"nqlqeq8n","M_no_W_exp","portfolio_2026-09-15.csv","MnoWe_2","MnoWe_2__g1",6,"exp",202,0
"d10dwe1h","M_no_W_exp","portfolio_2026-09-15.csv","MnoWe_2","MnoWe_2__g2",6,"exp",300,0
"0yq0zebw","M_no_W_exp","portfolio_2026-09-15.csv","MnoWe_2","MnoWe_2__g2",6,"exp",100,-1
"7sfhy51b","M_no_W_exp","portfolio_2026-09-15.csv","MnoWe_2","MnoWe_2__g2",6,"exp",370,1
"pgjj4tqg","M_no_W_exp","portfolio_2026-09-15.csv","MnoWe_2","MnoWe_2__g2",6,"exp",375,1
"z4s8evj8","M_no_W_exp","portfolio_2026-09-15.csv","MnoWe_2","MnoWe_2__g2",6,"exp",300,-1
"e8h7gvii","M_no_W_exp","portfolio_2026-09-15.csv","MnoWe_2","MnoWe_2__g3",6,"exp",460,-1
"yt1cbpza","M_no_W_exp","portfolio_2026-09-15.csv","MnoWe_2","MnoWe_2__g3",6,"exp",500,1
"0i38ht6y","M_no_W_exp","portfolio_2026-09-15.csv","MnoWe_2","MnoWe_2__g3",6,"exp",500,1
"xyqf41ao","M_no_W_exp","portfolio_2026-09-15.csv","MnoWe_2","MnoWe_2__g3",6,"exp",450,-1
"g9pquzkd","M_no_W_exp","portfolio_2026-09-15.csv","MnoWe_2","MnoWe_2__g3",6,"exp",492,0
"7ww48hi4","M_no_W_exp","portfolio_2026-09-15.csv","MnoWe_2","MnoWe_2__g4",6,"exp",565,-1
"5fdw0rg1","M_no_W_exp","portfolio_2026-09-15.csv","MnoWe_2","MnoWe_2__g4",6,"exp",590,1
"h7o9v437","M_no_W_exp","portfolio_2026-09-15.csv","MnoWe_2","MnoWe_2__g4",6,"exp",599,1
"9mimenbo","M_no_W_exp","portfolio_2026-09-15.csv","MnoWe_2","MnoWe_2__g4",6,"exp",590,0
"hn8non3y","M_no_W_exp","portfolio_2026-09-15.csv","MnoWe_2","MnoWe_2__g4",6,"exp",580,-1
"x06ipo6j","M_no_W_exp","portfolio_2026-09-15.csv","MnoWe_2","MnoWe_2__g5",6,"exp",349,-1
"n9iynxtq","M_no_W_exp","portfolio_2026-09-15.csv","MnoWe_2","MnoWe_2__g5",6,"exp",350,0
"diqkyqqr","M_no_W_exp","portfolio_2026-09-15.csv","MnoWe_2","MnoWe_2__g5",6,"exp",350,1
"hi0vl1bf","M_no_W_exp","portfolio_2026-09-15.csv","MnoWe_2","MnoWe_2__g5",6,"exp",353,1
"u3a33dgt","M_no_W_exp","portfolio_2026-09-15.csv","MnoWe_2","MnoWe_2__g5",6,"exp",170,-1
"u4sl54xk","M_no_W_exp","portfolio_2026-09-15.csv","MnoWe_2","MnoWe_2__g1",7,"exp",205,1
"q2jobopa","M_no_W_exp","portfolio_2026-09-15.csv","MnoWe_2","MnoWe_2__g1",7,"exp",201,-1
"9xg7erl3","M_no_W_exp","portfolio_2026-09-15.csv","MnoWe_2","MnoWe_2__g1",7,"exp",203,1
"ixl976y0","M_no_W_exp","portfolio_2026-09-15.csv","MnoWe_2","MnoWe_2__g1",7,"exp",202,0
"nqlqeq8n","M_no_W_exp","portfolio_2026-09-15.csv","MnoWe_2","MnoWe_2__g1",7,"exp",200,-1
"d10dwe1h","M_no_W_exp","portfolio_2026-09-15.csv","MnoWe_2","MnoWe_2__g2",7,"exp",400,1
"0yq0zebw","M_no_W_exp","portfolio_2026-09-15.csv","MnoWe_2","MnoWe_2__g2",7,"exp",330,0
"7sfhy51b","M_no_W_exp","portfolio_2026-09-15.csv","MnoWe_2","MnoWe_2__g2",7,"exp",340,1
"pgjj4tqg","M_no_W_exp","portfolio_2026-09-15.csv","MnoWe_2","MnoWe_2__g2",7,"exp",300,-1
"z4s8evj8","M_no_W_exp","portfolio_2026-09-15.csv","MnoWe_2","MnoWe_2__g2",7,"exp",250,-1
"e8h7gvii","M_no_W_exp","portfolio_2026-09-15.csv","MnoWe_2","MnoWe_2__g3",7,"exp",400,-1
"yt1cbpza","M_no_W_exp","portfolio_2026-09-15.csv","MnoWe_2","MnoWe_2__g3",7,"exp",520,1
"0i38ht6y","M_no_W_exp","portfolio_2026-09-15.csv","MnoWe_2","MnoWe_2__g3",7,"exp",490,0
"xyqf41ao","M_no_W_exp","portfolio_2026-09-15.csv","MnoWe_2","MnoWe_2__g3",7,"exp",490,-1
"g9pquzkd","M_no_W_exp","portfolio_2026-09-15.csv","MnoWe_2","MnoWe_2__g3",7,"exp",516,1
"7ww48hi4","M_no_W_exp","portfolio_2026-09-15.csv","MnoWe_2","MnoWe_2__g4",7,"exp",595,0
"5fdw0rg1","M_no_W_exp","portfolio_2026-09-15.csv","MnoWe_2","MnoWe_2__g4",7,"exp",400,-1
"h7o9v437","M_no_W_exp","portfolio_2026-09-15.csv","MnoWe_2","MnoWe_2__g4",7,"exp",599,1
"9mimenbo","M_no_W_exp","portfolio_2026-09-15.csv","MnoWe_2","MnoWe_2__g4",7,"exp",599,1
"hn8non3y","M_no_W_exp","portfolio_2026-09-15.csv","MnoWe_2","MnoWe_2__g4",7,"exp",10,-1
"x06ipo6j","M_no_W_exp","portfolio_2026-09-15.csv","MnoWe_2","MnoWe_2__g5",7,"exp",352,1
"n9iynxtq","M_no_W_exp","portfolio_2026-09-15.csv","MnoWe_2","MnoWe_2__g5",7,"exp",351,0
"diqkyqqr","M_no_W_exp","portfolio_2026-09-15.csv","MnoWe_2","MnoWe_2__g5",7,"exp",345,-1
"hi0vl1bf","M_no_W_exp","portfolio_2026-09-15.csv","MnoWe_2","MnoWe_2__g5",7,"exp",351,1
"u3a33dgt","M_no_W_exp","portfolio_2026-09-15.csv","MnoWe_2","MnoWe_2__g5",7,"exp",170,-1
"u4sl54xk","M_no_W_exp","portfolio_2026-09-15.csv","MnoWe_2","MnoWe_2__g1",8,"exp",200,-1
"q2jobopa","M_no_W_exp","portfolio_2026-09-15.csv","MnoWe_2","MnoWe_2__g1",8,"exp",202,1
"9xg7erl3","M_no_W_exp","portfolio_2026-09-15.csv","MnoWe_2","MnoWe_2__g1",8,"exp",203,1
"ixl976y0","M_no_W_exp","portfolio_2026-09-15.csv","MnoWe_2","MnoWe_2__g1",8,"exp",202,-1
"nqlqeq8n","M_no_W_exp","portfolio_2026-09-15.csv","MnoWe_2","MnoWe_2__g1",8,"exp",202,0
"d10dwe1h","M_no_W_exp","portfolio_2026-09-15.csv","MnoWe_2","MnoWe_2__g2",8,"exp",380,1
"0yq0zebw","M_no_W_exp","portfolio_2026-09-15.csv","MnoWe_2","MnoWe_2__g2",8,"exp",299,-1
"7sfhy51b","M_no_W_exp","portfolio_2026-09-15.csv","MnoWe_2","MnoWe_2__g2",8,"exp",315,1
"pgjj4tqg","M_no_W_exp","portfolio_2026-09-15.csv","MnoWe_2","MnoWe_2__g2",8,"exp",300,0
"z4s8evj8","M_no_W_exp","portfolio_2026-09-15.csv","MnoWe_2","MnoWe_2__g2",8,"exp",250,-1
"e8h7gvii","M_no_W_exp","portfolio_2026-09-15.csv","MnoWe_2","MnoWe_2__g3",8,"exp",500,0
"yt1cbpza","M_no_W_exp","portfolio_2026-09-15.csv","MnoWe_2","MnoWe_2__g3",8,"exp",500,-1
"0i38ht6y","M_no_W_exp","portfolio_2026-09-15.csv","MnoWe_2","MnoWe_2__g3",8,"exp",490,-1
"xyqf41ao","M_no_W_exp","portfolio_2026-09-15.csv","MnoWe_2","MnoWe_2__g3",8,"exp",500,1
"g9pquzkd","M_no_W_exp","portfolio_2026-09-15.csv","MnoWe_2","MnoWe_2__g3",8,"exp",552,1
"7ww48hi4","M_no_W_exp","portfolio_2026-09-15.csv","MnoWe_2","MnoWe_2__g4",8,"exp",595,1
"5fdw0rg1","M_no_W_exp","portfolio_2026-09-15.csv","MnoWe_2","MnoWe_2__g4",8,"exp",590,0
"h7o9v437","M_no_W_exp","portfolio_2026-09-15.csv","MnoWe_2","MnoWe_2__g4",8,"exp",599,1
"9mimenbo","M_no_W_exp","portfolio_2026-09-15.csv","MnoWe_2","MnoWe_2__g4",8,"exp",590,-1
"hn8non3y","M_no_W_exp","portfolio_2026-09-15.csv","MnoWe_2","MnoWe_2__g4",8,"exp",5,-1
"x06ipo6j","M_no_W_exp","portfolio_2026-09-15.csv","MnoWe_2","MnoWe_2__g5",8,"exp",351,0
"n9iynxtq","M_no_W_exp","portfolio_2026-09-15.csv","MnoWe_2","MnoWe_2__g5",8,"exp",352,1
"diqkyqqr","M_no_W_exp","portfolio_2026-09-15.csv","MnoWe_2","MnoWe_2__g5",8,"exp",350,-1
"hi0vl1bf","M_no_W_exp","portfolio_2026-09-15.csv","MnoWe_2","MnoWe_2__g5",8,"exp",352,1
"u3a33dgt","M_no_W_exp","portfolio_2026-09-15.csv","MnoWe_2","MnoWe_2__g5",8,"exp",170,-1
"u4sl54xk","M_no_W_exp","portfolio_2026-09-15.csv","MnoWe_2","MnoWe_2__g1",9,"exp",200,-1
"q2jobopa","M_no_W_exp","portfolio_2026-09-15.csv","MnoWe_2","MnoWe_2__g1",9,"exp",202,0
"9xg7erl3","M_no_W_exp","portfolio_2026-09-15.csv","MnoWe_2","MnoWe_2__g1",9,"exp",203,1
"ixl976y0","M_no_W_exp","portfolio_2026-09-15.csv","MnoWe_2","MnoWe_2__g1",9,"exp",203,1
"nqlqeq8n","M_no_W_exp","portfolio_2026-09-15.csv","MnoWe_2","MnoWe_2__g1",9,"exp",201,-1
"d10dwe1h","M_no_W_exp","portfolio_2026-09-15.csv","MnoWe_2","MnoWe_2__g2",9,"exp",380,1
"0yq0zebw","M_no_W_exp","portfolio_2026-09-15.csv","MnoWe_2","MnoWe_2__g2",9,"exp",300,-1
"7sfhy51b","M_no_W_exp","portfolio_2026-09-15.csv","MnoWe_2","MnoWe_2__g2",9,"exp",300,0
"pgjj4tqg","M_no_W_exp","portfolio_2026-09-15.csv","MnoWe_2","MnoWe_2__g2",9,"exp",301,1
"z4s8evj8","M_no_W_exp","portfolio_2026-09-15.csv","MnoWe_2","MnoWe_2__g2",9,"exp",250,-1
"e8h7gvii","M_no_W_exp","portfolio_2026-09-15.csv","MnoWe_2","MnoWe_2__g3",9,"exp",10,-1
"yt1cbpza","M_no_W_exp","portfolio_2026-09-15.csv","MnoWe_2","MnoWe_2__g3",9,"exp",550,1
"0i38ht6y","M_no_W_exp","portfolio_2026-09-15.csv","MnoWe_2","MnoWe_2__g3",9,"exp",500,0
"xyqf41ao","M_no_W_exp","portfolio_2026-09-15.csv","MnoWe_2","MnoWe_2__g3",9,"exp",500,-1
"g9pquzkd","M_no_W_exp","portfolio_2026-09-15.csv","MnoWe_2","MnoWe_2__g3",9,"exp",576,1
"7ww48hi4","M_no_W_exp","portfolio_2026-09-15.csv","MnoWe_2","MnoWe_2__g4",9,"exp",599,1
"5fdw0rg1","M_no_W_exp","portfolio_2026-09-15.csv","MnoWe_2","MnoWe_2__g4",9,"exp",599,1
"h7o9v437","M_no_W_exp","portfolio_2026-09-15.csv","MnoWe_2","MnoWe_2__g4",9,"exp",599,0
"9mimenbo","M_no_W_exp","portfolio_2026-09-15.csv","MnoWe_2","MnoWe_2__g4",9,"exp",580,-1
"hn8non3y","M_no_W_exp","portfolio_2026-09-15.csv","MnoWe_2","MnoWe_2__g4",9,"exp",5,-1
"x06ipo6j","M_no_W_exp","portfolio_2026-09-15.csv","MnoWe_2","MnoWe_2__g5",9,"exp",352,0
"n9iynxtq","M_no_W_exp","portfolio_2026-09-15.csv","MnoWe_2","MnoWe_2__g5",9,"exp",351,-1
"diqkyqqr","M_no_W_exp","portfolio_2026-09-15.csv","MnoWe_2","MnoWe_2__g5",9,"exp",355,1
"hi0vl1bf","M_no_W_exp","portfolio_2026-09-15.csv","MnoWe_2","MnoWe_2__g5",9,"exp",352,1
"u3a33dgt","M_no_W_exp","portfolio_2026-09-15.csv","MnoWe_2","MnoWe_2__g5",9,"exp",170,-1
"u4sl54xk","M_no_W_exp","portfolio_2026-09-15.csv","MnoWe_2","MnoWe_2__g1",10,"exp",300,1
"q2jobopa","M_no_W_exp","portfolio_2026-09-15.csv","MnoWe_2","MnoWe_2__g1",10,"exp",202,0
"9xg7erl3","M_no_W_exp","portfolio_2026-09-15.csv","MnoWe_2","MnoWe_2__g1",10,"exp",203,1
"ixl976y0","M_no_W_exp","portfolio_2026-09-15.csv","MnoWe_2","MnoWe_2__g1",10,"exp",202,-1
"nqlqeq8n","M_no_W_exp","portfolio_2026-09-15.csv","MnoWe_2","MnoWe_2__g1",10,"exp",201,-1
"d10dwe1h","M_no_W_exp","portfolio_2026-09-15.csv","MnoWe_2","MnoWe_2__g2",10,"exp",380,1
"0yq0zebw","M_no_W_exp","portfolio_2026-09-15.csv","MnoWe_2","MnoWe_2__g2",10,"exp",300,1
"7sfhy51b","M_no_W_exp","portfolio_2026-09-15.csv","MnoWe_2","MnoWe_2__g2",10,"exp",299,0
"pgjj4tqg","M_no_W_exp","portfolio_2026-09-15.csv","MnoWe_2","MnoWe_2__g2",10,"exp",299,-1
"z4s8evj8","M_no_W_exp","portfolio_2026-09-15.csv","MnoWe_2","MnoWe_2__g2",10,"exp",250,-1
"e8h7gvii","M_no_W_exp","portfolio_2026-09-15.csv","MnoWe_2","MnoWe_2__g3",10,"exp",10,-1
"yt1cbpza","M_no_W_exp","portfolio_2026-09-15.csv","MnoWe_2","MnoWe_2__g3",10,"exp",500,-1
"0i38ht6y","M_no_W_exp","portfolio_2026-09-15.csv","MnoWe_2","MnoWe_2__g3",10,"exp",510,1
"xyqf41ao","M_no_W_exp","portfolio_2026-09-15.csv","MnoWe_2","MnoWe_2__g3",10,"exp",500,0
"g9pquzkd","M_no_W_exp","portfolio_2026-09-15.csv","MnoWe_2","MnoWe_2__g3",10,"exp",582,1
"7ww48hi4","M_no_W_exp","portfolio_2026-09-15.csv","MnoWe_2","MnoWe_2__g4",10,"exp",598,0
"5fdw0rg1","M_no_W_exp","portfolio_2026-09-15.csv","MnoWe_2","MnoWe_2__g4",10,"exp",590,-1
"h7o9v437","M_no_W_exp","portfolio_2026-09-15.csv","MnoWe_2","MnoWe_2__g4",10,"exp",598,1
"9mimenbo","M_no_W_exp","portfolio_2026-09-15.csv","MnoWe_2","MnoWe_2__g4",10,"exp",599,1
"hn8non3y","M_no_W_exp","portfolio_2026-09-15.csv","MnoWe_2","MnoWe_2__g4",10,"exp",1,-1
"x06ipo6j","M_no_W_exp","portfolio_2026-09-15.csv","MnoWe_2","MnoWe_2__g5",10,"exp",347,0
"n9iynxtq","M_no_W_exp","portfolio_2026-09-15.csv","MnoWe_2","MnoWe_2__g5",10,"exp",352,1
"diqkyqqr","M_no_W_exp","portfolio_2026-09-15.csv","MnoWe_2","MnoWe_2__g5",10,"exp",100,-1
"hi0vl1bf","M_no_W_exp","portfolio_2026-09-15.csv","MnoWe_2","MnoWe_2__g5",10,"exp",355,1
"u3a33dgt","M_no_W_exp","portfolio_2026-09-15.csv","MnoWe_2","MnoWe_2__g5",10,"exp",170,-1
"fwrj2jat","M_exp_W_exp","portfolio_2026-09-15.csv","bothe_1","bothe_1__g1",1,"no",11,-1
"0vigghqi","M_exp_W_exp","portfolio_2026-09-15.csv","bothe_1","bothe_1__g1",1,"no",300,1
"xu6xugdp","M_exp_W_exp","portfolio_2026-09-15.csv","bothe_1","bothe_1__g1",1,"no",100,-1
"9nn00jux","M_exp_W_exp","portfolio_2026-09-15.csv","bothe_1","bothe_1__g1",1,"no",110,0
"d8azp69w","M_exp_W_exp","portfolio_2026-09-15.csv","bothe_1","bothe_1__g1",1,"no",200,1
"g5ct4rg0","M_exp_W_exp","portfolio_2026-09-15.csv","bothe_1","bothe_1__g2",1,"no",1,-1
"utr109q6","M_exp_W_exp","portfolio_2026-09-15.csv","bothe_1","bothe_1__g2",1,"no",100,-1
"uza1lz8f","M_exp_W_exp","portfolio_2026-09-15.csv","bothe_1","bothe_1__g2",1,"no",197,1
"3z6ed32t","M_exp_W_exp","portfolio_2026-09-15.csv","bothe_1","bothe_1__g2",1,"no",599,1
"pzsakpjx","M_exp_W_exp","portfolio_2026-09-15.csv","bothe_1","bothe_1__g2",1,"no",150,0
"h4hoh39u","M_exp_W_exp","portfolio_2026-09-15.csv","bothe_1","bothe_1__g3",1,"no",150,-1
"jzoxfyc2","M_exp_W_exp","portfolio_2026-09-15.csv","bothe_1","bothe_1__g3",1,"no",220,1
"dqn940v4","M_exp_W_exp","portfolio_2026-09-15.csv","bothe_1","bothe_1__g3",1,"no",150,-1
"5l1yk0gm","M_exp_W_exp","portfolio_2026-09-15.csv","bothe_1","bothe_1__g3",1,"no",200,0
"3fdg4ref","M_exp_W_exp","portfolio_2026-09-15.csv","bothe_1","bothe_1__g3",1,"no",200,1
"iliayit3","M_exp_W_exp","portfolio_2026-09-15.csv","bothe_1","bothe_1__g4",1,"no",200,1
"hpzf5xgg","M_exp_W_exp","portfolio_2026-09-15.csv","bothe_1","bothe_1__g4",1,"no",50,-1
"3th28718","M_exp_W_exp","portfolio_2026-09-15.csv","bothe_1","bothe_1__g4",1,"no",100,-1
"hh695q6a","M_exp_W_exp","portfolio_2026-09-15.csv","bothe_1","bothe_1__g4",1,"no",200,1
"2w7wmunp","M_exp_W_exp","portfolio_2026-09-15.csv","bothe_1","bothe_1__g4",1,"no",152,0
"2fon3kdf","M_exp_W_exp","portfolio_2026-09-15.csv","bothe_1","bothe_1__g5",1,"no",300,1
"0vm37wcl","M_exp_W_exp","portfolio_2026-09-15.csv","bothe_1","bothe_1__g5",1,"no",100,-1
"9902h2kd","M_exp_W_exp","portfolio_2026-09-15.csv","bothe_1","bothe_1__g5",1,"no",201,0
"snwy0w01","M_exp_W_exp","portfolio_2026-09-15.csv","bothe_1","bothe_1__g5",1,"no",115,-1
"yaickank","M_exp_W_exp","portfolio_2026-09-15.csv","bothe_1","bothe_1__g5",1,"no",250,1
"fwrj2jat","M_exp_W_exp","portfolio_2026-09-15.csv","bothe_1","bothe_1__g1",2,"no",113,1
"0vigghqi","M_exp_W_exp","portfolio_2026-09-15.csv","bothe_1","bothe_1__g1",2,"no",50,-1
"xu6xugdp","M_exp_W_exp","portfolio_2026-09-15.csv","bothe_1","bothe_1__g1",2,"no",110,1
"9nn00jux","M_exp_W_exp","portfolio_2026-09-15.csv","bothe_1","bothe_1__g1",2,"no",105,0
"d8azp69w","M_exp_W_exp","portfolio_2026-09-15.csv","bothe_1","bothe_1__g1",2,"no",100,-1
"g5ct4rg0","M_exp_W_exp","portfolio_2026-09-15.csv","bothe_1","bothe_1__g2",2,"no",190,1
"utr109q6","M_exp_W_exp","portfolio_2026-09-15.csv","bothe_1","bothe_1__g2",2,"no",300,1
"uza1lz8f","M_exp_W_exp","portfolio_2026-09-15.csv","bothe_1","bothe_1__g2",2,"no",50,-1
"3z6ed32t","M_exp_W_exp","portfolio_2026-09-15.csv","bothe_1","bothe_1__g2",2,"no",160,0
"pzsakpjx","M_exp_W_exp","portfolio_2026-09-15.csv","bothe_1","bothe_1__g2",2,"no",150,-1
"h4hoh39u","M_exp_W_exp","portfolio_2026-09-15.csv","bothe_1","bothe_1__g3",2,"no",200,1
"jzoxfyc2","M_exp_W_exp","portfolio_2026-09-15.csv","bothe_1","bothe_1__g3",2,"no",150,-1
"dqn940v4","M_exp_W_exp","portfolio_2026-09-15.csv","bothe_1","bothe_1__g3",2,"no",180,-1
"5l1yk0gm","M_exp_W_exp","portfolio_2026-09-15.csv","bothe_1","bothe_1__g3",2,"no",250,1
"3fdg4ref","M_exp_W_exp","portfolio_2026-09-15.csv","bothe_1","bothe_1__g3",2,"no",200,0
"iliayit3","M_exp_W_exp","portfolio_2026-09-15.csv","bothe_1","bothe_1__g4",2,"no",150,1
"hpzf5xgg","M_exp_W_exp","portfolio_2026-09-15.csv","bothe_1","bothe_1__g4",2,"no",50,-1
"3th28718","M_exp_W_exp","portfolio_2026-09-15.csv","bothe_1","bothe_1__g4",2,"no",150,0
"hh695q6a","M_exp_W_exp","portfolio_2026-09-15.csv","bothe_1","bothe_1__g4",2,"no",150,1
"2w7wmunp","M_exp_W_exp","portfolio_2026-09-15.csv","bothe_1","bothe_1__g4",2,"no",41,-1
"2fon3kdf","M_exp_W_exp","portfolio_2026-09-15.csv","bothe_1","bothe_1__g5",2,"no",301,1
"0vm37wcl","M_exp_W_exp","portfolio_2026-09-15.csv","bothe_1","bothe_1__g5",2,"no",200,-1
"9902h2kd","M_exp_W_exp","portfolio_2026-09-15.csv","bothe_1","bothe_1__g5",2,"no",290,1
"snwy0w01","M_exp_W_exp","portfolio_2026-09-15.csv","bothe_1","bothe_1__g5",2,"no",205,-1
"yaickank","M_exp_W_exp","portfolio_2026-09-15.csv","bothe_1","bothe_1__g5",2,"no",255,0
"fwrj2jat","M_exp_W_exp","portfolio_2026-09-15.csv","bothe_1","bothe_1__g1",3,"no",113,1
"0vigghqi","M_exp_W_exp","portfolio_2026-09-15.csv","bothe_1","bothe_1__g1",3,"no",100,0
"xu6xugdp","M_exp_W_exp","portfolio_2026-09-15.csv","bothe_1","bothe_1__g1",3,"no",101,1
"9nn00jux","M_exp_W_exp","portfolio_2026-09-15.csv","bothe_1","bothe_1__g1",3,"no",90,-1
"d8azp69w","M_exp_W_exp","portfolio_2026-09-15.csv","bothe_1","bothe_1__g1",3,"no",99,-1
"g5ct4rg0","M_exp_W_exp","portfolio_2026-09-15.csv","bothe_1","bothe_1__g2",3,"no",140,-1
"utr109q6","M_exp_W_exp","portfolio_2026-09-15.csv","bothe_1","bothe_1__g2",3,"no",599,1
"uza1lz8f","M_exp_W_exp","portfolio_2026-09-15.csv","bothe_1","bothe_1__g2",3,"no",400,1
"3z6ed32t","M_exp_W_exp","portfolio_2026-09-15.csv","bothe_1","bothe_1__g2",3,"no",180,0
"pzsakpjx","M_exp_W_exp","portfolio_2026-09-15.csv","bothe_1","bothe_1__g2",3,"no",170,-1
"h4hoh39u","M_exp_W_exp","portfolio_2026-09-15.csv","bothe_1","bothe_1__g3",3,"no",175,-1
"jzoxfyc2","M_exp_W_exp","portfolio_2026-09-15.csv","bothe_1","bothe_1__g3",3,"no",165,-1
"dqn940v4","M_exp_W_exp","portfolio_2026-09-15.csv","bothe_1","bothe_1__g3",3,"no",200,1
"5l1yk0gm","M_exp_W_exp","portfolio_2026-09-15.csv","bothe_1","bothe_1__g3",3,"no",225,1
"3fdg4ref","M_exp_W_exp","portfolio_2026-09-15.csv","bothe_1","bothe_1__g3",3,"no",200,0
"iliayit3","M_exp_W_exp","portfolio_2026-09-15.csv","bothe_1","bothe_1__g4",3,"no",150,1
"hpzf5xgg","M_exp_W_exp","portfolio_2026-09-15.csv","bothe_1","bothe_1__g4",3,"no",50,-1
"3th28718","M_exp_W_exp","portfolio_2026-09-15.csv","bothe_1","bothe_1__g4",3,"no",140,0
"hh695q6a","M_exp_W_exp","portfolio_2026-09-15.csv","bothe_1","bothe_1__g4",3,"no",150,1
"2w7wmunp","M_exp_W_exp","portfolio_2026-09-15.csv","bothe_1","bothe_1__g4",3,"no",54,-1
"2fon3kdf","M_exp_W_exp","portfolio_2026-09-15.csv","bothe_1","bothe_1__g5",3,"no",299,1
"0vm37wcl","M_exp_W_exp","portfolio_2026-09-15.csv","bothe_1","bothe_1__g5",3,"no",300,1
"9902h2kd","M_exp_W_exp","portfolio_2026-09-15.csv","bothe_1","bothe_1__g5",3,"no",270,-1
"snwy0w01","M_exp_W_exp","portfolio_2026-09-15.csv","bothe_1","bothe_1__g5",3,"no",277,0
"yaickank","M_exp_W_exp","portfolio_2026-09-15.csv","bothe_1","bothe_1__g5",3,"no",266,-1
"fwrj2jat","M_exp_W_exp","portfolio_2026-09-15.csv","bothe_1","bothe_1__g1",4,"no",105,1
"0vigghqi","M_exp_W_exp","portfolio_2026-09-15.csv","bothe_1","bothe_1__g1",4,"no",97,1
"xu6xugdp","M_exp_W_exp","portfolio_2026-09-15.csv","bothe_1","bothe_1__g1",4,"no",95,0
"9nn00jux","M_exp_W_exp","portfolio_2026-09-15.csv","bothe_1","bothe_1__g1",4,"no",85,-1
"d8azp69w","M_exp_W_exp","portfolio_2026-09-15.csv","bothe_1","bothe_1__g1",4,"no",87,-1
"g5ct4rg0","M_exp_W_exp","portfolio_2026-09-15.csv","bothe_1","bothe_1__g2",4,"no",300,1
"utr109q6","M_exp_W_exp","portfolio_2026-09-15.csv","bothe_1","bothe_1__g2",4,"no",300,1
"uza1lz8f","M_exp_W_exp","portfolio_2026-09-15.csv","bothe_1","bothe_1__g2",4,"no",10,-1
"3z6ed32t","M_exp_W_exp","portfolio_2026-09-15.csv","bothe_1","bothe_1__g2",4,"no",250,0
"pzsakpjx","M_exp_W_exp","portfolio_2026-09-15.csv","bothe_1","bothe_1__g2",4,"no",200,-1
"h4hoh39u","M_exp_W_exp","portfolio_2026-09-15.csv","bothe_1","bothe_1__g3",4,"no",250,1
"jzoxfyc2","M_exp_W_exp","portfolio_2026-09-15.csv","bothe_1","bothe_1__g3",4,"no",190,-1
"dqn940v4","M_exp_W_exp","portfolio_2026-09-15.csv","bothe_1","bothe_1__g3",4,"no",180,-1
"5l1yk0gm","M_exp_W_exp","portfolio_2026-09-15.csv","bothe_1","bothe_1__g3",4,"no",225,1
"3fdg4ref","M_exp_W_exp","portfolio_2026-09-15.csv","bothe_1","bothe_1__g3",4,"no",200,0
"iliayit3","M_exp_W_exp","portfolio_2026-09-15.csv","bothe_1","bothe_1__g4",4,"no",140,1
"hpzf5xgg","M_exp_W_exp","portfolio_2026-09-15.csv","bothe_1","bothe_1__g4",4,"no",130,-1
"3th28718","M_exp_W_exp","portfolio_2026-09-15.csv","bothe_1","bothe_1__g4",4,"no",150,1
"hh695q6a","M_exp_W_exp","portfolio_2026-09-15.csv","bothe_1","bothe_1__g4",4,"no",135,0
"2w7wmunp","M_exp_W_exp","portfolio_2026-09-15.csv","bothe_1","bothe_1__g4",4,"no",120,-1
"2fon3kdf","M_exp_W_exp","portfolio_2026-09-15.csv","bothe_1","bothe_1__g5",4,"no",201,-1
"0vm37wcl","M_exp_W_exp","portfolio_2026-09-15.csv","bothe_1","bothe_1__g5",4,"no",200,-1
"9902h2kd","M_exp_W_exp","portfolio_2026-09-15.csv","bothe_1","bothe_1__g5",4,"no",300,1
"snwy0w01","M_exp_W_exp","portfolio_2026-09-15.csv","bothe_1","bothe_1__g5",4,"no",280,0
"yaickank","M_exp_W_exp","portfolio_2026-09-15.csv","bothe_1","bothe_1__g5",4,"no",285,1
"fwrj2jat","M_exp_W_exp","portfolio_2026-09-15.csv","bothe_1","bothe_1__g1",5,"no",90,1
"0vigghqi","M_exp_W_exp","portfolio_2026-09-15.csv","bothe_1","bothe_1__g1",5,"no",89,1
"xu6xugdp","M_exp_W_exp","portfolio_2026-09-15.csv","bothe_1","bothe_1__g1",5,"no",85,0
"9nn00jux","M_exp_W_exp","portfolio_2026-09-15.csv","bothe_1","bothe_1__g1",5,"no",80,-1
"d8azp69w","M_exp_W_exp","portfolio_2026-09-15.csv","bothe_1","bothe_1__g1",5,"no",83,-1
"g5ct4rg0","M_exp_W_exp","portfolio_2026-09-15.csv","bothe_1","bothe_1__g2",5,"no",300,1
"utr109q6","M_exp_W_exp","portfolio_2026-09-15.csv","bothe_1","bothe_1__g2",5,"no",300,1
"uza1lz8f","M_exp_W_exp","portfolio_2026-09-15.csv","bothe_1","bothe_1__g2",5,"no",140,-1
"3z6ed32t","M_exp_W_exp","portfolio_2026-09-15.csv","bothe_1","bothe_1__g2",5,"no",1,-1
"pzsakpjx","M_exp_W_exp","portfolio_2026-09-15.csv","bothe_1","bothe_1__g2",5,"no",200,0
"h4hoh39u","M_exp_W_exp","portfolio_2026-09-15.csv","bothe_1","bothe_1__g3",5,"no",150,-1
"jzoxfyc2","M_exp_W_exp","portfolio_2026-09-15.csv","bothe_1","bothe_1__g3",5,"no",199,1
"dqn940v4","M_exp_W_exp","portfolio_2026-09-15.csv","bothe_1","bothe_1__g3",5,"no",195,0
"5l1yk0gm","M_exp_W_exp","portfolio_2026-09-15.csv","bothe_1","bothe_1__g3",5,"no",100,-1
"3fdg4ref","M_exp_W_exp","portfolio_2026-09-15.csv","bothe_1","bothe_1__g3",5,"no",300,1
"iliayit3","M_exp_W_exp","portfolio_2026-09-15.csv","bothe_1","bothe_1__g4",5,"no",130,-1
"hpzf5xgg","M_exp_W_exp","portfolio_2026-09-15.csv","bothe_1","bothe_1__g4",5,"no",130,-1
"3th28718","M_exp_W_exp","portfolio_2026-09-15.csv","bothe_1","bothe_1__g4",5,"no",140,1
"hh695q6a","M_exp_W_exp","portfolio_2026-09-15.csv","bothe_1","bothe_1__g4",5,"no",130,0
"2w7wmunp","M_exp_W_exp","portfolio_2026-09-15.csv","bothe_1","bothe_1__g4",5,"no",148,1
"2fon3kdf","M_exp_W_exp","portfolio_2026-09-15.csv","bothe_1","bothe_1__g5",5,"no",288,1
"0vm37wcl","M_exp_W_exp","portfolio_2026-09-15.csv","bothe_1","bothe_1__g5",5,"no",1,-1
"9902h2kd","M_exp_W_exp","portfolio_2026-09-15.csv","bothe_1","bothe_1__g5",5,"no",278,-1
"snwy0w01","M_exp_W_exp","portfolio_2026-09-15.csv","bothe_1","bothe_1__g5",5,"no",286,0
"yaickank","M_exp_W_exp","portfolio_2026-09-15.csv","bothe_1","bothe_1__g5",5,"no",290,1
"fwrj2jat","M_exp_W_exp","portfolio_2026-09-15.csv","bothe_1","bothe_1__g1",6,"no",77,1
"0vigghqi","M_exp_W_exp","portfolio_2026-09-15.csv","bothe_1","bothe_1__g1",6,"no",71,-1
"xu6xugdp","M_exp_W_exp","portfolio_2026-09-15.csv","bothe_1","bothe_1__g1",6,"no",50,-1
"9nn00jux","M_exp_W_exp","portfolio_2026-09-15.csv","bothe_1","bothe_1__g1",6,"no",75,1
"d8azp69w","M_exp_W_exp","portfolio_2026-09-15.csv","bothe_1","bothe_1__g1",6,"no",75,0
"g5ct4rg0","M_exp_W_exp","portfolio_2026-09-15.csv","bothe_1","bothe_1__g2",6,"no",190,-1
"utr109q6","M_exp_W_exp","portfolio_2026-09-15.csv","bothe_1","bothe_1__g2",6,"no",300,1
"uza1lz8f","M_exp_W_exp","portfolio_2026-09-15.csv","bothe_1","bothe_1__g2",6,"no",10,-1
"3z6ed32t","M_exp_W_exp","portfolio_2026-09-15.csv","bothe_1","bothe_1__g2",6,"no",299,1
"pzsakpjx","M_exp_W_exp","portfolio_2026-09-15.csv","bothe_1","bothe_1__g2",6,"no",200,0
"h4hoh39u","M_exp_W_exp","portfolio_2026-09-15.csv","bothe_1","bothe_1__g3",6,"no",150,-1
"jzoxfyc2","M_exp_W_exp","portfolio_2026-09-15.csv","bothe_1","bothe_1__g3",6,"no",165,0
"dqn940v4","M_exp_W_exp","portfolio_2026-09-15.csv","bothe_1","bothe_1__g3",6,"no",200,1
"5l1yk0gm","M_exp_W_exp","portfolio_2026-09-15.csv","bothe_1","bothe_1__g3",6,"no",125,-1
"3fdg4ref","M_exp_W_exp","portfolio_2026-09-15.csv","bothe_1","bothe_1__g3",6,"no",200,1
"iliayit3","M_exp_W_exp","portfolio_2026-09-15.csv","bothe_1","bothe_1__g4",6,"no",200,1
"hpzf5xgg","M_exp_W_exp","portfolio_2026-09-15.csv","bothe_1","bothe_1__g4",6,"no",120,-1
"3th28718","M_exp_W_exp","portfolio_2026-09-15.csv","bothe_1","bothe_1__g4",6,"no",135,0
"hh695q6a","M_exp_W_exp","portfolio_2026-09-15.csv","bothe_1","bothe_1__g4",6,"no",130,-1
"2w7wmunp","M_exp_W_exp","portfolio_2026-09-15.csv","bothe_1","bothe_1__g4",6,"no",137,1
"2fon3kdf","M_exp_W_exp","portfolio_2026-09-15.csv","bothe_1","bothe_1__g5",6,"no",288,0
"0vm37wcl","M_exp_W_exp","portfolio_2026-09-15.csv","bothe_1","bothe_1__g5",6,"no",250,-1
"9902h2kd","M_exp_W_exp","portfolio_2026-09-15.csv","bothe_1","bothe_1__g5",6,"no",285,-1
"snwy0w01","M_exp_W_exp","portfolio_2026-09-15.csv","bothe_1","bothe_1__g5",6,"no",292,1
"yaickank","M_exp_W_exp","portfolio_2026-09-15.csv","bothe_1","bothe_1__g5",6,"no",295,1
"fwrj2jat","M_exp_W_exp","portfolio_2026-09-15.csv","bothe_1","bothe_1__g1",7,"no",65,0
"0vigghqi","M_exp_W_exp","portfolio_2026-09-15.csv","bothe_1","bothe_1__g1",7,"no",68,1
"xu6xugdp","M_exp_W_exp","portfolio_2026-09-15.csv","bothe_1","bothe_1__g1",7,"no",60,-1
"9nn00jux","M_exp_W_exp","portfolio_2026-09-15.csv","bothe_1","bothe_1__g1",7,"no",69,1
"d8azp69w","M_exp_W_exp","portfolio_2026-09-15.csv","bothe_1","bothe_1__g1",7,"no",60,-1
"g5ct4rg0","M_exp_W_exp","portfolio_2026-09-15.csv","bothe_1","bothe_1__g2",7,"no",180,-1
"utr109q6","M_exp_W_exp","portfolio_2026-09-15.csv","bothe_1","bothe_1__g2",7,"no",299,1
"uza1lz8f","M_exp_W_exp","portfolio_2026-09-15.csv","bothe_1","bothe_1__g2",7,"no",290,1
"3z6ed32t","M_exp_W_exp","portfolio_2026-09-15.csv","bothe_1","bothe_1__g2",7,"no",251,0
"pzsakpjx","M_exp_W_exp","portfolio_2026-09-15.csv","bothe_1","bothe_1__g2",7,"no",250,-1
"h4hoh39u","M_exp_W_exp","portfolio_2026-09-15.csv","bothe_1","bothe_1__g3",7,"no",150,0
"jzoxfyc2","M_exp_W_exp","portfolio_2026-09-15.csv","bothe_1","bothe_1__g3",7,"no",120,-1
"dqn940v4","M_exp_W_exp","portfolio_2026-09-15.csv","bothe_1","bothe_1__g3",7,"no",150,1
"5l1yk0gm","M_exp_W_exp","portfolio_2026-09-15.csv","bothe_1","bothe_1__g3",7,"no",150,-1
"3fdg4ref","M_exp_W_exp","portfolio_2026-09-15.csv","bothe_1","bothe_1__g3",7,"no",170,1
"iliayit3","M_exp_W_exp","portfolio_2026-09-15.csv","bothe_1","bothe_1__g4",7,"no",175,1
"hpzf5xgg","M_exp_W_exp","portfolio_2026-09-15.csv","bothe_1","bothe_1__g4",7,"no",1,-1
"3th28718","M_exp_W_exp","portfolio_2026-09-15.csv","bothe_1","bothe_1__g4",7,"no",140,0
"hh695q6a","M_exp_W_exp","portfolio_2026-09-15.csv","bothe_1","bothe_1__g4",7,"no",140,1
"2w7wmunp","M_exp_W_exp","portfolio_2026-09-15.csv","bothe_1","bothe_1__g4",7,"no",103,-1
"2fon3kdf","M_exp_W_exp","portfolio_2026-09-15.csv","bothe_1","bothe_1__g5",7,"no",189,-1
"0vm37wcl","M_exp_W_exp","portfolio_2026-09-15.csv","bothe_1","bothe_1__g5",7,"no",250,-1
"9902h2kd","M_exp_W_exp","portfolio_2026-09-15.csv","bothe_1","bothe_1__g5",7,"no",289,0
"snwy0w01","M_exp_W_exp","portfolio_2026-09-15.csv","bothe_1","bothe_1__g5",7,"no",291,1
"yaickank","M_exp_W_exp","portfolio_2026-09-15.csv","bothe_1","bothe_1__g5",7,"no",290,1
"fwrj2jat","M_exp_W_exp","portfolio_2026-09-15.csv","bothe_1","bothe_1__g1",8,"no",55,-1
"0vigghqi","M_exp_W_exp","portfolio_2026-09-15.csv","bothe_1","bothe_1__g1",8,"no",56,0
"xu6xugdp","M_exp_W_exp","portfolio_2026-09-15.csv","bothe_1","bothe_1__g1",8,"no",60,1
"9nn00jux","M_exp_W_exp","portfolio_2026-09-15.csv","bothe_1","bothe_1__g1",8,"no",57,1
"d8azp69w","M_exp_W_exp","portfolio_2026-09-15.csv","bothe_1","bothe_1__g1",8,"no",50,-1
"g5ct4rg0","M_exp_W_exp","portfolio_2026-09-15.csv","bothe_1","bothe_1__g2",8,"no",170,-1
"utr109q6","M_exp_W_exp","portfolio_2026-09-15.csv","bothe_1","bothe_1__g2",8,"no",289,1
"uza1lz8f","M_exp_W_exp","portfolio_2026-09-15.csv","bothe_1","bothe_1__g2",8,"no",10,-1
"3z6ed32t","M_exp_W_exp","portfolio_2026-09-15.csv","bothe_1","bothe_1__g2",8,"no",267,1
"pzsakpjx","M_exp_W_exp","portfolio_2026-09-15.csv","bothe_1","bothe_1__g2",8,"no",250,0
"h4hoh39u","M_exp_W_exp","portfolio_2026-09-15.csv","bothe_1","bothe_1__g3",8,"no",130,-1
"jzoxfyc2","M_exp_W_exp","portfolio_2026-09-15.csv","bothe_1","bothe_1__g3",8,"no",120,-1
"dqn940v4","M_exp_W_exp","portfolio_2026-09-15.csv","bothe_1","bothe_1__g3",8,"no",150,1
"5l1yk0gm","M_exp_W_exp","portfolio_2026-09-15.csv","bothe_1","bothe_1__g3",8,"no",150,1
"3fdg4ref","M_exp_W_exp","portfolio_2026-09-15.csv","bothe_1","bothe_1__g3",8,"no",140,0
"iliayit3","M_exp_W_exp","portfolio_2026-09-15.csv","bothe_1","bothe_1__g4",8,"no",150,1
"hpzf5xgg","M_exp_W_exp","portfolio_2026-09-15.csv","bothe_1","bothe_1__g4",8,"no",160,1
"3th28718","M_exp_W_exp","portfolio_2026-09-15.csv","bothe_1","bothe_1__g4",8,"no",130,-1
"hh695q6a","M_exp_W_exp","portfolio_2026-09-15.csv","bothe_1","bothe_1__g4",8,"no",145,0
"2w7wmunp","M_exp_W_exp","portfolio_2026-09-15.csv","bothe_1","bothe_1__g4",8,"no",123,-1
"2fon3kdf","M_exp_W_exp","portfolio_2026-09-15.csv","bothe_1","bothe_1__g5",8,"no",199,-1
"0vm37wcl","M_exp_W_exp","portfolio_2026-09-15.csv","bothe_1","bothe_1__g5",8,"no",250,-1
"9902h2kd","M_exp_W_exp","portfolio_2026-09-15.csv","bothe_1","bothe_1__g5",8,"no",299,1
"snwy0w01","M_exp_W_exp","portfolio_2026-09-15.csv","bothe_1","bothe_1__g5",8,"no",291,1
"yaickank","M_exp_W_exp","portfolio_2026-09-15.csv","bothe_1","bothe_1__g5",8,"no",285,0
"fwrj2jat","M_exp_W_exp","portfolio_2026-09-15.csv","bothe_1","bothe_1__g1",9,"no",45,0
"0vigghqi","M_exp_W_exp","portfolio_2026-09-15.csv","bothe_1","bothe_1__g1",9,"no",53,1
"xu6xugdp","M_exp_W_exp","portfolio_2026-09-15.csv","bothe_1","bothe_1__g1",9,"no",40,-1
"9nn00jux","M_exp_W_exp","portfolio_2026-09-15.csv","bothe_1","bothe_1__g1",9,"no",47,1
"d8azp69w","M_exp_W_exp","portfolio_2026-09-15.csv","bothe_1","bothe_1__g1",9,"no",42,-1
"g5ct4rg0","M_exp_W_exp","portfolio_2026-09-15.csv","bothe_1","bothe_1__g2",9,"no",400,1
"utr109q6","M_exp_W_exp","portfolio_2026-09-15.csv","bothe_1","bothe_1__g2",9,"no",300,1
"uza1lz8f","M_exp_W_exp","portfolio_2026-09-15.csv","bothe_1","bothe_1__g2",9,"no",10,-1
"3z6ed32t","M_exp_W_exp","portfolio_2026-09-15.csv","bothe_1","bothe_1__g2",9,"no",273,0
"pzsakpjx","M_exp_W_exp","portfolio_2026-09-15.csv","bothe_1","bothe_1__g2",9,"no",200,-1
"h4hoh39u","M_exp_W_exp","portfolio_2026-09-15.csv","bothe_1","bothe_1__g3",9,"no",120,-1
"jzoxfyc2","M_exp_W_exp","portfolio_2026-09-15.csv","bothe_1","bothe_1__g3",9,"no",120,0
"dqn940v4","M_exp_W_exp","portfolio_2026-09-15.csv","bothe_1","bothe_1__g3",9,"no",140,1
"5l1yk0gm","M_exp_W_exp","portfolio_2026-09-15.csv","bothe_1","bothe_1__g3",9,"no",25,-1
"3fdg4ref","M_exp_W_exp","portfolio_2026-09-15.csv","bothe_1","bothe_1__g3",9,"no",145,1
"iliayit3","M_exp_W_exp","portfolio_2026-09-15.csv","bothe_1","bothe_1__g4",9,"no",200,1
"hpzf5xgg","M_exp_W_exp","portfolio_2026-09-15.csv","bothe_1","bothe_1__g4",9,"no",145,0
"3th28718","M_exp_W_exp","portfolio_2026-09-15.csv","bothe_1","bothe_1__g4",9,"no",140,-1
"hh695q6a","M_exp_W_exp","portfolio_2026-09-15.csv","bothe_1","bothe_1__g4",9,"no",151,1
"2w7wmunp","M_exp_W_exp","portfolio_2026-09-15.csv","bothe_1","bothe_1__g4",9,"no",134,-1
"2fon3kdf","M_exp_W_exp","portfolio_2026-09-15.csv","bothe_1","bothe_1__g5",9,"no",200,-1
"0vm37wcl","M_exp_W_exp","portfolio_2026-09-15.csv","bothe_1","bothe_1__g5",9,"no",250,-1
"9902h2kd","M_exp_W_exp","portfolio_2026-09-15.csv","bothe_1","bothe_1__g5",9,"no",281,0
"snwy0w01","M_exp_W_exp","portfolio_2026-09-15.csv","bothe_1","bothe_1__g5",9,"no",290,1
"yaickank","M_exp_W_exp","portfolio_2026-09-15.csv","bothe_1","bothe_1__g5",9,"no",283,1
"fwrj2jat","M_exp_W_exp","portfolio_2026-09-15.csv","bothe_1","bothe_1__g1",10,"no",35,1
"0vigghqi","M_exp_W_exp","portfolio_2026-09-15.csv","bothe_1","bothe_1__g1",10,"no",34,0
"xu6xugdp","M_exp_W_exp","portfolio_2026-09-15.csv","bothe_1","bothe_1__g1",10,"no",40,1
"9nn00jux","M_exp_W_exp","portfolio_2026-09-15.csv","bothe_1","bothe_1__g1",10,"no",34,-1
"d8azp69w","M_exp_W_exp","portfolio_2026-09-15.csv","bothe_1","bothe_1__g1",10,"no",30,-1
"g5ct4rg0","M_exp_W_exp","portfolio_2026-09-15.csv","bothe_1","bothe_1__g2",10,"no",500,1
"utr109q6","M_exp_W_exp","portfolio_2026-09-15.csv","bothe_1","bothe_1__g2",10,"no",260,-1
"uza1lz8f","M_exp_W_exp","portfolio_2026-09-15.csv","bothe_1","bothe_1__g2",10,"no",500,1
"3z6ed32t","M_exp_W_exp","portfolio_2026-09-15.csv","bothe_1","bothe_1__g2",10,"no",319,0
"pzsakpjx","M_exp_W_exp","portfolio_2026-09-15.csv","bothe_1","bothe_1__g2",10,"no",275,-1
"h4hoh39u","M_exp_W_exp","portfolio_2026-09-15.csv","bothe_1","bothe_1__g3",10,"no",100,-1
"jzoxfyc2","M_exp_W_exp","portfolio_2026-09-15.csv","bothe_1","bothe_1__g3",10,"no",1,-1
"dqn940v4","M_exp_W_exp","portfolio_2026-09-15.csv","bothe_1","bothe_1__g3",10,"no",100,0
"5l1yk0gm","M_exp_W_exp","portfolio_2026-09-15.csv","bothe_1","bothe_1__g3",10,"no",150,1
"3fdg4ref","M_exp_W_exp","portfolio_2026-09-15.csv","bothe_1","bothe_1__g3",10,"no",120,1
"iliayit3","M_exp_W_exp","portfolio_2026-09-15.csv","bothe_1","bothe_1__g4",10,"no",170,1
"hpzf5xgg","M_exp_W_exp","portfolio_2026-09-15.csv","bothe_1","bothe_1__g4",10,"no",160,1
"3th28718","M_exp_W_exp","portfolio_2026-09-15.csv","bothe_1","bothe_1__g4",10,"no",140,-1
"hh695q6a","M_exp_W_exp","portfolio_2026-09-15.csv","bothe_1","bothe_1__g4",10,"no",150,0
"2w7wmunp","M_exp_W_exp","portfolio_2026-09-15.csv","bothe_1","bothe_1__g4",10,"no",140,-1
"2fon3kdf","M_exp_W_exp","portfolio_2026-09-15.csv","bothe_1","bothe_1__g5",10,"no",270,-1
"0vm37wcl","M_exp_W_exp","portfolio_2026-09-15.csv","bothe_1","bothe_1__g5",10,"no",250,-1
"9902h2kd","M_exp_W_exp","portfolio_2026-09-15.csv","bothe_1","bothe_1__g5",10,"no",279,1
"snwy0w01","M_exp_W_exp","portfolio_2026-09-15.csv","bothe_1","bothe_1__g5",10,"no",286,1
"yaickank","M_exp_W_exp","portfolio_2026-09-15.csv","bothe_1","bothe_1__g5",10,"no",275,0
"qvfebldb","M_exp_W_exp","portfolio_2026-09-16.csv","bothe_2","bothe_2__g1",1,"no",200,1
"vbjq2y24","M_exp_W_exp","portfolio_2026-09-16.csv","bothe_2","bothe_2__g1",1,"no",100,-1
"fjbh3h2b","M_exp_W_exp","portfolio_2026-09-16.csv","bothe_2","bothe_2__g1",1,"no",120,0
"j0v5am99","M_exp_W_exp","portfolio_2026-09-16.csv","bothe_2","bothe_2__g1",1,"no",150,1
"wz4uvd97","M_exp_W_exp","portfolio_2026-09-16.csv","bothe_2","bothe_2__g1",1,"no",100,-1
"bw46f79x","M_exp_W_exp","portfolio_2026-09-16.csv","bothe_2","bothe_2__g2",1,"no",150,1
"42qlc5nb","M_exp_W_exp","portfolio_2026-09-16.csv","bothe_2","bothe_2__g2",1,"no",10,-1
"jw6ngkbn","M_exp_W_exp","portfolio_2026-09-16.csv","bothe_2","bothe_2__g2",1,"no",115,0
"booloaq9","M_exp_W_exp","portfolio_2026-09-16.csv","bothe_2","bothe_2__g2",1,"no",201,1
"2pc7nfit","M_exp_W_exp","portfolio_2026-09-16.csv","bothe_2","bothe_2__g2",1,"no",100,-1
"t7rx3zw3","M_exp_W_exp","portfolio_2026-09-16.csv","bothe_2","bothe_2__g3",1,"no",110,0
"p48n4bh0","M_exp_W_exp","portfolio_2026-09-16.csv","bothe_2","bothe_2__g3",1,"no",50,-1
"folcs8ow","M_exp_W_exp","portfolio_2026-09-16.csv","bothe_2","bothe_2__g3",1,"no",90,-1
"cfp8kvc9","M_exp_W_exp","portfolio_2026-09-16.csv","bothe_2","bothe_2__g3",1,"no",250,1
"tt26hkpl","M_exp_W_exp","portfolio_2026-09-16.csv","bothe_2","bothe_2__g3",1,"no",299,1
"jfy8jxqv","M_exp_W_exp","portfolio_2026-09-16.csv","bothe_2","bothe_2__g4",1,"no",50,-1
"eveqm1ww","M_exp_W_exp","portfolio_2026-09-16.csv","bothe_2","bothe_2__g4",1,"no",100,0
"1dtln5rg","M_exp_W_exp","portfolio_2026-09-16.csv","bothe_2","bothe_2__g4",1,"no",125,1
"5ltpvdck","M_exp_W_exp","portfolio_2026-09-16.csv","bothe_2","bothe_2__g4",1,"no",100,-1
"ic1ocjv5","M_exp_W_exp","portfolio_2026-09-16.csv","bothe_2","bothe_2__g4",1,"no",125,1
"zd9eakrm","M_exp_W_exp","portfolio_2026-09-16.csv","bothe_2","bothe_2__g5",1,"no",95,-1
"8tpz5m2a","M_exp_W_exp","portfolio_2026-09-16.csv","bothe_2","bothe_2__g5",1,"no",1,-1
"wfmdx2nb","M_exp_W_exp","portfolio_2026-09-16.csv","bothe_2","bothe_2__g5",1,"no",125,0
"y40upi5t","M_exp_W_exp","portfolio_2026-09-16.csv","bothe_2","bothe_2__g5",1,"no",350,1
"s6nkestj","M_exp_W_exp","portfolio_2026-09-16.csv","bothe_2","bothe_2__g5",1,"no",150,1
"qvfebldb","M_exp_W_exp","portfolio_2026-09-16.csv","bothe_2","bothe_2__g1",2,"no",243,1
"vbjq2y24","M_exp_W_exp","portfolio_2026-09-16.csv","bothe_2","bothe_2__g1",2,"no",110,-1
"fjbh3h2b","M_exp_W_exp","portfolio_2026-09-16.csv","bothe_2","bothe_2__g1",2,"no",115,0
"j0v5am99","M_exp_W_exp","portfolio_2026-09-16.csv","bothe_2","bothe_2__g1",2,"no",100,-1
"wz4uvd97","M_exp_W_exp","portfolio_2026-09-16.csv","bothe_2","bothe_2__g1",2,"no",175,1
"bw46f79x","M_exp_W_exp","portfolio_2026-09-16.csv","bothe_2","bothe_2__g2",2,"no",130,0
"42qlc5nb","M_exp_W_exp","portfolio_2026-09-16.csv","bothe_2","bothe_2__g2",2,"no",100,-1
"jw6ngkbn","M_exp_W_exp","portfolio_2026-09-16.csv","bothe_2","bothe_2__g2",2,"no",112,-1
"booloaq9","M_exp_W_exp","portfolio_2026-09-16.csv","bothe_2","bothe_2__g2",2,"no",130,1
"2pc7nfit","M_exp_W_exp","portfolio_2026-09-16.csv","bothe_2","bothe_2__g2",2,"no",150,1
"t7rx3zw3","M_exp_W_exp","portfolio_2026-09-16.csv","bothe_2","bothe_2__g3",2,"no",110,0
"p48n4bh0","M_exp_W_exp","portfolio_2026-09-16.csv","bothe_2","bothe_2__g3",2,"no",150,1
"folcs8ow","M_exp_W_exp","portfolio_2026-09-16.csv","bothe_2","bothe_2__g3",2,"no",95,-1
"cfp8kvc9","M_exp_W_exp","portfolio_2026-09-16.csv","bothe_2","bothe_2__g3",2,"no",100,-1
"tt26hkpl","M_exp_W_exp","portfolio_2026-09-16.csv","bothe_2","bothe_2__g3",2,"no",121,1
"jfy8jxqv","M_exp_W_exp","portfolio_2026-09-16.csv","bothe_2","bothe_2__g4",2,"no",100,-1
"eveqm1ww","M_exp_W_exp","portfolio_2026-09-16.csv","bothe_2","bothe_2__g4",2,"no",100,0
"1dtln5rg","M_exp_W_exp","portfolio_2026-09-16.csv","bothe_2","bothe_2__g4",2,"no",125,1
"5ltpvdck","M_exp_W_exp","portfolio_2026-09-16.csv","bothe_2","bothe_2__g4",2,"no",50,-1
"ic1ocjv5","M_exp_W_exp","portfolio_2026-09-16.csv","bothe_2","bothe_2__g4",2,"no",125,1
"zd9eakrm","M_exp_W_exp","portfolio_2026-09-16.csv","bothe_2","bothe_2__g5",2,"no",95,-1
"8tpz5m2a","M_exp_W_exp","portfolio_2026-09-16.csv","bothe_2","bothe_2__g5",2,"no",100,-1
"wfmdx2nb","M_exp_W_exp","portfolio_2026-09-16.csv","bothe_2","bothe_2__g5",2,"no",125,1
"y40upi5t","M_exp_W_exp","portfolio_2026-09-16.csv","bothe_2","bothe_2__g5",2,"no",120,0
"s6nkestj","M_exp_W_exp","portfolio_2026-09-16.csv","bothe_2","bothe_2__g5",2,"no",130,1
"qvfebldb","M_exp_W_exp","portfolio_2026-09-16.csv","bothe_2","bothe_2__g1",3,"no",190,1
"vbjq2y24","M_exp_W_exp","portfolio_2026-09-16.csv","bothe_2","bothe_2__g1",3,"no",105,-1
"fjbh3h2b","M_exp_W_exp","portfolio_2026-09-16.csv","bothe_2","bothe_2__g1",3,"no",108,0
"j0v5am99","M_exp_W_exp","portfolio_2026-09-16.csv","bothe_2","bothe_2__g1",3,"no",100,-1
"wz4uvd97","M_exp_W_exp","portfolio_2026-09-16.csv","bothe_2","bothe_2__g1",3,"no",150,1
"bw46f79x","M_exp_W_exp","portfolio_2026-09-16.csv","bothe_2","bothe_2__g2",3,"no",300,1
"42qlc5nb","M_exp_W_exp","portfolio_2026-09-16.csv","bothe_2","bothe_2__g2",3,"no",150,0
"jw6ngkbn","M_exp_W_exp","portfolio_2026-09-16.csv","bothe_2","bothe_2__g2",3,"no",110,-1
"booloaq9","M_exp_W_exp","portfolio_2026-09-16.csv","bothe_2","bothe_2__g2",3,"no",145,-1
"2pc7nfit","M_exp_W_exp","portfolio_2026-09-16.csv","bothe_2","bothe_2__g2",3,"no",195,1
"t7rx3zw3","M_exp_W_exp","portfolio_2026-09-16.csv","bothe_2","bothe_2__g3",3,"no",110,0
"p48n4bh0","M_exp_W_exp","portfolio_2026-09-16.csv","bothe_2","bothe_2__g3",3,"no",50,-1
"folcs8ow","M_exp_W_exp","portfolio_2026-09-16.csv","bothe_2","bothe_2__g3",3,"no",95,-1
"cfp8kvc9","M_exp_W_exp","portfolio_2026-09-16.csv","bothe_2","bothe_2__g3",3,"no",200,1
"tt26hkpl","M_exp_W_exp","portfolio_2026-09-16.csv","bothe_2","bothe_2__g3",3,"no",111,1
"jfy8jxqv","M_exp_W_exp","portfolio_2026-09-16.csv","bothe_2","bothe_2__g4",3,"no",300,1
"eveqm1ww","M_exp_W_exp","portfolio_2026-09-16.csv","bothe_2","bothe_2__g4",3,"no",100,-1
"1dtln5rg","M_exp_W_exp","portfolio_2026-09-16.csv","bothe_2","bothe_2__g4",3,"no",125,1
"5ltpvdck","M_exp_W_exp","portfolio_2026-09-16.csv","bothe_2","bothe_2__g4",3,"no",110,-1
"ic1ocjv5","M_exp_W_exp","portfolio_2026-09-16.csv","bothe_2","bothe_2__g4",3,"no",125,0
"zd9eakrm","M_exp_W_exp","portfolio_2026-09-16.csv","bothe_2","bothe_2__g5",3,"no",95,-1
"8tpz5m2a","M_exp_W_exp","portfolio_2026-09-16.csv","bothe_2","bothe_2__g5",3,"no",100,-1
"wfmdx2nb","M_exp_W_exp","portfolio_2026-09-16.csv","bothe_2","bothe_2__g5",3,"no",100,0
"y40upi5t","M_exp_W_exp","portfolio_2026-09-16.csv","bothe_2","bothe_2__g5",3,"no",400,1
"s6nkestj","M_exp_W_exp","portfolio_2026-09-16.csv","bothe_2","bothe_2__g5",3,"no",120,1
"qvfebldb","M_exp_W_exp","portfolio_2026-09-16.csv","bothe_2","bothe_2__g1",4,"no",150,1
"vbjq2y24","M_exp_W_exp","portfolio_2026-09-16.csv","bothe_2","bothe_2__g1",4,"no",95,-1
"fjbh3h2b","M_exp_W_exp","portfolio_2026-09-16.csv","bothe_2","bothe_2__g1",4,"no",90,-1
"j0v5am99","M_exp_W_exp","portfolio_2026-09-16.csv","bothe_2","bothe_2__g1",4,"no",100,0
"wz4uvd97","M_exp_W_exp","portfolio_2026-09-16.csv","bothe_2","bothe_2__g1",4,"no",200,1
"bw46f79x","M_exp_W_exp","portfolio_2026-09-16.csv","bothe_2","bothe_2__g2",4,"no",300,1
"42qlc5nb","M_exp_W_exp","portfolio_2026-09-16.csv","bothe_2","bothe_2__g2",4,"no",140,0
"jw6ngkbn","M_exp_W_exp","portfolio_2026-09-16.csv","bothe_2","bothe_2__g2",4,"no",130,-1
"booloaq9","M_exp_W_exp","portfolio_2026-09-16.csv","bothe_2","bothe_2__g2",4,"no",160,1
"2pc7nfit","M_exp_W_exp","portfolio_2026-09-16.csv","bothe_2","bothe_2__g2",4,"no",110,-1
"t7rx3zw3","M_exp_W_exp","portfolio_2026-09-16.csv","bothe_2","bothe_2__g3",4,"no",110,-1
"p48n4bh0","M_exp_W_exp","portfolio_2026-09-16.csv","bothe_2","bothe_2__g3",4,"no",110,0
"folcs8ow","M_exp_W_exp","portfolio_2026-09-16.csv","bothe_2","bothe_2__g3",4,"no",108,-1
"cfp8kvc9","M_exp_W_exp","portfolio_2026-09-16.csv","bothe_2","bothe_2__g3",4,"no",200,1
"tt26hkpl","M_exp_W_exp","portfolio_2026-09-16.csv","bothe_2","bothe_2__g3",4,"no",111,1
"jfy8jxqv","M_exp_W_exp","portfolio_2026-09-16.csv","bothe_2","bothe_2__g4",4,"no",100,-1
"eveqm1ww","M_exp_W_exp","portfolio_2026-09-16.csv","bothe_2","bothe_2__g4",4,"no",125,-1
"1dtln5rg","M_exp_W_exp","portfolio_2026-09-16.csv","bothe_2","bothe_2__g4",4,"no",125,1
"5ltpvdck","M_exp_W_exp","portfolio_2026-09-16.csv","bothe_2","bothe_2__g4",4,"no",130,1
"ic1ocjv5","M_exp_W_exp","portfolio_2026-09-16.csv","bothe_2","bothe_2__g4",4,"no",125,0
"zd9eakrm","M_exp_W_exp","portfolio_2026-09-16.csv","bothe_2","bothe_2__g5",4,"no",95,-1
"8tpz5m2a","M_exp_W_exp","portfolio_2026-09-16.csv","bothe_2","bothe_2__g5",4,"no",100,0
"wfmdx2nb","M_exp_W_exp","portfolio_2026-09-16.csv","bothe_2","bothe_2__g5",4,"no",150,1
"y40upi5t","M_exp_W_exp","portfolio_2026-09-16.csv","bothe_2","bothe_2__g5",4,"no",350,1
"s6nkestj","M_exp_W_exp","portfolio_2026-09-16.csv","bothe_2","bothe_2__g5",4,"no",95,-1
"qvfebldb","M_exp_W_exp","portfolio_2026-09-16.csv","bothe_2","bothe_2__g1",5,"no",199,1
"vbjq2y24","M_exp_W_exp","portfolio_2026-09-16.csv","bothe_2","bothe_2__g1",5,"no",85,-1
"fjbh3h2b","M_exp_W_exp","portfolio_2026-09-16.csv","bothe_2","bothe_2__g1",5,"no",100,0
"j0v5am99","M_exp_W_exp","portfolio_2026-09-16.csv","bothe_2","bothe_2__g1",5,"no",98,-1
"wz4uvd97","M_exp_W_exp","portfolio_2026-09-16.csv","bothe_2","bothe_2__g1",5,"no",102,1
"bw46f79x","M_exp_W_exp","portfolio_2026-09-16.csv","bothe_2","bothe_2__g2",5,"no",160,1
"42qlc5nb","M_exp_W_exp","portfolio_2026-09-16.csv","bothe_2","bothe_2__g2",5,"no",130,-1
"jw6ngkbn","M_exp_W_exp","portfolio_2026-09-16.csv","bothe_2","bothe_2__g2",5,"no",130,0
"booloaq9","M_exp_W_exp","portfolio_2026-09-16.csv","bothe_2","bothe_2__g2",5,"no",140,1
"2pc7nfit","M_exp_W_exp","portfolio_2026-09-16.csv","bothe_2","bothe_2__g2",5,"no",120,-1
"t7rx3zw3","M_exp_W_exp","portfolio_2026-09-16.csv","bothe_2","bothe_2__g3",5,"no",110,0
"p48n4bh0","M_exp_W_exp","portfolio_2026-09-16.csv","bothe_2","bothe_2__g3",5,"no",50,-1
"folcs8ow","M_exp_W_exp","portfolio_2026-09-16.csv","bothe_2","bothe_2__g3",5,"no",105,-1
"cfp8kvc9","M_exp_W_exp","portfolio_2026-09-16.csv","bothe_2","bothe_2__g3",5,"no",250,1
"tt26hkpl","M_exp_W_exp","portfolio_2026-09-16.csv","bothe_2","bothe_2__g3",5,"no",111,1
"jfy8jxqv","M_exp_W_exp","portfolio_2026-09-16.csv","bothe_2","bothe_2__g4",5,"no",150,1
"eveqm1ww","M_exp_W_exp","portfolio_2026-09-16.csv","bothe_2","bothe_2__g4",5,"no",125,0
"1dtln5rg","M_exp_W_exp","portfolio_2026-09-16.csv","bothe_2","bothe_2__g4",5,"no",125,1
"5ltpvdck","M_exp_W_exp","portfolio_2026-09-16.csv","bothe_2","bothe_2__g4",5,"no",120,-1
"ic1ocjv5","M_exp_W_exp","portfolio_2026-09-16.csv","bothe_2","bothe_2__g4",5,"no",125,-1
"zd9eakrm","M_exp_W_exp","portfolio_2026-09-16.csv","bothe_2","bothe_2__g5",5,"no",95,0
"8tpz5m2a","M_exp_W_exp","portfolio_2026-09-16.csv","bothe_2","bothe_2__g5",5,"no",50,-1
"wfmdx2nb","M_exp_W_exp","portfolio_2026-09-16.csv","bothe_2","bothe_2__g5",5,"no",150,1
"y40upi5t","M_exp_W_exp","portfolio_2026-09-16.csv","bothe_2","bothe_2__g5",5,"no",40,-1
"s6nkestj","M_exp_W_exp","portfolio_2026-09-16.csv","bothe_2","bothe_2__g5",5,"no",100,1
"qvfebldb","M_exp_W_exp","portfolio_2026-09-16.csv","bothe_2","bothe_2__g1",6,"no",201,1
"vbjq2y24","M_exp_W_exp","portfolio_2026-09-16.csv","bothe_2","bothe_2__g1",6,"no",95,-1
"fjbh3h2b","M_exp_W_exp","portfolio_2026-09-16.csv","bothe_2","bothe_2__g1",6,"no",98,0
"j0v5am99","M_exp_W_exp","portfolio_2026-09-16.csv","bothe_2","bothe_2__g1",6,"no",96,-1
"wz4uvd97","M_exp_W_exp","portfolio_2026-09-16.csv","bothe_2","bothe_2__g1",6,"no",100,1
"bw46f79x","M_exp_W_exp","portfolio_2026-09-16.csv","bothe_2","bothe_2__g2",6,"no",10,-1
"42qlc5nb","M_exp_W_exp","portfolio_2026-09-16.csv","bothe_2","bothe_2__g2",6,"no",130,1
"jw6ngkbn","M_exp_W_exp","portfolio_2026-09-16.csv","bothe_2","bothe_2__g2",6,"no",125,0
"booloaq9","M_exp_W_exp","portfolio_2026-09-16.csv","bothe_2","bothe_2__g2",6,"no",100,-1
"2pc7nfit","M_exp_W_exp","portfolio_2026-09-16.csv","bothe_2","bothe_2__g2",6,"no",440,1
"t7rx3zw3","M_exp_W_exp","portfolio_2026-09-16.csv","bothe_2","bothe_2__g3",6,"no",110,0
"p48n4bh0","M_exp_W_exp","portfolio_2026-09-16.csv","bothe_2","bothe_2__g3",6,"no",50,-1
"folcs8ow","M_exp_W_exp","portfolio_2026-09-16.csv","bothe_2","bothe_2__g3",6,"no",105,-1
"cfp8kvc9","M_exp_W_exp","portfolio_2026-09-16.csv","bothe_2","bothe_2__g3",6,"no",150,1
"tt26hkpl","M_exp_W_exp","portfolio_2026-09-16.csv","bothe_2","bothe_2__g3",6,"no",111,1
"jfy8jxqv","M_exp_W_exp","portfolio_2026-09-16.csv","bothe_2","bothe_2__g4",6,"no",130,1
"eveqm1ww","M_exp_W_exp","portfolio_2026-09-16.csv","bothe_2","bothe_2__g4",6,"no",100,-1
"1dtln5rg","M_exp_W_exp","portfolio_2026-09-16.csv","bothe_2","bothe_2__g4",6,"no",125,1
"5ltpvdck","M_exp_W_exp","portfolio_2026-09-16.csv","bothe_2","bothe_2__g4",6,"no",120,-1
"ic1ocjv5","M_exp_W_exp","portfolio_2026-09-16.csv","bothe_2","bothe_2__g4",6,"no",125,0
"zd9eakrm","M_exp_W_exp","portfolio_2026-09-16.csv","bothe_2","bothe_2__g5",6,"no",95,-1
"8tpz5m2a","M_exp_W_exp","portfolio_2026-09-16.csv","bothe_2","bothe_2__g5",6,"no",1,-1
"wfmdx2nb","M_exp_W_exp","portfolio_2026-09-16.csv","bothe_2","bothe_2__g5",6,"no",100,1
"y40upi5t","M_exp_W_exp","portfolio_2026-09-16.csv","bothe_2","bothe_2__g5",6,"no",400,1
"s6nkestj","M_exp_W_exp","portfolio_2026-09-16.csv","bothe_2","bothe_2__g5",6,"no",96,0
"qvfebldb","M_exp_W_exp","portfolio_2026-09-16.csv","bothe_2","bothe_2__g1",7,"no",100,0
"vbjq2y24","M_exp_W_exp","portfolio_2026-09-16.csv","bothe_2","bothe_2__g1",7,"no",115,1
"fjbh3h2b","M_exp_W_exp","portfolio_2026-09-16.csv","bothe_2","bothe_2__g1",7,"no",100,1
"j0v5am99","M_exp_W_exp","portfolio_2026-09-16.csv","bothe_2","bothe_2__g1",7,"no",90,-1
"wz4uvd97","M_exp_W_exp","portfolio_2026-09-16.csv","bothe_2","bothe_2__g1",7,"no",95,-1
"bw46f79x","M_exp_W_exp","portfolio_2026-09-16.csv","bothe_2","bothe_2__g2",7,"no",50,-1
"42qlc5nb","M_exp_W_exp","portfolio_2026-09-16.csv","bothe_2","bothe_2__g2",7,"no",100,0
"jw6ngkbn","M_exp_W_exp","portfolio_2026-09-16.csv","bothe_2","bothe_2__g2",7,"no",115,1
"booloaq9","M_exp_W_exp","portfolio_2026-09-16.csv","bothe_2","bothe_2__g2",7,"no",100,-1
"2pc7nfit","M_exp_W_exp","portfolio_2026-09-16.csv","bothe_2","bothe_2__g2",7,"no",123,1
"t7rx3zw3","M_exp_W_exp","portfolio_2026-09-16.csv","bothe_2","bothe_2__g3",7,"no",110,0
"p48n4bh0","M_exp_W_exp","portfolio_2026-09-16.csv","bothe_2","bothe_2__g3",7,"no",150,1
"folcs8ow","M_exp_W_exp","portfolio_2026-09-16.csv","bothe_2","bothe_2__g3",7,"no",105,-1
"cfp8kvc9","M_exp_W_exp","portfolio_2026-09-16.csv","bothe_2","bothe_2__g3",7,"no",100,-1
"tt26hkpl","M_exp_W_exp","portfolio_2026-09-16.csv","bothe_2","bothe_2__g3",7,"no",111,1
"jfy8jxqv","M_exp_W_exp","portfolio_2026-09-16.csv","bothe_2","bothe_2__g4",7,"no",130,1
"eveqm1ww","M_exp_W_exp","portfolio_2026-09-16.csv","bothe_2","bothe_2__g4",7,"no",125,1
"1dtln5rg","M_exp_W_exp","portfolio_2026-09-16.csv","bothe_2","bothe_2__g4",7,"no",125,0
"5ltpvdck","M_exp_W_exp","portfolio_2026-09-16.csv","bothe_2","bothe_2__g4",7,"no",120,-1
"ic1ocjv5","M_exp_W_exp","portfolio_2026-09-16.csv","bothe_2","bothe_2__g4",7,"no",125,-1
"zd9eakrm","M_exp_W_exp","portfolio_2026-09-16.csv","bothe_2","bothe_2__g5",7,"no",95,-1
"8tpz5m2a","M_exp_W_exp","portfolio_2026-09-16.csv","bothe_2","bothe_2__g5",7,"no",1,-1
"wfmdx2nb","M_exp_W_exp","portfolio_2026-09-16.csv","bothe_2","bothe_2__g5",7,"no",100,1
"y40upi5t","M_exp_W_exp","portfolio_2026-09-16.csv","bothe_2","bothe_2__g5",7,"no",598,1
"s6nkestj","M_exp_W_exp","portfolio_2026-09-16.csv","bothe_2","bothe_2__g5",7,"no",96,0
"qvfebldb","M_exp_W_exp","portfolio_2026-09-16.csv","bothe_2","bothe_2__g1",8,"no",120,1
"vbjq2y24","M_exp_W_exp","portfolio_2026-09-16.csv","bothe_2","bothe_2__g1",8,"no",110,1
"fjbh3h2b","M_exp_W_exp","portfolio_2026-09-16.csv","bothe_2","bothe_2__g1",8,"no",95,-1
"j0v5am99","M_exp_W_exp","portfolio_2026-09-16.csv","bothe_2","bothe_2__g1",8,"no",90,-1
"wz4uvd97","M_exp_W_exp","portfolio_2026-09-16.csv","bothe_2","bothe_2__g1",8,"no",95,0
"bw46f79x","M_exp_W_exp","portfolio_2026-09-16.csv","bothe_2","bothe_2__g2",8,"no",110,1
"42qlc5nb","M_exp_W_exp","portfolio_2026-09-16.csv","bothe_2","bothe_2__g2",8,"no",100,1
"jw6ngkbn","M_exp_W_exp","portfolio_2026-09-16.csv","bothe_2","bothe_2__g2",8,"no",95,-1
"booloaq9","M_exp_W_exp","portfolio_2026-09-16.csv","bothe_2","bothe_2__g2",8,"no",85,-1
"2pc7nfit","M_exp_W_exp","portfolio_2026-09-16.csv","bothe_2","bothe_2__g2",8,"no",100,0
"t7rx3zw3","M_exp_W_exp","portfolio_2026-09-16.csv","bothe_2","bothe_2__g3",8,"no",110,0
"p48n4bh0","M_exp_W_exp","portfolio_2026-09-16.csv","bothe_2","bothe_2__g3",8,"no",100,-1
"folcs8ow","M_exp_W_exp","portfolio_2026-09-16.csv","bothe_2","bothe_2__g3",8,"no",105,-1
"cfp8kvc9","M_exp_W_exp","portfolio_2026-09-16.csv","bothe_2","bothe_2__g3",8,"no",200,1
"tt26hkpl","M_exp_W_exp","portfolio_2026-09-16.csv","bothe_2","bothe_2__g3",8,"no",111,1
"jfy8jxqv","M_exp_W_exp","portfolio_2026-09-16.csv","bothe_2","bothe_2__g4",8,"no",130,1
"eveqm1ww","M_exp_W_exp","portfolio_2026-09-16.csv","bothe_2","bothe_2__g4",8,"no",125,-1
"1dtln5rg","M_exp_W_exp","portfolio_2026-09-16.csv","bothe_2","bothe_2__g4",8,"no",125,1
"5ltpvdck","M_exp_W_exp","portfolio_2026-09-16.csv","bothe_2","bothe_2__g4",8,"no",120,-1
"ic1ocjv5","M_exp_W_exp","portfolio_2026-09-16.csv","bothe_2","bothe_2__g4",8,"no",125,0
"zd9eakrm","M_exp_W_exp","portfolio_2026-09-16.csv","bothe_2","bothe_2__g5",8,"no",95,1
"8tpz5m2a","M_exp_W_exp","portfolio_2026-09-16.csv","bothe_2","bothe_2__g5",8,"no",1,-1
"wfmdx2nb","M_exp_W_exp","portfolio_2026-09-16.csv","bothe_2","bothe_2__g5",8,"no",1,-1
"y40upi5t","M_exp_W_exp","portfolio_2026-09-16.csv","bothe_2","bothe_2__g5",8,"no",50,0
"s6nkestj","M_exp_W_exp","portfolio_2026-09-16.csv","bothe_2","bothe_2__g5",8,"no",96,1
"qvfebldb","M_exp_W_exp","portfolio_2026-09-16.csv","bothe_2","bothe_2__g1",9,"no",110,1
"vbjq2y24","M_exp_W_exp","portfolio_2026-09-16.csv","bothe_2","bothe_2__g1",9,"no",105,1
"fjbh3h2b","M_exp_W_exp","portfolio_2026-09-16.csv","bothe_2","bothe_2__g1",9,"no",100,0
"j0v5am99","M_exp_W_exp","portfolio_2026-09-16.csv","bothe_2","bothe_2__g1",9,"no",85,-1
"wz4uvd97","M_exp_W_exp","portfolio_2026-09-16.csv","bothe_2","bothe_2__g1",9,"no",90,-1
"bw46f79x","M_exp_W_exp","portfolio_2026-09-16.csv","bothe_2","bothe_2__g2",9,"no",110,1
"42qlc5nb","M_exp_W_exp","portfolio_2026-09-16.csv","bothe_2","bothe_2__g2",9,"no",90,-1
"jw6ngkbn","M_exp_W_exp","portfolio_2026-09-16.csv","bothe_2","bothe_2__g2",9,"no",95,0
"booloaq9","M_exp_W_exp","portfolio_2026-09-16.csv","bothe_2","bothe_2__g2",9,"no",98,1
"2pc7nfit","M_exp_W_exp","portfolio_2026-09-16.csv","bothe_2","bothe_2__g2",9,"no",90,-1
"t7rx3zw3","M_exp_W_exp","portfolio_2026-09-16.csv","bothe_2","bothe_2__g3",9,"no",110,0
"p48n4bh0","M_exp_W_exp","portfolio_2026-09-16.csv","bothe_2","bothe_2__g3",9,"no",100,-1
"folcs8ow","M_exp_W_exp","portfolio_2026-09-16.csv","bothe_2","bothe_2__g3",9,"no",105,-1
"cfp8kvc9","M_exp_W_exp","portfolio_2026-09-16.csv","bothe_2","bothe_2__g3",9,"no",200,1
"tt26hkpl","M_exp_W_exp","portfolio_2026-09-16.csv","bothe_2","bothe_2__g3",9,"no",111,1
"jfy8jxqv","M_exp_W_exp","portfolio_2026-09-16.csv","bothe_2","bothe_2__g4",9,"no",130,1
"eveqm1ww","M_exp_W_exp","portfolio_2026-09-16.csv","bothe_2","bothe_2__g4",9,"no",125,1
"1dtln5rg","M_exp_W_exp","portfolio_2026-09-16.csv","bothe_2","bothe_2__g4",9,"no",125,0
"5ltpvdck","M_exp_W_exp","portfolio_2026-09-16.csv","bothe_2","bothe_2__g4",9,"no",120,-1
"ic1ocjv5","M_exp_W_exp","portfolio_2026-09-16.csv","bothe_2","bothe_2__g4",9,"no",125,-1
"zd9eakrm","M_exp_W_exp","portfolio_2026-09-16.csv","bothe_2","bothe_2__g5",9,"no",95,1
"8tpz5m2a","M_exp_W_exp","portfolio_2026-09-16.csv","bothe_2","bothe_2__g5",9,"no",1,-1
"wfmdx2nb","M_exp_W_exp","portfolio_2026-09-16.csv","bothe_2","bothe_2__g5",9,"no",150,1
"y40upi5t","M_exp_W_exp","portfolio_2026-09-16.csv","bothe_2","bothe_2__g5",9,"no",1,-1
"s6nkestj","M_exp_W_exp","portfolio_2026-09-16.csv","bothe_2","bothe_2__g5",9,"no",40,0
"qvfebldb","M_exp_W_exp","portfolio_2026-09-16.csv","bothe_2","bothe_2__g1",10,"no",105,1
"vbjq2y24","M_exp_W_exp","portfolio_2026-09-16.csv","bothe_2","bothe_2__g1",10,"no",110,1
"fjbh3h2b","M_exp_W_exp","portfolio_2026-09-16.csv","bothe_2","bothe_2__g1",10,"no",100,0
"j0v5am99","M_exp_W_exp","portfolio_2026-09-16.csv","bothe_2","bothe_2__g1",10,"no",95,-1
"wz4uvd97","M_exp_W_exp","portfolio_2026-09-16.csv","bothe_2","bothe_2__g1",10,"no",85,-1
"bw46f79x","M_exp_W_exp","portfolio_2026-09-16.csv","bothe_2","bothe_2__g2",10,"no",100,1
"42qlc5nb","M_exp_W_exp","portfolio_2026-09-16.csv","bothe_2","bothe_2__g2",10,"no",90,1
"jw6ngkbn","M_exp_W_exp","portfolio_2026-09-16.csv","bothe_2","bothe_2__g2",10,"no",90,-1
"booloaq9","M_exp_W_exp","portfolio_2026-09-16.csv","bothe_2","bothe_2__g2",10,"no",80,-1
"2pc7nfit","M_exp_W_exp","portfolio_2026-09-16.csv","bothe_2","bothe_2__g2",10,"no",90,0
"t7rx3zw3","M_exp_W_exp","portfolio_2026-09-16.csv","bothe_2","bothe_2__g3",10,"no",110,0
"p48n4bh0","M_exp_W_exp","portfolio_2026-09-16.csv","bothe_2","bothe_2__g3",10,"no",100,-1
"folcs8ow","M_exp_W_exp","portfolio_2026-09-16.csv","bothe_2","bothe_2__g3",10,"no",105,-1
"cfp8kvc9","M_exp_W_exp","portfolio_2026-09-16.csv","bothe_2","bothe_2__g3",10,"no",200,1
"tt26hkpl","M_exp_W_exp","portfolio_2026-09-16.csv","bothe_2","bothe_2__g3",10,"no",111,1
"jfy8jxqv","M_exp_W_exp","portfolio_2026-09-16.csv","bothe_2","bothe_2__g4",10,"no",120,-1
"eveqm1ww","M_exp_W_exp","portfolio_2026-09-16.csv","bothe_2","bothe_2__g4",10,"no",126,1
"1dtln5rg","M_exp_W_exp","portfolio_2026-09-16.csv","bothe_2","bothe_2__g4",10,"no",125,1
"5ltpvdck","M_exp_W_exp","portfolio_2026-09-16.csv","bothe_2","bothe_2__g4",10,"no",120,-1
"ic1ocjv5","M_exp_W_exp","portfolio_2026-09-16.csv","bothe_2","bothe_2__g4",10,"no",125,0
"zd9eakrm","M_exp_W_exp","portfolio_2026-09-16.csv","bothe_2","bothe_2__g5",10,"no",95,1
"8tpz5m2a","M_exp_W_exp","portfolio_2026-09-16.csv","bothe_2","bothe_2__g5",10,"no",1,-1
"wfmdx2nb","M_exp_W_exp","portfolio_2026-09-16.csv","bothe_2","bothe_2__g5",10,"no",100,1
"y40upi5t","M_exp_W_exp","portfolio_2026-09-16.csv","bothe_2","bothe_2__g5",10,"no",1,-1
"s6nkestj","M_exp_W_exp","portfolio_2026-09-16.csv","bothe_2","bothe_2__g5",10,"no",30,0
"msd1f2iu","M_no_W_no","portfolio_2026-09-16.csv","bothno_1","bothno_1__g1",1,"no",50,-1
"omrf04k4","M_no_W_no","portfolio_2026-09-16.csv","bothno_1","bothno_1__g1",1,"no",350,1
"duzxv1is","M_no_W_no","portfolio_2026-09-16.csv","bothno_1","bothno_1__g1",1,"no",20,-1
"znk2pevv","M_no_W_no","portfolio_2026-09-16.csv","bothno_1","bothno_1__g1",1,"no",110,1
"rv5b38em","M_no_W_no","portfolio_2026-09-16.csv","bothno_1","bothno_1__g1",1,"no",100,0
"z7t2lpyk","M_no_W_no","portfolio_2026-09-16.csv","bothno_1","bothno_1__g2",1,"no",100,-1
"dwx0my9x","M_no_W_no","portfolio_2026-09-16.csv","bothno_1","bothno_1__g2",1,"no",130,0
"uhxz6pjz","M_no_W_no","portfolio_2026-09-16.csv","bothno_1","bothno_1__g2",1,"no",124,-1
"r39x605k","M_no_W_no","portfolio_2026-09-16.csv","bothno_1","bothno_1__g2",1,"no",150,1
"yhliw46v","M_no_W_no","portfolio_2026-09-16.csv","bothno_1","bothno_1__g2",1,"no",150,1
"7abl389c","M_no_W_no","portfolio_2026-09-16.csv","bothno_1","bothno_1__g3",1,"no",150,1
"6kns3oml","M_no_W_no","portfolio_2026-09-16.csv","bothno_1","bothno_1__g3",1,"no",200,1
"pp2e4xx5","M_no_W_no","portfolio_2026-09-16.csv","bothno_1","bothno_1__g3",1,"no",1,-1
"jid9ui4f","M_no_W_no","portfolio_2026-09-16.csv","bothno_1","bothno_1__g3",1,"no",150,0
"grwzfvbr","M_no_W_no","portfolio_2026-09-16.csv","bothno_1","bothno_1__g3",1,"no",100,-1
"yxcpp681","M_no_W_no","portfolio_2026-09-16.csv","bothno_1","bothno_1__g4",1,"no",225,1
"09bse981","M_no_W_no","portfolio_2026-09-16.csv","bothno_1","bothno_1__g4",1,"no",100,0
"2p0bevly","M_no_W_no","portfolio_2026-09-16.csv","bothno_1","bothno_1__g4",1,"no",100,-1
"raavz353","M_no_W_no","portfolio_2026-09-16.csv","bothno_1","bothno_1__g4",1,"no",100,-1
"6rdutaoz","M_no_W_no","portfolio_2026-09-16.csv","bothno_1","bothno_1__g4",1,"no",200,1
"21anldsa","M_no_W_no","portfolio_2026-09-16.csv","bothno_1","bothno_1__g5",1,"no",150,0
"3mjtjuou","M_no_W_no","portfolio_2026-09-16.csv","bothno_1","bothno_1__g5",1,"no",100,-1
"5jtwpe9d","M_no_W_no","portfolio_2026-09-16.csv","bothno_1","bothno_1__g5",1,"no",200,1
"s16bmsk2","M_no_W_no","portfolio_2026-09-16.csv","bothno_1","bothno_1__g5",1,"no",300,1
"sjw641j3","M_no_W_no","portfolio_2026-09-16.csv","bothno_1","bothno_1__g5",1,"no",100,-1
"msd1f2iu","M_no_W_no","portfolio_2026-09-16.csv","bothno_1","bothno_1__g1",2,"no",100,0
"omrf04k4","M_no_W_no","portfolio_2026-09-16.csv","bothno_1","bothno_1__g1",2,"no",200,1
"duzxv1is","M_no_W_no","portfolio_2026-09-16.csv","bothno_1","bothno_1__g1",2,"no",99,-1
"znk2pevv","M_no_W_no","portfolio_2026-09-16.csv","bothno_1","bothno_1__g1",2,"no",110,1
"rv5b38em","M_no_W_no","portfolio_2026-09-16.csv","bothno_1","bothno_1__g1",2,"no",100,-1
"z7t2lpyk","M_no_W_no","portfolio_2026-09-16.csv","bothno_1","bothno_1__g2",2,"no",150,1
"dwx0my9x","M_no_W_no","portfolio_2026-09-16.csv","bothno_1","bothno_1__g2",2,"no",110,-1
"uhxz6pjz","M_no_W_no","portfolio_2026-09-16.csv","bothno_1","bothno_1__g2",2,"no",125,1
"r39x605k","M_no_W_no","portfolio_2026-09-16.csv","bothno_1","bothno_1__g2",2,"no",50,-1
"yhliw46v","M_no_W_no","portfolio_2026-09-16.csv","bothno_1","bothno_1__g2",2,"no",120,0
"7abl389c","M_no_W_no","portfolio_2026-09-16.csv","bothno_1","bothno_1__g3",2,"no",150,-1
"6kns3oml","M_no_W_no","portfolio_2026-09-16.csv","bothno_1","bothno_1__g3",2,"no",200,1
"pp2e4xx5","M_no_W_no","portfolio_2026-09-16.csv","bothno_1","bothno_1__g3",2,"no",150,0
"jid9ui4f","M_no_W_no","portfolio_2026-09-16.csv","bothno_1","bothno_1__g3",2,"no",100,-1
"grwzfvbr","M_no_W_no","portfolio_2026-09-16.csv","bothno_1","bothno_1__g3",2,"no",160,1
"yxcpp681","M_no_W_no","portfolio_2026-09-16.csv","bothno_1","bothno_1__g4",2,"no",250,1
"09bse981","M_no_W_no","portfolio_2026-09-16.csv","bothno_1","bothno_1__g4",2,"no",1,-1
"2p0bevly","M_no_W_no","portfolio_2026-09-16.csv","bothno_1","bothno_1__g4",2,"no",90,-1
"raavz353","M_no_W_no","portfolio_2026-09-16.csv","bothno_1","bothno_1__g4",2,"no",100,0
"6rdutaoz","M_no_W_no","portfolio_2026-09-16.csv","bothno_1","bothno_1__g4",2,"no",100,1
"21anldsa","M_no_W_no","portfolio_2026-09-16.csv","bothno_1","bothno_1__g5",2,"no",200,1
"3mjtjuou","M_no_W_no","portfolio_2026-09-16.csv","bothno_1","bothno_1__g5",2,"no",150,-1
"5jtwpe9d","M_no_W_no","portfolio_2026-09-16.csv","bothno_1","bothno_1__g5",2,"no",160,0
"s16bmsk2","M_no_W_no","portfolio_2026-09-16.csv","bothno_1","bothno_1__g5",2,"no",180,1
"sjw641j3","M_no_W_no","portfolio_2026-09-16.csv","bothno_1","bothno_1__g5",2,"no",150,-1
"msd1f2iu","M_no_W_no","portfolio_2026-09-16.csv","bothno_1","bothno_1__g1",3,"no",75,-1
"omrf04k4","M_no_W_no","portfolio_2026-09-16.csv","bothno_1","bothno_1__g1",3,"no",110,1
"duzxv1is","M_no_W_no","portfolio_2026-09-16.csv","bothno_1","bothno_1__g1",3,"no",98,-1
"znk2pevv","M_no_W_no","portfolio_2026-09-16.csv","bothno_1","bothno_1__g1",3,"no",110,1
"rv5b38em","M_no_W_no","portfolio_2026-09-16.csv","bothno_1","bothno_1__g1",3,"no",100,0
"z7t2lpyk","M_no_W_no","portfolio_2026-09-16.csv","bothno_1","bothno_1__g2",3,"no",200,1
"dwx0my9x","M_no_W_no","portfolio_2026-09-16.csv","bothno_1","bothno_1__g2",3,"no",120,0
"uhxz6pjz","M_no_W_no","portfolio_2026-09-16.csv","bothno_1","bothno_1__g2",3,"no",124,1
"r39x605k","M_no_W_no","portfolio_2026-09-16.csv","bothno_1","bothno_1__g2",3,"no",100,-1
"yhliw46v","M_no_W_no","portfolio_2026-09-16.csv","bothno_1","bothno_1__g2",3,"no",100,-1
"7abl389c","M_no_W_no","portfolio_2026-09-16.csv","bothno_1","bothno_1__g3",3,"no",120,-1
"6kns3oml","M_no_W_no","portfolio_2026-09-16.csv","bothno_1","bothno_1__g3",3,"no",100,-1
"pp2e4xx5","M_no_W_no","portfolio_2026-09-16.csv","bothno_1","bothno_1__g3",3,"no",149,0
"jid9ui4f","M_no_W_no","portfolio_2026-09-16.csv","bothno_1","bothno_1__g3",3,"no",150,1
"grwzfvbr","M_no_W_no","portfolio_2026-09-16.csv","bothno_1","bothno_1__g3",3,"no",200,1
"yxcpp681","M_no_W_no","portfolio_2026-09-16.csv","bothno_1","bothno_1__g4",3,"no",100,0
"09bse981","M_no_W_no","portfolio_2026-09-16.csv","bothno_1","bothno_1__g4",3,"no",300,1
"2p0bevly","M_no_W_no","portfolio_2026-09-16.csv","bothno_1","bothno_1__g4",3,"no",100,1
"raavz353","M_no_W_no","portfolio_2026-09-16.csv","bothno_1","bothno_1__g4",3,"no",70,-1
"6rdutaoz","M_no_W_no","portfolio_2026-09-16.csv","bothno_1","bothno_1__g4",3,"no",80,-1
"21anldsa","M_no_W_no","portfolio_2026-09-16.csv","bothno_1","bothno_1__g5",3,"no",150,0
"3mjtjuou","M_no_W_no","portfolio_2026-09-16.csv","bothno_1","bothno_1__g5",3,"no",155,1
"5jtwpe9d","M_no_W_no","portfolio_2026-09-16.csv","bothno_1","bothno_1__g5",3,"no",150,-1
"s16bmsk2","M_no_W_no","portfolio_2026-09-16.csv","bothno_1","bothno_1__g5",3,"no",120,-1
"sjw641j3","M_no_W_no","portfolio_2026-09-16.csv","bothno_1","bothno_1__g5",3,"no",170,1
"msd1f2iu","M_no_W_no","portfolio_2026-09-16.csv","bothno_1","bothno_1__g1",4,"no",90,-1
"omrf04k4","M_no_W_no","portfolio_2026-09-16.csv","bothno_1","bothno_1__g1",4,"no",100,0
"duzxv1is","M_no_W_no","portfolio_2026-09-16.csv","bothno_1","bothno_1__g1",4,"no",99,-1
"znk2pevv","M_no_W_no","portfolio_2026-09-16.csv","bothno_1","bothno_1__g1",4,"no",110,1
"rv5b38em","M_no_W_no","portfolio_2026-09-16.csv","bothno_1","bothno_1__g1",4,"no",200,1
"z7t2lpyk","M_no_W_no","portfolio_2026-09-16.csv","bothno_1","bothno_1__g2",4,"no",100,-1
"dwx0my9x","M_no_W_no","portfolio_2026-09-16.csv","bothno_1","bothno_1__g2",4,"no",130,1
"uhxz6pjz","M_no_W_no","portfolio_2026-09-16.csv","bothno_1","bothno_1__g2",4,"no",100,-1
"r39x605k","M_no_W_no","portfolio_2026-09-16.csv","bothno_1","bothno_1__g2",4,"no",115,0
"yhliw46v","M_no_W_no","portfolio_2026-09-16.csv","bothno_1","bothno_1__g2",4,"no",120,1
"7abl389c","M_no_W_no","portfolio_2026-09-16.csv","bothno_1","bothno_1__g3",4,"no",120,-1
"6kns3oml","M_no_W_no","portfolio_2026-09-16.csv","bothno_1","bothno_1__g3",4,"no",150,1
"pp2e4xx5","M_no_W_no","portfolio_2026-09-16.csv","bothno_1","bothno_1__g3",4,"no",130,-1
"jid9ui4f","M_no_W_no","portfolio_2026-09-16.csv","bothno_1","bothno_1__g3",4,"no",145,0
"grwzfvbr","M_no_W_no","portfolio_2026-09-16.csv","bothno_1","bothno_1__g3",4,"no",150,1
"yxcpp681","M_no_W_no","portfolio_2026-09-16.csv","bothno_1","bothno_1__g4",4,"no",100,1
"09bse981","M_no_W_no","portfolio_2026-09-16.csv","bothno_1","bothno_1__g4",4,"no",80,-1
"2p0bevly","M_no_W_no","portfolio_2026-09-16.csv","bothno_1","bothno_1__g4",4,"no",100,1
"raavz353","M_no_W_no","portfolio_2026-09-16.csv","bothno_1","bothno_1__g4",4,"no",70,-1
"6rdutaoz","M_no_W_no","portfolio_2026-09-16.csv","bothno_1","bothno_1__g4",4,"no",90,0
"21anldsa","M_no_W_no","portfolio_2026-09-16.csv","bothno_1","bothno_1__g5",4,"no",150,0
"3mjtjuou","M_no_W_no","portfolio_2026-09-16.csv","bothno_1","bothno_1__g5",4,"no",150,1
"5jtwpe9d","M_no_W_no","portfolio_2026-09-16.csv","bothno_1","bothno_1__g5",4,"no",150,-1
"s16bmsk2","M_no_W_no","portfolio_2026-09-16.csv","bothno_1","bothno_1__g5",4,"no",140,-1
"sjw641j3","M_no_W_no","portfolio_2026-09-16.csv","bothno_1","bothno_1__g5",4,"no",200,1
"msd1f2iu","M_no_W_no","portfolio_2026-09-16.csv","bothno_1","bothno_1__g1",5,"no",50,-1
"omrf04k4","M_no_W_no","portfolio_2026-09-16.csv","bothno_1","bothno_1__g1",5,"no",10,-1
"duzxv1is","M_no_W_no","portfolio_2026-09-16.csv","bothno_1","bothno_1__g1",5,"no",70,0
"znk2pevv","M_no_W_no","portfolio_2026-09-16.csv","bothno_1","bothno_1__g1",5,"no",110,1
"rv5b38em","M_no_W_no","portfolio_2026-09-16.csv","bothno_1","bothno_1__g1",5,"no",200,1
"z7t2lpyk","M_no_W_no","portfolio_2026-09-16.csv","bothno_1","bothno_1__g2",5,"no",115,1
"dwx0my9x","M_no_W_no","portfolio_2026-09-16.csv","bothno_1","bothno_1__g2",5,"no",110,0
"uhxz6pjz","M_no_W_no","portfolio_2026-09-16.csv","bothno_1","bothno_1__g2",5,"no",125,1
"r39x605k","M_no_W_no","portfolio_2026-09-16.csv","bothno_1","bothno_1__g2",5,"no",100,-1
"yhliw46v","M_no_W_no","portfolio_2026-09-16.csv","bothno_1","bothno_1__g2",5,"no",100,-1
"7abl389c","M_no_W_no","portfolio_2026-09-16.csv","bothno_1","bothno_1__g3",5,"no",120,0
"6kns3oml","M_no_W_no","portfolio_2026-09-16.csv","bothno_1","bothno_1__g3",5,"no",50,-1
"pp2e4xx5","M_no_W_no","portfolio_2026-09-16.csv","bothno_1","bothno_1__g3",5,"no",147,1
"jid9ui4f","M_no_W_no","portfolio_2026-09-16.csv","bothno_1","bothno_1__g3",5,"no",100,-1
"grwzfvbr","M_no_W_no","portfolio_2026-09-16.csv","bothno_1","bothno_1__g3",5,"no",150,1
"yxcpp681","M_no_W_no","portfolio_2026-09-16.csv","bothno_1","bothno_1__g4",5,"no",70,-1
"09bse981","M_no_W_no","portfolio_2026-09-16.csv","bothno_1","bothno_1__g4",5,"no",100,1
"2p0bevly","M_no_W_no","portfolio_2026-09-16.csv","bothno_1","bothno_1__g4",5,"no",80,-1
"raavz353","M_no_W_no","portfolio_2026-09-16.csv","bothno_1","bothno_1__g4",5,"no",85,0
"6rdutaoz","M_no_W_no","portfolio_2026-09-16.csv","bothno_1","bothno_1__g4",5,"no",85,1
"21anldsa","M_no_W_no","portfolio_2026-09-16.csv","bothno_1","bothno_1__g5",5,"no",140,-1
"3mjtjuou","M_no_W_no","portfolio_2026-09-16.csv","bothno_1","bothno_1__g5",5,"no",150,0
"5jtwpe9d","M_no_W_no","portfolio_2026-09-16.csv","bothno_1","bothno_1__g5",5,"no",200,1
"s16bmsk2","M_no_W_no","portfolio_2026-09-16.csv","bothno_1","bothno_1__g5",5,"no",140,-1
"sjw641j3","M_no_W_no","portfolio_2026-09-16.csv","bothno_1","bothno_1__g5",5,"no",250,1
"msd1f2iu","M_no_W_no","portfolio_2026-09-16.csv","bothno_1","bothno_1__g1",6,"no",100,0
"omrf04k4","M_no_W_no","portfolio_2026-09-16.csv","bothno_1","bothno_1__g1",6,"no",50,-1
"duzxv1is","M_no_W_no","portfolio_2026-09-16.csv","bothno_1","bothno_1__g1",6,"no",66,-1
"znk2pevv","M_no_W_no","portfolio_2026-09-16.csv","bothno_1","bothno_1__g1",6,"no",110,1
"rv5b38em","M_no_W_no","portfolio_2026-09-16.csv","bothno_1","bothno_1__g1",6,"no",200,1
"z7t2lpyk","M_no_W_no","portfolio_2026-09-16.csv","bothno_1","bothno_1__g2",6,"no",105,-1
"dwx0my9x","M_no_W_no","portfolio_2026-09-16.csv","bothno_1","bothno_1__g2",6,"no",110,1
"uhxz6pjz","M_no_W_no","portfolio_2026-09-16.csv","bothno_1","bothno_1__g2",6,"no",125,1
"r39x605k","M_no_W_no","portfolio_2026-09-16.csv","bothno_1","bothno_1__g2",6,"no",105,-1
"yhliw46v","M_no_W_no","portfolio_2026-09-16.csv","bothno_1","bothno_1__g2",6,"no",110,0
"7abl389c","M_no_W_no","portfolio_2026-09-16.csv","bothno_1","bothno_1__g3",6,"no",90,-1
"6kns3oml","M_no_W_no","portfolio_2026-09-16.csv","bothno_1","bothno_1__g3",6,"no",90,-1
"pp2e4xx5","M_no_W_no","portfolio_2026-09-16.csv","bothno_1","bothno_1__g3",6,"no",137,1
"jid9ui4f","M_no_W_no","portfolio_2026-09-16.csv","bothno_1","bothno_1__g3",6,"no",100,1
"grwzfvbr","M_no_W_no","portfolio_2026-09-16.csv","bothno_1","bothno_1__g3",6,"no",100,0
"yxcpp681","M_no_W_no","portfolio_2026-09-16.csv","bothno_1","bothno_1__g4",6,"no",80,0
"09bse981","M_no_W_no","portfolio_2026-09-16.csv","bothno_1","bothno_1__g4",6,"no",99,1
"2p0bevly","M_no_W_no","portfolio_2026-09-16.csv","bothno_1","bothno_1__g4",6,"no",87,1
"raavz353","M_no_W_no","portfolio_2026-09-16.csv","bothno_1","bothno_1__g4",6,"no",70,-1
"6rdutaoz","M_no_W_no","portfolio_2026-09-16.csv","bothno_1","bothno_1__g4",6,"no",70,-1
"21anldsa","M_no_W_no","portfolio_2026-09-16.csv","bothno_1","bothno_1__g5",6,"no",200,1
"3mjtjuou","M_no_W_no","portfolio_2026-09-16.csv","bothno_1","bothno_1__g5",6,"no",150,0
"5jtwpe9d","M_no_W_no","portfolio_2026-09-16.csv","bothno_1","bothno_1__g5",6,"no",130,-1
"s16bmsk2","M_no_W_no","portfolio_2026-09-16.csv","bothno_1","bothno_1__g5",6,"no",150,1
"sjw641j3","M_no_W_no","portfolio_2026-09-16.csv","bothno_1","bothno_1__g5",6,"no",100,-1
"msd1f2iu","M_no_W_no","portfolio_2026-09-16.csv","bothno_1","bothno_1__g1",7,"no",100,-1
"omrf04k4","M_no_W_no","portfolio_2026-09-16.csv","bothno_1","bothno_1__g1",7,"no",300,1
"duzxv1is","M_no_W_no","portfolio_2026-09-16.csv","bothno_1","bothno_1__g1",7,"no",90,-1
"znk2pevv","M_no_W_no","portfolio_2026-09-16.csv","bothno_1","bothno_1__g1",7,"no",110,0
"rv5b38em","M_no_W_no","portfolio_2026-09-16.csv","bothno_1","bothno_1__g1",7,"no",200,1
"z7t2lpyk","M_no_W_no","portfolio_2026-09-16.csv","bothno_1","bothno_1__g2",7,"no",110,1
"dwx0my9x","M_no_W_no","portfolio_2026-09-16.csv","bothno_1","bothno_1__g2",7,"no",108,0
"uhxz6pjz","M_no_W_no","portfolio_2026-09-16.csv","bothno_1","bothno_1__g2",7,"no",125,1
"r39x605k","M_no_W_no","portfolio_2026-09-16.csv","bothno_1","bothno_1__g2",7,"no",105,-1
"yhliw46v","M_no_W_no","portfolio_2026-09-16.csv","bothno_1","bothno_1__g2",7,"no",105,-1
"7abl389c","M_no_W_no","portfolio_2026-09-16.csv","bothno_1","bothno_1__g3",7,"no",90,1
"6kns3oml","M_no_W_no","portfolio_2026-09-16.csv","bothno_1","bothno_1__g3",7,"no",50,-1
"pp2e4xx5","M_no_W_no","portfolio_2026-09-16.csv","bothno_1","bothno_1__g3",7,"no",82,0
"jid9ui4f","M_no_W_no","portfolio_2026-09-16.csv","bothno_1","bothno_1__g3",7,"no",99,1
"grwzfvbr","M_no_W_no","portfolio_2026-09-16.csv","bothno_1","bothno_1__g3",7,"no",50,-1
"yxcpp681","M_no_W_no","portfolio_2026-09-16.csv","bothno_1","bothno_1__g4",7,"no",80,1
"09bse981","M_no_W_no","portfolio_2026-09-16.csv","bothno_1","bothno_1__g4",7,"no",100,1
"2p0bevly","M_no_W_no","portfolio_2026-09-16.csv","bothno_1","bothno_1__g4",7,"no",78,0
"raavz353","M_no_W_no","portfolio_2026-09-16.csv","bothno_1","bothno_1__g4",7,"no",65,-1
"6rdutaoz","M_no_W_no","portfolio_2026-09-16.csv","bothno_1","bothno_1__g4",7,"no",70,-1
"21anldsa","M_no_W_no","portfolio_2026-09-16.csv","bothno_1","bothno_1__g5",7,"no",150,-1
"3mjtjuou","M_no_W_no","portfolio_2026-09-16.csv","bothno_1","bothno_1__g5",7,"no",150,-1
"5jtwpe9d","M_no_W_no","portfolio_2026-09-16.csv","bothno_1","bothno_1__g5",7,"no",150,0
"s16bmsk2","M_no_W_no","portfolio_2026-09-16.csv","bothno_1","bothno_1__g5",7,"no",160,1
"sjw641j3","M_no_W_no","portfolio_2026-09-16.csv","bothno_1","bothno_1__g5",7,"no",150,1
"msd1f2iu","M_no_W_no","portfolio_2026-09-16.csv","bothno_1","bothno_1__g1",8,"no",150,0
"omrf04k4","M_no_W_no","portfolio_2026-09-16.csv","bothno_1","bothno_1__g1",8,"no",500,1
"duzxv1is","M_no_W_no","portfolio_2026-09-16.csv","bothno_1","bothno_1__g1",8,"no",105,-1
"znk2pevv","M_no_W_no","portfolio_2026-09-16.csv","bothno_1","bothno_1__g1",8,"no",110,-1
"rv5b38em","M_no_W_no","portfolio_2026-09-16.csv","bothno_1","bothno_1__g1",8,"no",200,1
"z7t2lpyk","M_no_W_no","portfolio_2026-09-16.csv","bothno_1","bothno_1__g2",8,"no",100,-1
"dwx0my9x","M_no_W_no","portfolio_2026-09-16.csv","bothno_1","bothno_1__g2",8,"no",108,1
"uhxz6pjz","M_no_W_no","portfolio_2026-09-16.csv","bothno_1","bothno_1__g2",8,"no",125,1
"r39x605k","M_no_W_no","portfolio_2026-09-16.csv","bothno_1","bothno_1__g2",8,"no",105,-1
"yhliw46v","M_no_W_no","portfolio_2026-09-16.csv","bothno_1","bothno_1__g2",8,"no",108,0
"7abl389c","M_no_W_no","portfolio_2026-09-16.csv","bothno_1","bothno_1__g3",8,"no",3,-1
"6kns3oml","M_no_W_no","portfolio_2026-09-16.csv","bothno_1","bothno_1__g3",8,"no",50,0
"pp2e4xx5","M_no_W_no","portfolio_2026-09-16.csv","bothno_1","bothno_1__g3",8,"no",73,1
"jid9ui4f","M_no_W_no","portfolio_2026-09-16.csv","bothno_1","bothno_1__g3",8,"no",50,-1
"grwzfvbr","M_no_W_no","portfolio_2026-09-16.csv","bothno_1","bothno_1__g3",8,"no",130,1
"yxcpp681","M_no_W_no","portfolio_2026-09-16.csv","bothno_1","bothno_1__g4",8,"no",75,1
"09bse981","M_no_W_no","portfolio_2026-09-16.csv","bothno_1","bothno_1__g4",8,"no",100,1
"2p0bevly","M_no_W_no","portfolio_2026-09-16.csv","bothno_1","bothno_1__g4",8,"no",75,0
"raavz353","M_no_W_no","portfolio_2026-09-16.csv","bothno_1","bothno_1__g4",8,"no",70,-1
"6rdutaoz","M_no_W_no","portfolio_2026-09-16.csv","bothno_1","bothno_1__g4",8,"no",70,-1
"21anldsa","M_no_W_no","portfolio_2026-09-16.csv","bothno_1","bothno_1__g5",8,"no",150,0
"3mjtjuou","M_no_W_no","portfolio_2026-09-16.csv","bothno_1","bothno_1__g5",8,"no",150,1
"5jtwpe9d","M_no_W_no","portfolio_2026-09-16.csv","bothno_1","bothno_1__g5",8,"no",180,1
"s16bmsk2","M_no_W_no","portfolio_2026-09-16.csv","bothno_1","bothno_1__g5",8,"no",140,-1
"sjw641j3","M_no_W_no","portfolio_2026-09-16.csv","bothno_1","bothno_1__g5",8,"no",100,-1
"msd1f2iu","M_no_W_no","portfolio_2026-09-16.csv","bothno_1","bothno_1__g1",9,"no",150,1
"omrf04k4","M_no_W_no","portfolio_2026-09-16.csv","bothno_1","bothno_1__g1",9,"no",100,-1
"duzxv1is","M_no_W_no","portfolio_2026-09-16.csv","bothno_1","bothno_1__g1",9,"no",125,0
"znk2pevv","M_no_W_no","portfolio_2026-09-16.csv","bothno_1","bothno_1__g1",9,"no",110,-1
"rv5b38em","M_no_W_no","portfolio_2026-09-16.csv","bothno_1","bothno_1__g1",9,"no",200,1
"z7t2lpyk","M_no_W_no","portfolio_2026-09-16.csv","bothno_1","bothno_1__g2",9,"no",120,1
"dwx0my9x","M_no_W_no","portfolio_2026-09-16.csv","bothno_1","bothno_1__g2",9,"no",108,0
"uhxz6pjz","M_no_W_no","portfolio_2026-09-16.csv","bothno_1","bothno_1__g2",9,"no",125,1
"r39x605k","M_no_W_no","portfolio_2026-09-16.csv","bothno_1","bothno_1__g2",9,"no",10,-1
"yhliw46v","M_no_W_no","portfolio_2026-09-16.csv","bothno_1","bothno_1__g2",9,"no",108,-1
"7abl389c","M_no_W_no","portfolio_2026-09-16.csv","bothno_1","bothno_1__g3",9,"no",3,-1
"6kns3oml","M_no_W_no","portfolio_2026-09-16.csv","bothno_1","bothno_1__g3",9,"no",30,1
"pp2e4xx5","M_no_W_no","portfolio_2026-09-16.csv","bothno_1","bothno_1__g3",9,"no",38,1
"jid9ui4f","M_no_W_no","portfolio_2026-09-16.csv","bothno_1","bothno_1__g3",9,"no",25,0
"grwzfvbr","M_no_W_no","portfolio_2026-09-16.csv","bothno_1","bothno_1__g3",9,"no",20,-1
"yxcpp681","M_no_W_no","portfolio_2026-09-16.csv","bothno_1","bothno_1__g4",9,"no",69,-1
"09bse981","M_no_W_no","portfolio_2026-09-16.csv","bothno_1","bothno_1__g4",9,"no",1,-1
"2p0bevly","M_no_W_no","portfolio_2026-09-16.csv","bothno_1","bothno_1__g4",9,"no",70,1
"raavz353","M_no_W_no","portfolio_2026-09-16.csv","bothno_1","bothno_1__g4",9,"no",70,0
"6rdutaoz","M_no_W_no","portfolio_2026-09-16.csv","bothno_1","bothno_1__g4",9,"no",70,1
"21anldsa","M_no_W_no","portfolio_2026-09-16.csv","bothno_1","bothno_1__g5",9,"no",150,1
"3mjtjuou","M_no_W_no","portfolio_2026-09-16.csv","bothno_1","bothno_1__g5",9,"no",150,0
"5jtwpe9d","M_no_W_no","portfolio_2026-09-16.csv","bothno_1","bothno_1__g5",9,"no",175,1
"s16bmsk2","M_no_W_no","portfolio_2026-09-16.csv","bothno_1","bothno_1__g5",9,"no",140,-1
"sjw641j3","M_no_W_no","portfolio_2026-09-16.csv","bothno_1","bothno_1__g5",9,"no",140,-1
"msd1f2iu","M_no_W_no","portfolio_2026-09-16.csv","bothno_1","bothno_1__g1",10,"no",300,1
"omrf04k4","M_no_W_no","portfolio_2026-09-16.csv","bothno_1","bothno_1__g1",10,"no",200,1
"duzxv1is","M_no_W_no","portfolio_2026-09-16.csv","bothno_1","bothno_1__g1",10,"no",120,-1
"znk2pevv","M_no_W_no","portfolio_2026-09-16.csv","bothno_1","bothno_1__g1",10,"no",110,-1
"rv5b38em","M_no_W_no","portfolio_2026-09-16.csv","bothno_1","bothno_1__g1",10,"no",150,0
"z7t2lpyk","M_no_W_no","portfolio_2026-09-16.csv","bothno_1","bothno_1__g2",10,"no",110,1
"dwx0my9x","M_no_W_no","portfolio_2026-09-16.csv","bothno_1","bothno_1__g2",10,"no",108,0
"uhxz6pjz","M_no_W_no","portfolio_2026-09-16.csv","bothno_1","bothno_1__g2",10,"no",125,1
"r39x605k","M_no_W_no","portfolio_2026-09-16.csv","bothno_1","bothno_1__g2",10,"no",105,-1
"yhliw46v","M_no_W_no","portfolio_2026-09-16.csv","bothno_1","bothno_1__g2",10,"no",108,-1
"7abl389c","M_no_W_no","portfolio_2026-09-16.csv","bothno_1","bothno_1__g3",10,"no",3,-1
"6kns3oml","M_no_W_no","portfolio_2026-09-16.csv","bothno_1","bothno_1__g3",10,"no",40,1
"pp2e4xx5","M_no_W_no","portfolio_2026-09-16.csv","bothno_1","bothno_1__g3",10,"no",10,-1
"jid9ui4f","M_no_W_no","portfolio_2026-09-16.csv","bothno_1","bothno_1__g3",10,"no",25,1
"grwzfvbr","M_no_W_no","portfolio_2026-09-16.csv","bothno_1","bothno_1__g3",10,"no",20,0
"yxcpp681","M_no_W_no","portfolio_2026-09-16.csv","bothno_1","bothno_1__g4",10,"no",64,1
"09bse981","M_no_W_no","portfolio_2026-09-16.csv","bothno_1","bothno_1__g4",10,"no",1,-1
"2p0bevly","M_no_W_no","portfolio_2026-09-16.csv","bothno_1","bothno_1__g4",10,"no",70,1
"raavz353","M_no_W_no","portfolio_2026-09-16.csv","bothno_1","bothno_1__g4",10,"no",50,-1
"6rdutaoz","M_no_W_no","portfolio_2026-09-16.csv","bothno_1","bothno_1__g4",10,"no",60,0
"21anldsa","M_no_W_no","portfolio_2026-09-16.csv","bothno_1","bothno_1__g5",10,"no",150,1
"3mjtjuou","M_no_W_no","portfolio_2026-09-16.csv","bothno_1","bothno_1__g5",10,"no",150,0
"5jtwpe9d","M_no_W_no","portfolio_2026-09-16.csv","bothno_1","bothno_1__g5",10,"no",170,1
"s16bmsk2","M_no_W_no","portfolio_2026-09-16.csv","bothno_1","bothno_1__g5",10,"no",140,-1
"sjw641j3","M_no_W_no","portfolio_2026-09-16.csv","bothno_1","bothno_1__g5",10,"no",145,-1
"o7pccht6","M_no_W_no","portfolio_2026-09-16.csv","botno_2","botno_2__g1",1,"no",50,-1
"xlysi5bz","M_no_W_no","portfolio_2026-09-16.csv","botno_2","botno_2__g1",1,"no",50,-1
"ktzkk4b7","M_no_W_no","portfolio_2026-09-16.csv","botno_2","botno_2__g1",1,"no",200,1
"unt4hlph","M_no_W_no","portfolio_2026-09-16.csv","botno_2","botno_2__g1",1,"no",200,1
"e3o1p3e6","M_no_W_no","portfolio_2026-09-16.csv","botno_2","botno_2__g1",1,"no",100,0
"0nzm25g8","M_no_W_no","portfolio_2026-09-16.csv","botno_2","botno_2__g2",1,"no",120,1
"f8ff6plt","M_no_W_no","portfolio_2026-09-16.csv","botno_2","botno_2__g2",1,"no",10,-1
"poc3kn08","M_no_W_no","portfolio_2026-09-16.csv","botno_2","botno_2__g2",1,"no",100,0
"z9zrwosz","M_no_W_no","portfolio_2026-09-16.csv","botno_2","botno_2__g2",1,"no",300,1
"yldmtmxh","M_no_W_no","portfolio_2026-09-16.csv","botno_2","botno_2__g2",1,"no",50,-1
"bjw1ymg6","M_no_W_no","portfolio_2026-09-16.csv","botno_2","botno_2__g3",1,"no",150,1
"dxg47gml","M_no_W_no","portfolio_2026-09-16.csv","botno_2","botno_2__g3",1,"no",80,-1
"t47t8m59","M_no_W_no","portfolio_2026-09-16.csv","botno_2","botno_2__g3",1,"no",150,1
"2epyouig","M_no_W_no","portfolio_2026-09-16.csv","botno_2","botno_2__g3",1,"no",10,-1
"107rd682","M_no_W_no","portfolio_2026-09-16.csv","botno_2","botno_2__g3",1,"no",100,0
"6xyzc64h","M_no_W_no","portfolio_2026-09-16.csv","botno_2","botno_2__g4",1,"no",180,-1
"566nkyxt","M_no_W_no","portfolio_2026-09-16.csv","botno_2","botno_2__g4",1,"no",107,-1
"uv69jk1p","M_no_W_no","portfolio_2026-09-16.csv","botno_2","botno_2__g4",1,"no",200,1
"thfu25ei","M_no_W_no","portfolio_2026-09-16.csv","botno_2","botno_2__g4",1,"no",200,0
"008uq8bs","M_no_W_no","portfolio_2026-09-16.csv","botno_2","botno_2__g4",1,"no",300,1
"o4da1gkl","M_no_W_no","portfolio_2026-09-16.csv","botno_2","botno_2__g5",1,"no",300,1
"ilc2oqlq","M_no_W_no","portfolio_2026-09-16.csv","botno_2","botno_2__g5",1,"no",50,-1
"qcu0td0m","M_no_W_no","portfolio_2026-09-16.csv","botno_2","botno_2__g5",1,"no",166,0
"zcjv164s","M_no_W_no","portfolio_2026-09-16.csv","botno_2","botno_2__g5",1,"no",220,1
"3g7fmbdb","M_no_W_no","portfolio_2026-09-16.csv","botno_2","botno_2__g5",1,"no",50,-1
"o7pccht6","M_no_W_no","portfolio_2026-09-16.csv","botno_2","botno_2__g1",2,"no",70,-1
"xlysi5bz","M_no_W_no","portfolio_2026-09-16.csv","botno_2","botno_2__g1",2,"no",100,0
"ktzkk4b7","M_no_W_no","portfolio_2026-09-16.csv","botno_2","botno_2__g1",2,"no",150,1
"unt4hlph","M_no_W_no","portfolio_2026-09-16.csv","botno_2","botno_2__g1",2,"no",100,1
"e3o1p3e6","M_no_W_no","portfolio_2026-09-16.csv","botno_2","botno_2__g1",2,"no",80,-1
"0nzm25g8","M_no_W_no","portfolio_2026-09-16.csv","botno_2","botno_2__g2",2,"no",100,1
"f8ff6plt","M_no_W_no","portfolio_2026-09-16.csv","botno_2","botno_2__g2",2,"no",100,0
"poc3kn08","M_no_W_no","portfolio_2026-09-16.csv","botno_2","botno_2__g2",2,"no",150,1
"z9zrwosz","M_no_W_no","portfolio_2026-09-16.csv","botno_2","botno_2__g2",2,"no",1,-1
"yldmtmxh","M_no_W_no","portfolio_2026-09-16.csv","botno_2","botno_2__g2",2,"no",100,-1
"bjw1ymg6","M_no_W_no","portfolio_2026-09-16.csv","botno_2","botno_2__g3",2,"no",200,1
"dxg47gml","M_no_W_no","portfolio_2026-09-16.csv","botno_2","botno_2__g3",2,"no",60,-1
"t47t8m59","M_no_W_no","portfolio_2026-09-16.csv","botno_2","botno_2__g3",2,"no",90,-1
"2epyouig","M_no_W_no","portfolio_2026-09-16.csv","botno_2","botno_2__g3",2,"no",150,1
"107rd682","M_no_W_no","portfolio_2026-09-16.csv","botno_2","botno_2__g3",2,"no",110,0
"6xyzc64h","M_no_W_no","portfolio_2026-09-16.csv","botno_2","botno_2__g4",2,"no",195,1
"566nkyxt","M_no_W_no","portfolio_2026-09-16.csv","botno_2","botno_2__g4",2,"no",125,-1
"uv69jk1p","M_no_W_no","portfolio_2026-09-16.csv","botno_2","botno_2__g4",2,"no",150,-1
"thfu25ei","M_no_W_no","portfolio_2026-09-16.csv","botno_2","botno_2__g4",2,"no",180,0
"008uq8bs","M_no_W_no","portfolio_2026-09-16.csv","botno_2","botno_2__g4",2,"no",250,1
"o4da1gkl","M_no_W_no","portfolio_2026-09-16.csv","botno_2","botno_2__g5",2,"no",250,1
"ilc2oqlq","M_no_W_no","portfolio_2026-09-16.csv","botno_2","botno_2__g5",2,"no",120,-1
"qcu0td0m","M_no_W_no","portfolio_2026-09-16.csv","botno_2","botno_2__g5",2,"no",300,1
"zcjv164s","M_no_W_no","portfolio_2026-09-16.csv","botno_2","botno_2__g5",2,"no",188,-1
"3g7fmbdb","M_no_W_no","portfolio_2026-09-16.csv","botno_2","botno_2__g5",2,"no",250,0
"o7pccht6","M_no_W_no","portfolio_2026-09-16.csv","botno_2","botno_2__g1",3,"no",80,0
"xlysi5bz","M_no_W_no","portfolio_2026-09-16.csv","botno_2","botno_2__g1",3,"no",50,-1
"ktzkk4b7","M_no_W_no","portfolio_2026-09-16.csv","botno_2","botno_2__g1",3,"no",150,1
"unt4hlph","M_no_W_no","portfolio_2026-09-16.csv","botno_2","botno_2__g1",3,"no",50,-1
"e3o1p3e6","M_no_W_no","portfolio_2026-09-16.csv","botno_2","botno_2__g1",3,"no",100,1
"0nzm25g8","M_no_W_no","portfolio_2026-09-16.csv","botno_2","botno_2__g2",3,"no",70,-1
"f8ff6plt","M_no_W_no","portfolio_2026-09-16.csv","botno_2","botno_2__g2",3,"no",100,1
"poc3kn08","M_no_W_no","portfolio_2026-09-16.csv","botno_2","botno_2__g2",3,"no",50,-1
"z9zrwosz","M_no_W_no","portfolio_2026-09-16.csv","botno_2","botno_2__g2",3,"no",100,1
"yldmtmxh","M_no_W_no","portfolio_2026-09-16.csv","botno_2","botno_2__g2",3,"no",80,0
"bjw1ymg6","M_no_W_no","portfolio_2026-09-16.csv","botno_2","botno_2__g3",3,"no",200,1
"dxg47gml","M_no_W_no","portfolio_2026-09-16.csv","botno_2","botno_2__g3",3,"no",89,-1
"t47t8m59","M_no_W_no","portfolio_2026-09-16.csv","botno_2","botno_2__g3",3,"no",110,-1
"2epyouig","M_no_W_no","portfolio_2026-09-16.csv","botno_2","botno_2__g3",3,"no",120,0
"107rd682","M_no_W_no","portfolio_2026-09-16.csv","botno_2","botno_2__g3",3,"no",120,1
"6xyzc64h","M_no_W_no","portfolio_2026-09-16.csv","botno_2","botno_2__g4",3,"no",175,-1
"566nkyxt","M_no_W_no","portfolio_2026-09-16.csv","botno_2","botno_2__g4",3,"no",125,-1
"uv69jk1p","M_no_W_no","portfolio_2026-09-16.csv","botno_2","botno_2__g4",3,"no",200,0
"thfu25ei","M_no_W_no","portfolio_2026-09-16.csv","botno_2","botno_2__g4",3,"no",225,1
"008uq8bs","M_no_W_no","portfolio_2026-09-16.csv","botno_2","botno_2__g4",3,"no",200,1
"o4da1gkl","M_no_W_no","portfolio_2026-09-16.csv","botno_2","botno_2__g5",3,"no",200,-1
"ilc2oqlq","M_no_W_no","portfolio_2026-09-16.csv","botno_2","botno_2__g5",3,"no",200,0
"qcu0td0m","M_no_W_no","portfolio_2026-09-16.csv","botno_2","botno_2__g5",3,"no",450,1
"zcjv164s","M_no_W_no","portfolio_2026-09-16.csv","botno_2","botno_2__g5",3,"no",230,1
"3g7fmbdb","M_no_W_no","portfolio_2026-09-16.csv","botno_2","botno_2__g5",3,"no",200,-1
"o7pccht6","M_no_W_no","portfolio_2026-09-16.csv","botno_2","botno_2__g1",4,"no",72,0
"xlysi5bz","M_no_W_no","portfolio_2026-09-16.csv","botno_2","botno_2__g1",4,"no",50,-1
"ktzkk4b7","M_no_W_no","portfolio_2026-09-16.csv","botno_2","botno_2__g1",4,"no",150,1
"unt4hlph","M_no_W_no","portfolio_2026-09-16.csv","botno_2","botno_2__g1",4,"no",80,1
"e3o1p3e6","M_no_W_no","portfolio_2026-09-16.csv","botno_2","botno_2__g1",4,"no",60,-1
"0nzm25g8","M_no_W_no","portfolio_2026-09-16.csv","botno_2","botno_2__g2",4,"no",80,-1
"f8ff6plt","M_no_W_no","portfolio_2026-09-16.csv","botno_2","botno_2__g2",4,"no",50,-1
"poc3kn08","M_no_W_no","portfolio_2026-09-16.csv","botno_2","botno_2__g2",4,"no",200,1
"z9zrwosz","M_no_W_no","portfolio_2026-09-16.csv","botno_2","botno_2__g2",4,"no",200,1
"yldmtmxh","M_no_W_no","portfolio_2026-09-16.csv","botno_2","botno_2__g2",4,"no",123,0
"bjw1ymg6","M_no_W_no","portfolio_2026-09-16.csv","botno_2","botno_2__g3",4,"no",150,1
"dxg47gml","M_no_W_no","portfolio_2026-09-16.csv","botno_2","botno_2__g3",4,"no",125,0
"t47t8m59","M_no_W_no","portfolio_2026-09-16.csv","botno_2","botno_2__g3",4,"no",125,1
"2epyouig","M_no_W_no","portfolio_2026-09-16.csv","botno_2","botno_2__g3",4,"no",110,-1
"107rd682","M_no_W_no","portfolio_2026-09-16.csv","botno_2","botno_2__g3",4,"no",121,-1
"6xyzc64h","M_no_W_no","portfolio_2026-09-16.csv","botno_2","botno_2__g4",4,"no",195,0
"566nkyxt","M_no_W_no","portfolio_2026-09-16.csv","botno_2","botno_2__g4",4,"no",199,1
"uv69jk1p","M_no_W_no","portfolio_2026-09-16.csv","botno_2","botno_2__g4",4,"no",185,-1
"thfu25ei","M_no_W_no","portfolio_2026-09-16.csv","botno_2","botno_2__g4",4,"no",220,1
"008uq8bs","M_no_W_no","portfolio_2026-09-16.csv","botno_2","botno_2__g4",4,"no",180,-1
"o4da1gkl","M_no_W_no","portfolio_2026-09-16.csv","botno_2","botno_2__g5",4,"no",200,0
"ilc2oqlq","M_no_W_no","portfolio_2026-09-16.csv","botno_2","botno_2__g5",4,"no",150,-1
"qcu0td0m","M_no_W_no","portfolio_2026-09-16.csv","botno_2","botno_2__g5",4,"no",300,1
"zcjv164s","M_no_W_no","portfolio_2026-09-16.csv","botno_2","botno_2__g5",4,"no",155,-1
"3g7fmbdb","M_no_W_no","portfolio_2026-09-16.csv","botno_2","botno_2__g5",4,"no",210,1
"o7pccht6","M_no_W_no","portfolio_2026-09-16.csv","botno_2","botno_2__g1",5,"no",65,0
"xlysi5bz","M_no_W_no","portfolio_2026-09-16.csv","botno_2","botno_2__g1",5,"no",50,-1
"ktzkk4b7","M_no_W_no","portfolio_2026-09-16.csv","botno_2","botno_2__g1",5,"no",150,1
"unt4hlph","M_no_W_no","portfolio_2026-09-16.csv","botno_2","botno_2__g1",5,"no",80,1
"e3o1p3e6","M_no_W_no","portfolio_2026-09-16.csv","botno_2","botno_2__g1",5,"no",60,-1
"0nzm25g8","M_no_W_no","portfolio_2026-09-16.csv","botno_2","botno_2__g2",5,"no",110,0
"f8ff6plt","M_no_W_no","portfolio_2026-09-16.csv","botno_2","botno_2__g2",5,"no",100,-1
"poc3kn08","M_no_W_no","portfolio_2026-09-16.csv","botno_2","botno_2__g2",5,"no",200,1
"z9zrwosz","M_no_W_no","portfolio_2026-09-16.csv","botno_2","botno_2__g2",5,"no",101,-1
"yldmtmxh","M_no_W_no","portfolio_2026-09-16.csv","botno_2","botno_2__g2",5,"no",199,1
"bjw1ymg6","M_no_W_no","portfolio_2026-09-16.csv","botno_2","botno_2__g3",5,"no",120,0
"dxg47gml","M_no_W_no","portfolio_2026-09-16.csv","botno_2","botno_2__g3",5,"no",100,-1
"t47t8m59","M_no_W_no","portfolio_2026-09-16.csv","botno_2","botno_2__g3",5,"no",125,1
"2epyouig","M_no_W_no","portfolio_2026-09-16.csv","botno_2","botno_2__g3",5,"no",100,-1
"107rd682","M_no_W_no","portfolio_2026-09-16.csv","botno_2","botno_2__g3",5,"no",130,1
"6xyzc64h","M_no_W_no","portfolio_2026-09-16.csv","botno_2","botno_2__g4",5,"no",190,-1
"566nkyxt","M_no_W_no","portfolio_2026-09-16.csv","botno_2","botno_2__g4",5,"no",180,-1
"uv69jk1p","M_no_W_no","portfolio_2026-09-16.csv","botno_2","botno_2__g4",5,"no",250,1
"thfu25ei","M_no_W_no","portfolio_2026-09-16.csv","botno_2","botno_2__g4",5,"no",200,0
"008uq8bs","M_no_W_no","portfolio_2026-09-16.csv","botno_2","botno_2__g4",5,"no",200,1
"o4da1gkl","M_no_W_no","portfolio_2026-09-16.csv","botno_2","botno_2__g5",5,"no",300,1
"ilc2oqlq","M_no_W_no","portfolio_2026-09-16.csv","botno_2","botno_2__g5",5,"no",160,-1
"qcu0td0m","M_no_W_no","portfolio_2026-09-16.csv","botno_2","botno_2__g5",5,"no",250,1
"zcjv164s","M_no_W_no","portfolio_2026-09-16.csv","botno_2","botno_2__g5",5,"no",188,-1
"3g7fmbdb","M_no_W_no","portfolio_2026-09-16.csv","botno_2","botno_2__g5",5,"no",230,0
"o7pccht6","M_no_W_no","portfolio_2026-09-16.csv","botno_2","botno_2__g1",6,"no",80,1
"xlysi5bz","M_no_W_no","portfolio_2026-09-16.csv","botno_2","botno_2__g1",6,"no",45,-1
"ktzkk4b7","M_no_W_no","portfolio_2026-09-16.csv","botno_2","botno_2__g1",6,"no",150,1
"unt4hlph","M_no_W_no","portfolio_2026-09-16.csv","botno_2","botno_2__g1",6,"no",50,-1
"e3o1p3e6","M_no_W_no","portfolio_2026-09-16.csv","botno_2","botno_2__g1",6,"no",55,0
"0nzm25g8","M_no_W_no","portfolio_2026-09-16.csv","botno_2","botno_2__g2",6,"no",120,1
"f8ff6plt","M_no_W_no","portfolio_2026-09-16.csv","botno_2","botno_2__g2",6,"no",100,0
"poc3kn08","M_no_W_no","portfolio_2026-09-16.csv","botno_2","botno_2__g2",6,"no",110,1
"z9zrwosz","M_no_W_no","portfolio_2026-09-16.csv","botno_2","botno_2__g2",6,"no",80,-1
"yldmtmxh","M_no_W_no","portfolio_2026-09-16.csv","botno_2","botno_2__g2",6,"no",89,-1
"bjw1ymg6","M_no_W_no","portfolio_2026-09-16.csv","botno_2","botno_2__g3",6,"no",100,-1
"dxg47gml","M_no_W_no","portfolio_2026-09-16.csv","botno_2","botno_2__g3",6,"no",110,-1
"t47t8m59","M_no_W_no","portfolio_2026-09-16.csv","botno_2","botno_2__g3",6,"no",120,0
"2epyouig","M_no_W_no","portfolio_2026-09-16.csv","botno_2","botno_2__g3",6,"no",120,1
"107rd682","M_no_W_no","portfolio_2026-09-16.csv","botno_2","botno_2__g3",6,"no",121,1
"6xyzc64h","M_no_W_no","portfolio_2026-09-16.csv","botno_2","botno_2__g4",6,"no",195,0
"566nkyxt","M_no_W_no","portfolio_2026-09-16.csv","botno_2","botno_2__g4",6,"no",185,-1
"uv69jk1p","M_no_W_no","portfolio_2026-09-16.csv","botno_2","botno_2__g4",6,"no",225,1
"thfu25ei","M_no_W_no","portfolio_2026-09-16.csv","botno_2","botno_2__g4",6,"no",210,1
"008uq8bs","M_no_W_no","portfolio_2026-09-16.csv","botno_2","botno_2__g4",6,"no",175,-1
"o4da1gkl","M_no_W_no","portfolio_2026-09-16.csv","botno_2","botno_2__g5",6,"no",250,0
"ilc2oqlq","M_no_W_no","portfolio_2026-09-16.csv","botno_2","botno_2__g5",6,"no",200,-1
"qcu0td0m","M_no_W_no","portfolio_2026-09-16.csv","botno_2","botno_2__g5",6,"no",350,1
"zcjv164s","M_no_W_no","portfolio_2026-09-16.csv","botno_2","botno_2__g5",6,"no",230,-1
"3g7fmbdb","M_no_W_no","portfolio_2026-09-16.csv","botno_2","botno_2__g5",6,"no",270,1
"o7pccht6","M_no_W_no","portfolio_2026-09-16.csv","botno_2","botno_2__g1",7,"no",75,0
"xlysi5bz","M_no_W_no","portfolio_2026-09-16.csv","botno_2","botno_2__g1",7,"no",40,-1
"ktzkk4b7","M_no_W_no","portfolio_2026-09-16.csv","botno_2","botno_2__g1",7,"no",120,1
"unt4hlph","M_no_W_no","portfolio_2026-09-16.csv","botno_2","botno_2__g1",7,"no",100,1
"e3o1p3e6","M_no_W_no","portfolio_2026-09-16.csv","botno_2","botno_2__g1",7,"no",45,-1
"0nzm25g8","M_no_W_no","portfolio_2026-09-16.csv","botno_2","botno_2__g2",7,"no",80,-1
"f8ff6plt","M_no_W_no","portfolio_2026-09-16.csv","botno_2","botno_2__g2",7,"no",100,-1
"poc3kn08","M_no_W_no","portfolio_2026-09-16.csv","botno_2","botno_2__g2",7,"no",200,1
"z9zrwosz","M_no_W_no","portfolio_2026-09-16.csv","botno_2","botno_2__g2",7,"no",105,0
"yldmtmxh","M_no_W_no","portfolio_2026-09-16.csv","botno_2","botno_2__g2",7,"no",119,1
"bjw1ymg6","M_no_W_no","portfolio_2026-09-16.csv","botno_2","botno_2__g3",7,"no",110,-1
"dxg47gml","M_no_W_no","portfolio_2026-09-16.csv","botno_2","botno_2__g3",7,"no",100,-1
"t47t8m59","M_no_W_no","portfolio_2026-09-16.csv","botno_2","botno_2__g3",7,"no",110,0
"2epyouig","M_no_W_no","portfolio_2026-09-16.csv","botno_2","botno_2__g3",7,"no",115,1
"107rd682","M_no_W_no","portfolio_2026-09-16.csv","botno_2","botno_2__g3",7,"no",121,1
"6xyzc64h","M_no_W_no","portfolio_2026-09-16.csv","botno_2","botno_2__g4",7,"no",195,0
"566nkyxt","M_no_W_no","portfolio_2026-09-16.csv","botno_2","botno_2__g4",7,"no",190,-1
"uv69jk1p","M_no_W_no","portfolio_2026-09-16.csv","botno_2","botno_2__g4",7,"no",210,1
"thfu25ei","M_no_W_no","portfolio_2026-09-16.csv","botno_2","botno_2__g4",7,"no",210,1
"008uq8bs","M_no_W_no","portfolio_2026-09-16.csv","botno_2","botno_2__g4",7,"no",180,-1
"o4da1gkl","M_no_W_no","portfolio_2026-09-16.csv","botno_2","botno_2__g5",7,"no",300,1
"ilc2oqlq","M_no_W_no","portfolio_2026-09-16.csv","botno_2","botno_2__g5",7,"no",200,-1
"qcu0td0m","M_no_W_no","portfolio_2026-09-16.csv","botno_2","botno_2__g5",7,"no",300,1
"zcjv164s","M_no_W_no","portfolio_2026-09-16.csv","botno_2","botno_2__g5",7,"no",247,-1
"3g7fmbdb","M_no_W_no","portfolio_2026-09-16.csv","botno_2","botno_2__g5",7,"no",275,0
"o7pccht6","M_no_W_no","portfolio_2026-09-16.csv","botno_2","botno_2__g1",8,"no",95,1
"xlysi5bz","M_no_W_no","portfolio_2026-09-16.csv","botno_2","botno_2__g1",8,"no",50,-1
"ktzkk4b7","M_no_W_no","portfolio_2026-09-16.csv","botno_2","botno_2__g1",8,"no",110,1
"unt4hlph","M_no_W_no","portfolio_2026-09-16.csv","botno_2","botno_2__g1",8,"no",80,0
"e3o1p3e6","M_no_W_no","portfolio_2026-09-16.csv","botno_2","botno_2__g1",8,"no",60,-1
"0nzm25g8","M_no_W_no","portfolio_2026-09-16.csv","botno_2","botno_2__g2",8,"no",90,1
"f8ff6plt","M_no_W_no","portfolio_2026-09-16.csv","botno_2","botno_2__g2",8,"no",110,1
"poc3kn08","M_no_W_no","portfolio_2026-09-16.csv","botno_2","botno_2__g2",8,"no",90,0
"z9zrwosz","M_no_W_no","portfolio_2026-09-16.csv","botno_2","botno_2__g2",8,"no",85,-1
"yldmtmxh","M_no_W_no","portfolio_2026-09-16.csv","botno_2","botno_2__g2",8,"no",88,-1
"bjw1ymg6","M_no_W_no","portfolio_2026-09-16.csv","botno_2","botno_2__g3",8,"no",105,-1
"dxg47gml","M_no_W_no","portfolio_2026-09-16.csv","botno_2","botno_2__g3",8,"no",100,-1
"t47t8m59","M_no_W_no","portfolio_2026-09-16.csv","botno_2","botno_2__g3",8,"no",112,1
"2epyouig","M_no_W_no","portfolio_2026-09-16.csv","botno_2","botno_2__g3",8,"no",110,0
"107rd682","M_no_W_no","portfolio_2026-09-16.csv","botno_2","botno_2__g3",8,"no",111,1
"6xyzc64h","M_no_W_no","portfolio_2026-09-16.csv","botno_2","botno_2__g4",8,"no",195,-1
"566nkyxt","M_no_W_no","portfolio_2026-09-16.csv","botno_2","botno_2__g4",8,"no",185,-1
"uv69jk1p","M_no_W_no","portfolio_2026-09-16.csv","botno_2","botno_2__g4",8,"no",210,1
"thfu25ei","M_no_W_no","portfolio_2026-09-16.csv","botno_2","botno_2__g4",8,"no",205,0
"008uq8bs","M_no_W_no","portfolio_2026-09-16.csv","botno_2","botno_2__g4",8,"no",210,1
"o4da1gkl","M_no_W_no","portfolio_2026-09-16.csv","botno_2","botno_2__g5",8,"no",285,0
"ilc2oqlq","M_no_W_no","portfolio_2026-09-16.csv","botno_2","botno_2__g5",8,"no",250,-1
"qcu0td0m","M_no_W_no","portfolio_2026-09-16.csv","botno_2","botno_2__g5",8,"no",400,1
"zcjv164s","M_no_W_no","portfolio_2026-09-16.csv","botno_2","botno_2__g5",8,"no",280,-1
"3g7fmbdb","M_no_W_no","portfolio_2026-09-16.csv","botno_2","botno_2__g5",8,"no",285,1
"o7pccht6","M_no_W_no","portfolio_2026-09-16.csv","botno_2","botno_2__g1",9,"no",60,-1
"xlysi5bz","M_no_W_no","portfolio_2026-09-16.csv","botno_2","botno_2__g1",9,"no",50,-1
"ktzkk4b7","M_no_W_no","portfolio_2026-09-16.csv","botno_2","botno_2__g1",9,"no",110,1
"unt4hlph","M_no_W_no","portfolio_2026-09-16.csv","botno_2","botno_2__g1",9,"no",90,1
"e3o1p3e6","M_no_W_no","portfolio_2026-09-16.csv","botno_2","botno_2__g1",9,"no",68,0
"0nzm25g8","M_no_W_no","portfolio_2026-09-16.csv","botno_2","botno_2__g2",9,"no",80,-1
"f8ff6plt","M_no_W_no","portfolio_2026-09-16.csv","botno_2","botno_2__g2",9,"no",280,1
"poc3kn08","M_no_W_no","portfolio_2026-09-16.csv","botno_2","botno_2__g2",9,"no",1,-1
"z9zrwosz","M_no_W_no","portfolio_2026-09-16.csv","botno_2","botno_2__g2",9,"no",80,0
"yldmtmxh","M_no_W_no","portfolio_2026-09-16.csv","botno_2","botno_2__g2",9,"no",98,1
"bjw1ymg6","M_no_W_no","portfolio_2026-09-16.csv","botno_2","botno_2__g3",9,"no",105,-1
"dxg47gml","M_no_W_no","portfolio_2026-09-16.csv","botno_2","botno_2__g3",9,"no",110,-1
"t47t8m59","M_no_W_no","portfolio_2026-09-16.csv","botno_2","botno_2__g3",9,"no",112,1
"2epyouig","M_no_W_no","portfolio_2026-09-16.csv","botno_2","botno_2__g3",9,"no",110,0
"107rd682","M_no_W_no","portfolio_2026-09-16.csv","botno_2","botno_2__g3",9,"no",111,1
"6xyzc64h","M_no_W_no","portfolio_2026-09-16.csv","botno_2","botno_2__g4",9,"no",200,0
"566nkyxt","M_no_W_no","portfolio_2026-09-16.csv","botno_2","botno_2__g4",9,"no",195,-1
"uv69jk1p","M_no_W_no","portfolio_2026-09-16.csv","botno_2","botno_2__g4",9,"no",220,1
"thfu25ei","M_no_W_no","portfolio_2026-09-16.csv","botno_2","botno_2__g4",9,"no",195,-1
"008uq8bs","M_no_W_no","portfolio_2026-09-16.csv","botno_2","botno_2__g4",9,"no",210,1
"o4da1gkl","M_no_W_no","portfolio_2026-09-16.csv","botno_2","botno_2__g5",9,"no",315,1
"ilc2oqlq","M_no_W_no","portfolio_2026-09-16.csv","botno_2","botno_2__g5",9,"no",250,-1
"qcu0td0m","M_no_W_no","portfolio_2026-09-16.csv","botno_2","botno_2__g5",9,"no",350,1
"zcjv164s","M_no_W_no","portfolio_2026-09-16.csv","botno_2","botno_2__g5",9,"no",275,-1
"3g7fmbdb","M_no_W_no","portfolio_2026-09-16.csv","botno_2","botno_2__g5",9,"no",290,0
"o7pccht6","M_no_W_no","portfolio_2026-09-16.csv","botno_2","botno_2__g1",10,"no",90,1
"xlysi5bz","M_no_W_no","portfolio_2026-09-16.csv","botno_2","botno_2__g1",10,"no",40,-1
"ktzkk4b7","M_no_W_no","portfolio_2026-09-16.csv","botno_2","botno_2__g1",10,"no",100,1
"unt4hlph","M_no_W_no","portfolio_2026-09-16.csv","botno_2","botno_2__g1",10,"no",75,0
"e3o1p3e6","M_no_W_no","portfolio_2026-09-16.csv","botno_2","botno_2__g1",10,"no",60,-1
"0nzm25g8","M_no_W_no","portfolio_2026-09-16.csv","botno_2","botno_2__g2",10,"no",80,-1
"f8ff6plt","M_no_W_no","portfolio_2026-09-16.csv","botno_2","botno_2__g2",10,"no",300,1
"poc3kn08","M_no_W_no","portfolio_2026-09-16.csv","botno_2","botno_2__g2",10,"no",144,1
"z9zrwosz","M_no_W_no","portfolio_2026-09-16.csv","botno_2","botno_2__g2",10,"no",85,-1
"yldmtmxh","M_no_W_no","portfolio_2026-09-16.csv","botno_2","botno_2__g2",10,"no",87,0
"bjw1ymg6","M_no_W_no","portfolio_2026-09-16.csv","botno_2","botno_2__g3",10,"no",100,-1
"dxg47gml","M_no_W_no","portfolio_2026-09-16.csv","botno_2","botno_2__g3",10,"no",110,0
"t47t8m59","M_no_W_no","portfolio_2026-09-16.csv","botno_2","botno_2__g3",10,"no",112,1
"2epyouig","M_no_W_no","portfolio_2026-09-16.csv","botno_2","botno_2__g3",10,"no",100,-1
"107rd682","M_no_W_no","portfolio_2026-09-16.csv","botno_2","botno_2__g3",10,"no",111,1
"6xyzc64h","M_no_W_no","portfolio_2026-09-16.csv","botno_2","botno_2__g4",10,"no",200,-1
"566nkyxt","M_no_W_no","portfolio_2026-09-16.csv","botno_2","botno_2__g4",10,"no",190,-1
"uv69jk1p","M_no_W_no","portfolio_2026-09-16.csv","botno_2","botno_2__g4",10,"no",220,1
"thfu25ei","M_no_W_no","portfolio_2026-09-16.csv","botno_2","botno_2__g4",10,"no",205,0
"008uq8bs","M_no_W_no","portfolio_2026-09-16.csv","botno_2","botno_2__g4",10,"no",205,1
"o4da1gkl","M_no_W_no","portfolio_2026-09-16.csv","botno_2","botno_2__g5",10,"no",300,1
"ilc2oqlq","M_no_W_no","portfolio_2026-09-16.csv","botno_2","botno_2__g5",10,"no",255,-1
"qcu0td0m","M_no_W_no","portfolio_2026-09-16.csv","botno_2","botno_2__g5",10,"no",400,1
"zcjv164s","M_no_W_no","portfolio_2026-09-16.csv","botno_2","botno_2__g5",10,"no",280,-1
"3g7fmbdb","M_no_W_no","portfolio_2026-09-16.csv","botno_2","botno_2__g5",10,"no",300,0
"2vm7punw","M_exp_W_no","portfolio_2026-09-14.csv","MeWno_1","MeWno_1__g1",1,"no",200,1
"wfmrxna9","M_exp_W_no","portfolio_2026-09-14.csv","MeWno_1","MeWno_1__g1",1,"no",10,-1
"s57od4iz","M_exp_W_no","portfolio_2026-09-14.csv","MeWno_1","MeWno_1__g1",1,"no",99,0
"sem2q323","M_exp_W_no","portfolio_2026-09-14.csv","MeWno_1","MeWno_1__g1",1,"no",50,-1
"pmhhauc6","M_exp_W_no","portfolio_2026-09-14.csv","MeWno_1","MeWno_1__g1",1,"no",150,1
"bc7n6071","M_exp_W_no","portfolio_2026-09-14.csv","MeWno_1","MeWno_1__g2",1,"no",150,0
"j2qhej8d","M_exp_W_no","portfolio_2026-09-14.csv","MeWno_1","MeWno_1__g2",1,"no",100,-1
"nt0omp7o","M_exp_W_no","portfolio_2026-09-14.csv","MeWno_1","MeWno_1__g2",1,"no",30,-1
"3vy48gux","M_exp_W_no","portfolio_2026-09-14.csv","MeWno_1","MeWno_1__g2",1,"no",250,1
"zzkx5xsm","M_exp_W_no","portfolio_2026-09-14.csv","MeWno_1","MeWno_1__g2",1,"no",200,1
"qd0f31id","M_exp_W_no","portfolio_2026-09-14.csv","MeWno_1","MeWno_1__g3",1,"no",150,0
"gllc2565","M_exp_W_no","portfolio_2026-09-14.csv","MeWno_1","MeWno_1__g3",1,"no",100,-1
"k6q3olvt","M_exp_W_no","portfolio_2026-09-14.csv","MeWno_1","MeWno_1__g3",1,"no",300,1
"h7g9h66e","M_exp_W_no","portfolio_2026-09-14.csv","MeWno_1","MeWno_1__g3",1,"no",150,1
"ch700ni6","M_exp_W_no","portfolio_2026-09-14.csv","MeWno_1","MeWno_1__g3",1,"no",105,-1
"5doee2qb","M_exp_W_no","portfolio_2026-09-14.csv","MeWno_1","MeWno_1__g4",1,"no",50,-1
"fjk39fjv","M_exp_W_no","portfolio_2026-09-14.csv","MeWno_1","MeWno_1__g4",1,"no",200,1
"uv9wmkop","M_exp_W_no","portfolio_2026-09-14.csv","MeWno_1","MeWno_1__g4",1,"no",300,1
"tdb9pvu4","M_exp_W_no","portfolio_2026-09-14.csv","MeWno_1","MeWno_1__g4",1,"no",100,-1
"vlzegfsh","M_exp_W_no","portfolio_2026-09-14.csv","MeWno_1","MeWno_1__g4",1,"no",150,0
"vijmhlvg","M_exp_W_no","portfolio_2026-09-14.csv","MeWno_1","MeWno_1__g5",1,"no",1,-1
"8e240a8t","M_exp_W_no","portfolio_2026-09-14.csv","MeWno_1","MeWno_1__g5",1,"no",200,1
"djq10sre","M_exp_W_no","portfolio_2026-09-14.csv","MeWno_1","MeWno_1__g5",1,"no",112,0
"1rm0kasi","M_exp_W_no","portfolio_2026-09-14.csv","MeWno_1","MeWno_1__g5",1,"no",167,1
"5ddpdjuo","M_exp_W_no","portfolio_2026-09-14.csv","MeWno_1","MeWno_1__g5",1,"no",95,-1
"2vm7punw","M_exp_W_no","portfolio_2026-09-14.csv","MeWno_1","MeWno_1__g1",2,"no",500,1
"wfmrxna9","M_exp_W_no","portfolio_2026-09-14.csv","MeWno_1","MeWno_1__g1",2,"no",100,0
"s57od4iz","M_exp_W_no","portfolio_2026-09-14.csv","MeWno_1","MeWno_1__g1",2,"no",110,1
"sem2q323","M_exp_W_no","portfolio_2026-09-14.csv","MeWno_1","MeWno_1__g1",2,"no",40,-1
"pmhhauc6","M_exp_W_no","portfolio_2026-09-14.csv","MeWno_1","MeWno_1__g1",2,"no",100,-1
"bc7n6071","M_exp_W_no","portfolio_2026-09-14.csv","MeWno_1","MeWno_1__g2",2,"no",100,-1
"j2qhej8d","M_exp_W_no","portfolio_2026-09-14.csv","MeWno_1","MeWno_1__g2",2,"no",150,0
"nt0omp7o","M_exp_W_no","portfolio_2026-09-14.csv","MeWno_1","MeWno_1__g2",2,"no",150,-1
"3vy48gux","M_exp_W_no","portfolio_2026-09-14.csv","MeWno_1","MeWno_1__g2",2,"no",250,1
"zzkx5xsm","M_exp_W_no","portfolio_2026-09-14.csv","MeWno_1","MeWno_1__g2",2,"no",150,1
"qd0f31id","M_exp_W_no","portfolio_2026-09-14.csv","MeWno_1","MeWno_1__g3",2,"no",160,0
"gllc2565","M_exp_W_no","portfolio_2026-09-14.csv","MeWno_1","MeWno_1__g3",2,"no",1,-1
"k6q3olvt","M_exp_W_no","portfolio_2026-09-14.csv","MeWno_1","MeWno_1__g3",2,"no",200,1
"h7g9h66e","M_exp_W_no","portfolio_2026-09-14.csv","MeWno_1","MeWno_1__g3",2,"no",200,1
"ch700ni6","M_exp_W_no","portfolio_2026-09-14.csv","MeWno_1","MeWno_1__g3",2,"no",95,-1
"5doee2qb","M_exp_W_no","portfolio_2026-09-14.csv","MeWno_1","MeWno_1__g4",2,"no",100,-1
"fjk39fjv","M_exp_W_no","portfolio_2026-09-14.csv","MeWno_1","MeWno_1__g4",2,"no",50,-1
"uv9wmkop","M_exp_W_no","portfolio_2026-09-14.csv","MeWno_1","MeWno_1__g4",2,"no",300,1
"tdb9pvu4","M_exp_W_no","portfolio_2026-09-14.csv","MeWno_1","MeWno_1__g4",2,"no",100,0
"vlzegfsh","M_exp_W_no","portfolio_2026-09-14.csv","MeWno_1","MeWno_1__g4",2,"no",149,1
"vijmhlvg","M_exp_W_no","portfolio_2026-09-14.csv","MeWno_1","MeWno_1__g5",2,"no",200,1
"8e240a8t","M_exp_W_no","portfolio_2026-09-14.csv","MeWno_1","MeWno_1__g5",2,"no",100,-1
"djq10sre","M_exp_W_no","portfolio_2026-09-14.csv","MeWno_1","MeWno_1__g5",2,"no",112,-1
"1rm0kasi","M_exp_W_no","portfolio_2026-09-14.csv","MeWno_1","MeWno_1__g5",2,"no",130,0
"5ddpdjuo","M_exp_W_no","portfolio_2026-09-14.csv","MeWno_1","MeWno_1__g5",2,"no",200,1
"2vm7punw","M_exp_W_no","portfolio_2026-09-14.csv","MeWno_1","MeWno_1__g1",3,"no",50,-1
"wfmrxna9","M_exp_W_no","portfolio_2026-09-14.csv","MeWno_1","MeWno_1__g1",3,"no",110,1
"s57od4iz","M_exp_W_no","portfolio_2026-09-14.csv","MeWno_1","MeWno_1__g1",3,"no",98,0
"sem2q323","M_exp_W_no","portfolio_2026-09-14.csv","MeWno_1","MeWno_1__g1",3,"no",30,-1
"pmhhauc6","M_exp_W_no","portfolio_2026-09-14.csv","MeWno_1","MeWno_1__g1",3,"no",102,1
"bc7n6071","M_exp_W_no","portfolio_2026-09-14.csv","MeWno_1","MeWno_1__g2",3,"no",150,1
"j2qhej8d","M_exp_W_no","portfolio_2026-09-14.csv","MeWno_1","MeWno_1__g2",3,"no",150,0
"nt0omp7o","M_exp_W_no","portfolio_2026-09-14.csv","MeWno_1","MeWno_1__g2",3,"no",170,1
"3vy48gux","M_exp_W_no","portfolio_2026-09-14.csv","MeWno_1","MeWno_1__g2",3,"no",140,-1
"zzkx5xsm","M_exp_W_no","portfolio_2026-09-14.csv","MeWno_1","MeWno_1__g2",3,"no",100,-1
"qd0f31id","M_exp_W_no","portfolio_2026-09-14.csv","MeWno_1","MeWno_1__g3",3,"no",185,1
"gllc2565","M_exp_W_no","portfolio_2026-09-14.csv","MeWno_1","MeWno_1__g3",3,"no",155,-1
"k6q3olvt","M_exp_W_no","portfolio_2026-09-14.csv","MeWno_1","MeWno_1__g3",3,"no",170,0
"h7g9h66e","M_exp_W_no","portfolio_2026-09-14.csv","MeWno_1","MeWno_1__g3",3,"no",250,1
"ch700ni6","M_exp_W_no","portfolio_2026-09-14.csv","MeWno_1","MeWno_1__g3",3,"no",115,-1
"5doee2qb","M_exp_W_no","portfolio_2026-09-14.csv","MeWno_1","MeWno_1__g4",3,"no",90,-1
"fjk39fjv","M_exp_W_no","portfolio_2026-09-14.csv","MeWno_1","MeWno_1__g4",3,"no",70,-1
"uv9wmkop","M_exp_W_no","portfolio_2026-09-14.csv","MeWno_1","MeWno_1__g4",3,"no",150,1
"tdb9pvu4","M_exp_W_no","portfolio_2026-09-14.csv","MeWno_1","MeWno_1__g4",3,"no",110,0
"vlzegfsh","M_exp_W_no","portfolio_2026-09-14.csv","MeWno_1","MeWno_1__g4",3,"no",151,1
"vijmhlvg","M_exp_W_no","portfolio_2026-09-14.csv","MeWno_1","MeWno_1__g5",3,"no",131,1
"8e240a8t","M_exp_W_no","portfolio_2026-09-14.csv","MeWno_1","MeWno_1__g5",3,"no",100,-1
"djq10sre","M_exp_W_no","portfolio_2026-09-14.csv","MeWno_1","MeWno_1__g5",3,"no",112,0
"1rm0kasi","M_exp_W_no","portfolio_2026-09-14.csv","MeWno_1","MeWno_1__g5",3,"no",95,-1
"5ddpdjuo","M_exp_W_no","portfolio_2026-09-14.csv","MeWno_1","MeWno_1__g5",3,"no",125,1
"2vm7punw","M_exp_W_no","portfolio_2026-09-14.csv","MeWno_1","MeWno_1__g1",4,"no",80,-1
"wfmrxna9","M_exp_W_no","portfolio_2026-09-14.csv","MeWno_1","MeWno_1__g1",4,"no",110,1
"s57od4iz","M_exp_W_no","portfolio_2026-09-14.csv","MeWno_1","MeWno_1__g1",4,"no",150,1
"sem2q323","M_exp_W_no","portfolio_2026-09-14.csv","MeWno_1","MeWno_1__g1",4,"no",96,-1
"pmhhauc6","M_exp_W_no","portfolio_2026-09-14.csv","MeWno_1","MeWno_1__g1",4,"no",102,0
"bc7n6071","M_exp_W_no","portfolio_2026-09-14.csv","MeWno_1","MeWno_1__g2",4,"no",100,-1
"j2qhej8d","M_exp_W_no","portfolio_2026-09-14.csv","MeWno_1","MeWno_1__g2",4,"no",149,1
"nt0omp7o","M_exp_W_no","portfolio_2026-09-14.csv","MeWno_1","MeWno_1__g2",4,"no",170,1
"3vy48gux","M_exp_W_no","portfolio_2026-09-14.csv","MeWno_1","MeWno_1__g2",4,"no",148,0
"zzkx5xsm","M_exp_W_no","portfolio_2026-09-14.csv","MeWno_1","MeWno_1__g2",4,"no",100,-1
"qd0f31id","M_exp_W_no","portfolio_2026-09-14.csv","MeWno_1","MeWno_1__g3",4,"no",186,0
"gllc2565","M_exp_W_no","portfolio_2026-09-14.csv","MeWno_1","MeWno_1__g3",4,"no",180,-1
"k6q3olvt","M_exp_W_no","portfolio_2026-09-14.csv","MeWno_1","MeWno_1__g3",4,"no",200,1
"h7g9h66e","M_exp_W_no","portfolio_2026-09-14.csv","MeWno_1","MeWno_1__g3",4,"no",280,1
"ch700ni6","M_exp_W_no","portfolio_2026-09-14.csv","MeWno_1","MeWno_1__g3",4,"no",115,-1
"5doee2qb","M_exp_W_no","portfolio_2026-09-14.csv","MeWno_1","MeWno_1__g4",4,"no",150,1
"fjk39fjv","M_exp_W_no","portfolio_2026-09-14.csv","MeWno_1","MeWno_1__g4",4,"no",70,-1
"uv9wmkop","M_exp_W_no","portfolio_2026-09-14.csv","MeWno_1","MeWno_1__g4",4,"no",200,1
"tdb9pvu4","M_exp_W_no","portfolio_2026-09-14.csv","MeWno_1","MeWno_1__g4",4,"no",110,0
"vlzegfsh","M_exp_W_no","portfolio_2026-09-14.csv","MeWno_1","MeWno_1__g4",4,"no",100,-1
"vijmhlvg","M_exp_W_no","portfolio_2026-09-14.csv","MeWno_1","MeWno_1__g5",4,"no",125,1
"8e240a8t","M_exp_W_no","portfolio_2026-09-14.csv","MeWno_1","MeWno_1__g5",4,"no",112,0
"djq10sre","M_exp_W_no","portfolio_2026-09-14.csv","MeWno_1","MeWno_1__g5",4,"no",110,-1
"1rm0kasi","M_exp_W_no","portfolio_2026-09-14.csv","MeWno_1","MeWno_1__g5",4,"no",100,-1
"5ddpdjuo","M_exp_W_no","portfolio_2026-09-14.csv","MeWno_1","MeWno_1__g5",4,"no",115,1
"2vm7punw","M_exp_W_no","portfolio_2026-09-14.csv","MeWno_1","MeWno_1__g1",5,"no",150,1
"wfmrxna9","M_exp_W_no","portfolio_2026-09-14.csv","MeWno_1","MeWno_1__g1",5,"no",110,0
"s57od4iz","M_exp_W_no","portfolio_2026-09-14.csv","MeWno_1","MeWno_1__g1",5,"no",130,1
"sem2q323","M_exp_W_no","portfolio_2026-09-14.csv","MeWno_1","MeWno_1__g1",5,"no",100,-1
"pmhhauc6","M_exp_W_no","portfolio_2026-09-14.csv","MeWno_1","MeWno_1__g1",5,"no",100,-1
"bc7n6071","M_exp_W_no","portfolio_2026-09-14.csv","MeWno_1","MeWno_1__g2",5,"no",100,-1
"j2qhej8d","M_exp_W_no","portfolio_2026-09-14.csv","MeWno_1","MeWno_1__g2",5,"no",147,1
"nt0omp7o","M_exp_W_no","portfolio_2026-09-14.csv","MeWno_1","MeWno_1__g2",5,"no",160,1
"3vy48gux","M_exp_W_no","portfolio_2026-09-14.csv","MeWno_1","MeWno_1__g2",5,"no",140,0
"zzkx5xsm","M_exp_W_no","portfolio_2026-09-14.csv","MeWno_1","MeWno_1__g2",5,"no",100,-1
"qd0f31id","M_exp_W_no","portfolio_2026-09-14.csv","MeWno_1","MeWno_1__g3",5,"no",200,1
"gllc2565","M_exp_W_no","portfolio_2026-09-14.csv","MeWno_1","MeWno_1__g3",5,"no",195,0
"k6q3olvt","M_exp_W_no","portfolio_2026-09-14.csv","MeWno_1","MeWno_1__g3",5,"no",88,-1
"h7g9h66e","M_exp_W_no","portfolio_2026-09-14.csv","MeWno_1","MeWno_1__g3",5,"no",292,1
"ch700ni6","M_exp_W_no","portfolio_2026-09-14.csv","MeWno_1","MeWno_1__g3",5,"no",115,-1
"5doee2qb","M_exp_W_no","portfolio_2026-09-14.csv","MeWno_1","MeWno_1__g4",5,"no",125,1
"fjk39fjv","M_exp_W_no","portfolio_2026-09-14.csv","MeWno_1","MeWno_1__g4",5,"no",90,-1
"uv9wmkop","M_exp_W_no","portfolio_2026-09-14.csv","MeWno_1","MeWno_1__g4",5,"no",100,0
"tdb9pvu4","M_exp_W_no","portfolio_2026-09-14.csv","MeWno_1","MeWno_1__g4",5,"no",115,1
"vlzegfsh","M_exp_W_no","portfolio_2026-09-14.csv","MeWno_1","MeWno_1__g4",5,"no",90,-1
"vijmhlvg","M_exp_W_no","portfolio_2026-09-14.csv","MeWno_1","MeWno_1__g5",5,"no",119,1
"8e240a8t","M_exp_W_no","portfolio_2026-09-14.csv","MeWno_1","MeWno_1__g5",5,"no",150,1
"djq10sre","M_exp_W_no","portfolio_2026-09-14.csv","MeWno_1","MeWno_1__g5",5,"no",110,-1
"1rm0kasi","M_exp_W_no","portfolio_2026-09-14.csv","MeWno_1","MeWno_1__g5",5,"no",110,-1
"5ddpdjuo","M_exp_W_no","portfolio_2026-09-14.csv","MeWno_1","MeWno_1__g5",5,"no",114,0
"2vm7punw","M_exp_W_no","portfolio_2026-09-14.csv","MeWno_1","MeWno_1__g1",6,"no",120,1
"wfmrxna9","M_exp_W_no","portfolio_2026-09-14.csv","MeWno_1","MeWno_1__g1",6,"no",111,1
"s57od4iz","M_exp_W_no","portfolio_2026-09-14.csv","MeWno_1","MeWno_1__g1",6,"no",110,0
"sem2q323","M_exp_W_no","portfolio_2026-09-14.csv","MeWno_1","MeWno_1__g1",6,"no",107,-1
"pmhhauc6","M_exp_W_no","portfolio_2026-09-14.csv","MeWno_1","MeWno_1__g1",6,"no",102,-1
"bc7n6071","M_exp_W_no","portfolio_2026-09-14.csv","MeWno_1","MeWno_1__g2",6,"no",200,1
"j2qhej8d","M_exp_W_no","portfolio_2026-09-14.csv","MeWno_1","MeWno_1__g2",6,"no",133,0
"nt0omp7o","M_exp_W_no","portfolio_2026-09-14.csv","MeWno_1","MeWno_1__g2",6,"no",155,1
"3vy48gux","M_exp_W_no","portfolio_2026-09-14.csv","MeWno_1","MeWno_1__g2",6,"no",130,-1
"zzkx5xsm","M_exp_W_no","portfolio_2026-09-14.csv","MeWno_1","MeWno_1__g2",6,"no",100,-1
"qd0f31id","M_exp_W_no","portfolio_2026-09-14.csv","MeWno_1","MeWno_1__g3",6,"no",201,-1
"gllc2565","M_exp_W_no","portfolio_2026-09-14.csv","MeWno_1","MeWno_1__g3",6,"no",203,0
"k6q3olvt","M_exp_W_no","portfolio_2026-09-14.csv","MeWno_1","MeWno_1__g3",6,"no",255,1
"h7g9h66e","M_exp_W_no","portfolio_2026-09-14.csv","MeWno_1","MeWno_1__g3",6,"no",287,1
"ch700ni6","M_exp_W_no","portfolio_2026-09-14.csv","MeWno_1","MeWno_1__g3",6,"no",115,-1
"5doee2qb","M_exp_W_no","portfolio_2026-09-14.csv","MeWno_1","MeWno_1__g4",6,"no",105,1
"fjk39fjv","M_exp_W_no","portfolio_2026-09-14.csv","MeWno_1","MeWno_1__g4",6,"no",85,-1
"uv9wmkop","M_exp_W_no","portfolio_2026-09-14.csv","MeWno_1","MeWno_1__g4",6,"no",101,0
"tdb9pvu4","M_exp_W_no","portfolio_2026-09-14.csv","MeWno_1","MeWno_1__g4",6,"no",115,1
"vlzegfsh","M_exp_W_no","portfolio_2026-09-14.csv","MeWno_1","MeWno_1__g4",6,"no",90,-1
"vijmhlvg","M_exp_W_no","portfolio_2026-09-14.csv","MeWno_1","MeWno_1__g5",6,"no",116,0
"8e240a8t","M_exp_W_no","portfolio_2026-09-14.csv","MeWno_1","MeWno_1__g5",6,"no",150,1
"djq10sre","M_exp_W_no","portfolio_2026-09-14.csv","MeWno_1","MeWno_1__g5",6,"no",110,-1
"1rm0kasi","M_exp_W_no","portfolio_2026-09-14.csv","MeWno_1","MeWno_1__g5",6,"no",120,1
"5ddpdjuo","M_exp_W_no","portfolio_2026-09-14.csv","MeWno_1","MeWno_1__g5",6,"no",114,-1
"2vm7punw","M_exp_W_no","portfolio_2026-09-14.csv","MeWno_1","MeWno_1__g1",7,"no",120,1
"wfmrxna9","M_exp_W_no","portfolio_2026-09-14.csv","MeWno_1","MeWno_1__g1",7,"no",105,-1
"s57od4iz","M_exp_W_no","portfolio_2026-09-14.csv","MeWno_1","MeWno_1__g1",7,"no",100,-1
"sem2q323","M_exp_W_no","portfolio_2026-09-14.csv","MeWno_1","MeWno_1__g1",7,"no",110,0
"pmhhauc6","M_exp_W_no","portfolio_2026-09-14.csv","MeWno_1","MeWno_1__g1",7,"no",120,1
"bc7n6071","M_exp_W_no","portfolio_2026-09-14.csv","MeWno_1","MeWno_1__g2",7,"no",200,1
"j2qhej8d","M_exp_W_no","portfolio_2026-09-14.csv","MeWno_1","MeWno_1__g2",7,"no",125,-1
"nt0omp7o","M_exp_W_no","portfolio_2026-09-14.csv","MeWno_1","MeWno_1__g2",7,"no",140,0
"3vy48gux","M_exp_W_no","portfolio_2026-09-14.csv","MeWno_1","MeWno_1__g2",7,"no",125,-1
"zzkx5xsm","M_exp_W_no","portfolio_2026-09-14.csv","MeWno_1","MeWno_1__g2",7,"no",150,1
"qd0f31id","M_exp_W_no","portfolio_2026-09-14.csv","MeWno_1","MeWno_1__g3",7,"no",210,0
"gllc2565","M_exp_W_no","portfolio_2026-09-14.csv","MeWno_1","MeWno_1__g3",7,"no",211,1
"k6q3olvt","M_exp_W_no","portfolio_2026-09-14.csv","MeWno_1","MeWno_1__g3",7,"no",210,1
"h7g9h66e","M_exp_W_no","portfolio_2026-09-14.csv","MeWno_1","MeWno_1__g3",7,"no",200,-1
"ch700ni6","M_exp_W_no","portfolio_2026-09-14.csv","MeWno_1","MeWno_1__g3",7,"no",115,-1
"5doee2qb","M_exp_W_no","portfolio_2026-09-14.csv","MeWno_1","MeWno_1__g4",7,"no",80,-1
"fjk39fjv","M_exp_W_no","portfolio_2026-09-14.csv","MeWno_1","MeWno_1__g4",7,"no",90,-1
"uv9wmkop","M_exp_W_no","portfolio_2026-09-14.csv","MeWno_1","MeWno_1__g4",7,"no",102,1
"tdb9pvu4","M_exp_W_no","portfolio_2026-09-14.csv","MeWno_1","MeWno_1__g4",7,"no",115,1
"vlzegfsh","M_exp_W_no","portfolio_2026-09-14.csv","MeWno_1","MeWno_1__g4",7,"no",90,0
"vijmhlvg","M_exp_W_no","portfolio_2026-09-14.csv","MeWno_1","MeWno_1__g5",7,"no",119,1
"8e240a8t","M_exp_W_no","portfolio_2026-09-14.csv","MeWno_1","MeWno_1__g5",7,"no",150,1
"djq10sre","M_exp_W_no","portfolio_2026-09-14.csv","MeWno_1","MeWno_1__g5",7,"no",110,-1
"1rm0kasi","M_exp_W_no","portfolio_2026-09-14.csv","MeWno_1","MeWno_1__g5",7,"no",113,-1
"5ddpdjuo","M_exp_W_no","portfolio_2026-09-14.csv","MeWno_1","MeWno_1__g5",7,"no",117,0
"2vm7punw","M_exp_W_no","portfolio_2026-09-14.csv","MeWno_1","MeWno_1__g1",8,"no",115,1
"wfmrxna9","M_exp_W_no","portfolio_2026-09-14.csv","MeWno_1","MeWno_1__g1",8,"no",105,-1
"s57od4iz","M_exp_W_no","portfolio_2026-09-14.csv","MeWno_1","MeWno_1__g1",8,"no",90,-1
"sem2q323","M_exp_W_no","portfolio_2026-09-14.csv","MeWno_1","MeWno_1__g1",8,"no",110,0
"pmhhauc6","M_exp_W_no","portfolio_2026-09-14.csv","MeWno_1","MeWno_1__g1",8,"no",111,1
"bc7n6071","M_exp_W_no","portfolio_2026-09-14.csv","MeWno_1","MeWno_1__g2",8,"no",100,-1
"j2qhej8d","M_exp_W_no","portfolio_2026-09-14.csv","MeWno_1","MeWno_1__g2",8,"no",129,-1
"nt0omp7o","M_exp_W_no","portfolio_2026-09-14.csv","MeWno_1","MeWno_1__g2",8,"no",141,1
"3vy48gux","M_exp_W_no","portfolio_2026-09-14.csv","MeWno_1","MeWno_1__g2",8,"no",130,0
"zzkx5xsm","M_exp_W_no","portfolio_2026-09-14.csv","MeWno_1","MeWno_1__g2",8,"no",150,1
"qd0f31id","M_exp_W_no","portfolio_2026-09-14.csv","MeWno_1","MeWno_1__g3",8,"no",215,1
"gllc2565","M_exp_W_no","portfolio_2026-09-14.csv","MeWno_1","MeWno_1__g3",8,"no",216,1
"k6q3olvt","M_exp_W_no","portfolio_2026-09-14.csv","MeWno_1","MeWno_1__g3",8,"no",215,0
"h7g9h66e","M_exp_W_no","portfolio_2026-09-14.csv","MeWno_1","MeWno_1__g3",8,"no",200,-1
"ch700ni6","M_exp_W_no","portfolio_2026-09-14.csv","MeWno_1","MeWno_1__g3",8,"no",115,-1
"5doee2qb","M_exp_W_no","portfolio_2026-09-14.csv","MeWno_1","MeWno_1__g4",8,"no",88,-1
"fjk39fjv","M_exp_W_no","portfolio_2026-09-14.csv","MeWno_1","MeWno_1__g4",8,"no",70,-1
"uv9wmkop","M_exp_W_no","portfolio_2026-09-14.csv","MeWno_1","MeWno_1__g4",8,"no",100,1
"tdb9pvu4","M_exp_W_no","portfolio_2026-09-14.csv","MeWno_1","MeWno_1__g4",8,"no",110,1
"vlzegfsh","M_exp_W_no","portfolio_2026-09-14.csv","MeWno_1","MeWno_1__g4",8,"no",91,0
"vijmhlvg","M_exp_W_no","portfolio_2026-09-14.csv","MeWno_1","MeWno_1__g5",8,"no",119,1
"8e240a8t","M_exp_W_no","portfolio_2026-09-14.csv","MeWno_1","MeWno_1__g5",8,"no",150,1
"djq10sre","M_exp_W_no","portfolio_2026-09-14.csv","MeWno_1","MeWno_1__g5",8,"no",110,-1
"1rm0kasi","M_exp_W_no","portfolio_2026-09-14.csv","MeWno_1","MeWno_1__g5",8,"no",115,-1
"5ddpdjuo","M_exp_W_no","portfolio_2026-09-14.csv","MeWno_1","MeWno_1__g5",8,"no",119,0
"2vm7punw","M_exp_W_no","portfolio_2026-09-14.csv","MeWno_1","MeWno_1__g1",9,"no",115,1
"wfmrxna9","M_exp_W_no","portfolio_2026-09-14.csv","MeWno_1","MeWno_1__g1",9,"no",105,-1
"s57od4iz","M_exp_W_no","portfolio_2026-09-14.csv","MeWno_1","MeWno_1__g1",9,"no",101,-1
"sem2q323","M_exp_W_no","portfolio_2026-09-14.csv","MeWno_1","MeWno_1__g1",9,"no",110,0
"pmhhauc6","M_exp_W_no","portfolio_2026-09-14.csv","MeWno_1","MeWno_1__g1",9,"no",110,1
"bc7n6071","M_exp_W_no","portfolio_2026-09-14.csv","MeWno_1","MeWno_1__g2",9,"no",200,1
"j2qhej8d","M_exp_W_no","portfolio_2026-09-14.csv","MeWno_1","MeWno_1__g2",9,"no",124,-1
"nt0omp7o","M_exp_W_no","portfolio_2026-09-14.csv","MeWno_1","MeWno_1__g2",9,"no",135,-1
"3vy48gux","M_exp_W_no","portfolio_2026-09-14.csv","MeWno_1","MeWno_1__g2",9,"no",150,0
"zzkx5xsm","M_exp_W_no","portfolio_2026-09-14.csv","MeWno_1","MeWno_1__g2",9,"no",150,1
"qd0f31id","M_exp_W_no","portfolio_2026-09-14.csv","MeWno_1","MeWno_1__g3",9,"no",220,1
"gllc2565","M_exp_W_no","portfolio_2026-09-14.csv","MeWno_1","MeWno_1__g3",9,"no",219,0
"k6q3olvt","M_exp_W_no","portfolio_2026-09-14.csv","MeWno_1","MeWno_1__g3",9,"no",235,1
"h7g9h66e","M_exp_W_no","portfolio_2026-09-14.csv","MeWno_1","MeWno_1__g3",9,"no",210,-1
"ch700ni6","M_exp_W_no","portfolio_2026-09-14.csv","MeWno_1","MeWno_1__g3",9,"no",115,-1
"5doee2qb","M_exp_W_no","portfolio_2026-09-14.csv","MeWno_1","MeWno_1__g4",9,"no",88,-1
"fjk39fjv","M_exp_W_no","portfolio_2026-09-14.csv","MeWno_1","MeWno_1__g4",9,"no",70,-1
"uv9wmkop","M_exp_W_no","portfolio_2026-09-14.csv","MeWno_1","MeWno_1__g4",9,"no",99,1
"tdb9pvu4","M_exp_W_no","portfolio_2026-09-14.csv","MeWno_1","MeWno_1__g4",9,"no",110,1
"vlzegfsh","M_exp_W_no","portfolio_2026-09-14.csv","MeWno_1","MeWno_1__g4",9,"no",95,0
"vijmhlvg","M_exp_W_no","portfolio_2026-09-14.csv","MeWno_1","MeWno_1__g5",9,"no",119,0
"8e240a8t","M_exp_W_no","portfolio_2026-09-14.csv","MeWno_1","MeWno_1__g5",9,"no",150,1
"djq10sre","M_exp_W_no","portfolio_2026-09-14.csv","MeWno_1","MeWno_1__g5",9,"no",110,-1
"1rm0kasi","M_exp_W_no","portfolio_2026-09-14.csv","MeWno_1","MeWno_1__g5",9,"no",118,-1
"5ddpdjuo","M_exp_W_no","portfolio_2026-09-14.csv","MeWno_1","MeWno_1__g5",9,"no",123,1
"2vm7punw","M_exp_W_no","portfolio_2026-09-14.csv","MeWno_1","MeWno_1__g1",10,"no",115,1
"wfmrxna9","M_exp_W_no","portfolio_2026-09-14.csv","MeWno_1","MeWno_1__g1",10,"no",105,0
"s57od4iz","M_exp_W_no","portfolio_2026-09-14.csv","MeWno_1","MeWno_1__g1",10,"no",99,-1
"sem2q323","M_exp_W_no","portfolio_2026-09-14.csv","MeWno_1","MeWno_1__g1",10,"no",1,-1
"pmhhauc6","M_exp_W_no","portfolio_2026-09-14.csv","MeWno_1","MeWno_1__g1",10,"no",110,1
"bc7n6071","M_exp_W_no","portfolio_2026-09-14.csv","MeWno_1","MeWno_1__g2",10,"no",100,-1
"j2qhej8d","M_exp_W_no","portfolio_2026-09-14.csv","MeWno_1","MeWno_1__g2",10,"no",149,-1
"nt0omp7o","M_exp_W_no","portfolio_2026-09-14.csv","MeWno_1","MeWno_1__g2",10,"no",155,1
"3vy48gux","M_exp_W_no","portfolio_2026-09-14.csv","MeWno_1","MeWno_1__g2",10,"no",200,1
"zzkx5xsm","M_exp_W_no","portfolio_2026-09-14.csv","MeWno_1","MeWno_1__g2",10,"no",150,0
"qd0f31id","M_exp_W_no","portfolio_2026-09-14.csv","MeWno_1","MeWno_1__g3",10,"no",225,1
"gllc2565","M_exp_W_no","portfolio_2026-09-14.csv","MeWno_1","MeWno_1__g3",10,"no",222,0
"k6q3olvt","M_exp_W_no","portfolio_2026-09-14.csv","MeWno_1","MeWno_1__g3",10,"no",240,1
"h7g9h66e","M_exp_W_no","portfolio_2026-09-14.csv","MeWno_1","MeWno_1__g3",10,"no",218,-1
"ch700ni6","M_exp_W_no","portfolio_2026-09-14.csv","MeWno_1","MeWno_1__g3",10,"no",115,-1
"5doee2qb","M_exp_W_no","portfolio_2026-09-14.csv","MeWno_1","MeWno_1__g4",10,"no",100,0
"fjk39fjv","M_exp_W_no","portfolio_2026-09-14.csv","MeWno_1","MeWno_1__g4",10,"no",90,-1
"uv9wmkop","M_exp_W_no","portfolio_2026-09-14.csv","MeWno_1","MeWno_1__g4",10,"no",99,-1
"tdb9pvu4","M_exp_W_no","portfolio_2026-09-14.csv","MeWno_1","MeWno_1__g4",10,"no",110,1
"vlzegfsh","M_exp_W_no","portfolio_2026-09-14.csv","MeWno_1","MeWno_1__g4",10,"no",101,1
"vijmhlvg","M_exp_W_no","portfolio_2026-09-14.csv","MeWno_1","MeWno_1__g5",10,"no",117,-1
"8e240a8t","M_exp_W_no","portfolio_2026-09-14.csv","MeWno_1","MeWno_1__g5",10,"no",140,1
"djq10sre","M_exp_W_no","portfolio_2026-09-14.csv","MeWno_1","MeWno_1__g5",10,"no",110,-1
"1rm0kasi","M_exp_W_no","portfolio_2026-09-14.csv","MeWno_1","MeWno_1__g5",10,"no",120,0
"5ddpdjuo","M_exp_W_no","portfolio_2026-09-14.csv","MeWno_1","MeWno_1__g5",10,"no",121,1
"cfn8fv6w","M_exp_W_no","portfolio_2026-09-14.csv","MeWno_2","MeWno_2__g1",1,"no",40,-1
"a1q00v4p","M_exp_W_no","portfolio_2026-09-14.csv","MeWno_2","MeWno_2__g1",1,"no",400,1
"rucumqi6","M_exp_W_no","portfolio_2026-09-14.csv","MeWno_2","MeWno_2__g1",1,"no",150,0
"lbzqe7lh","M_exp_W_no","portfolio_2026-09-14.csv","MeWno_2","MeWno_2__g1",1,"no",50,-1
"i42igenv","M_exp_W_no","portfolio_2026-09-14.csv","MeWno_2","MeWno_2__g1",1,"no",200,1
"2nkc141x","M_exp_W_no","portfolio_2026-09-14.csv","MeWno_2","MeWno_2__g2",1,"no",200,1
"oqud1wxk","M_exp_W_no","portfolio_2026-09-14.csv","MeWno_2","MeWno_2__g2",1,"no",30,-1
"a6q31ex7","M_exp_W_no","portfolio_2026-09-14.csv","MeWno_2","MeWno_2__g2",1,"no",200,0
"o60mnzij","M_exp_W_no","portfolio_2026-09-14.csv","MeWno_2","MeWno_2__g2",1,"no",200,1
"bnt5i99k","M_exp_W_no","portfolio_2026-09-14.csv","MeWno_2","MeWno_2__g2",1,"no",100,-1
"zrywj9fx","M_exp_W_no","portfolio_2026-09-14.csv","MeWno_2","MeWno_2__g3",1,"no",200,1
"i44g0thi","M_exp_W_no","portfolio_2026-09-14.csv","MeWno_2","MeWno_2__g3",1,"no",100,-1
"s9ryf5kv","M_exp_W_no","portfolio_2026-09-14.csv","MeWno_2","MeWno_2__g3",1,"no",250,1
"oe31za5u","M_exp_W_no","portfolio_2026-09-14.csv","MeWno_2","MeWno_2__g3",1,"no",180,0
"v86y9zyn","M_exp_W_no","portfolio_2026-09-14.csv","MeWno_2","MeWno_2__g3",1,"no",75,-1
"3p6ks3hb","M_exp_W_no","portfolio_2026-09-14.csv","MeWno_2","MeWno_2__g4",1,"no",200,1
"y5kgtmfb","M_exp_W_no","portfolio_2026-09-14.csv","MeWno_2","MeWno_2__g4",1,"no",20,-1
"ebzeqzcf","M_exp_W_no","portfolio_2026-09-14.csv","MeWno_2","MeWno_2__g4",1,"no",200,1
"pb6d6kev","M_exp_W_no","portfolio_2026-09-14.csv","MeWno_2","MeWno_2__g4",1,"no",100,-1
"m8xnbw73","M_exp_W_no","portfolio_2026-09-14.csv","MeWno_2","MeWno_2__g4",1,"no",150,0
"an9ihpoe","M_exp_W_no","portfolio_2026-09-14.csv","MeWno_2","MeWno_2__g5",1,"no",1,-1
"rbyuqaqn","M_exp_W_no","portfolio_2026-09-14.csv","MeWno_2","MeWno_2__g5",1,"no",150,1
"3pb269ab","M_exp_W_no","portfolio_2026-09-14.csv","MeWno_2","MeWno_2__g5",1,"no",310,1
"ewpd3m8q","M_exp_W_no","portfolio_2026-09-14.csv","MeWno_2","MeWno_2__g5",1,"no",100,-1
"0tv7bd9u","M_exp_W_no","portfolio_2026-09-14.csv","MeWno_2","MeWno_2__g5",1,"no",113,0
"cfn8fv6w","M_exp_W_no","portfolio_2026-09-14.csv","MeWno_2","MeWno_2__g1",2,"no",100,-1
"a1q00v4p","M_exp_W_no","portfolio_2026-09-14.csv","MeWno_2","MeWno_2__g1",2,"no",50,-1
"rucumqi6","M_exp_W_no","portfolio_2026-09-14.csv","MeWno_2","MeWno_2__g1",2,"no",150,1
"lbzqe7lh","M_exp_W_no","portfolio_2026-09-14.csv","MeWno_2","MeWno_2__g1",2,"no",100,0
"i42igenv","M_exp_W_no","portfolio_2026-09-14.csv","MeWno_2","MeWno_2__g1",2,"no",165,1
"2nkc141x","M_exp_W_no","portfolio_2026-09-14.csv","MeWno_2","MeWno_2__g2",2,"no",200,-1
"oqud1wxk","M_exp_W_no","portfolio_2026-09-14.csv","MeWno_2","MeWno_2__g2",2,"no",200,0
"a6q31ex7","M_exp_W_no","portfolio_2026-09-14.csv","MeWno_2","MeWno_2__g2",2,"no",250,1
"o60mnzij","M_exp_W_no","portfolio_2026-09-14.csv","MeWno_2","MeWno_2__g2",2,"no",300,1
"bnt5i99k","M_exp_W_no","portfolio_2026-09-14.csv","MeWno_2","MeWno_2__g2",2,"no",100,-1
"zrywj9fx","M_exp_W_no","portfolio_2026-09-14.csv","MeWno_2","MeWno_2__g3",2,"no",175,1
"i44g0thi","M_exp_W_no","portfolio_2026-09-14.csv","MeWno_2","MeWno_2__g3",2,"no",150,-1
"s9ryf5kv","M_exp_W_no","portfolio_2026-09-14.csv","MeWno_2","MeWno_2__g3",2,"no",130,-1
"oe31za5u","M_exp_W_no","portfolio_2026-09-14.csv","MeWno_2","MeWno_2__g3",2,"no",200,1
"v86y9zyn","M_exp_W_no","portfolio_2026-09-14.csv","MeWno_2","MeWno_2__g3",2,"no",150,0
"3p6ks3hb","M_exp_W_no","portfolio_2026-09-14.csv","MeWno_2","MeWno_2__g4",2,"no",250,1
"y5kgtmfb","M_exp_W_no","portfolio_2026-09-14.csv","MeWno_2","MeWno_2__g4",2,"no",100,-1
"ebzeqzcf","M_exp_W_no","portfolio_2026-09-14.csv","MeWno_2","MeWno_2__g4",2,"no",140,-1
"pb6d6kev","M_exp_W_no","portfolio_2026-09-14.csv","MeWno_2","MeWno_2__g4",2,"no",250,1
"m8xnbw73","M_exp_W_no","portfolio_2026-09-14.csv","MeWno_2","MeWno_2__g4",2,"no",200,0
"an9ihpoe","M_exp_W_no","portfolio_2026-09-14.csv","MeWno_2","MeWno_2__g5",2,"no",200,1
"rbyuqaqn","M_exp_W_no","portfolio_2026-09-14.csv","MeWno_2","MeWno_2__g5",2,"no",120,-1
"3pb269ab","M_exp_W_no","portfolio_2026-09-14.csv","MeWno_2","MeWno_2__g5",2,"no",130,0
"ewpd3m8q","M_exp_W_no","portfolio_2026-09-14.csv","MeWno_2","MeWno_2__g5",2,"no",200,1
"0tv7bd9u","M_exp_W_no","portfolio_2026-09-14.csv","MeWno_2","MeWno_2__g5",2,"no",113,-1
"cfn8fv6w","M_exp_W_no","portfolio_2026-09-14.csv","MeWno_2","MeWno_2__g1",3,"no",50,-1
"a1q00v4p","M_exp_W_no","portfolio_2026-09-14.csv","MeWno_2","MeWno_2__g1",3,"no",75,-1
"rucumqi6","M_exp_W_no","portfolio_2026-09-14.csv","MeWno_2","MeWno_2__g1",3,"no",90,1
"lbzqe7lh","M_exp_W_no","portfolio_2026-09-14.csv","MeWno_2","MeWno_2__g1",3,"no",75,0
"i42igenv","M_exp_W_no","portfolio_2026-09-14.csv","MeWno_2","MeWno_2__g1",3,"no",85,1
"2nkc141x","M_exp_W_no","portfolio_2026-09-14.csv","MeWno_2","MeWno_2__g2",3,"no",150,-1
"oqud1wxk","M_exp_W_no","portfolio_2026-09-14.csv","MeWno_2","MeWno_2__g2",3,"no",150,-1
"a6q31ex7","M_exp_W_no","portfolio_2026-09-14.csv","MeWno_2","MeWno_2__g2",3,"no",200,1
"o60mnzij","M_exp_W_no","portfolio_2026-09-14.csv","MeWno_2","MeWno_2__g2",3,"no",200,0
"bnt5i99k","M_exp_W_no","portfolio_2026-09-14.csv","MeWno_2","MeWno_2__g2",3,"no",300,1
"zrywj9fx","M_exp_W_no","portfolio_2026-09-14.csv","MeWno_2","MeWno_2__g3",3,"no",175,1
"i44g0thi","M_exp_W_no","portfolio_2026-09-14.csv","MeWno_2","MeWno_2__g3",3,"no",300,1
"s9ryf5kv","M_exp_W_no","portfolio_2026-09-14.csv","MeWno_2","MeWno_2__g3",3,"no",100,-1
"oe31za5u","M_exp_W_no","portfolio_2026-09-14.csv","MeWno_2","MeWno_2__g3",3,"no",170,0
"v86y9zyn","M_exp_W_no","portfolio_2026-09-14.csv","MeWno_2","MeWno_2__g3",3,"no",120,-1
"3p6ks3hb","M_exp_W_no","portfolio_2026-09-14.csv","MeWno_2","MeWno_2__g4",3,"no",149,-1
"y5kgtmfb","M_exp_W_no","portfolio_2026-09-14.csv","MeWno_2","MeWno_2__g4",3,"no",190,-1
"ebzeqzcf","M_exp_W_no","portfolio_2026-09-14.csv","MeWno_2","MeWno_2__g4",3,"no",190,0
"pb6d6kev","M_exp_W_no","portfolio_2026-09-14.csv","MeWno_2","MeWno_2__g4",3,"no",250,1
"m8xnbw73","M_exp_W_no","portfolio_2026-09-14.csv","MeWno_2","MeWno_2__g4",3,"no",200,1
"an9ihpoe","M_exp_W_no","portfolio_2026-09-14.csv","MeWno_2","MeWno_2__g5",3,"no",100,-1
"rbyuqaqn","M_exp_W_no","portfolio_2026-09-14.csv","MeWno_2","MeWno_2__g5",3,"no",150,1
"3pb269ab","M_exp_W_no","portfolio_2026-09-14.csv","MeWno_2","MeWno_2__g5",3,"no",150,1
"ewpd3m8q","M_exp_W_no","portfolio_2026-09-14.csv","MeWno_2","MeWno_2__g5",3,"no",150,0
"0tv7bd9u","M_exp_W_no","portfolio_2026-09-14.csv","MeWno_2","MeWno_2__g5",3,"no",112,-1
"cfn8fv6w","M_exp_W_no","portfolio_2026-09-14.csv","MeWno_2","MeWno_2__g1",4,"no",100,1
"a1q00v4p","M_exp_W_no","portfolio_2026-09-14.csv","MeWno_2","MeWno_2__g1",4,"no",50,-1
"rucumqi6","M_exp_W_no","portfolio_2026-09-14.csv","MeWno_2","MeWno_2__g1",4,"no",60,1
"lbzqe7lh","M_exp_W_no","portfolio_2026-09-14.csv","MeWno_2","MeWno_2__g1",4,"no",50,0
"i42igenv","M_exp_W_no","portfolio_2026-09-14.csv","MeWno_2","MeWno_2__g1",4,"no",30,-1
"2nkc141x","M_exp_W_no","portfolio_2026-09-14.csv","MeWno_2","MeWno_2__g2",4,"no",150,-1
"oqud1wxk","M_exp_W_no","portfolio_2026-09-14.csv","MeWno_2","MeWno_2__g2",4,"no",250,1
"a6q31ex7","M_exp_W_no","portfolio_2026-09-14.csv","MeWno_2","MeWno_2__g2",4,"no",150,-1
"o60mnzij","M_exp_W_no","portfolio_2026-09-14.csv","MeWno_2","MeWno_2__g2",4,"no",200,0
"bnt5i99k","M_exp_W_no","portfolio_2026-09-14.csv","MeWno_2","MeWno_2__g2",4,"no",300,1
"zrywj9fx","M_exp_W_no","portfolio_2026-09-14.csv","MeWno_2","MeWno_2__g3",4,"no",175,1
"i44g0thi","M_exp_W_no","portfolio_2026-09-14.csv","MeWno_2","MeWno_2__g3",4,"no",140,-1
"s9ryf5kv","M_exp_W_no","portfolio_2026-09-14.csv","MeWno_2","MeWno_2__g3",4,"no",150,0
"oe31za5u","M_exp_W_no","portfolio_2026-09-14.csv","MeWno_2","MeWno_2__g3",4,"no",160,1
"v86y9zyn","M_exp_W_no","portfolio_2026-09-14.csv","MeWno_2","MeWno_2__g3",4,"no",100,-1
"3p6ks3hb","M_exp_W_no","portfolio_2026-09-14.csv","MeWno_2","MeWno_2__g4",4,"no",189,1
"y5kgtmfb","M_exp_W_no","portfolio_2026-09-14.csv","MeWno_2","MeWno_2__g4",4,"no",150,0
"ebzeqzcf","M_exp_W_no","portfolio_2026-09-14.csv","MeWno_2","MeWno_2__g4",4,"no",150,-1
"pb6d6kev","M_exp_W_no","portfolio_2026-09-14.csv","MeWno_2","MeWno_2__g4",4,"no",198,1
"m8xnbw73","M_exp_W_no","portfolio_2026-09-14.csv","MeWno_2","MeWno_2__g4",4,"no",100,-1
"an9ihpoe","M_exp_W_no","portfolio_2026-09-14.csv","MeWno_2","MeWno_2__g5",4,"no",180,1
"rbyuqaqn","M_exp_W_no","portfolio_2026-09-14.csv","MeWno_2","MeWno_2__g5",4,"no",150,0
"3pb269ab","M_exp_W_no","portfolio_2026-09-14.csv","MeWno_2","MeWno_2__g5",4,"no",185,1
"ewpd3m8q","M_exp_W_no","portfolio_2026-09-14.csv","MeWno_2","MeWno_2__g5",4,"no",150,-1
"0tv7bd9u","M_exp_W_no","portfolio_2026-09-14.csv","MeWno_2","MeWno_2__g5",4,"no",113,-1
"cfn8fv6w","M_exp_W_no","portfolio_2026-09-14.csv","MeWno_2","MeWno_2__g1",5,"no",20,-1
"a1q00v4p","M_exp_W_no","portfolio_2026-09-14.csv","MeWno_2","MeWno_2__g1",5,"no",50,1
"rucumqi6","M_exp_W_no","portfolio_2026-09-14.csv","MeWno_2","MeWno_2__g1",5,"no",25,-1
"lbzqe7lh","M_exp_W_no","portfolio_2026-09-14.csv","MeWno_2","MeWno_2__g1",5,"no",50,1
"i42igenv","M_exp_W_no","portfolio_2026-09-14.csv","MeWno_2","MeWno_2__g1",5,"no",50,0
"2nkc141x","M_exp_W_no","portfolio_2026-09-14.csv","MeWno_2","MeWno_2__g2",5,"no",150,-1
"oqud1wxk","M_exp_W_no","portfolio_2026-09-14.csv","MeWno_2","MeWno_2__g2",5,"no",200,-1
"a6q31ex7","M_exp_W_no","portfolio_2026-09-14.csv","MeWno_2","MeWno_2__g2",5,"no",400,1
"o60mnzij","M_exp_W_no","portfolio_2026-09-14.csv","MeWno_2","MeWno_2__g2",5,"no",400,1
"bnt5i99k","M_exp_W_no","portfolio_2026-09-14.csv","MeWno_2","MeWno_2__g2",5,"no",400,0
"zrywj9fx","M_exp_W_no","portfolio_2026-09-14.csv","MeWno_2","MeWno_2__g3",5,"no",150,1
"i44g0thi","M_exp_W_no","portfolio_2026-09-14.csv","MeWno_2","MeWno_2__g3",5,"no",140,-1
"s9ryf5kv","M_exp_W_no","portfolio_2026-09-14.csv","MeWno_2","MeWno_2__g3",5,"no",145,0
"oe31za5u","M_exp_W_no","portfolio_2026-09-14.csv","MeWno_2","MeWno_2__g3",5,"no",200,1
"v86y9zyn","M_exp_W_no","portfolio_2026-09-14.csv","MeWno_2","MeWno_2__g3",5,"no",140,-1
"3p6ks3hb","M_exp_W_no","portfolio_2026-09-14.csv","MeWno_2","MeWno_2__g4",5,"no",201,1
"y5kgtmfb","M_exp_W_no","portfolio_2026-09-14.csv","MeWno_2","MeWno_2__g4",5,"no",140,-1
"ebzeqzcf","M_exp_W_no","portfolio_2026-09-14.csv","MeWno_2","MeWno_2__g4",5,"no",150,1
"pb6d6kev","M_exp_W_no","portfolio_2026-09-14.csv","MeWno_2","MeWno_2__g4",5,"no",149,0
"m8xnbw73","M_exp_W_no","portfolio_2026-09-14.csv","MeWno_2","MeWno_2__g4",5,"no",50,-1
"an9ihpoe","M_exp_W_no","portfolio_2026-09-14.csv","MeWno_2","MeWno_2__g5",5,"no",160,1
"rbyuqaqn","M_exp_W_no","portfolio_2026-09-14.csv","MeWno_2","MeWno_2__g5",5,"no",150,-1
"3pb269ab","M_exp_W_no","portfolio_2026-09-14.csv","MeWno_2","MeWno_2__g5",5,"no",160,1
"ewpd3m8q","M_exp_W_no","portfolio_2026-09-14.csv","MeWno_2","MeWno_2__g5",5,"no",150,0
"0tv7bd9u","M_exp_W_no","portfolio_2026-09-14.csv","MeWno_2","MeWno_2__g5",5,"no",114,-1
"cfn8fv6w","M_exp_W_no","portfolio_2026-09-14.csv","MeWno_2","MeWno_2__g1",6,"no",40,1
"a1q00v4p","M_exp_W_no","portfolio_2026-09-14.csv","MeWno_2","MeWno_2__g1",6,"no",25,-1
"rucumqi6","M_exp_W_no","portfolio_2026-09-14.csv","MeWno_2","MeWno_2__g1",6,"no",25,-1
"lbzqe7lh","M_exp_W_no","portfolio_2026-09-14.csv","MeWno_2","MeWno_2__g1",6,"no",30,0
"i42igenv","M_exp_W_no","portfolio_2026-09-14.csv","MeWno_2","MeWno_2__g1",6,"no",50,1
"2nkc141x","M_exp_W_no","portfolio_2026-09-14.csv","MeWno_2","MeWno_2__g2",6,"no",300,-1
"oqud1wxk","M_exp_W_no","portfolio_2026-09-14.csv","MeWno_2","MeWno_2__g2",6,"no",425,1
"a6q31ex7","M_exp_W_no","portfolio_2026-09-14.csv","MeWno_2","MeWno_2__g2",6,"no",300,0
"o60mnzij","M_exp_W_no","portfolio_2026-09-14.csv","MeWno_2","MeWno_2__g2",6,"no",150,-1
"bnt5i99k","M_exp_W_no","portfolio_2026-09-14.csv","MeWno_2","MeWno_2__g2",6,"no",599,1
"zrywj9fx","M_exp_W_no","portfolio_2026-09-14.csv","MeWno_2","MeWno_2__g3",6,"no",150,0
"i44g0thi","M_exp_W_no","portfolio_2026-09-14.csv","MeWno_2","MeWno_2__g3",6,"no",170,1
"s9ryf5kv","M_exp_W_no","portfolio_2026-09-14.csv","MeWno_2","MeWno_2__g3",6,"no",130,-1
"oe31za5u","M_exp_W_no","portfolio_2026-09-14.csv","MeWno_2","MeWno_2__g3",6,"no",150,-1
"v86y9zyn","M_exp_W_no","portfolio_2026-09-14.csv","MeWno_2","MeWno_2__g3",6,"no",200,1
"3p6ks3hb","M_exp_W_no","portfolio_2026-09-14.csv","MeWno_2","MeWno_2__g4",6,"no",149,0
"y5kgtmfb","M_exp_W_no","portfolio_2026-09-14.csv","MeWno_2","MeWno_2__g4",6,"no",135,-1
"ebzeqzcf","M_exp_W_no","portfolio_2026-09-14.csv","MeWno_2","MeWno_2__g4",6,"no",400,1
"pb6d6kev","M_exp_W_no","portfolio_2026-09-14.csv","MeWno_2","MeWno_2__g4",6,"no",148,-1
"m8xnbw73","M_exp_W_no","portfolio_2026-09-14.csv","MeWno_2","MeWno_2__g4",6,"no",150,1
"an9ihpoe","M_exp_W_no","portfolio_2026-09-14.csv","MeWno_2","MeWno_2__g5",6,"no",140,-1
"rbyuqaqn","M_exp_W_no","portfolio_2026-09-14.csv","MeWno_2","MeWno_2__g5",6,"no",160,1
"3pb269ab","M_exp_W_no","portfolio_2026-09-14.csv","MeWno_2","MeWno_2__g5",6,"no",155,1
"ewpd3m8q","M_exp_W_no","portfolio_2026-09-14.csv","MeWno_2","MeWno_2__g5",6,"no",150,0
"0tv7bd9u","M_exp_W_no","portfolio_2026-09-14.csv","MeWno_2","MeWno_2__g5",6,"no",120,-1
"cfn8fv6w","M_exp_W_no","portfolio_2026-09-14.csv","MeWno_2","MeWno_2__g1",7,"no",20,-1
"a1q00v4p","M_exp_W_no","portfolio_2026-09-14.csv","MeWno_2","MeWno_2__g1",7,"no",100,1
"rucumqi6","M_exp_W_no","portfolio_2026-09-14.csv","MeWno_2","MeWno_2__g1",7,"no",100,1
"lbzqe7lh","M_exp_W_no","portfolio_2026-09-14.csv","MeWno_2","MeWno_2__g1",7,"no",30,-1
"i42igenv","M_exp_W_no","portfolio_2026-09-14.csv","MeWno_2","MeWno_2__g1",7,"no",40,0
"2nkc141x","M_exp_W_no","portfolio_2026-09-14.csv","MeWno_2","MeWno_2__g2",7,"no",300,-1
"oqud1wxk","M_exp_W_no","portfolio_2026-09-14.csv","MeWno_2","MeWno_2__g2",7,"no",300,0
"a6q31ex7","M_exp_W_no","portfolio_2026-09-14.csv","MeWno_2","MeWno_2__g2",7,"no",450,1
"o60mnzij","M_exp_W_no","portfolio_2026-09-14.csv","MeWno_2","MeWno_2__g2",7,"no",250,-1
"bnt5i99k","M_exp_W_no","portfolio_2026-09-14.csv","MeWno_2","MeWno_2__g2",7,"no",300,1
"zrywj9fx","M_exp_W_no","portfolio_2026-09-14.csv","MeWno_2","MeWno_2__g3",7,"no",160,1
"i44g0thi","M_exp_W_no","portfolio_2026-09-14.csv","MeWno_2","MeWno_2__g3",7,"no",160,1
"s9ryf5kv","M_exp_W_no","portfolio_2026-09-14.csv","MeWno_2","MeWno_2__g3",7,"no",145,-1
"oe31za5u","M_exp_W_no","portfolio_2026-09-14.csv","MeWno_2","MeWno_2__g3",7,"no",140,-1
"v86y9zyn","M_exp_W_no","portfolio_2026-09-14.csv","MeWno_2","MeWno_2__g3",7,"no",146,0
"3p6ks3hb","M_exp_W_no","portfolio_2026-09-14.csv","MeWno_2","MeWno_2__g4",7,"no",164,1
"y5kgtmfb","M_exp_W_no","portfolio_2026-09-14.csv","MeWno_2","MeWno_2__g4",7,"no",140,-1
"ebzeqzcf","M_exp_W_no","portfolio_2026-09-14.csv","MeWno_2","MeWno_2__g4",7,"no",150,1
"pb6d6kev","M_exp_W_no","portfolio_2026-09-14.csv","MeWno_2","MeWno_2__g4",7,"no",146,0
"m8xnbw73","M_exp_W_no","portfolio_2026-09-14.csv","MeWno_2","MeWno_2__g4",7,"no",50,-1
"an9ihpoe","M_exp_W_no","portfolio_2026-09-14.csv","MeWno_2","MeWno_2__g5",7,"no",150,-1
"rbyuqaqn","M_exp_W_no","portfolio_2026-09-14.csv","MeWno_2","MeWno_2__g5",7,"no",150,0
"3pb269ab","M_exp_W_no","portfolio_2026-09-14.csv","MeWno_2","MeWno_2__g5",7,"no",153,1
"ewpd3m8q","M_exp_W_no","portfolio_2026-09-14.csv","MeWno_2","MeWno_2__g5",7,"no",200,1
"0tv7bd9u","M_exp_W_no","portfolio_2026-09-14.csv","MeWno_2","MeWno_2__g5",7,"no",120,-1
"cfn8fv6w","M_exp_W_no","portfolio_2026-09-14.csv","MeWno_2","MeWno_2__g1",8,"no",20,-1
"a1q00v4p","M_exp_W_no","portfolio_2026-09-14.csv","MeWno_2","MeWno_2__g1",8,"no",50,0
"rucumqi6","M_exp_W_no","portfolio_2026-09-14.csv","MeWno_2","MeWno_2__g1",8,"no",100,1
"lbzqe7lh","M_exp_W_no","portfolio_2026-09-14.csv","MeWno_2","MeWno_2__g1",8,"no",35,-1
"i42igenv","M_exp_W_no","portfolio_2026-09-14.csv","MeWno_2","MeWno_2__g1",8,"no",50,1
"2nkc141x","M_exp_W_no","portfolio_2026-09-14.csv","MeWno_2","MeWno_2__g2",8,"no",300,1
"oqud1wxk","M_exp_W_no","portfolio_2026-09-14.csv","MeWno_2","MeWno_2__g2",8,"no",250,1
"a6q31ex7","M_exp_W_no","portfolio_2026-09-14.csv","MeWno_2","MeWno_2__g2",8,"no",150,-1
"o60mnzij","M_exp_W_no","portfolio_2026-09-14.csv","MeWno_2","MeWno_2__g2",8,"no",250,0
"bnt5i99k","M_exp_W_no","portfolio_2026-09-14.csv","MeWno_2","MeWno_2__g2",8,"no",1,-1
"zrywj9fx","M_exp_W_no","portfolio_2026-09-14.csv","MeWno_2","MeWno_2__g3",8,"no",150,1
"i44g0thi","M_exp_W_no","portfolio_2026-09-14.csv","MeWno_2","MeWno_2__g3",8,"no",140,-1
"s9ryf5kv","M_exp_W_no","portfolio_2026-09-14.csv","MeWno_2","MeWno_2__g3",8,"no",145,-1
"oe31za5u","M_exp_W_no","portfolio_2026-09-14.csv","MeWno_2","MeWno_2__g3",8,"no",145,0
"v86y9zyn","M_exp_W_no","portfolio_2026-09-14.csv","MeWno_2","MeWno_2__g3",8,"no",146,1
"3p6ks3hb","M_exp_W_no","portfolio_2026-09-14.csv","MeWno_2","MeWno_2__g4",8,"no",310,1
"y5kgtmfb","M_exp_W_no","portfolio_2026-09-14.csv","MeWno_2","MeWno_2__g4",8,"no",140,-1
"ebzeqzcf","M_exp_W_no","portfolio_2026-09-14.csv","MeWno_2","MeWno_2__g4",8,"no",146,0
"pb6d6kev","M_exp_W_no","portfolio_2026-09-14.csv","MeWno_2","MeWno_2__g4",8,"no",142,-1
"m8xnbw73","M_exp_W_no","portfolio_2026-09-14.csv","MeWno_2","MeWno_2__g4",8,"no",200,1
"an9ihpoe","M_exp_W_no","portfolio_2026-09-14.csv","MeWno_2","MeWno_2__g5",8,"no",160,1
"rbyuqaqn","M_exp_W_no","portfolio_2026-09-14.csv","MeWno_2","MeWno_2__g5",8,"no",150,0
"3pb269ab","M_exp_W_no","portfolio_2026-09-14.csv","MeWno_2","MeWno_2__g5",8,"no",150,1
"ewpd3m8q","M_exp_W_no","portfolio_2026-09-14.csv","MeWno_2","MeWno_2__g5",8,"no",100,-1
"0tv7bd9u","M_exp_W_no","portfolio_2026-09-14.csv","MeWno_2","MeWno_2__g5",8,"no",120,-1
"cfn8fv6w","M_exp_W_no","portfolio_2026-09-14.csv","MeWno_2","MeWno_2__g1",9,"no",60,0
"a1q00v4p","M_exp_W_no","portfolio_2026-09-14.csv","MeWno_2","MeWno_2__g1",9,"no",100,1
"rucumqi6","M_exp_W_no","portfolio_2026-09-14.csv","MeWno_2","MeWno_2__g1",9,"no",100,1
"lbzqe7lh","M_exp_W_no","portfolio_2026-09-14.csv","MeWno_2","MeWno_2__g1",9,"no",48,-1
"i42igenv","M_exp_W_no","portfolio_2026-09-14.csv","MeWno_2","MeWno_2__g1",9,"no",50,-1
"2nkc141x","M_exp_W_no","portfolio_2026-09-14.csv","MeWno_2","MeWno_2__g2",9,"no",300,1
"oqud1wxk","M_exp_W_no","portfolio_2026-09-14.csv","MeWno_2","MeWno_2__g2",9,"no",237,-1
"a6q31ex7","M_exp_W_no","portfolio_2026-09-14.csv","MeWno_2","MeWno_2__g2",9,"no",300,0
"o60mnzij","M_exp_W_no","portfolio_2026-09-14.csv","MeWno_2","MeWno_2__g2",9,"no",350,1
"bnt5i99k","M_exp_W_no","portfolio_2026-09-14.csv","MeWno_2","MeWno_2__g2",9,"no",1,-1
"zrywj9fx","M_exp_W_no","portfolio_2026-09-14.csv","MeWno_2","MeWno_2__g3",9,"no",140,-1
"i44g0thi","M_exp_W_no","portfolio_2026-09-14.csv","MeWno_2","MeWno_2__g3",9,"no",155,1
"s9ryf5kv","M_exp_W_no","portfolio_2026-09-14.csv","MeWno_2","MeWno_2__g3",9,"no",144,1
"oe31za5u","M_exp_W_no","portfolio_2026-09-14.csv","MeWno_2","MeWno_2__g3",9,"no",142,0
"v86y9zyn","M_exp_W_no","portfolio_2026-09-14.csv","MeWno_2","MeWno_2__g3",9,"no",135,-1
"3p6ks3hb","M_exp_W_no","portfolio_2026-09-14.csv","MeWno_2","MeWno_2__g4",9,"no",268,1
"y5kgtmfb","M_exp_W_no","portfolio_2026-09-14.csv","MeWno_2","MeWno_2__g4",9,"no",145,0
"ebzeqzcf","M_exp_W_no","portfolio_2026-09-14.csv","MeWno_2","MeWno_2__g4",9,"no",147,1
"pb6d6kev","M_exp_W_no","portfolio_2026-09-14.csv","MeWno_2","MeWno_2__g4",9,"no",145,-1
"m8xnbw73","M_exp_W_no","portfolio_2026-09-14.csv","MeWno_2","MeWno_2__g4",9,"no",100,-1
"an9ihpoe","M_exp_W_no","portfolio_2026-09-14.csv","MeWno_2","MeWno_2__g5",9,"no",155,1
"rbyuqaqn","M_exp_W_no","portfolio_2026-09-14.csv","MeWno_2","MeWno_2__g5",9,"no",150,0
"3pb269ab","M_exp_W_no","portfolio_2026-09-14.csv","MeWno_2","MeWno_2__g5",9,"no",149,-1
"ewpd3m8q","M_exp_W_no","portfolio_2026-09-14.csv","MeWno_2","MeWno_2__g5",9,"no",150,-1
"0tv7bd9u","M_exp_W_no","portfolio_2026-09-14.csv","MeWno_2","MeWno_2__g5",9,"no",200,1
"cfn8fv6w","M_exp_W_no","portfolio_2026-09-14.csv","MeWno_2","MeWno_2__g1",10,"no",80,-1
"a1q00v4p","M_exp_W_no","portfolio_2026-09-14.csv","MeWno_2","MeWno_2__g1",10,"no",100,1
"rucumqi6","M_exp_W_no","portfolio_2026-09-14.csv","MeWno_2","MeWno_2__g1",10,"no",100,1
"lbzqe7lh","M_exp_W_no","portfolio_2026-09-14.csv","MeWno_2","MeWno_2__g1",10,"no",60,-1
"i42igenv","M_exp_W_no","portfolio_2026-09-14.csv","MeWno_2","MeWno_2__g1",10,"no",80,0
"2nkc141x","M_exp_W_no","portfolio_2026-09-14.csv","MeWno_2","MeWno_2__g2",10,"no",250,0
"oqud1wxk","M_exp_W_no","portfolio_2026-09-14.csv","MeWno_2","MeWno_2__g2",10,"no",270,1
"a6q31ex7","M_exp_W_no","portfolio_2026-09-14.csv","MeWno_2","MeWno_2__g2",10,"no",500,1
"o60mnzij","M_exp_W_no","portfolio_2026-09-14.csv","MeWno_2","MeWno_2__g2",10,"no",200,-1
"bnt5i99k","M_exp_W_no","portfolio_2026-09-14.csv","MeWno_2","MeWno_2__g2",10,"no",1,-1
"zrywj9fx","M_exp_W_no","portfolio_2026-09-14.csv","MeWno_2","MeWno_2__g3",10,"no",140,0
"i44g0thi","M_exp_W_no","portfolio_2026-09-14.csv","MeWno_2","MeWno_2__g3",10,"no",148,1
"s9ryf5kv","M_exp_W_no","portfolio_2026-09-14.csv","MeWno_2","MeWno_2__g3",10,"no",130,-1
"oe31za5u","M_exp_W_no","portfolio_2026-09-14.csv","MeWno_2","MeWno_2__g3",10,"no",138,-1
"v86y9zyn","M_exp_W_no","portfolio_2026-09-14.csv","MeWno_2","MeWno_2__g3",10,"no",150,1
"3p6ks3hb","M_exp_W_no","portfolio_2026-09-14.csv","MeWno_2","MeWno_2__g4",10,"no",224,1
"y5kgtmfb","M_exp_W_no","portfolio_2026-09-14.csv","MeWno_2","MeWno_2__g4",10,"no",144,0
"ebzeqzcf","M_exp_W_no","portfolio_2026-09-14.csv","MeWno_2","MeWno_2__g4",10,"no",146,1
"pb6d6kev","M_exp_W_no","portfolio_2026-09-14.csv","MeWno_2","MeWno_2__g4",10,"no",141,-1
"m8xnbw73","M_exp_W_no","portfolio_2026-09-14.csv","MeWno_2","MeWno_2__g4",10,"no",50,-1
"an9ihpoe","M_exp_W_no","portfolio_2026-09-14.csv","MeWno_2","MeWno_2__g5",10,"no",149,1
"rbyuqaqn","M_exp_W_no","portfolio_2026-09-14.csv","MeWno_2","MeWno_2__g5",10,"no",130,-1
"3pb269ab","M_exp_W_no","portfolio_2026-09-14.csv","MeWno_2","MeWno_2__g5",10,"no",149,0
"ewpd3m8q","M_exp_W_no","portfolio_2026-09-14.csv","MeWno_2","MeWno_2__g5",10,"no",175,1
"0tv7bd9u","M_exp_W_no","portfolio_2026-09-14.csv","MeWno_2","MeWno_2__g5",10,"no",113,-1
"1c9g6x62","M_no_W_exp","portfolio_2026-09-14.csv","MnoWe_1","MnoWe_1__g1",1,"no",200,1
"7fakiwkr","M_no_W_exp","portfolio_2026-09-14.csv","MnoWe_1","MnoWe_1__g1",1,"no",200,0
"d4zd28hb","M_no_W_exp","portfolio_2026-09-14.csv","MnoWe_1","MnoWe_1__g1",1,"no",200,1
"ja5c25rz","M_no_W_exp","portfolio_2026-09-14.csv","MnoWe_1","MnoWe_1__g1",1,"no",50,-1
"oedddvhv","M_no_W_exp","portfolio_2026-09-14.csv","MnoWe_1","MnoWe_1__g1",1,"no",120,-1
"7q18nnfd","M_no_W_exp","portfolio_2026-09-14.csv","MnoWe_1","MnoWe_1__g2",1,"no",200,1
"03zce18q","M_no_W_exp","portfolio_2026-09-14.csv","MnoWe_1","MnoWe_1__g2",1,"no",50,-1
"wbs0fdl5","M_no_W_exp","portfolio_2026-09-14.csv","MnoWe_1","MnoWe_1__g2",1,"no",100,0
"cqrngk2a","M_no_W_exp","portfolio_2026-09-14.csv","MnoWe_1","MnoWe_1__g2",1,"no",50,-1
"259xsu1c","M_no_W_exp","portfolio_2026-09-14.csv","MnoWe_1","MnoWe_1__g2",1,"no",100,1
"xnss4pg0","M_no_W_exp","portfolio_2026-09-14.csv","MnoWe_1","MnoWe_1__g3",1,"no",149,0
"5seuckqb","M_no_W_exp","portfolio_2026-09-14.csv","MnoWe_1","MnoWe_1__g3",1,"no",50,-1
"hdnqitby","M_no_W_exp","portfolio_2026-09-14.csv","MnoWe_1","MnoWe_1__g3",1,"no",220,1
"ss3joq82","M_no_W_exp","portfolio_2026-09-14.csv","MnoWe_1","MnoWe_1__g3",1,"no",270,1
"5wh6kzb3","M_no_W_exp","portfolio_2026-09-14.csv","MnoWe_1","MnoWe_1__g3",1,"no",10,-1
"kh2preog","M_no_W_exp","portfolio_2026-09-14.csv","MnoWe_1","MnoWe_1__g4",1,"no",150,1
"ao798wr7","M_no_W_exp","portfolio_2026-09-14.csv","MnoWe_1","MnoWe_1__g4",1,"no",80,0
"3788h5gm","M_no_W_exp","portfolio_2026-09-14.csv","MnoWe_1","MnoWe_1__g4",1,"no",90,1
"dk85qrmf","M_no_W_exp","portfolio_2026-09-14.csv","MnoWe_1","MnoWe_1__g4",1,"no",20,-1
"qruijzzl","M_no_W_exp","portfolio_2026-09-14.csv","MnoWe_1","MnoWe_1__g4",1,"no",1,-1
"vlvkdjz0","M_no_W_exp","portfolio_2026-09-14.csv","MnoWe_1","MnoWe_1__g5",1,"no",250,1
"9n1v1smg","M_no_W_exp","portfolio_2026-09-14.csv","MnoWe_1","MnoWe_1__g5",1,"no",50,-1
"kw7jjs2b","M_no_W_exp","portfolio_2026-09-14.csv","MnoWe_1","MnoWe_1__g5",1,"no",1,-1
"pop23w57","M_no_W_exp","portfolio_2026-09-14.csv","MnoWe_1","MnoWe_1__g5",1,"no",100,1
"cbc0ayyd","M_no_W_exp","portfolio_2026-09-14.csv","MnoWe_1","MnoWe_1__g5",1,"no",100,0
"1c9g6x62","M_no_W_exp","portfolio_2026-09-14.csv","MnoWe_1","MnoWe_1__g1",2,"no",100,0
"7fakiwkr","M_no_W_exp","portfolio_2026-09-14.csv","MnoWe_1","MnoWe_1__g1",2,"no",300,1
"d4zd28hb","M_no_W_exp","portfolio_2026-09-14.csv","MnoWe_1","MnoWe_1__g1",2,"no",50,-1
"ja5c25rz","M_no_W_exp","portfolio_2026-09-14.csv","MnoWe_1","MnoWe_1__g1",2,"no",100,-1
"oedddvhv","M_no_W_exp","portfolio_2026-09-14.csv","MnoWe_1","MnoWe_1__g1",2,"no",120,1
"7q18nnfd","M_no_W_exp","portfolio_2026-09-14.csv","MnoWe_1","MnoWe_1__g2",2,"no",100,-1
"03zce18q","M_no_W_exp","portfolio_2026-09-14.csv","MnoWe_1","MnoWe_1__g2",2,"no",60,-1
"wbs0fdl5","M_no_W_exp","portfolio_2026-09-14.csv","MnoWe_1","MnoWe_1__g2",2,"no",100,1
"cqrngk2a","M_no_W_exp","portfolio_2026-09-14.csv","MnoWe_1","MnoWe_1__g2",2,"no",100,0
"259xsu1c","M_no_W_exp","portfolio_2026-09-14.csv","MnoWe_1","MnoWe_1__g2",2,"no",120,1
"xnss4pg0","M_no_W_exp","portfolio_2026-09-14.csv","MnoWe_1","MnoWe_1__g3",2,"no",175,1
"5seuckqb","M_no_W_exp","portfolio_2026-09-14.csv","MnoWe_1","MnoWe_1__g3",2,"no",100,0
"hdnqitby","M_no_W_exp","portfolio_2026-09-14.csv","MnoWe_1","MnoWe_1__g3",2,"no",200,1
"ss3joq82","M_no_W_exp","portfolio_2026-09-14.csv","MnoWe_1","MnoWe_1__g3",2,"no",99,-1
"5wh6kzb3","M_no_W_exp","portfolio_2026-09-14.csv","MnoWe_1","MnoWe_1__g3",2,"no",100,-1
"kh2preog","M_no_W_exp","portfolio_2026-09-14.csv","MnoWe_1","MnoWe_1__g4",2,"no",120,1
"ao798wr7","M_no_W_exp","portfolio_2026-09-14.csv","MnoWe_1","MnoWe_1__g4",2,"no",75,-1
"3788h5gm","M_no_W_exp","portfolio_2026-09-14.csv","MnoWe_1","MnoWe_1__g4",2,"no",60,-1
"dk85qrmf","M_no_W_exp","portfolio_2026-09-14.csv","MnoWe_1","MnoWe_1__g4",2,"no",80,0
"qruijzzl","M_no_W_exp","portfolio_2026-09-14.csv","MnoWe_1","MnoWe_1__g4",2,"no",150,1
"vlvkdjz0","M_no_W_exp","portfolio_2026-09-14.csv","MnoWe_1","MnoWe_1__g5",2,"no",350,1
"9n1v1smg","M_no_W_exp","portfolio_2026-09-14.csv","MnoWe_1","MnoWe_1__g5",2,"no",75,0
"kw7jjs2b","M_no_W_exp","portfolio_2026-09-14.csv","MnoWe_1","MnoWe_1__g5",2,"no",1,-1
"pop23w57","M_no_W_exp","portfolio_2026-09-14.csv","MnoWe_1","MnoWe_1__g5",2,"no",300,1
"cbc0ayyd","M_no_W_exp","portfolio_2026-09-14.csv","MnoWe_1","MnoWe_1__g5",2,"no",70,-1
"1c9g6x62","M_no_W_exp","portfolio_2026-09-14.csv","MnoWe_1","MnoWe_1__g1",3,"no",200,1
"7fakiwkr","M_no_W_exp","portfolio_2026-09-14.csv","MnoWe_1","MnoWe_1__g1",3,"no",99,-1
"d4zd28hb","M_no_W_exp","portfolio_2026-09-14.csv","MnoWe_1","MnoWe_1__g1",3,"no",200,1
"ja5c25rz","M_no_W_exp","portfolio_2026-09-14.csv","MnoWe_1","MnoWe_1__g1",3,"no",150,0
"oedddvhv","M_no_W_exp","portfolio_2026-09-14.csv","MnoWe_1","MnoWe_1__g1",3,"no",120,-1
"7q18nnfd","M_no_W_exp","portfolio_2026-09-14.csv","MnoWe_1","MnoWe_1__g2",3,"no",80,1
"03zce18q","M_no_W_exp","portfolio_2026-09-14.csv","MnoWe_1","MnoWe_1__g2",3,"no",65,0
"wbs0fdl5","M_no_W_exp","portfolio_2026-09-14.csv","MnoWe_1","MnoWe_1__g2",3,"no",50,-1
"cqrngk2a","M_no_W_exp","portfolio_2026-09-14.csv","MnoWe_1","MnoWe_1__g2",3,"no",100,1
"259xsu1c","M_no_W_exp","portfolio_2026-09-14.csv","MnoWe_1","MnoWe_1__g2",3,"no",47,-1
"xnss4pg0","M_no_W_exp","portfolio_2026-09-14.csv","MnoWe_1","MnoWe_1__g3",3,"no",75,-1
"5seuckqb","M_no_W_exp","portfolio_2026-09-14.csv","MnoWe_1","MnoWe_1__g3",3,"no",90,0
"hdnqitby","M_no_W_exp","portfolio_2026-09-14.csv","MnoWe_1","MnoWe_1__g3",3,"no",150,1
"ss3joq82","M_no_W_exp","portfolio_2026-09-14.csv","MnoWe_1","MnoWe_1__g3",3,"no",59,-1
"5wh6kzb3","M_no_W_exp","portfolio_2026-09-14.csv","MnoWe_1","MnoWe_1__g3",3,"no",110,1
"kh2preog","M_no_W_exp","portfolio_2026-09-14.csv","MnoWe_1","MnoWe_1__g4",3,"no",150,1
"ao798wr7","M_no_W_exp","portfolio_2026-09-14.csv","MnoWe_1","MnoWe_1__g4",3,"no",80,-1
"3788h5gm","M_no_W_exp","portfolio_2026-09-14.csv","MnoWe_1","MnoWe_1__g4",3,"no",90,0
"dk85qrmf","M_no_W_exp","portfolio_2026-09-14.csv","MnoWe_1","MnoWe_1__g4",3,"no",75,-1
"qruijzzl","M_no_W_exp","portfolio_2026-09-14.csv","MnoWe_1","MnoWe_1__g4",3,"no",150,1
"vlvkdjz0","M_no_W_exp","portfolio_2026-09-14.csv","MnoWe_1","MnoWe_1__g5",3,"no",400,1
"9n1v1smg","M_no_W_exp","portfolio_2026-09-14.csv","MnoWe_1","MnoWe_1__g5",3,"no",55,-1
"kw7jjs2b","M_no_W_exp","portfolio_2026-09-14.csv","MnoWe_1","MnoWe_1__g5",3,"no",1,-1
"pop23w57","M_no_W_exp","portfolio_2026-09-14.csv","MnoWe_1","MnoWe_1__g5",3,"no",100,0
"cbc0ayyd","M_no_W_exp","portfolio_2026-09-14.csv","MnoWe_1","MnoWe_1__g5",3,"no",100,1
"1c9g6x62","M_no_W_exp","portfolio_2026-09-14.csv","MnoWe_1","MnoWe_1__g1",4,"no",151,1
"7fakiwkr","M_no_W_exp","portfolio_2026-09-14.csv","MnoWe_1","MnoWe_1__g1",4,"no",400,1
"d4zd28hb","M_no_W_exp","portfolio_2026-09-14.csv","MnoWe_1","MnoWe_1__g1",4,"no",100,-1
"ja5c25rz","M_no_W_exp","portfolio_2026-09-14.csv","MnoWe_1","MnoWe_1__g1",4,"no",150,0
"oedddvhv","M_no_W_exp","portfolio_2026-09-14.csv","MnoWe_1","MnoWe_1__g1",4,"no",120,-1
"7q18nnfd","M_no_W_exp","portfolio_2026-09-14.csv","MnoWe_1","MnoWe_1__g2",4,"no",60,0
"03zce18q","M_no_W_exp","portfolio_2026-09-14.csv","MnoWe_1","MnoWe_1__g2",4,"no",50,-1
"wbs0fdl5","M_no_W_exp","portfolio_2026-09-14.csv","MnoWe_1","MnoWe_1__g2",4,"no",2,-1
"cqrngk2a","M_no_W_exp","portfolio_2026-09-14.csv","MnoWe_1","MnoWe_1__g2",4,"no",90,1
"259xsu1c","M_no_W_exp","portfolio_2026-09-14.csv","MnoWe_1","MnoWe_1__g2",4,"no",80,1
"xnss4pg0","M_no_W_exp","portfolio_2026-09-14.csv","MnoWe_1","MnoWe_1__g3",4,"no",75,-1
"5seuckqb","M_no_W_exp","portfolio_2026-09-14.csv","MnoWe_1","MnoWe_1__g3",4,"no",97,0
"hdnqitby","M_no_W_exp","portfolio_2026-09-14.csv","MnoWe_1","MnoWe_1__g3",4,"no",125,1
"ss3joq82","M_no_W_exp","portfolio_2026-09-14.csv","MnoWe_1","MnoWe_1__g3",4,"no",50,-1
"5wh6kzb3","M_no_W_exp","portfolio_2026-09-14.csv","MnoWe_1","MnoWe_1__g3",4,"no",100,1
"kh2preog","M_no_W_exp","portfolio_2026-09-14.csv","MnoWe_1","MnoWe_1__g4",4,"no",150,1
"ao798wr7","M_no_W_exp","portfolio_2026-09-14.csv","MnoWe_1","MnoWe_1__g4",4,"no",85,-1
"3788h5gm","M_no_W_exp","portfolio_2026-09-14.csv","MnoWe_1","MnoWe_1__g4",4,"no",85,-1
"dk85qrmf","M_no_W_exp","portfolio_2026-09-14.csv","MnoWe_1","MnoWe_1__g4",4,"no",90,0
"qruijzzl","M_no_W_exp","portfolio_2026-09-14.csv","MnoWe_1","MnoWe_1__g4",4,"no",150,1
"vlvkdjz0","M_no_W_exp","portfolio_2026-09-14.csv","MnoWe_1","MnoWe_1__g5",4,"no",450,1
"9n1v1smg","M_no_W_exp","portfolio_2026-09-14.csv","MnoWe_1","MnoWe_1__g5",4,"no",101,0
"kw7jjs2b","M_no_W_exp","portfolio_2026-09-14.csv","MnoWe_1","MnoWe_1__g5",4,"no",1,-1
"pop23w57","M_no_W_exp","portfolio_2026-09-14.csv","MnoWe_1","MnoWe_1__g5",4,"no",75,-1
"cbc0ayyd","M_no_W_exp","portfolio_2026-09-14.csv","MnoWe_1","MnoWe_1__g5",4,"no",200,1
"1c9g6x62","M_no_W_exp","portfolio_2026-09-14.csv","MnoWe_1","MnoWe_1__g1",5,"no",151,1
"7fakiwkr","M_no_W_exp","portfolio_2026-09-14.csv","MnoWe_1","MnoWe_1__g1",5,"no",50,-1
"d4zd28hb","M_no_W_exp","portfolio_2026-09-14.csv","MnoWe_1","MnoWe_1__g1",5,"no",100,-1
"ja5c25rz","M_no_W_exp","portfolio_2026-09-14.csv","MnoWe_1","MnoWe_1__g1",5,"no",200,1
"oedddvhv","M_no_W_exp","portfolio_2026-09-14.csv","MnoWe_1","MnoWe_1__g1",5,"no",120,0
"7q18nnfd","M_no_W_exp","portfolio_2026-09-14.csv","MnoWe_1","MnoWe_1__g2",5,"no",65,1
"03zce18q","M_no_W_exp","portfolio_2026-09-14.csv","MnoWe_1","MnoWe_1__g2",5,"no",45,-1
"wbs0fdl5","M_no_W_exp","portfolio_2026-09-14.csv","MnoWe_1","MnoWe_1__g2",5,"no",65,1
"cqrngk2a","M_no_W_exp","portfolio_2026-09-14.csv","MnoWe_1","MnoWe_1__g2",5,"no",60,0
"259xsu1c","M_no_W_exp","portfolio_2026-09-14.csv","MnoWe_1","MnoWe_1__g2",5,"no",50,-1
"xnss4pg0","M_no_W_exp","portfolio_2026-09-14.csv","MnoWe_1","MnoWe_1__g3",5,"no",104,1
"5seuckqb","M_no_W_exp","portfolio_2026-09-14.csv","MnoWe_1","MnoWe_1__g3",5,"no",99,-1
"hdnqitby","M_no_W_exp","portfolio_2026-09-14.csv","MnoWe_1","MnoWe_1__g3",5,"no",110,1
"ss3joq82","M_no_W_exp","portfolio_2026-09-14.csv","MnoWe_1","MnoWe_1__g3",5,"no",80,-1
"5wh6kzb3","M_no_W_exp","portfolio_2026-09-14.csv","MnoWe_1","MnoWe_1__g3",5,"no",100,0
"kh2preog","M_no_W_exp","portfolio_2026-09-14.csv","MnoWe_1","MnoWe_1__g4",5,"no",150,1
"ao798wr7","M_no_W_exp","portfolio_2026-09-14.csv","MnoWe_1","MnoWe_1__g4",5,"no",100,0
"3788h5gm","M_no_W_exp","portfolio_2026-09-14.csv","MnoWe_1","MnoWe_1__g4",5,"no",82,-1
"dk85qrmf","M_no_W_exp","portfolio_2026-09-14.csv","MnoWe_1","MnoWe_1__g4",5,"no",90,-1
"qruijzzl","M_no_W_exp","portfolio_2026-09-14.csv","MnoWe_1","MnoWe_1__g4",5,"no",149,1
"vlvkdjz0","M_no_W_exp","portfolio_2026-09-14.csv","MnoWe_1","MnoWe_1__g5",5,"no",300,1
"9n1v1smg","M_no_W_exp","portfolio_2026-09-14.csv","MnoWe_1","MnoWe_1__g5",5,"no",55,-1
"kw7jjs2b","M_no_W_exp","portfolio_2026-09-14.csv","MnoWe_1","MnoWe_1__g5",5,"no",1,-1
"pop23w57","M_no_W_exp","portfolio_2026-09-14.csv","MnoWe_1","MnoWe_1__g5",5,"no",100,0
"cbc0ayyd","M_no_W_exp","portfolio_2026-09-14.csv","MnoWe_1","MnoWe_1__g5",5,"no",200,1
"1c9g6x62","M_no_W_exp","portfolio_2026-09-14.csv","MnoWe_1","MnoWe_1__g1",6,"no",1,-1
"7fakiwkr","M_no_W_exp","portfolio_2026-09-14.csv","MnoWe_1","MnoWe_1__g1",6,"no",50,-1
"d4zd28hb","M_no_W_exp","portfolio_2026-09-14.csv","MnoWe_1","MnoWe_1__g1",6,"no",125,1
"ja5c25rz","M_no_W_exp","portfolio_2026-09-14.csv","MnoWe_1","MnoWe_1__g1",6,"no",200,1
"oedddvhv","M_no_W_exp","portfolio_2026-09-14.csv","MnoWe_1","MnoWe_1__g1",6,"no",120,0
"7q18nnfd","M_no_W_exp","portfolio_2026-09-14.csv","MnoWe_1","MnoWe_1__g2",6,"no",65,1
"03zce18q","M_no_W_exp","portfolio_2026-09-14.csv","MnoWe_1","MnoWe_1__g2",6,"no",45,-1
"wbs0fdl5","M_no_W_exp","portfolio_2026-09-14.csv","MnoWe_1","MnoWe_1__g2",6,"no",195,1
"cqrngk2a","M_no_W_exp","portfolio_2026-09-14.csv","MnoWe_1","MnoWe_1__g2",6,"no",62,0
"259xsu1c","M_no_W_exp","portfolio_2026-09-14.csv","MnoWe_1","MnoWe_1__g2",6,"no",58,-1
"xnss4pg0","M_no_W_exp","portfolio_2026-09-14.csv","MnoWe_1","MnoWe_1__g3",6,"no",108,-1
"5seuckqb","M_no_W_exp","portfolio_2026-09-14.csv","MnoWe_1","MnoWe_1__g3",6,"no",400,1
"hdnqitby","M_no_W_exp","portfolio_2026-09-14.csv","MnoWe_1","MnoWe_1__g3",6,"no",115,1
"ss3joq82","M_no_W_exp","portfolio_2026-09-14.csv","MnoWe_1","MnoWe_1__g3",6,"no",85,-1
"5wh6kzb3","M_no_W_exp","portfolio_2026-09-14.csv","MnoWe_1","MnoWe_1__g3",6,"no",110,0
"kh2preog","M_no_W_exp","portfolio_2026-09-14.csv","MnoWe_1","MnoWe_1__g4",6,"no",119,0
"ao798wr7","M_no_W_exp","portfolio_2026-09-14.csv","MnoWe_1","MnoWe_1__g4",6,"no",100,-1
"3788h5gm","M_no_W_exp","portfolio_2026-09-14.csv","MnoWe_1","MnoWe_1__g4",6,"no",120,1
"dk85qrmf","M_no_W_exp","portfolio_2026-09-14.csv","MnoWe_1","MnoWe_1__g4",6,"no",100,-1
"qruijzzl","M_no_W_exp","portfolio_2026-09-14.csv","MnoWe_1","MnoWe_1__g4",6,"no",120,1
"vlvkdjz0","M_no_W_exp","portfolio_2026-09-14.csv","MnoWe_1","MnoWe_1__g5",6,"no",200,1
"9n1v1smg","M_no_W_exp","portfolio_2026-09-14.csv","MnoWe_1","MnoWe_1__g5",6,"no",60,-1
"kw7jjs2b","M_no_W_exp","portfolio_2026-09-14.csv","MnoWe_1","MnoWe_1__g5",6,"no",99,0
"pop23w57","M_no_W_exp","portfolio_2026-09-14.csv","MnoWe_1","MnoWe_1__g5",6,"no",80,-1
"cbc0ayyd","M_no_W_exp","portfolio_2026-09-14.csv","MnoWe_1","MnoWe_1__g5",6,"no",200,1
"1c9g6x62","M_no_W_exp","portfolio_2026-09-14.csv","MnoWe_1","MnoWe_1__g1",7,"no",1,-1
"7fakiwkr","M_no_W_exp","portfolio_2026-09-14.csv","MnoWe_1","MnoWe_1__g1",7,"no",200,1
"d4zd28hb","M_no_W_exp","portfolio_2026-09-14.csv","MnoWe_1","MnoWe_1__g1",7,"no",125,1
"ja5c25rz","M_no_W_exp","portfolio_2026-09-14.csv","MnoWe_1","MnoWe_1__g1",7,"no",100,-1
"oedddvhv","M_no_W_exp","portfolio_2026-09-14.csv","MnoWe_1","MnoWe_1__g1",7,"no",120,0
"7q18nnfd","M_no_W_exp","portfolio_2026-09-14.csv","MnoWe_1","MnoWe_1__g2",7,"no",65,1
"03zce18q","M_no_W_exp","portfolio_2026-09-14.csv","MnoWe_1","MnoWe_1__g2",7,"no",45,-1
"wbs0fdl5","M_no_W_exp","portfolio_2026-09-14.csv","MnoWe_1","MnoWe_1__g2",7,"no",96,1
"cqrngk2a","M_no_W_exp","portfolio_2026-09-14.csv","MnoWe_1","MnoWe_1__g2",7,"no",60,0
"259xsu1c","M_no_W_exp","portfolio_2026-09-14.csv","MnoWe_1","MnoWe_1__g2",7,"no",40,-1
"xnss4pg0","M_no_W_exp","portfolio_2026-09-14.csv","MnoWe_1","MnoWe_1__g3",7,"no",130,1
"5seuckqb","M_no_W_exp","portfolio_2026-09-14.csv","MnoWe_1","MnoWe_1__g3",7,"no",105,0
"hdnqitby","M_no_W_exp","portfolio_2026-09-14.csv","MnoWe_1","MnoWe_1__g3",7,"no",98,-1
"ss3joq82","M_no_W_exp","portfolio_2026-09-14.csv","MnoWe_1","MnoWe_1__g3",7,"no",90,-1
"5wh6kzb3","M_no_W_exp","portfolio_2026-09-14.csv","MnoWe_1","MnoWe_1__g3",7,"no",130,1
"kh2preog","M_no_W_exp","portfolio_2026-09-14.csv","MnoWe_1","MnoWe_1__g4",7,"no",130,1
"ao798wr7","M_no_W_exp","portfolio_2026-09-14.csv","MnoWe_1","MnoWe_1__g4",7,"no",100,-1
"3788h5gm","M_no_W_exp","portfolio_2026-09-14.csv","MnoWe_1","MnoWe_1__g4",7,"no",121,0
"dk85qrmf","M_no_W_exp","portfolio_2026-09-14.csv","MnoWe_1","MnoWe_1__g4",7,"no",100,-1
"qruijzzl","M_no_W_exp","portfolio_2026-09-14.csv","MnoWe_1","MnoWe_1__g4",7,"no",139,1
"vlvkdjz0","M_no_W_exp","portfolio_2026-09-14.csv","MnoWe_1","MnoWe_1__g5",7,"no",150,1
"9n1v1smg","M_no_W_exp","portfolio_2026-09-14.csv","MnoWe_1","MnoWe_1__g5",7,"no",60,-1
"kw7jjs2b","M_no_W_exp","portfolio_2026-09-14.csv","MnoWe_1","MnoWe_1__g5",7,"no",95,0
"pop23w57","M_no_W_exp","portfolio_2026-09-14.csv","MnoWe_1","MnoWe_1__g5",7,"no",50,-1
"cbc0ayyd","M_no_W_exp","portfolio_2026-09-14.csv","MnoWe_1","MnoWe_1__g5",7,"no",200,1
"1c9g6x62","M_no_W_exp","portfolio_2026-09-14.csv","MnoWe_1","MnoWe_1__g1",8,"no",121,1
"7fakiwkr","M_no_W_exp","portfolio_2026-09-14.csv","MnoWe_1","MnoWe_1__g1",8,"no",100,-1
"d4zd28hb","M_no_W_exp","portfolio_2026-09-14.csv","MnoWe_1","MnoWe_1__g1",8,"no",75,-1
"ja5c25rz","M_no_W_exp","portfolio_2026-09-14.csv","MnoWe_1","MnoWe_1__g1",8,"no",300,1
"oedddvhv","M_no_W_exp","portfolio_2026-09-14.csv","MnoWe_1","MnoWe_1__g1",8,"no",120,0
"7q18nnfd","M_no_W_exp","portfolio_2026-09-14.csv","MnoWe_1","MnoWe_1__g2",8,"no",65,1
"03zce18q","M_no_W_exp","portfolio_2026-09-14.csv","MnoWe_1","MnoWe_1__g2",8,"no",45,-1
"wbs0fdl5","M_no_W_exp","portfolio_2026-09-14.csv","MnoWe_1","MnoWe_1__g2",8,"no",1,-1
"cqrngk2a","M_no_W_exp","portfolio_2026-09-14.csv","MnoWe_1","MnoWe_1__g2",8,"no",60,0
"259xsu1c","M_no_W_exp","portfolio_2026-09-14.csv","MnoWe_1","MnoWe_1__g2",8,"no",60,1
"xnss4pg0","M_no_W_exp","portfolio_2026-09-14.csv","MnoWe_1","MnoWe_1__g3",8,"no",112,1
"5seuckqb","M_no_W_exp","portfolio_2026-09-14.csv","MnoWe_1","MnoWe_1__g3",8,"no",101,-1
"hdnqitby","M_no_W_exp","portfolio_2026-09-14.csv","MnoWe_1","MnoWe_1__g3",8,"no",110,0
"ss3joq82","M_no_W_exp","portfolio_2026-09-14.csv","MnoWe_1","MnoWe_1__g3",8,"no",85,-1
"5wh6kzb3","M_no_W_exp","portfolio_2026-09-14.csv","MnoWe_1","MnoWe_1__g3",8,"no",130,1
"kh2preog","M_no_W_exp","portfolio_2026-09-14.csv","MnoWe_1","MnoWe_1__g4",8,"no",130,1
"ao798wr7","M_no_W_exp","portfolio_2026-09-14.csv","MnoWe_1","MnoWe_1__g4",8,"no",100,-1
"3788h5gm","M_no_W_exp","portfolio_2026-09-14.csv","MnoWe_1","MnoWe_1__g4",8,"no",128,1
"dk85qrmf","M_no_W_exp","portfolio_2026-09-14.csv","MnoWe_1","MnoWe_1__g4",8,"no",120,0
"qruijzzl","M_no_W_exp","portfolio_2026-09-14.csv","MnoWe_1","MnoWe_1__g4",8,"no",100,-1
"vlvkdjz0","M_no_W_exp","portfolio_2026-09-14.csv","MnoWe_1","MnoWe_1__g5",8,"no",120,1
"9n1v1smg","M_no_W_exp","portfolio_2026-09-14.csv","MnoWe_1","MnoWe_1__g5",8,"no",80,-1
"kw7jjs2b","M_no_W_exp","portfolio_2026-09-14.csv","MnoWe_1","MnoWe_1__g5",8,"no",80,0
"pop23w57","M_no_W_exp","portfolio_2026-09-14.csv","MnoWe_1","MnoWe_1__g5",8,"no",50,-1
"cbc0ayyd","M_no_W_exp","portfolio_2026-09-14.csv","MnoWe_1","MnoWe_1__g5",8,"no",200,1
"1c9g6x62","M_no_W_exp","portfolio_2026-09-14.csv","MnoWe_1","MnoWe_1__g1",9,"no",121,0
"7fakiwkr","M_no_W_exp","portfolio_2026-09-14.csv","MnoWe_1","MnoWe_1__g1",9,"no",400,1
"d4zd28hb","M_no_W_exp","portfolio_2026-09-14.csv","MnoWe_1","MnoWe_1__g1",9,"no",125,1
"ja5c25rz","M_no_W_exp","portfolio_2026-09-14.csv","MnoWe_1","MnoWe_1__g1",9,"no",100,-1
"oedddvhv","M_no_W_exp","portfolio_2026-09-14.csv","MnoWe_1","MnoWe_1__g1",9,"no",120,-1
"7q18nnfd","M_no_W_exp","portfolio_2026-09-14.csv","MnoWe_1","MnoWe_1__g2",9,"no",62,1
"03zce18q","M_no_W_exp","portfolio_2026-09-14.csv","MnoWe_1","MnoWe_1__g2",9,"no",45,-1
"wbs0fdl5","M_no_W_exp","portfolio_2026-09-14.csv","MnoWe_1","MnoWe_1__g2",9,"no",46,0
"cqrngk2a","M_no_W_exp","portfolio_2026-09-14.csv","MnoWe_1","MnoWe_1__g2",9,"no",60,1
"259xsu1c","M_no_W_exp","portfolio_2026-09-14.csv","MnoWe_1","MnoWe_1__g2",9,"no",40,-1
"xnss4pg0","M_no_W_exp","portfolio_2026-09-14.csv","MnoWe_1","MnoWe_1__g3",9,"no",115,1
"5seuckqb","M_no_W_exp","portfolio_2026-09-14.csv","MnoWe_1","MnoWe_1__g3",9,"no",67,-1
"hdnqitby","M_no_W_exp","portfolio_2026-09-14.csv","MnoWe_1","MnoWe_1__g3",9,"no",115,0
"ss3joq82","M_no_W_exp","portfolio_2026-09-14.csv","MnoWe_1","MnoWe_1__g3",9,"no",95,-1
"5wh6kzb3","M_no_W_exp","portfolio_2026-09-14.csv","MnoWe_1","MnoWe_1__g3",9,"no",130,1
"kh2preog","M_no_W_exp","portfolio_2026-09-14.csv","MnoWe_1","MnoWe_1__g4",9,"no",130,1
"ao798wr7","M_no_W_exp","portfolio_2026-09-14.csv","MnoWe_1","MnoWe_1__g4",9,"no",100,-1
"3788h5gm","M_no_W_exp","portfolio_2026-09-14.csv","MnoWe_1","MnoWe_1__g4",9,"no",115,0
"dk85qrmf","M_no_W_exp","portfolio_2026-09-14.csv","MnoWe_1","MnoWe_1__g4",9,"no",120,1
"qruijzzl","M_no_W_exp","portfolio_2026-09-14.csv","MnoWe_1","MnoWe_1__g4",9,"no",100,-1
"vlvkdjz0","M_no_W_exp","portfolio_2026-09-14.csv","MnoWe_1","MnoWe_1__g5",9,"no",250,1
"9n1v1smg","M_no_W_exp","portfolio_2026-09-14.csv","MnoWe_1","MnoWe_1__g5",9,"no",75,0
"kw7jjs2b","M_no_W_exp","portfolio_2026-09-14.csv","MnoWe_1","MnoWe_1__g5",9,"no",50,-1
"pop23w57","M_no_W_exp","portfolio_2026-09-14.csv","MnoWe_1","MnoWe_1__g5",9,"no",30,-1
"cbc0ayyd","M_no_W_exp","portfolio_2026-09-14.csv","MnoWe_1","MnoWe_1__g5",9,"no",200,1
"1c9g6x62","M_no_W_exp","portfolio_2026-09-14.csv","MnoWe_1","MnoWe_1__g1",10,"no",122,1
"7fakiwkr","M_no_W_exp","portfolio_2026-09-14.csv","MnoWe_1","MnoWe_1__g1",10,"no",121,0
"d4zd28hb","M_no_W_exp","portfolio_2026-09-14.csv","MnoWe_1","MnoWe_1__g1",10,"no",125,1
"ja5c25rz","M_no_W_exp","portfolio_2026-09-14.csv","MnoWe_1","MnoWe_1__g1",10,"no",100,-1
"oedddvhv","M_no_W_exp","portfolio_2026-09-14.csv","MnoWe_1","MnoWe_1__g1",10,"no",120,-1
"7q18nnfd","M_no_W_exp","portfolio_2026-09-14.csv","MnoWe_1","MnoWe_1__g2",10,"no",50,1
"03zce18q","M_no_W_exp","portfolio_2026-09-14.csv","MnoWe_1","MnoWe_1__g2",10,"no",35,-1
"wbs0fdl5","M_no_W_exp","portfolio_2026-09-14.csv","MnoWe_1","MnoWe_1__g2",10,"no",1,-1
"cqrngk2a","M_no_W_exp","portfolio_2026-09-14.csv","MnoWe_1","MnoWe_1__g2",10,"no",45,0
"259xsu1c","M_no_W_exp","portfolio_2026-09-14.csv","MnoWe_1","MnoWe_1__g2",10,"no",50,1
"xnss4pg0","M_no_W_exp","portfolio_2026-09-14.csv","MnoWe_1","MnoWe_1__g3",10,"no",120,1
"5seuckqb","M_no_W_exp","portfolio_2026-09-14.csv","MnoWe_1","MnoWe_1__g3",10,"no",120,0
"hdnqitby","M_no_W_exp","portfolio_2026-09-14.csv","MnoWe_1","MnoWe_1__g3",10,"no",120,-1
"ss3joq82","M_no_W_exp","portfolio_2026-09-14.csv","MnoWe_1","MnoWe_1__g3",10,"no",99,-1
"5wh6kzb3","M_no_W_exp","portfolio_2026-09-14.csv","MnoWe_1","MnoWe_1__g3",10,"no",130,1
"kh2preog","M_no_W_exp","portfolio_2026-09-14.csv","MnoWe_1","MnoWe_1__g4",10,"no",120,1
"ao798wr7","M_no_W_exp","portfolio_2026-09-14.csv","MnoWe_1","MnoWe_1__g4",10,"no",80,-1
"3788h5gm","M_no_W_exp","portfolio_2026-09-14.csv","MnoWe_1","MnoWe_1__g4",10,"no",110,0
"dk85qrmf","M_no_W_exp","portfolio_2026-09-14.csv","MnoWe_1","MnoWe_1__g4",10,"no",115,1
"qruijzzl","M_no_W_exp","portfolio_2026-09-14.csv","MnoWe_1","MnoWe_1__g4",10,"no",50,-1
"vlvkdjz0","M_no_W_exp","portfolio_2026-09-14.csv","MnoWe_1","MnoWe_1__g5",10,"no",100,1
"9n1v1smg","M_no_W_exp","portfolio_2026-09-14.csv","MnoWe_1","MnoWe_1__g5",10,"no",70,0
"kw7jjs2b","M_no_W_exp","portfolio_2026-09-14.csv","MnoWe_1","MnoWe_1__g5",10,"no",39,-1
"pop23w57","M_no_W_exp","portfolio_2026-09-14.csv","MnoWe_1","MnoWe_1__g5",10,"no",20,-1
"cbc0ayyd","M_no_W_exp","portfolio_2026-09-14.csv","MnoWe_1","MnoWe_1__g5",10,"no",200,1
"u4sl54xk","M_no_W_exp","portfolio_2026-09-15.csv","MnoWe_2","MnoWe_2__g1",1,"no",100,-1
"q2jobopa","M_no_W_exp","portfolio_2026-09-15.csv","MnoWe_2","MnoWe_2__g1",1,"no",100,0
"9xg7erl3","M_no_W_exp","portfolio_2026-09-15.csv","MnoWe_2","MnoWe_2__g1",1,"no",100,-1
"ixl976y0","M_no_W_exp","portfolio_2026-09-15.csv","MnoWe_2","MnoWe_2__g1",1,"no",150,1
"nqlqeq8n","M_no_W_exp","portfolio_2026-09-15.csv","MnoWe_2","MnoWe_2__g1",1,"no",300,1
"d10dwe1h","M_no_W_exp","portfolio_2026-09-15.csv","MnoWe_2","MnoWe_2__g2",1,"no",70,-1
"0yq0zebw","M_no_W_exp","portfolio_2026-09-15.csv","MnoWe_2","MnoWe_2__g2",1,"no",200,0
"7sfhy51b","M_no_W_exp","portfolio_2026-09-15.csv","MnoWe_2","MnoWe_2__g2",1,"no",230,1
"pgjj4tqg","M_no_W_exp","portfolio_2026-09-15.csv","MnoWe_2","MnoWe_2__g2",1,"no",300,1
"z4s8evj8","M_no_W_exp","portfolio_2026-09-15.csv","MnoWe_2","MnoWe_2__g2",1,"no",150,-1
"e8h7gvii","M_no_W_exp","portfolio_2026-09-15.csv","MnoWe_2","MnoWe_2__g3",1,"no",200,1
"yt1cbpza","M_no_W_exp","portfolio_2026-09-15.csv","MnoWe_2","MnoWe_2__g3",1,"no",100,-1
"0i38ht6y","M_no_W_exp","portfolio_2026-09-15.csv","MnoWe_2","MnoWe_2__g3",1,"no",150,1
"xyqf41ao","M_no_W_exp","portfolio_2026-09-15.csv","MnoWe_2","MnoWe_2__g3",1,"no",150,0
"g9pquzkd","M_no_W_exp","portfolio_2026-09-15.csv","MnoWe_2","MnoWe_2__g3",1,"no",100,-1
"7ww48hi4","M_no_W_exp","portfolio_2026-09-15.csv","MnoWe_2","MnoWe_2__g4",1,"no",150,-1
"5fdw0rg1","M_no_W_exp","portfolio_2026-09-15.csv","MnoWe_2","MnoWe_2__g4",1,"no",200,1
"h7o9v437","M_no_W_exp","portfolio_2026-09-15.csv","MnoWe_2","MnoWe_2__g4",1,"no",200,1
"9mimenbo","M_no_W_exp","portfolio_2026-09-15.csv","MnoWe_2","MnoWe_2__g4",1,"no",200,0
"hn8non3y","M_no_W_exp","portfolio_2026-09-15.csv","MnoWe_2","MnoWe_2__g4",1,"no",200,-1
"x06ipo6j","M_no_W_exp","portfolio_2026-09-15.csv","MnoWe_2","MnoWe_2__g5",1,"no",225,0
"n9iynxtq","M_no_W_exp","portfolio_2026-09-15.csv","MnoWe_2","MnoWe_2__g5",1,"no",150,-1
"diqkyqqr","M_no_W_exp","portfolio_2026-09-15.csv","MnoWe_2","MnoWe_2__g5",1,"no",250,1
"hi0vl1bf","M_no_W_exp","portfolio_2026-09-15.csv","MnoWe_2","MnoWe_2__g5",1,"no",250,1
"u3a33dgt","M_no_W_exp","portfolio_2026-09-15.csv","MnoWe_2","MnoWe_2__g5",1,"no",85,-1
"u4sl54xk","M_no_W_exp","portfolio_2026-09-15.csv","MnoWe_2","MnoWe_2__g1",2,"no",100,0
"q2jobopa","M_no_W_exp","portfolio_2026-09-15.csv","MnoWe_2","MnoWe_2__g1",2,"no",100,-1
"9xg7erl3","M_no_W_exp","portfolio_2026-09-15.csv","MnoWe_2","MnoWe_2__g1",2,"no",109,1
"ixl976y0","M_no_W_exp","portfolio_2026-09-15.csv","MnoWe_2","MnoWe_2__g1",2,"no",100,-1
"nqlqeq8n","M_no_W_exp","portfolio_2026-09-15.csv","MnoWe_2","MnoWe_2__g1",2,"no",100,1
"d10dwe1h","M_no_W_exp","portfolio_2026-09-15.csv","MnoWe_2","MnoWe_2__g2",2,"no",100,-1
"0yq0zebw","M_no_W_exp","portfolio_2026-09-15.csv","MnoWe_2","MnoWe_2__g2",2,"no",200,0
"7sfhy51b","M_no_W_exp","portfolio_2026-09-15.csv","MnoWe_2","MnoWe_2__g2",2,"no",215,1
"pgjj4tqg","M_no_W_exp","portfolio_2026-09-15.csv","MnoWe_2","MnoWe_2__g2",2,"no",67,-1
"z4s8evj8","M_no_W_exp","portfolio_2026-09-15.csv","MnoWe_2","MnoWe_2__g2",2,"no",200,1
"e8h7gvii","M_no_W_exp","portfolio_2026-09-15.csv","MnoWe_2","MnoWe_2__g3",2,"no",200,1
"yt1cbpza","M_no_W_exp","portfolio_2026-09-15.csv","MnoWe_2","MnoWe_2__g3",2,"no",200,1
"0i38ht6y","M_no_W_exp","portfolio_2026-09-15.csv","MnoWe_2","MnoWe_2__g3",2,"no",100,-1
"xyqf41ao","M_no_W_exp","portfolio_2026-09-15.csv","MnoWe_2","MnoWe_2__g3",2,"no",75,-1
"g9pquzkd","M_no_W_exp","portfolio_2026-09-15.csv","MnoWe_2","MnoWe_2__g3",2,"no",120,0
"7ww48hi4","M_no_W_exp","portfolio_2026-09-15.csv","MnoWe_2","MnoWe_2__g4",2,"no",100,-1
"5fdw0rg1","M_no_W_exp","portfolio_2026-09-15.csv","MnoWe_2","MnoWe_2__g4",2,"no",100,0
"h7o9v437","M_no_W_exp","portfolio_2026-09-15.csv","MnoWe_2","MnoWe_2__g4",2,"no",10,-1
"9mimenbo","M_no_W_exp","portfolio_2026-09-15.csv","MnoWe_2","MnoWe_2__g4",2,"no",250,1
"hn8non3y","M_no_W_exp","portfolio_2026-09-15.csv","MnoWe_2","MnoWe_2__g4",2,"no",200,1
"x06ipo6j","M_no_W_exp","portfolio_2026-09-15.csv","MnoWe_2","MnoWe_2__g5",2,"no",300,1
"n9iynxtq","M_no_W_exp","portfolio_2026-09-15.csv","MnoWe_2","MnoWe_2__g5",2,"no",226,-1
"diqkyqqr","M_no_W_exp","portfolio_2026-09-15.csv","MnoWe_2","MnoWe_2__g5",2,"no",250,1
"hi0vl1bf","M_no_W_exp","portfolio_2026-09-15.csv","MnoWe_2","MnoWe_2__g5",2,"no",245,0
"u3a33dgt","M_no_W_exp","portfolio_2026-09-15.csv","MnoWe_2","MnoWe_2__g5",2,"no",112,-1
"u4sl54xk","M_no_W_exp","portfolio_2026-09-15.csv","MnoWe_2","MnoWe_2__g1",3,"no",90,-1
"q2jobopa","M_no_W_exp","portfolio_2026-09-15.csv","MnoWe_2","MnoWe_2__g1",3,"no",150,1
"9xg7erl3","M_no_W_exp","portfolio_2026-09-15.csv","MnoWe_2","MnoWe_2__g1",3,"no",102,0
"ixl976y0","M_no_W_exp","portfolio_2026-09-15.csv","MnoWe_2","MnoWe_2__g1",3,"no",120,1
"nqlqeq8n","M_no_W_exp","portfolio_2026-09-15.csv","MnoWe_2","MnoWe_2__g1",3,"no",100,-1
"d10dwe1h","M_no_W_exp","portfolio_2026-09-15.csv","MnoWe_2","MnoWe_2__g2",3,"no",200,1
"0yq0zebw","M_no_W_exp","portfolio_2026-09-15.csv","MnoWe_2","MnoWe_2__g2",3,"no",200,0
"7sfhy51b","M_no_W_exp","portfolio_2026-09-15.csv","MnoWe_2","MnoWe_2__g2",3,"no",195,-1
"pgjj4tqg","M_no_W_exp","portfolio_2026-09-15.csv","MnoWe_2","MnoWe_2__g2",3,"no",150,-1
"z4s8evj8","M_no_W_exp","portfolio_2026-09-15.csv","MnoWe_2","MnoWe_2__g2",3,"no",200,1
"e8h7gvii","M_no_W_exp","portfolio_2026-09-15.csv","MnoWe_2","MnoWe_2__g3",3,"no",100,0
"yt1cbpza","M_no_W_exp","portfolio_2026-09-15.csv","MnoWe_2","MnoWe_2__g3",3,"no",100,1
"0i38ht6y","M_no_W_exp","portfolio_2026-09-15.csv","MnoWe_2","MnoWe_2__g3",3,"no",250,1
"xyqf41ao","M_no_W_exp","portfolio_2026-09-15.csv","MnoWe_2","MnoWe_2__g3",3,"no",75,-1
"g9pquzkd","M_no_W_exp","portfolio_2026-09-15.csv","MnoWe_2","MnoWe_2__g3",3,"no",90,-1
"7ww48hi4","M_no_W_exp","portfolio_2026-09-15.csv","MnoWe_2","MnoWe_2__g4",3,"no",99,0
"5fdw0rg1","M_no_W_exp","portfolio_2026-09-15.csv","MnoWe_2","MnoWe_2__g4",3,"no",70,-1
"h7o9v437","M_no_W_exp","portfolio_2026-09-15.csv","MnoWe_2","MnoWe_2__g4",3,"no",1,-1
"9mimenbo","M_no_W_exp","portfolio_2026-09-15.csv","MnoWe_2","MnoWe_2__g4",3,"no",150,1
"hn8non3y","M_no_W_exp","portfolio_2026-09-15.csv","MnoWe_2","MnoWe_2__g4",3,"no",200,1
"x06ipo6j","M_no_W_exp","portfolio_2026-09-15.csv","MnoWe_2","MnoWe_2__g5",3,"no",248,1
"n9iynxtq","M_no_W_exp","portfolio_2026-09-15.csv","MnoWe_2","MnoWe_2__g5",3,"no",246,0
"diqkyqqr","M_no_W_exp","portfolio_2026-09-15.csv","MnoWe_2","MnoWe_2__g5",3,"no",200,-1
"hi0vl1bf","M_no_W_exp","portfolio_2026-09-15.csv","MnoWe_2","MnoWe_2__g5",3,"no",249,1
"u3a33dgt","M_no_W_exp","portfolio_2026-09-15.csv","MnoWe_2","MnoWe_2__g5",3,"no",100,-1
"u4sl54xk","M_no_W_exp","portfolio_2026-09-15.csv","MnoWe_2","MnoWe_2__g1",4,"no",120,1
"q2jobopa","M_no_W_exp","portfolio_2026-09-15.csv","MnoWe_2","MnoWe_2__g1",4,"no",102,-1
"9xg7erl3","M_no_W_exp","portfolio_2026-09-15.csv","MnoWe_2","MnoWe_2__g1",4,"no",103,0
"ixl976y0","M_no_W_exp","portfolio_2026-09-15.csv","MnoWe_2","MnoWe_2__g1",4,"no",10,-1
"nqlqeq8n","M_no_W_exp","portfolio_2026-09-15.csv","MnoWe_2","MnoWe_2__g1",4,"no",110,1
"d10dwe1h","M_no_W_exp","portfolio_2026-09-15.csv","MnoWe_2","MnoWe_2__g2",4,"no",200,1
"0yq0zebw","M_no_W_exp","portfolio_2026-09-15.csv","MnoWe_2","MnoWe_2__g2",4,"no",200,0
"7sfhy51b","M_no_W_exp","portfolio_2026-09-15.csv","MnoWe_2","MnoWe_2__g2",4,"no",220,1
"pgjj4tqg","M_no_W_exp","portfolio_2026-09-15.csv","MnoWe_2","MnoWe_2__g2",4,"no",190,-1
"z4s8evj8","M_no_W_exp","portfolio_2026-09-15.csv","MnoWe_2","MnoWe_2__g2",4,"no",200,-1
"e8h7gvii","M_no_W_exp","portfolio_2026-09-15.csv","MnoWe_2","MnoWe_2__g3",4,"no",150,1
"yt1cbpza","M_no_W_exp","portfolio_2026-09-15.csv","MnoWe_2","MnoWe_2__g3",4,"no",50,-1
"0i38ht6y","M_no_W_exp","portfolio_2026-09-15.csv","MnoWe_2","MnoWe_2__g3",4,"no",120,0
"xyqf41ao","M_no_W_exp","portfolio_2026-09-15.csv","MnoWe_2","MnoWe_2__g3",4,"no",150,1
"g9pquzkd","M_no_W_exp","portfolio_2026-09-15.csv","MnoWe_2","MnoWe_2__g3",4,"no",60,-1
"7ww48hi4","M_no_W_exp","portfolio_2026-09-15.csv","MnoWe_2","MnoWe_2__g4",4,"no",150,1
"5fdw0rg1","M_no_W_exp","portfolio_2026-09-15.csv","MnoWe_2","MnoWe_2__g4",4,"no",50,0
"h7o9v437","M_no_W_exp","portfolio_2026-09-15.csv","MnoWe_2","MnoWe_2__g4",4,"no",1,-1
"9mimenbo","M_no_W_exp","portfolio_2026-09-15.csv","MnoWe_2","MnoWe_2__g4",4,"no",50,-1
"hn8non3y","M_no_W_exp","portfolio_2026-09-15.csv","MnoWe_2","MnoWe_2__g4",4,"no",100,1
"x06ipo6j","M_no_W_exp","portfolio_2026-09-15.csv","MnoWe_2","MnoWe_2__g5",4,"no",244,0
"n9iynxtq","M_no_W_exp","portfolio_2026-09-15.csv","MnoWe_2","MnoWe_2__g5",4,"no",247,1
"diqkyqqr","M_no_W_exp","portfolio_2026-09-15.csv","MnoWe_2","MnoWe_2__g5",4,"no",200,-1
"hi0vl1bf","M_no_W_exp","portfolio_2026-09-15.csv","MnoWe_2","MnoWe_2__g5",4,"no",247,1
"u3a33dgt","M_no_W_exp","portfolio_2026-09-15.csv","MnoWe_2","MnoWe_2__g5",4,"no",100,-1
"u4sl54xk","M_no_W_exp","portfolio_2026-09-15.csv","MnoWe_2","MnoWe_2__g1",5,"no",111,1
"q2jobopa","M_no_W_exp","portfolio_2026-09-15.csv","MnoWe_2","MnoWe_2__g1",5,"no",105,1
"9xg7erl3","M_no_W_exp","portfolio_2026-09-15.csv","MnoWe_2","MnoWe_2__g1",5,"no",104,0
"ixl976y0","M_no_W_exp","portfolio_2026-09-15.csv","MnoWe_2","MnoWe_2__g1",5,"no",10,-1
"nqlqeq8n","M_no_W_exp","portfolio_2026-09-15.csv","MnoWe_2","MnoWe_2__g1",5,"no",100,-1
"d10dwe1h","M_no_W_exp","portfolio_2026-09-15.csv","MnoWe_2","MnoWe_2__g2",5,"no",100,-1
"0yq0zebw","M_no_W_exp","portfolio_2026-09-15.csv","MnoWe_2","MnoWe_2__g2",5,"no",200,0
"7sfhy51b","M_no_W_exp","portfolio_2026-09-15.csv","MnoWe_2","MnoWe_2__g2",5,"no",198,-1
"pgjj4tqg","M_no_W_exp","portfolio_2026-09-15.csv","MnoWe_2","MnoWe_2__g2",5,"no",210,1
"z4s8evj8","M_no_W_exp","portfolio_2026-09-15.csv","MnoWe_2","MnoWe_2__g2",5,"no",200,1
"e8h7gvii","M_no_W_exp","portfolio_2026-09-15.csv","MnoWe_2","MnoWe_2__g3",5,"no",140,0
"yt1cbpza","M_no_W_exp","portfolio_2026-09-15.csv","MnoWe_2","MnoWe_2__g3",5,"no",150,1
"0i38ht6y","M_no_W_exp","portfolio_2026-09-15.csv","MnoWe_2","MnoWe_2__g3",5,"no",150,1
"xyqf41ao","M_no_W_exp","portfolio_2026-09-15.csv","MnoWe_2","MnoWe_2__g3",5,"no",120,-1
"g9pquzkd","M_no_W_exp","portfolio_2026-09-15.csv","MnoWe_2","MnoWe_2__g3",5,"no",30,-1
"7ww48hi4","M_no_W_exp","portfolio_2026-09-15.csv","MnoWe_2","MnoWe_2__g4",5,"no",10,-1
"5fdw0rg1","M_no_W_exp","portfolio_2026-09-15.csv","MnoWe_2","MnoWe_2__g4",5,"no",20,0
"h7o9v437","M_no_W_exp","portfolio_2026-09-15.csv","MnoWe_2","MnoWe_2__g4",5,"no",1,-1
"9mimenbo","M_no_W_exp","portfolio_2026-09-15.csv","MnoWe_2","MnoWe_2__g4",5,"no",40,1
"hn8non3y","M_no_W_exp","portfolio_2026-09-15.csv","MnoWe_2","MnoWe_2__g4",5,"no",60,1
"x06ipo6j","M_no_W_exp","portfolio_2026-09-15.csv","MnoWe_2","MnoWe_2__g5",5,"no",243,0
"n9iynxtq","M_no_W_exp","portfolio_2026-09-15.csv","MnoWe_2","MnoWe_2__g5",5,"no",243,-1
"diqkyqqr","M_no_W_exp","portfolio_2026-09-15.csv","MnoWe_2","MnoWe_2__g5",5,"no",245,1
"hi0vl1bf","M_no_W_exp","portfolio_2026-09-15.csv","MnoWe_2","MnoWe_2__g5",5,"no",246,1
"u3a33dgt","M_no_W_exp","portfolio_2026-09-15.csv","MnoWe_2","MnoWe_2__g5",5,"no",95,-1
"u4sl54xk","M_no_W_exp","portfolio_2026-09-15.csv","MnoWe_2","MnoWe_2__g1",6,"no",100,-1
"q2jobopa","M_no_W_exp","portfolio_2026-09-15.csv","MnoWe_2","MnoWe_2__g1",6,"no",106,1
"9xg7erl3","M_no_W_exp","portfolio_2026-09-15.csv","MnoWe_2","MnoWe_2__g1",6,"no",102,-1
"ixl976y0","M_no_W_exp","portfolio_2026-09-15.csv","MnoWe_2","MnoWe_2__g1",6,"no",105,0
"nqlqeq8n","M_no_W_exp","portfolio_2026-09-15.csv","MnoWe_2","MnoWe_2__g1",6,"no",106,1
"d10dwe1h","M_no_W_exp","portfolio_2026-09-15.csv","MnoWe_2","MnoWe_2__g2",6,"no",300,1
"0yq0zebw","M_no_W_exp","portfolio_2026-09-15.csv","MnoWe_2","MnoWe_2__g2",6,"no",100,-1
"7sfhy51b","M_no_W_exp","portfolio_2026-09-15.csv","MnoWe_2","MnoWe_2__g2",6,"no",225,1
"pgjj4tqg","M_no_W_exp","portfolio_2026-09-15.csv","MnoWe_2","MnoWe_2__g2",6,"no",200,0
"z4s8evj8","M_no_W_exp","portfolio_2026-09-15.csv","MnoWe_2","MnoWe_2__g2",6,"no",200,-1
"e8h7gvii","M_no_W_exp","portfolio_2026-09-15.csv","MnoWe_2","MnoWe_2__g3",6,"no",140,1
"yt1cbpza","M_no_W_exp","portfolio_2026-09-15.csv","MnoWe_2","MnoWe_2__g3",6,"no",100,-1
"0i38ht6y","M_no_W_exp","portfolio_2026-09-15.csv","MnoWe_2","MnoWe_2__g3",6,"no",100,-1
"xyqf41ao","M_no_W_exp","portfolio_2026-09-15.csv","MnoWe_2","MnoWe_2__g3",6,"no",130,1
"g9pquzkd","M_no_W_exp","portfolio_2026-09-15.csv","MnoWe_2","MnoWe_2__g3",6,"no",108,0
"7ww48hi4","M_no_W_exp","portfolio_2026-09-15.csv","MnoWe_2","MnoWe_2__g4",6,"no",35,1
"5fdw0rg1","M_no_W_exp","portfolio_2026-09-15.csv","MnoWe_2","MnoWe_2__g4",6,"no",10,-1
"h7o9v437","M_no_W_exp","portfolio_2026-09-15.csv","MnoWe_2","MnoWe_2__g4",6,"no",1,-1
"9mimenbo","M_no_W_exp","portfolio_2026-09-15.csv","MnoWe_2","MnoWe_2__g4",6,"no",10,0
"hn8non3y","M_no_W_exp","portfolio_2026-09-15.csv","MnoWe_2","MnoWe_2__g4",6,"no",20,1
"x06ipo6j","M_no_W_exp","portfolio_2026-09-15.csv","MnoWe_2","MnoWe_2__g5",6,"no",242,-1
"n9iynxtq","M_no_W_exp","portfolio_2026-09-15.csv","MnoWe_2","MnoWe_2__g5",6,"no",244,0
"diqkyqqr","M_no_W_exp","portfolio_2026-09-15.csv","MnoWe_2","MnoWe_2__g5",6,"no",245,1
"hi0vl1bf","M_no_W_exp","portfolio_2026-09-15.csv","MnoWe_2","MnoWe_2__g5",6,"no",245,1
"u3a33dgt","M_no_W_exp","portfolio_2026-09-15.csv","MnoWe_2","MnoWe_2__g5",6,"no",95,-1
"u4sl54xk","M_no_W_exp","portfolio_2026-09-15.csv","MnoWe_2","MnoWe_2__g1",7,"no",105,-1
"q2jobopa","M_no_W_exp","portfolio_2026-09-15.csv","MnoWe_2","MnoWe_2__g1",7,"no",105,0
"9xg7erl3","M_no_W_exp","portfolio_2026-09-15.csv","MnoWe_2","MnoWe_2__g1",7,"no",102,-1
"ixl976y0","M_no_W_exp","portfolio_2026-09-15.csv","MnoWe_2","MnoWe_2__g1",7,"no",106,1
"nqlqeq8n","M_no_W_exp","portfolio_2026-09-15.csv","MnoWe_2","MnoWe_2__g1",7,"no",107,1
"d10dwe1h","M_no_W_exp","portfolio_2026-09-15.csv","MnoWe_2","MnoWe_2__g2",7,"no",200,0
"0yq0zebw","M_no_W_exp","portfolio_2026-09-15.csv","MnoWe_2","MnoWe_2__g2",7,"no",200,1
"7sfhy51b","M_no_W_exp","portfolio_2026-09-15.csv","MnoWe_2","MnoWe_2__g2",7,"no",199,-1
"pgjj4tqg","M_no_W_exp","portfolio_2026-09-15.csv","MnoWe_2","MnoWe_2__g2",7,"no",200,1
"z4s8evj8","M_no_W_exp","portfolio_2026-09-15.csv","MnoWe_2","MnoWe_2__g2",7,"no",200,-1
"e8h7gvii","M_no_W_exp","portfolio_2026-09-15.csv","MnoWe_2","MnoWe_2__g3",7,"no",130,1
"yt1cbpza","M_no_W_exp","portfolio_2026-09-15.csv","MnoWe_2","MnoWe_2__g3",7,"no",50,-1
"0i38ht6y","M_no_W_exp","portfolio_2026-09-15.csv","MnoWe_2","MnoWe_2__g3",7,"no",110,1
"xyqf41ao","M_no_W_exp","portfolio_2026-09-15.csv","MnoWe_2","MnoWe_2__g3",7,"no",110,0
"g9pquzkd","M_no_W_exp","portfolio_2026-09-15.csv","MnoWe_2","MnoWe_2__g3",7,"no",84,-1
"7ww48hi4","M_no_W_exp","portfolio_2026-09-15.csv","MnoWe_2","MnoWe_2__g4",7,"no",5,0
"5fdw0rg1","M_no_W_exp","portfolio_2026-09-15.csv","MnoWe_2","MnoWe_2__g4",7,"no",10,1
"h7o9v437","M_no_W_exp","portfolio_2026-09-15.csv","MnoWe_2","MnoWe_2__g4",7,"no",1,-1
"9mimenbo","M_no_W_exp","portfolio_2026-09-15.csv","MnoWe_2","MnoWe_2__g4",7,"no",1,-1
"hn8non3y","M_no_W_exp","portfolio_2026-09-15.csv","MnoWe_2","MnoWe_2__g4",7,"no",20,1
"x06ipo6j","M_no_W_exp","portfolio_2026-09-15.csv","MnoWe_2","MnoWe_2__g5",7,"no",242,-1
"n9iynxtq","M_no_W_exp","portfolio_2026-09-15.csv","MnoWe_2","MnoWe_2__g5",7,"no",245,1
"diqkyqqr","M_no_W_exp","portfolio_2026-09-15.csv","MnoWe_2","MnoWe_2__g5",7,"no",245,0
"hi0vl1bf","M_no_W_exp","portfolio_2026-09-15.csv","MnoWe_2","MnoWe_2__g5",7,"no",245,1
"u3a33dgt","M_no_W_exp","portfolio_2026-09-15.csv","MnoWe_2","MnoWe_2__g5",7,"no",96,-1
"u4sl54xk","M_no_W_exp","portfolio_2026-09-15.csv","MnoWe_2","MnoWe_2__g1",8,"no",110,1
"q2jobopa","M_no_W_exp","portfolio_2026-09-15.csv","MnoWe_2","MnoWe_2__g1",8,"no",105,0
"9xg7erl3","M_no_W_exp","portfolio_2026-09-15.csv","MnoWe_2","MnoWe_2__g1",8,"no",102,-1
"ixl976y0","M_no_W_exp","portfolio_2026-09-15.csv","MnoWe_2","MnoWe_2__g1",8,"no",104,-1
"nqlqeq8n","M_no_W_exp","portfolio_2026-09-15.csv","MnoWe_2","MnoWe_2__g1",8,"no",106,1
"d10dwe1h","M_no_W_exp","portfolio_2026-09-15.csv","MnoWe_2","MnoWe_2__g2",8,"no",220,1
"0yq0zebw","M_no_W_exp","portfolio_2026-09-15.csv","MnoWe_2","MnoWe_2__g2",8,"no",199,-1
"7sfhy51b","M_no_W_exp","portfolio_2026-09-15.csv","MnoWe_2","MnoWe_2__g2",8,"no",210,1
"pgjj4tqg","M_no_W_exp","portfolio_2026-09-15.csv","MnoWe_2","MnoWe_2__g2",8,"no",200,-1
"z4s8evj8","M_no_W_exp","portfolio_2026-09-15.csv","MnoWe_2","MnoWe_2__g2",8,"no",200,0
"e8h7gvii","M_no_W_exp","portfolio_2026-09-15.csv","MnoWe_2","MnoWe_2__g3",8,"no",10,-1
"yt1cbpza","M_no_W_exp","portfolio_2026-09-15.csv","MnoWe_2","MnoWe_2__g3",8,"no",100,1
"0i38ht6y","M_no_W_exp","portfolio_2026-09-15.csv","MnoWe_2","MnoWe_2__g3",8,"no",110,1
"xyqf41ao","M_no_W_exp","portfolio_2026-09-15.csv","MnoWe_2","MnoWe_2__g3",8,"no",100,0
"g9pquzkd","M_no_W_exp","portfolio_2026-09-15.csv","MnoWe_2","MnoWe_2__g3",8,"no",48,-1
"7ww48hi4","M_no_W_exp","portfolio_2026-09-15.csv","MnoWe_2","MnoWe_2__g4",8,"no",5,-1
"5fdw0rg1","M_no_W_exp","portfolio_2026-09-15.csv","MnoWe_2","MnoWe_2__g4",8,"no",6,0
"h7o9v437","M_no_W_exp","portfolio_2026-09-15.csv","MnoWe_2","MnoWe_2__g4",8,"no",1,-1
"9mimenbo","M_no_W_exp","portfolio_2026-09-15.csv","MnoWe_2","MnoWe_2__g4",8,"no",10,1
"hn8non3y","M_no_W_exp","portfolio_2026-09-15.csv","MnoWe_2","MnoWe_2__g4",8,"no",20,1
"x06ipo6j","M_no_W_exp","portfolio_2026-09-15.csv","MnoWe_2","MnoWe_2__g5",8,"no",244,1
"n9iynxtq","M_no_W_exp","portfolio_2026-09-15.csv","MnoWe_2","MnoWe_2__g5",8,"no",246,1
"diqkyqqr","M_no_W_exp","portfolio_2026-09-15.csv","MnoWe_2","MnoWe_2__g5",8,"no",240,-1
"hi0vl1bf","M_no_W_exp","portfolio_2026-09-15.csv","MnoWe_2","MnoWe_2__g5",8,"no",243,0
"u3a33dgt","M_no_W_exp","portfolio_2026-09-15.csv","MnoWe_2","MnoWe_2__g5",8,"no",95,-1
"u4sl54xk","M_no_W_exp","portfolio_2026-09-15.csv","MnoWe_2","MnoWe_2__g1",9,"no",110,1
"q2jobopa","M_no_W_exp","portfolio_2026-09-15.csv","MnoWe_2","MnoWe_2__g1",9,"no",104,-1
"9xg7erl3","M_no_W_exp","portfolio_2026-09-15.csv","MnoWe_2","MnoWe_2__g1",9,"no",102,-1
"ixl976y0","M_no_W_exp","portfolio_2026-09-15.csv","MnoWe_2","MnoWe_2__g1",9,"no",106,0
"nqlqeq8n","M_no_W_exp","portfolio_2026-09-15.csv","MnoWe_2","MnoWe_2__g1",9,"no",106,1
"d10dwe1h","M_no_W_exp","portfolio_2026-09-15.csv","MnoWe_2","MnoWe_2__g2",9,"no",220,1
"0yq0zebw","M_no_W_exp","portfolio_2026-09-15.csv","MnoWe_2","MnoWe_2__g2",9,"no",200,0
"7sfhy51b","M_no_W_exp","portfolio_2026-09-15.csv","MnoWe_2","MnoWe_2__g2",9,"no",199,-1
"pgjj4tqg","M_no_W_exp","portfolio_2026-09-15.csv","MnoWe_2","MnoWe_2__g2",9,"no",200,-1
"z4s8evj8","M_no_W_exp","portfolio_2026-09-15.csv","MnoWe_2","MnoWe_2__g2",9,"no",200,1
"e8h7gvii","M_no_W_exp","portfolio_2026-09-15.csv","MnoWe_2","MnoWe_2__g3",9,"no",140,1
"yt1cbpza","M_no_W_exp","portfolio_2026-09-15.csv","MnoWe_2","MnoWe_2__g3",9,"no",50,-1
"0i38ht6y","M_no_W_exp","portfolio_2026-09-15.csv","MnoWe_2","MnoWe_2__g3",9,"no",100,0
"xyqf41ao","M_no_W_exp","portfolio_2026-09-15.csv","MnoWe_2","MnoWe_2__g3",9,"no",100,1
"g9pquzkd","M_no_W_exp","portfolio_2026-09-15.csv","MnoWe_2","MnoWe_2__g3",9,"no",24,-1
"7ww48hi4","M_no_W_exp","portfolio_2026-09-15.csv","MnoWe_2","MnoWe_2__g4",9,"no",1,-1
"5fdw0rg1","M_no_W_exp","portfolio_2026-09-15.csv","MnoWe_2","MnoWe_2__g4",9,"no",1,-1
"h7o9v437","M_no_W_exp","portfolio_2026-09-15.csv","MnoWe_2","MnoWe_2__g4",9,"no",1,0
"9mimenbo","M_no_W_exp","portfolio_2026-09-15.csv","MnoWe_2","MnoWe_2__g4",9,"no",20,1
"hn8non3y","M_no_W_exp","portfolio_2026-09-15.csv","MnoWe_2","MnoWe_2__g4",9,"no",20,1
"x06ipo6j","M_no_W_exp","portfolio_2026-09-15.csv","MnoWe_2","MnoWe_2__g5",9,"no",243,0
"n9iynxtq","M_no_W_exp","portfolio_2026-09-15.csv","MnoWe_2","MnoWe_2__g5",9,"no",244,1
"diqkyqqr","M_no_W_exp","portfolio_2026-09-15.csv","MnoWe_2","MnoWe_2__g5",9,"no",245,1
"hi0vl1bf","M_no_W_exp","portfolio_2026-09-15.csv","MnoWe_2","MnoWe_2__g5",9,"no",243,-1
"u3a33dgt","M_no_W_exp","portfolio_2026-09-15.csv","MnoWe_2","MnoWe_2__g5",9,"no",95,-1
"u4sl54xk","M_no_W_exp","portfolio_2026-09-15.csv","MnoWe_2","MnoWe_2__g1",10,"no",110,1
"q2jobopa","M_no_W_exp","portfolio_2026-09-15.csv","MnoWe_2","MnoWe_2__g1",10,"no",106,0
"9xg7erl3","M_no_W_exp","portfolio_2026-09-15.csv","MnoWe_2","MnoWe_2__g1",10,"no",102,-1
"ixl976y0","M_no_W_exp","portfolio_2026-09-15.csv","MnoWe_2","MnoWe_2__g1",10,"no",106,-1
"nqlqeq8n","M_no_W_exp","portfolio_2026-09-15.csv","MnoWe_2","MnoWe_2__g1",10,"no",107,1
"d10dwe1h","M_no_W_exp","portfolio_2026-09-15.csv","MnoWe_2","MnoWe_2__g2",10,"no",220,1
"0yq0zebw","M_no_W_exp","portfolio_2026-09-15.csv","MnoWe_2","MnoWe_2__g2",10,"no",200,0
"7sfhy51b","M_no_W_exp","portfolio_2026-09-15.csv","MnoWe_2","MnoWe_2__g2",10,"no",210,1
"pgjj4tqg","M_no_W_exp","portfolio_2026-09-15.csv","MnoWe_2","MnoWe_2__g2",10,"no",199,-1
"z4s8evj8","M_no_W_exp","portfolio_2026-09-15.csv","MnoWe_2","MnoWe_2__g2",10,"no",200,-1
"e8h7gvii","M_no_W_exp","portfolio_2026-09-15.csv","MnoWe_2","MnoWe_2__g3",10,"no",140,1
"yt1cbpza","M_no_W_exp","portfolio_2026-09-15.csv","MnoWe_2","MnoWe_2__g3",10,"no",100,1
"0i38ht6y","M_no_W_exp","portfolio_2026-09-15.csv","MnoWe_2","MnoWe_2__g3",10,"no",90,-1
"xyqf41ao","M_no_W_exp","portfolio_2026-09-15.csv","MnoWe_2","MnoWe_2__g3",10,"no",100,0
"g9pquzkd","M_no_W_exp","portfolio_2026-09-15.csv","MnoWe_2","MnoWe_2__g3",10,"no",18,-1
"7ww48hi4","M_no_W_exp","portfolio_2026-09-15.csv","MnoWe_2","MnoWe_2__g4",10,"no",2,0
"5fdw0rg1","M_no_W_exp","portfolio_2026-09-15.csv","MnoWe_2","MnoWe_2__g4",10,"no",10,1
"h7o9v437","M_no_W_exp","portfolio_2026-09-15.csv","MnoWe_2","MnoWe_2__g4",10,"no",1,-1
"9mimenbo","M_no_W_exp","portfolio_2026-09-15.csv","MnoWe_2","MnoWe_2__g4",10,"no",1,-1
"hn8non3y","M_no_W_exp","portfolio_2026-09-15.csv","MnoWe_2","MnoWe_2__g4",10,"no",5,1
"x06ipo6j","M_no_W_exp","portfolio_2026-09-15.csv","MnoWe_2","MnoWe_2__g5",10,"no",243,1
"n9iynxtq","M_no_W_exp","portfolio_2026-09-15.csv","MnoWe_2","MnoWe_2__g5",10,"no",243,0
"diqkyqqr","M_no_W_exp","portfolio_2026-09-15.csv","MnoWe_2","MnoWe_2__g5",10,"no",100,-1
"hi0vl1bf","M_no_W_exp","portfolio_2026-09-15.csv","MnoWe_2","MnoWe_2__g5",10,"no",245,1
"u3a33dgt","M_no_W_exp","portfolio_2026-09-15.csv","MnoWe_2","MnoWe_2__g5",10,"no",95,-1
