session_code,participant_id_in_session,participant_code,page_index,app_name,page_name,epoch_time_completed,round_number,timeout_happened,is_wait_page
ckhtfa5u,1,msd1f2iu,0,,InitializeParticipant,1789542885,1,0,0
ckhtfa5u,2,omrf04k4,0,,InitializeParticipant,1789542885,1,0,0
ckhtfa5u,3,duzxv1is,0,,InitializeParticipant,1789542885,1,0,0
ckhtfa5u,4,znk2pevv,0,,InitializeParticipant,1789542885,1,0,0
ckhtfa5u,5,rv5b38em,0,,InitializeParticipant,1789542886,1,0,0
ckhtfa5u,6,z7t2lpyk,0,,InitializeParticipant,1789542886,1,0,0
ckhtfa5u,7,dwx0my9x,0,,InitializeParticipant,1789542886,1,0,0
ckhtfa5u,8,uhxz6pjz,0,,InitializeParticipant,1789542886,1,0,0
ckhtfa5u,10,yhliw46v,0,,InitializeParticipant,1789542886,1,0,0
ckhtfa5u,9,r39x605k,0,,InitializeParticipant,1789542886,1,0,0
ckhtfa5u,11,7abl389c,0,,InitializeParticipant,1789542886,1,0,0
ckhtfa5u,12,6kns3oml,0,,InitializeParticipant,1789542886,1,0,0
ckhtfa5u,13,pp2e4xx5,0,,InitializeParticipant,1789542886,1,0,0
ckhtfa5u,14,jid9ui4f,0,,InitializeParticipant,1789542886,1,0,0
ckhtfa5u,15,grwzfvbr,0,,InitializeParticipant,1789542886,1,0,0
ckhtfa5u,16,yxcpp681,0,,InitializeParticipant,1789542886,1,0,0
ckhtfa5u,17,09bse981,0,,InitializeParticipant,1789542886,1,0,0
ckhtfa5u,20,6rdutaoz,0,,InitializeParticipant,1789542886,1,0,0
ckhtfa5u,21,21anldsa,0,,InitializeParticipant,1789542886,1,0,0
ckhtfa5u,18,2p0bevly,0,,InitializeParticipant,1789542886,1,0,0
ckhtfa5u,19,raavz353,0,,InitializeParticipant,1789542886,1,0,0
ckhtfa5u,22,3mjtjuou,0,,InitializeParticipant,1789542887,1,0,0
ckhtfa5u,23,5jtwpe9d,0,,InitializeParticipant,1789542887,1,0,0
ckhtfa5u,24,s16bmsk2,0,,InitializeParticipant,1789542887,1,0,0
ckhtfa5u,25,sjw641j3,0,,InitializeParticipant,1789542889,1,0,0
ckhtfa5u,8,uhxz6pjz,1,portfolio,Welcome,1789542891,1,0,0
ckhtfa5u,14,jid9ui4f,1,portfolio,Welcome,1789542892,1,0,0
ckhtfa5u,6,z7t2lpyk,1,portfolio,Welcome,1789542894,1,0,0
ckhtfa5u,5,rv5b38em,1,portfolio,Welcome,1789542894,1,0,0
ckhtfa5u,14,jid9ui4f,2,portfolio,InstructionsRisk,1789542895,1,0,0
ckhtfa5u,12,6kns3oml,1,portfolio,Welcome,1789542896,1,0,0
ckhtfa5u,5,rv5b38em,2,portfolio,InstructionsRisk,1789542897,1,0,0
ckhtfa5u,16,yxcpp681,1,portfolio,Welcome,1789542904,1,0,0
ckhtfa5u,2,omrf04k4,1,portfolio,Welcome,1789542906,1,0,0
ckhtfa5u,16,yxcpp681,2,portfolio,InstructionsRisk,1789542908,1,0,0
ckhtfa5u,1,msd1f2iu,1,portfolio,Welcome,1789542908,1,0,0
ckhtfa5u,15,grwzfvbr,1,portfolio,Welcome,1789542913,1,0,0
ckhtfa5u,8,uhxz6pjz,2,portfolio,InstructionsRisk,1789542914,1,0,0
ckhtfa5u,9,r39x605k,1,portfolio,Welcome,1789542916,1,0,0
ckhtfa5u,20,6rdutaoz,1,portfolio,Welcome,1789542916,1,0,0
ckhtfa5u,17,09bse981,1,portfolio,Welcome,1789542918,1,0,0
ckhtfa5u,21,21anldsa,1,portfolio,Welcome,1789542919,1,0,0
ckhtfa5u,14,jid9ui4f,3,portfolio,ComprehensionRisk,1789542922,1,0,0
ckhtfa5u,7,dwx0my9x,1,portfolio,Welcome,1789542923,1,0,0
ckhtfa5u,20,6rdutaoz,2,portfolio,InstructionsRisk,1789542924,1,0,0
ckhtfa5u,1,msd1f2iu,2,portfolio,InstructionsRisk,1789542926,1,0,0
ckhtfa5u,6,z7t2lpyk,2,portfolio,InstructionsRisk,1789542926,1,0,0
ckhtfa5u,7,dwx0my9x,2,portfolio,InstructionsRisk,1789542929,1,0,0
ckhtfa5u,4,znk2pevv,1,portfolio,Welcome,1789542929,1,0,0
ckhtfa5u,23,5jtwpe9d,1,portfolio,Welcome,1789542931,1,0,0
ckhtfa5u,16,yxcpp681,3,portfolio,ComprehensionRisk,1789542931,1,0,0
ckhtfa5u,18,2p0bevly,1,portfolio,Welcome,1789542932,1,0,0
ckhtfa5u,17,09bse981,2,portfolio,InstructionsRisk,1789542933,1,0,0
ckhtfa5u,22,3mjtjuou,1,portfolio,Welcome,1789542936,1,0,0
ckhtfa5u,19,raavz353,1,portfolio,Welcome,1789542936,1,0,0
ckhtfa5u,5,rv5b38em,3,portfolio,ComprehensionRisk,1789542936,1,0,0
ckhtfa5u,25,sjw641j3,1,portfolio,Welcome,1789542938,1,0,0
ckhtfa5u,13,pp2e4xx5,1,portfolio,Welcome,1789542941,1,0,0
ckhtfa5u,14,jid9ui4f,4,portfolio,DynamicChoice,1789542943,1,0,0
ckhtfa5u,13,pp2e4xx5,2,portfolio,InstructionsRisk,1789542945,1,0,0
ckhtfa5u,6,z7t2lpyk,3,portfolio,ComprehensionRisk,1789542948,1,0,0
ckhtfa5u,9,r39x605k,2,portfolio,InstructionsRisk,1789542948,1,0,0
ckhtfa5u,8,uhxz6pjz,3,portfolio,ComprehensionRisk,1789542950,1,0,0
ckhtfa5u,21,21anldsa,2,portfolio,InstructionsRisk,1789542954,1,0,0
ckhtfa5u,22,3mjtjuou,2,portfolio,InstructionsRisk,1789542954,1,0,0
ckhtfa5u,16,yxcpp681,4,portfolio,DynamicChoice,1789542955,1,0,0
ckhtfa5u,20,6rdutaoz,3,portfolio,ComprehensionRisk,1789542959,1,0,0
ckhtfa5u,7,dwx0my9x,3,portfolio,ComprehensionRisk,1789542960,1,0,0
ckhtfa5u,23,5jtwpe9d,2,portfolio,InstructionsRisk,1789542962,1,0,0
ckhtfa5u,18,2p0bevly,2,portfolio,InstructionsRisk,1789542963,1,0,0
ckhtfa5u,9,r39x605k,3,portfolio,ComprehensionRisk,1789542968,1,0,0
ckhtfa5u,17,09bse981,3,portfolio,ComprehensionRisk,1789542969,1,0,0
ckhtfa5u,6,z7t2lpyk,4,portfolio,DynamicChoice,1789542972,1,0,0
ckhtfa5u,8,uhxz6pjz,4,portfolio,DynamicChoice,1789542973,1,0,0
ckhtfa5u,15,grwzfvbr,2,portfolio,InstructionsRisk,1789542975,1,0,0
ckhtfa5u,21,21anldsa,3,portfolio,ComprehensionRisk,1789542976,1,0,0
ckhtfa5u,5,rv5b38em,4,portfolio,DynamicChoice,1789542976,1,0,0
ckhtfa5u,3,duzxv1is,1,portfolio,Welcome,1789542978,1,0,0
ckhtfa5u,10,yhliw46v,1,portfolio,Welcome,1789542979,1,0,0
ckhtfa5u,12,6kns3oml,2,portfolio,InstructionsRisk,1789542983,1,0,0
ckhtfa5u,17,09bse981,4,portfolio,DynamicChoice,1789542987,1,0,0
ckhtfa5u,21,21anldsa,4,portfolio,DynamicChoice,1789542988,1,0,0
ckhtfa5u,9,r39x605k,4,portfolio,DynamicChoice,1789542988,1,0,0
ckhtfa5u,18,2p0bevly,3,portfolio,ComprehensionRisk,1789542991,1,0,0
ckhtfa5u,1,msd1f2iu,3,portfolio,ComprehensionRisk,1789542999,1,0,0
ckhtfa5u,25,sjw641j3,2,portfolio,InstructionsRisk,1789543007,1,0,0
ckhtfa5u,24,s16bmsk2,1,portfolio,Welcome,1789543008,1,0,0
ckhtfa5u,2,omrf04k4,2,portfolio,InstructionsRisk,1789543012,1,0,0
ckhtfa5u,20,6rdutaoz,4,portfolio,DynamicChoice,1789543012,1,0,0
ckhtfa5u,19,raavz353,2,portfolio,InstructionsRisk,1789543012,1,0,0
ckhtfa5u,11,7abl389c,1,portfolio,Welcome,1789543015,1,0,0
ckhtfa5u,13,pp2e4xx5,3,portfolio,ComprehensionRisk,1789543016,1,0,0
ckhtfa5u,10,yhliw46v,2,portfolio,InstructionsRisk,1789543021,1,0,0
ckhtfa5u,23,5jtwpe9d,3,portfolio,ComprehensionRisk,1789543021,1,0,0
ckhtfa5u,25,sjw641j3,3,portfolio,ComprehensionRisk,1789543029,1,0,0
ckhtfa5u,3,duzxv1is,2,portfolio,InstructionsRisk,1789543032,1,0,0
ckhtfa5u,19,raavz353,3,portfolio,ComprehensionRisk,1789543042,1,0,0
ckhtfa5u,22,3mjtjuou,3,portfolio,ComprehensionRisk,1789543042,1,0,0
ckhtfa5u,15,grwzfvbr,3,portfolio,ComprehensionRisk,1789543043,1,0,0
ckhtfa5u,1,msd1f2iu,4,portfolio,DynamicChoice,1789543045,1,0,0
ckhtfa5u,18,2p0bevly,4,portfolio,DynamicChoice,1789543046,1,0,0
ckhtfa5u,2,omrf04k4,3,portfolio,ComprehensionRisk,1789543047,1,0,0
ckhtfa5u,23,5jtwpe9d,4,portfolio,DynamicChoice,1789543051,1,0,0
ckhtfa5u,11,7abl389c,2,portfolio,InstructionsRisk,1789543052,1,0,0
ckhtfa5u,25,sjw641j3,4,portfolio,DynamicChoice,1789543052,1,0,0
ckhtfa5u,15,grwzfvbr,4,portfolio,DynamicChoice,1789543056,1,0,0
ckhtfa5u,4,znk2pevv,2,portfolio,InstructionsRisk,1789543057,1,0,0
ckhtfa5u,3,duzxv1is,3,portfolio,ComprehensionRisk,1789543058,1,0,0
ckhtfa5u,12,6kns3oml,3,portfolio,ComprehensionRisk,1789543064,1,0,0
ckhtfa5u,22,3mjtjuou,4,portfolio,DynamicChoice,1789543068,1,0,0
ckhtfa5u,19,raavz353,4,portfolio,DynamicChoice,1789543071,1,0,0
ckhtfa5u,2,omrf04k4,4,portfolio,DynamicChoice,1789543074,1,0,0
ckhtfa5u,13,pp2e4xx5,4,portfolio,DynamicChoice,1789543087,1,0,0
ckhtfa5u,10,yhliw46v,3,portfolio,ComprehensionRisk,1789543091,1,0,0
ckhtfa5u,11,7abl389c,3,portfolio,ComprehensionRisk,1789543100,1,0,0
ckhtfa5u,3,duzxv1is,4,portfolio,DynamicChoice,1789543107,1,0,0
ckhtfa5u,24,s16bmsk2,2,portfolio,InstructionsRisk,1789543109,1,0,0
ckhtfa5u,11,7abl389c,4,portfolio,DynamicChoice,1789543132,1,0,0
ckhtfa5u,24,s16bmsk2,3,portfolio,ComprehensionRisk,1789543135,1,0,0
ckhtfa5u,7,dwx0my9x,4,portfolio,DynamicChoice,1789543150,1,0,0
ckhtfa5u,12,6kns3oml,4,portfolio,DynamicChoice,1789543157,1,0,0
ckhtfa5u,10,yhliw46v,4,portfolio,DynamicChoice,1789543159,1,0,0
ckhtfa5u,4,znk2pevv,3,portfolio,ComprehensionRisk,1789543218,1,0,0
ckhtfa5u,24,s16bmsk2,4,portfolio,DynamicChoice,1789543244,1,0,0
ckhtfa5u,4,znk2pevv,4,portfolio,DynamicChoice,1789543299,1,0,0
ckhtfa5u,6,z7t2lpyk,5,portfolio,SyncRisk,1789543300,1,0,1
ckhtfa5u,8,uhxz6pjz,5,portfolio,SyncRisk,1789543300,1,0,1
ckhtfa5u,5,rv5b38em,5,portfolio,SyncRisk,1789543300,1,0,1
ckhtfa5u,17,09bse981,5,portfolio,SyncRisk,1789543300,1,0,1
ckhtfa5u,21,21anldsa,5,portfolio,SyncRisk,1789543300,1,0,1
ckhtfa5u,1,msd1f2iu,5,portfolio,SyncRisk,1789543300,1,0,1
ckhtfa5u,25,sjw641j3,5,portfolio,SyncRisk,1789543300,1,0,1
ckhtfa5u,15,grwzfvbr,5,portfolio,SyncRisk,1789543300,1,0,1
ckhtfa5u,22,3mjtjuou,5,portfolio,SyncRisk,1789543300,1,0,1
ckhtfa5u,19,raavz353,5,portfolio,SyncRisk,1789543300,1,0,1
ckhtfa5u,3,duzxv1is,5,portfolio,SyncRisk,1789543300,1,0,1
ckhtfa5u,12,6kns3oml,5,portfolio,SyncRisk,1789543300,1,0,1
ckhtfa5u,9,r39x605k,5,portfolio,SyncRisk,1789543300,1,0,1
ckhtfa5u,2,omrf04k4,5,portfolio,SyncRisk,1789543300,1,0,1
ckhtfa5u,13,pp2e4xx5,5,portfolio,SyncRisk,1789543300,1,0,1
ckhtfa5u,14,jid9ui4f,5,portfolio,SyncRisk,1789543300,1,0,1
ckhtfa5u,20,6rdutaoz,5,portfolio,SyncRisk,1789543300,1,0,1
ckhtfa5u,16,yxcpp681,5,portfolio,SyncRisk,1789543300,1,0,1
ckhtfa5u,10,yhliw46v,5,portfolio,SyncRisk,1789543300,1,0,1
ckhtfa5u,11,7abl389c,5,portfolio,SyncRisk,1789543300,1,0,1
ckhtfa5u,18,2p0bevly,5,portfolio,SyncRisk,1789543300,1,0,1
ckhtfa5u,24,s16bmsk2,5,portfolio,SyncRisk,1789543300,1,0,1
ckhtfa5u,23,5jtwpe9d,5,portfolio,SyncRisk,1789543300,1,0,1
ckhtfa5u,7,dwx0my9x,5,portfolio,SyncRisk,1789543300,1,0,1
ckhtfa5u,4,znk2pevv,5,portfolio,SyncRisk,1789543300,1,0,1
ckhtfa5u,4,znk2pevv,6,portfolio,InstructionsPortfolio,1789543304,1,0,0
ckhtfa5u,17,09bse981,6,portfolio,InstructionsPortfolio,1789543308,1,0,0
ckhtfa5u,22,3mjtjuou,6,portfolio,InstructionsPortfolio,1789543308,1,0,0
ckhtfa5u,5,rv5b38em,6,portfolio,InstructionsPortfolio,1789543309,1,0,0
ckhtfa5u,19,raavz353,6,portfolio,InstructionsPortfolio,1789543313,1,0,0
ckhtfa5u,6,z7t2lpyk,6,portfolio,InstructionsPortfolio,1789543314,1,0,0
ckhtfa5u,16,yxcpp681,6,portfolio,InstructionsPortfolio,1789543316,1,0,0
ckhtfa5u,3,duzxv1is,6,portfolio,InstructionsPortfolio,1789543317,1,0,0
ckhtfa5u,13,pp2e4xx5,6,portfolio,InstructionsPortfolio,1789543318,1,0,0
ckhtfa5u,25,sjw641j3,6,portfolio,InstructionsPortfolio,1789543319,1,0,0
ckhtfa5u,5,rv5b38em,7,portfolio,Page1Experience,1789543319,1,0,0
ckhtfa5u,10,yhliw46v,6,portfolio,InstructionsPortfolio,1789543321,1,0,0
ckhtfa5u,9,r39x605k,6,portfolio,InstructionsPortfolio,1789543321,1,0,0
ckhtfa5u,20,6rdutaoz,6,portfolio,InstructionsPortfolio,1789543321,1,0,0
ckhtfa5u,14,jid9ui4f,6,portfolio,InstructionsPortfolio,1789543322,1,0,0
ckhtfa5u,22,3mjtjuou,7,portfolio,Page1Experience,1789543325,1,0,0
ckhtfa5u,7,dwx0my9x,6,portfolio,InstructionsPortfolio,1789543329,1,0,0
ckhtfa5u,8,uhxz6pjz,6,portfolio,InstructionsPortfolio,1789543331,1,0,0
ckhtfa5u,21,21anldsa,6,portfolio,InstructionsPortfolio,1789543332,1,0,0
ckhtfa5u,6,z7t2lpyk,7,portfolio,Page1Experience,1789543333,1,0,0
ckhtfa5u,24,s16bmsk2,6,portfolio,InstructionsPortfolio,1789543334,1,0,0
ckhtfa5u,1,msd1f2iu,6,portfolio,InstructionsPortfolio,1789543334,1,0,0
ckhtfa5u,16,yxcpp681,7,portfolio,Page1Experience,1789543335,1,0,0
ckhtfa5u,4,znk2pevv,7,portfolio,Page1Experience,1789543337,1,0,0
ckhtfa5u,21,21anldsa,7,portfolio,Page1Experience,1789543340,1,0,0
ckhtfa5u,17,09bse981,7,portfolio,Page1Experience,1789543343,1,0,0
ckhtfa5u,13,pp2e4xx5,7,portfolio,Page1Experience,1789543346,1,0,0
ckhtfa5u,19,raavz353,7,portfolio,Page1Experience,1789543347,1,0,0
ckhtfa5u,25,sjw641j3,7,portfolio,Page1Experience,1789543351,1,0,0
ckhtfa5u,1,msd1f2iu,7,portfolio,Page1Experience,1789543359,1,0,0
ckhtfa5u,14,jid9ui4f,7,portfolio,Page1Experience,1789543364,1,0,0
ckhtfa5u,3,duzxv1is,7,portfolio,Page1Experience,1789543367,1,0,0
ckhtfa5u,15,grwzfvbr,6,portfolio,InstructionsPortfolio,1789543368,1,0,0
ckhtfa5u,2,omrf04k4,6,portfolio,InstructionsPortfolio,1789543369,1,0,0
ckhtfa5u,20,6rdutaoz,7,portfolio,Page1Experience,1789543369,1,0,0
ckhtfa5u,23,5jtwpe9d,6,portfolio,InstructionsPortfolio,1789543373,1,0,0
ckhtfa5u,10,yhliw46v,7,portfolio,Page1Experience,1789543373,1,0,0
ckhtfa5u,9,r39x605k,7,portfolio,Page1Experience,1789543376,1,0,0
ckhtfa5u,18,2p0bevly,6,portfolio,InstructionsPortfolio,1789543381,1,0,0
ckhtfa5u,12,6kns3oml,6,portfolio,InstructionsPortfolio,1789543383,1,0,0
ckhtfa5u,15,grwzfvbr,7,portfolio,Page1Experience,1789543384,1,0,0
ckhtfa5u,24,s16bmsk2,7,portfolio,Page1Experience,1789543384,1,0,0
ckhtfa5u,11,7abl389c,6,portfolio,InstructionsPortfolio,1789543389,1,0,0
ckhtfa5u,7,dwx0my9x,7,portfolio,Page1Experience,1789543397,1,0,0
ckhtfa5u,12,6kns3oml,7,portfolio,Page1Experience,1789543405,1,0,0
ckhtfa5u,8,uhxz6pjz,7,portfolio,Page1Experience,1789543411,1,0,0
ckhtfa5u,23,5jtwpe9d,7,portfolio,Page1Experience,1789543430,1,0,0
ckhtfa5u,11,7abl389c,7,portfolio,Page1Experience,1789543434,1,0,0
ckhtfa5u,2,omrf04k4,7,portfolio,Page1Experience,1789543446,1,0,0
ckhtfa5u,18,2p0bevly,7,portfolio,Page1Experience,1789543485,1,0,0
ckhtfa5u,15,grwzfvbr,8,portfolio,SyncAllocation,1789543485,1,0,1
ckhtfa5u,12,6kns3oml,8,portfolio,SyncAllocation,1789543485,1,0,1
ckhtfa5u,8,uhxz6pjz,8,portfolio,SyncAllocation,1789543485,1,0,1
ckhtfa5u,5,rv5b38em,8,portfolio,SyncAllocation,1789543485,1,0,1
ckhtfa5u,22,3mjtjuou,8,portfolio,SyncAllocation,1789543485,1,0,1
ckhtfa5u,6,z7t2lpyk,8,portfolio,SyncAllocation,1789543485,1,0,1
ckhtfa5u,21,21anldsa,8,portfolio,SyncAllocation,1789543485,1,0,1
ckhtfa5u,17,09bse981,8,portfolio,SyncAllocation,1789543485,1,0,1
ckhtfa5u,19,raavz353,8,portfolio,SyncAllocation,1789543485,1,0,1
ckhtfa5u,25,sjw641j3,8,portfolio,SyncAllocation,1789543485,1,0,1
ckhtfa5u,1,msd1f2iu,8,portfolio,SyncAllocation,1789543485,1,0,1
ckhtfa5u,3,duzxv1is,8,portfolio,SyncAllocation,1789543485,1,0,1
ckhtfa5u,11,7abl389c,8,portfolio,SyncAllocation,1789543485,1,0,1
ckhtfa5u,20,6rdutaoz,8,portfolio,SyncAllocation,1789543485,1,0,1
ckhtfa5u,24,s16bmsk2,8,portfolio,SyncAllocation,1789543485,1,0,1
ckhtfa5u,7,dwx0my9x,8,portfolio,SyncAllocation,1789543485,1,0,1
ckhtfa5u,10,yhliw46v,8,portfolio,SyncAllocation,1789543485,1,0,1
ckhtfa5u,16,yxcpp681,8,portfolio,SyncAllocation,1789543485,1,0,1
ckhtfa5u,4,znk2pevv,8,portfolio,SyncAllocation,1789543485,1,0,1
ckhtfa5u,23,5jtwpe9d,8,portfolio,SyncAllocation,1789543485,1,0,1
ckhtfa5u,9,r39x605k,8,portfolio,SyncAllocation,1789543485,1,0,1
ckhtfa5u,13,pp2e4xx5,8,portfolio,SyncAllocation,1789543485,1,0,1
ckhtfa5u,2,omrf04k4,8,portfolio,SyncAllocation,1789543485,1,0,1
ckhtfa5u,18,2p0bevly,8,portfolio,SyncAllocation,1789543485,1,0,1
ckhtfa5u,14,jid9ui4f,8,portfolio,SyncAllocation,1789543485,1,0,1
ckhtfa5u,22,3mjtjuou,9,portfolio,InstructionsMarket,1789543490,1,0,0
ckhtfa5u,5,rv5b38em,9,portfolio,InstructionsMarket,1789543493,1,0,0
ckhtfa5u,19,raavz353,9,portfolio,InstructionsMarket,1789543494,1,0,0
ckhtfa5u,16,yxcpp681,9,portfolio,InstructionsMarket,1789543499,1,0,0
ckhtfa5u,17,09bse981,9,portfolio,InstructionsMarket,1789543501,1,0,0
ckhtfa5u,13,pp2e4xx5,9,portfolio,InstructionsMarket,1789543507,1,0,0
ckhtfa5u,4,znk2pevv,9,portfolio,InstructionsMarket,1789543508,1,0,0
ckhtfa5u,5,rv5b38em,10,portfolio,ComprehensionMarket,1789543512,1,0,0
ckhtfa5u,8,uhxz6pjz,9,portfolio,InstructionsMarket,1789543516,1,0,0
ckhtfa5u,17,09bse981,10,portfolio,ComprehensionMarket,1789543518,1,0,0
ckhtfa5u,16,yxcpp681,10,portfolio,ComprehensionMarket,1789543523,1,0,0
ckhtfa5u,20,6rdutaoz,9,portfolio,InstructionsMarket,1789543524,1,0,0
ckhtfa5u,21,21anldsa,9,portfolio,InstructionsMarket,1789543525,1,0,0
ckhtfa5u,5,rv5b38em,11,portfolio,InstructionsBeliefs,1789543526,1,0,0
ckhtfa5u,6,z7t2lpyk,9,portfolio,InstructionsMarket,1789543531,1,0,0
ckhtfa5u,22,3mjtjuou,10,portfolio,ComprehensionMarket,1789543532,1,0,0
ckhtfa5u,17,09bse981,11,portfolio,InstructionsBeliefs,1789543532,1,0,0
ckhtfa5u,19,raavz353,10,portfolio,ComprehensionMarket,1789543533,1,0,0
ckhtfa5u,16,yxcpp681,11,portfolio,InstructionsBeliefs,1789543534,1,0,0
ckhtfa5u,22,3mjtjuou,11,portfolio,InstructionsBeliefs,1789543534,1,0,0
ckhtfa5u,20,6rdutaoz,10,portfolio,ComprehensionMarket,1789543535,1,0,0
ckhtfa5u,1,msd1f2iu,9,portfolio,InstructionsMarket,1789543536,1,0,0
ckhtfa5u,19,raavz353,11,portfolio,InstructionsBeliefs,1789543537,1,0,0
ckhtfa5u,8,uhxz6pjz,10,portfolio,ComprehensionMarket,1789543537,1,0,0
ckhtfa5u,4,znk2pevv,10,portfolio,ComprehensionMarket,1789543540,1,0,0
ckhtfa5u,9,r39x605k,9,portfolio,InstructionsMarket,1789543541,1,0,0
ckhtfa5u,6,z7t2lpyk,10,portfolio,ComprehensionMarket,1789543546,1,0,0
ckhtfa5u,14,jid9ui4f,9,portfolio,InstructionsMarket,1789543547,1,0,0
ckhtfa5u,21,21anldsa,10,portfolio,ComprehensionMarket,1789543548,1,0,0
ckhtfa5u,8,uhxz6pjz,11,portfolio,InstructionsBeliefs,1789543551,1,0,0
ckhtfa5u,15,grwzfvbr,9,portfolio,InstructionsMarket,1789543551,1,0,0
ckhtfa5u,9,r39x605k,10,portfolio,ComprehensionMarket,1789543554,1,0,0
ckhtfa5u,25,sjw641j3,9,portfolio,InstructionsMarket,1789543557,1,0,0
ckhtfa5u,3,duzxv1is,9,portfolio,InstructionsMarket,1789543558,1,0,0
ckhtfa5u,1,msd1f2iu,10,portfolio,ComprehensionMarket,1789543558,1,0,0
ckhtfa5u,7,dwx0my9x,9,portfolio,InstructionsMarket,1789543561,1,0,0
ckhtfa5u,14,jid9ui4f,10,portfolio,ComprehensionMarket,1789543562,1,0,0
ckhtfa5u,21,21anldsa,11,portfolio,InstructionsBeliefs,1789543563,1,0,0
ckhtfa5u,22,3mjtjuou,12,portfolio,PageBeliefExpNoExp,1789543572,1,0,0
ckhtfa5u,16,yxcpp681,12,portfolio,PageBeliefExpNoExp,1789543572,1,0,0
ckhtfa5u,3,duzxv1is,10,portfolio,ComprehensionMarket,1789543573,1,0,0
ckhtfa5u,6,z7t2lpyk,11,portfolio,InstructionsBeliefs,1789543581,1,0,0
ckhtfa5u,17,09bse981,12,portfolio,PageBeliefExpNoExp,1789543581,1,0,0
ckhtfa5u,19,raavz353,12,portfolio,PageBeliefExpNoExp,1789543582,1,0,0
ckhtfa5u,16,yxcpp681,13,portfolio,PageOtherBeliefExpNoExp,1789543589,1,0,0
ckhtfa5u,24,s16bmsk2,9,portfolio,InstructionsMarket,1789543594,1,0,0
ckhtfa5u,20,6rdutaoz,11,portfolio,InstructionsBeliefs,1789543594,1,0,0
ckhtfa5u,21,21anldsa,12,portfolio,PageBeliefExpNoExp,1789543597,1,0,0
ckhtfa5u,25,sjw641j3,10,portfolio,ComprehensionMarket,1789543598,1,0,0
ckhtfa5u,5,rv5b38em,12,portfolio,PageBeliefExpNoExp,1789543598,1,0,0
ckhtfa5u,9,r39x605k,11,portfolio,InstructionsBeliefs,1789543600,1,0,0
ckhtfa5u,10,yhliw46v,9,portfolio,InstructionsMarket,1789543600,1,0,0
ckhtfa5u,14,jid9ui4f,11,portfolio,InstructionsBeliefs,1789543606,1,0,0
ckhtfa5u,2,omrf04k4,9,portfolio,InstructionsMarket,1789543608,1,0,0
ckhtfa5u,21,21anldsa,13,portfolio,PageOtherBeliefExpNoExp,1789543611,1,0,0
ckhtfa5u,18,2p0bevly,9,portfolio,InstructionsMarket,1789543614,1,0,0
ckhtfa5u,17,09bse981,13,portfolio,PageOtherBeliefExpNoExp,1789543614,1,0,0
ckhtfa5u,23,5jtwpe9d,9,portfolio,InstructionsMarket,1789543615,1,0,0
ckhtfa5u,24,s16bmsk2,10,portfolio,ComprehensionMarket,1789543616,1,0,0
ckhtfa5u,13,pp2e4xx5,10,portfolio,ComprehensionMarket,1789543616,1,0,0
ckhtfa5u,17,09bse981,14,portfolio,TradingRulesExp,1789543619,1,0,0
ckhtfa5u,21,21anldsa,14,portfolio,TradingRulesExp,1789543619,1,0,0
ckhtfa5u,7,dwx0my9x,10,portfolio,ComprehensionMarket,1789543621,1,0,0
ckhtfa5u,1,msd1f2iu,11,portfolio,InstructionsBeliefs,1789543622,1,0,0
ckhtfa5u,16,yxcpp681,14,portfolio,TradingRulesExp,1789543623,1,0,0
ckhtfa5u,22,3mjtjuou,13,portfolio,PageOtherBeliefExpNoExp,1789543623,1,0,0
ckhtfa5u,15,grwzfvbr,10,portfolio,ComprehensionMarket,1789543624,1,0,0
ckhtfa5u,22,3mjtjuou,14,portfolio,TradingRulesExp,1789543626,1,0,0
ckhtfa5u,5,rv5b38em,13,portfolio,PageOtherBeliefExpNoExp,1789543628,1,0,0
ckhtfa5u,6,z7t2lpyk,12,portfolio,PageBeliefExpNoExp,1789543630,1,0,0
ckhtfa5u,19,raavz353,13,portfolio,PageOtherBeliefExpNoExp,1789543630,1,0,0
ckhtfa5u,5,rv5b38em,14,portfolio,TradingRulesExp,1789543631,1,0,0
ckhtfa5u,19,raavz353,14,portfolio,TradingRulesExp,1789543635,1,0,0
ckhtfa5u,18,2p0bevly,10,portfolio,ComprehensionMarket,1789543638,1,0,0
ckhtfa5u,11,7abl389c,9,portfolio,InstructionsMarket,1789543639,1,0,0
ckhtfa5u,4,znk2pevv,11,portfolio,InstructionsBeliefs,1789543645,1,0,0
ckhtfa5u,10,yhliw46v,10,portfolio,ComprehensionMarket,1789543647,1,0,0
ckhtfa5u,2,omrf04k4,10,portfolio,ComprehensionMarket,1789543650,1,0,0
ckhtfa5u,6,z7t2lpyk,13,portfolio,PageOtherBeliefExpNoExp,1789543652,1,0,0
ckhtfa5u,23,5jtwpe9d,10,portfolio,ComprehensionMarket,1789543658,1,0,0
ckhtfa5u,8,uhxz6pjz,12,portfolio,PageBeliefExpNoExp,1789543666,1,0,0
ckhtfa5u,6,z7t2lpyk,14,portfolio,TradingRulesExp,1789543667,1,0,0
ckhtfa5u,24,s16bmsk2,11,portfolio,InstructionsBeliefs,1789543674,1,0,0
ckhtfa5u,3,duzxv1is,11,portfolio,InstructionsBeliefs,1789543676,1,0,0
ckhtfa5u,11,7abl389c,10,portfolio,ComprehensionMarket,1789543676,1,0,0
ckhtfa5u,20,6rdutaoz,12,portfolio,PageBeliefExpNoExp,1789543676,1,0,0
ckhtfa5u,12,6kns3oml,9,portfolio,InstructionsMarket,1789543685,1,0,0
ckhtfa5u,7,dwx0my9x,11,portfolio,InstructionsBeliefs,1789543686,1,0,0
ckhtfa5u,1,msd1f2iu,12,portfolio,PageBeliefExpNoExp,1789543687,1,0,0
ckhtfa5u,25,sjw641j3,11,portfolio,InstructionsBeliefs,1789543691,1,0,0
ckhtfa5u,12,6kns3oml,10,portfolio,ComprehensionMarket,1789543700,1,0,0
ckhtfa5u,20,6rdutaoz,13,portfolio,PageOtherBeliefExpNoExp,1789543707,1,0,0
ckhtfa5u,20,6rdutaoz,14,portfolio,TradingRulesExp,1789543712,1,0,0
ckhtfa5u,8,uhxz6pjz,13,portfolio,PageOtherBeliefExpNoExp,1789543718,1,0,0
ckhtfa5u,15,grwzfvbr,11,portfolio,InstructionsBeliefs,1789543720,1,0,0
ckhtfa5u,1,msd1f2iu,13,portfolio,PageOtherBeliefExpNoExp,1789543724,1,0,0
ckhtfa5u,18,2p0bevly,11,portfolio,InstructionsBeliefs,1789543724,1,0,0
ckhtfa5u,14,jid9ui4f,12,portfolio,PageBeliefExpNoExp,1789543729,1,0,0
ckhtfa5u,13,pp2e4xx5,11,portfolio,InstructionsBeliefs,1789543730,1,0,0
ckhtfa5u,8,uhxz6pjz,14,portfolio,TradingRulesExp,1789543730,1,0,0
ckhtfa5u,9,r39x605k,12,portfolio,PageBeliefExpNoExp,1789543735,1,0,0
ckhtfa5u,10,yhliw46v,11,portfolio,InstructionsBeliefs,1789543735,1,0,0
ckhtfa5u,2,omrf04k4,11,portfolio,InstructionsBeliefs,1789543739,1,0,0
ckhtfa5u,23,5jtwpe9d,11,portfolio,InstructionsBeliefs,1789543747,1,0,0
ckhtfa5u,1,msd1f2iu,14,portfolio,TradingRulesExp,1789543757,1,0,0
ckhtfa5u,25,sjw641j3,12,portfolio,PageBeliefExpNoExp,1789543764,1,0,0
ckhtfa5u,9,r39x605k,13,portfolio,PageOtherBeliefExpNoExp,1789543768,1,0,0
ckhtfa5u,14,jid9ui4f,13,portfolio,PageOtherBeliefExpNoExp,1789543778,1,0,0
ckhtfa5u,9,r39x605k,14,portfolio,TradingRulesExp,1789543787,1,0,0
ckhtfa5u,10,yhliw46v,12,portfolio,PageBeliefExpNoExp,1789543795,1,0,0
ckhtfa5u,12,6kns3oml,11,portfolio,InstructionsBeliefs,1789543796,1,0,0
ckhtfa5u,3,duzxv1is,12,portfolio,PageBeliefExpNoExp,1789543808,1,0,0
ckhtfa5u,11,7abl389c,11,portfolio,InstructionsBeliefs,1789543812,1,0,0
ckhtfa5u,25,sjw641j3,13,portfolio,PageOtherBeliefExpNoExp,1789543816,1,0,0
ckhtfa5u,15,grwzfvbr,12,portfolio,PageBeliefExpNoExp,1789543817,1,0,0
ckhtfa5u,18,2p0bevly,12,portfolio,PageBeliefExpNoExp,1789543819,1,0,0
ckhtfa5u,15,grwzfvbr,13,portfolio,PageOtherBeliefExpNoExp,1789543845,1,0,0
ckhtfa5u,14,jid9ui4f,14,portfolio,TradingRulesExp,1789543855,1,0,0
ckhtfa5u,10,yhliw46v,13,portfolio,PageOtherBeliefExpNoExp,1789543861,1,0,0
ckhtfa5u,23,5jtwpe9d,12,portfolio,PageBeliefExpNoExp,1789543862,1,0,0
ckhtfa5u,3,duzxv1is,13,portfolio,PageOtherBeliefExpNoExp,1789543865,1,0,0
ckhtfa5u,12,6kns3oml,12,portfolio,PageBeliefExpNoExp,1789543875,1,0,0
ckhtfa5u,13,pp2e4xx5,12,portfolio,PageBeliefExpNoExp,1789543881,1,0,0
ckhtfa5u,11,7abl389c,12,portfolio,PageBeliefExpNoExp,1789543884,1,0,0
ckhtfa5u,12,6kns3oml,13,portfolio,PageOtherBeliefExpNoExp,1789543893,1,0,0
ckhtfa5u,18,2p0bevly,13,portfolio,PageOtherBeliefExpNoExp,1789543896,1,0,0
ckhtfa5u,4,znk2pevv,12,portfolio,PageBeliefExpNoExp,1789543911,1,0,0
ckhtfa5u,25,sjw641j3,14,portfolio,TradingRulesExp,1789543915,1,0,0
ckhtfa5u,2,omrf04k4,12,portfolio,PageBeliefExpNoExp,1789543918,1,0,0
ckhtfa5u,23,5jtwpe9d,13,portfolio,PageOtherBeliefExpNoExp,1789543918,1,0,0
ckhtfa5u,11,7abl389c,13,portfolio,PageOtherBeliefExpNoExp,1789543925,1,0,0
ckhtfa5u,15,grwzfvbr,14,portfolio,TradingRulesExp,1789543932,1,0,0
ckhtfa5u,13,pp2e4xx5,13,portfolio,PageOtherBeliefExpNoExp,1789543949,1,0,0
ckhtfa5u,3,duzxv1is,14,portfolio,TradingRulesExp,1789543952,1,0,0
ckhtfa5u,23,5jtwpe9d,14,portfolio,TradingRulesExp,1789543962,1,0,0
ckhtfa5u,13,pp2e4xx5,14,portfolio,TradingRulesExp,1789543971,1,0,0
ckhtfa5u,4,znk2pevv,13,portfolio,PageOtherBeliefExpNoExp,1789543972,1,0,0
ckhtfa5u,4,znk2pevv,14,portfolio,TradingRulesExp,1789543981,1,0,0
ckhtfa5u,2,omrf04k4,13,portfolio,PageOtherBeliefExpNoExp,1789543983,1,0,0
ckhtfa5u,18,2p0bevly,14,portfolio,TradingRulesExp,1789543984,1,0,0
ckhtfa5u,24,s16bmsk2,12,portfolio,PageBeliefExpNoExp,1789543995,1,0,0
ckhtfa5u,10,yhliw46v,14,portfolio,TradingRulesExp,1789543997,1,0,0
ckhtfa5u,12,6kns3oml,14,portfolio,TradingRulesExp,1789544028,1,0,0
ckhtfa5u,24,s16bmsk2,13,portfolio,PageOtherBeliefExpNoExp,1789544031,1,0,0
ckhtfa5u,2,omrf04k4,14,portfolio,TradingRulesExp,1789544037,1,0,0
ckhtfa5u,7,dwx0my9x,12,portfolio,PageBeliefExpNoExp,1789544048,1,0,0
ckhtfa5u,11,7abl389c,14,portfolio,TradingRulesExp,1789544053,1,0,0
ckhtfa5u,24,s16bmsk2,14,portfolio,TradingRulesExp,1789544081,1,0,0
ckhtfa5u,7,dwx0my9x,13,portfolio,PageOtherBeliefExpNoExp,1789544201,1,0,0
ckhtfa5u,7,dwx0my9x,14,portfolio,TradingRulesExp,1789544210,1,0,0
ckhtfa5u,5,rv5b38em,15,portfolio,SyncTradingRules,1789544210,1,0,1
ckhtfa5u,25,sjw641j3,15,portfolio,SyncTradingRules,1789544210,1,0,1
ckhtfa5u,19,raavz353,15,portfolio,SyncTradingRules,1789544210,1,0,1
ckhtfa5u,6,z7t2lpyk,15,portfolio,SyncTradingRules,1789544210,1,0,1
ckhtfa5u,15,grwzfvbr,15,portfolio,SyncTradingRules,1789544210,1,0,1
ckhtfa5u,3,duzxv1is,15,portfolio,SyncTradingRules,1789544210,1,0,1
ckhtfa5u,21,21anldsa,15,portfolio,SyncTradingRules,1789544210,1,0,1
ckhtfa5u,8,uhxz6pjz,15,portfolio,SyncTradingRules,1789544210,1,0,1
ckhtfa5u,17,09bse981,15,portfolio,SyncTradingRules,1789544210,1,0,1
ckhtfa5u,1,msd1f2iu,15,portfolio,SyncTradingRules,1789544210,1,0,1
ckhtfa5u,12,6kns3oml,15,portfolio,SyncTradingRules,1789544210,1,0,1
ckhtfa5u,22,3mjtjuou,15,portfolio,SyncTradingRules,1789544210,1,0,1
ckhtfa5u,24,s16bmsk2,15,portfolio,SyncTradingRules,1789544210,1,0,1
ckhtfa5u,11,7abl389c,15,portfolio,SyncTradingRules,1789544210,1,0,1
ckhtfa5u,10,yhliw46v,15,portfolio,SyncTradingRules,1789544210,1,0,1
ckhtfa5u,9,r39x605k,15,portfolio,SyncTradingRules,1789544210,1,0,1
ckhtfa5u,2,omrf04k4,15,portfolio,SyncTradingRules,1789544210,1,0,1
ckhtfa5u,4,znk2pevv,15,portfolio,SyncTradingRules,1789544210,1,0,1
ckhtfa5u,14,jid9ui4f,15,portfolio,SyncTradingRules,1789544210,1,0,1
ckhtfa5u,13,pp2e4xx5,15,portfolio,SyncTradingRules,1789544210,1,0,1
ckhtfa5u,20,6rdutaoz,15,portfolio,SyncTradingRules,1789544210,1,0,1
ckhtfa5u,16,yxcpp681,15,portfolio,SyncTradingRules,1789544210,1,0,1
ckhtfa5u,18,2p0bevly,15,portfolio,SyncTradingRules,1789544210,1,0,1
ckhtfa5u,7,dwx0my9x,15,portfolio,SyncTradingRules,1789544210,1,0,1
ckhtfa5u,23,5jtwpe9d,15,portfolio,SyncTradingRules,1789544210,1,0,1
ckhtfa5u,21,21anldsa,16,portfolio,PageBidExperience,1789544225,1,0,0
ckhtfa5u,25,sjw641j3,16,portfolio,PageBidExperience,1789544243,1,0,0
ckhtfa5u,11,7abl389c,16,portfolio,PageBidExperience,1789544247,1,0,0
ckhtfa5u,17,09bse981,16,portfolio,PageBidExperience,1789544252,1,0,0
ckhtfa5u,6,z7t2lpyk,16,portfolio,PageBidExperience,1789544253,1,0,0
ckhtfa5u,22,3mjtjuou,16,portfolio,PageBidExperience,1789544254,1,0,0
ckhtfa5u,14,jid9ui4f,16,portfolio,PageBidExperience,1789544256,1,0,0
ckhtfa5u,16,yxcpp681,16,portfolio,PageBidExperience,1789544258,1,0,0
ckhtfa5u,20,6rdutaoz,16,portfolio,PageBidExperience,1789544260,1,0,0
ckhtfa5u,10,yhliw46v,16,portfolio,PageBidExperience,1789544261,1,0,0
ckhtfa5u,15,grwzfvbr,16,portfolio,PageBidExperience,1789544264,1,0,0
ckhtfa5u,13,pp2e4xx5,16,portfolio,PageBidExperience,1789544267,1,0,0
ckhtfa5u,19,raavz353,16,portfolio,PageBidExperience,1789544269,1,0,0
ckhtfa5u,5,rv5b38em,16,portfolio,PageBidExperience,1789544270,1,0,0
ckhtfa5u,9,r39x605k,16,portfolio,PageBidExperience,1789544273,1,0,0
ckhtfa5u,23,5jtwpe9d,16,portfolio,PageBidExperience,1789544282,1,0,0
ckhtfa5u,8,uhxz6pjz,16,portfolio,PageBidExperience,1789544283,1,0,0
ckhtfa5u,3,duzxv1is,16,portfolio,PageBidExperience,1789544283,1,0,0
ckhtfa5u,1,msd1f2iu,16,portfolio,PageBidExperience,1789544284,1,0,0
ckhtfa5u,18,2p0bevly,16,portfolio,PageBidExperience,1789544290,1,0,0
ckhtfa5u,17,09bse981,25,portfolio,Clearing,1789544290,1,0,1
ckhtfa5u,19,raavz353,25,portfolio,Clearing,1789544290,1,0,1
ckhtfa5u,20,6rdutaoz,25,portfolio,Clearing,1789544290,1,0,1
ckhtfa5u,16,yxcpp681,25,portfolio,Clearing,1789544290,1,0,1
ckhtfa5u,18,2p0bevly,25,portfolio,Clearing,1789544290,1,0,1
ckhtfa5u,24,s16bmsk2,16,portfolio,PageBidExperience,1789544293,1,0,0
ckhtfa5u,21,21anldsa,25,portfolio,Clearing,1789544294,1,0,1
ckhtfa5u,22,3mjtjuou,25,portfolio,Clearing,1789544294,1,0,1
ckhtfa5u,25,sjw641j3,25,portfolio,Clearing,1789544294,1,0,1
ckhtfa5u,24,s16bmsk2,25,portfolio,Clearing,1789544294,1,0,1
ckhtfa5u,23,5jtwpe9d,25,portfolio,Clearing,1789544294,1,0,1
ckhtfa5u,2,omrf04k4,16,portfolio,PageBidExperience,1789544294,1,0,0
ckhtfa5u,12,6kns3oml,16,portfolio,PageBidExperience,1789544295,1,0,0
ckhtfa5u,12,6kns3oml,25,portfolio,Clearing,1789544295,1,0,1
ckhtfa5u,15,grwzfvbr,25,portfolio,Clearing,1789544295,1,0,1
ckhtfa5u,14,jid9ui4f,25,portfolio,Clearing,1789544295,1,0,1
ckhtfa5u,11,7abl389c,25,portfolio,Clearing,1789544295,1,0,1
ckhtfa5u,13,pp2e4xx5,25,portfolio,Clearing,1789544295,1,0,1
ckhtfa5u,7,dwx0my9x,16,portfolio,PageBidExperience,1789544338,1,0,0
ckhtfa5u,6,z7t2lpyk,25,portfolio,Clearing,1789544338,1,0,1
ckhtfa5u,8,uhxz6pjz,25,portfolio,Clearing,1789544338,1,0,1
ckhtfa5u,10,yhliw46v,25,portfolio,Clearing,1789544338,1,0,1
ckhtfa5u,7,dwx0my9x,25,portfolio,Clearing,1789544338,1,0,1
ckhtfa5u,9,r39x605k,25,portfolio,Clearing,1789544338,1,0,1
ckhtfa5u,4,znk2pevv,16,portfolio,PageBidExperience,1789544417,1,0,0
ckhtfa5u,1,msd1f2iu,25,portfolio,Clearing,1789544419,1,0,1
ckhtfa5u,3,duzxv1is,25,portfolio,Clearing,1789544419,1,0,1
ckhtfa5u,5,rv5b38em,25,portfolio,Clearing,1789544419,1,0,1
ckhtfa5u,4,znk2pevv,25,portfolio,Clearing,1789544419,1,0,1
ckhtfa5u,2,omrf04k4,25,portfolio,Clearing,1789544419,1,0,1
ckhtfa5u,1,msd1f2iu,26,portfolio,SyncMarketRound,1789544420,1,0,1
ckhtfa5u,3,duzxv1is,26,portfolio,SyncMarketRound,1789544420,1,0,1
ckhtfa5u,5,rv5b38em,26,portfolio,SyncMarketRound,1789544420,1,0,1
ckhtfa5u,17,09bse981,26,portfolio,SyncMarketRound,1789544420,1,0,1
ckhtfa5u,19,raavz353,26,portfolio,SyncMarketRound,1789544420,1,0,1
ckhtfa5u,20,6rdutaoz,26,portfolio,SyncMarketRound,1789544420,1,0,1
ckhtfa5u,12,6kns3oml,26,portfolio,SyncMarketRound,1789544420,1,0,1
ckhtfa5u,15,grwzfvbr,26,portfolio,SyncMarketRound,1789544420,1,0,1
ckhtfa5u,21,21anldsa,26,portfolio,SyncMarketRound,1789544420,1,0,1
ckhtfa5u,6,z7t2lpyk,26,portfolio,SyncMarketRound,1789544420,1,0,1
ckhtfa5u,22,3mjtjuou,26,portfolio,SyncMarketRound,1789544420,1,0,1
ckhtfa5u,25,sjw641j3,26,portfolio,SyncMarketRound,1789544420,1,0,1
ckhtfa5u,8,uhxz6pjz,26,portfolio,SyncMarketRound,1789544420,1,0,1
ckhtfa5u,10,yhliw46v,26,portfolio,SyncMarketRound,1789544420,1,0,1
ckhtfa5u,24,s16bmsk2,26,portfolio,SyncMarketRound,1789544420,1,0,1
ckhtfa5u,14,jid9ui4f,26,portfolio,SyncMarketRound,1789544420,1,0,1
ckhtfa5u,11,7abl389c,26,portfolio,SyncMarketRound,1789544420,1,0,1
ckhtfa5u,7,dwx0my9x,26,portfolio,SyncMarketRound,1789544420,1,0,1
ckhtfa5u,4,znk2pevv,26,portfolio,SyncMarketRound,1789544420,1,0,1
ckhtfa5u,23,5jtwpe9d,26,portfolio,SyncMarketRound,1789544420,1,0,1
ckhtfa5u,2,omrf04k4,26,portfolio,SyncMarketRound,1789544420,1,0,1
ckhtfa5u,13,pp2e4xx5,26,portfolio,SyncMarketRound,1789544420,1,0,1
ckhtfa5u,16,yxcpp681,26,portfolio,SyncMarketRound,1789544420,1,0,1
ckhtfa5u,9,r39x605k,26,portfolio,SyncMarketRound,1789544420,1,0,1
ckhtfa5u,18,2p0bevly,26,portfolio,SyncMarketRound,1789544420,1,0,1
ckhtfa5u,21,21anldsa,45,portfolio,PageBidExperience,1789544445,2,0,0
ckhtfa5u,22,3mjtjuou,45,portfolio,PageBidExperience,1789544449,2,0,0
ckhtfa5u,14,jid9ui4f,45,portfolio,PageBidExperience,1789544453,2,0,0
ckhtfa5u,16,yxcpp681,45,portfolio,PageBidExperience,1789544454,2,0,0
ckhtfa5u,3,duzxv1is,45,portfolio,PageBidExperience,1789544459,2,0,0
ckhtfa5u,25,sjw641j3,45,portfolio,PageBidExperience,1789544460,2,0,0
ckhtfa5u,15,grwzfvbr,45,portfolio,PageBidExperience,1789544463,2,0,0
ckhtfa5u,8,uhxz6pjz,45,portfolio,PageBidExperience,1789544469,2,0,0
ckhtfa5u,5,rv5b38em,45,portfolio,PageBidExperience,1789544471,2,0,0
ckhtfa5u,17,09bse981,45,portfolio,PageBidExperience,1789544472,2,0,0
ckhtfa5u,12,6kns3oml,45,portfolio,PageBidExperience,1789544472,2,0,0
ckhtfa5u,19,raavz353,45,portfolio,PageBidExperience,1789544474,2,0,0
ckhtfa5u,2,omrf04k4,45,portfolio,PageBidExperience,1789544478,2,0,0
ckhtfa5u,24,s16bmsk2,45,portfolio,PageBidExperience,1789544487,2,0,0
ckhtfa5u,11,7abl389c,45,portfolio,PageBidExperience,1789544490,2,0,0
ckhtfa5u,13,pp2e4xx5,45,portfolio,PageBidExperience,1789544498,2,0,0
ckhtfa5u,11,7abl389c,54,portfolio,Clearing,1789544498,2,0,1
ckhtfa5u,12,6kns3oml,54,portfolio,Clearing,1789544498,2,0,1
ckhtfa5u,13,pp2e4xx5,54,portfolio,Clearing,1789544498,2,0,1
ckhtfa5u,14,jid9ui4f,54,portfolio,Clearing,1789544498,2,0,1
ckhtfa5u,15,grwzfvbr,54,portfolio,Clearing,1789544498,2,0,1
ckhtfa5u,6,z7t2lpyk,45,portfolio,PageBidExperience,1789544500,2,0,0
ckhtfa5u,10,yhliw46v,45,portfolio,PageBidExperience,1789544505,2,0,0
ckhtfa5u,1,msd1f2iu,45,portfolio,PageBidExperience,1789544510,2,0,0
ckhtfa5u,20,6rdutaoz,45,portfolio,PageBidExperience,1789544511,2,0,0
ckhtfa5u,9,r39x605k,45,portfolio,PageBidExperience,1789544514,2,0,0
ckhtfa5u,23,5jtwpe9d,45,portfolio,PageBidExperience,1789544517,2,0,0
ckhtfa5u,21,21anldsa,54,portfolio,Clearing,1789544518,2,0,1
ckhtfa5u,24,s16bmsk2,54,portfolio,Clearing,1789544518,2,0,1
ckhtfa5u,25,sjw641j3,54,portfolio,Clearing,1789544518,2,0,1
ckhtfa5u,23,5jtwpe9d,54,portfolio,Clearing,1789544518,2,0,1
ckhtfa5u,22,3mjtjuou,54,portfolio,Clearing,1789544518,2,0,1
ckhtfa5u,18,2p0bevly,45,portfolio,PageBidExperience,1789544579,2,0,0
ckhtfa5u,16,yxcpp681,54,portfolio,Clearing,1789544579,2,0,1
ckhtfa5u,17,09bse981,54,portfolio,Clearing,1789544579,2,0,1
ckhtfa5u,18,2p0bevly,54,portfolio,Clearing,1789544579,2,0,1
ckhtfa5u,20,6rdutaoz,54,portfolio,Clearing,1789544579,2,0,1
ckhtfa5u,19,raavz353,54,portfolio,Clearing,1789544579,2,0,1
ckhtfa5u,7,dwx0my9x,45,portfolio,PageBidExperience,1789544586,2,0,0
ckhtfa5u,6,z7t2lpyk,54,portfolio,Clearing,1789544586,2,0,1
ckhtfa5u,7,dwx0my9x,54,portfolio,Clearing,1789544586,2,0,1
ckhtfa5u,8,uhxz6pjz,54,portfolio,Clearing,1789544586,2,0,1
ckhtfa5u,9,r39x605k,54,portfolio,Clearing,1789544586,2,0,1
ckhtfa5u,10,yhliw46v,54,portfolio,Clearing,1789544586,2,0,1
ckhtfa5u,4,znk2pevv,45,portfolio,PageBidExperience,1789544623,2,0,0
ckhtfa5u,1,msd1f2iu,54,portfolio,Clearing,1789544623,2,0,1
ckhtfa5u,2,omrf04k4,54,portfolio,Clearing,1789544623,2,0,1
ckhtfa5u,3,duzxv1is,54,portfolio,Clearing,1789544623,2,0,1
ckhtfa5u,4,znk2pevv,54,portfolio,Clearing,1789544623,2,0,1
ckhtfa5u,5,rv5b38em,54,portfolio,Clearing,1789544623,2,0,1
ckhtfa5u,21,21anldsa,55,portfolio,SyncMarketRound,1789544625,2,0,1
ckhtfa5u,24,s16bmsk2,55,portfolio,SyncMarketRound,1789544625,2,0,1
ckhtfa5u,25,sjw641j3,55,portfolio,SyncMarketRound,1789544625,2,0,1
ckhtfa5u,1,msd1f2iu,55,portfolio,SyncMarketRound,1789544625,2,0,1
ckhtfa5u,2,omrf04k4,55,portfolio,SyncMarketRound,1789544625,2,0,1
ckhtfa5u,3,duzxv1is,55,portfolio,SyncMarketRound,1789544625,2,0,1
ckhtfa5u,6,z7t2lpyk,55,portfolio,SyncMarketRound,1789544625,2,0,1
ckhtfa5u,4,znk2pevv,55,portfolio,SyncMarketRound,1789544625,2,0,1
ckhtfa5u,7,dwx0my9x,55,portfolio,SyncMarketRound,1789544625,2,0,1
ckhtfa5u,11,7abl389c,55,portfolio,SyncMarketRound,1789544625,2,0,1
ckhtfa5u,12,6kns3oml,55,portfolio,SyncMarketRound,1789544625,2,0,1
ckhtfa5u,13,pp2e4xx5,55,portfolio,SyncMarketRound,1789544625,2,0,1
ckhtfa5u,14,jid9ui4f,55,portfolio,SyncMarketRound,1789544625,2,0,1
ckhtfa5u,15,grwzfvbr,55,portfolio,SyncMarketRound,1789544625,2,0,1
ckhtfa5u,16,yxcpp681,55,portfolio,SyncMarketRound,1789544625,2,0,1
ckhtfa5u,17,09bse981,55,portfolio,SyncMarketRound,1789544625,2,0,1
ckhtfa5u,18,2p0bevly,55,portfolio,SyncMarketRound,1789544625,2,0,1
ckhtfa5u,8,uhxz6pjz,55,portfolio,SyncMarketRound,1789544625,2,0,1
ckhtfa5u,9,r39x605k,55,portfolio,SyncMarketRound,1789544625,2,0,1
ckhtfa5u,10,yhliw46v,55,portfolio,SyncMarketRound,1789544625,2,0,1
ckhtfa5u,5,rv5b38em,55,portfolio,SyncMarketRound,1789544625,2,0,1
ckhtfa5u,20,6rdutaoz,55,portfolio,SyncMarketRound,1789544625,2,0,1
ckhtfa5u,19,raavz353,55,portfolio,SyncMarketRound,1789544625,2,0,1
ckhtfa5u,23,5jtwpe9d,55,portfolio,SyncMarketRound,1789544625,2,0,1
ckhtfa5u,22,3mjtjuou,55,portfolio,SyncMarketRound,1789544625,2,0,1
ckhtfa5u,12,6kns3oml,74,portfolio,PageBidExperience,1789544652,3,0,0
ckhtfa5u,3,duzxv1is,74,portfolio,PageBidExperience,1789544655,3,0,0
ckhtfa5u,19,raavz353,74,portfolio,PageBidExperience,1789544656,3,0,0
ckhtfa5u,22,3mjtjuou,74,portfolio,PageBidExperience,1789544657,3,0,0
ckhtfa5u,21,21anldsa,74,portfolio,PageBidExperience,1789544657,3,0,0
ckhtfa5u,20,6rdutaoz,74,portfolio,PageBidExperience,1789544661,3,0,0
ckhtfa5u,2,omrf04k4,74,portfolio,PageBidExperience,1789544663,3,0,0
ckhtfa5u,6,z7t2lpyk,74,portfolio,PageBidExperience,1789544666,3,0,0
ckhtfa5u,14,jid9ui4f,74,portfolio,PageBidExperience,1789544671,3,0,0
ckhtfa5u,24,s16bmsk2,74,portfolio,PageBidExperience,1789544676,3,0,0
ckhtfa5u,5,rv5b38em,74,portfolio,PageBidExperience,1789544679,3,0,0
ckhtfa5u,16,yxcpp681,74,portfolio,PageBidExperience,1789544680,3,0,0
ckhtfa5u,8,uhxz6pjz,74,portfolio,PageBidExperience,1789544685,3,0,0
ckhtfa5u,10,yhliw46v,74,portfolio,PageBidExperience,1789544692,3,0,0
ckhtfa5u,9,r39x605k,74,portfolio,PageBidExperience,1789544694,3,0,0
ckhtfa5u,13,pp2e4xx5,74,portfolio,PageBidExperience,1789544700,3,0,0
ckhtfa5u,1,msd1f2iu,74,portfolio,PageBidExperience,1789544706,3,0,0
ckhtfa5u,11,7abl389c,74,portfolio,PageBidExperience,1789544719,3,0,0
ckhtfa5u,17,09bse981,74,portfolio,PageBidExperience,1789544721,3,0,0
ckhtfa5u,25,sjw641j3,74,portfolio,PageBidExperience,1789544726,3,0,0
ckhtfa5u,23,5jtwpe9d,74,portfolio,PageBidExperience,1789544731,3,0,0
ckhtfa5u,22,3mjtjuou,83,portfolio,Clearing,1789544732,3,0,1
ckhtfa5u,23,5jtwpe9d,83,portfolio,Clearing,1789544732,3,0,1
ckhtfa5u,24,s16bmsk2,83,portfolio,Clearing,1789544732,3,0,1
ckhtfa5u,25,sjw641j3,83,portfolio,Clearing,1789544732,3,0,1
ckhtfa5u,21,21anldsa,83,portfolio,Clearing,1789544732,3,0,1
ckhtfa5u,7,dwx0my9x,74,portfolio,PageBidExperience,1789544747,3,0,0
ckhtfa5u,6,z7t2lpyk,83,portfolio,Clearing,1789544748,3,0,1
ckhtfa5u,7,dwx0my9x,83,portfolio,Clearing,1789544748,3,0,1
ckhtfa5u,8,uhxz6pjz,83,portfolio,Clearing,1789544748,3,0,1
ckhtfa5u,9,r39x605k,83,portfolio,Clearing,1789544748,3,0,1
ckhtfa5u,10,yhliw46v,83,portfolio,Clearing,1789544748,3,0,1
ckhtfa5u,18,2p0bevly,74,portfolio,PageBidExperience,1789544785,3,0,0
ckhtfa5u,16,yxcpp681,83,portfolio,Clearing,1789544786,3,0,1
ckhtfa5u,17,09bse981,83,portfolio,Clearing,1789544786,3,0,1
ckhtfa5u,18,2p0bevly,83,portfolio,Clearing,1789544786,3,0,1
ckhtfa5u,19,raavz353,83,portfolio,Clearing,1789544786,3,0,1
ckhtfa5u,20,6rdutaoz,83,portfolio,Clearing,1789544786,3,0,1
ckhtfa5u,4,znk2pevv,74,portfolio,PageBidExperience,1789544805,3,0,0
ckhtfa5u,1,msd1f2iu,83,portfolio,Clearing,1789544807,3,0,1
ckhtfa5u,2,omrf04k4,83,portfolio,Clearing,1789544807,3,0,1
ckhtfa5u,5,rv5b38em,83,portfolio,Clearing,1789544807,3,0,1
ckhtfa5u,3,duzxv1is,83,portfolio,Clearing,1789544807,3,0,1
ckhtfa5u,4,znk2pevv,83,portfolio,Clearing,1789544807,3,0,1
ckhtfa5u,15,grwzfvbr,74,portfolio,PageBidExperience,1789545033,3,0,0
ckhtfa5u,11,7abl389c,83,portfolio,Clearing,1789545034,3,0,1
ckhtfa5u,12,6kns3oml,83,portfolio,Clearing,1789545034,3,0,1
ckhtfa5u,13,pp2e4xx5,83,portfolio,Clearing,1789545034,3,0,1
ckhtfa5u,14,jid9ui4f,83,portfolio,Clearing,1789545034,3,0,1
ckhtfa5u,15,grwzfvbr,83,portfolio,Clearing,1789545034,3,0,1
ckhtfa5u,22,3mjtjuou,84,portfolio,SyncMarketRound,1789545035,3,0,1
ckhtfa5u,23,5jtwpe9d,84,portfolio,SyncMarketRound,1789545035,3,0,1
ckhtfa5u,24,s16bmsk2,84,portfolio,SyncMarketRound,1789545035,3,0,1
ckhtfa5u,25,sjw641j3,84,portfolio,SyncMarketRound,1789545035,3,0,1
ckhtfa5u,11,7abl389c,84,portfolio,SyncMarketRound,1789545035,3,0,1
ckhtfa5u,1,msd1f2iu,84,portfolio,SyncMarketRound,1789545035,3,0,1
ckhtfa5u,6,z7t2lpyk,84,portfolio,SyncMarketRound,1789545035,3,0,1
ckhtfa5u,2,omrf04k4,84,portfolio,SyncMarketRound,1789545035,3,0,1
ckhtfa5u,12,6kns3oml,84,portfolio,SyncMarketRound,1789545035,3,0,1
ckhtfa5u,16,yxcpp681,84,portfolio,SyncMarketRound,1789545035,3,0,1
ckhtfa5u,7,dwx0my9x,84,portfolio,SyncMarketRound,1789545035,3,0,1
ckhtfa5u,5,rv5b38em,84,portfolio,SyncMarketRound,1789545035,3,0,1
ckhtfa5u,3,duzxv1is,84,portfolio,SyncMarketRound,1789545035,3,0,1
ckhtfa5u,17,09bse981,84,portfolio,SyncMarketRound,1789545035,3,0,1
ckhtfa5u,18,2p0bevly,84,portfolio,SyncMarketRound,1789545035,3,0,1
ckhtfa5u,19,raavz353,84,portfolio,SyncMarketRound,1789545035,3,0,1
ckhtfa5u,13,pp2e4xx5,84,portfolio,SyncMarketRound,1789545035,3,0,1
ckhtfa5u,14,jid9ui4f,84,portfolio,SyncMarketRound,1789545035,3,0,1
ckhtfa5u,4,znk2pevv,84,portfolio,SyncMarketRound,1789545035,3,0,1
ckhtfa5u,8,uhxz6pjz,84,portfolio,SyncMarketRound,1789545035,3,0,1
ckhtfa5u,9,r39x605k,84,portfolio,SyncMarketRound,1789545035,3,0,1
ckhtfa5u,21,21anldsa,84,portfolio,SyncMarketRound,1789545035,3,0,1
ckhtfa5u,10,yhliw46v,84,portfolio,SyncMarketRound,1789545035,3,0,1
ckhtfa5u,20,6rdutaoz,84,portfolio,SyncMarketRound,1789545035,3,0,1
ckhtfa5u,15,grwzfvbr,84,portfolio,SyncMarketRound,1789545035,3,0,1
ckhtfa5u,8,uhxz6pjz,103,portfolio,PageBidExperience,1789545056,4,0,0
ckhtfa5u,19,raavz353,103,portfolio,PageBidExperience,1789545057,4,0,0
ckhtfa5u,3,duzxv1is,103,portfolio,PageBidExperience,1789545059,4,0,0
ckhtfa5u,11,7abl389c,103,portfolio,PageBidExperience,1789545059,4,0,0
ckhtfa5u,16,yxcpp681,103,portfolio,PageBidExperience,1789545060,4,0,0
ckhtfa5u,12,6kns3oml,103,portfolio,PageBidExperience,1789545060,4,0,0
ckhtfa5u,21,21anldsa,103,portfolio,PageBidExperience,1789545061,4,0,0
ckhtfa5u,15,grwzfvbr,103,portfolio,PageBidExperience,1789545070,4,0,0
ckhtfa5u,23,5jtwpe9d,103,portfolio,PageBidExperience,1789545075,4,0,0
ckhtfa5u,10,yhliw46v,103,portfolio,PageBidExperience,1789545076,4,0,0
ckhtfa5u,9,r39x605k,103,portfolio,PageBidExperience,1789545079,4,0,0
ckhtfa5u,22,3mjtjuou,103,portfolio,PageBidExperience,1789545079,4,0,0
ckhtfa5u,13,pp2e4xx5,103,portfolio,PageBidExperience,1789545080,4,0,0
ckhtfa5u,24,s16bmsk2,103,portfolio,PageBidExperience,1789545086,4,0,0
ckhtfa5u,5,rv5b38em,103,portfolio,PageBidExperience,1789545088,4,0,0
ckhtfa5u,14,jid9ui4f,103,portfolio,PageBidExperience,1789545088,4,0,0
ckhtfa5u,14,jid9ui4f,112,portfolio,Clearing,1789545088,4,0,1
ckhtfa5u,11,7abl389c,112,portfolio,Clearing,1789545088,4,0,1
ckhtfa5u,12,6kns3oml,112,portfolio,Clearing,1789545088,4,0,1
ckhtfa5u,13,pp2e4xx5,112,portfolio,Clearing,1789545088,4,0,1
ckhtfa5u,15,grwzfvbr,112,portfolio,Clearing,1789545088,4,0,1
ckhtfa5u,2,omrf04k4,103,portfolio,PageBidExperience,1789545093,4,0,0
ckhtfa5u,1,msd1f2iu,103,portfolio,PageBidExperience,1789545094,4,0,0
ckhtfa5u,20,6rdutaoz,103,portfolio,PageBidExperience,1789545111,4,0,0
ckhtfa5u,17,09bse981,103,portfolio,PageBidExperience,1789545136,4,0,0
ckhtfa5u,25,sjw641j3,103,portfolio,PageBidExperience,1789545146,4,0,0
ckhtfa5u,23,5jtwpe9d,112,portfolio,Clearing,1789545147,4,0,1
ckhtfa5u,24,s16bmsk2,112,portfolio,Clearing,1789545147,4,0,1
ckhtfa5u,25,sjw641j3,112,portfolio,Clearing,1789545147,4,0,1
ckhtfa5u,21,21anldsa,112,portfolio,Clearing,1789545147,4,0,1
ckhtfa5u,22,3mjtjuou,112,portfolio,Clearing,1789545147,4,0,1
ckhtfa5u,6,z7t2lpyk,103,portfolio,PageBidExperience,1789545162,4,0,0
ckhtfa5u,18,2p0bevly,103,portfolio,PageBidExperience,1789545205,4,0,0
ckhtfa5u,19,raavz353,112,portfolio,Clearing,1789545206,4,0,1
ckhtfa5u,16,yxcpp681,112,portfolio,Clearing,1789545206,4,0,1
ckhtfa5u,17,09bse981,112,portfolio,Clearing,1789545206,4,0,1
ckhtfa5u,20,6rdutaoz,112,portfolio,Clearing,1789545206,4,0,1
ckhtfa5u,18,2p0bevly,112,portfolio,Clearing,1789545206,4,0,1
ckhtfa5u,4,znk2pevv,103,portfolio,PageBidExperience,1789545241,4,0,0
ckhtfa5u,5,rv5b38em,112,portfolio,Clearing,1789545242,4,0,1
ckhtfa5u,2,omrf04k4,112,portfolio,Clearing,1789545242,4,0,1
ckhtfa5u,1,msd1f2iu,112,portfolio,Clearing,1789545242,4,0,1
ckhtfa5u,3,duzxv1is,112,portfolio,Clearing,1789545242,4,0,1
ckhtfa5u,4,znk2pevv,112,portfolio,Clearing,1789545242,4,0,1
ckhtfa5u,7,dwx0my9x,103,portfolio,PageBidExperience,1789545258,4,0,0
ckhtfa5u,6,z7t2lpyk,112,portfolio,Clearing,1789545259,4,0,1
ckhtfa5u,9,r39x605k,112,portfolio,Clearing,1789545259,4,0,1
ckhtfa5u,7,dwx0my9x,112,portfolio,Clearing,1789545259,4,0,1
ckhtfa5u,8,uhxz6pjz,112,portfolio,Clearing,1789545259,4,0,1
ckhtfa5u,10,yhliw46v,112,portfolio,Clearing,1789545259,4,0,1
ckhtfa5u,19,raavz353,113,portfolio,SyncMarketRound,1789545260,4,0,1
ckhtfa5u,23,5jtwpe9d,113,portfolio,SyncMarketRound,1789545260,4,0,1
ckhtfa5u,24,s16bmsk2,113,portfolio,SyncMarketRound,1789545260,4,0,1
ckhtfa5u,25,sjw641j3,113,portfolio,SyncMarketRound,1789545260,4,0,1
ckhtfa5u,5,rv5b38em,113,portfolio,SyncMarketRound,1789545260,4,0,1
ckhtfa5u,2,omrf04k4,113,portfolio,SyncMarketRound,1789545260,4,0,1
ckhtfa5u,6,z7t2lpyk,113,portfolio,SyncMarketRound,1789545260,4,0,1
ckhtfa5u,9,r39x605k,113,portfolio,SyncMarketRound,1789545260,4,0,1
ckhtfa5u,7,dwx0my9x,113,portfolio,SyncMarketRound,1789545260,4,0,1
ckhtfa5u,8,uhxz6pjz,113,portfolio,SyncMarketRound,1789545260,4,0,1
ckhtfa5u,14,jid9ui4f,113,portfolio,SyncMarketRound,1789545260,4,0,1
ckhtfa5u,11,7abl389c,113,portfolio,SyncMarketRound,1789545260,4,0,1
ckhtfa5u,12,6kns3oml,113,portfolio,SyncMarketRound,1789545260,4,0,1
ckhtfa5u,13,pp2e4xx5,113,portfolio,SyncMarketRound,1789545260,4,0,1
ckhtfa5u,15,grwzfvbr,113,portfolio,SyncMarketRound,1789545260,4,0,1
ckhtfa5u,1,msd1f2iu,113,portfolio,SyncMarketRound,1789545260,4,0,1
ckhtfa5u,3,duzxv1is,113,portfolio,SyncMarketRound,1789545260,4,0,1
ckhtfa5u,4,znk2pevv,113,portfolio,SyncMarketRound,1789545260,4,0,1
ckhtfa5u,10,yhliw46v,113,portfolio,SyncMarketRound,1789545260,4,0,1
ckhtfa5u,21,21anldsa,113,portfolio,SyncMarketRound,1789545260,4,0,1
ckhtfa5u,16,yxcpp681,113,portfolio,SyncMarketRound,1789545260,4,0,1
ckhtfa5u,17,09bse981,113,portfolio,SyncMarketRound,1789545260,4,0,1
ckhtfa5u,20,6rdutaoz,113,portfolio,SyncMarketRound,1789545260,4,0,1
ckhtfa5u,22,3mjtjuou,113,portfolio,SyncMarketRound,1789545260,4,0,1
ckhtfa5u,18,2p0bevly,113,portfolio,SyncMarketRound,1789545260,4,0,1
ckhtfa5u,21,21anldsa,132,portfolio,PageBidExperience,1789545282,5,0,0
ckhtfa5u,16,yxcpp681,132,portfolio,PageBidExperience,1789545288,5,0,0
ckhtfa5u,19,raavz353,132,portfolio,PageBidExperience,1789545290,5,0,0
ckhtfa5u,24,s16bmsk2,132,portfolio,PageBidExperience,1789545294,5,0,0
ckhtfa5u,5,rv5b38em,132,portfolio,PageBidExperience,1789545299,5,0,0
ckhtfa5u,20,6rdutaoz,132,portfolio,PageBidExperience,1789545300,5,0,0
ckhtfa5u,18,2p0bevly,132,portfolio,PageBidExperience,1789545301,5,0,0
ckhtfa5u,11,7abl389c,132,portfolio,PageBidExperience,1789545302,5,0,0
ckhtfa5u,22,3mjtjuou,132,portfolio,PageBidExperience,1789545302,5,0,0
ckhtfa5u,10,yhliw46v,132,portfolio,PageBidExperience,1789545303,5,0,0
ckhtfa5u,12,6kns3oml,132,portfolio,PageBidExperience,1789545306,5,0,0
ckhtfa5u,15,grwzfvbr,132,portfolio,PageBidExperience,1789545307,5,0,0
ckhtfa5u,1,msd1f2iu,132,portfolio,PageBidExperience,1789545309,5,0,0
ckhtfa5u,3,duzxv1is,132,portfolio,PageBidExperience,1789545314,5,0,0
ckhtfa5u,9,r39x605k,132,portfolio,PageBidExperience,1789545321,5,0,0
ckhtfa5u,23,5jtwpe9d,132,portfolio,PageBidExperience,1789545326,5,0,0
ckhtfa5u,25,sjw641j3,132,portfolio,PageBidExperience,1789545333,5,0,0
ckhtfa5u,24,s16bmsk2,141,portfolio,Clearing,1789545333,5,0,1
ckhtfa5u,25,sjw641j3,141,portfolio,Clearing,1789545333,5,0,1
ckhtfa5u,22,3mjtjuou,141,portfolio,Clearing,1789545333,5,0,1
ckhtfa5u,21,21anldsa,141,portfolio,Clearing,1789545333,5,0,1
ckhtfa5u,23,5jtwpe9d,141,portfolio,Clearing,1789545333,5,0,1
ckhtfa5u,14,jid9ui4f,132,portfolio,PageBidExperience,1789545340,5,0,0
ckhtfa5u,13,pp2e4xx5,132,portfolio,PageBidExperience,1789545345,5,0,0
ckhtfa5u,11,7abl389c,141,portfolio,Clearing,1789545346,5,0,1
ckhtfa5u,12,6kns3oml,141,portfolio,Clearing,1789545346,5,0,1
ckhtfa5u,13,pp2e4xx5,141,portfolio,Clearing,1789545346,5,0,1
ckhtfa5u,14,jid9ui4f,141,portfolio,Clearing,1789545346,5,0,1
ckhtfa5u,15,grwzfvbr,141,portfolio,Clearing,1789545346,5,0,1
ckhtfa5u,2,omrf04k4,132,portfolio,PageBidExperience,1789545353,5,0,0
ckhtfa5u,17,09bse981,132,portfolio,PageBidExperience,1789545373,5,0,0
ckhtfa5u,20,6rdutaoz,141,portfolio,Clearing,1789545374,5,0,1
ckhtfa5u,16,yxcpp681,141,portfolio,Clearing,1789545374,5,0,1
ckhtfa5u,17,09bse981,141,portfolio,Clearing,1789545374,5,0,1
ckhtfa5u,18,2p0bevly,141,portfolio,Clearing,1789545374,5,0,1
ckhtfa5u,19,raavz353,141,portfolio,Clearing,1789545374,5,0,1
ckhtfa5u,8,uhxz6pjz,132,portfolio,PageBidExperience,1789545381,5,0,0
ckhtfa5u,6,z7t2lpyk,132,portfolio,PageBidExperience,1789545389,5,0,0
ckhtfa5u,7,dwx0my9x,132,portfolio,PageBidExperience,1789545407,5,0,0
ckhtfa5u,10,yhliw46v,141,portfolio,Clearing,1789545407,5,0,1
ckhtfa5u,6,z7t2lpyk,141,portfolio,Clearing,1789545407,5,0,1
ckhtfa5u,7,dwx0my9x,141,portfolio,Clearing,1789545407,5,0,1
ckhtfa5u,8,uhxz6pjz,141,portfolio,Clearing,1789545407,5,0,1
ckhtfa5u,9,r39x605k,141,portfolio,Clearing,1789545407,5,0,1
ckhtfa5u,4,znk2pevv,132,portfolio,PageBidExperience,1789545466,5,0,0
ckhtfa5u,1,msd1f2iu,141,portfolio,Clearing,1789545467,5,0,1
ckhtfa5u,2,omrf04k4,141,portfolio,Clearing,1789545467,5,0,1
ckhtfa5u,3,duzxv1is,141,portfolio,Clearing,1789545467,5,0,1
ckhtfa5u,4,znk2pevv,141,portfolio,Clearing,1789545467,5,0,1
ckhtfa5u,5,rv5b38em,141,portfolio,Clearing,1789545467,5,0,1
ckhtfa5u,24,s16bmsk2,142,portfolio,SyncMarketRound,1789545468,5,0,1
ckhtfa5u,25,sjw641j3,142,portfolio,SyncMarketRound,1789545468,5,0,1
ckhtfa5u,20,6rdutaoz,142,portfolio,SyncMarketRound,1789545468,5,0,1
ckhtfa5u,10,yhliw46v,142,portfolio,SyncMarketRound,1789545468,5,0,1
ckhtfa5u,1,msd1f2iu,142,portfolio,SyncMarketRound,1789545468,5,0,1
ckhtfa5u,2,omrf04k4,142,portfolio,SyncMarketRound,1789545468,5,0,1
ckhtfa5u,6,z7t2lpyk,142,portfolio,SyncMarketRound,1789545468,5,0,1
ckhtfa5u,7,dwx0my9x,142,portfolio,SyncMarketRound,1789545468,5,0,1
ckhtfa5u,11,7abl389c,142,portfolio,SyncMarketRound,1789545468,5,0,1
ckhtfa5u,22,3mjtjuou,142,portfolio,SyncMarketRound,1789545468,5,0,1
ckhtfa5u,16,yxcpp681,142,portfolio,SyncMarketRound,1789545468,5,0,1
ckhtfa5u,17,09bse981,142,portfolio,SyncMarketRound,1789545468,5,0,1
ckhtfa5u,3,duzxv1is,142,portfolio,SyncMarketRound,1789545468,5,0,1
ckhtfa5u,12,6kns3oml,142,portfolio,SyncMarketRound,1789545468,5,0,1
ckhtfa5u,13,pp2e4xx5,142,portfolio,SyncMarketRound,1789545468,5,0,1
ckhtfa5u,21,21anldsa,142,portfolio,SyncMarketRound,1789545468,5,0,1
ckhtfa5u,23,5jtwpe9d,142,portfolio,SyncMarketRound,1789545468,5,0,1
ckhtfa5u,14,jid9ui4f,142,portfolio,SyncMarketRound,1789545468,5,0,1
ckhtfa5u,15,grwzfvbr,142,portfolio,SyncMarketRound,1789545468,5,0,1
ckhtfa5u,18,2p0bevly,142,portfolio,SyncMarketRound,1789545468,5,0,1
ckhtfa5u,19,raavz353,142,portfolio,SyncMarketRound,1789545468,5,0,1
ckhtfa5u,8,uhxz6pjz,142,portfolio,SyncMarketRound,1789545468,5,0,1
ckhtfa5u,9,r39x605k,142,portfolio,SyncMarketRound,1789545468,5,0,1
ckhtfa5u,4,znk2pevv,142,portfolio,SyncMarketRound,1789545468,5,0,1
ckhtfa5u,5,rv5b38em,142,portfolio,SyncMarketRound,1789545468,5,0,1
ckhtfa5u,22,3mjtjuou,161,portfolio,PageBidExperience,1789545482,6,0,0
ckhtfa5u,1,msd1f2iu,161,portfolio,PageBidExperience,1789545493,6,0,0
ckhtfa5u,21,21anldsa,161,portfolio,PageBidExperience,1789545493,6,0,0
ckhtfa5u,19,raavz353,161,portfolio,PageBidExperience,1789545495,6,0,0
ckhtfa5u,12,6kns3oml,161,portfolio,PageBidExperience,1789545495,6,0,0
ckhtfa5u,20,6rdutaoz,161,portfolio,PageBidExperience,1789545501,6,0,0
ckhtfa5u,15,grwzfvbr,161,portfolio,PageBidExperience,1789545504,6,0,0
ckhtfa5u,13,pp2e4xx5,161,portfolio,PageBidExperience,1789545504,6,0,0
ckhtfa5u,16,yxcpp681,161,portfolio,PageBidExperience,1789545506,6,0,0
ckhtfa5u,23,5jtwpe9d,161,portfolio,PageBidExperience,1789545509,6,0,0
ckhtfa5u,17,09bse981,161,portfolio,PageBidExperience,1789545513,6,0,0
ckhtfa5u,3,duzxv1is,161,portfolio,PageBidExperience,1789545513,6,0,0
ckhtfa5u,9,r39x605k,161,portfolio,PageBidExperience,1789545514,6,0,0
ckhtfa5u,11,7abl389c,161,portfolio,PageBidExperience,1789545515,6,0,0
ckhtfa5u,10,yhliw46v,161,portfolio,PageBidExperience,1789545518,6,0,0
ckhtfa5u,14,jid9ui4f,161,portfolio,PageBidExperience,1789545518,6,0,0
ckhtfa5u,13,pp2e4xx5,170,portfolio,Clearing,1789545519,6,0,1
ckhtfa5u,14,jid9ui4f,170,portfolio,Clearing,1789545519,6,0,1
ckhtfa5u,11,7abl389c,170,portfolio,Clearing,1789545519,6,0,1
ckhtfa5u,12,6kns3oml,170,portfolio,Clearing,1789545519,6,0,1
ckhtfa5u,15,grwzfvbr,170,portfolio,Clearing,1789545519,6,0,1
ckhtfa5u,25,sjw641j3,161,portfolio,PageBidExperience,1789545523,6,0,0
ckhtfa5u,5,rv5b38em,161,portfolio,PageBidExperience,1789545523,6,0,0
ckhtfa5u,24,s16bmsk2,161,portfolio,PageBidExperience,1789545530,6,0,0
ckhtfa5u,22,3mjtjuou,170,portfolio,Clearing,1789545530,6,0,1
ckhtfa5u,23,5jtwpe9d,170,portfolio,Clearing,1789545530,6,0,1
ckhtfa5u,24,s16bmsk2,170,portfolio,Clearing,1789545530,6,0,1
ckhtfa5u,25,sjw641j3,170,portfolio,Clearing,1789545530,6,0,1
ckhtfa5u,21,21anldsa,170,portfolio,Clearing,1789545530,6,0,1
ckhtfa5u,2,omrf04k4,161,portfolio,PageBidExperience,1789545549,6,0,0
ckhtfa5u,6,z7t2lpyk,161,portfolio,PageBidExperience,1789545562,6,0,0
ckhtfa5u,7,dwx0my9x,161,portfolio,PageBidExperience,1789545562,6,0,0
ckhtfa5u,8,uhxz6pjz,161,portfolio,PageBidExperience,1789545570,6,0,0
ckhtfa5u,10,yhliw46v,170,portfolio,Clearing,1789545570,6,0,1
ckhtfa5u,6,z7t2lpyk,170,portfolio,Clearing,1789545570,6,0,1
ckhtfa5u,7,dwx0my9x,170,portfolio,Clearing,1789545570,6,0,1
ckhtfa5u,8,uhxz6pjz,170,portfolio,Clearing,1789545570,6,0,1
ckhtfa5u,9,r39x605k,170,portfolio,Clearing,1789545570,6,0,1
ckhtfa5u,4,znk2pevv,161,portfolio,PageBidExperience,1789545646,6,0,0
ckhtfa5u,1,msd1f2iu,170,portfolio,Clearing,1789545646,6,0,1
ckhtfa5u,2,omrf04k4,170,portfolio,Clearing,1789545646,6,0,1
ckhtfa5u,3,duzxv1is,170,portfolio,Clearing,1789545646,6,0,1
ckhtfa5u,4,znk2pevv,170,portfolio,Clearing,1789545646,6,0,1
ckhtfa5u,5,rv5b38em,170,portfolio,Clearing,1789545646,6,0,1
ckhtfa5u,18,2p0bevly,161,portfolio,PageBidExperience,1789545662,6,0,0
ckhtfa5u,16,yxcpp681,170,portfolio,Clearing,1789545662,6,0,1
ckhtfa5u,17,09bse981,170,portfolio,Clearing,1789545662,6,0,1
ckhtfa5u,18,2p0bevly,170,portfolio,Clearing,1789545662,6,0,1
ckhtfa5u,19,raavz353,170,portfolio,Clearing,1789545662,6,0,1
ckhtfa5u,20,6rdutaoz,170,portfolio,Clearing,1789545662,6,0,1
ckhtfa5u,13,pp2e4xx5,171,portfolio,SyncMarketRound,1789545663,6,0,1
ckhtfa5u,14,jid9ui4f,171,portfolio,SyncMarketRound,1789545663,6,0,1
ckhtfa5u,22,3mjtjuou,171,portfolio,SyncMarketRound,1789545663,6,0,1
ckhtfa5u,23,5jtwpe9d,171,portfolio,SyncMarketRound,1789545663,6,0,1
ckhtfa5u,24,s16bmsk2,171,portfolio,SyncMarketRound,1789545663,6,0,1
ckhtfa5u,25,sjw641j3,171,portfolio,SyncMarketRound,1789545663,6,0,1
ckhtfa5u,10,yhliw46v,171,portfolio,SyncMarketRound,1789545663,6,0,1
ckhtfa5u,1,msd1f2iu,171,portfolio,SyncMarketRound,1789545663,6,0,1
ckhtfa5u,11,7abl389c,171,portfolio,SyncMarketRound,1789545663,6,0,1
ckhtfa5u,12,6kns3oml,171,portfolio,SyncMarketRound,1789545663,6,0,1
ckhtfa5u,2,omrf04k4,171,portfolio,SyncMarketRound,1789545663,6,0,1
ckhtfa5u,3,duzxv1is,171,portfolio,SyncMarketRound,1789545663,6,0,1
ckhtfa5u,4,znk2pevv,171,portfolio,SyncMarketRound,1789545663,6,0,1
ckhtfa5u,6,z7t2lpyk,171,portfolio,SyncMarketRound,1789545663,6,0,1
ckhtfa5u,7,dwx0my9x,171,portfolio,SyncMarketRound,1789545663,6,0,1
ckhtfa5u,8,uhxz6pjz,171,portfolio,SyncMarketRound,1789545663,6,0,1
ckhtfa5u,9,r39x605k,171,portfolio,SyncMarketRound,1789545663,6,0,1
ckhtfa5u,5,rv5b38em,171,portfolio,SyncMarketRound,1789545663,6,0,1
ckhtfa5u,15,grwzfvbr,171,portfolio,SyncMarketRound,1789545663,6,0,1
ckhtfa5u,16,yxcpp681,171,portfolio,SyncMarketRound,1789545663,6,0,1
ckhtfa5u,17,09bse981,171,portfolio,SyncMarketRound,1789545663,6,0,1
ckhtfa5u,18,2p0bevly,171,portfolio,SyncMarketRound,1789545663,6,0,1
ckhtfa5u,19,raavz353,171,portfolio,SyncMarketRound,1789545663,6,0,1
ckhtfa5u,21,21anldsa,171,portfolio,SyncMarketRound,1789545663,6,0,1
ckhtfa5u,20,6rdutaoz,171,portfolio,SyncMarketRound,1789545663,6,0,1
ckhtfa5u,22,3mjtjuou,190,portfolio,PageBidExperience,1789545677,7,0,0
ckhtfa5u,9,r39x605k,190,portfolio,PageBidExperience,1789545680,7,0,0
ckhtfa5u,11,7abl389c,190,portfolio,PageBidExperience,1789545682,7,0,0
ckhtfa5u,21,21anldsa,190,portfolio,PageBidExperience,1789545686,7,0,0
ckhtfa5u,16,yxcpp681,190,portfolio,PageBidExperience,1789545687,7,0,0
ckhtfa5u,24,s16bmsk2,190,portfolio,PageBidExperience,1789545687,7,0,0
ckhtfa5u,12,6kns3oml,190,portfolio,PageBidExperience,1789545689,7,0,0
ckhtfa5u,1,msd1f2iu,190,portfolio,PageBidExperience,1789545692,7,0,0
ckhtfa5u,15,grwzfvbr,190,portfolio,PageBidExperience,1789545693,7,0,0
ckhtfa5u,2,omrf04k4,190,portfolio,PageBidExperience,1789545693,7,0,0
ckhtfa5u,23,5jtwpe9d,190,portfolio,PageBidExperience,1789545694,7,0,0
ckhtfa5u,19,raavz353,190,portfolio,PageBidExperience,1789545694,7,0,0
ckhtfa5u,5,rv5b38em,190,portfolio,PageBidExperience,1789545697,7,0,0
ckhtfa5u,3,duzxv1is,190,portfolio,PageBidExperience,1789545711,7,0,0
ckhtfa5u,18,2p0bevly,190,portfolio,PageBidExperience,1789545715,7,0,0
ckhtfa5u,10,yhliw46v,190,portfolio,PageBidExperience,1789545716,7,0,0
ckhtfa5u,20,6rdutaoz,190,portfolio,PageBidExperience,1789545721,7,0,0
ckhtfa5u,17,09bse981,190,portfolio,PageBidExperience,1789545724,7,0,0
ckhtfa5u,18,2p0bevly,199,portfolio,Clearing,1789545725,7,0,1
ckhtfa5u,19,raavz353,199,portfolio,Clearing,1789545725,7,0,1
ckhtfa5u,20,6rdutaoz,199,portfolio,Clearing,1789545725,7,0,1
ckhtfa5u,16,yxcpp681,199,portfolio,Clearing,1789545725,7,0,1
ckhtfa5u,17,09bse981,199,portfolio,Clearing,1789545725,7,0,1
ckhtfa5u,13,pp2e4xx5,190,portfolio,PageBidExperience,1789545728,7,0,0
ckhtfa5u,14,jid9ui4f,190,portfolio,PageBidExperience,1789545735,7,0,0
ckhtfa5u,13,pp2e4xx5,199,portfolio,Clearing,1789545735,7,0,1
ckhtfa5u,11,7abl389c,199,portfolio,Clearing,1789545735,7,0,1
ckhtfa5u,12,6kns3oml,199,portfolio,Clearing,1789545735,7,0,1
ckhtfa5u,14,jid9ui4f,199,portfolio,Clearing,1789545735,7,0,1
ckhtfa5u,15,grwzfvbr,199,portfolio,Clearing,1789545735,7,0,1
ckhtfa5u,8,uhxz6pjz,190,portfolio,PageBidExperience,1789545737,7,0,0
ckhtfa5u,25,sjw641j3,190,portfolio,PageBidExperience,1789545738,7,0,0
ckhtfa5u,21,21anldsa,199,portfolio,Clearing,1789545738,7,0,1
ckhtfa5u,22,3mjtjuou,199,portfolio,Clearing,1789545738,7,0,1
ckhtfa5u,23,5jtwpe9d,199,portfolio,Clearing,1789545738,7,0,1
ckhtfa5u,24,s16bmsk2,199,portfolio,Clearing,1789545738,7,0,1
ckhtfa5u,25,sjw641j3,199,portfolio,Clearing,1789545738,7,0,1
ckhtfa5u,7,dwx0my9x,190,portfolio,PageBidExperience,1789545743,7,0,0
ckhtfa5u,4,znk2pevv,190,portfolio,PageBidExperience,1789545755,7,0,0
ckhtfa5u,1,msd1f2iu,199,portfolio,Clearing,1789545755,7,0,1
ckhtfa5u,2,omrf04k4,199,portfolio,Clearing,1789545755,7,0,1
ckhtfa5u,3,duzxv1is,199,portfolio,Clearing,1789545755,7,0,1
ckhtfa5u,4,znk2pevv,199,portfolio,Clearing,1789545755,7,0,1
ckhtfa5u,5,rv5b38em,199,portfolio,Clearing,1789545755,7,0,1
ckhtfa5u,6,z7t2lpyk,190,portfolio,PageBidExperience,1789545812,7,0,0
ckhtfa5u,6,z7t2lpyk,199,portfolio,Clearing,1789545812,7,0,1
ckhtfa5u,7,dwx0my9x,199,portfolio,Clearing,1789545812,7,0,1
ckhtfa5u,8,uhxz6pjz,199,portfolio,Clearing,1789545812,7,0,1
ckhtfa5u,9,r39x605k,199,portfolio,Clearing,1789545812,7,0,1
ckhtfa5u,10,yhliw46v,199,portfolio,Clearing,1789545812,7,0,1
ckhtfa5u,18,2p0bevly,200,portfolio,SyncMarketRound,1789545813,7,0,1
ckhtfa5u,19,raavz353,200,portfolio,SyncMarketRound,1789545813,7,0,1
ckhtfa5u,20,6rdutaoz,200,portfolio,SyncMarketRound,1789545813,7,0,1
ckhtfa5u,13,pp2e4xx5,200,portfolio,SyncMarketRound,1789545813,7,0,1
ckhtfa5u,1,msd1f2iu,200,portfolio,SyncMarketRound,1789545813,7,0,1
ckhtfa5u,2,omrf04k4,200,portfolio,SyncMarketRound,1789545813,7,0,1
ckhtfa5u,6,z7t2lpyk,200,portfolio,SyncMarketRound,1789545813,7,0,1
ckhtfa5u,21,21anldsa,200,portfolio,SyncMarketRound,1789545813,7,0,1
ckhtfa5u,7,dwx0my9x,200,portfolio,SyncMarketRound,1789545813,7,0,1
ckhtfa5u,3,duzxv1is,200,portfolio,SyncMarketRound,1789545813,7,0,1
ckhtfa5u,22,3mjtjuou,200,portfolio,SyncMarketRound,1789545813,7,0,1
ckhtfa5u,8,uhxz6pjz,200,portfolio,SyncMarketRound,1789545813,7,0,1
ckhtfa5u,9,r39x605k,200,portfolio,SyncMarketRound,1789545813,7,0,1
ckhtfa5u,11,7abl389c,200,portfolio,SyncMarketRound,1789545813,7,0,1
ckhtfa5u,12,6kns3oml,200,portfolio,SyncMarketRound,1789545813,7,0,1
ckhtfa5u,14,jid9ui4f,200,portfolio,SyncMarketRound,1789545813,7,0,1
ckhtfa5u,16,yxcpp681,200,portfolio,SyncMarketRound,1789545813,7,0,1
ckhtfa5u,17,09bse981,200,portfolio,SyncMarketRound,1789545813,7,0,1
ckhtfa5u,15,grwzfvbr,200,portfolio,SyncMarketRound,1789545813,7,0,1
ckhtfa5u,23,5jtwpe9d,200,portfolio,SyncMarketRound,1789545813,7,0,1
ckhtfa5u,24,s16bmsk2,200,portfolio,SyncMarketRound,1789545813,7,0,1
ckhtfa5u,25,sjw641j3,200,portfolio,SyncMarketRound,1789545813,7,0,1
ckhtfa5u,4,znk2pevv,200,portfolio,SyncMarketRound,1789545813,7,0,1
ckhtfa5u,5,rv5b38em,200,portfolio,SyncMarketRound,1789545813,7,0,1
ckhtfa5u,10,yhliw46v,200,portfolio,SyncMarketRound,1789545813,7,0,1
ckhtfa5u,5,rv5b38em,219,portfolio,PageBidExperience,1789545827,8,0,0
ckhtfa5u,22,3mjtjuou,219,portfolio,PageBidExperience,1789545828,8,0,0
ckhtfa5u,9,r39x605k,219,portfolio,PageBidExperience,1789545833,8,0,0
ckhtfa5u,21,21anldsa,219,portfolio,PageBidExperience,1789545835,8,0,0
ckhtfa5u,24,s16bmsk2,219,portfolio,PageBidExperience,1789545839,8,0,0
ckhtfa5u,2,omrf04k4,219,portfolio,PageBidExperience,1789545840,8,0,0
ckhtfa5u,16,yxcpp681,219,portfolio,PageBidExperience,1789545841,8,0,0
ckhtfa5u,23,5jtwpe9d,219,portfolio,PageBidExperience,1789545844,8,0,0
ckhtfa5u,11,7abl389c,219,portfolio,PageBidExperience,1789545845,8,0,0
ckhtfa5u,19,raavz353,219,portfolio,PageBidExperience,1789545848,8,0,0
ckhtfa5u,18,2p0bevly,219,portfolio,PageBidExperience,1789545848,8,0,0
ckhtfa5u,12,6kns3oml,219,portfolio,PageBidExperience,1789545850,8,0,0
ckhtfa5u,6,z7t2lpyk,219,portfolio,PageBidExperience,1789545851,8,0,0
ckhtfa5u,14,jid9ui4f,219,portfolio,PageBidExperience,1789545853,8,0,0
ckhtfa5u,15,grwzfvbr,219,portfolio,PageBidExperience,1789545858,8,0,0
ckhtfa5u,10,yhliw46v,219,portfolio,PageBidExperience,1789545859,8,0,0
ckhtfa5u,20,6rdutaoz,219,portfolio,PageBidExperience,1789545859,8,0,0
ckhtfa5u,3,duzxv1is,219,portfolio,PageBidExperience,1789545863,8,0,0
ckhtfa5u,13,pp2e4xx5,219,portfolio,PageBidExperience,1789545863,8,0,0
ckhtfa5u,12,6kns3oml,228,portfolio,Clearing,1789545864,8,0,1
ckhtfa5u,13,pp2e4xx5,228,portfolio,Clearing,1789545864,8,0,1
ckhtfa5u,14,jid9ui4f,228,portfolio,Clearing,1789545864,8,0,1
ckhtfa5u,15,grwzfvbr,228,portfolio,Clearing,1789545864,8,0,1
ckhtfa5u,11,7abl389c,228,portfolio,Clearing,1789545864,8,0,1
ckhtfa5u,1,msd1f2iu,219,portfolio,PageBidExperience,1789545864,8,0,0
ckhtfa5u,17,09bse981,219,portfolio,PageBidExperience,1789545870,8,0,0
ckhtfa5u,20,6rdutaoz,228,portfolio,Clearing,1789545871,8,0,1
ckhtfa5u,16,yxcpp681,228,portfolio,Clearing,1789545871,8,0,1
ckhtfa5u,17,09bse981,228,portfolio,Clearing,1789545871,8,0,1
ckhtfa5u,18,2p0bevly,228,portfolio,Clearing,1789545871,8,0,1
ckhtfa5u,19,raavz353,228,portfolio,Clearing,1789545871,8,0,1
ckhtfa5u,25,sjw641j3,219,portfolio,PageBidExperience,1789545876,8,0,0
ckhtfa5u,22,3mjtjuou,228,portfolio,Clearing,1789545876,8,0,1
ckhtfa5u,21,21anldsa,228,portfolio,Clearing,1789545876,8,0,1
ckhtfa5u,23,5jtwpe9d,228,portfolio,Clearing,1789545876,8,0,1
ckhtfa5u,24,s16bmsk2,228,portfolio,Clearing,1789545876,8,0,1
ckhtfa5u,25,sjw641j3,228,portfolio,Clearing,1789545876,8,0,1
ckhtfa5u,8,uhxz6pjz,219,portfolio,PageBidExperience,1789545878,8,0,0
ckhtfa5u,7,dwx0my9x,219,portfolio,PageBidExperience,1789545889,8,0,0
ckhtfa5u,6,z7t2lpyk,228,portfolio,Clearing,1789545889,8,0,1
ckhtfa5u,7,dwx0my9x,228,portfolio,Clearing,1789545889,8,0,1
ckhtfa5u,8,uhxz6pjz,228,portfolio,Clearing,1789545889,8,0,1
ckhtfa5u,9,r39x605k,228,portfolio,Clearing,1789545889,8,0,1
ckhtfa5u,10,yhliw46v,228,portfolio,Clearing,1789545889,8,0,1
ckhtfa5u,4,znk2pevv,219,portfolio,PageBidExperience,1789545899,8,0,0
ckhtfa5u,1,msd1f2iu,228,portfolio,Clearing,1789545899,8,0,1
ckhtfa5u,2,omrf04k4,228,portfolio,Clearing,1789545899,8,0,1
ckhtfa5u,3,duzxv1is,228,portfolio,Clearing,1789545899,8,0,1
ckhtfa5u,4,znk2pevv,228,portfolio,Clearing,1789545899,8,0,1
ckhtfa5u,5,rv5b38em,228,portfolio,Clearing,1789545899,8,0,1
ckhtfa5u,12,6kns3oml,229,portfolio,SyncMarketRound,1789545900,8,0,1
ckhtfa5u,13,pp2e4xx5,229,portfolio,SyncMarketRound,1789545900,8,0,1
ckhtfa5u,14,jid9ui4f,229,portfolio,SyncMarketRound,1789545900,8,0,1
ckhtfa5u,15,grwzfvbr,229,portfolio,SyncMarketRound,1789545900,8,0,1
ckhtfa5u,20,6rdutaoz,229,portfolio,SyncMarketRound,1789545900,8,0,1
ckhtfa5u,22,3mjtjuou,229,portfolio,SyncMarketRound,1789545900,8,0,1
ckhtfa5u,1,msd1f2iu,229,portfolio,SyncMarketRound,1789545900,8,0,1
ckhtfa5u,2,omrf04k4,229,portfolio,SyncMarketRound,1789545900,8,0,1
ckhtfa5u,3,duzxv1is,229,portfolio,SyncMarketRound,1789545900,8,0,1
ckhtfa5u,6,z7t2lpyk,229,portfolio,SyncMarketRound,1789545900,8,0,1
ckhtfa5u,7,dwx0my9x,229,portfolio,SyncMarketRound,1789545900,8,0,1
ckhtfa5u,8,uhxz6pjz,229,portfolio,SyncMarketRound,1789545900,8,0,1
ckhtfa5u,9,r39x605k,229,portfolio,SyncMarketRound,1789545900,8,0,1
ckhtfa5u,4,znk2pevv,229,portfolio,SyncMarketRound,1789545900,8,0,1
ckhtfa5u,5,rv5b38em,229,portfolio,SyncMarketRound,1789545900,8,0,1
ckhtfa5u,10,yhliw46v,229,portfolio,SyncMarketRound,1789545900,8,0,1
ckhtfa5u,21,21anldsa,229,portfolio,SyncMarketRound,1789545900,8,0,1
ckhtfa5u,23,5jtwpe9d,229,portfolio,SyncMarketRound,1789545900,8,0,1
ckhtfa5u,24,s16bmsk2,229,portfolio,SyncMarketRound,1789545900,8,0,1
ckhtfa5u,16,yxcpp681,229,portfolio,SyncMarketRound,1789545900,8,0,1
ckhtfa5u,17,09bse981,229,portfolio,SyncMarketRound,1789545900,8,0,1
ckhtfa5u,25,sjw641j3,229,portfolio,SyncMarketRound,1789545900,8,0,1
ckhtfa5u,18,2p0bevly,229,portfolio,SyncMarketRound,1789545900,8,0,1
ckhtfa5u,11,7abl389c,229,portfolio,SyncMarketRound,1789545900,8,0,1
ckhtfa5u,19,raavz353,229,portfolio,SyncMarketRound,1789545900,8,0,1
ckhtfa5u,21,21anldsa,248,portfolio,PageBidExperience,1789545914,9,0,0
ckhtfa5u,2,omrf04k4,248,portfolio,PageBidExperience,1789545915,9,0,0
ckhtfa5u,5,rv5b38em,248,portfolio,PageBidExperience,1789545916,9,0,0
ckhtfa5u,11,7abl389c,248,portfolio,PageBidExperience,1789545919,9,0,0
ckhtfa5u,19,raavz353,248,portfolio,PageBidExperience,1789545920,9,0,0
ckhtfa5u,12,6kns3oml,248,portfolio,PageBidExperience,1789545921,9,0,0
ckhtfa5u,16,yxcpp681,248,portfolio,PageBidExperience,1789545921,9,0,0
ckhtfa5u,22,3mjtjuou,248,portfolio,PageBidExperience,1789545922,9,0,0
ckhtfa5u,1,msd1f2iu,248,portfolio,PageBidExperience,1789545922,9,0,0
ckhtfa5u,9,r39x605k,248,portfolio,PageBidExperience,1789545930,9,0,0
ckhtfa5u,15,grwzfvbr,248,portfolio,PageBidExperience,1789545930,9,0,0
ckhtfa5u,14,jid9ui4f,248,portfolio,PageBidExperience,1789545933,9,0,0
ckhtfa5u,18,2p0bevly,248,portfolio,PageBidExperience,1789545938,9,0,0
ckhtfa5u,3,duzxv1is,248,portfolio,PageBidExperience,1789545938,9,0,0
ckhtfa5u,23,5jtwpe9d,248,portfolio,PageBidExperience,1789545940,9,0,0
ckhtfa5u,7,dwx0my9x,248,portfolio,PageBidExperience,1789545944,9,0,0
ckhtfa5u,25,sjw641j3,248,portfolio,PageBidExperience,1789545945,9,0,0
ckhtfa5u,10,yhliw46v,248,portfolio,PageBidExperience,1789545945,9,0,0
ckhtfa5u,8,uhxz6pjz,248,portfolio,PageBidExperience,1789545949,9,0,0
ckhtfa5u,13,pp2e4xx5,248,portfolio,PageBidExperience,1789545954,9,0,0
ckhtfa5u,15,grwzfvbr,257,portfolio,Clearing,1789545954,9,0,1
ckhtfa5u,11,7abl389c,257,portfolio,Clearing,1789545954,9,0,1
ckhtfa5u,12,6kns3oml,257,portfolio,Clearing,1789545954,9,0,1
ckhtfa5u,13,pp2e4xx5,257,portfolio,Clearing,1789545954,9,0,1
ckhtfa5u,14,jid9ui4f,257,portfolio,Clearing,1789545954,9,0,1
ckhtfa5u,20,6rdutaoz,248,portfolio,PageBidExperience,1789545957,9,0,0
ckhtfa5u,24,s16bmsk2,248,portfolio,PageBidExperience,1789545968,9,0,0
ckhtfa5u,21,21anldsa,257,portfolio,Clearing,1789545968,9,0,1
ckhtfa5u,22,3mjtjuou,257,portfolio,Clearing,1789545968,9,0,1
ckhtfa5u,23,5jtwpe9d,257,portfolio,Clearing,1789545968,9,0,1
ckhtfa5u,24,s16bmsk2,257,portfolio,Clearing,1789545968,9,0,1
ckhtfa5u,25,sjw641j3,257,portfolio,Clearing,1789545968,9,0,1
ckhtfa5u,6,z7t2lpyk,248,portfolio,PageBidExperience,1789545972,9,0,0
ckhtfa5u,6,z7t2lpyk,257,portfolio,Clearing,1789545972,9,0,1
ckhtfa5u,7,dwx0my9x,257,portfolio,Clearing,1789545972,9,0,1
ckhtfa5u,8,uhxz6pjz,257,portfolio,Clearing,1789545972,9,0,1
ckhtfa5u,9,r39x605k,257,portfolio,Clearing,1789545972,9,0,1
ckhtfa5u,10,yhliw46v,257,portfolio,Clearing,1789545972,9,0,1
ckhtfa5u,17,09bse981,248,portfolio,PageBidExperience,1789545979,9,0,0
ckhtfa5u,20,6rdutaoz,257,portfolio,Clearing,1789545980,9,0,1
ckhtfa5u,16,yxcpp681,257,portfolio,Clearing,1789545980,9,0,1
ckhtfa5u,17,09bse981,257,portfolio,Clearing,1789545980,9,0,1
ckhtfa5u,18,2p0bevly,257,portfolio,Clearing,1789545980,9,0,1
ckhtfa5u,19,raavz353,257,portfolio,Clearing,1789545980,9,0,1
ckhtfa5u,4,znk2pevv,248,portfolio,PageBidExperience,1789545992,9,0,0
ckhtfa5u,1,msd1f2iu,257,portfolio,Clearing,1789545992,9,0,1
ckhtfa5u,2,omrf04k4,257,portfolio,Clearing,1789545992,9,0,1
ckhtfa5u,3,duzxv1is,257,portfolio,Clearing,1789545992,9,0,1
ckhtfa5u,4,znk2pevv,257,portfolio,Clearing,1789545992,9,0,1
ckhtfa5u,5,rv5b38em,257,portfolio,Clearing,1789545992,9,0,1
ckhtfa5u,1,msd1f2iu,258,portfolio,SyncMarketRound,1789545993,9,0,1
ckhtfa5u,15,grwzfvbr,258,portfolio,SyncMarketRound,1789545993,9,0,1
ckhtfa5u,20,6rdutaoz,258,portfolio,SyncMarketRound,1789545993,9,0,1
ckhtfa5u,6,z7t2lpyk,258,portfolio,SyncMarketRound,1789545993,9,0,1
ckhtfa5u,2,omrf04k4,258,portfolio,SyncMarketRound,1789545993,9,0,1
ckhtfa5u,21,21anldsa,258,portfolio,SyncMarketRound,1789545993,9,0,1
ckhtfa5u,3,duzxv1is,258,portfolio,SyncMarketRound,1789545993,9,0,1
ckhtfa5u,7,dwx0my9x,258,portfolio,SyncMarketRound,1789545993,9,0,1
ckhtfa5u,16,yxcpp681,258,portfolio,SyncMarketRound,1789545993,9,0,1
ckhtfa5u,22,3mjtjuou,258,portfolio,SyncMarketRound,1789545993,9,0,1
ckhtfa5u,23,5jtwpe9d,258,portfolio,SyncMarketRound,1789545993,9,0,1
ckhtfa5u,4,znk2pevv,258,portfolio,SyncMarketRound,1789545993,9,0,1
ckhtfa5u,8,uhxz6pjz,258,portfolio,SyncMarketRound,1789545993,9,0,1
ckhtfa5u,17,09bse981,258,portfolio,SyncMarketRound,1789545993,9,0,1
ckhtfa5u,9,r39x605k,258,portfolio,SyncMarketRound,1789545993,9,0,1
ckhtfa5u,18,2p0bevly,258,portfolio,SyncMarketRound,1789545993,9,0,1
ckhtfa5u,19,raavz353,258,portfolio,SyncMarketRound,1789545993,9,0,1
ckhtfa5u,24,s16bmsk2,258,portfolio,SyncMarketRound,1789545993,9,0,1
ckhtfa5u,11,7abl389c,258,portfolio,SyncMarketRound,1789545993,9,0,1
ckhtfa5u,12,6kns3oml,258,portfolio,SyncMarketRound,1789545993,9,0,1
ckhtfa5u,13,pp2e4xx5,258,portfolio,SyncMarketRound,1789545993,9,0,1
ckhtfa5u,14,jid9ui4f,258,portfolio,SyncMarketRound,1789545993,9,0,1
ckhtfa5u,25,sjw641j3,258,portfolio,SyncMarketRound,1789545993,9,0,1
ckhtfa5u,10,yhliw46v,258,portfolio,SyncMarketRound,1789545993,9,0,1
ckhtfa5u,5,rv5b38em,258,portfolio,SyncMarketRound,1789545993,9,0,1
ckhtfa5u,21,21anldsa,277,portfolio,PageBidExperience,1789546008,10,0,0
ckhtfa5u,22,3mjtjuou,277,portfolio,PageBidExperience,1789546009,10,0,0
ckhtfa5u,11,7abl389c,277,portfolio,PageBidExperience,1789546010,10,0,0
ckhtfa5u,17,09bse981,277,portfolio,PageBidExperience,1789546011,10,0,0
ckhtfa5u,5,rv5b38em,277,portfolio,PageBidExperience,1789546014,10,0,0
ckhtfa5u,23,5jtwpe9d,277,portfolio,PageBidExperience,1789546015,10,0,0
ckhtfa5u,19,raavz353,277,portfolio,PageBidExperience,1789546015,10,0,0
ckhtfa5u,15,grwzfvbr,277,portfolio,PageBidExperience,1789546018,10,0,0
ckhtfa5u,20,6rdutaoz,277,portfolio,PageBidExperience,1789546021,10,0,0
ckhtfa5u,16,yxcpp681,277,portfolio,PageBidExperience,1789546023,10,0,0
ckhtfa5u,24,s16bmsk2,277,portfolio,PageBidExperience,1789546024,10,0,0
ckhtfa5u,9,r39x605k,277,portfolio,PageBidExperience,1789546024,10,0,0
ckhtfa5u,25,sjw641j3,277,portfolio,PageBidExperience,1789546026,10,0,0
ckhtfa5u,22,3mjtjuou,286,portfolio,Clearing,1789546027,10,0,1
ckhtfa5u,21,21anldsa,286,portfolio,Clearing,1789546027,10,0,1
ckhtfa5u,23,5jtwpe9d,286,portfolio,Clearing,1789546027,10,0,1
ckhtfa5u,24,s16bmsk2,286,portfolio,Clearing,1789546027,10,0,1
ckhtfa5u,25,sjw641j3,286,portfolio,Clearing,1789546027,10,0,1
ckhtfa5u,3,duzxv1is,277,portfolio,PageBidExperience,1789546028,10,0,0
ckhtfa5u,14,jid9ui4f,277,portfolio,PageBidExperience,1789546032,10,0,0
ckhtfa5u,13,pp2e4xx5,277,portfolio,PageBidExperience,1789546033,10,0,0
ckhtfa5u,10,yhliw46v,277,portfolio,PageBidExperience,1789546036,10,0,0
ckhtfa5u,1,msd1f2iu,277,portfolio,PageBidExperience,1789546038,10,0,0
ckhtfa5u,8,uhxz6pjz,277,portfolio,PageBidExperience,1789546045,10,0,0
ckhtfa5u,12,6kns3oml,277,portfolio,PageBidExperience,1789546047,10,0,0
ckhtfa5u,14,jid9ui4f,286,portfolio,Clearing,1789546047,10,0,1
ckhtfa5u,15,grwzfvbr,286,portfolio,Clearing,1789546047,10,0,1
ckhtfa5u,11,7abl389c,286,portfolio,Clearing,1789546047,10,0,1
ckhtfa5u,12,6kns3oml,286,portfolio,Clearing,1789546047,10,0,1
ckhtfa5u,13,pp2e4xx5,286,portfolio,Clearing,1789546047,10,0,1
ckhtfa5u,18,2p0bevly,277,portfolio,PageBidExperience,1789546049,10,0,0
ckhtfa5u,20,6rdutaoz,286,portfolio,Clearing,1789546049,10,0,1
ckhtfa5u,16,yxcpp681,286,portfolio,Clearing,1789546049,10,0,1
ckhtfa5u,17,09bse981,286,portfolio,Clearing,1789546049,10,0,1
ckhtfa5u,18,2p0bevly,286,portfolio,Clearing,1789546049,10,0,1
ckhtfa5u,19,raavz353,286,portfolio,Clearing,1789546049,10,0,1
ckhtfa5u,7,dwx0my9x,277,portfolio,PageBidExperience,1789546053,10,0,0
ckhtfa5u,6,z7t2lpyk,277,portfolio,PageBidExperience,1789546058,10,0,0
ckhtfa5u,7,dwx0my9x,286,portfolio,Clearing,1789546059,10,0,1
ckhtfa5u,6,z7t2lpyk,286,portfolio,Clearing,1789546059,10,0,1
ckhtfa5u,8,uhxz6pjz,286,portfolio,Clearing,1789546059,10,0,1
ckhtfa5u,9,r39x605k,286,portfolio,Clearing,1789546059,10,0,1
ckhtfa5u,10,yhliw46v,286,portfolio,Clearing,1789546059,10,0,1
ckhtfa5u,2,omrf04k4,277,portfolio,PageBidExperience,1789546064,10,0,0
ckhtfa5u,4,znk2pevv,277,portfolio,PageBidExperience,1789546106,10,0,0
ckhtfa5u,5,rv5b38em,286,portfolio,Clearing,1789546106,10,0,1
ckhtfa5u,1,msd1f2iu,286,portfolio,Clearing,1789546106,10,0,1
ckhtfa5u,2,omrf04k4,286,portfolio,Clearing,1789546106,10,0,1
ckhtfa5u,3,duzxv1is,286,portfolio,Clearing,1789546106,10,0,1
ckhtfa5u,4,znk2pevv,286,portfolio,Clearing,1789546106,10,0,1
ckhtfa5u,22,3mjtjuou,287,portfolio,SyncMarketRound,1789546107,10,0,1
ckhtfa5u,21,21anldsa,287,portfolio,SyncMarketRound,1789546107,10,0,1
ckhtfa5u,23,5jtwpe9d,287,portfolio,SyncMarketRound,1789546107,10,0,1
ckhtfa5u,24,s16bmsk2,287,portfolio,SyncMarketRound,1789546107,10,0,1
ckhtfa5u,25,sjw641j3,287,portfolio,SyncMarketRound,1789546107,10,0,1
ckhtfa5u,14,jid9ui4f,287,portfolio,SyncMarketRound,1789546107,10,0,1
ckhtfa5u,20,6rdutaoz,287,portfolio,SyncMarketRound,1789546107,10,0,1
ckhtfa5u,7,dwx0my9x,287,portfolio,SyncMarketRound,1789546107,10,0,1
ckhtfa5u,5,rv5b38em,287,portfolio,SyncMarketRound,1789546107,10,0,1
ckhtfa5u,6,z7t2lpyk,287,portfolio,SyncMarketRound,1789546107,10,0,1
ckhtfa5u,1,msd1f2iu,287,portfolio,SyncMarketRound,1789546107,10,0,1
ckhtfa5u,2,omrf04k4,287,portfolio,SyncMarketRound,1789546107,10,0,1
ckhtfa5u,3,duzxv1is,287,portfolio,SyncMarketRound,1789546107,10,0,1
ckhtfa5u,4,znk2pevv,287,portfolio,SyncMarketRound,1789546107,10,0,1
ckhtfa5u,8,uhxz6pjz,287,portfolio,SyncMarketRound,1789546107,10,0,1
ckhtfa5u,9,r39x605k,287,portfolio,SyncMarketRound,1789546107,10,0,1
ckhtfa5u,16,yxcpp681,287,portfolio,SyncMarketRound,1789546107,10,0,1
ckhtfa5u,10,yhliw46v,287,portfolio,SyncMarketRound,1789546107,10,0,1
ckhtfa5u,15,grwzfvbr,287,portfolio,SyncMarketRound,1789546107,10,0,1
ckhtfa5u,17,09bse981,287,portfolio,SyncMarketRound,1789546107,10,0,1
ckhtfa5u,18,2p0bevly,287,portfolio,SyncMarketRound,1789546107,10,0,1
ckhtfa5u,11,7abl389c,287,portfolio,SyncMarketRound,1789546107,10,0,1
ckhtfa5u,12,6kns3oml,287,portfolio,SyncMarketRound,1789546107,10,0,1
ckhtfa5u,13,pp2e4xx5,287,portfolio,SyncMarketRound,1789546107,10,0,1
ckhtfa5u,19,raavz353,287,portfolio,SyncMarketRound,1789546107,10,0,1
ckhtfa5u,1,msd1f2iu,288,portfolio,PageHistoryExperience,1789546116,10,0,0
ckhtfa5u,16,yxcpp681,288,portfolio,PageHistoryExperience,1789546117,10,0,0
ckhtfa5u,22,3mjtjuou,288,portfolio,PageHistoryExperience,1789546117,10,0,0
ckhtfa5u,23,5jtwpe9d,288,portfolio,PageHistoryExperience,1789546118,10,0,0
ckhtfa5u,22,3mjtjuou,307,portfolio,InstructionsGender,1789546119,11,0,0
ckhtfa5u,21,21anldsa,288,portfolio,PageHistoryExperience,1789546120,10,0,0
ckhtfa5u,3,duzxv1is,288,portfolio,PageHistoryExperience,1789546120,10,0,0
ckhtfa5u,7,dwx0my9x,288,portfolio,PageHistoryExperience,1789546120,10,0,0
ckhtfa5u,9,r39x605k,288,portfolio,PageHistoryExperience,1789546120,10,0,0
ckhtfa5u,14,jid9ui4f,288,portfolio,PageHistoryExperience,1789546121,10,0,0
ckhtfa5u,5,rv5b38em,288,portfolio,PageHistoryExperience,1789546122,10,0,0
ckhtfa5u,10,yhliw46v,288,portfolio,PageHistoryExperience,1789546122,10,0,0
ckhtfa5u,19,raavz353,288,portfolio,PageHistoryExperience,1789546122,10,0,0
ckhtfa5u,24,s16bmsk2,288,portfolio,PageHistoryExperience,1789546123,10,0,0
ckhtfa5u,11,7abl389c,288,portfolio,PageHistoryExperience,1789546123,10,0,0
ckhtfa5u,1,msd1f2iu,307,portfolio,InstructionsGender,1789546123,11,0,0
ckhtfa5u,21,21anldsa,307,portfolio,InstructionsGender,1789546124,11,0,0
ckhtfa5u,3,duzxv1is,307,portfolio,InstructionsGender,1789546125,11,0,0
ckhtfa5u,25,sjw641j3,288,portfolio,PageHistoryExperience,1789546125,10,0,0
ckhtfa5u,2,omrf04k4,288,portfolio,PageHistoryExperience,1789546126,10,0,0
ckhtfa5u,6,z7t2lpyk,288,portfolio,PageHistoryExperience,1789546126,10,0,0
ckhtfa5u,5,rv5b38em,307,portfolio,InstructionsGender,1789546127,11,0,0
ckhtfa5u,8,uhxz6pjz,288,portfolio,PageHistoryExperience,1789546127,10,0,0
ckhtfa5u,9,r39x605k,307,portfolio,InstructionsGender,1789546128,11,0,0
ckhtfa5u,18,2p0bevly,288,portfolio,PageHistoryExperience,1789546128,10,0,0
ckhtfa5u,19,raavz353,307,portfolio,InstructionsGender,1789546129,11,0,0
ckhtfa5u,24,s16bmsk2,307,portfolio,InstructionsGender,1789546130,11,0,0
ckhtfa5u,20,6rdutaoz,288,portfolio,PageHistoryExperience,1789546130,10,0,0
ckhtfa5u,6,z7t2lpyk,307,portfolio,InstructionsGender,1789546131,11,0,0
ckhtfa5u,8,uhxz6pjz,307,portfolio,InstructionsGender,1789546132,11,0,0
ckhtfa5u,12,6kns3oml,288,portfolio,PageHistoryExperience,1789546133,10,0,0
ckhtfa5u,20,6rdutaoz,307,portfolio,InstructionsGender,1789546134,11,0,0
ckhtfa5u,19,raavz353,308,portfolio,Page2GenderExp,1789546135,11,0,0
ckhtfa5u,17,09bse981,288,portfolio,PageHistoryExperience,1789546135,10,0,0
ckhtfa5u,14,jid9ui4f,307,portfolio,InstructionsGender,1789546137,11,0,0
ckhtfa5u,22,3mjtjuou,308,portfolio,Page2GenderExp,1789546137,11,0,0
ckhtfa5u,5,rv5b38em,308,portfolio,Page2GenderExp,1789546138,11,0,0
ckhtfa5u,21,21anldsa,308,portfolio,Page2GenderExp,1789546139,11,0,0
ckhtfa5u,24,s16bmsk2,308,portfolio,Page2GenderExp,1789546140,11,0,0
ckhtfa5u,3,duzxv1is,308,portfolio,Page2GenderExp,1789546140,11,0,0
ckhtfa5u,25,sjw641j3,307,portfolio,InstructionsGender,1789546142,11,0,0
ckhtfa5u,15,grwzfvbr,288,portfolio,PageHistoryExperience,1789546142,10,0,0
ckhtfa5u,6,z7t2lpyk,308,portfolio,Page2GenderExp,1789546143,11,0,0
ckhtfa5u,13,pp2e4xx5,288,portfolio,PageHistoryExperience,1789546143,10,0,0
ckhtfa5u,4,znk2pevv,288,portfolio,PageHistoryExperience,1789546143,10,0,0
ckhtfa5u,10,yhliw46v,307,portfolio,InstructionsGender,1789546144,11,0,0
ckhtfa5u,16,yxcpp681,307,portfolio,InstructionsGender,1789546144,11,0,0
ckhtfa5u,12,6kns3oml,307,portfolio,InstructionsGender,1789546144,11,0,0
ckhtfa5u,9,r39x605k,308,portfolio,Page2GenderExp,1789546145,11,0,0
ckhtfa5u,13,pp2e4xx5,307,portfolio,InstructionsGender,1789546145,11,0,0
ckhtfa5u,23,5jtwpe9d,307,portfolio,InstructionsGender,1789546146,11,0,0
ckhtfa5u,18,2p0bevly,307,portfolio,InstructionsGender,1789546149,11,0,0
ckhtfa5u,20,6rdutaoz,308,portfolio,Page2GenderExp,1789546151,11,0,0
ckhtfa5u,4,znk2pevv,307,portfolio,InstructionsGender,1789546151,11,0,0
ckhtfa5u,2,omrf04k4,307,portfolio,InstructionsGender,1789546152,11,0,0
ckhtfa5u,16,yxcpp681,308,portfolio,Page2GenderExp,1789546156,11,0,0
ckhtfa5u,11,7abl389c,307,portfolio,InstructionsGender,1789546157,11,0,0
ckhtfa5u,13,pp2e4xx5,308,portfolio,Page2GenderExp,1789546158,11,0,0
ckhtfa5u,14,jid9ui4f,308,portfolio,Page2GenderExp,1789546161,11,0,0
ckhtfa5u,17,09bse981,307,portfolio,InstructionsGender,1789546163,11,0,0
ckhtfa5u,1,msd1f2iu,308,portfolio,Page2GenderExp,1789546164,11,0,0
ckhtfa5u,23,5jtwpe9d,308,portfolio,Page2GenderExp,1789546165,11,0,0
ckhtfa5u,12,6kns3oml,308,portfolio,Page2GenderExp,1789546168,11,0,0
ckhtfa5u,8,uhxz6pjz,308,portfolio,Page2GenderExp,1789546169,11,0,0
ckhtfa5u,15,grwzfvbr,307,portfolio,InstructionsGender,1789546178,11,0,0
ckhtfa5u,7,dwx0my9x,307,portfolio,InstructionsGender,1789546178,11,0,0
ckhtfa5u,18,2p0bevly,308,portfolio,Page2GenderExp,1789546184,11,0,0
ckhtfa5u,17,09bse981,308,portfolio,Page2GenderExp,1789546185,11,0,0
ckhtfa5u,2,omrf04k4,308,portfolio,Page2GenderExp,1789546185,11,0,0
ckhtfa5u,4,znk2pevv,308,portfolio,Page2GenderExp,1789546200,11,0,0
ckhtfa5u,25,sjw641j3,308,portfolio,Page2GenderExp,1789546201,11,0,0
ckhtfa5u,11,7abl389c,308,portfolio,Page2GenderExp,1789546202,11,0,0
ckhtfa5u,10,yhliw46v,308,portfolio,Page2GenderExp,1789546208,11,0,0
ckhtfa5u,15,grwzfvbr,308,portfolio,Page2GenderExp,1789546216,11,0,0
ckhtfa5u,7,dwx0my9x,308,portfolio,Page2GenderExp,1789546235,11,0,0
ckhtfa5u,19,raavz353,309,portfolio,SyncGenderAllocation,1789546235,11,0,1
ckhtfa5u,22,3mjtjuou,309,portfolio,SyncGenderAllocation,1789546235,11,0,1
ckhtfa5u,5,rv5b38em,309,portfolio,SyncGenderAllocation,1789546235,11,0,1
ckhtfa5u,21,21anldsa,309,portfolio,SyncGenderAllocation,1789546235,11,0,1
ckhtfa5u,24,s16bmsk2,309,portfolio,SyncGenderAllocation,1789546235,11,0,1
ckhtfa5u,3,duzxv1is,309,portfolio,SyncGenderAllocation,1789546235,11,0,1
ckhtfa5u,6,z7t2lpyk,309,portfolio,SyncGenderAllocation,1789546235,11,0,1
ckhtfa5u,9,r39x605k,309,portfolio,SyncGenderAllocation,1789546235,11,0,1
ckhtfa5u,20,6rdutaoz,309,portfolio,SyncGenderAllocation,1789546235,11,0,1
ckhtfa5u,16,yxcpp681,309,portfolio,SyncGenderAllocation,1789546235,11,0,1
ckhtfa5u,13,pp2e4xx5,309,portfolio,SyncGenderAllocation,1789546235,11,0,1
ckhtfa5u,14,jid9ui4f,309,portfolio,SyncGenderAllocation,1789546235,11,0,1
ckhtfa5u,1,msd1f2iu,309,portfolio,SyncGenderAllocation,1789546235,11,0,1
ckhtfa5u,23,5jtwpe9d,309,portfolio,SyncGenderAllocation,1789546235,11,0,1
ckhtfa5u,12,6kns3oml,309,portfolio,SyncGenderAllocation,1789546235,11,0,1
ckhtfa5u,8,uhxz6pjz,309,portfolio,SyncGenderAllocation,1789546235,11,0,1
ckhtfa5u,18,2p0bevly,309,portfolio,SyncGenderAllocation,1789546235,11,0,1
ckhtfa5u,17,09bse981,309,portfolio,SyncGenderAllocation,1789546235,11,0,1
ckhtfa5u,2,omrf04k4,309,portfolio,SyncGenderAllocation,1789546235,11,0,1
ckhtfa5u,4,znk2pevv,309,portfolio,SyncGenderAllocation,1789546235,11,0,1
ckhtfa5u,25,sjw641j3,309,portfolio,SyncGenderAllocation,1789546235,11,0,1
ckhtfa5u,11,7abl389c,309,portfolio,SyncGenderAllocation,1789546235,11,0,1
ckhtfa5u,10,yhliw46v,309,portfolio,SyncGenderAllocation,1789546235,11,0,1
ckhtfa5u,15,grwzfvbr,309,portfolio,SyncGenderAllocation,1789546235,11,0,1
ckhtfa5u,7,dwx0my9x,309,portfolio,SyncGenderAllocation,1789546235,11,0,1
ckhtfa5u,21,21anldsa,310,portfolio,PageBeliefElicitation,1789546253,11,0,0
ckhtfa5u,13,pp2e4xx5,310,portfolio,PageBeliefElicitation,1789546262,11,0,0
ckhtfa5u,3,duzxv1is,310,portfolio,PageBeliefElicitation,1789546273,11,0,0
ckhtfa5u,16,yxcpp681,310,portfolio,PageBeliefElicitation,1789546275,11,0,0
ckhtfa5u,10,yhliw46v,310,portfolio,PageBeliefElicitation,1789546279,11,0,0
ckhtfa5u,5,rv5b38em,310,portfolio,PageBeliefElicitation,1789546280,11,0,0
ckhtfa5u,13,pp2e4xx5,311,portfolio,PageOtherBeliefElicitation,1789546281,11,0,0
ckhtfa5u,21,21anldsa,311,portfolio,PageOtherBeliefElicitation,1789546282,11,0,0
ckhtfa5u,8,uhxz6pjz,310,portfolio,PageBeliefElicitation,1789546283,11,0,0
ckhtfa5u,24,s16bmsk2,310,portfolio,PageBeliefElicitation,1789546285,11,0,0
ckhtfa5u,11,7abl389c,310,portfolio,PageBeliefElicitation,1789546285,11,0,0
ckhtfa5u,13,pp2e4xx5,312,portfolio,TradingRulesGender,1789546286,11,0,0
ckhtfa5u,3,duzxv1is,311,portfolio,PageOtherBeliefElicitation,1789546287,11,0,0
ckhtfa5u,6,z7t2lpyk,310,portfolio,PageBeliefElicitation,1789546288,11,0,0
ckhtfa5u,21,21anldsa,312,portfolio,TradingRulesGender,1789546290,11,0,0
ckhtfa5u,3,duzxv1is,312,portfolio,TradingRulesGender,1789546290,11,0,0
ckhtfa5u,5,rv5b38em,311,portfolio,PageOtherBeliefElicitation,1789546291,11,0,0
ckhtfa5u,20,6rdutaoz,310,portfolio,PageBeliefElicitation,1789546291,11,0,0
ckhtfa5u,22,3mjtjuou,310,portfolio,PageBeliefElicitation,1789546293,11,0,0
ckhtfa5u,5,rv5b38em,312,portfolio,TradingRulesGender,1789546294,11,0,0
ckhtfa5u,10,yhliw46v,311,portfolio,PageOtherBeliefElicitation,1789546294,11,0,0
ckhtfa5u,15,grwzfvbr,310,portfolio,PageBeliefElicitation,1789546296,11,0,0
ckhtfa5u,10,yhliw46v,312,portfolio,TradingRulesGender,1789546299,11,0,0
ckhtfa5u,6,z7t2lpyk,311,portfolio,PageOtherBeliefElicitation,1789546299,11,0,0
ckhtfa5u,17,09bse981,310,portfolio,PageBeliefElicitation,1789546301,11,0,0
ckhtfa5u,24,s16bmsk2,311,portfolio,PageOtherBeliefElicitation,1789546303,11,0,0
ckhtfa5u,6,z7t2lpyk,312,portfolio,TradingRulesGender,1789546305,11,0,0
ckhtfa5u,11,7abl389c,311,portfolio,PageOtherBeliefElicitation,1789546306,11,0,0
ckhtfa5u,24,s16bmsk2,312,portfolio,TradingRulesGender,1789546306,11,0,0
ckhtfa5u,2,omrf04k4,310,portfolio,PageBeliefElicitation,1789546307,11,0,0
ckhtfa5u,25,sjw641j3,310,portfolio,PageBeliefElicitation,1789546308,11,0,0
ckhtfa5u,15,grwzfvbr,311,portfolio,PageOtherBeliefElicitation,1789546310,11,0,0
ckhtfa5u,19,raavz353,310,portfolio,PageBeliefElicitation,1789546311,11,0,0
ckhtfa5u,9,r39x605k,310,portfolio,PageBeliefElicitation,1789546311,11,0,0
ckhtfa5u,11,7abl389c,312,portfolio,TradingRulesGender,1789546315,11,0,0
ckhtfa5u,12,6kns3oml,310,portfolio,PageBeliefElicitation,1789546321,11,0,0
ckhtfa5u,22,3mjtjuou,311,portfolio,PageOtherBeliefElicitation,1789546321,11,0,0
ckhtfa5u,18,2p0bevly,310,portfolio,PageBeliefElicitation,1789546321,11,0,0
ckhtfa5u,14,jid9ui4f,310,portfolio,PageBeliefElicitation,1789546325,11,0,0
ckhtfa5u,9,r39x605k,311,portfolio,PageOtherBeliefElicitation,1789546326,11,0,0
ckhtfa5u,1,msd1f2iu,310,portfolio,PageBeliefElicitation,1789546330,11,0,0
ckhtfa5u,9,r39x605k,312,portfolio,TradingRulesGender,1789546331,11,0,0
ckhtfa5u,22,3mjtjuou,312,portfolio,TradingRulesGender,1789546332,11,0,0
ckhtfa5u,19,raavz353,311,portfolio,PageOtherBeliefElicitation,1789546333,11,0,0
ckhtfa5u,14,jid9ui4f,311,portfolio,PageOtherBeliefElicitation,1789546334,11,0,0
ckhtfa5u,17,09bse981,311,portfolio,PageOtherBeliefElicitation,1789546335,11,0,0
ckhtfa5u,16,yxcpp681,311,portfolio,PageOtherBeliefElicitation,1789546337,11,0,0
ckhtfa5u,25,sjw641j3,311,portfolio,PageOtherBeliefElicitation,1789546337,11,0,0
ckhtfa5u,19,raavz353,312,portfolio,TradingRulesGender,1789546337,11,0,0
ckhtfa5u,20,6rdutaoz,311,portfolio,PageOtherBeliefElicitation,1789546340,11,0,0
ckhtfa5u,2,omrf04k4,311,portfolio,PageOtherBeliefElicitation,1789546340,11,0,0
ckhtfa5u,8,uhxz6pjz,311,portfolio,PageOtherBeliefElicitation,1789546342,11,0,0
ckhtfa5u,20,6rdutaoz,312,portfolio,TradingRulesGender,1789546343,11,0,0
ckhtfa5u,14,jid9ui4f,312,portfolio,TradingRulesGender,1789546343,11,0,0
ckhtfa5u,1,msd1f2iu,311,portfolio,PageOtherBeliefElicitation,1789546349,11,0,0
ckhtfa5u,17,09bse981,312,portfolio,TradingRulesGender,1789546351,11,0,0
ckhtfa5u,12,6kns3oml,311,portfolio,PageOtherBeliefElicitation,1789546352,11,0,0
ckhtfa5u,2,omrf04k4,312,portfolio,TradingRulesGender,1789546353,11,0,0
ckhtfa5u,23,5jtwpe9d,310,portfolio,PageBeliefElicitation,1789546356,11,0,0
ckhtfa5u,12,6kns3oml,312,portfolio,TradingRulesGender,1789546357,11,0,0
ckhtfa5u,1,msd1f2iu,312,portfolio,TradingRulesGender,1789546357,11,0,0
ckhtfa5u,16,yxcpp681,312,portfolio,TradingRulesGender,1789546367,11,0,0
ckhtfa5u,25,sjw641j3,312,portfolio,TradingRulesGender,1789546368,11,0,0
ckhtfa5u,15,grwzfvbr,312,portfolio,TradingRulesGender,1789546373,11,0,0
ckhtfa5u,18,2p0bevly,311,portfolio,PageOtherBeliefElicitation,1789546382,11,0,0
ckhtfa5u,7,dwx0my9x,310,portfolio,PageBeliefElicitation,1789546382,11,0,0
ckhtfa5u,4,znk2pevv,310,portfolio,PageBeliefElicitation,1789546384,11,0,0
ckhtfa5u,8,uhxz6pjz,312,portfolio,TradingRulesGender,1789546388,11,0,0
ckhtfa5u,18,2p0bevly,312,portfolio,TradingRulesGender,1789546393,11,0,0
ckhtfa5u,23,5jtwpe9d,311,portfolio,PageOtherBeliefElicitation,1789546401,11,0,0
ckhtfa5u,23,5jtwpe9d,312,portfolio,TradingRulesGender,1789546413,11,0,0
ckhtfa5u,4,znk2pevv,311,portfolio,PageOtherBeliefElicitation,1789546467,11,0,0
ckhtfa5u,4,znk2pevv,312,portfolio,TradingRulesGender,1789546473,11,0,0
ckhtfa5u,7,dwx0my9x,311,portfolio,PageOtherBeliefElicitation,1789546489,11,0,0
ckhtfa5u,7,dwx0my9x,312,portfolio,TradingRulesGender,1789546570,11,0,0
ckhtfa5u,16,yxcpp681,313,portfolio,SyncGenderTradingRules,1789546570,11,0,1
ckhtfa5u,25,sjw641j3,313,portfolio,SyncGenderTradingRules,1789546570,11,0,1
ckhtfa5u,18,2p0bevly,313,portfolio,SyncGenderTradingRules,1789546570,11,0,1
ckhtfa5u,4,znk2pevv,313,portfolio,SyncGenderTradingRules,1789546570,11,0,1
ckhtfa5u,10,yhliw46v,313,portfolio,SyncGenderTradingRules,1789546570,11,0,1
ckhtfa5u,21,21anldsa,313,portfolio,SyncGenderTradingRules,1789546570,11,0,1
ckhtfa5u,20,6rdutaoz,313,portfolio,SyncGenderTradingRules,1789546570,11,0,1
ckhtfa5u,8,uhxz6pjz,313,portfolio,SyncGenderTradingRules,1789546570,11,0,1
ckhtfa5u,14,jid9ui4f,313,portfolio,SyncGenderTradingRules,1789546570,11,0,1
ckhtfa5u,5,rv5b38em,313,portfolio,SyncGenderTradingRules,1789546570,11,0,1
ckhtfa5u,22,3mjtjuou,313,portfolio,SyncGenderTradingRules,1789546570,11,0,1
ckhtfa5u,2,omrf04k4,313,portfolio,SyncGenderTradingRules,1789546570,11,0,1
ckhtfa5u,6,z7t2lpyk,313,portfolio,SyncGenderTradingRules,1789546570,11,0,1
ckhtfa5u,1,msd1f2iu,313,portfolio,SyncGenderTradingRules,1789546570,11,0,1
ckhtfa5u,9,r39x605k,313,portfolio,SyncGenderTradingRules,1789546570,11,0,1
ckhtfa5u,19,raavz353,313,portfolio,SyncGenderTradingRules,1789546570,11,0,1
ckhtfa5u,12,6kns3oml,313,portfolio,SyncGenderTradingRules,1789546570,11,0,1
ckhtfa5u,11,7abl389c,313,portfolio,SyncGenderTradingRules,1789546570,11,0,1
ckhtfa5u,17,09bse981,313,portfolio,SyncGenderTradingRules,1789546570,11,0,1
ckhtfa5u,24,s16bmsk2,313,portfolio,SyncGenderTradingRules,1789546570,11,0,1
ckhtfa5u,15,grwzfvbr,313,portfolio,SyncGenderTradingRules,1789546570,11,0,1
ckhtfa5u,23,5jtwpe9d,313,portfolio,SyncGenderTradingRules,1789546570,11,0,1
ckhtfa5u,7,dwx0my9x,313,portfolio,SyncGenderTradingRules,1789546570,11,0,1
ckhtfa5u,3,duzxv1is,313,portfolio,SyncGenderTradingRules,1789546570,11,0,1
ckhtfa5u,13,pp2e4xx5,313,portfolio,SyncGenderTradingRules,1789546570,11,0,1
ckhtfa5u,10,yhliw46v,314,portfolio,PageBidGenderExp,1789546581,11,0,0
ckhtfa5u,21,21anldsa,314,portfolio,PageBidGenderExp,1789546581,11,0,0
ckhtfa5u,16,yxcpp681,314,portfolio,PageBidGenderExp,1789546581,11,0,0
ckhtfa5u,24,s16bmsk2,314,portfolio,PageBidGenderExp,1789546583,11,0,0
ckhtfa5u,15,grwzfvbr,314,portfolio,PageBidGenderExp,1789546585,11,0,0
ckhtfa5u,5,rv5b38em,314,portfolio,PageBidGenderExp,1789546587,11,0,0
ckhtfa5u,14,jid9ui4f,314,portfolio,PageBidGenderExp,1789546587,11,0,0
ckhtfa5u,20,6rdutaoz,314,portfolio,PageBidGenderExp,1789546587,11,0,0
ckhtfa5u,7,dwx0my9x,314,portfolio,PageBidGenderExp,1789546588,11,0,0
ckhtfa5u,1,msd1f2iu,314,portfolio,PageBidGenderExp,1789546589,11,0,0
ckhtfa5u,12,6kns3oml,314,portfolio,PageBidGenderExp,1789546590,11,0,0
ckhtfa5u,25,sjw641j3,314,portfolio,PageBidGenderExp,1789546592,11,0,0
ckhtfa5u,6,z7t2lpyk,314,portfolio,PageBidGenderExp,1789546593,11,0,0
ckhtfa5u,2,omrf04k4,314,portfolio,PageBidGenderExp,1789546595,11,0,0
ckhtfa5u,19,raavz353,314,portfolio,PageBidGenderExp,1789546595,11,0,0
ckhtfa5u,23,5jtwpe9d,314,portfolio,PageBidGenderExp,1789546597,11,0,0
ckhtfa5u,22,3mjtjuou,314,portfolio,PageBidGenderExp,1789546597,11,0,0
ckhtfa5u,21,21anldsa,315,portfolio,Clearing,1789546597,11,0,1
ckhtfa5u,22,3mjtjuou,315,portfolio,Clearing,1789546597,11,0,1
ckhtfa5u,23,5jtwpe9d,315,portfolio,Clearing,1789546597,11,0,1
ckhtfa5u,24,s16bmsk2,315,portfolio,Clearing,1789546597,11,0,1
ckhtfa5u,25,sjw641j3,315,portfolio,Clearing,1789546597,11,0,1
ckhtfa5u,3,duzxv1is,314,portfolio,PageBidGenderExp,1789546600,11,0,0
ckhtfa5u,13,pp2e4xx5,314,portfolio,PageBidGenderExp,1789546600,11,0,0
ckhtfa5u,17,09bse981,314,portfolio,PageBidGenderExp,1789546601,11,0,0
ckhtfa5u,11,7abl389c,314,portfolio,PageBidGenderExp,1789546604,11,0,0
ckhtfa5u,11,7abl389c,315,portfolio,Clearing,1789546604,11,0,1
ckhtfa5u,12,6kns3oml,315,portfolio,Clearing,1789546604,11,0,1
ckhtfa5u,13,pp2e4xx5,315,portfolio,Clearing,1789546604,11,0,1
ckhtfa5u,14,jid9ui4f,315,portfolio,Clearing,1789546604,11,0,1
ckhtfa5u,15,grwzfvbr,315,portfolio,Clearing,1789546604,11,0,1
ckhtfa5u,9,r39x605k,314,portfolio,PageBidGenderExp,1789546608,11,0,0
ckhtfa5u,8,uhxz6pjz,314,portfolio,PageBidGenderExp,1789546609,11,0,0
ckhtfa5u,7,dwx0my9x,315,portfolio,Clearing,1789546609,11,0,1
ckhtfa5u,8,uhxz6pjz,315,portfolio,Clearing,1789546609,11,0,1
ckhtfa5u,9,r39x605k,315,portfolio,Clearing,1789546609,11,0,1
ckhtfa5u,6,z7t2lpyk,315,portfolio,Clearing,1789546609,11,0,1
ckhtfa5u,10,yhliw46v,315,portfolio,Clearing,1789546609,11,0,1
ckhtfa5u,18,2p0bevly,314,portfolio,PageBidGenderExp,1789546635,11,0,0
ckhtfa5u,16,yxcpp681,315,portfolio,Clearing,1789546635,11,0,1
ckhtfa5u,18,2p0bevly,315,portfolio,Clearing,1789546635,11,0,1
ckhtfa5u,17,09bse981,315,portfolio,Clearing,1789546635,11,0,1
ckhtfa5u,20,6rdutaoz,315,portfolio,Clearing,1789546635,11,0,1
ckhtfa5u,19,raavz353,315,portfolio,Clearing,1789546635,11,0,1
ckhtfa5u,4,znk2pevv,314,portfolio,PageBidGenderExp,1789546647,11,0,0
ckhtfa5u,3,duzxv1is,315,portfolio,Clearing,1789546647,11,0,1
ckhtfa5u,1,msd1f2iu,315,portfolio,Clearing,1789546647,11,0,1
ckhtfa5u,2,omrf04k4,315,portfolio,Clearing,1789546647,11,0,1
ckhtfa5u,4,znk2pevv,315,portfolio,Clearing,1789546647,11,0,1
ckhtfa5u,5,rv5b38em,315,portfolio,Clearing,1789546647,11,0,1
ckhtfa5u,21,21anldsa,316,portfolio,SyncMarketRound,1789546648,11,0,1
ckhtfa5u,22,3mjtjuou,316,portfolio,SyncMarketRound,1789546648,11,0,1
ckhtfa5u,23,5jtwpe9d,316,portfolio,SyncMarketRound,1789546648,11,0,1
ckhtfa5u,24,s16bmsk2,316,portfolio,SyncMarketRound,1789546648,11,0,1
ckhtfa5u,25,sjw641j3,316,portfolio,SyncMarketRound,1789546648,11,0,1
ckhtfa5u,16,yxcpp681,316,portfolio,SyncMarketRound,1789546648,11,0,1
ckhtfa5u,18,2p0bevly,316,portfolio,SyncMarketRound,1789546648,11,0,1
ckhtfa5u,3,duzxv1is,316,portfolio,SyncMarketRound,1789546648,11,0,1
ckhtfa5u,17,09bse981,316,portfolio,SyncMarketRound,1789546648,11,0,1
ckhtfa5u,7,dwx0my9x,316,portfolio,SyncMarketRound,1789546648,11,0,1
ckhtfa5u,8,uhxz6pjz,316,portfolio,SyncMarketRound,1789546648,11,0,1
ckhtfa5u,20,6rdutaoz,316,portfolio,SyncMarketRound,1789546648,11,0,1
ckhtfa5u,19,raavz353,316,portfolio,SyncMarketRound,1789546648,11,0,1
ckhtfa5u,1,msd1f2iu,316,portfolio,SyncMarketRound,1789546648,11,0,1
ckhtfa5u,2,omrf04k4,316,portfolio,SyncMarketRound,1789546648,11,0,1
ckhtfa5u,4,znk2pevv,316,portfolio,SyncMarketRound,1789546648,11,0,1
ckhtfa5u,9,r39x605k,316,portfolio,SyncMarketRound,1789546648,11,0,1
ckhtfa5u,6,z7t2lpyk,316,portfolio,SyncMarketRound,1789546648,11,0,1
ckhtfa5u,5,rv5b38em,316,portfolio,SyncMarketRound,1789546648,11,0,1
ckhtfa5u,11,7abl389c,316,portfolio,SyncMarketRound,1789546648,11,0,1
ckhtfa5u,12,6kns3oml,316,portfolio,SyncMarketRound,1789546648,11,0,1
ckhtfa5u,13,pp2e4xx5,316,portfolio,SyncMarketRound,1789546648,11,0,1
ckhtfa5u,10,yhliw46v,316,portfolio,SyncMarketRound,1789546648,11,0,1
ckhtfa5u,14,jid9ui4f,316,portfolio,SyncMarketRound,1789546648,11,0,1
ckhtfa5u,15,grwzfvbr,316,portfolio,SyncMarketRound,1789546648,11,0,1
ckhtfa5u,11,7abl389c,343,portfolio,PageBidGenderExp,1789546661,12,0,0
ckhtfa5u,5,rv5b38em,343,portfolio,PageBidGenderExp,1789546663,12,0,0
ckhtfa5u,21,21anldsa,343,portfolio,PageBidGenderExp,1789546665,12,0,0
ckhtfa5u,9,r39x605k,343,portfolio,PageBidGenderExp,1789546666,12,0,0
ckhtfa5u,10,yhliw46v,343,portfolio,PageBidGenderExp,1789546667,12,0,0
ckhtfa5u,13,pp2e4xx5,343,portfolio,PageBidGenderExp,1789546668,12,0,0
ckhtfa5u,22,3mjtjuou,343,portfolio,PageBidGenderExp,1789546668,12,0,0
ckhtfa5u,20,6rdutaoz,343,portfolio,PageBidGenderExp,1789546670,12,0,0
ckhtfa5u,19,raavz353,343,portfolio,PageBidGenderExp,1789546671,12,0,0
ckhtfa5u,14,jid9ui4f,343,portfolio,PageBidGenderExp,1789546673,12,0,0
ckhtfa5u,12,6kns3oml,343,portfolio,PageBidGenderExp,1789546673,12,0,0
ckhtfa5u,3,duzxv1is,343,portfolio,PageBidGenderExp,1789546674,12,0,0
ckhtfa5u,7,dwx0my9x,343,portfolio,PageBidGenderExp,1789546675,12,0,0
ckhtfa5u,16,yxcpp681,343,portfolio,PageBidGenderExp,1789546676,12,0,0
ckhtfa5u,6,z7t2lpyk,343,portfolio,PageBidGenderExp,1789546679,12,0,0
ckhtfa5u,2,omrf04k4,343,portfolio,PageBidGenderExp,1789546687,12,0,0
ckhtfa5u,1,msd1f2iu,343,portfolio,PageBidGenderExp,1789546687,12,0,0
ckhtfa5u,18,2p0bevly,343,portfolio,PageBidGenderExp,1789546687,12,0,0
ckhtfa5u,25,sjw641j3,343,portfolio,PageBidGenderExp,1789546696,12,0,0
ckhtfa5u,23,5jtwpe9d,343,portfolio,PageBidGenderExp,1789546700,12,0,0
ckhtfa5u,15,grwzfvbr,343,portfolio,PageBidGenderExp,1789546708,12,0,0
ckhtfa5u,11,7abl389c,344,portfolio,Clearing,1789546709,12,0,1
ckhtfa5u,12,6kns3oml,344,portfolio,Clearing,1789546709,12,0,1
ckhtfa5u,13,pp2e4xx5,344,portfolio,Clearing,1789546709,12,0,1
ckhtfa5u,15,grwzfvbr,344,portfolio,Clearing,1789546709,12,0,1
ckhtfa5u,14,jid9ui4f,344,portfolio,Clearing,1789546709,12,0,1
ckhtfa5u,24,s16bmsk2,343,portfolio,PageBidGenderExp,1789546716,12,0,0
ckhtfa5u,24,s16bmsk2,344,portfolio,Clearing,1789546716,12,0,1
ckhtfa5u,25,sjw641j3,344,portfolio,Clearing,1789546716,12,0,1
ckhtfa5u,21,21anldsa,344,portfolio,Clearing,1789546716,12,0,1
ckhtfa5u,22,3mjtjuou,344,portfolio,Clearing,1789546716,12,0,1
ckhtfa5u,23,5jtwpe9d,344,portfolio,Clearing,1789546716,12,0,1
ckhtfa5u,8,uhxz6pjz,343,portfolio,PageBidGenderExp,1789546720,12,0,0
ckhtfa5u,10,yhliw46v,344,portfolio,Clearing,1789546720,12,0,1
ckhtfa5u,6,z7t2lpyk,344,portfolio,Clearing,1789546720,12,0,1
ckhtfa5u,7,dwx0my9x,344,portfolio,Clearing,1789546720,12,0,1
ckhtfa5u,8,uhxz6pjz,344,portfolio,Clearing,1789546720,12,0,1
ckhtfa5u,9,r39x605k,344,portfolio,Clearing,1789546720,12,0,1
ckhtfa5u,17,09bse981,343,portfolio,PageBidGenderExp,1789546766,12,0,0
ckhtfa5u,19,raavz353,344,portfolio,Clearing,1789546766,12,0,1
ckhtfa5u,16,yxcpp681,344,portfolio,Clearing,1789546766,12,0,1
ckhtfa5u,17,09bse981,344,portfolio,Clearing,1789546766,12,0,1
ckhtfa5u,18,2p0bevly,344,portfolio,Clearing,1789546766,12,0,1
ckhtfa5u,20,6rdutaoz,344,portfolio,Clearing,1789546766,12,0,1
ckhtfa5u,4,znk2pevv,343,portfolio,PageBidGenderExp,1789546853,12,0,0
ckhtfa5u,1,msd1f2iu,344,portfolio,Clearing,1789546854,12,0,1
ckhtfa5u,2,omrf04k4,344,portfolio,Clearing,1789546854,12,0,1
ckhtfa5u,3,duzxv1is,344,portfolio,Clearing,1789546854,12,0,1
ckhtfa5u,4,znk2pevv,344,portfolio,Clearing,1789546854,12,0,1
ckhtfa5u,5,rv5b38em,344,portfolio,Clearing,1789546854,12,0,1
ckhtfa5u,11,7abl389c,345,portfolio,SyncMarketRound,1789546855,12,0,1
ckhtfa5u,19,raavz353,345,portfolio,SyncMarketRound,1789546855,12,0,1
ckhtfa5u,12,6kns3oml,345,portfolio,SyncMarketRound,1789546855,12,0,1
ckhtfa5u,13,pp2e4xx5,345,portfolio,SyncMarketRound,1789546855,12,0,1
ckhtfa5u,15,grwzfvbr,345,portfolio,SyncMarketRound,1789546855,12,0,1
ckhtfa5u,24,s16bmsk2,345,portfolio,SyncMarketRound,1789546855,12,0,1
ckhtfa5u,25,sjw641j3,345,portfolio,SyncMarketRound,1789546855,12,0,1
ckhtfa5u,1,msd1f2iu,345,portfolio,SyncMarketRound,1789546855,12,0,1
ckhtfa5u,2,omrf04k4,345,portfolio,SyncMarketRound,1789546855,12,0,1
ckhtfa5u,3,duzxv1is,345,portfolio,SyncMarketRound,1789546855,12,0,1
ckhtfa5u,16,yxcpp681,345,portfolio,SyncMarketRound,1789546855,12,0,1
ckhtfa5u,10,yhliw46v,345,portfolio,SyncMarketRound,1789546855,12,0,1
ckhtfa5u,6,z7t2lpyk,345,portfolio,SyncMarketRound,1789546855,12,0,1
ckhtfa5u,7,dwx0my9x,345,portfolio,SyncMarketRound,1789546855,12,0,1
ckhtfa5u,4,znk2pevv,345,portfolio,SyncMarketRound,1789546855,12,0,1
ckhtfa5u,14,jid9ui4f,345,portfolio,SyncMarketRound,1789546855,12,0,1
ckhtfa5u,21,21anldsa,345,portfolio,SyncMarketRound,1789546855,12,0,1
ckhtfa5u,17,09bse981,345,portfolio,SyncMarketRound,1789546855,12,0,1
ckhtfa5u,5,rv5b38em,345,portfolio,SyncMarketRound,1789546855,12,0,1
ckhtfa5u,18,2p0bevly,345,portfolio,SyncMarketRound,1789546855,12,0,1
ckhtfa5u,8,uhxz6pjz,345,portfolio,SyncMarketRound,1789546855,12,0,1
ckhtfa5u,9,r39x605k,345,portfolio,SyncMarketRound,1789546855,12,0,1
ckhtfa5u,22,3mjtjuou,345,portfolio,SyncMarketRound,1789546855,12,0,1
ckhtfa5u,23,5jtwpe9d,345,portfolio,SyncMarketRound,1789546855,12,0,1
ckhtfa5u,20,6rdutaoz,345,portfolio,SyncMarketRound,1789546855,12,0,1
ckhtfa5u,11,7abl389c,372,portfolio,PageBidGenderExp,1789546868,13,0,0
ckhtfa5u,1,msd1f2iu,372,portfolio,PageBidGenderExp,1789546873,13,0,0
ckhtfa5u,21,21anldsa,372,portfolio,PageBidGenderExp,1789546873,13,0,0
ckhtfa5u,22,3mjtjuou,372,portfolio,PageBidGenderExp,1789546875,13,0,0
ckhtfa5u,5,rv5b38em,372,portfolio,PageBidGenderExp,1789546876,13,0,0
ckhtfa5u,14,jid9ui4f,372,portfolio,PageBidGenderExp,1789546877,13,0,0
ckhtfa5u,12,6kns3oml,372,portfolio,PageBidGenderExp,1789546881,13,0,0
ckhtfa5u,7,dwx0my9x,372,portfolio,PageBidGenderExp,1789546883,13,0,0
ckhtfa5u,20,6rdutaoz,372,portfolio,PageBidGenderExp,1789546883,13,0,0
ckhtfa5u,13,pp2e4xx5,372,portfolio,PageBidGenderExp,1789546885,13,0,0
ckhtfa5u,16,yxcpp681,372,portfolio,PageBidGenderExp,1789546886,13,0,0
ckhtfa5u,3,duzxv1is,372,portfolio,PageBidGenderExp,1789546889,13,0,0
ckhtfa5u,19,raavz353,372,portfolio,PageBidGenderExp,1789546889,13,0,0
ckhtfa5u,23,5jtwpe9d,372,portfolio,PageBidGenderExp,1789546895,13,0,0
ckhtfa5u,17,09bse981,372,portfolio,PageBidGenderExp,1789546895,13,0,0
ckhtfa5u,15,grwzfvbr,372,portfolio,PageBidGenderExp,1789546897,13,0,0
ckhtfa5u,10,yhliw46v,372,portfolio,PageBidGenderExp,1789546897,13,0,0
ckhtfa5u,12,6kns3oml,373,portfolio,Clearing,1789546898,13,0,1
ckhtfa5u,13,pp2e4xx5,373,portfolio,Clearing,1789546898,13,0,1
ckhtfa5u,14,jid9ui4f,373,portfolio,Clearing,1789546898,13,0,1
ckhtfa5u,15,grwzfvbr,373,portfolio,Clearing,1789546898,13,0,1
ckhtfa5u,11,7abl389c,373,portfolio,Clearing,1789546898,13,0,1
ckhtfa5u,24,s16bmsk2,372,portfolio,PageBidGenderExp,1789546908,13,0,0
ckhtfa5u,2,omrf04k4,372,portfolio,PageBidGenderExp,1789546909,13,0,0
ckhtfa5u,9,r39x605k,372,portfolio,PageBidGenderExp,1789546909,13,0,0
ckhtfa5u,6,z7t2lpyk,372,portfolio,PageBidGenderExp,1789546911,13,0,0
ckhtfa5u,8,uhxz6pjz,372,portfolio,PageBidGenderExp,1789546919,13,0,0
ckhtfa5u,7,dwx0my9x,373,portfolio,Clearing,1789546919,13,0,1
ckhtfa5u,6,z7t2lpyk,373,portfolio,Clearing,1789546919,13,0,1
ckhtfa5u,8,uhxz6pjz,373,portfolio,Clearing,1789546919,13,0,1
ckhtfa5u,9,r39x605k,373,portfolio,Clearing,1789546919,13,0,1
ckhtfa5u,10,yhliw46v,373,portfolio,Clearing,1789546919,13,0,1
ckhtfa5u,25,sjw641j3,372,portfolio,PageBidGenderExp,1789546921,13,0,0
ckhtfa5u,25,sjw641j3,373,portfolio,Clearing,1789546922,13,0,1
ckhtfa5u,22,3mjtjuou,373,portfolio,Clearing,1789546922,13,0,1
ckhtfa5u,21,21anldsa,373,portfolio,Clearing,1789546922,13,0,1
ckhtfa5u,23,5jtwpe9d,373,portfolio,Clearing,1789546922,13,0,1
ckhtfa5u,24,s16bmsk2,373,portfolio,Clearing,1789546922,13,0,1
ckhtfa5u,18,2p0bevly,372,portfolio,PageBidGenderExp,1789546965,13,0,0
ckhtfa5u,16,yxcpp681,373,portfolio,Clearing,1789546965,13,0,1
ckhtfa5u,17,09bse981,373,portfolio,Clearing,1789546965,13,0,1
ckhtfa5u,18,2p0bevly,373,portfolio,Clearing,1789546965,13,0,1
ckhtfa5u,19,raavz353,373,portfolio,Clearing,1789546965,13,0,1
ckhtfa5u,20,6rdutaoz,373,portfolio,Clearing,1789546965,13,0,1
ckhtfa5u,4,znk2pevv,372,portfolio,PageBidGenderExp,1789547006,13,0,0
ckhtfa5u,1,msd1f2iu,373,portfolio,Clearing,1789547007,13,0,1
ckhtfa5u,2,omrf04k4,373,portfolio,Clearing,1789547007,13,0,1
ckhtfa5u,3,duzxv1is,373,portfolio,Clearing,1789547007,13,0,1
ckhtfa5u,4,znk2pevv,373,portfolio,Clearing,1789547007,13,0,1
ckhtfa5u,5,rv5b38em,373,portfolio,Clearing,1789547007,13,0,1
ckhtfa5u,12,6kns3oml,374,portfolio,SyncMarketRound,1789547008,13,0,1
ckhtfa5u,13,pp2e4xx5,374,portfolio,SyncMarketRound,1789547008,13,0,1
ckhtfa5u,14,jid9ui4f,374,portfolio,SyncMarketRound,1789547008,13,0,1
ckhtfa5u,15,grwzfvbr,374,portfolio,SyncMarketRound,1789547008,13,0,1
ckhtfa5u,25,sjw641j3,374,portfolio,SyncMarketRound,1789547008,13,0,1
ckhtfa5u,16,yxcpp681,374,portfolio,SyncMarketRound,1789547008,13,0,1
ckhtfa5u,22,3mjtjuou,374,portfolio,SyncMarketRound,1789547008,13,0,1
ckhtfa5u,17,09bse981,374,portfolio,SyncMarketRound,1789547008,13,0,1
ckhtfa5u,7,dwx0my9x,374,portfolio,SyncMarketRound,1789547008,13,0,1
ckhtfa5u,1,msd1f2iu,374,portfolio,SyncMarketRound,1789547008,13,0,1
ckhtfa5u,18,2p0bevly,374,portfolio,SyncMarketRound,1789547008,13,0,1
ckhtfa5u,2,omrf04k4,374,portfolio,SyncMarketRound,1789547008,13,0,1
ckhtfa5u,3,duzxv1is,374,portfolio,SyncMarketRound,1789547008,13,0,1
ckhtfa5u,19,raavz353,374,portfolio,SyncMarketRound,1789547008,13,0,1
ckhtfa5u,4,znk2pevv,374,portfolio,SyncMarketRound,1789547008,13,0,1
ckhtfa5u,20,6rdutaoz,374,portfolio,SyncMarketRound,1789547008,13,0,1
ckhtfa5u,5,rv5b38em,374,portfolio,SyncMarketRound,1789547008,13,0,1
ckhtfa5u,11,7abl389c,374,portfolio,SyncMarketRound,1789547008,13,0,1
ckhtfa5u,6,z7t2lpyk,374,portfolio,SyncMarketRound,1789547008,13,0,1
ckhtfa5u,8,uhxz6pjz,374,portfolio,SyncMarketRound,1789547008,13,0,1
ckhtfa5u,9,r39x605k,374,portfolio,SyncMarketRound,1789547008,13,0,1
ckhtfa5u,10,yhliw46v,374,portfolio,SyncMarketRound,1789547008,13,0,1
ckhtfa5u,21,21anldsa,374,portfolio,SyncMarketRound,1789547008,13,0,1
ckhtfa5u,23,5jtwpe9d,374,portfolio,SyncMarketRound,1789547008,13,0,1
ckhtfa5u,24,s16bmsk2,374,portfolio,SyncMarketRound,1789547008,13,0,1
ckhtfa5u,4,znk2pevv,401,portfolio,PageBidGenderExp,1789547026,14,0,0
ckhtfa5u,21,21anldsa,401,portfolio,PageBidGenderExp,1789547027,14,0,0
ckhtfa5u,5,rv5b38em,401,portfolio,PageBidGenderExp,1789547028,14,0,0
ckhtfa5u,7,dwx0my9x,401,portfolio,PageBidGenderExp,1789547029,14,0,0
ckhtfa5u,13,pp2e4xx5,401,portfolio,PageBidGenderExp,1789547030,14,0,0
ckhtfa5u,19,raavz353,401,portfolio,PageBidGenderExp,1789547031,14,0,0
ckhtfa5u,11,7abl389c,401,portfolio,PageBidGenderExp,1789547032,14,0,0
ckhtfa5u,20,6rdutaoz,401,portfolio,PageBidGenderExp,1789547032,14,0,0
ckhtfa5u,15,grwzfvbr,401,portfolio,PageBidGenderExp,1789547032,14,0,0
ckhtfa5u,22,3mjtjuou,401,portfolio,PageBidGenderExp,1789547033,14,0,0
ckhtfa5u,23,5jtwpe9d,401,portfolio,PageBidGenderExp,1789547034,14,0,0
ckhtfa5u,2,omrf04k4,401,portfolio,PageBidGenderExp,1789547036,14,0,0
ckhtfa5u,10,yhliw46v,401,portfolio,PageBidGenderExp,1789547038,14,0,0
ckhtfa5u,9,r39x605k,401,portfolio,PageBidGenderExp,1789547045,14,0,0
ckhtfa5u,12,6kns3oml,401,portfolio,PageBidGenderExp,1789547048,14,0,0
ckhtfa5u,17,09bse981,401,portfolio,PageBidGenderExp,1789547048,14,0,0
ckhtfa5u,8,uhxz6pjz,401,portfolio,PageBidGenderExp,1789547050,14,0,0
ckhtfa5u,16,yxcpp681,401,portfolio,PageBidGenderExp,1789547050,14,0,0
ckhtfa5u,14,jid9ui4f,401,portfolio,PageBidGenderExp,1789547053,14,0,0
ckhtfa5u,11,7abl389c,402,portfolio,Clearing,1789547053,14,0,1
ckhtfa5u,13,pp2e4xx5,402,portfolio,Clearing,1789547053,14,0,1
ckhtfa5u,14,jid9ui4f,402,portfolio,Clearing,1789547053,14,0,1
ckhtfa5u,15,grwzfvbr,402,portfolio,Clearing,1789547053,14,0,1
ckhtfa5u,12,6kns3oml,402,portfolio,Clearing,1789547053,14,0,1
ckhtfa5u,18,2p0bevly,401,portfolio,PageBidGenderExp,1789547055,14,0,0
ckhtfa5u,1,msd1f2iu,401,portfolio,PageBidGenderExp,1789547055,14,0,0
ckhtfa5u,20,6rdutaoz,402,portfolio,Clearing,1789547055,14,0,1
ckhtfa5u,16,yxcpp681,402,portfolio,Clearing,1789547055,14,0,1
ckhtfa5u,17,09bse981,402,portfolio,Clearing,1789547055,14,0,1
ckhtfa5u,18,2p0bevly,402,portfolio,Clearing,1789547055,14,0,1
ckhtfa5u,19,raavz353,402,portfolio,Clearing,1789547055,14,0,1
ckhtfa5u,24,s16bmsk2,401,portfolio,PageBidGenderExp,1789547060,14,0,0
ckhtfa5u,25,sjw641j3,401,portfolio,PageBidGenderExp,1789547065,14,0,0
ckhtfa5u,23,5jtwpe9d,402,portfolio,Clearing,1789547065,14,0,1
ckhtfa5u,24,s16bmsk2,402,portfolio,Clearing,1789547065,14,0,1
ckhtfa5u,21,21anldsa,402,portfolio,Clearing,1789547065,14,0,1
ckhtfa5u,22,3mjtjuou,402,portfolio,Clearing,1789547065,14,0,1
ckhtfa5u,25,sjw641j3,402,portfolio,Clearing,1789547065,14,0,1
ckhtfa5u,3,duzxv1is,401,portfolio,PageBidGenderExp,1789547066,14,0,0
ckhtfa5u,2,omrf04k4,402,portfolio,Clearing,1789547067,14,0,1
ckhtfa5u,3,duzxv1is,402,portfolio,Clearing,1789547067,14,0,1
ckhtfa5u,5,rv5b38em,402,portfolio,Clearing,1789547067,14,0,1
ckhtfa5u,4,znk2pevv,402,portfolio,Clearing,1789547067,14,0,1
ckhtfa5u,1,msd1f2iu,402,portfolio,Clearing,1789547067,14,0,1
ckhtfa5u,6,z7t2lpyk,401,portfolio,PageBidGenderExp,1789547107,14,0,0
ckhtfa5u,6,z7t2lpyk,402,portfolio,Clearing,1789547108,14,0,1
ckhtfa5u,7,dwx0my9x,402,portfolio,Clearing,1789547108,14,0,1
ckhtfa5u,8,uhxz6pjz,402,portfolio,Clearing,1789547108,14,0,1
ckhtfa5u,9,r39x605k,402,portfolio,Clearing,1789547108,14,0,1
ckhtfa5u,10,yhliw46v,402,portfolio,Clearing,1789547108,14,0,1
ckhtfa5u,2,omrf04k4,403,portfolio,SyncMarketRound,1789547109,14,0,1
ckhtfa5u,3,duzxv1is,403,portfolio,SyncMarketRound,1789547109,14,0,1
ckhtfa5u,5,rv5b38em,403,portfolio,SyncMarketRound,1789547109,14,0,1
ckhtfa5u,11,7abl389c,403,portfolio,SyncMarketRound,1789547109,14,0,1
ckhtfa5u,13,pp2e4xx5,403,portfolio,SyncMarketRound,1789547109,14,0,1
ckhtfa5u,14,jid9ui4f,403,portfolio,SyncMarketRound,1789547109,14,0,1
ckhtfa5u,15,grwzfvbr,403,portfolio,SyncMarketRound,1789547109,14,0,1
ckhtfa5u,20,6rdutaoz,403,portfolio,SyncMarketRound,1789547109,14,0,1
ckhtfa5u,23,5jtwpe9d,403,portfolio,SyncMarketRound,1789547109,14,0,1
ckhtfa5u,4,znk2pevv,403,portfolio,SyncMarketRound,1789547109,14,0,1
ckhtfa5u,24,s16bmsk2,403,portfolio,SyncMarketRound,1789547109,14,0,1
ckhtfa5u,21,21anldsa,403,portfolio,SyncMarketRound,1789547109,14,0,1
ckhtfa5u,22,3mjtjuou,403,portfolio,SyncMarketRound,1789547109,14,0,1
ckhtfa5u,25,sjw641j3,403,portfolio,SyncMarketRound,1789547109,14,0,1
ckhtfa5u,6,z7t2lpyk,403,portfolio,SyncMarketRound,1789547109,14,0,1
ckhtfa5u,7,dwx0my9x,403,portfolio,SyncMarketRound,1789547109,14,0,1
ckhtfa5u,8,uhxz6pjz,403,portfolio,SyncMarketRound,1789547109,14,0,1
ckhtfa5u,9,r39x605k,403,portfolio,SyncMarketRound,1789547109,14,0,1
ckhtfa5u,10,yhliw46v,403,portfolio,SyncMarketRound,1789547109,14,0,1
ckhtfa5u,1,msd1f2iu,403,portfolio,SyncMarketRound,1789547109,14,0,1
ckhtfa5u,16,yxcpp681,403,portfolio,SyncMarketRound,1789547109,14,0,1
ckhtfa5u,17,09bse981,403,portfolio,SyncMarketRound,1789547109,14,0,1
ckhtfa5u,12,6kns3oml,403,portfolio,SyncMarketRound,1789547109,14,0,1
ckhtfa5u,18,2p0bevly,403,portfolio,SyncMarketRound,1789547109,14,0,1
ckhtfa5u,19,raavz353,403,portfolio,SyncMarketRound,1789547109,14,0,1
ckhtfa5u,11,7abl389c,430,portfolio,PageBidGenderExp,1789547121,15,0,0
ckhtfa5u,4,znk2pevv,430,portfolio,PageBidGenderExp,1789547123,15,0,0
ckhtfa5u,22,3mjtjuou,430,portfolio,PageBidGenderExp,1789547123,15,0,0
ckhtfa5u,9,r39x605k,430,portfolio,PageBidGenderExp,1789547126,15,0,0
ckhtfa5u,5,rv5b38em,430,portfolio,PageBidGenderExp,1789547127,15,0,0
ckhtfa5u,21,21anldsa,430,portfolio,PageBidGenderExp,1789547133,15,0,0
ckhtfa5u,19,raavz353,430,portfolio,PageBidGenderExp,1789547135,15,0,0
ckhtfa5u,24,s16bmsk2,430,portfolio,PageBidGenderExp,1789547136,15,0,0
ckhtfa5u,14,jid9ui4f,430,portfolio,PageBidGenderExp,1789547137,15,0,0
ckhtfa5u,20,6rdutaoz,430,portfolio,PageBidGenderExp,1789547142,15,0,0
ckhtfa5u,12,6kns3oml,430,portfolio,PageBidGenderExp,1789547143,15,0,0
ckhtfa5u,15,grwzfvbr,430,portfolio,PageBidGenderExp,1789547143,15,0,0
ckhtfa5u,3,duzxv1is,430,portfolio,PageBidGenderExp,1789547145,15,0,0
ckhtfa5u,1,msd1f2iu,430,portfolio,PageBidGenderExp,1789547148,15,0,0
ckhtfa5u,10,yhliw46v,430,portfolio,PageBidGenderExp,1789547150,15,0,0
ckhtfa5u,18,2p0bevly,430,portfolio,PageBidGenderExp,1789547154,15,0,0
ckhtfa5u,6,z7t2lpyk,430,portfolio,PageBidGenderExp,1789547168,15,0,0
ckhtfa5u,17,09bse981,430,portfolio,PageBidGenderExp,1789547168,15,0,0
ckhtfa5u,23,5jtwpe9d,430,portfolio,PageBidGenderExp,1789547172,15,0,0
ckhtfa5u,25,sjw641j3,430,portfolio,PageBidGenderExp,1789547176,15,0,0
ckhtfa5u,24,s16bmsk2,431,portfolio,Clearing,1789547176,15,0,1
ckhtfa5u,25,sjw641j3,431,portfolio,Clearing,1789547176,15,0,1
ckhtfa5u,21,21anldsa,431,portfolio,Clearing,1789547176,15,0,1
ckhtfa5u,22,3mjtjuou,431,portfolio,Clearing,1789547176,15,0,1
ckhtfa5u,23,5jtwpe9d,431,portfolio,Clearing,1789547176,15,0,1
ckhtfa5u,2,omrf04k4,430,portfolio,PageBidGenderExp,1789547178,15,0,0
ckhtfa5u,3,duzxv1is,431,portfolio,Clearing,1789547178,15,0,1
ckhtfa5u,4,znk2pevv,431,portfolio,Clearing,1789547178,15,0,1
ckhtfa5u,2,omrf04k4,431,portfolio,Clearing,1789547178,15,0,1
ckhtfa5u,1,msd1f2iu,431,portfolio,Clearing,1789547178,15,0,1
ckhtfa5u,5,rv5b38em,431,portfolio,Clearing,1789547178,15,0,1
ckhtfa5u,13,pp2e4xx5,430,portfolio,PageBidGenderExp,1789547179,15,0,0
ckhtfa5u,11,7abl389c,431,portfolio,Clearing,1789547179,15,0,1
ckhtfa5u,12,6kns3oml,431,portfolio,Clearing,1789547179,15,0,1
ckhtfa5u,13,pp2e4xx5,431,portfolio,Clearing,1789547179,15,0,1
ckhtfa5u,14,jid9ui4f,431,portfolio,Clearing,1789547179,15,0,1
ckhtfa5u,15,grwzfvbr,431,portfolio,Clearing,1789547179,15,0,1
ckhtfa5u,7,dwx0my9x,430,portfolio,PageBidGenderExp,1789547179,15,0,0
ckhtfa5u,8,uhxz6pjz,430,portfolio,PageBidGenderExp,1789547187,15,0,0
ckhtfa5u,6,z7t2lpyk,431,portfolio,Clearing,1789547188,15,0,1
ckhtfa5u,7,dwx0my9x,431,portfolio,Clearing,1789547188,15,0,1
ckhtfa5u,8,uhxz6pjz,431,portfolio,Clearing,1789547188,15,0,1
ckhtfa5u,9,r39x605k,431,portfolio,Clearing,1789547188,15,0,1
ckhtfa5u,10,yhliw46v,431,portfolio,Clearing,1789547188,15,0,1
ckhtfa5u,16,yxcpp681,430,portfolio,PageBidGenderExp,1789547191,15,0,0
ckhtfa5u,16,yxcpp681,431,portfolio,Clearing,1789547191,15,0,1
ckhtfa5u,17,09bse981,431,portfolio,Clearing,1789547191,15,0,1
ckhtfa5u,18,2p0bevly,431,portfolio,Clearing,1789547191,15,0,1
ckhtfa5u,19,raavz353,431,portfolio,Clearing,1789547191,15,0,1
ckhtfa5u,20,6rdutaoz,431,portfolio,Clearing,1789547191,15,0,1
ckhtfa5u,24,s16bmsk2,432,portfolio,SyncMarketRound,1789547192,15,0,1
ckhtfa5u,25,sjw641j3,432,portfolio,SyncMarketRound,1789547192,15,0,1
ckhtfa5u,6,z7t2lpyk,432,portfolio,SyncMarketRound,1789547192,15,0,1
ckhtfa5u,3,duzxv1is,432,portfolio,SyncMarketRound,1789547192,15,0,1
ckhtfa5u,16,yxcpp681,432,portfolio,SyncMarketRound,1789547192,15,0,1
ckhtfa5u,11,7abl389c,432,portfolio,SyncMarketRound,1789547192,15,0,1
ckhtfa5u,4,znk2pevv,432,portfolio,SyncMarketRound,1789547192,15,0,1
ckhtfa5u,7,dwx0my9x,432,portfolio,SyncMarketRound,1789547192,15,0,1
ckhtfa5u,8,uhxz6pjz,432,portfolio,SyncMarketRound,1789547192,15,0,1
ckhtfa5u,9,r39x605k,432,portfolio,SyncMarketRound,1789547192,15,0,1
ckhtfa5u,12,6kns3oml,432,portfolio,SyncMarketRound,1789547192,15,0,1
ckhtfa5u,13,pp2e4xx5,432,portfolio,SyncMarketRound,1789547192,15,0,1
ckhtfa5u,17,09bse981,432,portfolio,SyncMarketRound,1789547192,15,0,1
ckhtfa5u,18,2p0bevly,432,portfolio,SyncMarketRound,1789547192,15,0,1
ckhtfa5u,21,21anldsa,432,portfolio,SyncMarketRound,1789547192,15,0,1
ckhtfa5u,22,3mjtjuou,432,portfolio,SyncMarketRound,1789547192,15,0,1
ckhtfa5u,2,omrf04k4,432,portfolio,SyncMarketRound,1789547192,15,0,1
ckhtfa5u,1,msd1f2iu,432,portfolio,SyncMarketRound,1789547192,15,0,1
ckhtfa5u,5,rv5b38em,432,portfolio,SyncMarketRound,1789547192,15,0,1
ckhtfa5u,14,jid9ui4f,432,portfolio,SyncMarketRound,1789547192,15,0,1
ckhtfa5u,15,grwzfvbr,432,portfolio,SyncMarketRound,1789547192,15,0,1
ckhtfa5u,19,raavz353,432,portfolio,SyncMarketRound,1789547192,15,0,1
ckhtfa5u,10,yhliw46v,432,portfolio,SyncMarketRound,1789547192,15,0,1
ckhtfa5u,20,6rdutaoz,432,portfolio,SyncMarketRound,1789547192,15,0,1
ckhtfa5u,23,5jtwpe9d,432,portfolio,SyncMarketRound,1789547192,15,0,1
ckhtfa5u,11,7abl389c,459,portfolio,PageBidGenderExp,1789547203,16,0,0
ckhtfa5u,24,s16bmsk2,459,portfolio,PageBidGenderExp,1789547207,16,0,0
ckhtfa5u,5,rv5b38em,459,portfolio,PageBidGenderExp,1789547208,16,0,0
ckhtfa5u,4,znk2pevv,459,portfolio,PageBidGenderExp,1789547208,16,0,0
ckhtfa5u,21,21anldsa,459,portfolio,PageBidGenderExp,1789547208,16,0,0
ckhtfa5u,22,3mjtjuou,459,portfolio,PageBidGenderExp,1789547208,16,0,0
ckhtfa5u,2,omrf04k4,459,portfolio,PageBidGenderExp,1789547210,16,0,0
ckhtfa5u,10,yhliw46v,459,portfolio,PageBidGenderExp,1789547211,16,0,0
ckhtfa5u,9,r39x605k,459,portfolio,PageBidGenderExp,1789547215,16,0,0
ckhtfa5u,15,grwzfvbr,459,portfolio,PageBidGenderExp,1789547216,16,0,0
ckhtfa5u,25,sjw641j3,459,portfolio,PageBidGenderExp,1789547216,16,0,0
ckhtfa5u,16,yxcpp681,459,portfolio,PageBidGenderExp,1789547217,16,0,0
ckhtfa5u,19,raavz353,459,portfolio,PageBidGenderExp,1789547217,16,0,0
ckhtfa5u,20,6rdutaoz,459,portfolio,PageBidGenderExp,1789547217,16,0,0
ckhtfa5u,14,jid9ui4f,459,portfolio,PageBidGenderExp,1789547218,16,0,0
ckhtfa5u,6,z7t2lpyk,459,portfolio,PageBidGenderExp,1789547220,16,0,0
ckhtfa5u,13,pp2e4xx5,459,portfolio,PageBidGenderExp,1789547220,16,0,0
ckhtfa5u,3,duzxv1is,459,portfolio,PageBidGenderExp,1789547223,16,0,0
ckhtfa5u,1,msd1f2iu,459,portfolio,PageBidGenderExp,1789547223,16,0,0
ckhtfa5u,17,09bse981,459,portfolio,PageBidGenderExp,1789547223,16,0,0
ckhtfa5u,2,omrf04k4,460,portfolio,Clearing,1789547223,16,0,1
ckhtfa5u,3,duzxv1is,460,portfolio,Clearing,1789547223,16,0,1
ckhtfa5u,4,znk2pevv,460,portfolio,Clearing,1789547223,16,0,1
ckhtfa5u,5,rv5b38em,460,portfolio,Clearing,1789547223,16,0,1
ckhtfa5u,1,msd1f2iu,460,portfolio,Clearing,1789547223,16,0,1
ckhtfa5u,7,dwx0my9x,459,portfolio,PageBidGenderExp,1789547229,16,0,0
ckhtfa5u,8,uhxz6pjz,459,portfolio,PageBidGenderExp,1789547231,16,0,0
ckhtfa5u,10,yhliw46v,460,portfolio,Clearing,1789547231,16,0,1
ckhtfa5u,7,dwx0my9x,460,portfolio,Clearing,1789547231,16,0,1
ckhtfa5u,6,z7t2lpyk,460,portfolio,Clearing,1789547231,16,0,1
ckhtfa5u,8,uhxz6pjz,460,portfolio,Clearing,1789547231,16,0,1
ckhtfa5u,9,r39x605k,460,portfolio,Clearing,1789547231,16,0,1
ckhtfa5u,23,5jtwpe9d,459,portfolio,PageBidGenderExp,1789547233,16,0,0
ckhtfa5u,21,21anldsa,460,portfolio,Clearing,1789547233,16,0,1
ckhtfa5u,22,3mjtjuou,460,portfolio,Clearing,1789547233,16,0,1
ckhtfa5u,23,5jtwpe9d,460,portfolio,Clearing,1789547233,16,0,1
ckhtfa5u,24,s16bmsk2,460,portfolio,Clearing,1789547233,16,0,1
ckhtfa5u,25,sjw641j3,460,portfolio,Clearing,1789547233,16,0,1
ckhtfa5u,12,6kns3oml,459,portfolio,PageBidGenderExp,1789547236,16,0,0
ckhtfa5u,11,7abl389c,460,portfolio,Clearing,1789547236,16,0,1
ckhtfa5u,12,6kns3oml,460,portfolio,Clearing,1789547236,16,0,1
ckhtfa5u,14,jid9ui4f,460,portfolio,Clearing,1789547236,16,0,1
ckhtfa5u,13,pp2e4xx5,460,portfolio,Clearing,1789547236,16,0,1
ckhtfa5u,15,grwzfvbr,460,portfolio,Clearing,1789547236,16,0,1
ckhtfa5u,18,2p0bevly,459,portfolio,PageBidGenderExp,1789547238,16,0,0
ckhtfa5u,16,yxcpp681,460,portfolio,Clearing,1789547238,16,0,1
ckhtfa5u,17,09bse981,460,portfolio,Clearing,1789547238,16,0,1
ckhtfa5u,18,2p0bevly,460,portfolio,Clearing,1789547238,16,0,1
ckhtfa5u,19,raavz353,460,portfolio,Clearing,1789547238,16,0,1
ckhtfa5u,20,6rdutaoz,460,portfolio,Clearing,1789547238,16,0,1
ckhtfa5u,2,omrf04k4,461,portfolio,SyncMarketRound,1789547239,16,0,1
ckhtfa5u,3,duzxv1is,461,portfolio,SyncMarketRound,1789547239,16,0,1
ckhtfa5u,4,znk2pevv,461,portfolio,SyncMarketRound,1789547239,16,0,1
ckhtfa5u,5,rv5b38em,461,portfolio,SyncMarketRound,1789547239,16,0,1
ckhtfa5u,10,yhliw46v,461,portfolio,SyncMarketRound,1789547239,16,0,1
ckhtfa5u,16,yxcpp681,461,portfolio,SyncMarketRound,1789547239,16,0,1
ckhtfa5u,11,7abl389c,461,portfolio,SyncMarketRound,1789547239,16,0,1
ckhtfa5u,21,21anldsa,461,portfolio,SyncMarketRound,1789547239,16,0,1
ckhtfa5u,12,6kns3oml,461,portfolio,SyncMarketRound,1789547239,16,0,1
ckhtfa5u,22,3mjtjuou,461,portfolio,SyncMarketRound,1789547239,16,0,1
ckhtfa5u,7,dwx0my9x,461,portfolio,SyncMarketRound,1789547239,16,0,1
ckhtfa5u,23,5jtwpe9d,461,portfolio,SyncMarketRound,1789547239,16,0,1
ckhtfa5u,17,09bse981,461,portfolio,SyncMarketRound,1789547239,16,0,1
ckhtfa5u,14,jid9ui4f,461,portfolio,SyncMarketRound,1789547239,16,0,1
ckhtfa5u,18,2p0bevly,461,portfolio,SyncMarketRound,1789547239,16,0,1
ckhtfa5u,6,z7t2lpyk,461,portfolio,SyncMarketRound,1789547239,16,0,1
ckhtfa5u,13,pp2e4xx5,461,portfolio,SyncMarketRound,1789547239,16,0,1
ckhtfa5u,8,uhxz6pjz,461,portfolio,SyncMarketRound,1789547239,16,0,1
ckhtfa5u,9,r39x605k,461,portfolio,SyncMarketRound,1789547239,16,0,1
ckhtfa5u,1,msd1f2iu,461,portfolio,SyncMarketRound,1789547239,16,0,1
ckhtfa5u,24,s16bmsk2,461,portfolio,SyncMarketRound,1789547239,16,0,1
ckhtfa5u,25,sjw641j3,461,portfolio,SyncMarketRound,1789547239,16,0,1
ckhtfa5u,15,grwzfvbr,461,portfolio,SyncMarketRound,1789547239,16,0,1
ckhtfa5u,19,raavz353,461,portfolio,SyncMarketRound,1789547239,16,0,1
ckhtfa5u,20,6rdutaoz,461,portfolio,SyncMarketRound,1789547239,16,0,1
ckhtfa5u,5,rv5b38em,488,portfolio,PageBidGenderExp,1789547255,17,0,0
ckhtfa5u,11,7abl389c,488,portfolio,PageBidGenderExp,1789547255,17,0,0
ckhtfa5u,22,3mjtjuou,488,portfolio,PageBidGenderExp,1789547258,17,0,0
ckhtfa5u,20,6rdutaoz,488,portfolio,PageBidGenderExp,1789547259,17,0,0
ckhtfa5u,24,s16bmsk2,488,portfolio,PageBidGenderExp,1789547259,17,0,0
ckhtfa5u,19,raavz353,488,portfolio,PageBidGenderExp,1789547261,17,0,0
ckhtfa5u,25,sjw641j3,488,portfolio,PageBidGenderExp,1789547264,17,0,0
ckhtfa5u,9,r39x605k,488,portfolio,PageBidGenderExp,1789547265,17,0,0
ckhtfa5u,14,jid9ui4f,488,portfolio,PageBidGenderExp,1789547265,17,0,0
ckhtfa5u,6,z7t2lpyk,488,portfolio,PageBidGenderExp,1789547265,17,0,0
ckhtfa5u,3,duzxv1is,488,portfolio,PageBidGenderExp,1789547268,17,0,0
ckhtfa5u,17,09bse981,488,portfolio,PageBidGenderExp,1789547268,17,0,0
ckhtfa5u,16,yxcpp681,488,portfolio,PageBidGenderExp,1789547268,17,0,0
ckhtfa5u,21,21anldsa,488,portfolio,PageBidGenderExp,1789547269,17,0,0
ckhtfa5u,10,yhliw46v,488,portfolio,PageBidGenderExp,1789547273,17,0,0
ckhtfa5u,1,msd1f2iu,488,portfolio,PageBidGenderExp,1789547276,17,0,0
ckhtfa5u,2,omrf04k4,488,portfolio,PageBidGenderExp,1789547278,17,0,0
ckhtfa5u,8,uhxz6pjz,488,portfolio,PageBidGenderExp,1789547279,17,0,0
ckhtfa5u,23,5jtwpe9d,488,portfolio,PageBidGenderExp,1789547280,17,0,0
ckhtfa5u,22,3mjtjuou,489,portfolio,Clearing,1789547281,17,0,1
ckhtfa5u,23,5jtwpe9d,489,portfolio,Clearing,1789547281,17,0,1
ckhtfa5u,24,s16bmsk2,489,portfolio,Clearing,1789547281,17,0,1
ckhtfa5u,25,sjw641j3,489,portfolio,Clearing,1789547281,17,0,1
ckhtfa5u,21,21anldsa,489,portfolio,Clearing,1789547281,17,0,1
ckhtfa5u,15,grwzfvbr,488,portfolio,PageBidGenderExp,1789547281,17,0,0
ckhtfa5u,12,6kns3oml,488,portfolio,PageBidGenderExp,1789547282,17,0,0
ckhtfa5u,13,pp2e4xx5,488,portfolio,PageBidGenderExp,1789547291,17,0,0
ckhtfa5u,15,grwzfvbr,489,portfolio,Clearing,1789547291,17,0,1
ckhtfa5u,11,7abl389c,489,portfolio,Clearing,1789547291,17,0,1
ckhtfa5u,12,6kns3oml,489,portfolio,Clearing,1789547291,17,0,1
ckhtfa5u,13,pp2e4xx5,489,portfolio,Clearing,1789547291,17,0,1
ckhtfa5u,14,jid9ui4f,489,portfolio,Clearing,1789547291,17,0,1
ckhtfa5u,7,dwx0my9x,488,portfolio,PageBidGenderExp,1789547293,17,0,0
ckhtfa5u,7,dwx0my9x,489,portfolio,Clearing,1789547293,17,0,1
ckhtfa5u,6,z7t2lpyk,489,portfolio,Clearing,1789547293,17,0,1
ckhtfa5u,8,uhxz6pjz,489,portfolio,Clearing,1789547293,17,0,1
ckhtfa5u,9,r39x605k,489,portfolio,Clearing,1789547293,17,0,1
ckhtfa5u,10,yhliw46v,489,portfolio,Clearing,1789547293,17,0,1
ckhtfa5u,18,2p0bevly,488,portfolio,PageBidGenderExp,1789547293,17,0,0
ckhtfa5u,16,yxcpp681,489,portfolio,Clearing,1789547293,17,0,1
ckhtfa5u,17,09bse981,489,portfolio,Clearing,1789547293,17,0,1
ckhtfa5u,18,2p0bevly,489,portfolio,Clearing,1789547293,17,0,1
ckhtfa5u,19,raavz353,489,portfolio,Clearing,1789547293,17,0,1
ckhtfa5u,20,6rdutaoz,489,portfolio,Clearing,1789547293,17,0,1
ckhtfa5u,4,znk2pevv,488,portfolio,PageBidGenderExp,1789547303,17,0,0
ckhtfa5u,5,rv5b38em,489,portfolio,Clearing,1789547303,17,0,1
ckhtfa5u,1,msd1f2iu,489,portfolio,Clearing,1789547303,17,0,1
ckhtfa5u,2,omrf04k4,489,portfolio,Clearing,1789547303,17,0,1
ckhtfa5u,3,duzxv1is,489,portfolio,Clearing,1789547303,17,0,1
ckhtfa5u,4,znk2pevv,489,portfolio,Clearing,1789547303,17,0,1
ckhtfa5u,22,3mjtjuou,490,portfolio,SyncMarketRound,1789547305,17,0,1
ckhtfa5u,23,5jtwpe9d,490,portfolio,SyncMarketRound,1789547305,17,0,1
ckhtfa5u,24,s16bmsk2,490,portfolio,SyncMarketRound,1789547305,17,0,1
ckhtfa5u,25,sjw641j3,490,portfolio,SyncMarketRound,1789547305,17,0,1
ckhtfa5u,5,rv5b38em,490,portfolio,SyncMarketRound,1789547305,17,0,1
ckhtfa5u,1,msd1f2iu,490,portfolio,SyncMarketRound,1789547305,17,0,1
ckhtfa5u,16,yxcpp681,490,portfolio,SyncMarketRound,1789547305,17,0,1
ckhtfa5u,7,dwx0my9x,490,portfolio,SyncMarketRound,1789547305,17,0,1
ckhtfa5u,6,z7t2lpyk,490,portfolio,SyncMarketRound,1789547305,17,0,1
ckhtfa5u,2,omrf04k4,490,portfolio,SyncMarketRound,1789547305,17,0,1
ckhtfa5u,3,duzxv1is,490,portfolio,SyncMarketRound,1789547305,17,0,1
ckhtfa5u,17,09bse981,490,portfolio,SyncMarketRound,1789547305,17,0,1
ckhtfa5u,18,2p0bevly,490,portfolio,SyncMarketRound,1789547305,17,0,1
ckhtfa5u,15,grwzfvbr,490,portfolio,SyncMarketRound,1789547305,17,0,1
ckhtfa5u,8,uhxz6pjz,490,portfolio,SyncMarketRound,1789547305,17,0,1
ckhtfa5u,9,r39x605k,490,portfolio,SyncMarketRound,1789547305,17,0,1
ckhtfa5u,11,7abl389c,490,portfolio,SyncMarketRound,1789547305,17,0,1
ckhtfa5u,12,6kns3oml,490,portfolio,SyncMarketRound,1789547305,17,0,1
ckhtfa5u,13,pp2e4xx5,490,portfolio,SyncMarketRound,1789547305,17,0,1
ckhtfa5u,14,jid9ui4f,490,portfolio,SyncMarketRound,1789547305,17,0,1
ckhtfa5u,10,yhliw46v,490,portfolio,SyncMarketRound,1789547305,17,0,1
ckhtfa5u,19,raavz353,490,portfolio,SyncMarketRound,1789547305,17,0,1
ckhtfa5u,4,znk2pevv,490,portfolio,SyncMarketRound,1789547305,17,0,1
ckhtfa5u,20,6rdutaoz,490,portfolio,SyncMarketRound,1789547305,17,0,1
ckhtfa5u,21,21anldsa,490,portfolio,SyncMarketRound,1789547305,17,0,1
ckhtfa5u,5,rv5b38em,517,portfolio,PageBidGenderExp,1789547318,18,0,0
ckhtfa5u,21,21anldsa,517,portfolio,PageBidGenderExp,1789547320,18,0,0
ckhtfa5u,25,sjw641j3,517,portfolio,PageBidGenderExp,1789547322,18,0,0
ckhtfa5u,24,s16bmsk2,517,portfolio,PageBidGenderExp,1789547322,18,0,0
ckhtfa5u,16,yxcpp681,517,portfolio,PageBidGenderExp,1789547322,18,0,0
ckhtfa5u,4,znk2pevv,517,portfolio,PageBidGenderExp,1789547323,18,0,0
ckhtfa5u,10,yhliw46v,517,portfolio,PageBidGenderExp,1789547323,18,0,0
ckhtfa5u,11,7abl389c,517,portfolio,PageBidGenderExp,1789547323,18,0,0
ckhtfa5u,13,pp2e4xx5,517,portfolio,PageBidGenderExp,1789547323,18,0,0
ckhtfa5u,9,r39x605k,517,portfolio,PageBidGenderExp,1789547324,18,0,0
ckhtfa5u,6,z7t2lpyk,517,portfolio,PageBidGenderExp,1789547324,18,0,0
ckhtfa5u,19,raavz353,517,portfolio,PageBidGenderExp,1789547330,18,0,0
ckhtfa5u,23,5jtwpe9d,517,portfolio,PageBidGenderExp,1789547331,18,0,0
ckhtfa5u,3,duzxv1is,517,portfolio,PageBidGenderExp,1789547331,18,0,0
ckhtfa5u,22,3mjtjuou,517,portfolio,PageBidGenderExp,1789547335,18,0,0
ckhtfa5u,24,s16bmsk2,518,portfolio,Clearing,1789547335,18,0,1
ckhtfa5u,25,sjw641j3,518,portfolio,Clearing,1789547335,18,0,1
ckhtfa5u,21,21anldsa,518,portfolio,Clearing,1789547335,18,0,1
ckhtfa5u,22,3mjtjuou,518,portfolio,Clearing,1789547335,18,0,1
ckhtfa5u,23,5jtwpe9d,518,portfolio,Clearing,1789547335,18,0,1
ckhtfa5u,20,6rdutaoz,517,portfolio,PageBidGenderExp,1789547340,18,0,0
ckhtfa5u,14,jid9ui4f,517,portfolio,PageBidGenderExp,1789547341,18,0,0
ckhtfa5u,18,2p0bevly,517,portfolio,PageBidGenderExp,1789547342,18,0,0
ckhtfa5u,12,6kns3oml,517,portfolio,PageBidGenderExp,1789547345,18,0,0
ckhtfa5u,17,09bse981,517,portfolio,PageBidGenderExp,1789547346,18,0,0
ckhtfa5u,8,uhxz6pjz,517,portfolio,PageBidGenderExp,1789547346,18,0,0
ckhtfa5u,18,2p0bevly,518,portfolio,Clearing,1789547346,18,0,1
ckhtfa5u,16,yxcpp681,518,portfolio,Clearing,1789547346,18,0,1
ckhtfa5u,17,09bse981,518,portfolio,Clearing,1789547346,18,0,1
ckhtfa5u,19,raavz353,518,portfolio,Clearing,1789547346,18,0,1
ckhtfa5u,20,6rdutaoz,518,portfolio,Clearing,1789547346,18,0,1
ckhtfa5u,1,msd1f2iu,517,portfolio,PageBidGenderExp,1789547351,18,0,0
ckhtfa5u,7,dwx0my9x,517,portfolio,PageBidGenderExp,1789547357,18,0,0
ckhtfa5u,10,yhliw46v,518,portfolio,Clearing,1789547357,18,0,1
ckhtfa5u,6,z7t2lpyk,518,portfolio,Clearing,1789547357,18,0,1
ckhtfa5u,7,dwx0my9x,518,portfolio,Clearing,1789547357,18,0,1
ckhtfa5u,8,uhxz6pjz,518,portfolio,Clearing,1789547357,18,0,1
ckhtfa5u,9,r39x605k,518,portfolio,Clearing,1789547357,18,0,1
ckhtfa5u,2,omrf04k4,517,portfolio,PageBidGenderExp,1789547362,18,0,0
ckhtfa5u,5,rv5b38em,518,portfolio,Clearing,1789547363,18,0,1
ckhtfa5u,1,msd1f2iu,518,portfolio,Clearing,1789547363,18,0,1
ckhtfa5u,2,omrf04k4,518,portfolio,Clearing,1789547363,18,0,1
ckhtfa5u,3,duzxv1is,518,portfolio,Clearing,1789547363,18,0,1
ckhtfa5u,4,znk2pevv,518,portfolio,Clearing,1789547363,18,0,1
ckhtfa5u,15,grwzfvbr,517,portfolio,PageBidGenderExp,1789547383,18,0,0
ckhtfa5u,11,7abl389c,518,portfolio,Clearing,1789547383,18,0,1
ckhtfa5u,12,6kns3oml,518,portfolio,Clearing,1789547383,18,0,1
ckhtfa5u,13,pp2e4xx5,518,portfolio,Clearing,1789547383,18,0,1
ckhtfa5u,14,jid9ui4f,518,portfolio,Clearing,1789547383,18,0,1
ckhtfa5u,15,grwzfvbr,518,portfolio,Clearing,1789547383,18,0,1
ckhtfa5u,24,s16bmsk2,519,portfolio,SyncMarketRound,1789547385,18,0,1
ckhtfa5u,25,sjw641j3,519,portfolio,SyncMarketRound,1789547385,18,0,1
ckhtfa5u,5,rv5b38em,519,portfolio,SyncMarketRound,1789547385,18,0,1
ckhtfa5u,11,7abl389c,519,portfolio,SyncMarketRound,1789547385,18,0,1
ckhtfa5u,18,2p0bevly,519,portfolio,SyncMarketRound,1789547385,18,0,1
ckhtfa5u,12,6kns3oml,519,portfolio,SyncMarketRound,1789547385,18,0,1
ckhtfa5u,13,pp2e4xx5,519,portfolio,SyncMarketRound,1789547385,18,0,1
ckhtfa5u,10,yhliw46v,519,portfolio,SyncMarketRound,1789547385,18,0,1
ckhtfa5u,1,msd1f2iu,519,portfolio,SyncMarketRound,1789547385,18,0,1
ckhtfa5u,2,omrf04k4,519,portfolio,SyncMarketRound,1789547385,18,0,1
ckhtfa5u,6,z7t2lpyk,519,portfolio,SyncMarketRound,1789547385,18,0,1
ckhtfa5u,14,jid9ui4f,519,portfolio,SyncMarketRound,1789547385,18,0,1
ckhtfa5u,7,dwx0my9x,519,portfolio,SyncMarketRound,1789547385,18,0,1
ckhtfa5u,21,21anldsa,519,portfolio,SyncMarketRound,1789547385,18,0,1
ckhtfa5u,22,3mjtjuou,519,portfolio,SyncMarketRound,1789547385,18,0,1
ckhtfa5u,23,5jtwpe9d,519,portfolio,SyncMarketRound,1789547385,18,0,1
ckhtfa5u,3,duzxv1is,519,portfolio,SyncMarketRound,1789547385,18,0,1
ckhtfa5u,16,yxcpp681,519,portfolio,SyncMarketRound,1789547385,18,0,1
ckhtfa5u,17,09bse981,519,portfolio,SyncMarketRound,1789547385,18,0,1
ckhtfa5u,19,raavz353,519,portfolio,SyncMarketRound,1789547385,18,0,1
ckhtfa5u,20,6rdutaoz,519,portfolio,SyncMarketRound,1789547385,18,0,1
ckhtfa5u,8,uhxz6pjz,519,portfolio,SyncMarketRound,1789547385,18,0,1
ckhtfa5u,9,r39x605k,519,portfolio,SyncMarketRound,1789547385,18,0,1
ckhtfa5u,4,znk2pevv,519,portfolio,SyncMarketRound,1789547385,18,0,1
ckhtfa5u,15,grwzfvbr,519,portfolio,SyncMarketRound,1789547385,18,0,1
ckhtfa5u,24,s16bmsk2,546,portfolio,PageBidGenderExp,1789547400,19,0,0
ckhtfa5u,9,r39x605k,546,portfolio,PageBidGenderExp,1789547400,19,0,0
ckhtfa5u,11,7abl389c,546,portfolio,PageBidGenderExp,1789547401,19,0,0
ckhtfa5u,16,yxcpp681,546,portfolio,PageBidGenderExp,1789547403,19,0,0
ckhtfa5u,5,rv5b38em,546,portfolio,PageBidGenderExp,1789547403,19,0,0
ckhtfa5u,21,21anldsa,546,portfolio,PageBidGenderExp,1789547404,19,0,0
ckhtfa5u,17,09bse981,546,portfolio,PageBidGenderExp,1789547406,19,0,0
ckhtfa5u,22,3mjtjuou,546,portfolio,PageBidGenderExp,1789547406,19,0,0
ckhtfa5u,14,jid9ui4f,546,portfolio,PageBidGenderExp,1789547408,19,0,0
ckhtfa5u,19,raavz353,546,portfolio,PageBidGenderExp,1789547409,19,0,0
ckhtfa5u,13,pp2e4xx5,546,portfolio,PageBidGenderExp,1789547409,19,0,0
ckhtfa5u,6,z7t2lpyk,546,portfolio,PageBidGenderExp,1789547409,19,0,0
ckhtfa5u,4,znk2pevv,546,portfolio,PageBidGenderExp,1789547411,19,0,0
ckhtfa5u,15,grwzfvbr,546,portfolio,PageBidGenderExp,1789547413,19,0,0
ckhtfa5u,20,6rdutaoz,546,portfolio,PageBidGenderExp,1789547415,19,0,0
ckhtfa5u,1,msd1f2iu,546,portfolio,PageBidGenderExp,1789547417,19,0,0
ckhtfa5u,3,duzxv1is,546,portfolio,PageBidGenderExp,1789547418,19,0,0
ckhtfa5u,23,5jtwpe9d,546,portfolio,PageBidGenderExp,1789547419,19,0,0
ckhtfa5u,12,6kns3oml,546,portfolio,PageBidGenderExp,1789547421,19,0,0
ckhtfa5u,13,pp2e4xx5,547,portfolio,Clearing,1789547421,19,0,1
ckhtfa5u,11,7abl389c,547,portfolio,Clearing,1789547421,19,0,1
ckhtfa5u,12,6kns3oml,547,portfolio,Clearing,1789547421,19,0,1
ckhtfa5u,14,jid9ui4f,547,portfolio,Clearing,1789547421,19,0,1
ckhtfa5u,15,grwzfvbr,547,portfolio,Clearing,1789547421,19,0,1
ckhtfa5u,10,yhliw46v,546,portfolio,PageBidGenderExp,1789547422,19,0,0
ckhtfa5u,18,2p0bevly,546,portfolio,PageBidGenderExp,1789547431,19,0,0
ckhtfa5u,16,yxcpp681,547,portfolio,Clearing,1789547432,19,0,1
ckhtfa5u,17,09bse981,547,portfolio,Clearing,1789547432,19,0,1
ckhtfa5u,18,2p0bevly,547,portfolio,Clearing,1789547432,19,0,1
ckhtfa5u,19,raavz353,547,portfolio,Clearing,1789547432,19,0,1
ckhtfa5u,20,6rdutaoz,547,portfolio,Clearing,1789547432,19,0,1
ckhtfa5u,8,uhxz6pjz,546,portfolio,PageBidGenderExp,1789547435,19,0,0
ckhtfa5u,7,dwx0my9x,546,portfolio,PageBidGenderExp,1789547441,19,0,0
ckhtfa5u,10,yhliw46v,547,portfolio,Clearing,1789547442,19,0,1
ckhtfa5u,6,z7t2lpyk,547,portfolio,Clearing,1789547442,19,0,1
ckhtfa5u,7,dwx0my9x,547,portfolio,Clearing,1789547442,19,0,1
ckhtfa5u,8,uhxz6pjz,547,portfolio,Clearing,1789547442,19,0,1
ckhtfa5u,9,r39x605k,547,portfolio,Clearing,1789547442,19,0,1
ckhtfa5u,2,omrf04k4,546,portfolio,PageBidGenderExp,1789547447,19,0,0
ckhtfa5u,2,omrf04k4,547,portfolio,Clearing,1789547447,19,0,1
ckhtfa5u,3,duzxv1is,547,portfolio,Clearing,1789547447,19,0,1
ckhtfa5u,4,znk2pevv,547,portfolio,Clearing,1789547447,19,0,1
ckhtfa5u,5,rv5b38em,547,portfolio,Clearing,1789547447,19,0,1
ckhtfa5u,1,msd1f2iu,547,portfolio,Clearing,1789547447,19,0,1
ckhtfa5u,25,sjw641j3,546,portfolio,PageBidGenderExp,1789547458,19,0,0
ckhtfa5u,24,s16bmsk2,547,portfolio,Clearing,1789547459,19,0,1
ckhtfa5u,25,sjw641j3,547,portfolio,Clearing,1789547459,19,0,1
ckhtfa5u,21,21anldsa,547,portfolio,Clearing,1789547459,19,0,1
ckhtfa5u,22,3mjtjuou,547,portfolio,Clearing,1789547459,19,0,1
ckhtfa5u,23,5jtwpe9d,547,portfolio,Clearing,1789547459,19,0,1
ckhtfa5u,10,yhliw46v,548,portfolio,SyncMarketRound,1789547460,19,0,1
ckhtfa5u,2,omrf04k4,548,portfolio,SyncMarketRound,1789547460,19,0,1
ckhtfa5u,3,duzxv1is,548,portfolio,SyncMarketRound,1789547460,19,0,1
ckhtfa5u,16,yxcpp681,548,portfolio,SyncMarketRound,1789547460,19,0,1
ckhtfa5u,13,pp2e4xx5,548,portfolio,SyncMarketRound,1789547460,19,0,1
ckhtfa5u,4,znk2pevv,548,portfolio,SyncMarketRound,1789547460,19,0,1
ckhtfa5u,5,rv5b38em,548,portfolio,SyncMarketRound,1789547460,19,0,1
ckhtfa5u,1,msd1f2iu,548,portfolio,SyncMarketRound,1789547460,19,0,1
ckhtfa5u,6,z7t2lpyk,548,portfolio,SyncMarketRound,1789547460,19,0,1
ckhtfa5u,11,7abl389c,548,portfolio,SyncMarketRound,1789547460,19,0,1
ckhtfa5u,12,6kns3oml,548,portfolio,SyncMarketRound,1789547460,19,0,1
ckhtfa5u,14,jid9ui4f,548,portfolio,SyncMarketRound,1789547460,19,0,1
ckhtfa5u,15,grwzfvbr,548,portfolio,SyncMarketRound,1789547460,19,0,1
ckhtfa5u,7,dwx0my9x,548,portfolio,SyncMarketRound,1789547460,19,0,1
ckhtfa5u,8,uhxz6pjz,548,portfolio,SyncMarketRound,1789547460,19,0,1
ckhtfa5u,9,r39x605k,548,portfolio,SyncMarketRound,1789547460,19,0,1
ckhtfa5u,24,s16bmsk2,548,portfolio,SyncMarketRound,1789547460,19,0,1
ckhtfa5u,25,sjw641j3,548,portfolio,SyncMarketRound,1789547460,19,0,1
ckhtfa5u,17,09bse981,548,portfolio,SyncMarketRound,1789547460,19,0,1
ckhtfa5u,18,2p0bevly,548,portfolio,SyncMarketRound,1789547460,19,0,1
ckhtfa5u,19,raavz353,548,portfolio,SyncMarketRound,1789547460,19,0,1
ckhtfa5u,20,6rdutaoz,548,portfolio,SyncMarketRound,1789547460,19,0,1
ckhtfa5u,21,21anldsa,548,portfolio,SyncMarketRound,1789547460,19,0,1
ckhtfa5u,22,3mjtjuou,548,portfolio,SyncMarketRound,1789547460,19,0,1
ckhtfa5u,23,5jtwpe9d,548,portfolio,SyncMarketRound,1789547460,19,0,1
ckhtfa5u,16,yxcpp681,575,portfolio,PageBidGenderExp,1789547472,20,0,0
ckhtfa5u,11,7abl389c,575,portfolio,PageBidGenderExp,1789547473,20,0,0
ckhtfa5u,5,rv5b38em,575,portfolio,PageBidGenderExp,1789547476,20,0,0
ckhtfa5u,25,sjw641j3,575,portfolio,PageBidGenderExp,1789547476,20,0,0
ckhtfa5u,10,yhliw46v,575,portfolio,PageBidGenderExp,1789547477,20,0,0
ckhtfa5u,21,21anldsa,575,portfolio,PageBidGenderExp,1789547478,20,0,0
ckhtfa5u,6,z7t2lpyk,575,portfolio,PageBidGenderExp,1789547479,20,0,0
ckhtfa5u,24,s16bmsk2,575,portfolio,PageBidGenderExp,1789547479,20,0,0
ckhtfa5u,19,raavz353,575,portfolio,PageBidGenderExp,1789547481,20,0,0
ckhtfa5u,17,09bse981,575,portfolio,PageBidGenderExp,1789547482,20,0,0
ckhtfa5u,9,r39x605k,575,portfolio,PageBidGenderExp,1789547482,20,0,0
ckhtfa5u,14,jid9ui4f,575,portfolio,PageBidGenderExp,1789547482,20,0,0
ckhtfa5u,1,msd1f2iu,575,portfolio,PageBidGenderExp,1789547485,20,0,0
ckhtfa5u,20,6rdutaoz,575,portfolio,PageBidGenderExp,1789547486,20,0,0
ckhtfa5u,23,5jtwpe9d,575,portfolio,PageBidGenderExp,1789547490,20,0,0
ckhtfa5u,22,3mjtjuou,575,portfolio,PageBidGenderExp,1789547490,20,0,0
ckhtfa5u,21,21anldsa,576,portfolio,Clearing,1789547490,20,0,1
ckhtfa5u,22,3mjtjuou,576,portfolio,Clearing,1789547490,20,0,1
ckhtfa5u,23,5jtwpe9d,576,portfolio,Clearing,1789547490,20,0,1
ckhtfa5u,24,s16bmsk2,576,portfolio,Clearing,1789547490,20,0,1
ckhtfa5u,25,sjw641j3,576,portfolio,Clearing,1789547490,20,0,1
ckhtfa5u,8,uhxz6pjz,575,portfolio,PageBidGenderExp,1789547492,20,0,0
ckhtfa5u,13,pp2e4xx5,575,portfolio,PageBidGenderExp,1789547493,20,0,0
ckhtfa5u,15,grwzfvbr,575,portfolio,PageBidGenderExp,1789547495,20,0,0
ckhtfa5u,3,duzxv1is,575,portfolio,PageBidGenderExp,1789547496,20,0,0
ckhtfa5u,18,2p0bevly,575,portfolio,PageBidGenderExp,1789547500,20,0,0
ckhtfa5u,16,yxcpp681,576,portfolio,Clearing,1789547501,20,0,1
ckhtfa5u,17,09bse981,576,portfolio,Clearing,1789547501,20,0,1
ckhtfa5u,18,2p0bevly,576,portfolio,Clearing,1789547501,20,0,1
ckhtfa5u,19,raavz353,576,portfolio,Clearing,1789547501,20,0,1
ckhtfa5u,20,6rdutaoz,576,portfolio,Clearing,1789547501,20,0,1
ckhtfa5u,12,6kns3oml,575,portfolio,PageBidGenderExp,1789547503,20,0,0
ckhtfa5u,12,6kns3oml,576,portfolio,Clearing,1789547503,20,0,1
ckhtfa5u,13,pp2e4xx5,576,portfolio,Clearing,1789547503,20,0,1
ckhtfa5u,14,jid9ui4f,576,portfolio,Clearing,1789547503,20,0,1
ckhtfa5u,15,grwzfvbr,576,portfolio,Clearing,1789547503,20,0,1
ckhtfa5u,11,7abl389c,576,portfolio,Clearing,1789547503,20,0,1
ckhtfa5u,2,omrf04k4,575,portfolio,PageBidGenderExp,1789547506,20,0,0
ckhtfa5u,7,dwx0my9x,575,portfolio,PageBidGenderExp,1789547514,20,0,0
ckhtfa5u,6,z7t2lpyk,576,portfolio,Clearing,1789547514,20,0,1
ckhtfa5u,7,dwx0my9x,576,portfolio,Clearing,1789547514,20,0,1
ckhtfa5u,8,uhxz6pjz,576,portfolio,Clearing,1789547514,20,0,1
ckhtfa5u,9,r39x605k,576,portfolio,Clearing,1789547514,20,0,1
ckhtfa5u,10,yhliw46v,576,portfolio,Clearing,1789547514,20,0,1
ckhtfa5u,4,znk2pevv,575,portfolio,PageBidGenderExp,1789547532,20,0,0
ckhtfa5u,1,msd1f2iu,576,portfolio,Clearing,1789547532,20,0,1
ckhtfa5u,2,omrf04k4,576,portfolio,Clearing,1789547532,20,0,1
ckhtfa5u,3,duzxv1is,576,portfolio,Clearing,1789547532,20,0,1
ckhtfa5u,4,znk2pevv,576,portfolio,Clearing,1789547532,20,0,1
ckhtfa5u,5,rv5b38em,576,portfolio,Clearing,1789547532,20,0,1
ckhtfa5u,2,omrf04k4,577,portfolio,SyncMarketRound,1789547539,20,0,1
ckhtfa5u,9,r39x605k,577,portfolio,SyncMarketRound,1789547539,20,0,1
ckhtfa5u,16,yxcpp681,577,portfolio,SyncMarketRound,1789547539,20,0,1
ckhtfa5u,10,yhliw46v,577,portfolio,SyncMarketRound,1789547539,20,0,1
ckhtfa5u,11,7abl389c,577,portfolio,SyncMarketRound,1789547539,20,0,1
ckhtfa5u,3,duzxv1is,577,portfolio,SyncMarketRound,1789547539,20,0,1
ckhtfa5u,4,znk2pevv,577,portfolio,SyncMarketRound,1789547539,20,0,1
ckhtfa5u,17,09bse981,577,portfolio,SyncMarketRound,1789547539,20,0,1
ckhtfa5u,18,2p0bevly,577,portfolio,SyncMarketRound,1789547539,20,0,1
ckhtfa5u,19,raavz353,577,portfolio,SyncMarketRound,1789547539,20,0,1
ckhtfa5u,12,6kns3oml,577,portfolio,SyncMarketRound,1789547539,20,0,1
ckhtfa5u,13,pp2e4xx5,577,portfolio,SyncMarketRound,1789547539,20,0,1
ckhtfa5u,5,rv5b38em,577,portfolio,SyncMarketRound,1789547539,20,0,1
ckhtfa5u,6,z7t2lpyk,577,portfolio,SyncMarketRound,1789547539,20,0,1
ckhtfa5u,23,5jtwpe9d,577,portfolio,SyncMarketRound,1789547539,20,0,1
ckhtfa5u,24,s16bmsk2,577,portfolio,SyncMarketRound,1789547539,20,0,1
ckhtfa5u,25,sjw641j3,577,portfolio,SyncMarketRound,1789547539,20,0,1
ckhtfa5u,14,jid9ui4f,577,portfolio,SyncMarketRound,1789547539,20,0,1
ckhtfa5u,20,6rdutaoz,577,portfolio,SyncMarketRound,1789547539,20,0,1
ckhtfa5u,21,21anldsa,577,portfolio,SyncMarketRound,1789547539,20,0,1
ckhtfa5u,22,3mjtjuou,577,portfolio,SyncMarketRound,1789547539,20,0,1
ckhtfa5u,15,grwzfvbr,577,portfolio,SyncMarketRound,1789547539,20,0,1
ckhtfa5u,7,dwx0my9x,577,portfolio,SyncMarketRound,1789547539,20,0,1
ckhtfa5u,1,msd1f2iu,577,portfolio,SyncMarketRound,1789547539,20,0,1
ckhtfa5u,8,uhxz6pjz,577,portfolio,SyncMarketRound,1789547539,20,0,1
ckhtfa5u,5,rv5b38em,579,portfolio,PageHistoryGenderExp,1789547542,20,0,0
ckhtfa5u,16,yxcpp681,579,portfolio,PageHistoryGenderExp,1789547543,20,0,0
ckhtfa5u,22,3mjtjuou,579,portfolio,PageHistoryGenderExp,1789547545,20,0,0
ckhtfa5u,5,rv5b38em,580,portfolio,Results,1789547545,20,0,0
ckhtfa5u,15,grwzfvbr,579,portfolio,PageHistoryGenderExp,1789547545,20,0,0
ckhtfa5u,11,7abl389c,579,portfolio,PageHistoryGenderExp,1789547545,20,0,0
ckhtfa5u,2,omrf04k4,579,portfolio,PageHistoryGenderExp,1789547545,20,0,0
ckhtfa5u,25,sjw641j3,579,portfolio,PageHistoryGenderExp,1789547546,20,0,0
ckhtfa5u,10,yhliw46v,579,portfolio,PageHistoryGenderExp,1789547546,20,0,0
ckhtfa5u,21,21anldsa,579,portfolio,PageHistoryGenderExp,1789547546,20,0,0
ckhtfa5u,6,z7t2lpyk,579,portfolio,PageHistoryGenderExp,1789547546,20,0,0
ckhtfa5u,8,uhxz6pjz,579,portfolio,PageHistoryGenderExp,1789547546,20,0,0
ckhtfa5u,22,3mjtjuou,580,portfolio,Results,1789547546,20,0,0
ckhtfa5u,7,dwx0my9x,579,portfolio,PageHistoryGenderExp,1789547547,20,0,0
ckhtfa5u,11,7abl389c,580,portfolio,Results,1789547547,20,0,0
ckhtfa5u,1,msd1f2iu,579,portfolio,PageHistoryGenderExp,1789547547,20,0,0
ckhtfa5u,17,09bse981,579,portfolio,PageHistoryGenderExp,1789547548,20,0,0
ckhtfa5u,15,grwzfvbr,580,portfolio,Results,1789547548,20,0,0
ckhtfa5u,10,yhliw46v,580,portfolio,Results,1789547548,20,0,0
ckhtfa5u,6,z7t2lpyk,580,portfolio,Results,1789547548,20,0,0
ckhtfa5u,21,21anldsa,580,portfolio,Results,1789547548,20,0,0
ckhtfa5u,8,uhxz6pjz,580,portfolio,Results,1789547548,20,0,0
ckhtfa5u,24,s16bmsk2,579,portfolio,PageHistoryGenderExp,1789547549,20,0,0
ckhtfa5u,25,sjw641j3,580,portfolio,Results,1789547549,20,0,0
ckhtfa5u,4,znk2pevv,579,portfolio,PageHistoryGenderExp,1789547549,20,0,0
ckhtfa5u,7,dwx0my9x,580,portfolio,Results,1789547550,20,0,0
ckhtfa5u,1,msd1f2iu,580,portfolio,Results,1789547551,20,0,0
ckhtfa5u,19,raavz353,579,portfolio,PageHistoryGenderExp,1789547551,20,0,0
ckhtfa5u,14,jid9ui4f,579,portfolio,PageHistoryGenderExp,1789547552,20,0,0
ckhtfa5u,23,5jtwpe9d,579,portfolio,PageHistoryGenderExp,1789547552,20,0,0
ckhtfa5u,20,6rdutaoz,579,portfolio,PageHistoryGenderExp,1789547552,20,0,0
ckhtfa5u,4,znk2pevv,580,portfolio,Results,1789547552,20,0,0
ckhtfa5u,17,09bse981,580,portfolio,Results,1789547552,20,0,0
ckhtfa5u,24,s16bmsk2,580,portfolio,Results,1789547553,20,0,0
ckhtfa5u,13,pp2e4xx5,579,portfolio,PageHistoryGenderExp,1789547553,20,0,0
ckhtfa5u,18,2p0bevly,579,portfolio,PageHistoryGenderExp,1789547553,20,0,0
ckhtfa5u,9,r39x605k,579,portfolio,PageHistoryGenderExp,1789547553,20,0,0
ckhtfa5u,19,raavz353,580,portfolio,Results,1789547553,20,0,0
ckhtfa5u,20,6rdutaoz,580,portfolio,Results,1789547554,20,0,0
ckhtfa5u,23,5jtwpe9d,580,portfolio,Results,1789547554,20,0,0
ckhtfa5u,13,pp2e4xx5,580,portfolio,Results,1789547555,20,0,0
ckhtfa5u,14,jid9ui4f,580,portfolio,Results,1789547556,20,0,0
ckhtfa5u,3,duzxv1is,579,portfolio,PageHistoryGenderExp,1789547556,20,0,0
ckhtfa5u,9,r39x605k,580,portfolio,Results,1789547557,20,0,0
ckhtfa5u,18,2p0bevly,580,portfolio,Results,1789547557,20,0,0
ckhtfa5u,12,6kns3oml,579,portfolio,PageHistoryGenderExp,1789547558,20,0,0
ckhtfa5u,3,duzxv1is,580,portfolio,Results,1789547559,20,0,0
ckhtfa5u,12,6kns3oml,580,portfolio,Results,1789547561,20,0,0
ckhtfa5u,2,omrf04k4,580,portfolio,Results,1789547562,20,0,0
ckhtfa5u,16,yxcpp681,580,portfolio,Results,1789547597,20,0,0
ckhtfa5u,6,z7t2lpyk,581,survey_ntu,Demographics,1789547606,1,0,0
ckhtfa5u,22,3mjtjuou,581,survey_ntu,Demographics,1789547625,1,0,0
ckhtfa5u,10,yhliw46v,581,survey_ntu,Demographics,1789547629,1,0,0
ckhtfa5u,23,5jtwpe9d,581,survey_ntu,Demographics,1789547629,1,0,0
ckhtfa5u,6,z7t2lpyk,582,survey_ntu,Attitudes,1789547639,1,0,0
ckhtfa5u,14,jid9ui4f,581,survey_ntu,Demographics,1789547647,1,0,0
ckhtfa5u,4,znk2pevv,581,survey_ntu,Demographics,1789547650,1,0,0
ckhtfa5u,9,r39x605k,581,survey_ntu,Demographics,1789547650,1,0,0
ckhtfa5u,22,3mjtjuou,582,survey_ntu,Attitudes,1789547651,1,0,0
ckhtfa5u,22,3mjtjuou,583,survey_ntu,InstructionsDictator,1789547653,1,0,0
ckhtfa5u,20,6rdutaoz,581,survey_ntu,Demographics,1789547659,1,0,0
ckhtfa5u,22,3mjtjuou,584,survey_ntu,Dictator,1789547660,1,0,0
ckhtfa5u,14,jid9ui4f,582,survey_ntu,Attitudes,1789547665,1,0,0
ckhtfa5u,5,rv5b38em,581,survey_ntu,Demographics,1789547666,1,0,0
ckhtfa5u,10,yhliw46v,582,survey_ntu,Attitudes,1789547667,1,0,0
ckhtfa5u,21,21anldsa,581,survey_ntu,Demographics,1789547667,1,0,0
ckhtfa5u,17,09bse981,581,survey_ntu,Demographics,1789547668,1,0,0
ckhtfa5u,6,z7t2lpyk,583,survey_ntu,InstructionsDictator,1789547673,1,0,0
ckhtfa5u,7,dwx0my9x,581,survey_ntu,Demographics,1789547677,1,0,0
ckhtfa5u,8,uhxz6pjz,581,survey_ntu,Demographics,1789547682,1,0,0
ckhtfa5u,21,21anldsa,582,survey_ntu,Attitudes,1789547685,1,0,0
ckhtfa5u,6,z7t2lpyk,584,survey_ntu,Dictator,1789547685,1,0,0
ckhtfa5u,5,rv5b38em,582,survey_ntu,Attitudes,1789547686,1,0,0
ckhtfa5u,21,21anldsa,583,survey_ntu,InstructionsDictator,1789547690,1,0,0
ckhtfa5u,2,omrf04k4,581,survey_ntu,Demographics,1789547690,1,0,0
ckhtfa5u,20,6rdutaoz,582,survey_ntu,Attitudes,1789547695,1,0,0
ckhtfa5u,9,r39x605k,582,survey_ntu,Attitudes,1789547697,1,0,0
ckhtfa5u,23,5jtwpe9d,582,survey_ntu,Attitudes,1789547698,1,0,0
ckhtfa5u,21,21anldsa,584,survey_ntu,Dictator,1789547698,1,0,0
ckhtfa5u,17,09bse981,582,survey_ntu,Attitudes,1789547701,1,0,0
ckhtfa5u,10,yhliw46v,583,survey_ntu,InstructionsDictator,1789547703,1,0,0
ckhtfa5u,14,jid9ui4f,583,survey_ntu,InstructionsDictator,1789547705,1,0,0
ckhtfa5u,23,5jtwpe9d,583,survey_ntu,InstructionsDictator,1789547705,1,0,0
ckhtfa5u,4,znk2pevv,582,survey_ntu,Attitudes,1789547707,1,0,0
ckhtfa5u,4,znk2pevv,583,survey_ntu,InstructionsDictator,1789547711,1,0,0
ckhtfa5u,20,6rdutaoz,583,survey_ntu,InstructionsDictator,1789547713,1,0,0
ckhtfa5u,8,uhxz6pjz,582,survey_ntu,Attitudes,1789547714,1,0,0
ckhtfa5u,14,jid9ui4f,584,survey_ntu,Dictator,1789547716,1,0,0
ckhtfa5u,5,rv5b38em,583,survey_ntu,InstructionsDictator,1789547721,1,0,0
ckhtfa5u,25,sjw641j3,581,survey_ntu,Demographics,1789547722,1,0,0
ckhtfa5u,7,dwx0my9x,582,survey_ntu,Attitudes,1789547724,1,0,0
ckhtfa5u,5,rv5b38em,584,survey_ntu,Dictator,1789547726,1,0,0
ckhtfa5u,2,omrf04k4,582,survey_ntu,Attitudes,1789547729,1,0,0
ckhtfa5u,17,09bse981,583,survey_ntu,InstructionsDictator,1789547730,1,0,0
ckhtfa5u,23,5jtwpe9d,584,survey_ntu,Dictator,1789547734,1,0,0
ckhtfa5u,20,6rdutaoz,584,survey_ntu,Dictator,1789547734,1,0,0
ckhtfa5u,17,09bse981,584,survey_ntu,Dictator,1789547739,1,0,0
ckhtfa5u,24,s16bmsk2,581,survey_ntu,Demographics,1789547739,1,0,0
ckhtfa5u,9,r39x605k,583,survey_ntu,InstructionsDictator,1789547740,1,0,0
ckhtfa5u,15,grwzfvbr,581,survey_ntu,Demographics,1789547741,1,0,0
ckhtfa5u,3,duzxv1is,581,survey_ntu,Demographics,1789547742,1,0,0
ckhtfa5u,8,uhxz6pjz,583,survey_ntu,InstructionsDictator,1789547743,1,0,0
ckhtfa5u,9,r39x605k,584,survey_ntu,Dictator,1789547746,1,0,0
ckhtfa5u,10,yhliw46v,584,survey_ntu,Dictator,1789547752,1,0,0
ckhtfa5u,8,uhxz6pjz,584,survey_ntu,Dictator,1789547758,1,0,0
ckhtfa5u,4,znk2pevv,584,survey_ntu,Dictator,1789547762,1,0,0
ckhtfa5u,2,omrf04k4,583,survey_ntu,InstructionsDictator,1789547763,1,0,0
ckhtfa5u,25,sjw641j3,582,survey_ntu,Attitudes,1789547768,1,0,0
ckhtfa5u,7,dwx0my9x,583,survey_ntu,InstructionsDictator,1789547769,1,0,0
ckhtfa5u,24,s16bmsk2,582,survey_ntu,Attitudes,1789547770,1,0,0
ckhtfa5u,15,grwzfvbr,582,survey_ntu,Attitudes,1789547773,1,0,0
ckhtfa5u,1,msd1f2iu,581,survey_ntu,Demographics,1789547775,1,0,0
ckhtfa5u,3,duzxv1is,582,survey_ntu,Attitudes,1789547781,1,0,0
ckhtfa5u,24,s16bmsk2,583,survey_ntu,InstructionsDictator,1789547785,1,0,0
ckhtfa5u,2,omrf04k4,584,survey_ntu,Dictator,1789547787,1,0,0
ckhtfa5u,25,sjw641j3,583,survey_ntu,InstructionsDictator,1789547790,1,0,0
ckhtfa5u,15,grwzfvbr,583,survey_ntu,InstructionsDictator,1789547792,1,0,0
ckhtfa5u,24,s16bmsk2,584,survey_ntu,Dictator,1789547796,1,0,0
ckhtfa5u,7,dwx0my9x,584,survey_ntu,Dictator,1789547809,1,0,0
ckhtfa5u,25,sjw641j3,584,survey_ntu,Dictator,1789547813,1,0,0
ckhtfa5u,3,duzxv1is,583,survey_ntu,InstructionsDictator,1789547815,1,0,0
ckhtfa5u,15,grwzfvbr,584,survey_ntu,Dictator,1789547818,1,0,0
ckhtfa5u,3,duzxv1is,584,survey_ntu,Dictator,1789547828,1,0,0
ckhtfa5u,19,raavz353,581,survey_ntu,Demographics,1789547838,1,0,0
ckhtfa5u,11,7abl389c,581,survey_ntu,Demographics,1789547840,1,0,0
ckhtfa5u,1,msd1f2iu,582,survey_ntu,Attitudes,1789547853,1,0,0
ckhtfa5u,12,6kns3oml,581,survey_ntu,Demographics,1789547855,1,0,0
ckhtfa5u,1,msd1f2iu,583,survey_ntu,InstructionsDictator,1789547860,1,0,0
ckhtfa5u,19,raavz353,582,survey_ntu,Attitudes,1789547862,1,0,0
ckhtfa5u,19,raavz353,583,survey_ntu,InstructionsDictator,1789547864,1,0,0
ckhtfa5u,16,yxcpp681,581,survey_ntu,Demographics,1789547870,1,0,0
ckhtfa5u,1,msd1f2iu,584,survey_ntu,Dictator,1789547872,1,0,0
ckhtfa5u,12,6kns3oml,582,survey_ntu,Attitudes,1789547880,1,0,0
ckhtfa5u,11,7abl389c,582,survey_ntu,Attitudes,1789547882,1,0,0
ckhtfa5u,19,raavz353,584,survey_ntu,Dictator,1789547883,1,0,0
ckhtfa5u,12,6kns3oml,583,survey_ntu,InstructionsDictator,1789547886,1,0,0
ckhtfa5u,12,6kns3oml,584,survey_ntu,Dictator,1789547899,1,0,0
ckhtfa5u,16,yxcpp681,582,survey_ntu,Attitudes,1789547907,1,0,0
ckhtfa5u,13,pp2e4xx5,581,survey_ntu,Demographics,1789547911,1,0,0
ckhtfa5u,11,7abl389c,583,survey_ntu,InstructionsDictator,1789547919,1,0,0
ckhtfa5u,16,yxcpp681,583,survey_ntu,InstructionsDictator,1789547924,1,0,0
ckhtfa5u,16,yxcpp681,584,survey_ntu,Dictator,1789547937,1,0,0
ckhtfa5u,11,7abl389c,584,survey_ntu,Dictator,1789547939,1,0,0
ckhtfa5u,18,2p0bevly,581,survey_ntu,Demographics,1789547967,1,0,0
ckhtfa5u,13,pp2e4xx5,582,survey_ntu,Attitudes,1789547971,1,0,0
ckhtfa5u,18,2p0bevly,582,survey_ntu,Attitudes,1789547997,1,0,0
ckhtfa5u,13,pp2e4xx5,583,survey_ntu,InstructionsDictator,1789548010,1,0,0
ckhtfa5u,18,2p0bevly,583,survey_ntu,InstructionsDictator,1789548011,1,0,0
ckhtfa5u,18,2p0bevly,584,survey_ntu,Dictator,1789548017,1,0,0
ckhtfa5u,13,pp2e4xx5,584,survey_ntu,Dictator,1789548028,1,0,0
ckhtfa5u,13,pp2e4xx5,585,FinalPage,PairingWaitPage,1789548029,1,0,1
ckhtfa5u,4,znk2pevv,585,FinalPage,PairingWaitPage,1789548029,1,0,1
ckhtfa5u,18,2p0bevly,585,FinalPage,PairingWaitPage,1789548029,1,0,1
ckhtfa5u,12,6kns3oml,585,FinalPage,PairingWaitPage,1789548029,1,0,1
ckhtfa5u,24,s16bmsk2,585,FinalPage,PairingWaitPage,1789548029,1,0,1
ckhtfa5u,14,jid9ui4f,585,FinalPage,PairingWaitPage,1789548029,1,0,1
ckhtfa5u,8,uhxz6pjz,585,FinalPage,PairingWaitPage,1789548029,1,0,1
ckhtfa5u,5,rv5b38em,585,FinalPage,PairingWaitPage,1789548029,1,0,1
ckhtfa5u,7,dwx0my9x,585,FinalPage,PairingWaitPage,1789548029,1,0,1
ckhtfa5u,17,09bse981,585,FinalPage,PairingWaitPage,1789548029,1,0,1
ckhtfa5u,10,yhliw46v,585,FinalPage,PairingWaitPage,1789548029,1,0,1
ckhtfa5u,20,6rdutaoz,585,FinalPage,PairingWaitPage,1789548029,1,0,1
ckhtfa5u,6,z7t2lpyk,585,FinalPage,PairingWaitPage,1789548029,1,0,1
ckhtfa5u,15,grwzfvbr,585,FinalPage,PairingWaitPage,1789548029,1,0,1
ckhtfa5u,16,yxcpp681,585,FinalPage,PairingWaitPage,1789548029,1,0,1
ckhtfa5u,21,21anldsa,585,FinalPage,PairingWaitPage,1789548029,1,0,1
ckhtfa5u,19,raavz353,585,FinalPage,PairingWaitPage,1789548029,1,0,1
ckhtfa5u,9,r39x605k,585,FinalPage,PairingWaitPage,1789548029,1,0,1
ckhtfa5u,1,msd1f2iu,585,FinalPage,PairingWaitPage,1789548029,1,0,1
ckhtfa5u,22,3mjtjuou,585,FinalPage,PairingWaitPage,1789548029,1,0,1
ckhtfa5u,11,7abl389c,585,FinalPage,PairingWaitPage,1789548029,1,0,1
ckhtfa5u,3,duzxv1is,585,FinalPage,PairingWaitPage,1789548029,1,0,1
ckhtfa5u,2,omrf04k4,585,FinalPage,PairingWaitPage,1789548029,1,0,1
ckhtfa5u,23,5jtwpe9d,585,FinalPage,PairingWaitPage,1789548029,1,0,1
ckhtfa5u,25,sjw641j3,585,FinalPage,PairingWaitPage,1789548029,1,0,1
ckhtfa5u,22,3mjtjuou,586,FinalPage,Results,1789548035,1,0,0
ckhtfa5u,10,yhliw46v,586,FinalPage,Results,1789548036,1,0,0
ckhtfa5u,16,yxcpp681,586,FinalPage,Results,1789548037,1,0,0
ckhtfa5u,7,dwx0my9x,586,FinalPage,Results,1789548038,1,0,0
ckhtfa5u,8,uhxz6pjz,586,FinalPage,Results,1789548045,1,0,0
ckhtfa5u,4,znk2pevv,586,FinalPage,Results,1789548045,1,0,0
ckhtfa5u,2,omrf04k4,586,FinalPage,Results,1789548048,1,0,0
ckhtfa5u,12,6kns3oml,586,FinalPage,Results,1789548049,1,0,0
ckhtfa5u,17,09bse981,586,FinalPage,Results,1789548051,1,0,0
ckhtfa5u,25,sjw641j3,586,FinalPage,Results,1789548051,1,0,0
ckhtfa5u,9,r39x605k,586,FinalPage,Results,1789548052,1,0,0
ckhtfa5u,5,rv5b38em,586,FinalPage,Results,1789548053,1,0,0
ckhtfa5u,23,5jtwpe9d,586,FinalPage,Results,1789548054,1,0,0
ckhtfa5u,15,grwzfvbr,586,FinalPage,Results,1789548055,1,0,0
ckhtfa5u,3,duzxv1is,586,FinalPage,Results,1789548057,1,0,0
ckhtfa5u,6,z7t2lpyk,586,FinalPage,Results,1789548060,1,0,0
ckhtfa5u,13,pp2e4xx5,586,FinalPage,Results,1789548062,1,0,0
ckhtfa5u,24,s16bmsk2,586,FinalPage,Results,1789548063,1,0,0
ckhtfa5u,20,6rdutaoz,586,FinalPage,Results,1789548068,1,0,0
ckhtfa5u,21,21anldsa,586,FinalPage,Results,1789548073,1,0,0
ckhtfa5u,1,msd1f2iu,586,FinalPage,Results,1789548074,1,0,0
ckhtfa5u,14,jid9ui4f,586,FinalPage,Results,1789548075,1,0,0
ckhtfa5u,18,2p0bevly,586,FinalPage,Results,1789548080,1,0,0
ckhtfa5u,11,7abl389c,586,FinalPage,Results,1789548247,1,0,0
ckhtfa5u,19,raavz353,586,FinalPage,Results,1789548630,1,0,0
