participant.id_in_session,participant.code,participant.label,participant._is_bot,participant._index_in_pages,participant._max_page_index,participant._current_app_name,participant._current_page_name,participant.time_started_utc,participant.visited,participant.mturk_worker_id,participant.mturk_assignment_id,participant.payoff,player.id_in_group,player.role,player.payoff,player.treatment,player.dyn_stock,player.dyn_bond,player.dyn_wealth,player.mgr_p1,player.mgr_p2,player.quiz_down,player.quiz_up,player.quiz_chance,player.quiz_median,player.quiz_above,player.quiz_risk_attempts,player.quiz_market_attempts,player.bid_l,player.bid_r,player.bid_exp,player.bid_no,player.belief_inv_exp,player.belief_price_exp,player.belief_others_inv_exp,player.belief_others_price_exp,player.belief_inv_no,player.belief_price_no,player.belief_others_inv_no,player.belief_others_price_no,player.belief_inv_l,player.belief_price_l,player.belief_others_inv_l,player.belief_others_price_l,player.belief_inv_r,player.belief_price_r,player.belief_others_inv_r,player.belief_others_price_r,player.allocation_to_pay,player.market_pair_to_pay,player.rounds_to_pay,player.belief_pages_to_pay,player.task1_points,player.allocation_points,player.market_points,player.final_payoff_points,player.all_beliefs_payoff_points,player.beliefs_correct,player.trade_l,player.trade_r,player.trade_exp,player.trade_no,group.id_in_subsession,group.price_l,group.price_r,group.p1_left_is_exp,group.p2_left_is_mgr_a,group.price_exp,group.price_no,group.value_exp,group.value_no,group.value_left_gender,group.value_right_gender,group.state_left,group.state_right,group.x_exp,group.x_no,group.x_a,group.x_b,group.mean_exp,group.mean_no,group.mean_a,group.mean_b,subsession.round_number,session.code,session.label,session.mturk_HITId,session.mturk_HITGroupId,session.comment,session.is_demo
1,msd1f2iu,,0,587,587,FinalPage,ThankYou,2026-09-16 07:14:45.221358,1,,,388.89,1,,0.0,M_no_W_no,40,60,"{""w0"":100,""wu"":140,""wd"":80}",70,,R/2 + (100 - R),2*R + (100 - R),50%,The median of all submitted prices,Buy one more share,1,0,,,150,50,200,150.0,200,300.0,100,50.0,100,250.0,,,,,,,,,2,1,"2, 6",3,0.0,0.0,0.0,0.0,0.0,0,0,0,0,-1,1,0.0,0.0,0,1,150.0,100.0,87.5,75.0,70.0,50.0,Down,Down,25,50,60,100,55.8743961352657,52.10828025477707,53.29113924050633,50.91025641025641,1,ckhtfa5u,,,,,0
2,omrf04k4,,0,587,587,FinalPage,ThankYou,2026-09-16 07:14:45.274669,1,,,388.89,2,,0.0,M_no_W_no,100,0,"{""w0"":100,""wu"":200,""wd"":50}",60,,R/2 + (100 - R),2*R + (100 - R),50%,The median of all submitted prices,Buy one more share,0,0,,,250,350,110,475.0,130,450.0,90,350.0,70,300.0,,,,,,,,,2,1,"2, 6",3,0.0,0.0,0.0,0.0,0.0,0,0,0,1,1,1,0.0,0.0,0,1,150.0,100.0,87.5,75.0,70.0,50.0,Down,Down,25,50,60,100,55.8743961352657,52.10828025477707,53.29113924050633,50.91025641025641,1,ckhtfa5u,,,,,0
3,duzxv1is,,0,587,587,FinalPage,ThankYou,2026-09-16 07:14:45.347404,1,,,611.11,3,,0.0,M_no_W_no,70,30,"{""w0"":100,""wu"":170,""wd"":65}",75,,R/2 + (100 - R),2*R + (100 - R),50%,The median of all submitted prices,Buy one more share,0,0,,,40,20,150,250.0,150,320.0,100,150.0,80,200.0,,,,,,,,,2,1,"2, 6",3,0.0,0.0,0.0,0.0,0.0,0,0,0,-1,-1,1,0.0,0.0,0,1,150.0,100.0,87.5,75.0,70.0,50.0,Down,Down,25,50,60,100,55.8743961352657,52.10828025477707,53.29113924050633,50.91025641025641,1,ckhtfa5u,,,,,0
4,znk2pevv,,0,587,587,FinalPage,ThankYou,2026-09-16 07:14:45.967994,1,,,500.0,4,,0.0,M_no_W_no,200,-100,"{""w0"":100,""wu"":300,""wd"":0}",100,,R/2 + (100 - R),2*R + (100 - R),50%,The median of all submitted prices,Buy one more share,0,0,,,125,110,90,122.0,130,250.0,50,105.0,50,180.0,,,,,,,,,2,1,"2, 6",3,0.0,0.0,0.0,0.0,0.0,0,0,0,-1,1,1,0.0,0.0,0,1,150.0,100.0,87.5,75.0,70.0,50.0,Down,Down,25,50,60,100,55.8743961352657,52.10828025477707,53.29113924050633,50.91025641025641,1,ckhtfa5u,,,,,0
5,rv5b38em,,0,587,587,FinalPage,ThankYou,2026-09-16 07:14:46.164104,1,,,444.44,5,,0.0,M_no_W_no,50,50,"{""w0"":100,""wu"":150,""wd"":75}",75,,R/2 + (100 - R),2*R + (100 - R),50%,The median of all submitted prices,Buy one more share,0,0,,,495,100,100,300.0,100,300.0,50,500.0,50,500.0,,,,,,,,,2,1,"2, 6",3,0.0,0.0,0.0,0.0,0.0,0,0,0,1,0,1,0.0,0.0,0,1,150.0,100.0,87.5,75.0,70.0,50.0,Down,Down,25,50,60,100,55.8743961352657,52.10828025477707,53.29113924050633,50.91025641025641,1,ckhtfa5u,,,,,0
6,z7t2lpyk,,0,587,587,FinalPage,ThankYou,2026-09-16 07:14:46.247250,1,,,666.67,1,,0.0,M_no_W_no,40,60,"{""w0"":100,""wu"":140,""wd"":80}",30,,R/2 + (100 - R),2*R + (100 - R),50%,The median of all submitted prices,Buy one more share,0,0,,,300,100,150,300.0,200,400.0,50,200.0,0,200.0,,,,,,,,,2,1,"2, 6",3,0.0,0.0,0.0,0.0,0.0,0,0,0,0,-1,2,0.0,0.0,1,0,300.0,130.0,75.0,175.0,65.0,100.0,Down,Up,50,75,0,70,55.8743961352657,52.10828025477707,53.29113924050633,50.91025641025641,1,ckhtfa5u,,,,,0
7,dwx0my9x,,0,587,587,FinalPage,ThankYou,2026-09-16 07:14:46.305699,1,,,1166.67,2,,0.0,M_no_W_no,200,-100,"{""w0"":100,""wu"":300,""wd"":0}",38,,R/2 + (100 - R),2*R + (100 - R),50%,The median of all submitted prices,Buy one more share,0,1,,,300,130,120,130.0,118,128.0,95,110.0,94,108.0,,,,,,,,,2,1,"2, 6",3,0.0,0.0,0.0,0.0,0.0,0,0,0,1,0,2,0.0,0.0,1,0,300.0,130.0,75.0,175.0,65.0,100.0,Down,Up,50,75,0,70,55.8743961352657,52.10828025477707,53.29113924050633,50.91025641025641,1,ckhtfa5u,,,,,0
8,uhxz6pjz,,0,587,587,FinalPage,ThankYou,2026-09-16 07:14:46.338399,1,,,1388.89,3,,0.0,M_no_W_no,50,50,"{""w0"":100,""wu"":150,""wd"":75}",35,,R/2 + (100 - R),2*R + (100 - R),50%,The median of all submitted prices,Buy one more share,0,0,,,126,124,100,125.0,105,126.0,100,125.0,95,124.0,,,,,,,,,2,1,"2, 6",3,0.0,0.0,0.0,0.0,0.0,0,0,0,-1,-1,2,0.0,0.0,1,0,300.0,130.0,75.0,175.0,65.0,100.0,Down,Up,50,75,0,70,55.8743961352657,52.10828025477707,53.29113924050633,50.91025641025641,1,ckhtfa5u,,,,,0
9,r39x605k,,0,587,587,FinalPage,ThankYou,2026-09-16 07:14:46.369519,1,,,55.56,4,,0.0,M_no_W_no,100,0,"{""w0"":100,""wu"":200,""wd"":50}",25,,R/2 + (100 - R),2*R + (100 - R),50%,The median of all submitted prices,Buy one more share,0,0,,,450,150,40,150.0,35,150.0,70,100.0,50,100.0,,,,,,,,,2,1,"2, 6",3,0.0,0.0,0.0,0.0,0.0,0,0,0,1,1,2,0.0,0.0,1,0,300.0,130.0,75.0,175.0,65.0,100.0,Down,Up,50,75,0,70,55.8743961352657,52.10828025477707,53.29113924050633,50.91025641025641,1,ckhtfa5u,,,,,0
10,yhliw46v,,0,587,587,FinalPage,ThankYou,2026-09-16 07:14:46.359571,1,,,277.78,5,,0.0,M_no_W_no,40,60,"{""w0"":100,""wu"":140,""wd"":80}",35,,R/2 + (100 - R),2*R + (100 - R),50%,The median of all submitted prices,Buy one more share,0,0,,,300,150,130,250.0,160,400.0,70,130.0,70,200.0,,,,,,,,,2,1,"2, 6",3,0.0,0.0,0.0,0.0,0.0,0,0,0,-1,1,2,0.0,0.0,1,0,300.0,130.0,75.0,175.0,65.0,100.0,Down,Up,50,75,0,70,55.8743961352657,52.10828025477707,53.29113924050633,50.91025641025641,1,ckhtfa5u,,,,,0
11,7abl389c,,0,587,587,FinalPage,ThankYou,2026-09-16 07:14:46.377075,1,,,666.67,1,,0.0,M_no_W_no,200,-100,"{""w0"":100,""wu"":300,""wd"":0}",90,,R/2 + (100 - R),2*R + (100 - R),50%,The median of all submitted prices,Buy one more share,0,0,,,450,150,200,450.0,150,450.0,100,150.0,100,150.0,,,,,,,,,2,1,"2, 6",3,0.0,0.0,0.0,0.0,0.0,0,0,0,1,1,3,0.0,0.0,0,0,450.0,150.0,150.0,120.0,180.0,120.0,Up,Up,50,20,20,80,55.8743961352657,52.10828025477707,53.29113924050633,50.91025641025641,1,ckhtfa5u,,,,,0
12,6kns3oml,,0,587,587,FinalPage,ThankYou,2026-09-16 07:14:46.391218,1,,,1000.0,2,,0.0,M_no_W_no,50,50,"{""w0"":100,""wu"":150,""wd"":75}",50,,R/2 + (100 - R),2*R + (100 - R),50%,The median of all submitted prices,Buy one more share,0,0,,,400,200,200,200.0,194,200.0,50,50.0,50,50.0,,,,,,,,,2,1,"2, 6",3,0.0,0.0,0.0,0.0,0.0,0,0,0,-1,1,3,0.0,0.0,0,0,450.0,150.0,150.0,120.0,180.0,120.0,Up,Up,50,20,20,80,55.8743961352657,52.10828025477707,53.29113924050633,50.91025641025641,1,ckhtfa5u,,,,,0
13,pp2e4xx5,,0,587,587,FinalPage,ThankYou,2026-09-16 07:14:46.398329,1,,,1333.33,3,,0.0,M_no_W_no,15,85,"{""w0"":100,""wu"":115,""wd"":93}",80,,R/2 + (100 - R),2*R + (100 - R),50%,The median of all submitted prices,Buy one more share,0,1,,,100,1,121,458.0,130,560.0,148,285.0,160,230.0,,,,,,,,,2,1,"2, 6",3,0.0,0.0,0.0,0.0,0.0,0,0,0,-1,-1,3,0.0,0.0,0,0,450.0,150.0,150.0,120.0,180.0,120.0,Up,Up,50,20,20,80,55.8743961352657,52.10828025477707,53.29113924050633,50.91025641025641,1,ckhtfa5u,,,,,0
14,jid9ui4f,,0,587,587,FinalPage,ThankYou,2026-09-16 07:14:46.405738,1,,,1055.56,4,,0.0,M_no_W_no,80,20,"{""w0"":100,""wu"":180,""wd"":60}",75,,R/2 + (100 - R),2*R + (100 - R),50%,The median of all submitted prices,Buy one more share,0,0,,,450,150,150,525.0,100,525.0,100,275.0,100,275.0,,,,,,,,,2,1,"2, 6",3,0.0,0.0,0.0,0.0,0.0,0,0,0,0,0,3,0.0,0.0,0,0,450.0,150.0,150.0,120.0,180.0,120.0,Up,Up,50,20,20,80,55.8743961352657,52.10828025477707,53.29113924050633,50.91025641025641,1,ckhtfa5u,,,,,0
15,grwzfvbr,,0,587,587,FinalPage,ThankYou,2026-09-16 07:14:46.413971,1,,,1166.67,5,,0.0,M_no_W_no,15,85,"{""w0"":100,""wu"":115,""wd"":93}",70,,R/2 + (100 - R),2*R + (100 - R),50%,The median of all submitted prices,Buy one more share,1,3,,,500,100,175,450.0,150,500.0,175,168.0,100,300.0,,,,,,,,,2,1,"2, 6",3,0.0,0.0,0.0,0.0,0.0,0,0,0,1,-1,3,0.0,0.0,0,0,450.0,150.0,150.0,120.0,180.0,120.0,Up,Up,50,20,20,80,55.8743961352657,52.10828025477707,53.29113924050633,50.91025641025641,1,ckhtfa5u,,,,,0
16,yxcpp681,,0,587,587,FinalPage,ThankYou,2026-09-16 07:14:46.537902,1,,,1444.44,1,,0.0,M_no_W_no,50,50,"{""w0"":100,""wu"":150,""wd"":75}",30,,R/2 + (100 - R),2*R + (100 - R),50%,The median of all submitted prices,Buy one more share,0,0,,,375,225,125,400.0,125,400.0,75,200.0,75,200.0,,,,,,,,,2,1,"2, 6",3,0.0,0.0,0.0,0.0,0.0,0,0,0,0,1,4,0.0,0.0,1,0,375.0,100.0,175.0,200.0,130.0,170.0,Up,Up,75,100,70,30,55.8743961352657,52.10828025477707,53.29113924050633,50.91025641025641,1,ckhtfa5u,,,,,0
17,09bse981,,0,587,587,FinalPage,ThankYou,2026-09-16 07:14:46.585925,1,,,833.33,2,,0.0,M_no_W_no,33,67,"{""w0"":100,""wu"":133,""wd"":84}",70,,R/2 + (100 - R),2*R + (100 - R),50%,The median of all submitted prices,Buy one more share,0,0,,,200,100,111,270.0,100,300.0,70,200.0,70,250.0,,,,,,,,,2,1,"2, 6",3,0.0,0.0,0.0,0.0,0.0,0,0,0,-1,0,4,0.0,0.0,1,0,375.0,100.0,175.0,200.0,130.0,170.0,Up,Up,75,100,70,30,55.8743961352657,52.10828025477707,53.29113924050633,50.91025641025641,1,ckhtfa5u,,,,,0
18,2p0bevly,,0,587,587,FinalPage,ThankYou,2026-09-16 07:14:46.888819,1,,,888.89,3,,0.0,M_no_W_no,60,40,"{""w0"":100,""wu"":160,""wd"":70}",40,,R/2 + (100 - R),2*R + (100 - R),50%,The median of all submitted prices,Buy one more share,0,0,,,300,100,100,450.0,70,500.0,150,300.0,100,450.0,,,,,,,,,2,1,"2, 6",3,0.0,0.0,0.0,0.0,0.0,0,0,0,-1,-1,4,0.0,0.0,1,0,375.0,100.0,175.0,200.0,130.0,170.0,Up,Up,75,100,70,30,55.8743961352657,52.10828025477707,53.29113924050633,50.91025641025641,1,ckhtfa5u,,,,,0
19,raavz353,,0,587,587,FinalPage,ThankYou,2026-09-16 07:14:46.924962,1,,,1055.56,4,,0.0,M_no_W_no,60,40,"{""w0"":100,""wu"":160,""wd"":70}",20,,R/2 + (100 - R),2*R + (100 - R),50%,The median of all submitted prices,Buy one more share,0,0,,,400,100,180,500.0,160,500.0,140,400.0,110,300.0,,,,,,,,,2,1,"2, 6",3,0.0,0.0,0.0,0.0,0.0,0,0,0,1,-1,4,0.0,0.0,1,0,375.0,100.0,175.0,200.0,130.0,170.0,Up,Up,75,100,70,30,55.8743961352657,52.10828025477707,53.29113924050633,50.91025641025641,1,ckhtfa5u,,,,,0
20,6rdutaoz,,0,587,587,FinalPage,ThankYou,2026-09-16 07:14:46.739461,1,,,1333.33,5,,0.0,M_no_W_no,25,75,"{""w0"":100,""wu"":125,""wd"":88}",15,,R/2 + (100 - R),2*R + (100 - R),50%,The median of all submitted prices,Buy one more share,0,0,,,400,200,110,400.0,100,400.0,85,350.0,80,350.0,,,,,,,,,2,1,"2, 6",3,0.0,0.0,0.0,0.0,0.0,0,0,0,1,1,4,0.0,0.0,1,0,375.0,100.0,175.0,200.0,130.0,170.0,Up,Up,75,100,70,30,55.8743961352657,52.10828025477707,53.29113924050633,50.91025641025641,1,ckhtfa5u,,,,,0
21,21anldsa,,0,587,587,FinalPage,ThankYou,2026-09-16 07:14:46.764965,1,,,1000.0,1,,0.0,M_no_W_no,100,0,"{""w0"":100,""wu"":200,""wd"":50}",100,,R/2 + (100 - R),2*R + (100 - R),50%,The median of all submitted prices,Buy one more share,0,2,,,450,150,200,600.0,150,450.0,100,300.0,100,300.0,,,,,,,,,2,1,"2, 6",3,0.0,0.0,0.0,0.0,0.0,0,0,0,1,0,5,0.0,0.0,0,1,400.0,150.0,92.5,75.0,70.0,75.0,Down,Down,15,50,60,50,55.8743961352657,52.10828025477707,53.29113924050633,50.91025641025641,1,ckhtfa5u,,,,,0
22,3mjtjuou,,0,587,587,FinalPage,ThankYou,2026-09-16 07:14:47.087780,1,,,555.56,2,,0.0,M_no_W_no,40,60,"{""w0"":100,""wu"":140,""wd"":80}",71,,R/2 + (100 - R),2*R + (100 - R),50%,The median of all submitted prices,Buy one more share,5,3,,,500,100,100,500.0,100,400.0,100,400.0,100,300.0,,,,,,,,,2,1,"2, 6",3,0.0,0.0,0.0,0.0,0.0,0,0,0,1,-1,5,0.0,0.0,0,1,400.0,150.0,92.5,75.0,70.0,75.0,Down,Down,15,50,60,50,55.8743961352657,52.10828025477707,53.29113924050633,50.91025641025641,1,ckhtfa5u,,,,,0
23,5jtwpe9d,,0,587,587,FinalPage,ThankYou,2026-09-16 07:14:47.162759,1,,,333.33,3,,0.0,M_no_W_no,20,80,"{""w0"":100,""wu"":120,""wd"":90}",72,,R/2 + (100 - R),2*R + (100 - R),50%,The median of all submitted prices,Buy one more share,0,0,,,400,200,40,200.0,50,300.0,50,250.0,20,200.0,,,,,,,,,2,1,"2, 6",3,0.0,0.0,0.0,0.0,0.0,0,0,0,0,1,5,0.0,0.0,0,1,400.0,150.0,92.5,75.0,70.0,75.0,Down,Down,15,50,60,50,55.8743961352657,52.10828025477707,53.29113924050633,50.91025641025641,1,ckhtfa5u,,,,,0
24,s16bmsk2,,0,587,587,FinalPage,ThankYou,2026-09-16 07:14:47.283007,1,,,666.67,4,,0.0,M_no_W_no,20,80,"{""w0"":100,""wu"":120,""wd"":90}",60,,R/2 + (100 - R),2*R + (100 - R),50%,The median of all submitted prices,Buy one more share,0,0,,,300,300,30,100.0,40,200.0,150,200.0,150,100.0,,,,,,,,,2,1,"2, 6",3,0.0,0.0,0.0,0.0,0.0,0,0,0,-1,1,5,0.0,0.0,0,1,400.0,150.0,92.5,75.0,70.0,75.0,Down,Down,15,50,60,50,55.8743961352657,52.10828025477707,53.29113924050633,50.91025641025641,1,ckhtfa5u,,,,,0
25,sjw641j3,,0,587,587,FinalPage,ThankYou,2026-09-16 07:14:49.282695,1,,,277.78,5,,0.0,M_no_W_no,90,10,"{""w0"":100,""wu"":190,""wd"":55}",65,,R/2 + (100 - R),2*R + (100 - R),50%,The median of all submitted prices,Buy one more share,0,0,,,300,100,150,430.0,150,400.0,100,350.0,100,350.0,,,,,,,,,2,1,"2, 6",3,0.0,0.0,0.0,0.0,0.0,0,0,0,-1,-1,5,0.0,0.0,0,1,400.0,150.0,92.5,75.0,70.0,75.0,Down,Down,15,50,60,50,55.8743961352657,52.10828025477707,53.29113924050633,50.91025641025641,1,ckhtfa5u,,,,,0
1,msd1f2iu,,0,587,587,FinalPage,ThankYou,2026-09-16 07:14:45.221358,1,,,388.89,1,,0.0,M_no_W_no,,,,,,,,,,,0,0,,,200,100,,,,,,,,,,,,,,,,,2,1,"2, 6",3,0.0,0.0,0.0,0.0,0.0,0,0,0,1,0,1,0.0,0.0,0,1,150.0,100.0,87.5,75.0,70.0,50.0,Down,Down,25,50,60,100,55.8743961352657,52.10828025477707,53.29113924050633,50.91025641025641,2,ckhtfa5u,,,,,0
2,omrf04k4,,0,587,587,FinalPage,ThankYou,2026-09-16 07:14:45.274669,1,,,388.89,2,,0.0,M_no_W_no,,,,,,,,,,,0,0,,,400,200,,,,,,,,,,,,,,,,,2,1,"2, 6",3,0.0,0.0,0.0,0.0,0.0,0,0,0,1,1,1,0.0,0.0,0,1,150.0,100.0,87.5,75.0,70.0,50.0,Down,Down,25,50,60,100,55.8743961352657,52.10828025477707,53.29113924050633,50.91025641025641,2,ckhtfa5u,,,,,0
3,duzxv1is,,0,587,587,FinalPage,ThankYou,2026-09-16 07:14:45.347404,1,,,611.11,3,,0.0,M_no_W_no,,,,,,,,,,,0,0,,,140,99,,,,,,,,,,,,,,,,,2,1,"2, 6",3,0.0,0.0,0.0,0.0,0.0,0,0,0,-1,-1,1,0.0,0.0,0,1,150.0,100.0,87.5,75.0,70.0,50.0,Down,Down,25,50,60,100,55.8743961352657,52.10828025477707,53.29113924050633,50.91025641025641,2,ckhtfa5u,,,,,0
4,znk2pevv,,0,587,587,FinalPage,ThankYou,2026-09-16 07:14:45.967994,1,,,500.0,4,,0.0,M_no_W_no,,,,,,,,,,,0,0,,,125,110,,,,,,,,,,,,,,,,,2,1,"2, 6",3,0.0,0.0,0.0,0.0,0.0,0,0,0,-1,1,1,0.0,0.0,0,1,150.0,100.0,87.5,75.0,70.0,50.0,Down,Down,25,50,60,100,55.8743961352657,52.10828025477707,53.29113924050633,50.91025641025641,2,ckhtfa5u,,,,,0
5,rv5b38em,,0,587,587,FinalPage,ThankYou,2026-09-16 07:14:46.164104,1,,,444.44,5,,0.0,M_no_W_no,,,,,,,,,,,0,0,,,150,100,,,,,,,,,,,,,,,,,2,1,"2, 6",3,0.0,0.0,0.0,0.0,0.0,0,0,0,0,-1,1,0.0,0.0,0,1,150.0,100.0,87.5,75.0,70.0,50.0,Down,Down,25,50,60,100,55.8743961352657,52.10828025477707,53.29113924050633,50.91025641025641,2,ckhtfa5u,,,,,0
6,z7t2lpyk,,0,587,587,FinalPage,ThankYou,2026-09-16 07:14:46.247250,1,,,666.67,1,,0.0,M_no_W_no,,,,,,,,,,,0,0,,,300,150,,,,,,,,,,,,,,,,,2,1,"2, 6",3,0.0,0.0,0.0,0.0,0.0,0,0,0,0,1,2,0.0,0.0,1,0,300.0,120.0,75.0,175.0,65.0,100.0,Down,Up,50,75,0,70,55.8743961352657,52.10828025477707,53.29113924050633,50.91025641025641,2,ckhtfa5u,,,,,0
7,dwx0my9x,,0,587,587,FinalPage,ThankYou,2026-09-16 07:14:46.305699,1,,,1166.67,2,,0.0,M_no_W_no,,,,,,,,,,,0,0,,,130,110,,,,,,,,,,,,,,,,,2,1,"2, 6",3,0.0,0.0,0.0,0.0,0.0,0,0,0,-1,-1,2,0.0,0.0,1,0,300.0,120.0,75.0,175.0,65.0,100.0,Down,Up,50,75,0,70,55.8743961352657,52.10828025477707,53.29113924050633,50.91025641025641,2,ckhtfa5u,,,,,0
8,uhxz6pjz,,0,587,587,FinalPage,ThankYou,2026-09-16 07:14:46.338399,1,,,1388.89,3,,0.0,M_no_W_no,,,,,,,,,,,0,0,,,140,125,,,,,,,,,,,,,,,,,2,1,"2, 6",3,0.0,0.0,0.0,0.0,0.0,0,0,0,-1,1,2,0.0,0.0,1,0,300.0,120.0,75.0,175.0,65.0,100.0,Down,Up,50,75,0,70,55.8743961352657,52.10828025477707,53.29113924050633,50.91025641025641,2,ckhtfa5u,,,,,0
9,r39x605k,,0,587,587,FinalPage,ThankYou,2026-09-16 07:14:46.369519,1,,,55.56,4,,0.0,M_no_W_no,,,,,,,,,,,0,0,,,310,50,,,,,,,,,,,,,,,,,2,1,"2, 6",3,0.0,0.0,0.0,0.0,0.0,0,0,0,1,-1,2,0.0,0.0,1,0,300.0,120.0,75.0,175.0,65.0,100.0,Down,Up,50,75,0,70,55.8743961352657,52.10828025477707,53.29113924050633,50.91025641025641,2,ckhtfa5u,,,,,0
10,yhliw46v,,0,587,587,FinalPage,ThankYou,2026-09-16 07:14:46.359571,1,,,277.78,5,,0.0,M_no_W_no,,,,,,,,,,,0,0,,,350,120,,,,,,,,,,,,,,,,,2,1,"2, 6",3,0.0,0.0,0.0,0.0,0.0,0,0,0,1,0,2,0.0,0.0,1,0,300.0,120.0,75.0,175.0,65.0,100.0,Down,Up,50,75,0,70,55.8743961352657,52.10828025477707,53.29113924050633,50.91025641025641,2,ckhtfa5u,,,,,0
11,7abl389c,,0,587,587,FinalPage,ThankYou,2026-09-16 07:14:46.377075,1,,,666.67,1,,0.0,M_no_W_no,,,,,,,,,,,0,0,,,450,150,,,,,,,,,,,,,,,,,2,1,"2, 6",3,0.0,0.0,0.0,0.0,0.0,0,0,0,0,-1,3,0.0,0.0,0,0,450.0,150.0,150.0,120.0,180.0,120.0,Up,Up,50,20,20,80,55.8743961352657,52.10828025477707,53.29113924050633,50.91025641025641,2,ckhtfa5u,,,,,0
12,6kns3oml,,0,587,587,FinalPage,ThankYou,2026-09-16 07:14:46.391218,1,,,1000.0,2,,0.0,M_no_W_no,,,,,,,,,,,0,0,,,400,200,,,,,,,,,,,,,,,,,2,1,"2, 6",3,0.0,0.0,0.0,0.0,0.0,0,0,0,-1,1,3,0.0,0.0,0,0,450.0,150.0,150.0,120.0,180.0,120.0,Up,Up,50,20,20,80,55.8743961352657,52.10828025477707,53.29113924050633,50.91025641025641,2,ckhtfa5u,,,,,0
13,pp2e4xx5,,0,587,587,FinalPage,ThankYou,2026-09-16 07:14:46.398329,1,,,1333.33,3,,0.0,M_no_W_no,,,,,,,,,,,0,0,,,450,150,,,,,,,,,,,,,,,,,2,1,"2, 6",3,0.0,0.0,0.0,0.0,0.0,0,0,0,1,0,3,0.0,0.0,0,0,450.0,150.0,150.0,120.0,180.0,120.0,Up,Up,50,20,20,80,55.8743961352657,52.10828025477707,53.29113924050633,50.91025641025641,2,ckhtfa5u,,,,,0
14,jid9ui4f,,0,587,587,FinalPage,ThankYou,2026-09-16 07:14:46.405738,1,,,1055.56,4,,0.0,M_no_W_no,,,,,,,,,,,0,0,,,500,100,,,,,,,,,,,,,,,,,2,1,"2, 6",3,0.0,0.0,0.0,0.0,0.0,0,0,0,1,-1,3,0.0,0.0,0,0,450.0,150.0,150.0,120.0,180.0,120.0,Up,Up,50,20,20,80,55.8743961352657,52.10828025477707,53.29113924050633,50.91025641025641,2,ckhtfa5u,,,,,0
15,grwzfvbr,,0,587,587,FinalPage,ThankYou,2026-09-16 07:14:46.413971,1,,,1166.67,5,,0.0,M_no_W_no,,,,,,,,,,,0,0,,,440,160,,,,,,,,,,,,,,,,,2,1,"2, 6",3,0.0,0.0,0.0,0.0,0.0,0,0,0,-1,1,3,0.0,0.0,0,0,450.0,150.0,150.0,120.0,180.0,120.0,Up,Up,50,20,20,80,55.8743961352657,52.10828025477707,53.29113924050633,50.91025641025641,2,ckhtfa5u,,,,,0
16,yxcpp681,,0,587,587,FinalPage,ThankYou,2026-09-16 07:14:46.537902,1,,,1444.44,1,,0.0,M_no_W_no,,,,,,,,,,,0,0,,,350,250,,,,,,,,,,,,,,,,,2,1,"2, 6",3,0.0,0.0,0.0,0.0,0.0,0,0,0,-1,1,4,0.0,0.0,1,0,350.0,100.0,175.0,200.0,130.0,170.0,Up,Up,75,100,70,30,55.8743961352657,52.10828025477707,53.29113924050633,50.91025641025641,2,ckhtfa5u,,,,,0
17,09bse981,,0,587,587,FinalPage,ThankYou,2026-09-16 07:14:46.585925,1,,,833.33,2,,0.0,M_no_W_no,,,,,,,,,,,0,0,,,500,1,,,,,,,,,,,,,,,,,2,1,"2, 6",3,0.0,0.0,0.0,0.0,0.0,0,0,0,1,-1,4,0.0,0.0,1,0,350.0,100.0,175.0,200.0,130.0,170.0,Up,Up,75,100,70,30,55.8743961352657,52.10828025477707,53.29113924050633,50.91025641025641,2,ckhtfa5u,,,,,0
18,2p0bevly,,0,587,587,FinalPage,ThankYou,2026-09-16 07:14:46.888819,1,,,888.89,3,,0.0,M_no_W_no,,,,,,,,,,,0,0,,,350,90,,,,,,,,,,,,,,,,,2,1,"2, 6",3,0.0,0.0,0.0,0.0,0.0,0,0,0,1,-1,4,0.0,0.0,1,0,350.0,100.0,175.0,200.0,130.0,170.0,Up,Up,75,100,70,30,55.8743961352657,52.10828025477707,53.29113924050633,50.91025641025641,2,ckhtfa5u,,,,,0
19,raavz353,,0,587,587,FinalPage,ThankYou,2026-09-16 07:14:46.924962,1,,,1055.56,4,,0.0,M_no_W_no,,,,,,,,,,,0,0,,,350,100,,,,,,,,,,,,,,,,,2,1,"2, 6",3,0.0,0.0,0.0,0.0,0.0,0,0,0,0,0,4,0.0,0.0,1,0,350.0,100.0,175.0,200.0,130.0,170.0,Up,Up,75,100,70,30,55.8743961352657,52.10828025477707,53.29113924050633,50.91025641025641,2,ckhtfa5u,,,,,0
20,6rdutaoz,,0,587,587,FinalPage,ThankYou,2026-09-16 07:14:46.739461,1,,,1333.33,5,,0.0,M_no_W_no,,,,,,,,,,,0,0,,,300,100,,,,,,,,,,,,,,,,,2,1,"2, 6",3,0.0,0.0,0.0,0.0,0.0,0,0,0,-1,1,4,0.0,0.0,1,0,350.0,100.0,175.0,200.0,130.0,170.0,Up,Up,75,100,70,30,55.8743961352657,52.10828025477707,53.29113924050633,50.91025641025641,2,ckhtfa5u,,,,,0
21,21anldsa,,0,587,587,FinalPage,ThankYou,2026-09-16 07:14:46.764965,1,,,1000.0,1,,0.0,M_no_W_no,,,,,,,,,,,0,0,,,400,200,,,,,,,,,,,,,,,,,2,1,"2, 6",3,0.0,0.0,0.0,0.0,0.0,0,0,0,-1,1,5,0.0,0.0,0,1,440.0,160.0,92.5,75.0,70.0,75.0,Down,Down,15,50,60,50,55.8743961352657,52.10828025477707,53.29113924050633,50.91025641025641,2,ckhtfa5u,,,,,0
22,3mjtjuou,,0,587,587,FinalPage,ThankYou,2026-09-16 07:14:47.087780,1,,,555.56,2,,0.0,M_no_W_no,,,,,,,,,,,0,0,,,450,150,,,,,,,,,,,,,,,,,2,1,"2, 6",3,0.0,0.0,0.0,0.0,0.0,0,0,0,1,-1,5,0.0,0.0,0,1,440.0,160.0,92.5,75.0,70.0,75.0,Down,Down,15,50,60,50,55.8743961352657,52.10828025477707,53.29113924050633,50.91025641025641,2,ckhtfa5u,,,,,0
23,5jtwpe9d,,0,587,587,FinalPage,ThankYou,2026-09-16 07:14:47.162759,1,,,333.33,3,,0.0,M_no_W_no,,,,,,,,,,,0,0,,,440,160,,,,,,,,,,,,,,,,,2,1,"2, 6",3,0.0,0.0,0.0,0.0,0.0,0,0,0,0,0,5,0.0,0.0,0,1,440.0,160.0,92.5,75.0,70.0,75.0,Down,Down,15,50,60,50,55.8743961352657,52.10828025477707,53.29113924050633,50.91025641025641,2,ckhtfa5u,,,,,0
24,s16bmsk2,,0,587,587,FinalPage,ThankYou,2026-09-16 07:14:47.283007,1,,,666.67,4,,0.0,M_no_W_no,,,,,,,,,,,0,0,,,420,180,,,,,,,,,,,,,,,,,2,1,"2, 6",3,0.0,0.0,0.0,0.0,0.0,0,0,0,-1,1,5,0.0,0.0,0,1,440.0,160.0,92.5,75.0,70.0,75.0,Down,Down,15,50,60,50,55.8743961352657,52.10828025477707,53.29113924050633,50.91025641025641,2,ckhtfa5u,,,,,0
25,sjw641j3,,0,587,587,FinalPage,ThankYou,2026-09-16 07:14:49.282695,1,,,277.78,5,,0.0,M_no_W_no,,,,,,,,,,,0,0,,,450,150,,,,,,,,,,,,,,,,,2,1,"2, 6",3,0.0,0.0,0.0,0.0,0.0,0,0,0,1,-1,5,0.0,0.0,0,1,440.0,160.0,92.5,75.0,70.0,75.0,Down,Down,15,50,60,50,55.8743961352657,52.10828025477707,53.29113924050633,50.91025641025641,2,ckhtfa5u,,,,,0
1,msd1f2iu,,0,587,587,FinalPage,ThankYou,2026-09-16 07:14:45.221358,1,,,388.89,1,,0.0,M_no_W_no,,,,,,,,,,,0,0,,,175,75,,,,,,,,,,,,,,,,,2,1,"2, 6",3,0.0,0.0,0.0,0.0,0.0,0,0,0,1,-1,1,0.0,0.0,0,1,150.0,100.0,87.5,75.0,70.0,50.0,Down,Down,25,50,60,100,55.8743961352657,52.10828025477707,53.29113924050633,50.91025641025641,3,ckhtfa5u,,,,,0
2,omrf04k4,,0,587,587,FinalPage,ThankYou,2026-09-16 07:14:45.274669,1,,,388.89,2,,0.0,M_no_W_no,,,,,,,,,,,0,0,,,160,110,,,,,,,,,,,,,,,,,2,1,"2, 6",3,0.0,0.0,0.0,0.0,0.0,0,0,0,1,1,1,0.0,0.0,0,1,150.0,100.0,87.5,75.0,70.0,50.0,Down,Down,25,50,60,100,55.8743961352657,52.10828025477707,53.29113924050633,50.91025641025641,3,ckhtfa5u,,,,,0
3,duzxv1is,,0,587,587,FinalPage,ThankYou,2026-09-16 07:14:45.347404,1,,,611.11,3,,0.0,M_no_W_no,,,,,,,,,,,0,0,,,148,98,,,,,,,,,,,,,,,,,2,1,"2, 6",3,0.0,0.0,0.0,0.0,0.0,0,0,0,-1,-1,1,0.0,0.0,0,1,150.0,100.0,87.5,75.0,70.0,50.0,Down,Down,25,50,60,100,55.8743961352657,52.10828025477707,53.29113924050633,50.91025641025641,3,ckhtfa5u,,,,,0
4,znk2pevv,,0,587,587,FinalPage,ThankYou,2026-09-16 07:14:45.967994,1,,,500.0,4,,0.0,M_no_W_no,,,,,,,,,,,0,0,,,125,110,,,,,,,,,,,,,,,,,2,1,"2, 6",3,0.0,0.0,0.0,0.0,0.0,0,0,0,-1,1,1,0.0,0.0,0,1,150.0,100.0,87.5,75.0,70.0,50.0,Down,Down,25,50,60,100,55.8743961352657,52.10828025477707,53.29113924050633,50.91025641025641,3,ckhtfa5u,,,,,0
5,rv5b38em,,0,587,587,FinalPage,ThankYou,2026-09-16 07:14:46.164104,1,,,444.44,5,,0.0,M_no_W_no,,,,,,,,,,,0,0,,,150,100,,,,,,,,,,,,,,,,,2,1,"2, 6",3,0.0,0.0,0.0,0.0,0.0,0,0,0,0,0,1,0.0,0.0,0,1,150.0,100.0,87.5,75.0,70.0,50.0,Down,Down,25,50,60,100,55.8743961352657,52.10828025477707,53.29113924050633,50.91025641025641,3,ckhtfa5u,,,,,0
6,z7t2lpyk,,0,587,587,FinalPage,ThankYou,2026-09-16 07:14:46.247250,1,,,666.67,1,,0.0,M_no_W_no,,,,,,,,,,,0,0,,,330,200,,,,,,,,,,,,,,,,,2,1,"2, 6",3,0.0,0.0,0.0,0.0,0.0,0,0,0,0,1,2,0.0,0.0,1,0,330.0,120.0,75.0,175.0,65.0,100.0,Down,Up,50,75,0,70,55.8743961352657,52.10828025477707,53.29113924050633,50.91025641025641,3,ckhtfa5u,,,,,0
7,dwx0my9x,,0,587,587,FinalPage,ThankYou,2026-09-16 07:14:46.305699,1,,,1166.67,2,,0.0,M_no_W_no,,,,,,,,,,,0,0,,,140,120,,,,,,,,,,,,,,,,,2,1,"2, 6",3,0.0,0.0,0.0,0.0,0.0,0,0,0,-1,0,2,0.0,0.0,1,0,330.0,120.0,75.0,175.0,65.0,100.0,Down,Up,50,75,0,70,55.8743961352657,52.10828025477707,53.29113924050633,50.91025641025641,3,ckhtfa5u,,,,,0
8,uhxz6pjz,,0,587,587,FinalPage,ThankYou,2026-09-16 07:14:46.338399,1,,,1388.89,3,,0.0,M_no_W_no,,,,,,,,,,,0,0,,,200,124,,,,,,,,,,,,,,,,,2,1,"2, 6",3,0.0,0.0,0.0,0.0,0.0,0,0,0,-1,1,2,0.0,0.0,1,0,330.0,120.0,75.0,175.0,65.0,100.0,Down,Up,50,75,0,70,55.8743961352657,52.10828025477707,53.29113924050633,50.91025641025641,3,ckhtfa5u,,,,,0
9,r39x605k,,0,587,587,FinalPage,ThankYou,2026-09-16 07:14:46.369519,1,,,55.56,4,,0.0,M_no_W_no,,,,,,,,,,,0,0,,,500,100,,,,,,,,,,,,,,,,,2,1,"2, 6",3,0.0,0.0,0.0,0.0,0.0,0,0,0,1,-1,2,0.0,0.0,1,0,330.0,120.0,75.0,175.0,65.0,100.0,Down,Up,50,75,0,70,55.8743961352657,52.10828025477707,53.29113924050633,50.91025641025641,3,ckhtfa5u,,,,,0
10,yhliw46v,,0,587,587,FinalPage,ThankYou,2026-09-16 07:14:46.359571,1,,,277.78,5,,0.0,M_no_W_no,,,,,,,,,,,0,0,,,350,100,,,,,,,,,,,,,,,,,2,1,"2, 6",3,0.0,0.0,0.0,0.0,0.0,0,0,0,1,-1,2,0.0,0.0,1,0,330.0,120.0,75.0,175.0,65.0,100.0,Down,Up,50,75,0,70,55.8743961352657,52.10828025477707,53.29113924050633,50.91025641025641,3,ckhtfa5u,,,,,0
11,7abl389c,,0,587,587,FinalPage,ThankYou,2026-09-16 07:14:46.377075,1,,,666.67,1,,0.0,M_no_W_no,,,,,,,,,,,0,0,,,480,120,,,,,,,,,,,,,,,,,2,1,"2, 6",3,0.0,0.0,0.0,0.0,0.0,0,0,0,1,-1,3,0.0,0.0,0,0,451.0,149.0,150.0,120.0,180.0,120.0,Up,Up,50,20,20,80,55.8743961352657,52.10828025477707,53.29113924050633,50.91025641025641,3,ckhtfa5u,,,,,0
12,6kns3oml,,0,587,587,FinalPage,ThankYou,2026-09-16 07:14:46.391218,1,,,1000.0,2,,0.0,M_no_W_no,,,,,,,,,,,0,0,,,500,100,,,,,,,,,,,,,,,,,2,1,"2, 6",3,0.0,0.0,0.0,0.0,0.0,0,0,0,1,-1,3,0.0,0.0,0,0,451.0,149.0,150.0,120.0,180.0,120.0,Up,Up,50,20,20,80,55.8743961352657,52.10828025477707,53.29113924050633,50.91025641025641,3,ckhtfa5u,,,,,0
13,pp2e4xx5,,0,587,587,FinalPage,ThankYou,2026-09-16 07:14:46.398329,1,,,1333.33,3,,0.0,M_no_W_no,,,,,,,,,,,0,0,,,451,149,,,,,,,,,,,,,,,,,2,1,"2, 6",3,0.0,0.0,0.0,0.0,0.0,0,0,0,0,0,3,0.0,0.0,0,0,451.0,149.0,150.0,120.0,180.0,120.0,Up,Up,50,20,20,80,55.8743961352657,52.10828025477707,53.29113924050633,50.91025641025641,3,ckhtfa5u,,,,,0
14,jid9ui4f,,0,587,587,FinalPage,ThankYou,2026-09-16 07:14:46.405738,1,,,1055.56,4,,0.0,M_no_W_no,,,,,,,,,,,0,0,,,450,150,,,,,,,,,,,,,,,,,2,1,"2, 6",3,0.0,0.0,0.0,0.0,0.0,0,0,0,-1,1,3,0.0,0.0,0,0,451.0,149.0,150.0,120.0,180.0,120.0,Up,Up,50,20,20,80,55.8743961352657,52.10828025477707,53.29113924050633,50.91025641025641,3,ckhtfa5u,,,,,0
15,grwzfvbr,,0,587,587,FinalPage,ThankYou,2026-09-16 07:14:46.413971,1,,,1166.67,5,,0.0,M_no_W_no,,,,,,,,,,,0,0,,,400,200,,,,,,,,,,,,,,,,,2,1,"2, 6",3,0.0,0.0,0.0,0.0,0.0,0,0,0,-1,1,3,0.0,0.0,0,0,451.0,149.0,150.0,120.0,180.0,120.0,Up,Up,50,20,20,80,55.8743961352657,52.10828025477707,53.29113924050633,50.91025641025641,3,ckhtfa5u,,,,,0
16,yxcpp681,,0,587,587,FinalPage,ThankYou,2026-09-16 07:14:46.537902,1,,,1444.44,1,,0.0,M_no_W_no,,,,,,,,,,,0,0,,,375,100,,,,,,,,,,,,,,,,,2,1,"2, 6",3,0.0,0.0,0.0,0.0,0.0,0,0,0,1,0,4,0.0,0.0,1,0,350.0,100.0,175.0,200.0,130.0,170.0,Up,Up,75,100,70,30,55.8743961352657,52.10828025477707,53.29113924050633,50.91025641025641,3,ckhtfa5u,,,,,0
17,09bse981,,0,587,587,FinalPage,ThankYou,2026-09-16 07:14:46.585925,1,,,833.33,2,,0.0,M_no_W_no,,,,,,,,,,,0,0,,,300,300,,,,,,,,,,,,,,,,,2,1,"2, 6",3,0.0,0.0,0.0,0.0,0.0,0,0,0,-1,1,4,0.0,0.0,1,0,350.0,100.0,175.0,200.0,130.0,170.0,Up,Up,75,100,70,30,55.8743961352657,52.10828025477707,53.29113924050633,50.91025641025641,3,ckhtfa5u,,,,,0
18,2p0bevly,,0,587,587,FinalPage,ThankYou,2026-09-16 07:14:46.888819,1,,,888.89,3,,0.0,M_no_W_no,,,,,,,,,,,0,0,,,350,100,,,,,,,,,,,,,,,,,2,1,"2, 6",3,0.0,0.0,0.0,0.0,0.0,0,0,0,0,1,4,0.0,0.0,1,0,350.0,100.0,175.0,200.0,130.0,170.0,Up,Up,75,100,70,30,55.8743961352657,52.10828025477707,53.29113924050633,50.91025641025641,3,ckhtfa5u,,,,,0
19,raavz353,,0,587,587,FinalPage,ThankYou,2026-09-16 07:14:46.924962,1,,,1055.56,4,,0.0,M_no_W_no,,,,,,,,,,,0,0,,,300,70,,,,,,,,,,,,,,,,,2,1,"2, 6",3,0.0,0.0,0.0,0.0,0.0,0,0,0,-1,-1,4,0.0,0.0,1,0,350.0,100.0,175.0,200.0,130.0,170.0,Up,Up,75,100,70,30,55.8743961352657,52.10828025477707,53.29113924050633,50.91025641025641,3,ckhtfa5u,,,,,0
20,6rdutaoz,,0,587,587,FinalPage,ThankYou,2026-09-16 07:14:46.739461,1,,,1333.33,5,,0.0,M_no_W_no,,,,,,,,,,,0,0,,,360,80,,,,,,,,,,,,,,,,,2,1,"2, 6",3,0.0,0.0,0.0,0.0,0.0,0,0,0,1,-1,4,0.0,0.0,1,0,350.0,100.0,175.0,200.0,130.0,170.0,Up,Up,75,100,70,30,55.8743961352657,52.10828025477707,53.29113924050633,50.91025641025641,3,ckhtfa5u,,,,,0
21,21anldsa,,0,587,587,FinalPage,ThankYou,2026-09-16 07:14:46.764965,1,,,1000.0,1,,0.0,M_no_W_no,,,,,,,,,,,0,0,,,450,150,,,,,,,,,,,,,,,,,2,1,"2, 6",3,0.0,0.0,0.0,0.0,0.0,0,0,0,1,0,5,0.0,0.0,0,1,450.0,150.0,92.5,75.0,70.0,75.0,Down,Down,15,50,60,50,55.8743961352657,52.10828025477707,53.29113924050633,50.91025641025641,3,ckhtfa5u,,,,,0
22,3mjtjuou,,0,587,587,FinalPage,ThankYou,2026-09-16 07:14:47.087780,1,,,555.56,2,,0.0,M_no_W_no,,,,,,,,,,,0,0,,,445,155,,,,,,,,,,,,,,,,,2,1,"2, 6",3,0.0,0.0,0.0,0.0,0.0,0,0,0,-1,1,5,0.0,0.0,0,1,450.0,150.0,92.5,75.0,70.0,75.0,Down,Down,15,50,60,50,55.8743961352657,52.10828025477707,53.29113924050633,50.91025641025641,3,ckhtfa5u,,,,,0
23,5jtwpe9d,,0,587,587,FinalPage,ThankYou,2026-09-16 07:14:47.162759,1,,,333.33,3,,0.0,M_no_W_no,,,,,,,,,,,0,0,,,450,150,,,,,,,,,,,,,,,,,2,1,"2, 6",3,0.0,0.0,0.0,0.0,0.0,0,0,0,0,-1,5,0.0,0.0,0,1,450.0,150.0,92.5,75.0,70.0,75.0,Down,Down,15,50,60,50,55.8743961352657,52.10828025477707,53.29113924050633,50.91025641025641,3,ckhtfa5u,,,,,0
24,s16bmsk2,,0,587,587,FinalPage,ThankYou,2026-09-16 07:14:47.283007,1,,,666.67,4,,0.0,M_no_W_no,,,,,,,,,,,0,0,,,480,120,,,,,,,,,,,,,,,,,2,1,"2, 6",3,0.0,0.0,0.0,0.0,0.0,0,0,0,1,-1,5,0.0,0.0,0,1,450.0,150.0,92.5,75.0,70.0,75.0,Down,Down,15,50,60,50,55.8743961352657,52.10828025477707,53.29113924050633,50.91025641025641,3,ckhtfa5u,,,,,0
25,sjw641j3,,0,587,587,FinalPage,ThankYou,2026-09-16 07:14:49.282695,1,,,277.78,5,,0.0,M_no_W_no,,,,,,,,,,,0,0,,,430,170,,,,,,,,,,,,,,,,,2,1,"2, 6",3,0.0,0.0,0.0,0.0,0.0,0,0,0,-1,1,5,0.0,0.0,0,1,450.0,150.0,92.5,75.0,70.0,75.0,Down,Down,15,50,60,50,55.8743961352657,52.10828025477707,53.29113924050633,50.91025641025641,3,ckhtfa5u,,,,,0
1,msd1f2iu,,0,587,587,FinalPage,ThankYou,2026-09-16 07:14:45.221358,1,,,388.89,1,,0.0,M_no_W_no,,,,,,,,,,,0,0,,,165,90,,,,,,,,,,,,,,,,,2,1,"2, 6",3,0.0,0.0,0.0,0.0,0.0,0,0,0,1,-1,1,0.0,0.0,0,1,150.0,100.0,87.5,75.0,70.0,50.0,Down,Down,25,50,60,100,55.8743961352657,52.10828025477707,53.29113924050633,50.91025641025641,4,ckhtfa5u,,,,,0
2,omrf04k4,,0,587,587,FinalPage,ThankYou,2026-09-16 07:14:45.274669,1,,,388.89,2,,0.0,M_no_W_no,,,,,,,,,,,0,0,,,150,100,,,,,,,,,,,,,,,,,2,1,"2, 6",3,0.0,0.0,0.0,0.0,0.0,0,0,0,0,0,1,0.0,0.0,0,1,150.0,100.0,87.5,75.0,70.0,50.0,Down,Down,25,50,60,100,55.8743961352657,52.10828025477707,53.29113924050633,50.91025641025641,4,ckhtfa5u,,,,,0
3,duzxv1is,,0,587,587,FinalPage,ThankYou,2026-09-16 07:14:45.347404,1,,,611.11,3,,0.0,M_no_W_no,,,,,,,,,,,0,0,,,149,99,,,,,,,,,,,,,,,,,2,1,"2, 6",3,0.0,0.0,0.0,0.0,0.0,0,0,0,-1,-1,1,0.0,0.0,0,1,150.0,100.0,87.5,75.0,70.0,50.0,Down,Down,25,50,60,100,55.8743961352657,52.10828025477707,53.29113924050633,50.91025641025641,4,ckhtfa5u,,,,,0
4,znk2pevv,,0,587,587,FinalPage,ThankYou,2026-09-16 07:14:45.967994,1,,,500.0,4,,0.0,M_no_W_no,,,,,,,,,,,0,0,,,125,110,,,,,,,,,,,,,,,,,2,1,"2, 6",3,0.0,0.0,0.0,0.0,0.0,0,0,0,-1,1,1,0.0,0.0,0,1,150.0,100.0,87.5,75.0,70.0,50.0,Down,Down,25,50,60,100,55.8743961352657,52.10828025477707,53.29113924050633,50.91025641025641,4,ckhtfa5u,,,,,0
5,rv5b38em,,0,587,587,FinalPage,ThankYou,2026-09-16 07:14:46.164104,1,,,444.44,5,,0.0,M_no_W_no,,,,,,,,,,,0,0,,,200,200,,,,,,,,,,,,,,,,,2,1,"2, 6",3,0.0,0.0,0.0,0.0,0.0,0,0,0,1,1,1,0.0,0.0,0,1,150.0,100.0,87.5,75.0,70.0,50.0,Down,Down,25,50,60,100,55.8743961352657,52.10828025477707,53.29113924050633,50.91025641025641,4,ckhtfa5u,,,,,0
6,z7t2lpyk,,0,587,587,FinalPage,ThankYou,2026-09-16 07:14:46.247250,1,,,666.67,1,,0.0,M_no_W_no,,,,,,,,,,,0,0,,,300,100,,,,,,,,,,,,,,,,,2,1,"2, 6",3,0.0,0.0,0.0,0.0,0.0,0,0,0,-1,-1,2,0.0,0.0,1,0,310.0,115.0,75.0,175.0,65.0,100.0,Down,Up,50,75,0,70,55.8743961352657,52.10828025477707,53.29113924050633,50.91025641025641,4,ckhtfa5u,,,,,0
7,dwx0my9x,,0,587,587,FinalPage,ThankYou,2026-09-16 07:14:46.305699,1,,,1166.67,2,,0.0,M_no_W_no,,,,,,,,,,,0,0,,,150,130,,,,,,,,,,,,,,,,,2,1,"2, 6",3,0.0,0.0,0.0,0.0,0.0,0,0,0,-1,1,2,0.0,0.0,1,0,310.0,115.0,75.0,175.0,65.0,100.0,Down,Up,50,75,0,70,55.8743961352657,52.10828025477707,53.29113924050633,50.91025641025641,4,ckhtfa5u,,,,,0
8,uhxz6pjz,,0,587,587,FinalPage,ThankYou,2026-09-16 07:14:46.338399,1,,,1388.89,3,,0.0,M_no_W_no,,,,,,,,,,,0,0,,,350,100,,,,,,,,,,,,,,,,,2,1,"2, 6",3,0.0,0.0,0.0,0.0,0.0,0,0,0,1,-1,2,0.0,0.0,1,0,310.0,115.0,75.0,175.0,65.0,100.0,Down,Up,50,75,0,70,55.8743961352657,52.10828025477707,53.29113924050633,50.91025641025641,4,ckhtfa5u,,,,,0
9,r39x605k,,0,587,587,FinalPage,ThankYou,2026-09-16 07:14:46.369519,1,,,55.56,4,,0.0,M_no_W_no,,,,,,,,,,,0,0,,,310,115,,,,,,,,,,,,,,,,,2,1,"2, 6",3,0.0,0.0,0.0,0.0,0.0,0,0,0,0,0,2,0.0,0.0,1,0,310.0,115.0,75.0,175.0,65.0,100.0,Down,Up,50,75,0,70,55.8743961352657,52.10828025477707,53.29113924050633,50.91025641025641,4,ckhtfa5u,,,,,0
10,yhliw46v,,0,587,587,FinalPage,ThankYou,2026-09-16 07:14:46.359571,1,,,277.78,5,,0.0,M_no_W_no,,,,,,,,,,,0,0,,,350,120,,,,,,,,,,,,,,,,,2,1,"2, 6",3,0.0,0.0,0.0,0.0,0.0,0,0,0,1,1,2,0.0,0.0,1,0,310.0,115.0,75.0,175.0,65.0,100.0,Down,Up,50,75,0,70,55.8743961352657,52.10828025477707,53.29113924050633,50.91025641025641,4,ckhtfa5u,,,,,0
11,7abl389c,,0,587,587,FinalPage,ThankYou,2026-09-16 07:14:46.377075,1,,,666.67,1,,0.0,M_no_W_no,,,,,,,,,,,0,0,,,480,120,,,,,,,,,,,,,,,,,2,1,"2, 6",3,0.0,0.0,0.0,0.0,0.0,0,0,0,1,-1,3,0.0,0.0,0,0,455.0,145.0,150.0,120.0,180.0,120.0,Up,Up,50,20,20,80,55.8743961352657,52.10828025477707,53.29113924050633,50.91025641025641,4,ckhtfa5u,,,,,0
12,6kns3oml,,0,587,587,FinalPage,ThankYou,2026-09-16 07:14:46.391218,1,,,1000.0,2,,0.0,M_no_W_no,,,,,,,,,,,0,0,,,450,150,,,,,,,,,,,,,,,,,2,1,"2, 6",3,0.0,0.0,0.0,0.0,0.0,0,0,0,-1,1,3,0.0,0.0,0,0,455.0,145.0,150.0,120.0,180.0,120.0,Up,Up,50,20,20,80,55.8743961352657,52.10828025477707,53.29113924050633,50.91025641025641,4,ckhtfa5u,,,,,0
13,pp2e4xx5,,0,587,587,FinalPage,ThankYou,2026-09-16 07:14:46.398329,1,,,1333.33,3,,0.0,M_no_W_no,,,,,,,,,,,0,0,,,470,130,,,,,,,,,,,,,,,,,2,1,"2, 6",3,0.0,0.0,0.0,0.0,0.0,0,0,0,1,-1,3,0.0,0.0,0,0,455.0,145.0,150.0,120.0,180.0,120.0,Up,Up,50,20,20,80,55.8743961352657,52.10828025477707,53.29113924050633,50.91025641025641,4,ckhtfa5u,,,,,0
14,jid9ui4f,,0,587,587,FinalPage,ThankYou,2026-09-16 07:14:46.405738,1,,,1055.56,4,,0.0,M_no_W_no,,,,,,,,,,,0,0,,,455,145,,,,,,,,,,,,,,,,,2,1,"2, 6",3,0.0,0.0,0.0,0.0,0.0,0,0,0,0,0,3,0.0,0.0,0,0,455.0,145.0,150.0,120.0,180.0,120.0,Up,Up,50,20,20,80,55.8743961352657,52.10828025477707,53.29113924050633,50.91025641025641,4,ckhtfa5u,,,,,0
15,grwzfvbr,,0,587,587,FinalPage,ThankYou,2026-09-16 07:14:46.413971,1,,,1166.67,5,,0.0,M_no_W_no,,,,,,,,,,,0,0,,,450,150,,,,,,,,,,,,,,,,,2,1,"2, 6",3,0.0,0.0,0.0,0.0,0.0,0,0,0,-1,1,3,0.0,0.0,0,0,455.0,145.0,150.0,120.0,180.0,120.0,Up,Up,50,20,20,80,55.8743961352657,52.10828025477707,53.29113924050633,50.91025641025641,4,ckhtfa5u,,,,,0
16,yxcpp681,,0,587,587,FinalPage,ThankYou,2026-09-16 07:14:46.537902,1,,,1444.44,1,,0.0,M_no_W_no,,,,,,,,,,,0,0,,,400,100,,,,,,,,,,,,,,,,,2,1,"2, 6",3,0.0,0.0,0.0,0.0,0.0,0,0,0,1,1,4,0.0,0.0,1,0,350.0,90.0,175.0,200.0,130.0,170.0,Up,Up,75,100,70,30,55.8743961352657,52.10828025477707,53.29113924050633,50.91025641025641,4,ckhtfa5u,,,,,0
17,09bse981,,0,587,587,FinalPage,ThankYou,2026-09-16 07:14:46.585925,1,,,833.33,2,,0.0,M_no_W_no,,,,,,,,,,,0,0,,,300,80,,,,,,,,,,,,,,,,,2,1,"2, 6",3,0.0,0.0,0.0,0.0,0.0,0,0,0,-1,-1,4,0.0,0.0,1,0,350.0,90.0,175.0,200.0,130.0,170.0,Up,Up,75,100,70,30,55.8743961352657,52.10828025477707,53.29113924050633,50.91025641025641,4,ckhtfa5u,,,,,0
18,2p0bevly,,0,587,587,FinalPage,ThankYou,2026-09-16 07:14:46.888819,1,,,888.89,3,,0.0,M_no_W_no,,,,,,,,,,,0,0,,,350,100,,,,,,,,,,,,,,,,,2,1,"2, 6",3,0.0,0.0,0.0,0.0,0.0,0,0,0,1,1,4,0.0,0.0,1,0,350.0,90.0,175.0,200.0,130.0,170.0,Up,Up,75,100,70,30,55.8743961352657,52.10828025477707,53.29113924050633,50.91025641025641,4,ckhtfa5u,,,,,0
19,raavz353,,0,587,587,FinalPage,ThankYou,2026-09-16 07:14:46.924962,1,,,1055.56,4,,0.0,M_no_W_no,,,,,,,,,,,0,0,,,300,70,,,,,,,,,,,,,,,,,2,1,"2, 6",3,0.0,0.0,0.0,0.0,0.0,0,0,0,-1,-1,4,0.0,0.0,1,0,350.0,90.0,175.0,200.0,130.0,170.0,Up,Up,75,100,70,30,55.8743961352657,52.10828025477707,53.29113924050633,50.91025641025641,4,ckhtfa5u,,,,,0
20,6rdutaoz,,0,587,587,FinalPage,ThankYou,2026-09-16 07:14:46.739461,1,,,1333.33,5,,0.0,M_no_W_no,,,,,,,,,,,0,0,,,350,90,,,,,,,,,,,,,,,,,2,1,"2, 6",3,0.0,0.0,0.0,0.0,0.0,0,0,0,0,0,4,0.0,0.0,1,0,350.0,90.0,175.0,200.0,130.0,170.0,Up,Up,75,100,70,30,55.8743961352657,52.10828025477707,53.29113924050633,50.91025641025641,4,ckhtfa5u,,,,,0
21,21anldsa,,0,587,587,FinalPage,ThankYou,2026-09-16 07:14:46.764965,1,,,1000.0,1,,0.0,M_no_W_no,,,,,,,,,,,0,0,,,400,150,,,,,,,,,,,,,,,,,2,1,"2, 6",3,0.0,0.0,0.0,0.0,0.0,0,0,0,0,0,5,0.0,0.0,0,1,400.0,150.0,92.5,75.0,70.0,75.0,Down,Down,15,50,60,50,55.8743961352657,52.10828025477707,53.29113924050633,50.91025641025641,4,ckhtfa5u,,,,,0
22,3mjtjuou,,0,587,587,FinalPage,ThankYou,2026-09-16 07:14:47.087780,1,,,555.56,2,,0.0,M_no_W_no,,,,,,,,,,,0,0,,,450,150,,,,,,,,,,,,,,,,,2,1,"2, 6",3,0.0,0.0,0.0,0.0,0.0,0,0,0,1,1,5,0.0,0.0,0,1,400.0,150.0,92.5,75.0,70.0,75.0,Down,Down,15,50,60,50,55.8743961352657,52.10828025477707,53.29113924050633,50.91025641025641,4,ckhtfa5u,,,,,0
23,5jtwpe9d,,0,587,587,FinalPage,ThankYou,2026-09-16 07:14:47.162759,1,,,333.33,3,,0.0,M_no_W_no,,,,,,,,,,,0,0,,,350,150,,,,,,,,,,,,,,,,,2,1,"2, 6",3,0.0,0.0,0.0,0.0,0.0,0,0,0,-1,-1,5,0.0,0.0,0,1,400.0,150.0,92.5,75.0,70.0,75.0,Down,Down,15,50,60,50,55.8743961352657,52.10828025477707,53.29113924050633,50.91025641025641,4,ckhtfa5u,,,,,0
24,s16bmsk2,,0,587,587,FinalPage,ThankYou,2026-09-16 07:14:47.283007,1,,,666.67,4,,0.0,M_no_W_no,,,,,,,,,,,0,0,,,460,140,,,,,,,,,,,,,,,,,2,1,"2, 6",3,0.0,0.0,0.0,0.0,0.0,0,0,0,1,-1,5,0.0,0.0,0,1,400.0,150.0,92.5,75.0,70.0,75.0,Down,Down,15,50,60,50,55.8743961352657,52.10828025477707,53.29113924050633,50.91025641025641,4,ckhtfa5u,,,,,0
25,sjw641j3,,0,587,587,FinalPage,ThankYou,2026-09-16 07:14:49.282695,1,,,277.78,5,,0.0,M_no_W_no,,,,,,,,,,,0,0,,,200,200,,,,,,,,,,,,,,,,,2,1,"2, 6",3,0.0,0.0,0.0,0.0,0.0,0,0,0,-1,1,5,0.0,0.0,0,1,400.0,150.0,92.5,75.0,70.0,75.0,Down,Down,15,50,60,50,55.8743961352657,52.10828025477707,53.29113924050633,50.91025641025641,4,ckhtfa5u,,,,,0
1,msd1f2iu,,0,587,587,FinalPage,ThankYou,2026-09-16 07:14:45.221358,1,,,388.89,1,,0.0,M_no_W_no,,,,,,,,,,,0,0,,,170,50,,,,,,,,,,,,,,,,,2,1,"2, 6",3,0.0,0.0,0.0,0.0,0.0,0,0,0,1,-1,1,0.0,0.0,0,1,125.0,70.0,87.5,75.0,70.0,50.0,Down,Down,25,50,60,100,55.8743961352657,52.10828025477707,53.29113924050633,50.91025641025641,5,ckhtfa5u,,,,,0
2,omrf04k4,,0,587,587,FinalPage,ThankYou,2026-09-16 07:14:45.274669,1,,,388.89,2,,0.0,M_no_W_no,,,,,,,,,,,0,0,,,10,10,,,,,,,,,,,,,,,,,2,1,"2, 6",3,0.0,0.0,0.0,0.0,0.0,0,0,0,-1,-1,1,0.0,0.0,0,1,125.0,70.0,87.5,75.0,70.0,50.0,Down,Down,25,50,60,100,55.8743961352657,52.10828025477707,53.29113924050633,50.91025641025641,5,ckhtfa5u,,,,,0
3,duzxv1is,,0,587,587,FinalPage,ThankYou,2026-09-16 07:14:45.347404,1,,,611.11,3,,0.0,M_no_W_no,,,,,,,,,,,0,0,,,100,70,,,,,,,,,,,,,,,,,2,1,"2, 6",3,0.0,0.0,0.0,0.0,0.0,0,0,0,-1,0,1,0.0,0.0,0,1,125.0,70.0,87.5,75.0,70.0,50.0,Down,Down,25,50,60,100,55.8743961352657,52.10828025477707,53.29113924050633,50.91025641025641,5,ckhtfa5u,,,,,0
4,znk2pevv,,0,587,587,FinalPage,ThankYou,2026-09-16 07:14:45.967994,1,,,500.0,4,,0.0,M_no_W_no,,,,,,,,,,,0,0,,,125,110,,,,,,,,,,,,,,,,,2,1,"2, 6",3,0.0,0.0,0.0,0.0,0.0,0,0,0,0,1,1,0.0,0.0,0,1,125.0,70.0,87.5,75.0,70.0,50.0,Down,Down,25,50,60,100,55.8743961352657,52.10828025477707,53.29113924050633,50.91025641025641,5,ckhtfa5u,,,,,0
5,rv5b38em,,0,587,587,FinalPage,ThankYou,2026-09-16 07:14:46.164104,1,,,444.44,5,,0.0,M_no_W_no,,,,,,,,,,,0,0,,,200,200,,,,,,,,,,,,,,,,,2,1,"2, 6",3,0.0,0.0,0.0,0.0,0.0,0,0,0,1,1,1,0.0,0.0,0,1,125.0,70.0,87.5,75.0,70.0,50.0,Down,Down,25,50,60,100,55.8743961352657,52.10828025477707,53.29113924050633,50.91025641025641,5,ckhtfa5u,,,,,0
6,z7t2lpyk,,0,587,587,FinalPage,ThankYou,2026-09-16 07:14:46.247250,1,,,666.67,1,,0.0,M_no_W_no,,,,,,,,,,,0,0,,,300,115,,,,,,,,,,,,,,,,,2,1,"2, 6",3,0.0,0.0,0.0,0.0,0.0,0,0,0,0,1,2,0.0,0.0,1,0,300.0,110.0,75.0,175.0,65.0,100.0,Down,Up,50,75,0,70,55.8743961352657,52.10828025477707,53.29113924050633,50.91025641025641,5,ckhtfa5u,,,,,0
7,dwx0my9x,,0,587,587,FinalPage,ThankYou,2026-09-16 07:14:46.305699,1,,,1166.67,2,,0.0,M_no_W_no,,,,,,,,,,,0,0,,,140,110,,,,,,,,,,,,,,,,,2,1,"2, 6",3,0.0,0.0,0.0,0.0,0.0,0,0,0,-1,0,2,0.0,0.0,1,0,300.0,110.0,75.0,175.0,65.0,100.0,Down,Up,50,75,0,70,55.8743961352657,52.10828025477707,53.29113924050633,50.91025641025641,5,ckhtfa5u,,,,,0
8,uhxz6pjz,,0,587,587,FinalPage,ThankYou,2026-09-16 07:14:46.338399,1,,,1388.89,3,,0.0,M_no_W_no,,,,,,,,,,,0,0,,,130,125,,,,,,,,,,,,,,,,,2,1,"2, 6",3,0.0,0.0,0.0,0.0,0.0,0,0,0,-1,1,2,0.0,0.0,1,0,300.0,110.0,75.0,175.0,65.0,100.0,Down,Up,50,75,0,70,55.8743961352657,52.10828025477707,53.29113924050633,50.91025641025641,5,ckhtfa5u,,,,,0
9,r39x605k,,0,587,587,FinalPage,ThankYou,2026-09-16 07:14:46.369519,1,,,55.56,4,,0.0,M_no_W_no,,,,,,,,,,,0,0,,,320,100,,,,,,,,,,,,,,,,,2,1,"2, 6",3,0.0,0.0,0.0,0.0,0.0,0,0,0,1,-1,2,0.0,0.0,1,0,300.0,110.0,75.0,175.0,65.0,100.0,Down,Up,50,75,0,70,55.8743961352657,52.10828025477707,53.29113924050633,50.91025641025641,5,ckhtfa5u,,,,,0
10,yhliw46v,,0,587,587,FinalPage,ThankYou,2026-09-16 07:14:46.359571,1,,,277.78,5,,0.0,M_no_W_no,,,,,,,,,,,0,0,,,320,100,,,,,,,,,,,,,,,,,2,1,"2, 6",3,0.0,0.0,0.0,0.0,0.0,0,0,0,1,-1,2,0.0,0.0,1,0,300.0,110.0,75.0,175.0,65.0,100.0,Down,Up,50,75,0,70,55.8743961352657,52.10828025477707,53.29113924050633,50.91025641025641,5,ckhtfa5u,,,,,0
11,7abl389c,,0,587,587,FinalPage,ThankYou,2026-09-16 07:14:46.377075,1,,,666.67,1,,0.0,M_no_W_no,,,,,,,,,,,0,0,,,480,120,,,,,,,,,,,,,,,,,2,1,"2, 6",3,0.0,0.0,0.0,0.0,0.0,0,0,0,0,0,3,0.0,0.0,0,0,480.0,120.0,150.0,120.0,180.0,120.0,Up,Up,50,20,20,80,55.8743961352657,52.10828025477707,53.29113924050633,50.91025641025641,5,ckhtfa5u,,,,,0
12,6kns3oml,,0,587,587,FinalPage,ThankYou,2026-09-16 07:14:46.391218,1,,,1000.0,2,,0.0,M_no_W_no,,,,,,,,,,,0,0,,,550,50,,,,,,,,,,,,,,,,,2,1,"2, 6",3,0.0,0.0,0.0,0.0,0.0,0,0,0,1,-1,3,0.0,0.0,0,0,480.0,120.0,150.0,120.0,180.0,120.0,Up,Up,50,20,20,80,55.8743961352657,52.10828025477707,53.29113924050633,50.91025641025641,5,ckhtfa5u,,,,,0
13,pp2e4xx5,,0,587,587,FinalPage,ThankYou,2026-09-16 07:14:46.398329,1,,,1333.33,3,,0.0,M_no_W_no,,,,,,,,,,,0,0,,,453,147,,,,,,,,,,,,,,,,,2,1,"2, 6",3,0.0,0.0,0.0,0.0,0.0,0,0,0,-1,1,3,0.0,0.0,0,0,480.0,120.0,150.0,120.0,180.0,120.0,Up,Up,50,20,20,80,55.8743961352657,52.10828025477707,53.29113924050633,50.91025641025641,5,ckhtfa5u,,,,,0
14,jid9ui4f,,0,587,587,FinalPage,ThankYou,2026-09-16 07:14:46.405738,1,,,1055.56,4,,0.0,M_no_W_no,,,,,,,,,,,0,0,,,500,100,,,,,,,,,,,,,,,,,2,1,"2, 6",3,0.0,0.0,0.0,0.0,0.0,0,0,0,1,-1,3,0.0,0.0,0,0,480.0,120.0,150.0,120.0,180.0,120.0,Up,Up,50,20,20,80,55.8743961352657,52.10828025477707,53.29113924050633,50.91025641025641,5,ckhtfa5u,,,,,0
15,grwzfvbr,,0,587,587,FinalPage,ThankYou,2026-09-16 07:14:46.413971,1,,,1166.67,5,,0.0,M_no_W_no,,,,,,,,,,,0,0,,,450,150,,,,,,,,,,,,,,,,,2,1,"2, 6",3,0.0,0.0,0.0,0.0,0.0,0,0,0,-1,1,3,0.0,0.0,0,0,480.0,120.0,150.0,120.0,180.0,120.0,Up,Up,50,20,20,80,55.8743961352657,52.10828025477707,53.29113924050633,50.91025641025641,5,ckhtfa5u,,,,,0
16,yxcpp681,,0,587,587,FinalPage,ThankYou,2026-09-16 07:14:46.537902,1,,,1444.44,1,,0.0,M_no_W_no,,,,,,,,,,,0,0,,,325,70,,,,,,,,,,,,,,,,,2,1,"2, 6",3,0.0,0.0,0.0,0.0,0.0,0,0,0,-1,-1,4,0.0,0.0,1,0,335.0,85.0,175.0,200.0,130.0,170.0,Up,Up,75,100,70,30,55.8743961352657,52.10828025477707,53.29113924050633,50.91025641025641,5,ckhtfa5u,,,,,0
17,09bse981,,0,587,587,FinalPage,ThankYou,2026-09-16 07:14:46.585925,1,,,833.33,2,,0.0,M_no_W_no,,,,,,,,,,,0,0,,,100,100,,,,,,,,,,,,,,,,,2,1,"2, 6",3,0.0,0.0,0.0,0.0,0.0,0,0,0,-1,1,4,0.0,0.0,1,0,335.0,85.0,175.0,200.0,130.0,170.0,Up,Up,75,100,70,30,55.8743961352657,52.10828025477707,53.29113924050633,50.91025641025641,5,ckhtfa5u,,,,,0
18,2p0bevly,,0,587,587,FinalPage,ThankYou,2026-09-16 07:14:46.888819,1,,,888.89,3,,0.0,M_no_W_no,,,,,,,,,,,0,0,,,335,80,,,,,,,,,,,,,,,,,2,1,"2, 6",3,0.0,0.0,0.0,0.0,0.0,0,0,0,0,-1,4,0.0,0.0,1,0,335.0,85.0,175.0,200.0,130.0,170.0,Up,Up,75,100,70,30,55.8743961352657,52.10828025477707,53.29113924050633,50.91025641025641,5,ckhtfa5u,,,,,0
19,raavz353,,0,587,587,FinalPage,ThankYou,2026-09-16 07:14:46.924962,1,,,1055.56,4,,0.0,M_no_W_no,,,,,,,,,,,0,0,,,340,85,,,,,,,,,,,,,,,,,2,1,"2, 6",3,0.0,0.0,0.0,0.0,0.0,0,0,0,1,0,4,0.0,0.0,1,0,335.0,85.0,175.0,200.0,130.0,170.0,Up,Up,75,100,70,30,55.8743961352657,52.10828025477707,53.29113924050633,50.91025641025641,5,ckhtfa5u,,,,,0
20,6rdutaoz,,0,587,587,FinalPage,ThankYou,2026-09-16 07:14:46.739461,1,,,1333.33,5,,0.0,M_no_W_no,,,,,,,,,,,0,0,,,360,85,,,,,,,,,,,,,,,,,2,1,"2, 6",3,0.0,0.0,0.0,0.0,0.0,0,0,0,1,1,4,0.0,0.0,1,0,335.0,85.0,175.0,200.0,130.0,170.0,Up,Up,75,100,70,30,55.8743961352657,52.10828025477707,53.29113924050633,50.91025641025641,5,ckhtfa5u,,,,,0
21,21anldsa,,0,587,587,FinalPage,ThankYou,2026-09-16 07:14:46.764965,1,,,1000.0,1,,0.0,M_no_W_no,,,,,,,,,,,0,0,,,450,140,,,,,,,,,,,,,,,,,2,1,"2, 6",3,0.0,0.0,0.0,0.0,0.0,0,0,0,1,-1,5,0.0,0.0,0,1,400.0,150.0,92.5,75.0,70.0,75.0,Down,Down,15,50,60,50,55.8743961352657,52.10828025477707,53.29113924050633,50.91025641025641,5,ckhtfa5u,,,,,0
22,3mjtjuou,,0,587,587,FinalPage,ThankYou,2026-09-16 07:14:47.087780,1,,,555.56,2,,0.0,M_no_W_no,,,,,,,,,,,0,0,,,400,150,,,,,,,,,,,,,,,,,2,1,"2, 6",3,0.0,0.0,0.0,0.0,0.0,0,0,0,0,0,5,0.0,0.0,0,1,400.0,150.0,92.5,75.0,70.0,75.0,Down,Down,15,50,60,50,55.8743961352657,52.10828025477707,53.29113924050633,50.91025641025641,5,ckhtfa5u,,,,,0
23,5jtwpe9d,,0,587,587,FinalPage,ThankYou,2026-09-16 07:14:47.162759,1,,,333.33,3,,0.0,M_no_W_no,,,,,,,,,,,0,0,,,400,200,,,,,,,,,,,,,,,,,2,1,"2, 6",3,0.0,0.0,0.0,0.0,0.0,0,0,0,-1,1,5,0.0,0.0,0,1,400.0,150.0,92.5,75.0,70.0,75.0,Down,Down,15,50,60,50,55.8743961352657,52.10828025477707,53.29113924050633,50.91025641025641,5,ckhtfa5u,,,,,0
24,s16bmsk2,,0,587,587,FinalPage,ThankYou,2026-09-16 07:14:47.283007,1,,,666.67,4,,0.0,M_no_W_no,,,,,,,,,,,0,0,,,460,140,,,,,,,,,,,,,,,,,2,1,"2, 6",3,0.0,0.0,0.0,0.0,0.0,0,0,0,1,-1,5,0.0,0.0,0,1,400.0,150.0,92.5,75.0,70.0,75.0,Down,Down,15,50,60,50,55.8743961352657,52.10828025477707,53.29113924050633,50.91025641025641,5,ckhtfa5u,,,,,0
25,sjw641j3,,0,587,587,FinalPage,ThankYou,2026-09-16 07:14:49.282695,1,,,277.78,5,,0.0,M_no_W_no,,,,,,,,,,,0,0,,,250,250,,,,,,,,,,,,,,,,,2,1,"2, 6",3,0.0,0.0,0.0,0.0,0.0,0,0,0,-1,1,5,0.0,0.0,0,1,400.0,150.0,92.5,75.0,70.0,75.0,Down,Down,15,50,60,50,55.8743961352657,52.10828025477707,53.29113924050633,50.91025641025641,5,ckhtfa5u,,,,,0
1,msd1f2iu,,0,587,587,FinalPage,ThankYou,2026-09-16 07:14:45.221358,1,,,388.89,1,,0.0,M_no_W_no,,,,,,,,,,,0,0,,,170,100,,,,,,,,,,,,,,,,,2,1,"2, 6",3,0.0,0.0,0.0,0.0,0.0,0,0,0,1,0,1,0.0,0.0,0,1,125.0,100.0,87.5,75.0,70.0,50.0,Down,Down,25,50,60,100,55.8743961352657,52.10828025477707,53.29113924050633,50.91025641025641,6,ckhtfa5u,,,,,0
2,omrf04k4,,0,587,587,FinalPage,ThankYou,2026-09-16 07:14:45.274669,1,,,388.89,2,,0.0,M_no_W_no,,,,,,,,,,,0,0,,,50,50,,,,,,,,,,,,,,,,,2,1,"2, 6",3,0.0,0.0,0.0,0.0,0.0,0,0,0,-1,-1,1,0.0,0.0,0,1,125.0,100.0,87.5,75.0,70.0,50.0,Down,Down,25,50,60,100,55.8743961352657,52.10828025477707,53.29113924050633,50.91025641025641,6,ckhtfa5u,,,,,0
3,duzxv1is,,0,587,587,FinalPage,ThankYou,2026-09-16 07:14:45.347404,1,,,611.11,3,,0.0,M_no_W_no,,,,,,,,,,,0,0,,,110,66,,,,,,,,,,,,,,,,,2,1,"2, 6",3,0.0,0.0,0.0,0.0,0.0,0,0,0,-1,-1,1,0.0,0.0,0,1,125.0,100.0,87.5,75.0,70.0,50.0,Down,Down,25,50,60,100,55.8743961352657,52.10828025477707,53.29113924050633,50.91025641025641,6,ckhtfa5u,,,,,0
4,znk2pevv,,0,587,587,FinalPage,ThankYou,2026-09-16 07:14:45.967994,1,,,500.0,4,,0.0,M_no_W_no,,,,,,,,,,,0,0,,,125,110,,,,,,,,,,,,,,,,,2,1,"2, 6",3,0.0,0.0,0.0,0.0,0.0,0,0,0,0,1,1,0.0,0.0,0,1,125.0,100.0,87.5,75.0,70.0,50.0,Down,Down,25,50,60,100,55.8743961352657,52.10828025477707,53.29113924050633,50.91025641025641,6,ckhtfa5u,,,,,0
5,rv5b38em,,0,587,587,FinalPage,ThankYou,2026-09-16 07:14:46.164104,1,,,444.44,5,,0.0,M_no_W_no,,,,,,,,,,,0,0,,,300,200,,,,,,,,,,,,,,,,,2,1,"2, 6",3,0.0,0.0,0.0,0.0,0.0,0,0,0,1,1,1,0.0,0.0,0,1,125.0,100.0,87.5,75.0,70.0,50.0,Down,Down,25,50,60,100,55.8743961352657,52.10828025477707,53.29113924050633,50.91025641025641,6,ckhtfa5u,,,,,0
6,z7t2lpyk,,0,587,587,FinalPage,ThankYou,2026-09-16 07:14:46.247250,1,,,666.67,1,,0.0,M_no_W_no,,,,,,,,,,,0,0,,,290,105,,,,,,,,,,,,,,,,,2,1,"2, 6",3,0.0,0.0,0.0,0.0,0.0,0,0,0,0,-1,2,0.0,0.0,1,0,290.0,110.0,75.0,175.0,65.0,100.0,Down,Up,50,75,0,70,55.8743961352657,52.10828025477707,53.29113924050633,50.91025641025641,6,ckhtfa5u,,,,,0
7,dwx0my9x,,0,587,587,FinalPage,ThankYou,2026-09-16 07:14:46.305699,1,,,1166.67,2,,0.0,M_no_W_no,,,,,,,,,,,0,0,,,140,110,,,,,,,,,,,,,,,,,2,1,"2, 6",3,0.0,0.0,0.0,0.0,0.0,0,0,0,-1,1,2,0.0,0.0,1,0,290.0,110.0,75.0,175.0,65.0,100.0,Down,Up,50,75,0,70,55.8743961352657,52.10828025477707,53.29113924050633,50.91025641025641,6,ckhtfa5u,,,,,0
8,uhxz6pjz,,0,587,587,FinalPage,ThankYou,2026-09-16 07:14:46.338399,1,,,1388.89,3,,0.0,M_no_W_no,,,,,,,,,,,0,0,,,130,125,,,,,,,,,,,,,,,,,2,1,"2, 6",3,0.0,0.0,0.0,0.0,0.0,0,0,0,-1,1,2,0.0,0.0,1,0,290.0,110.0,75.0,175.0,65.0,100.0,Down,Up,50,75,0,70,55.8743961352657,52.10828025477707,53.29113924050633,50.91025641025641,6,ckhtfa5u,,,,,0
9,r39x605k,,0,587,587,FinalPage,ThankYou,2026-09-16 07:14:46.369519,1,,,55.56,4,,0.0,M_no_W_no,,,,,,,,,,,0,0,,,310,105,,,,,,,,,,,,,,,,,2,1,"2, 6",3,0.0,0.0,0.0,0.0,0.0,0,0,0,1,-1,2,0.0,0.0,1,0,290.0,110.0,75.0,175.0,65.0,100.0,Down,Up,50,75,0,70,55.8743961352657,52.10828025477707,53.29113924050633,50.91025641025641,6,ckhtfa5u,,,,,0
10,yhliw46v,,0,587,587,FinalPage,ThankYou,2026-09-16 07:14:46.359571,1,,,277.78,5,,0.0,M_no_W_no,,,,,,,,,,,0,0,,,300,110,,,,,,,,,,,,,,,,,2,1,"2, 6",3,0.0,0.0,0.0,0.0,0.0,0,0,0,1,0,2,0.0,0.0,1,0,290.0,110.0,75.0,175.0,65.0,100.0,Down,Up,50,75,0,70,55.8743961352657,52.10828025477707,53.29113924050633,50.91025641025641,6,ckhtfa5u,,,,,0
11,7abl389c,,0,587,587,FinalPage,ThankYou,2026-09-16 07:14:46.377075,1,,,666.67,1,,0.0,M_no_W_no,,,,,,,,,,,0,0,,,510,90,,,,,,,,,,,,,,,,,2,1,"2, 6",3,0.0,0.0,0.0,0.0,0.0,0,0,0,1,-1,3,0.0,0.0,0,0,500.0,100.0,150.0,120.0,180.0,120.0,Up,Up,50,20,20,80,55.8743961352657,52.10828025477707,53.29113924050633,50.91025641025641,6,ckhtfa5u,,,,,0
12,6kns3oml,,0,587,587,FinalPage,ThankYou,2026-09-16 07:14:46.391218,1,,,1000.0,2,,0.0,M_no_W_no,,,,,,,,,,,0,0,,,510,90,,,,,,,,,,,,,,,,,2,1,"2, 6",3,0.0,0.0,0.0,0.0,0.0,0,0,0,1,-1,3,0.0,0.0,0,0,500.0,100.0,150.0,120.0,180.0,120.0,Up,Up,50,20,20,80,55.8743961352657,52.10828025477707,53.29113924050633,50.91025641025641,6,ckhtfa5u,,,,,0
13,pp2e4xx5,,0,587,587,FinalPage,ThankYou,2026-09-16 07:14:46.398329,1,,,1333.33,3,,0.0,M_no_W_no,,,,,,,,,,,0,0,,,463,137,,,,,,,,,,,,,,,,,2,1,"2, 6",3,0.0,0.0,0.0,0.0,0.0,0,0,0,-1,1,3,0.0,0.0,0,0,500.0,100.0,150.0,120.0,180.0,120.0,Up,Up,50,20,20,80,55.8743961352657,52.10828025477707,53.29113924050633,50.91025641025641,6,ckhtfa5u,,,,,0
14,jid9ui4f,,0,587,587,FinalPage,ThankYou,2026-09-16 07:14:46.405738,1,,,1055.56,4,,0.0,M_no_W_no,,,,,,,,,,,0,0,,,500,100,,,,,,,,,,,,,,,,,2,1,"2, 6",3,0.0,0.0,0.0,0.0,0.0,0,0,0,-1,1,3,0.0,0.0,0,0,500.0,100.0,150.0,120.0,180.0,120.0,Up,Up,50,20,20,80,55.8743961352657,52.10828025477707,53.29113924050633,50.91025641025641,6,ckhtfa5u,,,,,0
15,grwzfvbr,,0,587,587,FinalPage,ThankYou,2026-09-16 07:14:46.413971,1,,,1166.67,5,,0.0,M_no_W_no,,,,,,,,,,,0,0,,,500,100,,,,,,,,,,,,,,,,,2,1,"2, 6",3,0.0,0.0,0.0,0.0,0.0,0,0,0,0,0,3,0.0,0.0,0,0,500.0,100.0,150.0,120.0,180.0,120.0,Up,Up,50,20,20,80,55.8743961352657,52.10828025477707,53.29113924050633,50.91025641025641,6,ckhtfa5u,,,,,0
16,yxcpp681,,0,587,587,FinalPage,ThankYou,2026-09-16 07:14:46.537902,1,,,1444.44,1,,0.0,M_no_W_no,,,,,,,,,,,0,0,,,320,80,,,,,,,,,,,,,,,,,2,1,"2, 6",3,0.0,0.0,0.0,0.0,0.0,0,0,0,0,0,4,0.0,0.0,1,0,320.0,80.0,175.0,200.0,130.0,170.0,Up,Up,75,100,70,30,55.8743961352657,52.10828025477707,53.29113924050633,50.91025641025641,6,ckhtfa5u,,,,,0
17,09bse981,,0,587,587,FinalPage,ThankYou,2026-09-16 07:14:46.585925,1,,,833.33,2,,0.0,M_no_W_no,,,,,,,,,,,0,0,,,500,99,,,,,,,,,,,,,,,,,2,1,"2, 6",3,0.0,0.0,0.0,0.0,0.0,0,0,0,1,1,4,0.0,0.0,1,0,320.0,80.0,175.0,200.0,130.0,170.0,Up,Up,75,100,70,30,55.8743961352657,52.10828025477707,53.29113924050633,50.91025641025641,6,ckhtfa5u,,,,,0
18,2p0bevly,,0,587,587,FinalPage,ThankYou,2026-09-16 07:14:46.888819,1,,,888.89,3,,0.0,M_no_W_no,,,,,,,,,,,0,0,,,330,87,,,,,,,,,,,,,,,,,2,1,"2, 6",3,0.0,0.0,0.0,0.0,0.0,0,0,0,1,1,4,0.0,0.0,1,0,320.0,80.0,175.0,200.0,130.0,170.0,Up,Up,75,100,70,30,55.8743961352657,52.10828025477707,53.29113924050633,50.91025641025641,6,ckhtfa5u,,,,,0
19,raavz353,,0,587,587,FinalPage,ThankYou,2026-09-16 07:14:46.924962,1,,,1055.56,4,,0.0,M_no_W_no,,,,,,,,,,,0,0,,,300,70,,,,,,,,,,,,,,,,,2,1,"2, 6",3,0.0,0.0,0.0,0.0,0.0,0,0,0,-1,-1,4,0.0,0.0,1,0,320.0,80.0,175.0,200.0,130.0,170.0,Up,Up,75,100,70,30,55.8743961352657,52.10828025477707,53.29113924050633,50.91025641025641,6,ckhtfa5u,,,,,0
20,6rdutaoz,,0,587,587,FinalPage,ThankYou,2026-09-16 07:14:46.739461,1,,,1333.33,5,,0.0,M_no_W_no,,,,,,,,,,,0,0,,,300,70,,,,,,,,,,,,,,,,,2,1,"2, 6",3,0.0,0.0,0.0,0.0,0.0,0,0,0,-1,-1,4,0.0,0.0,1,0,320.0,80.0,175.0,200.0,130.0,170.0,Up,Up,75,100,70,30,55.8743961352657,52.10828025477707,53.29113924050633,50.91025641025641,6,ckhtfa5u,,,,,0
21,21anldsa,,0,587,587,FinalPage,ThankYou,2026-09-16 07:14:46.764965,1,,,1000.0,1,,0.0,M_no_W_no,,,,,,,,,,,0,0,,,400,200,,,,,,,,,,,,,,,,,2,1,"2, 6",3,0.0,0.0,0.0,0.0,0.0,0,0,0,-1,1,5,0.0,0.0,0,1,450.0,150.0,92.5,75.0,70.0,75.0,Down,Down,15,50,60,50,55.8743961352657,52.10828025477707,53.29113924050633,50.91025641025641,6,ckhtfa5u,,,,,0
22,3mjtjuou,,0,587,587,FinalPage,ThankYou,2026-09-16 07:14:47.087780,1,,,555.56,2,,0.0,M_no_W_no,,,,,,,,,,,0,0,,,400,150,,,,,,,,,,,,,,,,,2,1,"2, 6",3,0.0,0.0,0.0,0.0,0.0,0,0,0,-1,0,5,0.0,0.0,0,1,450.0,150.0,92.5,75.0,70.0,75.0,Down,Down,15,50,60,50,55.8743961352657,52.10828025477707,53.29113924050633,50.91025641025641,6,ckhtfa5u,,,,,0
23,5jtwpe9d,,0,587,587,FinalPage,ThankYou,2026-09-16 07:14:47.162759,1,,,333.33,3,,0.0,M_no_W_no,,,,,,,,,,,0,0,,,470,130,,,,,,,,,,,,,,,,,2,1,"2, 6",3,0.0,0.0,0.0,0.0,0.0,0,0,0,1,-1,5,0.0,0.0,0,1,450.0,150.0,92.5,75.0,70.0,75.0,Down,Down,15,50,60,50,55.8743961352657,52.10828025477707,53.29113924050633,50.91025641025641,6,ckhtfa5u,,,,,0
24,s16bmsk2,,0,587,587,FinalPage,ThankYou,2026-09-16 07:14:47.283007,1,,,666.67,4,,0.0,M_no_W_no,,,,,,,,,,,0,0,,,450,150,,,,,,,,,,,,,,,,,2,1,"2, 6",3,0.0,0.0,0.0,0.0,0.0,0,0,0,0,1,5,0.0,0.0,0,1,450.0,150.0,92.5,75.0,70.0,75.0,Down,Down,15,50,60,50,55.8743961352657,52.10828025477707,53.29113924050633,50.91025641025641,6,ckhtfa5u,,,,,0
25,sjw641j3,,0,587,587,FinalPage,ThankYou,2026-09-16 07:14:49.282695,1,,,277.78,5,,0.0,M_no_W_no,,,,,,,,,,,0,0,,,500,100,,,,,,,,,,,,,,,,,2,1,"2, 6",3,0.0,0.0,0.0,0.0,0.0,0,0,0,1,-1,5,0.0,0.0,0,1,450.0,150.0,92.5,75.0,70.0,75.0,Down,Down,15,50,60,50,55.8743961352657,52.10828025477707,53.29113924050633,50.91025641025641,6,ckhtfa5u,,,,,0
1,msd1f2iu,,0,587,587,FinalPage,ThankYou,2026-09-16 07:14:45.221358,1,,,388.89,1,,0.0,M_no_W_no,,,,,,,,,,,0,0,,,160,100,,,,,,,,,,,,,,,,,2,1,"2, 6",3,0.0,0.0,0.0,0.0,0.0,0,0,0,0,-1,1,0.0,0.0,0,1,160.0,110.0,87.5,75.0,70.0,50.0,Down,Down,25,50,60,100,55.8743961352657,52.10828025477707,53.29113924050633,50.91025641025641,7,ckhtfa5u,,,,,0
2,omrf04k4,,0,587,587,FinalPage,ThankYou,2026-09-16 07:14:45.274669,1,,,388.89,2,,0.0,M_no_W_no,,,,,,,,,,,0,0,,,300,300,,,,,,,,,,,,,,,,,2,1,"2, 6",3,0.0,0.0,0.0,0.0,0.0,0,0,0,1,1,1,0.0,0.0,0,1,160.0,110.0,87.5,75.0,70.0,50.0,Down,Down,25,50,60,100,55.8743961352657,52.10828025477707,53.29113924050633,50.91025641025641,7,ckhtfa5u,,,,,0
3,duzxv1is,,0,587,587,FinalPage,ThankYou,2026-09-16 07:14:45.347404,1,,,611.11,3,,0.0,M_no_W_no,,,,,,,,,,,0,0,,,115,90,,,,,,,,,,,,,,,,,2,1,"2, 6",3,0.0,0.0,0.0,0.0,0.0,0,0,0,-1,-1,1,0.0,0.0,0,1,160.0,110.0,87.5,75.0,70.0,50.0,Down,Down,25,50,60,100,55.8743961352657,52.10828025477707,53.29113924050633,50.91025641025641,7,ckhtfa5u,,,,,0
4,znk2pevv,,0,587,587,FinalPage,ThankYou,2026-09-16 07:14:45.967994,1,,,500.0,4,,0.0,M_no_W_no,,,,,,,,,,,0,0,,,125,110,,,,,,,,,,,,,,,,,2,1,"2, 6",3,0.0,0.0,0.0,0.0,0.0,0,0,0,-1,0,1,0.0,0.0,0,1,160.0,110.0,87.5,75.0,70.0,50.0,Down,Down,25,50,60,100,55.8743961352657,52.10828025477707,53.29113924050633,50.91025641025641,7,ckhtfa5u,,,,,0
5,rv5b38em,,0,587,587,FinalPage,ThankYou,2026-09-16 07:14:46.164104,1,,,444.44,5,,0.0,M_no_W_no,,,,,,,,,,,0,0,,,200,200,,,,,,,,,,,,,,,,,2,1,"2, 6",3,0.0,0.0,0.0,0.0,0.0,0,0,0,1,1,1,0.0,0.0,0,1,160.0,110.0,87.5,75.0,70.0,50.0,Down,Down,25,50,60,100,55.8743961352657,52.10828025477707,53.29113924050633,50.91025641025641,7,ckhtfa5u,,,,,0
6,z7t2lpyk,,0,587,587,FinalPage,ThankYou,2026-09-16 07:14:46.247250,1,,,666.67,1,,0.0,M_no_W_no,,,,,,,,,,,0,0,,,280,110,,,,,,,,,,,,,,,,,2,1,"2, 6",3,0.0,0.0,0.0,0.0,0.0,0,0,0,0,1,2,0.0,0.0,1,0,280.0,108.0,75.0,175.0,65.0,100.0,Down,Up,50,75,0,70,55.8743961352657,52.10828025477707,53.29113924050633,50.91025641025641,7,ckhtfa5u,,,,,0
7,dwx0my9x,,0,587,587,FinalPage,ThankYou,2026-09-16 07:14:46.305699,1,,,1166.67,2,,0.0,M_no_W_no,,,,,,,,,,,0,0,,,130,108,,,,,,,,,,,,,,,,,2,1,"2, 6",3,0.0,0.0,0.0,0.0,0.0,0,0,0,-1,0,2,0.0,0.0,1,0,280.0,108.0,75.0,175.0,65.0,100.0,Down,Up,50,75,0,70,55.8743961352657,52.10828025477707,53.29113924050633,50.91025641025641,7,ckhtfa5u,,,,,0
8,uhxz6pjz,,0,587,587,FinalPage,ThankYou,2026-09-16 07:14:46.338399,1,,,1388.89,3,,0.0,M_no_W_no,,,,,,,,,,,0,0,,,150,125,,,,,,,,,,,,,,,,,2,1,"2, 6",3,0.0,0.0,0.0,0.0,0.0,0,0,0,-1,1,2,0.0,0.0,1,0,280.0,108.0,75.0,175.0,65.0,100.0,Down,Up,50,75,0,70,55.8743961352657,52.10828025477707,53.29113924050633,50.91025641025641,7,ckhtfa5u,,,,,0
9,r39x605k,,0,587,587,FinalPage,ThankYou,2026-09-16 07:14:46.369519,1,,,55.56,4,,0.0,M_no_W_no,,,,,,,,,,,0,0,,,310,105,,,,,,,,,,,,,,,,,2,1,"2, 6",3,0.0,0.0,0.0,0.0,0.0,0,0,0,1,-1,2,0.0,0.0,1,0,280.0,108.0,75.0,175.0,65.0,100.0,Down,Up,50,75,0,70,55.8743961352657,52.10828025477707,53.29113924050633,50.91025641025641,7,ckhtfa5u,,,,,0
10,yhliw46v,,0,587,587,FinalPage,ThankYou,2026-09-16 07:14:46.359571,1,,,277.78,5,,0.0,M_no_W_no,,,,,,,,,,,0,0,,,290,105,,,,,,,,,,,,,,,,,2,1,"2, 6",3,0.0,0.0,0.0,0.0,0.0,0,0,0,1,-1,2,0.0,0.0,1,0,280.0,108.0,75.0,175.0,65.0,100.0,Down,Up,50,75,0,70,55.8743961352657,52.10828025477707,53.29113924050633,50.91025641025641,7,ckhtfa5u,,,,,0
11,7abl389c,,0,587,587,FinalPage,ThankYou,2026-09-16 07:14:46.377075,1,,,666.67,1,,0.0,M_no_W_no,,,,,,,,,,,0,0,,,510,90,,,,,,,,,,,,,,,,,2,1,"2, 6",3,0.0,0.0,0.0,0.0,0.0,0,0,0,-1,1,3,0.0,0.0,0,0,511.0,82.0,150.0,120.0,180.0,120.0,Up,Up,50,20,20,80,55.8743961352657,52.10828025477707,53.29113924050633,50.91025641025641,7,ckhtfa5u,,,,,0
12,6kns3oml,,0,587,587,FinalPage,ThankYou,2026-09-16 07:14:46.391218,1,,,1000.0,2,,0.0,M_no_W_no,,,,,,,,,,,0,0,,,550,50,,,,,,,,,,,,,,,,,2,1,"2, 6",3,0.0,0.0,0.0,0.0,0.0,0,0,0,1,-1,3,0.0,0.0,0,0,511.0,82.0,150.0,120.0,180.0,120.0,Up,Up,50,20,20,80,55.8743961352657,52.10828025477707,53.29113924050633,50.91025641025641,7,ckhtfa5u,,,,,0
13,pp2e4xx5,,0,587,587,FinalPage,ThankYou,2026-09-16 07:14:46.398329,1,,,1333.33,3,,0.0,M_no_W_no,,,,,,,,,,,0,0,,,511,82,,,,,,,,,,,,,,,,,2,1,"2, 6",3,0.0,0.0,0.0,0.0,0.0,0,0,0,0,0,3,0.0,0.0,0,0,511.0,82.0,150.0,120.0,180.0,120.0,Up,Up,50,20,20,80,55.8743961352657,52.10828025477707,53.29113924050633,50.91025641025641,7,ckhtfa5u,,,,,0
14,jid9ui4f,,0,587,587,FinalPage,ThankYou,2026-09-16 07:14:46.405738,1,,,1055.56,4,,0.0,M_no_W_no,,,,,,,,,,,0,0,,,501,99,,,,,,,,,,,,,,,,,2,1,"2, 6",3,0.0,0.0,0.0,0.0,0.0,0,0,0,-1,1,3,0.0,0.0,0,0,511.0,82.0,150.0,120.0,180.0,120.0,Up,Up,50,20,20,80,55.8743961352657,52.10828025477707,53.29113924050633,50.91025641025641,7,ckhtfa5u,,,,,0
15,grwzfvbr,,0,587,587,FinalPage,ThankYou,2026-09-16 07:14:46.413971,1,,,1166.67,5,,0.0,M_no_W_no,,,,,,,,,,,0,0,,,550,50,,,,,,,,,,,,,,,,,2,1,"2, 6",3,0.0,0.0,0.0,0.0,0.0,0,0,0,1,-1,3,0.0,0.0,0,0,511.0,82.0,150.0,120.0,180.0,120.0,Up,Up,50,20,20,80,55.8743961352657,52.10828025477707,53.29113924050633,50.91025641025641,7,ckhtfa5u,,,,,0
16,yxcpp681,,0,587,587,FinalPage,ThankYou,2026-09-16 07:14:46.537902,1,,,1444.44,1,,0.0,M_no_W_no,,,,,,,,,,,0,0,,,310,80,,,,,,,,,,,,,,,,,2,1,"2, 6",3,0.0,0.0,0.0,0.0,0.0,0,0,0,0,1,4,0.0,0.0,1,0,310.0,78.0,175.0,200.0,130.0,170.0,Up,Up,75,100,70,30,55.8743961352657,52.10828025477707,53.29113924050633,50.91025641025641,7,ckhtfa5u,,,,,0
17,09bse981,,0,587,587,FinalPage,ThankYou,2026-09-16 07:14:46.585925,1,,,833.33,2,,0.0,M_no_W_no,,,,,,,,,,,0,0,,,500,100,,,,,,,,,,,,,,,,,2,1,"2, 6",3,0.0,0.0,0.0,0.0,0.0,0,0,0,1,1,4,0.0,0.0,1,0,310.0,78.0,175.0,200.0,130.0,170.0,Up,Up,75,100,70,30,55.8743961352657,52.10828025477707,53.29113924050633,50.91025641025641,7,ckhtfa5u,,,,,0
18,2p0bevly,,0,587,587,FinalPage,ThankYou,2026-09-16 07:14:46.888819,1,,,888.89,3,,0.0,M_no_W_no,,,,,,,,,,,0,0,,,315,78,,,,,,,,,,,,,,,,,2,1,"2, 6",3,0.0,0.0,0.0,0.0,0.0,0,0,0,1,0,4,0.0,0.0,1,0,310.0,78.0,175.0,200.0,130.0,170.0,Up,Up,75,100,70,30,55.8743961352657,52.10828025477707,53.29113924050633,50.91025641025641,7,ckhtfa5u,,,,,0
19,raavz353,,0,587,587,FinalPage,ThankYou,2026-09-16 07:14:46.924962,1,,,1055.56,4,,0.0,M_no_W_no,,,,,,,,,,,0,0,,,290,65,,,,,,,,,,,,,,,,,2,1,"2, 6",3,0.0,0.0,0.0,0.0,0.0,0,0,0,-1,-1,4,0.0,0.0,1,0,310.0,78.0,175.0,200.0,130.0,170.0,Up,Up,75,100,70,30,55.8743961352657,52.10828025477707,53.29113924050633,50.91025641025641,7,ckhtfa5u,,,,,0
20,6rdutaoz,,0,587,587,FinalPage,ThankYou,2026-09-16 07:14:46.739461,1,,,1333.33,5,,0.0,M_no_W_no,,,,,,,,,,,0,0,,,300,70,,,,,,,,,,,,,,,,,2,1,"2, 6",3,0.0,0.0,0.0,0.0,0.0,0,0,0,-1,-1,4,0.0,0.0,1,0,310.0,78.0,175.0,200.0,130.0,170.0,Up,Up,75,100,70,30,55.8743961352657,52.10828025477707,53.29113924050633,50.91025641025641,7,ckhtfa5u,,,,,0
21,21anldsa,,0,587,587,FinalPage,ThankYou,2026-09-16 07:14:46.764965,1,,,1000.0,1,,0.0,M_no_W_no,,,,,,,,,,,0,0,,,400,150,,,,,,,,,,,,,,,,,2,1,"2, 6",3,0.0,0.0,0.0,0.0,0.0,0,0,0,-1,-1,5,0.0,0.0,0,1,450.0,150.0,92.5,75.0,70.0,75.0,Down,Down,15,50,60,50,55.8743961352657,52.10828025477707,53.29113924050633,50.91025641025641,7,ckhtfa5u,,,,,0
22,3mjtjuou,,0,587,587,FinalPage,ThankYou,2026-09-16 07:14:47.087780,1,,,555.56,2,,0.0,M_no_W_no,,,,,,,,,,,0,0,,,450,150,,,,,,,,,,,,,,,,,2,1,"2, 6",3,0.0,0.0,0.0,0.0,0.0,0,0,0,1,-1,5,0.0,0.0,0,1,450.0,150.0,92.5,75.0,70.0,75.0,Down,Down,15,50,60,50,55.8743961352657,52.10828025477707,53.29113924050633,50.91025641025641,7,ckhtfa5u,,,,,0
23,5jtwpe9d,,0,587,587,FinalPage,ThankYou,2026-09-16 07:14:47.162759,1,,,333.33,3,,0.0,M_no_W_no,,,,,,,,,,,0,0,,,450,150,,,,,,,,,,,,,,,,,2,1,"2, 6",3,0.0,0.0,0.0,0.0,0.0,0,0,0,1,0,5,0.0,0.0,0,1,450.0,150.0,92.5,75.0,70.0,75.0,Down,Down,15,50,60,50,55.8743961352657,52.10828025477707,53.29113924050633,50.91025641025641,7,ckhtfa5u,,,,,0
24,s16bmsk2,,0,587,587,FinalPage,ThankYou,2026-09-16 07:14:47.283007,1,,,666.67,4,,0.0,M_no_W_no,,,,,,,,,,,0,0,,,440,160,,,,,,,,,,,,,,,,,2,1,"2, 6",3,0.0,0.0,0.0,0.0,0.0,0,0,0,-1,1,5,0.0,0.0,0,1,450.0,150.0,92.5,75.0,70.0,75.0,Down,Down,15,50,60,50,55.8743961352657,52.10828025477707,53.29113924050633,50.91025641025641,7,ckhtfa5u,,,,,0
25,sjw641j3,,0,587,587,FinalPage,ThankYou,2026-09-16 07:14:49.282695,1,,,277.78,5,,0.0,M_no_W_no,,,,,,,,,,,0,0,,,450,150,,,,,,,,,,,,,,,,,2,1,"2, 6",3,0.0,0.0,0.0,0.0,0.0,0,0,0,0,1,5,0.0,0.0,0,1,450.0,150.0,92.5,75.0,70.0,75.0,Down,Down,15,50,60,50,55.8743961352657,52.10828025477707,53.29113924050633,50.91025641025641,7,ckhtfa5u,,,,,0
1,msd1f2iu,,0,587,587,FinalPage,ThankYou,2026-09-16 07:14:45.221358,1,,,388.89,1,,0.0,M_no_W_no,,,,,,,,,,,0,0,,,175,150,,,,,,,,,,,,,,,,,2,1,"2, 6",3,0.0,0.0,0.0,0.0,0.0,0,0,0,1,0,1,0.0,0.0,0,1,149.0,150.0,87.5,75.0,70.0,50.0,Down,Down,25,50,60,100,55.8743961352657,52.10828025477707,53.29113924050633,50.91025641025641,8,ckhtfa5u,,,,,0
2,omrf04k4,,0,587,587,FinalPage,ThankYou,2026-09-16 07:14:45.274669,1,,,388.89,2,,0.0,M_no_W_no,,,,,,,,,,,0,0,,,100,500,,,,,,,,,,,,,,,,,2,1,"2, 6",3,0.0,0.0,0.0,0.0,0.0,0,0,0,-1,1,1,0.0,0.0,0,1,149.0,150.0,87.5,75.0,70.0,50.0,Down,Down,25,50,60,100,55.8743961352657,52.10828025477707,53.29113924050633,50.91025641025641,8,ckhtfa5u,,,,,0
3,duzxv1is,,0,587,587,FinalPage,ThankYou,2026-09-16 07:14:45.347404,1,,,611.11,3,,0.0,M_no_W_no,,,,,,,,,,,0,0,,,149,105,,,,,,,,,,,,,,,,,2,1,"2, 6",3,0.0,0.0,0.0,0.0,0.0,0,0,0,0,-1,1,0.0,0.0,0,1,149.0,150.0,87.5,75.0,70.0,50.0,Down,Down,25,50,60,100,55.8743961352657,52.10828025477707,53.29113924050633,50.91025641025641,8,ckhtfa5u,,,,,0
4,znk2pevv,,0,587,587,FinalPage,ThankYou,2026-09-16 07:14:45.967994,1,,,500.0,4,,0.0,M_no_W_no,,,,,,,,,,,0,0,,,125,110,,,,,,,,,,,,,,,,,2,1,"2, 6",3,0.0,0.0,0.0,0.0,0.0,0,0,0,-1,-1,1,0.0,0.0,0,1,149.0,150.0,87.5,75.0,70.0,50.0,Down,Down,25,50,60,100,55.8743961352657,52.10828025477707,53.29113924050633,50.91025641025641,8,ckhtfa5u,,,,,0
5,rv5b38em,,0,587,587,FinalPage,ThankYou,2026-09-16 07:14:46.164104,1,,,444.44,5,,0.0,M_no_W_no,,,,,,,,,,,0,0,,,200,200,,,,,,,,,,,,,,,,,2,1,"2, 6",3,0.0,0.0,0.0,0.0,0.0,0,0,0,1,1,1,0.0,0.0,0,1,149.0,150.0,87.5,75.0,70.0,50.0,Down,Down,25,50,60,100,55.8743961352657,52.10828025477707,53.29113924050633,50.91025641025641,8,ckhtfa5u,,,,,0
6,z7t2lpyk,,0,587,587,FinalPage,ThankYou,2026-09-16 07:14:46.247250,1,,,666.67,1,,0.0,M_no_W_no,,,,,,,,,,,0,0,,,270,100,,,,,,,,,,,,,,,,,2,1,"2, 6",3,0.0,0.0,0.0,0.0,0.0,0,0,0,0,-1,2,0.0,0.0,1,0,270.0,108.0,75.0,175.0,65.0,100.0,Down,Up,50,75,0,70,55.8743961352657,52.10828025477707,53.29113924050633,50.91025641025641,8,ckhtfa5u,,,,,0
7,dwx0my9x,,0,587,587,FinalPage,ThankYou,2026-09-16 07:14:46.305699,1,,,1166.67,2,,0.0,M_no_W_no,,,,,,,,,,,0,0,,,130,108,,,,,,,,,,,,,,,,,2,1,"2, 6",3,0.0,0.0,0.0,0.0,0.0,0,0,0,-1,1,2,0.0,0.0,1,0,270.0,108.0,75.0,175.0,65.0,100.0,Down,Up,50,75,0,70,55.8743961352657,52.10828025477707,53.29113924050633,50.91025641025641,8,ckhtfa5u,,,,,0
8,uhxz6pjz,,0,587,587,FinalPage,ThankYou,2026-09-16 07:14:46.338399,1,,,1388.89,3,,0.0,M_no_W_no,,,,,,,,,,,0,0,,,150,125,,,,,,,,,,,,,,,,,2,1,"2, 6",3,0.0,0.0,0.0,0.0,0.0,0,0,0,-1,1,2,0.0,0.0,1,0,270.0,108.0,75.0,175.0,65.0,100.0,Down,Up,50,75,0,70,55.8743961352657,52.10828025477707,53.29113924050633,50.91025641025641,8,ckhtfa5u,,,,,0
9,r39x605k,,0,587,587,FinalPage,ThankYou,2026-09-16 07:14:46.369519,1,,,55.56,4,,0.0,M_no_W_no,,,,,,,,,,,0,0,,,290,105,,,,,,,,,,,,,,,,,2,1,"2, 6",3,0.0,0.0,0.0,0.0,0.0,0,0,0,1,-1,2,0.0,0.0,1,0,270.0,108.0,75.0,175.0,65.0,100.0,Down,Up,50,75,0,70,55.8743961352657,52.10828025477707,53.29113924050633,50.91025641025641,8,ckhtfa5u,,,,,0
10,yhliw46v,,0,587,587,FinalPage,ThankYou,2026-09-16 07:14:46.359571,1,,,277.78,5,,0.0,M_no_W_no,,,,,,,,,,,0,0,,,285,108,,,,,,,,,,,,,,,,,2,1,"2, 6",3,0.0,0.0,0.0,0.0,0.0,0,0,0,1,0,2,0.0,0.0,1,0,270.0,108.0,75.0,175.0,65.0,100.0,Down,Up,50,75,0,70,55.8743961352657,52.10828025477707,53.29113924050633,50.91025641025641,8,ckhtfa5u,,,,,0
11,7abl389c,,0,587,587,FinalPage,ThankYou,2026-09-16 07:14:46.377075,1,,,666.67,1,,0.0,M_no_W_no,,,,,,,,,,,0,0,,,597,3,,,,,,,,,,,,,,,,,2,1,"2, 6",3,0.0,0.0,0.0,0.0,0.0,0,0,0,1,-1,3,0.0,0.0,0,0,550.0,50.0,150.0,120.0,180.0,120.0,Up,Up,50,20,20,80,55.8743961352657,52.10828025477707,53.29113924050633,50.91025641025641,8,ckhtfa5u,,,,,0
12,6kns3oml,,0,587,587,FinalPage,ThankYou,2026-09-16 07:14:46.391218,1,,,1000.0,2,,0.0,M_no_W_no,,,,,,,,,,,0,0,,,550,50,,,,,,,,,,,,,,,,,2,1,"2, 6",3,0.0,0.0,0.0,0.0,0.0,0,0,0,0,0,3,0.0,0.0,0,0,550.0,50.0,150.0,120.0,180.0,120.0,Up,Up,50,20,20,80,55.8743961352657,52.10828025477707,53.29113924050633,50.91025641025641,8,ckhtfa5u,,,,,0
13,pp2e4xx5,,0,587,587,FinalPage,ThankYou,2026-09-16 07:14:46.398329,1,,,1333.33,3,,0.0,M_no_W_no,,,,,,,,,,,0,0,,,523,73,,,,,,,,,,,,,,,,,2,1,"2, 6",3,0.0,0.0,0.0,0.0,0.0,0,0,0,-1,1,3,0.0,0.0,0,0,550.0,50.0,150.0,120.0,180.0,120.0,Up,Up,50,20,20,80,55.8743961352657,52.10828025477707,53.29113924050633,50.91025641025641,8,ckhtfa5u,,,,,0
14,jid9ui4f,,0,587,587,FinalPage,ThankYou,2026-09-16 07:14:46.405738,1,,,1055.56,4,,0.0,M_no_W_no,,,,,,,,,,,0,0,,,550,50,,,,,,,,,,,,,,,,,2,1,"2, 6",3,0.0,0.0,0.0,0.0,0.0,0,0,0,1,-1,3,0.0,0.0,0,0,550.0,50.0,150.0,120.0,180.0,120.0,Up,Up,50,20,20,80,55.8743961352657,52.10828025477707,53.29113924050633,50.91025641025641,8,ckhtfa5u,,,,,0
15,grwzfvbr,,0,587,587,FinalPage,ThankYou,2026-09-16 07:14:46.413971,1,,,1166.67,5,,0.0,M_no_W_no,,,,,,,,,,,0,0,,,470,130,,,,,,,,,,,,,,,,,2,1,"2, 6",3,0.0,0.0,0.0,0.0,0.0,0,0,0,-1,1,3,0.0,0.0,0,0,550.0,50.0,150.0,120.0,180.0,120.0,Up,Up,50,20,20,80,55.8743961352657,52.10828025477707,53.29113924050633,50.91025641025641,8,ckhtfa5u,,,,,0
16,yxcpp681,,0,587,587,FinalPage,ThankYou,2026-09-16 07:14:46.537902,1,,,1444.44,1,,0.0,M_no_W_no,,,,,,,,,,,0,0,,,299,75,,,,,,,,,,,,,,,,,2,1,"2, 6",3,0.0,0.0,0.0,0.0,0.0,0,0,0,-1,1,4,0.0,0.0,1,0,300.0,75.0,175.0,200.0,130.0,170.0,Up,Up,75,100,70,30,55.8743961352657,52.10828025477707,53.29113924050633,50.91025641025641,8,ckhtfa5u,,,,,0
17,09bse981,,0,587,587,FinalPage,ThankYou,2026-09-16 07:14:46.585925,1,,,833.33,2,,0.0,M_no_W_no,,,,,,,,,,,0,0,,,500,100,,,,,,,,,,,,,,,,,2,1,"2, 6",3,0.0,0.0,0.0,0.0,0.0,0,0,0,1,1,4,0.0,0.0,1,0,300.0,75.0,175.0,200.0,130.0,170.0,Up,Up,75,100,70,30,55.8743961352657,52.10828025477707,53.29113924050633,50.91025641025641,8,ckhtfa5u,,,,,0
18,2p0bevly,,0,587,587,FinalPage,ThankYou,2026-09-16 07:14:46.888819,1,,,888.89,3,,0.0,M_no_W_no,,,,,,,,,,,0,0,,,300,75,,,,,,,,,,,,,,,,,2,1,"2, 6",3,0.0,0.0,0.0,0.0,0.0,0,0,0,1,0,4,0.0,0.0,1,0,300.0,75.0,175.0,200.0,130.0,170.0,Up,Up,75,100,70,30,55.8743961352657,52.10828025477707,53.29113924050633,50.91025641025641,8,ckhtfa5u,,,,,0
19,raavz353,,0,587,587,FinalPage,ThankYou,2026-09-16 07:14:46.924962,1,,,1055.56,4,,0.0,M_no_W_no,,,,,,,,,,,0,0,,,290,70,,,,,,,,,,,,,,,,,2,1,"2, 6",3,0.0,0.0,0.0,0.0,0.0,0,0,0,-1,-1,4,0.0,0.0,1,0,300.0,75.0,175.0,200.0,130.0,170.0,Up,Up,75,100,70,30,55.8743961352657,52.10828025477707,53.29113924050633,50.91025641025641,8,ckhtfa5u,,,,,0
20,6rdutaoz,,0,587,587,FinalPage,ThankYou,2026-09-16 07:14:46.739461,1,,,1333.33,5,,0.0,M_no_W_no,,,,,,,,,,,0,0,,,300,70,,,,,,,,,,,,,,,,,2,1,"2, 6",3,0.0,0.0,0.0,0.0,0.0,0,0,0,0,-1,4,0.0,0.0,1,0,300.0,75.0,175.0,200.0,130.0,170.0,Up,Up,75,100,70,30,55.8743961352657,52.10828025477707,53.29113924050633,50.91025641025641,8,ckhtfa5u,,,,,0
21,21anldsa,,0,587,587,FinalPage,ThankYou,2026-09-16 07:14:46.764965,1,,,1000.0,1,,0.0,M_no_W_no,,,,,,,,,,,0,0,,,400,150,,,,,,,,,,,,,,,,,2,1,"2, 6",3,0.0,0.0,0.0,0.0,0.0,0,0,0,-1,0,5,0.0,0.0,0,1,420.0,150.0,92.5,75.0,70.0,75.0,Down,Down,15,50,60,50,55.8743961352657,52.10828025477707,53.29113924050633,50.91025641025641,8,ckhtfa5u,,,,,0
22,3mjtjuou,,0,587,587,FinalPage,ThankYou,2026-09-16 07:14:47.087780,1,,,555.56,2,,0.0,M_no_W_no,,,,,,,,,,,0,0,,,450,150,,,,,,,,,,,,,,,,,2,1,"2, 6",3,0.0,0.0,0.0,0.0,0.0,0,0,0,1,1,5,0.0,0.0,0,1,420.0,150.0,92.5,75.0,70.0,75.0,Down,Down,15,50,60,50,55.8743961352657,52.10828025477707,53.29113924050633,50.91025641025641,8,ckhtfa5u,,,,,0
23,5jtwpe9d,,0,587,587,FinalPage,ThankYou,2026-09-16 07:14:47.162759,1,,,333.33,3,,0.0,M_no_W_no,,,,,,,,,,,0,0,,,420,180,,,,,,,,,,,,,,,,,2,1,"2, 6",3,0.0,0.0,0.0,0.0,0.0,0,0,0,0,1,5,0.0,0.0,0,1,420.0,150.0,92.5,75.0,70.0,75.0,Down,Down,15,50,60,50,55.8743961352657,52.10828025477707,53.29113924050633,50.91025641025641,8,ckhtfa5u,,,,,0
24,s16bmsk2,,0,587,587,FinalPage,ThankYou,2026-09-16 07:14:47.283007,1,,,666.67,4,,0.0,M_no_W_no,,,,,,,,,,,0,0,,,460,140,,,,,,,,,,,,,,,,,2,1,"2, 6",3,0.0,0.0,0.0,0.0,0.0,0,0,0,1,-1,5,0.0,0.0,0,1,420.0,150.0,92.5,75.0,70.0,75.0,Down,Down,15,50,60,50,55.8743961352657,52.10828025477707,53.29113924050633,50.91025641025641,8,ckhtfa5u,,,,,0
25,sjw641j3,,0,587,587,FinalPage,ThankYou,2026-09-16 07:14:49.282695,1,,,277.78,5,,0.0,M_no_W_no,,,,,,,,,,,0,0,,,200,100,,,,,,,,,,,,,,,,,2,1,"2, 6",3,0.0,0.0,0.0,0.0,0.0,0,0,0,-1,-1,5,0.0,0.0,0,1,420.0,150.0,92.5,75.0,70.0,75.0,Down,Down,15,50,60,50,55.8743961352657,52.10828025477707,53.29113924050633,50.91025641025641,8,ckhtfa5u,,,,,0
1,msd1f2iu,,0,587,587,FinalPage,ThankYou,2026-09-16 07:14:45.221358,1,,,388.89,1,,0.0,M_no_W_no,,,,,,,,,,,0,0,,,175,150,,,,,,,,,,,,,,,,,2,1,"2, 6",3,0.0,0.0,0.0,0.0,0.0,0,0,0,0,1,1,0.0,0.0,0,1,175.0,125.0,87.5,75.0,70.0,50.0,Down,Down,25,50,60,100,55.8743961352657,52.10828025477707,53.29113924050633,50.91025641025641,9,ckhtfa5u,,,,,0
2,omrf04k4,,0,587,587,FinalPage,ThankYou,2026-09-16 07:14:45.274669,1,,,388.89,2,,0.0,M_no_W_no,,,,,,,,,,,0,0,,,500,100,,,,,,,,,,,,,,,,,2,1,"2, 6",3,0.0,0.0,0.0,0.0,0.0,0,0,0,1,-1,1,0.0,0.0,0,1,175.0,125.0,87.5,75.0,70.0,50.0,Down,Down,25,50,60,100,55.8743961352657,52.10828025477707,53.29113924050633,50.91025641025641,9,ckhtfa5u,,,,,0
3,duzxv1is,,0,587,587,FinalPage,ThankYou,2026-09-16 07:14:45.347404,1,,,611.11,3,,0.0,M_no_W_no,,,,,,,,,,,0,0,,,148,125,,,,,,,,,,,,,,,,,2,1,"2, 6",3,0.0,0.0,0.0,0.0,0.0,0,0,0,-1,0,1,0.0,0.0,0,1,175.0,125.0,87.5,75.0,70.0,50.0,Down,Down,25,50,60,100,55.8743961352657,52.10828025477707,53.29113924050633,50.91025641025641,9,ckhtfa5u,,,,,0
4,znk2pevv,,0,587,587,FinalPage,ThankYou,2026-09-16 07:14:45.967994,1,,,500.0,4,,0.0,M_no_W_no,,,,,,,,,,,0,0,,,125,110,,,,,,,,,,,,,,,,,2,1,"2, 6",3,0.0,0.0,0.0,0.0,0.0,0,0,0,-1,-1,1,0.0,0.0,0,1,175.0,125.0,87.5,75.0,70.0,50.0,Down,Down,25,50,60,100,55.8743961352657,52.10828025477707,53.29113924050633,50.91025641025641,9,ckhtfa5u,,,,,0
5,rv5b38em,,0,587,587,FinalPage,ThankYou,2026-09-16 07:14:46.164104,1,,,444.44,5,,0.0,M_no_W_no,,,,,,,,,,,0,0,,,200,200,,,,,,,,,,,,,,,,,2,1,"2, 6",3,0.0,0.0,0.0,0.0,0.0,0,0,0,1,1,1,0.0,0.0,0,1,175.0,125.0,87.5,75.0,70.0,50.0,Down,Down,25,50,60,100,55.8743961352657,52.10828025477707,53.29113924050633,50.91025641025641,9,ckhtfa5u,,,,,0
6,z7t2lpyk,,0,587,587,FinalPage,ThankYou,2026-09-16 07:14:46.247250,1,,,666.67,1,,0.0,M_no_W_no,,,,,,,,,,,0,0,,,290,120,,,,,,,,,,,,,,,,,2,1,"2, 6",3,0.0,0.0,0.0,0.0,0.0,0,0,0,1,1,2,0.0,0.0,1,0,270.0,108.0,75.0,175.0,65.0,100.0,Down,Up,50,75,0,70,55.8743961352657,52.10828025477707,53.29113924050633,50.91025641025641,9,ckhtfa5u,,,,,0
7,dwx0my9x,,0,587,587,FinalPage,ThankYou,2026-09-16 07:14:46.305699,1,,,1166.67,2,,0.0,M_no_W_no,,,,,,,,,,,0,0,,,130,108,,,,,,,,,,,,,,,,,2,1,"2, 6",3,0.0,0.0,0.0,0.0,0.0,0,0,0,-1,0,2,0.0,0.0,1,0,270.0,108.0,75.0,175.0,65.0,100.0,Down,Up,50,75,0,70,55.8743961352657,52.10828025477707,53.29113924050633,50.91025641025641,9,ckhtfa5u,,,,,0
8,uhxz6pjz,,0,587,587,FinalPage,ThankYou,2026-09-16 07:14:46.338399,1,,,1388.89,3,,0.0,M_no_W_no,,,,,,,,,,,0,0,,,150,125,,,,,,,,,,,,,,,,,2,1,"2, 6",3,0.0,0.0,0.0,0.0,0.0,0,0,0,-1,1,2,0.0,0.0,1,0,270.0,108.0,75.0,175.0,65.0,100.0,Down,Up,50,75,0,70,55.8743961352657,52.10828025477707,53.29113924050633,50.91025641025641,9,ckhtfa5u,,,,,0
9,r39x605k,,0,587,587,FinalPage,ThankYou,2026-09-16 07:14:46.369519,1,,,55.56,4,,0.0,M_no_W_no,,,,,,,,,,,0,0,,,290,10,,,,,,,,,,,,,,,,,2,1,"2, 6",3,0.0,0.0,0.0,0.0,0.0,0,0,0,1,-1,2,0.0,0.0,1,0,270.0,108.0,75.0,175.0,65.0,100.0,Down,Up,50,75,0,70,55.8743961352657,52.10828025477707,53.29113924050633,50.91025641025641,9,ckhtfa5u,,,,,0
10,yhliw46v,,0,587,587,FinalPage,ThankYou,2026-09-16 07:14:46.359571,1,,,277.78,5,,0.0,M_no_W_no,,,,,,,,,,,0,0,,,270,108,,,,,,,,,,,,,,,,,2,1,"2, 6",3,0.0,0.0,0.0,0.0,0.0,0,0,0,0,-1,2,0.0,0.0,1,0,270.0,108.0,75.0,175.0,65.0,100.0,Down,Up,50,75,0,70,55.8743961352657,52.10828025477707,53.29113924050633,50.91025641025641,9,ckhtfa5u,,,,,0
11,7abl389c,,0,587,587,FinalPage,ThankYou,2026-09-16 07:14:46.377075,1,,,666.67,1,,0.0,M_no_W_no,,,,,,,,,,,0,0,,,597,3,,,,,,,,,,,,,,,,,2,1,"2, 6",3,0.0,0.0,0.0,0.0,0.0,0,0,0,1,-1,3,0.0,0.0,0,0,565.0,25.0,150.0,120.0,180.0,120.0,Up,Up,50,20,20,80,55.8743961352657,52.10828025477707,53.29113924050633,50.91025641025641,9,ckhtfa5u,,,,,0
12,6kns3oml,,0,587,587,FinalPage,ThankYou,2026-09-16 07:14:46.391218,1,,,1000.0,2,,0.0,M_no_W_no,,,,,,,,,,,0,0,,,565,30,,,,,,,,,,,,,,,,,2,1,"2, 6",3,0.0,0.0,0.0,0.0,0.0,0,0,0,0,1,3,0.0,0.0,0,0,565.0,25.0,150.0,120.0,180.0,120.0,Up,Up,50,20,20,80,55.8743961352657,52.10828025477707,53.29113924050633,50.91025641025641,9,ckhtfa5u,,,,,0
13,pp2e4xx5,,0,587,587,FinalPage,ThankYou,2026-09-16 07:14:46.398329,1,,,1333.33,3,,0.0,M_no_W_no,,,,,,,,,,,0,0,,,562,38,,,,,,,,,,,,,,,,,2,1,"2, 6",3,0.0,0.0,0.0,0.0,0.0,0,0,0,-1,1,3,0.0,0.0,0,0,565.0,25.0,150.0,120.0,180.0,120.0,Up,Up,50,20,20,80,55.8743961352657,52.10828025477707,53.29113924050633,50.91025641025641,9,ckhtfa5u,,,,,0
14,jid9ui4f,,0,587,587,FinalPage,ThankYou,2026-09-16 07:14:46.405738,1,,,1055.56,4,,0.0,M_no_W_no,,,,,,,,,,,0,0,,,575,25,,,,,,,,,,,,,,,,,2,1,"2, 6",3,0.0,0.0,0.0,0.0,0.0,0,0,0,1,0,3,0.0,0.0,0,0,565.0,25.0,150.0,120.0,180.0,120.0,Up,Up,50,20,20,80,55.8743961352657,52.10828025477707,53.29113924050633,50.91025641025641,9,ckhtfa5u,,,,,0
15,grwzfvbr,,0,587,587,FinalPage,ThankYou,2026-09-16 07:14:46.413971,1,,,1166.67,5,,0.0,M_no_W_no,,,,,,,,,,,0,0,,,480,20,,,,,,,,,,,,,,,,,2,1,"2, 6",3,0.0,0.0,0.0,0.0,0.0,0,0,0,-1,-1,3,0.0,0.0,0,0,565.0,25.0,150.0,120.0,180.0,120.0,Up,Up,50,20,20,80,55.8743961352657,52.10828025477707,53.29113924050633,50.91025641025641,9,ckhtfa5u,,,,,0
16,yxcpp681,,0,587,587,FinalPage,ThankYou,2026-09-16 07:14:46.537902,1,,,1444.44,1,,0.0,M_no_W_no,,,,,,,,,,,0,0,,,289,69,,,,,,,,,,,,,,,,,2,1,"2, 6",3,0.0,0.0,0.0,0.0,0.0,0,0,0,0,-1,4,0.0,0.0,1,0,289.0,70.0,175.0,200.0,130.0,170.0,Up,Up,75,100,70,30,55.8743961352657,52.10828025477707,53.29113924050633,50.91025641025641,9,ckhtfa5u,,,,,0
17,09bse981,,0,587,587,FinalPage,ThankYou,2026-09-16 07:14:46.585925,1,,,833.33,2,,0.0,M_no_W_no,,,,,,,,,,,0,0,,,1,1,,,,,,,,,,,,,,,,,2,1,"2, 6",3,0.0,0.0,0.0,0.0,0.0,0,0,0,-1,-1,4,0.0,0.0,1,0,289.0,70.0,175.0,200.0,130.0,170.0,Up,Up,75,100,70,30,55.8743961352657,52.10828025477707,53.29113924050633,50.91025641025641,9,ckhtfa5u,,,,,0
18,2p0bevly,,0,587,587,FinalPage,ThankYou,2026-09-16 07:14:46.888819,1,,,888.89,3,,0.0,M_no_W_no,,,,,,,,,,,0,0,,,250,70,,,,,,,,,,,,,,,,,2,1,"2, 6",3,0.0,0.0,0.0,0.0,0.0,0,0,0,-1,1,4,0.0,0.0,1,0,289.0,70.0,175.0,200.0,130.0,170.0,Up,Up,75,100,70,30,55.8743961352657,52.10828025477707,53.29113924050633,50.91025641025641,9,ckhtfa5u,,,,,0
19,raavz353,,0,587,587,FinalPage,ThankYou,2026-09-16 07:14:46.924962,1,,,1055.56,4,,0.0,M_no_W_no,,,,,,,,,,,0,0,,,290,70,,,,,,,,,,,,,,,,,2,1,"2, 6",3,0.0,0.0,0.0,0.0,0.0,0,0,0,1,0,4,0.0,0.0,1,0,289.0,70.0,175.0,200.0,130.0,170.0,Up,Up,75,100,70,30,55.8743961352657,52.10828025477707,53.29113924050633,50.91025641025641,9,ckhtfa5u,,,,,0
20,6rdutaoz,,0,587,587,FinalPage,ThankYou,2026-09-16 07:14:46.739461,1,,,1333.33,5,,0.0,M_no_W_no,,,,,,,,,,,0,0,,,290,70,,,,,,,,,,,,,,,,,2,1,"2, 6",3,0.0,0.0,0.0,0.0,0.0,0,0,0,1,1,4,0.0,0.0,1,0,289.0,70.0,175.0,200.0,130.0,170.0,Up,Up,75,100,70,30,55.8743961352657,52.10828025477707,53.29113924050633,50.91025641025641,9,ckhtfa5u,,,,,0
21,21anldsa,,0,587,587,FinalPage,ThankYou,2026-09-16 07:14:46.764965,1,,,1000.0,1,,0.0,M_no_W_no,,,,,,,,,,,0,0,,,450,150,,,,,,,,,,,,,,,,,2,1,"2, 6",3,0.0,0.0,0.0,0.0,0.0,0,0,0,1,1,5,0.0,0.0,0,1,440.0,150.0,92.5,75.0,70.0,75.0,Down,Down,15,50,60,50,55.8743961352657,52.10828025477707,53.29113924050633,50.91025641025641,9,ckhtfa5u,,,,,0
22,3mjtjuou,,0,587,587,FinalPage,ThankYou,2026-09-16 07:14:47.087780,1,,,555.56,2,,0.0,M_no_W_no,,,,,,,,,,,0,0,,,420,150,,,,,,,,,,,,,,,,,2,1,"2, 6",3,0.0,0.0,0.0,0.0,0.0,0,0,0,-1,0,5,0.0,0.0,0,1,440.0,150.0,92.5,75.0,70.0,75.0,Down,Down,15,50,60,50,55.8743961352657,52.10828025477707,53.29113924050633,50.91025641025641,9,ckhtfa5u,,,,,0
23,5jtwpe9d,,0,587,587,FinalPage,ThankYou,2026-09-16 07:14:47.162759,1,,,333.33,3,,0.0,M_no_W_no,,,,,,,,,,,0,0,,,425,175,,,,,,,,,,,,,,,,,2,1,"2, 6",3,0.0,0.0,0.0,0.0,0.0,0,0,0,-1,1,5,0.0,0.0,0,1,440.0,150.0,92.5,75.0,70.0,75.0,Down,Down,15,50,60,50,55.8743961352657,52.10828025477707,53.29113924050633,50.91025641025641,9,ckhtfa5u,,,,,0
24,s16bmsk2,,0,587,587,FinalPage,ThankYou,2026-09-16 07:14:47.283007,1,,,666.67,4,,0.0,M_no_W_no,,,,,,,,,,,0,0,,,440,140,,,,,,,,,,,,,,,,,2,1,"2, 6",3,0.0,0.0,0.0,0.0,0.0,0,0,0,0,-1,5,0.0,0.0,0,1,440.0,150.0,92.5,75.0,70.0,75.0,Down,Down,15,50,60,50,55.8743961352657,52.10828025477707,53.29113924050633,50.91025641025641,9,ckhtfa5u,,,,,0
25,sjw641j3,,0,587,587,FinalPage,ThankYou,2026-09-16 07:14:49.282695,1,,,277.78,5,,0.0,M_no_W_no,,,,,,,,,,,0,0,,,460,140,,,,,,,,,,,,,,,,,2,1,"2, 6",3,0.0,0.0,0.0,0.0,0.0,0,0,0,1,-1,5,0.0,0.0,0,1,440.0,150.0,92.5,75.0,70.0,75.0,Down,Down,15,50,60,50,55.8743961352657,52.10828025477707,53.29113924050633,50.91025641025641,9,ckhtfa5u,,,,,0
1,msd1f2iu,,0,587,587,FinalPage,ThankYou,2026-09-16 07:14:45.221358,1,,,388.89,1,,0.0,M_no_W_no,,,,,,,,,,,0,0,,,300,300,,,,,,,,,,,,,,,,,2,1,"2, 6",3,0.0,0.0,0.0,0.0,0.0,0,0,0,1,1,1,0.0,0.0,0,1,200.0,150.0,87.5,75.0,70.0,50.0,Down,Down,25,50,60,100,55.8743961352657,52.10828025477707,53.29113924050633,50.91025641025641,10,ckhtfa5u,,,,,0
2,omrf04k4,,0,587,587,FinalPage,ThankYou,2026-09-16 07:14:45.274669,1,,,388.89,2,,0.0,M_no_W_no,,,,,,,,,,,0,0,,,250,200,,,,,,,,,,,,,,,,,2,1,"2, 6",3,0.0,0.0,0.0,0.0,0.0,0,0,0,1,1,1,0.0,0.0,0,1,200.0,150.0,87.5,75.0,70.0,50.0,Down,Down,25,50,60,100,55.8743961352657,52.10828025477707,53.29113924050633,50.91025641025641,10,ckhtfa5u,,,,,0
3,duzxv1is,,0,587,587,FinalPage,ThankYou,2026-09-16 07:14:45.347404,1,,,611.11,3,,0.0,M_no_W_no,,,,,,,,,,,0,0,,,150,120,,,,,,,,,,,,,,,,,2,1,"2, 6",3,0.0,0.0,0.0,0.0,0.0,0,0,0,-1,-1,1,0.0,0.0,0,1,200.0,150.0,87.5,75.0,70.0,50.0,Down,Down,25,50,60,100,55.8743961352657,52.10828025477707,53.29113924050633,50.91025641025641,10,ckhtfa5u,,,,,0
4,znk2pevv,,0,587,587,FinalPage,ThankYou,2026-09-16 07:14:45.967994,1,,,500.0,4,,0.0,M_no_W_no,,,,,,,,,,,0,0,,,125,110,,,,,,,,,,,,,,,,,2,1,"2, 6",3,0.0,0.0,0.0,0.0,0.0,0,0,0,-1,-1,1,0.0,0.0,0,1,200.0,150.0,87.5,75.0,70.0,50.0,Down,Down,25,50,60,100,55.8743961352657,52.10828025477707,53.29113924050633,50.91025641025641,10,ckhtfa5u,,,,,0
5,rv5b38em,,0,587,587,FinalPage,ThankYou,2026-09-16 07:14:46.164104,1,,,444.44,5,,0.0,M_no_W_no,,,,,,,,,,,0,0,,,200,150,,,,,,,,,,,,,,,,,2,1,"2, 6",3,0.0,0.0,0.0,0.0,0.0,0,0,0,0,0,1,0.0,0.0,0,1,200.0,150.0,87.5,75.0,70.0,50.0,Down,Down,25,50,60,100,55.8743961352657,52.10828025477707,53.29113924050633,50.91025641025641,10,ckhtfa5u,,,,,0
6,z7t2lpyk,,0,587,587,FinalPage,ThankYou,2026-09-16 07:14:46.247250,1,,,666.67,1,,0.0,M_no_W_no,,,,,,,,,,,0,0,,,280,110,,,,,,,,,,,,,,,,,2,1,"2, 6",3,0.0,0.0,0.0,0.0,0.0,0,0,0,1,1,2,0.0,0.0,1,0,275.0,108.0,75.0,175.0,65.0,100.0,Down,Up,50,75,0,70,55.8743961352657,52.10828025477707,53.29113924050633,50.91025641025641,10,ckhtfa5u,,,,,0
7,dwx0my9x,,0,587,587,FinalPage,ThankYou,2026-09-16 07:14:46.305699,1,,,1166.67,2,,0.0,M_no_W_no,,,,,,,,,,,0,0,,,130,108,,,,,,,,,,,,,,,,,2,1,"2, 6",3,0.0,0.0,0.0,0.0,0.0,0,0,0,-1,0,2,0.0,0.0,1,0,275.0,108.0,75.0,175.0,65.0,100.0,Down,Up,50,75,0,70,55.8743961352657,52.10828025477707,53.29113924050633,50.91025641025641,10,ckhtfa5u,,,,,0
8,uhxz6pjz,,0,587,587,FinalPage,ThankYou,2026-09-16 07:14:46.338399,1,,,1388.89,3,,0.0,M_no_W_no,,,,,,,,,,,0,0,,,150,125,,,,,,,,,,,,,,,,,2,1,"2, 6",3,0.0,0.0,0.0,0.0,0.0,0,0,0,-1,1,2,0.0,0.0,1,0,275.0,108.0,75.0,175.0,65.0,100.0,Down,Up,50,75,0,70,55.8743961352657,52.10828025477707,53.29113924050633,50.91025641025641,10,ckhtfa5u,,,,,0
9,r39x605k,,0,587,587,FinalPage,ThankYou,2026-09-16 07:14:46.369519,1,,,55.56,4,,0.0,M_no_W_no,,,,,,,,,,,0,0,,,290,105,,,,,,,,,,,,,,,,,2,1,"2, 6",3,0.0,0.0,0.0,0.0,0.0,0,0,0,1,-1,2,0.0,0.0,1,0,275.0,108.0,75.0,175.0,65.0,100.0,Down,Up,50,75,0,70,55.8743961352657,52.10828025477707,53.29113924050633,50.91025641025641,10,ckhtfa5u,,,,,0
10,yhliw46v,,0,587,587,FinalPage,ThankYou,2026-09-16 07:14:46.359571,1,,,277.78,5,,0.0,M_no_W_no,,,,,,,,,,,0,0,,,275,108,,,,,,,,,,,,,,,,,2,1,"2, 6",3,0.0,0.0,0.0,0.0,0.0,0,0,0,0,-1,2,0.0,0.0,1,0,275.0,108.0,75.0,175.0,65.0,100.0,Down,Up,50,75,0,70,55.8743961352657,52.10828025477707,53.29113924050633,50.91025641025641,10,ckhtfa5u,,,,,0
11,7abl389c,,0,587,587,FinalPage,ThankYou,2026-09-16 07:14:46.377075,1,,,666.67,1,,0.0,M_no_W_no,,,,,,,,,,,0,0,,,597,3,,,,,,,,,,,,,,,,,2,1,"2, 6",3,0.0,0.0,0.0,0.0,0.0,0,0,0,1,-1,3,0.0,0.0,0,0,580.0,20.0,150.0,120.0,180.0,120.0,Up,Up,50,20,20,80,55.8743961352657,52.10828025477707,53.29113924050633,50.91025641025641,10,ckhtfa5u,,,,,0
12,6kns3oml,,0,587,587,FinalPage,ThankYou,2026-09-16 07:14:46.391218,1,,,1000.0,2,,0.0,M_no_W_no,,,,,,,,,,,0,0,,,560,40,,,,,,,,,,,,,,,,,2,1,"2, 6",3,0.0,0.0,0.0,0.0,0.0,0,0,0,-1,1,3,0.0,0.0,0,0,580.0,20.0,150.0,120.0,180.0,120.0,Up,Up,50,20,20,80,55.8743961352657,52.10828025477707,53.29113924050633,50.91025641025641,10,ckhtfa5u,,,,,0
13,pp2e4xx5,,0,587,587,FinalPage,ThankYou,2026-09-16 07:14:46.398329,1,,,1333.33,3,,0.0,M_no_W_no,,,,,,,,,,,0,0,,,590,10,,,,,,,,,,,,,,,,,2,1,"2, 6",3,0.0,0.0,0.0,0.0,0.0,0,0,0,1,-1,3,0.0,0.0,0,0,580.0,20.0,150.0,120.0,180.0,120.0,Up,Up,50,20,20,80,55.8743961352657,52.10828025477707,53.29113924050633,50.91025641025641,10,ckhtfa5u,,,,,0
14,jid9ui4f,,0,587,587,FinalPage,ThankYou,2026-09-16 07:14:46.405738,1,,,1055.56,4,,0.0,M_no_W_no,,,,,,,,,,,0,0,,,575,25,,,,,,,,,,,,,,,,,2,1,"2, 6",3,0.0,0.0,0.0,0.0,0.0,0,0,0,-1,1,3,0.0,0.0,0,0,580.0,20.0,150.0,120.0,180.0,120.0,Up,Up,50,20,20,80,55.8743961352657,52.10828025477707,53.29113924050633,50.91025641025641,10,ckhtfa5u,,,,,0
15,grwzfvbr,,0,587,587,FinalPage,ThankYou,2026-09-16 07:14:46.413971,1,,,1166.67,5,,0.0,M_no_W_no,,,,,,,,,,,0,0,,,580,20,,,,,,,,,,,,,,,,,2,1,"2, 6",3,0.0,0.0,0.0,0.0,0.0,0,0,0,0,0,3,0.0,0.0,0,0,580.0,20.0,150.0,120.0,180.0,120.0,Up,Up,50,20,20,80,55.8743961352657,52.10828025477707,53.29113924050633,50.91025641025641,10,ckhtfa5u,,,,,0
16,yxcpp681,,0,587,587,FinalPage,ThankYou,2026-09-16 07:14:46.537902,1,,,1444.44,1,,0.0,M_no_W_no,,,,,,,,,,,0,0,,,279,64,,,,,,,,,,,,,,,,,2,1,"2, 6",3,0.0,0.0,0.0,0.0,0.0,0,0,0,1,1,4,0.0,0.0,1,0,250.0,60.0,175.0,200.0,130.0,170.0,Up,Up,75,100,70,30,55.8743961352657,52.10828025477707,53.29113924050633,50.91025641025641,10,ckhtfa5u,,,,,0
17,09bse981,,0,587,587,FinalPage,ThankYou,2026-09-16 07:14:46.585925,1,,,833.33,2,,0.0,M_no_W_no,,,,,,,,,,,0,0,,,1,1,,,,,,,,,,,,,,,,,2,1,"2, 6",3,0.0,0.0,0.0,0.0,0.0,0,0,0,-1,-1,4,0.0,0.0,1,0,250.0,60.0,175.0,200.0,130.0,170.0,Up,Up,75,100,70,30,55.8743961352657,52.10828025477707,53.29113924050633,50.91025641025641,10,ckhtfa5u,,,,,0
18,2p0bevly,,0,587,587,FinalPage,ThankYou,2026-09-16 07:14:46.888819,1,,,888.89,3,,0.0,M_no_W_no,,,,,,,,,,,0,0,,,250,70,,,,,,,,,,,,,,,,,2,1,"2, 6",3,0.0,0.0,0.0,0.0,0.0,0,0,0,-1,1,4,0.0,0.0,1,0,250.0,60.0,175.0,200.0,130.0,170.0,Up,Up,75,100,70,30,55.8743961352657,52.10828025477707,53.29113924050633,50.91025641025641,10,ckhtfa5u,,,,,0
19,raavz353,,0,587,587,FinalPage,ThankYou,2026-09-16 07:14:46.924962,1,,,1055.56,4,,0.0,M_no_W_no,,,,,,,,,,,0,0,,,250,50,,,,,,,,,,,,,,,,,2,1,"2, 6",3,0.0,0.0,0.0,0.0,0.0,0,0,0,0,-1,4,0.0,0.0,1,0,250.0,60.0,175.0,200.0,130.0,170.0,Up,Up,75,100,70,30,55.8743961352657,52.10828025477707,53.29113924050633,50.91025641025641,10,ckhtfa5u,,,,,0
20,6rdutaoz,,0,587,587,FinalPage,ThankYou,2026-09-16 07:14:46.739461,1,,,1333.33,5,,0.0,M_no_W_no,,,,,,,,,,,0,0,,,270,60,,,,,,,,,,,,,,,,,2,1,"2, 6",3,0.0,0.0,0.0,0.0,0.0,0,0,0,1,0,4,0.0,0.0,1,0,250.0,60.0,175.0,200.0,130.0,170.0,Up,Up,75,100,70,30,55.8743961352657,52.10828025477707,53.29113924050633,50.91025641025641,10,ckhtfa5u,,,,,0
21,21anldsa,,0,587,587,FinalPage,ThankYou,2026-09-16 07:14:46.764965,1,,,1000.0,1,,0.0,M_no_W_no,,,,,,,,,,,0,0,,,400,150,,,,,,,,,,,,,,,,,2,1,"2, 6",3,0.0,0.0,0.0,0.0,0.0,0,0,0,-1,1,5,0.0,0.0,0,1,440.0,150.0,92.5,75.0,70.0,75.0,Down,Down,15,50,60,50,55.8743961352657,52.10828025477707,53.29113924050633,50.91025641025641,10,ckhtfa5u,,,,,0
22,3mjtjuou,,0,587,587,FinalPage,ThankYou,2026-09-16 07:14:47.087780,1,,,555.56,2,,0.0,M_no_W_no,,,,,,,,,,,0,0,,,440,150,,,,,,,,,,,,,,,,,2,1,"2, 6",3,0.0,0.0,0.0,0.0,0.0,0,0,0,0,0,5,0.0,0.0,0,1,440.0,150.0,92.5,75.0,70.0,75.0,Down,Down,15,50,60,50,55.8743961352657,52.10828025477707,53.29113924050633,50.91025641025641,10,ckhtfa5u,,,,,0
23,5jtwpe9d,,0,587,587,FinalPage,ThankYou,2026-09-16 07:14:47.162759,1,,,333.33,3,,0.0,M_no_W_no,,,,,,,,,,,0,0,,,430,170,,,,,,,,,,,,,,,,,2,1,"2, 6",3,0.0,0.0,0.0,0.0,0.0,0,0,0,-1,1,5,0.0,0.0,0,1,440.0,150.0,92.5,75.0,70.0,75.0,Down,Down,15,50,60,50,55.8743961352657,52.10828025477707,53.29113924050633,50.91025641025641,10,ckhtfa5u,,,,,0
24,s16bmsk2,,0,587,587,FinalPage,ThankYou,2026-09-16 07:14:47.283007,1,,,666.67,4,,0.0,M_no_W_no,,,,,,,,,,,0,0,,,450,140,,,,,,,,,,,,,,,,,2,1,"2, 6",3,0.0,0.0,0.0,0.0,0.0,0,0,0,1,-1,5,0.0,0.0,0,1,440.0,150.0,92.5,75.0,70.0,75.0,Down,Down,15,50,60,50,55.8743961352657,52.10828025477707,53.29113924050633,50.91025641025641,10,ckhtfa5u,,,,,0
25,sjw641j3,,0,587,587,FinalPage,ThankYou,2026-09-16 07:14:49.282695,1,,,277.78,5,,0.0,M_no_W_no,,,,,,,,,,,0,0,,,455,145,,,,,,,,,,,,,,,,,2,1,"2, 6",3,0.0,0.0,0.0,0.0,0.0,0,0,0,1,-1,5,0.0,0.0,0,1,440.0,150.0,92.5,75.0,70.0,75.0,Down,Down,15,50,60,50,55.8743961352657,52.10828025477707,53.29113924050633,50.91025641025641,10,ckhtfa5u,,,,,0
1,msd1f2iu,,0,587,587,FinalPage,ThankYou,2026-09-16 07:14:45.221358,1,,,388.89,1,,0.0,M_no_W_no,,,,,20,,,,,,0,0,100,100,,,,,,,,,,,152,200.0,50,100.0,100,85.0,50,100.0,2,1,"2, 6",3,0.0,0.0,0.0,0.0,0.0,0,-1,-1,0,0,1,110.0,110.0,0,1,0.0,0.0,87.5,75.0,70.0,50.0,Down,Down,25,50,60,100,55.8743961352657,52.10828025477707,53.29113924050633,50.91025641025641,11,ckhtfa5u,,,,,0
2,omrf04k4,,0,587,587,FinalPage,ThankYou,2026-09-16 07:14:45.274669,1,,,388.89,2,,0.0,M_no_W_no,,,,,50,,,,,,0,0,300,300,,,,,,,,,,,100,250.0,110,300.0,85,280.0,80,200.0,2,1,"2, 6",3,0.0,0.0,0.0,0.0,0.0,0,1,1,0,0,1,110.0,110.0,0,1,0.0,0.0,87.5,75.0,70.0,50.0,Down,Down,25,50,60,100,55.8743961352657,52.10828025477707,53.29113924050633,50.91025641025641,11,ckhtfa5u,,,,,0
3,duzxv1is,,0,587,587,FinalPage,ThankYou,2026-09-16 07:14:45.347404,1,,,611.11,3,,0.0,M_no_W_no,,,,,55,,,,,,0,0,99,99,,,,,,,,,,,50,50.0,50,50.0,50,50.0,50,50.0,2,1,"2, 6",3,0.0,0.0,0.0,0.0,0.0,0,-1,-1,0,0,1,110.0,110.0,0,1,0.0,0.0,87.5,75.0,70.0,50.0,Down,Down,25,50,60,100,55.8743961352657,52.10828025477707,53.29113924050633,50.91025641025641,11,ckhtfa5u,,,,,0
4,znk2pevv,,0,587,587,FinalPage,ThankYou,2026-09-16 07:14:45.967994,1,,,500.0,4,,0.0,M_no_W_no,,,,,50,,,,,,0,0,110,110,,,,,,,,,,,45,100.0,50,100.0,40,100.0,45,100.0,2,1,"2, 6",3,0.0,0.0,0.0,0.0,0.0,0,0,0,0,0,1,110.0,110.0,0,1,0.0,0.0,87.5,75.0,70.0,50.0,Down,Down,25,50,60,100,55.8743961352657,52.10828025477707,53.29113924050633,50.91025641025641,11,ckhtfa5u,,,,,0
5,rv5b38em,,0,587,587,FinalPage,ThankYou,2026-09-16 07:14:46.164104,1,,,444.44,5,,0.0,M_no_W_no,,,,,25,,,,,,0,0,150,150,,,,,,,,,,,50,150.0,50,150.0,50,150.0,50,150.0,2,1,"2, 6",3,0.0,0.0,0.0,0.0,0.0,0,1,1,0,0,1,110.0,110.0,0,1,0.0,0.0,87.5,75.0,70.0,50.0,Down,Down,25,50,60,100,55.8743961352657,52.10828025477707,53.29113924050633,50.91025641025641,11,ckhtfa5u,,,,,0
6,z7t2lpyk,,0,587,587,FinalPage,ThankYou,2026-09-16 07:14:46.247250,1,,,666.67,1,,0.0,M_no_W_no,,,,,14,,,,,,0,0,400,200,,,,,,,,,,,150,400.0,150,450.0,100,200.0,89,250.0,2,1,"2, 6",3,0.0,0.0,0.0,0.0,0.0,0,1,1,0,0,2,110.0,110.0,1,0,0.0,0.0,75.0,175.0,65.0,100.0,Down,Up,50,75,0,70,55.8743961352657,52.10828025477707,53.29113924050633,50.91025641025641,11,ckhtfa5u,,,,,0
7,dwx0my9x,,0,587,587,FinalPage,ThankYou,2026-09-16 07:14:46.305699,1,,,1166.67,2,,0.0,M_no_W_no,,,,,50,,,,,,0,0,110,110,,,,,,,,,,,110,120.0,110,120.0,110,120.0,110,120.0,2,1,"2, 6",3,0.0,0.0,0.0,0.0,0.0,0,0,0,0,0,2,110.0,110.0,1,0,0.0,0.0,75.0,175.0,65.0,100.0,Down,Up,50,75,0,70,55.8743961352657,52.10828025477707,53.29113924050633,50.91025641025641,11,ckhtfa5u,,,,,0
8,uhxz6pjz,,0,587,587,FinalPage,ThankYou,2026-09-16 07:14:46.338399,1,,,1388.89,3,,0.0,M_no_W_no,,,,,50,,,,,,0,0,125,125,,,,,,,,,,,100,125.0,100,125.0,100,125.0,100,125.0,2,1,"2, 6",3,0.0,0.0,0.0,0.0,0.0,0,1,1,0,0,2,110.0,110.0,1,0,0.0,0.0,75.0,175.0,65.0,100.0,Down,Up,50,75,0,70,55.8743961352657,52.10828025477707,53.29113924050633,50.91025641025641,11,ckhtfa5u,,,,,0
9,r39x605k,,0,587,587,FinalPage,ThankYou,2026-09-16 07:14:46.369519,1,,,55.56,4,,0.0,M_no_W_no,,,,,45,,,,,,0,0,100,100,,,,,,,,,,,80,200.0,70,200.0,80,200.0,70,200.0,2,1,"2, 6",3,0.0,0.0,0.0,0.0,0.0,0,-1,-1,0,0,2,110.0,110.0,1,0,0.0,0.0,75.0,175.0,65.0,100.0,Down,Up,50,75,0,70,55.8743961352657,52.10828025477707,53.29113924050633,50.91025641025641,11,ckhtfa5u,,,,,0
10,yhliw46v,,0,587,587,FinalPage,ThankYou,2026-09-16 07:14:46.359571,1,,,277.78,5,,0.0,M_no_W_no,,,,,50,,,,,,0,0,110,110,,,,,,,,,,,40,110.0,50,110.0,40,110.0,50,110.0,2,1,"2, 6",3,0.0,0.0,0.0,0.0,0.0,0,-1,-1,0,0,2,110.0,110.0,1,0,0.0,0.0,75.0,175.0,65.0,100.0,Down,Up,50,75,0,70,55.8743961352657,52.10828025477707,53.29113924050633,50.91025641025641,11,ckhtfa5u,,,,,0
11,7abl389c,,0,587,587,FinalPage,ThankYou,2026-09-16 07:14:46.377075,1,,,666.67,1,,0.0,M_no_W_no,,,,,50,,,,,,0,0,3,3,,,,,,,,,,,100,150.0,125,300.0,100,150.0,125,300.0,2,1,"2, 6",3,0.0,0.0,0.0,0.0,0.0,0,-1,-1,0,0,3,300.0,300.0,0,0,0.0,0.0,150.0,120.0,180.0,120.0,Up,Up,50,20,20,80,55.8743961352657,52.10828025477707,53.29113924050633,50.91025641025641,11,ckhtfa5u,,,,,0
12,6kns3oml,,0,587,587,FinalPage,ThankYou,2026-09-16 07:14:46.391218,1,,,1000.0,2,,0.0,M_no_W_no,,,,,50,,,,,,0,0,300,300,,,,,,,,,,,100,300.0,100,300.0,100,100.0,100,100.0,2,1,"2, 6",3,0.0,0.0,0.0,0.0,0.0,0,0,1,0,0,3,300.0,300.0,0,0,0.0,0.0,150.0,120.0,180.0,120.0,Up,Up,50,20,20,80,55.8743961352657,52.10828025477707,53.29113924050633,50.91025641025641,11,ckhtfa5u,,,,,0
13,pp2e4xx5,,0,587,587,FinalPage,ThankYou,2026-09-16 07:14:46.398329,1,,,1333.33,3,,0.0,M_no_W_no,,,,,49,,,,,,0,0,300,300,,,,,,,,,,,120,300.0,150,350.0,120,300.0,150,350.0,2,1,"2, 6",3,0.0,0.0,0.0,0.0,0.0,0,1,0,0,0,3,300.0,300.0,0,0,0.0,0.0,150.0,120.0,180.0,120.0,Up,Up,50,20,20,80,55.8743961352657,52.10828025477707,53.29113924050633,50.91025641025641,11,ckhtfa5u,,,,,0
14,jid9ui4f,,0,587,587,FinalPage,ThankYou,2026-09-16 07:14:46.405738,1,,,1055.56,4,,0.0,M_no_W_no,,,,,30,,,,,,0,0,300,300,,,,,,,,,,,150,450.0,100,300.0,150,450.0,100,300.0,2,1,"2, 6",3,0.0,0.0,0.0,0.0,0.0,0,1,1,0,0,3,300.0,300.0,0,0,0.0,0.0,150.0,120.0,180.0,120.0,Up,Up,50,20,20,80,55.8743961352657,52.10828025477707,53.29113924050633,50.91025641025641,11,ckhtfa5u,,,,,0
15,grwzfvbr,,0,587,587,FinalPage,ThankYou,2026-09-16 07:14:46.413971,1,,,1166.67,5,,0.0,M_no_W_no,,,,,50,,,,,,0,0,20,40,,,,,,,,,,,150,250.0,100,300.0,150,250.0,100,300.0,2,1,"2, 6",3,0.0,0.0,0.0,0.0,0.0,0,-1,-1,0,0,3,300.0,300.0,0,0,0.0,0.0,150.0,120.0,180.0,120.0,Up,Up,50,20,20,80,55.8743961352657,52.10828025477707,53.29113924050633,50.91025641025641,11,ckhtfa5u,,,,,0
16,yxcpp681,,0,587,587,FinalPage,ThankYou,2026-09-16 07:14:46.537902,1,,,1444.44,1,,0.0,M_no_W_no,,,,,45,,,,,,0,0,200,200,,,,,,,,,,,100,200.0,100,200.0,100,200.0,100,200.0,2,1,"2, 6",3,0.0,0.0,0.0,0.0,0.0,0,-1,1,0,0,4,200.0,200.0,1,0,0.0,0.0,175.0,200.0,130.0,170.0,Up,Up,75,100,70,30,55.8743961352657,52.10828025477707,53.29113924050633,50.91025641025641,11,ckhtfa5u,,,,,0
17,09bse981,,0,587,587,FinalPage,ThankYou,2026-09-16 07:14:46.585925,1,,,833.33,2,,0.0,M_no_W_no,,,,,69,,,,,,0,0,300,300,,,,,,,,,,,150,80.0,80,80.0,180,300.0,80,250.0,2,1,"2, 6",3,0.0,0.0,0.0,0.0,0.0,0,1,1,0,0,4,200.0,200.0,1,0,0.0,0.0,175.0,200.0,130.0,170.0,Up,Up,75,100,70,30,55.8743961352657,52.10828025477707,53.29113924050633,50.91025641025641,11,ckhtfa5u,,,,,0
18,2p0bevly,,0,587,587,FinalPage,ThankYou,2026-09-16 07:14:46.888819,1,,,888.89,3,,0.0,M_no_W_no,,,,,50,,,,,,0,0,350,110,,,,,,,,,,,50,450.0,50,500.0,100,400.0,100,400.0,2,1,"2, 6",3,0.0,0.0,0.0,0.0,0.0,0,1,-1,0,0,4,200.0,200.0,1,0,0.0,0.0,175.0,200.0,130.0,170.0,Up,Up,75,100,70,30,55.8743961352657,52.10828025477707,53.29113924050633,50.91025641025641,11,ckhtfa5u,,,,,0
19,raavz353,,0,587,587,FinalPage,ThankYou,2026-09-16 07:14:46.924962,1,,,1055.56,4,,0.0,M_no_W_no,,,,,32,,,,,,0,0,100,100,,,,,,,,,,,70,100.0,90,100.0,70,100.0,90,100.0,2,1,"2, 6",3,0.0,0.0,0.0,0.0,0.0,0,-1,-1,0,0,4,200.0,200.0,1,0,0.0,0.0,175.0,200.0,130.0,170.0,Up,Up,75,100,70,30,55.8743961352657,52.10828025477707,53.29113924050633,50.91025641025641,11,ckhtfa5u,,,,,0
20,6rdutaoz,,0,587,587,FinalPage,ThankYou,2026-09-16 07:14:46.739461,1,,,1333.33,5,,0.0,M_no_W_no,,,,,30,,,,,,0,0,200,200,,,,,,,,,,,100,125.0,90,185.0,100,120.0,90,180.0,2,1,"2, 6",3,0.0,0.0,0.0,0.0,0.0,0,0,0,0,0,4,200.0,200.0,1,0,0.0,0.0,175.0,200.0,130.0,170.0,Up,Up,75,100,70,30,55.8743961352657,52.10828025477707,53.29113924050633,50.91025641025641,11,ckhtfa5u,,,,,0
21,21anldsa,,0,587,587,FinalPage,ThankYou,2026-09-16 07:14:46.764965,1,,,1000.0,1,,0.0,M_no_W_no,,,,,50,,,,,,0,0,150,450,,,,,,,,,,,150,450.0,150,450.0,150,450.0,150,450.0,2,1,"2, 6",3,0.0,0.0,0.0,0.0,0.0,0,-1,1,0,0,5,150.0,400.0,0,1,0.0,0.0,92.5,75.0,70.0,75.0,Down,Down,15,50,60,50,55.8743961352657,52.10828025477707,53.29113924050633,50.91025641025641,11,ckhtfa5u,,,,,0
22,3mjtjuou,,0,587,587,FinalPage,ThankYou,2026-09-16 07:14:47.087780,1,,,555.56,2,,0.0,M_no_W_no,,,,,80,,,,,,0,0,150,450,,,,,,,,,,,100,200.0,100,200.0,150,550.0,150,450.0,2,1,"2, 6",3,0.0,0.0,0.0,0.0,0.0,0,-1,1,0,0,5,150.0,400.0,0,1,0.0,0.0,92.5,75.0,70.0,75.0,Down,Down,15,50,60,50,55.8743961352657,52.10828025477707,53.29113924050633,50.91025641025641,11,ckhtfa5u,,,,,0
23,5jtwpe9d,,0,587,587,FinalPage,ThankYou,2026-09-16 07:14:47.162759,1,,,333.33,3,,0.0,M_no_W_no,,,,,50,,,,,,0,0,200,200,,,,,,,,,,,50,250.0,35,210.0,50,250.0,35,210.0,2,1,"2, 6",3,0.0,0.0,0.0,0.0,0.0,0,1,-1,0,0,5,150.0,400.0,0,1,0.0,0.0,92.5,75.0,70.0,75.0,Down,Down,15,50,60,50,55.8743961352657,52.10828025477707,53.29113924050633,50.91025641025641,11,ckhtfa5u,,,,,0
24,s16bmsk2,,0,587,587,FinalPage,ThankYou,2026-09-16 07:14:47.283007,1,,,666.67,4,,0.0,M_no_W_no,,,,,50,,,,,,0,0,150,150,,,,,,,,,,,100,200.0,110,200.0,100,200.0,110,200.0,2,1,"2, 6",3,0.0,0.0,0.0,0.0,0.0,0,0,-1,0,0,5,150.0,400.0,0,1,0.0,0.0,92.5,75.0,70.0,75.0,Down,Down,15,50,60,50,55.8743961352657,52.10828025477707,53.29113924050633,50.91025641025641,11,ckhtfa5u,,,,,0
25,sjw641j3,,0,587,587,FinalPage,ThankYou,2026-09-16 07:14:49.282695,1,,,277.78,5,,0.0,M_no_W_no,,,,,30,,,,,,0,0,200,400,,,,,,,,,,,150,400.0,150,450.0,135,400.0,150,450.0,2,1,"2, 6",3,0.0,0.0,0.0,0.0,0.0,0,1,0,0,0,5,150.0,400.0,0,1,0.0,0.0,92.5,75.0,70.0,75.0,Down,Down,15,50,60,50,55.8743961352657,52.10828025477707,53.29113924050633,50.91025641025641,11,ckhtfa5u,,,,,0
1,msd1f2iu,,0,587,587,FinalPage,ThankYou,2026-09-16 07:14:45.221358,1,,,388.89,1,,0.0,M_no_W_no,,,,,,,,,,,0,0,150,100,,,,,,,,,,,,,,,,,,,2,1,"2, 6",3,0.0,0.0,0.0,0.0,0.0,0,1,0,0,0,1,110.0,100.0,0,1,0.0,0.0,87.5,75.0,70.0,50.0,Down,Down,25,50,60,100,55.8743961352657,52.10828025477707,53.29113924050633,50.91025641025641,12,ckhtfa5u,,,,,0
2,omrf04k4,,0,587,587,FinalPage,ThankYou,2026-09-16 07:14:45.274669,1,,,388.89,2,,0.0,M_no_W_no,,,,,,,,,,,0,0,100,100,,,,,,,,,,,,,,,,,,,2,1,"2, 6",3,0.0,0.0,0.0,0.0,0.0,0,-1,-1,0,0,1,110.0,100.0,0,1,0.0,0.0,87.5,75.0,70.0,50.0,Down,Down,25,50,60,100,55.8743961352657,52.10828025477707,53.29113924050633,50.91025641025641,12,ckhtfa5u,,,,,0
3,duzxv1is,,0,587,587,FinalPage,ThankYou,2026-09-16 07:14:45.347404,1,,,611.11,3,,0.0,M_no_W_no,,,,,,,,,,,0,0,99,99,,,,,,,,,,,,,,,,,,,2,1,"2, 6",3,0.0,0.0,0.0,0.0,0.0,0,-1,-1,0,0,1,110.0,100.0,0,1,0.0,0.0,87.5,75.0,70.0,50.0,Down,Down,25,50,60,100,55.8743961352657,52.10828025477707,53.29113924050633,50.91025641025641,12,ckhtfa5u,,,,,0
4,znk2pevv,,0,587,587,FinalPage,ThankYou,2026-09-16 07:14:45.967994,1,,,500.0,4,,0.0,M_no_W_no,,,,,,,,,,,0,0,110,110,,,,,,,,,,,,,,,,,,,2,1,"2, 6",3,0.0,0.0,0.0,0.0,0.0,0,0,1,0,0,1,110.0,100.0,0,1,0.0,0.0,87.5,75.0,70.0,50.0,Down,Down,25,50,60,100,55.8743961352657,52.10828025477707,53.29113924050633,50.91025641025641,12,ckhtfa5u,,,,,0
5,rv5b38em,,0,587,587,FinalPage,ThankYou,2026-09-16 07:14:46.164104,1,,,444.44,5,,0.0,M_no_W_no,,,,,,,,,,,0,0,150,150,,,,,,,,,,,,,,,,,,,2,1,"2, 6",3,0.0,0.0,0.0,0.0,0.0,0,1,1,0,0,1,110.0,100.0,0,1,0.0,0.0,87.5,75.0,70.0,50.0,Down,Down,25,50,60,100,55.8743961352657,52.10828025477707,53.29113924050633,50.91025641025641,12,ckhtfa5u,,,,,0
6,z7t2lpyk,,0,587,587,FinalPage,ThankYou,2026-09-16 07:14:46.247250,1,,,666.67,1,,0.0,M_no_W_no,,,,,,,,,,,0,0,50,20,,,,,,,,,,,,,,,,,,,2,1,"2, 6",3,0.0,0.0,0.0,0.0,0.0,0,-1,-1,0,0,2,120.0,110.0,1,0,0.0,0.0,75.0,175.0,65.0,100.0,Down,Up,50,75,0,70,55.8743961352657,52.10828025477707,53.29113924050633,50.91025641025641,12,ckhtfa5u,,,,,0
7,dwx0my9x,,0,587,587,FinalPage,ThankYou,2026-09-16 07:14:46.305699,1,,,1166.67,2,,0.0,M_no_W_no,,,,,,,,,,,0,0,110,110,,,,,,,,,,,,,,,,,,,2,1,"2, 6",3,0.0,0.0,0.0,0.0,0.0,0,-1,-1,0,0,2,120.0,110.0,1,0,0.0,0.0,75.0,175.0,65.0,100.0,Down,Up,50,75,0,70,55.8743961352657,52.10828025477707,53.29113924050633,50.91025641025641,12,ckhtfa5u,,,,,0
8,uhxz6pjz,,0,587,587,FinalPage,ThankYou,2026-09-16 07:14:46.338399,1,,,1388.89,3,,0.0,M_no_W_no,,,,,,,,,,,0,0,125,125,,,,,,,,,,,,,,,,,,,2,1,"2, 6",3,0.0,0.0,0.0,0.0,0.0,0,1,1,0,0,2,120.0,110.0,1,0,0.0,0.0,75.0,175.0,65.0,100.0,Down,Up,50,75,0,70,55.8743961352657,52.10828025477707,53.29113924050633,50.91025641025641,12,ckhtfa5u,,,,,0
9,r39x605k,,0,587,587,FinalPage,ThankYou,2026-09-16 07:14:46.369519,1,,,55.56,4,,0.0,M_no_W_no,,,,,,,,,,,0,0,130,130,,,,,,,,,,,,,,,,,,,2,1,"2, 6",3,0.0,0.0,0.0,0.0,0.0,0,1,1,0,0,2,120.0,110.0,1,0,0.0,0.0,75.0,175.0,65.0,100.0,Down,Up,50,75,0,70,55.8743961352657,52.10828025477707,53.29113924050633,50.91025641025641,12,ckhtfa5u,,,,,0
10,yhliw46v,,0,587,587,FinalPage,ThankYou,2026-09-16 07:14:46.359571,1,,,277.78,5,,0.0,M_no_W_no,,,,,,,,,,,0,0,120,110,,,,,,,,,,,,,,,,,,,2,1,"2, 6",3,0.0,0.0,0.0,0.0,0.0,0,0,0,0,0,2,120.0,110.0,1,0,0.0,0.0,75.0,175.0,65.0,100.0,Down,Up,50,75,0,70,55.8743961352657,52.10828025477707,53.29113924050633,50.91025641025641,12,ckhtfa5u,,,,,0
11,7abl389c,,0,587,587,FinalPage,ThankYou,2026-09-16 07:14:46.377075,1,,,666.67,1,,0.0,M_no_W_no,,,,,,,,,,,0,0,3,3,,,,,,,,,,,,,,,,,,,2,1,"2, 6",3,0.0,0.0,0.0,0.0,0.0,0,-1,-1,0,0,3,300.0,300.0,0,0,0.0,0.0,150.0,120.0,180.0,120.0,Up,Up,50,20,20,80,55.8743961352657,52.10828025477707,53.29113924050633,50.91025641025641,12,ckhtfa5u,,,,,0
12,6kns3oml,,0,587,587,FinalPage,ThankYou,2026-09-16 07:14:46.391218,1,,,1000.0,2,,0.0,M_no_W_no,,,,,,,,,,,0,0,200,400,,,,,,,,,,,,,,,,,,,2,1,"2, 6",3,0.0,0.0,0.0,0.0,0.0,0,-1,1,0,0,3,300.0,300.0,0,0,0.0,0.0,150.0,120.0,180.0,120.0,Up,Up,50,20,20,80,55.8743961352657,52.10828025477707,53.29113924050633,50.91025641025641,12,ckhtfa5u,,,,,0
13,pp2e4xx5,,0,587,587,FinalPage,ThankYou,2026-09-16 07:14:46.398329,1,,,1333.33,3,,0.0,M_no_W_no,,,,,,,,,,,0,0,300,300,,,,,,,,,,,,,,,,,,,2,1,"2, 6",3,0.0,0.0,0.0,0.0,0.0,0,1,1,0,0,3,300.0,300.0,0,0,0.0,0.0,150.0,120.0,180.0,120.0,Up,Up,50,20,20,80,55.8743961352657,52.10828025477707,53.29113924050633,50.91025641025641,12,ckhtfa5u,,,,,0
14,jid9ui4f,,0,587,587,FinalPage,ThankYou,2026-09-16 07:14:46.405738,1,,,1055.56,4,,0.0,M_no_W_no,,,,,,,,,,,0,0,300,300,,,,,,,,,,,,,,,,,,,2,1,"2, 6",3,0.0,0.0,0.0,0.0,0.0,0,0,0,0,0,3,300.0,300.0,0,0,0.0,0.0,150.0,120.0,180.0,120.0,Up,Up,50,20,20,80,55.8743961352657,52.10828025477707,53.29113924050633,50.91025641025641,12,ckhtfa5u,,,,,0
15,grwzfvbr,,0,587,587,FinalPage,ThankYou,2026-09-16 07:14:46.413971,1,,,1166.67,5,,0.0,M_no_W_no,,,,,,,,,,,0,0,350,250,,,,,,,,,,,,,,,,,,,2,1,"2, 6",3,0.0,0.0,0.0,0.0,0.0,0,1,-1,0,0,3,300.0,300.0,0,0,0.0,0.0,150.0,120.0,180.0,120.0,Up,Up,50,20,20,80,55.8743961352657,52.10828025477707,53.29113924050633,50.91025641025641,12,ckhtfa5u,,,,,0
16,yxcpp681,,0,587,587,FinalPage,ThankYou,2026-09-16 07:14:46.537902,1,,,1444.44,1,,0.0,M_no_W_no,,,,,,,,,,,0,0,179,179,,,,,,,,,,,,,,,,,,,2,1,"2, 6",3,0.0,0.0,0.0,0.0,0.0,0,-1,0,0,0,4,200.0,179.0,1,0,0.0,0.0,175.0,200.0,130.0,170.0,Up,Up,75,100,70,30,55.8743961352657,52.10828025477707,53.29113924050633,50.91025641025641,12,ckhtfa5u,,,,,0
17,09bse981,,0,587,587,FinalPage,ThankYou,2026-09-16 07:14:46.585925,1,,,833.33,2,,0.0,M_no_W_no,,,,,,,,,,,0,0,300,100,,,,,,,,,,,,,,,,,,,2,1,"2, 6",3,0.0,0.0,0.0,0.0,0.0,0,1,-1,0,0,4,200.0,179.0,1,0,0.0,0.0,175.0,200.0,130.0,170.0,Up,Up,75,100,70,30,55.8743961352657,52.10828025477707,53.29113924050633,50.91025641025641,12,ckhtfa5u,,,,,0
18,2p0bevly,,0,587,587,FinalPage,ThankYou,2026-09-16 07:14:46.888819,1,,,888.89,3,,0.0,M_no_W_no,,,,,,,,,,,0,0,250,200,,,,,,,,,,,,,,,,,,,2,1,"2, 6",3,0.0,0.0,0.0,0.0,0.0,0,1,1,0,0,4,200.0,179.0,1,0,0.0,0.0,175.0,200.0,130.0,170.0,Up,Up,75,100,70,30,55.8743961352657,52.10828025477707,53.29113924050633,50.91025641025641,12,ckhtfa5u,,,,,0
19,raavz353,,0,587,587,FinalPage,ThankYou,2026-09-16 07:14:46.924962,1,,,1055.56,4,,0.0,M_no_W_no,,,,,,,,,,,0,0,150,150,,,,,,,,,,,,,,,,,,,2,1,"2, 6",3,0.0,0.0,0.0,0.0,0.0,0,-1,-1,0,0,4,200.0,179.0,1,0,0.0,0.0,175.0,200.0,130.0,170.0,Up,Up,75,100,70,30,55.8743961352657,52.10828025477707,53.29113924050633,50.91025641025641,12,ckhtfa5u,,,,,0
20,6rdutaoz,,0,587,587,FinalPage,ThankYou,2026-09-16 07:14:46.739461,1,,,1333.33,5,,0.0,M_no_W_no,,,,,,,,,,,0,0,200,200,,,,,,,,,,,,,,,,,,,2,1,"2, 6",3,0.0,0.0,0.0,0.0,0.0,0,0,1,0,0,4,200.0,179.0,1,0,0.0,0.0,175.0,200.0,130.0,170.0,Up,Up,75,100,70,30,55.8743961352657,52.10828025477707,53.29113924050633,50.91025641025641,12,ckhtfa5u,,,,,0
21,21anldsa,,0,587,587,FinalPage,ThankYou,2026-09-16 07:14:46.764965,1,,,1000.0,1,,0.0,M_no_W_no,,,,,,,,,,,0,0,150,400,,,,,,,,,,,,,,,,,,,2,1,"2, 6",3,0.0,0.0,0.0,0.0,0.0,0,-1,1,0,0,5,160.0,400.0,0,1,0.0,0.0,92.5,75.0,70.0,75.0,Down,Down,15,50,60,50,55.8743961352657,52.10828025477707,53.29113924050633,50.91025641025641,12,ckhtfa5u,,,,,0
22,3mjtjuou,,0,587,587,FinalPage,ThankYou,2026-09-16 07:14:47.087780,1,,,555.56,2,,0.0,M_no_W_no,,,,,,,,,,,0,0,150,400,,,,,,,,,,,,,,,,,,,2,1,"2, 6",3,0.0,0.0,0.0,0.0,0.0,0,-1,0,0,0,5,160.0,400.0,0,1,0.0,0.0,92.5,75.0,70.0,75.0,Down,Down,15,50,60,50,55.8743961352657,52.10828025477707,53.29113924050633,50.91025641025641,12,ckhtfa5u,,,,,0
23,5jtwpe9d,,0,587,587,FinalPage,ThankYou,2026-09-16 07:14:47.162759,1,,,333.33,3,,0.0,M_no_W_no,,,,,,,,,,,0,0,200,400,,,,,,,,,,,,,,,,,,,2,1,"2, 6",3,0.0,0.0,0.0,0.0,0.0,0,1,1,0,0,5,160.0,400.0,0,1,0.0,0.0,92.5,75.0,70.0,75.0,Down,Down,15,50,60,50,55.8743961352657,52.10828025477707,53.29113924050633,50.91025641025641,12,ckhtfa5u,,,,,0
24,s16bmsk2,,0,587,587,FinalPage,ThankYou,2026-09-16 07:14:47.283007,1,,,666.67,4,,0.0,M_no_W_no,,,,,,,,,,,0,0,160,160,,,,,,,,,,,,,,,,,,,2,1,"2, 6",3,0.0,0.0,0.0,0.0,0.0,0,0,-1,0,0,5,160.0,400.0,0,1,0.0,0.0,92.5,75.0,70.0,75.0,Down,Down,15,50,60,50,55.8743961352657,52.10828025477707,53.29113924050633,50.91025641025641,12,ckhtfa5u,,,,,0
25,sjw641j3,,0,587,587,FinalPage,ThankYou,2026-09-16 07:14:49.282695,1,,,277.78,5,,0.0,M_no_W_no,,,,,,,,,,,0,0,340,260,,,,,,,,,,,,,,,,,,,2,1,"2, 6",3,0.0,0.0,0.0,0.0,0.0,0,1,-1,0,0,5,160.0,400.0,0,1,0.0,0.0,92.5,75.0,70.0,75.0,Down,Down,15,50,60,50,55.8743961352657,52.10828025477707,53.29113924050633,50.91025641025641,12,ckhtfa5u,,,,,0
1,msd1f2iu,,0,587,587,FinalPage,ThankYou,2026-09-16 07:14:45.221358,1,,,388.89,1,,0.0,M_no_W_no,,,,,,,,,,,0,0,150,100,,,,,,,,,,,,,,,,,,,2,1,"2, 6",3,0.0,0.0,0.0,0.0,0.0,0,1,-1,0,0,1,150.0,110.0,0,1,0.0,0.0,87.5,75.0,70.0,50.0,Down,Down,25,50,60,100,55.8743961352657,52.10828025477707,53.29113924050633,50.91025641025641,13,ckhtfa5u,,,,,0
2,omrf04k4,,0,587,587,FinalPage,ThankYou,2026-09-16 07:14:45.274669,1,,,388.89,2,,0.0,M_no_W_no,,,,,,,,,,,0,0,150,150,,,,,,,,,,,,,,,,,,,2,1,"2, 6",3,0.0,0.0,0.0,0.0,0.0,0,1,1,0,0,1,150.0,110.0,0,1,0.0,0.0,87.5,75.0,70.0,50.0,Down,Down,25,50,60,100,55.8743961352657,52.10828025477707,53.29113924050633,50.91025641025641,13,ckhtfa5u,,,,,0
3,duzxv1is,,0,587,587,FinalPage,ThankYou,2026-09-16 07:14:45.347404,1,,,611.11,3,,0.0,M_no_W_no,,,,,,,,,,,0,0,99,89,,,,,,,,,,,,,,,,,,,2,1,"2, 6",3,0.0,0.0,0.0,0.0,0.0,0,-1,-1,0,0,1,150.0,110.0,0,1,0.0,0.0,87.5,75.0,70.0,50.0,Down,Down,25,50,60,100,55.8743961352657,52.10828025477707,53.29113924050633,50.91025641025641,13,ckhtfa5u,,,,,0
4,znk2pevv,,0,587,587,FinalPage,ThankYou,2026-09-16 07:14:45.967994,1,,,500.0,4,,0.0,M_no_W_no,,,,,,,,,,,0,0,110,110,,,,,,,,,,,,,,,,,,,2,1,"2, 6",3,0.0,0.0,0.0,0.0,0.0,0,-1,0,0,0,1,150.0,110.0,0,1,0.0,0.0,87.5,75.0,70.0,50.0,Down,Down,25,50,60,100,55.8743961352657,52.10828025477707,53.29113924050633,50.91025641025641,13,ckhtfa5u,,,,,0
5,rv5b38em,,0,587,587,FinalPage,ThankYou,2026-09-16 07:14:46.164104,1,,,444.44,5,,0.0,M_no_W_no,,,,,,,,,,,0,0,150,149,,,,,,,,,,,,,,,,,,,2,1,"2, 6",3,0.0,0.0,0.0,0.0,0.0,0,0,1,0,0,1,150.0,110.0,0,1,0.0,0.0,87.5,75.0,70.0,50.0,Down,Down,25,50,60,100,55.8743961352657,52.10828025477707,53.29113924050633,50.91025641025641,13,ckhtfa5u,,,,,0
6,z7t2lpyk,,0,587,587,FinalPage,ThankYou,2026-09-16 07:14:46.247250,1,,,666.67,1,,0.0,M_no_W_no,,,,,,,,,,,0,0,119,109,,,,,,,,,,,,,,,,,,,2,1,"2, 6",3,0.0,0.0,0.0,0.0,0.0,0,1,-1,0,0,2,110.0,110.0,1,0,0.0,0.0,75.0,175.0,65.0,100.0,Down,Up,50,75,0,70,55.8743961352657,52.10828025477707,53.29113924050633,50.91025641025641,13,ckhtfa5u,,,,,0
7,dwx0my9x,,0,587,587,FinalPage,ThankYou,2026-09-16 07:14:46.305699,1,,,1166.67,2,,0.0,M_no_W_no,,,,,,,,,,,0,0,110,110,,,,,,,,,,,,,,,,,,,2,1,"2, 6",3,0.0,0.0,0.0,0.0,0.0,0,0,0,0,0,2,110.0,110.0,1,0,0.0,0.0,75.0,175.0,65.0,100.0,Down,Up,50,75,0,70,55.8743961352657,52.10828025477707,53.29113924050633,50.91025641025641,13,ckhtfa5u,,,,,0
8,uhxz6pjz,,0,587,587,FinalPage,ThankYou,2026-09-16 07:14:46.338399,1,,,1388.89,3,,0.0,M_no_W_no,,,,,,,,,,,0,0,125,125,,,,,,,,,,,,,,,,,,,2,1,"2, 6",3,0.0,0.0,0.0,0.0,0.0,0,1,1,0,0,2,110.0,110.0,1,0,0.0,0.0,75.0,175.0,65.0,100.0,Down,Up,50,75,0,70,55.8743961352657,52.10828025477707,53.29113924050633,50.91025641025641,13,ckhtfa5u,,,,,0
9,r39x605k,,0,587,587,FinalPage,ThankYou,2026-09-16 07:14:46.369519,1,,,55.56,4,,0.0,M_no_W_no,,,,,,,,,,,0,0,100,100,,,,,,,,,,,,,,,,,,,2,1,"2, 6",3,0.0,0.0,0.0,0.0,0.0,0,-1,-1,0,0,2,110.0,110.0,1,0,0.0,0.0,75.0,175.0,65.0,100.0,Down,Up,50,75,0,70,55.8743961352657,52.10828025477707,53.29113924050633,50.91025641025641,13,ckhtfa5u,,,,,0
10,yhliw46v,,0,587,587,FinalPage,ThankYou,2026-09-16 07:14:46.359571,1,,,277.78,5,,0.0,M_no_W_no,,,,,,,,,,,0,0,110,110,,,,,,,,,,,,,,,,,,,2,1,"2, 6",3,0.0,0.0,0.0,0.0,0.0,0,-1,1,0,0,2,110.0,110.0,1,0,0.0,0.0,75.0,175.0,65.0,100.0,Down,Up,50,75,0,70,55.8743961352657,52.10828025477707,53.29113924050633,50.91025641025641,13,ckhtfa5u,,,,,0
11,7abl389c,,0,587,587,FinalPage,ThankYou,2026-09-16 07:14:46.377075,1,,,666.67,1,,0.0,M_no_W_no,,,,,,,,,,,0,0,3,3,,,,,,,,,,,,,,,,,,,2,1,"2, 6",3,0.0,0.0,0.0,0.0,0.0,0,-1,-1,0,0,3,275.0,300.0,0,0,0.0,0.0,150.0,120.0,180.0,120.0,Up,Up,50,20,20,80,55.8743961352657,52.10828025477707,53.29113924050633,50.91025641025641,13,ckhtfa5u,,,,,0
12,6kns3oml,,0,587,587,FinalPage,ThankYou,2026-09-16 07:14:46.391218,1,,,1000.0,2,,0.0,M_no_W_no,,,,,,,,,,,0,0,200,400,,,,,,,,,,,,,,,,,,,2,1,"2, 6",3,0.0,0.0,0.0,0.0,0.0,0,-1,1,0,0,3,275.0,300.0,0,0,0.0,0.0,150.0,120.0,180.0,120.0,Up,Up,50,20,20,80,55.8743961352657,52.10828025477707,53.29113924050633,50.91025641025641,13,ckhtfa5u,,,,,0
13,pp2e4xx5,,0,587,587,FinalPage,ThankYou,2026-09-16 07:14:46.398329,1,,,1333.33,3,,0.0,M_no_W_no,,,,,,,,,,,0,0,300,300,,,,,,,,,,,,,,,,,,,2,1,"2, 6",3,0.0,0.0,0.0,0.0,0.0,0,1,0,0,0,3,275.0,300.0,0,0,0.0,0.0,150.0,120.0,180.0,120.0,Up,Up,50,20,20,80,55.8743961352657,52.10828025477707,53.29113924050633,50.91025641025641,13,ckhtfa5u,,,,,0
14,jid9ui4f,,0,587,587,FinalPage,ThankYou,2026-09-16 07:14:46.405738,1,,,1055.56,4,,0.0,M_no_W_no,,,,,,,,,,,0,0,300,300,,,,,,,,,,,,,,,,,,,2,1,"2, 6",3,0.0,0.0,0.0,0.0,0.0,0,1,-1,0,0,3,275.0,300.0,0,0,0.0,0.0,150.0,120.0,180.0,120.0,Up,Up,50,20,20,80,55.8743961352657,52.10828025477707,53.29113924050633,50.91025641025641,13,ckhtfa5u,,,,,0
15,grwzfvbr,,0,587,587,FinalPage,ThankYou,2026-09-16 07:14:46.413971,1,,,1166.67,5,,0.0,M_no_W_no,,,,,,,,,,,0,0,275,325,,,,,,,,,,,,,,,,,,,2,1,"2, 6",3,0.0,0.0,0.0,0.0,0.0,0,0,1,0,0,3,275.0,300.0,0,0,0.0,0.0,150.0,120.0,180.0,120.0,Up,Up,50,20,20,80,55.8743961352657,52.10828025477707,53.29113924050633,50.91025641025641,13,ckhtfa5u,,,,,0
16,yxcpp681,,0,587,587,FinalPage,ThankYou,2026-09-16 07:14:46.537902,1,,,1444.44,1,,0.0,M_no_W_no,,,,,,,,,,,0,0,190,160,,,,,,,,,,,,,,,,,,,2,1,"2, 6",3,0.0,0.0,0.0,0.0,0.0,0,-1,0,0,0,4,200.0,160.0,1,0,0.0,0.0,175.0,200.0,130.0,170.0,Up,Up,75,100,70,30,55.8743961352657,52.10828025477707,53.29113924050633,50.91025641025641,13,ckhtfa5u,,,,,0
17,09bse981,,0,587,587,FinalPage,ThankYou,2026-09-16 07:14:46.585925,1,,,833.33,2,,0.0,M_no_W_no,,,,,,,,,,,0,0,350,250,,,,,,,,,,,,,,,,,,,2,1,"2, 6",3,0.0,0.0,0.0,0.0,0.0,0,1,1,0,0,4,200.0,160.0,1,0,0.0,0.0,175.0,200.0,130.0,170.0,Up,Up,75,100,70,30,55.8743961352657,52.10828025477707,53.29113924050633,50.91025641025641,13,ckhtfa5u,,,,,0
18,2p0bevly,,0,587,587,FinalPage,ThankYou,2026-09-16 07:14:46.888819,1,,,888.89,3,,0.0,M_no_W_no,,,,,,,,,,,0,0,200,160,,,,,,,,,,,,,,,,,,,2,1,"2, 6",3,0.0,0.0,0.0,0.0,0.0,0,1,-1,0,0,4,200.0,160.0,1,0,0.0,0.0,175.0,200.0,130.0,170.0,Up,Up,75,100,70,30,55.8743961352657,52.10828025477707,53.29113924050633,50.91025641025641,13,ckhtfa5u,,,,,0
19,raavz353,,0,587,587,FinalPage,ThankYou,2026-09-16 07:14:46.924962,1,,,1055.56,4,,0.0,M_no_W_no,,,,,,,,,,,0,0,150,150,,,,,,,,,,,,,,,,,,,2,1,"2, 6",3,0.0,0.0,0.0,0.0,0.0,0,-1,-1,0,0,4,200.0,160.0,1,0,0.0,0.0,175.0,200.0,130.0,170.0,Up,Up,75,100,70,30,55.8743961352657,52.10828025477707,53.29113924050633,50.91025641025641,13,ckhtfa5u,,,,,0
20,6rdutaoz,,0,587,587,FinalPage,ThankYou,2026-09-16 07:14:46.739461,1,,,1333.33,5,,0.0,M_no_W_no,,,,,,,,,,,0,0,200,170,,,,,,,,,,,,,,,,,,,2,1,"2, 6",3,0.0,0.0,0.0,0.0,0.0,0,0,1,0,0,4,200.0,160.0,1,0,0.0,0.0,175.0,200.0,130.0,170.0,Up,Up,75,100,70,30,55.8743961352657,52.10828025477707,53.29113924050633,50.91025641025641,13,ckhtfa5u,,,,,0
21,21anldsa,,0,587,587,FinalPage,ThankYou,2026-09-16 07:14:46.764965,1,,,1000.0,1,,0.0,M_no_W_no,,,,,,,,,,,0,0,150,400,,,,,,,,,,,,,,,,,,,2,1,"2, 6",3,0.0,0.0,0.0,0.0,0.0,0,-1,-1,0,0,5,160.0,400.0,0,1,0.0,0.0,92.5,75.0,70.0,75.0,Down,Down,15,50,60,50,55.8743961352657,52.10828025477707,53.29113924050633,50.91025641025641,13,ckhtfa5u,,,,,0
22,3mjtjuou,,0,587,587,FinalPage,ThankYou,2026-09-16 07:14:47.087780,1,,,555.56,2,,0.0,M_no_W_no,,,,,,,,,,,0,0,160,400,,,,,,,,,,,,,,,,,,,2,1,"2, 6",3,0.0,0.0,0.0,0.0,0.0,0,0,0,0,0,5,160.0,400.0,0,1,0.0,0.0,92.5,75.0,70.0,75.0,Down,Down,15,50,60,50,55.8743961352657,52.10828025477707,53.29113924050633,50.91025641025641,13,ckhtfa5u,,,,,0
23,5jtwpe9d,,0,587,587,FinalPage,ThankYou,2026-09-16 07:14:47.162759,1,,,333.33,3,,0.0,M_no_W_no,,,,,,,,,,,0,0,180,330,,,,,,,,,,,,,,,,,,,2,1,"2, 6",3,0.0,0.0,0.0,0.0,0.0,0,1,-1,0,0,5,160.0,400.0,0,1,0.0,0.0,92.5,75.0,70.0,75.0,Down,Down,15,50,60,50,55.8743961352657,52.10828025477707,53.29113924050633,50.91025641025641,13,ckhtfa5u,,,,,0
24,s16bmsk2,,0,587,587,FinalPage,ThankYou,2026-09-16 07:14:47.283007,1,,,666.67,4,,0.0,M_no_W_no,,,,,,,,,,,0,0,170,400,,,,,,,,,,,,,,,,,,,2,1,"2, 6",3,0.0,0.0,0.0,0.0,0.0,0,1,1,0,0,5,160.0,400.0,0,1,0.0,0.0,92.5,75.0,70.0,75.0,Down,Down,15,50,60,50,55.8743961352657,52.10828025477707,53.29113924050633,50.91025641025641,13,ckhtfa5u,,,,,0
25,sjw641j3,,0,587,587,FinalPage,ThankYou,2026-09-16 07:14:49.282695,1,,,277.78,5,,0.0,M_no_W_no,,,,,,,,,,,0,0,150,430,,,,,,,,,,,,,,,,,,,2,1,"2, 6",3,0.0,0.0,0.0,0.0,0.0,0,-1,1,0,0,5,160.0,400.0,0,1,0.0,0.0,92.5,75.0,70.0,75.0,Down,Down,15,50,60,50,55.8743961352657,52.10828025477707,53.29113924050633,50.91025641025641,13,ckhtfa5u,,,,,0
1,msd1f2iu,,0,587,587,FinalPage,ThankYou,2026-09-16 07:14:45.221358,1,,,388.89,1,,0.0,M_no_W_no,,,,,,,,,,,0,0,150,120,,,,,,,,,,,,,,,,,,,2,1,"2, 6",3,0.0,0.0,0.0,0.0,0.0,0,0,0,0,0,1,150.0,120.0,0,1,0.0,0.0,87.5,75.0,70.0,50.0,Down,Down,25,50,60,100,55.8743961352657,52.10828025477707,53.29113924050633,50.91025641025641,14,ckhtfa5u,,,,,0
2,omrf04k4,,0,587,587,FinalPage,ThankYou,2026-09-16 07:14:45.274669,1,,,388.89,2,,0.0,M_no_W_no,,,,,,,,,,,0,0,200,200,,,,,,,,,,,,,,,,,,,2,1,"2, 6",3,0.0,0.0,0.0,0.0,0.0,0,1,1,0,0,1,150.0,120.0,0,1,0.0,0.0,87.5,75.0,70.0,50.0,Down,Down,25,50,60,100,55.8743961352657,52.10828025477707,53.29113924050633,50.91025641025641,14,ckhtfa5u,,,,,0
3,duzxv1is,,0,587,587,FinalPage,ThankYou,2026-09-16 07:14:45.347404,1,,,611.11,3,,0.0,M_no_W_no,,,,,,,,,,,0,0,119,99,,,,,,,,,,,,,,,,,,,2,1,"2, 6",3,0.0,0.0,0.0,0.0,0.0,0,-1,-1,0,0,1,150.0,120.0,0,1,0.0,0.0,87.5,75.0,70.0,50.0,Down,Down,25,50,60,100,55.8743961352657,52.10828025477707,53.29113924050633,50.91025641025641,14,ckhtfa5u,,,,,0
4,znk2pevv,,0,587,587,FinalPage,ThankYou,2026-09-16 07:14:45.967994,1,,,500.0,4,,0.0,M_no_W_no,,,,,,,,,,,0,0,110,110,,,,,,,,,,,,,,,,,,,2,1,"2, 6",3,0.0,0.0,0.0,0.0,0.0,0,-1,-1,0,0,1,150.0,120.0,0,1,0.0,0.0,87.5,75.0,70.0,50.0,Down,Down,25,50,60,100,55.8743961352657,52.10828025477707,53.29113924050633,50.91025641025641,14,ckhtfa5u,,,,,0
5,rv5b38em,,0,587,587,FinalPage,ThankYou,2026-09-16 07:14:46.164104,1,,,444.44,5,,0.0,M_no_W_no,,,,,,,,,,,0,0,200,200,,,,,,,,,,,,,,,,,,,2,1,"2, 6",3,0.0,0.0,0.0,0.0,0.0,0,1,1,0,0,1,150.0,120.0,0,1,0.0,0.0,87.5,75.0,70.0,50.0,Down,Down,25,50,60,100,55.8743961352657,52.10828025477707,53.29113924050633,50.91025641025641,14,ckhtfa5u,,,,,0
6,z7t2lpyk,,0,587,587,FinalPage,ThankYou,2026-09-16 07:14:46.247250,1,,,666.67,1,,0.0,M_no_W_no,,,,,,,,,,,0,0,115,110,,,,,,,,,,,,,,,,,,,2,1,"2, 6",3,0.0,0.0,0.0,0.0,0.0,0,1,0,0,0,2,112.0,110.0,1,0,0.0,0.0,75.0,175.0,65.0,100.0,Down,Up,50,75,0,70,55.8743961352657,52.10828025477707,53.29113924050633,50.91025641025641,14,ckhtfa5u,,,,,0
7,dwx0my9x,,0,587,587,FinalPage,ThankYou,2026-09-16 07:14:46.305699,1,,,1166.67,2,,0.0,M_no_W_no,,,,,,,,,,,0,0,110,110,,,,,,,,,,,,,,,,,,,2,1,"2, 6",3,0.0,0.0,0.0,0.0,0.0,0,-1,1,0,0,2,112.0,110.0,1,0,0.0,0.0,75.0,175.0,65.0,100.0,Down,Up,50,75,0,70,55.8743961352657,52.10828025477707,53.29113924050633,50.91025641025641,14,ckhtfa5u,,,,,0
8,uhxz6pjz,,0,587,587,FinalPage,ThankYou,2026-09-16 07:14:46.338399,1,,,1388.89,3,,0.0,M_no_W_no,,,,,,,,,,,0,0,125,125,,,,,,,,,,,,,,,,,,,2,1,"2, 6",3,0.0,0.0,0.0,0.0,0.0,0,1,1,0,0,2,112.0,110.0,1,0,0.0,0.0,75.0,175.0,65.0,100.0,Down,Up,50,75,0,70,55.8743961352657,52.10828025477707,53.29113924050633,50.91025641025641,14,ckhtfa5u,,,,,0
9,r39x605k,,0,587,587,FinalPage,ThankYou,2026-09-16 07:14:46.369519,1,,,55.56,4,,0.0,M_no_W_no,,,,,,,,,,,0,0,100,100,,,,,,,,,,,,,,,,,,,2,1,"2, 6",3,0.0,0.0,0.0,0.0,0.0,0,-1,-1,0,0,2,112.0,110.0,1,0,0.0,0.0,75.0,175.0,65.0,100.0,Down,Up,50,75,0,70,55.8743961352657,52.10828025477707,53.29113924050633,50.91025641025641,14,ckhtfa5u,,,,,0
10,yhliw46v,,0,587,587,FinalPage,ThankYou,2026-09-16 07:14:46.359571,1,,,277.78,5,,0.0,M_no_W_no,,,,,,,,,,,0,0,112,105,,,,,,,,,,,,,,,,,,,2,1,"2, 6",3,0.0,0.0,0.0,0.0,0.0,0,0,-1,0,0,2,112.0,110.0,1,0,0.0,0.0,75.0,175.0,65.0,100.0,Down,Up,50,75,0,70,55.8743961352657,52.10828025477707,53.29113924050633,50.91025641025641,14,ckhtfa5u,,,,,0
11,7abl389c,,0,587,587,FinalPage,ThankYou,2026-09-16 07:14:46.377075,1,,,666.67,1,,0.0,M_no_W_no,,,,,,,,,,,0,0,3,3,,,,,,,,,,,,,,,,,,,2,1,"2, 6",3,0.0,0.0,0.0,0.0,0.0,0,-1,-1,0,0,3,300.0,250.0,0,0,0.0,0.0,150.0,120.0,180.0,120.0,Up,Up,50,20,20,80,55.8743961352657,52.10828025477707,53.29113924050633,50.91025641025641,14,ckhtfa5u,,,,,0
12,6kns3oml,,0,587,587,FinalPage,ThankYou,2026-09-16 07:14:46.391218,1,,,1000.0,2,,0.0,M_no_W_no,,,,,,,,,,,0,0,400,200,,,,,,,,,,,,,,,,,,,2,1,"2, 6",3,0.0,0.0,0.0,0.0,0.0,0,1,-1,0,0,3,300.0,250.0,0,0,0.0,0.0,150.0,120.0,180.0,120.0,Up,Up,50,20,20,80,55.8743961352657,52.10828025477707,53.29113924050633,50.91025641025641,14,ckhtfa5u,,,,,0
13,pp2e4xx5,,0,587,587,FinalPage,ThankYou,2026-09-16 07:14:46.398329,1,,,1333.33,3,,0.0,M_no_W_no,,,,,,,,,,,0,0,300,300,,,,,,,,,,,,,,,,,,,2,1,"2, 6",3,0.0,0.0,0.0,0.0,0.0,0,0,1,0,0,3,300.0,250.0,0,0,0.0,0.0,150.0,120.0,180.0,120.0,Up,Up,50,20,20,80,55.8743961352657,52.10828025477707,53.29113924050633,50.91025641025641,14,ckhtfa5u,,,,,0
14,jid9ui4f,,0,587,587,FinalPage,ThankYou,2026-09-16 07:14:46.405738,1,,,1055.56,4,,0.0,M_no_W_no,,,,,,,,,,,0,0,300,300,,,,,,,,,,,,,,,,,,,2,1,"2, 6",3,0.0,0.0,0.0,0.0,0.0,0,1,1,0,0,3,300.0,250.0,0,0,0.0,0.0,150.0,120.0,180.0,120.0,Up,Up,50,20,20,80,55.8743961352657,52.10828025477707,53.29113924050633,50.91025641025641,14,ckhtfa5u,,,,,0
15,grwzfvbr,,0,587,587,FinalPage,ThankYou,2026-09-16 07:14:46.413971,1,,,1166.67,5,,0.0,M_no_W_no,,,,,,,,,,,0,0,250,250,,,,,,,,,,,,,,,,,,,2,1,"2, 6",3,0.0,0.0,0.0,0.0,0.0,0,-1,0,0,0,3,300.0,250.0,0,0,0.0,0.0,150.0,120.0,180.0,120.0,Up,Up,50,20,20,80,55.8743961352657,52.10828025477707,53.29113924050633,50.91025641025641,14,ckhtfa5u,,,,,0
16,yxcpp681,,0,587,587,FinalPage,ThankYou,2026-09-16 07:14:46.537902,1,,,1444.44,1,,0.0,M_no_W_no,,,,,,,,,,,0,0,195,159,,,,,,,,,,,,,,,,,,,2,1,"2, 6",3,0.0,0.0,0.0,0.0,0.0,0,-1,1,0,0,4,200.0,150.0,1,0,0.0,0.0,175.0,200.0,130.0,170.0,Up,Up,75,100,70,30,55.8743961352657,52.10828025477707,53.29113924050633,50.91025641025641,14,ckhtfa5u,,,,,0
17,09bse981,,0,587,587,FinalPage,ThankYou,2026-09-16 07:14:46.585925,1,,,833.33,2,,0.0,M_no_W_no,,,,,,,,,,,0,0,300,1,,,,,,,,,,,,,,,,,,,2,1,"2, 6",3,0.0,0.0,0.0,0.0,0.0,0,1,-1,0,0,4,200.0,150.0,1,0,0.0,0.0,175.0,200.0,130.0,170.0,Up,Up,75,100,70,30,55.8743961352657,52.10828025477707,53.29113924050633,50.91025641025641,14,ckhtfa5u,,,,,0
18,2p0bevly,,0,587,587,FinalPage,ThankYou,2026-09-16 07:14:46.888819,1,,,888.89,3,,0.0,M_no_W_no,,,,,,,,,,,0,0,200,150,,,,,,,,,,,,,,,,,,,2,1,"2, 6",3,0.0,0.0,0.0,0.0,0.0,0,0,-1,0,0,4,200.0,150.0,1,0,0.0,0.0,175.0,200.0,130.0,170.0,Up,Up,75,100,70,30,55.8743961352657,52.10828025477707,53.29113924050633,50.91025641025641,14,ckhtfa5u,,,,,0
19,raavz353,,0,587,587,FinalPage,ThankYou,2026-09-16 07:14:46.924962,1,,,1055.56,4,,0.0,M_no_W_no,,,,,,,,,,,0,0,150,150,,,,,,,,,,,,,,,,,,,2,1,"2, 6",3,0.0,0.0,0.0,0.0,0.0,0,-1,0,0,0,4,200.0,150.0,1,0,0.0,0.0,175.0,200.0,130.0,170.0,Up,Up,75,100,70,30,55.8743961352657,52.10828025477707,53.29113924050633,50.91025641025641,14,ckhtfa5u,,,,,0
20,6rdutaoz,,0,587,587,FinalPage,ThankYou,2026-09-16 07:14:46.739461,1,,,1333.33,5,,0.0,M_no_W_no,,,,,,,,,,,0,0,210,150,,,,,,,,,,,,,,,,,,,2,1,"2, 6",3,0.0,0.0,0.0,0.0,0.0,0,1,1,0,0,4,200.0,150.0,1,0,0.0,0.0,175.0,200.0,130.0,170.0,Up,Up,75,100,70,30,55.8743961352657,52.10828025477707,53.29113924050633,50.91025641025641,14,ckhtfa5u,,,,,0
21,21anldsa,,0,587,587,FinalPage,ThankYou,2026-09-16 07:14:46.764965,1,,,1000.0,1,,0.0,M_no_W_no,,,,,,,,,,,0,0,150,450,,,,,,,,,,,,,,,,,,,2,1,"2, 6",3,0.0,0.0,0.0,0.0,0.0,0,-1,1,0,0,5,150.0,400.0,0,1,0.0,0.0,92.5,75.0,70.0,75.0,Down,Down,15,50,60,50,55.8743961352657,52.10828025477707,53.29113924050633,50.91025641025641,14,ckhtfa5u,,,,,0
22,3mjtjuou,,0,587,587,FinalPage,ThankYou,2026-09-16 07:14:47.087780,1,,,555.56,2,,0.0,M_no_W_no,,,,,,,,,,,0,0,160,400,,,,,,,,,,,,,,,,,,,2,1,"2, 6",3,0.0,0.0,0.0,0.0,0.0,0,1,-1,0,0,5,150.0,400.0,0,1,0.0,0.0,92.5,75.0,70.0,75.0,Down,Down,15,50,60,50,55.8743961352657,52.10828025477707,53.29113924050633,50.91025641025641,14,ckhtfa5u,,,,,0
23,5jtwpe9d,,0,587,587,FinalPage,ThankYou,2026-09-16 07:14:47.162759,1,,,333.33,3,,0.0,M_no_W_no,,,,,,,,,,,0,0,170,360,,,,,,,,,,,,,,,,,,,2,1,"2, 6",3,0.0,0.0,0.0,0.0,0.0,0,1,-1,0,0,5,150.0,400.0,0,1,0.0,0.0,92.5,75.0,70.0,75.0,Down,Down,15,50,60,50,55.8743961352657,52.10828025477707,53.29113924050633,50.91025641025641,14,ckhtfa5u,,,,,0
24,s16bmsk2,,0,587,587,FinalPage,ThankYou,2026-09-16 07:14:47.283007,1,,,666.67,4,,0.0,M_no_W_no,,,,,,,,,,,0,0,150,400,,,,,,,,,,,,,,,,,,,2,1,"2, 6",3,0.0,0.0,0.0,0.0,0.0,0,0,0,0,0,5,150.0,400.0,0,1,0.0,0.0,92.5,75.0,70.0,75.0,Down,Down,15,50,60,50,55.8743961352657,52.10828025477707,53.29113924050633,50.91025641025641,14,ckhtfa5u,,,,,0
25,sjw641j3,,0,587,587,FinalPage,ThankYou,2026-09-16 07:14:49.282695,1,,,277.78,5,,0.0,M_no_W_no,,,,,,,,,,,0,0,100,420,,,,,,,,,,,,,,,,,,,2,1,"2, 6",3,0.0,0.0,0.0,0.0,0.0,0,-1,1,0,0,5,150.0,400.0,0,1,0.0,0.0,92.5,75.0,70.0,75.0,Down,Down,15,50,60,50,55.8743961352657,52.10828025477707,53.29113924050633,50.91025641025641,14,ckhtfa5u,,,,,0
1,msd1f2iu,,0,587,587,FinalPage,ThankYou,2026-09-16 07:14:45.221358,1,,,388.89,1,,0.0,M_no_W_no,,,,,,,,,,,0,0,150,150,,,,,,,,,,,,,,,,,,,2,1,"2, 6",3,0.0,0.0,0.0,0.0,0.0,0,1,1,0,0,1,150.0,150.0,0,1,0.0,0.0,87.5,75.0,70.0,50.0,Down,Down,25,50,60,100,55.8743961352657,52.10828025477707,53.29113924050633,50.91025641025641,15,ckhtfa5u,,,,,0
2,omrf04k4,,0,587,587,FinalPage,ThankYou,2026-09-16 07:14:45.274669,1,,,388.89,2,,0.0,M_no_W_no,,,,,,,,,,,0,0,150,150,,,,,,,,,,,,,,,,,,,2,1,"2, 6",3,0.0,0.0,0.0,0.0,0.0,0,0,0,0,0,1,150.0,150.0,0,1,0.0,0.0,87.5,75.0,70.0,50.0,Down,Down,25,50,60,100,55.8743961352657,52.10828025477707,53.29113924050633,50.91025641025641,15,ckhtfa5u,,,,,0
3,duzxv1is,,0,587,587,FinalPage,ThankYou,2026-09-16 07:14:45.347404,1,,,611.11,3,,0.0,M_no_W_no,,,,,,,,,,,0,0,129,109,,,,,,,,,,,,,,,,,,,2,1,"2, 6",3,0.0,0.0,0.0,0.0,0.0,0,-1,-1,0,0,1,150.0,150.0,0,1,0.0,0.0,87.5,75.0,70.0,50.0,Down,Down,25,50,60,100,55.8743961352657,52.10828025477707,53.29113924050633,50.91025641025641,15,ckhtfa5u,,,,,0
4,znk2pevv,,0,587,587,FinalPage,ThankYou,2026-09-16 07:14:45.967994,1,,,500.0,4,,0.0,M_no_W_no,,,,,,,,,,,0,0,110,110,,,,,,,,,,,,,,,,,,,2,1,"2, 6",3,0.0,0.0,0.0,0.0,0.0,0,-1,-1,0,0,1,150.0,150.0,0,1,0.0,0.0,87.5,75.0,70.0,50.0,Down,Down,25,50,60,100,55.8743961352657,52.10828025477707,53.29113924050633,50.91025641025641,15,ckhtfa5u,,,,,0
5,rv5b38em,,0,587,587,FinalPage,ThankYou,2026-09-16 07:14:46.164104,1,,,444.44,5,,0.0,M_no_W_no,,,,,,,,,,,0,0,200,200,,,,,,,,,,,,,,,,,,,2,1,"2, 6",3,0.0,0.0,0.0,0.0,0.0,0,1,1,0,0,1,150.0,150.0,0,1,0.0,0.0,87.5,75.0,70.0,50.0,Down,Down,25,50,60,100,55.8743961352657,52.10828025477707,53.29113924050633,50.91025641025641,15,ckhtfa5u,,,,,0
6,z7t2lpyk,,0,587,587,FinalPage,ThankYou,2026-09-16 07:14:46.247250,1,,,666.67,1,,0.0,M_no_W_no,,,,,,,,,,,0,0,111,110,,,,,,,,,,,,,,,,,,,2,1,"2, 6",3,0.0,0.0,0.0,0.0,0.0,0,-1,-1,0,0,2,115.0,110.0,1,0,0.0,0.0,75.0,175.0,65.0,100.0,Down,Up,50,75,0,70,55.8743961352657,52.10828025477707,53.29113924050633,50.91025641025641,15,ckhtfa5u,,,,,0
7,dwx0my9x,,0,587,587,FinalPage,ThankYou,2026-09-16 07:14:46.305699,1,,,1166.67,2,,0.0,M_no_W_no,,,,,,,,,,,0,0,110,110,,,,,,,,,,,,,,,,,,,2,1,"2, 6",3,0.0,0.0,0.0,0.0,0.0,0,-1,0,0,0,2,115.0,110.0,1,0,0.0,0.0,75.0,175.0,65.0,100.0,Down,Up,50,75,0,70,55.8743961352657,52.10828025477707,53.29113924050633,50.91025641025641,15,ckhtfa5u,,,,,0
8,uhxz6pjz,,0,587,587,FinalPage,ThankYou,2026-09-16 07:14:46.338399,1,,,1388.89,3,,0.0,M_no_W_no,,,,,,,,,,,0,0,120,115,,,,,,,,,,,,,,,,,,,2,1,"2, 6",3,0.0,0.0,0.0,0.0,0.0,0,1,1,0,0,2,115.0,110.0,1,0,0.0,0.0,75.0,175.0,65.0,100.0,Down,Up,50,75,0,70,55.8743961352657,52.10828025477707,53.29113924050633,50.91025641025641,15,ckhtfa5u,,,,,0
9,r39x605k,,0,587,587,FinalPage,ThankYou,2026-09-16 07:14:46.369519,1,,,55.56,4,,0.0,M_no_W_no,,,,,,,,,,,0,0,130,130,,,,,,,,,,,,,,,,,,,2,1,"2, 6",3,0.0,0.0,0.0,0.0,0.0,0,1,1,0,0,2,115.0,110.0,1,0,0.0,0.0,75.0,175.0,65.0,100.0,Down,Up,50,75,0,70,55.8743961352657,52.10828025477707,53.29113924050633,50.91025641025641,15,ckhtfa5u,,,,,0
10,yhliw46v,,0,587,587,FinalPage,ThankYou,2026-09-16 07:14:46.359571,1,,,277.78,5,,0.0,M_no_W_no,,,,,,,,,,,0,0,115,110,,,,,,,,,,,,,,,,,,,2,1,"2, 6",3,0.0,0.0,0.0,0.0,0.0,0,0,-1,0,0,2,115.0,110.0,1,0,0.0,0.0,75.0,175.0,65.0,100.0,Down,Up,50,75,0,70,55.8743961352657,52.10828025477707,53.29113924050633,50.91025641025641,15,ckhtfa5u,,,,,0
11,7abl389c,,0,587,587,FinalPage,ThankYou,2026-09-16 07:14:46.377075,1,,,666.67,1,,0.0,M_no_W_no,,,,,,,,,,,0,0,3,3,,,,,,,,,,,,,,,,,,,2,1,"2, 6",3,0.0,0.0,0.0,0.0,0.0,0,-1,-1,0,0,3,220.0,255.0,0,0,0.0,0.0,150.0,120.0,180.0,120.0,Up,Up,50,20,20,80,55.8743961352657,52.10828025477707,53.29113924050633,50.91025641025641,15,ckhtfa5u,,,,,0
12,6kns3oml,,0,587,587,FinalPage,ThankYou,2026-09-16 07:14:46.391218,1,,,1000.0,2,,0.0,M_no_W_no,,,,,,,,,,,0,0,200,400,,,,,,,,,,,,,,,,,,,2,1,"2, 6",3,0.0,0.0,0.0,0.0,0.0,0,-1,1,0,0,3,220.0,255.0,0,0,0.0,0.0,150.0,120.0,180.0,120.0,Up,Up,50,20,20,80,55.8743961352657,52.10828025477707,53.29113924050633,50.91025641025641,15,ckhtfa5u,,,,,0
13,pp2e4xx5,,0,587,587,FinalPage,ThankYou,2026-09-16 07:14:46.398329,1,,,1333.33,3,,0.0,M_no_W_no,,,,,,,,,,,0,0,300,255,,,,,,,,,,,,,,,,,,,2,1,"2, 6",3,0.0,0.0,0.0,0.0,0.0,0,1,0,0,0,3,220.0,255.0,0,0,0.0,0.0,150.0,120.0,180.0,120.0,Up,Up,50,20,20,80,55.8743961352657,52.10828025477707,53.29113924050633,50.91025641025641,15,ckhtfa5u,,,,,0
14,jid9ui4f,,0,587,587,FinalPage,ThankYou,2026-09-16 07:14:46.405738,1,,,1055.56,4,,0.0,M_no_W_no,,,,,,,,,,,0,0,300,300,,,,,,,,,,,,,,,,,,,2,1,"2, 6",3,0.0,0.0,0.0,0.0,0.0,0,1,1,0,0,3,220.0,255.0,0,0,0.0,0.0,150.0,120.0,180.0,120.0,Up,Up,50,20,20,80,55.8743961352657,52.10828025477707,53.29113924050633,50.91025641025641,15,ckhtfa5u,,,,,0
15,grwzfvbr,,0,587,587,FinalPage,ThankYou,2026-09-16 07:14:46.413971,1,,,1166.67,5,,0.0,M_no_W_no,,,,,,,,,,,0,0,220,220,,,,,,,,,,,,,,,,,,,2,1,"2, 6",3,0.0,0.0,0.0,0.0,0.0,0,0,-1,0,0,3,220.0,255.0,0,0,0.0,0.0,150.0,120.0,180.0,120.0,Up,Up,50,20,20,80,55.8743961352657,52.10828025477707,53.29113924050633,50.91025641025641,15,ckhtfa5u,,,,,0
16,yxcpp681,,0,587,587,FinalPage,ThankYou,2026-09-16 07:14:46.537902,1,,,1444.44,1,,0.0,M_no_W_no,,,,,,,,,,,0,0,195,140,,,,,,,,,,,,,,,,,,,2,1,"2, 6",3,0.0,0.0,0.0,0.0,0.0,0,-1,1,0,0,4,200.0,130.0,1,0,0.0,0.0,175.0,200.0,130.0,170.0,Up,Up,75,100,70,30,55.8743961352657,52.10828025477707,53.29113924050633,50.91025641025641,15,ckhtfa5u,,,,,0
17,09bse981,,0,587,587,FinalPage,ThankYou,2026-09-16 07:14:46.585925,1,,,833.33,2,,0.0,M_no_W_no,,,,,,,,,,,0,0,200,100,,,,,,,,,,,,,,,,,,,2,1,"2, 6",3,0.0,0.0,0.0,0.0,0.0,0,1,-1,0,0,4,200.0,130.0,1,0,0.0,0.0,175.0,200.0,130.0,170.0,Up,Up,75,100,70,30,55.8743961352657,52.10828025477707,53.29113924050633,50.91025641025641,15,ckhtfa5u,,,,,0
18,2p0bevly,,0,587,587,FinalPage,ThankYou,2026-09-16 07:14:46.888819,1,,,888.89,3,,0.0,M_no_W_no,,,,,,,,,,,0,0,200,151,,,,,,,,,,,,,,,,,,,2,1,"2, 6",3,0.0,0.0,0.0,0.0,0.0,0,0,1,0,0,4,200.0,130.0,1,0,0.0,0.0,175.0,200.0,130.0,170.0,Up,Up,75,100,70,30,55.8743961352657,52.10828025477707,53.29113924050633,50.91025641025641,15,ckhtfa5u,,,,,0
19,raavz353,,0,587,587,FinalPage,ThankYou,2026-09-16 07:14:46.924962,1,,,1055.56,4,,0.0,M_no_W_no,,,,,,,,,,,0,0,150,130,,,,,,,,,,,,,,,,,,,2,1,"2, 6",3,0.0,0.0,0.0,0.0,0.0,0,-1,0,0,0,4,200.0,130.0,1,0,0.0,0.0,175.0,200.0,130.0,170.0,Up,Up,75,100,70,30,55.8743961352657,52.10828025477707,53.29113924050633,50.91025641025641,15,ckhtfa5u,,,,,0
20,6rdutaoz,,0,587,587,FinalPage,ThankYou,2026-09-16 07:14:46.739461,1,,,1333.33,5,,0.0,M_no_W_no,,,,,,,,,,,0,0,210,100,,,,,,,,,,,,,,,,,,,2,1,"2, 6",3,0.0,0.0,0.0,0.0,0.0,0,1,-1,0,0,4,200.0,130.0,1,0,0.0,0.0,175.0,200.0,130.0,170.0,Up,Up,75,100,70,30,55.8743961352657,52.10828025477707,53.29113924050633,50.91025641025641,15,ckhtfa5u,,,,,0
21,21anldsa,,0,587,587,FinalPage,ThankYou,2026-09-16 07:14:46.764965,1,,,1000.0,1,,0.0,M_no_W_no,,,,,,,,,,,0,0,150,400,,,,,,,,,,,,,,,,,,,2,1,"2, 6",3,0.0,0.0,0.0,0.0,0.0,0,-1,0,0,0,5,150.0,400.0,0,1,0.0,0.0,92.5,75.0,70.0,75.0,Down,Down,15,50,60,50,55.8743961352657,52.10828025477707,53.29113924050633,50.91025641025641,15,ckhtfa5u,,,,,0
22,3mjtjuou,,0,587,587,FinalPage,ThankYou,2026-09-16 07:14:47.087780,1,,,555.56,2,,0.0,M_no_W_no,,,,,,,,,,,0,0,150,400,,,,,,,,,,,,,,,,,,,2,1,"2, 6",3,0.0,0.0,0.0,0.0,0.0,0,-1,1,0,0,5,150.0,400.0,0,1,0.0,0.0,92.5,75.0,70.0,75.0,Down,Down,15,50,60,50,55.8743961352657,52.10828025477707,53.29113924050633,50.91025641025641,15,ckhtfa5u,,,,,0
23,5jtwpe9d,,0,587,587,FinalPage,ThankYou,2026-09-16 07:14:47.162759,1,,,333.33,3,,0.0,M_no_W_no,,,,,,,,,,,0,0,150,400,,,,,,,,,,,,,,,,,,,2,1,"2, 6",3,0.0,0.0,0.0,0.0,0.0,0,0,-1,0,0,5,150.0,400.0,0,1,0.0,0.0,92.5,75.0,70.0,75.0,Down,Down,15,50,60,50,55.8743961352657,52.10828025477707,53.29113924050633,50.91025641025641,15,ckhtfa5u,,,,,0
24,s16bmsk2,,0,587,587,FinalPage,ThankYou,2026-09-16 07:14:47.283007,1,,,666.67,4,,0.0,M_no_W_no,,,,,,,,,,,0,0,150,400,,,,,,,,,,,,,,,,,,,2,1,"2, 6",3,0.0,0.0,0.0,0.0,0.0,0,1,-1,0,0,5,150.0,400.0,0,1,0.0,0.0,92.5,75.0,70.0,75.0,Down,Down,15,50,60,50,55.8743961352657,52.10828025477707,53.29113924050633,50.91025641025641,15,ckhtfa5u,,,,,0
25,sjw641j3,,0,587,587,FinalPage,ThankYou,2026-09-16 07:14:49.282695,1,,,277.78,5,,0.0,M_no_W_no,,,,,,,,,,,0,0,160,401,,,,,,,,,,,,,,,,,,,2,1,"2, 6",3,0.0,0.0,0.0,0.0,0.0,0,1,1,0,0,5,150.0,400.0,0,1,0.0,0.0,92.5,75.0,70.0,75.0,Down,Down,15,50,60,50,55.8743961352657,52.10828025477707,53.29113924050633,50.91025641025641,15,ckhtfa5u,,,,,0
1,msd1f2iu,,0,587,587,FinalPage,ThankYou,2026-09-16 07:14:45.221358,1,,,388.89,1,,0.0,M_no_W_no,,,,,,,,,,,0,0,150,125,,,,,,,,,,,,,,,,,,,2,1,"2, 6",3,0.0,0.0,0.0,0.0,0.0,0,0,-1,0,0,1,150.0,135.0,0,1,0.0,0.0,87.5,75.0,70.0,50.0,Down,Down,25,50,60,100,55.8743961352657,52.10828025477707,53.29113924050633,50.91025641025641,16,ckhtfa5u,,,,,0
2,omrf04k4,,0,587,587,FinalPage,ThankYou,2026-09-16 07:14:45.274669,1,,,388.89,2,,0.0,M_no_W_no,,,,,,,,,,,0,0,155,155,,,,,,,,,,,,,,,,,,,2,1,"2, 6",3,0.0,0.0,0.0,0.0,0.0,0,1,1,0,0,1,150.0,135.0,0,1,0.0,0.0,87.5,75.0,70.0,50.0,Down,Down,25,50,60,100,55.8743961352657,52.10828025477707,53.29113924050633,50.91025641025641,16,ckhtfa5u,,,,,0
3,duzxv1is,,0,587,587,FinalPage,ThankYou,2026-09-16 07:14:45.347404,1,,,611.11,3,,0.0,M_no_W_no,,,,,,,,,,,0,0,135,135,,,,,,,,,,,,,,,,,,,2,1,"2, 6",3,0.0,0.0,0.0,0.0,0.0,0,-1,0,0,0,1,150.0,135.0,0,1,0.0,0.0,87.5,75.0,70.0,50.0,Down,Down,25,50,60,100,55.8743961352657,52.10828025477707,53.29113924050633,50.91025641025641,16,ckhtfa5u,,,,,0
4,znk2pevv,,0,587,587,FinalPage,ThankYou,2026-09-16 07:14:45.967994,1,,,500.0,4,,0.0,M_no_W_no,,,,,,,,,,,0,0,110,110,,,,,,,,,,,,,,,,,,,2,1,"2, 6",3,0.0,0.0,0.0,0.0,0.0,0,-1,-1,0,0,1,150.0,135.0,0,1,0.0,0.0,87.5,75.0,70.0,50.0,Down,Down,25,50,60,100,55.8743961352657,52.10828025477707,53.29113924050633,50.91025641025641,16,ckhtfa5u,,,,,0
5,rv5b38em,,0,587,587,FinalPage,ThankYou,2026-09-16 07:14:46.164104,1,,,444.44,5,,0.0,M_no_W_no,,,,,,,,,,,0,0,200,200,,,,,,,,,,,,,,,,,,,2,1,"2, 6",3,0.0,0.0,0.0,0.0,0.0,0,1,1,0,0,1,150.0,135.0,0,1,0.0,0.0,87.5,75.0,70.0,50.0,Down,Down,25,50,60,100,55.8743961352657,52.10828025477707,53.29113924050633,50.91025641025641,16,ckhtfa5u,,,,,0
6,z7t2lpyk,,0,587,587,FinalPage,ThankYou,2026-09-16 07:14:46.247250,1,,,666.67,1,,0.0,M_no_W_no,,,,,,,,,,,0,0,116,111,,,,,,,,,,,,,,,,,,,2,1,"2, 6",3,0.0,0.0,0.0,0.0,0.0,0,0,0,0,0,2,116.0,111.0,1,0,0.0,0.0,75.0,175.0,65.0,100.0,Down,Up,50,75,0,70,55.8743961352657,52.10828025477707,53.29113924050633,50.91025641025641,16,ckhtfa5u,,,,,0
7,dwx0my9x,,0,587,587,FinalPage,ThankYou,2026-09-16 07:14:46.305699,1,,,1166.67,2,,0.0,M_no_W_no,,,,,,,,,,,0,0,111,110,,,,,,,,,,,,,,,,,,,2,1,"2, 6",3,0.0,0.0,0.0,0.0,0.0,0,-1,-1,0,0,2,116.0,111.0,1,0,0.0,0.0,75.0,175.0,65.0,100.0,Down,Up,50,75,0,70,55.8743961352657,52.10828025477707,53.29113924050633,50.91025641025641,16,ckhtfa5u,,,,,0
8,uhxz6pjz,,0,587,587,FinalPage,ThankYou,2026-09-16 07:14:46.338399,1,,,1388.89,3,,0.0,M_no_W_no,,,,,,,,,,,0,0,120,115,,,,,,,,,,,,,,,,,,,2,1,"2, 6",3,0.0,0.0,0.0,0.0,0.0,0,1,1,0,0,2,116.0,111.0,1,0,0.0,0.0,75.0,175.0,65.0,100.0,Down,Up,50,75,0,70,55.8743961352657,52.10828025477707,53.29113924050633,50.91025641025641,16,ckhtfa5u,,,,,0
9,r39x605k,,0,587,587,FinalPage,ThankYou,2026-09-16 07:14:46.369519,1,,,55.56,4,,0.0,M_no_W_no,,,,,,,,,,,0,0,130,130,,,,,,,,,,,,,,,,,,,2,1,"2, 6",3,0.0,0.0,0.0,0.0,0.0,0,1,1,0,0,2,116.0,111.0,1,0,0.0,0.0,75.0,175.0,65.0,100.0,Down,Up,50,75,0,70,55.8743961352657,52.10828025477707,53.29113924050633,50.91025641025641,16,ckhtfa5u,,,,,0
10,yhliw46v,,0,587,587,FinalPage,ThankYou,2026-09-16 07:14:46.359571,1,,,277.78,5,,0.0,M_no_W_no,,,,,,,,,,,0,0,110,110,,,,,,,,,,,,,,,,,,,2,1,"2, 6",3,0.0,0.0,0.0,0.0,0.0,0,-1,-1,0,0,2,116.0,111.0,1,0,0.0,0.0,75.0,175.0,65.0,100.0,Down,Up,50,75,0,70,55.8743961352657,52.10828025477707,53.29113924050633,50.91025641025641,16,ckhtfa5u,,,,,0
11,7abl389c,,0,587,587,FinalPage,ThankYou,2026-09-16 07:14:46.377075,1,,,666.67,1,,0.0,M_no_W_no,,,,,,,,,,,0,0,3,3,,,,,,,,,,,,,,,,,,,2,1,"2, 6",3,0.0,0.0,0.0,0.0,0.0,0,-1,-1,0,0,3,212.0,245.0,0,0,0.0,0.0,150.0,120.0,180.0,120.0,Up,Up,50,20,20,80,55.8743961352657,52.10828025477707,53.29113924050633,50.91025641025641,16,ckhtfa5u,,,,,0
12,6kns3oml,,0,587,587,FinalPage,ThankYou,2026-09-16 07:14:46.391218,1,,,1000.0,2,,0.0,M_no_W_no,,,,,,,,,,,0,0,300,300,,,,,,,,,,,,,,,,,,,2,1,"2, 6",3,0.0,0.0,0.0,0.0,0.0,0,1,1,0,0,3,212.0,245.0,0,0,0.0,0.0,150.0,120.0,180.0,120.0,Up,Up,50,20,20,80,55.8743961352657,52.10828025477707,53.29113924050633,50.91025641025641,16,ckhtfa5u,,,,,0
13,pp2e4xx5,,0,587,587,FinalPage,ThankYou,2026-09-16 07:14:46.398329,1,,,1333.33,3,,0.0,M_no_W_no,,,,,,,,,,,0,0,212,245,,,,,,,,,,,,,,,,,,,2,1,"2, 6",3,0.0,0.0,0.0,0.0,0.0,0,0,0,0,0,3,212.0,245.0,0,0,0.0,0.0,150.0,120.0,180.0,120.0,Up,Up,50,20,20,80,55.8743961352657,52.10828025477707,53.29113924050633,50.91025641025641,16,ckhtfa5u,,,,,0
14,jid9ui4f,,0,587,587,FinalPage,ThankYou,2026-09-16 07:14:46.405738,1,,,1055.56,4,,0.0,M_no_W_no,,,,,,,,,,,0,0,250,300,,,,,,,,,,,,,,,,,,,2,1,"2, 6",3,0.0,0.0,0.0,0.0,0.0,0,1,1,0,0,3,212.0,245.0,0,0,0.0,0.0,150.0,120.0,180.0,120.0,Up,Up,50,20,20,80,55.8743961352657,52.10828025477707,53.29113924050633,50.91025641025641,16,ckhtfa5u,,,,,0
15,grwzfvbr,,0,587,587,FinalPage,ThankYou,2026-09-16 07:14:46.413971,1,,,1166.67,5,,0.0,M_no_W_no,,,,,,,,,,,0,0,200,200,,,,,,,,,,,,,,,,,,,2,1,"2, 6",3,0.0,0.0,0.0,0.0,0.0,0,-1,-1,0,0,3,212.0,245.0,0,0,0.0,0.0,150.0,120.0,180.0,120.0,Up,Up,50,20,20,80,55.8743961352657,52.10828025477707,53.29113924050633,50.91025641025641,16,ckhtfa5u,,,,,0
16,yxcpp681,,0,587,587,FinalPage,ThankYou,2026-09-16 07:14:46.537902,1,,,1444.44,1,,0.0,M_no_W_no,,,,,,,,,,,0,0,195,120,,,,,,,,,,,,,,,,,,,2,1,"2, 6",3,0.0,0.0,0.0,0.0,0.0,0,-1,1,0,0,4,200.0,100.0,1,0,0.0,0.0,175.0,200.0,130.0,170.0,Up,Up,75,100,70,30,55.8743961352657,52.10828025477707,53.29113924050633,50.91025641025641,16,ckhtfa5u,,,,,0
17,09bse981,,0,587,587,FinalPage,ThankYou,2026-09-16 07:14:46.585925,1,,,833.33,2,,0.0,M_no_W_no,,,,,,,,,,,0,0,300,80,,,,,,,,,,,,,,,,,,,2,1,"2, 6",3,0.0,0.0,0.0,0.0,0.0,0,1,-1,0,0,4,200.0,100.0,1,0,0.0,0.0,175.0,200.0,130.0,170.0,Up,Up,75,100,70,30,55.8743961352657,52.10828025477707,53.29113924050633,50.91025641025641,16,ckhtfa5u,,,,,0
18,2p0bevly,,0,587,587,FinalPage,ThankYou,2026-09-16 07:14:46.888819,1,,,888.89,3,,0.0,M_no_W_no,,,,,,,,,,,0,0,200,125,,,,,,,,,,,,,,,,,,,2,1,"2, 6",3,0.0,0.0,0.0,0.0,0.0,0,0,1,0,0,4,200.0,100.0,1,0,0.0,0.0,175.0,200.0,130.0,170.0,Up,Up,75,100,70,30,55.8743961352657,52.10828025477707,53.29113924050633,50.91025641025641,16,ckhtfa5u,,,,,0
19,raavz353,,0,587,587,FinalPage,ThankYou,2026-09-16 07:14:46.924962,1,,,1055.56,4,,0.0,M_no_W_no,,,,,,,,,,,0,0,50,100,,,,,,,,,,,,,,,,,,,2,1,"2, 6",3,0.0,0.0,0.0,0.0,0.0,0,-1,-1,0,0,4,200.0,100.0,1,0,0.0,0.0,175.0,200.0,130.0,170.0,Up,Up,75,100,70,30,55.8743961352657,52.10828025477707,53.29113924050633,50.91025641025641,16,ckhtfa5u,,,,,0
20,6rdutaoz,,0,587,587,FinalPage,ThankYou,2026-09-16 07:14:46.739461,1,,,1333.33,5,,0.0,M_no_W_no,,,,,,,,,,,0,0,210,100,,,,,,,,,,,,,,,,,,,2,1,"2, 6",3,0.0,0.0,0.0,0.0,0.0,0,1,0,0,0,4,200.0,100.0,1,0,0.0,0.0,175.0,200.0,130.0,170.0,Up,Up,75,100,70,30,55.8743961352657,52.10828025477707,53.29113924050633,50.91025641025641,16,ckhtfa5u,,,,,0
21,21anldsa,,0,587,587,FinalPage,ThankYou,2026-09-16 07:14:46.764965,1,,,1000.0,1,,0.0,M_no_W_no,,,,,,,,,,,0,0,150,450,,,,,,,,,,,,,,,,,,,2,1,"2, 6",3,0.0,0.0,0.0,0.0,0.0,0,-1,1,0,0,5,150.0,400.0,0,1,0.0,0.0,92.5,75.0,70.0,75.0,Down,Down,15,50,60,50,55.8743961352657,52.10828025477707,53.29113924050633,50.91025641025641,16,ckhtfa5u,,,,,0
22,3mjtjuou,,0,587,587,FinalPage,ThankYou,2026-09-16 07:14:47.087780,1,,,555.56,2,,0.0,M_no_W_no,,,,,,,,,,,0,0,150,400,,,,,,,,,,,,,,,,,,,2,1,"2, 6",3,0.0,0.0,0.0,0.0,0.0,0,0,0,0,0,5,150.0,400.0,0,1,0.0,0.0,92.5,75.0,70.0,75.0,Down,Down,15,50,60,50,55.8743961352657,52.10828025477707,53.29113924050633,50.91025641025641,16,ckhtfa5u,,,,,0
23,5jtwpe9d,,0,587,587,FinalPage,ThankYou,2026-09-16 07:14:47.162759,1,,,333.33,3,,0.0,M_no_W_no,,,,,,,,,,,0,0,150,400,,,,,,,,,,,,,,,,,,,2,1,"2, 6",3,0.0,0.0,0.0,0.0,0.0,0,-1,-1,0,0,5,150.0,400.0,0,1,0.0,0.0,92.5,75.0,70.0,75.0,Down,Down,15,50,60,50,55.8743961352657,52.10828025477707,53.29113924050633,50.91025641025641,16,ckhtfa5u,,,,,0
24,s16bmsk2,,0,587,587,FinalPage,ThankYou,2026-09-16 07:14:47.283007,1,,,666.67,4,,0.0,M_no_W_no,,,,,,,,,,,0,0,150,400,,,,,,,,,,,,,,,,,,,2,1,"2, 6",3,0.0,0.0,0.0,0.0,0.0,0,1,1,0,0,5,150.0,400.0,0,1,0.0,0.0,92.5,75.0,70.0,75.0,Down,Down,15,50,60,50,55.8743961352657,52.10828025477707,53.29113924050633,50.91025641025641,16,ckhtfa5u,,,,,0
25,sjw641j3,,0,587,587,FinalPage,ThankYou,2026-09-16 07:14:49.282695,1,,,277.78,5,,0.0,M_no_W_no,,,,,,,,,,,0,0,401,151,,,,,,,,,,,,,,,,,,,2,1,"2, 6",3,0.0,0.0,0.0,0.0,0.0,0,1,-1,0,0,5,150.0,400.0,0,1,0.0,0.0,92.5,75.0,70.0,75.0,Down,Down,15,50,60,50,55.8743961352657,52.10828025477707,53.29113924050633,50.91025641025641,16,ckhtfa5u,,,,,0
1,msd1f2iu,,0,587,587,FinalPage,ThankYou,2026-09-16 07:14:45.221358,1,,,388.89,1,,0.0,M_no_W_no,,,,,,,,,,,0,0,155,135,,,,,,,,,,,,,,,,,,,2,1,"2, 6",3,0.0,0.0,0.0,0.0,0.0,0,1,0,0,0,1,150.0,135.0,0,1,0.0,0.0,87.5,75.0,70.0,50.0,Down,Down,25,50,60,100,55.8743961352657,52.10828025477707,53.29113924050633,50.91025641025641,17,ckhtfa5u,,,,,0
2,omrf04k4,,0,587,587,FinalPage,ThankYou,2026-09-16 07:14:45.274669,1,,,388.89,2,,0.0,M_no_W_no,,,,,,,,,,,0,0,150,150,,,,,,,,,,,,,,,,,,,2,1,"2, 6",3,0.0,0.0,0.0,0.0,0.0,0,0,1,0,0,1,150.0,135.0,0,1,0.0,0.0,87.5,75.0,70.0,50.0,Down,Down,25,50,60,100,55.8743961352657,52.10828025477707,53.29113924050633,50.91025641025641,17,ckhtfa5u,,,,,0
3,duzxv1is,,0,587,587,FinalPage,ThankYou,2026-09-16 07:14:45.347404,1,,,611.11,3,,0.0,M_no_W_no,,,,,,,,,,,0,0,135,132,,,,,,,,,,,,,,,,,,,2,1,"2, 6",3,0.0,0.0,0.0,0.0,0.0,0,-1,-1,0,0,1,150.0,135.0,0,1,0.0,0.0,87.5,75.0,70.0,50.0,Down,Down,25,50,60,100,55.8743961352657,52.10828025477707,53.29113924050633,50.91025641025641,17,ckhtfa5u,,,,,0
4,znk2pevv,,0,587,587,FinalPage,ThankYou,2026-09-16 07:14:45.967994,1,,,500.0,4,,0.0,M_no_W_no,,,,,,,,,,,0,0,110,110,,,,,,,,,,,,,,,,,,,2,1,"2, 6",3,0.0,0.0,0.0,0.0,0.0,0,-1,-1,0,0,1,150.0,135.0,0,1,0.0,0.0,87.5,75.0,70.0,50.0,Down,Down,25,50,60,100,55.8743961352657,52.10828025477707,53.29113924050633,50.91025641025641,17,ckhtfa5u,,,,,0
5,rv5b38em,,0,587,587,FinalPage,ThankYou,2026-09-16 07:14:46.164104,1,,,444.44,5,,0.0,M_no_W_no,,,,,,,,,,,0,0,200,200,,,,,,,,,,,,,,,,,,,2,1,"2, 6",3,0.0,0.0,0.0,0.0,0.0,0,1,1,0,0,1,150.0,135.0,0,1,0.0,0.0,87.5,75.0,70.0,50.0,Down,Down,25,50,60,100,55.8743961352657,52.10828025477707,53.29113924050633,50.91025641025641,17,ckhtfa5u,,,,,0
6,z7t2lpyk,,0,587,587,FinalPage,ThankYou,2026-09-16 07:14:46.247250,1,,,666.67,1,,0.0,M_no_W_no,,,,,,,,,,,0,0,117,112,,,,,,,,,,,,,,,,,,,2,1,"2, 6",3,0.0,0.0,0.0,0.0,0.0,0,0,0,0,0,2,117.0,112.0,1,0,0.0,0.0,75.0,175.0,65.0,100.0,Down,Up,50,75,0,70,55.8743961352657,52.10828025477707,53.29113924050633,50.91025641025641,17,ckhtfa5u,,,,,0
7,dwx0my9x,,0,587,587,FinalPage,ThankYou,2026-09-16 07:14:46.305699,1,,,1166.67,2,,0.0,M_no_W_no,,,,,,,,,,,0,0,108,110,,,,,,,,,,,,,,,,,,,2,1,"2, 6",3,0.0,0.0,0.0,0.0,0.0,0,-1,-1,0,0,2,117.0,112.0,1,0,0.0,0.0,75.0,175.0,65.0,100.0,Down,Up,50,75,0,70,55.8743961352657,52.10828025477707,53.29113924050633,50.91025641025641,17,ckhtfa5u,,,,,0
8,uhxz6pjz,,0,587,587,FinalPage,ThankYou,2026-09-16 07:14:46.338399,1,,,1388.89,3,,0.0,M_no_W_no,,,,,,,,,,,0,0,120,115,,,,,,,,,,,,,,,,,,,2,1,"2, 6",3,0.0,0.0,0.0,0.0,0.0,0,1,1,0,0,2,117.0,112.0,1,0,0.0,0.0,75.0,175.0,65.0,100.0,Down,Up,50,75,0,70,55.8743961352657,52.10828025477707,53.29113924050633,50.91025641025641,17,ckhtfa5u,,,,,0
9,r39x605k,,0,587,587,FinalPage,ThankYou,2026-09-16 07:14:46.369519,1,,,55.56,4,,0.0,M_no_W_no,,,,,,,,,,,0,0,130,130,,,,,,,,,,,,,,,,,,,2,1,"2, 6",3,0.0,0.0,0.0,0.0,0.0,0,1,1,0,0,2,117.0,112.0,1,0,0.0,0.0,75.0,175.0,65.0,100.0,Down,Up,50,75,0,70,55.8743961352657,52.10828025477707,53.29113924050633,50.91025641025641,17,ckhtfa5u,,,,,0
10,yhliw46v,,0,587,587,FinalPage,ThankYou,2026-09-16 07:14:46.359571,1,,,277.78,5,,0.0,M_no_W_no,,,,,,,,,,,0,0,116,111,,,,,,,,,,,,,,,,,,,2,1,"2, 6",3,0.0,0.0,0.0,0.0,0.0,0,-1,-1,0,0,2,117.0,112.0,1,0,0.0,0.0,75.0,175.0,65.0,100.0,Down,Up,50,75,0,70,55.8743961352657,52.10828025477707,53.29113924050633,50.91025641025641,17,ckhtfa5u,,,,,0
11,7abl389c,,0,587,587,FinalPage,ThankYou,2026-09-16 07:14:46.377075,1,,,666.67,1,,0.0,M_no_W_no,,,,,,,,,,,0,0,3,3,,,,,,,,,,,,,,,,,,,2,1,"2, 6",3,0.0,0.0,0.0,0.0,0.0,0,-1,-1,0,0,3,215.0,215.0,0,0,0.0,0.0,150.0,120.0,180.0,120.0,Up,Up,50,20,20,80,55.8743961352657,52.10828025477707,53.29113924050633,50.91025641025641,17,ckhtfa5u,,,,,0
12,6kns3oml,,0,587,587,FinalPage,ThankYou,2026-09-16 07:14:46.391218,1,,,1000.0,2,,0.0,M_no_W_no,,,,,,,,,,,0,0,150,150,,,,,,,,,,,,,,,,,,,2,1,"2, 6",3,0.0,0.0,0.0,0.0,0.0,0,-1,-1,0,0,3,215.0,215.0,0,0,0.0,0.0,150.0,120.0,180.0,120.0,Up,Up,50,20,20,80,55.8743961352657,52.10828025477707,53.29113924050633,50.91025641025641,17,ckhtfa5u,,,,,0
13,pp2e4xx5,,0,587,587,FinalPage,ThankYou,2026-09-16 07:14:46.398329,1,,,1333.33,3,,0.0,M_no_W_no,,,,,,,,,,,0,0,232,247,,,,,,,,,,,,,,,,,,,2,1,"2, 6",3,0.0,0.0,0.0,0.0,0.0,0,1,1,0,0,3,215.0,215.0,0,0,0.0,0.0,150.0,120.0,180.0,120.0,Up,Up,50,20,20,80,55.8743961352657,52.10828025477707,53.29113924050633,50.91025641025641,17,ckhtfa5u,,,,,0
14,jid9ui4f,,0,587,587,FinalPage,ThankYou,2026-09-16 07:14:46.405738,1,,,1055.56,4,,0.0,M_no_W_no,,,,,,,,,,,0,0,230,260,,,,,,,,,,,,,,,,,,,2,1,"2, 6",3,0.0,0.0,0.0,0.0,0.0,0,1,1,0,0,3,215.0,215.0,0,0,0.0,0.0,150.0,120.0,180.0,120.0,Up,Up,50,20,20,80,55.8743961352657,52.10828025477707,53.29113924050633,50.91025641025641,17,ckhtfa5u,,,,,0
15,grwzfvbr,,0,587,587,FinalPage,ThankYou,2026-09-16 07:14:46.413971,1,,,1166.67,5,,0.0,M_no_W_no,,,,,,,,,,,0,0,215,215,,,,,,,,,,,,,,,,,,,2,1,"2, 6",3,0.0,0.0,0.0,0.0,0.0,0,0,0,0,0,3,215.0,215.0,0,0,0.0,0.0,150.0,120.0,180.0,120.0,Up,Up,50,20,20,80,55.8743961352657,52.10828025477707,53.29113924050633,50.91025641025641,17,ckhtfa5u,,,,,0
16,yxcpp681,,0,587,587,FinalPage,ThankYou,2026-09-16 07:14:46.537902,1,,,1444.44,1,,0.0,M_no_W_no,,,,,,,,,,,0,0,195,80,,,,,,,,,,,,,,,,,,,2,1,"2, 6",3,0.0,0.0,0.0,0.0,0.0,0,-1,-1,0,0,4,201.0,80.0,1,0,0.0,0.0,175.0,200.0,130.0,170.0,Up,Up,75,100,70,30,55.8743961352657,52.10828025477707,53.29113924050633,50.91025641025641,17,ckhtfa5u,,,,,0
17,09bse981,,0,587,587,FinalPage,ThankYou,2026-09-16 07:14:46.585925,1,,,833.33,2,,0.0,M_no_W_no,,,,,,,,,,,0,0,250,80,,,,,,,,,,,,,,,,,,,2,1,"2, 6",3,0.0,0.0,0.0,0.0,0.0,0,1,0,0,0,4,201.0,80.0,1,0,0.0,0.0,175.0,200.0,130.0,170.0,Up,Up,75,100,70,30,55.8743961352657,52.10828025477707,53.29113924050633,50.91025641025641,17,ckhtfa5u,,,,,0
18,2p0bevly,,0,587,587,FinalPage,ThankYou,2026-09-16 07:14:46.888819,1,,,888.89,3,,0.0,M_no_W_no,,,,,,,,,,,0,0,201,95,,,,,,,,,,,,,,,,,,,2,1,"2, 6",3,0.0,0.0,0.0,0.0,0.0,0,0,1,0,0,4,201.0,80.0,1,0,0.0,0.0,175.0,200.0,130.0,170.0,Up,Up,75,100,70,30,55.8743961352657,52.10828025477707,53.29113924050633,50.91025641025641,17,ckhtfa5u,,,,,0
19,raavz353,,0,587,587,FinalPage,ThankYou,2026-09-16 07:14:46.924962,1,,,1055.56,4,,0.0,M_no_W_no,,,,,,,,,,,0,0,100,50,,,,,,,,,,,,,,,,,,,2,1,"2, 6",3,0.0,0.0,0.0,0.0,0.0,0,-1,-1,0,0,4,201.0,80.0,1,0,0.0,0.0,175.0,200.0,130.0,170.0,Up,Up,75,100,70,30,55.8743961352657,52.10828025477707,53.29113924050633,50.91025641025641,17,ckhtfa5u,,,,,0
20,6rdutaoz,,0,587,587,FinalPage,ThankYou,2026-09-16 07:14:46.739461,1,,,1333.33,5,,0.0,M_no_W_no,,,,,,,,,,,0,0,210,90,,,,,,,,,,,,,,,,,,,2,1,"2, 6",3,0.0,0.0,0.0,0.0,0.0,0,1,1,0,0,4,201.0,80.0,1,0,0.0,0.0,175.0,200.0,130.0,170.0,Up,Up,75,100,70,30,55.8743961352657,52.10828025477707,53.29113924050633,50.91025641025641,17,ckhtfa5u,,,,,0
21,21anldsa,,0,587,587,FinalPage,ThankYou,2026-09-16 07:14:46.764965,1,,,1000.0,1,,0.0,M_no_W_no,,,,,,,,,,,0,0,150,400,,,,,,,,,,,,,,,,,,,2,1,"2, 6",3,0.0,0.0,0.0,0.0,0.0,0,1,-1,0,0,5,150.0,400.0,0,1,0.0,0.0,92.5,75.0,70.0,75.0,Down,Down,15,50,60,50,55.8743961352657,52.10828025477707,53.29113924050633,50.91025641025641,17,ckhtfa5u,,,,,0
22,3mjtjuou,,0,587,587,FinalPage,ThankYou,2026-09-16 07:14:47.087780,1,,,555.56,2,,0.0,M_no_W_no,,,,,,,,,,,0,0,150,400,,,,,,,,,,,,,,,,,,,2,1,"2, 6",3,0.0,0.0,0.0,0.0,0.0,0,0,0,0,0,5,150.0,400.0,0,1,0.0,0.0,92.5,75.0,70.0,75.0,Down,Down,15,50,60,50,55.8743961352657,52.10828025477707,53.29113924050633,50.91025641025641,17,ckhtfa5u,,,,,0
23,5jtwpe9d,,0,587,587,FinalPage,ThankYou,2026-09-16 07:14:47.162759,1,,,333.33,3,,0.0,M_no_W_no,,,,,,,,,,,0,0,150,400,,,,,,,,,,,,,,,,,,,2,1,"2, 6",3,0.0,0.0,0.0,0.0,0.0,0,-1,1,0,0,5,150.0,400.0,0,1,0.0,0.0,92.5,75.0,70.0,75.0,Down,Down,15,50,60,50,55.8743961352657,52.10828025477707,53.29113924050633,50.91025641025641,17,ckhtfa5u,,,,,0
24,s16bmsk2,,0,587,587,FinalPage,ThankYou,2026-09-16 07:14:47.283007,1,,,666.67,4,,0.0,M_no_W_no,,,,,,,,,,,0,0,150,400,,,,,,,,,,,,,,,,,,,2,1,"2, 6",3,0.0,0.0,0.0,0.0,0.0,0,-1,-1,0,0,5,150.0,400.0,0,1,0.0,0.0,92.5,75.0,70.0,75.0,Down,Down,15,50,60,50,55.8743961352657,52.10828025477707,53.29113924050633,50.91025641025641,17,ckhtfa5u,,,,,0
25,sjw641j3,,0,587,587,FinalPage,ThankYou,2026-09-16 07:14:49.282695,1,,,277.78,5,,0.0,M_no_W_no,,,,,,,,,,,0,0,151,401,,,,,,,,,,,,,,,,,,,2,1,"2, 6",3,0.0,0.0,0.0,0.0,0.0,0,1,1,0,0,5,150.0,400.0,0,1,0.0,0.0,92.5,75.0,70.0,75.0,Down,Down,15,50,60,50,55.8743961352657,52.10828025477707,53.29113924050633,50.91025641025641,17,ckhtfa5u,,,,,0
1,msd1f2iu,,0,587,587,FinalPage,ThankYou,2026-09-16 07:14:45.221358,1,,,388.89,1,,0.0,M_no_W_no,,,,,,,,,,,0,0,130,140,,,,,,,,,,,,,,,,,,,2,1,"2, 6",3,0.0,0.0,0.0,0.0,0.0,0,-1,1,0,0,1,139.0,140.0,0,1,0.0,0.0,87.5,75.0,70.0,50.0,Down,Down,25,50,60,100,55.8743961352657,52.10828025477707,53.29113924050633,50.91025641025641,18,ckhtfa5u,,,,,0
2,omrf04k4,,0,587,587,FinalPage,ThankYou,2026-09-16 07:14:45.274669,1,,,388.89,2,,0.0,M_no_W_no,,,,,,,,,,,0,0,155,140,,,,,,,,,,,,,,,,,,,2,1,"2, 6",3,0.0,0.0,0.0,0.0,0.0,0,1,0,0,0,1,139.0,140.0,0,1,0.0,0.0,87.5,75.0,70.0,50.0,Down,Down,25,50,60,100,55.8743961352657,52.10828025477707,53.29113924050633,50.91025641025641,18,ckhtfa5u,,,,,0
3,duzxv1is,,0,587,587,FinalPage,ThankYou,2026-09-16 07:14:45.347404,1,,,611.11,3,,0.0,M_no_W_no,,,,,,,,,,,0,0,139,129,,,,,,,,,,,,,,,,,,,2,1,"2, 6",3,0.0,0.0,0.0,0.0,0.0,0,0,-1,0,0,1,139.0,140.0,0,1,0.0,0.0,87.5,75.0,70.0,50.0,Down,Down,25,50,60,100,55.8743961352657,52.10828025477707,53.29113924050633,50.91025641025641,18,ckhtfa5u,,,,,0
4,znk2pevv,,0,587,587,FinalPage,ThankYou,2026-09-16 07:14:45.967994,1,,,500.0,4,,0.0,M_no_W_no,,,,,,,,,,,0,0,110,110,,,,,,,,,,,,,,,,,,,2,1,"2, 6",3,0.0,0.0,0.0,0.0,0.0,0,-1,-1,0,0,1,139.0,140.0,0,1,0.0,0.0,87.5,75.0,70.0,50.0,Down,Down,25,50,60,100,55.8743961352657,52.10828025477707,53.29113924050633,50.91025641025641,18,ckhtfa5u,,,,,0
5,rv5b38em,,0,587,587,FinalPage,ThankYou,2026-09-16 07:14:46.164104,1,,,444.44,5,,0.0,M_no_W_no,,,,,,,,,,,0,0,200,200,,,,,,,,,,,,,,,,,,,2,1,"2, 6",3,0.0,0.0,0.0,0.0,0.0,0,1,1,0,0,1,139.0,140.0,0,1,0.0,0.0,87.5,75.0,70.0,50.0,Down,Down,25,50,60,100,55.8743961352657,52.10828025477707,53.29113924050633,50.91025641025641,18,ckhtfa5u,,,,,0
6,z7t2lpyk,,0,587,587,FinalPage,ThankYou,2026-09-16 07:14:46.247250,1,,,666.67,1,,0.0,M_no_W_no,,,,,,,,,,,0,0,118,113,,,,,,,,,,,,,,,,,,,2,1,"2, 6",3,0.0,0.0,0.0,0.0,0.0,0,-1,-1,0,0,2,118.0,113.0,1,0,0.0,0.0,75.0,175.0,65.0,100.0,Down,Up,50,75,0,70,55.8743961352657,52.10828025477707,53.29113924050633,50.91025641025641,18,ckhtfa5u,,,,,0
7,dwx0my9x,,0,587,587,FinalPage,ThankYou,2026-09-16 07:14:46.305699,1,,,1166.67,2,,0.0,M_no_W_no,,,,,,,,,,,0,0,108,110,,,,,,,,,,,,,,,,,,,2,1,"2, 6",3,0.0,0.0,0.0,0.0,0.0,0,-1,-1,0,0,2,118.0,113.0,1,0,0.0,0.0,75.0,175.0,65.0,100.0,Down,Up,50,75,0,70,55.8743961352657,52.10828025477707,53.29113924050633,50.91025641025641,18,ckhtfa5u,,,,,0
8,uhxz6pjz,,0,587,587,FinalPage,ThankYou,2026-09-16 07:14:46.338399,1,,,1388.89,3,,0.0,M_no_W_no,,,,,,,,,,,0,0,125,120,,,,,,,,,,,,,,,,,,,2,1,"2, 6",3,0.0,0.0,0.0,0.0,0.0,0,1,1,0,0,2,118.0,113.0,1,0,0.0,0.0,75.0,175.0,65.0,100.0,Down,Up,50,75,0,70,55.8743961352657,52.10828025477707,53.29113924050633,50.91025641025641,18,ckhtfa5u,,,,,0
9,r39x605k,,0,587,587,FinalPage,ThankYou,2026-09-16 07:14:46.369519,1,,,55.56,4,,0.0,M_no_W_no,,,,,,,,,,,0,0,130,130,,,,,,,,,,,,,,,,,,,2,1,"2, 6",3,0.0,0.0,0.0,0.0,0.0,0,1,1,0,0,2,118.0,113.0,1,0,0.0,0.0,75.0,175.0,65.0,100.0,Down,Up,50,75,0,70,55.8743961352657,52.10828025477707,53.29113924050633,50.91025641025641,18,ckhtfa5u,,,,,0
10,yhliw46v,,0,587,587,FinalPage,ThankYou,2026-09-16 07:14:46.359571,1,,,277.78,5,,0.0,M_no_W_no,,,,,,,,,,,0,0,118,113,,,,,,,,,,,,,,,,,,,2,1,"2, 6",3,0.0,0.0,0.0,0.0,0.0,0,0,0,0,0,2,118.0,113.0,1,0,0.0,0.0,75.0,175.0,65.0,100.0,Down,Up,50,75,0,70,55.8743961352657,52.10828025477707,53.29113924050633,50.91025641025641,18,ckhtfa5u,,,,,0
11,7abl389c,,0,587,587,FinalPage,ThankYou,2026-09-16 07:14:46.377075,1,,,666.67,1,,0.0,M_no_W_no,,,,,,,,,,,0,0,3,3,,,,,,,,,,,,,,,,,,,2,1,"2, 6",3,0.0,0.0,0.0,0.0,0.0,0,-1,-1,0,0,3,200.0,200.0,0,0,0.0,0.0,150.0,120.0,180.0,120.0,Up,Up,50,20,20,80,55.8743961352657,52.10828025477707,53.29113924050633,50.91025641025641,18,ckhtfa5u,,,,,0
12,6kns3oml,,0,587,587,FinalPage,ThankYou,2026-09-16 07:14:46.391218,1,,,1000.0,2,,0.0,M_no_W_no,,,,,,,,,,,0,0,200,200,,,,,,,,,,,,,,,,,,,2,1,"2, 6",3,0.0,0.0,0.0,0.0,0.0,0,-1,0,0,0,3,200.0,200.0,0,0,0.0,0.0,150.0,120.0,180.0,120.0,Up,Up,50,20,20,80,55.8743961352657,52.10828025477707,53.29113924050633,50.91025641025641,18,ckhtfa5u,,,,,0
13,pp2e4xx5,,0,587,587,FinalPage,ThankYou,2026-09-16 07:14:46.398329,1,,,1333.33,3,,0.0,M_no_W_no,,,,,,,,,,,0,0,210,210,,,,,,,,,,,,,,,,,,,2,1,"2, 6",3,0.0,0.0,0.0,0.0,0.0,0,1,1,0,0,3,200.0,200.0,0,0,0.0,0.0,150.0,120.0,180.0,120.0,Up,Up,50,20,20,80,55.8743961352657,52.10828025477707,53.29113924050633,50.91025641025641,18,ckhtfa5u,,,,,0
14,jid9ui4f,,0,587,587,FinalPage,ThankYou,2026-09-16 07:14:46.405738,1,,,1055.56,4,,0.0,M_no_W_no,,,,,,,,,,,0,0,200,200,,,,,,,,,,,,,,,,,,,2,1,"2, 6",3,0.0,0.0,0.0,0.0,0.0,0,0,-1,0,0,3,200.0,200.0,0,0,0.0,0.0,150.0,120.0,180.0,120.0,Up,Up,50,20,20,80,55.8743961352657,52.10828025477707,53.29113924050633,50.91025641025641,18,ckhtfa5u,,,,,0
15,grwzfvbr,,0,587,587,FinalPage,ThankYou,2026-09-16 07:14:46.413971,1,,,1166.67,5,,0.0,M_no_W_no,,,,,,,,,,,0,0,215,215,,,,,,,,,,,,,,,,,,,2,1,"2, 6",3,0.0,0.0,0.0,0.0,0.0,0,1,1,0,0,3,200.0,200.0,0,0,0.0,0.0,150.0,120.0,180.0,120.0,Up,Up,50,20,20,80,55.8743961352657,52.10828025477707,53.29113924050633,50.91025641025641,18,ckhtfa5u,,,,,0
16,yxcpp681,,0,587,587,FinalPage,ThankYou,2026-09-16 07:14:46.537902,1,,,1444.44,1,,0.0,M_no_W_no,,,,,,,,,,,0,0,200,80,,,,,,,,,,,,,,,,,,,2,1,"2, 6",3,0.0,0.0,0.0,0.0,0.0,0,-1,1,0,0,4,202.0,75.0,1,0,0.0,0.0,175.0,200.0,130.0,170.0,Up,Up,75,100,70,30,55.8743961352657,52.10828025477707,53.29113924050633,50.91025641025641,18,ckhtfa5u,,,,,0
17,09bse981,,0,587,587,FinalPage,ThankYou,2026-09-16 07:14:46.585925,1,,,833.33,2,,0.0,M_no_W_no,,,,,,,,,,,0,0,210,80,,,,,,,,,,,,,,,,,,,2,1,"2, 6",3,0.0,0.0,0.0,0.0,0.0,0,1,1,0,0,4,202.0,75.0,1,0,0.0,0.0,175.0,200.0,130.0,170.0,Up,Up,75,100,70,30,55.8743961352657,52.10828025477707,53.29113924050633,50.91025641025641,18,ckhtfa5u,,,,,0
18,2p0bevly,,0,587,587,FinalPage,ThankYou,2026-09-16 07:14:46.888819,1,,,888.89,3,,0.0,M_no_W_no,,,,,,,,,,,0,0,202,75,,,,,,,,,,,,,,,,,,,2,1,"2, 6",3,0.0,0.0,0.0,0.0,0.0,0,0,0,0,0,4,202.0,75.0,1,0,0.0,0.0,175.0,200.0,130.0,170.0,Up,Up,75,100,70,30,55.8743961352657,52.10828025477707,53.29113924050633,50.91025641025641,18,ckhtfa5u,,,,,0
19,raavz353,,0,587,587,FinalPage,ThankYou,2026-09-16 07:14:46.924962,1,,,1055.56,4,,0.0,M_no_W_no,,,,,,,,,,,0,0,150,60,,,,,,,,,,,,,,,,,,,2,1,"2, 6",3,0.0,0.0,0.0,0.0,0.0,0,-1,-1,0,0,4,202.0,75.0,1,0,0.0,0.0,175.0,200.0,130.0,170.0,Up,Up,75,100,70,30,55.8743961352657,52.10828025477707,53.29113924050633,50.91025641025641,18,ckhtfa5u,,,,,0
20,6rdutaoz,,0,587,587,FinalPage,ThankYou,2026-09-16 07:14:46.739461,1,,,1333.33,5,,0.0,M_no_W_no,,,,,,,,,,,0,0,210,65,,,,,,,,,,,,,,,,,,,2,1,"2, 6",3,0.0,0.0,0.0,0.0,0.0,0,1,-1,0,0,4,202.0,75.0,1,0,0.0,0.0,175.0,200.0,130.0,170.0,Up,Up,75,100,70,30,55.8743961352657,52.10828025477707,53.29113924050633,50.91025641025641,18,ckhtfa5u,,,,,0
21,21anldsa,,0,587,587,FinalPage,ThankYou,2026-09-16 07:14:46.764965,1,,,1000.0,1,,0.0,M_no_W_no,,,,,,,,,,,0,0,150,400,,,,,,,,,,,,,,,,,,,2,1,"2, 6",3,0.0,0.0,0.0,0.0,0.0,0,-1,0,0,0,5,150.0,400.0,0,1,0.0,0.0,92.5,75.0,70.0,75.0,Down,Down,15,50,60,50,55.8743961352657,52.10828025477707,53.29113924050633,50.91025641025641,18,ckhtfa5u,,,,,0
22,3mjtjuou,,0,587,587,FinalPage,ThankYou,2026-09-16 07:14:47.087780,1,,,555.56,2,,0.0,M_no_W_no,,,,,,,,,,,0,0,150,400,,,,,,,,,,,,,,,,,,,2,1,"2, 6",3,0.0,0.0,0.0,0.0,0.0,0,1,-1,0,0,5,150.0,400.0,0,1,0.0,0.0,92.5,75.0,70.0,75.0,Down,Down,15,50,60,50,55.8743961352657,52.10828025477707,53.29113924050633,50.91025641025641,18,ckhtfa5u,,,,,0
23,5jtwpe9d,,0,587,587,FinalPage,ThankYou,2026-09-16 07:14:47.162759,1,,,333.33,3,,0.0,M_no_W_no,,,,,,,,,,,0,0,150,400,,,,,,,,,,,,,,,,,,,2,1,"2, 6",3,0.0,0.0,0.0,0.0,0.0,0,-1,-1,0,0,5,150.0,400.0,0,1,0.0,0.0,92.5,75.0,70.0,75.0,Down,Down,15,50,60,50,55.8743961352657,52.10828025477707,53.29113924050633,50.91025641025641,18,ckhtfa5u,,,,,0
24,s16bmsk2,,0,587,587,FinalPage,ThankYou,2026-09-16 07:14:47.283007,1,,,666.67,4,,0.0,M_no_W_no,,,,,,,,,,,0,0,150,400,,,,,,,,,,,,,,,,,,,2,1,"2, 6",3,0.0,0.0,0.0,0.0,0.0,0,0,1,0,0,5,150.0,400.0,0,1,0.0,0.0,92.5,75.0,70.0,75.0,Down,Down,15,50,60,50,55.8743961352657,52.10828025477707,53.29113924050633,50.91025641025641,18,ckhtfa5u,,,,,0
25,sjw641j3,,0,587,587,FinalPage,ThankYou,2026-09-16 07:14:49.282695,1,,,277.78,5,,0.0,M_no_W_no,,,,,,,,,,,0,0,151,401,,,,,,,,,,,,,,,,,,,2,1,"2, 6",3,0.0,0.0,0.0,0.0,0.0,0,1,1,0,0,5,150.0,400.0,0,1,0.0,0.0,92.5,75.0,70.0,75.0,Down,Down,15,50,60,50,55.8743961352657,52.10828025477707,53.29113924050633,50.91025641025641,18,ckhtfa5u,,,,,0
1,msd1f2iu,,0,587,587,FinalPage,ThankYou,2026-09-16 07:14:45.221358,1,,,388.89,1,,0.0,M_no_W_no,,,,,,,,,,,0,0,150,135,,,,,,,,,,,,,,,,,,,2,1,"2, 6",3,0.0,0.0,0.0,0.0,0.0,0,0,0,0,0,1,150.0,135.0,0,1,0.0,0.0,87.5,75.0,70.0,50.0,Down,Down,25,50,60,100,55.8743961352657,52.10828025477707,53.29113924050633,50.91025641025641,19,ckhtfa5u,,,,,0
2,omrf04k4,,0,587,587,FinalPage,ThankYou,2026-09-16 07:14:45.274669,1,,,388.89,2,,0.0,M_no_W_no,,,,,,,,,,,0,0,155,155,,,,,,,,,,,,,,,,,,,2,1,"2, 6",3,0.0,0.0,0.0,0.0,0.0,0,1,1,0,0,1,150.0,135.0,0,1,0.0,0.0,87.5,75.0,70.0,50.0,Down,Down,25,50,60,100,55.8743961352657,52.10828025477707,53.29113924050633,50.91025641025641,19,ckhtfa5u,,,,,0
3,duzxv1is,,0,587,587,FinalPage,ThankYou,2026-09-16 07:14:45.347404,1,,,611.11,3,,0.0,M_no_W_no,,,,,,,,,,,0,0,129,129,,,,,,,,,,,,,,,,,,,2,1,"2, 6",3,0.0,0.0,0.0,0.0,0.0,0,-1,-1,0,0,1,150.0,135.0,0,1,0.0,0.0,87.5,75.0,70.0,50.0,Down,Down,25,50,60,100,55.8743961352657,52.10828025477707,53.29113924050633,50.91025641025641,19,ckhtfa5u,,,,,0
4,znk2pevv,,0,587,587,FinalPage,ThankYou,2026-09-16 07:14:45.967994,1,,,500.0,4,,0.0,M_no_W_no,,,,,,,,,,,0,0,110,110,,,,,,,,,,,,,,,,,,,2,1,"2, 6",3,0.0,0.0,0.0,0.0,0.0,0,-1,-1,0,0,1,150.0,135.0,0,1,0.0,0.0,87.5,75.0,70.0,50.0,Down,Down,25,50,60,100,55.8743961352657,52.10828025477707,53.29113924050633,50.91025641025641,19,ckhtfa5u,,,,,0
5,rv5b38em,,0,587,587,FinalPage,ThankYou,2026-09-16 07:14:46.164104,1,,,444.44,5,,0.0,M_no_W_no,,,,,,,,,,,0,0,200,200,,,,,,,,,,,,,,,,,,,2,1,"2, 6",3,0.0,0.0,0.0,0.0,0.0,0,1,1,0,0,1,150.0,135.0,0,1,0.0,0.0,87.5,75.0,70.0,50.0,Down,Down,25,50,60,100,55.8743961352657,52.10828025477707,53.29113924050633,50.91025641025641,19,ckhtfa5u,,,,,0
6,z7t2lpyk,,0,587,587,FinalPage,ThankYou,2026-09-16 07:14:46.247250,1,,,666.67,1,,0.0,M_no_W_no,,,,,,,,,,,0,0,119,114,,,,,,,,,,,,,,,,,,,2,1,"2, 6",3,0.0,0.0,0.0,0.0,0.0,0,-1,0,0,0,2,120.0,114.0,1,0,0.0,0.0,75.0,175.0,65.0,100.0,Down,Up,50,75,0,70,55.8743961352657,52.10828025477707,53.29113924050633,50.91025641025641,19,ckhtfa5u,,,,,0
7,dwx0my9x,,0,587,587,FinalPage,ThankYou,2026-09-16 07:14:46.305699,1,,,1166.67,2,,0.0,M_no_W_no,,,,,,,,,,,0,0,110,110,,,,,,,,,,,,,,,,,,,2,1,"2, 6",3,0.0,0.0,0.0,0.0,0.0,0,-1,-1,0,0,2,120.0,114.0,1,0,0.0,0.0,75.0,175.0,65.0,100.0,Down,Up,50,75,0,70,55.8743961352657,52.10828025477707,53.29113924050633,50.91025641025641,19,ckhtfa5u,,,,,0
8,uhxz6pjz,,0,587,587,FinalPage,ThankYou,2026-09-16 07:14:46.338399,1,,,1388.89,3,,0.0,M_no_W_no,,,,,,,,,,,0,0,120,116,,,,,,,,,,,,,,,,,,,2,1,"2, 6",3,0.0,0.0,0.0,0.0,0.0,0,0,1,0,0,2,120.0,114.0,1,0,0.0,0.0,75.0,175.0,65.0,100.0,Down,Up,50,75,0,70,55.8743961352657,52.10828025477707,53.29113924050633,50.91025641025641,19,ckhtfa5u,,,,,0
9,r39x605k,,0,587,587,FinalPage,ThankYou,2026-09-16 07:14:46.369519,1,,,55.56,4,,0.0,M_no_W_no,,,,,,,,,,,0,0,130,130,,,,,,,,,,,,,,,,,,,2,1,"2, 6",3,0.0,0.0,0.0,0.0,0.0,0,1,1,0,0,2,120.0,114.0,1,0,0.0,0.0,75.0,175.0,65.0,100.0,Down,Up,50,75,0,70,55.8743961352657,52.10828025477707,53.29113924050633,50.91025641025641,19,ckhtfa5u,,,,,0
10,yhliw46v,,0,587,587,FinalPage,ThankYou,2026-09-16 07:14:46.359571,1,,,277.78,5,,0.0,M_no_W_no,,,,,,,,,,,0,0,120,113,,,,,,,,,,,,,,,,,,,2,1,"2, 6",3,0.0,0.0,0.0,0.0,0.0,0,1,-1,0,0,2,120.0,114.0,1,0,0.0,0.0,75.0,175.0,65.0,100.0,Down,Up,50,75,0,70,55.8743961352657,52.10828025477707,53.29113924050633,50.91025641025641,19,ckhtfa5u,,,,,0
11,7abl389c,,0,587,587,FinalPage,ThankYou,2026-09-16 07:14:46.377075,1,,,666.67,1,,0.0,M_no_W_no,,,,,,,,,,,0,0,3,3,,,,,,,,,,,,,,,,,,,2,1,"2, 6",3,0.0,0.0,0.0,0.0,0.0,0,-1,-1,0,0,3,185.0,188.0,0,0,0.0,0.0,150.0,120.0,180.0,120.0,Up,Up,50,20,20,80,55.8743961352657,52.10828025477707,53.29113924050633,50.91025641025641,19,ckhtfa5u,,,,,0
12,6kns3oml,,0,587,587,FinalPage,ThankYou,2026-09-16 07:14:46.391218,1,,,1000.0,2,,0.0,M_no_W_no,,,,,,,,,,,0,0,150,150,,,,,,,,,,,,,,,,,,,2,1,"2, 6",3,0.0,0.0,0.0,0.0,0.0,0,-1,-1,0,0,3,185.0,188.0,0,0,0.0,0.0,150.0,120.0,180.0,120.0,Up,Up,50,20,20,80,55.8743961352657,52.10828025477707,53.29113924050633,50.91025641025641,19,ckhtfa5u,,,,,0
13,pp2e4xx5,,0,587,587,FinalPage,ThankYou,2026-09-16 07:14:46.398329,1,,,1333.33,3,,0.0,M_no_W_no,,,,,,,,,,,0,0,185,188,,,,,,,,,,,,,,,,,,,2,1,"2, 6",3,0.0,0.0,0.0,0.0,0.0,0,0,0,0,0,3,185.0,188.0,0,0,0.0,0.0,150.0,120.0,180.0,120.0,Up,Up,50,20,20,80,55.8743961352657,52.10828025477707,53.29113924050633,50.91025641025641,19,ckhtfa5u,,,,,0
14,jid9ui4f,,0,587,587,FinalPage,ThankYou,2026-09-16 07:14:46.405738,1,,,1055.56,4,,0.0,M_no_W_no,,,,,,,,,,,0,0,200,200,,,,,,,,,,,,,,,,,,,2,1,"2, 6",3,0.0,0.0,0.0,0.0,0.0,0,1,1,0,0,3,185.0,188.0,0,0,0.0,0.0,150.0,120.0,180.0,120.0,Up,Up,50,20,20,80,55.8743961352657,52.10828025477707,53.29113924050633,50.91025641025641,19,ckhtfa5u,,,,,0
15,grwzfvbr,,0,587,587,FinalPage,ThankYou,2026-09-16 07:14:46.413971,1,,,1166.67,5,,0.0,M_no_W_no,,,,,,,,,,,0,0,200,200,,,,,,,,,,,,,,,,,,,2,1,"2, 6",3,0.0,0.0,0.0,0.0,0.0,0,1,1,0,0,3,185.0,188.0,0,0,0.0,0.0,150.0,120.0,180.0,120.0,Up,Up,50,20,20,80,55.8743961352657,52.10828025477707,53.29113924050633,50.91025641025641,19,ckhtfa5u,,,,,0
16,yxcpp681,,0,587,587,FinalPage,ThankYou,2026-09-16 07:14:46.537902,1,,,1444.44,1,,0.0,M_no_W_no,,,,,,,,,,,0,0,200,75,,,,,,,,,,,,,,,,,,,2,1,"2, 6",3,0.0,0.0,0.0,0.0,0.0,0,-1,1,0,0,4,205.0,70.0,1,0,0.0,0.0,175.0,200.0,130.0,170.0,Up,Up,75,100,70,30,55.8743961352657,52.10828025477707,53.29113924050633,50.91025641025641,19,ckhtfa5u,,,,,0
17,09bse981,,0,587,587,FinalPage,ThankYou,2026-09-16 07:14:46.585925,1,,,833.33,2,,0.0,M_no_W_no,,,,,,,,,,,0,0,210,70,,,,,,,,,,,,,,,,,,,2,1,"2, 6",3,0.0,0.0,0.0,0.0,0.0,0,1,0,0,0,4,205.0,70.0,1,0,0.0,0.0,175.0,200.0,130.0,170.0,Up,Up,75,100,70,30,55.8743961352657,52.10828025477707,53.29113924050633,50.91025641025641,19,ckhtfa5u,,,,,0
18,2p0bevly,,0,587,587,FinalPage,ThankYou,2026-09-16 07:14:46.888819,1,,,888.89,3,,0.0,M_no_W_no,,,,,,,,,,,0,0,205,73,,,,,,,,,,,,,,,,,,,2,1,"2, 6",3,0.0,0.0,0.0,0.0,0.0,0,0,1,0,0,4,205.0,70.0,1,0,0.0,0.0,175.0,200.0,130.0,170.0,Up,Up,75,100,70,30,55.8743961352657,52.10828025477707,53.29113924050633,50.91025641025641,19,ckhtfa5u,,,,,0
19,raavz353,,0,587,587,FinalPage,ThankYou,2026-09-16 07:14:46.924962,1,,,1055.56,4,,0.0,M_no_W_no,,,,,,,,,,,0,0,180,60,,,,,,,,,,,,,,,,,,,2,1,"2, 6",3,0.0,0.0,0.0,0.0,0.0,0,-1,-1,0,0,4,205.0,70.0,1,0,0.0,0.0,175.0,200.0,130.0,170.0,Up,Up,75,100,70,30,55.8743961352657,52.10828025477707,53.29113924050633,50.91025641025641,19,ckhtfa5u,,,,,0
20,6rdutaoz,,0,587,587,FinalPage,ThankYou,2026-09-16 07:14:46.739461,1,,,1333.33,5,,0.0,M_no_W_no,,,,,,,,,,,0,0,210,55,,,,,,,,,,,,,,,,,,,2,1,"2, 6",3,0.0,0.0,0.0,0.0,0.0,0,1,-1,0,0,4,205.0,70.0,1,0,0.0,0.0,175.0,200.0,130.0,170.0,Up,Up,75,100,70,30,55.8743961352657,52.10828025477707,53.29113924050633,50.91025641025641,19,ckhtfa5u,,,,,0
21,21anldsa,,0,587,587,FinalPage,ThankYou,2026-09-16 07:14:46.764965,1,,,1000.0,1,,0.0,M_no_W_no,,,,,,,,,,,0,0,200,400,,,,,,,,,,,,,,,,,,,2,1,"2, 6",3,0.0,0.0,0.0,0.0,0.0,0,1,1,0,0,5,150.0,400.0,0,1,0.0,0.0,92.5,75.0,70.0,75.0,Down,Down,15,50,60,50,55.8743961352657,52.10828025477707,53.29113924050633,50.91025641025641,19,ckhtfa5u,,,,,0
22,3mjtjuou,,0,587,587,FinalPage,ThankYou,2026-09-16 07:14:47.087780,1,,,555.56,2,,0.0,M_no_W_no,,,,,,,,,,,0,0,150,400,,,,,,,,,,,,,,,,,,,2,1,"2, 6",3,0.0,0.0,0.0,0.0,0.0,0,-1,-1,0,0,5,150.0,400.0,0,1,0.0,0.0,92.5,75.0,70.0,75.0,Down,Down,15,50,60,50,55.8743961352657,52.10828025477707,53.29113924050633,50.91025641025641,19,ckhtfa5u,,,,,0
23,5jtwpe9d,,0,587,587,FinalPage,ThankYou,2026-09-16 07:14:47.162759,1,,,333.33,3,,0.0,M_no_W_no,,,,,,,,,,,0,0,150,400,,,,,,,,,,,,,,,,,,,2,1,"2, 6",3,0.0,0.0,0.0,0.0,0.0,0,-1,-1,0,0,5,150.0,400.0,0,1,0.0,0.0,92.5,75.0,70.0,75.0,Down,Down,15,50,60,50,55.8743961352657,52.10828025477707,53.29113924050633,50.91025641025641,19,ckhtfa5u,,,,,0
24,s16bmsk2,,0,587,587,FinalPage,ThankYou,2026-09-16 07:14:47.283007,1,,,666.67,4,,0.0,M_no_W_no,,,,,,,,,,,0,0,150,400,,,,,,,,,,,,,,,,,,,2,1,"2, 6",3,0.0,0.0,0.0,0.0,0.0,0,0,0,0,0,5,150.0,400.0,0,1,0.0,0.0,92.5,75.0,70.0,75.0,Down,Down,15,50,60,50,55.8743961352657,52.10828025477707,53.29113924050633,50.91025641025641,19,ckhtfa5u,,,,,0
25,sjw641j3,,0,587,587,FinalPage,ThankYou,2026-09-16 07:14:49.282695,1,,,277.78,5,,0.0,M_no_W_no,,,,,,,,,,,0,0,151,401,,,,,,,,,,,,,,,,,,,2,1,"2, 6",3,0.0,0.0,0.0,0.0,0.0,0,1,1,0,0,5,150.0,400.0,0,1,0.0,0.0,92.5,75.0,70.0,75.0,Down,Down,15,50,60,50,55.8743961352657,52.10828025477707,53.29113924050633,50.91025641025641,19,ckhtfa5u,,,,,0
1,msd1f2iu,,0,587,587,FinalPage,ThankYou,2026-09-16 07:14:45.221358,1,,,388.89,1,,371.0,M_no_W_no,,,,,,,,,,,0,0,300,150,,,,,,,,,,,,,,,,,,,2,1,"2, 6",3,80.0,66.0,225.0,371.0,0.0,0,1,0,0,0,1,200.0,150.0,0,1,0.0,0.0,87.5,75.0,70.0,50.0,Down,Down,25,50,60,100,55.8743961352657,52.10828025477707,53.29113924050633,50.91025641025641,20,ckhtfa5u,,,,,0
2,omrf04k4,,0,587,587,FinalPage,ThankYou,2026-09-16 07:14:45.274669,1,,,388.89,2,,410.0,M_no_W_no,,,,,,,,,,,0,0,300,300,,,,,,,,,,,,,,,,,,,2,1,"2, 6",3,50.0,60.0,300.0,410.0,0.0,0,1,1,0,0,1,200.0,150.0,0,1,0.0,0.0,87.5,75.0,70.0,50.0,Down,Down,25,50,60,100,55.8743961352657,52.10828025477707,53.29113924050633,50.91025641025641,20,ckhtfa5u,,,,,0
3,duzxv1is,,0,587,587,FinalPage,ThankYou,2026-09-16 07:14:45.347404,1,,,611.11,3,,636.5,M_no_W_no,,,,,,,,,,,0,0,129,129,,,,,,,,,,,,,,,,,,,2,1,"2, 6",3,65.0,59.0,475.0,599.0,37.5,1,-1,-1,0,0,1,200.0,150.0,0,1,0.0,0.0,87.5,75.0,70.0,50.0,Down,Down,25,50,60,100,55.8743961352657,52.10828025477707,53.29113924050633,50.91025641025641,20,ckhtfa5u,,,,,0
4,znk2pevv,,0,587,587,FinalPage,ThankYou,2026-09-16 07:14:45.967994,1,,,500.0,4,,472.5,M_no_W_no,,,,,,,,,,,0,0,110,110,,,,,,,,,,,,,,,,,,,2,1,"2, 6",3,0.0,60.0,337.5,397.5,75.0,1,-1,-1,0,0,1,200.0,150.0,0,1,0.0,0.0,87.5,75.0,70.0,50.0,Down,Down,25,50,60,100,55.8743961352657,52.10828025477707,53.29113924050633,50.91025641025641,20,ckhtfa5u,,,,,0
5,rv5b38em,,0,587,587,FinalPage,ThankYou,2026-09-16 07:14:46.164104,1,,,444.44,5,,465.0,M_no_W_no,,,,,,,,,,,0,0,200,198,,,,,,,,,,,,,,,,,,,2,1,"2, 6",3,75.0,65.0,287.5,427.5,37.5,1,0,1,0,0,1,200.0,150.0,0,1,0.0,0.0,87.5,75.0,70.0,50.0,Down,Down,25,50,60,100,55.8743961352657,52.10828025477707,53.29113924050633,50.91025641025641,20,ckhtfa5u,,,,,0
6,z7t2lpyk,,0,587,587,FinalPage,ThankYou,2026-09-16 07:14:46.247250,1,,,666.67,1,,639.9,M_no_W_no,,,,,,,,,,,0,0,125,115,,,,,,,,,,,,,,,,,,,2,1,"2, 6",3,80.0,69.9,490.0,639.9,0.0,0,1,-1,0,0,2,125.0,115.0,1,0,0.0,0.0,75.0,175.0,65.0,100.0,Down,Up,50,75,0,70,55.8743961352657,52.10828025477707,53.29113924050633,50.91025641025641,20,ckhtfa5u,,,,,0
7,dwx0my9x,,0,587,587,FinalPage,ThankYou,2026-09-16 07:14:46.305699,1,,,1166.67,2,,1122.5,M_no_W_no,,,,,,,,,,,0,0,105,105,,,,,,,,,,,,,,,,,,,2,1,"2, 6",3,0.0,82.5,950.0,1032.5,90.0,1,-1,-1,0,0,2,125.0,115.0,1,0,0.0,0.0,75.0,175.0,65.0,100.0,Down,Up,50,75,0,70,55.8743961352657,52.10828025477707,53.29113924050633,50.91025641025641,20,ckhtfa5u,,,,,0
8,uhxz6pjz,,0,587,587,FinalPage,ThankYou,2026-09-16 07:14:46.338399,1,,,1388.89,3,,1311.25,M_no_W_no,,,,,,,,,,,0,0,125,120,,,,,,,,,,,,,,,,,,,2,1,"2, 6",3,75.0,82.5,1060.0,1217.5,93.75,1,0,1,0,0,2,125.0,115.0,1,0,0.0,0.0,75.0,175.0,65.0,100.0,Down,Up,50,75,0,70,55.8743961352657,52.10828025477707,53.29113924050633,50.91025641025641,20,ckhtfa5u,,,,,0
9,r39x605k,,0,587,587,FinalPage,ThankYou,2026-09-16 07:14:46.369519,1,,,55.56,4,,70.75,M_no_W_no,,,,,,,,,,,0,0,130,130,,,,,,,,,,,,,,,,,,,2,1,"2, 6",3,50.0,80.75,-60.0,70.75,0.0,0,1,1,0,0,2,125.0,115.0,1,0,0.0,0.0,75.0,175.0,65.0,100.0,Down,Up,50,75,0,70,55.8743961352657,52.10828025477707,53.29113924050633,50.91025641025641,20,ckhtfa5u,,,,,0
10,yhliw46v,,0,587,587,FinalPage,ThankYou,2026-09-16 07:14:46.359571,1,,,277.78,5,,305.0,M_no_W_no,,,,,,,,,,,0,0,120,115,,,,,,,,,,,,,,,,,,,2,1,"2, 6",3,80.0,82.5,60.0,222.5,82.5,1,-1,0,0,0,2,125.0,115.0,1,0,0.0,0.0,75.0,175.0,65.0,100.0,Down,Up,50,75,0,70,55.8743961352657,52.10828025477707,53.29113924050633,50.91025641025641,20,ckhtfa5u,,,,,0
11,7abl389c,,0,587,587,FinalPage,ThankYou,2026-09-16 07:14:46.377075,1,,,666.67,1,,650.0,M_no_W_no,,,,,,,,,,,0,0,3,3,,,,,,,,,,,,,,,,,,,2,1,"2, 6",3,300.0,150.0,200.0,650.0,0.0,0,-1,-1,0,0,3,150.0,150.0,0,0,0.0,0.0,150.0,120.0,180.0,120.0,Up,Up,50,20,20,80,55.8743961352657,52.10828025477707,53.29113924050633,50.91025641025641,20,ckhtfa5u,,,,,0
12,6kns3oml,,0,587,587,FinalPage,ThankYou,2026-09-16 07:14:46.391218,1,,,1000.0,2,,965.0,M_no_W_no,,,,,,,,,,,0,0,150,190,,,,,,,,,,,,,,,,,,,2,1,"2, 6",3,150.0,150.0,440.0,740.0,225.0,1,0,1,0,0,3,150.0,150.0,0,0,0.0,0.0,150.0,120.0,180.0,120.0,Up,Up,50,20,20,80,55.8743961352657,52.10828025477707,53.29113924050633,50.91025641025641,20,ckhtfa5u,,,,,0
13,pp2e4xx5,,0,587,587,FinalPage,ThankYou,2026-09-16 07:14:46.398329,1,,,1333.33,3,,1325.6,M_no_W_no,,,,,,,,,,,0,0,178,173,,,,,,,,,,,,,,,,,,,2,1,"2, 6",3,115.0,150.6,610.0,875.6,450.0,2,1,1,0,0,3,150.0,150.0,0,0,0.0,0.0,150.0,120.0,180.0,120.0,Up,Up,50,20,20,80,55.8743961352657,52.10828025477707,53.29113924050633,50.91025641025641,20,ckhtfa5u,,,,,0
14,jid9ui4f,,0,587,587,FinalPage,ThankYou,2026-09-16 07:14:46.405738,1,,,1055.56,4,,982.0,M_no_W_no,,,,,,,,,,,0,0,149,149,,,,,,,,,,,,,,,,,,,2,1,"2, 6",3,180.0,162.0,640.0,982.0,0.0,0,-1,-1,0,0,3,150.0,150.0,0,0,0.0,0.0,150.0,120.0,180.0,120.0,Up,Up,50,20,20,80,55.8743961352657,52.10828025477707,53.29113924050633,50.91025641025641,20,ckhtfa5u,,,,,0
15,grwzfvbr,,0,587,587,FinalPage,ThankYou,2026-09-16 07:14:46.413971,1,,,1166.67,5,,1075.0,M_no_W_no,,,,,,,,,,,0,0,150,150,,,,,,,,,,,,,,,,,,,2,1,"2, 6",3,115.0,150.0,810.0,1075.0,0.0,0,1,0,0,0,3,150.0,150.0,0,0,0.0,0.0,150.0,120.0,180.0,120.0,Up,Up,50,20,20,80,55.8743961352657,52.10828025477707,53.29113924050633,50.91025641025641,20,ckhtfa5u,,,,,0
16,yxcpp681,,0,587,587,FinalPage,ThankYou,2026-09-16 07:14:46.537902,1,,,1444.44,1,,1473.0,M_no_W_no,,,,,,,,,,,0,0,205,69,,,,,,,,,,,,,,,,,,,2,1,"2, 6",3,150.0,148.0,1025.0,1323.0,150.0,1,-1,1,0,0,4,210.0,65.0,1,0,0.0,0.0,175.0,200.0,130.0,170.0,Up,Up,75,100,70,30,55.8743961352657,52.10828025477707,53.29113924050633,50.91025641025641,20,ckhtfa5u,,,,,0
17,09bse981,,0,587,587,FinalPage,ThankYou,2026-09-16 07:14:46.585925,1,,,833.33,2,,740.6,M_no_W_no,,,,,,,,,,,0,0,210,65,,,,,,,,,,,,,,,,,,,2,1,"2, 6",3,133.0,157.6,450.0,740.6,0.0,0,0,-1,0,0,4,210.0,65.0,1,0,0.0,0.0,175.0,200.0,130.0,170.0,Up,Up,75,100,70,30,55.8743961352657,52.10828025477707,53.29113924050633,50.91025641025641,20,ckhtfa5u,,,,,0
18,2p0bevly,,0,587,587,FinalPage,ThankYou,2026-09-16 07:14:46.888819,1,,,888.89,3,,797.5,M_no_W_no,,,,,,,,,,,0,0,210,71,,,,,,,,,,,,,,,,,,,2,1,"2, 6",3,160.0,150.0,450.0,760.0,37.5,1,1,1,0,0,4,210.0,65.0,1,0,0.0,0.0,175.0,200.0,130.0,170.0,Up,Up,75,100,70,30,55.8743961352657,52.10828025477707,53.29113924050633,50.91025641025641,20,ckhtfa5u,,,,,0
19,raavz353,,0,587,587,FinalPage,ThankYou,2026-09-16 07:14:46.924962,1,,,1055.56,4,,1077.8,M_no_W_no,,,,,,,,,,,0,0,190,65,,,,,,,,,,,,,,,,,,,2,1,"2, 6",3,160.0,142.79999999999998,775.0,1077.8,0.0,0,-1,0,0,0,4,210.0,65.0,1,0,0.0,0.0,175.0,200.0,130.0,170.0,Up,Up,75,100,70,30,55.8743961352657,52.10828025477707,53.29113924050633,50.91025641025641,20,ckhtfa5u,,,,,0
20,6rdutaoz,,0,587,587,FinalPage,ThankYou,2026-09-16 07:14:46.739461,1,,,1333.33,5,,1317.0,M_no_W_no,,,,,,,,,,,0,0,210,55,,,,,,,,,,,,,,,,,,,2,1,"2, 6",3,125.0,142.0,1050.0,1317.0,0.0,0,1,-1,0,0,4,210.0,65.0,1,0,0.0,0.0,175.0,200.0,130.0,170.0,Up,Up,75,100,70,30,55.8743961352657,52.10828025477707,53.29113924050633,50.91025641025641,20,ckhtfa5u,,,,,0
21,21anldsa,,0,587,587,FinalPage,ThankYou,2026-09-16 07:14:46.764965,1,,,1000.0,1,,1002.5,M_no_W_no,,,,,,,,,,,0,0,150,400,,,,,,,,,,,,,,,,,,,2,1,"2, 6",3,50.0,72.5,880.0,1002.5,0.0,0,1,1,0,0,5,150.0,400.0,0,1,0.0,0.0,92.5,75.0,70.0,75.0,Down,Down,15,50,60,50,55.8743961352657,52.10828025477707,53.29113924050633,50.91025641025641,20,ckhtfa5u,,,,,0
22,3mjtjuou,,0,587,587,FinalPage,ThankYou,2026-09-16 07:14:47.087780,1,,,555.56,2,,584.0,M_no_W_no,,,,,,,,,,,0,0,150,400,,,,,,,,,,,,,,,,,,,2,1,"2, 6",3,80.0,74.0,430.0,584.0,0.0,0,-1,0,0,0,5,150.0,400.0,0,1,0.0,0.0,92.5,75.0,70.0,75.0,Down,Down,15,50,60,50,55.8743961352657,52.10828025477707,53.29113924050633,50.91025641025641,20,ckhtfa5u,,,,,0
23,5jtwpe9d,,0,587,587,FinalPage,ThankYou,2026-09-16 07:14:47.162759,1,,,333.33,3,,252.5,M_no_W_no,,,,,,,,,,,0,0,150,400,,,,,,,,,,,,,,,,,,,2,1,"2, 6",3,90.0,72.5,52.5,215.0,37.5,1,0,-1,0,0,5,150.0,400.0,0,1,0.0,0.0,92.5,75.0,70.0,75.0,Down,Down,15,50,60,50,55.8743961352657,52.10828025477707,53.29113924050633,50.91025641025641,20,ckhtfa5u,,,,,0
24,s16bmsk2,,0,587,587,FinalPage,ThankYou,2026-09-16 07:14:47.283007,1,,,666.67,4,,685.0,M_no_W_no,,,,,,,,,,,0,0,150,400,,,,,,,,,,,,,,,,,,,2,1,"2, 6",3,90.0,72.5,522.5,685.0,0.0,0,-1,-1,0,0,5,150.0,400.0,0,1,0.0,0.0,92.5,75.0,70.0,75.0,Down,Down,15,50,60,50,55.8743961352657,52.10828025477707,53.29113924050633,50.91025641025641,20,ckhtfa5u,,,,,0
25,sjw641j3,,0,587,587,FinalPage,ThankYou,2026-09-16 07:14:49.282695,1,,,277.78,5,,216.5,M_no_W_no,,,,,,,,,,,0,0,151,401,,,,,,,,,,,,,,,,,,,2,1,"2, 6",3,55.0,71.5,-210.0,-83.5,300.0,1,1,1,0,0,5,150.0,400.0,0,1,0.0,0.0,92.5,75.0,70.0,75.0,Down,Down,15,50,60,50,55.8743961352657,52.10828025477707,53.29113924050633,50.91025641025641,20,ckhtfa5u,,,,,0
