session_code,participant_id_in_session,participant_code,page_index,app_name,page_name,epoch_time_completed,round_number,timeout_happened,is_wait_page
nadt5tbu,1,2vm7punw,0,,InitializeParticipant,1789352105,1,0,0
nadt5tbu,2,wfmrxna9,0,,InitializeParticipant,1789352106,1,0,0
nadt5tbu,3,s57od4iz,0,,InitializeParticipant,1789352106,1,0,0
nadt5tbu,4,sem2q323,0,,InitializeParticipant,1789352106,1,0,0
nadt5tbu,5,pmhhauc6,0,,InitializeParticipant,1789352107,1,0,0
nadt5tbu,6,bc7n6071,0,,InitializeParticipant,1789352107,1,0,0
nadt5tbu,7,j2qhej8d,0,,InitializeParticipant,1789352107,1,0,0
nadt5tbu,8,nt0omp7o,0,,InitializeParticipant,1789352107,1,0,0
nadt5tbu,9,3vy48gux,0,,InitializeParticipant,1789352107,1,0,0
nadt5tbu,10,zzkx5xsm,0,,InitializeParticipant,1789352107,1,0,0
nadt5tbu,11,qd0f31id,0,,InitializeParticipant,1789352107,1,0,0
nadt5tbu,12,gllc2565,0,,InitializeParticipant,1789352107,1,0,0
nadt5tbu,13,k6q3olvt,0,,InitializeParticipant,1789352107,1,0,0
nadt5tbu,14,h7g9h66e,0,,InitializeParticipant,1789352107,1,0,0
nadt5tbu,15,ch700ni6,0,,InitializeParticipant,1789352107,1,0,0
nadt5tbu,16,5doee2qb,0,,InitializeParticipant,1789352107,1,0,0
nadt5tbu,17,fjk39fjv,0,,InitializeParticipant,1789352108,1,0,0
nadt5tbu,18,uv9wmkop,0,,InitializeParticipant,1789352108,1,0,0
nadt5tbu,19,tdb9pvu4,0,,InitializeParticipant,1789352108,1,0,0
nadt5tbu,20,vlzegfsh,0,,InitializeParticipant,1789352108,1,0,0
nadt5tbu,11,qd0f31id,1,portfolio,Welcome,1789352116,1,0,0
nadt5tbu,20,vlzegfsh,1,portfolio,Welcome,1789352118,1,0,0
nadt5tbu,9,3vy48gux,1,portfolio,Welcome,1789352121,1,0,0
nadt5tbu,11,qd0f31id,2,portfolio,InstructionsRisk,1789352121,1,0,0
nadt5tbu,15,ch700ni6,1,portfolio,Welcome,1789352122,1,0,0
nadt5tbu,4,sem2q323,1,portfolio,Welcome,1789352122,1,0,0
nadt5tbu,6,bc7n6071,1,portfolio,Welcome,1789352122,1,0,0
nadt5tbu,20,vlzegfsh,2,portfolio,InstructionsRisk,1789352122,1,0,0
nadt5tbu,15,ch700ni6,2,portfolio,InstructionsRisk,1789352126,1,0,0
nadt5tbu,12,gllc2565,1,portfolio,Welcome,1789352129,1,0,0
nadt5tbu,10,zzkx5xsm,1,portfolio,Welcome,1789352130,1,0,0
nadt5tbu,19,tdb9pvu4,1,portfolio,Welcome,1789352132,1,0,0
nadt5tbu,12,gllc2565,2,portfolio,InstructionsRisk,1789352136,1,0,0
nadt5tbu,19,tdb9pvu4,2,portfolio,InstructionsRisk,1789352138,1,0,0
nadt5tbu,21,vijmhlvg,0,,InitializeParticipant,1789352139,1,0,0
nadt5tbu,22,8e240a8t,0,,InitializeParticipant,1789352140,1,0,0
nadt5tbu,23,djq10sre,0,,InitializeParticipant,1789352141,1,0,0
nadt5tbu,24,1rm0kasi,0,,InitializeParticipant,1789352141,1,0,0
nadt5tbu,25,5ddpdjuo,0,,InitializeParticipant,1789352141,1,0,0
nadt5tbu,10,zzkx5xsm,2,portfolio,InstructionsRisk,1789352141,1,0,0
nadt5tbu,20,vlzegfsh,3,portfolio,ComprehensionRisk,1789352142,1,0,0
nadt5tbu,9,3vy48gux,2,portfolio,InstructionsRisk,1789352142,1,0,0
nadt5tbu,18,uv9wmkop,1,portfolio,Welcome,1789352143,1,0,0
nadt5tbu,4,sem2q323,2,portfolio,InstructionsRisk,1789352145,1,0,0
nadt5tbu,11,qd0f31id,3,portfolio,ComprehensionRisk,1789352145,1,0,0
nadt5tbu,5,pmhhauc6,1,portfolio,Welcome,1789352146,1,0,0
nadt5tbu,7,j2qhej8d,1,portfolio,Welcome,1789352147,1,0,0
nadt5tbu,1,2vm7punw,1,portfolio,Welcome,1789352147,1,0,0
nadt5tbu,18,uv9wmkop,2,portfolio,InstructionsRisk,1789352147,1,0,0
nadt5tbu,14,h7g9h66e,1,portfolio,Welcome,1789352150,1,0,0
nadt5tbu,1,2vm7punw,2,portfolio,InstructionsRisk,1789352150,1,0,0
nadt5tbu,20,vlzegfsh,4,portfolio,DynamicChoice,1789352154,1,0,0
nadt5tbu,13,k6q3olvt,1,portfolio,Welcome,1789352155,1,0,0
nadt5tbu,3,s57od4iz,1,portfolio,Welcome,1789352156,1,0,0
nadt5tbu,8,nt0omp7o,1,portfolio,Welcome,1789352156,1,0,0
nadt5tbu,6,bc7n6071,2,portfolio,InstructionsRisk,1789352157,1,0,0
nadt5tbu,19,tdb9pvu4,3,portfolio,ComprehensionRisk,1789352160,1,0,0
nadt5tbu,7,j2qhej8d,2,portfolio,InstructionsRisk,1789352160,1,0,0
nadt5tbu,9,3vy48gux,3,portfolio,ComprehensionRisk,1789352163,1,0,0
nadt5tbu,10,zzkx5xsm,3,portfolio,ComprehensionRisk,1789352163,1,0,0
nadt5tbu,4,sem2q323,3,portfolio,ComprehensionRisk,1789352163,1,0,0
nadt5tbu,22,8e240a8t,1,portfolio,Welcome,1789352164,1,0,0
nadt5tbu,8,nt0omp7o,2,portfolio,InstructionsRisk,1789352164,1,0,0
nadt5tbu,3,s57od4iz,2,portfolio,InstructionsRisk,1789352166,1,0,0
nadt5tbu,24,1rm0kasi,1,portfolio,Welcome,1789352166,1,0,0
nadt5tbu,15,ch700ni6,3,portfolio,ComprehensionRisk,1789352167,1,0,0
nadt5tbu,24,1rm0kasi,2,portfolio,InstructionsRisk,1789352169,1,0,0
nadt5tbu,12,gllc2565,3,portfolio,ComprehensionRisk,1789352170,1,0,0
nadt5tbu,11,qd0f31id,4,portfolio,DynamicChoice,1789352174,1,0,0
nadt5tbu,14,h7g9h66e,2,portfolio,InstructionsRisk,1789352182,1,0,0
nadt5tbu,13,k6q3olvt,2,portfolio,InstructionsRisk,1789352183,1,0,0
nadt5tbu,17,fjk39fjv,1,portfolio,Welcome,1789352184,1,0,0
nadt5tbu,22,8e240a8t,2,portfolio,InstructionsRisk,1789352185,1,0,0
nadt5tbu,8,nt0omp7o,3,portfolio,ComprehensionRisk,1789352186,1,0,0
nadt5tbu,6,bc7n6071,3,portfolio,ComprehensionRisk,1789352187,1,0,0
nadt5tbu,2,wfmrxna9,1,portfolio,Welcome,1789352188,1,0,0
nadt5tbu,2,wfmrxna9,2,portfolio,InstructionsRisk,1789352192,1,0,0
nadt5tbu,1,2vm7punw,3,portfolio,ComprehensionRisk,1789352193,1,0,0
nadt5tbu,24,1rm0kasi,3,portfolio,ComprehensionRisk,1789352193,1,0,0
nadt5tbu,10,zzkx5xsm,4,portfolio,DynamicChoice,1789352193,1,0,0
nadt5tbu,7,j2qhej8d,3,portfolio,ComprehensionRisk,1789352194,1,0,0
nadt5tbu,8,nt0omp7o,4,portfolio,DynamicChoice,1789352196,1,0,0
nadt5tbu,21,vijmhlvg,1,portfolio,Welcome,1789352196,1,0,0
nadt5tbu,3,s57od4iz,3,portfolio,ComprehensionRisk,1789352199,1,0,0
nadt5tbu,16,5doee2qb,1,portfolio,Welcome,1789352199,1,0,0
nadt5tbu,5,pmhhauc6,2,portfolio,InstructionsRisk,1789352202,1,0,0
nadt5tbu,16,5doee2qb,2,portfolio,InstructionsRisk,1789352204,1,0,0
nadt5tbu,1,2vm7punw,4,portfolio,DynamicChoice,1789352204,1,0,0
nadt5tbu,12,gllc2565,4,portfolio,DynamicChoice,1789352206,1,0,0
nadt5tbu,9,3vy48gux,4,portfolio,DynamicChoice,1789352210,1,0,0
nadt5tbu,4,sem2q323,4,portfolio,DynamicChoice,1789352212,1,0,0
nadt5tbu,3,s57od4iz,4,portfolio,DynamicChoice,1789352215,1,0,0
nadt5tbu,2,wfmrxna9,3,portfolio,ComprehensionRisk,1789352217,1,0,0
nadt5tbu,13,k6q3olvt,3,portfolio,ComprehensionRisk,1789352218,1,0,0
nadt5tbu,18,uv9wmkop,3,portfolio,ComprehensionRisk,1789352219,1,0,0
nadt5tbu,7,j2qhej8d,4,portfolio,DynamicChoice,1789352223,1,0,0
nadt5tbu,6,bc7n6071,4,portfolio,DynamicChoice,1789352226,1,0,0
nadt5tbu,21,vijmhlvg,2,portfolio,InstructionsRisk,1789352226,1,0,0
nadt5tbu,5,pmhhauc6,3,portfolio,ComprehensionRisk,1789352234,1,0,0
nadt5tbu,15,ch700ni6,4,portfolio,DynamicChoice,1789352234,1,0,0
nadt5tbu,17,fjk39fjv,2,portfolio,InstructionsRisk,1789352235,1,0,0
nadt5tbu,13,k6q3olvt,4,portfolio,DynamicChoice,1789352241,1,0,0
nadt5tbu,24,1rm0kasi,4,portfolio,DynamicChoice,1789352241,1,0,0
nadt5tbu,5,pmhhauc6,4,portfolio,DynamicChoice,1789352248,1,0,0
nadt5tbu,2,wfmrxna9,4,portfolio,DynamicChoice,1789352250,1,0,0
nadt5tbu,18,uv9wmkop,4,portfolio,DynamicChoice,1789352252,1,0,0
nadt5tbu,25,5ddpdjuo,1,portfolio,Welcome,1789352253,1,0,0
nadt5tbu,16,5doee2qb,3,portfolio,ComprehensionRisk,1789352263,1,0,0
nadt5tbu,17,fjk39fjv,3,portfolio,ComprehensionRisk,1789352264,1,0,0
nadt5tbu,19,tdb9pvu4,4,portfolio,DynamicChoice,1789352264,1,0,0
nadt5tbu,25,5ddpdjuo,2,portfolio,InstructionsRisk,1789352266,1,0,0
nadt5tbu,21,vijmhlvg,3,portfolio,ComprehensionRisk,1789352273,1,0,0
nadt5tbu,14,h7g9h66e,3,portfolio,ComprehensionRisk,1789352275,1,0,0
nadt5tbu,17,fjk39fjv,4,portfolio,DynamicChoice,1789352276,1,0,0
nadt5tbu,16,5doee2qb,4,portfolio,DynamicChoice,1789352283,1,0,0
nadt5tbu,22,8e240a8t,3,portfolio,ComprehensionRisk,1789352284,1,0,0
nadt5tbu,25,5ddpdjuo,3,portfolio,ComprehensionRisk,1789352299,1,0,0
nadt5tbu,14,h7g9h66e,4,portfolio,DynamicChoice,1789352299,1,0,0
nadt5tbu,21,vijmhlvg,4,portfolio,DynamicChoice,1789352307,1,0,0
nadt5tbu,25,5ddpdjuo,4,portfolio,DynamicChoice,1789352309,1,0,0
nadt5tbu,23,djq10sre,1,portfolio,Welcome,1789352321,1,0,0
nadt5tbu,23,djq10sre,2,portfolio,InstructionsRisk,1789352323,1,0,0
nadt5tbu,23,djq10sre,3,portfolio,ComprehensionRisk,1789352353,1,0,0
nadt5tbu,22,8e240a8t,4,portfolio,DynamicChoice,1789352365,1,0,0
nadt5tbu,23,djq10sre,4,portfolio,DynamicChoice,1789352396,1,0,0
nadt5tbu,13,k6q3olvt,5,portfolio,SyncRisk,1789352397,1,0,1
nadt5tbu,18,uv9wmkop,5,portfolio,SyncRisk,1789352397,1,0,1
nadt5tbu,20,vlzegfsh,5,portfolio,SyncRisk,1789352397,1,0,1
nadt5tbu,3,s57od4iz,5,portfolio,SyncRisk,1789352397,1,0,1
nadt5tbu,23,djq10sre,5,portfolio,SyncRisk,1789352397,1,0,1
nadt5tbu,24,1rm0kasi,5,portfolio,SyncRisk,1789352397,1,0,1
nadt5tbu,9,3vy48gux,5,portfolio,SyncRisk,1789352397,1,0,1
nadt5tbu,11,qd0f31id,5,portfolio,SyncRisk,1789352397,1,0,1
nadt5tbu,15,ch700ni6,5,portfolio,SyncRisk,1789352397,1,0,1
nadt5tbu,12,gllc2565,5,portfolio,SyncRisk,1789352397,1,0,1
nadt5tbu,5,pmhhauc6,5,portfolio,SyncRisk,1789352397,1,0,1
nadt5tbu,8,nt0omp7o,5,portfolio,SyncRisk,1789352397,1,0,1
nadt5tbu,1,2vm7punw,5,portfolio,SyncRisk,1789352397,1,0,1
nadt5tbu,16,5doee2qb,5,portfolio,SyncRisk,1789352397,1,0,1
nadt5tbu,7,j2qhej8d,5,portfolio,SyncRisk,1789352397,1,0,1
nadt5tbu,19,tdb9pvu4,5,portfolio,SyncRisk,1789352397,1,0,1
nadt5tbu,21,vijmhlvg,5,portfolio,SyncRisk,1789352397,1,0,1
nadt5tbu,22,8e240a8t,5,portfolio,SyncRisk,1789352397,1,0,1
nadt5tbu,14,h7g9h66e,5,portfolio,SyncRisk,1789352397,1,0,1
nadt5tbu,10,zzkx5xsm,5,portfolio,SyncRisk,1789352397,1,0,1
nadt5tbu,4,sem2q323,5,portfolio,SyncRisk,1789352397,1,0,1
nadt5tbu,6,bc7n6071,5,portfolio,SyncRisk,1789352397,1,0,1
nadt5tbu,2,wfmrxna9,5,portfolio,SyncRisk,1789352397,1,0,1
nadt5tbu,17,fjk39fjv,5,portfolio,SyncRisk,1789352397,1,0,1
nadt5tbu,25,5ddpdjuo,5,portfolio,SyncRisk,1789352397,1,0,1
nadt5tbu,23,djq10sre,6,portfolio,InstructionsPortfolio,1789352402,1,0,0
nadt5tbu,19,tdb9pvu4,6,portfolio,InstructionsPortfolio,1789352402,1,0,0
nadt5tbu,1,2vm7punw,6,portfolio,InstructionsPortfolio,1789352402,1,0,0
nadt5tbu,9,3vy48gux,6,portfolio,InstructionsPortfolio,1789352405,1,0,0
nadt5tbu,3,s57od4iz,6,portfolio,InstructionsPortfolio,1789352406,1,0,0
nadt5tbu,15,ch700ni6,6,portfolio,InstructionsPortfolio,1789352407,1,0,0
nadt5tbu,6,bc7n6071,6,portfolio,InstructionsPortfolio,1789352409,1,0,0
nadt5tbu,22,8e240a8t,6,portfolio,InstructionsPortfolio,1789352409,1,0,0
nadt5tbu,11,qd0f31id,6,portfolio,InstructionsPortfolio,1789352410,1,0,0
nadt5tbu,10,zzkx5xsm,6,portfolio,InstructionsPortfolio,1789352410,1,0,0
nadt5tbu,2,wfmrxna9,6,portfolio,InstructionsPortfolio,1789352410,1,0,0
nadt5tbu,12,gllc2565,6,portfolio,InstructionsPortfolio,1789352411,1,0,0
nadt5tbu,4,sem2q323,6,portfolio,InstructionsPortfolio,1789352412,1,0,0
nadt5tbu,8,nt0omp7o,6,portfolio,InstructionsPortfolio,1789352413,1,0,0
nadt5tbu,19,tdb9pvu4,7,portfolio,Page1Experience,1789352414,1,0,0
nadt5tbu,7,j2qhej8d,6,portfolio,InstructionsPortfolio,1789352416,1,0,0
nadt5tbu,17,fjk39fjv,6,portfolio,InstructionsPortfolio,1789352417,1,0,0
nadt5tbu,18,uv9wmkop,6,portfolio,InstructionsPortfolio,1789352420,1,0,0
nadt5tbu,2,wfmrxna9,7,portfolio,Page1Experience,1789352422,1,0,0
nadt5tbu,9,3vy48gux,7,portfolio,Page1Experience,1789352422,1,0,0
nadt5tbu,8,nt0omp7o,7,portfolio,Page1Experience,1789352424,1,0,0
nadt5tbu,13,k6q3olvt,6,portfolio,InstructionsPortfolio,1789352425,1,0,0
nadt5tbu,3,s57od4iz,7,portfolio,Page1Experience,1789352426,1,0,0
nadt5tbu,23,djq10sre,7,portfolio,Page1Experience,1789352426,1,0,0
nadt5tbu,12,gllc2565,7,portfolio,Page1Experience,1789352427,1,0,0
nadt5tbu,1,2vm7punw,7,portfolio,Page1Experience,1789352430,1,0,0
nadt5tbu,25,5ddpdjuo,6,portfolio,InstructionsPortfolio,1789352431,1,0,0
nadt5tbu,21,vijmhlvg,6,portfolio,InstructionsPortfolio,1789352432,1,0,0
nadt5tbu,10,zzkx5xsm,7,portfolio,Page1Experience,1789352433,1,0,0
nadt5tbu,16,5doee2qb,6,portfolio,InstructionsPortfolio,1789352433,1,0,0
nadt5tbu,14,h7g9h66e,6,portfolio,InstructionsPortfolio,1789352433,1,0,0
nadt5tbu,22,8e240a8t,7,portfolio,Page1Experience,1789352434,1,0,0
nadt5tbu,6,bc7n6071,7,portfolio,Page1Experience,1789352438,1,0,0
nadt5tbu,15,ch700ni6,7,portfolio,Page1Experience,1789352439,1,0,0
nadt5tbu,4,sem2q323,7,portfolio,Page1Experience,1789352440,1,0,0
nadt5tbu,7,j2qhej8d,7,portfolio,Page1Experience,1789352444,1,0,0
nadt5tbu,17,fjk39fjv,7,portfolio,Page1Experience,1789352445,1,0,0
nadt5tbu,18,uv9wmkop,7,portfolio,Page1Experience,1789352446,1,0,0
nadt5tbu,16,5doee2qb,7,portfolio,Page1Experience,1789352448,1,0,0
nadt5tbu,5,pmhhauc6,6,portfolio,InstructionsPortfolio,1789352448,1,0,0
nadt5tbu,24,1rm0kasi,6,portfolio,InstructionsPortfolio,1789352449,1,0,0
nadt5tbu,25,5ddpdjuo,7,portfolio,Page1Experience,1789352456,1,0,0
nadt5tbu,14,h7g9h66e,7,portfolio,Page1Experience,1789352459,1,0,0
nadt5tbu,13,k6q3olvt,7,portfolio,Page1Experience,1789352460,1,0,0
nadt5tbu,21,vijmhlvg,7,portfolio,Page1Experience,1789352469,1,0,0
nadt5tbu,24,1rm0kasi,7,portfolio,Page1Experience,1789352474,1,0,0
nadt5tbu,20,vlzegfsh,6,portfolio,InstructionsPortfolio,1789352482,1,0,0
nadt5tbu,20,vlzegfsh,7,portfolio,Page1Experience,1789352502,1,0,0
nadt5tbu,5,pmhhauc6,7,portfolio,Page1Experience,1789352517,1,0,0
nadt5tbu,11,qd0f31id,7,portfolio,Page1Experience,1789352729,1,0,0
nadt5tbu,21,vijmhlvg,8,portfolio,SyncAllocation,1789352729,1,0,1
nadt5tbu,16,5doee2qb,8,portfolio,SyncAllocation,1789352729,1,0,1
nadt5tbu,5,pmhhauc6,8,portfolio,SyncAllocation,1789352729,1,0,1
nadt5tbu,19,tdb9pvu4,8,portfolio,SyncAllocation,1789352729,1,0,1
nadt5tbu,23,djq10sre,8,portfolio,SyncAllocation,1789352729,1,0,1
nadt5tbu,12,gllc2565,8,portfolio,SyncAllocation,1789352729,1,0,1
nadt5tbu,20,vlzegfsh,8,portfolio,SyncAllocation,1789352729,1,0,1
nadt5tbu,8,nt0omp7o,8,portfolio,SyncAllocation,1789352729,1,0,1
nadt5tbu,7,j2qhej8d,8,portfolio,SyncAllocation,1789352729,1,0,1
nadt5tbu,1,2vm7punw,8,portfolio,SyncAllocation,1789352729,1,0,1
nadt5tbu,11,qd0f31id,8,portfolio,SyncAllocation,1789352729,1,0,1
nadt5tbu,3,s57od4iz,8,portfolio,SyncAllocation,1789352729,1,0,1
nadt5tbu,22,8e240a8t,8,portfolio,SyncAllocation,1789352729,1,0,1
nadt5tbu,14,h7g9h66e,8,portfolio,SyncAllocation,1789352729,1,0,1
nadt5tbu,18,uv9wmkop,8,portfolio,SyncAllocation,1789352729,1,0,1
nadt5tbu,9,3vy48gux,8,portfolio,SyncAllocation,1789352729,1,0,1
nadt5tbu,24,1rm0kasi,8,portfolio,SyncAllocation,1789352729,1,0,1
nadt5tbu,15,ch700ni6,8,portfolio,SyncAllocation,1789352729,1,0,1
nadt5tbu,13,k6q3olvt,8,portfolio,SyncAllocation,1789352729,1,0,1
nadt5tbu,2,wfmrxna9,8,portfolio,SyncAllocation,1789352729,1,0,1
nadt5tbu,10,zzkx5xsm,8,portfolio,SyncAllocation,1789352729,1,0,1
nadt5tbu,6,bc7n6071,8,portfolio,SyncAllocation,1789352729,1,0,1
nadt5tbu,4,sem2q323,8,portfolio,SyncAllocation,1789352729,1,0,1
nadt5tbu,17,fjk39fjv,8,portfolio,SyncAllocation,1789352729,1,0,1
nadt5tbu,25,5ddpdjuo,8,portfolio,SyncAllocation,1789352729,1,0,1
nadt5tbu,11,qd0f31id,9,portfolio,InstructionsMarket,1789352733,1,0,0
nadt5tbu,23,djq10sre,9,portfolio,InstructionsMarket,1789352736,1,0,0
nadt5tbu,4,sem2q323,9,portfolio,InstructionsMarket,1789352740,1,0,0
nadt5tbu,9,3vy48gux,9,portfolio,InstructionsMarket,1789352744,1,0,0
nadt5tbu,12,gllc2565,9,portfolio,InstructionsMarket,1789352746,1,0,0
nadt5tbu,3,s57od4iz,9,portfolio,InstructionsMarket,1789352746,1,0,0
nadt5tbu,18,uv9wmkop,9,portfolio,InstructionsMarket,1789352746,1,0,0
nadt5tbu,22,8e240a8t,9,portfolio,InstructionsMarket,1789352748,1,0,0
nadt5tbu,1,2vm7punw,9,portfolio,InstructionsMarket,1789352749,1,0,0
nadt5tbu,25,5ddpdjuo,9,portfolio,InstructionsMarket,1789352749,1,0,0
nadt5tbu,23,djq10sre,10,portfolio,ComprehensionMarket,1789352749,1,0,0
nadt5tbu,4,sem2q323,10,portfolio,ComprehensionMarket,1789352750,1,0,0
nadt5tbu,9,3vy48gux,10,portfolio,ComprehensionMarket,1789352753,1,0,0
nadt5tbu,18,uv9wmkop,10,portfolio,ComprehensionMarket,1789352754,1,0,0
nadt5tbu,21,vijmhlvg,9,portfolio,InstructionsMarket,1789352756,1,0,0
nadt5tbu,23,djq10sre,11,portfolio,InstructionsBeliefs,1789352757,1,0,0
nadt5tbu,19,tdb9pvu4,9,portfolio,InstructionsMarket,1789352758,1,0,0
nadt5tbu,12,gllc2565,10,portfolio,ComprehensionMarket,1789352759,1,0,0
nadt5tbu,15,ch700ni6,9,portfolio,InstructionsMarket,1789352759,1,0,0
nadt5tbu,16,5doee2qb,9,portfolio,InstructionsMarket,1789352760,1,0,0
nadt5tbu,1,2vm7punw,10,portfolio,ComprehensionMarket,1789352762,1,0,0
nadt5tbu,18,uv9wmkop,11,portfolio,InstructionsBeliefs,1789352762,1,0,0
nadt5tbu,10,zzkx5xsm,9,portfolio,InstructionsMarket,1789352762,1,0,0
nadt5tbu,9,3vy48gux,11,portfolio,InstructionsBeliefs,1789352763,1,0,0
nadt5tbu,6,bc7n6071,9,portfolio,InstructionsMarket,1789352764,1,0,0
nadt5tbu,3,s57od4iz,10,portfolio,ComprehensionMarket,1789352766,1,0,0
nadt5tbu,2,wfmrxna9,9,portfolio,InstructionsMarket,1789352767,1,0,0
nadt5tbu,11,qd0f31id,10,portfolio,ComprehensionMarket,1789352767,1,0,0
nadt5tbu,4,sem2q323,11,portfolio,InstructionsBeliefs,1789352769,1,0,0
nadt5tbu,11,qd0f31id,11,portfolio,InstructionsBeliefs,1789352769,1,0,0
nadt5tbu,13,k6q3olvt,9,portfolio,InstructionsMarket,1789352773,1,0,0
nadt5tbu,12,gllc2565,11,portfolio,InstructionsBeliefs,1789352774,1,0,0
nadt5tbu,21,vijmhlvg,10,portfolio,ComprehensionMarket,1789352775,1,0,0
nadt5tbu,25,5ddpdjuo,10,portfolio,ComprehensionMarket,1789352777,1,0,0
nadt5tbu,6,bc7n6071,10,portfolio,ComprehensionMarket,1789352778,1,0,0
nadt5tbu,2,wfmrxna9,10,portfolio,ComprehensionMarket,1789352778,1,0,0
nadt5tbu,16,5doee2qb,10,portfolio,ComprehensionMarket,1789352779,1,0,0
nadt5tbu,7,j2qhej8d,9,portfolio,InstructionsMarket,1789352779,1,0,0
nadt5tbu,10,zzkx5xsm,10,portfolio,ComprehensionMarket,1789352785,1,0,0
nadt5tbu,15,ch700ni6,10,portfolio,ComprehensionMarket,1789352789,1,0,0
nadt5tbu,18,uv9wmkop,12,portfolio,PageBeliefExpNoExp,1789352789,1,0,0
nadt5tbu,7,j2qhej8d,10,portfolio,ComprehensionMarket,1789352790,1,0,0
nadt5tbu,14,h7g9h66e,9,portfolio,InstructionsMarket,1789352792,1,0,0
nadt5tbu,6,bc7n6071,11,portfolio,InstructionsBeliefs,1789352792,1,0,0
nadt5tbu,13,k6q3olvt,10,portfolio,ComprehensionMarket,1789352797,1,0,0
nadt5tbu,19,tdb9pvu4,10,portfolio,ComprehensionMarket,1789352798,1,0,0
nadt5tbu,3,s57od4iz,11,portfolio,InstructionsBeliefs,1789352801,1,0,0
nadt5tbu,2,wfmrxna9,11,portfolio,InstructionsBeliefs,1789352801,1,0,0
nadt5tbu,8,nt0omp7o,9,portfolio,InstructionsMarket,1789352802,1,0,0
nadt5tbu,16,5doee2qb,11,portfolio,InstructionsBeliefs,1789352802,1,0,0
nadt5tbu,4,sem2q323,12,portfolio,PageBeliefExpNoExp,1789352804,1,0,0
nadt5tbu,22,8e240a8t,10,portfolio,ComprehensionMarket,1789352806,1,0,0
nadt5tbu,15,ch700ni6,11,portfolio,InstructionsBeliefs,1789352808,1,0,0
nadt5tbu,22,8e240a8t,11,portfolio,InstructionsBeliefs,1789352809,1,0,0
nadt5tbu,8,nt0omp7o,10,portfolio,ComprehensionMarket,1789352810,1,0,0
nadt5tbu,21,vijmhlvg,11,portfolio,InstructionsBeliefs,1789352813,1,0,0
nadt5tbu,19,tdb9pvu4,11,portfolio,InstructionsBeliefs,1789352815,1,0,0
nadt5tbu,4,sem2q323,13,portfolio,PageOtherBeliefExpNoExp,1789352821,1,0,0
nadt5tbu,13,k6q3olvt,11,portfolio,InstructionsBeliefs,1789352821,1,0,0
nadt5tbu,5,pmhhauc6,9,portfolio,InstructionsMarket,1789352823,1,0,0
nadt5tbu,18,uv9wmkop,13,portfolio,PageOtherBeliefExpNoExp,1789352824,1,0,0
nadt5tbu,7,j2qhej8d,11,portfolio,InstructionsBeliefs,1789352827,1,0,0
nadt5tbu,9,3vy48gux,12,portfolio,PageBeliefExpNoExp,1789352828,1,0,0
nadt5tbu,18,uv9wmkop,14,portfolio,TradingRulesExp,1789352828,1,0,0
nadt5tbu,10,zzkx5xsm,11,portfolio,InstructionsBeliefs,1789352829,1,0,0
nadt5tbu,4,sem2q323,14,portfolio,TradingRulesExp,1789352829,1,0,0
nadt5tbu,14,h7g9h66e,10,portfolio,ComprehensionMarket,1789352837,1,0,0
nadt5tbu,17,fjk39fjv,9,portfolio,InstructionsMarket,1789352841,1,0,0
nadt5tbu,25,5ddpdjuo,11,portfolio,InstructionsBeliefs,1789352843,1,0,0
nadt5tbu,8,nt0omp7o,11,portfolio,InstructionsBeliefs,1789352844,1,0,0
nadt5tbu,24,1rm0kasi,9,portfolio,InstructionsMarket,1789352845,1,0,0
nadt5tbu,23,djq10sre,12,portfolio,PageBeliefExpNoExp,1789352853,1,0,0
nadt5tbu,2,wfmrxna9,12,portfolio,PageBeliefExpNoExp,1789352856,1,0,0
nadt5tbu,6,bc7n6071,12,portfolio,PageBeliefExpNoExp,1789352860,1,0,0
nadt5tbu,1,2vm7punw,11,portfolio,InstructionsBeliefs,1789352861,1,0,0
nadt5tbu,12,gllc2565,12,portfolio,PageBeliefExpNoExp,1789352865,1,0,0
nadt5tbu,17,fjk39fjv,10,portfolio,ComprehensionMarket,1789352866,1,0,0
nadt5tbu,16,5doee2qb,12,portfolio,PageBeliefExpNoExp,1789352866,1,0,0
nadt5tbu,3,s57od4iz,12,portfolio,PageBeliefExpNoExp,1789352866,1,0,0
nadt5tbu,9,3vy48gux,13,portfolio,PageOtherBeliefExpNoExp,1789352867,1,0,0
nadt5tbu,5,pmhhauc6,10,portfolio,ComprehensionMarket,1789352870,1,0,0
nadt5tbu,14,h7g9h66e,11,portfolio,InstructionsBeliefs,1789352873,1,0,0
nadt5tbu,21,vijmhlvg,12,portfolio,PageBeliefExpNoExp,1789352873,1,0,0
nadt5tbu,9,3vy48gux,14,portfolio,TradingRulesExp,1789352874,1,0,0
nadt5tbu,8,nt0omp7o,12,portfolio,PageBeliefExpNoExp,1789352878,1,0,0
nadt5tbu,7,j2qhej8d,12,portfolio,PageBeliefExpNoExp,1789352878,1,0,0
nadt5tbu,24,1rm0kasi,10,portfolio,ComprehensionMarket,1789352879,1,0,0
nadt5tbu,2,wfmrxna9,13,portfolio,PageOtherBeliefExpNoExp,1789352883,1,0,0
nadt5tbu,6,bc7n6071,13,portfolio,PageOtherBeliefExpNoExp,1789352884,1,0,0
nadt5tbu,13,k6q3olvt,12,portfolio,PageBeliefExpNoExp,1789352884,1,0,0
nadt5tbu,2,wfmrxna9,14,portfolio,TradingRulesExp,1789352887,1,0,0
nadt5tbu,6,bc7n6071,14,portfolio,TradingRulesExp,1789352889,1,0,0
nadt5tbu,12,gllc2565,13,portfolio,PageOtherBeliefExpNoExp,1789352891,1,0,0
nadt5tbu,10,zzkx5xsm,12,portfolio,PageBeliefExpNoExp,1789352901,1,0,0
nadt5tbu,8,nt0omp7o,13,portfolio,PageOtherBeliefExpNoExp,1789352902,1,0,0
nadt5tbu,3,s57od4iz,13,portfolio,PageOtherBeliefExpNoExp,1789352903,1,0,0
nadt5tbu,7,j2qhej8d,13,portfolio,PageOtherBeliefExpNoExp,1789352903,1,0,0
nadt5tbu,20,vlzegfsh,9,portfolio,InstructionsMarket,1789352907,1,0,0
nadt5tbu,15,ch700ni6,12,portfolio,PageBeliefExpNoExp,1789352908,1,0,0
nadt5tbu,16,5doee2qb,13,portfolio,PageOtherBeliefExpNoExp,1789352910,1,0,0
nadt5tbu,14,h7g9h66e,12,portfolio,PageBeliefExpNoExp,1789352915,1,0,0
nadt5tbu,13,k6q3olvt,13,portfolio,PageOtherBeliefExpNoExp,1789352918,1,0,0
nadt5tbu,20,vlzegfsh,10,portfolio,ComprehensionMarket,1789352918,1,0,0
nadt5tbu,16,5doee2qb,14,portfolio,TradingRulesExp,1789352924,1,0,0
nadt5tbu,23,djq10sre,13,portfolio,PageOtherBeliefExpNoExp,1789352928,1,0,0
nadt5tbu,10,zzkx5xsm,13,portfolio,PageOtherBeliefExpNoExp,1789352928,1,0,0
nadt5tbu,13,k6q3olvt,14,portfolio,TradingRulesExp,1789352928,1,0,0
nadt5tbu,19,tdb9pvu4,12,portfolio,PageBeliefExpNoExp,1789352929,1,0,0
nadt5tbu,3,s57od4iz,14,portfolio,TradingRulesExp,1789352929,1,0,0
nadt5tbu,7,j2qhej8d,14,portfolio,TradingRulesExp,1789352931,1,0,0
nadt5tbu,12,gllc2565,14,portfolio,TradingRulesExp,1789352931,1,0,0
nadt5tbu,23,djq10sre,14,portfolio,TradingRulesExp,1789352933,1,0,0
nadt5tbu,21,vijmhlvg,13,portfolio,PageOtherBeliefExpNoExp,1789352934,1,0,0
nadt5tbu,24,1rm0kasi,11,portfolio,InstructionsBeliefs,1789352935,1,0,0
nadt5tbu,14,h7g9h66e,13,portfolio,PageOtherBeliefExpNoExp,1789352937,1,0,0
nadt5tbu,5,pmhhauc6,11,portfolio,InstructionsBeliefs,1789352944,1,0,0
nadt5tbu,17,fjk39fjv,11,portfolio,InstructionsBeliefs,1789352945,1,0,0
nadt5tbu,14,h7g9h66e,14,portfolio,TradingRulesExp,1789352946,1,0,0
nadt5tbu,21,vijmhlvg,14,portfolio,TradingRulesExp,1789352947,1,0,0
nadt5tbu,15,ch700ni6,13,portfolio,PageOtherBeliefExpNoExp,1789352948,1,0,0
nadt5tbu,15,ch700ni6,14,portfolio,TradingRulesExp,1789352952,1,0,0
nadt5tbu,11,qd0f31id,12,portfolio,PageBeliefExpNoExp,1789352953,1,0,0
nadt5tbu,10,zzkx5xsm,14,portfolio,TradingRulesExp,1789352958,1,0,0
nadt5tbu,20,vlzegfsh,11,portfolio,InstructionsBeliefs,1789352961,1,0,0
nadt5tbu,19,tdb9pvu4,13,portfolio,PageOtherBeliefExpNoExp,1789352974,1,0,0
nadt5tbu,19,tdb9pvu4,14,portfolio,TradingRulesExp,1789352979,1,0,0
nadt5tbu,1,2vm7punw,12,portfolio,PageBeliefExpNoExp,1789352981,1,0,0
nadt5tbu,8,nt0omp7o,14,portfolio,TradingRulesExp,1789352982,1,0,0
nadt5tbu,11,qd0f31id,13,portfolio,PageOtherBeliefExpNoExp,1789352986,1,0,0
nadt5tbu,11,qd0f31id,14,portfolio,TradingRulesExp,1789352992,1,0,0
nadt5tbu,25,5ddpdjuo,12,portfolio,PageBeliefExpNoExp,1789352994,1,0,0
nadt5tbu,1,2vm7punw,13,portfolio,PageOtherBeliefExpNoExp,1789352994,1,0,0
nadt5tbu,1,2vm7punw,14,portfolio,TradingRulesExp,1789352998,1,0,0
nadt5tbu,17,fjk39fjv,12,portfolio,PageBeliefExpNoExp,1789353008,1,0,0
nadt5tbu,5,pmhhauc6,12,portfolio,PageBeliefExpNoExp,1789353042,1,0,0
nadt5tbu,17,fjk39fjv,13,portfolio,PageOtherBeliefExpNoExp,1789353044,1,0,0
nadt5tbu,20,vlzegfsh,12,portfolio,PageBeliefExpNoExp,1789353049,1,0,0
nadt5tbu,24,1rm0kasi,12,portfolio,PageBeliefExpNoExp,1789353064,1,0,0
nadt5tbu,22,8e240a8t,12,portfolio,PageBeliefExpNoExp,1789353076,1,0,0
nadt5tbu,20,vlzegfsh,13,portfolio,PageOtherBeliefExpNoExp,1789353084,1,0,0
nadt5tbu,20,vlzegfsh,14,portfolio,TradingRulesExp,1789353089,1,0,0
nadt5tbu,25,5ddpdjuo,13,portfolio,PageOtherBeliefExpNoExp,1789353094,1,0,0
nadt5tbu,24,1rm0kasi,13,portfolio,PageOtherBeliefExpNoExp,1789353095,1,0,0
nadt5tbu,24,1rm0kasi,14,portfolio,TradingRulesExp,1789353098,1,0,0
nadt5tbu,17,fjk39fjv,14,portfolio,TradingRulesExp,1789353105,1,0,0
nadt5tbu,22,8e240a8t,13,portfolio,PageOtherBeliefExpNoExp,1789353156,1,0,0
nadt5tbu,25,5ddpdjuo,14,portfolio,TradingRulesExp,1789353157,1,0,0
nadt5tbu,22,8e240a8t,14,portfolio,TradingRulesExp,1789353161,1,0,0
nadt5tbu,5,pmhhauc6,13,portfolio,PageOtherBeliefExpNoExp,1789353177,1,0,0
nadt5tbu,5,pmhhauc6,14,portfolio,TradingRulesExp,1789353239,1,0,0
nadt5tbu,7,j2qhej8d,15,portfolio,SyncTradingRules,1789353240,1,0,1
nadt5tbu,16,5doee2qb,15,portfolio,SyncTradingRules,1789353240,1,0,1
nadt5tbu,8,nt0omp7o,15,portfolio,SyncTradingRules,1789353240,1,0,1
nadt5tbu,20,vlzegfsh,15,portfolio,SyncTradingRules,1789353240,1,0,1
nadt5tbu,14,h7g9h66e,15,portfolio,SyncTradingRules,1789353240,1,0,1
nadt5tbu,1,2vm7punw,15,portfolio,SyncTradingRules,1789353240,1,0,1
nadt5tbu,23,djq10sre,15,portfolio,SyncTradingRules,1789353240,1,0,1
nadt5tbu,22,8e240a8t,15,portfolio,SyncTradingRules,1789353240,1,0,1
nadt5tbu,5,pmhhauc6,15,portfolio,SyncTradingRules,1789353240,1,0,1
nadt5tbu,21,vijmhlvg,15,portfolio,SyncTradingRules,1789353240,1,0,1
nadt5tbu,24,1rm0kasi,15,portfolio,SyncTradingRules,1789353240,1,0,1
nadt5tbu,15,ch700ni6,15,portfolio,SyncTradingRules,1789353240,1,0,1
nadt5tbu,3,s57od4iz,15,portfolio,SyncTradingRules,1789353240,1,0,1
nadt5tbu,2,wfmrxna9,15,portfolio,SyncTradingRules,1789353240,1,0,1
nadt5tbu,11,qd0f31id,15,portfolio,SyncTradingRules,1789353240,1,0,1
nadt5tbu,17,fjk39fjv,15,portfolio,SyncTradingRules,1789353240,1,0,1
nadt5tbu,9,3vy48gux,15,portfolio,SyncTradingRules,1789353240,1,0,1
nadt5tbu,6,bc7n6071,15,portfolio,SyncTradingRules,1789353240,1,0,1
nadt5tbu,4,sem2q323,15,portfolio,SyncTradingRules,1789353240,1,0,1
nadt5tbu,18,uv9wmkop,15,portfolio,SyncTradingRules,1789353240,1,0,1
nadt5tbu,12,gllc2565,15,portfolio,SyncTradingRules,1789353240,1,0,1
nadt5tbu,13,k6q3olvt,15,portfolio,SyncTradingRules,1789353240,1,0,1
nadt5tbu,10,zzkx5xsm,15,portfolio,SyncTradingRules,1789353240,1,0,1
nadt5tbu,19,tdb9pvu4,15,portfolio,SyncTradingRules,1789353240,1,0,1
nadt5tbu,25,5ddpdjuo,15,portfolio,SyncTradingRules,1789353240,1,0,1
nadt5tbu,18,uv9wmkop,16,portfolio,PageBidExperience,1789353259,1,0,0
nadt5tbu,14,h7g9h66e,16,portfolio,PageBidExperience,1789353260,1,0,0
nadt5tbu,13,k6q3olvt,16,portfolio,PageBidExperience,1789353262,1,0,0
nadt5tbu,3,s57od4iz,16,portfolio,PageBidExperience,1789353266,1,0,0
nadt5tbu,24,1rm0kasi,16,portfolio,PageBidExperience,1789353267,1,0,0
nadt5tbu,17,fjk39fjv,16,portfolio,PageBidExperience,1789353270,1,0,0
nadt5tbu,12,gllc2565,16,portfolio,PageBidExperience,1789353271,1,0,0
nadt5tbu,21,vijmhlvg,16,portfolio,PageBidExperience,1789353271,1,0,0
nadt5tbu,2,wfmrxna9,16,portfolio,PageBidExperience,1789353272,1,0,0
nadt5tbu,19,tdb9pvu4,16,portfolio,PageBidExperience,1789353274,1,0,0
nadt5tbu,6,bc7n6071,16,portfolio,PageBidExperience,1789353274,1,0,0
nadt5tbu,5,pmhhauc6,16,portfolio,PageBidExperience,1789353274,1,0,0
nadt5tbu,10,zzkx5xsm,16,portfolio,PageBidExperience,1789353275,1,0,0
nadt5tbu,16,5doee2qb,16,portfolio,PageBidExperience,1789353275,1,0,0
nadt5tbu,8,nt0omp7o,16,portfolio,PageBidExperience,1789353276,1,0,0
nadt5tbu,25,5ddpdjuo,16,portfolio,PageBidExperience,1789353279,1,0,0
nadt5tbu,20,vlzegfsh,16,portfolio,PageBidExperience,1789353284,1,0,0
nadt5tbu,16,5doee2qb,25,portfolio,Clearing,1789353284,1,0,1
nadt5tbu,17,fjk39fjv,25,portfolio,Clearing,1789353284,1,0,1
nadt5tbu,18,uv9wmkop,25,portfolio,Clearing,1789353284,1,0,1
nadt5tbu,19,tdb9pvu4,25,portfolio,Clearing,1789353284,1,0,1
nadt5tbu,20,vlzegfsh,25,portfolio,Clearing,1789353284,1,0,1
nadt5tbu,15,ch700ni6,16,portfolio,PageBidExperience,1789353287,1,0,0
nadt5tbu,11,qd0f31id,16,portfolio,PageBidExperience,1789353289,1,0,0
nadt5tbu,14,h7g9h66e,25,portfolio,Clearing,1789353289,1,0,1
nadt5tbu,11,qd0f31id,25,portfolio,Clearing,1789353289,1,0,1
nadt5tbu,13,k6q3olvt,25,portfolio,Clearing,1789353289,1,0,1
nadt5tbu,15,ch700ni6,25,portfolio,Clearing,1789353289,1,0,1
nadt5tbu,12,gllc2565,25,portfolio,Clearing,1789353289,1,0,1
nadt5tbu,4,sem2q323,16,portfolio,PageBidExperience,1789353290,1,0,0
nadt5tbu,9,3vy48gux,16,portfolio,PageBidExperience,1789353294,1,0,0
nadt5tbu,23,djq10sre,16,portfolio,PageBidExperience,1789353308,1,0,0
nadt5tbu,22,8e240a8t,16,portfolio,PageBidExperience,1789353308,1,0,0
nadt5tbu,21,vijmhlvg,25,portfolio,Clearing,1789353308,1,0,1
nadt5tbu,22,8e240a8t,25,portfolio,Clearing,1789353308,1,0,1
nadt5tbu,23,djq10sre,25,portfolio,Clearing,1789353308,1,0,1
nadt5tbu,24,1rm0kasi,25,portfolio,Clearing,1789353308,1,0,1
nadt5tbu,25,5ddpdjuo,25,portfolio,Clearing,1789353308,1,0,1
nadt5tbu,1,2vm7punw,16,portfolio,PageBidExperience,1789353309,1,0,0
nadt5tbu,5,pmhhauc6,25,portfolio,Clearing,1789353309,1,0,1
nadt5tbu,1,2vm7punw,25,portfolio,Clearing,1789353309,1,0,1
nadt5tbu,3,s57od4iz,25,portfolio,Clearing,1789353309,1,0,1
nadt5tbu,2,wfmrxna9,25,portfolio,Clearing,1789353309,1,0,1
nadt5tbu,4,sem2q323,25,portfolio,Clearing,1789353309,1,0,1
nadt5tbu,7,j2qhej8d,16,portfolio,PageBidExperience,1789353318,1,0,0
nadt5tbu,7,j2qhej8d,25,portfolio,Clearing,1789353318,1,0,1
nadt5tbu,8,nt0omp7o,25,portfolio,Clearing,1789353318,1,0,1
nadt5tbu,6,bc7n6071,25,portfolio,Clearing,1789353318,1,0,1
nadt5tbu,9,3vy48gux,25,portfolio,Clearing,1789353318,1,0,1
nadt5tbu,10,zzkx5xsm,25,portfolio,Clearing,1789353318,1,0,1
nadt5tbu,16,5doee2qb,26,portfolio,SyncMarketRound,1789353318,1,0,1
nadt5tbu,7,j2qhej8d,26,portfolio,SyncMarketRound,1789353318,1,0,1
nadt5tbu,5,pmhhauc6,26,portfolio,SyncMarketRound,1789353318,1,0,1
nadt5tbu,1,2vm7punw,26,portfolio,SyncMarketRound,1789353318,1,0,1
nadt5tbu,21,vijmhlvg,26,portfolio,SyncMarketRound,1789353318,1,0,1
nadt5tbu,14,h7g9h66e,26,portfolio,SyncMarketRound,1789353318,1,0,1
nadt5tbu,8,nt0omp7o,26,portfolio,SyncMarketRound,1789353318,1,0,1
nadt5tbu,3,s57od4iz,26,portfolio,SyncMarketRound,1789353318,1,0,1
nadt5tbu,22,8e240a8t,26,portfolio,SyncMarketRound,1789353318,1,0,1
nadt5tbu,11,qd0f31id,26,portfolio,SyncMarketRound,1789353318,1,0,1
nadt5tbu,6,bc7n6071,26,portfolio,SyncMarketRound,1789353318,1,0,1
nadt5tbu,2,wfmrxna9,26,portfolio,SyncMarketRound,1789353318,1,0,1
nadt5tbu,17,fjk39fjv,26,portfolio,SyncMarketRound,1789353318,1,0,1
nadt5tbu,13,k6q3olvt,26,portfolio,SyncMarketRound,1789353318,1,0,1
nadt5tbu,15,ch700ni6,26,portfolio,SyncMarketRound,1789353318,1,0,1
nadt5tbu,23,djq10sre,26,portfolio,SyncMarketRound,1789353318,1,0,1
nadt5tbu,24,1rm0kasi,26,portfolio,SyncMarketRound,1789353318,1,0,1
nadt5tbu,25,5ddpdjuo,26,portfolio,SyncMarketRound,1789353318,1,0,1
nadt5tbu,18,uv9wmkop,26,portfolio,SyncMarketRound,1789353318,1,0,1
nadt5tbu,19,tdb9pvu4,26,portfolio,SyncMarketRound,1789353318,1,0,1
nadt5tbu,20,vlzegfsh,26,portfolio,SyncMarketRound,1789353318,1,0,1
nadt5tbu,12,gllc2565,26,portfolio,SyncMarketRound,1789353318,1,0,1
nadt5tbu,4,sem2q323,26,portfolio,SyncMarketRound,1789353318,1,0,1
nadt5tbu,9,3vy48gux,26,portfolio,SyncMarketRound,1789353318,1,0,1
nadt5tbu,10,zzkx5xsm,26,portfolio,SyncMarketRound,1789353318,1,0,1
nadt5tbu,17,fjk39fjv,45,portfolio,PageBidExperience,1789353347,2,0,0
nadt5tbu,21,vijmhlvg,45,portfolio,PageBidExperience,1789353349,2,0,0
nadt5tbu,19,tdb9pvu4,45,portfolio,PageBidExperience,1789353350,2,0,0
nadt5tbu,18,uv9wmkop,45,portfolio,PageBidExperience,1789353353,2,0,0
nadt5tbu,10,zzkx5xsm,45,portfolio,PageBidExperience,1789353359,2,0,0
nadt5tbu,25,5ddpdjuo,45,portfolio,PageBidExperience,1789353360,2,0,0
nadt5tbu,2,wfmrxna9,45,portfolio,PageBidExperience,1789353362,2,0,0
nadt5tbu,7,j2qhej8d,45,portfolio,PageBidExperience,1789353364,2,0,0
nadt5tbu,5,pmhhauc6,45,portfolio,PageBidExperience,1789353365,2,0,0
nadt5tbu,1,2vm7punw,45,portfolio,PageBidExperience,1789353366,2,0,0
nadt5tbu,23,djq10sre,45,portfolio,PageBidExperience,1789353366,2,0,0
nadt5tbu,4,sem2q323,45,portfolio,PageBidExperience,1789353366,2,0,0
nadt5tbu,14,h7g9h66e,45,portfolio,PageBidExperience,1789353368,2,0,0
nadt5tbu,22,8e240a8t,45,portfolio,PageBidExperience,1789353372,2,0,0
nadt5tbu,13,k6q3olvt,45,portfolio,PageBidExperience,1789353375,2,0,0
nadt5tbu,6,bc7n6071,45,portfolio,PageBidExperience,1789353380,2,0,0
nadt5tbu,12,gllc2565,45,portfolio,PageBidExperience,1789353387,2,0,0
nadt5tbu,15,ch700ni6,45,portfolio,PageBidExperience,1789353390,2,0,0
nadt5tbu,24,1rm0kasi,45,portfolio,PageBidExperience,1789353391,2,0,0
nadt5tbu,11,qd0f31id,45,portfolio,PageBidExperience,1789353391,2,0,0
nadt5tbu,24,1rm0kasi,54,portfolio,Clearing,1789353391,2,0,1
nadt5tbu,22,8e240a8t,54,portfolio,Clearing,1789353391,2,0,1
nadt5tbu,21,vijmhlvg,54,portfolio,Clearing,1789353391,2,0,1
nadt5tbu,23,djq10sre,54,portfolio,Clearing,1789353391,2,0,1
nadt5tbu,25,5ddpdjuo,54,portfolio,Clearing,1789353391,2,0,1
nadt5tbu,11,qd0f31id,54,portfolio,Clearing,1789353391,2,0,1
nadt5tbu,12,gllc2565,54,portfolio,Clearing,1789353391,2,0,1
nadt5tbu,13,k6q3olvt,54,portfolio,Clearing,1789353391,2,0,1
nadt5tbu,14,h7g9h66e,54,portfolio,Clearing,1789353391,2,0,1
nadt5tbu,15,ch700ni6,54,portfolio,Clearing,1789353391,2,0,1
nadt5tbu,3,s57od4iz,45,portfolio,PageBidExperience,1789353395,2,0,0
nadt5tbu,1,2vm7punw,54,portfolio,Clearing,1789353395,2,0,1
nadt5tbu,2,wfmrxna9,54,portfolio,Clearing,1789353395,2,0,1
nadt5tbu,3,s57od4iz,54,portfolio,Clearing,1789353395,2,0,1
nadt5tbu,4,sem2q323,54,portfolio,Clearing,1789353395,2,0,1
nadt5tbu,5,pmhhauc6,54,portfolio,Clearing,1789353395,2,0,1
nadt5tbu,8,nt0omp7o,45,portfolio,PageBidExperience,1789353399,2,0,0
nadt5tbu,9,3vy48gux,45,portfolio,PageBidExperience,1789353409,2,0,0
nadt5tbu,6,bc7n6071,54,portfolio,Clearing,1789353409,2,0,1
nadt5tbu,7,j2qhej8d,54,portfolio,Clearing,1789353409,2,0,1
nadt5tbu,8,nt0omp7o,54,portfolio,Clearing,1789353409,2,0,1
nadt5tbu,9,3vy48gux,54,portfolio,Clearing,1789353409,2,0,1
nadt5tbu,10,zzkx5xsm,54,portfolio,Clearing,1789353409,2,0,1
nadt5tbu,16,5doee2qb,45,portfolio,PageBidExperience,1789353463,2,0,0
nadt5tbu,20,vlzegfsh,45,portfolio,PageBidExperience,1789353499,2,0,0
nadt5tbu,16,5doee2qb,54,portfolio,Clearing,1789353499,2,0,1
nadt5tbu,17,fjk39fjv,54,portfolio,Clearing,1789353499,2,0,1
nadt5tbu,18,uv9wmkop,54,portfolio,Clearing,1789353499,2,0,1
nadt5tbu,19,tdb9pvu4,54,portfolio,Clearing,1789353499,2,0,1
nadt5tbu,20,vlzegfsh,54,portfolio,Clearing,1789353499,2,0,1
nadt5tbu,16,5doee2qb,55,portfolio,SyncMarketRound,1789353500,2,0,1
nadt5tbu,17,fjk39fjv,55,portfolio,SyncMarketRound,1789353500,2,0,1
nadt5tbu,18,uv9wmkop,55,portfolio,SyncMarketRound,1789353500,2,0,1
nadt5tbu,6,bc7n6071,55,portfolio,SyncMarketRound,1789353500,2,0,1
nadt5tbu,7,j2qhej8d,55,portfolio,SyncMarketRound,1789353500,2,0,1
nadt5tbu,8,nt0omp7o,55,portfolio,SyncMarketRound,1789353500,2,0,1
nadt5tbu,1,2vm7punw,55,portfolio,SyncMarketRound,1789353500,2,0,1
nadt5tbu,2,wfmrxna9,55,portfolio,SyncMarketRound,1789353500,2,0,1
nadt5tbu,3,s57od4iz,55,portfolio,SyncMarketRound,1789353500,2,0,1
nadt5tbu,4,sem2q323,55,portfolio,SyncMarketRound,1789353500,2,0,1
nadt5tbu,11,qd0f31id,55,portfolio,SyncMarketRound,1789353500,2,0,1
nadt5tbu,12,gllc2565,55,portfolio,SyncMarketRound,1789353500,2,0,1
nadt5tbu,13,k6q3olvt,55,portfolio,SyncMarketRound,1789353500,2,0,1
nadt5tbu,14,h7g9h66e,55,portfolio,SyncMarketRound,1789353500,2,0,1
nadt5tbu,15,ch700ni6,55,portfolio,SyncMarketRound,1789353500,2,0,1
nadt5tbu,5,pmhhauc6,55,portfolio,SyncMarketRound,1789353500,2,0,1
nadt5tbu,9,3vy48gux,55,portfolio,SyncMarketRound,1789353500,2,0,1
nadt5tbu,10,zzkx5xsm,55,portfolio,SyncMarketRound,1789353500,2,0,1
nadt5tbu,19,tdb9pvu4,55,portfolio,SyncMarketRound,1789353500,2,0,1
nadt5tbu,20,vlzegfsh,55,portfolio,SyncMarketRound,1789353500,2,0,1
nadt5tbu,24,1rm0kasi,55,portfolio,SyncMarketRound,1789353500,2,0,1
nadt5tbu,22,8e240a8t,55,portfolio,SyncMarketRound,1789353500,2,0,1
nadt5tbu,21,vijmhlvg,55,portfolio,SyncMarketRound,1789353500,2,0,1
nadt5tbu,23,djq10sre,55,portfolio,SyncMarketRound,1789353500,2,0,1
nadt5tbu,25,5ddpdjuo,55,portfolio,SyncMarketRound,1789353500,2,0,1
nadt5tbu,21,vijmhlvg,74,portfolio,PageBidExperience,1789353527,3,0,0
nadt5tbu,17,fjk39fjv,74,portfolio,PageBidExperience,1789353527,3,0,0
nadt5tbu,4,sem2q323,74,portfolio,PageBidExperience,1789353528,3,0,0
nadt5tbu,8,nt0omp7o,74,portfolio,PageBidExperience,1789353532,3,0,0
nadt5tbu,10,zzkx5xsm,74,portfolio,PageBidExperience,1789353535,3,0,0
nadt5tbu,11,qd0f31id,74,portfolio,PageBidExperience,1789353536,3,0,0
nadt5tbu,23,djq10sre,74,portfolio,PageBidExperience,1789353537,3,0,0
nadt5tbu,2,wfmrxna9,74,portfolio,PageBidExperience,1789353537,3,0,0
nadt5tbu,19,tdb9pvu4,74,portfolio,PageBidExperience,1789353538,3,0,0
nadt5tbu,3,s57od4iz,74,portfolio,PageBidExperience,1789353542,3,0,0
nadt5tbu,12,gllc2565,74,portfolio,PageBidExperience,1789353545,3,0,0
nadt5tbu,24,1rm0kasi,74,portfolio,PageBidExperience,1789353552,3,0,0
nadt5tbu,13,k6q3olvt,74,portfolio,PageBidExperience,1789353553,3,0,0
nadt5tbu,18,uv9wmkop,74,portfolio,PageBidExperience,1789353560,3,0,0
nadt5tbu,16,5doee2qb,74,portfolio,PageBidExperience,1789353566,3,0,0
nadt5tbu,14,h7g9h66e,74,portfolio,PageBidExperience,1789353566,3,0,0
nadt5tbu,25,5ddpdjuo,74,portfolio,PageBidExperience,1789353573,3,0,0
nadt5tbu,9,3vy48gux,74,portfolio,PageBidExperience,1789353573,3,0,0
nadt5tbu,6,bc7n6071,74,portfolio,PageBidExperience,1789353575,3,0,0
nadt5tbu,7,j2qhej8d,74,portfolio,PageBidExperience,1789353580,3,0,0
nadt5tbu,7,j2qhej8d,83,portfolio,Clearing,1789353581,3,0,1
nadt5tbu,6,bc7n6071,83,portfolio,Clearing,1789353581,3,0,1
nadt5tbu,8,nt0omp7o,83,portfolio,Clearing,1789353581,3,0,1
nadt5tbu,9,3vy48gux,83,portfolio,Clearing,1789353581,3,0,1
nadt5tbu,10,zzkx5xsm,83,portfolio,Clearing,1789353581,3,0,1
nadt5tbu,5,pmhhauc6,74,portfolio,PageBidExperience,1789353584,3,0,0
nadt5tbu,22,8e240a8t,74,portfolio,PageBidExperience,1789353585,3,0,0
nadt5tbu,21,vijmhlvg,83,portfolio,Clearing,1789353586,3,0,1
nadt5tbu,22,8e240a8t,83,portfolio,Clearing,1789353586,3,0,1
nadt5tbu,23,djq10sre,83,portfolio,Clearing,1789353586,3,0,1
nadt5tbu,24,1rm0kasi,83,portfolio,Clearing,1789353586,3,0,1
nadt5tbu,25,5ddpdjuo,83,portfolio,Clearing,1789353586,3,0,1
nadt5tbu,1,2vm7punw,74,portfolio,PageBidExperience,1789353600,3,0,0
nadt5tbu,1,2vm7punw,83,portfolio,Clearing,1789353600,3,0,1
nadt5tbu,2,wfmrxna9,83,portfolio,Clearing,1789353600,3,0,1
nadt5tbu,3,s57od4iz,83,portfolio,Clearing,1789353600,3,0,1
nadt5tbu,4,sem2q323,83,portfolio,Clearing,1789353600,3,0,1
nadt5tbu,5,pmhhauc6,83,portfolio,Clearing,1789353600,3,0,1
nadt5tbu,15,ch700ni6,74,portfolio,PageBidExperience,1789353636,3,0,0
nadt5tbu,11,qd0f31id,83,portfolio,Clearing,1789353637,3,0,1
nadt5tbu,12,gllc2565,83,portfolio,Clearing,1789353637,3,0,1
nadt5tbu,13,k6q3olvt,83,portfolio,Clearing,1789353637,3,0,1
nadt5tbu,14,h7g9h66e,83,portfolio,Clearing,1789353637,3,0,1
nadt5tbu,15,ch700ni6,83,portfolio,Clearing,1789353637,3,0,1
nadt5tbu,20,vlzegfsh,74,portfolio,PageBidExperience,1789353637,3,0,0
nadt5tbu,16,5doee2qb,83,portfolio,Clearing,1789353637,3,0,1
nadt5tbu,17,fjk39fjv,83,portfolio,Clearing,1789353637,3,0,1
nadt5tbu,18,uv9wmkop,83,portfolio,Clearing,1789353637,3,0,1
nadt5tbu,19,tdb9pvu4,83,portfolio,Clearing,1789353637,3,0,1
nadt5tbu,20,vlzegfsh,83,portfolio,Clearing,1789353637,3,0,1
nadt5tbu,11,qd0f31id,84,portfolio,SyncMarketRound,1789353638,3,0,1
nadt5tbu,12,gllc2565,84,portfolio,SyncMarketRound,1789353638,3,0,1
nadt5tbu,1,2vm7punw,84,portfolio,SyncMarketRound,1789353638,3,0,1
nadt5tbu,16,5doee2qb,84,portfolio,SyncMarketRound,1789353638,3,0,1
nadt5tbu,2,wfmrxna9,84,portfolio,SyncMarketRound,1789353638,3,0,1
nadt5tbu,13,k6q3olvt,84,portfolio,SyncMarketRound,1789353638,3,0,1
nadt5tbu,14,h7g9h66e,84,portfolio,SyncMarketRound,1789353638,3,0,1
nadt5tbu,17,fjk39fjv,84,portfolio,SyncMarketRound,1789353638,3,0,1
nadt5tbu,3,s57od4iz,84,portfolio,SyncMarketRound,1789353638,3,0,1
nadt5tbu,18,uv9wmkop,84,portfolio,SyncMarketRound,1789353638,3,0,1
nadt5tbu,19,tdb9pvu4,84,portfolio,SyncMarketRound,1789353638,3,0,1
nadt5tbu,4,sem2q323,84,portfolio,SyncMarketRound,1789353638,3,0,1
nadt5tbu,21,vijmhlvg,84,portfolio,SyncMarketRound,1789353638,3,0,1
nadt5tbu,22,8e240a8t,84,portfolio,SyncMarketRound,1789353638,3,0,1
nadt5tbu,7,j2qhej8d,84,portfolio,SyncMarketRound,1789353638,3,0,1
nadt5tbu,6,bc7n6071,84,portfolio,SyncMarketRound,1789353638,3,0,1
nadt5tbu,23,djq10sre,84,portfolio,SyncMarketRound,1789353638,3,0,1
nadt5tbu,24,1rm0kasi,84,portfolio,SyncMarketRound,1789353638,3,0,1
nadt5tbu,5,pmhhauc6,84,portfolio,SyncMarketRound,1789353638,3,0,1
nadt5tbu,15,ch700ni6,84,portfolio,SyncMarketRound,1789353638,3,0,1
nadt5tbu,20,vlzegfsh,84,portfolio,SyncMarketRound,1789353638,3,0,1
nadt5tbu,25,5ddpdjuo,84,portfolio,SyncMarketRound,1789353638,3,0,1
nadt5tbu,8,nt0omp7o,84,portfolio,SyncMarketRound,1789353638,3,0,1
nadt5tbu,9,3vy48gux,84,portfolio,SyncMarketRound,1789353638,3,0,1
nadt5tbu,10,zzkx5xsm,84,portfolio,SyncMarketRound,1789353638,3,0,1
nadt5tbu,17,fjk39fjv,103,portfolio,PageBidExperience,1789353661,4,0,0
nadt5tbu,21,vijmhlvg,103,portfolio,PageBidExperience,1789353663,4,0,0
nadt5tbu,8,nt0omp7o,103,portfolio,PageBidExperience,1789353664,4,0,0
nadt5tbu,22,8e240a8t,103,portfolio,PageBidExperience,1789353664,4,0,0
nadt5tbu,4,sem2q323,103,portfolio,PageBidExperience,1789353667,4,0,0
nadt5tbu,18,uv9wmkop,103,portfolio,PageBidExperience,1789353669,4,0,0
nadt5tbu,19,tdb9pvu4,103,portfolio,PageBidExperience,1789353670,4,0,0
nadt5tbu,16,5doee2qb,103,portfolio,PageBidExperience,1789353672,4,0,0
nadt5tbu,2,wfmrxna9,103,portfolio,PageBidExperience,1789353673,4,0,0
nadt5tbu,1,2vm7punw,103,portfolio,PageBidExperience,1789353675,4,0,0
nadt5tbu,25,5ddpdjuo,103,portfolio,PageBidExperience,1789353676,4,0,0
nadt5tbu,14,h7g9h66e,103,portfolio,PageBidExperience,1789353677,4,0,0
nadt5tbu,6,bc7n6071,103,portfolio,PageBidExperience,1789353680,4,0,0
nadt5tbu,10,zzkx5xsm,103,portfolio,PageBidExperience,1789353681,4,0,0
nadt5tbu,20,vlzegfsh,103,portfolio,PageBidExperience,1789353683,4,0,0
nadt5tbu,16,5doee2qb,112,portfolio,Clearing,1789353683,4,0,1
nadt5tbu,17,fjk39fjv,112,portfolio,Clearing,1789353683,4,0,1
nadt5tbu,18,uv9wmkop,112,portfolio,Clearing,1789353683,4,0,1
nadt5tbu,19,tdb9pvu4,112,portfolio,Clearing,1789353683,4,0,1
nadt5tbu,20,vlzegfsh,112,portfolio,Clearing,1789353683,4,0,1
nadt5tbu,7,j2qhej8d,103,portfolio,PageBidExperience,1789353685,4,0,0
nadt5tbu,3,s57od4iz,103,portfolio,PageBidExperience,1789353685,4,0,0
nadt5tbu,23,djq10sre,103,portfolio,PageBidExperience,1789353689,4,0,0
nadt5tbu,11,qd0f31id,103,portfolio,PageBidExperience,1789353690,4,0,0
nadt5tbu,9,3vy48gux,103,portfolio,PageBidExperience,1789353693,4,0,0
nadt5tbu,6,bc7n6071,112,portfolio,Clearing,1789353693,4,0,1
nadt5tbu,7,j2qhej8d,112,portfolio,Clearing,1789353693,4,0,1
nadt5tbu,8,nt0omp7o,112,portfolio,Clearing,1789353693,4,0,1
nadt5tbu,9,3vy48gux,112,portfolio,Clearing,1789353693,4,0,1
nadt5tbu,10,zzkx5xsm,112,portfolio,Clearing,1789353693,4,0,1
nadt5tbu,12,gllc2565,103,portfolio,PageBidExperience,1789353699,4,0,0
nadt5tbu,13,k6q3olvt,103,portfolio,PageBidExperience,1789353699,4,0,0
nadt5tbu,24,1rm0kasi,103,portfolio,PageBidExperience,1789353725,4,0,0
nadt5tbu,22,8e240a8t,112,portfolio,Clearing,1789353726,4,0,1
nadt5tbu,21,vijmhlvg,112,portfolio,Clearing,1789353726,4,0,1
nadt5tbu,23,djq10sre,112,portfolio,Clearing,1789353726,4,0,1
nadt5tbu,24,1rm0kasi,112,portfolio,Clearing,1789353726,4,0,1
nadt5tbu,25,5ddpdjuo,112,portfolio,Clearing,1789353726,4,0,1
nadt5tbu,5,pmhhauc6,103,portfolio,PageBidExperience,1789353729,4,0,0
nadt5tbu,5,pmhhauc6,112,portfolio,Clearing,1789353730,4,0,1
nadt5tbu,1,2vm7punw,112,portfolio,Clearing,1789353730,4,0,1
nadt5tbu,2,wfmrxna9,112,portfolio,Clearing,1789353730,4,0,1
nadt5tbu,3,s57od4iz,112,portfolio,Clearing,1789353730,4,0,1
nadt5tbu,4,sem2q323,112,portfolio,Clearing,1789353730,4,0,1
nadt5tbu,15,ch700ni6,103,portfolio,PageBidExperience,1789353743,4,0,0
nadt5tbu,11,qd0f31id,112,portfolio,Clearing,1789353744,4,0,1
nadt5tbu,12,gllc2565,112,portfolio,Clearing,1789353744,4,0,1
nadt5tbu,13,k6q3olvt,112,portfolio,Clearing,1789353744,4,0,1
nadt5tbu,14,h7g9h66e,112,portfolio,Clearing,1789353744,4,0,1
nadt5tbu,15,ch700ni6,112,portfolio,Clearing,1789353744,4,0,1
nadt5tbu,11,qd0f31id,113,portfolio,SyncMarketRound,1789353745,4,0,1
nadt5tbu,12,gllc2565,113,portfolio,SyncMarketRound,1789353745,4,0,1
nadt5tbu,5,pmhhauc6,113,portfolio,SyncMarketRound,1789353745,4,0,1
nadt5tbu,1,2vm7punw,113,portfolio,SyncMarketRound,1789353745,4,0,1
nadt5tbu,13,k6q3olvt,113,portfolio,SyncMarketRound,1789353745,4,0,1
nadt5tbu,2,wfmrxna9,113,portfolio,SyncMarketRound,1789353745,4,0,1
nadt5tbu,6,bc7n6071,113,portfolio,SyncMarketRound,1789353745,4,0,1
nadt5tbu,7,j2qhej8d,113,portfolio,SyncMarketRound,1789353745,4,0,1
nadt5tbu,8,nt0omp7o,113,portfolio,SyncMarketRound,1789353745,4,0,1
nadt5tbu,9,3vy48gux,113,portfolio,SyncMarketRound,1789353745,4,0,1
nadt5tbu,3,s57od4iz,113,portfolio,SyncMarketRound,1789353745,4,0,1
nadt5tbu,4,sem2q323,113,portfolio,SyncMarketRound,1789353745,4,0,1
nadt5tbu,14,h7g9h66e,113,portfolio,SyncMarketRound,1789353745,4,0,1
nadt5tbu,15,ch700ni6,113,portfolio,SyncMarketRound,1789353745,4,0,1
nadt5tbu,22,8e240a8t,113,portfolio,SyncMarketRound,1789353745,4,0,1
nadt5tbu,21,vijmhlvg,113,portfolio,SyncMarketRound,1789353745,4,0,1
nadt5tbu,23,djq10sre,113,portfolio,SyncMarketRound,1789353745,4,0,1
nadt5tbu,24,1rm0kasi,113,portfolio,SyncMarketRound,1789353745,4,0,1
nadt5tbu,25,5ddpdjuo,113,portfolio,SyncMarketRound,1789353745,4,0,1
nadt5tbu,16,5doee2qb,113,portfolio,SyncMarketRound,1789353745,4,0,1
nadt5tbu,17,fjk39fjv,113,portfolio,SyncMarketRound,1789353745,4,0,1
nadt5tbu,18,uv9wmkop,113,portfolio,SyncMarketRound,1789353745,4,0,1
nadt5tbu,19,tdb9pvu4,113,portfolio,SyncMarketRound,1789353745,4,0,1
nadt5tbu,20,vlzegfsh,113,portfolio,SyncMarketRound,1789353745,4,0,1
nadt5tbu,10,zzkx5xsm,113,portfolio,SyncMarketRound,1789353745,4,0,1
nadt5tbu,2,wfmrxna9,132,portfolio,PageBidExperience,1789353762,5,0,0
nadt5tbu,23,djq10sre,132,portfolio,PageBidExperience,1789353764,5,0,0
nadt5tbu,1,2vm7punw,132,portfolio,PageBidExperience,1789353771,5,0,0
nadt5tbu,18,uv9wmkop,132,portfolio,PageBidExperience,1789353774,5,0,0
nadt5tbu,8,nt0omp7o,132,portfolio,PageBidExperience,1789353776,5,0,0
nadt5tbu,5,pmhhauc6,132,portfolio,PageBidExperience,1789353778,5,0,0
nadt5tbu,14,h7g9h66e,132,portfolio,PageBidExperience,1789353778,5,0,0
nadt5tbu,9,3vy48gux,132,portfolio,PageBidExperience,1789353779,5,0,0
nadt5tbu,4,sem2q323,132,portfolio,PageBidExperience,1789353779,5,0,0
nadt5tbu,7,j2qhej8d,132,portfolio,PageBidExperience,1789353781,5,0,0
nadt5tbu,21,vijmhlvg,132,portfolio,PageBidExperience,1789353782,5,0,0
nadt5tbu,12,gllc2565,132,portfolio,PageBidExperience,1789353783,5,0,0
nadt5tbu,3,s57od4iz,132,portfolio,PageBidExperience,1789353786,5,0,0
nadt5tbu,1,2vm7punw,141,portfolio,Clearing,1789353787,5,0,1
nadt5tbu,2,wfmrxna9,141,portfolio,Clearing,1789353787,5,0,1
nadt5tbu,3,s57od4iz,141,portfolio,Clearing,1789353787,5,0,1
nadt5tbu,4,sem2q323,141,portfolio,Clearing,1789353787,5,0,1
nadt5tbu,5,pmhhauc6,141,portfolio,Clearing,1789353787,5,0,1
nadt5tbu,10,zzkx5xsm,132,portfolio,PageBidExperience,1789353789,5,0,0
nadt5tbu,19,tdb9pvu4,132,portfolio,PageBidExperience,1789353789,5,0,0
nadt5tbu,11,qd0f31id,132,portfolio,PageBidExperience,1789353795,5,0,0
nadt5tbu,16,5doee2qb,132,portfolio,PageBidExperience,1789353797,5,0,0
nadt5tbu,17,fjk39fjv,132,portfolio,PageBidExperience,1789353799,5,0,0
nadt5tbu,25,5ddpdjuo,132,portfolio,PageBidExperience,1789353799,5,0,0
nadt5tbu,20,vlzegfsh,132,portfolio,PageBidExperience,1789353803,5,0,0
nadt5tbu,16,5doee2qb,141,portfolio,Clearing,1789353803,5,0,1
nadt5tbu,17,fjk39fjv,141,portfolio,Clearing,1789353803,5,0,1
nadt5tbu,18,uv9wmkop,141,portfolio,Clearing,1789353803,5,0,1
nadt5tbu,19,tdb9pvu4,141,portfolio,Clearing,1789353803,5,0,1
nadt5tbu,20,vlzegfsh,141,portfolio,Clearing,1789353803,5,0,1
nadt5tbu,6,bc7n6071,132,portfolio,PageBidExperience,1789353808,5,0,0
nadt5tbu,6,bc7n6071,141,portfolio,Clearing,1789353808,5,0,1
nadt5tbu,7,j2qhej8d,141,portfolio,Clearing,1789353808,5,0,1
nadt5tbu,8,nt0omp7o,141,portfolio,Clearing,1789353808,5,0,1
nadt5tbu,9,3vy48gux,141,portfolio,Clearing,1789353808,5,0,1
nadt5tbu,10,zzkx5xsm,141,portfolio,Clearing,1789353808,5,0,1
nadt5tbu,15,ch700ni6,132,portfolio,PageBidExperience,1789353810,5,0,0
nadt5tbu,24,1rm0kasi,132,portfolio,PageBidExperience,1789353821,5,0,0
nadt5tbu,22,8e240a8t,132,portfolio,PageBidExperience,1789353824,5,0,0
nadt5tbu,21,vijmhlvg,141,portfolio,Clearing,1789353824,5,0,1
nadt5tbu,22,8e240a8t,141,portfolio,Clearing,1789353824,5,0,1
nadt5tbu,23,djq10sre,141,portfolio,Clearing,1789353824,5,0,1
nadt5tbu,24,1rm0kasi,141,portfolio,Clearing,1789353824,5,0,1
nadt5tbu,25,5ddpdjuo,141,portfolio,Clearing,1789353824,5,0,1
nadt5tbu,13,k6q3olvt,132,portfolio,PageBidExperience,1789353848,5,0,0
nadt5tbu,11,qd0f31id,141,portfolio,Clearing,1789353849,5,0,1
nadt5tbu,12,gllc2565,141,portfolio,Clearing,1789353849,5,0,1
nadt5tbu,13,k6q3olvt,141,portfolio,Clearing,1789353849,5,0,1
nadt5tbu,14,h7g9h66e,141,portfolio,Clearing,1789353849,5,0,1
nadt5tbu,15,ch700ni6,141,portfolio,Clearing,1789353849,5,0,1
nadt5tbu,11,qd0f31id,142,portfolio,SyncMarketRound,1789353850,5,0,1
nadt5tbu,6,bc7n6071,142,portfolio,SyncMarketRound,1789353850,5,0,1
nadt5tbu,12,gllc2565,142,portfolio,SyncMarketRound,1789353850,5,0,1
nadt5tbu,21,vijmhlvg,142,portfolio,SyncMarketRound,1789353850,5,0,1
nadt5tbu,7,j2qhej8d,142,portfolio,SyncMarketRound,1789353850,5,0,1
nadt5tbu,22,8e240a8t,142,portfolio,SyncMarketRound,1789353850,5,0,1
nadt5tbu,13,k6q3olvt,142,portfolio,SyncMarketRound,1789353850,5,0,1
nadt5tbu,8,nt0omp7o,142,portfolio,SyncMarketRound,1789353850,5,0,1
nadt5tbu,1,2vm7punw,142,portfolio,SyncMarketRound,1789353850,5,0,1
nadt5tbu,2,wfmrxna9,142,portfolio,SyncMarketRound,1789353850,5,0,1
nadt5tbu,3,s57od4iz,142,portfolio,SyncMarketRound,1789353850,5,0,1
nadt5tbu,14,h7g9h66e,142,portfolio,SyncMarketRound,1789353850,5,0,1
nadt5tbu,9,3vy48gux,142,portfolio,SyncMarketRound,1789353850,5,0,1
nadt5tbu,16,5doee2qb,142,portfolio,SyncMarketRound,1789353850,5,0,1
nadt5tbu,17,fjk39fjv,142,portfolio,SyncMarketRound,1789353850,5,0,1
nadt5tbu,18,uv9wmkop,142,portfolio,SyncMarketRound,1789353850,5,0,1
nadt5tbu,19,tdb9pvu4,142,portfolio,SyncMarketRound,1789353850,5,0,1
nadt5tbu,20,vlzegfsh,142,portfolio,SyncMarketRound,1789353850,5,0,1
nadt5tbu,10,zzkx5xsm,142,portfolio,SyncMarketRound,1789353850,5,0,1
nadt5tbu,23,djq10sre,142,portfolio,SyncMarketRound,1789353850,5,0,1
nadt5tbu,24,1rm0kasi,142,portfolio,SyncMarketRound,1789353850,5,0,1
nadt5tbu,25,5ddpdjuo,142,portfolio,SyncMarketRound,1789353850,5,0,1
nadt5tbu,15,ch700ni6,142,portfolio,SyncMarketRound,1789353850,5,0,1
nadt5tbu,4,sem2q323,142,portfolio,SyncMarketRound,1789353850,5,0,1
nadt5tbu,5,pmhhauc6,142,portfolio,SyncMarketRound,1789353850,5,0,1
nadt5tbu,23,djq10sre,161,portfolio,PageBidExperience,1789353867,6,0,0
nadt5tbu,2,wfmrxna9,161,portfolio,PageBidExperience,1789353870,6,0,0
nadt5tbu,17,fjk39fjv,161,portfolio,PageBidExperience,1789353873,6,0,0
nadt5tbu,21,vijmhlvg,161,portfolio,PageBidExperience,1789353875,6,0,0
nadt5tbu,11,qd0f31id,161,portfolio,PageBidExperience,1789353876,6,0,0
nadt5tbu,8,nt0omp7o,161,portfolio,PageBidExperience,1789353877,6,0,0
nadt5tbu,16,5doee2qb,161,portfolio,PageBidExperience,1789353878,6,0,0
nadt5tbu,22,8e240a8t,161,portfolio,PageBidExperience,1789353879,6,0,0
nadt5tbu,19,tdb9pvu4,161,portfolio,PageBidExperience,1789353880,6,0,0
nadt5tbu,3,s57od4iz,161,portfolio,PageBidExperience,1789353880,6,0,0
nadt5tbu,9,3vy48gux,161,portfolio,PageBidExperience,1789353881,6,0,0
nadt5tbu,18,uv9wmkop,161,portfolio,PageBidExperience,1789353881,6,0,0
nadt5tbu,15,ch700ni6,161,portfolio,PageBidExperience,1789353882,6,0,0
nadt5tbu,4,sem2q323,161,portfolio,PageBidExperience,1789353883,6,0,0
nadt5tbu,10,zzkx5xsm,161,portfolio,PageBidExperience,1789353890,6,0,0
nadt5tbu,5,pmhhauc6,161,portfolio,PageBidExperience,1789353891,6,0,0
nadt5tbu,20,vlzegfsh,161,portfolio,PageBidExperience,1789353904,6,0,0
nadt5tbu,16,5doee2qb,170,portfolio,Clearing,1789353905,6,0,1
nadt5tbu,17,fjk39fjv,170,portfolio,Clearing,1789353905,6,0,1
nadt5tbu,18,uv9wmkop,170,portfolio,Clearing,1789353905,6,0,1
nadt5tbu,19,tdb9pvu4,170,portfolio,Clearing,1789353905,6,0,1
nadt5tbu,20,vlzegfsh,170,portfolio,Clearing,1789353905,6,0,1
nadt5tbu,7,j2qhej8d,161,portfolio,PageBidExperience,1789353907,6,0,0
nadt5tbu,12,gllc2565,161,portfolio,PageBidExperience,1789353907,6,0,0
nadt5tbu,14,h7g9h66e,161,portfolio,PageBidExperience,1789353911,6,0,0
nadt5tbu,6,bc7n6071,161,portfolio,PageBidExperience,1789353911,6,0,0
nadt5tbu,6,bc7n6071,170,portfolio,Clearing,1789353911,6,0,1
nadt5tbu,7,j2qhej8d,170,portfolio,Clearing,1789353911,6,0,1
nadt5tbu,8,nt0omp7o,170,portfolio,Clearing,1789353911,6,0,1
nadt5tbu,9,3vy48gux,170,portfolio,Clearing,1789353911,6,0,1
nadt5tbu,10,zzkx5xsm,170,portfolio,Clearing,1789353911,6,0,1
nadt5tbu,24,1rm0kasi,161,portfolio,PageBidExperience,1789353912,6,0,0
nadt5tbu,25,5ddpdjuo,161,portfolio,PageBidExperience,1789353915,6,0,0
nadt5tbu,21,vijmhlvg,170,portfolio,Clearing,1789353916,6,0,1
nadt5tbu,22,8e240a8t,170,portfolio,Clearing,1789353916,6,0,1
nadt5tbu,24,1rm0kasi,170,portfolio,Clearing,1789353916,6,0,1
nadt5tbu,25,5ddpdjuo,170,portfolio,Clearing,1789353916,6,0,1
nadt5tbu,23,djq10sre,170,portfolio,Clearing,1789353916,6,0,1
nadt5tbu,13,k6q3olvt,161,portfolio,PageBidExperience,1789354009,6,0,0
nadt5tbu,11,qd0f31id,170,portfolio,Clearing,1789354009,6,0,1
nadt5tbu,12,gllc2565,170,portfolio,Clearing,1789354009,6,0,1
nadt5tbu,13,k6q3olvt,170,portfolio,Clearing,1789354009,6,0,1
nadt5tbu,14,h7g9h66e,170,portfolio,Clearing,1789354009,6,0,1
nadt5tbu,15,ch700ni6,170,portfolio,Clearing,1789354009,6,0,1
nadt5tbu,1,2vm7punw,161,portfolio,PageBidExperience,1789354019,6,0,0
nadt5tbu,3,s57od4iz,170,portfolio,Clearing,1789354020,6,0,1
nadt5tbu,1,2vm7punw,170,portfolio,Clearing,1789354020,6,0,1
nadt5tbu,2,wfmrxna9,170,portfolio,Clearing,1789354020,6,0,1
nadt5tbu,4,sem2q323,170,portfolio,Clearing,1789354020,6,0,1
nadt5tbu,5,pmhhauc6,170,portfolio,Clearing,1789354020,6,0,1
nadt5tbu,11,qd0f31id,171,portfolio,SyncMarketRound,1789354021,6,0,1
nadt5tbu,3,s57od4iz,171,portfolio,SyncMarketRound,1789354021,6,0,1
nadt5tbu,12,gllc2565,171,portfolio,SyncMarketRound,1789354021,6,0,1
nadt5tbu,1,2vm7punw,171,portfolio,SyncMarketRound,1789354021,6,0,1
nadt5tbu,2,wfmrxna9,171,portfolio,SyncMarketRound,1789354021,6,0,1
nadt5tbu,4,sem2q323,171,portfolio,SyncMarketRound,1789354021,6,0,1
nadt5tbu,5,pmhhauc6,171,portfolio,SyncMarketRound,1789354021,6,0,1
nadt5tbu,6,bc7n6071,171,portfolio,SyncMarketRound,1789354021,6,0,1
nadt5tbu,7,j2qhej8d,171,portfolio,SyncMarketRound,1789354021,6,0,1
nadt5tbu,8,nt0omp7o,171,portfolio,SyncMarketRound,1789354021,6,0,1
nadt5tbu,9,3vy48gux,171,portfolio,SyncMarketRound,1789354021,6,0,1
nadt5tbu,13,k6q3olvt,171,portfolio,SyncMarketRound,1789354021,6,0,1
nadt5tbu,14,h7g9h66e,171,portfolio,SyncMarketRound,1789354021,6,0,1
nadt5tbu,15,ch700ni6,171,portfolio,SyncMarketRound,1789354021,6,0,1
nadt5tbu,21,vijmhlvg,171,portfolio,SyncMarketRound,1789354021,6,0,1
nadt5tbu,16,5doee2qb,171,portfolio,SyncMarketRound,1789354021,6,0,1
nadt5tbu,22,8e240a8t,171,portfolio,SyncMarketRound,1789354021,6,0,1
nadt5tbu,24,1rm0kasi,171,portfolio,SyncMarketRound,1789354021,6,0,1
nadt5tbu,25,5ddpdjuo,171,portfolio,SyncMarketRound,1789354021,6,0,1
nadt5tbu,17,fjk39fjv,171,portfolio,SyncMarketRound,1789354021,6,0,1
nadt5tbu,18,uv9wmkop,171,portfolio,SyncMarketRound,1789354021,6,0,1
nadt5tbu,19,tdb9pvu4,171,portfolio,SyncMarketRound,1789354021,6,0,1
nadt5tbu,20,vlzegfsh,171,portfolio,SyncMarketRound,1789354021,6,0,1
nadt5tbu,10,zzkx5xsm,171,portfolio,SyncMarketRound,1789354021,6,0,1
nadt5tbu,23,djq10sre,171,portfolio,SyncMarketRound,1789354021,6,0,1
nadt5tbu,15,ch700ni6,190,portfolio,PageBidExperience,1789354034,7,0,0
nadt5tbu,19,tdb9pvu4,190,portfolio,PageBidExperience,1789354038,7,0,0
nadt5tbu,21,vijmhlvg,190,portfolio,PageBidExperience,1789354041,7,0,0
nadt5tbu,23,djq10sre,190,portfolio,PageBidExperience,1789354042,7,0,0
nadt5tbu,18,uv9wmkop,190,portfolio,PageBidExperience,1789354044,7,0,0
nadt5tbu,11,qd0f31id,190,portfolio,PageBidExperience,1789354046,7,0,0
nadt5tbu,22,8e240a8t,190,portfolio,PageBidExperience,1789354046,7,0,0
nadt5tbu,3,s57od4iz,190,portfolio,PageBidExperience,1789354050,7,0,0
nadt5tbu,8,nt0omp7o,190,portfolio,PageBidExperience,1789354053,7,0,0
nadt5tbu,16,5doee2qb,190,portfolio,PageBidExperience,1789354056,7,0,0
nadt5tbu,17,fjk39fjv,190,portfolio,PageBidExperience,1789354056,7,0,0
nadt5tbu,14,h7g9h66e,190,portfolio,PageBidExperience,1789354057,7,0,0
nadt5tbu,10,zzkx5xsm,190,portfolio,PageBidExperience,1789354057,7,0,0
nadt5tbu,20,vlzegfsh,190,portfolio,PageBidExperience,1789354058,7,0,0
nadt5tbu,4,sem2q323,190,portfolio,PageBidExperience,1789354059,7,0,0
nadt5tbu,16,5doee2qb,199,portfolio,Clearing,1789354059,7,0,1
nadt5tbu,17,fjk39fjv,199,portfolio,Clearing,1789354059,7,0,1
nadt5tbu,18,uv9wmkop,199,portfolio,Clearing,1789354059,7,0,1
nadt5tbu,19,tdb9pvu4,199,portfolio,Clearing,1789354059,7,0,1
nadt5tbu,20,vlzegfsh,199,portfolio,Clearing,1789354059,7,0,1
nadt5tbu,7,j2qhej8d,190,portfolio,PageBidExperience,1789354059,7,0,0
nadt5tbu,25,5ddpdjuo,190,portfolio,PageBidExperience,1789354060,7,0,0
nadt5tbu,6,bc7n6071,190,portfolio,PageBidExperience,1789354061,7,0,0
nadt5tbu,13,k6q3olvt,190,portfolio,PageBidExperience,1789354063,7,0,0
nadt5tbu,24,1rm0kasi,190,portfolio,PageBidExperience,1789354065,7,0,0
nadt5tbu,21,vijmhlvg,199,portfolio,Clearing,1789354065,7,0,1
nadt5tbu,22,8e240a8t,199,portfolio,Clearing,1789354065,7,0,1
nadt5tbu,23,djq10sre,199,portfolio,Clearing,1789354065,7,0,1
nadt5tbu,24,1rm0kasi,199,portfolio,Clearing,1789354065,7,0,1
nadt5tbu,25,5ddpdjuo,199,portfolio,Clearing,1789354065,7,0,1
nadt5tbu,9,3vy48gux,190,portfolio,PageBidExperience,1789354068,7,0,0
nadt5tbu,2,wfmrxna9,190,portfolio,PageBidExperience,1789354068,7,0,0
nadt5tbu,6,bc7n6071,199,portfolio,Clearing,1789354069,7,0,1
nadt5tbu,7,j2qhej8d,199,portfolio,Clearing,1789354069,7,0,1
nadt5tbu,8,nt0omp7o,199,portfolio,Clearing,1789354069,7,0,1
nadt5tbu,9,3vy48gux,199,portfolio,Clearing,1789354069,7,0,1
nadt5tbu,10,zzkx5xsm,199,portfolio,Clearing,1789354069,7,0,1
nadt5tbu,5,pmhhauc6,190,portfolio,PageBidExperience,1789354071,7,0,0
nadt5tbu,1,2vm7punw,190,portfolio,PageBidExperience,1789354076,7,0,0
nadt5tbu,1,2vm7punw,199,portfolio,Clearing,1789354076,7,0,1
nadt5tbu,2,wfmrxna9,199,portfolio,Clearing,1789354076,7,0,1
nadt5tbu,3,s57od4iz,199,portfolio,Clearing,1789354076,7,0,1
nadt5tbu,4,sem2q323,199,portfolio,Clearing,1789354076,7,0,1
nadt5tbu,5,pmhhauc6,199,portfolio,Clearing,1789354076,7,0,1
nadt5tbu,12,gllc2565,190,portfolio,PageBidExperience,1789354090,7,0,0
nadt5tbu,11,qd0f31id,199,portfolio,Clearing,1789354091,7,0,1
nadt5tbu,12,gllc2565,199,portfolio,Clearing,1789354091,7,0,1
nadt5tbu,13,k6q3olvt,199,portfolio,Clearing,1789354091,7,0,1
nadt5tbu,14,h7g9h66e,199,portfolio,Clearing,1789354091,7,0,1
nadt5tbu,15,ch700ni6,199,portfolio,Clearing,1789354091,7,0,1
nadt5tbu,11,qd0f31id,200,portfolio,SyncMarketRound,1789354092,7,0,1
nadt5tbu,12,gllc2565,200,portfolio,SyncMarketRound,1789354092,7,0,1
nadt5tbu,6,bc7n6071,200,portfolio,SyncMarketRound,1789354092,7,0,1
nadt5tbu,7,j2qhej8d,200,portfolio,SyncMarketRound,1789354092,7,0,1
nadt5tbu,13,k6q3olvt,200,portfolio,SyncMarketRound,1789354092,7,0,1
nadt5tbu,1,2vm7punw,200,portfolio,SyncMarketRound,1789354092,7,0,1
nadt5tbu,2,wfmrxna9,200,portfolio,SyncMarketRound,1789354092,7,0,1
nadt5tbu,3,s57od4iz,200,portfolio,SyncMarketRound,1789354092,7,0,1
nadt5tbu,8,nt0omp7o,200,portfolio,SyncMarketRound,1789354092,7,0,1
nadt5tbu,14,h7g9h66e,200,portfolio,SyncMarketRound,1789354092,7,0,1
nadt5tbu,16,5doee2qb,200,portfolio,SyncMarketRound,1789354092,7,0,1
nadt5tbu,17,fjk39fjv,200,portfolio,SyncMarketRound,1789354092,7,0,1
nadt5tbu,18,uv9wmkop,200,portfolio,SyncMarketRound,1789354092,7,0,1
nadt5tbu,21,vijmhlvg,200,portfolio,SyncMarketRound,1789354092,7,0,1
nadt5tbu,22,8e240a8t,200,portfolio,SyncMarketRound,1789354092,7,0,1
nadt5tbu,23,djq10sre,200,portfolio,SyncMarketRound,1789354092,7,0,1
nadt5tbu,24,1rm0kasi,200,portfolio,SyncMarketRound,1789354092,7,0,1
nadt5tbu,25,5ddpdjuo,200,portfolio,SyncMarketRound,1789354092,7,0,1
nadt5tbu,9,3vy48gux,200,portfolio,SyncMarketRound,1789354092,7,0,1
nadt5tbu,10,zzkx5xsm,200,portfolio,SyncMarketRound,1789354092,7,0,1
nadt5tbu,4,sem2q323,200,portfolio,SyncMarketRound,1789354092,7,0,1
nadt5tbu,5,pmhhauc6,200,portfolio,SyncMarketRound,1789354092,7,0,1
nadt5tbu,19,tdb9pvu4,200,portfolio,SyncMarketRound,1789354092,7,0,1
nadt5tbu,20,vlzegfsh,200,portfolio,SyncMarketRound,1789354092,7,0,1
nadt5tbu,15,ch700ni6,200,portfolio,SyncMarketRound,1789354092,7,0,1
nadt5tbu,15,ch700ni6,219,portfolio,PageBidExperience,1789354112,8,0,0
nadt5tbu,19,tdb9pvu4,219,portfolio,PageBidExperience,1789354112,8,0,0
nadt5tbu,4,sem2q323,219,portfolio,PageBidExperience,1789354114,8,0,0
nadt5tbu,3,s57od4iz,219,portfolio,PageBidExperience,1789354116,8,0,0
nadt5tbu,22,8e240a8t,219,portfolio,PageBidExperience,1789354117,8,0,0
nadt5tbu,16,5doee2qb,219,portfolio,PageBidExperience,1789354117,8,0,0
nadt5tbu,10,zzkx5xsm,219,portfolio,PageBidExperience,1789354117,8,0,0
nadt5tbu,9,3vy48gux,219,portfolio,PageBidExperience,1789354119,8,0,0
nadt5tbu,1,2vm7punw,219,portfolio,PageBidExperience,1789354122,8,0,0
nadt5tbu,21,vijmhlvg,219,portfolio,PageBidExperience,1789354122,8,0,0
nadt5tbu,8,nt0omp7o,219,portfolio,PageBidExperience,1789354126,8,0,0
nadt5tbu,7,j2qhej8d,219,portfolio,PageBidExperience,1789354128,8,0,0
nadt5tbu,18,uv9wmkop,219,portfolio,PageBidExperience,1789354134,8,0,0
nadt5tbu,13,k6q3olvt,219,portfolio,PageBidExperience,1789354134,8,0,0
nadt5tbu,2,wfmrxna9,219,portfolio,PageBidExperience,1789354135,8,0,0
nadt5tbu,25,5ddpdjuo,219,portfolio,PageBidExperience,1789354136,8,0,0
nadt5tbu,11,qd0f31id,219,portfolio,PageBidExperience,1789354137,8,0,0
nadt5tbu,5,pmhhauc6,219,portfolio,PageBidExperience,1789354141,8,0,0
nadt5tbu,1,2vm7punw,228,portfolio,Clearing,1789354141,8,0,1
nadt5tbu,2,wfmrxna9,228,portfolio,Clearing,1789354141,8,0,1
nadt5tbu,3,s57od4iz,228,portfolio,Clearing,1789354141,8,0,1
nadt5tbu,4,sem2q323,228,portfolio,Clearing,1789354141,8,0,1
nadt5tbu,5,pmhhauc6,228,portfolio,Clearing,1789354141,8,0,1
nadt5tbu,12,gllc2565,219,portfolio,PageBidExperience,1789354145,8,0,0
nadt5tbu,24,1rm0kasi,219,portfolio,PageBidExperience,1789354149,8,0,0
nadt5tbu,17,fjk39fjv,219,portfolio,PageBidExperience,1789354152,8,0,0
nadt5tbu,14,h7g9h66e,219,portfolio,PageBidExperience,1789354155,8,0,0
nadt5tbu,11,qd0f31id,228,portfolio,Clearing,1789354155,8,0,1
nadt5tbu,12,gllc2565,228,portfolio,Clearing,1789354155,8,0,1
nadt5tbu,13,k6q3olvt,228,portfolio,Clearing,1789354155,8,0,1
nadt5tbu,14,h7g9h66e,228,portfolio,Clearing,1789354155,8,0,1
nadt5tbu,15,ch700ni6,228,portfolio,Clearing,1789354155,8,0,1
nadt5tbu,23,djq10sre,219,portfolio,PageBidExperience,1789354161,8,0,0
nadt5tbu,21,vijmhlvg,228,portfolio,Clearing,1789354162,8,0,1
nadt5tbu,22,8e240a8t,228,portfolio,Clearing,1789354162,8,0,1
nadt5tbu,23,djq10sre,228,portfolio,Clearing,1789354162,8,0,1
nadt5tbu,24,1rm0kasi,228,portfolio,Clearing,1789354162,8,0,1
nadt5tbu,25,5ddpdjuo,228,portfolio,Clearing,1789354162,8,0,1
nadt5tbu,20,vlzegfsh,219,portfolio,PageBidExperience,1789354170,8,0,0
nadt5tbu,16,5doee2qb,228,portfolio,Clearing,1789354171,8,0,1
nadt5tbu,17,fjk39fjv,228,portfolio,Clearing,1789354171,8,0,1
nadt5tbu,18,uv9wmkop,228,portfolio,Clearing,1789354171,8,0,1
nadt5tbu,19,tdb9pvu4,228,portfolio,Clearing,1789354171,8,0,1
nadt5tbu,20,vlzegfsh,228,portfolio,Clearing,1789354171,8,0,1
nadt5tbu,6,bc7n6071,219,portfolio,PageBidExperience,1789354187,8,0,0
nadt5tbu,6,bc7n6071,228,portfolio,Clearing,1789354188,8,0,1
nadt5tbu,7,j2qhej8d,228,portfolio,Clearing,1789354188,8,0,1
nadt5tbu,8,nt0omp7o,228,portfolio,Clearing,1789354188,8,0,1
nadt5tbu,9,3vy48gux,228,portfolio,Clearing,1789354188,8,0,1
nadt5tbu,10,zzkx5xsm,228,portfolio,Clearing,1789354188,8,0,1
nadt5tbu,6,bc7n6071,229,portfolio,SyncMarketRound,1789354189,8,0,1
nadt5tbu,7,j2qhej8d,229,portfolio,SyncMarketRound,1789354189,8,0,1
nadt5tbu,8,nt0omp7o,229,portfolio,SyncMarketRound,1789354189,8,0,1
nadt5tbu,9,3vy48gux,229,portfolio,SyncMarketRound,1789354189,8,0,1
nadt5tbu,1,2vm7punw,229,portfolio,SyncMarketRound,1789354189,8,0,1
nadt5tbu,2,wfmrxna9,229,portfolio,SyncMarketRound,1789354189,8,0,1
nadt5tbu,3,s57od4iz,229,portfolio,SyncMarketRound,1789354189,8,0,1
nadt5tbu,4,sem2q323,229,portfolio,SyncMarketRound,1789354189,8,0,1
nadt5tbu,5,pmhhauc6,229,portfolio,SyncMarketRound,1789354189,8,0,1
nadt5tbu,10,zzkx5xsm,229,portfolio,SyncMarketRound,1789354189,8,0,1
nadt5tbu,16,5doee2qb,229,portfolio,SyncMarketRound,1789354189,8,0,1
nadt5tbu,17,fjk39fjv,229,portfolio,SyncMarketRound,1789354189,8,0,1
nadt5tbu,21,vijmhlvg,229,portfolio,SyncMarketRound,1789354189,8,0,1
nadt5tbu,22,8e240a8t,229,portfolio,SyncMarketRound,1789354189,8,0,1
nadt5tbu,18,uv9wmkop,229,portfolio,SyncMarketRound,1789354189,8,0,1
nadt5tbu,23,djq10sre,229,portfolio,SyncMarketRound,1789354189,8,0,1
nadt5tbu,11,qd0f31id,229,portfolio,SyncMarketRound,1789354189,8,0,1
nadt5tbu,24,1rm0kasi,229,portfolio,SyncMarketRound,1789354189,8,0,1
nadt5tbu,19,tdb9pvu4,229,portfolio,SyncMarketRound,1789354189,8,0,1
nadt5tbu,12,gllc2565,229,portfolio,SyncMarketRound,1789354189,8,0,1
nadt5tbu,13,k6q3olvt,229,portfolio,SyncMarketRound,1789354189,8,0,1
nadt5tbu,14,h7g9h66e,229,portfolio,SyncMarketRound,1789354189,8,0,1
nadt5tbu,15,ch700ni6,229,portfolio,SyncMarketRound,1789354189,8,0,1
nadt5tbu,25,5ddpdjuo,229,portfolio,SyncMarketRound,1789354189,8,0,1
nadt5tbu,20,vlzegfsh,229,portfolio,SyncMarketRound,1789354189,8,0,1
nadt5tbu,23,djq10sre,248,portfolio,PageBidExperience,1789354204,9,0,0
nadt5tbu,22,8e240a8t,248,portfolio,PageBidExperience,1789354207,9,0,0
nadt5tbu,19,tdb9pvu4,248,portfolio,PageBidExperience,1789354207,9,0,0
nadt5tbu,10,zzkx5xsm,248,portfolio,PageBidExperience,1789354211,9,0,0
nadt5tbu,15,ch700ni6,248,portfolio,PageBidExperience,1789354212,9,0,0
nadt5tbu,5,pmhhauc6,248,portfolio,PageBidExperience,1789354213,9,0,0
nadt5tbu,24,1rm0kasi,248,portfolio,PageBidExperience,1789354214,9,0,0
nadt5tbu,11,qd0f31id,248,portfolio,PageBidExperience,1789354214,9,0,0
nadt5tbu,14,h7g9h66e,248,portfolio,PageBidExperience,1789354215,9,0,0
nadt5tbu,2,wfmrxna9,248,portfolio,PageBidExperience,1789354217,9,0,0
nadt5tbu,20,vlzegfsh,248,portfolio,PageBidExperience,1789354218,9,0,0
nadt5tbu,3,s57od4iz,248,portfolio,PageBidExperience,1789354222,9,0,0
nadt5tbu,18,uv9wmkop,248,portfolio,PageBidExperience,1789354222,9,0,0
nadt5tbu,8,nt0omp7o,248,portfolio,PageBidExperience,1789354222,9,0,0
nadt5tbu,25,5ddpdjuo,248,portfolio,PageBidExperience,1789354223,9,0,0
nadt5tbu,16,5doee2qb,248,portfolio,PageBidExperience,1789354224,9,0,0
nadt5tbu,17,fjk39fjv,248,portfolio,PageBidExperience,1789354226,9,0,0
nadt5tbu,16,5doee2qb,257,portfolio,Clearing,1789354227,9,0,1
nadt5tbu,17,fjk39fjv,257,portfolio,Clearing,1789354227,9,0,1
nadt5tbu,18,uv9wmkop,257,portfolio,Clearing,1789354227,9,0,1
nadt5tbu,19,tdb9pvu4,257,portfolio,Clearing,1789354227,9,0,1
nadt5tbu,20,vlzegfsh,257,portfolio,Clearing,1789354227,9,0,1
nadt5tbu,4,sem2q323,248,portfolio,PageBidExperience,1789354227,9,0,0
nadt5tbu,6,bc7n6071,248,portfolio,PageBidExperience,1789354229,9,0,0
nadt5tbu,12,gllc2565,248,portfolio,PageBidExperience,1789354232,9,0,0
nadt5tbu,21,vijmhlvg,248,portfolio,PageBidExperience,1789354235,9,0,0
nadt5tbu,21,vijmhlvg,257,portfolio,Clearing,1789354236,9,0,1
nadt5tbu,22,8e240a8t,257,portfolio,Clearing,1789354236,9,0,1
nadt5tbu,23,djq10sre,257,portfolio,Clearing,1789354236,9,0,1
nadt5tbu,24,1rm0kasi,257,portfolio,Clearing,1789354236,9,0,1
nadt5tbu,25,5ddpdjuo,257,portfolio,Clearing,1789354236,9,0,1
nadt5tbu,9,3vy48gux,248,portfolio,PageBidExperience,1789354244,9,0,0
nadt5tbu,7,j2qhej8d,248,portfolio,PageBidExperience,1789354245,9,0,0
nadt5tbu,6,bc7n6071,257,portfolio,Clearing,1789354245,9,0,1
nadt5tbu,7,j2qhej8d,257,portfolio,Clearing,1789354245,9,0,1
nadt5tbu,8,nt0omp7o,257,portfolio,Clearing,1789354245,9,0,1
nadt5tbu,9,3vy48gux,257,portfolio,Clearing,1789354245,9,0,1
nadt5tbu,10,zzkx5xsm,257,portfolio,Clearing,1789354245,9,0,1
nadt5tbu,1,2vm7punw,248,portfolio,PageBidExperience,1789354246,9,0,0
nadt5tbu,1,2vm7punw,257,portfolio,Clearing,1789354247,9,0,1
nadt5tbu,2,wfmrxna9,257,portfolio,Clearing,1789354247,9,0,1
nadt5tbu,3,s57od4iz,257,portfolio,Clearing,1789354247,9,0,1
nadt5tbu,4,sem2q323,257,portfolio,Clearing,1789354247,9,0,1
nadt5tbu,5,pmhhauc6,257,portfolio,Clearing,1789354247,9,0,1
nadt5tbu,13,k6q3olvt,248,portfolio,PageBidExperience,1789354247,9,0,0
nadt5tbu,11,qd0f31id,257,portfolio,Clearing,1789354247,9,0,1
nadt5tbu,12,gllc2565,257,portfolio,Clearing,1789354247,9,0,1
nadt5tbu,13,k6q3olvt,257,portfolio,Clearing,1789354247,9,0,1
nadt5tbu,14,h7g9h66e,257,portfolio,Clearing,1789354247,9,0,1
nadt5tbu,15,ch700ni6,257,portfolio,Clearing,1789354247,9,0,1
nadt5tbu,1,2vm7punw,258,portfolio,SyncMarketRound,1789354248,9,0,1
nadt5tbu,11,qd0f31id,258,portfolio,SyncMarketRound,1789354248,9,0,1
nadt5tbu,2,wfmrxna9,258,portfolio,SyncMarketRound,1789354248,9,0,1
nadt5tbu,12,gllc2565,258,portfolio,SyncMarketRound,1789354248,9,0,1
nadt5tbu,6,bc7n6071,258,portfolio,SyncMarketRound,1789354248,9,0,1
nadt5tbu,13,k6q3olvt,258,portfolio,SyncMarketRound,1789354248,9,0,1
nadt5tbu,3,s57od4iz,258,portfolio,SyncMarketRound,1789354248,9,0,1
nadt5tbu,14,h7g9h66e,258,portfolio,SyncMarketRound,1789354248,9,0,1
nadt5tbu,4,sem2q323,258,portfolio,SyncMarketRound,1789354248,9,0,1
nadt5tbu,7,j2qhej8d,258,portfolio,SyncMarketRound,1789354248,9,0,1
nadt5tbu,8,nt0omp7o,258,portfolio,SyncMarketRound,1789354248,9,0,1
nadt5tbu,21,vijmhlvg,258,portfolio,SyncMarketRound,1789354248,9,0,1
nadt5tbu,16,5doee2qb,258,portfolio,SyncMarketRound,1789354248,9,0,1
nadt5tbu,17,fjk39fjv,258,portfolio,SyncMarketRound,1789354248,9,0,1
nadt5tbu,18,uv9wmkop,258,portfolio,SyncMarketRound,1789354248,9,0,1
nadt5tbu,19,tdb9pvu4,258,portfolio,SyncMarketRound,1789354248,9,0,1
nadt5tbu,22,8e240a8t,258,portfolio,SyncMarketRound,1789354248,9,0,1
nadt5tbu,23,djq10sre,258,portfolio,SyncMarketRound,1789354248,9,0,1
nadt5tbu,24,1rm0kasi,258,portfolio,SyncMarketRound,1789354248,9,0,1
nadt5tbu,25,5ddpdjuo,258,portfolio,SyncMarketRound,1789354248,9,0,1
nadt5tbu,9,3vy48gux,258,portfolio,SyncMarketRound,1789354248,9,0,1
nadt5tbu,5,pmhhauc6,258,portfolio,SyncMarketRound,1789354248,9,0,1
nadt5tbu,15,ch700ni6,258,portfolio,SyncMarketRound,1789354248,9,0,1
nadt5tbu,20,vlzegfsh,258,portfolio,SyncMarketRound,1789354248,9,0,1
nadt5tbu,10,zzkx5xsm,258,portfolio,SyncMarketRound,1789354248,9,0,1
nadt5tbu,1,2vm7punw,277,portfolio,PageBidExperience,1789354260,10,0,0
nadt5tbu,19,tdb9pvu4,277,portfolio,PageBidExperience,1789354265,10,0,0
nadt5tbu,11,qd0f31id,277,portfolio,PageBidExperience,1789354265,10,0,0
nadt5tbu,15,ch700ni6,277,portfolio,PageBidExperience,1789354266,10,0,0
nadt5tbu,17,fjk39fjv,277,portfolio,PageBidExperience,1789354268,10,0,0
nadt5tbu,2,wfmrxna9,277,portfolio,PageBidExperience,1789354270,10,0,0
nadt5tbu,12,gllc2565,277,portfolio,PageBidExperience,1789354270,10,0,0
nadt5tbu,6,bc7n6071,277,portfolio,PageBidExperience,1789354271,10,0,0
nadt5tbu,24,1rm0kasi,277,portfolio,PageBidExperience,1789354271,10,0,0
nadt5tbu,20,vlzegfsh,277,portfolio,PageBidExperience,1789354272,10,0,0
nadt5tbu,3,s57od4iz,277,portfolio,PageBidExperience,1789354274,10,0,0
nadt5tbu,18,uv9wmkop,277,portfolio,PageBidExperience,1789354274,10,0,0
nadt5tbu,22,8e240a8t,277,portfolio,PageBidExperience,1789354274,10,0,0
nadt5tbu,7,j2qhej8d,277,portfolio,PageBidExperience,1789354276,10,0,0
nadt5tbu,16,5doee2qb,277,portfolio,PageBidExperience,1789354276,10,0,0
nadt5tbu,16,5doee2qb,286,portfolio,Clearing,1789354277,10,0,1
nadt5tbu,17,fjk39fjv,286,portfolio,Clearing,1789354277,10,0,1
nadt5tbu,18,uv9wmkop,286,portfolio,Clearing,1789354277,10,0,1
nadt5tbu,19,tdb9pvu4,286,portfolio,Clearing,1789354277,10,0,1
nadt5tbu,20,vlzegfsh,286,portfolio,Clearing,1789354277,10,0,1
nadt5tbu,14,h7g9h66e,277,portfolio,PageBidExperience,1789354277,10,0,0
nadt5tbu,25,5ddpdjuo,277,portfolio,PageBidExperience,1789354279,10,0,0
nadt5tbu,9,3vy48gux,277,portfolio,PageBidExperience,1789354279,10,0,0
nadt5tbu,4,sem2q323,277,portfolio,PageBidExperience,1789354280,10,0,0
nadt5tbu,10,zzkx5xsm,277,portfolio,PageBidExperience,1789354284,10,0,0
nadt5tbu,23,djq10sre,277,portfolio,PageBidExperience,1789354287,10,0,0
nadt5tbu,5,pmhhauc6,277,portfolio,PageBidExperience,1789354290,10,0,0
nadt5tbu,1,2vm7punw,286,portfolio,Clearing,1789354291,10,0,1
nadt5tbu,2,wfmrxna9,286,portfolio,Clearing,1789354291,10,0,1
nadt5tbu,3,s57od4iz,286,portfolio,Clearing,1789354291,10,0,1
nadt5tbu,4,sem2q323,286,portfolio,Clearing,1789354291,10,0,1
nadt5tbu,5,pmhhauc6,286,portfolio,Clearing,1789354291,10,0,1
nadt5tbu,21,vijmhlvg,277,portfolio,PageBidExperience,1789354293,10,0,0
nadt5tbu,24,1rm0kasi,286,portfolio,Clearing,1789354294,10,0,1
nadt5tbu,21,vijmhlvg,286,portfolio,Clearing,1789354294,10,0,1
nadt5tbu,23,djq10sre,286,portfolio,Clearing,1789354294,10,0,1
nadt5tbu,25,5ddpdjuo,286,portfolio,Clearing,1789354294,10,0,1
nadt5tbu,22,8e240a8t,286,portfolio,Clearing,1789354294,10,0,1
nadt5tbu,13,k6q3olvt,277,portfolio,PageBidExperience,1789354295,10,0,0
nadt5tbu,11,qd0f31id,286,portfolio,Clearing,1789354295,10,0,1
nadt5tbu,12,gllc2565,286,portfolio,Clearing,1789354295,10,0,1
nadt5tbu,13,k6q3olvt,286,portfolio,Clearing,1789354295,10,0,1
nadt5tbu,14,h7g9h66e,286,portfolio,Clearing,1789354295,10,0,1
nadt5tbu,15,ch700ni6,286,portfolio,Clearing,1789354295,10,0,1
nadt5tbu,8,nt0omp7o,277,portfolio,PageBidExperience,1789354309,10,0,0
nadt5tbu,6,bc7n6071,286,portfolio,Clearing,1789354309,10,0,1
nadt5tbu,7,j2qhej8d,286,portfolio,Clearing,1789354309,10,0,1
nadt5tbu,8,nt0omp7o,286,portfolio,Clearing,1789354309,10,0,1
nadt5tbu,9,3vy48gux,286,portfolio,Clearing,1789354309,10,0,1
nadt5tbu,10,zzkx5xsm,286,portfolio,Clearing,1789354309,10,0,1
nadt5tbu,6,bc7n6071,287,portfolio,SyncMarketRound,1789354309,10,0,1
nadt5tbu,1,2vm7punw,287,portfolio,SyncMarketRound,1789354309,10,0,1
nadt5tbu,2,wfmrxna9,287,portfolio,SyncMarketRound,1789354309,10,0,1
nadt5tbu,3,s57od4iz,287,portfolio,SyncMarketRound,1789354309,10,0,1
nadt5tbu,4,sem2q323,287,portfolio,SyncMarketRound,1789354309,10,0,1
nadt5tbu,5,pmhhauc6,287,portfolio,SyncMarketRound,1789354309,10,0,1
nadt5tbu,7,j2qhej8d,287,portfolio,SyncMarketRound,1789354309,10,0,1
nadt5tbu,8,nt0omp7o,287,portfolio,SyncMarketRound,1789354309,10,0,1
nadt5tbu,9,3vy48gux,287,portfolio,SyncMarketRound,1789354309,10,0,1
nadt5tbu,24,1rm0kasi,287,portfolio,SyncMarketRound,1789354309,10,0,1
nadt5tbu,10,zzkx5xsm,287,portfolio,SyncMarketRound,1789354309,10,0,1
nadt5tbu,16,5doee2qb,287,portfolio,SyncMarketRound,1789354309,10,0,1
nadt5tbu,11,qd0f31id,287,portfolio,SyncMarketRound,1789354309,10,0,1
nadt5tbu,12,gllc2565,287,portfolio,SyncMarketRound,1789354309,10,0,1
nadt5tbu,21,vijmhlvg,287,portfolio,SyncMarketRound,1789354309,10,0,1
nadt5tbu,23,djq10sre,287,portfolio,SyncMarketRound,1789354309,10,0,1
nadt5tbu,25,5ddpdjuo,287,portfolio,SyncMarketRound,1789354309,10,0,1
nadt5tbu,13,k6q3olvt,287,portfolio,SyncMarketRound,1789354309,10,0,1
nadt5tbu,14,h7g9h66e,287,portfolio,SyncMarketRound,1789354309,10,0,1
nadt5tbu,17,fjk39fjv,287,portfolio,SyncMarketRound,1789354309,10,0,1
nadt5tbu,18,uv9wmkop,287,portfolio,SyncMarketRound,1789354309,10,0,1
nadt5tbu,19,tdb9pvu4,287,portfolio,SyncMarketRound,1789354309,10,0,1
nadt5tbu,20,vlzegfsh,287,portfolio,SyncMarketRound,1789354309,10,0,1
nadt5tbu,22,8e240a8t,287,portfolio,SyncMarketRound,1789354309,10,0,1
nadt5tbu,15,ch700ni6,287,portfolio,SyncMarketRound,1789354309,10,0,1
nadt5tbu,14,h7g9h66e,288,portfolio,PageHistoryExperience,1789354314,10,0,0
nadt5tbu,17,fjk39fjv,288,portfolio,PageHistoryExperience,1789354316,10,0,0
nadt5tbu,9,3vy48gux,288,portfolio,PageHistoryExperience,1789354316,10,0,0
nadt5tbu,6,bc7n6071,288,portfolio,PageHistoryExperience,1789354317,10,0,0
nadt5tbu,21,vijmhlvg,288,portfolio,PageHistoryExperience,1789354317,10,0,0
nadt5tbu,10,zzkx5xsm,288,portfolio,PageHistoryExperience,1789354317,10,0,0
nadt5tbu,19,tdb9pvu4,288,portfolio,PageHistoryExperience,1789354317,10,0,0
nadt5tbu,16,5doee2qb,288,portfolio,PageHistoryExperience,1789354318,10,0,0
nadt5tbu,24,1rm0kasi,288,portfolio,PageHistoryExperience,1789354318,10,0,0
nadt5tbu,3,s57od4iz,288,portfolio,PageHistoryExperience,1789354319,10,0,0
nadt5tbu,20,vlzegfsh,288,portfolio,PageHistoryExperience,1789354319,10,0,0
nadt5tbu,19,tdb9pvu4,307,portfolio,InstructionsGender,1789354320,11,0,0
nadt5tbu,7,j2qhej8d,288,portfolio,PageHistoryExperience,1789354321,10,0,0
nadt5tbu,16,5doee2qb,307,portfolio,InstructionsGender,1789354321,11,0,0
nadt5tbu,11,qd0f31id,288,portfolio,PageHistoryExperience,1789354321,10,0,0
nadt5tbu,2,wfmrxna9,288,portfolio,PageHistoryExperience,1789354321,10,0,0
nadt5tbu,25,5ddpdjuo,288,portfolio,PageHistoryExperience,1789354321,10,0,0
nadt5tbu,5,pmhhauc6,288,portfolio,PageHistoryExperience,1789354321,10,0,0
nadt5tbu,15,ch700ni6,288,portfolio,PageHistoryExperience,1789354322,10,0,0
nadt5tbu,10,zzkx5xsm,307,portfolio,InstructionsGender,1789354322,11,0,0
nadt5tbu,9,3vy48gux,307,portfolio,InstructionsGender,1789354322,11,0,0
nadt5tbu,20,vlzegfsh,307,portfolio,InstructionsGender,1789354322,11,0,0
nadt5tbu,12,gllc2565,288,portfolio,PageHistoryExperience,1789354323,10,0,0
nadt5tbu,18,uv9wmkop,288,portfolio,PageHistoryExperience,1789354323,10,0,0
nadt5tbu,6,bc7n6071,307,portfolio,InstructionsGender,1789354324,11,0,0
nadt5tbu,11,qd0f31id,307,portfolio,InstructionsGender,1789354324,11,0,0
nadt5tbu,24,1rm0kasi,307,portfolio,InstructionsGender,1789354324,11,0,0
nadt5tbu,4,sem2q323,288,portfolio,PageHistoryExperience,1789354324,10,0,0
nadt5tbu,1,2vm7punw,288,portfolio,PageHistoryExperience,1789354325,10,0,0
nadt5tbu,1,2vm7punw,307,portfolio,InstructionsGender,1789354327,11,0,0
nadt5tbu,7,j2qhej8d,307,portfolio,InstructionsGender,1789354328,11,0,0
nadt5tbu,10,zzkx5xsm,308,portfolio,Page2GenderExp,1789354328,11,0,0
nadt5tbu,5,pmhhauc6,307,portfolio,InstructionsGender,1789354328,11,0,0
nadt5tbu,23,djq10sre,288,portfolio,PageHistoryExperience,1789354328,10,0,0
nadt5tbu,15,ch700ni6,307,portfolio,InstructionsGender,1789354329,11,0,0
nadt5tbu,13,k6q3olvt,288,portfolio,PageHistoryExperience,1789354329,10,0,0
nadt5tbu,17,fjk39fjv,307,portfolio,InstructionsGender,1789354330,11,0,0
nadt5tbu,4,sem2q323,307,portfolio,InstructionsGender,1789354330,11,0,0
nadt5tbu,21,vijmhlvg,307,portfolio,InstructionsGender,1789354330,11,0,0
nadt5tbu,20,vlzegfsh,308,portfolio,Page2GenderExp,1789354331,11,0,0
nadt5tbu,12,gllc2565,307,portfolio,InstructionsGender,1789354331,11,0,0
nadt5tbu,6,bc7n6071,308,portfolio,Page2GenderExp,1789354331,11,0,0
nadt5tbu,25,5ddpdjuo,307,portfolio,InstructionsGender,1789354332,11,0,0
nadt5tbu,13,k6q3olvt,307,portfolio,InstructionsGender,1789354333,11,0,0
nadt5tbu,22,8e240a8t,288,portfolio,PageHistoryExperience,1789354333,10,0,0
nadt5tbu,23,djq10sre,307,portfolio,InstructionsGender,1789354333,11,0,0
nadt5tbu,2,wfmrxna9,307,portfolio,InstructionsGender,1789354334,11,0,0
nadt5tbu,3,s57od4iz,307,portfolio,InstructionsGender,1789354334,11,0,0
nadt5tbu,18,uv9wmkop,307,portfolio,InstructionsGender,1789354334,11,0,0
nadt5tbu,19,tdb9pvu4,308,portfolio,Page2GenderExp,1789354335,11,0,0
nadt5tbu,1,2vm7punw,308,portfolio,Page2GenderExp,1789354337,11,0,0
nadt5tbu,8,nt0omp7o,288,portfolio,PageHistoryExperience,1789354338,10,0,0
nadt5tbu,2,wfmrxna9,308,portfolio,Page2GenderExp,1789354339,11,0,0
nadt5tbu,16,5doee2qb,308,portfolio,Page2GenderExp,1789354340,11,0,0
nadt5tbu,15,ch700ni6,308,portfolio,Page2GenderExp,1789354340,11,0,0
nadt5tbu,21,vijmhlvg,308,portfolio,Page2GenderExp,1789354340,11,0,0
nadt5tbu,7,j2qhej8d,308,portfolio,Page2GenderExp,1789354341,11,0,0
nadt5tbu,4,sem2q323,308,portfolio,Page2GenderExp,1789354343,11,0,0
nadt5tbu,22,8e240a8t,307,portfolio,InstructionsGender,1789354344,11,0,0
nadt5tbu,14,h7g9h66e,307,portfolio,InstructionsGender,1789354346,11,0,0
nadt5tbu,24,1rm0kasi,308,portfolio,Page2GenderExp,1789354347,11,0,0
nadt5tbu,25,5ddpdjuo,308,portfolio,Page2GenderExp,1789354347,11,0,0
nadt5tbu,13,k6q3olvt,308,portfolio,Page2GenderExp,1789354348,11,0,0
nadt5tbu,9,3vy48gux,308,portfolio,Page2GenderExp,1789354349,11,0,0
nadt5tbu,5,pmhhauc6,308,portfolio,Page2GenderExp,1789354350,11,0,0
nadt5tbu,11,qd0f31id,308,portfolio,Page2GenderExp,1789354350,11,0,0
nadt5tbu,3,s57od4iz,308,portfolio,Page2GenderExp,1789354351,11,0,0
nadt5tbu,17,fjk39fjv,308,portfolio,Page2GenderExp,1789354357,11,0,0
nadt5tbu,8,nt0omp7o,307,portfolio,InstructionsGender,1789354361,11,0,0
nadt5tbu,14,h7g9h66e,308,portfolio,Page2GenderExp,1789354361,11,0,0
nadt5tbu,22,8e240a8t,308,portfolio,Page2GenderExp,1789354362,11,0,0
nadt5tbu,18,uv9wmkop,308,portfolio,Page2GenderExp,1789354363,11,0,0
nadt5tbu,12,gllc2565,308,portfolio,Page2GenderExp,1789354364,11,0,0
nadt5tbu,23,djq10sre,308,portfolio,Page2GenderExp,1789354369,11,0,0
nadt5tbu,8,nt0omp7o,308,portfolio,Page2GenderExp,1789354371,11,0,0
nadt5tbu,10,zzkx5xsm,309,portfolio,SyncGenderAllocation,1789354371,11,0,1
nadt5tbu,20,vlzegfsh,309,portfolio,SyncGenderAllocation,1789354371,11,0,1
nadt5tbu,6,bc7n6071,309,portfolio,SyncGenderAllocation,1789354371,11,0,1
nadt5tbu,19,tdb9pvu4,309,portfolio,SyncGenderAllocation,1789354371,11,0,1
nadt5tbu,1,2vm7punw,309,portfolio,SyncGenderAllocation,1789354371,11,0,1
nadt5tbu,2,wfmrxna9,309,portfolio,SyncGenderAllocation,1789354371,11,0,1
nadt5tbu,16,5doee2qb,309,portfolio,SyncGenderAllocation,1789354371,11,0,1
nadt5tbu,15,ch700ni6,309,portfolio,SyncGenderAllocation,1789354371,11,0,1
nadt5tbu,21,vijmhlvg,309,portfolio,SyncGenderAllocation,1789354371,11,0,1
nadt5tbu,7,j2qhej8d,309,portfolio,SyncGenderAllocation,1789354371,11,0,1
nadt5tbu,4,sem2q323,309,portfolio,SyncGenderAllocation,1789354371,11,0,1
nadt5tbu,24,1rm0kasi,309,portfolio,SyncGenderAllocation,1789354371,11,0,1
nadt5tbu,25,5ddpdjuo,309,portfolio,SyncGenderAllocation,1789354371,11,0,1
nadt5tbu,13,k6q3olvt,309,portfolio,SyncGenderAllocation,1789354371,11,0,1
nadt5tbu,9,3vy48gux,309,portfolio,SyncGenderAllocation,1789354371,11,0,1
nadt5tbu,5,pmhhauc6,309,portfolio,SyncGenderAllocation,1789354371,11,0,1
nadt5tbu,11,qd0f31id,309,portfolio,SyncGenderAllocation,1789354371,11,0,1
nadt5tbu,3,s57od4iz,309,portfolio,SyncGenderAllocation,1789354371,11,0,1
nadt5tbu,17,fjk39fjv,309,portfolio,SyncGenderAllocation,1789354371,11,0,1
nadt5tbu,14,h7g9h66e,309,portfolio,SyncGenderAllocation,1789354371,11,0,1
nadt5tbu,22,8e240a8t,309,portfolio,SyncGenderAllocation,1789354371,11,0,1
nadt5tbu,18,uv9wmkop,309,portfolio,SyncGenderAllocation,1789354371,11,0,1
nadt5tbu,12,gllc2565,309,portfolio,SyncGenderAllocation,1789354371,11,0,1
nadt5tbu,23,djq10sre,309,portfolio,SyncGenderAllocation,1789354371,11,0,1
nadt5tbu,8,nt0omp7o,309,portfolio,SyncGenderAllocation,1789354371,11,0,1
nadt5tbu,21,vijmhlvg,310,portfolio,PageBeliefElicitation,1789354398,11,0,0
nadt5tbu,2,wfmrxna9,310,portfolio,PageBeliefElicitation,1789354401,11,0,0
nadt5tbu,8,nt0omp7o,310,portfolio,PageBeliefElicitation,1789354403,11,0,0
nadt5tbu,6,bc7n6071,310,portfolio,PageBeliefElicitation,1789354405,11,0,0
nadt5tbu,18,uv9wmkop,310,portfolio,PageBeliefElicitation,1789354412,11,0,0
nadt5tbu,10,zzkx5xsm,310,portfolio,PageBeliefElicitation,1789354413,11,0,0
nadt5tbu,2,wfmrxna9,311,portfolio,PageOtherBeliefElicitation,1789354414,11,0,0
nadt5tbu,11,qd0f31id,310,portfolio,PageBeliefElicitation,1789354415,11,0,0
nadt5tbu,24,1rm0kasi,310,portfolio,PageBeliefElicitation,1789354415,11,0,0
nadt5tbu,2,wfmrxna9,312,portfolio,TradingRulesGender,1789354417,11,0,0
nadt5tbu,21,vijmhlvg,311,portfolio,PageOtherBeliefElicitation,1789354417,11,0,0
nadt5tbu,22,8e240a8t,310,portfolio,PageBeliefElicitation,1789354418,11,0,0
nadt5tbu,21,vijmhlvg,312,portfolio,TradingRulesGender,1789354420,11,0,0
nadt5tbu,6,bc7n6071,311,portfolio,PageOtherBeliefElicitation,1789354422,11,0,0
nadt5tbu,4,sem2q323,310,portfolio,PageBeliefElicitation,1789354422,11,0,0
nadt5tbu,12,gllc2565,310,portfolio,PageBeliefElicitation,1789354423,11,0,0
nadt5tbu,3,s57od4iz,310,portfolio,PageBeliefElicitation,1789354424,11,0,0
nadt5tbu,14,h7g9h66e,310,portfolio,PageBeliefElicitation,1789354424,11,0,0
nadt5tbu,6,bc7n6071,312,portfolio,TradingRulesGender,1789354425,11,0,0
nadt5tbu,16,5doee2qb,310,portfolio,PageBeliefElicitation,1789354425,11,0,0
nadt5tbu,9,3vy48gux,310,portfolio,PageBeliefElicitation,1789354428,11,0,0
nadt5tbu,20,vlzegfsh,310,portfolio,PageBeliefElicitation,1789354429,11,0,0
nadt5tbu,15,ch700ni6,310,portfolio,PageBeliefElicitation,1789354430,11,0,0
nadt5tbu,19,tdb9pvu4,310,portfolio,PageBeliefElicitation,1789354432,11,0,0
nadt5tbu,13,k6q3olvt,310,portfolio,PageBeliefElicitation,1789354432,11,0,0
nadt5tbu,17,fjk39fjv,310,portfolio,PageBeliefElicitation,1789354437,11,0,0
nadt5tbu,24,1rm0kasi,311,portfolio,PageOtherBeliefElicitation,1789354440,11,0,0
nadt5tbu,18,uv9wmkop,311,portfolio,PageOtherBeliefElicitation,1789354441,11,0,0
nadt5tbu,23,djq10sre,310,portfolio,PageBeliefElicitation,1789354441,11,0,0
nadt5tbu,11,qd0f31id,311,portfolio,PageOtherBeliefElicitation,1789354442,11,0,0
nadt5tbu,24,1rm0kasi,312,portfolio,TradingRulesGender,1789354443,11,0,0
nadt5tbu,4,sem2q323,311,portfolio,PageOtherBeliefElicitation,1789354443,11,0,0
nadt5tbu,7,j2qhej8d,310,portfolio,PageBeliefElicitation,1789354443,11,0,0
nadt5tbu,12,gllc2565,311,portfolio,PageOtherBeliefElicitation,1789354444,11,0,0
nadt5tbu,4,sem2q323,312,portfolio,TradingRulesGender,1789354445,11,0,0
nadt5tbu,10,zzkx5xsm,311,portfolio,PageOtherBeliefElicitation,1789354445,11,0,0
nadt5tbu,5,pmhhauc6,310,portfolio,PageBeliefElicitation,1789354447,11,0,0
nadt5tbu,10,zzkx5xsm,312,portfolio,TradingRulesGender,1789354449,11,0,0
nadt5tbu,3,s57od4iz,311,portfolio,PageOtherBeliefElicitation,1789354450,11,0,0
nadt5tbu,13,k6q3olvt,311,portfolio,PageOtherBeliefElicitation,1789354450,11,0,0
nadt5tbu,20,vlzegfsh,311,portfolio,PageOtherBeliefElicitation,1789354450,11,0,0
nadt5tbu,18,uv9wmkop,312,portfolio,TradingRulesGender,1789354452,11,0,0
nadt5tbu,20,vlzegfsh,312,portfolio,TradingRulesGender,1789354453,11,0,0
nadt5tbu,14,h7g9h66e,311,portfolio,PageOtherBeliefElicitation,1789354454,11,0,0
nadt5tbu,13,k6q3olvt,312,portfolio,TradingRulesGender,1789354454,11,0,0
nadt5tbu,11,qd0f31id,312,portfolio,TradingRulesGender,1789354454,11,0,0
nadt5tbu,22,8e240a8t,311,portfolio,PageOtherBeliefElicitation,1789354457,11,0,0
nadt5tbu,19,tdb9pvu4,311,portfolio,PageOtherBeliefElicitation,1789354459,11,0,0
nadt5tbu,7,j2qhej8d,311,portfolio,PageOtherBeliefElicitation,1789354462,11,0,0
nadt5tbu,16,5doee2qb,311,portfolio,PageOtherBeliefElicitation,1789354463,11,0,0
nadt5tbu,9,3vy48gux,311,portfolio,PageOtherBeliefElicitation,1789354464,11,0,0
nadt5tbu,19,tdb9pvu4,312,portfolio,TradingRulesGender,1789354465,11,0,0
nadt5tbu,7,j2qhej8d,312,portfolio,TradingRulesGender,1789354465,11,0,0
nadt5tbu,15,ch700ni6,311,portfolio,PageOtherBeliefElicitation,1789354466,11,0,0
nadt5tbu,16,5doee2qb,312,portfolio,TradingRulesGender,1789354467,11,0,0
nadt5tbu,9,3vy48gux,312,portfolio,TradingRulesGender,1789354468,11,0,0
nadt5tbu,15,ch700ni6,312,portfolio,TradingRulesGender,1789354470,11,0,0
nadt5tbu,5,pmhhauc6,311,portfolio,PageOtherBeliefElicitation,1789354471,11,0,0
nadt5tbu,25,5ddpdjuo,310,portfolio,PageBeliefElicitation,1789354473,11,0,0
nadt5tbu,1,2vm7punw,310,portfolio,PageBeliefElicitation,1789354475,11,0,0
nadt5tbu,5,pmhhauc6,312,portfolio,TradingRulesGender,1789354475,11,0,0
nadt5tbu,23,djq10sre,311,portfolio,PageOtherBeliefElicitation,1789354475,11,0,0
nadt5tbu,8,nt0omp7o,311,portfolio,PageOtherBeliefElicitation,1789354475,11,0,0
nadt5tbu,23,djq10sre,312,portfolio,TradingRulesGender,1789354479,11,0,0
nadt5tbu,12,gllc2565,312,portfolio,TradingRulesGender,1789354480,11,0,0
nadt5tbu,1,2vm7punw,311,portfolio,PageOtherBeliefElicitation,1789354483,11,0,0
nadt5tbu,17,fjk39fjv,311,portfolio,PageOtherBeliefElicitation,1789354484,11,0,0
nadt5tbu,3,s57od4iz,312,portfolio,TradingRulesGender,1789354485,11,0,0
nadt5tbu,1,2vm7punw,312,portfolio,TradingRulesGender,1789354494,11,0,0
nadt5tbu,25,5ddpdjuo,311,portfolio,PageOtherBeliefElicitation,1789354497,11,0,0
nadt5tbu,14,h7g9h66e,312,portfolio,TradingRulesGender,1789354499,11,0,0
nadt5tbu,22,8e240a8t,312,portfolio,TradingRulesGender,1789354504,11,0,0
nadt5tbu,25,5ddpdjuo,312,portfolio,TradingRulesGender,1789354509,11,0,0
nadt5tbu,8,nt0omp7o,312,portfolio,TradingRulesGender,1789354524,11,0,0
nadt5tbu,17,fjk39fjv,312,portfolio,TradingRulesGender,1789354534,11,0,0
nadt5tbu,2,wfmrxna9,313,portfolio,SyncGenderTradingRules,1789354534,11,0,1
nadt5tbu,5,pmhhauc6,313,portfolio,SyncGenderTradingRules,1789354534,11,0,1
nadt5tbu,8,nt0omp7o,313,portfolio,SyncGenderTradingRules,1789354534,11,0,1
nadt5tbu,20,vlzegfsh,313,portfolio,SyncGenderTradingRules,1789354534,11,0,1
nadt5tbu,1,2vm7punw,313,portfolio,SyncGenderTradingRules,1789354534,11,0,1
nadt5tbu,17,fjk39fjv,313,portfolio,SyncGenderTradingRules,1789354534,11,0,1
nadt5tbu,15,ch700ni6,313,portfolio,SyncGenderTradingRules,1789354534,11,0,1
nadt5tbu,7,j2qhej8d,313,portfolio,SyncGenderTradingRules,1789354534,11,0,1
nadt5tbu,4,sem2q323,313,portfolio,SyncGenderTradingRules,1789354534,11,0,1
nadt5tbu,12,gllc2565,313,portfolio,SyncGenderTradingRules,1789354534,11,0,1
nadt5tbu,10,zzkx5xsm,313,portfolio,SyncGenderTradingRules,1789354534,11,0,1
nadt5tbu,21,vijmhlvg,313,portfolio,SyncGenderTradingRules,1789354534,11,0,1
nadt5tbu,25,5ddpdjuo,313,portfolio,SyncGenderTradingRules,1789354534,11,0,1
nadt5tbu,22,8e240a8t,313,portfolio,SyncGenderTradingRules,1789354534,11,0,1
nadt5tbu,3,s57od4iz,313,portfolio,SyncGenderTradingRules,1789354534,11,0,1
nadt5tbu,18,uv9wmkop,313,portfolio,SyncGenderTradingRules,1789354534,11,0,1
nadt5tbu,19,tdb9pvu4,313,portfolio,SyncGenderTradingRules,1789354534,11,0,1
nadt5tbu,24,1rm0kasi,313,portfolio,SyncGenderTradingRules,1789354534,11,0,1
nadt5tbu,9,3vy48gux,313,portfolio,SyncGenderTradingRules,1789354534,11,0,1
nadt5tbu,6,bc7n6071,313,portfolio,SyncGenderTradingRules,1789354534,11,0,1
nadt5tbu,13,k6q3olvt,313,portfolio,SyncGenderTradingRules,1789354534,11,0,1
nadt5tbu,16,5doee2qb,313,portfolio,SyncGenderTradingRules,1789354534,11,0,1
nadt5tbu,11,qd0f31id,313,portfolio,SyncGenderTradingRules,1789354534,11,0,1
nadt5tbu,14,h7g9h66e,313,portfolio,SyncGenderTradingRules,1789354534,11,0,1
nadt5tbu,23,djq10sre,313,portfolio,SyncGenderTradingRules,1789354534,11,0,1
nadt5tbu,19,tdb9pvu4,314,portfolio,PageBidGenderExp,1789354546,11,0,0
nadt5tbu,8,nt0omp7o,314,portfolio,PageBidGenderExp,1789354548,11,0,0
nadt5tbu,10,zzkx5xsm,314,portfolio,PageBidGenderExp,1789354549,11,0,0
nadt5tbu,17,fjk39fjv,314,portfolio,PageBidGenderExp,1789354551,11,0,0
nadt5tbu,11,qd0f31id,314,portfolio,PageBidGenderExp,1789354551,11,0,0
nadt5tbu,24,1rm0kasi,314,portfolio,PageBidGenderExp,1789354552,11,0,0
nadt5tbu,14,h7g9h66e,314,portfolio,PageBidGenderExp,1789354554,11,0,0
nadt5tbu,20,vlzegfsh,314,portfolio,PageBidGenderExp,1789354555,11,0,0
nadt5tbu,3,s57od4iz,314,portfolio,PageBidGenderExp,1789354555,11,0,0
nadt5tbu,12,gllc2565,314,portfolio,PageBidGenderExp,1789354555,11,0,0
nadt5tbu,22,8e240a8t,314,portfolio,PageBidGenderExp,1789354556,11,0,0
nadt5tbu,18,uv9wmkop,314,portfolio,PageBidGenderExp,1789354557,11,0,0
nadt5tbu,15,ch700ni6,314,portfolio,PageBidGenderExp,1789354557,11,0,0
nadt5tbu,7,j2qhej8d,314,portfolio,PageBidGenderExp,1789354558,11,0,0
nadt5tbu,5,pmhhauc6,314,portfolio,PageBidGenderExp,1789354558,11,0,0
nadt5tbu,16,5doee2qb,314,portfolio,PageBidGenderExp,1789354560,11,0,0
nadt5tbu,16,5doee2qb,315,portfolio,Clearing,1789354560,11,0,1
nadt5tbu,17,fjk39fjv,315,portfolio,Clearing,1789354560,11,0,1
nadt5tbu,18,uv9wmkop,315,portfolio,Clearing,1789354560,11,0,1
nadt5tbu,19,tdb9pvu4,315,portfolio,Clearing,1789354560,11,0,1
nadt5tbu,20,vlzegfsh,315,portfolio,Clearing,1789354560,11,0,1
nadt5tbu,13,k6q3olvt,314,portfolio,PageBidGenderExp,1789354562,11,0,0
nadt5tbu,12,gllc2565,315,portfolio,Clearing,1789354563,11,0,1
nadt5tbu,13,k6q3olvt,315,portfolio,Clearing,1789354563,11,0,1
nadt5tbu,15,ch700ni6,315,portfolio,Clearing,1789354563,11,0,1
nadt5tbu,11,qd0f31id,315,portfolio,Clearing,1789354563,11,0,1
nadt5tbu,14,h7g9h66e,315,portfolio,Clearing,1789354563,11,0,1
nadt5tbu,4,sem2q323,314,portfolio,PageBidGenderExp,1789354565,11,0,0
nadt5tbu,21,vijmhlvg,314,portfolio,PageBidGenderExp,1789354567,11,0,0
nadt5tbu,25,5ddpdjuo,314,portfolio,PageBidGenderExp,1789354568,11,0,0
nadt5tbu,2,wfmrxna9,314,portfolio,PageBidGenderExp,1789354570,11,0,0
nadt5tbu,23,djq10sre,314,portfolio,PageBidGenderExp,1789354570,11,0,0
nadt5tbu,24,1rm0kasi,315,portfolio,Clearing,1789354570,11,0,1
nadt5tbu,21,vijmhlvg,315,portfolio,Clearing,1789354570,11,0,1
nadt5tbu,25,5ddpdjuo,315,portfolio,Clearing,1789354570,11,0,1
nadt5tbu,22,8e240a8t,315,portfolio,Clearing,1789354570,11,0,1
nadt5tbu,23,djq10sre,315,portfolio,Clearing,1789354570,11,0,1
nadt5tbu,6,bc7n6071,314,portfolio,PageBidGenderExp,1789354572,11,0,0
nadt5tbu,1,2vm7punw,314,portfolio,PageBidGenderExp,1789354582,11,0,0
nadt5tbu,3,s57od4iz,315,portfolio,Clearing,1789354582,11,0,1
nadt5tbu,1,2vm7punw,315,portfolio,Clearing,1789354582,11,0,1
nadt5tbu,2,wfmrxna9,315,portfolio,Clearing,1789354582,11,0,1
nadt5tbu,4,sem2q323,315,portfolio,Clearing,1789354582,11,0,1
nadt5tbu,5,pmhhauc6,315,portfolio,Clearing,1789354582,11,0,1
nadt5tbu,9,3vy48gux,314,portfolio,PageBidGenderExp,1789354593,11,0,0
nadt5tbu,6,bc7n6071,315,portfolio,Clearing,1789354594,11,0,1
nadt5tbu,7,j2qhej8d,315,portfolio,Clearing,1789354594,11,0,1
nadt5tbu,8,nt0omp7o,315,portfolio,Clearing,1789354594,11,0,1
nadt5tbu,9,3vy48gux,315,portfolio,Clearing,1789354594,11,0,1
nadt5tbu,10,zzkx5xsm,315,portfolio,Clearing,1789354594,11,0,1
nadt5tbu,24,1rm0kasi,316,portfolio,SyncMarketRound,1789354595,11,0,1
nadt5tbu,6,bc7n6071,316,portfolio,SyncMarketRound,1789354595,11,0,1
nadt5tbu,3,s57od4iz,316,portfolio,SyncMarketRound,1789354595,11,0,1
nadt5tbu,7,j2qhej8d,316,portfolio,SyncMarketRound,1789354595,11,0,1
nadt5tbu,8,nt0omp7o,316,portfolio,SyncMarketRound,1789354595,11,0,1
nadt5tbu,12,gllc2565,316,portfolio,SyncMarketRound,1789354595,11,0,1
nadt5tbu,13,k6q3olvt,316,portfolio,SyncMarketRound,1789354595,11,0,1
nadt5tbu,21,vijmhlvg,316,portfolio,SyncMarketRound,1789354595,11,0,1
nadt5tbu,25,5ddpdjuo,316,portfolio,SyncMarketRound,1789354595,11,0,1
nadt5tbu,15,ch700ni6,316,portfolio,SyncMarketRound,1789354595,11,0,1
nadt5tbu,1,2vm7punw,316,portfolio,SyncMarketRound,1789354595,11,0,1
nadt5tbu,2,wfmrxna9,316,portfolio,SyncMarketRound,1789354595,11,0,1
nadt5tbu,16,5doee2qb,316,portfolio,SyncMarketRound,1789354595,11,0,1
nadt5tbu,4,sem2q323,316,portfolio,SyncMarketRound,1789354595,11,0,1
nadt5tbu,9,3vy48gux,316,portfolio,SyncMarketRound,1789354595,11,0,1
nadt5tbu,5,pmhhauc6,316,portfolio,SyncMarketRound,1789354595,11,0,1
nadt5tbu,10,zzkx5xsm,316,portfolio,SyncMarketRound,1789354595,11,0,1
nadt5tbu,17,fjk39fjv,316,portfolio,SyncMarketRound,1789354595,11,0,1
nadt5tbu,18,uv9wmkop,316,portfolio,SyncMarketRound,1789354595,11,0,1
nadt5tbu,19,tdb9pvu4,316,portfolio,SyncMarketRound,1789354595,11,0,1
nadt5tbu,20,vlzegfsh,316,portfolio,SyncMarketRound,1789354595,11,0,1
nadt5tbu,11,qd0f31id,316,portfolio,SyncMarketRound,1789354595,11,0,1
nadt5tbu,14,h7g9h66e,316,portfolio,SyncMarketRound,1789354595,11,0,1
nadt5tbu,22,8e240a8t,316,portfolio,SyncMarketRound,1789354595,11,0,1
nadt5tbu,23,djq10sre,316,portfolio,SyncMarketRound,1789354595,11,0,1
nadt5tbu,18,uv9wmkop,343,portfolio,PageBidGenderExp,1789354615,12,0,0
nadt5tbu,10,zzkx5xsm,343,portfolio,PageBidGenderExp,1789354615,12,0,0
nadt5tbu,14,h7g9h66e,343,portfolio,PageBidGenderExp,1789354617,12,0,0
nadt5tbu,4,sem2q323,343,portfolio,PageBidGenderExp,1789354618,12,0,0
nadt5tbu,21,vijmhlvg,343,portfolio,PageBidGenderExp,1789354618,12,0,0
nadt5tbu,17,fjk39fjv,343,portfolio,PageBidGenderExp,1789354619,12,0,0
nadt5tbu,2,wfmrxna9,343,portfolio,PageBidGenderExp,1789354619,12,0,0
nadt5tbu,1,2vm7punw,343,portfolio,PageBidGenderExp,1789354620,12,0,0
nadt5tbu,20,vlzegfsh,343,portfolio,PageBidGenderExp,1789354622,12,0,0
nadt5tbu,11,qd0f31id,343,portfolio,PageBidGenderExp,1789354623,12,0,0
nadt5tbu,12,gllc2565,343,portfolio,PageBidGenderExp,1789354625,12,0,0
nadt5tbu,24,1rm0kasi,343,portfolio,PageBidGenderExp,1789354625,12,0,0
nadt5tbu,22,8e240a8t,343,portfolio,PageBidGenderExp,1789354626,12,0,0
nadt5tbu,6,bc7n6071,343,portfolio,PageBidGenderExp,1789354626,12,0,0
nadt5tbu,7,j2qhej8d,343,portfolio,PageBidGenderExp,1789354627,12,0,0
nadt5tbu,23,djq10sre,343,portfolio,PageBidGenderExp,1789354628,12,0,0
nadt5tbu,15,ch700ni6,343,portfolio,PageBidGenderExp,1789354630,12,0,0
nadt5tbu,8,nt0omp7o,343,portfolio,PageBidGenderExp,1789354630,12,0,0
nadt5tbu,25,5ddpdjuo,343,portfolio,PageBidGenderExp,1789354631,12,0,0
nadt5tbu,21,vijmhlvg,344,portfolio,Clearing,1789354632,12,0,1
nadt5tbu,22,8e240a8t,344,portfolio,Clearing,1789354632,12,0,1
nadt5tbu,23,djq10sre,344,portfolio,Clearing,1789354632,12,0,1
nadt5tbu,24,1rm0kasi,344,portfolio,Clearing,1789354632,12,0,1
nadt5tbu,25,5ddpdjuo,344,portfolio,Clearing,1789354632,12,0,1
nadt5tbu,19,tdb9pvu4,343,portfolio,PageBidGenderExp,1789354632,12,0,0
nadt5tbu,5,pmhhauc6,343,portfolio,PageBidGenderExp,1789354634,12,0,0
nadt5tbu,13,k6q3olvt,343,portfolio,PageBidGenderExp,1789354636,12,0,0
nadt5tbu,11,qd0f31id,344,portfolio,Clearing,1789354637,12,0,1
nadt5tbu,13,k6q3olvt,344,portfolio,Clearing,1789354637,12,0,1
nadt5tbu,14,h7g9h66e,344,portfolio,Clearing,1789354637,12,0,1
nadt5tbu,15,ch700ni6,344,portfolio,Clearing,1789354637,12,0,1
nadt5tbu,12,gllc2565,344,portfolio,Clearing,1789354637,12,0,1
nadt5tbu,9,3vy48gux,343,portfolio,PageBidGenderExp,1789354643,12,0,0
nadt5tbu,6,bc7n6071,344,portfolio,Clearing,1789354643,12,0,1
nadt5tbu,7,j2qhej8d,344,portfolio,Clearing,1789354643,12,0,1
nadt5tbu,8,nt0omp7o,344,portfolio,Clearing,1789354643,12,0,1
nadt5tbu,9,3vy48gux,344,portfolio,Clearing,1789354643,12,0,1
nadt5tbu,10,zzkx5xsm,344,portfolio,Clearing,1789354643,12,0,1
nadt5tbu,3,s57od4iz,343,portfolio,PageBidGenderExp,1789354645,12,0,0
nadt5tbu,1,2vm7punw,344,portfolio,Clearing,1789354645,12,0,1
nadt5tbu,2,wfmrxna9,344,portfolio,Clearing,1789354645,12,0,1
nadt5tbu,3,s57od4iz,344,portfolio,Clearing,1789354645,12,0,1
nadt5tbu,4,sem2q323,344,portfolio,Clearing,1789354645,12,0,1
nadt5tbu,5,pmhhauc6,344,portfolio,Clearing,1789354645,12,0,1
nadt5tbu,16,5doee2qb,343,portfolio,PageBidGenderExp,1789354662,12,0,0
nadt5tbu,16,5doee2qb,344,portfolio,Clearing,1789354663,12,0,1
nadt5tbu,17,fjk39fjv,344,portfolio,Clearing,1789354663,12,0,1
nadt5tbu,19,tdb9pvu4,344,portfolio,Clearing,1789354663,12,0,1
nadt5tbu,20,vlzegfsh,344,portfolio,Clearing,1789354663,12,0,1
nadt5tbu,18,uv9wmkop,344,portfolio,Clearing,1789354663,12,0,1
nadt5tbu,1,2vm7punw,345,portfolio,SyncMarketRound,1789354663,12,0,1
nadt5tbu,2,wfmrxna9,345,portfolio,SyncMarketRound,1789354663,12,0,1
nadt5tbu,3,s57od4iz,345,portfolio,SyncMarketRound,1789354663,12,0,1
nadt5tbu,4,sem2q323,345,portfolio,SyncMarketRound,1789354663,12,0,1
nadt5tbu,5,pmhhauc6,345,portfolio,SyncMarketRound,1789354663,12,0,1
nadt5tbu,6,bc7n6071,345,portfolio,SyncMarketRound,1789354663,12,0,1
nadt5tbu,16,5doee2qb,345,portfolio,SyncMarketRound,1789354663,12,0,1
nadt5tbu,7,j2qhej8d,345,portfolio,SyncMarketRound,1789354663,12,0,1
nadt5tbu,17,fjk39fjv,345,portfolio,SyncMarketRound,1789354663,12,0,1
nadt5tbu,19,tdb9pvu4,345,portfolio,SyncMarketRound,1789354663,12,0,1
nadt5tbu,11,qd0f31id,345,portfolio,SyncMarketRound,1789354663,12,0,1
nadt5tbu,8,nt0omp7o,345,portfolio,SyncMarketRound,1789354663,12,0,1
nadt5tbu,20,vlzegfsh,345,portfolio,SyncMarketRound,1789354663,12,0,1
nadt5tbu,13,k6q3olvt,345,portfolio,SyncMarketRound,1789354663,12,0,1
nadt5tbu,21,vijmhlvg,345,portfolio,SyncMarketRound,1789354663,12,0,1
nadt5tbu,14,h7g9h66e,345,portfolio,SyncMarketRound,1789354663,12,0,1
nadt5tbu,15,ch700ni6,345,portfolio,SyncMarketRound,1789354663,12,0,1
nadt5tbu,9,3vy48gux,345,portfolio,SyncMarketRound,1789354663,12,0,1
nadt5tbu,10,zzkx5xsm,345,portfolio,SyncMarketRound,1789354663,12,0,1
nadt5tbu,18,uv9wmkop,345,portfolio,SyncMarketRound,1789354663,12,0,1
nadt5tbu,12,gllc2565,345,portfolio,SyncMarketRound,1789354663,12,0,1
nadt5tbu,22,8e240a8t,345,portfolio,SyncMarketRound,1789354663,12,0,1
nadt5tbu,23,djq10sre,345,portfolio,SyncMarketRound,1789354663,12,0,1
nadt5tbu,24,1rm0kasi,345,portfolio,SyncMarketRound,1789354663,12,0,1
nadt5tbu,25,5ddpdjuo,345,portfolio,SyncMarketRound,1789354663,12,0,1
nadt5tbu,15,ch700ni6,372,portfolio,PageBidGenderExp,1789354680,13,0,0
nadt5tbu,10,zzkx5xsm,372,portfolio,PageBidGenderExp,1789354681,13,0,0
nadt5tbu,24,1rm0kasi,372,portfolio,PageBidGenderExp,1789354683,13,0,0
nadt5tbu,3,s57od4iz,372,portfolio,PageBidGenderExp,1789354685,13,0,0
nadt5tbu,22,8e240a8t,372,portfolio,PageBidGenderExp,1789354687,13,0,0
nadt5tbu,18,uv9wmkop,372,portfolio,PageBidGenderExp,1789354688,13,0,0
nadt5tbu,12,gllc2565,372,portfolio,PageBidGenderExp,1789354688,13,0,0
nadt5tbu,13,k6q3olvt,372,portfolio,PageBidGenderExp,1789354688,13,0,0
nadt5tbu,2,wfmrxna9,372,portfolio,PageBidGenderExp,1789354689,13,0,0
nadt5tbu,19,tdb9pvu4,372,portfolio,PageBidGenderExp,1789354689,13,0,0
nadt5tbu,21,vijmhlvg,372,portfolio,PageBidGenderExp,1789354690,13,0,0
nadt5tbu,23,djq10sre,372,portfolio,PageBidGenderExp,1789354690,13,0,0
nadt5tbu,6,bc7n6071,372,portfolio,PageBidGenderExp,1789354690,13,0,0
nadt5tbu,4,sem2q323,372,portfolio,PageBidGenderExp,1789354691,13,0,0
nadt5tbu,1,2vm7punw,372,portfolio,PageBidGenderExp,1789354691,13,0,0
nadt5tbu,17,fjk39fjv,372,portfolio,PageBidGenderExp,1789354692,13,0,0
nadt5tbu,7,j2qhej8d,372,portfolio,PageBidGenderExp,1789354692,13,0,0
nadt5tbu,14,h7g9h66e,372,portfolio,PageBidGenderExp,1789354694,13,0,0
nadt5tbu,16,5doee2qb,372,portfolio,PageBidGenderExp,1789354695,13,0,0
nadt5tbu,5,pmhhauc6,372,portfolio,PageBidGenderExp,1789354696,13,0,0
nadt5tbu,1,2vm7punw,373,portfolio,Clearing,1789354696,13,0,1
nadt5tbu,2,wfmrxna9,373,portfolio,Clearing,1789354696,13,0,1
nadt5tbu,3,s57od4iz,373,portfolio,Clearing,1789354696,13,0,1
nadt5tbu,4,sem2q323,373,portfolio,Clearing,1789354696,13,0,1
nadt5tbu,5,pmhhauc6,373,portfolio,Clearing,1789354696,13,0,1
nadt5tbu,11,qd0f31id,372,portfolio,PageBidGenderExp,1789354699,13,0,0
nadt5tbu,12,gllc2565,373,portfolio,Clearing,1789354699,13,0,1
nadt5tbu,11,qd0f31id,373,portfolio,Clearing,1789354699,13,0,1
nadt5tbu,13,k6q3olvt,373,portfolio,Clearing,1789354699,13,0,1
nadt5tbu,14,h7g9h66e,373,portfolio,Clearing,1789354699,13,0,1
nadt5tbu,15,ch700ni6,373,portfolio,Clearing,1789354699,13,0,1
nadt5tbu,8,nt0omp7o,372,portfolio,PageBidGenderExp,1789354700,13,0,0
nadt5tbu,9,3vy48gux,372,portfolio,PageBidGenderExp,1789354700,13,0,0
nadt5tbu,6,bc7n6071,373,portfolio,Clearing,1789354701,13,0,1
nadt5tbu,7,j2qhej8d,373,portfolio,Clearing,1789354701,13,0,1
nadt5tbu,8,nt0omp7o,373,portfolio,Clearing,1789354701,13,0,1
nadt5tbu,9,3vy48gux,373,portfolio,Clearing,1789354701,13,0,1
nadt5tbu,10,zzkx5xsm,373,portfolio,Clearing,1789354701,13,0,1
nadt5tbu,25,5ddpdjuo,372,portfolio,PageBidGenderExp,1789354702,13,0,0
nadt5tbu,21,vijmhlvg,373,portfolio,Clearing,1789354703,13,0,1
nadt5tbu,22,8e240a8t,373,portfolio,Clearing,1789354703,13,0,1
nadt5tbu,23,djq10sre,373,portfolio,Clearing,1789354703,13,0,1
nadt5tbu,24,1rm0kasi,373,portfolio,Clearing,1789354703,13,0,1
nadt5tbu,25,5ddpdjuo,373,portfolio,Clearing,1789354703,13,0,1
nadt5tbu,20,vlzegfsh,372,portfolio,PageBidGenderExp,1789354704,13,0,0
nadt5tbu,16,5doee2qb,373,portfolio,Clearing,1789354704,13,0,1
nadt5tbu,17,fjk39fjv,373,portfolio,Clearing,1789354704,13,0,1
nadt5tbu,18,uv9wmkop,373,portfolio,Clearing,1789354704,13,0,1
nadt5tbu,19,tdb9pvu4,373,portfolio,Clearing,1789354704,13,0,1
nadt5tbu,20,vlzegfsh,373,portfolio,Clearing,1789354704,13,0,1
nadt5tbu,21,vijmhlvg,374,portfolio,SyncMarketRound,1789354704,13,0,1
nadt5tbu,16,5doee2qb,374,portfolio,SyncMarketRound,1789354704,13,0,1
nadt5tbu,22,8e240a8t,374,portfolio,SyncMarketRound,1789354704,13,0,1
nadt5tbu,17,fjk39fjv,374,portfolio,SyncMarketRound,1789354704,13,0,1
nadt5tbu,12,gllc2565,374,portfolio,SyncMarketRound,1789354704,13,0,1
nadt5tbu,6,bc7n6071,374,portfolio,SyncMarketRound,1789354704,13,0,1
nadt5tbu,11,qd0f31id,374,portfolio,SyncMarketRound,1789354704,13,0,1
nadt5tbu,18,uv9wmkop,374,portfolio,SyncMarketRound,1789354704,13,0,1
nadt5tbu,19,tdb9pvu4,374,portfolio,SyncMarketRound,1789354704,13,0,1
nadt5tbu,23,djq10sre,374,portfolio,SyncMarketRound,1789354704,13,0,1
nadt5tbu,13,k6q3olvt,374,portfolio,SyncMarketRound,1789354704,13,0,1
nadt5tbu,14,h7g9h66e,374,portfolio,SyncMarketRound,1789354704,13,0,1
nadt5tbu,24,1rm0kasi,374,portfolio,SyncMarketRound,1789354704,13,0,1
nadt5tbu,7,j2qhej8d,374,portfolio,SyncMarketRound,1789354704,13,0,1
nadt5tbu,15,ch700ni6,374,portfolio,SyncMarketRound,1789354704,13,0,1
nadt5tbu,1,2vm7punw,374,portfolio,SyncMarketRound,1789354704,13,0,1
nadt5tbu,2,wfmrxna9,374,portfolio,SyncMarketRound,1789354704,13,0,1
nadt5tbu,3,s57od4iz,374,portfolio,SyncMarketRound,1789354704,13,0,1
nadt5tbu,8,nt0omp7o,374,portfolio,SyncMarketRound,1789354704,13,0,1
nadt5tbu,9,3vy48gux,374,portfolio,SyncMarketRound,1789354704,13,0,1
nadt5tbu,10,zzkx5xsm,374,portfolio,SyncMarketRound,1789354704,13,0,1
nadt5tbu,25,5ddpdjuo,374,portfolio,SyncMarketRound,1789354704,13,0,1
nadt5tbu,20,vlzegfsh,374,portfolio,SyncMarketRound,1789354704,13,0,1
nadt5tbu,4,sem2q323,374,portfolio,SyncMarketRound,1789354704,13,0,1
nadt5tbu,5,pmhhauc6,374,portfolio,SyncMarketRound,1789354704,13,0,1
nadt5tbu,19,tdb9pvu4,401,portfolio,PageBidGenderExp,1789354722,14,0,0
nadt5tbu,15,ch700ni6,401,portfolio,PageBidGenderExp,1789354722,14,0,0
nadt5tbu,17,fjk39fjv,401,portfolio,PageBidGenderExp,1789354723,14,0,0
nadt5tbu,13,k6q3olvt,401,portfolio,PageBidGenderExp,1789354727,14,0,0
nadt5tbu,18,uv9wmkop,401,portfolio,PageBidGenderExp,1789354728,14,0,0
nadt5tbu,7,j2qhej8d,401,portfolio,PageBidGenderExp,1789354729,14,0,0
nadt5tbu,2,wfmrxna9,401,portfolio,PageBidGenderExp,1789354731,14,0,0
nadt5tbu,1,2vm7punw,401,portfolio,PageBidGenderExp,1789354731,14,0,0
nadt5tbu,5,pmhhauc6,401,portfolio,PageBidGenderExp,1789354732,14,0,0
nadt5tbu,12,gllc2565,401,portfolio,PageBidGenderExp,1789354733,14,0,0
nadt5tbu,20,vlzegfsh,401,portfolio,PageBidGenderExp,1789354734,14,0,0
nadt5tbu,3,s57od4iz,401,portfolio,PageBidGenderExp,1789354734,14,0,0
nadt5tbu,10,zzkx5xsm,401,portfolio,PageBidGenderExp,1789354735,14,0,0
nadt5tbu,22,8e240a8t,401,portfolio,PageBidGenderExp,1789354737,14,0,0
nadt5tbu,25,5ddpdjuo,401,portfolio,PageBidGenderExp,1789354738,14,0,0
nadt5tbu,9,3vy48gux,401,portfolio,PageBidGenderExp,1789354739,14,0,0
nadt5tbu,14,h7g9h66e,401,portfolio,PageBidGenderExp,1789354739,14,0,0
nadt5tbu,24,1rm0kasi,401,portfolio,PageBidGenderExp,1789354739,14,0,0
nadt5tbu,21,vijmhlvg,401,portfolio,PageBidGenderExp,1789354742,14,0,0
nadt5tbu,6,bc7n6071,401,portfolio,PageBidGenderExp,1789354743,14,0,0
nadt5tbu,4,sem2q323,401,portfolio,PageBidGenderExp,1789354743,14,0,0
nadt5tbu,1,2vm7punw,402,portfolio,Clearing,1789354743,14,0,1
nadt5tbu,2,wfmrxna9,402,portfolio,Clearing,1789354743,14,0,1
nadt5tbu,3,s57od4iz,402,portfolio,Clearing,1789354743,14,0,1
nadt5tbu,4,sem2q323,402,portfolio,Clearing,1789354743,14,0,1
nadt5tbu,5,pmhhauc6,402,portfolio,Clearing,1789354743,14,0,1
nadt5tbu,23,djq10sre,401,portfolio,PageBidGenderExp,1789354749,14,0,0
nadt5tbu,8,nt0omp7o,401,portfolio,PageBidGenderExp,1789354749,14,0,0
nadt5tbu,21,vijmhlvg,402,portfolio,Clearing,1789354749,14,0,1
nadt5tbu,22,8e240a8t,402,portfolio,Clearing,1789354749,14,0,1
nadt5tbu,23,djq10sre,402,portfolio,Clearing,1789354749,14,0,1
nadt5tbu,24,1rm0kasi,402,portfolio,Clearing,1789354749,14,0,1
nadt5tbu,25,5ddpdjuo,402,portfolio,Clearing,1789354749,14,0,1
nadt5tbu,6,bc7n6071,402,portfolio,Clearing,1789354749,14,0,1
nadt5tbu,7,j2qhej8d,402,portfolio,Clearing,1789354749,14,0,1
nadt5tbu,8,nt0omp7o,402,portfolio,Clearing,1789354749,14,0,1
nadt5tbu,9,3vy48gux,402,portfolio,Clearing,1789354749,14,0,1
nadt5tbu,10,zzkx5xsm,402,portfolio,Clearing,1789354749,14,0,1
nadt5tbu,11,qd0f31id,401,portfolio,PageBidGenderExp,1789354755,14,0,0
nadt5tbu,11,qd0f31id,402,portfolio,Clearing,1789354755,14,0,1
nadt5tbu,12,gllc2565,402,portfolio,Clearing,1789354755,14,0,1
nadt5tbu,13,k6q3olvt,402,portfolio,Clearing,1789354755,14,0,1
nadt5tbu,14,h7g9h66e,402,portfolio,Clearing,1789354755,14,0,1
nadt5tbu,15,ch700ni6,402,portfolio,Clearing,1789354755,14,0,1
nadt5tbu,16,5doee2qb,401,portfolio,PageBidGenderExp,1789354757,14,0,0
nadt5tbu,16,5doee2qb,402,portfolio,Clearing,1789354757,14,0,1
nadt5tbu,17,fjk39fjv,402,portfolio,Clearing,1789354757,14,0,1
nadt5tbu,18,uv9wmkop,402,portfolio,Clearing,1789354757,14,0,1
nadt5tbu,20,vlzegfsh,402,portfolio,Clearing,1789354757,14,0,1
nadt5tbu,19,tdb9pvu4,402,portfolio,Clearing,1789354757,14,0,1
nadt5tbu,16,5doee2qb,403,portfolio,SyncMarketRound,1789354757,14,0,1
nadt5tbu,17,fjk39fjv,403,portfolio,SyncMarketRound,1789354757,14,0,1
nadt5tbu,6,bc7n6071,403,portfolio,SyncMarketRound,1789354757,14,0,1
nadt5tbu,11,qd0f31id,403,portfolio,SyncMarketRound,1789354757,14,0,1
nadt5tbu,18,uv9wmkop,403,portfolio,SyncMarketRound,1789354757,14,0,1
nadt5tbu,21,vijmhlvg,403,portfolio,SyncMarketRound,1789354757,14,0,1
nadt5tbu,12,gllc2565,403,portfolio,SyncMarketRound,1789354757,14,0,1
nadt5tbu,7,j2qhej8d,403,portfolio,SyncMarketRound,1789354757,14,0,1
nadt5tbu,8,nt0omp7o,403,portfolio,SyncMarketRound,1789354757,14,0,1
nadt5tbu,13,k6q3olvt,403,portfolio,SyncMarketRound,1789354757,14,0,1
nadt5tbu,20,vlzegfsh,403,portfolio,SyncMarketRound,1789354757,14,0,1
nadt5tbu,9,3vy48gux,403,portfolio,SyncMarketRound,1789354757,14,0,1
nadt5tbu,10,zzkx5xsm,403,portfolio,SyncMarketRound,1789354757,14,0,1
nadt5tbu,14,h7g9h66e,403,portfolio,SyncMarketRound,1789354757,14,0,1
nadt5tbu,22,8e240a8t,403,portfolio,SyncMarketRound,1789354757,14,0,1
nadt5tbu,1,2vm7punw,403,portfolio,SyncMarketRound,1789354757,14,0,1
nadt5tbu,23,djq10sre,403,portfolio,SyncMarketRound,1789354757,14,0,1
nadt5tbu,15,ch700ni6,403,portfolio,SyncMarketRound,1789354757,14,0,1
nadt5tbu,2,wfmrxna9,403,portfolio,SyncMarketRound,1789354757,14,0,1
nadt5tbu,3,s57od4iz,403,portfolio,SyncMarketRound,1789354757,14,0,1
nadt5tbu,4,sem2q323,403,portfolio,SyncMarketRound,1789354757,14,0,1
nadt5tbu,5,pmhhauc6,403,portfolio,SyncMarketRound,1789354757,14,0,1
nadt5tbu,24,1rm0kasi,403,portfolio,SyncMarketRound,1789354757,14,0,1
nadt5tbu,25,5ddpdjuo,403,portfolio,SyncMarketRound,1789354757,14,0,1
nadt5tbu,19,tdb9pvu4,403,portfolio,SyncMarketRound,1789354757,14,0,1
nadt5tbu,23,djq10sre,430,portfolio,PageBidGenderExp,1789354770,15,0,0
nadt5tbu,19,tdb9pvu4,430,portfolio,PageBidGenderExp,1789354773,15,0,0
nadt5tbu,18,uv9wmkop,430,portfolio,PageBidGenderExp,1789354775,15,0,0
nadt5tbu,15,ch700ni6,430,portfolio,PageBidGenderExp,1789354776,15,0,0
nadt5tbu,10,zzkx5xsm,430,portfolio,PageBidGenderExp,1789354779,15,0,0
nadt5tbu,17,fjk39fjv,430,portfolio,PageBidGenderExp,1789354780,15,0,0
nadt5tbu,4,sem2q323,430,portfolio,PageBidGenderExp,1789354782,15,0,0
nadt5tbu,5,pmhhauc6,430,portfolio,PageBidGenderExp,1789354783,15,0,0
nadt5tbu,21,vijmhlvg,430,portfolio,PageBidGenderExp,1789354784,15,0,0
nadt5tbu,7,j2qhej8d,430,portfolio,PageBidGenderExp,1789354786,15,0,0
nadt5tbu,2,wfmrxna9,430,portfolio,PageBidGenderExp,1789354787,15,0,0
nadt5tbu,20,vlzegfsh,430,portfolio,PageBidGenderExp,1789354789,15,0,0
nadt5tbu,1,2vm7punw,430,portfolio,PageBidGenderExp,1789354789,15,0,0
nadt5tbu,12,gllc2565,430,portfolio,PageBidGenderExp,1789354792,15,0,0
nadt5tbu,25,5ddpdjuo,430,portfolio,PageBidGenderExp,1789354796,15,0,0
nadt5tbu,6,bc7n6071,430,portfolio,PageBidGenderExp,1789354797,15,0,0
nadt5tbu,13,k6q3olvt,430,portfolio,PageBidGenderExp,1789354798,15,0,0
nadt5tbu,22,8e240a8t,430,portfolio,PageBidGenderExp,1789354798,15,0,0
nadt5tbu,14,h7g9h66e,430,portfolio,PageBidGenderExp,1789354800,15,0,0
nadt5tbu,24,1rm0kasi,430,portfolio,PageBidGenderExp,1789354800,15,0,0
nadt5tbu,21,vijmhlvg,431,portfolio,Clearing,1789354801,15,0,1
nadt5tbu,22,8e240a8t,431,portfolio,Clearing,1789354801,15,0,1
nadt5tbu,24,1rm0kasi,431,portfolio,Clearing,1789354801,15,0,1
nadt5tbu,23,djq10sre,431,portfolio,Clearing,1789354801,15,0,1
nadt5tbu,25,5ddpdjuo,431,portfolio,Clearing,1789354801,15,0,1
nadt5tbu,9,3vy48gux,430,portfolio,PageBidGenderExp,1789354802,15,0,0
nadt5tbu,11,qd0f31id,430,portfolio,PageBidGenderExp,1789354806,15,0,0
nadt5tbu,3,s57od4iz,430,portfolio,PageBidGenderExp,1789354807,15,0,0
nadt5tbu,11,qd0f31id,431,portfolio,Clearing,1789354807,15,0,1
nadt5tbu,12,gllc2565,431,portfolio,Clearing,1789354807,15,0,1
nadt5tbu,13,k6q3olvt,431,portfolio,Clearing,1789354807,15,0,1
nadt5tbu,14,h7g9h66e,431,portfolio,Clearing,1789354807,15,0,1
nadt5tbu,15,ch700ni6,431,portfolio,Clearing,1789354807,15,0,1
nadt5tbu,1,2vm7punw,431,portfolio,Clearing,1789354807,15,0,1
nadt5tbu,2,wfmrxna9,431,portfolio,Clearing,1789354807,15,0,1
nadt5tbu,3,s57od4iz,431,portfolio,Clearing,1789354807,15,0,1
nadt5tbu,4,sem2q323,431,portfolio,Clearing,1789354807,15,0,1
nadt5tbu,5,pmhhauc6,431,portfolio,Clearing,1789354807,15,0,1
nadt5tbu,8,nt0omp7o,430,portfolio,PageBidGenderExp,1789354847,15,0,0
nadt5tbu,6,bc7n6071,431,portfolio,Clearing,1789354847,15,0,1
nadt5tbu,7,j2qhej8d,431,portfolio,Clearing,1789354847,15,0,1
nadt5tbu,8,nt0omp7o,431,portfolio,Clearing,1789354847,15,0,1
nadt5tbu,9,3vy48gux,431,portfolio,Clearing,1789354847,15,0,1
nadt5tbu,10,zzkx5xsm,431,portfolio,Clearing,1789354847,15,0,1
nadt5tbu,16,5doee2qb,430,portfolio,PageBidGenderExp,1789354863,15,0,0
nadt5tbu,16,5doee2qb,431,portfolio,Clearing,1789354863,15,0,1
nadt5tbu,17,fjk39fjv,431,portfolio,Clearing,1789354863,15,0,1
nadt5tbu,18,uv9wmkop,431,portfolio,Clearing,1789354863,15,0,1
nadt5tbu,19,tdb9pvu4,431,portfolio,Clearing,1789354863,15,0,1
nadt5tbu,20,vlzegfsh,431,portfolio,Clearing,1789354863,15,0,1
nadt5tbu,1,2vm7punw,432,portfolio,SyncMarketRound,1789354864,15,0,1
nadt5tbu,16,5doee2qb,432,portfolio,SyncMarketRound,1789354864,15,0,1
nadt5tbu,6,bc7n6071,432,portfolio,SyncMarketRound,1789354864,15,0,1
nadt5tbu,21,vijmhlvg,432,portfolio,SyncMarketRound,1789354864,15,0,1
nadt5tbu,17,fjk39fjv,432,portfolio,SyncMarketRound,1789354864,15,0,1
nadt5tbu,7,j2qhej8d,432,portfolio,SyncMarketRound,1789354864,15,0,1
nadt5tbu,8,nt0omp7o,432,portfolio,SyncMarketRound,1789354864,15,0,1
nadt5tbu,2,wfmrxna9,432,portfolio,SyncMarketRound,1789354864,15,0,1
nadt5tbu,18,uv9wmkop,432,portfolio,SyncMarketRound,1789354864,15,0,1
nadt5tbu,3,s57od4iz,432,portfolio,SyncMarketRound,1789354864,15,0,1
nadt5tbu,19,tdb9pvu4,432,portfolio,SyncMarketRound,1789354864,15,0,1
nadt5tbu,4,sem2q323,432,portfolio,SyncMarketRound,1789354864,15,0,1
nadt5tbu,22,8e240a8t,432,portfolio,SyncMarketRound,1789354864,15,0,1
nadt5tbu,11,qd0f31id,432,portfolio,SyncMarketRound,1789354864,15,0,1
nadt5tbu,9,3vy48gux,432,portfolio,SyncMarketRound,1789354864,15,0,1
nadt5tbu,12,gllc2565,432,portfolio,SyncMarketRound,1789354864,15,0,1
nadt5tbu,13,k6q3olvt,432,portfolio,SyncMarketRound,1789354864,15,0,1
nadt5tbu,14,h7g9h66e,432,portfolio,SyncMarketRound,1789354864,15,0,1
nadt5tbu,15,ch700ni6,432,portfolio,SyncMarketRound,1789354864,15,0,1
nadt5tbu,10,zzkx5xsm,432,portfolio,SyncMarketRound,1789354864,15,0,1
nadt5tbu,20,vlzegfsh,432,portfolio,SyncMarketRound,1789354864,15,0,1
nadt5tbu,24,1rm0kasi,432,portfolio,SyncMarketRound,1789354864,15,0,1
nadt5tbu,23,djq10sre,432,portfolio,SyncMarketRound,1789354864,15,0,1
nadt5tbu,25,5ddpdjuo,432,portfolio,SyncMarketRound,1789354864,15,0,1
nadt5tbu,5,pmhhauc6,432,portfolio,SyncMarketRound,1789354864,15,0,1
nadt5tbu,19,tdb9pvu4,459,portfolio,PageBidGenderExp,1789354880,16,0,0
nadt5tbu,8,nt0omp7o,459,portfolio,PageBidGenderExp,1789354882,16,0,0
nadt5tbu,2,wfmrxna9,459,portfolio,PageBidGenderExp,1789354883,16,0,0
nadt5tbu,18,uv9wmkop,459,portfolio,PageBidGenderExp,1789354886,16,0,0
nadt5tbu,24,1rm0kasi,459,portfolio,PageBidGenderExp,1789354892,16,0,0
nadt5tbu,15,ch700ni6,459,portfolio,PageBidGenderExp,1789354892,16,0,0
nadt5tbu,5,pmhhauc6,459,portfolio,PageBidGenderExp,1789354893,16,0,0
nadt5tbu,7,j2qhej8d,459,portfolio,PageBidGenderExp,1789354893,16,0,0
nadt5tbu,10,zzkx5xsm,459,portfolio,PageBidGenderExp,1789354894,16,0,0
nadt5tbu,4,sem2q323,459,portfolio,PageBidGenderExp,1789354894,16,0,0
nadt5tbu,16,5doee2qb,459,portfolio,PageBidGenderExp,1789354894,16,0,0
nadt5tbu,6,bc7n6071,459,portfolio,PageBidGenderExp,1789354895,16,0,0
nadt5tbu,12,gllc2565,459,portfolio,PageBidGenderExp,1789354895,16,0,0
nadt5tbu,17,fjk39fjv,459,portfolio,PageBidGenderExp,1789354895,16,0,0
nadt5tbu,20,vlzegfsh,459,portfolio,PageBidGenderExp,1789354895,16,0,0
nadt5tbu,18,uv9wmkop,460,portfolio,Clearing,1789354895,16,0,1
nadt5tbu,16,5doee2qb,460,portfolio,Clearing,1789354895,16,0,1
nadt5tbu,17,fjk39fjv,460,portfolio,Clearing,1789354895,16,0,1
nadt5tbu,19,tdb9pvu4,460,portfolio,Clearing,1789354895,16,0,1
nadt5tbu,20,vlzegfsh,460,portfolio,Clearing,1789354895,16,0,1
nadt5tbu,21,vijmhlvg,459,portfolio,PageBidGenderExp,1789354896,16,0,0
nadt5tbu,11,qd0f31id,459,portfolio,PageBidGenderExp,1789354900,16,0,0
nadt5tbu,1,2vm7punw,459,portfolio,PageBidGenderExp,1789354900,16,0,0
nadt5tbu,25,5ddpdjuo,459,portfolio,PageBidGenderExp,1789354902,16,0,0
nadt5tbu,22,8e240a8t,459,portfolio,PageBidGenderExp,1789354904,16,0,0
nadt5tbu,3,s57od4iz,459,portfolio,PageBidGenderExp,1789354905,16,0,0
nadt5tbu,1,2vm7punw,460,portfolio,Clearing,1789354905,16,0,1
nadt5tbu,2,wfmrxna9,460,portfolio,Clearing,1789354905,16,0,1
nadt5tbu,3,s57od4iz,460,portfolio,Clearing,1789354905,16,0,1
nadt5tbu,4,sem2q323,460,portfolio,Clearing,1789354905,16,0,1
nadt5tbu,5,pmhhauc6,460,portfolio,Clearing,1789354905,16,0,1
nadt5tbu,23,djq10sre,459,portfolio,PageBidGenderExp,1789354906,16,0,0
nadt5tbu,21,vijmhlvg,460,portfolio,Clearing,1789354906,16,0,1
nadt5tbu,22,8e240a8t,460,portfolio,Clearing,1789354906,16,0,1
nadt5tbu,23,djq10sre,460,portfolio,Clearing,1789354906,16,0,1
nadt5tbu,24,1rm0kasi,460,portfolio,Clearing,1789354906,16,0,1
nadt5tbu,25,5ddpdjuo,460,portfolio,Clearing,1789354906,16,0,1
nadt5tbu,14,h7g9h66e,459,portfolio,PageBidGenderExp,1789354910,16,0,0
nadt5tbu,13,k6q3olvt,459,portfolio,PageBidGenderExp,1789354912,16,0,0
nadt5tbu,11,qd0f31id,460,portfolio,Clearing,1789354913,16,0,1
nadt5tbu,12,gllc2565,460,portfolio,Clearing,1789354913,16,0,1
nadt5tbu,13,k6q3olvt,460,portfolio,Clearing,1789354913,16,0,1
nadt5tbu,14,h7g9h66e,460,portfolio,Clearing,1789354913,16,0,1
nadt5tbu,15,ch700ni6,460,portfolio,Clearing,1789354913,16,0,1
nadt5tbu,9,3vy48gux,459,portfolio,PageBidGenderExp,1789354930,16,0,0
nadt5tbu,6,bc7n6071,460,portfolio,Clearing,1789354930,16,0,1
nadt5tbu,7,j2qhej8d,460,portfolio,Clearing,1789354930,16,0,1
nadt5tbu,8,nt0omp7o,460,portfolio,Clearing,1789354930,16,0,1
nadt5tbu,9,3vy48gux,460,portfolio,Clearing,1789354930,16,0,1
nadt5tbu,10,zzkx5xsm,460,portfolio,Clearing,1789354930,16,0,1
nadt5tbu,6,bc7n6071,461,portfolio,SyncMarketRound,1789354930,16,0,1
nadt5tbu,18,uv9wmkop,461,portfolio,SyncMarketRound,1789354930,16,0,1
nadt5tbu,11,qd0f31id,461,portfolio,SyncMarketRound,1789354930,16,0,1
nadt5tbu,7,j2qhej8d,461,portfolio,SyncMarketRound,1789354930,16,0,1
nadt5tbu,21,vijmhlvg,461,portfolio,SyncMarketRound,1789354930,16,0,1
nadt5tbu,22,8e240a8t,461,portfolio,SyncMarketRound,1789354930,16,0,1
nadt5tbu,8,nt0omp7o,461,portfolio,SyncMarketRound,1789354930,16,0,1
nadt5tbu,9,3vy48gux,461,portfolio,SyncMarketRound,1789354930,16,0,1
nadt5tbu,23,djq10sre,461,portfolio,SyncMarketRound,1789354930,16,0,1
nadt5tbu,12,gllc2565,461,portfolio,SyncMarketRound,1789354930,16,0,1
nadt5tbu,16,5doee2qb,461,portfolio,SyncMarketRound,1789354930,16,0,1
nadt5tbu,13,k6q3olvt,461,portfolio,SyncMarketRound,1789354930,16,0,1
nadt5tbu,24,1rm0kasi,461,portfolio,SyncMarketRound,1789354930,16,0,1
nadt5tbu,1,2vm7punw,461,portfolio,SyncMarketRound,1789354930,16,0,1
nadt5tbu,2,wfmrxna9,461,portfolio,SyncMarketRound,1789354930,16,0,1
nadt5tbu,3,s57od4iz,461,portfolio,SyncMarketRound,1789354930,16,0,1
nadt5tbu,25,5ddpdjuo,461,portfolio,SyncMarketRound,1789354930,16,0,1
nadt5tbu,14,h7g9h66e,461,portfolio,SyncMarketRound,1789354930,16,0,1
nadt5tbu,15,ch700ni6,461,portfolio,SyncMarketRound,1789354930,16,0,1
nadt5tbu,10,zzkx5xsm,461,portfolio,SyncMarketRound,1789354930,16,0,1
nadt5tbu,17,fjk39fjv,461,portfolio,SyncMarketRound,1789354930,16,0,1
nadt5tbu,19,tdb9pvu4,461,portfolio,SyncMarketRound,1789354930,16,0,1
nadt5tbu,20,vlzegfsh,461,portfolio,SyncMarketRound,1789354930,16,0,1
nadt5tbu,4,sem2q323,461,portfolio,SyncMarketRound,1789354930,16,0,1
nadt5tbu,5,pmhhauc6,461,portfolio,SyncMarketRound,1789354930,16,0,1
nadt5tbu,23,djq10sre,488,portfolio,PageBidGenderExp,1789354944,17,0,0
nadt5tbu,2,wfmrxna9,488,portfolio,PageBidGenderExp,1789354945,17,0,0
nadt5tbu,19,tdb9pvu4,488,portfolio,PageBidGenderExp,1789354946,17,0,0
nadt5tbu,15,ch700ni6,488,portfolio,PageBidGenderExp,1789354948,17,0,0
nadt5tbu,18,uv9wmkop,488,portfolio,PageBidGenderExp,1789354951,17,0,0
nadt5tbu,24,1rm0kasi,488,portfolio,PageBidGenderExp,1789354951,17,0,0
nadt5tbu,17,fjk39fjv,488,portfolio,PageBidGenderExp,1789354951,17,0,0
nadt5tbu,10,zzkx5xsm,488,portfolio,PageBidGenderExp,1789354951,17,0,0
nadt5tbu,1,2vm7punw,488,portfolio,PageBidGenderExp,1789354952,17,0,0
nadt5tbu,12,gllc2565,488,portfolio,PageBidGenderExp,1789354955,17,0,0
nadt5tbu,14,h7g9h66e,488,portfolio,PageBidGenderExp,1789354956,17,0,0
nadt5tbu,5,pmhhauc6,488,portfolio,PageBidGenderExp,1789354956,17,0,0
nadt5tbu,4,sem2q323,488,portfolio,PageBidGenderExp,1789354956,17,0,0
nadt5tbu,25,5ddpdjuo,488,portfolio,PageBidGenderExp,1789354958,17,0,0
nadt5tbu,9,3vy48gux,488,portfolio,PageBidGenderExp,1789354959,17,0,0
nadt5tbu,11,qd0f31id,488,portfolio,PageBidGenderExp,1789354960,17,0,0
nadt5tbu,6,bc7n6071,488,portfolio,PageBidGenderExp,1789354961,17,0,0
nadt5tbu,20,vlzegfsh,488,portfolio,PageBidGenderExp,1789354965,17,0,0
nadt5tbu,8,nt0omp7o,488,portfolio,PageBidGenderExp,1789354966,17,0,0
nadt5tbu,16,5doee2qb,488,portfolio,PageBidGenderExp,1789354967,17,0,0
nadt5tbu,18,uv9wmkop,489,portfolio,Clearing,1789354967,17,0,1
nadt5tbu,16,5doee2qb,489,portfolio,Clearing,1789354967,17,0,1
nadt5tbu,17,fjk39fjv,489,portfolio,Clearing,1789354967,17,0,1
nadt5tbu,19,tdb9pvu4,489,portfolio,Clearing,1789354967,17,0,1
nadt5tbu,20,vlzegfsh,489,portfolio,Clearing,1789354967,17,0,1
nadt5tbu,7,j2qhej8d,488,portfolio,PageBidGenderExp,1789354969,17,0,0
nadt5tbu,6,bc7n6071,489,portfolio,Clearing,1789354969,17,0,1
nadt5tbu,7,j2qhej8d,489,portfolio,Clearing,1789354969,17,0,1
nadt5tbu,8,nt0omp7o,489,portfolio,Clearing,1789354969,17,0,1
nadt5tbu,9,3vy48gux,489,portfolio,Clearing,1789354969,17,0,1
nadt5tbu,10,zzkx5xsm,489,portfolio,Clearing,1789354969,17,0,1
nadt5tbu,3,s57od4iz,488,portfolio,PageBidGenderExp,1789354971,17,0,0
nadt5tbu,1,2vm7punw,489,portfolio,Clearing,1789354971,17,0,1
nadt5tbu,2,wfmrxna9,489,portfolio,Clearing,1789354971,17,0,1
nadt5tbu,3,s57od4iz,489,portfolio,Clearing,1789354971,17,0,1
nadt5tbu,4,sem2q323,489,portfolio,Clearing,1789354971,17,0,1
nadt5tbu,5,pmhhauc6,489,portfolio,Clearing,1789354971,17,0,1
nadt5tbu,21,vijmhlvg,488,portfolio,PageBidGenderExp,1789354971,17,0,0
nadt5tbu,13,k6q3olvt,488,portfolio,PageBidGenderExp,1789354973,17,0,0
nadt5tbu,11,qd0f31id,489,portfolio,Clearing,1789354973,17,0,1
nadt5tbu,13,k6q3olvt,489,portfolio,Clearing,1789354973,17,0,1
nadt5tbu,12,gllc2565,489,portfolio,Clearing,1789354973,17,0,1
nadt5tbu,14,h7g9h66e,489,portfolio,Clearing,1789354973,17,0,1
nadt5tbu,15,ch700ni6,489,portfolio,Clearing,1789354973,17,0,1
nadt5tbu,22,8e240a8t,488,portfolio,PageBidGenderExp,1789354986,17,0,0
nadt5tbu,21,vijmhlvg,489,portfolio,Clearing,1789354986,17,0,1
nadt5tbu,22,8e240a8t,489,portfolio,Clearing,1789354986,17,0,1
nadt5tbu,23,djq10sre,489,portfolio,Clearing,1789354986,17,0,1
nadt5tbu,24,1rm0kasi,489,portfolio,Clearing,1789354986,17,0,1
nadt5tbu,25,5ddpdjuo,489,portfolio,Clearing,1789354986,17,0,1
nadt5tbu,11,qd0f31id,490,portfolio,SyncMarketRound,1789354986,17,0,1
nadt5tbu,18,uv9wmkop,490,portfolio,SyncMarketRound,1789354986,17,0,1
nadt5tbu,6,bc7n6071,490,portfolio,SyncMarketRound,1789354986,17,0,1
nadt5tbu,1,2vm7punw,490,portfolio,SyncMarketRound,1789354986,17,0,1
nadt5tbu,13,k6q3olvt,490,portfolio,SyncMarketRound,1789354986,17,0,1
nadt5tbu,12,gllc2565,490,portfolio,SyncMarketRound,1789354986,17,0,1
nadt5tbu,14,h7g9h66e,490,portfolio,SyncMarketRound,1789354986,17,0,1
nadt5tbu,15,ch700ni6,490,portfolio,SyncMarketRound,1789354986,17,0,1
nadt5tbu,2,wfmrxna9,490,portfolio,SyncMarketRound,1789354986,17,0,1
nadt5tbu,3,s57od4iz,490,portfolio,SyncMarketRound,1789354986,17,0,1
nadt5tbu,4,sem2q323,490,portfolio,SyncMarketRound,1789354986,17,0,1
nadt5tbu,7,j2qhej8d,490,portfolio,SyncMarketRound,1789354986,17,0,1
nadt5tbu,16,5doee2qb,490,portfolio,SyncMarketRound,1789354986,17,0,1
nadt5tbu,17,fjk39fjv,490,portfolio,SyncMarketRound,1789354986,17,0,1
nadt5tbu,19,tdb9pvu4,490,portfolio,SyncMarketRound,1789354986,17,0,1
nadt5tbu,8,nt0omp7o,490,portfolio,SyncMarketRound,1789354986,17,0,1
nadt5tbu,9,3vy48gux,490,portfolio,SyncMarketRound,1789354986,17,0,1
nadt5tbu,5,pmhhauc6,490,portfolio,SyncMarketRound,1789354986,17,0,1
nadt5tbu,20,vlzegfsh,490,portfolio,SyncMarketRound,1789354986,17,0,1
nadt5tbu,21,vijmhlvg,490,portfolio,SyncMarketRound,1789354986,17,0,1
nadt5tbu,10,zzkx5xsm,490,portfolio,SyncMarketRound,1789354986,17,0,1
nadt5tbu,22,8e240a8t,490,portfolio,SyncMarketRound,1789354986,17,0,1
nadt5tbu,23,djq10sre,490,portfolio,SyncMarketRound,1789354986,17,0,1
nadt5tbu,24,1rm0kasi,490,portfolio,SyncMarketRound,1789354986,17,0,1
nadt5tbu,25,5ddpdjuo,490,portfolio,SyncMarketRound,1789354986,17,0,1
nadt5tbu,23,djq10sre,517,portfolio,PageBidGenderExp,1789355001,18,0,0
nadt5tbu,17,fjk39fjv,517,portfolio,PageBidGenderExp,1789355004,18,0,0
nadt5tbu,15,ch700ni6,517,portfolio,PageBidGenderExp,1789355004,18,0,0
nadt5tbu,21,vijmhlvg,517,portfolio,PageBidGenderExp,1789355004,18,0,0
nadt5tbu,2,wfmrxna9,517,portfolio,PageBidGenderExp,1789355007,18,0,0
nadt5tbu,8,nt0omp7o,517,portfolio,PageBidGenderExp,1789355007,18,0,0
nadt5tbu,19,tdb9pvu4,517,portfolio,PageBidGenderExp,1789355007,18,0,0
nadt5tbu,24,1rm0kasi,517,portfolio,PageBidGenderExp,1789355009,18,0,0
nadt5tbu,10,zzkx5xsm,517,portfolio,PageBidGenderExp,1789355009,18,0,0
nadt5tbu,6,bc7n6071,517,portfolio,PageBidGenderExp,1789355010,18,0,0
nadt5tbu,4,sem2q323,517,portfolio,PageBidGenderExp,1789355010,18,0,0
nadt5tbu,9,3vy48gux,517,portfolio,PageBidGenderExp,1789355013,18,0,0
nadt5tbu,25,5ddpdjuo,517,portfolio,PageBidGenderExp,1789355013,18,0,0
nadt5tbu,20,vlzegfsh,517,portfolio,PageBidGenderExp,1789355018,18,0,0
nadt5tbu,14,h7g9h66e,517,portfolio,PageBidGenderExp,1789355018,18,0,0
nadt5tbu,18,uv9wmkop,517,portfolio,PageBidGenderExp,1789355018,18,0,0
nadt5tbu,22,8e240a8t,517,portfolio,PageBidGenderExp,1789355019,18,0,0
nadt5tbu,16,5doee2qb,517,portfolio,PageBidGenderExp,1789355019,18,0,0
nadt5tbu,21,vijmhlvg,518,portfolio,Clearing,1789355019,18,0,1
nadt5tbu,22,8e240a8t,518,portfolio,Clearing,1789355019,18,0,1
nadt5tbu,23,djq10sre,518,portfolio,Clearing,1789355019,18,0,1
nadt5tbu,24,1rm0kasi,518,portfolio,Clearing,1789355019,18,0,1
nadt5tbu,25,5ddpdjuo,518,portfolio,Clearing,1789355019,18,0,1
nadt5tbu,16,5doee2qb,518,portfolio,Clearing,1789355019,18,0,1
nadt5tbu,17,fjk39fjv,518,portfolio,Clearing,1789355019,18,0,1
nadt5tbu,19,tdb9pvu4,518,portfolio,Clearing,1789355019,18,0,1
nadt5tbu,20,vlzegfsh,518,portfolio,Clearing,1789355019,18,0,1
nadt5tbu,18,uv9wmkop,518,portfolio,Clearing,1789355019,18,0,1
nadt5tbu,7,j2qhej8d,517,portfolio,PageBidGenderExp,1789355019,18,0,0
nadt5tbu,12,gllc2565,517,portfolio,PageBidGenderExp,1789355019,18,0,0
nadt5tbu,6,bc7n6071,518,portfolio,Clearing,1789355020,18,0,1
nadt5tbu,7,j2qhej8d,518,portfolio,Clearing,1789355020,18,0,1
nadt5tbu,8,nt0omp7o,518,portfolio,Clearing,1789355020,18,0,1
nadt5tbu,9,3vy48gux,518,portfolio,Clearing,1789355020,18,0,1
nadt5tbu,10,zzkx5xsm,518,portfolio,Clearing,1789355020,18,0,1
nadt5tbu,11,qd0f31id,517,portfolio,PageBidGenderExp,1789355021,18,0,0
nadt5tbu,5,pmhhauc6,517,portfolio,PageBidGenderExp,1789355021,18,0,0
nadt5tbu,13,k6q3olvt,517,portfolio,PageBidGenderExp,1789355028,18,0,0
nadt5tbu,11,qd0f31id,518,portfolio,Clearing,1789355028,18,0,1
nadt5tbu,12,gllc2565,518,portfolio,Clearing,1789355028,18,0,1
nadt5tbu,13,k6q3olvt,518,portfolio,Clearing,1789355028,18,0,1
nadt5tbu,14,h7g9h66e,518,portfolio,Clearing,1789355028,18,0,1
nadt5tbu,15,ch700ni6,518,portfolio,Clearing,1789355028,18,0,1
nadt5tbu,1,2vm7punw,517,portfolio,PageBidGenderExp,1789355029,18,0,0
nadt5tbu,3,s57od4iz,517,portfolio,PageBidGenderExp,1789355036,18,0,0
nadt5tbu,1,2vm7punw,518,portfolio,Clearing,1789355036,18,0,1
nadt5tbu,2,wfmrxna9,518,portfolio,Clearing,1789355036,18,0,1
nadt5tbu,3,s57od4iz,518,portfolio,Clearing,1789355036,18,0,1
nadt5tbu,4,sem2q323,518,portfolio,Clearing,1789355036,18,0,1
nadt5tbu,5,pmhhauc6,518,portfolio,Clearing,1789355036,18,0,1
nadt5tbu,16,5doee2qb,519,portfolio,SyncMarketRound,1789355036,18,0,1
nadt5tbu,17,fjk39fjv,519,portfolio,SyncMarketRound,1789355036,18,0,1
nadt5tbu,1,2vm7punw,519,portfolio,SyncMarketRound,1789355036,18,0,1
nadt5tbu,19,tdb9pvu4,519,portfolio,SyncMarketRound,1789355036,18,0,1
nadt5tbu,2,wfmrxna9,519,portfolio,SyncMarketRound,1789355036,18,0,1
nadt5tbu,11,qd0f31id,519,portfolio,SyncMarketRound,1789355036,18,0,1
nadt5tbu,12,gllc2565,519,portfolio,SyncMarketRound,1789355036,18,0,1
nadt5tbu,20,vlzegfsh,519,portfolio,SyncMarketRound,1789355036,18,0,1
nadt5tbu,6,bc7n6071,519,portfolio,SyncMarketRound,1789355036,18,0,1
nadt5tbu,3,s57od4iz,519,portfolio,SyncMarketRound,1789355036,18,0,1
nadt5tbu,18,uv9wmkop,519,portfolio,SyncMarketRound,1789355036,18,0,1
nadt5tbu,7,j2qhej8d,519,portfolio,SyncMarketRound,1789355036,18,0,1
nadt5tbu,8,nt0omp7o,519,portfolio,SyncMarketRound,1789355036,18,0,1
nadt5tbu,21,vijmhlvg,519,portfolio,SyncMarketRound,1789355036,18,0,1
nadt5tbu,22,8e240a8t,519,portfolio,SyncMarketRound,1789355036,18,0,1
nadt5tbu,9,3vy48gux,519,portfolio,SyncMarketRound,1789355036,18,0,1
nadt5tbu,10,zzkx5xsm,519,portfolio,SyncMarketRound,1789355036,18,0,1
nadt5tbu,13,k6q3olvt,519,portfolio,SyncMarketRound,1789355036,18,0,1
nadt5tbu,14,h7g9h66e,519,portfolio,SyncMarketRound,1789355036,18,0,1
nadt5tbu,15,ch700ni6,519,portfolio,SyncMarketRound,1789355036,18,0,1
nadt5tbu,4,sem2q323,519,portfolio,SyncMarketRound,1789355036,18,0,1
nadt5tbu,5,pmhhauc6,519,portfolio,SyncMarketRound,1789355036,18,0,1
nadt5tbu,23,djq10sre,519,portfolio,SyncMarketRound,1789355036,18,0,1
nadt5tbu,24,1rm0kasi,519,portfolio,SyncMarketRound,1789355036,18,0,1
nadt5tbu,25,5ddpdjuo,519,portfolio,SyncMarketRound,1789355036,18,0,1
nadt5tbu,15,ch700ni6,546,portfolio,PageBidGenderExp,1789355054,19,0,0
nadt5tbu,14,h7g9h66e,546,portfolio,PageBidGenderExp,1789355054,19,0,0
nadt5tbu,21,vijmhlvg,546,portfolio,PageBidGenderExp,1789355056,19,0,0
nadt5tbu,24,1rm0kasi,546,portfolio,PageBidGenderExp,1789355057,19,0,0
nadt5tbu,12,gllc2565,546,portfolio,PageBidGenderExp,1789355058,19,0,0
nadt5tbu,18,uv9wmkop,546,portfolio,PageBidGenderExp,1789355059,19,0,0
nadt5tbu,10,zzkx5xsm,546,portfolio,PageBidGenderExp,1789355059,19,0,0
nadt5tbu,16,5doee2qb,546,portfolio,PageBidGenderExp,1789355060,19,0,0
nadt5tbu,20,vlzegfsh,546,portfolio,PageBidGenderExp,1789355060,19,0,0
nadt5tbu,3,s57od4iz,546,portfolio,PageBidGenderExp,1789355060,19,0,0
nadt5tbu,6,bc7n6071,546,portfolio,PageBidGenderExp,1789355060,19,0,0
nadt5tbu,19,tdb9pvu4,546,portfolio,PageBidGenderExp,1789355061,19,0,0
nadt5tbu,7,j2qhej8d,546,portfolio,PageBidGenderExp,1789355062,19,0,0
nadt5tbu,13,k6q3olvt,546,portfolio,PageBidGenderExp,1789355064,19,0,0
nadt5tbu,9,3vy48gux,546,portfolio,PageBidGenderExp,1789355065,19,0,0
nadt5tbu,1,2vm7punw,546,portfolio,PageBidGenderExp,1789355066,19,0,0
nadt5tbu,22,8e240a8t,546,portfolio,PageBidGenderExp,1789355066,19,0,0
nadt5tbu,5,pmhhauc6,546,portfolio,PageBidGenderExp,1789355066,19,0,0
nadt5tbu,23,djq10sre,546,portfolio,PageBidGenderExp,1789355068,19,0,0
nadt5tbu,4,sem2q323,546,portfolio,PageBidGenderExp,1789355070,19,0,0
nadt5tbu,25,5ddpdjuo,546,portfolio,PageBidGenderExp,1789355071,19,0,0
nadt5tbu,21,vijmhlvg,547,portfolio,Clearing,1789355071,19,0,1
nadt5tbu,22,8e240a8t,547,portfolio,Clearing,1789355071,19,0,1
nadt5tbu,23,djq10sre,547,portfolio,Clearing,1789355071,19,0,1
nadt5tbu,24,1rm0kasi,547,portfolio,Clearing,1789355071,19,0,1
nadt5tbu,25,5ddpdjuo,547,portfolio,Clearing,1789355071,19,0,1
nadt5tbu,8,nt0omp7o,546,portfolio,PageBidGenderExp,1789355075,19,0,0
nadt5tbu,6,bc7n6071,547,portfolio,Clearing,1789355075,19,0,1
nadt5tbu,7,j2qhej8d,547,portfolio,Clearing,1789355075,19,0,1
nadt5tbu,8,nt0omp7o,547,portfolio,Clearing,1789355075,19,0,1
nadt5tbu,9,3vy48gux,547,portfolio,Clearing,1789355075,19,0,1
nadt5tbu,10,zzkx5xsm,547,portfolio,Clearing,1789355075,19,0,1
nadt5tbu,11,qd0f31id,546,portfolio,PageBidGenderExp,1789355076,19,0,0
nadt5tbu,11,qd0f31id,547,portfolio,Clearing,1789355077,19,0,1
nadt5tbu,12,gllc2565,547,portfolio,Clearing,1789355077,19,0,1
nadt5tbu,13,k6q3olvt,547,portfolio,Clearing,1789355077,19,0,1
nadt5tbu,14,h7g9h66e,547,portfolio,Clearing,1789355077,19,0,1
nadt5tbu,15,ch700ni6,547,portfolio,Clearing,1789355077,19,0,1
nadt5tbu,2,wfmrxna9,546,portfolio,PageBidGenderExp,1789355082,19,0,0
nadt5tbu,1,2vm7punw,547,portfolio,Clearing,1789355083,19,0,1
nadt5tbu,2,wfmrxna9,547,portfolio,Clearing,1789355083,19,0,1
nadt5tbu,3,s57od4iz,547,portfolio,Clearing,1789355083,19,0,1
nadt5tbu,4,sem2q323,547,portfolio,Clearing,1789355083,19,0,1
nadt5tbu,5,pmhhauc6,547,portfolio,Clearing,1789355083,19,0,1
nadt5tbu,17,fjk39fjv,546,portfolio,PageBidGenderExp,1789355083,19,0,0
nadt5tbu,16,5doee2qb,547,portfolio,Clearing,1789355084,19,0,1
nadt5tbu,17,fjk39fjv,547,portfolio,Clearing,1789355084,19,0,1
nadt5tbu,18,uv9wmkop,547,portfolio,Clearing,1789355084,19,0,1
nadt5tbu,19,tdb9pvu4,547,portfolio,Clearing,1789355084,19,0,1
nadt5tbu,20,vlzegfsh,547,portfolio,Clearing,1789355084,19,0,1
nadt5tbu,16,5doee2qb,548,portfolio,SyncMarketRound,1789355084,19,0,1
nadt5tbu,1,2vm7punw,548,portfolio,SyncMarketRound,1789355084,19,0,1
nadt5tbu,2,wfmrxna9,548,portfolio,SyncMarketRound,1789355084,19,0,1
nadt5tbu,3,s57od4iz,548,portfolio,SyncMarketRound,1789355084,19,0,1
nadt5tbu,11,qd0f31id,548,portfolio,SyncMarketRound,1789355084,19,0,1
nadt5tbu,12,gllc2565,548,portfolio,SyncMarketRound,1789355084,19,0,1
nadt5tbu,4,sem2q323,548,portfolio,SyncMarketRound,1789355084,19,0,1
nadt5tbu,13,k6q3olvt,548,portfolio,SyncMarketRound,1789355084,19,0,1
nadt5tbu,14,h7g9h66e,548,portfolio,SyncMarketRound,1789355084,19,0,1
nadt5tbu,6,bc7n6071,548,portfolio,SyncMarketRound,1789355084,19,0,1
nadt5tbu,7,j2qhej8d,548,portfolio,SyncMarketRound,1789355084,19,0,1
nadt5tbu,8,nt0omp7o,548,portfolio,SyncMarketRound,1789355084,19,0,1
nadt5tbu,9,3vy48gux,548,portfolio,SyncMarketRound,1789355084,19,0,1
nadt5tbu,15,ch700ni6,548,portfolio,SyncMarketRound,1789355084,19,0,1
nadt5tbu,5,pmhhauc6,548,portfolio,SyncMarketRound,1789355084,19,0,1
nadt5tbu,17,fjk39fjv,548,portfolio,SyncMarketRound,1789355084,19,0,1
nadt5tbu,18,uv9wmkop,548,portfolio,SyncMarketRound,1789355084,19,0,1
nadt5tbu,19,tdb9pvu4,548,portfolio,SyncMarketRound,1789355084,19,0,1
nadt5tbu,20,vlzegfsh,548,portfolio,SyncMarketRound,1789355084,19,0,1
nadt5tbu,21,vijmhlvg,548,portfolio,SyncMarketRound,1789355084,19,0,1
nadt5tbu,22,8e240a8t,548,portfolio,SyncMarketRound,1789355084,19,0,1
nadt5tbu,23,djq10sre,548,portfolio,SyncMarketRound,1789355084,19,0,1
nadt5tbu,24,1rm0kasi,548,portfolio,SyncMarketRound,1789355084,19,0,1
nadt5tbu,25,5ddpdjuo,548,portfolio,SyncMarketRound,1789355084,19,0,1
nadt5tbu,10,zzkx5xsm,548,portfolio,SyncMarketRound,1789355084,19,0,1
nadt5tbu,2,wfmrxna9,575,portfolio,PageBidGenderExp,1789355098,20,0,0
nadt5tbu,17,fjk39fjv,575,portfolio,PageBidGenderExp,1789355102,20,0,0
nadt5tbu,19,tdb9pvu4,575,portfolio,PageBidGenderExp,1789355104,20,0,0
nadt5tbu,8,nt0omp7o,575,portfolio,PageBidGenderExp,1789355104,20,0,0
nadt5tbu,3,s57od4iz,575,portfolio,PageBidGenderExp,1789355106,20,0,0
nadt5tbu,14,h7g9h66e,575,portfolio,PageBidGenderExp,1789355106,20,0,0
nadt5tbu,23,djq10sre,575,portfolio,PageBidGenderExp,1789355106,20,0,0
nadt5tbu,12,gllc2565,575,portfolio,PageBidGenderExp,1789355106,20,0,0
nadt5tbu,6,bc7n6071,575,portfolio,PageBidGenderExp,1789355108,20,0,0
nadt5tbu,22,8e240a8t,575,portfolio,PageBidGenderExp,1789355109,20,0,0
nadt5tbu,4,sem2q323,575,portfolio,PageBidGenderExp,1789355109,20,0,0
nadt5tbu,10,zzkx5xsm,575,portfolio,PageBidGenderExp,1789355110,20,0,0
nadt5tbu,15,ch700ni6,575,portfolio,PageBidGenderExp,1789355111,20,0,0
nadt5tbu,21,vijmhlvg,575,portfolio,PageBidGenderExp,1789355111,20,0,0
nadt5tbu,9,3vy48gux,575,portfolio,PageBidGenderExp,1789355112,20,0,0
nadt5tbu,7,j2qhej8d,575,portfolio,PageBidGenderExp,1789355113,20,0,0
nadt5tbu,6,bc7n6071,576,portfolio,Clearing,1789355113,20,0,1
nadt5tbu,7,j2qhej8d,576,portfolio,Clearing,1789355113,20,0,1
nadt5tbu,8,nt0omp7o,576,portfolio,Clearing,1789355113,20,0,1
nadt5tbu,9,3vy48gux,576,portfolio,Clearing,1789355113,20,0,1
nadt5tbu,10,zzkx5xsm,576,portfolio,Clearing,1789355113,20,0,1
nadt5tbu,20,vlzegfsh,575,portfolio,PageBidGenderExp,1789355114,20,0,0
nadt5tbu,11,qd0f31id,575,portfolio,PageBidGenderExp,1789355117,20,0,0
nadt5tbu,1,2vm7punw,575,portfolio,PageBidGenderExp,1789355117,20,0,0
nadt5tbu,5,pmhhauc6,575,portfolio,PageBidGenderExp,1789355121,20,0,0
nadt5tbu,1,2vm7punw,576,portfolio,Clearing,1789355121,20,0,1
nadt5tbu,2,wfmrxna9,576,portfolio,Clearing,1789355121,20,0,1
nadt5tbu,3,s57od4iz,576,portfolio,Clearing,1789355121,20,0,1
nadt5tbu,4,sem2q323,576,portfolio,Clearing,1789355121,20,0,1
nadt5tbu,5,pmhhauc6,576,portfolio,Clearing,1789355121,20,0,1
nadt5tbu,24,1rm0kasi,575,portfolio,PageBidGenderExp,1789355121,20,0,0
nadt5tbu,13,k6q3olvt,575,portfolio,PageBidGenderExp,1789355123,20,0,0
nadt5tbu,11,qd0f31id,576,portfolio,Clearing,1789355123,20,0,1
nadt5tbu,12,gllc2565,576,portfolio,Clearing,1789355123,20,0,1
nadt5tbu,13,k6q3olvt,576,portfolio,Clearing,1789355123,20,0,1
nadt5tbu,14,h7g9h66e,576,portfolio,Clearing,1789355123,20,0,1
nadt5tbu,15,ch700ni6,576,portfolio,Clearing,1789355123,20,0,1
nadt5tbu,18,uv9wmkop,575,portfolio,PageBidGenderExp,1789355125,20,0,0
nadt5tbu,25,5ddpdjuo,575,portfolio,PageBidGenderExp,1789355126,20,0,0
nadt5tbu,21,vijmhlvg,576,portfolio,Clearing,1789355127,20,0,1
nadt5tbu,22,8e240a8t,576,portfolio,Clearing,1789355127,20,0,1
nadt5tbu,23,djq10sre,576,portfolio,Clearing,1789355127,20,0,1
nadt5tbu,24,1rm0kasi,576,portfolio,Clearing,1789355127,20,0,1
nadt5tbu,25,5ddpdjuo,576,portfolio,Clearing,1789355127,20,0,1
nadt5tbu,16,5doee2qb,575,portfolio,PageBidGenderExp,1789355134,20,0,0
nadt5tbu,16,5doee2qb,576,portfolio,Clearing,1789355134,20,0,1
nadt5tbu,17,fjk39fjv,576,portfolio,Clearing,1789355134,20,0,1
nadt5tbu,18,uv9wmkop,576,portfolio,Clearing,1789355134,20,0,1
nadt5tbu,19,tdb9pvu4,576,portfolio,Clearing,1789355134,20,0,1
nadt5tbu,20,vlzegfsh,576,portfolio,Clearing,1789355134,20,0,1
nadt5tbu,1,2vm7punw,577,portfolio,SyncMarketRound,1789355140,20,0,1
nadt5tbu,2,wfmrxna9,577,portfolio,SyncMarketRound,1789355140,20,0,1
nadt5tbu,3,s57od4iz,577,portfolio,SyncMarketRound,1789355140,20,0,1
nadt5tbu,4,sem2q323,577,portfolio,SyncMarketRound,1789355140,20,0,1
nadt5tbu,6,bc7n6071,577,portfolio,SyncMarketRound,1789355140,20,0,1
nadt5tbu,17,fjk39fjv,577,portfolio,SyncMarketRound,1789355140,20,0,1
nadt5tbu,18,uv9wmkop,577,portfolio,SyncMarketRound,1789355140,20,0,1
nadt5tbu,22,8e240a8t,577,portfolio,SyncMarketRound,1789355140,20,0,1
nadt5tbu,12,gllc2565,577,portfolio,SyncMarketRound,1789355140,20,0,1
nadt5tbu,19,tdb9pvu4,577,portfolio,SyncMarketRound,1789355140,20,0,1
nadt5tbu,13,k6q3olvt,577,portfolio,SyncMarketRound,1789355140,20,0,1
nadt5tbu,14,h7g9h66e,577,portfolio,SyncMarketRound,1789355140,20,0,1
nadt5tbu,23,djq10sre,577,portfolio,SyncMarketRound,1789355140,20,0,1
nadt5tbu,20,vlzegfsh,577,portfolio,SyncMarketRound,1789355140,20,0,1
nadt5tbu,15,ch700ni6,577,portfolio,SyncMarketRound,1789355140,20,0,1
nadt5tbu,7,j2qhej8d,577,portfolio,SyncMarketRound,1789355140,20,0,1
nadt5tbu,8,nt0omp7o,577,portfolio,SyncMarketRound,1789355140,20,0,1
nadt5tbu,9,3vy48gux,577,portfolio,SyncMarketRound,1789355140,20,0,1
nadt5tbu,11,qd0f31id,577,portfolio,SyncMarketRound,1789355140,20,0,1
nadt5tbu,16,5doee2qb,577,portfolio,SyncMarketRound,1789355140,20,0,1
nadt5tbu,21,vijmhlvg,577,portfolio,SyncMarketRound,1789355140,20,0,1
nadt5tbu,24,1rm0kasi,577,portfolio,SyncMarketRound,1789355140,20,0,1
nadt5tbu,25,5ddpdjuo,577,portfolio,SyncMarketRound,1789355140,20,0,1
nadt5tbu,5,pmhhauc6,577,portfolio,SyncMarketRound,1789355140,20,0,1
nadt5tbu,10,zzkx5xsm,577,portfolio,SyncMarketRound,1789355140,20,0,1
nadt5tbu,17,fjk39fjv,579,portfolio,PageHistoryGenderExp,1789355143,20,0,0
nadt5tbu,6,bc7n6071,579,portfolio,PageHistoryGenderExp,1789355144,20,0,0
nadt5tbu,23,djq10sre,579,portfolio,PageHistoryGenderExp,1789355144,20,0,0
nadt5tbu,21,vijmhlvg,579,portfolio,PageHistoryGenderExp,1789355145,20,0,0
nadt5tbu,19,tdb9pvu4,579,portfolio,PageHistoryGenderExp,1789355145,20,0,0
nadt5tbu,10,zzkx5xsm,579,portfolio,PageHistoryGenderExp,1789355146,20,0,0
nadt5tbu,3,s57od4iz,579,portfolio,PageHistoryGenderExp,1789355146,20,0,0
nadt5tbu,5,pmhhauc6,579,portfolio,PageHistoryGenderExp,1789355146,20,0,0
nadt5tbu,9,3vy48gux,579,portfolio,PageHistoryGenderExp,1789355147,20,0,0
nadt5tbu,6,bc7n6071,580,portfolio,Results,1789355147,20,0,0
nadt5tbu,23,djq10sre,580,portfolio,Results,1789355147,20,0,0
nadt5tbu,21,vijmhlvg,580,portfolio,Results,1789355147,20,0,0
nadt5tbu,18,uv9wmkop,579,portfolio,PageHistoryGenderExp,1789355147,20,0,0
nadt5tbu,4,sem2q323,579,portfolio,PageHistoryGenderExp,1789355148,20,0,0
nadt5tbu,11,qd0f31id,579,portfolio,PageHistoryGenderExp,1789355148,20,0,0
nadt5tbu,3,s57od4iz,580,portfolio,Results,1789355148,20,0,0
nadt5tbu,19,tdb9pvu4,580,portfolio,Results,1789355148,20,0,0
nadt5tbu,20,vlzegfsh,579,portfolio,PageHistoryGenderExp,1789355148,20,0,0
nadt5tbu,16,5doee2qb,579,portfolio,PageHistoryGenderExp,1789355149,20,0,0
nadt5tbu,10,zzkx5xsm,580,portfolio,Results,1789355149,20,0,0
nadt5tbu,18,uv9wmkop,580,portfolio,Results,1789355149,20,0,0
nadt5tbu,9,3vy48gux,580,portfolio,Results,1789355149,20,0,0
nadt5tbu,4,sem2q323,580,portfolio,Results,1789355149,20,0,0
nadt5tbu,7,j2qhej8d,579,portfolio,PageHistoryGenderExp,1789355151,20,0,0
nadt5tbu,22,8e240a8t,579,portfolio,PageHistoryGenderExp,1789355151,20,0,0
nadt5tbu,16,5doee2qb,580,portfolio,Results,1789355151,20,0,0
nadt5tbu,25,5ddpdjuo,579,portfolio,PageHistoryGenderExp,1789355151,20,0,0
nadt5tbu,5,pmhhauc6,580,portfolio,Results,1789355151,20,0,0
nadt5tbu,20,vlzegfsh,580,portfolio,Results,1789355151,20,0,0
nadt5tbu,24,1rm0kasi,579,portfolio,PageHistoryGenderExp,1789355152,20,0,0
nadt5tbu,11,qd0f31id,580,portfolio,Results,1789355152,20,0,0
nadt5tbu,8,nt0omp7o,579,portfolio,PageHistoryGenderExp,1789355153,20,0,0
nadt5tbu,7,j2qhej8d,580,portfolio,Results,1789355153,20,0,0
nadt5tbu,25,5ddpdjuo,580,portfolio,Results,1789355153,20,0,0
nadt5tbu,22,8e240a8t,580,portfolio,Results,1789355153,20,0,0
nadt5tbu,14,h7g9h66e,579,portfolio,PageHistoryGenderExp,1789355154,20,0,0
nadt5tbu,1,2vm7punw,579,portfolio,PageHistoryGenderExp,1789355154,20,0,0
nadt5tbu,24,1rm0kasi,580,portfolio,Results,1789355154,20,0,0
nadt5tbu,12,gllc2565,579,portfolio,PageHistoryGenderExp,1789355154,20,0,0
nadt5tbu,8,nt0omp7o,580,portfolio,Results,1789355155,20,0,0
nadt5tbu,1,2vm7punw,580,portfolio,Results,1789355156,20,0,0
nadt5tbu,14,h7g9h66e,580,portfolio,Results,1789355156,20,0,0
nadt5tbu,12,gllc2565,580,portfolio,Results,1789355156,20,0,0
nadt5tbu,13,k6q3olvt,579,portfolio,PageHistoryGenderExp,1789355157,20,0,0
nadt5tbu,13,k6q3olvt,580,portfolio,Results,1789355160,20,0,0
nadt5tbu,15,ch700ni6,579,portfolio,PageHistoryGenderExp,1789355162,20,0,0
nadt5tbu,15,ch700ni6,580,portfolio,Results,1789355164,20,0,0
nadt5tbu,17,fjk39fjv,580,portfolio,Results,1789355167,20,0,0
nadt5tbu,2,wfmrxna9,579,portfolio,PageHistoryGenderExp,1789355167,20,0,0
nadt5tbu,2,wfmrxna9,580,portfolio,Results,1789355169,20,0,0
nadt5tbu,23,djq10sre,581,survey_ntu,Demographics,1789355190,1,0,0
nadt5tbu,8,nt0omp7o,581,survey_ntu,Demographics,1789355198,1,0,0
nadt5tbu,5,pmhhauc6,581,survey_ntu,Demographics,1789355214,1,0,0
nadt5tbu,15,ch700ni6,581,survey_ntu,Demographics,1789355222,1,0,0
nadt5tbu,23,djq10sre,582,survey_ntu,Attitudes,1789355223,1,0,0
nadt5tbu,8,nt0omp7o,582,survey_ntu,Attitudes,1789355223,1,0,0
nadt5tbu,21,vijmhlvg,581,survey_ntu,Demographics,1789355224,1,0,0
nadt5tbu,23,djq10sre,583,survey_ntu,InstructionsDictator,1789355226,1,0,0
nadt5tbu,19,tdb9pvu4,581,survey_ntu,Demographics,1789355232,1,0,0
nadt5tbu,23,djq10sre,584,survey_ntu,Dictator,1789355238,1,0,0
nadt5tbu,8,nt0omp7o,583,survey_ntu,InstructionsDictator,1789355240,1,0,0
nadt5tbu,5,pmhhauc6,582,survey_ntu,Attitudes,1789355245,1,0,0
nadt5tbu,21,vijmhlvg,582,survey_ntu,Attitudes,1789355245,1,0,0
nadt5tbu,4,sem2q323,581,survey_ntu,Demographics,1789355247,1,0,0
nadt5tbu,8,nt0omp7o,584,survey_ntu,Dictator,1789355249,1,0,0
nadt5tbu,12,gllc2565,581,survey_ntu,Demographics,1789355252,1,0,0
nadt5tbu,2,wfmrxna9,581,survey_ntu,Demographics,1789355255,1,0,0
nadt5tbu,15,ch700ni6,582,survey_ntu,Attitudes,1789355256,1,0,0
nadt5tbu,20,vlzegfsh,581,survey_ntu,Demographics,1789355260,1,0,0
nadt5tbu,21,vijmhlvg,583,survey_ntu,InstructionsDictator,1789355260,1,0,0
nadt5tbu,19,tdb9pvu4,582,survey_ntu,Attitudes,1789355262,1,0,0
nadt5tbu,5,pmhhauc6,583,survey_ntu,InstructionsDictator,1789355265,1,0,0
nadt5tbu,4,sem2q323,582,survey_ntu,Attitudes,1789355266,1,0,0
nadt5tbu,21,vijmhlvg,584,survey_ntu,Dictator,1789355268,1,0,0
nadt5tbu,15,ch700ni6,583,survey_ntu,InstructionsDictator,1789355268,1,0,0
nadt5tbu,7,j2qhej8d,581,survey_ntu,Demographics,1789355269,1,0,0
nadt5tbu,5,pmhhauc6,584,survey_ntu,Dictator,1789355272,1,0,0
nadt5tbu,15,ch700ni6,584,survey_ntu,Dictator,1789355276,1,0,0
nadt5tbu,2,wfmrxna9,582,survey_ntu,Attitudes,1789355276,1,0,0
nadt5tbu,13,k6q3olvt,581,survey_ntu,Demographics,1789355278,1,0,0
nadt5tbu,19,tdb9pvu4,583,survey_ntu,InstructionsDictator,1789355280,1,0,0
nadt5tbu,4,sem2q323,583,survey_ntu,InstructionsDictator,1789355282,1,0,0
nadt5tbu,14,h7g9h66e,581,survey_ntu,Demographics,1789355283,1,0,0
nadt5tbu,6,bc7n6071,581,survey_ntu,Demographics,1789355288,1,0,0
nadt5tbu,12,gllc2565,582,survey_ntu,Attitudes,1789355289,1,0,0
nadt5tbu,2,wfmrxna9,583,survey_ntu,InstructionsDictator,1789355289,1,0,0
nadt5tbu,19,tdb9pvu4,584,survey_ntu,Dictator,1789355291,1,0,0
nadt5tbu,20,vlzegfsh,582,survey_ntu,Attitudes,1789355293,1,0,0
nadt5tbu,22,8e240a8t,581,survey_ntu,Demographics,1789355298,1,0,0
nadt5tbu,4,sem2q323,584,survey_ntu,Dictator,1789355300,1,0,0
nadt5tbu,2,wfmrxna9,584,survey_ntu,Dictator,1789355302,1,0,0
nadt5tbu,11,qd0f31id,581,survey_ntu,Demographics,1789355304,1,0,0
nadt5tbu,7,j2qhej8d,582,survey_ntu,Attitudes,1789355304,1,0,0
nadt5tbu,13,k6q3olvt,582,survey_ntu,Attitudes,1789355307,1,0,0
nadt5tbu,14,h7g9h66e,582,survey_ntu,Attitudes,1789355311,1,0,0
nadt5tbu,13,k6q3olvt,583,survey_ntu,InstructionsDictator,1789355315,1,0,0
nadt5tbu,14,h7g9h66e,583,survey_ntu,InstructionsDictator,1789355322,1,0,0
nadt5tbu,20,vlzegfsh,583,survey_ntu,InstructionsDictator,1789355322,1,0,0
nadt5tbu,12,gllc2565,583,survey_ntu,InstructionsDictator,1789355324,1,0,0
nadt5tbu,14,h7g9h66e,584,survey_ntu,Dictator,1789355325,1,0,0
nadt5tbu,7,j2qhej8d,583,survey_ntu,InstructionsDictator,1789355325,1,0,0
nadt5tbu,25,5ddpdjuo,581,survey_ntu,Demographics,1789355328,1,0,0
nadt5tbu,13,k6q3olvt,584,survey_ntu,Dictator,1789355332,1,0,0
nadt5tbu,10,zzkx5xsm,581,survey_ntu,Demographics,1789355336,1,0,0
nadt5tbu,18,uv9wmkop,581,survey_ntu,Demographics,1789355336,1,0,0
nadt5tbu,20,vlzegfsh,584,survey_ntu,Dictator,1789355343,1,0,0
nadt5tbu,9,3vy48gux,581,survey_ntu,Demographics,1789355344,1,0,0
nadt5tbu,10,zzkx5xsm,582,survey_ntu,Attitudes,1789355357,1,0,0
nadt5tbu,9,3vy48gux,582,survey_ntu,Attitudes,1789355364,1,0,0
nadt5tbu,7,j2qhej8d,584,survey_ntu,Dictator,1789355365,1,0,0
nadt5tbu,10,zzkx5xsm,583,survey_ntu,InstructionsDictator,1789355369,1,0,0
nadt5tbu,11,qd0f31id,582,survey_ntu,Attitudes,1789355370,1,0,0
nadt5tbu,18,uv9wmkop,582,survey_ntu,Attitudes,1789355375,1,0,0
nadt5tbu,9,3vy48gux,583,survey_ntu,InstructionsDictator,1789355376,1,0,0
nadt5tbu,22,8e240a8t,582,survey_ntu,Attitudes,1789355376,1,0,0
nadt5tbu,3,s57od4iz,581,survey_ntu,Demographics,1789355385,1,0,0
nadt5tbu,10,zzkx5xsm,584,survey_ntu,Dictator,1789355385,1,0,0
nadt5tbu,6,bc7n6071,582,survey_ntu,Attitudes,1789355388,1,0,0
nadt5tbu,6,bc7n6071,583,survey_ntu,InstructionsDictator,1789355394,1,0,0
nadt5tbu,9,3vy48gux,584,survey_ntu,Dictator,1789355395,1,0,0
nadt5tbu,25,5ddpdjuo,582,survey_ntu,Attitudes,1789355395,1,0,0
nadt5tbu,11,qd0f31id,583,survey_ntu,InstructionsDictator,1789355398,1,0,0
nadt5tbu,24,1rm0kasi,581,survey_ntu,Demographics,1789355402,1,0,0
nadt5tbu,17,fjk39fjv,581,survey_ntu,Demographics,1789355402,1,0,0
nadt5tbu,6,bc7n6071,584,survey_ntu,Dictator,1789355412,1,0,0
nadt5tbu,3,s57od4iz,582,survey_ntu,Attitudes,1789355413,1,0,0
nadt5tbu,11,qd0f31id,584,survey_ntu,Dictator,1789355413,1,0,0
nadt5tbu,22,8e240a8t,583,survey_ntu,InstructionsDictator,1789355414,1,0,0
nadt5tbu,12,gllc2565,584,survey_ntu,Dictator,1789355415,1,0,0
nadt5tbu,18,uv9wmkop,583,survey_ntu,InstructionsDictator,1789355418,1,0,0
nadt5tbu,25,5ddpdjuo,583,survey_ntu,InstructionsDictator,1789355420,1,0,0
nadt5tbu,3,s57od4iz,583,survey_ntu,InstructionsDictator,1789355421,1,0,0
nadt5tbu,18,uv9wmkop,584,survey_ntu,Dictator,1789355424,1,0,0
nadt5tbu,1,2vm7punw,581,survey_ntu,Demographics,1789355428,1,0,0
nadt5tbu,3,s57od4iz,584,survey_ntu,Dictator,1789355430,1,0,0
nadt5tbu,17,fjk39fjv,582,survey_ntu,Attitudes,1789355431,1,0,0
nadt5tbu,25,5ddpdjuo,584,survey_ntu,Dictator,1789355435,1,0,0
nadt5tbu,24,1rm0kasi,582,survey_ntu,Attitudes,1789355442,1,0,0
nadt5tbu,22,8e240a8t,584,survey_ntu,Dictator,1789355444,1,0,0
nadt5tbu,24,1rm0kasi,583,survey_ntu,InstructionsDictator,1789355445,1,0,0
nadt5tbu,1,2vm7punw,582,survey_ntu,Attitudes,1789355453,1,0,0
nadt5tbu,24,1rm0kasi,584,survey_ntu,Dictator,1789355461,1,0,0
nadt5tbu,16,5doee2qb,581,survey_ntu,Demographics,1789355465,1,0,0
nadt5tbu,1,2vm7punw,583,survey_ntu,InstructionsDictator,1789355481,1,0,0
nadt5tbu,17,fjk39fjv,583,survey_ntu,InstructionsDictator,1789355488,1,0,0
nadt5tbu,16,5doee2qb,582,survey_ntu,Attitudes,1789355493,1,0,0
nadt5tbu,17,fjk39fjv,584,survey_ntu,Dictator,1789355496,1,0,0
nadt5tbu,16,5doee2qb,583,survey_ntu,InstructionsDictator,1789355497,1,0,0
nadt5tbu,1,2vm7punw,584,survey_ntu,Dictator,1789355499,1,0,0
nadt5tbu,16,5doee2qb,584,survey_ntu,Dictator,1789355508,1,0,0
nadt5tbu,20,vlzegfsh,585,FinalPage,PairingWaitPage,1789355508,1,0,1
nadt5tbu,11,qd0f31id,585,FinalPage,PairingWaitPage,1789355508,1,0,1
nadt5tbu,3,s57od4iz,585,FinalPage,PairingWaitPage,1789355508,1,0,1
nadt5tbu,25,5ddpdjuo,585,FinalPage,PairingWaitPage,1789355508,1,0,1
nadt5tbu,4,sem2q323,585,FinalPage,PairingWaitPage,1789355508,1,0,1
nadt5tbu,18,uv9wmkop,585,FinalPage,PairingWaitPage,1789355508,1,0,1
nadt5tbu,10,zzkx5xsm,585,FinalPage,PairingWaitPage,1789355508,1,0,1
nadt5tbu,13,k6q3olvt,585,FinalPage,PairingWaitPage,1789355508,1,0,1
nadt5tbu,14,h7g9h66e,585,FinalPage,PairingWaitPage,1789355508,1,0,1
nadt5tbu,2,wfmrxna9,585,FinalPage,PairingWaitPage,1789355508,1,0,1
nadt5tbu,16,5doee2qb,585,FinalPage,PairingWaitPage,1789355508,1,0,1
nadt5tbu,6,bc7n6071,585,FinalPage,PairingWaitPage,1789355508,1,0,1
nadt5tbu,5,pmhhauc6,585,FinalPage,PairingWaitPage,1789355508,1,0,1
nadt5tbu,17,fjk39fjv,585,FinalPage,PairingWaitPage,1789355508,1,0,1
nadt5tbu,1,2vm7punw,585,FinalPage,PairingWaitPage,1789355508,1,0,1
nadt5tbu,9,3vy48gux,585,FinalPage,PairingWaitPage,1789355508,1,0,1
nadt5tbu,7,j2qhej8d,585,FinalPage,PairingWaitPage,1789355508,1,0,1
nadt5tbu,15,ch700ni6,585,FinalPage,PairingWaitPage,1789355508,1,0,1
nadt5tbu,8,nt0omp7o,585,FinalPage,PairingWaitPage,1789355508,1,0,1
nadt5tbu,19,tdb9pvu4,585,FinalPage,PairingWaitPage,1789355508,1,0,1
nadt5tbu,24,1rm0kasi,585,FinalPage,PairingWaitPage,1789355508,1,0,1
nadt5tbu,21,vijmhlvg,585,FinalPage,PairingWaitPage,1789355508,1,0,1
nadt5tbu,12,gllc2565,585,FinalPage,PairingWaitPage,1789355508,1,0,1
nadt5tbu,22,8e240a8t,585,FinalPage,PairingWaitPage,1789355508,1,0,1
nadt5tbu,23,djq10sre,585,FinalPage,PairingWaitPage,1789355508,1,0,1
nadt5tbu,13,k6q3olvt,586,FinalPage,Results,1789355516,1,0,0
nadt5tbu,14,h7g9h66e,586,FinalPage,Results,1789355516,1,0,0
nadt5tbu,4,sem2q323,586,FinalPage,Results,1789355518,1,0,0
nadt5tbu,18,uv9wmkop,586,FinalPage,Results,1789355520,1,0,0
nadt5tbu,10,zzkx5xsm,586,FinalPage,Results,1789355522,1,0,0
nadt5tbu,1,2vm7punw,586,FinalPage,Results,1789355522,1,0,0
nadt5tbu,6,bc7n6071,586,FinalPage,Results,1789355523,1,0,0
nadt5tbu,9,3vy48gux,586,FinalPage,Results,1789355524,1,0,0
nadt5tbu,3,s57od4iz,586,FinalPage,Results,1789355525,1,0,0
nadt5tbu,20,vlzegfsh,586,FinalPage,Results,1789355526,1,0,0
nadt5tbu,5,pmhhauc6,586,FinalPage,Results,1789355531,1,0,0
nadt5tbu,21,vijmhlvg,586,FinalPage,Results,1789355532,1,0,0
nadt5tbu,22,8e240a8t,586,FinalPage,Results,1789355533,1,0,0
nadt5tbu,8,nt0omp7o,586,FinalPage,Results,1789355533,1,0,0
nadt5tbu,11,qd0f31id,586,FinalPage,Results,1789355536,1,0,0
nadt5tbu,2,wfmrxna9,586,FinalPage,Results,1789355537,1,0,0
nadt5tbu,19,tdb9pvu4,586,FinalPage,Results,1789355544,1,0,0
nadt5tbu,15,ch700ni6,586,FinalPage,Results,1789355547,1,0,0
nadt5tbu,7,j2qhej8d,586,FinalPage,Results,1789355547,1,0,0
nadt5tbu,16,5doee2qb,586,FinalPage,Results,1789355548,1,0,0
nadt5tbu,12,gllc2565,586,FinalPage,Results,1789355555,1,0,0
nadt5tbu,25,5ddpdjuo,586,FinalPage,Results,1789355567,1,0,0
nadt5tbu,17,fjk39fjv,586,FinalPage,Results,1789355568,1,0,0
nadt5tbu,24,1rm0kasi,586,FinalPage,Results,1789355597,1,0,0
nadt5tbu,23,djq10sre,586,FinalPage,Results,1789355613,1,0,0
