participant.id_in_session,participant.code,participant.label,participant._is_bot,participant._index_in_pages,participant._max_page_index,participant._current_app_name,participant._current_page_name,participant.time_started_utc,participant.visited,participant.mturk_worker_id,participant.mturk_assignment_id,participant.payoff,player.id_in_group,player.role,player.payoff,player.treatment,player.dyn_stock,player.dyn_bond,player.dyn_wealth,player.mgr_p1,player.mgr_p2,player.quiz_down,player.quiz_up,player.quiz_chance,player.quiz_median,player.quiz_above,player.quiz_risk_attempts,player.quiz_market_attempts,player.bid_l,player.bid_r,player.bid_exp,player.bid_no,player.belief_inv_exp,player.belief_price_exp,player.belief_others_inv_exp,player.belief_others_price_exp,player.belief_inv_no,player.belief_price_no,player.belief_others_inv_no,player.belief_others_price_no,player.belief_inv_l,player.belief_price_l,player.belief_others_inv_l,player.belief_others_price_l,player.belief_inv_r,player.belief_price_r,player.belief_others_inv_r,player.belief_others_price_r,player.allocation_to_pay,player.market_pair_to_pay,player.rounds_to_pay,player.belief_pages_to_pay,player.task1_points,player.allocation_points,player.market_points,player.final_payoff_points,player.all_beliefs_payoff_points,player.beliefs_correct,player.trade_l,player.trade_r,player.trade_exp,player.trade_no,group.id_in_subsession,group.price_l,group.price_r,group.p1_left_is_exp,group.p2_left_is_mgr_a,group.price_exp,group.price_no,group.value_exp,group.value_no,group.value_left_gender,group.value_right_gender,group.state_left,group.state_right,group.x_exp,group.x_no,group.x_a,group.x_b,group.mean_exp,group.mean_no,group.mean_a,group.mean_b,subsession.round_number,session.code,session.label,session.mturk_HITId,session.mturk_HITGroupId,session.comment,session.is_demo
1,2vm7punw,,0,587,587,FinalPage,ThankYou,2026-09-14 02:15:05.747324,1,,,0.0,1,,0.0,M_exp_W_no,200,-100,"{""w0"":100,""wu"":300,""wd"":0}",30,,R/2 + (100 - R),2*R + (100 - R),50%,The median of all submitted prices,Buy one more share,0,0,,,200,200,100,150.0,100,150.0,100,150.0,100,150.0,,,,,,,,,2,2,"2, 3",2,0.0,0.0,0.0,0.0,0.0,0,0,0,0,1,1,0.0,0.0,1,1,200.0,99.0,75.0,150.0,75.0,120.0,Down,Up,50,50,50,20,55.8743961352657,52.10828025477707,58.87378640776699,50.91025641025641,1,nadt5tbu,,,,,0
2,wfmrxna9,,0,587,587,FinalPage,ThankYou,2026-09-14 02:15:06.802245,1,,,444.44,2,,0.0,M_exp_W_no,200,-100,"{""w0"":100,""wu"":300,""wd"":0}",0,,R/2 + (100 - R),2*R + (100 - R),50%,The median of all submitted prices,Buy one more share,0,0,,,200,10,100,300.0,100,300.0,50,200.0,50,200.0,,,,,,,,,2,2,"2, 3",2,0.0,0.0,0.0,0.0,0.0,0,0,0,-1,-1,1,0.0,0.0,1,1,200.0,99.0,75.0,150.0,75.0,120.0,Down,Up,50,50,50,20,55.8743961352657,52.10828025477707,58.87378640776699,50.91025641025641,1,nadt5tbu,,,,,0
3,s57od4iz,,0,587,587,FinalPage,ThankYou,2026-09-14 02:15:06.853467,1,,,444.44,3,,0.0,M_exp_W_no,50,50,"{""w0"":100,""wu"":150,""wd"":75}",30,,R/2 + (100 - R),2*R + (100 - R),50%,The median of all submitted prices,Buy one more share,0,0,,,500,99,120,400.0,150,400.0,80,250.0,50,200.0,,,,,,,,,2,2,"2, 3",2,0.0,0.0,0.0,0.0,0.0,0,0,0,1,0,1,0.0,0.0,1,1,200.0,99.0,75.0,150.0,75.0,120.0,Down,Up,50,50,50,20,55.8743961352657,52.10828025477707,58.87378640776699,50.91025641025641,1,nadt5tbu,,,,,0
4,sem2q323,,0,587,587,FinalPage,ThankYou,2026-09-14 02:15:06.992089,1,,,666.67,4,,0.0,M_exp_W_no,100,0,"{""w0"":100,""wu"":200,""wd"":50}",2,,R/2 + (100 - R),2*R + (100 - R),50%,The median of all submitted prices,Buy one more share,0,0,,,550,50,100,600.0,100,600.0,0,1.0,0,1.0,,,,,,,,,2,2,"2, 3",2,0.0,0.0,0.0,0.0,0.0,0,0,0,1,-1,1,0.0,0.0,1,1,200.0,99.0,75.0,150.0,75.0,120.0,Down,Up,50,50,50,20,55.8743961352657,52.10828025477707,58.87378640776699,50.91025641025641,1,nadt5tbu,,,,,0
5,pmhhauc6,,0,587,587,FinalPage,ThankYou,2026-09-14 02:15:07.029668,1,,,1333.33,5,,0.0,M_exp_W_no,10,90,"{""w0"":100,""wu"":110,""wd"":95}",40,,R/2 + (100 - R),2*R + (100 - R),50%,The median of all submitted prices,Buy one more share,0,1,,,200,150,150,130.0,125,450.0,100,100.0,100,450.0,,,,,,,,,2,2,"2, 3",2,0.0,0.0,0.0,0.0,0.0,0,0,0,-1,1,1,0.0,0.0,1,1,200.0,99.0,75.0,150.0,75.0,120.0,Down,Up,50,50,50,20,55.8743961352657,52.10828025477707,58.87378640776699,50.91025641025641,1,nadt5tbu,,,,,0
6,bc7n6071,,0,587,587,FinalPage,ThankYou,2026-09-14 02:15:07.064006,1,,,777.78,1,,0.0,M_exp_W_no,30,70,"{""w0"":100,""wu"":130,""wd"":85}",75,,R/2 + (100 - R),2*R + (100 - R),50%,The median of all submitted prices,Buy one more share,0,0,,,450,150,150,450.0,157,500.0,50,150.0,40,100.0,,,,,,,,,2,2,"2, 3",2,0.0,0.0,0.0,0.0,0.0,0,0,0,1,0,2,0.0,0.0,0,0,300.0,150.0,75.0,150.0,140.0,75.0,Up,Down,50,50,50,40,55.8743961352657,52.10828025477707,58.87378640776699,50.91025641025641,1,nadt5tbu,,,,,0
7,j2qhej8d,,0,587,587,FinalPage,ThankYou,2026-09-14 02:15:07.208423,1,,,833.33,2,,0.0,M_exp_W_no,100,0,"{""w0"":100,""wu"":200,""wd"":50}",67,,R/2 + (100 - R),2*R + (100 - R),50%,The median of all submitted prices,Buy one more share,0,0,,,200,100,150,400.0,150,400.0,50,200.0,50,200.0,,,,,,,,,2,2,"2, 3",2,0.0,0.0,0.0,0.0,0.0,0,0,0,-1,-1,2,0.0,0.0,0,0,300.0,150.0,75.0,150.0,140.0,75.0,Up,Down,50,50,50,40,55.8743961352657,52.10828025477707,58.87378640776699,50.91025641025641,1,nadt5tbu,,,,,0
8,nt0omp7o,,0,587,587,FinalPage,ThankYou,2026-09-14 02:15:07.220244,1,,,611.11,3,,0.0,M_exp_W_no,30,70,"{""w0"":100,""wu"":130,""wd"":85}",60,,R/2 + (100 - R),2*R + (100 - R),50%,The median of all submitted prices,Buy one more share,0,0,,,70,30,120,350.0,130,400.0,80,250.0,70,200.0,,,,,,,,,2,2,"2, 3",2,0.0,0.0,0.0,0.0,0.0,0,0,0,-1,-1,2,0.0,0.0,0,0,300.0,150.0,75.0,150.0,140.0,75.0,Up,Down,50,50,50,40,55.8743961352657,52.10828025477707,58.87378640776699,50.91025641025641,1,nadt5tbu,,,,,0
9,3vy48gux,,0,587,587,FinalPage,ThankYou,2026-09-14 02:15:07.391021,1,,,333.33,4,,0.0,M_exp_W_no,25,75,"{""w0"":100,""wu"":125,""wd"":88}",70,,R/2 + (100 - R),2*R + (100 - R),50%,The median of all submitted prices,Buy one more share,0,0,,,350,250,80,500.0,80,450.0,50,300.0,60,400.0,,,,,,,,,2,2,"2, 3",2,0.0,0.0,0.0,0.0,0.0,0,0,0,1,1,2,0.0,0.0,0,0,300.0,150.0,75.0,150.0,140.0,75.0,Up,Down,50,50,50,40,55.8743961352657,52.10828025477707,58.87378640776699,50.91025641025641,1,nadt5tbu,,,,,0
10,zzkx5xsm,,0,587,587,FinalPage,ThankYou,2026-09-14 02:15:07.400171,1,,,1000.0,5,,0.0,M_exp_W_no,70,30,"{""w0"":100,""wu"":170,""wd"":65}",57,,R/2 + (100 - R),2*R + (100 - R),50%,The median of all submitted prices,Buy one more share,0,0,,,300,200,100,250.0,150,300.0,100,200.0,100,200.0,,,,,,,,,2,2,"2, 3",2,0.0,0.0,0.0,0.0,0.0,0,0,0,0,1,2,0.0,0.0,0,0,300.0,150.0,75.0,150.0,140.0,75.0,Up,Down,50,50,50,40,55.8743961352657,52.10828025477707,58.87378640776699,50.91025641025641,1,nadt5tbu,,,,,0
11,qd0f31id,,0,587,587,FinalPage,ThankYou,2026-09-14 02:15:07.489316,1,,,944.44,1,,0.0,M_exp_W_no,80,20,"{""w0"":100,""wu"":180,""wd"":60}",40,,R/2 + (100 - R),2*R + (100 - R),50%,The median of all submitted prices,Buy one more share,0,1,,,270,150,80,300.0,100,400.0,60,200.0,50,200.0,,,,,,,,,2,2,"2, 3",2,0.0,0.0,0.0,0.0,0.0,0,0,0,-1,0,3,0.0,0.0,1,0,300.0,150.0,150.0,150.0,140.0,170.0,Up,Up,50,50,70,40,55.8743961352657,52.10828025477707,58.87378640776699,50.91025641025641,1,nadt5tbu,,,,,0
12,gllc2565,,0,587,587,FinalPage,ThankYou,2026-09-14 02:15:07.586847,1,,,888.89,2,,0.0,M_exp_W_no,0,100,"{""w0"":100,""wu"":100,""wd"":100}",0,,R/2 + (100 - R),2*R + (100 - R),50%,The median of all submitted prices,Buy one more share,0,0,,,500,100,25,300.0,25,300.0,50,300.0,100,300.0,,,,,,,,,2,2,"2, 3",2,0.0,0.0,0.0,0.0,0.0,0,0,0,1,-1,3,0.0,0.0,1,0,300.0,150.0,150.0,150.0,140.0,170.0,Up,Up,50,50,70,40,55.8743961352657,52.10828025477707,58.87378640776699,50.91025641025641,1,nadt5tbu,,,,,0
13,k6q3olvt,,0,587,587,FinalPage,ThankYou,2026-09-14 02:15:07.617482,1,,,666.67,3,,0.0,M_exp_W_no,30,70,"{""w0"":100,""wu"":130,""wd"":85}",30,,R/2 + (100 - R),2*R + (100 - R),50%,The median of all submitted prices,Buy one more share,0,0,,,300,300,150,400.0,150,400.0,150,200.0,100,200.0,,,,,,,,,2,2,"2, 3",2,0.0,0.0,0.0,0.0,0.0,0,0,0,0,1,3,0.0,0.0,1,0,300.0,150.0,150.0,150.0,140.0,170.0,Up,Up,50,50,70,40,55.8743961352657,52.10828025477707,58.87378640776699,50.91025641025641,1,nadt5tbu,,,,,0
14,h7g9h66e,,0,587,587,FinalPage,ThankYou,2026-09-14 02:15:07.684465,1,,,1055.56,4,,0.0,M_exp_W_no,75,25,"{""w0"":100,""wu"":175,""wd"":63}",20,,R/2 + (100 - R),2*R + (100 - R),50%,The median of all submitted prices,Buy one more share,0,0,,,450,150,150,400.0,150,450.0,50,200.0,50,150.0,,,,,,,,,2,2,"2, 3",2,0.0,0.0,0.0,0.0,0.0,0,0,0,1,1,3,0.0,0.0,1,0,300.0,150.0,150.0,150.0,140.0,170.0,Up,Up,50,50,70,40,55.8743961352657,52.10828025477707,58.87378640776699,50.91025641025641,1,nadt5tbu,,,,,0
15,ch700ni6,,0,587,587,FinalPage,ThankYou,2026-09-14 02:15:07.757463,1,,,1166.67,5,,0.0,M_exp_W_no,50,50,"{""w0"":100,""wu"":150,""wd"":75}",45,,R/2 + (100 - R),2*R + (100 - R),50%,The median of all submitted prices,Buy one more share,2,0,,,120,105,85,130.0,100,140.0,70,112.0,90,125.0,,,,,,,,,2,2,"2, 3",2,0.0,0.0,0.0,0.0,0.0,0,0,0,-1,-1,3,0.0,0.0,1,0,300.0,150.0,150.0,150.0,140.0,170.0,Up,Up,50,50,70,40,55.8743961352657,52.10828025477707,58.87378640776699,50.91025641025641,1,nadt5tbu,,,,,0
16,5doee2qb,,0,587,587,FinalPage,ThankYou,2026-09-14 02:15:07.895834,1,,,1000.0,1,,0.0,M_exp_W_no,15,85,"{""w0"":100,""wu"":115,""wd"":93}",20,,R/2 + (100 - R),2*R + (100 - R),50%,The median of all submitted prices,Buy one more share,0,0,,,550,50,180,550.0,180,550.0,30,100.0,20,100.0,,,,,,,,,2,2,"2, 3",2,0.0,0.0,0.0,0.0,0.0,0,0,0,1,-1,4,0.0,0.0,1,0,300.0,150.0,150.0,120.0,150.0,200.0,Up,Up,50,20,100,50,55.8743961352657,52.10828025477707,58.87378640776699,50.91025641025641,1,nadt5tbu,,,,,0
17,fjk39fjv,,0,587,587,FinalPage,ThankYou,2026-09-14 02:15:08.036259,1,,,944.44,2,,0.0,M_exp_W_no,10,90,"{""w0"":100,""wu"":110,""wd"":95}",30,,R/2 + (100 - R),2*R + (100 - R),50%,The median of all submitted prices,Buy one more share,0,1,,,400,200,200,450.0,150,400.0,100,150.0,100,200.0,,,,,,,,,2,2,"2, 3",2,0.0,0.0,0.0,0.0,0.0,0,0,0,1,1,4,0.0,0.0,1,0,300.0,150.0,150.0,120.0,150.0,200.0,Up,Up,50,20,100,50,55.8743961352657,52.10828025477707,58.87378640776699,50.91025641025641,1,nadt5tbu,,,,,0
18,uv9wmkop,,0,587,587,FinalPage,ThankYou,2026-09-14 02:15:08.071998,1,,,1055.56,3,,0.0,M_exp_W_no,50,50,"{""w0"":100,""wu"":150,""wd"":75}",50,,R/2 + (100 - R),2*R + (100 - R),50%,The median of all submitted prices,Buy one more share,0,0,,,300,300,100,300.0,100,300.0,100,300.0,100,300.0,,,,,,,,,2,2,"2, 3",2,0.0,0.0,0.0,0.0,0.0,0,0,0,0,1,4,0.0,0.0,1,0,300.0,150.0,150.0,120.0,150.0,200.0,Up,Up,50,20,100,50,55.8743961352657,52.10828025477707,58.87378640776699,50.91025641025641,1,nadt5tbu,,,,,0
19,tdb9pvu4,,0,587,587,FinalPage,ThankYou,2026-09-14 02:15:08.116238,1,,,1333.33,4,,0.0,M_exp_W_no,200,-100,"{""w0"":100,""wu"":300,""wd"":0}",25,,R/2 + (100 - R),2*R + (100 - R),50%,The median of all submitted prices,Buy one more share,0,0,,,120,100,200,150.0,200,150.0,50,120.0,50,120.0,,,,,,,,,2,2,"2, 3",2,0.0,0.0,0.0,0.0,0.0,0,0,0,-1,-1,4,0.0,0.0,1,0,300.0,150.0,150.0,120.0,150.0,200.0,Up,Up,50,20,100,50,55.8743961352657,52.10828025477707,58.87378640776699,50.91025641025641,1,nadt5tbu,,,,,0
20,vlzegfsh,,0,587,587,FinalPage,ThankYou,2026-09-14 02:15:08.476802,1,,,1055.56,5,,0.0,M_exp_W_no,100,0,"{""w0"":100,""wu"":200,""wd"":50}",25,,R/2 + (100 - R),2*R + (100 - R),50%,The median of all submitted prices,Buy one more share,0,0,,,250,150,80,450.0,50,500.0,50,250.0,150,100.0,,,,,,,,,2,2,"2, 3",2,0.0,0.0,0.0,0.0,0.0,0,0,0,-1,0,4,0.0,0.0,1,0,300.0,150.0,150.0,120.0,150.0,200.0,Up,Up,50,20,100,50,55.8743961352657,52.10828025477707,58.87378640776699,50.91025641025641,1,nadt5tbu,,,,,0
21,vijmhlvg,,0,587,587,FinalPage,ThankYou,2026-09-14 02:15:39.856834,1,,,722.22,1,,0.0,M_exp_W_no,200,-100,"{""w0"":100,""wu"":300,""wd"":0}",67,,R/2 + (100 - R),2*R + (100 - R),50%,The median of all submitted prices,Buy one more share,0,0,,,1,1,100,400.0,100,200.0,195,200.0,150,200.0,,,,,,,,,2,2,"2, 3",2,0.0,0.0,0.0,0.0,0.0,0,0,0,-1,-1,5,0.0,0.0,0,1,365.0,112.0,140.0,200.0,150.0,200.0,Up,Up,40,100,50,100,55.8743961352657,52.10828025477707,58.87378640776699,50.91025641025641,1,nadt5tbu,,,,,0
22,8e240a8t,,0,587,587,FinalPage,ThankYou,2026-09-14 02:15:40.077595,1,,,1555.56,2,,0.0,M_exp_W_no,50,50,"{""w0"":100,""wu"":150,""wd"":75}",85,,R/2 + (100 - R),2*R + (100 - R),50%,The median of all submitted prices,Buy one more share,0,0,,,400,200,180,250.0,180,300.0,100,100.0,50,100.0,,,,,,,,,2,2,"2, 3",2,0.0,0.0,0.0,0.0,0.0,0,0,0,1,1,5,0.0,0.0,0,1,365.0,112.0,140.0,200.0,150.0,200.0,Up,Up,40,100,50,100,55.8743961352657,52.10828025477707,58.87378640776699,50.91025641025641,1,nadt5tbu,,,,,0
23,djq10sre,,0,587,587,FinalPage,ThankYou,2026-09-14 02:15:41.471659,1,,,1444.44,3,,0.0,M_exp_W_no,30,70,"{""w0"":100,""wu"":130,""wd"":85}",68,,R/2 + (100 - R),2*R + (100 - R),50%,The median of all submitted prices,Buy one more share,0,1,,,118,112,78,130.0,95,190.0,68,125.0,85,180.0,,,,,,,,,2,2,"2, 3",2,0.0,0.0,0.0,0.0,0.0,0,0,0,-1,0,5,0.0,0.0,0,1,365.0,112.0,140.0,200.0,150.0,200.0,Up,Up,40,100,50,100,55.8743961352657,52.10828025477707,58.87378640776699,50.91025641025641,1,nadt5tbu,,,,,0
24,1rm0kasi,,0,587,587,FinalPage,ThankYou,2026-09-14 02:15:41.530653,1,,,833.33,4,,0.0,M_exp_W_no,50,50,"{""w0"":100,""wu"":150,""wd"":75}",75,,R/2 + (100 - R),2*R + (100 - R),50%,The median of all submitted prices,Buy one more share,0,1,,,365,167,125,399.0,135,367.0,67,180.0,80,200.0,,,,,,,,,2,2,"2, 3",2,0.0,0.0,0.0,0.0,0.0,0,0,0,0,1,5,0.0,0.0,0,1,365.0,112.0,140.0,200.0,150.0,200.0,Up,Up,40,100,50,100,55.8743961352657,52.10828025477707,58.87378640776699,50.91025641025641,1,nadt5tbu,,,,,0
25,5ddpdjuo,,0,587,587,FinalPage,ThankYou,2026-09-14 02:15:41.539007,1,,,833.33,5,,0.0,M_exp_W_no,20,80,"{""w0"":100,""wu"":120,""wd"":90}",70,,R/2 + (100 - R),2*R + (100 - R),50%,The median of all submitted prices,Buy one more share,0,0,,,505,95,175,500.0,170,450.0,49,120.0,45,150.0,,,,,,,,,2,2,"2, 3",2,0.0,0.0,0.0,0.0,0.0,0,0,0,1,-1,5,0.0,0.0,0,1,365.0,112.0,140.0,200.0,150.0,200.0,Up,Up,40,100,50,100,55.8743961352657,52.10828025477707,58.87378640776699,50.91025641025641,1,nadt5tbu,,,,,0
1,2vm7punw,,0,587,587,FinalPage,ThankYou,2026-09-14 02:15:05.747324,1,,,0.0,1,,0.0,M_exp_W_no,,,,,,,,,,,0,0,,,100,500,,,,,,,,,,,,,,,,,2,2,"2, 3",2,0.0,0.0,0.0,0.0,0.0,0,0,0,-1,1,1,0.0,0.0,1,1,230.0,100.0,75.0,150.0,75.0,120.0,Down,Up,50,50,50,20,55.8743961352657,52.10828025477707,58.87378640776699,50.91025641025641,2,nadt5tbu,,,,,0
2,wfmrxna9,,0,587,587,FinalPage,ThankYou,2026-09-14 02:15:06.802245,1,,,444.44,2,,0.0,M_exp_W_no,,,,,,,,,,,0,0,,,300,100,,,,,,,,,,,,,,,,,2,2,"2, 3",2,0.0,0.0,0.0,0.0,0.0,0,0,0,1,0,1,0.0,0.0,1,1,230.0,100.0,75.0,150.0,75.0,120.0,Down,Up,50,50,50,20,55.8743961352657,52.10828025477707,58.87378640776699,50.91025641025641,2,nadt5tbu,,,,,0
3,s57od4iz,,0,587,587,FinalPage,ThankYou,2026-09-14 02:15:06.853467,1,,,444.44,3,,0.0,M_exp_W_no,,,,,,,,,,,0,0,,,230,110,,,,,,,,,,,,,,,,,2,2,"2, 3",2,0.0,0.0,0.0,0.0,0.0,0,0,0,0,1,1,0.0,0.0,1,1,230.0,100.0,75.0,150.0,75.0,120.0,Down,Up,50,50,50,20,55.8743961352657,52.10828025477707,58.87378640776699,50.91025641025641,2,nadt5tbu,,,,,0
4,sem2q323,,0,587,587,FinalPage,ThankYou,2026-09-14 02:15:06.992089,1,,,666.67,4,,0.0,M_exp_W_no,,,,,,,,,,,0,0,,,560,40,,,,,,,,,,,,,,,,,2,2,"2, 3",2,0.0,0.0,0.0,0.0,0.0,0,0,0,1,-1,1,0.0,0.0,1,1,230.0,100.0,75.0,150.0,75.0,120.0,Down,Up,50,50,50,20,55.8743961352657,52.10828025477707,58.87378640776699,50.91025641025641,2,nadt5tbu,,,,,0
5,pmhhauc6,,0,587,587,FinalPage,ThankYou,2026-09-14 02:15:07.029668,1,,,1333.33,5,,0.0,M_exp_W_no,,,,,,,,,,,0,0,,,160,100,,,,,,,,,,,,,,,,,2,2,"2, 3",2,0.0,0.0,0.0,0.0,0.0,0,0,0,-1,-1,1,0.0,0.0,1,1,230.0,100.0,75.0,150.0,75.0,120.0,Down,Up,50,50,50,20,55.8743961352657,52.10828025477707,58.87378640776699,50.91025641025641,2,nadt5tbu,,,,,0
6,bc7n6071,,0,587,587,FinalPage,ThankYou,2026-09-14 02:15:07.064006,1,,,777.78,1,,0.0,M_exp_W_no,,,,,,,,,,,0,0,,,100,100,,,,,,,,,,,,,,,,,2,2,"2, 3",2,0.0,0.0,0.0,0.0,0.0,0,0,0,-1,-1,2,0.0,0.0,0,0,350.0,150.0,75.0,150.0,140.0,75.0,Up,Down,50,50,50,40,55.8743961352657,52.10828025477707,58.87378640776699,50.91025641025641,2,nadt5tbu,,,,,0
7,j2qhej8d,,0,587,587,FinalPage,ThankYou,2026-09-14 02:15:07.208423,1,,,833.33,2,,0.0,M_exp_W_no,,,,,,,,,,,0,0,,,400,150,,,,,,,,,,,,,,,,,2,2,"2, 3",2,0.0,0.0,0.0,0.0,0.0,0,0,0,1,0,2,0.0,0.0,0,0,350.0,150.0,75.0,150.0,140.0,75.0,Up,Down,50,50,50,40,55.8743961352657,52.10828025477707,58.87378640776699,50.91025641025641,2,nadt5tbu,,,,,0
8,nt0omp7o,,0,587,587,FinalPage,ThankYou,2026-09-14 02:15:07.220244,1,,,611.11,3,,0.0,M_exp_W_no,,,,,,,,,,,0,0,,,300,150,,,,,,,,,,,,,,,,,2,2,"2, 3",2,0.0,0.0,0.0,0.0,0.0,0,0,0,-1,-1,2,0.0,0.0,0,0,350.0,150.0,75.0,150.0,140.0,75.0,Up,Down,50,50,50,40,55.8743961352657,52.10828025477707,58.87378640776699,50.91025641025641,2,nadt5tbu,,,,,0
9,3vy48gux,,0,587,587,FinalPage,ThankYou,2026-09-14 02:15:07.391021,1,,,333.33,4,,0.0,M_exp_W_no,,,,,,,,,,,0,0,,,350,250,,,,,,,,,,,,,,,,,2,2,"2, 3",2,0.0,0.0,0.0,0.0,0.0,0,0,0,0,1,2,0.0,0.0,0,0,350.0,150.0,75.0,150.0,140.0,75.0,Up,Down,50,50,50,40,55.8743961352657,52.10828025477707,58.87378640776699,50.91025641025641,2,nadt5tbu,,,,,0
10,zzkx5xsm,,0,587,587,FinalPage,ThankYou,2026-09-14 02:15:07.400171,1,,,1000.0,5,,0.0,M_exp_W_no,,,,,,,,,,,0,0,,,400,150,,,,,,,,,,,,,,,,,2,2,"2, 3",2,0.0,0.0,0.0,0.0,0.0,0,0,0,1,1,2,0.0,0.0,0,0,350.0,150.0,75.0,150.0,140.0,75.0,Up,Down,50,50,50,40,55.8743961352657,52.10828025477707,58.87378640776699,50.91025641025641,2,nadt5tbu,,,,,0
11,qd0f31id,,0,587,587,FinalPage,ThankYou,2026-09-14 02:15:07.489316,1,,,944.44,1,,0.0,M_exp_W_no,,,,,,,,,,,0,0,,,299,160,,,,,,,,,,,,,,,,,2,2,"2, 3",2,0.0,0.0,0.0,0.0,0.0,0,0,0,-1,0,3,0.0,0.0,1,0,300.0,160.0,150.0,150.0,140.0,170.0,Up,Up,50,50,70,40,55.8743961352657,52.10828025477707,58.87378640776699,50.91025641025641,2,nadt5tbu,,,,,0
12,gllc2565,,0,587,587,FinalPage,ThankYou,2026-09-14 02:15:07.586847,1,,,888.89,2,,0.0,M_exp_W_no,,,,,,,,,,,0,0,,,300,1,,,,,,,,,,,,,,,,,2,2,"2, 3",2,0.0,0.0,0.0,0.0,0.0,0,0,0,0,-1,3,0.0,0.0,1,0,300.0,160.0,150.0,150.0,140.0,170.0,Up,Up,50,50,70,40,55.8743961352657,52.10828025477707,58.87378640776699,50.91025641025641,2,nadt5tbu,,,,,0
13,k6q3olvt,,0,587,587,FinalPage,ThankYou,2026-09-14 02:15:07.617482,1,,,666.67,3,,0.0,M_exp_W_no,,,,,,,,,,,0,0,,,400,200,,,,,,,,,,,,,,,,,2,2,"2, 3",2,0.0,0.0,0.0,0.0,0.0,0,0,0,1,1,3,0.0,0.0,1,0,300.0,160.0,150.0,150.0,140.0,170.0,Up,Up,50,50,70,40,55.8743961352657,52.10828025477707,58.87378640776699,50.91025641025641,2,nadt5tbu,,,,,0
14,h7g9h66e,,0,587,587,FinalPage,ThankYou,2026-09-14 02:15:07.684465,1,,,1055.56,4,,0.0,M_exp_W_no,,,,,,,,,,,0,0,,,400,200,,,,,,,,,,,,,,,,,2,2,"2, 3",2,0.0,0.0,0.0,0.0,0.0,0,0,0,1,1,3,0.0,0.0,1,0,300.0,160.0,150.0,150.0,140.0,170.0,Up,Up,50,50,70,40,55.8743961352657,52.10828025477707,58.87378640776699,50.91025641025641,2,nadt5tbu,,,,,0
15,ch700ni6,,0,587,587,FinalPage,ThankYou,2026-09-14 02:15:07.757463,1,,,1166.67,5,,0.0,M_exp_W_no,,,,,,,,,,,0,0,,,100,95,,,,,,,,,,,,,,,,,2,2,"2, 3",2,0.0,0.0,0.0,0.0,0.0,0,0,0,-1,-1,3,0.0,0.0,1,0,300.0,160.0,150.0,150.0,140.0,170.0,Up,Up,50,50,70,40,55.8743961352657,52.10828025477707,58.87378640776699,50.91025641025641,2,nadt5tbu,,,,,0
16,5doee2qb,,0,587,587,FinalPage,ThankYou,2026-09-14 02:15:07.895834,1,,,1000.0,1,,0.0,M_exp_W_no,,,,,,,,,,,0,0,,,350,100,,,,,,,,,,,,,,,,,2,2,"2, 3",2,0.0,0.0,0.0,0.0,0.0,0,0,0,1,-1,4,0.0,0.0,1,0,299.0,100.0,150.0,120.0,150.0,200.0,Up,Up,50,20,100,50,55.8743961352657,52.10828025477707,58.87378640776699,50.91025641025641,2,nadt5tbu,,,,,0
17,fjk39fjv,,0,587,587,FinalPage,ThankYou,2026-09-14 02:15:08.036259,1,,,944.44,2,,0.0,M_exp_W_no,,,,,,,,,,,0,0,,,250,50,,,,,,,,,,,,,,,,,2,2,"2, 3",2,0.0,0.0,0.0,0.0,0.0,0,0,0,-1,-1,4,0.0,0.0,1,0,299.0,100.0,150.0,120.0,150.0,200.0,Up,Up,50,20,100,50,55.8743961352657,52.10828025477707,58.87378640776699,50.91025641025641,2,nadt5tbu,,,,,0
18,uv9wmkop,,0,587,587,FinalPage,ThankYou,2026-09-14 02:15:08.071998,1,,,1055.56,3,,0.0,M_exp_W_no,,,,,,,,,,,0,0,,,300,300,,,,,,,,,,,,,,,,,2,2,"2, 3",2,0.0,0.0,0.0,0.0,0.0,0,0,0,1,1,4,0.0,0.0,1,0,299.0,100.0,150.0,120.0,150.0,200.0,Up,Up,50,20,100,50,55.8743961352657,52.10828025477707,58.87378640776699,50.91025641025641,2,nadt5tbu,,,,,0
19,tdb9pvu4,,0,587,587,FinalPage,ThankYou,2026-09-14 02:15:08.116238,1,,,1333.33,4,,0.0,M_exp_W_no,,,,,,,,,,,0,0,,,120,100,,,,,,,,,,,,,,,,,2,2,"2, 3",2,0.0,0.0,0.0,0.0,0.0,0,0,0,-1,0,4,0.0,0.0,1,0,299.0,100.0,150.0,120.0,150.0,200.0,Up,Up,50,20,100,50,55.8743961352657,52.10828025477707,58.87378640776699,50.91025641025641,2,nadt5tbu,,,,,0
20,vlzegfsh,,0,587,587,FinalPage,ThankYou,2026-09-14 02:15:08.476802,1,,,1055.56,5,,0.0,M_exp_W_no,,,,,,,,,,,0,0,,,299,149,,,,,,,,,,,,,,,,,2,2,"2, 3",2,0.0,0.0,0.0,0.0,0.0,0,0,0,0,1,4,0.0,0.0,1,0,299.0,100.0,150.0,120.0,150.0,200.0,Up,Up,50,20,100,50,55.8743961352657,52.10828025477707,58.87378640776699,50.91025641025641,2,nadt5tbu,,,,,0
21,vijmhlvg,,0,587,587,FinalPage,ThankYou,2026-09-14 02:15:39.856834,1,,,722.22,1,,0.0,M_exp_W_no,,,,,,,,,,,0,0,,,196,200,,,,,,,,,,,,,,,,,2,2,"2, 3",2,0.0,0.0,0.0,0.0,0.0,0,0,0,-1,1,5,0.0,0.0,0,1,368.0,130.0,140.0,200.0,150.0,200.0,Up,Up,40,100,50,100,55.8743961352657,52.10828025477707,58.87378640776699,50.91025641025641,2,nadt5tbu,,,,,0
22,8e240a8t,,0,587,587,FinalPage,ThankYou,2026-09-14 02:15:40.077595,1,,,1555.56,2,,0.0,M_exp_W_no,,,,,,,,,,,0,0,,,500,100,,,,,,,,,,,,,,,,,2,2,"2, 3",2,0.0,0.0,0.0,0.0,0.0,0,0,0,1,-1,5,0.0,0.0,0,1,368.0,130.0,140.0,200.0,150.0,200.0,Up,Up,40,100,50,100,55.8743961352657,52.10828025477707,58.87378640776699,50.91025641025641,2,nadt5tbu,,,,,0
23,djq10sre,,0,587,587,FinalPage,ThankYou,2026-09-14 02:15:41.471659,1,,,1444.44,3,,0.0,M_exp_W_no,,,,,,,,,,,0,0,,,118,112,,,,,,,,,,,,,,,,,2,2,"2, 3",2,0.0,0.0,0.0,0.0,0.0,0,0,0,-1,-1,5,0.0,0.0,0,1,368.0,130.0,140.0,200.0,150.0,200.0,Up,Up,40,100,50,100,55.8743961352657,52.10828025477707,58.87378640776699,50.91025641025641,2,nadt5tbu,,,,,0
24,1rm0kasi,,0,587,587,FinalPage,ThankYou,2026-09-14 02:15:41.530653,1,,,833.33,4,,0.0,M_exp_W_no,,,,,,,,,,,0,0,,,368,130,,,,,,,,,,,,,,,,,2,2,"2, 3",2,0.0,0.0,0.0,0.0,0.0,0,0,0,0,0,5,0.0,0.0,0,1,368.0,130.0,140.0,200.0,150.0,200.0,Up,Up,40,100,50,100,55.8743961352657,52.10828025477707,58.87378640776699,50.91025641025641,2,nadt5tbu,,,,,0
25,5ddpdjuo,,0,587,587,FinalPage,ThankYou,2026-09-14 02:15:41.539007,1,,,833.33,5,,0.0,M_exp_W_no,,,,,,,,,,,0,0,,,400,200,,,,,,,,,,,,,,,,,2,2,"2, 3",2,0.0,0.0,0.0,0.0,0.0,0,0,0,1,1,5,0.0,0.0,0,1,368.0,130.0,140.0,200.0,150.0,200.0,Up,Up,40,100,50,100,55.8743961352657,52.10828025477707,58.87378640776699,50.91025641025641,2,nadt5tbu,,,,,0
1,2vm7punw,,0,587,587,FinalPage,ThankYou,2026-09-14 02:15:05.747324,1,,,0.0,1,,0.0,M_exp_W_no,,,,,,,,,,,0,0,,,100,50,,,,,,,,,,,,,,,,,2,2,"2, 3",2,0.0,0.0,0.0,0.0,0.0,0,0,0,-1,-1,1,0.0,0.0,1,1,250.0,98.0,75.0,150.0,75.0,120.0,Down,Up,50,50,50,20,55.8743961352657,52.10828025477707,58.87378640776699,50.91025641025641,3,nadt5tbu,,,,,0
2,wfmrxna9,,0,587,587,FinalPage,ThankYou,2026-09-14 02:15:06.802245,1,,,444.44,2,,0.0,M_exp_W_no,,,,,,,,,,,0,0,,,250,110,,,,,,,,,,,,,,,,,2,2,"2, 3",2,0.0,0.0,0.0,0.0,0.0,0,0,0,0,1,1,0.0,0.0,1,1,250.0,98.0,75.0,150.0,75.0,120.0,Down,Up,50,50,50,20,55.8743961352657,52.10828025477707,58.87378640776699,50.91025641025641,3,nadt5tbu,,,,,0
3,s57od4iz,,0,587,587,FinalPage,ThankYou,2026-09-14 02:15:06.853467,1,,,444.44,3,,0.0,M_exp_W_no,,,,,,,,,,,0,0,,,220,98,,,,,,,,,,,,,,,,,2,2,"2, 3",2,0.0,0.0,0.0,0.0,0.0,0,0,0,-1,0,1,0.0,0.0,1,1,250.0,98.0,75.0,150.0,75.0,120.0,Down,Up,50,50,50,20,55.8743961352657,52.10828025477707,58.87378640776699,50.91025641025641,3,nadt5tbu,,,,,0
4,sem2q323,,0,587,587,FinalPage,ThankYou,2026-09-14 02:15:06.992089,1,,,666.67,4,,0.0,M_exp_W_no,,,,,,,,,,,0,0,,,570,30,,,,,,,,,,,,,,,,,2,2,"2, 3",2,0.0,0.0,0.0,0.0,0.0,0,0,0,1,-1,1,0.0,0.0,1,1,250.0,98.0,75.0,150.0,75.0,120.0,Down,Up,50,50,50,20,55.8743961352657,52.10828025477707,58.87378640776699,50.91025641025641,3,nadt5tbu,,,,,0
5,pmhhauc6,,0,587,587,FinalPage,ThankYou,2026-09-14 02:15:07.029668,1,,,1333.33,5,,0.0,M_exp_W_no,,,,,,,,,,,0,0,,,250,102,,,,,,,,,,,,,,,,,2,2,"2, 3",2,0.0,0.0,0.0,0.0,0.0,0,0,0,1,1,1,0.0,0.0,1,1,250.0,98.0,75.0,150.0,75.0,120.0,Down,Up,50,50,50,20,55.8743961352657,52.10828025477707,58.87378640776699,50.91025641025641,3,nadt5tbu,,,,,0
6,bc7n6071,,0,587,587,FinalPage,ThankYou,2026-09-14 02:15:07.064006,1,,,777.78,1,,0.0,M_exp_W_no,,,,,,,,,,,0,0,,,450,150,,,,,,,,,,,,,,,,,2,2,"2, 3",2,0.0,0.0,0.0,0.0,0.0,0,0,0,1,1,2,0.0,0.0,0,0,367.0,150.0,75.0,150.0,140.0,75.0,Up,Down,50,50,50,40,55.8743961352657,52.10828025477707,58.87378640776699,50.91025641025641,3,nadt5tbu,,,,,0
7,j2qhej8d,,0,587,587,FinalPage,ThankYou,2026-09-14 02:15:07.208423,1,,,833.33,2,,0.0,M_exp_W_no,,,,,,,,,,,0,0,,,367,150,,,,,,,,,,,,,,,,,2,2,"2, 3",2,0.0,0.0,0.0,0.0,0.0,0,0,0,0,0,2,0.0,0.0,0,0,367.0,150.0,75.0,150.0,140.0,75.0,Up,Down,50,50,50,40,55.8743961352657,52.10828025477707,58.87378640776699,50.91025641025641,3,nadt5tbu,,,,,0
8,nt0omp7o,,0,587,587,FinalPage,ThankYou,2026-09-14 02:15:07.220244,1,,,611.11,3,,0.0,M_exp_W_no,,,,,,,,,,,0,0,,,330,170,,,,,,,,,,,,,,,,,2,2,"2, 3",2,0.0,0.0,0.0,0.0,0.0,0,0,0,-1,1,2,0.0,0.0,0,0,367.0,150.0,75.0,150.0,140.0,75.0,Up,Down,50,50,50,40,55.8743961352657,52.10828025477707,58.87378640776699,50.91025641025641,3,nadt5tbu,,,,,0
9,3vy48gux,,0,587,587,FinalPage,ThankYou,2026-09-14 02:15:07.391021,1,,,333.33,4,,0.0,M_exp_W_no,,,,,,,,,,,0,0,,,460,140,,,,,,,,,,,,,,,,,2,2,"2, 3",2,0.0,0.0,0.0,0.0,0.0,0,0,0,1,-1,2,0.0,0.0,0,0,367.0,150.0,75.0,150.0,140.0,75.0,Up,Down,50,50,50,40,55.8743961352657,52.10828025477707,58.87378640776699,50.91025641025641,3,nadt5tbu,,,,,0
10,zzkx5xsm,,0,587,587,FinalPage,ThankYou,2026-09-14 02:15:07.400171,1,,,1000.0,5,,0.0,M_exp_W_no,,,,,,,,,,,0,0,,,250,100,,,,,,,,,,,,,,,,,2,2,"2, 3",2,0.0,0.0,0.0,0.0,0.0,0,0,0,-1,-1,2,0.0,0.0,0,0,367.0,150.0,75.0,150.0,140.0,75.0,Up,Down,50,50,50,40,55.8743961352657,52.10828025477707,58.87378640776699,50.91025641025641,3,nadt5tbu,,,,,0
11,qd0f31id,,0,587,587,FinalPage,ThankYou,2026-09-14 02:15:07.489316,1,,,944.44,1,,0.0,M_exp_W_no,,,,,,,,,,,0,0,,,305,185,,,,,,,,,,,,,,,,,2,2,"2, 3",2,0.0,0.0,0.0,0.0,0.0,0,0,0,0,1,3,0.0,0.0,1,0,305.0,170.0,150.0,150.0,140.0,170.0,Up,Up,50,50,70,40,55.8743961352657,52.10828025477707,58.87378640776699,50.91025641025641,3,nadt5tbu,,,,,0
12,gllc2565,,0,587,587,FinalPage,ThankYou,2026-09-14 02:15:07.586847,1,,,888.89,2,,0.0,M_exp_W_no,,,,,,,,,,,0,0,,,300,155,,,,,,,,,,,,,,,,,2,2,"2, 3",2,0.0,0.0,0.0,0.0,0.0,0,0,0,-1,-1,3,0.0,0.0,1,0,305.0,170.0,150.0,150.0,140.0,170.0,Up,Up,50,50,70,40,55.8743961352657,52.10828025477707,58.87378640776699,50.91025641025641,3,nadt5tbu,,,,,0
13,k6q3olvt,,0,587,587,FinalPage,ThankYou,2026-09-14 02:15:07.617482,1,,,666.67,3,,0.0,M_exp_W_no,,,,,,,,,,,0,0,,,330,170,,,,,,,,,,,,,,,,,2,2,"2, 3",2,0.0,0.0,0.0,0.0,0.0,0,0,0,1,0,3,0.0,0.0,1,0,305.0,170.0,150.0,150.0,140.0,170.0,Up,Up,50,50,70,40,55.8743961352657,52.10828025477707,58.87378640776699,50.91025641025641,3,nadt5tbu,,,,,0
14,h7g9h66e,,0,587,587,FinalPage,ThankYou,2026-09-14 02:15:07.684465,1,,,1055.56,4,,0.0,M_exp_W_no,,,,,,,,,,,0,0,,,350,250,,,,,,,,,,,,,,,,,2,2,"2, 3",2,0.0,0.0,0.0,0.0,0.0,0,0,0,1,1,3,0.0,0.0,1,0,305.0,170.0,150.0,150.0,140.0,170.0,Up,Up,50,50,70,40,55.8743961352657,52.10828025477707,58.87378640776699,50.91025641025641,3,nadt5tbu,,,,,0
15,ch700ni6,,0,587,587,FinalPage,ThankYou,2026-09-14 02:15:07.757463,1,,,1166.67,5,,0.0,M_exp_W_no,,,,,,,,,,,0,0,,,120,115,,,,,,,,,,,,,,,,,2,2,"2, 3",2,0.0,0.0,0.0,0.0,0.0,0,0,0,-1,-1,3,0.0,0.0,1,0,305.0,170.0,150.0,150.0,140.0,170.0,Up,Up,50,50,70,40,55.8743961352657,52.10828025477707,58.87378640776699,50.91025641025641,3,nadt5tbu,,,,,0
16,5doee2qb,,0,587,587,FinalPage,ThankYou,2026-09-14 02:15:07.895834,1,,,1000.0,1,,0.0,M_exp_W_no,,,,,,,,,,,0,0,,,300,90,,,,,,,,,,,,,,,,,2,2,"2, 3",2,0.0,0.0,0.0,0.0,0.0,0,0,0,1,-1,4,0.0,0.0,1,0,250.0,110.0,150.0,120.0,150.0,200.0,Up,Up,50,20,100,50,55.8743961352657,52.10828025477707,58.87378640776699,50.91025641025641,3,nadt5tbu,,,,,0
17,fjk39fjv,,0,587,587,FinalPage,ThankYou,2026-09-14 02:15:08.036259,1,,,944.44,2,,0.0,M_exp_W_no,,,,,,,,,,,0,0,,,270,70,,,,,,,,,,,,,,,,,2,2,"2, 3",2,0.0,0.0,0.0,0.0,0.0,0,0,0,1,-1,4,0.0,0.0,1,0,250.0,110.0,150.0,120.0,150.0,200.0,Up,Up,50,20,100,50,55.8743961352657,52.10828025477707,58.87378640776699,50.91025641025641,3,nadt5tbu,,,,,0
18,uv9wmkop,,0,587,587,FinalPage,ThankYou,2026-09-14 02:15:08.071998,1,,,1055.56,3,,0.0,M_exp_W_no,,,,,,,,,,,0,0,,,150,150,,,,,,,,,,,,,,,,,2,2,"2, 3",2,0.0,0.0,0.0,0.0,0.0,0,0,0,-1,1,4,0.0,0.0,1,0,250.0,110.0,150.0,120.0,150.0,200.0,Up,Up,50,20,100,50,55.8743961352657,52.10828025477707,58.87378640776699,50.91025641025641,3,nadt5tbu,,,,,0
19,tdb9pvu4,,0,587,587,FinalPage,ThankYou,2026-09-14 02:15:08.116238,1,,,1333.33,4,,0.0,M_exp_W_no,,,,,,,,,,,0,0,,,120,110,,,,,,,,,,,,,,,,,2,2,"2, 3",2,0.0,0.0,0.0,0.0,0.0,0,0,0,-1,0,4,0.0,0.0,1,0,250.0,110.0,150.0,120.0,150.0,200.0,Up,Up,50,20,100,50,55.8743961352657,52.10828025477707,58.87378640776699,50.91025641025641,3,nadt5tbu,,,,,0
20,vlzegfsh,,0,587,587,FinalPage,ThankYou,2026-09-14 02:15:08.476802,1,,,1055.56,5,,0.0,M_exp_W_no,,,,,,,,,,,0,0,,,250,151,,,,,,,,,,,,,,,,,2,2,"2, 3",2,0.0,0.0,0.0,0.0,0.0,0,0,0,0,1,4,0.0,0.0,1,0,250.0,110.0,150.0,120.0,150.0,200.0,Up,Up,50,20,100,50,55.8743961352657,52.10828025477707,58.87378640776699,50.91025641025641,3,nadt5tbu,,,,,0
21,vijmhlvg,,0,587,587,FinalPage,ThankYou,2026-09-14 02:15:39.856834,1,,,722.22,1,,0.0,M_exp_W_no,,,,,,,,,,,0,0,,,370,131,,,,,,,,,,,,,,,,,2,2,"2, 3",2,0.0,0.0,0.0,0.0,0.0,0,0,0,0,1,5,0.0,0.0,0,1,370.0,112.0,140.0,200.0,150.0,200.0,Up,Up,40,100,50,100,55.8743961352657,52.10828025477707,58.87378640776699,50.91025641025641,3,nadt5tbu,,,,,0
22,8e240a8t,,0,587,587,FinalPage,ThankYou,2026-09-14 02:15:40.077595,1,,,1555.56,2,,0.0,M_exp_W_no,,,,,,,,,,,0,0,,,400,100,,,,,,,,,,,,,,,,,2,2,"2, 3",2,0.0,0.0,0.0,0.0,0.0,0,0,0,1,-1,5,0.0,0.0,0,1,370.0,112.0,140.0,200.0,150.0,200.0,Up,Up,40,100,50,100,55.8743961352657,52.10828025477707,58.87378640776699,50.91025641025641,3,nadt5tbu,,,,,0
23,djq10sre,,0,587,587,FinalPage,ThankYou,2026-09-14 02:15:41.471659,1,,,1444.44,3,,0.0,M_exp_W_no,,,,,,,,,,,0,0,,,118,112,,,,,,,,,,,,,,,,,2,2,"2, 3",2,0.0,0.0,0.0,0.0,0.0,0,0,0,-1,0,5,0.0,0.0,0,1,370.0,112.0,140.0,200.0,150.0,200.0,Up,Up,40,100,50,100,55.8743961352657,52.10828025477707,58.87378640776699,50.91025641025641,3,nadt5tbu,,,,,0
24,1rm0kasi,,0,587,587,FinalPage,ThankYou,2026-09-14 02:15:41.530653,1,,,833.33,4,,0.0,M_exp_W_no,,,,,,,,,,,0,0,,,300,95,,,,,,,,,,,,,,,,,2,2,"2, 3",2,0.0,0.0,0.0,0.0,0.0,0,0,0,-1,-1,5,0.0,0.0,0,1,370.0,112.0,140.0,200.0,150.0,200.0,Up,Up,40,100,50,100,55.8743961352657,52.10828025477707,58.87378640776699,50.91025641025641,3,nadt5tbu,,,,,0
25,5ddpdjuo,,0,587,587,FinalPage,ThankYou,2026-09-14 02:15:41.539007,1,,,833.33,5,,0.0,M_exp_W_no,,,,,,,,,,,0,0,,,375,125,,,,,,,,,,,,,,,,,2,2,"2, 3",2,0.0,0.0,0.0,0.0,0.0,0,0,0,1,1,5,0.0,0.0,0,1,370.0,112.0,140.0,200.0,150.0,200.0,Up,Up,40,100,50,100,55.8743961352657,52.10828025477707,58.87378640776699,50.91025641025641,3,nadt5tbu,,,,,0
1,2vm7punw,,0,587,587,FinalPage,ThankYou,2026-09-14 02:15:05.747324,1,,,0.0,1,,0.0,M_exp_W_no,,,,,,,,,,,0,0,,,200,80,,,,,,,,,,,,,,,,,2,2,"2, 3",2,0.0,0.0,0.0,0.0,0.0,0,0,0,-1,-1,1,0.0,0.0,1,1,250.0,102.0,75.0,150.0,75.0,120.0,Down,Up,50,50,50,20,55.8743961352657,52.10828025477707,58.87378640776699,50.91025641025641,4,nadt5tbu,,,,,0
2,wfmrxna9,,0,587,587,FinalPage,ThankYou,2026-09-14 02:15:06.802245,1,,,444.44,2,,0.0,M_exp_W_no,,,,,,,,,,,0,0,,,255,110,,,,,,,,,,,,,,,,,2,2,"2, 3",2,0.0,0.0,0.0,0.0,0.0,0,0,0,1,1,1,0.0,0.0,1,1,250.0,102.0,75.0,150.0,75.0,120.0,Down,Up,50,50,50,20,55.8743961352657,52.10828025477707,58.87378640776699,50.91025641025641,4,nadt5tbu,,,,,0
3,s57od4iz,,0,587,587,FinalPage,ThankYou,2026-09-14 02:15:06.853467,1,,,444.44,3,,0.0,M_exp_W_no,,,,,,,,,,,0,0,,,100,150,,,,,,,,,,,,,,,,,2,2,"2, 3",2,0.0,0.0,0.0,0.0,0.0,0,0,0,-1,1,1,0.0,0.0,1,1,250.0,102.0,75.0,150.0,75.0,120.0,Down,Up,50,50,50,20,55.8743961352657,52.10828025477707,58.87378640776699,50.91025641025641,4,nadt5tbu,,,,,0
4,sem2q323,,0,587,587,FinalPage,ThankYou,2026-09-14 02:15:06.992089,1,,,666.67,4,,0.0,M_exp_W_no,,,,,,,,,,,0,0,,,270,96,,,,,,,,,,,,,,,,,2,2,"2, 3",2,0.0,0.0,0.0,0.0,0.0,0,0,0,1,-1,1,0.0,0.0,1,1,250.0,102.0,75.0,150.0,75.0,120.0,Down,Up,50,50,50,20,55.8743961352657,52.10828025477707,58.87378640776699,50.91025641025641,4,nadt5tbu,,,,,0
5,pmhhauc6,,0,587,587,FinalPage,ThankYou,2026-09-14 02:15:07.029668,1,,,1333.33,5,,0.0,M_exp_W_no,,,,,,,,,,,0,0,,,250,102,,,,,,,,,,,,,,,,,2,2,"2, 3",2,0.0,0.0,0.0,0.0,0.0,0,0,0,0,0,1,0.0,0.0,1,1,250.0,102.0,75.0,150.0,75.0,120.0,Down,Up,50,50,50,20,55.8743961352657,52.10828025477707,58.87378640776699,50.91025641025641,4,nadt5tbu,,,,,0
6,bc7n6071,,0,587,587,FinalPage,ThankYou,2026-09-14 02:15:07.064006,1,,,777.78,1,,0.0,M_exp_W_no,,,,,,,,,,,0,0,,,100,100,,,,,,,,,,,,,,,,,2,2,"2, 3",2,0.0,0.0,0.0,0.0,0.0,0,0,0,-1,-1,2,0.0,0.0,0,0,350.0,148.0,75.0,150.0,140.0,75.0,Up,Down,50,50,50,40,55.8743961352657,52.10828025477707,58.87378640776699,50.91025641025641,4,nadt5tbu,,,,,0
7,j2qhej8d,,0,587,587,FinalPage,ThankYou,2026-09-14 02:15:07.208423,1,,,833.33,2,,0.0,M_exp_W_no,,,,,,,,,,,0,0,,,401,149,,,,,,,,,,,,,,,,,2,2,"2, 3",2,0.0,0.0,0.0,0.0,0.0,0,0,0,1,1,2,0.0,0.0,0,0,350.0,148.0,75.0,150.0,140.0,75.0,Up,Down,50,50,50,40,55.8743961352657,52.10828025477707,58.87378640776699,50.91025641025641,4,nadt5tbu,,,,,0
8,nt0omp7o,,0,587,587,FinalPage,ThankYou,2026-09-14 02:15:07.220244,1,,,611.11,3,,0.0,M_exp_W_no,,,,,,,,,,,0,0,,,350,170,,,,,,,,,,,,,,,,,2,2,"2, 3",2,0.0,0.0,0.0,0.0,0.0,0,0,0,-1,1,2,0.0,0.0,0,0,350.0,148.0,75.0,150.0,140.0,75.0,Up,Down,50,50,50,40,55.8743961352657,52.10828025477707,58.87378640776699,50.91025641025641,4,nadt5tbu,,,,,0
9,3vy48gux,,0,587,587,FinalPage,ThankYou,2026-09-14 02:15:07.391021,1,,,333.33,4,,0.0,M_exp_W_no,,,,,,,,,,,0,0,,,452,148,,,,,,,,,,,,,,,,,2,2,"2, 3",2,0.0,0.0,0.0,0.0,0.0,0,0,0,1,0,2,0.0,0.0,0,0,350.0,148.0,75.0,150.0,140.0,75.0,Up,Down,50,50,50,40,55.8743961352657,52.10828025477707,58.87378640776699,50.91025641025641,4,nadt5tbu,,,,,0
10,zzkx5xsm,,0,587,587,FinalPage,ThankYou,2026-09-14 02:15:07.400171,1,,,1000.0,5,,0.0,M_exp_W_no,,,,,,,,,,,0,0,,,350,100,,,,,,,,,,,,,,,,,2,2,"2, 3",2,0.0,0.0,0.0,0.0,0.0,0,0,0,0,-1,2,0.0,0.0,0,0,350.0,148.0,75.0,150.0,140.0,75.0,Up,Down,50,50,50,40,55.8743961352657,52.10828025477707,58.87378640776699,50.91025641025641,4,nadt5tbu,,,,,0
11,qd0f31id,,0,587,587,FinalPage,ThankYou,2026-09-14 02:15:07.489316,1,,,944.44,1,,0.0,M_exp_W_no,,,,,,,,,,,0,0,,,312,186,,,,,,,,,,,,,,,,,2,2,"2, 3",2,0.0,0.0,0.0,0.0,0.0,0,0,0,1,0,3,0.0,0.0,1,0,310.0,186.0,150.0,150.0,140.0,170.0,Up,Up,50,50,70,40,55.8743961352657,52.10828025477707,58.87378640776699,50.91025641025641,4,nadt5tbu,,,,,0
12,gllc2565,,0,587,587,FinalPage,ThankYou,2026-09-14 02:15:07.586847,1,,,888.89,2,,0.0,M_exp_W_no,,,,,,,,,,,0,0,,,310,180,,,,,,,,,,,,,,,,,2,2,"2, 3",2,0.0,0.0,0.0,0.0,0.0,0,0,0,0,-1,3,0.0,0.0,1,0,310.0,186.0,150.0,150.0,140.0,170.0,Up,Up,50,50,70,40,55.8743961352657,52.10828025477707,58.87378640776699,50.91025641025641,4,nadt5tbu,,,,,0
13,k6q3olvt,,0,587,587,FinalPage,ThankYou,2026-09-14 02:15:07.617482,1,,,666.67,3,,0.0,M_exp_W_no,,,,,,,,,,,0,0,,,310,200,,,,,,,,,,,,,,,,,2,2,"2, 3",2,0.0,0.0,0.0,0.0,0.0,0,0,0,-1,1,3,0.0,0.0,1,0,310.0,186.0,150.0,150.0,140.0,170.0,Up,Up,50,50,70,40,55.8743961352657,52.10828025477707,58.87378640776699,50.91025641025641,4,nadt5tbu,,,,,0
14,h7g9h66e,,0,587,587,FinalPage,ThankYou,2026-09-14 02:15:07.684465,1,,,1055.56,4,,0.0,M_exp_W_no,,,,,,,,,,,0,0,,,320,280,,,,,,,,,,,,,,,,,2,2,"2, 3",2,0.0,0.0,0.0,0.0,0.0,0,0,0,1,1,3,0.0,0.0,1,0,310.0,186.0,150.0,150.0,140.0,170.0,Up,Up,50,50,70,40,55.8743961352657,52.10828025477707,58.87378640776699,50.91025641025641,4,nadt5tbu,,,,,0
15,ch700ni6,,0,587,587,FinalPage,ThankYou,2026-09-14 02:15:07.757463,1,,,1166.67,5,,0.0,M_exp_W_no,,,,,,,,,,,0,0,,,120,115,,,,,,,,,,,,,,,,,2,2,"2, 3",2,0.0,0.0,0.0,0.0,0.0,0,0,0,-1,-1,3,0.0,0.0,1,0,310.0,186.0,150.0,150.0,140.0,170.0,Up,Up,50,50,70,40,55.8743961352657,52.10828025477707,58.87378640776699,50.91025641025641,4,nadt5tbu,,,,,0
16,5doee2qb,,0,587,587,FinalPage,ThankYou,2026-09-14 02:15:07.895834,1,,,1000.0,1,,0.0,M_exp_W_no,,,,,,,,,,,0,0,,,280,150,,,,,,,,,,,,,,,,,2,2,"2, 3",2,0.0,0.0,0.0,0.0,0.0,0,0,0,1,1,4,0.0,0.0,1,0,220.0,110.0,150.0,120.0,150.0,200.0,Up,Up,50,20,100,50,55.8743961352657,52.10828025477707,58.87378640776699,50.91025641025641,4,nadt5tbu,,,,,0
17,fjk39fjv,,0,587,587,FinalPage,ThankYou,2026-09-14 02:15:08.036259,1,,,944.44,2,,0.0,M_exp_W_no,,,,,,,,,,,0,0,,,220,70,,,,,,,,,,,,,,,,,2,2,"2, 3",2,0.0,0.0,0.0,0.0,0.0,0,0,0,0,-1,4,0.0,0.0,1,0,220.0,110.0,150.0,120.0,150.0,200.0,Up,Up,50,20,100,50,55.8743961352657,52.10828025477707,58.87378640776699,50.91025641025641,4,nadt5tbu,,,,,0
18,uv9wmkop,,0,587,587,FinalPage,ThankYou,2026-09-14 02:15:08.071998,1,,,1055.56,3,,0.0,M_exp_W_no,,,,,,,,,,,0,0,,,200,200,,,,,,,,,,,,,,,,,2,2,"2, 3",2,0.0,0.0,0.0,0.0,0.0,0,0,0,-1,1,4,0.0,0.0,1,0,220.0,110.0,150.0,120.0,150.0,200.0,Up,Up,50,20,100,50,55.8743961352657,52.10828025477707,58.87378640776699,50.91025641025641,4,nadt5tbu,,,,,0
19,tdb9pvu4,,0,587,587,FinalPage,ThankYou,2026-09-14 02:15:08.116238,1,,,1333.33,4,,0.0,M_exp_W_no,,,,,,,,,,,0,0,,,120,110,,,,,,,,,,,,,,,,,2,2,"2, 3",2,0.0,0.0,0.0,0.0,0.0,0,0,0,-1,0,4,0.0,0.0,1,0,220.0,110.0,150.0,120.0,150.0,200.0,Up,Up,50,20,100,50,55.8743961352657,52.10828025477707,58.87378640776699,50.91025641025641,4,nadt5tbu,,,,,0
20,vlzegfsh,,0,587,587,FinalPage,ThankYou,2026-09-14 02:15:08.476802,1,,,1055.56,5,,0.0,M_exp_W_no,,,,,,,,,,,0,0,,,251,100,,,,,,,,,,,,,,,,,2,2,"2, 3",2,0.0,0.0,0.0,0.0,0.0,0,0,0,1,-1,4,0.0,0.0,1,0,220.0,110.0,150.0,120.0,150.0,200.0,Up,Up,50,20,100,50,55.8743961352657,52.10828025477707,58.87378640776699,50.91025641025641,4,nadt5tbu,,,,,0
21,vijmhlvg,,0,587,587,FinalPage,ThankYou,2026-09-14 02:15:39.856834,1,,,722.22,1,,0.0,M_exp_W_no,,,,,,,,,,,0,0,,,374,125,,,,,,,,,,,,,,,,,2,2,"2, 3",2,0.0,0.0,0.0,0.0,0.0,0,0,0,1,1,5,0.0,0.0,0,1,370.0,112.0,140.0,200.0,150.0,200.0,Up,Up,40,100,50,100,55.8743961352657,52.10828025477707,58.87378640776699,50.91025641025641,4,nadt5tbu,,,,,0
22,8e240a8t,,0,587,587,FinalPage,ThankYou,2026-09-14 02:15:40.077595,1,,,1555.56,2,,0.0,M_exp_W_no,,,,,,,,,,,0,0,,,370,112,,,,,,,,,,,,,,,,,2,2,"2, 3",2,0.0,0.0,0.0,0.0,0.0,0,0,0,0,0,5,0.0,0.0,0,1,370.0,112.0,140.0,200.0,150.0,200.0,Up,Up,40,100,50,100,55.8743961352657,52.10828025477707,58.87378640776699,50.91025641025641,4,nadt5tbu,,,,,0
23,djq10sre,,0,587,587,FinalPage,ThankYou,2026-09-14 02:15:41.471659,1,,,1444.44,3,,0.0,M_exp_W_no,,,,,,,,,,,0,0,,,118,110,,,,,,,,,,,,,,,,,2,2,"2, 3",2,0.0,0.0,0.0,0.0,0.0,0,0,0,-1,-1,5,0.0,0.0,0,1,370.0,112.0,140.0,200.0,150.0,200.0,Up,Up,40,100,50,100,55.8743961352657,52.10828025477707,58.87378640776699,50.91025641025641,4,nadt5tbu,,,,,0
24,1rm0kasi,,0,587,587,FinalPage,ThankYou,2026-09-14 02:15:41.530653,1,,,833.33,4,,0.0,M_exp_W_no,,,,,,,,,,,0,0,,,350,100,,,,,,,,,,,,,,,,,2,2,"2, 3",2,0.0,0.0,0.0,0.0,0.0,0,0,0,-1,-1,5,0.0,0.0,0,1,370.0,112.0,140.0,200.0,150.0,200.0,Up,Up,40,100,50,100,55.8743961352657,52.10828025477707,58.87378640776699,50.91025641025641,4,nadt5tbu,,,,,0
25,5ddpdjuo,,0,587,587,FinalPage,ThankYou,2026-09-14 02:15:41.539007,1,,,833.33,5,,0.0,M_exp_W_no,,,,,,,,,,,0,0,,,375,115,,,,,,,,,,,,,,,,,2,2,"2, 3",2,0.0,0.0,0.0,0.0,0.0,0,0,0,1,1,5,0.0,0.0,0,1,370.0,112.0,140.0,200.0,150.0,200.0,Up,Up,40,100,50,100,55.8743961352657,52.10828025477707,58.87378640776699,50.91025641025641,4,nadt5tbu,,,,,0
1,2vm7punw,,0,587,587,FinalPage,ThankYou,2026-09-14 02:15:05.747324,1,,,0.0,1,,0.0,M_exp_W_no,,,,,,,,,,,0,0,,,200,150,,,,,,,,,,,,,,,,,2,2,"2, 3",2,0.0,0.0,0.0,0.0,0.0,0,0,0,-1,1,1,0.0,0.0,1,1,240.0,110.0,75.0,150.0,75.0,120.0,Down,Up,50,50,50,20,55.8743961352657,52.10828025477707,58.87378640776699,50.91025641025641,5,nadt5tbu,,,,,0
2,wfmrxna9,,0,587,587,FinalPage,ThankYou,2026-09-14 02:15:06.802245,1,,,444.44,2,,0.0,M_exp_W_no,,,,,,,,,,,0,0,,,255,110,,,,,,,,,,,,,,,,,2,2,"2, 3",2,0.0,0.0,0.0,0.0,0.0,0,0,0,1,0,1,0.0,0.0,1,1,240.0,110.0,75.0,150.0,75.0,120.0,Down,Up,50,50,50,20,55.8743961352657,52.10828025477707,58.87378640776699,50.91025641025641,5,nadt5tbu,,,,,0
3,s57od4iz,,0,587,587,FinalPage,ThankYou,2026-09-14 02:15:06.853467,1,,,444.44,3,,0.0,M_exp_W_no,,,,,,,,,,,0,0,,,130,130,,,,,,,,,,,,,,,,,2,2,"2, 3",2,0.0,0.0,0.0,0.0,0.0,0,0,0,-1,1,1,0.0,0.0,1,1,240.0,110.0,75.0,150.0,75.0,120.0,Down,Up,50,50,50,20,55.8743961352657,52.10828025477707,58.87378640776699,50.91025641025641,5,nadt5tbu,,,,,0
4,sem2q323,,0,587,587,FinalPage,ThankYou,2026-09-14 02:15:06.992089,1,,,666.67,4,,0.0,M_exp_W_no,,,,,,,,,,,0,0,,,260,100,,,,,,,,,,,,,,,,,2,2,"2, 3",2,0.0,0.0,0.0,0.0,0.0,0,0,0,1,-1,1,0.0,0.0,1,1,240.0,110.0,75.0,150.0,75.0,120.0,Down,Up,50,50,50,20,55.8743961352657,52.10828025477707,58.87378640776699,50.91025641025641,5,nadt5tbu,,,,,0
5,pmhhauc6,,0,587,587,FinalPage,ThankYou,2026-09-14 02:15:07.029668,1,,,1333.33,5,,0.0,M_exp_W_no,,,,,,,,,,,0,0,,,240,100,,,,,,,,,,,,,,,,,2,2,"2, 3",2,0.0,0.0,0.0,0.0,0.0,0,0,0,0,-1,1,0.0,0.0,1,1,240.0,110.0,75.0,150.0,75.0,120.0,Down,Up,50,50,50,20,55.8743961352657,52.10828025477707,58.87378640776699,50.91025641025641,5,nadt5tbu,,,,,0
6,bc7n6071,,0,587,587,FinalPage,ThankYou,2026-09-14 02:15:07.064006,1,,,777.78,1,,0.0,M_exp_W_no,,,,,,,,,,,0,0,,,500,100,,,,,,,,,,,,,,,,,2,2,"2, 3",2,0.0,0.0,0.0,0.0,0.0,0,0,0,1,-1,2,0.0,0.0,0,0,401.0,140.0,75.0,150.0,140.0,75.0,Up,Down,50,50,50,40,55.8743961352657,52.10828025477707,58.87378640776699,50.91025641025641,5,nadt5tbu,,,,,0
7,j2qhej8d,,0,587,587,FinalPage,ThankYou,2026-09-14 02:15:07.208423,1,,,833.33,2,,0.0,M_exp_W_no,,,,,,,,,,,0,0,,,401,147,,,,,,,,,,,,,,,,,2,2,"2, 3",2,0.0,0.0,0.0,0.0,0.0,0,0,0,0,1,2,0.0,0.0,0,0,401.0,140.0,75.0,150.0,140.0,75.0,Up,Down,50,50,50,40,55.8743961352657,52.10828025477707,58.87378640776699,50.91025641025641,5,nadt5tbu,,,,,0
8,nt0omp7o,,0,587,587,FinalPage,ThankYou,2026-09-14 02:15:07.220244,1,,,611.11,3,,0.0,M_exp_W_no,,,,,,,,,,,0,0,,,360,160,,,,,,,,,,,,,,,,,2,2,"2, 3",2,0.0,0.0,0.0,0.0,0.0,0,0,0,-1,1,2,0.0,0.0,0,0,401.0,140.0,75.0,150.0,140.0,75.0,Up,Down,50,50,50,40,55.8743961352657,52.10828025477707,58.87378640776699,50.91025641025641,5,nadt5tbu,,,,,0
9,3vy48gux,,0,587,587,FinalPage,ThankYou,2026-09-14 02:15:07.391021,1,,,333.33,4,,0.0,M_exp_W_no,,,,,,,,,,,0,0,,,460,140,,,,,,,,,,,,,,,,,2,2,"2, 3",2,0.0,0.0,0.0,0.0,0.0,0,0,0,1,0,2,0.0,0.0,0,0,401.0,140.0,75.0,150.0,140.0,75.0,Up,Down,50,50,50,40,55.8743961352657,52.10828025477707,58.87378640776699,50.91025641025641,5,nadt5tbu,,,,,0
10,zzkx5xsm,,0,587,587,FinalPage,ThankYou,2026-09-14 02:15:07.400171,1,,,1000.0,5,,0.0,M_exp_W_no,,,,,,,,,,,0,0,,,375,100,,,,,,,,,,,,,,,,,2,2,"2, 3",2,0.0,0.0,0.0,0.0,0.0,0,0,0,-1,-1,2,0.0,0.0,0,0,401.0,140.0,75.0,150.0,140.0,75.0,Up,Down,50,50,50,40,55.8743961352657,52.10828025477707,58.87378640776699,50.91025641025641,5,nadt5tbu,,,,,0
11,qd0f31id,,0,587,587,FinalPage,ThankYou,2026-09-14 02:15:07.489316,1,,,944.44,1,,0.0,M_exp_W_no,,,,,,,,,,,0,0,,,315,200,,,,,,,,,,,,,,,,,2,2,"2, 3",2,0.0,0.0,0.0,0.0,0.0,0,0,0,1,1,3,0.0,0.0,1,0,310.0,195.0,150.0,150.0,140.0,170.0,Up,Up,50,50,70,40,55.8743961352657,52.10828025477707,58.87378640776699,50.91025641025641,5,nadt5tbu,,,,,0
12,gllc2565,,0,587,587,FinalPage,ThankYou,2026-09-14 02:15:07.586847,1,,,888.89,2,,0.0,M_exp_W_no,,,,,,,,,,,0,0,,,315,195,,,,,,,,,,,,,,,,,2,2,"2, 3",2,0.0,0.0,0.0,0.0,0.0,0,0,0,1,0,3,0.0,0.0,1,0,310.0,195.0,150.0,150.0,140.0,170.0,Up,Up,50,50,70,40,55.8743961352657,52.10828025477707,58.87378640776699,50.91025641025641,5,nadt5tbu,,,,,0
13,k6q3olvt,,0,587,587,FinalPage,ThankYou,2026-09-14 02:15:07.617482,1,,,666.67,3,,0.0,M_exp_W_no,,,,,,,,,,,0,0,,,310,88,,,,,,,,,,,,,,,,,2,2,"2, 3",2,0.0,0.0,0.0,0.0,0.0,0,0,0,0,-1,3,0.0,0.0,1,0,310.0,195.0,150.0,150.0,140.0,170.0,Up,Up,50,50,70,40,55.8743961352657,52.10828025477707,58.87378640776699,50.91025641025641,5,nadt5tbu,,,,,0
14,h7g9h66e,,0,587,587,FinalPage,ThankYou,2026-09-14 02:15:07.684465,1,,,1055.56,4,,0.0,M_exp_W_no,,,,,,,,,,,0,0,,,308,292,,,,,,,,,,,,,,,,,2,2,"2, 3",2,0.0,0.0,0.0,0.0,0.0,0,0,0,-1,1,3,0.0,0.0,1,0,310.0,195.0,150.0,150.0,140.0,170.0,Up,Up,50,50,70,40,55.8743961352657,52.10828025477707,58.87378640776699,50.91025641025641,5,nadt5tbu,,,,,0
15,ch700ni6,,0,587,587,FinalPage,ThankYou,2026-09-14 02:15:07.757463,1,,,1166.67,5,,0.0,M_exp_W_no,,,,,,,,,,,0,0,,,120,115,,,,,,,,,,,,,,,,,2,2,"2, 3",2,0.0,0.0,0.0,0.0,0.0,0,0,0,-1,-1,3,0.0,0.0,1,0,310.0,195.0,150.0,150.0,140.0,170.0,Up,Up,50,50,70,40,55.8743961352657,52.10828025477707,58.87378640776699,50.91025641025641,5,nadt5tbu,,,,,0
16,5doee2qb,,0,587,587,FinalPage,ThankYou,2026-09-14 02:15:07.895834,1,,,1000.0,1,,0.0,M_exp_W_no,,,,,,,,,,,0,0,,,250,125,,,,,,,,,,,,,,,,,2,2,"2, 3",2,0.0,0.0,0.0,0.0,0.0,0,0,0,1,1,4,0.0,0.0,1,0,200.0,100.0,150.0,120.0,150.0,200.0,Up,Up,50,20,100,50,55.8743961352657,52.10828025477707,58.87378640776699,50.91025641025641,5,nadt5tbu,,,,,0
17,fjk39fjv,,0,587,587,FinalPage,ThankYou,2026-09-14 02:15:08.036259,1,,,944.44,2,,0.0,M_exp_W_no,,,,,,,,,,,0,0,,,200,90,,,,,,,,,,,,,,,,,2,2,"2, 3",2,0.0,0.0,0.0,0.0,0.0,0,0,0,0,-1,4,0.0,0.0,1,0,200.0,100.0,150.0,120.0,150.0,200.0,Up,Up,50,20,100,50,55.8743961352657,52.10828025477707,58.87378640776699,50.91025641025641,5,nadt5tbu,,,,,0
18,uv9wmkop,,0,587,587,FinalPage,ThankYou,2026-09-14 02:15:08.071998,1,,,1055.56,3,,0.0,M_exp_W_no,,,,,,,,,,,0,0,,,200,100,,,,,,,,,,,,,,,,,2,2,"2, 3",2,0.0,0.0,0.0,0.0,0.0,0,0,0,-1,0,4,0.0,0.0,1,0,200.0,100.0,150.0,120.0,150.0,200.0,Up,Up,50,20,100,50,55.8743961352657,52.10828025477707,58.87378640776699,50.91025641025641,5,nadt5tbu,,,,,0
19,tdb9pvu4,,0,587,587,FinalPage,ThankYou,2026-09-14 02:15:08.116238,1,,,1333.33,4,,0.0,M_exp_W_no,,,,,,,,,,,0,0,,,125,115,,,,,,,,,,,,,,,,,2,2,"2, 3",2,0.0,0.0,0.0,0.0,0.0,0,0,0,-1,1,4,0.0,0.0,1,0,200.0,100.0,150.0,120.0,150.0,200.0,Up,Up,50,20,100,50,55.8743961352657,52.10828025477707,58.87378640776699,50.91025641025641,5,nadt5tbu,,,,,0
20,vlzegfsh,,0,587,587,FinalPage,ThankYou,2026-09-14 02:15:08.476802,1,,,1055.56,5,,0.0,M_exp_W_no,,,,,,,,,,,0,0,,,255,90,,,,,,,,,,,,,,,,,2,2,"2, 3",2,0.0,0.0,0.0,0.0,0.0,0,0,0,1,-1,4,0.0,0.0,1,0,200.0,100.0,150.0,120.0,150.0,200.0,Up,Up,50,20,100,50,55.8743961352657,52.10828025477707,58.87378640776699,50.91025641025641,5,nadt5tbu,,,,,0
21,vijmhlvg,,0,587,587,FinalPage,ThankYou,2026-09-14 02:15:39.856834,1,,,722.22,1,,0.0,M_exp_W_no,,,,,,,,,,,0,0,,,368,119,,,,,,,,,,,,,,,,,2,2,"2, 3",2,0.0,0.0,0.0,0.0,0.0,0,0,0,0,1,5,0.0,0.0,0,1,368.0,114.0,140.0,200.0,150.0,200.0,Up,Up,40,100,50,100,55.8743961352657,52.10828025477707,58.87378640776699,50.91025641025641,5,nadt5tbu,,,,,0
22,8e240a8t,,0,587,587,FinalPage,ThankYou,2026-09-14 02:15:40.077595,1,,,1555.56,2,,0.0,M_exp_W_no,,,,,,,,,,,0,0,,,250,150,,,,,,,,,,,,,,,,,2,2,"2, 3",2,0.0,0.0,0.0,0.0,0.0,0,0,0,-1,1,5,0.0,0.0,0,1,368.0,114.0,140.0,200.0,150.0,200.0,Up,Up,40,100,50,100,55.8743961352657,52.10828025477707,58.87378640776699,50.91025641025641,5,nadt5tbu,,,,,0
23,djq10sre,,0,587,587,FinalPage,ThankYou,2026-09-14 02:15:41.471659,1,,,1444.44,3,,0.0,M_exp_W_no,,,,,,,,,,,0,0,,,118,110,,,,,,,,,,,,,,,,,2,2,"2, 3",2,0.0,0.0,0.0,0.0,0.0,0,0,0,-1,-1,5,0.0,0.0,0,1,368.0,114.0,140.0,200.0,150.0,200.0,Up,Up,40,100,50,100,55.8743961352657,52.10828025477707,58.87378640776699,50.91025641025641,5,nadt5tbu,,,,,0
24,1rm0kasi,,0,587,587,FinalPage,ThankYou,2026-09-14 02:15:41.530653,1,,,833.33,4,,0.0,M_exp_W_no,,,,,,,,,,,0,0,,,372,110,,,,,,,,,,,,,,,,,2,2,"2, 3",2,0.0,0.0,0.0,0.0,0.0,0,0,0,1,-1,5,0.0,0.0,0,1,368.0,114.0,140.0,200.0,150.0,200.0,Up,Up,40,100,50,100,55.8743961352657,52.10828025477707,58.87378640776699,50.91025641025641,5,nadt5tbu,,,,,0
25,5ddpdjuo,,0,587,587,FinalPage,ThankYou,2026-09-14 02:15:41.539007,1,,,833.33,5,,0.0,M_exp_W_no,,,,,,,,,,,0,0,,,371,114,,,,,,,,,,,,,,,,,2,2,"2, 3",2,0.0,0.0,0.0,0.0,0.0,0,0,0,1,0,5,0.0,0.0,0,1,368.0,114.0,140.0,200.0,150.0,200.0,Up,Up,40,100,50,100,55.8743961352657,52.10828025477707,58.87378640776699,50.91025641025641,5,nadt5tbu,,,,,0
1,2vm7punw,,0,587,587,FinalPage,ThankYou,2026-09-14 02:15:05.747324,1,,,0.0,1,,0.0,M_exp_W_no,,,,,,,,,,,0,0,,,10,120,,,,,,,,,,,,,,,,,2,2,"2, 3",2,0.0,0.0,0.0,0.0,0.0,0,0,0,-1,1,1,0.0,0.0,1,1,240.0,110.0,75.0,150.0,75.0,120.0,Down,Up,50,50,50,20,55.8743961352657,52.10828025477707,58.87378640776699,50.91025641025641,6,nadt5tbu,,,,,0
2,wfmrxna9,,0,587,587,FinalPage,ThankYou,2026-09-14 02:15:06.802245,1,,,444.44,2,,0.0,M_exp_W_no,,,,,,,,,,,0,0,,,255,111,,,,,,,,,,,,,,,,,2,2,"2, 3",2,0.0,0.0,0.0,0.0,0.0,0,0,0,1,1,1,0.0,0.0,1,1,240.0,110.0,75.0,150.0,75.0,120.0,Down,Up,50,50,50,20,55.8743961352657,52.10828025477707,58.87378640776699,50.91025641025641,6,nadt5tbu,,,,,0
3,s57od4iz,,0,587,587,FinalPage,ThankYou,2026-09-14 02:15:06.853467,1,,,444.44,3,,0.0,M_exp_W_no,,,,,,,,,,,0,0,,,240,110,,,,,,,,,,,,,,,,,2,2,"2, 3",2,0.0,0.0,0.0,0.0,0.0,0,0,0,0,0,1,0.0,0.0,1,1,240.0,110.0,75.0,150.0,75.0,120.0,Down,Up,50,50,50,20,55.8743961352657,52.10828025477707,58.87378640776699,50.91025641025641,6,nadt5tbu,,,,,0
4,sem2q323,,0,587,587,FinalPage,ThankYou,2026-09-14 02:15:06.992089,1,,,666.67,4,,0.0,M_exp_W_no,,,,,,,,,,,0,0,,,230,107,,,,,,,,,,,,,,,,,2,2,"2, 3",2,0.0,0.0,0.0,0.0,0.0,0,0,0,-1,-1,1,0.0,0.0,1,1,240.0,110.0,75.0,150.0,75.0,120.0,Down,Up,50,50,50,20,55.8743961352657,52.10828025477707,58.87378640776699,50.91025641025641,6,nadt5tbu,,,,,0
5,pmhhauc6,,0,587,587,FinalPage,ThankYou,2026-09-14 02:15:07.029668,1,,,1333.33,5,,0.0,M_exp_W_no,,,,,,,,,,,0,0,,,260,102,,,,,,,,,,,,,,,,,2,2,"2, 3",2,0.0,0.0,0.0,0.0,0.0,0,0,0,1,-1,1,0.0,0.0,1,1,240.0,110.0,75.0,150.0,75.0,120.0,Down,Up,50,50,50,20,55.8743961352657,52.10828025477707,58.87378640776699,50.91025641025641,6,nadt5tbu,,,,,0
6,bc7n6071,,0,587,587,FinalPage,ThankYou,2026-09-14 02:15:07.064006,1,,,777.78,1,,0.0,M_exp_W_no,,,,,,,,,,,0,0,,,100,200,,,,,,,,,,,,,,,,,2,2,"2, 3",2,0.0,0.0,0.0,0.0,0.0,0,0,0,-1,1,2,0.0,0.0,0,0,400.0,133.0,75.0,150.0,140.0,75.0,Up,Down,50,50,50,40,55.8743961352657,52.10828025477707,58.87378640776699,50.91025641025641,6,nadt5tbu,,,,,0
7,j2qhej8d,,0,587,587,FinalPage,ThankYou,2026-09-14 02:15:07.208423,1,,,833.33,2,,0.0,M_exp_W_no,,,,,,,,,,,0,0,,,467,133,,,,,,,,,,,,,,,,,2,2,"2, 3",2,0.0,0.0,0.0,0.0,0.0,0,0,0,1,0,2,0.0,0.0,0,0,400.0,133.0,75.0,150.0,140.0,75.0,Up,Down,50,50,50,40,55.8743961352657,52.10828025477707,58.87378640776699,50.91025641025641,6,nadt5tbu,,,,,0
8,nt0omp7o,,0,587,587,FinalPage,ThankYou,2026-09-14 02:15:07.220244,1,,,611.11,3,,0.0,M_exp_W_no,,,,,,,,,,,0,0,,,370,155,,,,,,,,,,,,,,,,,2,2,"2, 3",2,0.0,0.0,0.0,0.0,0.0,0,0,0,-1,1,2,0.0,0.0,0,0,400.0,133.0,75.0,150.0,140.0,75.0,Up,Down,50,50,50,40,55.8743961352657,52.10828025477707,58.87378640776699,50.91025641025641,6,nadt5tbu,,,,,0
9,3vy48gux,,0,587,587,FinalPage,ThankYou,2026-09-14 02:15:07.391021,1,,,333.33,4,,0.0,M_exp_W_no,,,,,,,,,,,0,0,,,470,130,,,,,,,,,,,,,,,,,2,2,"2, 3",2,0.0,0.0,0.0,0.0,0.0,0,0,0,1,-1,2,0.0,0.0,0,0,400.0,133.0,75.0,150.0,140.0,75.0,Up,Down,50,50,50,40,55.8743961352657,52.10828025477707,58.87378640776699,50.91025641025641,6,nadt5tbu,,,,,0
10,zzkx5xsm,,0,587,587,FinalPage,ThankYou,2026-09-14 02:15:07.400171,1,,,1000.0,5,,0.0,M_exp_W_no,,,,,,,,,,,0,0,,,400,100,,,,,,,,,,,,,,,,,2,2,"2, 3",2,0.0,0.0,0.0,0.0,0.0,0,0,0,0,-1,2,0.0,0.0,0,0,400.0,133.0,75.0,150.0,140.0,75.0,Up,Down,50,50,50,40,55.8743961352657,52.10828025477707,58.87378640776699,50.91025641025641,6,nadt5tbu,,,,,0
11,qd0f31id,,0,587,587,FinalPage,ThankYou,2026-09-14 02:15:07.489316,1,,,944.44,1,,0.0,M_exp_W_no,,,,,,,,,,,0,0,,,310,201,,,,,,,,,,,,,,,,,2,2,"2, 3",2,0.0,0.0,0.0,0.0,0.0,0,0,0,0,-1,3,0.0,0.0,1,0,310.0,203.0,150.0,150.0,140.0,170.0,Up,Up,50,50,70,40,55.8743961352657,52.10828025477707,58.87378640776699,50.91025641025641,6,nadt5tbu,,,,,0
12,gllc2565,,0,587,587,FinalPage,ThankYou,2026-09-14 02:15:07.586847,1,,,888.89,2,,0.0,M_exp_W_no,,,,,,,,,,,0,0,,,312,203,,,,,,,,,,,,,,,,,2,2,"2, 3",2,0.0,0.0,0.0,0.0,0.0,0,0,0,1,0,3,0.0,0.0,1,0,310.0,203.0,150.0,150.0,140.0,170.0,Up,Up,50,50,70,40,55.8743961352657,52.10828025477707,58.87378640776699,50.91025641025641,6,nadt5tbu,,,,,0
13,k6q3olvt,,0,587,587,FinalPage,ThankYou,2026-09-14 02:15:07.617482,1,,,666.67,3,,0.0,M_exp_W_no,,,,,,,,,,,0,0,,,300,255,,,,,,,,,,,,,,,,,2,2,"2, 3",2,0.0,0.0,0.0,0.0,0.0,0,0,0,-1,1,3,0.0,0.0,1,0,310.0,203.0,150.0,150.0,140.0,170.0,Up,Up,50,50,70,40,55.8743961352657,52.10828025477707,58.87378640776699,50.91025641025641,6,nadt5tbu,,,,,0
14,h7g9h66e,,0,587,587,FinalPage,ThankYou,2026-09-14 02:15:07.684465,1,,,1055.56,4,,0.0,M_exp_W_no,,,,,,,,,,,0,0,,,310,287,,,,,,,,,,,,,,,,,2,2,"2, 3",2,0.0,0.0,0.0,0.0,0.0,0,0,0,1,1,3,0.0,0.0,1,0,310.0,203.0,150.0,150.0,140.0,170.0,Up,Up,50,50,70,40,55.8743961352657,52.10828025477707,58.87378640776699,50.91025641025641,6,nadt5tbu,,,,,0
15,ch700ni6,,0,587,587,FinalPage,ThankYou,2026-09-14 02:15:07.757463,1,,,1166.67,5,,0.0,M_exp_W_no,,,,,,,,,,,0,0,,,120,115,,,,,,,,,,,,,,,,,2,2,"2, 3",2,0.0,0.0,0.0,0.0,0.0,0,0,0,-1,-1,3,0.0,0.0,1,0,310.0,203.0,150.0,150.0,140.0,170.0,Up,Up,50,50,70,40,55.8743961352657,52.10828025477707,58.87378640776699,50.91025641025641,6,nadt5tbu,,,,,0
16,5doee2qb,,0,587,587,FinalPage,ThankYou,2026-09-14 02:15:07.895834,1,,,1000.0,1,,0.0,M_exp_W_no,,,,,,,,,,,0,0,,,200,105,,,,,,,,,,,,,,,,,2,2,"2, 3",2,0.0,0.0,0.0,0.0,0.0,0,0,0,0,1,4,0.0,0.0,1,0,200.0,101.0,150.0,120.0,150.0,200.0,Up,Up,50,20,100,50,55.8743961352657,52.10828025477707,58.87378640776699,50.91025641025641,6,nadt5tbu,,,,,0
17,fjk39fjv,,0,587,587,FinalPage,ThankYou,2026-09-14 02:15:08.036259,1,,,944.44,2,,0.0,M_exp_W_no,,,,,,,,,,,0,0,,,170,85,,,,,,,,,,,,,,,,,2,2,"2, 3",2,0.0,0.0,0.0,0.0,0.0,0,0,0,-1,-1,4,0.0,0.0,1,0,200.0,101.0,150.0,120.0,150.0,200.0,Up,Up,50,20,100,50,55.8743961352657,52.10828025477707,58.87378640776699,50.91025641025641,6,nadt5tbu,,,,,0
18,uv9wmkop,,0,587,587,FinalPage,ThankYou,2026-09-14 02:15:08.071998,1,,,1055.56,3,,0.0,M_exp_W_no,,,,,,,,,,,0,0,,,201,101,,,,,,,,,,,,,,,,,2,2,"2, 3",2,0.0,0.0,0.0,0.0,0.0,0,0,0,1,0,4,0.0,0.0,1,0,200.0,101.0,150.0,120.0,150.0,200.0,Up,Up,50,20,100,50,55.8743961352657,52.10828025477707,58.87378640776699,50.91025641025641,6,nadt5tbu,,,,,0
19,tdb9pvu4,,0,587,587,FinalPage,ThankYou,2026-09-14 02:15:08.116238,1,,,1333.33,4,,0.0,M_exp_W_no,,,,,,,,,,,0,0,,,125,115,,,,,,,,,,,,,,,,,2,2,"2, 3",2,0.0,0.0,0.0,0.0,0.0,0,0,0,-1,1,4,0.0,0.0,1,0,200.0,101.0,150.0,120.0,150.0,200.0,Up,Up,50,20,100,50,55.8743961352657,52.10828025477707,58.87378640776699,50.91025641025641,6,nadt5tbu,,,,,0
20,vlzegfsh,,0,587,587,FinalPage,ThankYou,2026-09-14 02:15:08.476802,1,,,1055.56,5,,0.0,M_exp_W_no,,,,,,,,,,,0,0,,,201,90,,,,,,,,,,,,,,,,,2,2,"2, 3",2,0.0,0.0,0.0,0.0,0.0,0,0,0,1,-1,4,0.0,0.0,1,0,200.0,101.0,150.0,120.0,150.0,200.0,Up,Up,50,20,100,50,55.8743961352657,52.10828025477707,58.87378640776699,50.91025641025641,6,nadt5tbu,,,,,0
21,vijmhlvg,,0,587,587,FinalPage,ThankYou,2026-09-14 02:15:39.856834,1,,,722.22,1,,0.0,M_exp_W_no,,,,,,,,,,,0,0,,,369,116,,,,,,,,,,,,,,,,,2,2,"2, 3",2,0.0,0.0,0.0,0.0,0.0,0,0,0,1,0,5,0.0,0.0,0,1,364.0,116.0,140.0,200.0,150.0,200.0,Up,Up,40,100,50,100,55.8743961352657,52.10828025477707,58.87378640776699,50.91025641025641,6,nadt5tbu,,,,,0
22,8e240a8t,,0,587,587,FinalPage,ThankYou,2026-09-14 02:15:40.077595,1,,,1555.56,2,,0.0,M_exp_W_no,,,,,,,,,,,0,0,,,200,150,,,,,,,,,,,,,,,,,2,2,"2, 3",2,0.0,0.0,0.0,0.0,0.0,0,0,0,-1,1,5,0.0,0.0,0,1,364.0,116.0,140.0,200.0,150.0,200.0,Up,Up,40,100,50,100,55.8743961352657,52.10828025477707,58.87378640776699,50.91025641025641,6,nadt5tbu,,,,,0
23,djq10sre,,0,587,587,FinalPage,ThankYou,2026-09-14 02:15:41.471659,1,,,1444.44,3,,0.0,M_exp_W_no,,,,,,,,,,,0,0,,,118,110,,,,,,,,,,,,,,,,,2,2,"2, 3",2,0.0,0.0,0.0,0.0,0.0,0,0,0,-1,-1,5,0.0,0.0,0,1,364.0,116.0,140.0,200.0,150.0,200.0,Up,Up,40,100,50,100,55.8743961352657,52.10828025477707,58.87378640776699,50.91025641025641,6,nadt5tbu,,,,,0
24,1rm0kasi,,0,587,587,FinalPage,ThankYou,2026-09-14 02:15:41.530653,1,,,833.33,4,,0.0,M_exp_W_no,,,,,,,,,,,0,0,,,364,120,,,,,,,,,,,,,,,,,2,2,"2, 3",2,0.0,0.0,0.0,0.0,0.0,0,0,0,0,1,5,0.0,0.0,0,1,364.0,116.0,140.0,200.0,150.0,200.0,Up,Up,40,100,50,100,55.8743961352657,52.10828025477707,58.87378640776699,50.91025641025641,6,nadt5tbu,,,,,0
25,5ddpdjuo,,0,587,587,FinalPage,ThankYou,2026-09-14 02:15:41.539007,1,,,833.33,5,,0.0,M_exp_W_no,,,,,,,,,,,0,0,,,370,114,,,,,,,,,,,,,,,,,2,2,"2, 3",2,0.0,0.0,0.0,0.0,0.0,0,0,0,1,-1,5,0.0,0.0,0,1,364.0,116.0,140.0,200.0,150.0,200.0,Up,Up,40,100,50,100,55.8743961352657,52.10828025477707,58.87378640776699,50.91025641025641,6,nadt5tbu,,,,,0
1,2vm7punw,,0,587,587,FinalPage,ThankYou,2026-09-14 02:15:05.747324,1,,,0.0,1,,0.0,M_exp_W_no,,,,,,,,,,,0,0,,,10,120,,,,,,,,,,,,,,,,,2,2,"2, 3",2,0.0,0.0,0.0,0.0,0.0,0,0,0,-1,1,1,0.0,0.0,1,1,230.0,110.0,75.0,150.0,75.0,120.0,Down,Up,50,50,50,20,55.8743961352657,52.10828025477707,58.87378640776699,50.91025641025641,7,nadt5tbu,,,,,0
2,wfmrxna9,,0,587,587,FinalPage,ThankYou,2026-09-14 02:15:06.802245,1,,,444.44,2,,0.0,M_exp_W_no,,,,,,,,,,,0,0,,,230,105,,,,,,,,,,,,,,,,,2,2,"2, 3",2,0.0,0.0,0.0,0.0,0.0,0,0,0,-1,-1,1,0.0,0.0,1,1,230.0,110.0,75.0,150.0,75.0,120.0,Down,Up,50,50,50,20,55.8743961352657,52.10828025477707,58.87378640776699,50.91025641025641,7,nadt5tbu,,,,,0
3,s57od4iz,,0,587,587,FinalPage,ThankYou,2026-09-14 02:15:06.853467,1,,,444.44,3,,0.0,M_exp_W_no,,,,,,,,,,,0,0,,,230,100,,,,,,,,,,,,,,,,,2,2,"2, 3",2,0.0,0.0,0.0,0.0,0.0,0,0,0,0,-1,1,0.0,0.0,1,1,230.0,110.0,75.0,150.0,75.0,120.0,Down,Up,50,50,50,20,55.8743961352657,52.10828025477707,58.87378640776699,50.91025641025641,7,nadt5tbu,,,,,0
4,sem2q323,,0,587,587,FinalPage,ThankYou,2026-09-14 02:15:06.992089,1,,,666.67,4,,0.0,M_exp_W_no,,,,,,,,,,,0,0,,,245,110,,,,,,,,,,,,,,,,,2,2,"2, 3",2,0.0,0.0,0.0,0.0,0.0,0,0,0,1,0,1,0.0,0.0,1,1,230.0,110.0,75.0,150.0,75.0,120.0,Down,Up,50,50,50,20,55.8743961352657,52.10828025477707,58.87378640776699,50.91025641025641,7,nadt5tbu,,,,,0
5,pmhhauc6,,0,587,587,FinalPage,ThankYou,2026-09-14 02:15:07.029668,1,,,1333.33,5,,0.0,M_exp_W_no,,,,,,,,,,,0,0,,,260,120,,,,,,,,,,,,,,,,,2,2,"2, 3",2,0.0,0.0,0.0,0.0,0.0,0,0,0,1,1,1,0.0,0.0,1,1,230.0,110.0,75.0,150.0,75.0,120.0,Down,Up,50,50,50,20,55.8743961352657,52.10828025477707,58.87378640776699,50.91025641025641,7,nadt5tbu,,,,,0
6,bc7n6071,,0,587,587,FinalPage,ThankYou,2026-09-14 02:15:07.064006,1,,,777.78,1,,0.0,M_exp_W_no,,,,,,,,,,,0,0,,,100,200,,,,,,,,,,,,,,,,,2,2,"2, 3",2,0.0,0.0,0.0,0.0,0.0,0,0,0,-1,1,2,0.0,0.0,0,0,410.0,140.0,75.0,150.0,140.0,75.0,Up,Down,50,50,50,40,55.8743961352657,52.10828025477707,58.87378640776699,50.91025641025641,7,nadt5tbu,,,,,0
7,j2qhej8d,,0,587,587,FinalPage,ThankYou,2026-09-14 02:15:07.208423,1,,,833.33,2,,0.0,M_exp_W_no,,,,,,,,,,,0,0,,,411,125,,,,,,,,,,,,,,,,,2,2,"2, 3",2,0.0,0.0,0.0,0.0,0.0,0,0,0,1,-1,2,0.0,0.0,0,0,410.0,140.0,75.0,150.0,140.0,75.0,Up,Down,50,50,50,40,55.8743961352657,52.10828025477707,58.87378640776699,50.91025641025641,7,nadt5tbu,,,,,0
8,nt0omp7o,,0,587,587,FinalPage,ThankYou,2026-09-14 02:15:07.220244,1,,,611.11,3,,0.0,M_exp_W_no,,,,,,,,,,,0,0,,,399,140,,,,,,,,,,,,,,,,,2,2,"2, 3",2,0.0,0.0,0.0,0.0,0.0,0,0,0,-1,0,2,0.0,0.0,0,0,410.0,140.0,75.0,150.0,140.0,75.0,Up,Down,50,50,50,40,55.8743961352657,52.10828025477707,58.87378640776699,50.91025641025641,7,nadt5tbu,,,,,0
9,3vy48gux,,0,587,587,FinalPage,ThankYou,2026-09-14 02:15:07.391021,1,,,333.33,4,,0.0,M_exp_W_no,,,,,,,,,,,0,0,,,475,125,,,,,,,,,,,,,,,,,2,2,"2, 3",2,0.0,0.0,0.0,0.0,0.0,0,0,0,1,-1,2,0.0,0.0,0,0,410.0,140.0,75.0,150.0,140.0,75.0,Up,Down,50,50,50,40,55.8743961352657,52.10828025477707,58.87378640776699,50.91025641025641,7,nadt5tbu,,,,,0
10,zzkx5xsm,,0,587,587,FinalPage,ThankYou,2026-09-14 02:15:07.400171,1,,,1000.0,5,,0.0,M_exp_W_no,,,,,,,,,,,0,0,,,410,150,,,,,,,,,,,,,,,,,2,2,"2, 3",2,0.0,0.0,0.0,0.0,0.0,0,0,0,0,1,2,0.0,0.0,0,0,410.0,140.0,75.0,150.0,140.0,75.0,Up,Down,50,50,50,40,55.8743961352657,52.10828025477707,58.87378640776699,50.91025641025641,7,nadt5tbu,,,,,0
11,qd0f31id,,0,587,587,FinalPage,ThankYou,2026-09-14 02:15:07.489316,1,,,944.44,1,,0.0,M_exp_W_no,,,,,,,,,,,0,0,,,310,210,,,,,,,,,,,,,,,,,2,2,"2, 3",2,0.0,0.0,0.0,0.0,0.0,0,0,0,1,0,3,0.0,0.0,1,0,310.0,210.0,150.0,150.0,140.0,170.0,Up,Up,50,50,70,40,55.8743961352657,52.10828025477707,58.87378640776699,50.91025641025641,7,nadt5tbu,,,,,0
12,gllc2565,,0,587,587,FinalPage,ThankYou,2026-09-14 02:15:07.586847,1,,,888.89,2,,0.0,M_exp_W_no,,,,,,,,,,,0,0,,,311,211,,,,,,,,,,,,,,,,,2,2,"2, 3",2,0.0,0.0,0.0,0.0,0.0,0,0,0,1,1,3,0.0,0.0,1,0,310.0,210.0,150.0,150.0,140.0,170.0,Up,Up,50,50,70,40,55.8743961352657,52.10828025477707,58.87378640776699,50.91025641025641,7,nadt5tbu,,,,,0
13,k6q3olvt,,0,587,587,FinalPage,ThankYou,2026-09-14 02:15:07.617482,1,,,666.67,3,,0.0,M_exp_W_no,,,,,,,,,,,0,0,,,310,210,,,,,,,,,,,,,,,,,2,2,"2, 3",2,0.0,0.0,0.0,0.0,0.0,0,0,0,0,1,3,0.0,0.0,1,0,310.0,210.0,150.0,150.0,140.0,170.0,Up,Up,50,50,70,40,55.8743961352657,52.10828025477707,58.87378640776699,50.91025641025641,7,nadt5tbu,,,,,0
14,h7g9h66e,,0,587,587,FinalPage,ThankYou,2026-09-14 02:15:07.684465,1,,,1055.56,4,,0.0,M_exp_W_no,,,,,,,,,,,0,0,,,310,200,,,,,,,,,,,,,,,,,2,2,"2, 3",2,0.0,0.0,0.0,0.0,0.0,0,0,0,-1,-1,3,0.0,0.0,1,0,310.0,210.0,150.0,150.0,140.0,170.0,Up,Up,50,50,70,40,55.8743961352657,52.10828025477707,58.87378640776699,50.91025641025641,7,nadt5tbu,,,,,0
15,ch700ni6,,0,587,587,FinalPage,ThankYou,2026-09-14 02:15:07.757463,1,,,1166.67,5,,0.0,M_exp_W_no,,,,,,,,,,,0,0,,,120,115,,,,,,,,,,,,,,,,,2,2,"2, 3",2,0.0,0.0,0.0,0.0,0.0,0,0,0,-1,-1,3,0.0,0.0,1,0,310.0,210.0,150.0,150.0,140.0,170.0,Up,Up,50,50,70,40,55.8743961352657,52.10828025477707,58.87378640776699,50.91025641025641,7,nadt5tbu,,,,,0
16,5doee2qb,,0,587,587,FinalPage,ThankYou,2026-09-14 02:15:07.895834,1,,,1000.0,1,,0.0,M_exp_W_no,,,,,,,,,,,0,0,,,210,80,,,,,,,,,,,,,,,,,2,2,"2, 3",2,0.0,0.0,0.0,0.0,0.0,0,0,0,1,-1,4,0.0,0.0,1,0,201.0,90.0,150.0,120.0,150.0,200.0,Up,Up,50,20,100,50,55.8743961352657,52.10828025477707,58.87378640776699,50.91025641025641,7,nadt5tbu,,,,,0
17,fjk39fjv,,0,587,587,FinalPage,ThankYou,2026-09-14 02:15:08.036259,1,,,944.44,2,,0.0,M_exp_W_no,,,,,,,,,,,0,0,,,175,90,,,,,,,,,,,,,,,,,2,2,"2, 3",2,0.0,0.0,0.0,0.0,0.0,0,0,0,-1,-1,4,0.0,0.0,1,0,201.0,90.0,150.0,120.0,150.0,200.0,Up,Up,50,20,100,50,55.8743961352657,52.10828025477707,58.87378640776699,50.91025641025641,7,nadt5tbu,,,,,0
18,uv9wmkop,,0,587,587,FinalPage,ThankYou,2026-09-14 02:15:08.071998,1,,,1055.56,3,,0.0,M_exp_W_no,,,,,,,,,,,0,0,,,201,102,,,,,,,,,,,,,,,,,2,2,"2, 3",2,0.0,0.0,0.0,0.0,0.0,0,0,0,0,1,4,0.0,0.0,1,0,201.0,90.0,150.0,120.0,150.0,200.0,Up,Up,50,20,100,50,55.8743961352657,52.10828025477707,58.87378640776699,50.91025641025641,7,nadt5tbu,,,,,0
19,tdb9pvu4,,0,587,587,FinalPage,ThankYou,2026-09-14 02:15:08.116238,1,,,1333.33,4,,0.0,M_exp_W_no,,,,,,,,,,,0,0,,,125,115,,,,,,,,,,,,,,,,,2,2,"2, 3",2,0.0,0.0,0.0,0.0,0.0,0,0,0,-1,1,4,0.0,0.0,1,0,201.0,90.0,150.0,120.0,150.0,200.0,Up,Up,50,20,100,50,55.8743961352657,52.10828025477707,58.87378640776699,50.91025641025641,7,nadt5tbu,,,,,0
20,vlzegfsh,,0,587,587,FinalPage,ThankYou,2026-09-14 02:15:08.476802,1,,,1055.56,5,,0.0,M_exp_W_no,,,,,,,,,,,0,0,,,215,90,,,,,,,,,,,,,,,,,2,2,"2, 3",2,0.0,0.0,0.0,0.0,0.0,0,0,0,1,0,4,0.0,0.0,1,0,201.0,90.0,150.0,120.0,150.0,200.0,Up,Up,50,20,100,50,55.8743961352657,52.10828025477707,58.87378640776699,50.91025641025641,7,nadt5tbu,,,,,0
21,vijmhlvg,,0,587,587,FinalPage,ThankYou,2026-09-14 02:15:39.856834,1,,,722.22,1,,0.0,M_exp_W_no,,,,,,,,,,,0,0,,,369,119,,,,,,,,,,,,,,,,,2,2,"2, 3",2,0.0,0.0,0.0,0.0,0.0,0,0,0,1,1,5,0.0,0.0,0,1,367.0,117.0,140.0,200.0,150.0,200.0,Up,Up,40,100,50,100,55.8743961352657,52.10828025477707,58.87378640776699,50.91025641025641,7,nadt5tbu,,,,,0
22,8e240a8t,,0,587,587,FinalPage,ThankYou,2026-09-14 02:15:40.077595,1,,,1555.56,2,,0.0,M_exp_W_no,,,,,,,,,,,0,0,,,260,150,,,,,,,,,,,,,,,,,2,2,"2, 3",2,0.0,0.0,0.0,0.0,0.0,0,0,0,-1,1,5,0.0,0.0,0,1,367.0,117.0,140.0,200.0,150.0,200.0,Up,Up,40,100,50,100,55.8743961352657,52.10828025477707,58.87378640776699,50.91025641025641,7,nadt5tbu,,,,,0
23,djq10sre,,0,587,587,FinalPage,ThankYou,2026-09-14 02:15:41.471659,1,,,1444.44,3,,0.0,M_exp_W_no,,,,,,,,,,,0,0,,,118,110,,,,,,,,,,,,,,,,,2,2,"2, 3",2,0.0,0.0,0.0,0.0,0.0,0,0,0,-1,-1,5,0.0,0.0,0,1,367.0,117.0,140.0,200.0,150.0,200.0,Up,Up,40,100,50,100,55.8743961352657,52.10828025477707,58.87378640776699,50.91025641025641,7,nadt5tbu,,,,,0
24,1rm0kasi,,0,587,587,FinalPage,ThankYou,2026-09-14 02:15:41.530653,1,,,833.33,4,,0.0,M_exp_W_no,,,,,,,,,,,0,0,,,367,113,,,,,,,,,,,,,,,,,2,2,"2, 3",2,0.0,0.0,0.0,0.0,0.0,0,0,0,0,-1,5,0.0,0.0,0,1,367.0,117.0,140.0,200.0,150.0,200.0,Up,Up,40,100,50,100,55.8743961352657,52.10828025477707,58.87378640776699,50.91025641025641,7,nadt5tbu,,,,,0
25,5ddpdjuo,,0,587,587,FinalPage,ThankYou,2026-09-14 02:15:41.539007,1,,,833.33,5,,0.0,M_exp_W_no,,,,,,,,,,,0,0,,,367,117,,,,,,,,,,,,,,,,,2,2,"2, 3",2,0.0,0.0,0.0,0.0,0.0,0,0,0,1,0,5,0.0,0.0,0,1,367.0,117.0,140.0,200.0,150.0,200.0,Up,Up,40,100,50,100,55.8743961352657,52.10828025477707,58.87378640776699,50.91025641025641,7,nadt5tbu,,,,,0
1,2vm7punw,,0,587,587,FinalPage,ThankYou,2026-09-14 02:15:05.747324,1,,,0.0,1,,0.0,M_exp_W_no,,,,,,,,,,,0,0,,,10,115,,,,,,,,,,,,,,,,,2,2,"2, 3",2,0.0,0.0,0.0,0.0,0.0,0,0,0,-1,1,1,0.0,0.0,1,1,230.0,110.0,75.0,150.0,75.0,120.0,Down,Up,50,50,50,20,55.8743961352657,52.10828025477707,58.87378640776699,50.91025641025641,8,nadt5tbu,,,,,0
2,wfmrxna9,,0,587,587,FinalPage,ThankYou,2026-09-14 02:15:06.802245,1,,,444.44,2,,0.0,M_exp_W_no,,,,,,,,,,,0,0,,,230,105,,,,,,,,,,,,,,,,,2,2,"2, 3",2,0.0,0.0,0.0,0.0,0.0,0,0,0,0,-1,1,0.0,0.0,1,1,230.0,110.0,75.0,150.0,75.0,120.0,Down,Up,50,50,50,20,55.8743961352657,52.10828025477707,58.87378640776699,50.91025641025641,8,nadt5tbu,,,,,0
3,s57od4iz,,0,587,587,FinalPage,ThankYou,2026-09-14 02:15:06.853467,1,,,444.44,3,,0.0,M_exp_W_no,,,,,,,,,,,0,0,,,220,90,,,,,,,,,,,,,,,,,2,2,"2, 3",2,0.0,0.0,0.0,0.0,0.0,0,0,0,-1,-1,1,0.0,0.0,1,1,230.0,110.0,75.0,150.0,75.0,120.0,Down,Up,50,50,50,20,55.8743961352657,52.10828025477707,58.87378640776699,50.91025641025641,8,nadt5tbu,,,,,0
4,sem2q323,,0,587,587,FinalPage,ThankYou,2026-09-14 02:15:06.992089,1,,,666.67,4,,0.0,M_exp_W_no,,,,,,,,,,,0,0,,,230,110,,,,,,,,,,,,,,,,,2,2,"2, 3",2,0.0,0.0,0.0,0.0,0.0,0,0,0,1,0,1,0.0,0.0,1,1,230.0,110.0,75.0,150.0,75.0,120.0,Down,Up,50,50,50,20,55.8743961352657,52.10828025477707,58.87378640776699,50.91025641025641,8,nadt5tbu,,,,,0
5,pmhhauc6,,0,587,587,FinalPage,ThankYou,2026-09-14 02:15:07.029668,1,,,1333.33,5,,0.0,M_exp_W_no,,,,,,,,,,,0,0,,,240,111,,,,,,,,,,,,,,,,,2,2,"2, 3",2,0.0,0.0,0.0,0.0,0.0,0,0,0,1,1,1,0.0,0.0,1,1,230.0,110.0,75.0,150.0,75.0,120.0,Down,Up,50,50,50,20,55.8743961352657,52.10828025477707,58.87378640776699,50.91025641025641,8,nadt5tbu,,,,,0
6,bc7n6071,,0,587,587,FinalPage,ThankYou,2026-09-14 02:15:07.064006,1,,,777.78,1,,0.0,M_exp_W_no,,,,,,,,,,,0,0,,,500,100,,,,,,,,,,,,,,,,,2,2,"2, 3",2,0.0,0.0,0.0,0.0,0.0,0,0,0,1,-1,2,0.0,0.0,0,0,421.0,130.0,75.0,150.0,140.0,75.0,Up,Down,50,50,50,40,55.8743961352657,52.10828025477707,58.87378640776699,50.91025641025641,8,nadt5tbu,,,,,0
7,j2qhej8d,,0,587,587,FinalPage,ThankYou,2026-09-14 02:15:07.208423,1,,,833.33,2,,0.0,M_exp_W_no,,,,,,,,,,,0,0,,,421,129,,,,,,,,,,,,,,,,,2,2,"2, 3",2,0.0,0.0,0.0,0.0,0.0,0,0,0,0,-1,2,0.0,0.0,0,0,421.0,130.0,75.0,150.0,140.0,75.0,Up,Down,50,50,50,40,55.8743961352657,52.10828025477707,58.87378640776699,50.91025641025641,8,nadt5tbu,,,,,0
8,nt0omp7o,,0,587,587,FinalPage,ThankYou,2026-09-14 02:15:07.220244,1,,,611.11,3,,0.0,M_exp_W_no,,,,,,,,,,,0,0,,,400,141,,,,,,,,,,,,,,,,,2,2,"2, 3",2,0.0,0.0,0.0,0.0,0.0,0,0,0,-1,1,2,0.0,0.0,0,0,421.0,130.0,75.0,150.0,140.0,75.0,Up,Down,50,50,50,40,55.8743961352657,52.10828025477707,58.87378640776699,50.91025641025641,8,nadt5tbu,,,,,0
9,3vy48gux,,0,587,587,FinalPage,ThankYou,2026-09-14 02:15:07.391021,1,,,333.33,4,,0.0,M_exp_W_no,,,,,,,,,,,0,0,,,470,130,,,,,,,,,,,,,,,,,2,2,"2, 3",2,0.0,0.0,0.0,0.0,0.0,0,0,0,1,0,2,0.0,0.0,0,0,421.0,130.0,75.0,150.0,140.0,75.0,Up,Down,50,50,50,40,55.8743961352657,52.10828025477707,58.87378640776699,50.91025641025641,8,nadt5tbu,,,,,0
10,zzkx5xsm,,0,587,587,FinalPage,ThankYou,2026-09-14 02:15:07.400171,1,,,1000.0,5,,0.0,M_exp_W_no,,,,,,,,,,,0,0,,,411,150,,,,,,,,,,,,,,,,,2,2,"2, 3",2,0.0,0.0,0.0,0.0,0.0,0,0,0,-1,1,2,0.0,0.0,0,0,421.0,130.0,75.0,150.0,140.0,75.0,Up,Down,50,50,50,40,55.8743961352657,52.10828025477707,58.87378640776699,50.91025641025641,8,nadt5tbu,,,,,0
11,qd0f31id,,0,587,587,FinalPage,ThankYou,2026-09-14 02:15:07.489316,1,,,944.44,1,,0.0,M_exp_W_no,,,,,,,,,,,0,0,,,310,215,,,,,,,,,,,,,,,,,2,2,"2, 3",2,0.0,0.0,0.0,0.0,0.0,0,0,0,0,1,3,0.0,0.0,1,0,310.0,215.0,150.0,150.0,140.0,170.0,Up,Up,50,50,70,40,55.8743961352657,52.10828025477707,58.87378640776699,50.91025641025641,8,nadt5tbu,,,,,0
12,gllc2565,,0,587,587,FinalPage,ThankYou,2026-09-14 02:15:07.586847,1,,,888.89,2,,0.0,M_exp_W_no,,,,,,,,,,,0,0,,,310,216,,,,,,,,,,,,,,,,,2,2,"2, 3",2,0.0,0.0,0.0,0.0,0.0,0,0,0,1,1,3,0.0,0.0,1,0,310.0,215.0,150.0,150.0,140.0,170.0,Up,Up,50,50,70,40,55.8743961352657,52.10828025477707,58.87378640776699,50.91025641025641,8,nadt5tbu,,,,,0
13,k6q3olvt,,0,587,587,FinalPage,ThankYou,2026-09-14 02:15:07.617482,1,,,666.67,3,,0.0,M_exp_W_no,,,,,,,,,,,0,0,,,315,215,,,,,,,,,,,,,,,,,2,2,"2, 3",2,0.0,0.0,0.0,0.0,0.0,0,0,0,1,0,3,0.0,0.0,1,0,310.0,215.0,150.0,150.0,140.0,170.0,Up,Up,50,50,70,40,55.8743961352657,52.10828025477707,58.87378640776699,50.91025641025641,8,nadt5tbu,,,,,0
14,h7g9h66e,,0,587,587,FinalPage,ThankYou,2026-09-14 02:15:07.684465,1,,,1055.56,4,,0.0,M_exp_W_no,,,,,,,,,,,0,0,,,305,200,,,,,,,,,,,,,,,,,2,2,"2, 3",2,0.0,0.0,0.0,0.0,0.0,0,0,0,-1,-1,3,0.0,0.0,1,0,310.0,215.0,150.0,150.0,140.0,170.0,Up,Up,50,50,70,40,55.8743961352657,52.10828025477707,58.87378640776699,50.91025641025641,8,nadt5tbu,,,,,0
15,ch700ni6,,0,587,587,FinalPage,ThankYou,2026-09-14 02:15:07.757463,1,,,1166.67,5,,0.0,M_exp_W_no,,,,,,,,,,,0,0,,,120,115,,,,,,,,,,,,,,,,,2,2,"2, 3",2,0.0,0.0,0.0,0.0,0.0,0,0,0,-1,-1,3,0.0,0.0,1,0,310.0,215.0,150.0,150.0,140.0,170.0,Up,Up,50,50,70,40,55.8743961352657,52.10828025477707,58.87378640776699,50.91025641025641,8,nadt5tbu,,,,,0
16,5doee2qb,,0,587,587,FinalPage,ThankYou,2026-09-14 02:15:07.895834,1,,,1000.0,1,,0.0,M_exp_W_no,,,,,,,,,,,0,0,,,210,88,,,,,,,,,,,,,,,,,2,2,"2, 3",2,0.0,0.0,0.0,0.0,0.0,0,0,0,1,-1,4,0.0,0.0,1,0,203.0,91.0,150.0,120.0,150.0,200.0,Up,Up,50,20,100,50,55.8743961352657,52.10828025477707,58.87378640776699,50.91025641025641,8,nadt5tbu,,,,,0
17,fjk39fjv,,0,587,587,FinalPage,ThankYou,2026-09-14 02:15:08.036259,1,,,944.44,2,,0.0,M_exp_W_no,,,,,,,,,,,0,0,,,170,70,,,,,,,,,,,,,,,,,2,2,"2, 3",2,0.0,0.0,0.0,0.0,0.0,0,0,0,-1,-1,4,0.0,0.0,1,0,203.0,91.0,150.0,120.0,150.0,200.0,Up,Up,50,20,100,50,55.8743961352657,52.10828025477707,58.87378640776699,50.91025641025641,8,nadt5tbu,,,,,0
18,uv9wmkop,,0,587,587,FinalPage,ThankYou,2026-09-14 02:15:08.071998,1,,,1055.56,3,,0.0,M_exp_W_no,,,,,,,,,,,0,0,,,203,100,,,,,,,,,,,,,,,,,2,2,"2, 3",2,0.0,0.0,0.0,0.0,0.0,0,0,0,0,1,4,0.0,0.0,1,0,203.0,91.0,150.0,120.0,150.0,200.0,Up,Up,50,20,100,50,55.8743961352657,52.10828025477707,58.87378640776699,50.91025641025641,8,nadt5tbu,,,,,0
19,tdb9pvu4,,0,587,587,FinalPage,ThankYou,2026-09-14 02:15:08.116238,1,,,1333.33,4,,0.0,M_exp_W_no,,,,,,,,,,,0,0,,,125,110,,,,,,,,,,,,,,,,,2,2,"2, 3",2,0.0,0.0,0.0,0.0,0.0,0,0,0,-1,1,4,0.0,0.0,1,0,203.0,91.0,150.0,120.0,150.0,200.0,Up,Up,50,20,100,50,55.8743961352657,52.10828025477707,58.87378640776699,50.91025641025641,8,nadt5tbu,,,,,0
20,vlzegfsh,,0,587,587,FinalPage,ThankYou,2026-09-14 02:15:08.476802,1,,,1055.56,5,,0.0,M_exp_W_no,,,,,,,,,,,0,0,,,205,91,,,,,,,,,,,,,,,,,2,2,"2, 3",2,0.0,0.0,0.0,0.0,0.0,0,0,0,1,0,4,0.0,0.0,1,0,203.0,91.0,150.0,120.0,150.0,200.0,Up,Up,50,20,100,50,55.8743961352657,52.10828025477707,58.87378640776699,50.91025641025641,8,nadt5tbu,,,,,0
21,vijmhlvg,,0,587,587,FinalPage,ThankYou,2026-09-14 02:15:39.856834,1,,,722.22,1,,0.0,M_exp_W_no,,,,,,,,,,,0,0,,,369,119,,,,,,,,,,,,,,,,,2,2,"2, 3",2,0.0,0.0,0.0,0.0,0.0,0,0,0,1,1,5,0.0,0.0,0,1,364.0,119.0,140.0,200.0,150.0,200.0,Up,Up,40,100,50,100,55.8743961352657,52.10828025477707,58.87378640776699,50.91025641025641,8,nadt5tbu,,,,,0
22,8e240a8t,,0,587,587,FinalPage,ThankYou,2026-09-14 02:15:40.077595,1,,,1555.56,2,,0.0,M_exp_W_no,,,,,,,,,,,0,0,,,270,150,,,,,,,,,,,,,,,,,2,2,"2, 3",2,0.0,0.0,0.0,0.0,0.0,0,0,0,-1,1,5,0.0,0.0,0,1,364.0,119.0,140.0,200.0,150.0,200.0,Up,Up,40,100,50,100,55.8743961352657,52.10828025477707,58.87378640776699,50.91025641025641,8,nadt5tbu,,,,,0
23,djq10sre,,0,587,587,FinalPage,ThankYou,2026-09-14 02:15:41.471659,1,,,1444.44,3,,0.0,M_exp_W_no,,,,,,,,,,,0,0,,,118,110,,,,,,,,,,,,,,,,,2,2,"2, 3",2,0.0,0.0,0.0,0.0,0.0,0,0,0,-1,-1,5,0.0,0.0,0,1,364.0,119.0,140.0,200.0,150.0,200.0,Up,Up,40,100,50,100,55.8743961352657,52.10828025477707,58.87378640776699,50.91025641025641,8,nadt5tbu,,,,,0
24,1rm0kasi,,0,587,587,FinalPage,ThankYou,2026-09-14 02:15:41.530653,1,,,833.33,4,,0.0,M_exp_W_no,,,,,,,,,,,0,0,,,364,115,,,,,,,,,,,,,,,,,2,2,"2, 3",2,0.0,0.0,0.0,0.0,0.0,0,0,0,0,-1,5,0.0,0.0,0,1,364.0,119.0,140.0,200.0,150.0,200.0,Up,Up,40,100,50,100,55.8743961352657,52.10828025477707,58.87378640776699,50.91025641025641,8,nadt5tbu,,,,,0
25,5ddpdjuo,,0,587,587,FinalPage,ThankYou,2026-09-14 02:15:41.539007,1,,,833.33,5,,0.0,M_exp_W_no,,,,,,,,,,,0,0,,,369,119,,,,,,,,,,,,,,,,,2,2,"2, 3",2,0.0,0.0,0.0,0.0,0.0,0,0,0,1,0,5,0.0,0.0,0,1,364.0,119.0,140.0,200.0,150.0,200.0,Up,Up,40,100,50,100,55.8743961352657,52.10828025477707,58.87378640776699,50.91025641025641,8,nadt5tbu,,,,,0
1,2vm7punw,,0,587,587,FinalPage,ThankYou,2026-09-14 02:15:05.747324,1,,,0.0,1,,0.0,M_exp_W_no,,,,,,,,,,,0,0,,,10,115,,,,,,,,,,,,,,,,,2,2,"2, 3",2,0.0,0.0,0.0,0.0,0.0,0,0,0,-1,1,1,0.0,0.0,1,1,230.0,110.0,75.0,150.0,75.0,120.0,Down,Up,50,50,50,20,55.8743961352657,52.10828025477707,58.87378640776699,50.91025641025641,9,nadt5tbu,,,,,0
2,wfmrxna9,,0,587,587,FinalPage,ThankYou,2026-09-14 02:15:06.802245,1,,,444.44,2,,0.0,M_exp_W_no,,,,,,,,,,,0,0,,,230,105,,,,,,,,,,,,,,,,,2,2,"2, 3",2,0.0,0.0,0.0,0.0,0.0,0,0,0,0,-1,1,0.0,0.0,1,1,230.0,110.0,75.0,150.0,75.0,120.0,Down,Up,50,50,50,20,55.8743961352657,52.10828025477707,58.87378640776699,50.91025641025641,9,nadt5tbu,,,,,0
3,s57od4iz,,0,587,587,FinalPage,ThankYou,2026-09-14 02:15:06.853467,1,,,444.44,3,,0.0,M_exp_W_no,,,,,,,,,,,0,0,,,231,101,,,,,,,,,,,,,,,,,2,2,"2, 3",2,0.0,0.0,0.0,0.0,0.0,0,0,0,1,-1,1,0.0,0.0,1,1,230.0,110.0,75.0,150.0,75.0,120.0,Down,Up,50,50,50,20,55.8743961352657,52.10828025477707,58.87378640776699,50.91025641025641,9,nadt5tbu,,,,,0
4,sem2q323,,0,587,587,FinalPage,ThankYou,2026-09-14 02:15:06.992089,1,,,666.67,4,,0.0,M_exp_W_no,,,,,,,,,,,0,0,,,230,110,,,,,,,,,,,,,,,,,2,2,"2, 3",2,0.0,0.0,0.0,0.0,0.0,0,0,0,1,0,1,0.0,0.0,1,1,230.0,110.0,75.0,150.0,75.0,120.0,Down,Up,50,50,50,20,55.8743961352657,52.10828025477707,58.87378640776699,50.91025641025641,9,nadt5tbu,,,,,0
5,pmhhauc6,,0,587,587,FinalPage,ThankYou,2026-09-14 02:15:07.029668,1,,,1333.33,5,,0.0,M_exp_W_no,,,,,,,,,,,0,0,,,225,110,,,,,,,,,,,,,,,,,2,2,"2, 3",2,0.0,0.0,0.0,0.0,0.0,0,0,0,-1,1,1,0.0,0.0,1,1,230.0,110.0,75.0,150.0,75.0,120.0,Down,Up,50,50,50,20,55.8743961352657,52.10828025477707,58.87378640776699,50.91025641025641,9,nadt5tbu,,,,,0
6,bc7n6071,,0,587,587,FinalPage,ThankYou,2026-09-14 02:15:07.064006,1,,,777.78,1,,0.0,M_exp_W_no,,,,,,,,,,,0,0,,,200,200,,,,,,,,,,,,,,,,,2,2,"2, 3",2,0.0,0.0,0.0,0.0,0.0,0,0,0,-1,1,2,0.0,0.0,0,0,410.0,150.0,75.0,150.0,140.0,75.0,Up,Down,50,50,50,40,55.8743961352657,52.10828025477707,58.87378640776699,50.91025641025641,9,nadt5tbu,,,,,0
7,j2qhej8d,,0,587,587,FinalPage,ThankYou,2026-09-14 02:15:07.208423,1,,,833.33,2,,0.0,M_exp_W_no,,,,,,,,,,,0,0,,,416,124,,,,,,,,,,,,,,,,,2,2,"2, 3",2,0.0,0.0,0.0,0.0,0.0,0,0,0,1,-1,2,0.0,0.0,0,0,410.0,150.0,75.0,150.0,140.0,75.0,Up,Down,50,50,50,40,55.8743961352657,52.10828025477707,58.87378640776699,50.91025641025641,9,nadt5tbu,,,,,0
8,nt0omp7o,,0,587,587,FinalPage,ThankYou,2026-09-14 02:15:07.220244,1,,,611.11,3,,0.0,M_exp_W_no,,,,,,,,,,,0,0,,,410,135,,,,,,,,,,,,,,,,,2,2,"2, 3",2,0.0,0.0,0.0,0.0,0.0,0,0,0,0,-1,2,0.0,0.0,0,0,410.0,150.0,75.0,150.0,140.0,75.0,Up,Down,50,50,50,40,55.8743961352657,52.10828025477707,58.87378640776699,50.91025641025641,9,nadt5tbu,,,,,0
9,3vy48gux,,0,587,587,FinalPage,ThankYou,2026-09-14 02:15:07.391021,1,,,333.33,4,,0.0,M_exp_W_no,,,,,,,,,,,0,0,,,450,150,,,,,,,,,,,,,,,,,2,2,"2, 3",2,0.0,0.0,0.0,0.0,0.0,0,0,0,1,0,2,0.0,0.0,0,0,410.0,150.0,75.0,150.0,140.0,75.0,Up,Down,50,50,50,40,55.8743961352657,52.10828025477707,58.87378640776699,50.91025641025641,9,nadt5tbu,,,,,0
10,zzkx5xsm,,0,587,587,FinalPage,ThankYou,2026-09-14 02:15:07.400171,1,,,1000.0,5,,0.0,M_exp_W_no,,,,,,,,,,,0,0,,,400,150,,,,,,,,,,,,,,,,,2,2,"2, 3",2,0.0,0.0,0.0,0.0,0.0,0,0,0,-1,1,2,0.0,0.0,0,0,410.0,150.0,75.0,150.0,140.0,75.0,Up,Down,50,50,50,40,55.8743961352657,52.10828025477707,58.87378640776699,50.91025641025641,9,nadt5tbu,,,,,0
11,qd0f31id,,0,587,587,FinalPage,ThankYou,2026-09-14 02:15:07.489316,1,,,944.44,1,,0.0,M_exp_W_no,,,,,,,,,,,0,0,,,310,220,,,,,,,,,,,,,,,,,2,2,"2, 3",2,0.0,0.0,0.0,0.0,0.0,0,0,0,0,1,3,0.0,0.0,1,0,310.0,219.0,150.0,150.0,140.0,170.0,Up,Up,50,50,70,40,55.8743961352657,52.10828025477707,58.87378640776699,50.91025641025641,9,nadt5tbu,,,,,0
12,gllc2565,,0,587,587,FinalPage,ThankYou,2026-09-14 02:15:07.586847,1,,,888.89,2,,0.0,M_exp_W_no,,,,,,,,,,,0,0,,,309,219,,,,,,,,,,,,,,,,,2,2,"2, 3",2,0.0,0.0,0.0,0.0,0.0,0,0,0,-1,0,3,0.0,0.0,1,0,310.0,219.0,150.0,150.0,140.0,170.0,Up,Up,50,50,70,40,55.8743961352657,52.10828025477707,58.87378640776699,50.91025641025641,9,nadt5tbu,,,,,0
13,k6q3olvt,,0,587,587,FinalPage,ThankYou,2026-09-14 02:15:07.617482,1,,,666.67,3,,0.0,M_exp_W_no,,,,,,,,,,,0,0,,,318,235,,,,,,,,,,,,,,,,,2,2,"2, 3",2,0.0,0.0,0.0,0.0,0.0,0,0,0,1,1,3,0.0,0.0,1,0,310.0,219.0,150.0,150.0,140.0,170.0,Up,Up,50,50,70,40,55.8743961352657,52.10828025477707,58.87378640776699,50.91025641025641,9,nadt5tbu,,,,,0
14,h7g9h66e,,0,587,587,FinalPage,ThankYou,2026-09-14 02:15:07.684465,1,,,1055.56,4,,0.0,M_exp_W_no,,,,,,,,,,,0,0,,,320,210,,,,,,,,,,,,,,,,,2,2,"2, 3",2,0.0,0.0,0.0,0.0,0.0,0,0,0,1,-1,3,0.0,0.0,1,0,310.0,219.0,150.0,150.0,140.0,170.0,Up,Up,50,50,70,40,55.8743961352657,52.10828025477707,58.87378640776699,50.91025641025641,9,nadt5tbu,,,,,0
15,ch700ni6,,0,587,587,FinalPage,ThankYou,2026-09-14 02:15:07.757463,1,,,1166.67,5,,0.0,M_exp_W_no,,,,,,,,,,,0,0,,,120,115,,,,,,,,,,,,,,,,,2,2,"2, 3",2,0.0,0.0,0.0,0.0,0.0,0,0,0,-1,-1,3,0.0,0.0,1,0,310.0,219.0,150.0,150.0,140.0,170.0,Up,Up,50,50,70,40,55.8743961352657,52.10828025477707,58.87378640776699,50.91025641025641,9,nadt5tbu,,,,,0
16,5doee2qb,,0,587,587,FinalPage,ThankYou,2026-09-14 02:15:07.895834,1,,,1000.0,1,,0.0,M_exp_W_no,,,,,,,,,,,0,0,,,205,88,,,,,,,,,,,,,,,,,2,2,"2, 3",2,0.0,0.0,0.0,0.0,0.0,0,0,0,0,-1,4,0.0,0.0,1,0,205.0,95.0,150.0,120.0,150.0,200.0,Up,Up,50,20,100,50,55.8743961352657,52.10828025477707,58.87378640776699,50.91025641025641,9,nadt5tbu,,,,,0
17,fjk39fjv,,0,587,587,FinalPage,ThankYou,2026-09-14 02:15:08.036259,1,,,944.44,2,,0.0,M_exp_W_no,,,,,,,,,,,0,0,,,180,70,,,,,,,,,,,,,,,,,2,2,"2, 3",2,0.0,0.0,0.0,0.0,0.0,0,0,0,-1,-1,4,0.0,0.0,1,0,205.0,95.0,150.0,120.0,150.0,200.0,Up,Up,50,20,100,50,55.8743961352657,52.10828025477707,58.87378640776699,50.91025641025641,9,nadt5tbu,,,,,0
18,uv9wmkop,,0,587,587,FinalPage,ThankYou,2026-09-14 02:15:08.071998,1,,,1055.56,3,,0.0,M_exp_W_no,,,,,,,,,,,0,0,,,205,99,,,,,,,,,,,,,,,,,2,2,"2, 3",2,0.0,0.0,0.0,0.0,0.0,0,0,0,1,1,4,0.0,0.0,1,0,205.0,95.0,150.0,120.0,150.0,200.0,Up,Up,50,20,100,50,55.8743961352657,52.10828025477707,58.87378640776699,50.91025641025641,9,nadt5tbu,,,,,0
19,tdb9pvu4,,0,587,587,FinalPage,ThankYou,2026-09-14 02:15:08.116238,1,,,1333.33,4,,0.0,M_exp_W_no,,,,,,,,,,,0,0,,,125,110,,,,,,,,,,,,,,,,,2,2,"2, 3",2,0.0,0.0,0.0,0.0,0.0,0,0,0,-1,1,4,0.0,0.0,1,0,205.0,95.0,150.0,120.0,150.0,200.0,Up,Up,50,20,100,50,55.8743961352657,52.10828025477707,58.87378640776699,50.91025641025641,9,nadt5tbu,,,,,0
20,vlzegfsh,,0,587,587,FinalPage,ThankYou,2026-09-14 02:15:08.476802,1,,,1055.56,5,,0.0,M_exp_W_no,,,,,,,,,,,0,0,,,215,95,,,,,,,,,,,,,,,,,2,2,"2, 3",2,0.0,0.0,0.0,0.0,0.0,0,0,0,1,0,4,0.0,0.0,1,0,205.0,95.0,150.0,120.0,150.0,200.0,Up,Up,50,20,100,50,55.8743961352657,52.10828025477707,58.87378640776699,50.91025641025641,9,nadt5tbu,,,,,0
21,vijmhlvg,,0,587,587,FinalPage,ThankYou,2026-09-14 02:15:39.856834,1,,,722.22,1,,0.0,M_exp_W_no,,,,,,,,,,,0,0,,,369,119,,,,,,,,,,,,,,,,,2,2,"2, 3",2,0.0,0.0,0.0,0.0,0.0,0,0,0,1,0,5,0.0,0.0,0,1,362.0,119.0,140.0,200.0,150.0,200.0,Up,Up,40,100,50,100,55.8743961352657,52.10828025477707,58.87378640776699,50.91025641025641,9,nadt5tbu,,,,,0
22,8e240a8t,,0,587,587,FinalPage,ThankYou,2026-09-14 02:15:40.077595,1,,,1555.56,2,,0.0,M_exp_W_no,,,,,,,,,,,0,0,,,290,150,,,,,,,,,,,,,,,,,2,2,"2, 3",2,0.0,0.0,0.0,0.0,0.0,0,0,0,-1,1,5,0.0,0.0,0,1,362.0,119.0,140.0,200.0,150.0,200.0,Up,Up,40,100,50,100,55.8743961352657,52.10828025477707,58.87378640776699,50.91025641025641,9,nadt5tbu,,,,,0
23,djq10sre,,0,587,587,FinalPage,ThankYou,2026-09-14 02:15:41.471659,1,,,1444.44,3,,0.0,M_exp_W_no,,,,,,,,,,,0,0,,,118,110,,,,,,,,,,,,,,,,,2,2,"2, 3",2,0.0,0.0,0.0,0.0,0.0,0,0,0,-1,-1,5,0.0,0.0,0,1,362.0,119.0,140.0,200.0,150.0,200.0,Up,Up,40,100,50,100,55.8743961352657,52.10828025477707,58.87378640776699,50.91025641025641,9,nadt5tbu,,,,,0
24,1rm0kasi,,0,587,587,FinalPage,ThankYou,2026-09-14 02:15:41.530653,1,,,833.33,4,,0.0,M_exp_W_no,,,,,,,,,,,0,0,,,362,118,,,,,,,,,,,,,,,,,2,2,"2, 3",2,0.0,0.0,0.0,0.0,0.0,0,0,0,0,-1,5,0.0,0.0,0,1,362.0,119.0,140.0,200.0,150.0,200.0,Up,Up,40,100,50,100,55.8743961352657,52.10828025477707,58.87378640776699,50.91025641025641,9,nadt5tbu,,,,,0
25,5ddpdjuo,,0,587,587,FinalPage,ThankYou,2026-09-14 02:15:41.539007,1,,,833.33,5,,0.0,M_exp_W_no,,,,,,,,,,,0,0,,,367,123,,,,,,,,,,,,,,,,,2,2,"2, 3",2,0.0,0.0,0.0,0.0,0.0,0,0,0,1,1,5,0.0,0.0,0,1,362.0,119.0,140.0,200.0,150.0,200.0,Up,Up,40,100,50,100,55.8743961352657,52.10828025477707,58.87378640776699,50.91025641025641,9,nadt5tbu,,,,,0
1,2vm7punw,,0,587,587,FinalPage,ThankYou,2026-09-14 02:15:05.747324,1,,,0.0,1,,0.0,M_exp_W_no,,,,,,,,,,,0,0,,,10,115,,,,,,,,,,,,,,,,,2,2,"2, 3",2,0.0,0.0,0.0,0.0,0.0,0,0,0,-1,1,1,0.0,0.0,1,1,229.0,105.0,75.0,150.0,75.0,120.0,Down,Up,50,50,50,20,55.8743961352657,52.10828025477707,58.87378640776699,50.91025641025641,10,nadt5tbu,,,,,0
2,wfmrxna9,,0,587,587,FinalPage,ThankYou,2026-09-14 02:15:06.802245,1,,,444.44,2,,0.0,M_exp_W_no,,,,,,,,,,,0,0,,,230,105,,,,,,,,,,,,,,,,,2,2,"2, 3",2,0.0,0.0,0.0,0.0,0.0,0,0,0,1,0,1,0.0,0.0,1,1,229.0,105.0,75.0,150.0,75.0,120.0,Down,Up,50,50,50,20,55.8743961352657,52.10828025477707,58.87378640776699,50.91025641025641,10,nadt5tbu,,,,,0
3,s57od4iz,,0,587,587,FinalPage,ThankYou,2026-09-14 02:15:06.853467,1,,,444.44,3,,0.0,M_exp_W_no,,,,,,,,,,,0,0,,,229,99,,,,,,,,,,,,,,,,,2,2,"2, 3",2,0.0,0.0,0.0,0.0,0.0,0,0,0,0,-1,1,0.0,0.0,1,1,229.0,105.0,75.0,150.0,75.0,120.0,Down,Up,50,50,50,20,55.8743961352657,52.10828025477707,58.87378640776699,50.91025641025641,10,nadt5tbu,,,,,0
4,sem2q323,,0,587,587,FinalPage,ThankYou,2026-09-14 02:15:06.992089,1,,,666.67,4,,0.0,M_exp_W_no,,,,,,,,,,,0,0,,,599,1,,,,,,,,,,,,,,,,,2,2,"2, 3",2,0.0,0.0,0.0,0.0,0.0,0,0,0,1,-1,1,0.0,0.0,1,1,229.0,105.0,75.0,150.0,75.0,120.0,Down,Up,50,50,50,20,55.8743961352657,52.10828025477707,58.87378640776699,50.91025641025641,10,nadt5tbu,,,,,0
5,pmhhauc6,,0,587,587,FinalPage,ThankYou,2026-09-14 02:15:07.029668,1,,,1333.33,5,,0.0,M_exp_W_no,,,,,,,,,,,0,0,,,225,110,,,,,,,,,,,,,,,,,2,2,"2, 3",2,0.0,0.0,0.0,0.0,0.0,0,0,0,-1,1,1,0.0,0.0,1,1,229.0,105.0,75.0,150.0,75.0,120.0,Down,Up,50,50,50,20,55.8743961352657,52.10828025477707,58.87378640776699,50.91025641025641,10,nadt5tbu,,,,,0
6,bc7n6071,,0,587,587,FinalPage,ThankYou,2026-09-14 02:15:07.064006,1,,,777.78,1,,0.0,M_exp_W_no,,,,,,,,,,,0,0,,,100,100,,,,,,,,,,,,,,,,,2,2,"2, 3",2,0.0,0.0,0.0,0.0,0.0,0,0,0,-1,-1,2,0.0,0.0,0,0,400.0,150.0,75.0,150.0,140.0,75.0,Up,Down,50,50,50,40,55.8743961352657,52.10828025477707,58.87378640776699,50.91025641025641,10,nadt5tbu,,,,,0
7,j2qhej8d,,0,587,587,FinalPage,ThankYou,2026-09-14 02:15:07.208423,1,,,833.33,2,,0.0,M_exp_W_no,,,,,,,,,,,0,0,,,421,149,,,,,,,,,,,,,,,,,2,2,"2, 3",2,0.0,0.0,0.0,0.0,0.0,0,0,0,1,-1,2,0.0,0.0,0,0,400.0,150.0,75.0,150.0,140.0,75.0,Up,Down,50,50,50,40,55.8743961352657,52.10828025477707,58.87378640776699,50.91025641025641,10,nadt5tbu,,,,,0
8,nt0omp7o,,0,587,587,FinalPage,ThankYou,2026-09-14 02:15:07.220244,1,,,611.11,3,,0.0,M_exp_W_no,,,,,,,,,,,0,0,,,400,155,,,,,,,,,,,,,,,,,2,2,"2, 3",2,0.0,0.0,0.0,0.0,0.0,0,0,0,0,1,2,0.0,0.0,0,0,400.0,150.0,75.0,150.0,140.0,75.0,Up,Down,50,50,50,40,55.8743961352657,52.10828025477707,58.87378640776699,50.91025641025641,10,nadt5tbu,,,,,0
9,3vy48gux,,0,587,587,FinalPage,ThankYou,2026-09-14 02:15:07.391021,1,,,333.33,4,,0.0,M_exp_W_no,,,,,,,,,,,0,0,,,400,200,,,,,,,,,,,,,,,,,2,2,"2, 3",2,0.0,0.0,0.0,0.0,0.0,0,0,0,1,1,2,0.0,0.0,0,0,400.0,150.0,75.0,150.0,140.0,75.0,Up,Down,50,50,50,40,55.8743961352657,52.10828025477707,58.87378640776699,50.91025641025641,10,nadt5tbu,,,,,0
10,zzkx5xsm,,0,587,587,FinalPage,ThankYou,2026-09-14 02:15:07.400171,1,,,1000.0,5,,0.0,M_exp_W_no,,,,,,,,,,,0,0,,,300,150,,,,,,,,,,,,,,,,,2,2,"2, 3",2,0.0,0.0,0.0,0.0,0.0,0,0,0,-1,0,2,0.0,0.0,0,0,400.0,150.0,75.0,150.0,140.0,75.0,Up,Down,50,50,50,40,55.8743961352657,52.10828025477707,58.87378640776699,50.91025641025641,10,nadt5tbu,,,,,0
11,qd0f31id,,0,587,587,FinalPage,ThankYou,2026-09-14 02:15:07.489316,1,,,944.44,1,,0.0,M_exp_W_no,,,,,,,,,,,0,0,,,310,225,,,,,,,,,,,,,,,,,2,2,"2, 3",2,0.0,0.0,0.0,0.0,0.0,0,0,0,0,1,3,0.0,0.0,1,0,310.0,222.0,150.0,150.0,140.0,170.0,Up,Up,50,50,70,40,55.8743961352657,52.10828025477707,58.87378640776699,50.91025641025641,10,nadt5tbu,,,,,0
12,gllc2565,,0,587,587,FinalPage,ThankYou,2026-09-14 02:15:07.586847,1,,,888.89,2,,0.0,M_exp_W_no,,,,,,,,,,,0,0,,,310,222,,,,,,,,,,,,,,,,,2,2,"2, 3",2,0.0,0.0,0.0,0.0,0.0,0,0,0,-1,0,3,0.0,0.0,1,0,310.0,222.0,150.0,150.0,140.0,170.0,Up,Up,50,50,70,40,55.8743961352657,52.10828025477707,58.87378640776699,50.91025641025641,10,nadt5tbu,,,,,0
13,k6q3olvt,,0,587,587,FinalPage,ThankYou,2026-09-14 02:15:07.617482,1,,,666.67,3,,0.0,M_exp_W_no,,,,,,,,,,,0,0,,,320,240,,,,,,,,,,,,,,,,,2,2,"2, 3",2,0.0,0.0,0.0,0.0,0.0,0,0,0,1,1,3,0.0,0.0,1,0,310.0,222.0,150.0,150.0,140.0,170.0,Up,Up,50,50,70,40,55.8743961352657,52.10828025477707,58.87378640776699,50.91025641025641,10,nadt5tbu,,,,,0
14,h7g9h66e,,0,587,587,FinalPage,ThankYou,2026-09-14 02:15:07.684465,1,,,1055.56,4,,0.0,M_exp_W_no,,,,,,,,,,,0,0,,,312,218,,,,,,,,,,,,,,,,,2,2,"2, 3",2,0.0,0.0,0.0,0.0,0.0,0,0,0,1,-1,3,0.0,0.0,1,0,310.0,222.0,150.0,150.0,140.0,170.0,Up,Up,50,50,70,40,55.8743961352657,52.10828025477707,58.87378640776699,50.91025641025641,10,nadt5tbu,,,,,0
15,ch700ni6,,0,587,587,FinalPage,ThankYou,2026-09-14 02:15:07.757463,1,,,1166.67,5,,0.0,M_exp_W_no,,,,,,,,,,,0,0,,,125,115,,,,,,,,,,,,,,,,,2,2,"2, 3",2,0.0,0.0,0.0,0.0,0.0,0,0,0,-1,-1,3,0.0,0.0,1,0,310.0,222.0,150.0,150.0,140.0,170.0,Up,Up,50,50,70,40,55.8743961352657,52.10828025477707,58.87378640776699,50.91025641025641,10,nadt5tbu,,,,,0
16,5doee2qb,,0,587,587,FinalPage,ThankYou,2026-09-14 02:15:07.895834,1,,,1000.0,1,,0.0,M_exp_W_no,,,,,,,,,,,0,0,,,220,100,,,,,,,,,,,,,,,,,2,2,"2, 3",2,0.0,0.0,0.0,0.0,0.0,0,0,0,1,0,4,0.0,0.0,1,0,206.0,100.0,150.0,120.0,150.0,200.0,Up,Up,50,20,100,50,55.8743961352657,52.10828025477707,58.87378640776699,50.91025641025641,10,nadt5tbu,,,,,0
17,fjk39fjv,,0,587,587,FinalPage,ThankYou,2026-09-14 02:15:08.036259,1,,,944.44,2,,0.0,M_exp_W_no,,,,,,,,,,,0,0,,,190,90,,,,,,,,,,,,,,,,,2,2,"2, 3",2,0.0,0.0,0.0,0.0,0.0,0,0,0,-1,-1,4,0.0,0.0,1,0,206.0,100.0,150.0,120.0,150.0,200.0,Up,Up,50,20,100,50,55.8743961352657,52.10828025477707,58.87378640776699,50.91025641025641,10,nadt5tbu,,,,,0
18,uv9wmkop,,0,587,587,FinalPage,ThankYou,2026-09-14 02:15:08.071998,1,,,1055.56,3,,0.0,M_exp_W_no,,,,,,,,,,,0,0,,,206,99,,,,,,,,,,,,,,,,,2,2,"2, 3",2,0.0,0.0,0.0,0.0,0.0,0,0,0,0,-1,4,0.0,0.0,1,0,206.0,100.0,150.0,120.0,150.0,200.0,Up,Up,50,20,100,50,55.8743961352657,52.10828025477707,58.87378640776699,50.91025641025641,10,nadt5tbu,,,,,0
19,tdb9pvu4,,0,587,587,FinalPage,ThankYou,2026-09-14 02:15:08.116238,1,,,1333.33,4,,0.0,M_exp_W_no,,,,,,,,,,,0,0,,,125,110,,,,,,,,,,,,,,,,,2,2,"2, 3",2,0.0,0.0,0.0,0.0,0.0,0,0,0,-1,1,4,0.0,0.0,1,0,206.0,100.0,150.0,120.0,150.0,200.0,Up,Up,50,20,100,50,55.8743961352657,52.10828025477707,58.87378640776699,50.91025641025641,10,nadt5tbu,,,,,0
20,vlzegfsh,,0,587,587,FinalPage,ThankYou,2026-09-14 02:15:08.476802,1,,,1055.56,5,,0.0,M_exp_W_no,,,,,,,,,,,0,0,,,225,101,,,,,,,,,,,,,,,,,2,2,"2, 3",2,0.0,0.0,0.0,0.0,0.0,0,0,0,1,1,4,0.0,0.0,1,0,206.0,100.0,150.0,120.0,150.0,200.0,Up,Up,50,20,100,50,55.8743961352657,52.10828025477707,58.87378640776699,50.91025641025641,10,nadt5tbu,,,,,0
21,vijmhlvg,,0,587,587,FinalPage,ThankYou,2026-09-14 02:15:39.856834,1,,,722.22,1,,0.0,M_exp_W_no,,,,,,,,,,,0,0,,,365,117,,,,,,,,,,,,,,,,,2,2,"2, 3",2,0.0,0.0,0.0,0.0,0.0,0,0,0,1,-1,5,0.0,0.0,0,1,350.0,120.0,140.0,200.0,150.0,200.0,Up,Up,40,100,50,100,55.8743961352657,52.10828025477707,58.87378640776699,50.91025641025641,10,nadt5tbu,,,,,0
22,8e240a8t,,0,587,587,FinalPage,ThankYou,2026-09-14 02:15:40.077595,1,,,1555.56,2,,0.0,M_exp_W_no,,,,,,,,,,,0,0,,,296,140,,,,,,,,,,,,,,,,,2,2,"2, 3",2,0.0,0.0,0.0,0.0,0.0,0,0,0,-1,1,5,0.0,0.0,0,1,350.0,120.0,140.0,200.0,150.0,200.0,Up,Up,40,100,50,100,55.8743961352657,52.10828025477707,58.87378640776699,50.91025641025641,10,nadt5tbu,,,,,0
23,djq10sre,,0,587,587,FinalPage,ThankYou,2026-09-14 02:15:41.471659,1,,,1444.44,3,,0.0,M_exp_W_no,,,,,,,,,,,0,0,,,118,110,,,,,,,,,,,,,,,,,2,2,"2, 3",2,0.0,0.0,0.0,0.0,0.0,0,0,0,-1,-1,5,0.0,0.0,0,1,350.0,120.0,140.0,200.0,150.0,200.0,Up,Up,40,100,50,100,55.8743961352657,52.10828025477707,58.87378640776699,50.91025641025641,10,nadt5tbu,,,,,0
24,1rm0kasi,,0,587,587,FinalPage,ThankYou,2026-09-14 02:15:41.530653,1,,,833.33,4,,0.0,M_exp_W_no,,,,,,,,,,,0,0,,,350,120,,,,,,,,,,,,,,,,,2,2,"2, 3",2,0.0,0.0,0.0,0.0,0.0,0,0,0,0,0,5,0.0,0.0,0,1,350.0,120.0,140.0,200.0,150.0,200.0,Up,Up,40,100,50,100,55.8743961352657,52.10828025477707,58.87378640776699,50.91025641025641,10,nadt5tbu,,,,,0
25,5ddpdjuo,,0,587,587,FinalPage,ThankYou,2026-09-14 02:15:41.539007,1,,,833.33,5,,0.0,M_exp_W_no,,,,,,,,,,,0,0,,,364,121,,,,,,,,,,,,,,,,,2,2,"2, 3",2,0.0,0.0,0.0,0.0,0.0,0,0,0,1,1,5,0.0,0.0,0,1,350.0,120.0,140.0,200.0,150.0,200.0,Up,Up,40,100,50,100,55.8743961352657,52.10828025477707,58.87378640776699,50.91025641025641,10,nadt5tbu,,,,,0
1,2vm7punw,,0,587,587,FinalPage,ThankYou,2026-09-14 02:15:05.747324,1,,,0.0,1,,0.0,M_exp_W_no,,,,,40,,,,,,0,0,300,50,,,,,,,,,,,100,200.0,100,200.0,100,200.0,100,200.0,2,2,"2, 3",2,0.0,0.0,0.0,0.0,0.0,0,0,0,0,0,1,300.0,50.0,1,1,0.0,0.0,75.0,150.0,75.0,120.0,Down,Up,50,50,50,20,55.8743961352657,52.10828025477707,58.87378640776699,50.91025641025641,11,nadt5tbu,,,,,0
2,wfmrxna9,,0,587,587,FinalPage,ThankYou,2026-09-14 02:15:06.802245,1,,,444.44,2,,0.0,M_exp_W_no,,,,,0,,,,,,0,0,599,1,,,,,,,,,,,100,250.0,100,250.0,100,100.0,100,100.0,2,2,"2, 3",2,0.0,0.0,0.0,0.0,0.0,0,1,-1,0,0,1,300.0,50.0,1,1,0.0,0.0,75.0,150.0,75.0,120.0,Down,Up,50,50,50,20,55.8743961352657,52.10828025477707,58.87378640776699,50.91025641025641,11,nadt5tbu,,,,,0
3,s57od4iz,,0,587,587,FinalPage,ThankYou,2026-09-14 02:15:06.853467,1,,,444.44,3,,0.0,M_exp_W_no,,,,,30,,,,,,0,0,221,95,,,,,,,,,,,100,241.0,120,250.0,50,101.0,40,90.0,2,2,"2, 3",2,0.0,0.0,0.0,0.0,0.0,0,-1,1,0,0,1,300.0,50.0,1,1,0.0,0.0,75.0,150.0,75.0,120.0,Down,Up,50,50,50,20,55.8743961352657,52.10828025477707,58.87378640776699,50.91025641025641,11,nadt5tbu,,,,,0
4,sem2q323,,0,587,587,FinalPage,ThankYou,2026-09-14 02:15:06.992089,1,,,666.67,4,,0.0,M_exp_W_no,,,,,5,,,,,,0,0,599,1,,,,,,,,,,,200,600.0,100,600.0,10,1.0,25,100.0,2,2,"2, 3",2,0.0,0.0,0.0,0.0,0.0,0,1,-1,0,0,1,300.0,50.0,1,1,0.0,0.0,75.0,150.0,75.0,120.0,Down,Up,50,50,50,20,55.8743961352657,52.10828025477707,58.87378640776699,50.91025641025641,11,nadt5tbu,,,,,0
5,pmhhauc6,,0,587,587,FinalPage,ThankYou,2026-09-14 02:15:07.029668,1,,,1333.33,5,,0.0,M_exp_W_no,,,,,55,,,,,,0,0,210,105,,,,,,,,,,,120,300.0,100,200.0,100,120.0,100,120.0,2,2,"2, 3",2,0.0,0.0,0.0,0.0,0.0,0,-1,1,0,0,1,300.0,50.0,1,1,0.0,0.0,75.0,150.0,75.0,120.0,Down,Up,50,50,50,20,55.8743961352657,52.10828025477707,58.87378640776699,50.91025641025641,11,nadt5tbu,,,,,0
6,bc7n6071,,0,587,587,FinalPage,ThankYou,2026-09-14 02:15:07.064006,1,,,777.78,1,,0.0,M_exp_W_no,,,,,65,,,,,,0,0,100,100,,,,,,,,,,,50,150.0,50,150.0,150,350.0,150,375.0,2,2,"2, 3",2,0.0,0.0,0.0,0.0,0.0,0,-1,-1,0,0,2,134.0,300.0,0,0,0.0,0.0,75.0,150.0,140.0,75.0,Up,Down,50,50,50,40,55.8743961352657,52.10828025477707,58.87378640776699,50.91025641025641,11,nadt5tbu,,,,,0
7,j2qhej8d,,0,587,587,FinalPage,ThankYou,2026-09-14 02:15:07.208423,1,,,833.33,2,,0.0,M_exp_W_no,,,,,67,,,,,,0,0,134,401,,,,,,,,,,,50,136.0,50,140.0,150,401.0,150,400.0,2,2,"2, 3",2,0.0,0.0,0.0,0.0,0.0,0,0,1,0,0,2,134.0,300.0,0,0,0.0,0.0,75.0,150.0,140.0,75.0,Up,Down,50,50,50,40,55.8743961352657,52.10828025477707,58.87378640776699,50.91025641025641,11,nadt5tbu,,,,,0
8,nt0omp7o,,0,587,587,FinalPage,ThankYou,2026-09-14 02:15:07.220244,1,,,611.11,3,,0.0,M_exp_W_no,,,,,70,,,,,,0,0,150,300,,,,,,,,,,,30,140.0,50,150.0,70,420.0,150,410.0,2,2,"2, 3",2,0.0,0.0,0.0,0.0,0.0,0,1,0,0,0,2,134.0,300.0,0,0,0.0,0.0,75.0,150.0,140.0,75.0,Up,Down,50,50,50,40,55.8743961352657,52.10828025477707,58.87378640776699,50.91025641025641,11,nadt5tbu,,,,,0
9,3vy48gux,,0,587,587,FinalPage,ThankYou,2026-09-14 02:15:07.391021,1,,,333.33,4,,0.0,M_exp_W_no,,,,,65,,,,,,0,0,300,300,,,,,,,,,,,20,150.0,10,130.0,80,450.0,90,470.0,2,2,"2, 3",2,0.0,0.0,0.0,0.0,0.0,0,1,1,0,0,2,134.0,300.0,0,0,0.0,0.0,75.0,150.0,140.0,75.0,Up,Down,50,50,50,40,55.8743961352657,52.10828025477707,58.87378640776699,50.91025641025641,11,nadt5tbu,,,,,0
10,zzkx5xsm,,0,587,587,FinalPage,ThankYou,2026-09-14 02:15:07.400171,1,,,1000.0,5,,0.0,M_exp_W_no,,,,,67,,,,,,0,0,100,300,,,,,,,,,,,150,150.0,150,150.0,150,350.0,200,400.0,2,2,"2, 3",2,0.0,0.0,0.0,0.0,0.0,0,-1,-1,0,0,2,134.0,300.0,0,0,0.0,0.0,75.0,150.0,140.0,75.0,Up,Down,50,50,50,40,55.8743961352657,52.10828025477707,58.87378640776699,50.91025641025641,11,nadt5tbu,,,,,0
11,qd0f31id,,0,587,587,FinalPage,ThankYou,2026-09-14 02:15:07.489316,1,,,944.44,1,,0.0,M_exp_W_no,,,,,66,,,,,,0,0,180,290,,,,,,,,,,,60,180.0,40,180.0,90,290.0,120,300.0,2,2,"2, 3",2,0.0,0.0,0.0,0.0,0.0,0,1,-1,0,0,3,151.0,300.0,1,0,0.0,0.0,150.0,150.0,140.0,170.0,Up,Up,50,50,70,40,55.8743961352657,52.10828025477707,58.87378640776699,50.91025641025641,11,nadt5tbu,,,,,0
12,gllc2565,,0,587,587,FinalPage,ThankYou,2026-09-14 02:15:07.586847,1,,,888.89,2,,0.0,M_exp_W_no,,,,,100,,,,,,0,0,150,300,,,,,,,,,,,50,155.0,50,200.0,155,400.0,150,400.0,2,2,"2, 3",2,0.0,0.0,0.0,0.0,0.0,0,-1,0,0,0,3,151.0,300.0,1,0,0.0,0.0,150.0,150.0,140.0,170.0,Up,Up,50,50,70,40,55.8743961352657,52.10828025477707,58.87378640776699,50.91025641025641,11,nadt5tbu,,,,,0
13,k6q3olvt,,0,587,587,FinalPage,ThankYou,2026-09-14 02:15:07.617482,1,,,666.67,3,,0.0,M_exp_W_no,,,,,60,,,,,,0,0,151,449,,,,,,,,,,,150,400.0,100,400.0,150,500.0,180,500.0,2,2,"2, 3",2,0.0,0.0,0.0,0.0,0.0,0,0,1,0,0,3,151.0,300.0,1,0,0.0,0.0,150.0,150.0,140.0,170.0,Up,Up,50,50,70,40,55.8743961352657,52.10828025477707,58.87378640776699,50.91025641025641,11,nadt5tbu,,,,,0
14,h7g9h66e,,0,587,587,FinalPage,ThankYou,2026-09-14 02:15:07.684465,1,,,1055.56,4,,0.0,M_exp_W_no,,,,,68,,,,,,0,0,210,300,,,,,,,,,,,60,250.0,100,280.0,140,450.0,99,420.0,2,2,"2, 3",2,0.0,0.0,0.0,0.0,0.0,0,1,1,0,0,3,151.0,300.0,1,0,0.0,0.0,150.0,150.0,140.0,170.0,Up,Up,50,50,70,40,55.8743961352657,52.10828025477707,58.87378640776699,50.91025641025641,11,nadt5tbu,,,,,0
15,ch700ni6,,0,587,587,FinalPage,ThankYou,2026-09-14 02:15:07.757463,1,,,1166.67,5,,0.0,M_exp_W_no,,,,,55,,,,,,0,0,115,120,,,,,,,,,,,70,195.0,180,210.0,85,300.0,200,350.0,2,2,"2, 3",2,0.0,0.0,0.0,0.0,0.0,0,-1,-1,0,0,3,151.0,300.0,1,0,0.0,0.0,150.0,150.0,140.0,170.0,Up,Up,50,50,70,40,55.8743961352657,52.10828025477707,58.87378640776699,50.91025641025641,11,nadt5tbu,,,,,0
16,5doee2qb,,0,587,587,FinalPage,ThankYou,2026-09-14 02:15:07.895834,1,,,1000.0,1,,0.0,M_exp_W_no,,,,,90,,,,,,0,0,100,350,,,,,,,,,,,50,150.0,50,100.0,120,480.0,140,500.0,2,2,"2, 3",2,0.0,0.0,0.0,0.0,0.0,0,-1,1,0,0,4,110.0,250.0,1,0,0.0,0.0,150.0,120.0,150.0,200.0,Up,Up,50,20,100,50,55.8743961352657,52.10828025477707,58.87378640776699,50.91025641025641,11,nadt5tbu,,,,,0
17,fjk39fjv,,0,587,587,FinalPage,ThankYou,2026-09-14 02:15:08.036259,1,,,944.44,2,,0.0,M_exp_W_no,,,,,70,,,,,,0,0,50,200,,,,,,,,,,,50,150.0,50,150.0,100,300.0,100,300.0,2,2,"2, 3",2,0.0,0.0,0.0,0.0,0.0,0,-1,-1,0,0,4,110.0,250.0,1,0,0.0,0.0,150.0,120.0,150.0,200.0,Up,Up,50,20,100,50,55.8743961352657,52.10828025477707,58.87378640776699,50.91025641025641,11,nadt5tbu,,,,,0
18,uv9wmkop,,0,587,587,FinalPage,ThankYou,2026-09-14 02:15:08.071998,1,,,1055.56,3,,0.0,M_exp_W_no,,,,,33,,,,,,0,0,150,250,,,,,,,,,,,150,200.0,50,100.0,30,100.0,150,200.0,2,2,"2, 3",2,0.0,0.0,0.0,0.0,0.0,0,1,0,0,0,4,110.0,250.0,1,0,0.0,0.0,150.0,120.0,150.0,200.0,Up,Up,50,20,100,50,55.8743961352657,52.10828025477707,58.87378640776699,50.91025641025641,11,nadt5tbu,,,,,0
19,tdb9pvu4,,0,587,587,FinalPage,ThankYou,2026-09-14 02:15:08.116238,1,,,1333.33,4,,0.0,M_exp_W_no,,,,,75,,,,,,0,0,110,125,,,,,,,,,,,50,100.0,50,100.0,150,175.0,150,175.0,2,2,"2, 3",2,0.0,0.0,0.0,0.0,0.0,0,0,-1,0,0,4,110.0,250.0,1,0,0.0,0.0,150.0,120.0,150.0,200.0,Up,Up,50,20,100,50,55.8743961352657,52.10828025477707,58.87378640776699,50.91025641025641,11,nadt5tbu,,,,,0
20,vlzegfsh,,0,587,587,FinalPage,ThankYou,2026-09-14 02:15:08.476802,1,,,1055.56,5,,0.0,M_exp_W_no,,,,,75,,,,,,0,0,151,301,,,,,,,,,,,85,250.0,50,300.0,50,105.0,100,110.0,2,2,"2, 3",2,0.0,0.0,0.0,0.0,0.0,0,1,1,0,0,4,110.0,250.0,1,0,0.0,0.0,150.0,120.0,150.0,200.0,Up,Up,50,20,100,50,55.8743961352657,52.10828025477707,58.87378640776699,50.91025641025641,11,nadt5tbu,,,,,0
21,vijmhlvg,,0,587,587,FinalPage,ThankYou,2026-09-14 02:15:39.856834,1,,,722.22,1,,0.0,M_exp_W_no,,,,,0,,,,,,0,0,355,110,,,,,,,,,,,120,120.0,127,120.0,80,360.0,92,360.0,2,2,"2, 3",2,0.0,0.0,0.0,0.0,0.0,0,1,-1,0,0,5,349.0,110.0,0,1,0.0,0.0,140.0,200.0,150.0,200.0,Up,Up,40,100,50,100,55.8743961352657,52.10828025477707,58.87378640776699,50.91025641025641,11,nadt5tbu,,,,,0
22,8e240a8t,,0,587,587,FinalPage,ThankYou,2026-09-14 02:15:40.077595,1,,,1555.56,2,,0.0,M_exp_W_no,,,,,20,,,,,,0,0,300,150,,,,,,,,,,,50,130.0,30,100.0,180,250.0,185,250.0,2,2,"2, 3",2,0.0,0.0,0.0,0.0,0.0,0,-1,1,0,0,5,349.0,110.0,0,1,0.0,0.0,140.0,200.0,150.0,200.0,Up,Up,40,100,50,100,55.8743961352657,52.10828025477707,58.87378640776699,50.91025641025641,11,nadt5tbu,,,,,0
23,djq10sre,,0,587,587,FinalPage,ThankYou,2026-09-14 02:15:41.471659,1,,,1444.44,3,,0.0,M_exp_W_no,,,,,44,,,,,,0,0,118,110,,,,,,,,,,,78,190.0,93,250.0,68,175.0,85,200.0,2,2,"2, 3",2,0.0,0.0,0.0,0.0,0.0,0,-1,0,0,0,5,349.0,110.0,0,1,0.0,0.0,140.0,200.0,150.0,200.0,Up,Up,40,100,50,100,55.8743961352657,52.10828025477707,58.87378640776699,50.91025641025641,11,nadt5tbu,,,,,0
24,1rm0kasi,,0,587,587,FinalPage,ThankYou,2026-09-14 02:15:41.530653,1,,,833.33,4,,0.0,M_exp_W_no,,,,,63,,,,,,0,0,349,107,,,,,,,,,,,120,367.0,120,367.0,80,116.0,80,120.0,2,2,"2, 3",2,0.0,0.0,0.0,0.0,0.0,0,0,-1,0,0,5,349.0,110.0,0,1,0.0,0.0,140.0,200.0,150.0,200.0,Up,Up,40,100,50,100,55.8743961352657,52.10828025477707,58.87378640776699,50.91025641025641,11,nadt5tbu,,,,,0
25,5ddpdjuo,,0,587,587,FinalPage,ThankYou,2026-09-14 02:15:41.539007,1,,,833.33,5,,0.0,M_exp_W_no,,,,,25,,,,,,0,0,377,118,,,,,,,,,,,150,372.0,150,372.0,40,115.0,40,115.0,2,2,"2, 3",2,0.0,0.0,0.0,0.0,0.0,0,1,1,0,0,5,349.0,110.0,0,1,0.0,0.0,140.0,200.0,150.0,200.0,Up,Up,40,100,50,100,55.8743961352657,52.10828025477707,58.87378640776699,50.91025641025641,11,nadt5tbu,,,,,0
1,2vm7punw,,0,587,587,FinalPage,ThankYou,2026-09-14 02:15:05.747324,1,,,0.0,1,,0.0,M_exp_W_no,,,,,,,,,,,0,0,310,40,,,,,,,,,,,,,,,,,,,2,2,"2, 3",2,0.0,0.0,0.0,0.0,0.0,0,1,-1,0,0,1,301.0,50.0,1,1,0.0,0.0,75.0,150.0,75.0,120.0,Down,Up,50,50,50,20,55.8743961352657,52.10828025477707,58.87378640776699,50.91025641025641,12,nadt5tbu,,,,,0
2,wfmrxna9,,0,587,587,FinalPage,ThankYou,2026-09-14 02:15:06.802245,1,,,444.44,2,,0.0,M_exp_W_no,,,,,,,,,,,0,0,1,599,,,,,,,,,,,,,,,,,,,2,2,"2, 3",2,0.0,0.0,0.0,0.0,0.0,0,-1,1,0,0,1,301.0,50.0,1,1,0.0,0.0,75.0,150.0,75.0,120.0,Down,Up,50,50,50,20,55.8743961352657,52.10828025477707,58.87378640776699,50.91025641025641,12,nadt5tbu,,,,,0
3,s57od4iz,,0,587,587,FinalPage,ThankYou,2026-09-14 02:15:06.853467,1,,,444.44,3,,0.0,M_exp_W_no,,,,,,,,,,,0,0,301,49,,,,,,,,,,,,,,,,,,,2,2,"2, 3",2,0.0,0.0,0.0,0.0,0.0,0,0,-1,0,0,1,301.0,50.0,1,1,0.0,0.0,75.0,150.0,75.0,120.0,Down,Up,50,50,50,20,55.8743961352657,52.10828025477707,58.87378640776699,50.91025641025641,12,nadt5tbu,,,,,0
4,sem2q323,,0,587,587,FinalPage,ThankYou,2026-09-14 02:15:06.992089,1,,,666.67,4,,0.0,M_exp_W_no,,,,,,,,,,,0,0,315,50,,,,,,,,,,,,,,,,,,,2,2,"2, 3",2,0.0,0.0,0.0,0.0,0.0,0,1,0,0,0,1,301.0,50.0,1,1,0.0,0.0,75.0,150.0,75.0,120.0,Down,Up,50,50,50,20,55.8743961352657,52.10828025477707,58.87378640776699,50.91025641025641,12,nadt5tbu,,,,,0
5,pmhhauc6,,0,587,587,FinalPage,ThankYou,2026-09-14 02:15:07.029668,1,,,1333.33,5,,0.0,M_exp_W_no,,,,,,,,,,,0,0,295,55,,,,,,,,,,,,,,,,,,,2,2,"2, 3",2,0.0,0.0,0.0,0.0,0.0,0,-1,1,0,0,1,301.0,50.0,1,1,0.0,0.0,75.0,150.0,75.0,120.0,Down,Up,50,50,50,20,55.8743961352657,52.10828025477707,58.87378640776699,50.91025641025641,12,nadt5tbu,,,,,0
6,bc7n6071,,0,587,587,FinalPage,ThankYou,2026-09-14 02:15:07.064006,1,,,777.78,1,,0.0,M_exp_W_no,,,,,,,,,,,0,0,200,400,,,,,,,,,,,,,,,,,,,2,2,"2, 3",2,0.0,0.0,0.0,0.0,0.0,0,1,1,0,0,2,150.0,350.0,0,0,0.0,0.0,75.0,150.0,140.0,75.0,Up,Down,50,50,50,40,55.8743961352657,52.10828025477707,58.87378640776699,50.91025641025641,12,nadt5tbu,,,,,0
7,j2qhej8d,,0,587,587,FinalPage,ThankYou,2026-09-14 02:15:07.208423,1,,,833.33,2,,0.0,M_exp_W_no,,,,,,,,,,,0,0,134,367,,,,,,,,,,,,,,,,,,,2,2,"2, 3",2,0.0,0.0,0.0,0.0,0.0,0,-1,1,0,0,2,150.0,350.0,0,0,0.0,0.0,75.0,150.0,140.0,75.0,Up,Down,50,50,50,40,55.8743961352657,52.10828025477707,58.87378640776699,50.91025641025641,12,nadt5tbu,,,,,0
8,nt0omp7o,,0,587,587,FinalPage,ThankYou,2026-09-14 02:15:07.220244,1,,,611.11,3,,0.0,M_exp_W_no,,,,,,,,,,,0,0,135,310,,,,,,,,,,,,,,,,,,,2,2,"2, 3",2,0.0,0.0,0.0,0.0,0.0,0,-1,-1,0,0,2,150.0,350.0,0,0,0.0,0.0,75.0,150.0,140.0,75.0,Up,Down,50,50,50,40,55.8743961352657,52.10828025477707,58.87378640776699,50.91025641025641,12,nadt5tbu,,,,,0
9,3vy48gux,,0,587,587,FinalPage,ThankYou,2026-09-14 02:15:07.391021,1,,,333.33,4,,0.0,M_exp_W_no,,,,,,,,,,,0,0,250,350,,,,,,,,,,,,,,,,,,,2,2,"2, 3",2,0.0,0.0,0.0,0.0,0.0,0,1,0,0,0,2,150.0,350.0,0,0,0.0,0.0,75.0,150.0,140.0,75.0,Up,Down,50,50,50,40,55.8743961352657,52.10828025477707,58.87378640776699,50.91025641025641,12,nadt5tbu,,,,,0
10,zzkx5xsm,,0,587,587,FinalPage,ThankYou,2026-09-14 02:15:07.400171,1,,,1000.0,5,,0.0,M_exp_W_no,,,,,,,,,,,0,0,150,301,,,,,,,,,,,,,,,,,,,2,2,"2, 3",2,0.0,0.0,0.0,0.0,0.0,0,0,-1,0,0,2,150.0,350.0,0,0,0.0,0.0,75.0,150.0,140.0,75.0,Up,Down,50,50,50,40,55.8743961352657,52.10828025477707,58.87378640776699,50.91025641025641,12,nadt5tbu,,,,,0
11,qd0f31id,,0,587,587,FinalPage,ThankYou,2026-09-14 02:15:07.489316,1,,,944.44,1,,0.0,M_exp_W_no,,,,,,,,,,,0,0,162,306,,,,,,,,,,,,,,,,,,,2,2,"2, 3",2,0.0,0.0,0.0,0.0,0.0,0,1,1,0,0,3,155.0,300.0,1,0,0.0,0.0,150.0,150.0,140.0,170.0,Up,Up,50,50,70,40,55.8743961352657,52.10828025477707,58.87378640776699,50.91025641025641,12,nadt5tbu,,,,,0
12,gllc2565,,0,587,587,FinalPage,ThankYou,2026-09-14 02:15:07.586847,1,,,888.89,2,,0.0,M_exp_W_no,,,,,,,,,,,0,0,155,300,,,,,,,,,,,,,,,,,,,2,2,"2, 3",2,0.0,0.0,0.0,0.0,0.0,0,0,0,0,0,3,155.0,300.0,1,0,0.0,0.0,150.0,150.0,140.0,170.0,Up,Up,50,50,70,40,55.8743961352657,52.10828025477707,58.87378640776699,50.91025641025641,12,nadt5tbu,,,,,0
13,k6q3olvt,,0,587,587,FinalPage,ThankYou,2026-09-14 02:15:07.617482,1,,,666.67,3,,0.0,M_exp_W_no,,,,,,,,,,,0,0,160,400,,,,,,,,,,,,,,,,,,,2,2,"2, 3",2,0.0,0.0,0.0,0.0,0.0,0,1,1,0,0,3,155.0,300.0,1,0,0.0,0.0,150.0,150.0,140.0,170.0,Up,Up,50,50,70,40,55.8743961352657,52.10828025477707,58.87378640776699,50.91025641025641,12,nadt5tbu,,,,,0
14,h7g9h66e,,0,587,587,FinalPage,ThankYou,2026-09-14 02:15:07.684465,1,,,1055.56,4,,0.0,M_exp_W_no,,,,,,,,,,,0,0,120,250,,,,,,,,,,,,,,,,,,,2,2,"2, 3",2,0.0,0.0,0.0,0.0,0.0,0,-1,-1,0,0,3,155.0,300.0,1,0,0.0,0.0,150.0,150.0,140.0,170.0,Up,Up,50,50,70,40,55.8743961352657,52.10828025477707,58.87378640776699,50.91025641025641,12,nadt5tbu,,,,,0
15,ch700ni6,,0,587,587,FinalPage,ThankYou,2026-09-14 02:15:07.757463,1,,,1166.67,5,,0.0,M_exp_W_no,,,,,,,,,,,0,0,115,120,,,,,,,,,,,,,,,,,,,2,2,"2, 3",2,0.0,0.0,0.0,0.0,0.0,0,-1,-1,0,0,3,155.0,300.0,1,0,0.0,0.0,150.0,150.0,140.0,170.0,Up,Up,50,50,70,40,55.8743961352657,52.10828025477707,58.87378640776699,50.91025641025641,12,nadt5tbu,,,,,0
16,5doee2qb,,0,587,587,FinalPage,ThankYou,2026-09-14 02:15:07.895834,1,,,1000.0,1,,0.0,M_exp_W_no,,,,,,,,,,,0,0,90,300,,,,,,,,,,,,,,,,,,,2,2,"2, 3",2,0.0,0.0,0.0,0.0,0.0,0,-1,1,0,0,4,100.0,225.0,1,0,0.0,0.0,150.0,120.0,150.0,200.0,Up,Up,50,20,100,50,55.8743961352657,52.10828025477707,58.87378640776699,50.91025641025641,12,nadt5tbu,,,,,0
17,fjk39fjv,,0,587,587,FinalPage,ThankYou,2026-09-14 02:15:08.036259,1,,,944.44,2,,0.0,M_exp_W_no,,,,,,,,,,,0,0,80,200,,,,,,,,,,,,,,,,,,,2,2,"2, 3",2,0.0,0.0,0.0,0.0,0.0,0,-1,-1,0,0,4,100.0,225.0,1,0,0.0,0.0,150.0,120.0,150.0,200.0,Up,Up,50,20,100,50,55.8743961352657,52.10828025477707,58.87378640776699,50.91025641025641,12,nadt5tbu,,,,,0
18,uv9wmkop,,0,587,587,FinalPage,ThankYou,2026-09-14 02:15:08.071998,1,,,1055.56,3,,0.0,M_exp_W_no,,,,,,,,,,,0,0,100,225,,,,,,,,,,,,,,,,,,,2,2,"2, 3",2,0.0,0.0,0.0,0.0,0.0,0,0,0,0,0,4,100.0,225.0,1,0,0.0,0.0,150.0,120.0,150.0,200.0,Up,Up,50,20,100,50,55.8743961352657,52.10828025477707,58.87378640776699,50.91025641025641,12,nadt5tbu,,,,,0
19,tdb9pvu4,,0,587,587,FinalPage,ThankYou,2026-09-14 02:15:08.116238,1,,,1333.33,4,,0.0,M_exp_W_no,,,,,,,,,,,0,0,120,125,,,,,,,,,,,,,,,,,,,2,2,"2, 3",2,0.0,0.0,0.0,0.0,0.0,0,1,-1,0,0,4,100.0,225.0,1,0,0.0,0.0,150.0,120.0,150.0,200.0,Up,Up,50,20,100,50,55.8743961352657,52.10828025477707,58.87378640776699,50.91025641025641,12,nadt5tbu,,,,,0
20,vlzegfsh,,0,587,587,FinalPage,ThankYou,2026-09-14 02:15:08.476802,1,,,1055.56,5,,0.0,M_exp_W_no,,,,,,,,,,,0,0,111,251,,,,,,,,,,,,,,,,,,,2,2,"2, 3",2,0.0,0.0,0.0,0.0,0.0,0,1,1,0,0,4,100.0,225.0,1,0,0.0,0.0,150.0,120.0,150.0,200.0,Up,Up,50,20,100,50,55.8743961352657,52.10828025477707,58.87378640776699,50.91025641025641,12,nadt5tbu,,,,,0
21,vijmhlvg,,0,587,587,FinalPage,ThankYou,2026-09-14 02:15:39.856834,1,,,722.22,1,,0.0,M_exp_W_no,,,,,,,,,,,0,0,345,110,,,,,,,,,,,,,,,,,,,2,2,"2, 3",2,0.0,0.0,0.0,0.0,0.0,0,1,0,0,0,5,320.0,110.0,0,1,0.0,0.0,140.0,200.0,150.0,200.0,Up,Up,40,100,50,100,55.8743961352657,52.10828025477707,58.87378640776699,50.91025641025641,12,nadt5tbu,,,,,0
22,8e240a8t,,0,587,587,FinalPage,ThankYou,2026-09-14 02:15:40.077595,1,,,1555.56,2,,0.0,M_exp_W_no,,,,,,,,,,,0,0,290,150,,,,,,,,,,,,,,,,,,,2,2,"2, 3",2,0.0,0.0,0.0,0.0,0.0,0,-1,1,0,0,5,320.0,110.0,0,1,0.0,0.0,140.0,200.0,150.0,200.0,Up,Up,40,100,50,100,55.8743961352657,52.10828025477707,58.87378640776699,50.91025641025641,12,nadt5tbu,,,,,0
23,djq10sre,,0,587,587,FinalPage,ThankYou,2026-09-14 02:15:41.471659,1,,,1444.44,3,,0.0,M_exp_W_no,,,,,,,,,,,0,0,118,108,,,,,,,,,,,,,,,,,,,2,2,"2, 3",2,0.0,0.0,0.0,0.0,0.0,0,-1,-1,0,0,5,320.0,110.0,0,1,0.0,0.0,140.0,200.0,150.0,200.0,Up,Up,40,100,50,100,55.8743961352657,52.10828025477707,58.87378640776699,50.91025641025641,12,nadt5tbu,,,,,0
24,1rm0kasi,,0,587,587,FinalPage,ThankYou,2026-09-14 02:15:41.530653,1,,,833.33,4,,0.0,M_exp_W_no,,,,,,,,,,,0,0,320,109,,,,,,,,,,,,,,,,,,,2,2,"2, 3",2,0.0,0.0,0.0,0.0,0.0,0,0,-1,0,0,5,320.0,110.0,0,1,0.0,0.0,140.0,200.0,150.0,200.0,Up,Up,40,100,50,100,55.8743961352657,52.10828025477707,58.87378640776699,50.91025641025641,12,nadt5tbu,,,,,0
25,5ddpdjuo,,0,587,587,FinalPage,ThankYou,2026-09-14 02:15:41.539007,1,,,833.33,5,,0.0,M_exp_W_no,,,,,,,,,,,0,0,352,112,,,,,,,,,,,,,,,,,,,2,2,"2, 3",2,0.0,0.0,0.0,0.0,0.0,0,1,1,0,0,5,320.0,110.0,0,1,0.0,0.0,140.0,200.0,150.0,200.0,Up,Up,40,100,50,100,55.8743961352657,52.10828025477707,58.87378640776699,50.91025641025641,12,nadt5tbu,,,,,0
1,2vm7punw,,0,587,587,FinalPage,ThankYou,2026-09-14 02:15:05.747324,1,,,0.0,1,,0.0,M_exp_W_no,,,,,,,,,,,0,0,310,40,,,,,,,,,,,,,,,,,,,2,2,"2, 3",2,0.0,0.0,0.0,0.0,0.0,0,1,0,0,0,1,302.0,40.0,1,1,0.0,0.0,75.0,150.0,75.0,120.0,Down,Up,50,50,50,20,55.8743961352657,52.10828025477707,58.87378640776699,50.91025641025641,13,nadt5tbu,,,,,0
2,wfmrxna9,,0,587,587,FinalPage,ThankYou,2026-09-14 02:15:06.802245,1,,,444.44,2,,0.0,M_exp_W_no,,,,,,,,,,,0,0,599,1,,,,,,,,,,,,,,,,,,,2,2,"2, 3",2,0.0,0.0,0.0,0.0,0.0,0,1,-1,0,0,1,302.0,40.0,1,1,0.0,0.0,75.0,150.0,75.0,120.0,Down,Up,50,50,50,20,55.8743961352657,52.10828025477707,58.87378640776699,50.91025641025641,13,nadt5tbu,,,,,0
3,s57od4iz,,0,587,587,FinalPage,ThankYou,2026-09-14 02:15:06.853467,1,,,444.44,3,,0.0,M_exp_W_no,,,,,,,,,,,0,0,302,40,,,,,,,,,,,,,,,,,,,2,2,"2, 3",2,0.0,0.0,0.0,0.0,0.0,0,0,-1,0,0,1,302.0,40.0,1,1,0.0,0.0,75.0,150.0,75.0,120.0,Down,Up,50,50,50,20,55.8743961352657,52.10828025477707,58.87378640776699,50.91025641025641,13,nadt5tbu,,,,,0
4,sem2q323,,0,587,587,FinalPage,ThankYou,2026-09-14 02:15:06.992089,1,,,666.67,4,,0.0,M_exp_W_no,,,,,,,,,,,0,0,302,50,,,,,,,,,,,,,,,,,,,2,2,"2, 3",2,0.0,0.0,0.0,0.0,0.0,0,-1,1,0,0,1,302.0,40.0,1,1,0.0,0.0,75.0,150.0,75.0,120.0,Down,Up,50,50,50,20,55.8743961352657,52.10828025477707,58.87378640776699,50.91025641025641,13,nadt5tbu,,,,,0
5,pmhhauc6,,0,587,587,FinalPage,ThankYou,2026-09-14 02:15:07.029668,1,,,1333.33,5,,0.0,M_exp_W_no,,,,,,,,,,,0,0,300,50,,,,,,,,,,,,,,,,,,,2,2,"2, 3",2,0.0,0.0,0.0,0.0,0.0,0,-1,1,0,0,1,302.0,40.0,1,1,0.0,0.0,75.0,150.0,75.0,120.0,Down,Up,50,50,50,20,55.8743961352657,52.10828025477707,58.87378640776699,50.91025641025641,13,nadt5tbu,,,,,0
6,bc7n6071,,0,587,587,FinalPage,ThankYou,2026-09-14 02:15:07.064006,1,,,777.78,1,,0.0,M_exp_W_no,,,,,,,,,,,0,0,200,397,,,,,,,,,,,,,,,,,,,2,2,"2, 3",2,0.0,0.0,0.0,0.0,0.0,0,1,-1,0,0,2,155.0,400.0,0,0,0.0,0.0,75.0,150.0,140.0,75.0,Up,Down,50,50,50,40,55.8743961352657,52.10828025477707,58.87378640776699,50.91025641025641,13,nadt5tbu,,,,,0
7,j2qhej8d,,0,587,587,FinalPage,ThankYou,2026-09-14 02:15:07.208423,1,,,833.33,2,,0.0,M_exp_W_no,,,,,,,,,,,0,0,134,376,,,,,,,,,,,,,,,,,,,2,2,"2, 3",2,0.0,0.0,0.0,0.0,0.0,0,-1,-1,0,0,2,155.0,400.0,0,0,0.0,0.0,75.0,150.0,140.0,75.0,Up,Down,50,50,50,40,55.8743961352657,52.10828025477707,58.87378640776699,50.91025641025641,13,nadt5tbu,,,,,0
8,nt0omp7o,,0,587,587,FinalPage,ThankYou,2026-09-14 02:15:07.220244,1,,,611.11,3,,0.0,M_exp_W_no,,,,,,,,,,,0,0,155,445,,,,,,,,,,,,,,,,,,,2,2,"2, 3",2,0.0,0.0,0.0,0.0,0.0,0,0,1,0,0,2,155.0,400.0,0,0,0.0,0.0,75.0,150.0,140.0,75.0,Up,Down,50,50,50,40,55.8743961352657,52.10828025477707,58.87378640776699,50.91025641025641,13,nadt5tbu,,,,,0
9,3vy48gux,,0,587,587,FinalPage,ThankYou,2026-09-14 02:15:07.391021,1,,,333.33,4,,0.0,M_exp_W_no,,,,,,,,,,,0,0,180,420,,,,,,,,,,,,,,,,,,,2,2,"2, 3",2,0.0,0.0,0.0,0.0,0.0,0,1,1,0,0,2,155.0,400.0,0,0,0.0,0.0,75.0,150.0,140.0,75.0,Up,Down,50,50,50,40,55.8743961352657,52.10828025477707,58.87378640776699,50.91025641025641,13,nadt5tbu,,,,,0
10,zzkx5xsm,,0,587,587,FinalPage,ThankYou,2026-09-14 02:15:07.400171,1,,,1000.0,5,,0.0,M_exp_W_no,,,,,,,,,,,0,0,150,400,,,,,,,,,,,,,,,,,,,2,2,"2, 3",2,0.0,0.0,0.0,0.0,0.0,0,-1,0,0,0,2,155.0,400.0,0,0,0.0,0.0,75.0,150.0,140.0,75.0,Up,Down,50,50,50,40,55.8743961352657,52.10828025477707,58.87378640776699,50.91025641025641,13,nadt5tbu,,,,,0
11,qd0f31id,,0,587,587,FinalPage,ThankYou,2026-09-14 02:15:07.489316,1,,,944.44,1,,0.0,M_exp_W_no,,,,,,,,,,,0,0,161,299,,,,,,,,,,,,,,,,,,,2,2,"2, 3",2,0.0,0.0,0.0,0.0,0.0,0,1,-1,0,0,3,159.0,300.0,1,0,0.0,0.0,150.0,150.0,140.0,170.0,Up,Up,50,50,70,40,55.8743961352657,52.10828025477707,58.87378640776699,50.91025641025641,13,nadt5tbu,,,,,0
12,gllc2565,,0,587,587,FinalPage,ThankYou,2026-09-14 02:15:07.586847,1,,,888.89,2,,0.0,M_exp_W_no,,,,,,,,,,,0,0,159,300,,,,,,,,,,,,,,,,,,,2,2,"2, 3",2,0.0,0.0,0.0,0.0,0.0,0,0,0,0,0,3,159.0,300.0,1,0,0.0,0.0,150.0,150.0,140.0,170.0,Up,Up,50,50,70,40,55.8743961352657,52.10828025477707,58.87378640776699,50.91025641025641,13,nadt5tbu,,,,,0
13,k6q3olvt,,0,587,587,FinalPage,ThankYou,2026-09-14 02:15:07.617482,1,,,666.67,3,,0.0,M_exp_W_no,,,,,,,,,,,0,0,160,316,,,,,,,,,,,,,,,,,,,2,2,"2, 3",2,0.0,0.0,0.0,0.0,0.0,0,1,1,0,0,3,159.0,300.0,1,0,0.0,0.0,150.0,150.0,140.0,170.0,Up,Up,50,50,70,40,55.8743961352657,52.10828025477707,58.87378640776699,50.91025641025641,13,nadt5tbu,,,,,0
14,h7g9h66e,,0,587,587,FinalPage,ThankYou,2026-09-14 02:15:07.684465,1,,,1055.56,4,,0.0,M_exp_W_no,,,,,,,,,,,0,0,150,310,,,,,,,,,,,,,,,,,,,2,2,"2, 3",2,0.0,0.0,0.0,0.0,0.0,0,-1,1,0,0,3,159.0,300.0,1,0,0.0,0.0,150.0,150.0,140.0,170.0,Up,Up,50,50,70,40,55.8743961352657,52.10828025477707,58.87378640776699,50.91025641025641,13,nadt5tbu,,,,,0
15,ch700ni6,,0,587,587,FinalPage,ThankYou,2026-09-14 02:15:07.757463,1,,,1166.67,5,,0.0,M_exp_W_no,,,,,,,,,,,0,0,115,120,,,,,,,,,,,,,,,,,,,2,2,"2, 3",2,0.0,0.0,0.0,0.0,0.0,0,-1,-1,0,0,3,159.0,300.0,1,0,0.0,0.0,150.0,150.0,140.0,170.0,Up,Up,50,50,70,40,55.8743961352657,52.10828025477707,58.87378640776699,50.91025641025641,13,nadt5tbu,,,,,0
16,5doee2qb,,0,587,587,FinalPage,ThankYou,2026-09-14 02:15:07.895834,1,,,1000.0,1,,0.0,M_exp_W_no,,,,,,,,,,,0,0,100,240,,,,,,,,,,,,,,,,,,,2,2,"2, 3",2,0.0,0.0,0.0,0.0,0.0,0,0,1,0,0,4,100.0,215.0,1,0,0.0,0.0,150.0,120.0,150.0,200.0,Up,Up,50,20,100,50,55.8743961352657,52.10828025477707,58.87378640776699,50.91025641025641,13,nadt5tbu,,,,,0
17,fjk39fjv,,0,587,587,FinalPage,ThankYou,2026-09-14 02:15:08.036259,1,,,944.44,2,,0.0,M_exp_W_no,,,,,,,,,,,0,0,80,195,,,,,,,,,,,,,,,,,,,2,2,"2, 3",2,0.0,0.0,0.0,0.0,0.0,0,-1,-1,0,0,4,100.0,215.0,1,0,0.0,0.0,150.0,120.0,150.0,200.0,Up,Up,50,20,100,50,55.8743961352657,52.10828025477707,58.87378640776699,50.91025641025641,13,nadt5tbu,,,,,0
18,uv9wmkop,,0,587,587,FinalPage,ThankYou,2026-09-14 02:15:08.071998,1,,,1055.56,3,,0.0,M_exp_W_no,,,,,,,,,,,0,0,101,225,,,,,,,,,,,,,,,,,,,2,2,"2, 3",2,0.0,0.0,0.0,0.0,0.0,0,1,1,0,0,4,100.0,215.0,1,0,0.0,0.0,150.0,120.0,150.0,200.0,Up,Up,50,20,100,50,55.8743961352657,52.10828025477707,58.87378640776699,50.91025641025641,13,nadt5tbu,,,,,0
19,tdb9pvu4,,0,587,587,FinalPage,ThankYou,2026-09-14 02:15:08.116238,1,,,1333.33,4,,0.0,M_exp_W_no,,,,,,,,,,,0,0,115,125,,,,,,,,,,,,,,,,,,,2,2,"2, 3",2,0.0,0.0,0.0,0.0,0.0,0,1,-1,0,0,4,100.0,215.0,1,0,0.0,0.0,150.0,120.0,150.0,200.0,Up,Up,50,20,100,50,55.8743961352657,52.10828025477707,58.87378640776699,50.91025641025641,13,nadt5tbu,,,,,0
20,vlzegfsh,,0,587,587,FinalPage,ThankYou,2026-09-14 02:15:08.476802,1,,,1055.56,5,,0.0,M_exp_W_no,,,,,,,,,,,0,0,95,215,,,,,,,,,,,,,,,,,,,2,2,"2, 3",2,0.0,0.0,0.0,0.0,0.0,0,-1,0,0,0,4,100.0,215.0,1,0,0.0,0.0,150.0,120.0,150.0,200.0,Up,Up,50,20,100,50,55.8743961352657,52.10828025477707,58.87378640776699,50.91025641025641,13,nadt5tbu,,,,,0
21,vijmhlvg,,0,587,587,FinalPage,ThankYou,2026-09-14 02:15:39.856834,1,,,722.22,1,,0.0,M_exp_W_no,,,,,,,,,,,0,0,325,102,,,,,,,,,,,,,,,,,,,2,2,"2, 3",2,0.0,0.0,0.0,0.0,0.0,0,1,-1,0,0,5,290.0,108.0,0,1,0.0,0.0,140.0,200.0,150.0,200.0,Up,Up,40,100,50,100,55.8743961352657,52.10828025477707,58.87378640776699,50.91025641025641,13,nadt5tbu,,,,,0
22,8e240a8t,,0,587,587,FinalPage,ThankYou,2026-09-14 02:15:40.077595,1,,,1555.56,2,,0.0,M_exp_W_no,,,,,,,,,,,0,0,280,130,,,,,,,,,,,,,,,,,,,2,2,"2, 3",2,0.0,0.0,0.0,0.0,0.0,0,-1,1,0,0,5,290.0,108.0,0,1,0.0,0.0,140.0,200.0,150.0,200.0,Up,Up,40,100,50,100,55.8743961352657,52.10828025477707,58.87378640776699,50.91025641025641,13,nadt5tbu,,,,,0
23,djq10sre,,0,587,587,FinalPage,ThankYou,2026-09-14 02:15:41.471659,1,,,1444.44,3,,0.0,M_exp_W_no,,,,,,,,,,,0,0,118,108,,,,,,,,,,,,,,,,,,,2,2,"2, 3",2,0.0,0.0,0.0,0.0,0.0,0,-1,0,0,0,5,290.0,108.0,0,1,0.0,0.0,140.0,200.0,150.0,200.0,Up,Up,40,100,50,100,55.8743961352657,52.10828025477707,58.87378640776699,50.91025641025641,13,nadt5tbu,,,,,0
24,1rm0kasi,,0,587,587,FinalPage,ThankYou,2026-09-14 02:15:41.530653,1,,,833.33,4,,0.0,M_exp_W_no,,,,,,,,,,,0,0,290,104,,,,,,,,,,,,,,,,,,,2,2,"2, 3",2,0.0,0.0,0.0,0.0,0.0,0,0,-1,0,0,5,290.0,108.0,0,1,0.0,0.0,140.0,200.0,150.0,200.0,Up,Up,40,100,50,100,55.8743961352657,52.10828025477707,58.87378640776699,50.91025641025641,13,nadt5tbu,,,,,0
25,5ddpdjuo,,0,587,587,FinalPage,ThankYou,2026-09-14 02:15:41.539007,1,,,833.33,5,,0.0,M_exp_W_no,,,,,,,,,,,0,0,325,112,,,,,,,,,,,,,,,,,,,2,2,"2, 3",2,0.0,0.0,0.0,0.0,0.0,0,1,1,0,0,5,290.0,108.0,0,1,0.0,0.0,140.0,200.0,150.0,200.0,Up,Up,40,100,50,100,55.8743961352657,52.10828025477707,58.87378640776699,50.91025641025641,13,nadt5tbu,,,,,0
1,2vm7punw,,0,587,587,FinalPage,ThankYou,2026-09-14 02:15:05.747324,1,,,0.0,1,,0.0,M_exp_W_no,,,,,,,,,,,0,0,310,30,,,,,,,,,,,,,,,,,,,2,2,"2, 3",2,0.0,0.0,0.0,0.0,0.0,0,1,-1,0,0,1,305.0,40.0,1,1,0.0,0.0,75.0,150.0,75.0,120.0,Down,Up,50,50,50,20,55.8743961352657,52.10828025477707,58.87378640776699,50.91025641025641,14,nadt5tbu,,,,,0
2,wfmrxna9,,0,587,587,FinalPage,ThankYou,2026-09-14 02:15:06.802245,1,,,444.44,2,,0.0,M_exp_W_no,,,,,,,,,,,0,0,1,599,,,,,,,,,,,,,,,,,,,2,2,"2, 3",2,0.0,0.0,0.0,0.0,0.0,0,-1,1,0,0,1,305.0,40.0,1,1,0.0,0.0,75.0,150.0,75.0,120.0,Down,Up,50,50,50,20,55.8743961352657,52.10828025477707,58.87378640776699,50.91025641025641,14,nadt5tbu,,,,,0
3,s57od4iz,,0,587,587,FinalPage,ThankYou,2026-09-14 02:15:06.853467,1,,,444.44,3,,0.0,M_exp_W_no,,,,,,,,,,,0,0,400,20,,,,,,,,,,,,,,,,,,,2,2,"2, 3",2,0.0,0.0,0.0,0.0,0.0,0,1,-1,0,0,1,305.0,40.0,1,1,0.0,0.0,75.0,150.0,75.0,120.0,Down,Up,50,50,50,20,55.8743961352657,52.10828025477707,58.87378640776699,50.91025641025641,14,nadt5tbu,,,,,0
4,sem2q323,,0,587,587,FinalPage,ThankYou,2026-09-14 02:15:06.992089,1,,,666.67,4,,0.0,M_exp_W_no,,,,,,,,,,,0,0,305,45,,,,,,,,,,,,,,,,,,,2,2,"2, 3",2,0.0,0.0,0.0,0.0,0.0,0,0,1,0,0,1,305.0,40.0,1,1,0.0,0.0,75.0,150.0,75.0,120.0,Down,Up,50,50,50,20,55.8743961352657,52.10828025477707,58.87378640776699,50.91025641025641,14,nadt5tbu,,,,,0
5,pmhhauc6,,0,587,587,FinalPage,ThankYou,2026-09-14 02:15:07.029668,1,,,1333.33,5,,0.0,M_exp_W_no,,,,,,,,,,,0,0,301,40,,,,,,,,,,,,,,,,,,,2,2,"2, 3",2,0.0,0.0,0.0,0.0,0.0,0,-1,0,0,0,1,305.0,40.0,1,1,0.0,0.0,75.0,150.0,75.0,120.0,Down,Up,50,50,50,20,55.8743961352657,52.10828025477707,58.87378640776699,50.91025641025641,14,nadt5tbu,,,,,0
6,bc7n6071,,0,587,587,FinalPage,ThankYou,2026-09-14 02:15:07.064006,1,,,777.78,1,,0.0,M_exp_W_no,,,,,,,,,,,0,0,200,400,,,,,,,,,,,,,,,,,,,2,2,"2, 3",2,0.0,0.0,0.0,0.0,0.0,0,1,-1,0,0,2,160.0,401.0,0,0,0.0,0.0,75.0,150.0,140.0,75.0,Up,Down,50,50,50,40,55.8743961352657,52.10828025477707,58.87378640776699,50.91025641025641,14,nadt5tbu,,,,,0
7,j2qhej8d,,0,587,587,FinalPage,ThankYou,2026-09-14 02:15:07.208423,1,,,833.33,2,,0.0,M_exp_W_no,,,,,,,,,,,0,0,149,401,,,,,,,,,,,,,,,,,,,2,2,"2, 3",2,0.0,0.0,0.0,0.0,0.0,0,-1,0,0,0,2,160.0,401.0,0,0,0.0,0.0,75.0,150.0,140.0,75.0,Up,Down,50,50,50,40,55.8743961352657,52.10828025477707,58.87378640776699,50.91025641025641,14,nadt5tbu,,,,,0
8,nt0omp7o,,0,587,587,FinalPage,ThankYou,2026-09-14 02:15:07.220244,1,,,611.11,3,,0.0,M_exp_W_no,,,,,,,,,,,0,0,160,400,,,,,,,,,,,,,,,,,,,2,2,"2, 3",2,0.0,0.0,0.0,0.0,0.0,0,0,-1,0,0,2,160.0,401.0,0,0,0.0,0.0,75.0,150.0,140.0,75.0,Up,Down,50,50,50,40,55.8743961352657,52.10828025477707,58.87378640776699,50.91025641025641,14,nadt5tbu,,,,,0
9,3vy48gux,,0,587,587,FinalPage,ThankYou,2026-09-14 02:15:07.391021,1,,,333.33,4,,0.0,M_exp_W_no,,,,,,,,,,,0,0,140,460,,,,,,,,,,,,,,,,,,,2,2,"2, 3",2,0.0,0.0,0.0,0.0,0.0,0,-1,1,0,0,2,160.0,401.0,0,0,0.0,0.0,75.0,150.0,140.0,75.0,Up,Down,50,50,50,40,55.8743961352657,52.10828025477707,58.87378640776699,50.91025641025641,14,nadt5tbu,,,,,0
10,zzkx5xsm,,0,587,587,FinalPage,ThankYou,2026-09-14 02:15:07.400171,1,,,1000.0,5,,0.0,M_exp_W_no,,,,,,,,,,,0,0,160,410,,,,,,,,,,,,,,,,,,,2,2,"2, 3",2,0.0,0.0,0.0,0.0,0.0,0,1,1,0,0,2,160.0,401.0,0,0,0.0,0.0,75.0,150.0,140.0,75.0,Up,Down,50,50,50,40,55.8743961352657,52.10828025477707,58.87378640776699,50.91025641025641,14,nadt5tbu,,,,,0
11,qd0f31id,,0,587,587,FinalPage,ThankYou,2026-09-14 02:15:07.489316,1,,,944.44,1,,0.0,M_exp_W_no,,,,,,,,,,,0,0,160,301,,,,,,,,,,,,,,,,,,,2,2,"2, 3",2,0.0,0.0,0.0,0.0,0.0,0,0,1,0,0,3,160.0,250.0,1,0,0.0,0.0,150.0,150.0,140.0,170.0,Up,Up,50,50,70,40,55.8743961352657,52.10828025477707,58.87378640776699,50.91025641025641,14,nadt5tbu,,,,,0
12,gllc2565,,0,587,587,FinalPage,ThankYou,2026-09-14 02:15:07.586847,1,,,888.89,2,,0.0,M_exp_W_no,,,,,,,,,,,0,0,162,300,,,,,,,,,,,,,,,,,,,2,2,"2, 3",2,0.0,0.0,0.0,0.0,0.0,0,1,1,0,0,3,160.0,250.0,1,0,0.0,0.0,150.0,150.0,140.0,170.0,Up,Up,50,50,70,40,55.8743961352657,52.10828025477707,58.87378640776699,50.91025641025641,14,nadt5tbu,,,,,0
13,k6q3olvt,,0,587,587,FinalPage,ThankYou,2026-09-14 02:15:07.617482,1,,,666.67,3,,0.0,M_exp_W_no,,,,,,,,,,,0,0,50,150,,,,,,,,,,,,,,,,,,,2,2,"2, 3",2,0.0,0.0,0.0,0.0,0.0,0,-1,-1,0,0,3,160.0,250.0,1,0,0.0,0.0,150.0,150.0,140.0,170.0,Up,Up,50,50,70,40,55.8743961352657,52.10828025477707,58.87378640776699,50.91025641025641,14,nadt5tbu,,,,,0
14,h7g9h66e,,0,587,587,FinalPage,ThankYou,2026-09-14 02:15:07.684465,1,,,1055.56,4,,0.0,M_exp_W_no,,,,,,,,,,,0,0,200,250,,,,,,,,,,,,,,,,,,,2,2,"2, 3",2,0.0,0.0,0.0,0.0,0.0,0,1,0,0,0,3,160.0,250.0,1,0,0.0,0.0,150.0,150.0,140.0,170.0,Up,Up,50,50,70,40,55.8743961352657,52.10828025477707,58.87378640776699,50.91025641025641,14,nadt5tbu,,,,,0
15,ch700ni6,,0,587,587,FinalPage,ThankYou,2026-09-14 02:15:07.757463,1,,,1166.67,5,,0.0,M_exp_W_no,,,,,,,,,,,0,0,115,130,,,,,,,,,,,,,,,,,,,2,2,"2, 3",2,0.0,0.0,0.0,0.0,0.0,0,-1,-1,0,0,3,160.0,250.0,1,0,0.0,0.0,150.0,150.0,140.0,170.0,Up,Up,50,50,70,40,55.8743961352657,52.10828025477707,58.87378640776699,50.91025641025641,14,nadt5tbu,,,,,0
16,5doee2qb,,0,587,587,FinalPage,ThankYou,2026-09-14 02:15:07.895834,1,,,1000.0,1,,0.0,M_exp_W_no,,,,,,,,,,,0,0,105,225,,,,,,,,,,,,,,,,,,,2,2,"2, 3",2,0.0,0.0,0.0,0.0,0.0,0,1,1,0,0,4,101.0,215.0,1,0,0.0,0.0,150.0,120.0,150.0,200.0,Up,Up,50,20,100,50,55.8743961352657,52.10828025477707,58.87378640776699,50.91025641025641,14,nadt5tbu,,,,,0
17,fjk39fjv,,0,587,587,FinalPage,ThankYou,2026-09-14 02:15:08.036259,1,,,944.44,2,,0.0,M_exp_W_no,,,,,,,,,,,0,0,85,195,,,,,,,,,,,,,,,,,,,2,2,"2, 3",2,0.0,0.0,0.0,0.0,0.0,0,-1,-1,0,0,4,101.0,215.0,1,0,0.0,0.0,150.0,120.0,150.0,200.0,Up,Up,50,20,100,50,55.8743961352657,52.10828025477707,58.87378640776699,50.91025641025641,14,nadt5tbu,,,,,0
18,uv9wmkop,,0,587,587,FinalPage,ThankYou,2026-09-14 02:15:08.071998,1,,,1055.56,3,,0.0,M_exp_W_no,,,,,,,,,,,0,0,101,220,,,,,,,,,,,,,,,,,,,2,2,"2, 3",2,0.0,0.0,0.0,0.0,0.0,0,0,1,0,0,4,101.0,215.0,1,0,0.0,0.0,150.0,120.0,150.0,200.0,Up,Up,50,20,100,50,55.8743961352657,52.10828025477707,58.87378640776699,50.91025641025641,14,nadt5tbu,,,,,0
19,tdb9pvu4,,0,587,587,FinalPage,ThankYou,2026-09-14 02:15:08.116238,1,,,1333.33,4,,0.0,M_exp_W_no,,,,,,,,,,,0,0,115,125,,,,,,,,,,,,,,,,,,,2,2,"2, 3",2,0.0,0.0,0.0,0.0,0.0,0,1,-1,0,0,4,101.0,215.0,1,0,0.0,0.0,150.0,120.0,150.0,200.0,Up,Up,50,20,100,50,55.8743961352657,52.10828025477707,58.87378640776699,50.91025641025641,14,nadt5tbu,,,,,0
20,vlzegfsh,,0,587,587,FinalPage,ThankYou,2026-09-14 02:15:08.476802,1,,,1055.56,5,,0.0,M_exp_W_no,,,,,,,,,,,0,0,101,215,,,,,,,,,,,,,,,,,,,2,2,"2, 3",2,0.0,0.0,0.0,0.0,0.0,0,-1,0,0,0,4,101.0,215.0,1,0,0.0,0.0,150.0,120.0,150.0,200.0,Up,Up,50,20,100,50,55.8743961352657,52.10828025477707,58.87378640776699,50.91025641025641,14,nadt5tbu,,,,,0
21,vijmhlvg,,0,587,587,FinalPage,ThankYou,2026-09-14 02:15:39.856834,1,,,722.22,1,,0.0,M_exp_W_no,,,,,,,,,,,0,0,280,105,,,,,,,,,,,,,,,,,,,2,2,"2, 3",2,0.0,0.0,0.0,0.0,0.0,0,1,-1,0,0,5,220.0,106.0,0,1,0.0,0.0,140.0,200.0,150.0,200.0,Up,Up,40,100,50,100,55.8743961352657,52.10828025477707,58.87378640776699,50.91025641025641,14,nadt5tbu,,,,,0
22,8e240a8t,,0,587,587,FinalPage,ThankYou,2026-09-14 02:15:40.077595,1,,,1555.56,2,,0.0,M_exp_W_no,,,,,,,,,,,0,0,120,250,,,,,,,,,,,,,,,,,,,2,2,"2, 3",2,0.0,0.0,0.0,0.0,0.0,0,-1,1,0,0,5,220.0,106.0,0,1,0.0,0.0,140.0,200.0,150.0,200.0,Up,Up,40,100,50,100,55.8743961352657,52.10828025477707,58.87378640776699,50.91025641025641,14,nadt5tbu,,,,,0
23,djq10sre,,0,587,587,FinalPage,ThankYou,2026-09-14 02:15:41.471659,1,,,1444.44,3,,0.0,M_exp_W_no,,,,,,,,,,,0,0,118,106,,,,,,,,,,,,,,,,,,,2,2,"2, 3",2,0.0,0.0,0.0,0.0,0.0,0,-1,0,0,0,5,220.0,106.0,0,1,0.0,0.0,140.0,200.0,150.0,200.0,Up,Up,40,100,50,100,55.8743961352657,52.10828025477707,58.87378640776699,50.91025641025641,14,nadt5tbu,,,,,0
24,1rm0kasi,,0,587,587,FinalPage,ThankYou,2026-09-14 02:15:41.530653,1,,,833.33,4,,0.0,M_exp_W_no,,,,,,,,,,,0,0,220,100,,,,,,,,,,,,,,,,,,,2,2,"2, 3",2,0.0,0.0,0.0,0.0,0.0,0,0,-1,0,0,5,220.0,106.0,0,1,0.0,0.0,140.0,200.0,150.0,200.0,Up,Up,40,100,50,100,55.8743961352657,52.10828025477707,58.87378640776699,50.91025641025641,14,nadt5tbu,,,,,0
25,5ddpdjuo,,0,587,587,FinalPage,ThankYou,2026-09-14 02:15:41.539007,1,,,833.33,5,,0.0,M_exp_W_no,,,,,,,,,,,0,0,300,110,,,,,,,,,,,,,,,,,,,2,2,"2, 3",2,0.0,0.0,0.0,0.0,0.0,0,1,1,0,0,5,220.0,106.0,0,1,0.0,0.0,140.0,200.0,150.0,200.0,Up,Up,40,100,50,100,55.8743961352657,52.10828025477707,58.87378640776699,50.91025641025641,14,nadt5tbu,,,,,0
1,2vm7punw,,0,587,587,FinalPage,ThankYou,2026-09-14 02:15:05.747324,1,,,0.0,1,,0.0,M_exp_W_no,,,,,,,,,,,0,0,310,29,,,,,,,,,,,,,,,,,,,2,2,"2, 3",2,0.0,0.0,0.0,0.0,0.0,0,0,-1,0,0,1,310.0,30.0,1,1,0.0,0.0,75.0,150.0,75.0,120.0,Down,Up,50,50,50,20,55.8743961352657,52.10828025477707,58.87378640776699,50.91025641025641,15,nadt5tbu,,,,,0
2,wfmrxna9,,0,587,587,FinalPage,ThankYou,2026-09-14 02:15:06.802245,1,,,444.44,2,,0.0,M_exp_W_no,,,,,,,,,,,0,0,599,1,,,,,,,,,,,,,,,,,,,2,2,"2, 3",2,0.0,0.0,0.0,0.0,0.0,0,1,-1,0,0,1,310.0,30.0,1,1,0.0,0.0,75.0,150.0,75.0,120.0,Down,Up,50,50,50,20,55.8743961352657,52.10828025477707,58.87378640776699,50.91025641025641,15,nadt5tbu,,,,,0
3,s57od4iz,,0,587,587,FinalPage,ThankYou,2026-09-14 02:15:06.853467,1,,,444.44,3,,0.0,M_exp_W_no,,,,,,,,,,,0,0,350,50,,,,,,,,,,,,,,,,,,,2,2,"2, 3",2,0.0,0.0,0.0,0.0,0.0,0,1,1,0,0,1,310.0,30.0,1,1,0.0,0.0,75.0,150.0,75.0,120.0,Down,Up,50,50,50,20,55.8743961352657,52.10828025477707,58.87378640776699,50.91025641025641,15,nadt5tbu,,,,,0
4,sem2q323,,0,587,587,FinalPage,ThankYou,2026-09-14 02:15:06.992089,1,,,666.67,4,,0.0,M_exp_W_no,,,,,,,,,,,0,0,310,30,,,,,,,,,,,,,,,,,,,2,2,"2, 3",2,0.0,0.0,0.0,0.0,0.0,0,-1,0,0,0,1,310.0,30.0,1,1,0.0,0.0,75.0,150.0,75.0,120.0,Down,Up,50,50,50,20,55.8743961352657,52.10828025477707,58.87378640776699,50.91025641025641,15,nadt5tbu,,,,,0
5,pmhhauc6,,0,587,587,FinalPage,ThankYou,2026-09-14 02:15:07.029668,1,,,1333.33,5,,0.0,M_exp_W_no,,,,,,,,,,,0,0,305,42,,,,,,,,,,,,,,,,,,,2,2,"2, 3",2,0.0,0.0,0.0,0.0,0.0,0,-1,1,0,0,1,310.0,30.0,1,1,0.0,0.0,75.0,150.0,75.0,120.0,Down,Up,50,50,50,20,55.8743961352657,52.10828025477707,58.87378640776699,50.91025641025641,15,nadt5tbu,,,,,0
6,bc7n6071,,0,587,587,FinalPage,ThankYou,2026-09-14 02:15:07.064006,1,,,777.78,1,,0.0,M_exp_W_no,,,,,,,,,,,0,0,100,100,,,,,,,,,,,,,,,,,,,2,2,"2, 3",2,0.0,0.0,0.0,0.0,0.0,0,-1,-1,0,0,2,150.0,401.0,0,0,0.0,0.0,75.0,150.0,140.0,75.0,Up,Down,50,50,50,40,55.8743961352657,52.10828025477707,58.87378640776699,50.91025641025641,15,nadt5tbu,,,,,0
7,j2qhej8d,,0,587,587,FinalPage,ThankYou,2026-09-14 02:15:07.208423,1,,,833.33,2,,0.0,M_exp_W_no,,,,,,,,,,,0,0,149,401,,,,,,,,,,,,,,,,,,,2,2,"2, 3",2,0.0,0.0,0.0,0.0,0.0,0,-1,0,0,0,2,150.0,401.0,0,0,0.0,0.0,75.0,150.0,140.0,75.0,Up,Down,50,50,50,40,55.8743961352657,52.10828025477707,58.87378640776699,50.91025641025641,15,nadt5tbu,,,,,0
8,nt0omp7o,,0,587,587,FinalPage,ThankYou,2026-09-14 02:15:07.220244,1,,,611.11,3,,0.0,M_exp_W_no,,,,,,,,,,,0,0,170,400,,,,,,,,,,,,,,,,,,,2,2,"2, 3",2,0.0,0.0,0.0,0.0,0.0,0,1,-1,0,0,2,150.0,401.0,0,0,0.0,0.0,75.0,150.0,140.0,75.0,Up,Down,50,50,50,40,55.8743961352657,52.10828025477707,58.87378640776699,50.91025641025641,15,nadt5tbu,,,,,0
9,3vy48gux,,0,587,587,FinalPage,ThankYou,2026-09-14 02:15:07.391021,1,,,333.33,4,,0.0,M_exp_W_no,,,,,,,,,,,0,0,150,450,,,,,,,,,,,,,,,,,,,2,2,"2, 3",2,0.0,0.0,0.0,0.0,0.0,0,0,1,0,0,2,150.0,401.0,0,0,0.0,0.0,75.0,150.0,140.0,75.0,Up,Down,50,50,50,40,55.8743961352657,52.10828025477707,58.87378640776699,50.91025641025641,15,nadt5tbu,,,,,0
10,zzkx5xsm,,0,587,587,FinalPage,ThankYou,2026-09-14 02:15:07.400171,1,,,1000.0,5,,0.0,M_exp_W_no,,,,,,,,,,,0,0,160,410,,,,,,,,,,,,,,,,,,,2,2,"2, 3",2,0.0,0.0,0.0,0.0,0.0,0,1,1,0,0,2,150.0,401.0,0,0,0.0,0.0,75.0,150.0,140.0,75.0,Up,Down,50,50,50,40,55.8743961352657,52.10828025477707,58.87378640776699,50.91025641025641,15,nadt5tbu,,,,,0
11,qd0f31id,,0,587,587,FinalPage,ThankYou,2026-09-14 02:15:07.489316,1,,,944.44,1,,0.0,M_exp_W_no,,,,,,,,,,,0,0,160,250,,,,,,,,,,,,,,,,,,,2,2,"2, 3",2,0.0,0.0,0.0,0.0,0.0,0,0,0,0,0,3,160.0,250.0,1,0,0.0,0.0,150.0,150.0,140.0,170.0,Up,Up,50,50,70,40,55.8743961352657,52.10828025477707,58.87378640776699,50.91025641025641,15,nadt5tbu,,,,,0
12,gllc2565,,0,587,587,FinalPage,ThankYou,2026-09-14 02:15:07.586847,1,,,888.89,2,,0.0,M_exp_W_no,,,,,,,,,,,0,0,162,275,,,,,,,,,,,,,,,,,,,2,2,"2, 3",2,0.0,0.0,0.0,0.0,0.0,0,1,1,0,0,3,160.0,250.0,1,0,0.0,0.0,150.0,150.0,140.0,170.0,Up,Up,50,50,70,40,55.8743961352657,52.10828025477707,58.87378640776699,50.91025641025641,15,nadt5tbu,,,,,0
13,k6q3olvt,,0,587,587,FinalPage,ThankYou,2026-09-14 02:15:07.617482,1,,,666.67,3,,0.0,M_exp_W_no,,,,,,,,,,,0,0,170,425,,,,,,,,,,,,,,,,,,,2,2,"2, 3",2,0.0,0.0,0.0,0.0,0.0,0,1,1,0,0,3,160.0,250.0,1,0,0.0,0.0,150.0,150.0,140.0,170.0,Up,Up,50,50,70,40,55.8743961352657,52.10828025477707,58.87378640776699,50.91025641025641,15,nadt5tbu,,,,,0
14,h7g9h66e,,0,587,587,FinalPage,ThankYou,2026-09-14 02:15:07.684465,1,,,1055.56,4,,0.0,M_exp_W_no,,,,,,,,,,,0,0,150,200,,,,,,,,,,,,,,,,,,,2,2,"2, 3",2,0.0,0.0,0.0,0.0,0.0,0,-1,-1,0,0,3,160.0,250.0,1,0,0.0,0.0,150.0,150.0,140.0,170.0,Up,Up,50,50,70,40,55.8743961352657,52.10828025477707,58.87378640776699,50.91025641025641,15,nadt5tbu,,,,,0
15,ch700ni6,,0,587,587,FinalPage,ThankYou,2026-09-14 02:15:07.757463,1,,,1166.67,5,,0.0,M_exp_W_no,,,,,,,,,,,0,0,115,120,,,,,,,,,,,,,,,,,,,2,2,"2, 3",2,0.0,0.0,0.0,0.0,0.0,0,-1,-1,0,0,3,160.0,250.0,1,0,0.0,0.0,150.0,150.0,140.0,170.0,Up,Up,50,50,70,40,55.8743961352657,52.10828025477707,58.87378640776699,50.91025641025641,15,nadt5tbu,,,,,0
16,5doee2qb,,0,587,587,FinalPage,ThankYou,2026-09-14 02:15:07.895834,1,,,1000.0,1,,0.0,M_exp_W_no,,,,,,,,,,,0,0,100,225,,,,,,,,,,,,,,,,,,,2,2,"2, 3",2,0.0,0.0,0.0,0.0,0.0,0,-1,1,0,0,4,103.0,220.0,1,0,0.0,0.0,150.0,120.0,150.0,200.0,Up,Up,50,20,100,50,55.8743961352657,52.10828025477707,58.87378640776699,50.91025641025641,15,nadt5tbu,,,,,0
17,fjk39fjv,,0,587,587,FinalPage,ThankYou,2026-09-14 02:15:08.036259,1,,,944.44,2,,0.0,M_exp_W_no,,,,,,,,,,,0,0,90,195,,,,,,,,,,,,,,,,,,,2,2,"2, 3",2,0.0,0.0,0.0,0.0,0.0,0,-1,-1,0,0,4,103.0,220.0,1,0,0.0,0.0,150.0,120.0,150.0,200.0,Up,Up,50,20,100,50,55.8743961352657,52.10828025477707,58.87378640776699,50.91025641025641,15,nadt5tbu,,,,,0
18,uv9wmkop,,0,587,587,FinalPage,ThankYou,2026-09-14 02:15:08.071998,1,,,1055.56,3,,0.0,M_exp_W_no,,,,,,,,,,,0,0,103,220,,,,,,,,,,,,,,,,,,,2,2,"2, 3",2,0.0,0.0,0.0,0.0,0.0,0,0,1,0,0,4,103.0,220.0,1,0,0.0,0.0,150.0,120.0,150.0,200.0,Up,Up,50,20,100,50,55.8743961352657,52.10828025477707,58.87378640776699,50.91025641025641,15,nadt5tbu,,,,,0
19,tdb9pvu4,,0,587,587,FinalPage,ThankYou,2026-09-14 02:15:08.116238,1,,,1333.33,4,,0.0,M_exp_W_no,,,,,,,,,,,0,0,115,125,,,,,,,,,,,,,,,,,,,2,2,"2, 3",2,0.0,0.0,0.0,0.0,0.0,0,1,-1,0,0,4,103.0,220.0,1,0,0.0,0.0,150.0,120.0,150.0,200.0,Up,Up,50,20,100,50,55.8743961352657,52.10828025477707,58.87378640776699,50.91025641025641,15,nadt5tbu,,,,,0
20,vlzegfsh,,0,587,587,FinalPage,ThankYou,2026-09-14 02:15:08.476802,1,,,1055.56,5,,0.0,M_exp_W_no,,,,,,,,,,,0,0,105,220,,,,,,,,,,,,,,,,,,,2,2,"2, 3",2,0.0,0.0,0.0,0.0,0.0,0,1,0,0,0,4,103.0,220.0,1,0,0.0,0.0,150.0,120.0,150.0,200.0,Up,Up,50,20,100,50,55.8743961352657,52.10828025477707,58.87378640776699,50.91025641025641,15,nadt5tbu,,,,,0
21,vijmhlvg,,0,587,587,FinalPage,ThankYou,2026-09-14 02:15:39.856834,1,,,722.22,1,,0.0,M_exp_W_no,,,,,,,,,,,0,0,200,102,,,,,,,,,,,,,,,,,,,2,2,"2, 3",2,0.0,0.0,0.0,0.0,0.0,0,0,0,0,0,5,200.0,102.0,0,1,0.0,0.0,140.0,200.0,150.0,200.0,Up,Up,40,100,50,100,55.8743961352657,52.10828025477707,58.87378640776699,50.91025641025641,15,nadt5tbu,,,,,0
22,8e240a8t,,0,587,587,FinalPage,ThankYou,2026-09-14 02:15:40.077595,1,,,1555.56,2,,0.0,M_exp_W_no,,,,,,,,,,,0,0,250,100,,,,,,,,,,,,,,,,,,,2,2,"2, 3",2,0.0,0.0,0.0,0.0,0.0,0,1,-1,0,0,5,200.0,102.0,0,1,0.0,0.0,140.0,200.0,150.0,200.0,Up,Up,40,100,50,100,55.8743961352657,52.10828025477707,58.87378640776699,50.91025641025641,15,nadt5tbu,,,,,0
23,djq10sre,,0,587,587,FinalPage,ThankYou,2026-09-14 02:15:41.471659,1,,,1444.44,3,,0.0,M_exp_W_no,,,,,,,,,,,0,0,118,104,,,,,,,,,,,,,,,,,,,2,2,"2, 3",2,0.0,0.0,0.0,0.0,0.0,0,-1,1,0,0,5,200.0,102.0,0,1,0.0,0.0,140.0,200.0,150.0,200.0,Up,Up,40,100,50,100,55.8743961352657,52.10828025477707,58.87378640776699,50.91025641025641,15,nadt5tbu,,,,,0
24,1rm0kasi,,0,587,587,FinalPage,ThankYou,2026-09-14 02:15:41.530653,1,,,833.33,4,,0.0,M_exp_W_no,,,,,,,,,,,0,0,20,100,,,,,,,,,,,,,,,,,,,2,2,"2, 3",2,0.0,0.0,0.0,0.0,0.0,0,-1,-1,0,0,5,200.0,102.0,0,1,0.0,0.0,140.0,200.0,150.0,200.0,Up,Up,40,100,50,100,55.8743961352657,52.10828025477707,58.87378640776699,50.91025641025641,15,nadt5tbu,,,,,0
25,5ddpdjuo,,0,587,587,FinalPage,ThankYou,2026-09-14 02:15:41.539007,1,,,833.33,5,,0.0,M_exp_W_no,,,,,,,,,,,0,0,221,105,,,,,,,,,,,,,,,,,,,2,2,"2, 3",2,0.0,0.0,0.0,0.0,0.0,0,1,1,0,0,5,200.0,102.0,0,1,0.0,0.0,140.0,200.0,150.0,200.0,Up,Up,40,100,50,100,55.8743961352657,52.10828025477707,58.87378640776699,50.91025641025641,15,nadt5tbu,,,,,0
1,2vm7punw,,0,587,587,FinalPage,ThankYou,2026-09-14 02:15:05.747324,1,,,0.0,1,,0.0,M_exp_W_no,,,,,,,,,,,0,0,321,19,,,,,,,,,,,,,,,,,,,2,2,"2, 3",2,0.0,0.0,0.0,0.0,0.0,0,1,-1,0,0,1,320.0,30.0,1,1,0.0,0.0,75.0,150.0,75.0,120.0,Down,Up,50,50,50,20,55.8743961352657,52.10828025477707,58.87378640776699,50.91025641025641,16,nadt5tbu,,,,,0
2,wfmrxna9,,0,587,587,FinalPage,ThankYou,2026-09-14 02:15:06.802245,1,,,444.44,2,,0.0,M_exp_W_no,,,,,,,,,,,0,0,1,599,,,,,,,,,,,,,,,,,,,2,2,"2, 3",2,0.0,0.0,0.0,0.0,0.0,0,-1,1,0,0,1,320.0,30.0,1,1,0.0,0.0,75.0,150.0,75.0,120.0,Down,Up,50,50,50,20,55.8743961352657,52.10828025477707,58.87378640776699,50.91025641025641,16,nadt5tbu,,,,,0
3,s57od4iz,,0,587,587,FinalPage,ThankYou,2026-09-14 02:15:06.853467,1,,,444.44,3,,0.0,M_exp_W_no,,,,,,,,,,,0,0,320,32,,,,,,,,,,,,,,,,,,,2,2,"2, 3",2,0.0,0.0,0.0,0.0,0.0,0,0,1,0,0,1,320.0,30.0,1,1,0.0,0.0,75.0,150.0,75.0,120.0,Down,Up,50,50,50,20,55.8743961352657,52.10828025477707,58.87378640776699,50.91025641025641,16,nadt5tbu,,,,,0
4,sem2q323,,0,587,587,FinalPage,ThankYou,2026-09-14 02:15:06.992089,1,,,666.67,4,,0.0,M_exp_W_no,,,,,,,,,,,0,0,320,25,,,,,,,,,,,,,,,,,,,2,2,"2, 3",2,0.0,0.0,0.0,0.0,0.0,0,1,-1,0,0,1,320.0,30.0,1,1,0.0,0.0,75.0,150.0,75.0,120.0,Down,Up,50,50,50,20,55.8743961352657,52.10828025477707,58.87378640776699,50.91025641025641,16,nadt5tbu,,,,,0
5,pmhhauc6,,0,587,587,FinalPage,ThankYou,2026-09-14 02:15:07.029668,1,,,1333.33,5,,0.0,M_exp_W_no,,,,,,,,,,,0,0,311,30,,,,,,,,,,,,,,,,,,,2,2,"2, 3",2,0.0,0.0,0.0,0.0,0.0,0,-1,0,0,0,1,320.0,30.0,1,1,0.0,0.0,75.0,150.0,75.0,120.0,Down,Up,50,50,50,20,55.8743961352657,52.10828025477707,58.87378640776699,50.91025641025641,16,nadt5tbu,,,,,0
6,bc7n6071,,0,587,587,FinalPage,ThankYou,2026-09-14 02:15:07.064006,1,,,777.78,1,,0.0,M_exp_W_no,,,,,,,,,,,0,0,200,400,,,,,,,,,,,,,,,,,,,2,2,"2, 3",2,0.0,0.0,0.0,0.0,0.0,0,1,-1,0,0,2,148.0,400.0,0,0,0.0,0.0,75.0,150.0,140.0,75.0,Up,Down,50,50,50,40,55.8743961352657,52.10828025477707,58.87378640776699,50.91025641025641,16,nadt5tbu,,,,,0
7,j2qhej8d,,0,587,587,FinalPage,ThankYou,2026-09-14 02:15:07.208423,1,,,833.33,2,,0.0,M_exp_W_no,,,,,,,,,,,0,0,148,402,,,,,,,,,,,,,,,,,,,2,2,"2, 3",2,0.0,0.0,0.0,0.0,0.0,0,0,1,0,0,2,148.0,400.0,0,0,0.0,0.0,75.0,150.0,140.0,75.0,Up,Down,50,50,50,40,55.8743961352657,52.10828025477707,58.87378640776699,50.91025641025641,16,nadt5tbu,,,,,0
8,nt0omp7o,,0,587,587,FinalPage,ThankYou,2026-09-14 02:15:07.220244,1,,,611.11,3,,0.0,M_exp_W_no,,,,,,,,,,,0,0,160,400,,,,,,,,,,,,,,,,,,,2,2,"2, 3",2,0.0,0.0,0.0,0.0,0.0,0,1,0,0,0,2,148.0,400.0,0,0,0.0,0.0,75.0,150.0,140.0,75.0,Up,Down,50,50,50,40,55.8743961352657,52.10828025477707,58.87378640776699,50.91025641025641,16,nadt5tbu,,,,,0
9,3vy48gux,,0,587,587,FinalPage,ThankYou,2026-09-14 02:15:07.391021,1,,,333.33,4,,0.0,M_exp_W_no,,,,,,,,,,,0,0,145,455,,,,,,,,,,,,,,,,,,,2,2,"2, 3",2,0.0,0.0,0.0,0.0,0.0,0,-1,1,0,0,2,148.0,400.0,0,0,0.0,0.0,75.0,150.0,140.0,75.0,Up,Down,50,50,50,40,55.8743961352657,52.10828025477707,58.87378640776699,50.91025641025641,16,nadt5tbu,,,,,0
10,zzkx5xsm,,0,587,587,FinalPage,ThankYou,2026-09-14 02:15:07.400171,1,,,1000.0,5,,0.0,M_exp_W_no,,,,,,,,,,,0,0,100,300,,,,,,,,,,,,,,,,,,,2,2,"2, 3",2,0.0,0.0,0.0,0.0,0.0,0,-1,-1,0,0,2,148.0,400.0,0,0,0.0,0.0,75.0,150.0,140.0,75.0,Up,Down,50,50,50,40,55.8743961352657,52.10828025477707,58.87378640776699,50.91025641025641,16,nadt5tbu,,,,,0
11,qd0f31id,,0,587,587,FinalPage,ThankYou,2026-09-14 02:15:07.489316,1,,,944.44,1,,0.0,M_exp_W_no,,,,,,,,,,,0,0,161,250,,,,,,,,,,,,,,,,,,,2,2,"2, 3",2,0.0,0.0,0.0,0.0,0.0,0,-1,0,0,0,3,161.0,250.0,1,0,0.0,0.0,150.0,150.0,140.0,170.0,Up,Up,50,50,70,40,55.8743961352657,52.10828025477707,58.87378640776699,50.91025641025641,16,nadt5tbu,,,,,0
12,gllc2565,,0,587,587,FinalPage,ThankYou,2026-09-14 02:15:07.586847,1,,,888.89,2,,0.0,M_exp_W_no,,,,,,,,,,,0,0,161,255,,,,,,,,,,,,,,,,,,,2,2,"2, 3",2,0.0,0.0,0.0,0.0,0.0,0,0,1,0,0,3,161.0,250.0,1,0,0.0,0.0,150.0,150.0,140.0,170.0,Up,Up,50,50,70,40,55.8743961352657,52.10828025477707,58.87378640776699,50.91025641025641,16,nadt5tbu,,,,,0
13,k6q3olvt,,0,587,587,FinalPage,ThankYou,2026-09-14 02:15:07.617482,1,,,666.67,3,,0.0,M_exp_W_no,,,,,,,,,,,0,0,165,240,,,,,,,,,,,,,,,,,,,2,2,"2, 3",2,0.0,0.0,0.0,0.0,0.0,0,1,-1,0,0,3,161.0,250.0,1,0,0.0,0.0,150.0,150.0,140.0,170.0,Up,Up,50,50,70,40,55.8743961352657,52.10828025477707,58.87378640776699,50.91025641025641,16,nadt5tbu,,,,,0
14,h7g9h66e,,0,587,587,FinalPage,ThankYou,2026-09-14 02:15:07.684465,1,,,1055.56,4,,0.0,M_exp_W_no,,,,,,,,,,,0,0,180,300,,,,,,,,,,,,,,,,,,,2,2,"2, 3",2,0.0,0.0,0.0,0.0,0.0,0,1,1,0,0,3,161.0,250.0,1,0,0.0,0.0,150.0,150.0,140.0,170.0,Up,Up,50,50,70,40,55.8743961352657,52.10828025477707,58.87378640776699,50.91025641025641,16,nadt5tbu,,,,,0
15,ch700ni6,,0,587,587,FinalPage,ThankYou,2026-09-14 02:15:07.757463,1,,,1166.67,5,,0.0,M_exp_W_no,,,,,,,,,,,0,0,115,120,,,,,,,,,,,,,,,,,,,2,2,"2, 3",2,0.0,0.0,0.0,0.0,0.0,0,-1,-1,0,0,3,161.0,250.0,1,0,0.0,0.0,150.0,150.0,140.0,170.0,Up,Up,50,50,70,40,55.8743961352657,52.10828025477707,58.87378640776699,50.91025641025641,16,nadt5tbu,,,,,0
16,5doee2qb,,0,587,587,FinalPage,ThankYou,2026-09-14 02:15:07.895834,1,,,1000.0,1,,0.0,M_exp_W_no,,,,,,,,,,,0,0,100,230,,,,,,,,,,,,,,,,,,,2,2,"2, 3",2,0.0,0.0,0.0,0.0,0.0,0,-1,1,0,0,4,105.0,221.0,1,0,0.0,0.0,150.0,120.0,150.0,200.0,Up,Up,50,20,100,50,55.8743961352657,52.10828025477707,58.87378640776699,50.91025641025641,16,nadt5tbu,,,,,0
17,fjk39fjv,,0,587,587,FinalPage,ThankYou,2026-09-14 02:15:08.036259,1,,,944.44,2,,0.0,M_exp_W_no,,,,,,,,,,,0,0,95,205,,,,,,,,,,,,,,,,,,,2,2,"2, 3",2,0.0,0.0,0.0,0.0,0.0,0,-1,-1,0,0,4,105.0,221.0,1,0,0.0,0.0,150.0,120.0,150.0,200.0,Up,Up,50,20,100,50,55.8743961352657,52.10828025477707,58.87378640776699,50.91025641025641,16,nadt5tbu,,,,,0
18,uv9wmkop,,0,587,587,FinalPage,ThankYou,2026-09-14 02:15:08.071998,1,,,1055.56,3,,0.0,M_exp_W_no,,,,,,,,,,,0,0,105,221,,,,,,,,,,,,,,,,,,,2,2,"2, 3",2,0.0,0.0,0.0,0.0,0.0,0,0,0,0,0,4,105.0,221.0,1,0,0.0,0.0,150.0,120.0,150.0,200.0,Up,Up,50,20,100,50,55.8743961352657,52.10828025477707,58.87378640776699,50.91025641025641,16,nadt5tbu,,,,,0
19,tdb9pvu4,,0,587,587,FinalPage,ThankYou,2026-09-14 02:15:08.116238,1,,,1333.33,4,,0.0,M_exp_W_no,,,,,,,,,,,0,0,110,125,,,,,,,,,,,,,,,,,,,2,2,"2, 3",2,0.0,0.0,0.0,0.0,0.0,0,1,-1,0,0,4,105.0,221.0,1,0,0.0,0.0,150.0,120.0,150.0,200.0,Up,Up,50,20,100,50,55.8743961352657,52.10828025477707,58.87378640776699,50.91025641025641,16,nadt5tbu,,,,,0
20,vlzegfsh,,0,587,587,FinalPage,ThankYou,2026-09-14 02:15:08.476802,1,,,1055.56,5,,0.0,M_exp_W_no,,,,,,,,,,,0,0,113,240,,,,,,,,,,,,,,,,,,,2,2,"2, 3",2,0.0,0.0,0.0,0.0,0.0,0,1,1,0,0,4,105.0,221.0,1,0,0.0,0.0,150.0,120.0,150.0,200.0,Up,Up,50,20,100,50,55.8743961352657,52.10828025477707,58.87378640776699,50.91025641025641,16,nadt5tbu,,,,,0
21,vijmhlvg,,0,587,587,FinalPage,ThankYou,2026-09-14 02:15:39.856834,1,,,722.22,1,,0.0,M_exp_W_no,,,,,,,,,,,0,0,198,100,,,,,,,,,,,,,,,,,,,2,2,"2, 3",2,0.0,0.0,0.0,0.0,0.0,0,0,-1,0,0,5,198.0,103.0,0,1,0.0,0.0,140.0,200.0,150.0,200.0,Up,Up,40,100,50,100,55.8743961352657,52.10828025477707,58.87378640776699,50.91025641025641,16,nadt5tbu,,,,,0
22,8e240a8t,,0,587,587,FinalPage,ThankYou,2026-09-14 02:15:40.077595,1,,,1555.56,2,,0.0,M_exp_W_no,,,,,,,,,,,0,0,200,150,,,,,,,,,,,,,,,,,,,2,2,"2, 3",2,0.0,0.0,0.0,0.0,0.0,0,1,1,0,0,5,198.0,103.0,0,1,0.0,0.0,140.0,200.0,150.0,200.0,Up,Up,40,100,50,100,55.8743961352657,52.10828025477707,58.87378640776699,50.91025641025641,16,nadt5tbu,,,,,0
23,djq10sre,,0,587,587,FinalPage,ThankYou,2026-09-14 02:15:41.471659,1,,,1444.44,3,,0.0,M_exp_W_no,,,,,,,,,,,0,0,118,110,,,,,,,,,,,,,,,,,,,2,2,"2, 3",2,0.0,0.0,0.0,0.0,0.0,0,-1,1,0,0,5,198.0,103.0,0,1,0.0,0.0,140.0,200.0,150.0,200.0,Up,Up,40,100,50,100,55.8743961352657,52.10828025477707,58.87378640776699,50.91025641025641,16,nadt5tbu,,,,,0
24,1rm0kasi,,0,587,587,FinalPage,ThankYou,2026-09-14 02:15:41.530653,1,,,833.33,4,,0.0,M_exp_W_no,,,,,,,,,,,0,0,120,96,,,,,,,,,,,,,,,,,,,2,2,"2, 3",2,0.0,0.0,0.0,0.0,0.0,0,-1,-1,0,0,5,198.0,103.0,0,1,0.0,0.0,140.0,200.0,150.0,200.0,Up,Up,40,100,50,100,55.8743961352657,52.10828025477707,58.87378640776699,50.91025641025641,16,nadt5tbu,,,,,0
25,5ddpdjuo,,0,587,587,FinalPage,ThankYou,2026-09-14 02:15:41.539007,1,,,833.33,5,,0.0,M_exp_W_no,,,,,,,,,,,0,0,202,103,,,,,,,,,,,,,,,,,,,2,2,"2, 3",2,0.0,0.0,0.0,0.0,0.0,0,1,0,0,0,5,198.0,103.0,0,1,0.0,0.0,140.0,200.0,150.0,200.0,Up,Up,40,100,50,100,55.8743961352657,52.10828025477707,58.87378640776699,50.91025641025641,16,nadt5tbu,,,,,0
1,2vm7punw,,0,587,587,FinalPage,ThankYou,2026-09-14 02:15:05.747324,1,,,0.0,1,,0.0,M_exp_W_no,,,,,,,,,,,0,0,321,19,,,,,,,,,,,,,,,,,,,2,2,"2, 3",2,0.0,0.0,0.0,0.0,0.0,0,-1,0,0,0,1,330.0,19.0,1,1,0.0,0.0,75.0,150.0,75.0,120.0,Down,Up,50,50,50,20,55.8743961352657,52.10828025477707,58.87378640776699,50.91025641025641,17,nadt5tbu,,,,,0
2,wfmrxna9,,0,587,587,FinalPage,ThankYou,2026-09-14 02:15:06.802245,1,,,444.44,2,,0.0,M_exp_W_no,,,,,,,,,,,0,0,599,1,,,,,,,,,,,,,,,,,,,2,2,"2, 3",2,0.0,0.0,0.0,0.0,0.0,0,1,-1,0,0,1,330.0,19.0,1,1,0.0,0.0,75.0,150.0,75.0,120.0,Down,Up,50,50,50,20,55.8743961352657,52.10828025477707,58.87378640776699,50.91025641025641,17,nadt5tbu,,,,,0
3,s57od4iz,,0,587,587,FinalPage,ThankYou,2026-09-14 02:15:06.853467,1,,,444.44,3,,0.0,M_exp_W_no,,,,,,,,,,,0,0,599,1,,,,,,,,,,,,,,,,,,,2,2,"2, 3",2,0.0,0.0,0.0,0.0,0.0,0,1,-1,0,0,1,330.0,19.0,1,1,0.0,0.0,75.0,150.0,75.0,120.0,Down,Up,50,50,50,20,55.8743961352657,52.10828025477707,58.87378640776699,50.91025641025641,17,nadt5tbu,,,,,0
4,sem2q323,,0,587,587,FinalPage,ThankYou,2026-09-14 02:15:06.992089,1,,,666.67,4,,0.0,M_exp_W_no,,,,,,,,,,,0,0,330,25,,,,,,,,,,,,,,,,,,,2,2,"2, 3",2,0.0,0.0,0.0,0.0,0.0,0,0,1,0,0,1,330.0,19.0,1,1,0.0,0.0,75.0,150.0,75.0,120.0,Down,Up,50,50,50,20,55.8743961352657,52.10828025477707,58.87378640776699,50.91025641025641,17,nadt5tbu,,,,,0
5,pmhhauc6,,0,587,587,FinalPage,ThankYou,2026-09-14 02:15:07.029668,1,,,1333.33,5,,0.0,M_exp_W_no,,,,,,,,,,,0,0,330,32,,,,,,,,,,,,,,,,,,,2,2,"2, 3",2,0.0,0.0,0.0,0.0,0.0,0,-1,1,0,0,1,330.0,19.0,1,1,0.0,0.0,75.0,150.0,75.0,120.0,Down,Up,50,50,50,20,55.8743961352657,52.10828025477707,58.87378640776699,50.91025641025641,17,nadt5tbu,,,,,0
6,bc7n6071,,0,587,587,FinalPage,ThankYou,2026-09-14 02:15:07.064006,1,,,777.78,1,,0.0,M_exp_W_no,,,,,,,,,,,0,0,200,400,,,,,,,,,,,,,,,,,,,2,2,"2, 3",2,0.0,0.0,0.0,0.0,0.0,0,1,-1,0,0,2,150.0,405.0,0,0,0.0,0.0,75.0,150.0,140.0,75.0,Up,Down,50,50,50,40,55.8743961352657,52.10828025477707,58.87378640776699,50.91025641025641,17,nadt5tbu,,,,,0
7,j2qhej8d,,0,587,587,FinalPage,ThankYou,2026-09-14 02:15:07.208423,1,,,833.33,2,,0.0,M_exp_W_no,,,,,,,,,,,0,0,144,405,,,,,,,,,,,,,,,,,,,2,2,"2, 3",2,0.0,0.0,0.0,0.0,0.0,0,-1,1,0,0,2,150.0,405.0,0,0,0.0,0.0,75.0,150.0,140.0,75.0,Up,Down,50,50,50,40,55.8743961352657,52.10828025477707,58.87378640776699,50.91025641025641,17,nadt5tbu,,,,,0
8,nt0omp7o,,0,587,587,FinalPage,ThankYou,2026-09-14 02:15:07.220244,1,,,611.11,3,,0.0,M_exp_W_no,,,,,,,,,,,0,0,150,399,,,,,,,,,,,,,,,,,,,2,2,"2, 3",2,0.0,0.0,0.0,0.0,0.0,0,0,-1,0,0,2,150.0,405.0,0,0,0.0,0.0,75.0,150.0,140.0,75.0,Up,Down,50,50,50,40,55.8743961352657,52.10828025477707,58.87378640776699,50.91025641025641,17,nadt5tbu,,,,,0
9,3vy48gux,,0,587,587,FinalPage,ThankYou,2026-09-14 02:15:07.391021,1,,,333.33,4,,0.0,M_exp_W_no,,,,,,,,,,,0,0,140,460,,,,,,,,,,,,,,,,,,,2,2,"2, 3",2,0.0,0.0,0.0,0.0,0.0,0,-1,1,0,0,2,150.0,405.0,0,0,0.0,0.0,75.0,150.0,140.0,75.0,Up,Down,50,50,50,40,55.8743961352657,52.10828025477707,58.87378640776699,50.91025641025641,17,nadt5tbu,,,,,0
10,zzkx5xsm,,0,587,587,FinalPage,ThankYou,2026-09-14 02:15:07.400171,1,,,1000.0,5,,0.0,M_exp_W_no,,,,,,,,,,,0,0,160,405,,,,,,,,,,,,,,,,,,,2,2,"2, 3",2,0.0,0.0,0.0,0.0,0.0,0,1,0,0,0,2,150.0,405.0,0,0,0.0,0.0,75.0,150.0,140.0,75.0,Up,Down,50,50,50,40,55.8743961352657,52.10828025477707,58.87378640776699,50.91025641025641,17,nadt5tbu,,,,,0
11,qd0f31id,,0,587,587,FinalPage,ThankYou,2026-09-14 02:15:07.489316,1,,,944.44,1,,0.0,M_exp_W_no,,,,,,,,,,,0,0,163,250,,,,,,,,,,,,,,,,,,,2,2,"2, 3",2,0.0,0.0,0.0,0.0,0.0,0,1,1,0,0,3,162.0,250.0,1,0,0.0,0.0,150.0,150.0,140.0,170.0,Up,Up,50,50,70,40,55.8743961352657,52.10828025477707,58.87378640776699,50.91025641025641,17,nadt5tbu,,,,,0
12,gllc2565,,0,587,587,FinalPage,ThankYou,2026-09-14 02:15:07.586847,1,,,888.89,2,,0.0,M_exp_W_no,,,,,,,,,,,0,0,162,250,,,,,,,,,,,,,,,,,,,2,2,"2, 3",2,0.0,0.0,0.0,0.0,0.0,0,0,0,0,0,3,162.0,250.0,1,0,0.0,0.0,150.0,150.0,140.0,170.0,Up,Up,50,50,70,40,55.8743961352657,52.10828025477707,58.87378640776699,50.91025641025641,17,nadt5tbu,,,,,0
13,k6q3olvt,,0,587,587,FinalPage,ThankYou,2026-09-14 02:15:07.617482,1,,,666.67,3,,0.0,M_exp_W_no,,,,,,,,,,,0,0,162,260,,,,,,,,,,,,,,,,,,,2,2,"2, 3",2,0.0,0.0,0.0,0.0,0.0,0,-1,1,0,0,3,162.0,250.0,1,0,0.0,0.0,150.0,150.0,140.0,170.0,Up,Up,50,50,70,40,55.8743961352657,52.10828025477707,58.87378640776699,50.91025641025641,17,nadt5tbu,,,,,0
14,h7g9h66e,,0,587,587,FinalPage,ThankYou,2026-09-14 02:15:07.684465,1,,,1055.56,4,,0.0,M_exp_W_no,,,,,,,,,,,0,0,300,200,,,,,,,,,,,,,,,,,,,2,2,"2, 3",2,0.0,0.0,0.0,0.0,0.0,0,1,-1,0,0,3,162.0,250.0,1,0,0.0,0.0,150.0,150.0,140.0,170.0,Up,Up,50,50,70,40,55.8743961352657,52.10828025477707,58.87378640776699,50.91025641025641,17,nadt5tbu,,,,,0
15,ch700ni6,,0,587,587,FinalPage,ThankYou,2026-09-14 02:15:07.757463,1,,,1166.67,5,,0.0,M_exp_W_no,,,,,,,,,,,0,0,115,120,,,,,,,,,,,,,,,,,,,2,2,"2, 3",2,0.0,0.0,0.0,0.0,0.0,0,-1,-1,0,0,3,162.0,250.0,1,0,0.0,0.0,150.0,150.0,140.0,170.0,Up,Up,50,50,70,40,55.8743961352657,52.10828025477707,58.87378640776699,50.91025641025641,17,nadt5tbu,,,,,0
16,5doee2qb,,0,587,587,FinalPage,ThankYou,2026-09-14 02:15:07.895834,1,,,1000.0,1,,0.0,M_exp_W_no,,,,,,,,,,,0,0,105,231,,,,,,,,,,,,,,,,,,,2,2,"2, 3",2,0.0,0.0,0.0,0.0,0.0,0,-1,1,0,0,4,108.0,224.0,1,0,0.0,0.0,150.0,120.0,150.0,200.0,Up,Up,50,20,100,50,55.8743961352657,52.10828025477707,58.87378640776699,50.91025641025641,17,nadt5tbu,,,,,0
17,fjk39fjv,,0,587,587,FinalPage,ThankYou,2026-09-14 02:15:08.036259,1,,,944.44,2,,0.0,M_exp_W_no,,,,,,,,,,,0,0,100,215,,,,,,,,,,,,,,,,,,,2,2,"2, 3",2,0.0,0.0,0.0,0.0,0.0,0,-1,-1,0,0,4,108.0,224.0,1,0,0.0,0.0,150.0,120.0,150.0,200.0,Up,Up,50,20,100,50,55.8743961352657,52.10828025477707,58.87378640776699,50.91025641025641,17,nadt5tbu,,,,,0
18,uv9wmkop,,0,587,587,FinalPage,ThankYou,2026-09-14 02:15:08.071998,1,,,1055.56,3,,0.0,M_exp_W_no,,,,,,,,,,,0,0,108,224,,,,,,,,,,,,,,,,,,,2,2,"2, 3",2,0.0,0.0,0.0,0.0,0.0,0,0,0,0,0,4,108.0,224.0,1,0,0.0,0.0,150.0,120.0,150.0,200.0,Up,Up,50,20,100,50,55.8743961352657,52.10828025477707,58.87378640776699,50.91025641025641,17,nadt5tbu,,,,,0
19,tdb9pvu4,,0,587,587,FinalPage,ThankYou,2026-09-14 02:15:08.116238,1,,,1333.33,4,,0.0,M_exp_W_no,,,,,,,,,,,0,0,112,125,,,,,,,,,,,,,,,,,,,2,2,"2, 3",2,0.0,0.0,0.0,0.0,0.0,0,1,-1,0,0,4,108.0,224.0,1,0,0.0,0.0,150.0,120.0,150.0,200.0,Up,Up,50,20,100,50,55.8743961352657,52.10828025477707,58.87378640776699,50.91025641025641,17,nadt5tbu,,,,,0
20,vlzegfsh,,0,587,587,FinalPage,ThankYou,2026-09-14 02:15:08.476802,1,,,1055.56,5,,0.0,M_exp_W_no,,,,,,,,,,,0,0,113,230,,,,,,,,,,,,,,,,,,,2,2,"2, 3",2,0.0,0.0,0.0,0.0,0.0,0,1,1,0,0,4,108.0,224.0,1,0,0.0,0.0,150.0,120.0,150.0,200.0,Up,Up,50,20,100,50,55.8743961352657,52.10828025477707,58.87378640776699,50.91025641025641,17,nadt5tbu,,,,,0
21,vijmhlvg,,0,587,587,FinalPage,ThankYou,2026-09-14 02:15:39.856834,1,,,722.22,1,,0.0,M_exp_W_no,,,,,,,,,,,0,0,195,100,,,,,,,,,,,,,,,,,,,2,2,"2, 3",2,0.0,0.0,0.0,0.0,0.0,0,0,-1,0,0,5,195.0,105.0,0,1,0.0,0.0,140.0,200.0,150.0,200.0,Up,Up,40,100,50,100,55.8743961352657,52.10828025477707,58.87378640776699,50.91025641025641,17,nadt5tbu,,,,,0
22,8e240a8t,,0,587,587,FinalPage,ThankYou,2026-09-14 02:15:40.077595,1,,,1555.56,2,,0.0,M_exp_W_no,,,,,,,,,,,0,0,200,104,,,,,,,,,,,,,,,,,,,2,2,"2, 3",2,0.0,0.0,0.0,0.0,0.0,0,1,-1,0,0,5,195.0,105.0,0,1,0.0,0.0,140.0,200.0,150.0,200.0,Up,Up,40,100,50,100,55.8743961352657,52.10828025477707,58.87378640776699,50.91025641025641,17,nadt5tbu,,,,,0
23,djq10sre,,0,587,587,FinalPage,ThankYou,2026-09-14 02:15:41.471659,1,,,1444.44,3,,0.0,M_exp_W_no,,,,,,,,,,,0,0,118,110,,,,,,,,,,,,,,,,,,,2,2,"2, 3",2,0.0,0.0,0.0,0.0,0.0,0,-1,1,0,0,5,195.0,105.0,0,1,0.0,0.0,140.0,200.0,150.0,200.0,Up,Up,40,100,50,100,55.8743961352657,52.10828025477707,58.87378640776699,50.91025641025641,17,nadt5tbu,,,,,0
24,1rm0kasi,,0,587,587,FinalPage,ThankYou,2026-09-14 02:15:41.530653,1,,,833.33,4,,0.0,M_exp_W_no,,,,,,,,,,,0,0,170,199,,,,,,,,,,,,,,,,,,,2,2,"2, 3",2,0.0,0.0,0.0,0.0,0.0,0,-1,1,0,0,5,195.0,105.0,0,1,0.0,0.0,140.0,200.0,150.0,200.0,Up,Up,40,100,50,100,55.8743961352657,52.10828025477707,58.87378640776699,50.91025641025641,17,nadt5tbu,,,,,0
25,5ddpdjuo,,0,587,587,FinalPage,ThankYou,2026-09-14 02:15:41.539007,1,,,833.33,5,,0.0,M_exp_W_no,,,,,,,,,,,0,0,202,105,,,,,,,,,,,,,,,,,,,2,2,"2, 3",2,0.0,0.0,0.0,0.0,0.0,0,1,0,0,0,5,195.0,105.0,0,1,0.0,0.0,140.0,200.0,150.0,200.0,Up,Up,40,100,50,100,55.8743961352657,52.10828025477707,58.87378640776699,50.91025641025641,17,nadt5tbu,,,,,0
1,2vm7punw,,0,587,587,FinalPage,ThankYou,2026-09-14 02:15:05.747324,1,,,0.0,1,,0.0,M_exp_W_no,,,,,,,,,,,0,0,341,9,,,,,,,,,,,,,,,,,,,2,2,"2, 3",2,0.0,0.0,0.0,0.0,0.0,0,0,-1,0,0,1,341.0,15.0,1,1,0.0,0.0,75.0,150.0,75.0,120.0,Down,Up,50,50,50,20,55.8743961352657,52.10828025477707,58.87378640776699,50.91025641025641,18,nadt5tbu,,,,,0
2,wfmrxna9,,0,587,587,FinalPage,ThankYou,2026-09-14 02:15:06.802245,1,,,444.44,2,,0.0,M_exp_W_no,,,,,,,,,,,0,0,1,599,,,,,,,,,,,,,,,,,,,2,2,"2, 3",2,0.0,0.0,0.0,0.0,0.0,0,-1,1,0,0,1,341.0,15.0,1,1,0.0,0.0,75.0,150.0,75.0,120.0,Down,Up,50,50,50,20,55.8743961352657,52.10828025477707,58.87378640776699,50.91025641025641,18,nadt5tbu,,,,,0
3,s57od4iz,,0,587,587,FinalPage,ThankYou,2026-09-14 02:15:06.853467,1,,,444.44,3,,0.0,M_exp_W_no,,,,,,,,,,,0,0,200,10,,,,,,,,,,,,,,,,,,,2,2,"2, 3",2,0.0,0.0,0.0,0.0,0.0,0,-1,-1,0,0,1,341.0,15.0,1,1,0.0,0.0,75.0,150.0,75.0,120.0,Down,Up,50,50,50,20,55.8743961352657,52.10828025477707,58.87378640776699,50.91025641025641,18,nadt5tbu,,,,,0
4,sem2q323,,0,587,587,FinalPage,ThankYou,2026-09-14 02:15:06.992089,1,,,666.67,4,,0.0,M_exp_W_no,,,,,,,,,,,0,0,350,15,,,,,,,,,,,,,,,,,,,2,2,"2, 3",2,0.0,0.0,0.0,0.0,0.0,0,1,0,0,0,1,341.0,15.0,1,1,0.0,0.0,75.0,150.0,75.0,120.0,Down,Up,50,50,50,20,55.8743961352657,52.10828025477707,58.87378640776699,50.91025641025641,18,nadt5tbu,,,,,0
5,pmhhauc6,,0,587,587,FinalPage,ThankYou,2026-09-14 02:15:07.029668,1,,,1333.33,5,,0.0,M_exp_W_no,,,,,,,,,,,0,0,341,20,,,,,,,,,,,,,,,,,,,2,2,"2, 3",2,0.0,0.0,0.0,0.0,0.0,0,1,1,0,0,1,341.0,15.0,1,1,0.0,0.0,75.0,150.0,75.0,120.0,Down,Up,50,50,50,20,55.8743961352657,52.10828025477707,58.87378640776699,50.91025641025641,18,nadt5tbu,,,,,0
6,bc7n6071,,0,587,587,FinalPage,ThankYou,2026-09-14 02:15:07.064006,1,,,777.78,1,,0.0,M_exp_W_no,,,,,,,,,,,0,0,150,450,,,,,,,,,,,,,,,,,,,2,2,"2, 3",2,0.0,0.0,0.0,0.0,0.0,0,0,1,0,0,2,150.0,400.0,0,0,0.0,0.0,75.0,150.0,140.0,75.0,Up,Down,50,50,50,40,55.8743961352657,52.10828025477707,58.87378640776699,50.91025641025641,18,nadt5tbu,,,,,0
7,j2qhej8d,,0,587,587,FinalPage,ThankYou,2026-09-14 02:15:07.208423,1,,,833.33,2,,0.0,M_exp_W_no,,,,,,,,,,,0,0,147,406,,,,,,,,,,,,,,,,,,,2,2,"2, 3",2,0.0,0.0,0.0,0.0,0.0,0,-1,1,0,0,2,150.0,400.0,0,0,0.0,0.0,75.0,150.0,140.0,75.0,Up,Down,50,50,50,40,55.8743961352657,52.10828025477707,58.87378640776699,50.91025641025641,18,nadt5tbu,,,,,0
8,nt0omp7o,,0,587,587,FinalPage,ThankYou,2026-09-14 02:15:07.220244,1,,,611.11,3,,0.0,M_exp_W_no,,,,,,,,,,,0,0,150,400,,,,,,,,,,,,,,,,,,,2,2,"2, 3",2,0.0,0.0,0.0,0.0,0.0,0,-1,-1,0,0,2,150.0,400.0,0,0,0.0,0.0,75.0,150.0,140.0,75.0,Up,Down,50,50,50,40,55.8743961352657,52.10828025477707,58.87378640776699,50.91025641025641,18,nadt5tbu,,,,,0
9,3vy48gux,,0,587,587,FinalPage,ThankYou,2026-09-14 02:15:07.391021,1,,,333.33,4,,0.0,M_exp_W_no,,,,,,,,,,,0,0,205,395,,,,,,,,,,,,,,,,,,,2,2,"2, 3",2,0.0,0.0,0.0,0.0,0.0,0,1,-1,0,0,2,150.0,400.0,0,0,0.0,0.0,75.0,150.0,140.0,75.0,Up,Down,50,50,50,40,55.8743961352657,52.10828025477707,58.87378640776699,50.91025641025641,18,nadt5tbu,,,,,0
10,zzkx5xsm,,0,587,587,FinalPage,ThankYou,2026-09-14 02:15:07.400171,1,,,1000.0,5,,0.0,M_exp_W_no,,,,,,,,,,,0,0,155,400,,,,,,,,,,,,,,,,,,,2,2,"2, 3",2,0.0,0.0,0.0,0.0,0.0,0,1,0,0,0,2,150.0,400.0,0,0,0.0,0.0,75.0,150.0,140.0,75.0,Up,Down,50,50,50,40,55.8743961352657,52.10828025477707,58.87378640776699,50.91025641025641,18,nadt5tbu,,,,,0
11,qd0f31id,,0,587,587,FinalPage,ThankYou,2026-09-14 02:15:07.489316,1,,,944.44,1,,0.0,M_exp_W_no,,,,,,,,,,,0,0,164,249,,,,,,,,,,,,,,,,,,,2,2,"2, 3",2,0.0,0.0,0.0,0.0,0.0,0,0,-1,0,0,3,164.0,250.0,1,0,0.0,0.0,150.0,150.0,140.0,170.0,Up,Up,50,50,70,40,55.8743961352657,52.10828025477707,58.87378640776699,50.91025641025641,18,nadt5tbu,,,,,0
12,gllc2565,,0,587,587,FinalPage,ThankYou,2026-09-14 02:15:07.586847,1,,,888.89,2,,0.0,M_exp_W_no,,,,,,,,,,,0,0,163,250,,,,,,,,,,,,,,,,,,,2,2,"2, 3",2,0.0,0.0,0.0,0.0,0.0,0,-1,0,0,0,3,164.0,250.0,1,0,0.0,0.0,150.0,150.0,140.0,170.0,Up,Up,50,50,70,40,55.8743961352657,52.10828025477707,58.87378640776699,50.91025641025641,18,nadt5tbu,,,,,0
13,k6q3olvt,,0,587,587,FinalPage,ThankYou,2026-09-14 02:15:07.617482,1,,,666.67,3,,0.0,M_exp_W_no,,,,,,,,,,,0,0,165,260,,,,,,,,,,,,,,,,,,,2,2,"2, 3",2,0.0,0.0,0.0,0.0,0.0,0,1,1,0,0,3,164.0,250.0,1,0,0.0,0.0,150.0,150.0,140.0,170.0,Up,Up,50,50,70,40,55.8743961352657,52.10828025477707,58.87378640776699,50.91025641025641,18,nadt5tbu,,,,,0
14,h7g9h66e,,0,587,587,FinalPage,ThankYou,2026-09-14 02:15:07.684465,1,,,1055.56,4,,0.0,M_exp_W_no,,,,,,,,,,,0,0,180,290,,,,,,,,,,,,,,,,,,,2,2,"2, 3",2,0.0,0.0,0.0,0.0,0.0,0,1,1,0,0,3,164.0,250.0,1,0,0.0,0.0,150.0,150.0,140.0,170.0,Up,Up,50,50,70,40,55.8743961352657,52.10828025477707,58.87378640776699,50.91025641025641,18,nadt5tbu,,,,,0
15,ch700ni6,,0,587,587,FinalPage,ThankYou,2026-09-14 02:15:07.757463,1,,,1166.67,5,,0.0,M_exp_W_no,,,,,,,,,,,0,0,115,120,,,,,,,,,,,,,,,,,,,2,2,"2, 3",2,0.0,0.0,0.0,0.0,0.0,0,-1,-1,0,0,3,164.0,250.0,1,0,0.0,0.0,150.0,150.0,140.0,170.0,Up,Up,50,50,70,40,55.8743961352657,52.10828025477707,58.87378640776699,50.91025641025641,18,nadt5tbu,,,,,0
16,5doee2qb,,0,587,587,FinalPage,ThankYou,2026-09-14 02:15:07.895834,1,,,1000.0,1,,0.0,M_exp_W_no,,,,,,,,,,,0,0,110,230,,,,,,,,,,,,,,,,,,,2,2,"2, 3",2,0.0,0.0,0.0,0.0,0.0,0,-1,1,0,0,4,112.0,228.0,1,0,0.0,0.0,150.0,120.0,150.0,200.0,Up,Up,50,20,100,50,55.8743961352657,52.10828025477707,58.87378640776699,50.91025641025641,18,nadt5tbu,,,,,0
17,fjk39fjv,,0,587,587,FinalPage,ThankYou,2026-09-14 02:15:08.036259,1,,,944.44,2,,0.0,M_exp_W_no,,,,,,,,,,,0,0,105,220,,,,,,,,,,,,,,,,,,,2,2,"2, 3",2,0.0,0.0,0.0,0.0,0.0,0,-1,-1,0,0,4,112.0,228.0,1,0,0.0,0.0,150.0,120.0,150.0,200.0,Up,Up,50,20,100,50,55.8743961352657,52.10828025477707,58.87378640776699,50.91025641025641,18,nadt5tbu,,,,,0
18,uv9wmkop,,0,587,587,FinalPage,ThankYou,2026-09-14 02:15:08.071998,1,,,1055.56,3,,0.0,M_exp_W_no,,,,,,,,,,,0,0,112,228,,,,,,,,,,,,,,,,,,,2,2,"2, 3",2,0.0,0.0,0.0,0.0,0.0,0,0,0,0,0,4,112.0,228.0,1,0,0.0,0.0,150.0,120.0,150.0,200.0,Up,Up,50,20,100,50,55.8743961352657,52.10828025477707,58.87378640776699,50.91025641025641,18,nadt5tbu,,,,,0
19,tdb9pvu4,,0,587,587,FinalPage,ThankYou,2026-09-14 02:15:08.116238,1,,,1333.33,4,,0.0,M_exp_W_no,,,,,,,,,,,0,0,115,125,,,,,,,,,,,,,,,,,,,2,2,"2, 3",2,0.0,0.0,0.0,0.0,0.0,0,1,-1,0,0,4,112.0,228.0,1,0,0.0,0.0,150.0,120.0,150.0,200.0,Up,Up,50,20,100,50,55.8743961352657,52.10828025477707,58.87378640776699,50.91025641025641,18,nadt5tbu,,,,,0
20,vlzegfsh,,0,587,587,FinalPage,ThankYou,2026-09-14 02:15:08.476802,1,,,1055.56,5,,0.0,M_exp_W_no,,,,,,,,,,,0,0,113,235,,,,,,,,,,,,,,,,,,,2,2,"2, 3",2,0.0,0.0,0.0,0.0,0.0,0,1,1,0,0,4,112.0,228.0,1,0,0.0,0.0,150.0,120.0,150.0,200.0,Up,Up,50,20,100,50,55.8743961352657,52.10828025477707,58.87378640776699,50.91025641025641,18,nadt5tbu,,,,,0
21,vijmhlvg,,0,587,587,FinalPage,ThankYou,2026-09-14 02:15:39.856834,1,,,722.22,1,,0.0,M_exp_W_no,,,,,,,,,,,0,0,191,102,,,,,,,,,,,,,,,,,,,2,2,"2, 3",2,0.0,0.0,0.0,0.0,0.0,0,1,0,0,0,5,190.0,102.0,0,1,0.0,0.0,140.0,200.0,150.0,200.0,Up,Up,40,100,50,100,55.8743961352657,52.10828025477707,58.87378640776699,50.91025641025641,18,nadt5tbu,,,,,0
22,8e240a8t,,0,587,587,FinalPage,ThankYou,2026-09-14 02:15:40.077595,1,,,1555.56,2,,0.0,M_exp_W_no,,,,,,,,,,,0,0,190,100,,,,,,,,,,,,,,,,,,,2,2,"2, 3",2,0.0,0.0,0.0,0.0,0.0,0,0,-1,0,0,5,190.0,102.0,0,1,0.0,0.0,140.0,200.0,150.0,200.0,Up,Up,40,100,50,100,55.8743961352657,52.10828025477707,58.87378640776699,50.91025641025641,18,nadt5tbu,,,,,0
23,djq10sre,,0,587,587,FinalPage,ThankYou,2026-09-14 02:15:41.471659,1,,,1444.44,3,,0.0,M_exp_W_no,,,,,,,,,,,0,0,118,110,,,,,,,,,,,,,,,,,,,2,2,"2, 3",2,0.0,0.0,0.0,0.0,0.0,0,-1,1,0,0,5,190.0,102.0,0,1,0.0,0.0,140.0,200.0,150.0,200.0,Up,Up,40,100,50,100,55.8743961352657,52.10828025477707,58.87378640776699,50.91025641025641,18,nadt5tbu,,,,,0
24,1rm0kasi,,0,587,587,FinalPage,ThankYou,2026-09-14 02:15:41.530653,1,,,833.33,4,,0.0,M_exp_W_no,,,,,,,,,,,0,0,175,99,,,,,,,,,,,,,,,,,,,2,2,"2, 3",2,0.0,0.0,0.0,0.0,0.0,0,-1,-1,0,0,5,190.0,102.0,0,1,0.0,0.0,140.0,200.0,150.0,200.0,Up,Up,40,100,50,100,55.8743961352657,52.10828025477707,58.87378640776699,50.91025641025641,18,nadt5tbu,,,,,0
25,5ddpdjuo,,0,587,587,FinalPage,ThankYou,2026-09-14 02:15:41.539007,1,,,833.33,5,,0.0,M_exp_W_no,,,,,,,,,,,0,0,200,107,,,,,,,,,,,,,,,,,,,2,2,"2, 3",2,0.0,0.0,0.0,0.0,0.0,0,1,1,0,0,5,190.0,102.0,0,1,0.0,0.0,140.0,200.0,150.0,200.0,Up,Up,40,100,50,100,55.8743961352657,52.10828025477707,58.87378640776699,50.91025641025641,18,nadt5tbu,,,,,0
1,2vm7punw,,0,587,587,FinalPage,ThankYou,2026-09-14 02:15:05.747324,1,,,0.0,1,,0.0,M_exp_W_no,,,,,,,,,,,0,0,300,9,,,,,,,,,,,,,,,,,,,2,2,"2, 3",2,0.0,0.0,0.0,0.0,0.0,0,-1,-1,0,0,1,345.0,10.0,1,1,0.0,0.0,75.0,150.0,75.0,120.0,Down,Up,50,50,50,20,55.8743961352657,52.10828025477707,58.87378640776699,50.91025641025641,19,nadt5tbu,,,,,0
2,wfmrxna9,,0,587,587,FinalPage,ThankYou,2026-09-14 02:15:06.802245,1,,,444.44,2,,0.0,M_exp_W_no,,,,,,,,,,,0,0,599,1,,,,,,,,,,,,,,,,,,,2,2,"2, 3",2,0.0,0.0,0.0,0.0,0.0,0,1,-1,0,0,1,345.0,10.0,1,1,0.0,0.0,75.0,150.0,75.0,120.0,Down,Up,50,50,50,20,55.8743961352657,52.10828025477707,58.87378640776699,50.91025641025641,19,nadt5tbu,,,,,0
3,s57od4iz,,0,587,587,FinalPage,ThankYou,2026-09-14 02:15:06.853467,1,,,444.44,3,,0.0,M_exp_W_no,,,,,,,,,,,0,0,300,10,,,,,,,,,,,,,,,,,,,2,2,"2, 3",2,0.0,0.0,0.0,0.0,0.0,0,-1,0,0,0,1,345.0,10.0,1,1,0.0,0.0,75.0,150.0,75.0,120.0,Down,Up,50,50,50,20,55.8743961352657,52.10828025477707,58.87378640776699,50.91025641025641,19,nadt5tbu,,,,,0
4,sem2q323,,0,587,587,FinalPage,ThankYou,2026-09-14 02:15:06.992089,1,,,666.67,4,,0.0,M_exp_W_no,,,,,,,,,,,0,0,350,10,,,,,,,,,,,,,,,,,,,2,2,"2, 3",2,0.0,0.0,0.0,0.0,0.0,0,1,1,0,0,1,345.0,10.0,1,1,0.0,0.0,75.0,150.0,75.0,120.0,Down,Up,50,50,50,20,55.8743961352657,52.10828025477707,58.87378640776699,50.91025641025641,19,nadt5tbu,,,,,0
5,pmhhauc6,,0,587,587,FinalPage,ThankYou,2026-09-14 02:15:07.029668,1,,,1333.33,5,,0.0,M_exp_W_no,,,,,,,,,,,0,0,345,15,,,,,,,,,,,,,,,,,,,2,2,"2, 3",2,0.0,0.0,0.0,0.0,0.0,0,0,1,0,0,1,345.0,10.0,1,1,0.0,0.0,75.0,150.0,75.0,120.0,Down,Up,50,50,50,20,55.8743961352657,52.10828025477707,58.87378640776699,50.91025641025641,19,nadt5tbu,,,,,0
6,bc7n6071,,0,587,587,FinalPage,ThankYou,2026-09-14 02:15:07.064006,1,,,777.78,1,,0.0,M_exp_W_no,,,,,,,,,,,0,0,150,450,,,,,,,,,,,,,,,,,,,2,2,"2, 3",2,0.0,0.0,0.0,0.0,0.0,0,-1,1,0,0,2,151.0,405.0,0,0,0.0,0.0,75.0,150.0,140.0,75.0,Up,Down,50,50,50,40,55.8743961352657,52.10828025477707,58.87378640776699,50.91025641025641,19,nadt5tbu,,,,,0
7,j2qhej8d,,0,587,587,FinalPage,ThankYou,2026-09-14 02:15:07.208423,1,,,833.33,2,,0.0,M_exp_W_no,,,,,,,,,,,0,0,148,406,,,,,,,,,,,,,,,,,,,2,2,"2, 3",2,0.0,0.0,0.0,0.0,0.0,0,-1,1,0,0,2,151.0,405.0,0,0,0.0,0.0,75.0,150.0,140.0,75.0,Up,Down,50,50,50,40,55.8743961352657,52.10828025477707,58.87378640776699,50.91025641025641,19,nadt5tbu,,,,,0
8,nt0omp7o,,0,587,587,FinalPage,ThankYou,2026-09-14 02:15:07.220244,1,,,611.11,3,,0.0,M_exp_W_no,,,,,,,,,,,0,0,151,399,,,,,,,,,,,,,,,,,,,2,2,"2, 3",2,0.0,0.0,0.0,0.0,0.0,0,0,-1,0,0,2,151.0,405.0,0,0,0.0,0.0,75.0,150.0,140.0,75.0,Up,Down,50,50,50,40,55.8743961352657,52.10828025477707,58.87378640776699,50.91025641025641,19,nadt5tbu,,,,,0
9,3vy48gux,,0,587,587,FinalPage,ThankYou,2026-09-14 02:15:07.391021,1,,,333.33,4,,0.0,M_exp_W_no,,,,,,,,,,,0,0,207,393,,,,,,,,,,,,,,,,,,,2,2,"2, 3",2,0.0,0.0,0.0,0.0,0.0,0,1,-1,0,0,2,151.0,405.0,0,0,0.0,0.0,75.0,150.0,140.0,75.0,Up,Down,50,50,50,40,55.8743961352657,52.10828025477707,58.87378640776699,50.91025641025641,19,nadt5tbu,,,,,0
10,zzkx5xsm,,0,587,587,FinalPage,ThankYou,2026-09-14 02:15:07.400171,1,,,1000.0,5,,0.0,M_exp_W_no,,,,,,,,,,,0,0,155,405,,,,,,,,,,,,,,,,,,,2,2,"2, 3",2,0.0,0.0,0.0,0.0,0.0,0,1,0,0,0,2,151.0,405.0,0,0,0.0,0.0,75.0,150.0,140.0,75.0,Up,Down,50,50,50,40,55.8743961352657,52.10828025477707,58.87378640776699,50.91025641025641,19,nadt5tbu,,,,,0
11,qd0f31id,,0,587,587,FinalPage,ThankYou,2026-09-14 02:15:07.489316,1,,,944.44,1,,0.0,M_exp_W_no,,,,,,,,,,,0,0,165,251,,,,,,,,,,,,,,,,,,,2,2,"2, 3",2,0.0,0.0,0.0,0.0,0.0,0,0,1,0,0,3,165.0,250.0,1,0,0.0,0.0,150.0,150.0,140.0,170.0,Up,Up,50,50,70,40,55.8743961352657,52.10828025477707,58.87378640776699,50.91025641025641,19,nadt5tbu,,,,,0
12,gllc2565,,0,587,587,FinalPage,ThankYou,2026-09-14 02:15:07.586847,1,,,888.89,2,,0.0,M_exp_W_no,,,,,,,,,,,0,0,165,250,,,,,,,,,,,,,,,,,,,2,2,"2, 3",2,0.0,0.0,0.0,0.0,0.0,0,1,1,0,0,3,165.0,250.0,1,0,0.0,0.0,150.0,150.0,140.0,170.0,Up,Up,50,50,70,40,55.8743961352657,52.10828025477707,58.87378640776699,50.91025641025641,19,nadt5tbu,,,,,0
13,k6q3olvt,,0,587,587,FinalPage,ThankYou,2026-09-14 02:15:07.617482,1,,,666.67,3,,0.0,M_exp_W_no,,,,,,,,,,,0,0,170,250,,,,,,,,,,,,,,,,,,,2,2,"2, 3",2,0.0,0.0,0.0,0.0,0.0,0,1,0,0,0,3,165.0,250.0,1,0,0.0,0.0,150.0,150.0,140.0,170.0,Up,Up,50,50,70,40,55.8743961352657,52.10828025477707,58.87378640776699,50.91025641025641,19,nadt5tbu,,,,,0
14,h7g9h66e,,0,587,587,FinalPage,ThankYou,2026-09-14 02:15:07.684465,1,,,1055.56,4,,0.0,M_exp_W_no,,,,,,,,,,,0,0,150,240,,,,,,,,,,,,,,,,,,,2,2,"2, 3",2,0.0,0.0,0.0,0.0,0.0,0,-1,-1,0,0,3,165.0,250.0,1,0,0.0,0.0,150.0,150.0,140.0,170.0,Up,Up,50,50,70,40,55.8743961352657,52.10828025477707,58.87378640776699,50.91025641025641,19,nadt5tbu,,,,,0
15,ch700ni6,,0,587,587,FinalPage,ThankYou,2026-09-14 02:15:07.757463,1,,,1166.67,5,,0.0,M_exp_W_no,,,,,,,,,,,0,0,115,120,,,,,,,,,,,,,,,,,,,2,2,"2, 3",2,0.0,0.0,0.0,0.0,0.0,0,-1,-1,0,0,3,165.0,250.0,1,0,0.0,0.0,150.0,150.0,140.0,170.0,Up,Up,50,50,70,40,55.8743961352657,52.10828025477707,58.87378640776699,50.91025641025641,19,nadt5tbu,,,,,0
16,5doee2qb,,0,587,587,FinalPage,ThankYou,2026-09-14 02:15:07.895834,1,,,1000.0,1,,0.0,M_exp_W_no,,,,,,,,,,,0,0,115,238,,,,,,,,,,,,,,,,,,,2,2,"2, 3",2,0.0,0.0,0.0,0.0,0.0,0,0,1,0,0,4,115.0,235.0,1,0,0.0,0.0,150.0,120.0,150.0,200.0,Up,Up,50,20,100,50,55.8743961352657,52.10828025477707,58.87378640776699,50.91025641025641,19,nadt5tbu,,,,,0
17,fjk39fjv,,0,587,587,FinalPage,ThankYou,2026-09-14 02:15:08.036259,1,,,944.44,2,,0.0,M_exp_W_no,,,,,,,,,,,0,0,107,223,,,,,,,,,,,,,,,,,,,2,2,"2, 3",2,0.0,0.0,0.0,0.0,0.0,0,-1,-1,0,0,4,115.0,235.0,1,0,0.0,0.0,150.0,120.0,150.0,200.0,Up,Up,50,20,100,50,55.8743961352657,52.10828025477707,58.87378640776699,50.91025641025641,19,nadt5tbu,,,,,0
18,uv9wmkop,,0,587,587,FinalPage,ThankYou,2026-09-14 02:15:08.071998,1,,,1055.56,3,,0.0,M_exp_W_no,,,,,,,,,,,0,0,120,235,,,,,,,,,,,,,,,,,,,2,2,"2, 3",2,0.0,0.0,0.0,0.0,0.0,0,1,0,0,0,4,115.0,235.0,1,0,0.0,0.0,150.0,120.0,150.0,200.0,Up,Up,50,20,100,50,55.8743961352657,52.10828025477707,58.87378640776699,50.91025641025641,19,nadt5tbu,,,,,0
19,tdb9pvu4,,0,587,587,FinalPage,ThankYou,2026-09-14 02:15:08.116238,1,,,1333.33,4,,0.0,M_exp_W_no,,,,,,,,,,,0,0,115,125,,,,,,,,,,,,,,,,,,,2,2,"2, 3",2,0.0,0.0,0.0,0.0,0.0,0,-1,-1,0,0,4,115.0,235.0,1,0,0.0,0.0,150.0,120.0,150.0,200.0,Up,Up,50,20,100,50,55.8743961352657,52.10828025477707,58.87378640776699,50.91025641025641,19,nadt5tbu,,,,,0
20,vlzegfsh,,0,587,587,FinalPage,ThankYou,2026-09-14 02:15:08.476802,1,,,1055.56,5,,0.0,M_exp_W_no,,,,,,,,,,,0,0,117,238,,,,,,,,,,,,,,,,,,,2,2,"2, 3",2,0.0,0.0,0.0,0.0,0.0,0,1,1,0,0,4,115.0,235.0,1,0,0.0,0.0,150.0,120.0,150.0,200.0,Up,Up,50,20,100,50,55.8743961352657,52.10828025477707,58.87378640776699,50.91025641025641,19,nadt5tbu,,,,,0
21,vijmhlvg,,0,587,587,FinalPage,ThankYou,2026-09-14 02:15:39.856834,1,,,722.22,1,,0.0,M_exp_W_no,,,,,,,,,,,0,0,184,99,,,,,,,,,,,,,,,,,,,2,2,"2, 3",2,0.0,0.0,0.0,0.0,0.0,0,0,-1,0,0,5,184.0,102.0,0,1,0.0,0.0,140.0,200.0,150.0,200.0,Up,Up,40,100,50,100,55.8743961352657,52.10828025477707,58.87378640776699,50.91025641025641,19,nadt5tbu,,,,,0
22,8e240a8t,,0,587,587,FinalPage,ThankYou,2026-09-14 02:15:40.077595,1,,,1555.56,2,,0.0,M_exp_W_no,,,,,,,,,,,0,0,187,102,,,,,,,,,,,,,,,,,,,2,2,"2, 3",2,0.0,0.0,0.0,0.0,0.0,0,1,0,0,0,5,184.0,102.0,0,1,0.0,0.0,140.0,200.0,150.0,200.0,Up,Up,40,100,50,100,55.8743961352657,52.10828025477707,58.87378640776699,50.91025641025641,19,nadt5tbu,,,,,0
23,djq10sre,,0,587,587,FinalPage,ThankYou,2026-09-14 02:15:41.471659,1,,,1444.44,3,,0.0,M_exp_W_no,,,,,,,,,,,0,0,118,110,,,,,,,,,,,,,,,,,,,2,2,"2, 3",2,0.0,0.0,0.0,0.0,0.0,0,-1,1,0,0,5,184.0,102.0,0,1,0.0,0.0,140.0,200.0,150.0,200.0,Up,Up,40,100,50,100,55.8743961352657,52.10828025477707,58.87378640776699,50.91025641025641,19,nadt5tbu,,,,,0
24,1rm0kasi,,0,587,587,FinalPage,ThankYou,2026-09-14 02:15:41.530653,1,,,833.33,4,,0.0,M_exp_W_no,,,,,,,,,,,0,0,180,99,,,,,,,,,,,,,,,,,,,2,2,"2, 3",2,0.0,0.0,0.0,0.0,0.0,0,-1,-1,0,0,5,184.0,102.0,0,1,0.0,0.0,140.0,200.0,150.0,200.0,Up,Up,40,100,50,100,55.8743961352657,52.10828025477707,58.87378640776699,50.91025641025641,19,nadt5tbu,,,,,0
25,5ddpdjuo,,0,587,587,FinalPage,ThankYou,2026-09-14 02:15:41.539007,1,,,833.33,5,,0.0,M_exp_W_no,,,,,,,,,,,0,0,192,105,,,,,,,,,,,,,,,,,,,2,2,"2, 3",2,0.0,0.0,0.0,0.0,0.0,0,1,1,0,0,5,184.0,102.0,0,1,0.0,0.0,140.0,200.0,150.0,200.0,Up,Up,40,100,50,100,55.8743961352657,52.10828025477707,58.87378640776699,50.91025641025641,19,nadt5tbu,,,,,0
1,2vm7punw,,0,587,587,FinalPage,ThankYou,2026-09-14 02:15:05.747324,1,,,0.0,1,,-40.0,M_exp_W_no,,,,,,,,,,,0,0,100,20,,,,,,,,,,,,,,,,,,,2,2,"2, 3",2,0.0,93.0,-133.0,-40.0,0.0,0,0,1,0,0,1,100.0,11.0,1,1,0.0,0.0,75.0,150.0,75.0,120.0,Down,Up,50,50,50,20,55.8743961352657,52.10828025477707,58.87378640776699,50.91025641025641,20,nadt5tbu,,,,,0
2,wfmrxna9,,0,587,587,FinalPage,ThankYou,2026-09-14 02:15:06.802245,1,,,444.44,2,,454.0,M_exp_W_no,,,,,,,,,,,0,0,1,599,,,,,,,,,,,,,,,,,,,2,2,"2, 3",2,0.0,75.0,379.0,454.0,0.0,0,-1,1,0,0,1,100.0,11.0,1,1,0.0,0.0,75.0,150.0,75.0,120.0,Down,Up,50,50,50,20,55.8743961352657,52.10828025477707,58.87378640776699,50.91025641025641,20,nadt5tbu,,,,,0
3,s57od4iz,,0,587,587,FinalPage,ThankYou,2026-09-14 02:15:06.853467,1,,,444.44,3,,403.5,M_exp_W_no,,,,,,,,,,,0,0,100,1,,,,,,,,,,,,,,,,,,,2,2,"2, 3",2,75.0,88.5,240.0,403.5,0.0,0,-1,-1,0,0,1,100.0,11.0,1,1,0.0,0.0,75.0,150.0,75.0,120.0,Down,Up,50,50,50,20,55.8743961352657,52.10828025477707,58.87378640776699,50.91025641025641,20,nadt5tbu,,,,,0
4,sem2q323,,0,587,587,FinalPage,ThankYou,2026-09-14 02:15:06.992089,1,,,666.67,4,,598.25,M_exp_W_no,,,,,,,,,,,0,0,355,5,,,,,,,,,,,,,,,,,,,2,2,"2, 3",2,50.0,77.25,471.0,598.25,0.0,0,1,-1,0,0,1,100.0,11.0,1,1,0.0,0.0,75.0,150.0,75.0,120.0,Down,Up,50,50,50,20,55.8743961352657,52.10828025477707,58.87378640776699,50.91025641025641,20,nadt5tbu,,,,,0
5,pmhhauc6,,0,587,587,FinalPage,ThankYou,2026-09-14 02:15:07.029668,1,,,1333.33,5,,1281.5,M_exp_W_no,,,,,,,,,,,0,0,355,11,,,,,,,,,,,,,,,,,,,2,2,"2, 3",2,95.0,99.75,993.0,1187.75,93.75,1,1,0,0,0,1,100.0,11.0,1,1,0.0,0.0,75.0,150.0,75.0,120.0,Down,Up,50,50,50,20,55.8743961352657,52.10828025477707,58.87378640776699,50.91025641025641,20,nadt5tbu,,,,,0
6,bc7n6071,,0,587,587,FinalPage,ThankYou,2026-09-14 02:15:07.064006,1,,,777.78,1,,682.75,M_exp_W_no,,,,,,,,,,,0,0,150,450,,,,,,,,,,,,,,,,,,,2,2,"2, 3",2,130.0,97.75,455.0,682.75,0.0,0,0,1,0,0,2,150.0,399.0,0,0,0.0,0.0,75.0,150.0,140.0,75.0,Up,Down,50,50,50,40,55.8743961352657,52.10828025477707,58.87378640776699,50.91025641025641,20,nadt5tbu,,,,,0
7,j2qhej8d,,0,587,587,FinalPage,ThankYou,2026-09-14 02:15:07.208423,1,,,833.33,2,,801.45,M_exp_W_no,,,,,,,,,,,0,0,146,407,,,,,,,,,,,,,,,,,,,2,2,"2, 3",2,200.0,96.44999999999999,505.0,801.45,0.0,0,-1,1,0,0,2,150.0,399.0,0,0,0.0,0.0,75.0,150.0,140.0,75.0,Up,Down,50,50,50,40,55.8743961352657,52.10828025477707,58.87378640776699,50.91025641025641,20,nadt5tbu,,,,,0
8,nt0omp7o,,0,587,587,FinalPage,ThankYou,2026-09-14 02:15:07.220244,1,,,611.11,3,,614.5,M_exp_W_no,,,,,,,,,,,0,0,155,399,,,,,,,,,,,,,,,,,,,2,2,"2, 3",2,130.0,94.5,390.0,614.5,0.0,0,1,0,0,0,2,150.0,399.0,0,0,0.0,0.0,75.0,150.0,140.0,75.0,Up,Down,50,50,50,40,55.8743961352657,52.10828025477707,58.87378640776699,50.91025641025641,20,nadt5tbu,,,,,0
9,3vy48gux,,0,587,587,FinalPage,ThankYou,2026-09-14 02:15:07.391021,1,,,333.33,4,,302.75,M_exp_W_no,,,,,,,,,,,0,0,201,399,,,,,,,,,,,,,,,,,,,2,2,"2, 3",2,125.0,97.75,80.0,302.75,0.0,0,1,-1,0,0,2,150.0,399.0,0,0,0.0,0.0,75.0,150.0,140.0,75.0,Up,Down,50,50,50,40,55.8743961352657,52.10828025477707,58.87378640776699,50.91025641025641,20,nadt5tbu,,,,,0
10,zzkx5xsm,,0,587,587,FinalPage,ThankYou,2026-09-14 02:15:07.400171,1,,,1000.0,5,,986.45,M_exp_W_no,,,,,,,,,,,0,0,100,200,,,,,,,,,,,,,,,,,,,2,2,"2, 3",2,170.0,96.44999999999999,720.0,986.45,0.0,0,-1,-1,0,0,2,150.0,399.0,0,0,0.0,0.0,75.0,150.0,140.0,75.0,Up,Down,50,50,50,40,55.8743961352657,52.10828025477707,58.87378640776699,50.91025641025641,20,nadt5tbu,,,,,0
11,qd0f31id,,0,587,587,FinalPage,ThankYou,2026-09-14 02:15:07.489316,1,,,944.44,1,,925.8,M_exp_W_no,,,,,,,,,,,0,0,167,250,,,,,,,,,,,,,,,,,,,2,2,"2, 3",2,180.0,159.8,586.0,925.8,0.0,0,0,0,0,0,3,167.0,250.0,1,0,0.0,0.0,150.0,150.0,140.0,170.0,Up,Up,50,50,70,40,55.8743961352657,52.10828025477707,58.87378640776699,50.91025641025641,20,nadt5tbu,,,,,0
12,gllc2565,,0,587,587,FinalPage,ThankYou,2026-09-14 02:15:07.586847,1,,,888.89,2,,890.0,M_exp_W_no,,,,,,,,,,,0,0,166,250,,,,,,,,,,,,,,,,,,,2,2,"2, 3",2,100.0,170.0,620.0,890.0,0.0,0,-1,-1,0,0,3,167.0,250.0,1,0,0.0,0.0,150.0,150.0,140.0,170.0,Up,Up,50,50,70,40,55.8743961352657,52.10828025477707,58.87378640776699,50.91025641025641,20,nadt5tbu,,,,,0
13,k6q3olvt,,0,587,587,FinalPage,ThankYou,2026-09-14 02:15:07.617482,1,,,666.67,3,,614.0,M_exp_W_no,,,,,,,,,,,0,0,170,260,,,,,,,,,,,,,,,,,,,2,2,"2, 3",2,130.0,158.0,326.0,614.0,0.0,0,1,1,0,0,3,167.0,250.0,1,0,0.0,0.0,150.0,150.0,140.0,170.0,Up,Up,50,50,70,40,55.8743961352657,52.10828025477707,58.87378640776699,50.91025641025641,20,nadt5tbu,,,,,0
14,h7g9h66e,,0,587,587,FinalPage,ThankYou,2026-09-14 02:15:07.684465,1,,,1055.56,4,,989.4,M_exp_W_no,,,,,,,,,,,0,0,180,260,,,,,,,,,,,,,,,,,,,2,2,"2, 3",2,175.0,160.4,654.0,989.4,0.0,0,1,1,0,0,3,167.0,250.0,1,0,0.0,0.0,150.0,150.0,140.0,170.0,Up,Up,50,50,70,40,55.8743961352657,52.10828025477707,58.87378640776699,50.91025641025641,20,nadt5tbu,,,,,0
15,ch700ni6,,0,587,587,FinalPage,ThankYou,2026-09-14 02:15:07.757463,1,,,1166.67,5,,1220.5,M_exp_W_no,,,,,,,,,,,0,0,115,120,,,,,,,,,,,,,,,,,,,2,2,"2, 3",2,150.0,156.5,914.0,1220.5,0.0,0,-1,-1,0,0,3,167.0,250.0,1,0,0.0,0.0,150.0,150.0,140.0,170.0,Up,Up,50,50,70,40,55.8743961352657,52.10828025477707,58.87378640776699,50.91025641025641,20,nadt5tbu,,,,,0
16,5doee2qb,,0,587,587,FinalPage,ThankYou,2026-09-14 02:15:07.895834,1,,,1000.0,1,,920.0,M_exp_W_no,,,,,,,,,,,0,0,110,250,,,,,,,,,,,,,,,,,,,2,2,"2, 3",2,115.0,195.0,610.0,920.0,0.0,0,-1,1,0,0,4,115.0,246.0,1,0,0.0,0.0,150.0,120.0,150.0,200.0,Up,Up,50,20,100,50,55.8743961352657,52.10828025477707,58.87378640776699,50.91025641025641,20,nadt5tbu,,,,,0
17,fjk39fjv,,0,587,587,FinalPage,ThankYou,2026-09-14 02:15:08.036259,1,,,944.44,2,,935.0,M_exp_W_no,,,,,,,,,,,0,0,110,232,,,,,,,,,,,,,,,,,,,2,2,"2, 3",2,110.0,185.0,640.0,935.0,0.0,0,-1,-1,0,0,4,115.0,246.0,1,0,0.0,0.0,150.0,120.0,150.0,200.0,Up,Up,50,20,100,50,55.8743961352657,52.10828025477707,58.87378640776699,50.91025641025641,20,nadt5tbu,,,,,0
18,uv9wmkop,,0,587,587,FinalPage,ThankYou,2026-09-14 02:15:08.071998,1,,,1055.56,3,,1051.5,M_exp_W_no,,,,,,,,,,,0,0,125,250,,,,,,,,,,,,,,,,,,,2,2,"2, 3",2,150.0,166.5,735.0,1051.5,0.0,0,1,1,0,0,4,115.0,246.0,1,0,0.0,0.0,150.0,120.0,150.0,200.0,Up,Up,50,20,100,50,55.8743961352657,52.10828025477707,58.87378640776699,50.91025641025641,20,nadt5tbu,,,,,0
19,tdb9pvu4,,0,587,587,FinalPage,ThankYou,2026-09-14 02:15:08.116238,1,,,1333.33,4,,1327.5,M_exp_W_no,,,,,,,,,,,0,0,115,125,,,,,,,,,,,,,,,,,,,2,2,"2, 3",2,300.0,187.5,840.0,1327.5,0.0,0,0,-1,0,0,4,115.0,246.0,1,0,0.0,0.0,150.0,120.0,150.0,200.0,Up,Up,50,20,100,50,55.8743961352657,52.10828025477707,58.87378640776699,50.91025641025641,20,nadt5tbu,,,,,0
20,vlzegfsh,,0,587,587,FinalPage,ThankYou,2026-09-14 02:15:08.476802,1,,,1055.56,5,,1062.5,M_exp_W_no,,,,,,,,,,,0,0,121,246,,,,,,,,,,,,,,,,,,,2,2,"2, 3",2,200.0,187.5,675.0,1062.5,0.0,0,1,0,0,0,4,115.0,246.0,1,0,0.0,0.0,150.0,120.0,150.0,200.0,Up,Up,50,20,100,50,55.8743961352657,52.10828025477707,58.87378640776699,50.91025641025641,20,nadt5tbu,,,,,0
21,vijmhlvg,,0,587,587,FinalPage,ThankYou,2026-09-14 02:15:39.856834,1,,,722.22,1,,748.0,M_exp_W_no,,,,,,,,,,,0,0,172,99,,,,,,,,,,,,,,,,,,,2,2,"2, 3",2,300.0,150.0,298.0,748.0,0.0,0,-1,-1,0,0,5,175.0,103.0,0,1,0.0,0.0,140.0,200.0,150.0,200.0,Up,Up,40,100,50,100,55.8743961352657,52.10828025477707,58.87378640776699,50.91025641025641,20,nadt5tbu,,,,,0
22,8e240a8t,,0,587,587,FinalPage,ThankYou,2026-09-14 02:15:40.077595,1,,,1555.56,2,,1502.0,M_exp_W_no,,,,,,,,,,,0,0,175,103,,,,,,,,,,,,,,,,,,,2,2,"2, 3",2,150.0,160.0,1192.0,1502.0,0.0,0,0,1,0,0,5,175.0,103.0,0,1,0.0,0.0,140.0,200.0,150.0,200.0,Up,Up,40,100,50,100,55.8743961352657,52.10828025477707,58.87378640776699,50.91025641025641,20,nadt5tbu,,,,,0
23,djq10sre,,0,587,587,FinalPage,ThankYou,2026-09-14 02:15:41.471659,1,,,1444.44,3,,1357.0,M_exp_W_no,,,,,,,,,,,0,0,118,110,,,,,,,,,,,,,,,,,,,2,2,"2, 3",2,130.0,172.0,920.0,1222.0,135.0,1,-1,1,0,0,5,175.0,103.0,0,1,0.0,0.0,140.0,200.0,150.0,200.0,Up,Up,40,100,50,100,55.8743961352657,52.10828025477707,58.87378640776699,50.91025641025641,20,nadt5tbu,,,,,0
24,1rm0kasi,,0,587,587,FinalPage,ThankYou,2026-09-14 02:15:41.530653,1,,,833.33,4,,849.5,M_exp_W_no,,,,,,,,,,,0,0,175,99,,,,,,,,,,,,,,,,,,,2,2,"2, 3",2,150.0,181.5,518.0,849.5,0.0,0,1,-1,0,0,5,175.0,103.0,0,1,0.0,0.0,140.0,200.0,150.0,200.0,Up,Up,40,100,50,100,55.8743961352657,52.10828025477707,58.87378640776699,50.91025641025641,20,nadt5tbu,,,,,0
25,5ddpdjuo,,0,587,587,FinalPage,ThankYou,2026-09-14 02:15:41.539007,1,,,833.33,5,,854.5,M_exp_W_no,,,,,,,,,,,0,0,185,103,,,,,,,,,,,,,,,,,,,2,2,"2, 3",2,120.0,162.5,572.0,854.5,0.0,0,1,0,0,0,5,175.0,103.0,0,1,0.0,0.0,140.0,200.0,150.0,200.0,Up,Up,40,100,50,100,55.8743961352657,52.10828025477707,58.87378640776699,50.91025641025641,20,nadt5tbu,,,,,0
