participant.id_in_session,participant.code,participant.label,participant._is_bot,participant._index_in_pages,participant._max_page_index,participant._current_app_name,participant._current_page_name,participant.time_started_utc,participant.visited,participant.mturk_worker_id,participant.mturk_assignment_id,participant.payoff,player.id_in_group,player.role,player.payoff,player.treatment,player.dyn_stock,player.dyn_bond,player.dyn_wealth,player.mgr_p1,player.mgr_p2,player.quiz_down,player.quiz_up,player.quiz_chance,player.quiz_median,player.quiz_above,player.quiz_risk_attempts,player.quiz_market_attempts,player.bid_l,player.bid_r,player.bid_exp,player.bid_no,player.belief_inv_exp,player.belief_price_exp,player.belief_others_inv_exp,player.belief_others_price_exp,player.belief_inv_no,player.belief_price_no,player.belief_others_inv_no,player.belief_others_price_no,player.belief_inv_l,player.belief_price_l,player.belief_others_inv_l,player.belief_others_price_l,player.belief_inv_r,player.belief_price_r,player.belief_others_inv_r,player.belief_others_price_r,player.allocation_to_pay,player.market_pair_to_pay,player.rounds_to_pay,player.belief_pages_to_pay,player.task1_points,player.allocation_points,player.market_points,player.final_payoff_points,player.all_beliefs_payoff_points,player.beliefs_correct,player.trade_l,player.trade_r,player.trade_exp,player.trade_no,group.id_in_subsession,group.price_l,group.price_r,group.p1_left_is_exp,group.p2_left_is_mgr_a,group.price_exp,group.price_no,group.value_exp,group.value_no,group.value_left_gender,group.value_right_gender,group.state_left,group.state_right,group.x_exp,group.x_no,group.x_a,group.x_b,group.mean_exp,group.mean_no,group.mean_a,group.mean_b,subsession.round_number,session.code,session.label,session.mturk_HITId,session.mturk_HITGroupId,session.comment,session.is_demo
1,o7pccht6,,0,587,587,FinalPage,ThankYou,2026-09-16 09:15:33.480125,1,,,1055.56,1,,0.0,M_no_W_no,80,20,"{""w0"":100,""wu"":180,""wd"":60}",85,,R/2 + (100 - R),2*R + (100 - R),50%,The median of all submitted prices,Buy one more share,0,1,,,250,50,160,300.0,170,400.0,40,100.0,30,100.0,,,,,,,,,1,1,"9, 10",1,0.0,0.0,0.0,0.0,0.0,0,0,0,-1,-1,1,0.0,0.0,0,1,300.0,100.0,80.0,165.0,140.0,75.0,Up,Down,40,65,40,50,55.8743961352657,52.10828025477707,53.29113924050633,50.91025641025641,1,6c2og0cw,,,,,0
2,xlysi5bz,,0,587,587,FinalPage,ThankYou,2026-09-16 09:15:33.034876,1,,,1055.56,2,,0.0,M_no_W_no,20,80,"{""w0"":100,""wu"":120,""wd"":90}",68,,R/2 + (100 - R),2*R + (100 - R),50%,The median of all submitted prices,Buy one more share,0,1,,,200,50,15,200.0,15,200.0,5,50.0,15,100.0,,,,,,,,,1,1,"9, 10",1,0.0,0.0,0.0,0.0,0.0,0,0,0,-1,-1,1,0.0,0.0,0,1,300.0,100.0,80.0,165.0,140.0,75.0,Up,Down,40,65,40,50,55.8743961352657,52.10828025477707,53.29113924050633,50.91025641025641,1,6c2og0cw,,,,,0
3,ktzkk4b7,,0,587,587,FinalPage,ThankYou,2026-09-16 09:15:33.112004,1,,,1500.0,3,,0.0,M_no_W_no,200,-100,"{""w0"":100,""wu"":300,""wd"":0}",100,,R/2 + (100 - R),2*R + (100 - R),50%,The median of all submitted prices,Buy one more share,0,0,,,300,200,100,250.0,75,250.0,50,175.0,50,150.0,,,,,,,,,1,1,"9, 10",1,0.0,0.0,0.0,0.0,0.0,0,0,0,0,1,1,0.0,0.0,0,1,300.0,100.0,80.0,165.0,140.0,75.0,Up,Down,40,65,40,50,55.8743961352657,52.10828025477707,53.29113924050633,50.91025641025641,1,6c2og0cw,,,,,0
4,unt4hlph,,0,587,587,FinalPage,ThankYou,2026-09-16 09:15:33.157371,1,,,388.89,4,,0.0,M_no_W_no,20,80,"{""w0"":100,""wu"":120,""wd"":90}",85,,R/2 + (100 - R),2*R + (100 - R),50%,The median of all submitted prices,Buy one more share,0,0,,,400,200,160,400.0,170,500.0,40,200.0,30,100.0,,,,,,,,,1,1,"9, 10",1,0.0,0.0,0.0,0.0,0.0,0,0,0,1,1,1,0.0,0.0,0,1,300.0,100.0,80.0,165.0,140.0,75.0,Up,Down,40,65,40,50,55.8743961352657,52.10828025477707,53.29113924050633,50.91025641025641,1,6c2og0cw,,,,,0
5,e3o1p3e6,,0,587,587,FinalPage,ThankYou,2026-09-16 09:15:33.166793,1,,,277.78,5,,0.0,M_no_W_no,30,70,"{""w0"":100,""wu"":130,""wd"":85}",73,,R/2 + (100 - R),2*R + (100 - R),50%,The median of all submitted prices,Buy one more share,0,0,,,500,100,190,500.0,170,450.0,50,100.0,50,100.0,,,,,,,,,1,1,"9, 10",1,0.0,0.0,0.0,0.0,0.0,0,0,0,1,0,1,0.0,0.0,0,1,300.0,100.0,80.0,165.0,140.0,75.0,Up,Down,40,65,40,50,55.8743961352657,52.10828025477707,53.29113924050633,50.91025641025641,1,6c2og0cw,,,,,0
6,0nzm25g8,,0,587,587,FinalPage,ThankYou,2026-09-16 09:15:33.284650,1,,,222.22,1,,0.0,M_no_W_no,60,40,"{""w0"":100,""wu"":160,""wd"":70}",30,,R/2 + (100 - R),2*R + (100 - R),50%,The median of all submitted prices,Buy one more share,0,0,,,200,120,75,200.0,60,200.0,150,300.0,100,300.0,,,,,,,,,1,1,"9, 10",1,0.0,0.0,0.0,0.0,0.0,0,0,0,-1,1,2,0.0,0.0,1,1,300.0,100.0,50.0,62.5,70.0,100.0,Down,Down,100,75,60,0,55.8743961352657,52.10828025477707,53.29113924050633,50.91025641025641,1,6c2og0cw,,,,,0
7,f8ff6plt,,0,587,587,FinalPage,ThankYou,2026-09-16 09:15:33.299313,1,,,666.67,2,,0.0,M_no_W_no,100,0,"{""w0"":100,""wu"":200,""wd"":50}",35,,R/2 + (100 - R),2*R + (100 - R),50%,The median of all submitted prices,Buy one more share,0,0,,,30,10,170,510.0,180,575.0,80,250.0,75,230.0,,,,,,,,,1,1,"9, 10",1,0.0,0.0,0.0,0.0,0.0,0,0,0,-1,-1,2,0.0,0.0,1,1,300.0,100.0,50.0,62.5,70.0,100.0,Down,Down,100,75,60,0,55.8743961352657,52.10828025477707,53.29113924050633,50.91025641025641,1,6c2og0cw,,,,,0
8,poc3kn08,,0,587,587,FinalPage,ThankYou,2026-09-16 09:15:33.366241,1,,,0.0,3,,0.0,M_no_W_no,20,80,"{""w0"":100,""wu"":120,""wd"":90}",20,,R/2 + (100 - R),2*R + (100 - R),50%,The median of all submitted prices,Buy one more share,0,0,,,500,100,150,400.0,200,450.0,80,200.0,100,350.0,,,,,,,,,1,1,"9, 10",1,0.0,0.0,0.0,0.0,0.0,0,0,0,1,0,2,0.0,0.0,1,1,300.0,100.0,50.0,62.5,70.0,100.0,Down,Down,100,75,60,0,55.8743961352657,52.10828025477707,53.29113924050633,50.91025641025641,1,6c2og0cw,,,,,0
9,z9zrwosz,,0,587,587,FinalPage,ThankYou,2026-09-16 09:15:33.376342,1,,,333.33,4,,0.0,M_no_W_no,80,20,"{""w0"":100,""wu"":180,""wd"":60}",40,,R/2 + (100 - R),2*R + (100 - R),50%,The median of all submitted prices,Buy one more share,0,0,,,300,300,75,250.0,115,300.0,100,75.0,75,100.0,,,,,,,,,1,1,"9, 10",1,0.0,0.0,0.0,0.0,0.0,0,0,0,1,1,2,0.0,0.0,1,1,300.0,100.0,50.0,62.5,70.0,100.0,Down,Down,100,75,60,0,55.8743961352657,52.10828025477707,53.29113924050633,50.91025641025641,1,6c2og0cw,,,,,0
10,yldmtmxh,,0,587,587,FinalPage,ThankYou,2026-09-16 09:15:33.385003,1,,,555.56,5,,0.0,M_no_W_no,30,70,"{""w0"":100,""wu"":130,""wd"":85}",13,,R/2 + (100 - R),2*R + (100 - R),50%,The median of all submitted prices,Buy one more share,0,0,,,300,50,120,500.0,150,350.0,30,60.0,30,100.0,,,,,,,,,1,1,"9, 10",1,0.0,0.0,0.0,0.0,0.0,0,0,0,0,-1,2,0.0,0.0,1,1,300.0,100.0,50.0,62.5,70.0,100.0,Down,Down,100,75,60,0,55.8743961352657,52.10828025477707,53.29113924050633,50.91025641025641,1,6c2og0cw,,,,,0
11,bjw1ymg6,,0,587,587,FinalPage,ThankYou,2026-09-16 09:15:33.421363,1,,,833.33,1,,0.0,M_no_W_no,165,-65,"{""w0"":100,""wu"":265,""wd"":18}",30,,R/2 + (100 - R),2*R + (100 - R),50%,The median of all submitted prices,Buy one more share,0,2,,,450,150,165,200.0,180,150.0,100,300.0,100,300.0,,,,,,,,,1,1,"9, 10",1,0.0,0.0,0.0,0.0,0.0,0,0,0,1,1,3,0.0,0.0,1,1,350.0,100.0,90.0,75.0,60.0,85.0,Down,Down,20,50,80,30,55.8743961352657,52.10828025477707,53.29113924050633,50.91025641025641,1,6c2og0cw,,,,,0
12,dxg47gml,,0,587,587,FinalPage,ThankYou,2026-09-16 09:15:33.491807,1,,,222.22,2,,0.0,M_no_W_no,28,72,"{""w0"":100,""wu"":128,""wd"":86}",0,,R/2 + (100 - R),2*R + (100 - R),50%,The median of all submitted prices,Buy one more share,0,0,,,480,80,150,500.0,172,500.0,100,300.0,87,300.0,,,,,,,,,1,1,"9, 10",1,0.0,0.0,0.0,0.0,0.0,0,0,0,1,-1,3,0.0,0.0,1,1,350.0,100.0,90.0,75.0,60.0,85.0,Down,Down,20,50,80,30,55.8743961352657,52.10828025477707,53.29113924050633,50.91025641025641,1,6c2og0cw,,,,,0
13,t47t8m59,,0,587,587,FinalPage,ThankYou,2026-09-16 09:15:33.501171,1,,,55.56,3,,0.0,M_no_W_no,200,-100,"{""w0"":100,""wu"":300,""wd"":0}",30,,R/2 + (100 - R),2*R + (100 - R),50%,The median of all submitted prices,Buy one more share,0,0,,,350,150,100,400.0,100,300.0,120,250.0,120,150.0,,,,,,,,,1,1,"9, 10",1,0.0,0.0,0.0,0.0,0.0,0,0,0,0,1,3,0.0,0.0,1,1,350.0,100.0,90.0,75.0,60.0,85.0,Down,Down,20,50,80,30,55.8743961352657,52.10828025477707,53.29113924050633,50.91025641025641,1,6c2og0cw,,,,,0
14,2epyouig,,0,587,587,FinalPage,ThankYou,2026-09-16 09:15:33.510000,1,,,500.0,4,,0.0,M_no_W_no,50,50,"{""w0"":100,""wu"":150,""wd"":75}",30,,R/2 + (100 - R),2*R + (100 - R),50%,The median of all submitted prices,Buy one more share,0,0,,,40,10,150,500.0,150,600.0,100,300.0,50,200.0,,,,,,,,,1,1,"9, 10",1,0.0,0.0,0.0,0.0,0.0,0,0,0,-1,-1,3,0.0,0.0,1,1,350.0,100.0,90.0,75.0,60.0,85.0,Down,Down,20,50,80,30,55.8743961352657,52.10828025477707,53.29113924050633,50.91025641025641,1,6c2og0cw,,,,,0
15,107rd682,,0,587,587,FinalPage,ThankYou,2026-09-16 09:15:33.545454,1,,,1000.0,5,,0.0,M_no_W_no,40,60,"{""w0"":100,""wu"":140,""wd"":80}",30,,R/2 + (100 - R),2*R + (100 - R),50%,The median of all submitted prices,Buy one more share,0,0,,,300,100,50,275.0,50,300.0,100,225.0,100,200.0,,,,,,,,,1,1,"9, 10",1,0.0,0.0,0.0,0.0,0.0,0,0,0,-1,0,3,0.0,0.0,1,1,350.0,100.0,90.0,75.0,60.0,85.0,Down,Down,20,50,80,30,55.8743961352657,52.10828025477707,53.29113924050633,50.91025641025641,1,6c2og0cw,,,,,0
16,6xyzc64h,,0,587,587,FinalPage,ThankYou,2026-09-16 09:15:33.555344,1,,,0.0,1,,0.0,M_no_W_no,50,50,"{""w0"":100,""wu"":150,""wd"":75}",20,,R/2 + (100 - R),2*R + (100 - R),50%,The median of all submitted prices,Buy one more share,0,0,,,299,180,130,245.0,130,130.0,85,130.0,85,85.0,,,,,,,,,1,1,"9, 10",1,0.0,0.0,0.0,0.0,0.0,0,0,0,-1,-1,4,0.0,0.0,1,0,300.0,200.0,50.0,87.5,70.0,90.0,Down,Down,100,25,20,60,55.8743961352657,52.10828025477707,53.29113924050633,50.91025641025641,1,6c2og0cw,,,,,0
17,566nkyxt,,0,587,587,FinalPage,ThankYou,2026-09-16 09:15:33.934007,1,,,1166.67,2,,0.0,M_no_W_no,100,0,"{""w0"":100,""wu"":200,""wd"":50}",0,,R/2 + (100 - R),2*R + (100 - R),50%,The median of all submitted prices,Buy one more share,0,1,,,120,107,125,120.0,120,121.0,110,110.0,107,109.0,,,,,,,,,1,1,"9, 10",1,0.0,0.0,0.0,0.0,0.0,0,0,0,-1,-1,4,0.0,0.0,1,0,300.0,200.0,50.0,87.5,70.0,90.0,Down,Down,100,25,20,60,55.8743961352657,52.10828025477707,53.29113924050633,50.91025641025641,1,6c2og0cw,,,,,0
18,uv69jk1p,,0,587,587,FinalPage,ThankYou,2026-09-16 09:15:33.624429,1,,,0.0,3,,0.0,M_no_W_no,50,50,"{""w0"":100,""wu"":150,""wd"":75}",30,,R/2 + (100 - R),2*R + (100 - R),50%,The median of all submitted prices,Buy one more share,0,0,,,400,200,70,400.0,170,200.0,30,200.0,70,400.0,,,,,,,,,1,1,"9, 10",1,0.0,0.0,0.0,0.0,0.0,0,0,0,1,1,4,0.0,0.0,1,0,300.0,200.0,50.0,87.5,70.0,90.0,Down,Down,100,25,20,60,55.8743961352657,52.10828025477707,53.29113924050633,50.91025641025641,1,6c2og0cw,,,,,0
19,thfu25ei,,0,587,587,FinalPage,ThankYou,2026-09-16 09:15:33.841511,1,,,1166.67,4,,0.0,M_no_W_no,80,20,"{""w0"":100,""wu"":180,""wd"":60}",30,,R/2 + (100 - R),2*R + (100 - R),50%,The median of all submitted prices,Buy one more share,0,0,,,400,200,130,330.0,120,300.0,150,125.0,100,175.0,,,,,,,,,1,1,"9, 10",1,0.0,0.0,0.0,0.0,0.0,0,0,0,1,0,4,0.0,0.0,1,0,300.0,200.0,50.0,87.5,70.0,90.0,Down,Down,100,25,20,60,55.8743961352657,52.10828025477707,53.29113924050633,50.91025641025641,1,6c2og0cw,,,,,0
20,008uq8bs,,0,587,587,FinalPage,ThankYou,2026-09-16 09:15:33.850247,1,,,111.11,5,,0.0,M_no_W_no,150,-50,"{""w0"":100,""wu"":250,""wd"":25}",15,,R/2 + (100 - R),2*R + (100 - R),50%,The median of all submitted prices,Buy one more share,0,0,,,300,300,40,200.0,100,300.0,180,450.0,100,300.0,,,,,,,,,1,1,"9, 10",1,0.0,0.0,0.0,0.0,0.0,0,0,0,0,1,4,0.0,0.0,1,0,300.0,200.0,50.0,87.5,70.0,90.0,Down,Down,100,25,20,60,55.8743961352657,52.10828025477707,53.29113924050633,50.91025641025641,1,6c2og0cw,,,,,0
21,o4da1gkl,,0,587,587,FinalPage,ThankYou,2026-09-16 09:15:34.223143,1,,,166.67,1,,0.0,M_no_W_no,20,80,"{""w0"":100,""wu"":120,""wd"":90}",60,,R/2 + (100 - R),2*R + (100 - R),50%,The median of all submitted prices,Buy one more share,0,0,,,300,300,100,300.0,125,400.0,170,475.0,150,350.0,,,,,,,,,1,1,"9, 10",1,0.0,0.0,0.0,0.0,0.0,0,0,0,1,1,5,0.0,0.0,0,0,280.0,166.0,120.0,75.0,95.0,150.0,Down,Up,20,50,50,10,55.8743961352657,52.10828025477707,53.29113924050633,50.91025641025641,1,6c2og0cw,,,,,0
22,ilc2oqlq,,0,587,587,FinalPage,ThankYou,2026-09-16 09:15:34.214844,1,,,1222.22,2,,0.0,M_no_W_no,20,80,"{""w0"":100,""wu"":120,""wd"":90}",50,,R/2 + (100 - R),2*R + (100 - R),50%,The median of all submitted prices,Buy one more share,0,0,,,120,50,60,400.0,60,400.0,100,250.0,100,250.0,,,,,,,,,1,1,"9, 10",1,0.0,0.0,0.0,0.0,0.0,0,0,0,-1,-1,5,0.0,0.0,0,0,280.0,166.0,120.0,75.0,95.0,150.0,Down,Up,20,50,50,10,55.8743961352657,52.10828025477707,53.29113924050633,50.91025641025641,1,6c2og0cw,,,,,0
23,qcu0td0m,,0,587,587,FinalPage,ThankYou,2026-09-16 09:15:34.419332,1,,,500.0,3,,0.0,M_no_W_no,40,60,"{""w0"":100,""wu"":140,""wd"":80}",64,,R/2 + (100 - R),2*R + (100 - R),50%,The median of all submitted prices,Buy one more share,0,0,,,434,166,67,400.0,65,553.0,33,338.0,35,360.0,,,,,,,,,1,1,"9, 10",1,0.0,0.0,0.0,0.0,0.0,0,0,0,1,0,5,0.0,0.0,0,0,280.0,166.0,120.0,75.0,95.0,150.0,Down,Up,20,50,50,10,55.8743961352657,52.10828025477707,53.29113924050633,50.91025641025641,1,6c2og0cw,,,,,0
24,zcjv164s,,0,587,587,FinalPage,ThankYou,2026-09-16 09:15:34.435074,1,,,1111.11,4,,0.0,M_no_W_no,50,50,"{""w0"":100,""wu"":150,""wd"":75}",70,,R/2 + (100 - R),2*R + (100 - R),50%,The median of all submitted prices,Buy one more share,0,3,,,280,220,150,280.0,150,300.0,100,230.0,110,250.0,,,,,,,,,1,1,"9, 10",1,0.0,0.0,0.0,0.0,0.0,0,0,0,0,1,5,0.0,0.0,0,0,280.0,166.0,120.0,75.0,95.0,150.0,Down,Up,20,50,50,10,55.8743961352657,52.10828025477707,53.29113924050633,50.91025641025641,1,6c2og0cw,,,,,0
25,3g7fmbdb,,0,587,587,FinalPage,ThankYou,2026-09-16 09:15:34.780111,1,,,500.0,5,,0.0,M_no_W_no,40,60,"{""w0"":100,""wu"":140,""wd"":80}",75,,R/2 + (100 - R),2*R + (100 - R),50%,The median of all submitted prices,Buy one more share,0,0,,,180,50,150,500.0,120,500.0,200,300.0,180,250.0,,,,,,,,,1,1,"9, 10",1,0.0,0.0,0.0,0.0,0.0,0,0,0,-1,-1,5,0.0,0.0,0,0,280.0,166.0,120.0,75.0,95.0,150.0,Down,Up,20,50,50,10,55.8743961352657,52.10828025477707,53.29113924050633,50.91025641025641,1,6c2og0cw,,,,,0
1,o7pccht6,,0,587,587,FinalPage,ThankYou,2026-09-16 09:15:33.480125,1,,,1055.56,1,,0.0,M_no_W_no,,,,,,,,,,,0,0,,,275,70,,,,,,,,,,,,,,,,,1,1,"9, 10",1,0.0,0.0,0.0,0.0,0.0,0,0,0,-1,-1,1,0.0,0.0,0,1,351.0,100.0,80.0,165.0,140.0,75.0,Up,Down,40,65,40,50,55.8743961352657,52.10828025477707,53.29113924050633,50.91025641025641,2,6c2og0cw,,,,,0
2,xlysi5bz,,0,587,587,FinalPage,ThankYou,2026-09-16 09:15:33.034876,1,,,1055.56,2,,0.0,M_no_W_no,,,,,,,,,,,0,0,,,220,100,,,,,,,,,,,,,,,,,1,1,"9, 10",1,0.0,0.0,0.0,0.0,0.0,0,0,0,-1,0,1,0.0,0.0,0,1,351.0,100.0,80.0,165.0,140.0,75.0,Up,Down,40,65,40,50,55.8743961352657,52.10828025477707,53.29113924050633,50.91025641025641,2,6c2og0cw,,,,,0
3,ktzkk4b7,,0,587,587,FinalPage,ThankYou,2026-09-16 09:15:33.112004,1,,,1500.0,3,,0.0,M_no_W_no,,,,,,,,,,,0,0,,,351,150,,,,,,,,,,,,,,,,,1,1,"9, 10",1,0.0,0.0,0.0,0.0,0.0,0,0,0,0,1,1,0.0,0.0,0,1,351.0,100.0,80.0,165.0,140.0,75.0,Up,Down,40,65,40,50,55.8743961352657,52.10828025477707,53.29113924050633,50.91025641025641,2,6c2og0cw,,,,,0
4,unt4hlph,,0,587,587,FinalPage,ThankYou,2026-09-16 09:15:33.157371,1,,,388.89,4,,0.0,M_no_W_no,,,,,,,,,,,0,0,,,400,100,,,,,,,,,,,,,,,,,1,1,"9, 10",1,0.0,0.0,0.0,0.0,0.0,0,0,0,1,1,1,0.0,0.0,0,1,351.0,100.0,80.0,165.0,140.0,75.0,Up,Down,40,65,40,50,55.8743961352657,52.10828025477707,53.29113924050633,50.91025641025641,2,6c2og0cw,,,,,0
5,e3o1p3e6,,0,587,587,FinalPage,ThankYou,2026-09-16 09:15:33.166793,1,,,277.78,5,,0.0,M_no_W_no,,,,,,,,,,,0,0,,,450,80,,,,,,,,,,,,,,,,,1,1,"9, 10",1,0.0,0.0,0.0,0.0,0.0,0,0,0,1,-1,1,0.0,0.0,0,1,351.0,100.0,80.0,165.0,140.0,75.0,Up,Down,40,65,40,50,55.8743961352657,52.10828025477707,53.29113924050633,50.91025641025641,2,6c2og0cw,,,,,0
6,0nzm25g8,,0,587,587,FinalPage,ThankYou,2026-09-16 09:15:33.284650,1,,,222.22,1,,0.0,M_no_W_no,,,,,,,,,,,0,0,,,200,100,,,,,,,,,,,,,,,,,1,1,"9, 10",1,0.0,0.0,0.0,0.0,0.0,0,0,0,-1,1,2,0.0,0.0,1,1,300.0,100.0,50.0,62.5,70.0,100.0,Down,Down,100,75,60,0,55.8743961352657,52.10828025477707,53.29113924050633,50.91025641025641,2,6c2og0cw,,,,,0
7,f8ff6plt,,0,587,587,FinalPage,ThankYou,2026-09-16 09:15:33.299313,1,,,666.67,2,,0.0,M_no_W_no,,,,,,,,,,,0,0,,,500,100,,,,,,,,,,,,,,,,,1,1,"9, 10",1,0.0,0.0,0.0,0.0,0.0,0,0,0,1,0,2,0.0,0.0,1,1,300.0,100.0,50.0,62.5,70.0,100.0,Down,Down,100,75,60,0,55.8743961352657,52.10828025477707,53.29113924050633,50.91025641025641,2,6c2og0cw,,,,,0
8,poc3kn08,,0,587,587,FinalPage,ThankYou,2026-09-16 09:15:33.366241,1,,,0.0,3,,0.0,M_no_W_no,,,,,,,,,,,0,0,,,450,150,,,,,,,,,,,,,,,,,1,1,"9, 10",1,0.0,0.0,0.0,0.0,0.0,0,0,0,1,1,2,0.0,0.0,1,1,300.0,100.0,50.0,62.5,70.0,100.0,Down,Down,100,75,60,0,55.8743961352657,52.10828025477707,53.29113924050633,50.91025641025641,2,6c2og0cw,,,,,0
9,z9zrwosz,,0,587,587,FinalPage,ThankYou,2026-09-16 09:15:33.376342,1,,,333.33,4,,0.0,M_no_W_no,,,,,,,,,,,0,0,,,259,1,,,,,,,,,,,,,,,,,1,1,"9, 10",1,0.0,0.0,0.0,0.0,0.0,0,0,0,-1,-1,2,0.0,0.0,1,1,300.0,100.0,50.0,62.5,70.0,100.0,Down,Down,100,75,60,0,55.8743961352657,52.10828025477707,53.29113924050633,50.91025641025641,2,6c2og0cw,,,,,0
10,yldmtmxh,,0,587,587,FinalPage,ThankYou,2026-09-16 09:15:33.385003,1,,,555.56,5,,0.0,M_no_W_no,,,,,,,,,,,0,0,,,300,100,,,,,,,,,,,,,,,,,1,1,"9, 10",1,0.0,0.0,0.0,0.0,0.0,0,0,0,0,-1,2,0.0,0.0,1,1,300.0,100.0,50.0,62.5,70.0,100.0,Down,Down,100,75,60,0,55.8743961352657,52.10828025477707,53.29113924050633,50.91025641025641,2,6c2og0cw,,,,,0
11,bjw1ymg6,,0,587,587,FinalPage,ThankYou,2026-09-16 09:15:33.421363,1,,,833.33,1,,0.0,M_no_W_no,,,,,,,,,,,0,0,,,400,200,,,,,,,,,,,,,,,,,1,1,"9, 10",1,0.0,0.0,0.0,0.0,0.0,0,0,0,1,1,3,0.0,0.0,1,1,390.0,110.0,90.0,75.0,60.0,85.0,Down,Down,20,50,80,30,55.8743961352657,52.10828025477707,53.29113924050633,50.91025641025641,2,6c2og0cw,,,,,0
12,dxg47gml,,0,587,587,FinalPage,ThankYou,2026-09-16 09:15:33.491807,1,,,222.22,2,,0.0,M_no_W_no,,,,,,,,,,,0,0,,,390,60,,,,,,,,,,,,,,,,,1,1,"9, 10",1,0.0,0.0,0.0,0.0,0.0,0,0,0,0,-1,3,0.0,0.0,1,1,390.0,110.0,90.0,75.0,60.0,85.0,Down,Down,20,50,80,30,55.8743961352657,52.10828025477707,53.29113924050633,50.91025641025641,2,6c2og0cw,,,,,0
13,t47t8m59,,0,587,587,FinalPage,ThankYou,2026-09-16 09:15:33.501171,1,,,55.56,3,,0.0,M_no_W_no,,,,,,,,,,,0,0,,,370,90,,,,,,,,,,,,,,,,,1,1,"9, 10",1,0.0,0.0,0.0,0.0,0.0,0,0,0,-1,-1,3,0.0,0.0,1,1,390.0,110.0,90.0,75.0,60.0,85.0,Down,Down,20,50,80,30,55.8743961352657,52.10828025477707,53.29113924050633,50.91025641025641,2,6c2og0cw,,,,,0
14,2epyouig,,0,587,587,FinalPage,ThankYou,2026-09-16 09:15:33.510000,1,,,500.0,4,,0.0,M_no_W_no,,,,,,,,,,,0,0,,,450,150,,,,,,,,,,,,,,,,,1,1,"9, 10",1,0.0,0.0,0.0,0.0,0.0,0,0,0,1,1,3,0.0,0.0,1,1,390.0,110.0,90.0,75.0,60.0,85.0,Down,Down,20,50,80,30,55.8743961352657,52.10828025477707,53.29113924050633,50.91025641025641,2,6c2og0cw,,,,,0
15,107rd682,,0,587,587,FinalPage,ThankYou,2026-09-16 09:15:33.545454,1,,,1000.0,5,,0.0,M_no_W_no,,,,,,,,,,,0,0,,,340,110,,,,,,,,,,,,,,,,,1,1,"9, 10",1,0.0,0.0,0.0,0.0,0.0,0,0,0,-1,0,3,0.0,0.0,1,1,390.0,110.0,90.0,75.0,60.0,85.0,Down,Down,20,50,80,30,55.8743961352657,52.10828025477707,53.29113924050633,50.91025641025641,2,6c2og0cw,,,,,0
16,6xyzc64h,,0,587,587,FinalPage,ThankYou,2026-09-16 09:15:33.555344,1,,,0.0,1,,0.0,M_no_W_no,,,,,,,,,,,0,0,,,299,195,,,,,,,,,,,,,,,,,1,1,"9, 10",1,0.0,0.0,0.0,0.0,0.0,0,0,0,0,1,4,0.0,0.0,1,0,299.0,180.0,50.0,87.5,70.0,90.0,Down,Down,100,25,20,60,55.8743961352657,52.10828025477707,53.29113924050633,50.91025641025641,2,6c2og0cw,,,,,0
17,566nkyxt,,0,587,587,FinalPage,ThankYou,2026-09-16 09:15:33.934007,1,,,1166.67,2,,0.0,M_no_W_no,,,,,,,,,,,0,0,,,145,125,,,,,,,,,,,,,,,,,1,1,"9, 10",1,0.0,0.0,0.0,0.0,0.0,0,0,0,-1,-1,4,0.0,0.0,1,0,299.0,180.0,50.0,87.5,70.0,90.0,Down,Down,100,25,20,60,55.8743961352657,52.10828025477707,53.29113924050633,50.91025641025641,2,6c2og0cw,,,,,0
18,uv69jk1p,,0,587,587,FinalPage,ThankYou,2026-09-16 09:15:33.624429,1,,,0.0,3,,0.0,M_no_W_no,,,,,,,,,,,0,0,,,450,150,,,,,,,,,,,,,,,,,1,1,"9, 10",1,0.0,0.0,0.0,0.0,0.0,0,0,0,1,-1,4,0.0,0.0,1,0,299.0,180.0,50.0,87.5,70.0,90.0,Down,Down,100,25,20,60,55.8743961352657,52.10828025477707,53.29113924050633,50.91025641025641,2,6c2og0cw,,,,,0
19,thfu25ei,,0,587,587,FinalPage,ThankYou,2026-09-16 09:15:33.841511,1,,,1166.67,4,,0.0,M_no_W_no,,,,,,,,,,,0,0,,,420,180,,,,,,,,,,,,,,,,,1,1,"9, 10",1,0.0,0.0,0.0,0.0,0.0,0,0,0,1,0,4,0.0,0.0,1,0,299.0,180.0,50.0,87.5,70.0,90.0,Down,Down,100,25,20,60,55.8743961352657,52.10828025477707,53.29113924050633,50.91025641025641,2,6c2og0cw,,,,,0
20,008uq8bs,,0,587,587,FinalPage,ThankYou,2026-09-16 09:15:33.850247,1,,,111.11,5,,0.0,M_no_W_no,,,,,,,,,,,0,0,,,200,250,,,,,,,,,,,,,,,,,1,1,"9, 10",1,0.0,0.0,0.0,0.0,0.0,0,0,0,-1,1,4,0.0,0.0,1,0,299.0,180.0,50.0,87.5,70.0,90.0,Down,Down,100,25,20,60,55.8743961352657,52.10828025477707,53.29113924050633,50.91025641025641,2,6c2og0cw,,,,,0
21,o4da1gkl,,0,587,587,FinalPage,ThankYou,2026-09-16 09:15:34.223143,1,,,166.67,1,,0.0,M_no_W_no,,,,,,,,,,,0,0,,,350,250,,,,,,,,,,,,,,,,,1,1,"9, 10",1,0.0,0.0,0.0,0.0,0.0,0,0,0,1,1,5,0.0,0.0,0,0,300.0,250.0,120.0,75.0,95.0,150.0,Down,Up,20,50,50,10,55.8743961352657,52.10828025477707,53.29113924050633,50.91025641025641,2,6c2og0cw,,,,,0
22,ilc2oqlq,,0,587,587,FinalPage,ThankYou,2026-09-16 09:15:34.214844,1,,,1222.22,2,,0.0,M_no_W_no,,,,,,,,,,,0,0,,,230,120,,,,,,,,,,,,,,,,,1,1,"9, 10",1,0.0,0.0,0.0,0.0,0.0,0,0,0,-1,-1,5,0.0,0.0,0,0,300.0,250.0,120.0,75.0,95.0,150.0,Down,Up,20,50,50,10,55.8743961352657,52.10828025477707,53.29113924050633,50.91025641025641,2,6c2og0cw,,,,,0
23,qcu0td0m,,0,587,587,FinalPage,ThankYou,2026-09-16 09:15:34.419332,1,,,500.0,3,,0.0,M_no_W_no,,,,,,,,,,,0,0,,,300,300,,,,,,,,,,,,,,,,,1,1,"9, 10",1,0.0,0.0,0.0,0.0,0.0,0,0,0,0,1,5,0.0,0.0,0,0,300.0,250.0,120.0,75.0,95.0,150.0,Down,Up,20,50,50,10,55.8743961352657,52.10828025477707,53.29113924050633,50.91025641025641,2,6c2og0cw,,,,,0
24,zcjv164s,,0,587,587,FinalPage,ThankYou,2026-09-16 09:15:34.435074,1,,,1111.11,4,,0.0,M_no_W_no,,,,,,,,,,,0,0,,,265,188,,,,,,,,,,,,,,,,,1,1,"9, 10",1,0.0,0.0,0.0,0.0,0.0,0,0,0,-1,-1,5,0.0,0.0,0,0,300.0,250.0,120.0,75.0,95.0,150.0,Down,Up,20,50,50,10,55.8743961352657,52.10828025477707,53.29113924050633,50.91025641025641,2,6c2og0cw,,,,,0
25,3g7fmbdb,,0,587,587,FinalPage,ThankYou,2026-09-16 09:15:34.780111,1,,,500.0,5,,0.0,M_no_W_no,,,,,,,,,,,0,0,,,300,250,,,,,,,,,,,,,,,,,1,1,"9, 10",1,0.0,0.0,0.0,0.0,0.0,0,0,0,1,0,5,0.0,0.0,0,0,300.0,250.0,120.0,75.0,95.0,150.0,Down,Up,20,50,50,10,55.8743961352657,52.10828025477707,53.29113924050633,50.91025641025641,2,6c2og0cw,,,,,0
1,o7pccht6,,0,587,587,FinalPage,ThankYou,2026-09-16 09:15:33.480125,1,,,1055.56,1,,0.0,M_no_W_no,,,,,,,,,,,0,0,,,320,80,,,,,,,,,,,,,,,,,1,1,"9, 10",1,0.0,0.0,0.0,0.0,0.0,0,0,0,0,0,1,0.0,0.0,0,1,320.0,80.0,80.0,165.0,140.0,75.0,Up,Down,40,65,40,50,55.8743961352657,52.10828025477707,53.29113924050633,50.91025641025641,3,6c2og0cw,,,,,0
2,xlysi5bz,,0,587,587,FinalPage,ThankYou,2026-09-16 09:15:33.034876,1,,,1055.56,2,,0.0,M_no_W_no,,,,,,,,,,,0,0,,,300,50,,,,,,,,,,,,,,,,,1,1,"9, 10",1,0.0,0.0,0.0,0.0,0.0,0,0,0,-1,-1,1,0.0,0.0,0,1,320.0,80.0,80.0,165.0,140.0,75.0,Up,Down,40,65,40,50,55.8743961352657,52.10828025477707,53.29113924050633,50.91025641025641,3,6c2og0cw,,,,,0
3,ktzkk4b7,,0,587,587,FinalPage,ThankYou,2026-09-16 09:15:33.112004,1,,,1500.0,3,,0.0,M_no_W_no,,,,,,,,,,,0,0,,,199,150,,,,,,,,,,,,,,,,,1,1,"9, 10",1,0.0,0.0,0.0,0.0,0.0,0,0,0,-1,1,1,0.0,0.0,0,1,320.0,80.0,80.0,165.0,140.0,75.0,Up,Down,40,65,40,50,55.8743961352657,52.10828025477707,53.29113924050633,50.91025641025641,3,6c2og0cw,,,,,0
4,unt4hlph,,0,587,587,FinalPage,ThankYou,2026-09-16 09:15:33.157371,1,,,388.89,4,,0.0,M_no_W_no,,,,,,,,,,,0,0,,,550,50,,,,,,,,,,,,,,,,,1,1,"9, 10",1,0.0,0.0,0.0,0.0,0.0,0,0,0,1,-1,1,0.0,0.0,0,1,320.0,80.0,80.0,165.0,140.0,75.0,Up,Down,40,65,40,50,55.8743961352657,52.10828025477707,53.29113924050633,50.91025641025641,3,6c2og0cw,,,,,0
5,e3o1p3e6,,0,587,587,FinalPage,ThankYou,2026-09-16 09:15:33.166793,1,,,277.78,5,,0.0,M_no_W_no,,,,,,,,,,,0,0,,,470,100,,,,,,,,,,,,,,,,,1,1,"9, 10",1,0.0,0.0,0.0,0.0,0.0,0,0,0,1,1,1,0.0,0.0,0,1,320.0,80.0,80.0,165.0,140.0,75.0,Up,Down,40,65,40,50,55.8743961352657,52.10828025477707,53.29113924050633,50.91025641025641,3,6c2og0cw,,,,,0
6,0nzm25g8,,0,587,587,FinalPage,ThankYou,2026-09-16 09:15:33.284650,1,,,222.22,1,,0.0,M_no_W_no,,,,,,,,,,,0,0,,,180,70,,,,,,,,,,,,,,,,,1,1,"9, 10",1,0.0,0.0,0.0,0.0,0.0,0,0,0,-1,-1,2,0.0,0.0,1,1,250.0,80.0,50.0,62.5,70.0,100.0,Down,Down,100,75,60,0,55.8743961352657,52.10828025477707,53.29113924050633,50.91025641025641,3,6c2og0cw,,,,,0
7,f8ff6plt,,0,587,587,FinalPage,ThankYou,2026-09-16 09:15:33.299313,1,,,666.67,2,,0.0,M_no_W_no,,,,,,,,,,,0,0,,,300,100,,,,,,,,,,,,,,,,,1,1,"9, 10",1,0.0,0.0,0.0,0.0,0.0,0,0,0,1,1,2,0.0,0.0,1,1,250.0,80.0,50.0,62.5,70.0,100.0,Down,Down,100,75,60,0,55.8743961352657,52.10828025477707,53.29113924050633,50.91025641025641,3,6c2og0cw,,,,,0
8,poc3kn08,,0,587,587,FinalPage,ThankYou,2026-09-16 09:15:33.366241,1,,,0.0,3,,0.0,M_no_W_no,,,,,,,,,,,0,0,,,250,50,,,,,,,,,,,,,,,,,1,1,"9, 10",1,0.0,0.0,0.0,0.0,0.0,0,0,0,-1,-1,2,0.0,0.0,1,1,250.0,80.0,50.0,62.5,70.0,100.0,Down,Down,100,75,60,0,55.8743961352657,52.10828025477707,53.29113924050633,50.91025641025641,3,6c2og0cw,,,,,0
9,z9zrwosz,,0,587,587,FinalPage,ThankYou,2026-09-16 09:15:33.376342,1,,,333.33,4,,0.0,M_no_W_no,,,,,,,,,,,0,0,,,250,100,,,,,,,,,,,,,,,,,1,1,"9, 10",1,0.0,0.0,0.0,0.0,0.0,0,0,0,0,1,2,0.0,0.0,1,1,250.0,80.0,50.0,62.5,70.0,100.0,Down,Down,100,75,60,0,55.8743961352657,52.10828025477707,53.29113924050633,50.91025641025641,3,6c2og0cw,,,,,0
10,yldmtmxh,,0,587,587,FinalPage,ThankYou,2026-09-16 09:15:33.385003,1,,,555.56,5,,0.0,M_no_W_no,,,,,,,,,,,0,0,,,444,80,,,,,,,,,,,,,,,,,1,1,"9, 10",1,0.0,0.0,0.0,0.0,0.0,0,0,0,1,0,2,0.0,0.0,1,1,250.0,80.0,50.0,62.5,70.0,100.0,Down,Down,100,75,60,0,55.8743961352657,52.10828025477707,53.29113924050633,50.91025641025641,3,6c2og0cw,,,,,0
11,bjw1ymg6,,0,587,587,FinalPage,ThankYou,2026-09-16 09:15:33.421363,1,,,833.33,1,,0.0,M_no_W_no,,,,,,,,,,,0,0,,,400,200,,,,,,,,,,,,,,,,,1,1,"9, 10",1,0.0,0.0,0.0,0.0,0.0,0,0,0,1,1,3,0.0,0.0,1,1,390.0,120.0,90.0,75.0,60.0,85.0,Down,Down,20,50,80,30,55.8743961352657,52.10828025477707,53.29113924050633,50.91025641025641,3,6c2og0cw,,,,,0
12,dxg47gml,,0,587,587,FinalPage,ThankYou,2026-09-16 09:15:33.491807,1,,,222.22,2,,0.0,M_no_W_no,,,,,,,,,,,0,0,,,380,89,,,,,,,,,,,,,,,,,1,1,"9, 10",1,0.0,0.0,0.0,0.0,0.0,0,0,0,-1,-1,3,0.0,0.0,1,1,390.0,120.0,90.0,75.0,60.0,85.0,Down,Down,20,50,80,30,55.8743961352657,52.10828025477707,53.29113924050633,50.91025641025641,3,6c2og0cw,,,,,0
13,t47t8m59,,0,587,587,FinalPage,ThankYou,2026-09-16 09:15:33.501171,1,,,55.56,3,,0.0,M_no_W_no,,,,,,,,,,,0,0,,,380,110,,,,,,,,,,,,,,,,,1,1,"9, 10",1,0.0,0.0,0.0,0.0,0.0,0,0,0,-1,-1,3,0.0,0.0,1,1,390.0,120.0,90.0,75.0,60.0,85.0,Down,Down,20,50,80,30,55.8743961352657,52.10828025477707,53.29113924050633,50.91025641025641,3,6c2og0cw,,,,,0
14,2epyouig,,0,587,587,FinalPage,ThankYou,2026-09-16 09:15:33.510000,1,,,500.0,4,,0.0,M_no_W_no,,,,,,,,,,,0,0,,,420,120,,,,,,,,,,,,,,,,,1,1,"9, 10",1,0.0,0.0,0.0,0.0,0.0,0,0,0,1,0,3,0.0,0.0,1,1,390.0,120.0,90.0,75.0,60.0,85.0,Down,Down,20,50,80,30,55.8743961352657,52.10828025477707,53.29113924050633,50.91025641025641,3,6c2og0cw,,,,,0
15,107rd682,,0,587,587,FinalPage,ThankYou,2026-09-16 09:15:33.545454,1,,,1000.0,5,,0.0,M_no_W_no,,,,,,,,,,,0,0,,,390,120,,,,,,,,,,,,,,,,,1,1,"9, 10",1,0.0,0.0,0.0,0.0,0.0,0,0,0,0,1,3,0.0,0.0,1,1,390.0,120.0,90.0,75.0,60.0,85.0,Down,Down,20,50,80,30,55.8743961352657,52.10828025477707,53.29113924050633,50.91025641025641,3,6c2og0cw,,,,,0
16,6xyzc64h,,0,587,587,FinalPage,ThankYou,2026-09-16 09:15:33.555344,1,,,0.0,1,,0.0,M_no_W_no,,,,,,,,,,,0,0,,,300,175,,,,,,,,,,,,,,,,,1,1,"9, 10",1,0.0,0.0,0.0,0.0,0.0,0,0,0,-1,-1,4,0.0,0.0,1,0,375.0,200.0,50.0,87.5,70.0,90.0,Down,Down,100,25,20,60,55.8743961352657,52.10828025477707,53.29113924050633,50.91025641025641,3,6c2og0cw,,,,,0
17,566nkyxt,,0,587,587,FinalPage,ThankYou,2026-09-16 09:15:33.934007,1,,,1166.67,2,,0.0,M_no_W_no,,,,,,,,,,,0,0,,,150,125,,,,,,,,,,,,,,,,,1,1,"9, 10",1,0.0,0.0,0.0,0.0,0.0,0,0,0,-1,-1,4,0.0,0.0,1,0,375.0,200.0,50.0,87.5,70.0,90.0,Down,Down,100,25,20,60,55.8743961352657,52.10828025477707,53.29113924050633,50.91025641025641,3,6c2og0cw,,,,,0
18,uv69jk1p,,0,587,587,FinalPage,ThankYou,2026-09-16 09:15:33.624429,1,,,0.0,3,,0.0,M_no_W_no,,,,,,,,,,,0,0,,,400,200,,,,,,,,,,,,,,,,,1,1,"9, 10",1,0.0,0.0,0.0,0.0,0.0,0,0,0,1,0,4,0.0,0.0,1,0,375.0,200.0,50.0,87.5,70.0,90.0,Down,Down,100,25,20,60,55.8743961352657,52.10828025477707,53.29113924050633,50.91025641025641,3,6c2og0cw,,,,,0
19,thfu25ei,,0,587,587,FinalPage,ThankYou,2026-09-16 09:15:33.841511,1,,,1166.67,4,,0.0,M_no_W_no,,,,,,,,,,,0,0,,,375,225,,,,,,,,,,,,,,,,,1,1,"9, 10",1,0.0,0.0,0.0,0.0,0.0,0,0,0,0,1,4,0.0,0.0,1,0,375.0,200.0,50.0,87.5,70.0,90.0,Down,Down,100,25,20,60,55.8743961352657,52.10828025477707,53.29113924050633,50.91025641025641,3,6c2og0cw,,,,,0
20,008uq8bs,,0,587,587,FinalPage,ThankYou,2026-09-16 09:15:33.850247,1,,,111.11,5,,0.0,M_no_W_no,,,,,,,,,,,0,0,,,400,200,,,,,,,,,,,,,,,,,1,1,"9, 10",1,0.0,0.0,0.0,0.0,0.0,0,0,0,1,1,4,0.0,0.0,1,0,375.0,200.0,50.0,87.5,70.0,90.0,Down,Down,100,25,20,60,55.8743961352657,52.10828025477707,53.29113924050633,50.91025641025641,3,6c2og0cw,,,,,0
21,o4da1gkl,,0,587,587,FinalPage,ThankYou,2026-09-16 09:15:34.223143,1,,,166.67,1,,0.0,M_no_W_no,,,,,,,,,,,0,0,,,375,200,,,,,,,,,,,,,,,,,1,1,"9, 10",1,0.0,0.0,0.0,0.0,0.0,0,0,0,1,-1,5,0.0,0.0,0,0,297.0,200.0,120.0,75.0,95.0,150.0,Down,Up,20,50,50,10,55.8743961352657,52.10828025477707,53.29113924050633,50.91025641025641,3,6c2og0cw,,,,,0
22,ilc2oqlq,,0,587,587,FinalPage,ThankYou,2026-09-16 09:15:34.214844,1,,,1222.22,2,,0.0,M_no_W_no,,,,,,,,,,,0,0,,,260,200,,,,,,,,,,,,,,,,,1,1,"9, 10",1,0.0,0.0,0.0,0.0,0.0,0,0,0,-1,0,5,0.0,0.0,0,0,297.0,200.0,120.0,75.0,95.0,150.0,Down,Up,20,50,50,10,55.8743961352657,52.10828025477707,53.29113924050633,50.91025641025641,3,6c2og0cw,,,,,0
23,qcu0td0m,,0,587,587,FinalPage,ThankYou,2026-09-16 09:15:34.419332,1,,,500.0,3,,0.0,M_no_W_no,,,,,,,,,,,0,0,,,150,450,,,,,,,,,,,,,,,,,1,1,"9, 10",1,0.0,0.0,0.0,0.0,0.0,0,0,0,-1,1,5,0.0,0.0,0,0,297.0,200.0,120.0,75.0,95.0,150.0,Down,Up,20,50,50,10,55.8743961352657,52.10828025477707,53.29113924050633,50.91025641025641,3,6c2og0cw,,,,,0
24,zcjv164s,,0,587,587,FinalPage,ThankYou,2026-09-16 09:15:34.435074,1,,,1111.11,4,,0.0,M_no_W_no,,,,,,,,,,,0,0,,,297,230,,,,,,,,,,,,,,,,,1,1,"9, 10",1,0.0,0.0,0.0,0.0,0.0,0,0,0,0,1,5,0.0,0.0,0,0,297.0,200.0,120.0,75.0,95.0,150.0,Down,Up,20,50,50,10,55.8743961352657,52.10828025477707,53.29113924050633,50.91025641025641,3,6c2og0cw,,,,,0
25,3g7fmbdb,,0,587,587,FinalPage,ThankYou,2026-09-16 09:15:34.780111,1,,,500.0,5,,0.0,M_no_W_no,,,,,,,,,,,0,0,,,380,200,,,,,,,,,,,,,,,,,1,1,"9, 10",1,0.0,0.0,0.0,0.0,0.0,0,0,0,1,-1,5,0.0,0.0,0,0,297.0,200.0,120.0,75.0,95.0,150.0,Down,Up,20,50,50,10,55.8743961352657,52.10828025477707,53.29113924050633,50.91025641025641,3,6c2og0cw,,,,,0
1,o7pccht6,,0,587,587,FinalPage,ThankYou,2026-09-16 09:15:33.480125,1,,,1055.56,1,,0.0,M_no_W_no,,,,,,,,,,,0,0,,,300,72,,,,,,,,,,,,,,,,,1,1,"9, 10",1,0.0,0.0,0.0,0.0,0.0,0,0,0,0,0,1,0.0,0.0,0,1,300.0,72.0,80.0,165.0,140.0,75.0,Up,Down,40,65,40,50,55.8743961352657,52.10828025477707,53.29113924050633,50.91025641025641,4,6c2og0cw,,,,,0
2,xlysi5bz,,0,587,587,FinalPage,ThankYou,2026-09-16 09:15:33.034876,1,,,1055.56,2,,0.0,M_no_W_no,,,,,,,,,,,0,0,,,280,50,,,,,,,,,,,,,,,,,1,1,"9, 10",1,0.0,0.0,0.0,0.0,0.0,0,0,0,-1,-1,1,0.0,0.0,0,1,300.0,72.0,80.0,165.0,140.0,75.0,Up,Down,40,65,40,50,55.8743961352657,52.10828025477707,53.29113924050633,50.91025641025641,4,6c2og0cw,,,,,0
3,ktzkk4b7,,0,587,587,FinalPage,ThankYou,2026-09-16 09:15:33.112004,1,,,1500.0,3,,0.0,M_no_W_no,,,,,,,,,,,0,0,,,197,150,,,,,,,,,,,,,,,,,1,1,"9, 10",1,0.0,0.0,0.0,0.0,0.0,0,0,0,-1,1,1,0.0,0.0,0,1,300.0,72.0,80.0,165.0,140.0,75.0,Up,Down,40,65,40,50,55.8743961352657,52.10828025477707,53.29113924050633,50.91025641025641,4,6c2og0cw,,,,,0
4,unt4hlph,,0,587,587,FinalPage,ThankYou,2026-09-16 09:15:33.157371,1,,,388.89,4,,0.0,M_no_W_no,,,,,,,,,,,0,0,,,400,80,,,,,,,,,,,,,,,,,1,1,"9, 10",1,0.0,0.0,0.0,0.0,0.0,0,0,0,1,1,1,0.0,0.0,0,1,300.0,72.0,80.0,165.0,140.0,75.0,Up,Down,40,65,40,50,55.8743961352657,52.10828025477707,53.29113924050633,50.91025641025641,4,6c2og0cw,,,,,0
5,e3o1p3e6,,0,587,587,FinalPage,ThankYou,2026-09-16 09:15:33.166793,1,,,277.78,5,,0.0,M_no_W_no,,,,,,,,,,,0,0,,,400,60,,,,,,,,,,,,,,,,,1,1,"9, 10",1,0.0,0.0,0.0,0.0,0.0,0,0,0,1,-1,1,0.0,0.0,0,1,300.0,72.0,80.0,165.0,140.0,75.0,Up,Down,40,65,40,50,55.8743961352657,52.10828025477707,53.29113924050633,50.91025641025641,4,6c2og0cw,,,,,0
6,0nzm25g8,,0,587,587,FinalPage,ThankYou,2026-09-16 09:15:33.284650,1,,,222.22,1,,0.0,M_no_W_no,,,,,,,,,,,0,0,,,225,80,,,,,,,,,,,,,,,,,1,1,"9, 10",1,0.0,0.0,0.0,0.0,0.0,0,0,0,-1,-1,2,0.0,0.0,1,1,288.0,123.0,50.0,62.5,70.0,100.0,Down,Down,100,75,60,0,55.8743961352657,52.10828025477707,53.29113924050633,50.91025641025641,4,6c2og0cw,,,,,0
7,f8ff6plt,,0,587,587,FinalPage,ThankYou,2026-09-16 09:15:33.299313,1,,,666.67,2,,0.0,M_no_W_no,,,,,,,,,,,0,0,,,225,50,,,,,,,,,,,,,,,,,1,1,"9, 10",1,0.0,0.0,0.0,0.0,0.0,0,0,0,-1,-1,2,0.0,0.0,1,1,288.0,123.0,50.0,62.5,70.0,100.0,Down,Down,100,75,60,0,55.8743961352657,52.10828025477707,53.29113924050633,50.91025641025641,4,6c2og0cw,,,,,0
8,poc3kn08,,0,587,587,FinalPage,ThankYou,2026-09-16 09:15:33.366241,1,,,0.0,3,,0.0,M_no_W_no,,,,,,,,,,,0,0,,,300,200,,,,,,,,,,,,,,,,,1,1,"9, 10",1,0.0,0.0,0.0,0.0,0.0,0,0,0,1,1,2,0.0,0.0,1,1,288.0,123.0,50.0,62.5,70.0,100.0,Down,Down,100,75,60,0,55.8743961352657,52.10828025477707,53.29113924050633,50.91025641025641,4,6c2og0cw,,,,,0
9,z9zrwosz,,0,587,587,FinalPage,ThankYou,2026-09-16 09:15:33.376342,1,,,333.33,4,,0.0,M_no_W_no,,,,,,,,,,,0,0,,,301,200,,,,,,,,,,,,,,,,,1,1,"9, 10",1,0.0,0.0,0.0,0.0,0.0,0,0,0,1,1,2,0.0,0.0,1,1,288.0,123.0,50.0,62.5,70.0,100.0,Down,Down,100,75,60,0,55.8743961352657,52.10828025477707,53.29113924050633,50.91025641025641,4,6c2og0cw,,,,,0
10,yldmtmxh,,0,587,587,FinalPage,ThankYou,2026-09-16 09:15:33.385003,1,,,555.56,5,,0.0,M_no_W_no,,,,,,,,,,,0,0,,,288,123,,,,,,,,,,,,,,,,,1,1,"9, 10",1,0.0,0.0,0.0,0.0,0.0,0,0,0,0,0,2,0.0,0.0,1,1,288.0,123.0,50.0,62.5,70.0,100.0,Down,Down,100,75,60,0,55.8743961352657,52.10828025477707,53.29113924050633,50.91025641025641,4,6c2og0cw,,,,,0
11,bjw1ymg6,,0,587,587,FinalPage,ThankYou,2026-09-16 09:15:33.421363,1,,,833.33,1,,0.0,M_no_W_no,,,,,,,,,,,0,0,,,400,150,,,,,,,,,,,,,,,,,1,1,"9, 10",1,0.0,0.0,0.0,0.0,0.0,0,0,0,0,1,3,0.0,0.0,1,1,400.0,125.0,90.0,75.0,60.0,85.0,Down,Down,20,50,80,30,55.8743961352657,52.10828025477707,53.29113924050633,50.91025641025641,4,6c2og0cw,,,,,0
12,dxg47gml,,0,587,587,FinalPage,ThankYou,2026-09-16 09:15:33.491807,1,,,222.22,2,,0.0,M_no_W_no,,,,,,,,,,,0,0,,,416,125,,,,,,,,,,,,,,,,,1,1,"9, 10",1,0.0,0.0,0.0,0.0,0.0,0,0,0,1,0,3,0.0,0.0,1,1,400.0,125.0,90.0,75.0,60.0,85.0,Down,Down,20,50,80,30,55.8743961352657,52.10828025477707,53.29113924050633,50.91025641025641,4,6c2og0cw,,,,,0
13,t47t8m59,,0,587,587,FinalPage,ThankYou,2026-09-16 09:15:33.501171,1,,,55.56,3,,0.0,M_no_W_no,,,,,,,,,,,0,0,,,410,125,,,,,,,,,,,,,,,,,1,1,"9, 10",1,0.0,0.0,0.0,0.0,0.0,0,0,0,1,1,3,0.0,0.0,1,1,400.0,125.0,90.0,75.0,60.0,85.0,Down,Down,20,50,80,30,55.8743961352657,52.10828025477707,53.29113924050633,50.91025641025641,4,6c2og0cw,,,,,0
14,2epyouig,,0,587,587,FinalPage,ThankYou,2026-09-16 09:15:33.510000,1,,,500.0,4,,0.0,M_no_W_no,,,,,,,,,,,0,0,,,395,110,,,,,,,,,,,,,,,,,1,1,"9, 10",1,0.0,0.0,0.0,0.0,0.0,0,0,0,-1,-1,3,0.0,0.0,1,1,400.0,125.0,90.0,75.0,60.0,85.0,Down,Down,20,50,80,30,55.8743961352657,52.10828025477707,53.29113924050633,50.91025641025641,4,6c2og0cw,,,,,0
15,107rd682,,0,587,587,FinalPage,ThankYou,2026-09-16 09:15:33.545454,1,,,1000.0,5,,0.0,M_no_W_no,,,,,,,,,,,0,0,,,389,121,,,,,,,,,,,,,,,,,1,1,"9, 10",1,0.0,0.0,0.0,0.0,0.0,0,0,0,-1,-1,3,0.0,0.0,1,1,400.0,125.0,90.0,75.0,60.0,85.0,Down,Down,20,50,80,30,55.8743961352657,52.10828025477707,53.29113924050633,50.91025641025641,4,6c2og0cw,,,,,0
16,6xyzc64h,,0,587,587,FinalPage,ThankYou,2026-09-16 09:15:33.555344,1,,,0.0,1,,0.0,M_no_W_no,,,,,,,,,,,0,0,,,320,195,,,,,,,,,,,,,,,,,1,1,"9, 10",1,0.0,0.0,0.0,0.0,0.0,0,0,0,0,0,4,0.0,0.0,1,0,320.0,195.0,50.0,87.5,70.0,90.0,Down,Down,100,25,20,60,55.8743961352657,52.10828025477707,53.29113924050633,50.91025641025641,4,6c2og0cw,,,,,0
17,566nkyxt,,0,587,587,FinalPage,ThankYou,2026-09-16 09:15:33.934007,1,,,1166.67,2,,0.0,M_no_W_no,,,,,,,,,,,0,0,,,299,199,,,,,,,,,,,,,,,,,1,1,"9, 10",1,0.0,0.0,0.0,0.0,0.0,0,0,0,-1,1,4,0.0,0.0,1,0,320.0,195.0,50.0,87.5,70.0,90.0,Down,Down,100,25,20,60,55.8743961352657,52.10828025477707,53.29113924050633,50.91025641025641,4,6c2og0cw,,,,,0
18,uv69jk1p,,0,587,587,FinalPage,ThankYou,2026-09-16 09:15:33.624429,1,,,0.0,3,,0.0,M_no_W_no,,,,,,,,,,,0,0,,,415,185,,,,,,,,,,,,,,,,,1,1,"9, 10",1,0.0,0.0,0.0,0.0,0.0,0,0,0,1,-1,4,0.0,0.0,1,0,320.0,195.0,50.0,87.5,70.0,90.0,Down,Down,100,25,20,60,55.8743961352657,52.10828025477707,53.29113924050633,50.91025641025641,4,6c2og0cw,,,,,0
19,thfu25ei,,0,587,587,FinalPage,ThankYou,2026-09-16 09:15:33.841511,1,,,1166.67,4,,0.0,M_no_W_no,,,,,,,,,,,0,0,,,380,220,,,,,,,,,,,,,,,,,1,1,"9, 10",1,0.0,0.0,0.0,0.0,0.0,0,0,0,1,1,4,0.0,0.0,1,0,320.0,195.0,50.0,87.5,70.0,90.0,Down,Down,100,25,20,60,55.8743961352657,52.10828025477707,53.29113924050633,50.91025641025641,4,6c2og0cw,,,,,0
20,008uq8bs,,0,587,587,FinalPage,ThankYou,2026-09-16 09:15:33.850247,1,,,111.11,5,,0.0,M_no_W_no,,,,,,,,,,,0,0,,,320,180,,,,,,,,,,,,,,,,,1,1,"9, 10",1,0.0,0.0,0.0,0.0,0.0,0,0,0,-1,-1,4,0.0,0.0,1,0,320.0,195.0,50.0,87.5,70.0,90.0,Down,Down,100,25,20,60,55.8743961352657,52.10828025477707,53.29113924050633,50.91025641025641,4,6c2og0cw,,,,,0
21,o4da1gkl,,0,587,587,FinalPage,ThankYou,2026-09-16 09:15:34.223143,1,,,166.67,1,,0.0,M_no_W_no,,,,,,,,,,,0,0,,,400,200,,,,,,,,,,,,,,,,,1,1,"9, 10",1,0.0,0.0,0.0,0.0,0.0,0,0,0,1,0,5,0.0,0.0,0,0,300.0,200.0,120.0,75.0,95.0,150.0,Down,Up,20,50,50,10,55.8743961352657,52.10828025477707,53.29113924050633,50.91025641025641,4,6c2og0cw,,,,,0
22,ilc2oqlq,,0,587,587,FinalPage,ThankYou,2026-09-16 09:15:34.214844,1,,,1222.22,2,,0.0,M_no_W_no,,,,,,,,,,,0,0,,,250,150,,,,,,,,,,,,,,,,,1,1,"9, 10",1,0.0,0.0,0.0,0.0,0.0,0,0,0,-1,-1,5,0.0,0.0,0,0,300.0,200.0,120.0,75.0,95.0,150.0,Down,Up,20,50,50,10,55.8743961352657,52.10828025477707,53.29113924050633,50.91025641025641,4,6c2og0cw,,,,,0
23,qcu0td0m,,0,587,587,FinalPage,ThankYou,2026-09-16 09:15:34.419332,1,,,500.0,3,,0.0,M_no_W_no,,,,,,,,,,,0,0,,,300,300,,,,,,,,,,,,,,,,,1,1,"9, 10",1,0.0,0.0,0.0,0.0,0.0,0,0,0,0,1,5,0.0,0.0,0,0,300.0,200.0,120.0,75.0,95.0,150.0,Down,Up,20,50,50,10,55.8743961352657,52.10828025477707,53.29113924050633,50.91025641025641,4,6c2og0cw,,,,,0
24,zcjv164s,,0,587,587,FinalPage,ThankYou,2026-09-16 09:15:34.435074,1,,,1111.11,4,,0.0,M_no_W_no,,,,,,,,,,,0,0,,,255,155,,,,,,,,,,,,,,,,,1,1,"9, 10",1,0.0,0.0,0.0,0.0,0.0,0,0,0,-1,-1,5,0.0,0.0,0,0,300.0,200.0,120.0,75.0,95.0,150.0,Down,Up,20,50,50,10,55.8743961352657,52.10828025477707,53.29113924050633,50.91025641025641,4,6c2og0cw,,,,,0
25,3g7fmbdb,,0,587,587,FinalPage,ThankYou,2026-09-16 09:15:34.780111,1,,,500.0,5,,0.0,M_no_W_no,,,,,,,,,,,0,0,,,350,210,,,,,,,,,,,,,,,,,1,1,"9, 10",1,0.0,0.0,0.0,0.0,0.0,0,0,0,1,1,5,0.0,0.0,0,0,300.0,200.0,120.0,75.0,95.0,150.0,Down,Up,20,50,50,10,55.8743961352657,52.10828025477707,53.29113924050633,50.91025641025641,4,6c2og0cw,,,,,0
1,o7pccht6,,0,587,587,FinalPage,ThankYou,2026-09-16 09:15:33.480125,1,,,1055.56,1,,0.0,M_no_W_no,,,,,,,,,,,0,0,,,275,65,,,,,,,,,,,,,,,,,1,1,"9, 10",1,0.0,0.0,0.0,0.0,0.0,0,0,0,0,0,1,0.0,0.0,0,1,275.0,65.0,80.0,165.0,140.0,75.0,Up,Down,40,65,40,50,55.8743961352657,52.10828025477707,53.29113924050633,50.91025641025641,5,6c2og0cw,,,,,0
2,xlysi5bz,,0,587,587,FinalPage,ThankYou,2026-09-16 09:15:33.034876,1,,,1055.56,2,,0.0,M_no_W_no,,,,,,,,,,,0,0,,,270,50,,,,,,,,,,,,,,,,,1,1,"9, 10",1,0.0,0.0,0.0,0.0,0.0,0,0,0,-1,-1,1,0.0,0.0,0,1,275.0,65.0,80.0,165.0,140.0,75.0,Up,Down,40,65,40,50,55.8743961352657,52.10828025477707,53.29113924050633,50.91025641025641,5,6c2og0cw,,,,,0
3,ktzkk4b7,,0,587,587,FinalPage,ThankYou,2026-09-16 09:15:33.112004,1,,,1500.0,3,,0.0,M_no_W_no,,,,,,,,,,,0,0,,,235,150,,,,,,,,,,,,,,,,,1,1,"9, 10",1,0.0,0.0,0.0,0.0,0.0,0,0,0,-1,1,1,0.0,0.0,0,1,275.0,65.0,80.0,165.0,140.0,75.0,Up,Down,40,65,40,50,55.8743961352657,52.10828025477707,53.29113924050633,50.91025641025641,5,6c2og0cw,,,,,0
4,unt4hlph,,0,587,587,FinalPage,ThankYou,2026-09-16 09:15:33.157371,1,,,388.89,4,,0.0,M_no_W_no,,,,,,,,,,,0,0,,,280,80,,,,,,,,,,,,,,,,,1,1,"9, 10",1,0.0,0.0,0.0,0.0,0.0,0,0,0,1,1,1,0.0,0.0,0,1,275.0,65.0,80.0,165.0,140.0,75.0,Up,Down,40,65,40,50,55.8743961352657,52.10828025477707,53.29113924050633,50.91025641025641,5,6c2og0cw,,,,,0
5,e3o1p3e6,,0,587,587,FinalPage,ThankYou,2026-09-16 09:15:33.166793,1,,,277.78,5,,0.0,M_no_W_no,,,,,,,,,,,0,0,,,380,60,,,,,,,,,,,,,,,,,1,1,"9, 10",1,0.0,0.0,0.0,0.0,0.0,0,0,0,1,-1,1,0.0,0.0,0,1,275.0,65.0,80.0,165.0,140.0,75.0,Up,Down,40,65,40,50,55.8743961352657,52.10828025477707,53.29113924050633,50.91025641025641,5,6c2og0cw,,,,,0
6,0nzm25g8,,0,587,587,FinalPage,ThankYou,2026-09-16 09:15:33.284650,1,,,222.22,1,,0.0,M_no_W_no,,,,,,,,,,,0,0,,,250,110,,,,,,,,,,,,,,,,,1,1,"9, 10",1,0.0,0.0,0.0,0.0,0.0,0,0,0,1,0,2,0.0,0.0,1,1,250.0,110.0,50.0,62.5,70.0,100.0,Down,Down,100,75,60,0,55.8743961352657,52.10828025477707,53.29113924050633,50.91025641025641,5,6c2og0cw,,,,,0
7,f8ff6plt,,0,587,587,FinalPage,ThankYou,2026-09-16 09:15:33.299313,1,,,666.67,2,,0.0,M_no_W_no,,,,,,,,,,,0,0,,,250,100,,,,,,,,,,,,,,,,,1,1,"9, 10",1,0.0,0.0,0.0,0.0,0.0,0,0,0,0,-1,2,0.0,0.0,1,1,250.0,110.0,50.0,62.5,70.0,100.0,Down,Down,100,75,60,0,55.8743961352657,52.10828025477707,53.29113924050633,50.91025641025641,5,6c2og0cw,,,,,0
8,poc3kn08,,0,587,587,FinalPage,ThankYou,2026-09-16 09:15:33.366241,1,,,0.0,3,,0.0,M_no_W_no,,,,,,,,,,,0,0,,,400,200,,,,,,,,,,,,,,,,,1,1,"9, 10",1,0.0,0.0,0.0,0.0,0.0,0,0,0,1,1,2,0.0,0.0,1,1,250.0,110.0,50.0,62.5,70.0,100.0,Down,Down,100,75,60,0,55.8743961352657,52.10828025477707,53.29113924050633,50.91025641025641,5,6c2og0cw,,,,,0
9,z9zrwosz,,0,587,587,FinalPage,ThankYou,2026-09-16 09:15:33.376342,1,,,333.33,4,,0.0,M_no_W_no,,,,,,,,,,,0,0,,,200,101,,,,,,,,,,,,,,,,,1,1,"9, 10",1,0.0,0.0,0.0,0.0,0.0,0,0,0,-1,-1,2,0.0,0.0,1,1,250.0,110.0,50.0,62.5,70.0,100.0,Down,Down,100,75,60,0,55.8743961352657,52.10828025477707,53.29113924050633,50.91025641025641,5,6c2og0cw,,,,,0
10,yldmtmxh,,0,587,587,FinalPage,ThankYou,2026-09-16 09:15:33.385003,1,,,555.56,5,,0.0,M_no_W_no,,,,,,,,,,,0,0,,,174,199,,,,,,,,,,,,,,,,,1,1,"9, 10",1,0.0,0.0,0.0,0.0,0.0,0,0,0,-1,1,2,0.0,0.0,1,1,250.0,110.0,50.0,62.5,70.0,100.0,Down,Down,100,75,60,0,55.8743961352657,52.10828025477707,53.29113924050633,50.91025641025641,5,6c2og0cw,,,,,0
11,bjw1ymg6,,0,587,587,FinalPage,ThankYou,2026-09-16 09:15:33.421363,1,,,833.33,1,,0.0,M_no_W_no,,,,,,,,,,,0,0,,,380,120,,,,,,,,,,,,,,,,,1,1,"9, 10",1,0.0,0.0,0.0,0.0,0.0,0,0,0,-1,0,3,0.0,0.0,1,1,400.0,120.0,90.0,75.0,60.0,85.0,Down,Down,20,50,80,30,55.8743961352657,52.10828025477707,53.29113924050633,50.91025641025641,5,6c2og0cw,,,,,0
12,dxg47gml,,0,587,587,FinalPage,ThankYou,2026-09-16 09:15:33.491807,1,,,222.22,2,,0.0,M_no_W_no,,,,,,,,,,,0,0,,,400,100,,,,,,,,,,,,,,,,,1,1,"9, 10",1,0.0,0.0,0.0,0.0,0.0,0,0,0,0,-1,3,0.0,0.0,1,1,400.0,120.0,90.0,75.0,60.0,85.0,Down,Down,20,50,80,30,55.8743961352657,52.10828025477707,53.29113924050633,50.91025641025641,5,6c2og0cw,,,,,0
13,t47t8m59,,0,587,587,FinalPage,ThankYou,2026-09-16 09:15:33.501171,1,,,55.56,3,,0.0,M_no_W_no,,,,,,,,,,,0,0,,,410,125,,,,,,,,,,,,,,,,,1,1,"9, 10",1,0.0,0.0,0.0,0.0,0.0,0,0,0,1,1,3,0.0,0.0,1,1,400.0,120.0,90.0,75.0,60.0,85.0,Down,Down,20,50,80,30,55.8743961352657,52.10828025477707,53.29113924050633,50.91025641025641,5,6c2og0cw,,,,,0
14,2epyouig,,0,587,587,FinalPage,ThankYou,2026-09-16 09:15:33.510000,1,,,500.0,4,,0.0,M_no_W_no,,,,,,,,,,,0,0,,,500,100,,,,,,,,,,,,,,,,,1,1,"9, 10",1,0.0,0.0,0.0,0.0,0.0,0,0,0,1,-1,3,0.0,0.0,1,1,400.0,120.0,90.0,75.0,60.0,85.0,Down,Down,20,50,80,30,55.8743961352657,52.10828025477707,53.29113924050633,50.91025641025641,5,6c2og0cw,,,,,0
15,107rd682,,0,587,587,FinalPage,ThankYou,2026-09-16 09:15:33.545454,1,,,1000.0,5,,0.0,M_no_W_no,,,,,,,,,,,0,0,,,399,130,,,,,,,,,,,,,,,,,1,1,"9, 10",1,0.0,0.0,0.0,0.0,0.0,0,0,0,-1,1,3,0.0,0.0,1,1,400.0,120.0,90.0,75.0,60.0,85.0,Down,Down,20,50,80,30,55.8743961352657,52.10828025477707,53.29113924050633,50.91025641025641,5,6c2og0cw,,,,,0
16,6xyzc64h,,0,587,587,FinalPage,ThankYou,2026-09-16 09:15:33.555344,1,,,0.0,1,,0.0,M_no_W_no,,,,,,,,,,,0,0,,,325,190,,,,,,,,,,,,,,,,,1,1,"9, 10",1,0.0,0.0,0.0,0.0,0.0,0,0,0,-1,-1,4,0.0,0.0,1,0,350.0,200.0,50.0,87.5,70.0,90.0,Down,Down,100,25,20,60,55.8743961352657,52.10828025477707,53.29113924050633,50.91025641025641,5,6c2og0cw,,,,,0
17,566nkyxt,,0,587,587,FinalPage,ThankYou,2026-09-16 09:15:33.934007,1,,,1166.67,2,,0.0,M_no_W_no,,,,,,,,,,,0,0,,,298,180,,,,,,,,,,,,,,,,,1,1,"9, 10",1,0.0,0.0,0.0,0.0,0.0,0,0,0,-1,-1,4,0.0,0.0,1,0,350.0,200.0,50.0,87.5,70.0,90.0,Down,Down,100,25,20,60,55.8743961352657,52.10828025477707,53.29113924050633,50.91025641025641,5,6c2og0cw,,,,,0
18,uv69jk1p,,0,587,587,FinalPage,ThankYou,2026-09-16 09:15:33.624429,1,,,0.0,3,,0.0,M_no_W_no,,,,,,,,,,,0,0,,,350,250,,,,,,,,,,,,,,,,,1,1,"9, 10",1,0.0,0.0,0.0,0.0,0.0,0,0,0,0,1,4,0.0,0.0,1,0,350.0,200.0,50.0,87.5,70.0,90.0,Down,Down,100,25,20,60,55.8743961352657,52.10828025477707,53.29113924050633,50.91025641025641,5,6c2og0cw,,,,,0
19,thfu25ei,,0,587,587,FinalPage,ThankYou,2026-09-16 09:15:33.841511,1,,,1166.67,4,,0.0,M_no_W_no,,,,,,,,,,,0,0,,,350,200,,,,,,,,,,,,,,,,,1,1,"9, 10",1,0.0,0.0,0.0,0.0,0.0,0,0,0,1,0,4,0.0,0.0,1,0,350.0,200.0,50.0,87.5,70.0,90.0,Down,Down,100,25,20,60,55.8743961352657,52.10828025477707,53.29113924050633,50.91025641025641,5,6c2og0cw,,,,,0
20,008uq8bs,,0,587,587,FinalPage,ThankYou,2026-09-16 09:15:33.850247,1,,,111.11,5,,0.0,M_no_W_no,,,,,,,,,,,0,0,,,350,200,,,,,,,,,,,,,,,,,1,1,"9, 10",1,0.0,0.0,0.0,0.0,0.0,0,0,0,1,1,4,0.0,0.0,1,0,350.0,200.0,50.0,87.5,70.0,90.0,Down,Down,100,25,20,60,55.8743961352657,52.10828025477707,53.29113924050633,50.91025641025641,5,6c2og0cw,,,,,0
21,o4da1gkl,,0,587,587,FinalPage,ThankYou,2026-09-16 09:15:34.223143,1,,,166.67,1,,0.0,M_no_W_no,,,,,,,,,,,0,0,,,300,300,,,,,,,,,,,,,,,,,1,1,"9, 10",1,0.0,0.0,0.0,0.0,0.0,0,0,0,0,1,5,0.0,0.0,0,0,300.0,230.0,120.0,75.0,95.0,150.0,Down,Up,20,50,50,10,55.8743961352657,52.10828025477707,53.29113924050633,50.91025641025641,5,6c2og0cw,,,,,0
22,ilc2oqlq,,0,587,587,FinalPage,ThankYou,2026-09-16 09:15:34.214844,1,,,1222.22,2,,0.0,M_no_W_no,,,,,,,,,,,0,0,,,250,160,,,,,,,,,,,,,,,,,1,1,"9, 10",1,0.0,0.0,0.0,0.0,0.0,0,0,0,-1,-1,5,0.0,0.0,0,0,300.0,230.0,120.0,75.0,95.0,150.0,Down,Up,20,50,50,10,55.8743961352657,52.10828025477707,53.29113924050633,50.91025641025641,5,6c2og0cw,,,,,0
23,qcu0td0m,,0,587,587,FinalPage,ThankYou,2026-09-16 09:15:34.419332,1,,,500.0,3,,0.0,M_no_W_no,,,,,,,,,,,0,0,,,350,250,,,,,,,,,,,,,,,,,1,1,"9, 10",1,0.0,0.0,0.0,0.0,0.0,0,0,0,1,1,5,0.0,0.0,0,0,300.0,230.0,120.0,75.0,95.0,150.0,Down,Up,20,50,50,10,55.8743961352657,52.10828025477707,53.29113924050633,50.91025641025641,5,6c2og0cw,,,,,0
24,zcjv164s,,0,587,587,FinalPage,ThankYou,2026-09-16 09:15:34.435074,1,,,1111.11,4,,0.0,M_no_W_no,,,,,,,,,,,0,0,,,260,188,,,,,,,,,,,,,,,,,1,1,"9, 10",1,0.0,0.0,0.0,0.0,0.0,0,0,0,-1,-1,5,0.0,0.0,0,0,300.0,230.0,120.0,75.0,95.0,150.0,Down,Up,20,50,50,10,55.8743961352657,52.10828025477707,53.29113924050633,50.91025641025641,5,6c2og0cw,,,,,0
25,3g7fmbdb,,0,587,587,FinalPage,ThankYou,2026-09-16 09:15:34.780111,1,,,500.0,5,,0.0,M_no_W_no,,,,,,,,,,,0,0,,,325,230,,,,,,,,,,,,,,,,,1,1,"9, 10",1,0.0,0.0,0.0,0.0,0.0,0,0,0,1,0,5,0.0,0.0,0,0,300.0,230.0,120.0,75.0,95.0,150.0,Down,Up,20,50,50,10,55.8743961352657,52.10828025477707,53.29113924050633,50.91025641025641,5,6c2og0cw,,,,,0
1,o7pccht6,,0,587,587,FinalPage,ThankYou,2026-09-16 09:15:33.480125,1,,,1055.56,1,,0.0,M_no_W_no,,,,,,,,,,,0,0,,,300,80,,,,,,,,,,,,,,,,,1,1,"9, 10",1,0.0,0.0,0.0,0.0,0.0,0,0,0,1,1,1,0.0,0.0,0,1,260.0,55.0,80.0,165.0,140.0,75.0,Up,Down,40,65,40,50,55.8743961352657,52.10828025477707,53.29113924050633,50.91025641025641,6,6c2og0cw,,,,,0
2,xlysi5bz,,0,587,587,FinalPage,ThankYou,2026-09-16 09:15:33.034876,1,,,1055.56,2,,0.0,M_no_W_no,,,,,,,,,,,0,0,,,260,45,,,,,,,,,,,,,,,,,1,1,"9, 10",1,0.0,0.0,0.0,0.0,0.0,0,0,0,0,-1,1,0.0,0.0,0,1,260.0,55.0,80.0,165.0,140.0,75.0,Up,Down,40,65,40,50,55.8743961352657,52.10828025477707,53.29113924050633,50.91025641025641,6,6c2og0cw,,,,,0
3,ktzkk4b7,,0,587,587,FinalPage,ThankYou,2026-09-16 09:15:33.112004,1,,,1500.0,3,,0.0,M_no_W_no,,,,,,,,,,,0,0,,,235,150,,,,,,,,,,,,,,,,,1,1,"9, 10",1,0.0,0.0,0.0,0.0,0.0,0,0,0,-1,1,1,0.0,0.0,0,1,260.0,55.0,80.0,165.0,140.0,75.0,Up,Down,40,65,40,50,55.8743961352657,52.10828025477707,53.29113924050633,50.91025641025641,6,6c2og0cw,,,,,0
4,unt4hlph,,0,587,587,FinalPage,ThankYou,2026-09-16 09:15:33.157371,1,,,388.89,4,,0.0,M_no_W_no,,,,,,,,,,,0,0,,,250,50,,,,,,,,,,,,,,,,,1,1,"9, 10",1,0.0,0.0,0.0,0.0,0.0,0,0,0,-1,-1,1,0.0,0.0,0,1,260.0,55.0,80.0,165.0,140.0,75.0,Up,Down,40,65,40,50,55.8743961352657,52.10828025477707,53.29113924050633,50.91025641025641,6,6c2og0cw,,,,,0
5,e3o1p3e6,,0,587,587,FinalPage,ThankYou,2026-09-16 09:15:33.166793,1,,,277.78,5,,0.0,M_no_W_no,,,,,,,,,,,0,0,,,350,55,,,,,,,,,,,,,,,,,1,1,"9, 10",1,0.0,0.0,0.0,0.0,0.0,0,0,0,1,0,1,0.0,0.0,0,1,260.0,55.0,80.0,165.0,140.0,75.0,Up,Down,40,65,40,50,55.8743961352657,52.10828025477707,53.29113924050633,50.91025641025641,6,6c2og0cw,,,,,0
6,0nzm25g8,,0,587,587,FinalPage,ThankYou,2026-09-16 09:15:33.284650,1,,,222.22,1,,0.0,M_no_W_no,,,,,,,,,,,0,0,,,220,120,,,,,,,,,,,,,,,,,1,1,"9, 10",1,0.0,0.0,0.0,0.0,0.0,0,0,0,-1,1,2,0.0,0.0,1,1,240.0,100.0,50.0,62.5,70.0,100.0,Down,Down,100,75,60,0,55.8743961352657,52.10828025477707,53.29113924050633,50.91025641025641,6,6c2og0cw,,,,,0
7,f8ff6plt,,0,587,587,FinalPage,ThankYou,2026-09-16 09:15:33.299313,1,,,666.67,2,,0.0,M_no_W_no,,,,,,,,,,,0,0,,,240,100,,,,,,,,,,,,,,,,,1,1,"9, 10",1,0.0,0.0,0.0,0.0,0.0,0,0,0,0,0,2,0.0,0.0,1,1,240.0,100.0,50.0,62.5,70.0,100.0,Down,Down,100,75,60,0,55.8743961352657,52.10828025477707,53.29113924050633,50.91025641025641,6,6c2og0cw,,,,,0
8,poc3kn08,,0,587,587,FinalPage,ThankYou,2026-09-16 09:15:33.366241,1,,,0.0,3,,0.0,M_no_W_no,,,,,,,,,,,0,0,,,300,110,,,,,,,,,,,,,,,,,1,1,"9, 10",1,0.0,0.0,0.0,0.0,0.0,0,0,0,1,1,2,0.0,0.0,1,1,240.0,100.0,50.0,62.5,70.0,100.0,Down,Down,100,75,60,0,55.8743961352657,52.10828025477707,53.29113924050633,50.91025641025641,6,6c2og0cw,,,,,0
9,z9zrwosz,,0,587,587,FinalPage,ThankYou,2026-09-16 09:15:33.376342,1,,,333.33,4,,0.0,M_no_W_no,,,,,,,,,,,0,0,,,260,80,,,,,,,,,,,,,,,,,1,1,"9, 10",1,0.0,0.0,0.0,0.0,0.0,0,0,0,1,-1,2,0.0,0.0,1,1,240.0,100.0,50.0,62.5,70.0,100.0,Down,Down,100,75,60,0,55.8743961352657,52.10828025477707,53.29113924050633,50.91025641025641,6,6c2og0cw,,,,,0
10,yldmtmxh,,0,587,587,FinalPage,ThankYou,2026-09-16 09:15:33.385003,1,,,555.56,5,,0.0,M_no_W_no,,,,,,,,,,,0,0,,,211,89,,,,,,,,,,,,,,,,,1,1,"9, 10",1,0.0,0.0,0.0,0.0,0.0,0,0,0,-1,-1,2,0.0,0.0,1,1,240.0,100.0,50.0,62.5,70.0,100.0,Down,Down,100,75,60,0,55.8743961352657,52.10828025477707,53.29113924050633,50.91025641025641,6,6c2og0cw,,,,,0
11,bjw1ymg6,,0,587,587,FinalPage,ThankYou,2026-09-16 09:15:33.421363,1,,,833.33,1,,0.0,M_no_W_no,,,,,,,,,,,0,0,,,380,100,,,,,,,,,,,,,,,,,1,1,"9, 10",1,0.0,0.0,0.0,0.0,0.0,0,0,0,-1,-1,3,0.0,0.0,1,1,400.0,120.0,90.0,75.0,60.0,85.0,Down,Down,20,50,80,30,55.8743961352657,52.10828025477707,53.29113924050633,50.91025641025641,6,6c2og0cw,,,,,0
12,dxg47gml,,0,587,587,FinalPage,ThankYou,2026-09-16 09:15:33.491807,1,,,222.22,2,,0.0,M_no_W_no,,,,,,,,,,,0,0,,,400,110,,,,,,,,,,,,,,,,,1,1,"9, 10",1,0.0,0.0,0.0,0.0,0.0,0,0,0,0,-1,3,0.0,0.0,1,1,400.0,120.0,90.0,75.0,60.0,85.0,Down,Down,20,50,80,30,55.8743961352657,52.10828025477707,53.29113924050633,50.91025641025641,6,6c2og0cw,,,,,0
13,t47t8m59,,0,587,587,FinalPage,ThankYou,2026-09-16 09:15:33.501171,1,,,55.56,3,,0.0,M_no_W_no,,,,,,,,,,,0,0,,,410,120,,,,,,,,,,,,,,,,,1,1,"9, 10",1,0.0,0.0,0.0,0.0,0.0,0,0,0,1,0,3,0.0,0.0,1,1,400.0,120.0,90.0,75.0,60.0,85.0,Down,Down,20,50,80,30,55.8743961352657,52.10828025477707,53.29113924050633,50.91025641025641,6,6c2og0cw,,,,,0
14,2epyouig,,0,587,587,FinalPage,ThankYou,2026-09-16 09:15:33.510000,1,,,500.0,4,,0.0,M_no_W_no,,,,,,,,,,,0,0,,,410,120,,,,,,,,,,,,,,,,,1,1,"9, 10",1,0.0,0.0,0.0,0.0,0.0,0,0,0,1,1,3,0.0,0.0,1,1,400.0,120.0,90.0,75.0,60.0,85.0,Down,Down,20,50,80,30,55.8743961352657,52.10828025477707,53.29113924050633,50.91025641025641,6,6c2og0cw,,,,,0
15,107rd682,,0,587,587,FinalPage,ThankYou,2026-09-16 09:15:33.545454,1,,,1000.0,5,,0.0,M_no_W_no,,,,,,,,,,,0,0,,,399,121,,,,,,,,,,,,,,,,,1,1,"9, 10",1,0.0,0.0,0.0,0.0,0.0,0,0,0,-1,1,3,0.0,0.0,1,1,400.0,120.0,90.0,75.0,60.0,85.0,Down,Down,20,50,80,30,55.8743961352657,52.10828025477707,53.29113924050633,50.91025641025641,6,6c2og0cw,,,,,0
16,6xyzc64h,,0,587,587,FinalPage,ThankYou,2026-09-16 09:15:33.555344,1,,,0.0,1,,0.0,M_no_W_no,,,,,,,,,,,0,0,,,340,195,,,,,,,,,,,,,,,,,1,1,"9, 10",1,0.0,0.0,0.0,0.0,0.0,0,0,0,-1,0,4,0.0,0.0,1,0,375.0,195.0,50.0,87.5,70.0,90.0,Down,Down,100,25,20,60,55.8743961352657,52.10828025477707,53.29113924050633,50.91025641025641,6,6c2og0cw,,,,,0
17,566nkyxt,,0,587,587,FinalPage,ThankYou,2026-09-16 09:15:33.934007,1,,,1166.67,2,,0.0,M_no_W_no,,,,,,,,,,,0,0,,,290,185,,,,,,,,,,,,,,,,,1,1,"9, 10",1,0.0,0.0,0.0,0.0,0.0,0,0,0,-1,-1,4,0.0,0.0,1,0,375.0,195.0,50.0,87.5,70.0,90.0,Down,Down,100,25,20,60,55.8743961352657,52.10828025477707,53.29113924050633,50.91025641025641,6,6c2og0cw,,,,,0
18,uv69jk1p,,0,587,587,FinalPage,ThankYou,2026-09-16 09:15:33.624429,1,,,0.0,3,,0.0,M_no_W_no,,,,,,,,,,,0,0,,,375,225,,,,,,,,,,,,,,,,,1,1,"9, 10",1,0.0,0.0,0.0,0.0,0.0,0,0,0,1,1,4,0.0,0.0,1,0,375.0,195.0,50.0,87.5,70.0,90.0,Down,Down,100,25,20,60,55.8743961352657,52.10828025477707,53.29113924050633,50.91025641025641,6,6c2og0cw,,,,,0
19,thfu25ei,,0,587,587,FinalPage,ThankYou,2026-09-16 09:15:33.841511,1,,,1166.67,4,,0.0,M_no_W_no,,,,,,,,,,,0,0,,,380,210,,,,,,,,,,,,,,,,,1,1,"9, 10",1,0.0,0.0,0.0,0.0,0.0,0,0,0,1,1,4,0.0,0.0,1,0,375.0,195.0,50.0,87.5,70.0,90.0,Down,Down,100,25,20,60,55.8743961352657,52.10828025477707,53.29113924050633,50.91025641025641,6,6c2og0cw,,,,,0
20,008uq8bs,,0,587,587,FinalPage,ThankYou,2026-09-16 09:15:33.850247,1,,,111.11,5,,0.0,M_no_W_no,,,,,,,,,,,0,0,,,375,175,,,,,,,,,,,,,,,,,1,1,"9, 10",1,0.0,0.0,0.0,0.0,0.0,0,0,0,0,-1,4,0.0,0.0,1,0,375.0,195.0,50.0,87.5,70.0,90.0,Down,Down,100,25,20,60,55.8743961352657,52.10828025477707,53.29113924050633,50.91025641025641,6,6c2og0cw,,,,,0
21,o4da1gkl,,0,587,587,FinalPage,ThankYou,2026-09-16 09:15:34.223143,1,,,166.67,1,,0.0,M_no_W_no,,,,,,,,,,,0,0,,,350,250,,,,,,,,,,,,,,,,,1,1,"9, 10",1,0.0,0.0,0.0,0.0,0.0,0,0,0,1,0,5,0.0,0.0,0,0,270.0,250.0,120.0,75.0,95.0,150.0,Down,Up,20,50,50,10,55.8743961352657,52.10828025477707,53.29113924050633,50.91025641025641,6,6c2og0cw,,,,,0
22,ilc2oqlq,,0,587,587,FinalPage,ThankYou,2026-09-16 09:15:34.214844,1,,,1222.22,2,,0.0,M_no_W_no,,,,,,,,,,,0,0,,,270,200,,,,,,,,,,,,,,,,,1,1,"9, 10",1,0.0,0.0,0.0,0.0,0.0,0,0,0,0,-1,5,0.0,0.0,0,0,270.0,250.0,120.0,75.0,95.0,150.0,Down,Up,20,50,50,10,55.8743961352657,52.10828025477707,53.29113924050633,50.91025641025641,6,6c2og0cw,,,,,0
23,qcu0td0m,,0,587,587,FinalPage,ThankYou,2026-09-16 09:15:34.419332,1,,,500.0,3,,0.0,M_no_W_no,,,,,,,,,,,0,0,,,250,350,,,,,,,,,,,,,,,,,1,1,"9, 10",1,0.0,0.0,0.0,0.0,0.0,0,0,0,-1,1,5,0.0,0.0,0,0,270.0,250.0,120.0,75.0,95.0,150.0,Down,Up,20,50,50,10,55.8743961352657,52.10828025477707,53.29113924050633,50.91025641025641,6,6c2og0cw,,,,,0
24,zcjv164s,,0,587,587,FinalPage,ThankYou,2026-09-16 09:15:34.435074,1,,,1111.11,4,,0.0,M_no_W_no,,,,,,,,,,,0,0,,,261,230,,,,,,,,,,,,,,,,,1,1,"9, 10",1,0.0,0.0,0.0,0.0,0.0,0,0,0,-1,-1,5,0.0,0.0,0,0,270.0,250.0,120.0,75.0,95.0,150.0,Down,Up,20,50,50,10,55.8743961352657,52.10828025477707,53.29113924050633,50.91025641025641,6,6c2og0cw,,,,,0
25,3g7fmbdb,,0,587,587,FinalPage,ThankYou,2026-09-16 09:15:34.780111,1,,,500.0,5,,0.0,M_no_W_no,,,,,,,,,,,0,0,,,330,270,,,,,,,,,,,,,,,,,1,1,"9, 10",1,0.0,0.0,0.0,0.0,0.0,0,0,0,1,1,5,0.0,0.0,0,0,270.0,250.0,120.0,75.0,95.0,150.0,Down,Up,20,50,50,10,55.8743961352657,52.10828025477707,53.29113924050633,50.91025641025641,6,6c2og0cw,,,,,0
1,o7pccht6,,0,587,587,FinalPage,ThankYou,2026-09-16 09:15:33.480125,1,,,1055.56,1,,0.0,M_no_W_no,,,,,,,,,,,0,0,,,280,75,,,,,,,,,,,,,,,,,1,1,"9, 10",1,0.0,0.0,0.0,0.0,0.0,0,0,0,0,0,1,0.0,0.0,0,1,280.0,75.0,80.0,165.0,140.0,75.0,Up,Down,40,65,40,50,55.8743961352657,52.10828025477707,53.29113924050633,50.91025641025641,7,6c2og0cw,,,,,0
2,xlysi5bz,,0,587,587,FinalPage,ThankYou,2026-09-16 09:15:33.034876,1,,,1055.56,2,,0.0,M_no_W_no,,,,,,,,,,,0,0,,,245,40,,,,,,,,,,,,,,,,,1,1,"9, 10",1,0.0,0.0,0.0,0.0,0.0,0,0,0,-1,-1,1,0.0,0.0,0,1,280.0,75.0,80.0,165.0,140.0,75.0,Up,Down,40,65,40,50,55.8743961352657,52.10828025477707,53.29113924050633,50.91025641025641,7,6c2og0cw,,,,,0
3,ktzkk4b7,,0,587,587,FinalPage,ThankYou,2026-09-16 09:15:33.112004,1,,,1500.0,3,,0.0,M_no_W_no,,,,,,,,,,,0,0,,,235,120,,,,,,,,,,,,,,,,,1,1,"9, 10",1,0.0,0.0,0.0,0.0,0.0,0,0,0,-1,1,1,0.0,0.0,0,1,280.0,75.0,80.0,165.0,140.0,75.0,Up,Down,40,65,40,50,55.8743961352657,52.10828025477707,53.29113924050633,50.91025641025641,7,6c2og0cw,,,,,0
4,unt4hlph,,0,587,587,FinalPage,ThankYou,2026-09-16 09:15:33.157371,1,,,388.89,4,,0.0,M_no_W_no,,,,,,,,,,,0,0,,,500,100,,,,,,,,,,,,,,,,,1,1,"9, 10",1,0.0,0.0,0.0,0.0,0.0,0,0,0,1,1,1,0.0,0.0,0,1,280.0,75.0,80.0,165.0,140.0,75.0,Up,Down,40,65,40,50,55.8743961352657,52.10828025477707,53.29113924050633,50.91025641025641,7,6c2og0cw,,,,,0
5,e3o1p3e6,,0,587,587,FinalPage,ThankYou,2026-09-16 09:15:33.166793,1,,,277.78,5,,0.0,M_no_W_no,,,,,,,,,,,0,0,,,325,45,,,,,,,,,,,,,,,,,1,1,"9, 10",1,0.0,0.0,0.0,0.0,0.0,0,0,0,1,-1,1,0.0,0.0,0,1,280.0,75.0,80.0,165.0,140.0,75.0,Up,Down,40,65,40,50,55.8743961352657,52.10828025477707,53.29113924050633,50.91025641025641,7,6c2og0cw,,,,,0
6,0nzm25g8,,0,587,587,FinalPage,ThankYou,2026-09-16 09:15:33.284650,1,,,222.22,1,,0.0,M_no_W_no,,,,,,,,,,,0,0,,,260,80,,,,,,,,,,,,,,,,,1,1,"9, 10",1,0.0,0.0,0.0,0.0,0.0,0,0,0,0,-1,2,0.0,0.0,1,1,260.0,105.0,50.0,62.5,70.0,100.0,Down,Down,100,75,60,0,55.8743961352657,52.10828025477707,53.29113924050633,50.91025641025641,7,6c2og0cw,,,,,0
7,f8ff6plt,,0,587,587,FinalPage,ThankYou,2026-09-16 09:15:33.299313,1,,,666.67,2,,0.0,M_no_W_no,,,,,,,,,,,0,0,,,240,100,,,,,,,,,,,,,,,,,1,1,"9, 10",1,0.0,0.0,0.0,0.0,0.0,0,0,0,-1,-1,2,0.0,0.0,1,1,260.0,105.0,50.0,62.5,70.0,100.0,Down,Down,100,75,60,0,55.8743961352657,52.10828025477707,53.29113924050633,50.91025641025641,7,6c2og0cw,,,,,0
8,poc3kn08,,0,587,587,FinalPage,ThankYou,2026-09-16 09:15:33.366241,1,,,0.0,3,,0.0,M_no_W_no,,,,,,,,,,,0,0,,,400,200,,,,,,,,,,,,,,,,,1,1,"9, 10",1,0.0,0.0,0.0,0.0,0.0,0,0,0,1,1,2,0.0,0.0,1,1,260.0,105.0,50.0,62.5,70.0,100.0,Down,Down,100,75,60,0,55.8743961352657,52.10828025477707,53.29113924050633,50.91025641025641,7,6c2og0cw,,,,,0
9,z9zrwosz,,0,587,587,FinalPage,ThankYou,2026-09-16 09:15:33.376342,1,,,333.33,4,,0.0,M_no_W_no,,,,,,,,,,,0,0,,,240,105,,,,,,,,,,,,,,,,,1,1,"9, 10",1,0.0,0.0,0.0,0.0,0.0,0,0,0,-1,0,2,0.0,0.0,1,1,260.0,105.0,50.0,62.5,70.0,100.0,Down,Down,100,75,60,0,55.8743961352657,52.10828025477707,53.29113924050633,50.91025641025641,7,6c2og0cw,,,,,0
10,yldmtmxh,,0,587,587,FinalPage,ThankYou,2026-09-16 09:15:33.385003,1,,,555.56,5,,0.0,M_no_W_no,,,,,,,,,,,0,0,,,288,119,,,,,,,,,,,,,,,,,1,1,"9, 10",1,0.0,0.0,0.0,0.0,0.0,0,0,0,1,1,2,0.0,0.0,1,1,260.0,105.0,50.0,62.5,70.0,100.0,Down,Down,100,75,60,0,55.8743961352657,52.10828025477707,53.29113924050633,50.91025641025641,7,6c2og0cw,,,,,0
11,bjw1ymg6,,0,587,587,FinalPage,ThankYou,2026-09-16 09:15:33.421363,1,,,833.33,1,,0.0,M_no_W_no,,,,,,,,,,,0,0,,,390,110,,,,,,,,,,,,,,,,,1,1,"9, 10",1,0.0,0.0,0.0,0.0,0.0,0,0,0,-1,-1,3,0.0,0.0,1,1,399.0,110.0,90.0,75.0,60.0,85.0,Down,Down,20,50,80,30,55.8743961352657,52.10828025477707,53.29113924050633,50.91025641025641,7,6c2og0cw,,,,,0
12,dxg47gml,,0,587,587,FinalPage,ThankYou,2026-09-16 09:15:33.491807,1,,,222.22,2,,0.0,M_no_W_no,,,,,,,,,,,0,0,,,400,100,,,,,,,,,,,,,,,,,1,1,"9, 10",1,0.0,0.0,0.0,0.0,0.0,0,0,0,1,-1,3,0.0,0.0,1,1,399.0,110.0,90.0,75.0,60.0,85.0,Down,Down,20,50,80,30,55.8743961352657,52.10828025477707,53.29113924050633,50.91025641025641,7,6c2og0cw,,,,,0
13,t47t8m59,,0,587,587,FinalPage,ThankYou,2026-09-16 09:15:33.501171,1,,,55.56,3,,0.0,M_no_W_no,,,,,,,,,,,0,0,,,390,110,,,,,,,,,,,,,,,,,1,1,"9, 10",1,0.0,0.0,0.0,0.0,0.0,0,0,0,-1,0,3,0.0,0.0,1,1,399.0,110.0,90.0,75.0,60.0,85.0,Down,Down,20,50,80,30,55.8743961352657,52.10828025477707,53.29113924050633,50.91025641025641,7,6c2og0cw,,,,,0
14,2epyouig,,0,587,587,FinalPage,ThankYou,2026-09-16 09:15:33.510000,1,,,500.0,4,,0.0,M_no_W_no,,,,,,,,,,,0,0,,,400,115,,,,,,,,,,,,,,,,,1,1,"9, 10",1,0.0,0.0,0.0,0.0,0.0,0,0,0,1,1,3,0.0,0.0,1,1,399.0,110.0,90.0,75.0,60.0,85.0,Down,Down,20,50,80,30,55.8743961352657,52.10828025477707,53.29113924050633,50.91025641025641,7,6c2og0cw,,,,,0
15,107rd682,,0,587,587,FinalPage,ThankYou,2026-09-16 09:15:33.545454,1,,,1000.0,5,,0.0,M_no_W_no,,,,,,,,,,,0,0,,,399,121,,,,,,,,,,,,,,,,,1,1,"9, 10",1,0.0,0.0,0.0,0.0,0.0,0,0,0,0,1,3,0.0,0.0,1,1,399.0,110.0,90.0,75.0,60.0,85.0,Down,Down,20,50,80,30,55.8743961352657,52.10828025477707,53.29113924050633,50.91025641025641,7,6c2og0cw,,,,,0
16,6xyzc64h,,0,587,587,FinalPage,ThankYou,2026-09-16 09:15:33.555344,1,,,0.0,1,,0.0,M_no_W_no,,,,,,,,,,,0,0,,,350,195,,,,,,,,,,,,,,,,,1,1,"9, 10",1,0.0,0.0,0.0,0.0,0.0,0,0,0,-1,0,4,0.0,0.0,1,0,360.0,195.0,50.0,87.5,70.0,90.0,Down,Down,100,25,20,60,55.8743961352657,52.10828025477707,53.29113924050633,50.91025641025641,7,6c2og0cw,,,,,0
17,566nkyxt,,0,587,587,FinalPage,ThankYou,2026-09-16 09:15:33.934007,1,,,1166.67,2,,0.0,M_no_W_no,,,,,,,,,,,0,0,,,320,190,,,,,,,,,,,,,,,,,1,1,"9, 10",1,0.0,0.0,0.0,0.0,0.0,0,0,0,-1,-1,4,0.0,0.0,1,0,360.0,195.0,50.0,87.5,70.0,90.0,Down,Down,100,25,20,60,55.8743961352657,52.10828025477707,53.29113924050633,50.91025641025641,7,6c2og0cw,,,,,0
18,uv69jk1p,,0,587,587,FinalPage,ThankYou,2026-09-16 09:15:33.624429,1,,,0.0,3,,0.0,M_no_W_no,,,,,,,,,,,0,0,,,390,210,,,,,,,,,,,,,,,,,1,1,"9, 10",1,0.0,0.0,0.0,0.0,0.0,0,0,0,1,1,4,0.0,0.0,1,0,360.0,195.0,50.0,87.5,70.0,90.0,Down,Down,100,25,20,60,55.8743961352657,52.10828025477707,53.29113924050633,50.91025641025641,7,6c2og0cw,,,,,0
19,thfu25ei,,0,587,587,FinalPage,ThankYou,2026-09-16 09:15:33.841511,1,,,1166.67,4,,0.0,M_no_W_no,,,,,,,,,,,0,0,,,360,210,,,,,,,,,,,,,,,,,1,1,"9, 10",1,0.0,0.0,0.0,0.0,0.0,0,0,0,0,1,4,0.0,0.0,1,0,360.0,195.0,50.0,87.5,70.0,90.0,Down,Down,100,25,20,60,55.8743961352657,52.10828025477707,53.29113924050633,50.91025641025641,7,6c2og0cw,,,,,0
20,008uq8bs,,0,587,587,FinalPage,ThankYou,2026-09-16 09:15:33.850247,1,,,111.11,5,,0.0,M_no_W_no,,,,,,,,,,,0,0,,,360,180,,,,,,,,,,,,,,,,,1,1,"9, 10",1,0.0,0.0,0.0,0.0,0.0,0,0,0,1,-1,4,0.0,0.0,1,0,360.0,195.0,50.0,87.5,70.0,90.0,Down,Down,100,25,20,60,55.8743961352657,52.10828025477707,53.29113924050633,50.91025641025641,7,6c2og0cw,,,,,0
21,o4da1gkl,,0,587,587,FinalPage,ThankYou,2026-09-16 09:15:34.223143,1,,,166.67,1,,0.0,M_no_W_no,,,,,,,,,,,0,0,,,300,300,,,,,,,,,,,,,,,,,1,1,"9, 10",1,0.0,0.0,0.0,0.0,0.0,0,0,0,1,1,5,0.0,0.0,0,0,300.0,275.0,120.0,75.0,95.0,150.0,Down,Up,20,50,50,10,55.8743961352657,52.10828025477707,53.29113924050633,50.91025641025641,7,6c2og0cw,,,,,0
22,ilc2oqlq,,0,587,587,FinalPage,ThankYou,2026-09-16 09:15:34.214844,1,,,1222.22,2,,0.0,M_no_W_no,,,,,,,,,,,0,0,,,250,200,,,,,,,,,,,,,,,,,1,1,"9, 10",1,0.0,0.0,0.0,0.0,0.0,0,0,0,-1,-1,5,0.0,0.0,0,0,300.0,275.0,120.0,75.0,95.0,150.0,Down,Up,20,50,50,10,55.8743961352657,52.10828025477707,53.29113924050633,50.91025641025641,7,6c2og0cw,,,,,0
23,qcu0td0m,,0,587,587,FinalPage,ThankYou,2026-09-16 09:15:34.419332,1,,,500.0,3,,0.0,M_no_W_no,,,,,,,,,,,0,0,,,300,300,,,,,,,,,,,,,,,,,1,1,"9, 10",1,0.0,0.0,0.0,0.0,0.0,0,0,0,0,1,5,0.0,0.0,0,0,300.0,275.0,120.0,75.0,95.0,150.0,Down,Up,20,50,50,10,55.8743961352657,52.10828025477707,53.29113924050633,50.91025641025641,7,6c2og0cw,,,,,0
24,zcjv164s,,0,587,587,FinalPage,ThankYou,2026-09-16 09:15:34.435074,1,,,1111.11,4,,0.0,M_no_W_no,,,,,,,,,,,0,0,,,270,247,,,,,,,,,,,,,,,,,1,1,"9, 10",1,0.0,0.0,0.0,0.0,0.0,0,0,0,-1,-1,5,0.0,0.0,0,0,300.0,275.0,120.0,75.0,95.0,150.0,Down,Up,20,50,50,10,55.8743961352657,52.10828025477707,53.29113924050633,50.91025641025641,7,6c2og0cw,,,,,0
25,3g7fmbdb,,0,587,587,FinalPage,ThankYou,2026-09-16 09:15:34.780111,1,,,500.0,5,,0.0,M_no_W_no,,,,,,,,,,,0,0,,,305,275,,,,,,,,,,,,,,,,,1,1,"9, 10",1,0.0,0.0,0.0,0.0,0.0,0,0,0,1,0,5,0.0,0.0,0,0,300.0,275.0,120.0,75.0,95.0,150.0,Down,Up,20,50,50,10,55.8743961352657,52.10828025477707,53.29113924050633,50.91025641025641,7,6c2og0cw,,,,,0
1,o7pccht6,,0,587,587,FinalPage,ThankYou,2026-09-16 09:15:33.480125,1,,,1055.56,1,,0.0,M_no_W_no,,,,,,,,,,,0,0,,,310,95,,,,,,,,,,,,,,,,,1,1,"9, 10",1,0.0,0.0,0.0,0.0,0.0,0,0,0,1,1,1,0.0,0.0,0,1,270.0,80.0,80.0,165.0,140.0,75.0,Up,Down,40,65,40,50,55.8743961352657,52.10828025477707,53.29113924050633,50.91025641025641,8,6c2og0cw,,,,,0
2,xlysi5bz,,0,587,587,FinalPage,ThankYou,2026-09-16 09:15:33.034876,1,,,1055.56,2,,0.0,M_no_W_no,,,,,,,,,,,0,0,,,270,50,,,,,,,,,,,,,,,,,1,1,"9, 10",1,0.0,0.0,0.0,0.0,0.0,0,0,0,0,-1,1,0.0,0.0,0,1,270.0,80.0,80.0,165.0,140.0,75.0,Up,Down,40,65,40,50,55.8743961352657,52.10828025477707,53.29113924050633,50.91025641025641,8,6c2og0cw,,,,,0
3,ktzkk4b7,,0,587,587,FinalPage,ThankYou,2026-09-16 09:15:33.112004,1,,,1500.0,3,,0.0,M_no_W_no,,,,,,,,,,,0,0,,,245,110,,,,,,,,,,,,,,,,,1,1,"9, 10",1,0.0,0.0,0.0,0.0,0.0,0,0,0,-1,1,1,0.0,0.0,0,1,270.0,80.0,80.0,165.0,140.0,75.0,Up,Down,40,65,40,50,55.8743961352657,52.10828025477707,53.29113924050633,50.91025641025641,8,6c2og0cw,,,,,0
4,unt4hlph,,0,587,587,FinalPage,ThankYou,2026-09-16 09:15:33.157371,1,,,388.89,4,,0.0,M_no_W_no,,,,,,,,,,,0,0,,,260,80,,,,,,,,,,,,,,,,,1,1,"9, 10",1,0.0,0.0,0.0,0.0,0.0,0,0,0,-1,0,1,0.0,0.0,0,1,270.0,80.0,80.0,165.0,140.0,75.0,Up,Down,40,65,40,50,55.8743961352657,52.10828025477707,53.29113924050633,50.91025641025641,8,6c2og0cw,,,,,0
5,e3o1p3e6,,0,587,587,FinalPage,ThankYou,2026-09-16 09:15:33.166793,1,,,277.78,5,,0.0,M_no_W_no,,,,,,,,,,,0,0,,,325,60,,,,,,,,,,,,,,,,,1,1,"9, 10",1,0.0,0.0,0.0,0.0,0.0,0,0,0,1,-1,1,0.0,0.0,0,1,270.0,80.0,80.0,165.0,140.0,75.0,Up,Down,40,65,40,50,55.8743961352657,52.10828025477707,53.29113924050633,50.91025641025641,8,6c2og0cw,,,,,0
6,0nzm25g8,,0,587,587,FinalPage,ThankYou,2026-09-16 09:15:33.284650,1,,,222.22,1,,0.0,M_no_W_no,,,,,,,,,,,0,0,,,280,90,,,,,,,,,,,,,,,,,1,1,"9, 10",1,0.0,0.0,0.0,0.0,0.0,0,0,0,1,1,2,0.0,0.0,1,1,240.0,90.0,50.0,62.5,70.0,100.0,Down,Down,100,75,60,0,55.8743961352657,52.10828025477707,53.29113924050633,50.91025641025641,8,6c2og0cw,,,,,0
7,f8ff6plt,,0,587,587,FinalPage,ThankYou,2026-09-16 09:15:33.299313,1,,,666.67,2,,0.0,M_no_W_no,,,,,,,,,,,0,0,,,264,110,,,,,,,,,,,,,,,,,1,1,"9, 10",1,0.0,0.0,0.0,0.0,0.0,0,0,0,1,1,2,0.0,0.0,1,1,240.0,90.0,50.0,62.5,70.0,100.0,Down,Down,100,75,60,0,55.8743961352657,52.10828025477707,53.29113924050633,50.91025641025641,8,6c2og0cw,,,,,0
8,poc3kn08,,0,587,587,FinalPage,ThankYou,2026-09-16 09:15:33.366241,1,,,0.0,3,,0.0,M_no_W_no,,,,,,,,,,,0,0,,,200,90,,,,,,,,,,,,,,,,,1,1,"9, 10",1,0.0,0.0,0.0,0.0,0.0,0,0,0,-1,0,2,0.0,0.0,1,1,240.0,90.0,50.0,62.5,70.0,100.0,Down,Down,100,75,60,0,55.8743961352657,52.10828025477707,53.29113924050633,50.91025641025641,8,6c2og0cw,,,,,0
9,z9zrwosz,,0,587,587,FinalPage,ThankYou,2026-09-16 09:15:33.376342,1,,,333.33,4,,0.0,M_no_W_no,,,,,,,,,,,0,0,,,240,85,,,,,,,,,,,,,,,,,1,1,"9, 10",1,0.0,0.0,0.0,0.0,0.0,0,0,0,0,-1,2,0.0,0.0,1,1,240.0,90.0,50.0,62.5,70.0,100.0,Down,Down,100,75,60,0,55.8743961352657,52.10828025477707,53.29113924050633,50.91025641025641,8,6c2og0cw,,,,,0
10,yldmtmxh,,0,587,587,FinalPage,ThankYou,2026-09-16 09:15:33.385003,1,,,555.56,5,,0.0,M_no_W_no,,,,,,,,,,,0,0,,,199,88,,,,,,,,,,,,,,,,,1,1,"9, 10",1,0.0,0.0,0.0,0.0,0.0,0,0,0,-1,-1,2,0.0,0.0,1,1,240.0,90.0,50.0,62.5,70.0,100.0,Down,Down,100,75,60,0,55.8743961352657,52.10828025477707,53.29113924050633,50.91025641025641,8,6c2og0cw,,,,,0
11,bjw1ymg6,,0,587,587,FinalPage,ThankYou,2026-09-16 09:15:33.421363,1,,,833.33,1,,0.0,M_no_W_no,,,,,,,,,,,0,0,,,390,105,,,,,,,,,,,,,,,,,1,1,"9, 10",1,0.0,0.0,0.0,0.0,0.0,0,0,0,-1,-1,3,0.0,0.0,1,1,390.0,110.0,90.0,75.0,60.0,85.0,Down,Down,20,50,80,30,55.8743961352657,52.10828025477707,53.29113924050633,50.91025641025641,8,6c2og0cw,,,,,0
12,dxg47gml,,0,587,587,FinalPage,ThankYou,2026-09-16 09:15:33.491807,1,,,222.22,2,,0.0,M_no_W_no,,,,,,,,,,,0,0,,,400,100,,,,,,,,,,,,,,,,,1,1,"9, 10",1,0.0,0.0,0.0,0.0,0.0,0,0,0,1,-1,3,0.0,0.0,1,1,390.0,110.0,90.0,75.0,60.0,85.0,Down,Down,20,50,80,30,55.8743961352657,52.10828025477707,53.29113924050633,50.91025641025641,8,6c2og0cw,,,,,0
13,t47t8m59,,0,587,587,FinalPage,ThankYou,2026-09-16 09:15:33.501171,1,,,55.56,3,,0.0,M_no_W_no,,,,,,,,,,,0,0,,,405,112,,,,,,,,,,,,,,,,,1,1,"9, 10",1,0.0,0.0,0.0,0.0,0.0,0,0,0,1,1,3,0.0,0.0,1,1,390.0,110.0,90.0,75.0,60.0,85.0,Down,Down,20,50,80,30,55.8743961352657,52.10828025477707,53.29113924050633,50.91025641025641,8,6c2og0cw,,,,,0
14,2epyouig,,0,587,587,FinalPage,ThankYou,2026-09-16 09:15:33.510000,1,,,500.0,4,,0.0,M_no_W_no,,,,,,,,,,,0,0,,,390,110,,,,,,,,,,,,,,,,,1,1,"9, 10",1,0.0,0.0,0.0,0.0,0.0,0,0,0,-1,0,3,0.0,0.0,1,1,390.0,110.0,90.0,75.0,60.0,85.0,Down,Down,20,50,80,30,55.8743961352657,52.10828025477707,53.29113924050633,50.91025641025641,8,6c2og0cw,,,,,0
15,107rd682,,0,587,587,FinalPage,ThankYou,2026-09-16 09:15:33.545454,1,,,1000.0,5,,0.0,M_no_W_no,,,,,,,,,,,0,0,,,390,111,,,,,,,,,,,,,,,,,1,1,"9, 10",1,0.0,0.0,0.0,0.0,0.0,0,0,0,0,1,3,0.0,0.0,1,1,390.0,110.0,90.0,75.0,60.0,85.0,Down,Down,20,50,80,30,55.8743961352657,52.10828025477707,53.29113924050633,50.91025641025641,8,6c2og0cw,,,,,0
16,6xyzc64h,,0,587,587,FinalPage,ThankYou,2026-09-16 09:15:33.555344,1,,,0.0,1,,0.0,M_no_W_no,,,,,,,,,,,0,0,,,355,195,,,,,,,,,,,,,,,,,1,1,"9, 10",1,0.0,0.0,0.0,0.0,0.0,0,0,0,-1,-1,4,0.0,0.0,1,0,365.0,205.0,50.0,87.5,70.0,90.0,Down,Down,100,25,20,60,55.8743961352657,52.10828025477707,53.29113924050633,50.91025641025641,8,6c2og0cw,,,,,0
17,566nkyxt,,0,587,587,FinalPage,ThankYou,2026-09-16 09:15:33.934007,1,,,1166.67,2,,0.0,M_no_W_no,,,,,,,,,,,0,0,,,330,185,,,,,,,,,,,,,,,,,1,1,"9, 10",1,0.0,0.0,0.0,0.0,0.0,0,0,0,-1,-1,4,0.0,0.0,1,0,365.0,205.0,50.0,87.5,70.0,90.0,Down,Down,100,25,20,60,55.8743961352657,52.10828025477707,53.29113924050633,50.91025641025641,8,6c2og0cw,,,,,0
18,uv69jk1p,,0,587,587,FinalPage,ThankYou,2026-09-16 09:15:33.624429,1,,,0.0,3,,0.0,M_no_W_no,,,,,,,,,,,0,0,,,390,210,,,,,,,,,,,,,,,,,1,1,"9, 10",1,0.0,0.0,0.0,0.0,0.0,0,0,0,1,1,4,0.0,0.0,1,0,365.0,205.0,50.0,87.5,70.0,90.0,Down,Down,100,25,20,60,55.8743961352657,52.10828025477707,53.29113924050633,50.91025641025641,8,6c2og0cw,,,,,0
19,thfu25ei,,0,587,587,FinalPage,ThankYou,2026-09-16 09:15:33.841511,1,,,1166.67,4,,0.0,M_no_W_no,,,,,,,,,,,0,0,,,375,205,,,,,,,,,,,,,,,,,1,1,"9, 10",1,0.0,0.0,0.0,0.0,0.0,0,0,0,1,0,4,0.0,0.0,1,0,365.0,205.0,50.0,87.5,70.0,90.0,Down,Down,100,25,20,60,55.8743961352657,52.10828025477707,53.29113924050633,50.91025641025641,8,6c2og0cw,,,,,0
20,008uq8bs,,0,587,587,FinalPage,ThankYou,2026-09-16 09:15:33.850247,1,,,111.11,5,,0.0,M_no_W_no,,,,,,,,,,,0,0,,,365,210,,,,,,,,,,,,,,,,,1,1,"9, 10",1,0.0,0.0,0.0,0.0,0.0,0,0,0,0,1,4,0.0,0.0,1,0,365.0,205.0,50.0,87.5,70.0,90.0,Down,Down,100,25,20,60,55.8743961352657,52.10828025477707,53.29113924050633,50.91025641025641,8,6c2og0cw,,,,,0
21,o4da1gkl,,0,587,587,FinalPage,ThankYou,2026-09-16 09:15:34.223143,1,,,166.67,1,,0.0,M_no_W_no,,,,,,,,,,,0,0,,,315,285,,,,,,,,,,,,,,,,,1,1,"9, 10",1,0.0,0.0,0.0,0.0,0.0,0,0,0,1,0,5,0.0,0.0,0,0,300.0,285.0,120.0,75.0,95.0,150.0,Down,Up,20,50,50,10,55.8743961352657,52.10828025477707,53.29113924050633,50.91025641025641,8,6c2og0cw,,,,,0
22,ilc2oqlq,,0,587,587,FinalPage,ThankYou,2026-09-16 09:15:34.214844,1,,,1222.22,2,,0.0,M_no_W_no,,,,,,,,,,,0,0,,,270,250,,,,,,,,,,,,,,,,,1,1,"9, 10",1,0.0,0.0,0.0,0.0,0.0,0,0,0,-1,-1,5,0.0,0.0,0,0,300.0,285.0,120.0,75.0,95.0,150.0,Down,Up,20,50,50,10,55.8743961352657,52.10828025477707,53.29113924050633,50.91025641025641,8,6c2og0cw,,,,,0
23,qcu0td0m,,0,587,587,FinalPage,ThankYou,2026-09-16 09:15:34.419332,1,,,500.0,3,,0.0,M_no_W_no,,,,,,,,,,,0,0,,,200,400,,,,,,,,,,,,,,,,,1,1,"9, 10",1,0.0,0.0,0.0,0.0,0.0,0,0,0,-1,1,5,0.0,0.0,0,0,300.0,285.0,120.0,75.0,95.0,150.0,Down,Up,20,50,50,10,55.8743961352657,52.10828025477707,53.29113924050633,50.91025641025641,8,6c2og0cw,,,,,0
24,zcjv164s,,0,587,587,FinalPage,ThankYou,2026-09-16 09:15:34.435074,1,,,1111.11,4,,0.0,M_no_W_no,,,,,,,,,,,0,0,,,300,280,,,,,,,,,,,,,,,,,1,1,"9, 10",1,0.0,0.0,0.0,0.0,0.0,0,0,0,0,-1,5,0.0,0.0,0,0,300.0,285.0,120.0,75.0,95.0,150.0,Down,Up,20,50,50,10,55.8743961352657,52.10828025477707,53.29113924050633,50.91025641025641,8,6c2og0cw,,,,,0
25,3g7fmbdb,,0,587,587,FinalPage,ThankYou,2026-09-16 09:15:34.780111,1,,,500.0,5,,0.0,M_no_W_no,,,,,,,,,,,0,0,,,315,285,,,,,,,,,,,,,,,,,1,1,"9, 10",1,0.0,0.0,0.0,0.0,0.0,0,0,0,1,1,5,0.0,0.0,0,0,300.0,285.0,120.0,75.0,95.0,150.0,Down,Up,20,50,50,10,55.8743961352657,52.10828025477707,53.29113924050633,50.91025641025641,8,6c2og0cw,,,,,0
1,o7pccht6,,0,587,587,FinalPage,ThankYou,2026-09-16 09:15:33.480125,1,,,1055.56,1,,0.0,M_no_W_no,,,,,,,,,,,0,0,,,300,60,,,,,,,,,,,,,,,,,1,1,"9, 10",1,0.0,0.0,0.0,0.0,0.0,0,0,0,0,-1,1,0.0,0.0,0,1,300.0,68.0,80.0,165.0,140.0,75.0,Up,Down,40,65,40,50,55.8743961352657,52.10828025477707,53.29113924050633,50.91025641025641,9,6c2og0cw,,,,,0
2,xlysi5bz,,0,587,587,FinalPage,ThankYou,2026-09-16 09:15:33.034876,1,,,1055.56,2,,0.0,M_no_W_no,,,,,,,,,,,0,0,,,250,50,,,,,,,,,,,,,,,,,1,1,"9, 10",1,0.0,0.0,0.0,0.0,0.0,0,0,0,-1,-1,1,0.0,0.0,0,1,300.0,68.0,80.0,165.0,140.0,75.0,Up,Down,40,65,40,50,55.8743961352657,52.10828025477707,53.29113924050633,50.91025641025641,9,6c2og0cw,,,,,0
3,ktzkk4b7,,0,587,587,FinalPage,ThankYou,2026-09-16 09:15:33.112004,1,,,1500.0,3,,0.0,M_no_W_no,,,,,,,,,,,0,0,,,245,110,,,,,,,,,,,,,,,,,1,1,"9, 10",1,0.0,0.0,0.0,0.0,0.0,0,0,0,-1,1,1,0.0,0.0,0,1,300.0,68.0,80.0,165.0,140.0,75.0,Up,Down,40,65,40,50,55.8743961352657,52.10828025477707,53.29113924050633,50.91025641025641,9,6c2og0cw,,,,,0
4,unt4hlph,,0,587,587,FinalPage,ThankYou,2026-09-16 09:15:33.157371,1,,,388.89,4,,0.0,M_no_W_no,,,,,,,,,,,0,0,,,300,90,,,,,,,,,,,,,,,,,1,1,"9, 10",1,0.0,0.0,0.0,0.0,0.0,0,0,0,1,1,1,0.0,0.0,0,1,300.0,68.0,80.0,165.0,140.0,75.0,Up,Down,40,65,40,50,55.8743961352657,52.10828025477707,53.29113924050633,50.91025641025641,9,6c2og0cw,,,,,0
5,e3o1p3e6,,0,587,587,FinalPage,ThankYou,2026-09-16 09:15:33.166793,1,,,277.78,5,,0.0,M_no_W_no,,,,,,,,,,,0,0,,,315,68,,,,,,,,,,,,,,,,,1,1,"9, 10",1,0.0,0.0,0.0,0.0,0.0,0,0,0,1,0,1,0.0,0.0,0,1,300.0,68.0,80.0,165.0,140.0,75.0,Up,Down,40,65,40,50,55.8743961352657,52.10828025477707,53.29113924050633,50.91025641025641,9,6c2og0cw,,,,,0
6,0nzm25g8,,0,587,587,FinalPage,ThankYou,2026-09-16 09:15:33.284650,1,,,222.22,1,,0.0,M_no_W_no,,,,,,,,,,,0,0,,,270,80,,,,,,,,,,,,,,,,,1,1,"9, 10",1,0.0,0.0,0.0,0.0,0.0,0,0,0,1,-1,2,0.0,0.0,1,1,233.0,80.0,50.0,62.5,70.0,100.0,Down,Down,100,75,60,0,55.8743961352657,52.10828025477707,53.29113924050633,50.91025641025641,9,6c2og0cw,,,,,0
7,f8ff6plt,,0,587,587,FinalPage,ThankYou,2026-09-16 09:15:33.299313,1,,,666.67,2,,0.0,M_no_W_no,,,,,,,,,,,0,0,,,10,280,,,,,,,,,,,,,,,,,1,1,"9, 10",1,0.0,0.0,0.0,0.0,0.0,0,0,0,-1,1,2,0.0,0.0,1,1,233.0,80.0,50.0,62.5,70.0,100.0,Down,Down,100,75,60,0,55.8743961352657,52.10828025477707,53.29113924050633,50.91025641025641,9,6c2og0cw,,,,,0
8,poc3kn08,,0,587,587,FinalPage,ThankYou,2026-09-16 09:15:33.366241,1,,,0.0,3,,0.0,M_no_W_no,,,,,,,,,,,0,0,,,300,1,,,,,,,,,,,,,,,,,1,1,"9, 10",1,0.0,0.0,0.0,0.0,0.0,0,0,0,1,-1,2,0.0,0.0,1,1,233.0,80.0,50.0,62.5,70.0,100.0,Down,Down,100,75,60,0,55.8743961352657,52.10828025477707,53.29113924050633,50.91025641025641,9,6c2og0cw,,,,,0
9,z9zrwosz,,0,587,587,FinalPage,ThankYou,2026-09-16 09:15:33.376342,1,,,333.33,4,,0.0,M_no_W_no,,,,,,,,,,,0,0,,,200,80,,,,,,,,,,,,,,,,,1,1,"9, 10",1,0.0,0.0,0.0,0.0,0.0,0,0,0,-1,0,2,0.0,0.0,1,1,233.0,80.0,50.0,62.5,70.0,100.0,Down,Down,100,75,60,0,55.8743961352657,52.10828025477707,53.29113924050633,50.91025641025641,9,6c2og0cw,,,,,0
10,yldmtmxh,,0,587,587,FinalPage,ThankYou,2026-09-16 09:15:33.385003,1,,,555.56,5,,0.0,M_no_W_no,,,,,,,,,,,0,0,,,233,98,,,,,,,,,,,,,,,,,1,1,"9, 10",1,0.0,0.0,0.0,0.0,0.0,0,0,0,0,1,2,0.0,0.0,1,1,233.0,80.0,50.0,62.5,70.0,100.0,Down,Down,100,75,60,0,55.8743961352657,52.10828025477707,53.29113924050633,50.91025641025641,9,6c2og0cw,,,,,0
11,bjw1ymg6,,0,587,587,FinalPage,ThankYou,2026-09-16 09:15:33.421363,1,,,833.33,1,,0.0,M_no_W_no,,,,,,,,,,,0,0,,,390,105,,,,,,,,,,,,,,,,,1,1,"9, 10",1,0.0,0.0,0.0,0.0,0.0,0,0,0,0,-1,3,0.0,0.0,1,1,390.0,110.0,90.0,75.0,60.0,85.0,Down,Down,20,50,80,30,55.8743961352657,52.10828025477707,53.29113924050633,50.91025641025641,9,6c2og0cw,,,,,0
12,dxg47gml,,0,587,587,FinalPage,ThankYou,2026-09-16 09:15:33.491807,1,,,222.22,2,,0.0,M_no_W_no,,,,,,,,,,,0,0,,,400,110,,,,,,,,,,,,,,,,,1,1,"9, 10",1,0.0,0.0,0.0,0.0,0.0,0,0,0,1,-1,3,0.0,0.0,1,1,390.0,110.0,90.0,75.0,60.0,85.0,Down,Down,20,50,80,30,55.8743961352657,52.10828025477707,53.29113924050633,50.91025641025641,9,6c2og0cw,,,,,0
13,t47t8m59,,0,587,587,FinalPage,ThankYou,2026-09-16 09:15:33.501171,1,,,55.56,3,,0.0,M_no_W_no,,,,,,,,,,,0,0,,,402,112,,,,,,,,,,,,,,,,,1,1,"9, 10",1,0.0,0.0,0.0,0.0,0.0,0,0,0,1,1,3,0.0,0.0,1,1,390.0,110.0,90.0,75.0,60.0,85.0,Down,Down,20,50,80,30,55.8743961352657,52.10828025477707,53.29113924050633,50.91025641025641,9,6c2og0cw,,,,,0
14,2epyouig,,0,587,587,FinalPage,ThankYou,2026-09-16 09:15:33.510000,1,,,500.0,4,,0.0,M_no_W_no,,,,,,,,,,,0,0,,,390,110,,,,,,,,,,,,,,,,,1,1,"9, 10",1,0.0,0.0,0.0,0.0,0.0,0,0,0,-1,0,3,0.0,0.0,1,1,390.0,110.0,90.0,75.0,60.0,85.0,Down,Down,20,50,80,30,55.8743961352657,52.10828025477707,53.29113924050633,50.91025641025641,9,6c2og0cw,,,,,0
15,107rd682,,0,587,587,FinalPage,ThankYou,2026-09-16 09:15:33.545454,1,,,1000.0,5,,0.0,M_no_W_no,,,,,,,,,,,0,0,,,380,111,,,,,,,,,,,,,,,,,1,1,"9, 10",1,0.0,0.0,0.0,0.0,0.0,0,0,0,-1,1,3,0.0,0.0,1,1,390.0,110.0,90.0,75.0,60.0,85.0,Down,Down,20,50,80,30,55.8743961352657,52.10828025477707,53.29113924050633,50.91025641025641,9,6c2og0cw,,,,,0
16,6xyzc64h,,0,587,587,FinalPage,ThankYou,2026-09-16 09:15:33.555344,1,,,0.0,1,,0.0,M_no_W_no,,,,,,,,,,,0,0,,,370,200,,,,,,,,,,,,,,,,,1,1,"9, 10",1,0.0,0.0,0.0,0.0,0.0,0,0,0,1,0,4,0.0,0.0,1,0,350.0,200.0,50.0,87.5,70.0,90.0,Down,Down,100,25,20,60,55.8743961352657,52.10828025477707,53.29113924050633,50.91025641025641,9,6c2og0cw,,,,,0
17,566nkyxt,,0,587,587,FinalPage,ThankYou,2026-09-16 09:15:33.934007,1,,,1166.67,2,,0.0,M_no_W_no,,,,,,,,,,,0,0,,,345,195,,,,,,,,,,,,,,,,,1,1,"9, 10",1,0.0,0.0,0.0,0.0,0.0,0,0,0,-1,-1,4,0.0,0.0,1,0,350.0,200.0,50.0,87.5,70.0,90.0,Down,Down,100,25,20,60,55.8743961352657,52.10828025477707,53.29113924050633,50.91025641025641,9,6c2og0cw,,,,,0
18,uv69jk1p,,0,587,587,FinalPage,ThankYou,2026-09-16 09:15:33.624429,1,,,0.0,3,,0.0,M_no_W_no,,,,,,,,,,,0,0,,,380,220,,,,,,,,,,,,,,,,,1,1,"9, 10",1,0.0,0.0,0.0,0.0,0.0,0,0,0,1,1,4,0.0,0.0,1,0,350.0,200.0,50.0,87.5,70.0,90.0,Down,Down,100,25,20,60,55.8743961352657,52.10828025477707,53.29113924050633,50.91025641025641,9,6c2og0cw,,,,,0
19,thfu25ei,,0,587,587,FinalPage,ThankYou,2026-09-16 09:15:33.841511,1,,,1166.67,4,,0.0,M_no_W_no,,,,,,,,,,,0,0,,,340,195,,,,,,,,,,,,,,,,,1,1,"9, 10",1,0.0,0.0,0.0,0.0,0.0,0,0,0,-1,-1,4,0.0,0.0,1,0,350.0,200.0,50.0,87.5,70.0,90.0,Down,Down,100,25,20,60,55.8743961352657,52.10828025477707,53.29113924050633,50.91025641025641,9,6c2og0cw,,,,,0
20,008uq8bs,,0,587,587,FinalPage,ThankYou,2026-09-16 09:15:33.850247,1,,,111.11,5,,0.0,M_no_W_no,,,,,,,,,,,0,0,,,350,210,,,,,,,,,,,,,,,,,1,1,"9, 10",1,0.0,0.0,0.0,0.0,0.0,0,0,0,0,1,4,0.0,0.0,1,0,350.0,200.0,50.0,87.5,70.0,90.0,Down,Down,100,25,20,60,55.8743961352657,52.10828025477707,53.29113924050633,50.91025641025641,9,6c2og0cw,,,,,0
21,o4da1gkl,,0,587,587,FinalPage,ThankYou,2026-09-16 09:15:34.223143,1,,,166.67,1,,0.0,M_no_W_no,,,,,,,,,,,0,0,,,250,315,,,,,,,,,,,,,,,,,1,1,"9, 10",1,0.0,0.0,0.0,0.0,0.0,0,0,0,-1,1,5,0.0,0.0,0,0,270.0,290.0,120.0,75.0,95.0,150.0,Down,Up,20,50,50,10,55.8743961352657,52.10828025477707,53.29113924050633,50.91025641025641,9,6c2og0cw,,,,,0
22,ilc2oqlq,,0,587,587,FinalPage,ThankYou,2026-09-16 09:15:34.214844,1,,,1222.22,2,,0.0,M_no_W_no,,,,,,,,,,,0,0,,,270,250,,,,,,,,,,,,,,,,,1,1,"9, 10",1,0.0,0.0,0.0,0.0,0.0,0,0,0,0,-1,5,0.0,0.0,0,0,270.0,290.0,120.0,75.0,95.0,150.0,Down,Up,20,50,50,10,55.8743961352657,52.10828025477707,53.29113924050633,50.91025641025641,9,6c2og0cw,,,,,0
23,qcu0td0m,,0,587,587,FinalPage,ThankYou,2026-09-16 09:15:34.419332,1,,,500.0,3,,0.0,M_no_W_no,,,,,,,,,,,0,0,,,250,350,,,,,,,,,,,,,,,,,1,1,"9, 10",1,0.0,0.0,0.0,0.0,0.0,0,0,0,-1,1,5,0.0,0.0,0,0,270.0,290.0,120.0,75.0,95.0,150.0,Down,Up,20,50,50,10,55.8743961352657,52.10828025477707,53.29113924050633,50.91025641025641,9,6c2og0cw,,,,,0
24,zcjv164s,,0,587,587,FinalPage,ThankYou,2026-09-16 09:15:34.435074,1,,,1111.11,4,,0.0,M_no_W_no,,,,,,,,,,,0,0,,,280,275,,,,,,,,,,,,,,,,,1,1,"9, 10",1,0.0,0.0,0.0,0.0,0.0,0,0,0,1,-1,5,0.0,0.0,0,0,270.0,290.0,120.0,75.0,95.0,150.0,Down,Up,20,50,50,10,55.8743961352657,52.10828025477707,53.29113924050633,50.91025641025641,9,6c2og0cw,,,,,0
25,3g7fmbdb,,0,587,587,FinalPage,ThankYou,2026-09-16 09:15:34.780111,1,,,500.0,5,,0.0,M_no_W_no,,,,,,,,,,,0,0,,,310,290,,,,,,,,,,,,,,,,,1,1,"9, 10",1,0.0,0.0,0.0,0.0,0.0,0,0,0,1,0,5,0.0,0.0,0,0,270.0,290.0,120.0,75.0,95.0,150.0,Down,Up,20,50,50,10,55.8743961352657,52.10828025477707,53.29113924050633,50.91025641025641,9,6c2og0cw,,,,,0
1,o7pccht6,,0,587,587,FinalPage,ThankYou,2026-09-16 09:15:33.480125,1,,,1055.56,1,,0.0,M_no_W_no,,,,,,,,,,,0,0,,,295,90,,,,,,,,,,,,,,,,,1,1,"9, 10",1,0.0,0.0,0.0,0.0,0.0,0,0,0,0,1,1,0.0,0.0,0,1,295.0,75.0,80.0,165.0,140.0,75.0,Up,Down,40,65,40,50,55.8743961352657,52.10828025477707,53.29113924050633,50.91025641025641,10,6c2og0cw,,,,,0
2,xlysi5bz,,0,587,587,FinalPage,ThankYou,2026-09-16 09:15:33.034876,1,,,1055.56,2,,0.0,M_no_W_no,,,,,,,,,,,0,0,,,260,40,,,,,,,,,,,,,,,,,1,1,"9, 10",1,0.0,0.0,0.0,0.0,0.0,0,0,0,-1,-1,1,0.0,0.0,0,1,295.0,75.0,80.0,165.0,140.0,75.0,Up,Down,40,65,40,50,55.8743961352657,52.10828025477707,53.29113924050633,50.91025641025641,10,6c2og0cw,,,,,0
3,ktzkk4b7,,0,587,587,FinalPage,ThankYou,2026-09-16 09:15:33.112004,1,,,1500.0,3,,0.0,M_no_W_no,,,,,,,,,,,0,0,,,250,100,,,,,,,,,,,,,,,,,1,1,"9, 10",1,0.0,0.0,0.0,0.0,0.0,0,0,0,-1,1,1,0.0,0.0,0,1,295.0,75.0,80.0,165.0,140.0,75.0,Up,Down,40,65,40,50,55.8743961352657,52.10828025477707,53.29113924050633,50.91025641025641,10,6c2og0cw,,,,,0
4,unt4hlph,,0,587,587,FinalPage,ThankYou,2026-09-16 09:15:33.157371,1,,,388.89,4,,0.0,M_no_W_no,,,,,,,,,,,0,0,,,350,75,,,,,,,,,,,,,,,,,1,1,"9, 10",1,0.0,0.0,0.0,0.0,0.0,0,0,0,1,0,1,0.0,0.0,0,1,295.0,75.0,80.0,165.0,140.0,75.0,Up,Down,40,65,40,50,55.8743961352657,52.10828025477707,53.29113924050633,50.91025641025641,10,6c2og0cw,,,,,0
5,e3o1p3e6,,0,587,587,FinalPage,ThankYou,2026-09-16 09:15:33.166793,1,,,277.78,5,,0.0,M_no_W_no,,,,,,,,,,,0,0,,,330,60,,,,,,,,,,,,,,,,,1,1,"9, 10",1,0.0,0.0,0.0,0.0,0.0,0,0,0,1,-1,1,0.0,0.0,0,1,295.0,75.0,80.0,165.0,140.0,75.0,Up,Down,40,65,40,50,55.8743961352657,52.10828025477707,53.29113924050633,50.91025641025641,10,6c2og0cw,,,,,0
6,0nzm25g8,,0,587,587,FinalPage,ThankYou,2026-09-16 09:15:33.284650,1,,,222.22,1,,0.0,M_no_W_no,,,,,,,,,,,0,0,,,220,80,,,,,,,,,,,,,,,,,1,1,"9, 10",1,0.0,0.0,0.0,0.0,0.0,0,0,0,0,-1,2,0.0,0.0,1,1,220.0,87.0,50.0,62.5,70.0,100.0,Down,Down,100,75,60,0,55.8743961352657,52.10828025477707,53.29113924050633,50.91025641025641,10,6c2og0cw,,,,,0
7,f8ff6plt,,0,587,587,FinalPage,ThankYou,2026-09-16 09:15:33.299313,1,,,666.67,2,,0.0,M_no_W_no,,,,,,,,,,,0,0,,,10,300,,,,,,,,,,,,,,,,,1,1,"9, 10",1,0.0,0.0,0.0,0.0,0.0,0,0,0,-1,1,2,0.0,0.0,1,1,220.0,87.0,50.0,62.5,70.0,100.0,Down,Down,100,75,60,0,55.8743961352657,52.10828025477707,53.29113924050633,50.91025641025641,10,6c2og0cw,,,,,0
8,poc3kn08,,0,587,587,FinalPage,ThankYou,2026-09-16 09:15:33.366241,1,,,0.0,3,,0.0,M_no_W_no,,,,,,,,,,,0,0,,,300,144,,,,,,,,,,,,,,,,,1,1,"9, 10",1,0.0,0.0,0.0,0.0,0.0,0,0,0,1,1,2,0.0,0.0,1,1,220.0,87.0,50.0,62.5,70.0,100.0,Down,Down,100,75,60,0,55.8743961352657,52.10828025477707,53.29113924050633,50.91025641025641,10,6c2og0cw,,,,,0
9,z9zrwosz,,0,587,587,FinalPage,ThankYou,2026-09-16 09:15:33.376342,1,,,333.33,4,,0.0,M_no_W_no,,,,,,,,,,,0,0,,,233,85,,,,,,,,,,,,,,,,,1,1,"9, 10",1,0.0,0.0,0.0,0.0,0.0,0,0,0,1,-1,2,0.0,0.0,1,1,220.0,87.0,50.0,62.5,70.0,100.0,Down,Down,100,75,60,0,55.8743961352657,52.10828025477707,53.29113924050633,50.91025641025641,10,6c2og0cw,,,,,0
10,yldmtmxh,,0,587,587,FinalPage,ThankYou,2026-09-16 09:15:33.385003,1,,,555.56,5,,0.0,M_no_W_no,,,,,,,,,,,0,0,,,188,87,,,,,,,,,,,,,,,,,1,1,"9, 10",1,0.0,0.0,0.0,0.0,0.0,0,0,0,-1,0,2,0.0,0.0,1,1,220.0,87.0,50.0,62.5,70.0,100.0,Down,Down,100,75,60,0,55.8743961352657,52.10828025477707,53.29113924050633,50.91025641025641,10,6c2og0cw,,,,,0
11,bjw1ymg6,,0,587,587,FinalPage,ThankYou,2026-09-16 09:15:33.421363,1,,,833.33,1,,0.0,M_no_W_no,,,,,,,,,,,0,0,,,380,100,,,,,,,,,,,,,,,,,1,1,"9, 10",1,0.0,0.0,0.0,0.0,0.0,0,0,0,-1,-1,3,0.0,0.0,1,1,390.0,110.0,90.0,75.0,60.0,85.0,Down,Down,20,50,80,30,55.8743961352657,52.10828025477707,53.29113924050633,50.91025641025641,10,6c2og0cw,,,,,0
12,dxg47gml,,0,587,587,FinalPage,ThankYou,2026-09-16 09:15:33.491807,1,,,222.22,2,,0.0,M_no_W_no,,,,,,,,,,,0,0,,,390,110,,,,,,,,,,,,,,,,,1,1,"9, 10",1,0.0,0.0,0.0,0.0,0.0,0,0,0,0,0,3,0.0,0.0,1,1,390.0,110.0,90.0,75.0,60.0,85.0,Down,Down,20,50,80,30,55.8743961352657,52.10828025477707,53.29113924050633,50.91025641025641,10,6c2og0cw,,,,,0
13,t47t8m59,,0,587,587,FinalPage,ThankYou,2026-09-16 09:15:33.501171,1,,,55.56,3,,0.0,M_no_W_no,,,,,,,,,,,0,0,,,395,112,,,,,,,,,,,,,,,,,1,1,"9, 10",1,0.0,0.0,0.0,0.0,0.0,0,0,0,1,1,3,0.0,0.0,1,1,390.0,110.0,90.0,75.0,60.0,85.0,Down,Down,20,50,80,30,55.8743961352657,52.10828025477707,53.29113924050633,50.91025641025641,10,6c2og0cw,,,,,0
14,2epyouig,,0,587,587,FinalPage,ThankYou,2026-09-16 09:15:33.510000,1,,,500.0,4,,0.0,M_no_W_no,,,,,,,,,,,0,0,,,395,100,,,,,,,,,,,,,,,,,1,1,"9, 10",1,0.0,0.0,0.0,0.0,0.0,0,0,0,1,-1,3,0.0,0.0,1,1,390.0,110.0,90.0,75.0,60.0,85.0,Down,Down,20,50,80,30,55.8743961352657,52.10828025477707,53.29113924050633,50.91025641025641,10,6c2og0cw,,,,,0
15,107rd682,,0,587,587,FinalPage,ThankYou,2026-09-16 09:15:33.545454,1,,,1000.0,5,,0.0,M_no_W_no,,,,,,,,,,,0,0,,,389,111,,,,,,,,,,,,,,,,,1,1,"9, 10",1,0.0,0.0,0.0,0.0,0.0,0,0,0,-1,1,3,0.0,0.0,1,1,390.0,110.0,90.0,75.0,60.0,85.0,Down,Down,20,50,80,30,55.8743961352657,52.10828025477707,53.29113924050633,50.91025641025641,10,6c2og0cw,,,,,0
16,6xyzc64h,,0,587,587,FinalPage,ThankYou,2026-09-16 09:15:33.555344,1,,,0.0,1,,0.0,M_no_W_no,,,,,,,,,,,0,0,,,355,200,,,,,,,,,,,,,,,,,1,1,"9, 10",1,0.0,0.0,0.0,0.0,0.0,0,0,0,1,-1,4,0.0,0.0,1,0,355.0,205.0,50.0,87.5,70.0,90.0,Down,Down,100,25,20,60,55.8743961352657,52.10828025477707,53.29113924050633,50.91025641025641,10,6c2og0cw,,,,,0
17,566nkyxt,,0,587,587,FinalPage,ThankYou,2026-09-16 09:15:33.934007,1,,,1166.67,2,,0.0,M_no_W_no,,,,,,,,,,,0,0,,,340,190,,,,,,,,,,,,,,,,,1,1,"9, 10",1,0.0,0.0,0.0,0.0,0.0,0,0,0,-1,-1,4,0.0,0.0,1,0,355.0,205.0,50.0,87.5,70.0,90.0,Down,Down,100,25,20,60,55.8743961352657,52.10828025477707,53.29113924050633,50.91025641025641,10,6c2og0cw,,,,,0
18,uv69jk1p,,0,587,587,FinalPage,ThankYou,2026-09-16 09:15:33.624429,1,,,0.0,3,,0.0,M_no_W_no,,,,,,,,,,,0,0,,,380,220,,,,,,,,,,,,,,,,,1,1,"9, 10",1,0.0,0.0,0.0,0.0,0.0,0,0,0,1,1,4,0.0,0.0,1,0,355.0,205.0,50.0,87.5,70.0,90.0,Down,Down,100,25,20,60,55.8743961352657,52.10828025477707,53.29113924050633,50.91025641025641,10,6c2og0cw,,,,,0
19,thfu25ei,,0,587,587,FinalPage,ThankYou,2026-09-16 09:15:33.841511,1,,,1166.67,4,,0.0,M_no_W_no,,,,,,,,,,,0,0,,,350,205,,,,,,,,,,,,,,,,,1,1,"9, 10",1,0.0,0.0,0.0,0.0,0.0,0,0,0,-1,0,4,0.0,0.0,1,0,355.0,205.0,50.0,87.5,70.0,90.0,Down,Down,100,25,20,60,55.8743961352657,52.10828025477707,53.29113924050633,50.91025641025641,10,6c2og0cw,,,,,0
20,008uq8bs,,0,587,587,FinalPage,ThankYou,2026-09-16 09:15:33.850247,1,,,111.11,5,,0.0,M_no_W_no,,,,,,,,,,,0,0,,,355,205,,,,,,,,,,,,,,,,,1,1,"9, 10",1,0.0,0.0,0.0,0.0,0.0,0,0,0,0,1,4,0.0,0.0,1,0,355.0,205.0,50.0,87.5,70.0,90.0,Down,Down,100,25,20,60,55.8743961352657,52.10828025477707,53.29113924050633,50.91025641025641,10,6c2og0cw,,,,,0
21,o4da1gkl,,0,587,587,FinalPage,ThankYou,2026-09-16 09:15:34.223143,1,,,166.67,1,,0.0,M_no_W_no,,,,,,,,,,,0,0,,,300,300,,,,,,,,,,,,,,,,,1,1,"9, 10",1,0.0,0.0,0.0,0.0,0.0,0,0,0,1,1,5,0.0,0.0,0,0,260.0,300.0,120.0,75.0,95.0,150.0,Down,Up,20,50,50,10,55.8743961352657,52.10828025477707,53.29113924050633,50.91025641025641,10,6c2og0cw,,,,,0
22,ilc2oqlq,,0,587,587,FinalPage,ThankYou,2026-09-16 09:15:34.214844,1,,,1222.22,2,,0.0,M_no_W_no,,,,,,,,,,,0,0,,,255,255,,,,,,,,,,,,,,,,,1,1,"9, 10",1,0.0,0.0,0.0,0.0,0.0,0,0,0,-1,-1,5,0.0,0.0,0,0,260.0,300.0,120.0,75.0,95.0,150.0,Down,Up,20,50,50,10,55.8743961352657,52.10828025477707,53.29113924050633,50.91025641025641,10,6c2og0cw,,,,,0
23,qcu0td0m,,0,587,587,FinalPage,ThankYou,2026-09-16 09:15:34.419332,1,,,500.0,3,,0.0,M_no_W_no,,,,,,,,,,,0,0,,,200,400,,,,,,,,,,,,,,,,,1,1,"9, 10",1,0.0,0.0,0.0,0.0,0.0,0,0,0,-1,1,5,0.0,0.0,0,0,260.0,300.0,120.0,75.0,95.0,150.0,Down,Up,20,50,50,10,55.8743961352657,52.10828025477707,53.29113924050633,50.91025641025641,10,6c2og0cw,,,,,0
24,zcjv164s,,0,587,587,FinalPage,ThankYou,2026-09-16 09:15:34.435074,1,,,1111.11,4,,0.0,M_no_W_no,,,,,,,,,,,0,0,,,260,280,,,,,,,,,,,,,,,,,1,1,"9, 10",1,0.0,0.0,0.0,0.0,0.0,0,0,0,0,-1,5,0.0,0.0,0,0,260.0,300.0,120.0,75.0,95.0,150.0,Down,Up,20,50,50,10,55.8743961352657,52.10828025477707,53.29113924050633,50.91025641025641,10,6c2og0cw,,,,,0
25,3g7fmbdb,,0,587,587,FinalPage,ThankYou,2026-09-16 09:15:34.780111,1,,,500.0,5,,0.0,M_no_W_no,,,,,,,,,,,0,0,,,300,300,,,,,,,,,,,,,,,,,1,1,"9, 10",1,0.0,0.0,0.0,0.0,0.0,0,0,0,1,0,5,0.0,0.0,0,0,260.0,300.0,120.0,75.0,95.0,150.0,Down,Up,20,50,50,10,55.8743961352657,52.10828025477707,53.29113924050633,50.91025641025641,10,6c2og0cw,,,,,0
1,o7pccht6,,0,587,587,FinalPage,ThankYou,2026-09-16 09:15:33.480125,1,,,1055.56,1,,0.0,M_no_W_no,,,,,50,,,,,,0,0,200,174,,,,,,,,,,,100,100.0,50,100.0,100,100.0,48,100.0,1,1,"9, 10",1,0.0,0.0,0.0,0.0,0.0,0,1,0,0,0,1,100.0,174.0,0,1,0.0,0.0,80.0,165.0,140.0,75.0,Up,Down,40,65,40,50,55.8743961352657,52.10828025477707,53.29113924050633,50.91025641025641,11,6c2og0cw,,,,,0
2,xlysi5bz,,0,587,587,FinalPage,ThankYou,2026-09-16 09:15:33.034876,1,,,1055.56,2,,0.0,M_no_W_no,,,,,70,,,,,,0,0,100,100,,,,,,,,,,,20,50.0,20,50.0,100,200.0,100,250.0,1,1,"9, 10",1,0.0,0.0,0.0,0.0,0.0,0,0,-1,0,0,1,100.0,174.0,0,1,0.0,0.0,80.0,165.0,140.0,75.0,Up,Down,40,65,40,50,55.8743961352657,52.10828025477707,53.29113924050633,50.91025641025641,11,6c2og0cw,,,,,0
3,ktzkk4b7,,0,587,587,FinalPage,ThankYou,2026-09-16 09:15:33.112004,1,,,1500.0,3,,0.0,M_no_W_no,,,,,100,,,,,,0,0,125,225,,,,,,,,,,,50,100.0,50,100.0,50,275.0,50,300.0,1,1,"9, 10",1,0.0,0.0,0.0,0.0,0.0,0,1,1,0,0,1,100.0,174.0,0,1,0.0,0.0,80.0,165.0,140.0,75.0,Up,Down,40,65,40,50,55.8743961352657,52.10828025477707,53.29113924050633,50.91025641025641,11,6c2og0cw,,,,,0
4,unt4hlph,,0,587,587,FinalPage,ThankYou,2026-09-16 09:15:33.157371,1,,,388.89,4,,0.0,M_no_W_no,,,,,80,,,,,,0,0,40,560,,,,,,,,,,,80,100.0,50,50.0,40,500.0,40,550.0,1,1,"9, 10",1,0.0,0.0,0.0,0.0,0.0,0,-1,1,0,0,1,100.0,174.0,0,1,0.0,0.0,80.0,165.0,140.0,75.0,Up,Down,40,65,40,50,55.8743961352657,52.10828025477707,53.29113924050633,50.91025641025641,11,6c2og0cw,,,,,0
5,e3o1p3e6,,0,587,587,FinalPage,ThankYou,2026-09-16 09:15:33.166793,1,,,277.78,5,,0.0,M_no_W_no,,,,,50,,,,,,0,0,80,80,,,,,,,,,,,50,100.0,50,100.0,50,100.0,50,80.0,1,1,"9, 10",1,0.0,0.0,0.0,0.0,0.0,0,-1,-1,0,0,1,100.0,174.0,0,1,0.0,0.0,80.0,165.0,140.0,75.0,Up,Down,40,65,40,50,55.8743961352657,52.10828025477707,53.29113924050633,50.91025641025641,11,6c2og0cw,,,,,0
6,0nzm25g8,,0,587,587,FinalPage,ThankYou,2026-09-16 09:15:33.284650,1,,,222.22,1,,0.0,M_no_W_no,,,,,50,,,,,,0,0,90,90,,,,,,,,,,,50,90.0,50,80.0,50,90.0,50,80.0,1,1,"9, 10",1,0.0,0.0,0.0,0.0,0.0,0,-1,-1,0,0,2,100.0,100.0,1,1,0.0,0.0,50.0,62.5,70.0,100.0,Down,Down,100,75,60,0,55.8743961352657,52.10828025477707,53.29113924050633,50.91025641025641,11,6c2og0cw,,,,,0
7,f8ff6plt,,0,587,587,FinalPage,ThankYou,2026-09-16 09:15:33.299313,1,,,666.67,2,,0.0,M_no_W_no,,,,,50,,,,,,0,0,100,100,,,,,,,,,,,100,120.0,100,100.0,100,120.0,100,100.0,1,1,"9, 10",1,0.0,0.0,0.0,0.0,0.0,0,0,1,0,0,2,100.0,100.0,1,1,0.0,0.0,50.0,62.5,70.0,100.0,Down,Down,100,75,60,0,55.8743961352657,52.10828025477707,53.29113924050633,50.91025641025641,11,6c2og0cw,,,,,0
8,poc3kn08,,0,587,587,FinalPage,ThankYou,2026-09-16 09:15:33.366241,1,,,0.0,3,,0.0,M_no_W_no,,,,,50,,,,,,0,0,150,147,,,,,,,,,,,180,200.0,100,250.0,180,200.0,100,250.0,1,1,"9, 10",1,0.0,0.0,0.0,0.0,0.0,0,1,1,0,0,2,100.0,100.0,1,1,0.0,0.0,50.0,62.5,70.0,100.0,Down,Down,100,75,60,0,55.8743961352657,52.10828025477707,53.29113924050633,50.91025641025641,11,6c2og0cw,,,,,0
9,z9zrwosz,,0,587,587,FinalPage,ThankYou,2026-09-16 09:15:33.376342,1,,,333.33,4,,0.0,M_no_W_no,,,,,40,,,,,,0,0,200,100,,,,,,,,,,,100,200.0,100,200.0,75,95.0,100,100.0,1,1,"9, 10",1,0.0,0.0,0.0,0.0,0.0,0,1,0,0,0,2,100.0,100.0,1,1,0.0,0.0,50.0,62.5,70.0,100.0,Down,Down,100,75,60,0,55.8743961352657,52.10828025477707,53.29113924050633,50.91025641025641,11,6c2og0cw,,,,,0
10,yldmtmxh,,0,587,587,FinalPage,ThankYou,2026-09-16 09:15:33.385003,1,,,555.56,5,,0.0,M_no_W_no,,,,,55,,,,,,0,0,67,87,,,,,,,,,,,89,123.0,67,98.0,98,123.0,76,119.0,1,1,"9, 10",1,0.0,0.0,0.0,0.0,0.0,0,-1,-1,0,0,2,100.0,100.0,1,1,0.0,0.0,50.0,62.5,70.0,100.0,Down,Down,100,75,60,0,55.8743961352657,52.10828025477707,53.29113924050633,50.91025641025641,11,6c2og0cw,,,,,0
11,bjw1ymg6,,0,587,587,FinalPage,ThankYou,2026-09-16 09:15:33.421363,1,,,833.33,1,,0.0,M_no_W_no,,,,,25,,,,,,0,0,150,150,,,,,,,,,,,50,120.0,80,120.0,80,150.0,80,120.0,1,1,"9, 10",1,0.0,0.0,0.0,0.0,0.0,0,0,0,0,0,3,150.0,150.0,1,1,0.0,0.0,90.0,75.0,60.0,85.0,Down,Down,20,50,80,30,55.8743961352657,52.10828025477707,53.29113924050633,50.91025641025641,11,6c2og0cw,,,,,0
12,dxg47gml,,0,587,587,FinalPage,ThankYou,2026-09-16 09:15:33.491807,1,,,222.22,2,,0.0,M_no_W_no,,,,,55,,,,,,0,0,100,100,,,,,,,,,,,80,110.0,75,110.0,78,110.0,60,110.0,1,1,"9, 10",1,0.0,0.0,0.0,0.0,0.0,0,-1,-1,0,0,3,150.0,150.0,1,1,0.0,0.0,90.0,75.0,60.0,85.0,Down,Down,20,50,80,30,55.8743961352657,52.10828025477707,53.29113924050633,50.91025641025641,11,6c2og0cw,,,,,0
13,t47t8m59,,0,587,587,FinalPage,ThankYou,2026-09-16 09:15:33.501171,1,,,55.56,3,,0.0,M_no_W_no,,,,,50,,,,,,0,0,200,200,,,,,,,,,,,120,200.0,120,200.0,120,200.0,120,200.0,1,1,"9, 10",1,0.0,0.0,0.0,0.0,0.0,0,1,1,0,0,3,150.0,150.0,1,1,0.0,0.0,90.0,75.0,60.0,85.0,Down,Down,20,50,80,30,55.8743961352657,52.10828025477707,53.29113924050633,50.91025641025641,11,6c2og0cw,,,,,0
14,2epyouig,,0,587,587,FinalPage,ThankYou,2026-09-16 09:15:33.510000,1,,,500.0,4,,0.0,M_no_W_no,,,,,30,,,,,,0,0,200,200,,,,,,,,,,,75,300.0,100,400.0,75,300.0,50,300.0,1,1,"9, 10",1,0.0,0.0,0.0,0.0,0.0,0,1,1,0,0,3,150.0,150.0,1,1,0.0,0.0,90.0,75.0,60.0,85.0,Down,Down,20,50,80,30,55.8743961352657,52.10828025477707,53.29113924050633,50.91025641025641,11,6c2og0cw,,,,,0
15,107rd682,,0,587,587,FinalPage,ThankYou,2026-09-16 09:15:33.545454,1,,,1000.0,5,,0.0,M_no_W_no,,,,,50,,,,,,0,0,111,111,,,,,,,,,,,50,300.0,50,200.0,50,400.0,50,250.0,1,1,"9, 10",1,0.0,0.0,0.0,0.0,0.0,0,-1,-1,0,0,3,150.0,150.0,1,1,0.0,0.0,90.0,75.0,60.0,85.0,Down,Down,20,50,80,30,55.8743961352657,52.10828025477707,53.29113924050633,50.91025641025641,11,6c2og0cw,,,,,0
16,6xyzc64h,,0,587,587,FinalPage,ThankYou,2026-09-16 09:15:33.555344,1,,,0.0,1,,0.0,M_no_W_no,,,,,50,,,,,,0,0,200,200,,,,,,,,,,,130,162.0,130,162.0,130,162.0,130,162.0,1,1,"9, 10",1,0.0,0.0,0.0,0.0,0.0,0,0,-1,0,0,4,200.0,200.0,1,0,0.0,0.0,50.0,87.5,70.0,90.0,Down,Down,100,25,20,60,55.8743961352657,52.10828025477707,53.29113924050633,50.91025641025641,11,6c2og0cw,,,,,0
17,566nkyxt,,0,587,587,FinalPage,ThankYou,2026-09-16 09:15:33.934007,1,,,1166.67,2,,0.0,M_no_W_no,,,,,50,,,,,,0,0,170,170,,,,,,,,,,,115,150.0,170,200.0,115,150.0,170,200.0,1,1,"9, 10",1,0.0,0.0,0.0,0.0,0.0,0,-1,-1,0,0,4,200.0,200.0,1,0,0.0,0.0,50.0,87.5,70.0,90.0,Down,Down,100,25,20,60,55.8743961352657,52.10828025477707,53.29113924050633,50.91025641025641,11,6c2og0cw,,,,,0
18,uv69jk1p,,0,587,587,FinalPage,ThankYou,2026-09-16 09:15:33.624429,1,,,0.0,3,,0.0,M_no_W_no,,,,,50,,,,,,0,0,300,300,,,,,,,,,,,100,300.0,100,300.0,100,300.0,100,300.0,1,1,"9, 10",1,0.0,0.0,0.0,0.0,0.0,0,1,1,0,0,4,200.0,200.0,1,0,0.0,0.0,50.0,87.5,70.0,90.0,Down,Down,100,25,20,60,55.8743961352657,52.10828025477707,53.29113924050633,50.91025641025641,11,6c2og0cw,,,,,0
19,thfu25ei,,0,587,587,FinalPage,ThankYou,2026-09-16 09:15:33.841511,1,,,1166.67,4,,0.0,M_no_W_no,,,,,52,,,,,,0,0,220,250,,,,,,,,,,,110,310.0,120,290.0,120,320.0,120,300.0,1,1,"9, 10",1,0.0,0.0,0.0,0.0,0.0,0,1,1,0,0,4,200.0,200.0,1,0,0.0,0.0,50.0,87.5,70.0,90.0,Down,Down,100,25,20,60,55.8743961352657,52.10828025477707,53.29113924050633,50.91025641025641,11,6c2og0cw,,,,,0
20,008uq8bs,,0,587,587,FinalPage,ThankYou,2026-09-16 09:15:33.850247,1,,,111.11,5,,0.0,M_no_W_no,,,,,40,,,,,,0,0,200,200,,,,,,,,,,,75,300.0,75,200.0,100,300.0,180,500.0,1,1,"9, 10",1,0.0,0.0,0.0,0.0,0.0,0,-1,0,0,0,4,200.0,200.0,1,0,0.0,0.0,50.0,87.5,70.0,90.0,Down,Down,100,25,20,60,55.8743961352657,52.10828025477707,53.29113924050633,50.91025641025641,11,6c2og0cw,,,,,0
21,o4da1gkl,,0,587,587,FinalPage,ThankYou,2026-09-16 09:15:34.223143,1,,,166.67,1,,0.0,M_no_W_no,,,,,45,,,,,,0,0,300,300,,,,,,,,,,,100,415.0,100,300.0,100,350.0,100,300.0,1,1,"9, 10",1,0.0,0.0,0.0,0.0,0.0,0,1,1,0,0,5,250.0,250.0,0,0,0.0,0.0,120.0,75.0,95.0,150.0,Down,Up,20,50,50,10,55.8743961352657,52.10828025477707,53.29113924050633,50.91025641025641,11,6c2og0cw,,,,,0
22,ilc2oqlq,,0,587,587,FinalPage,ThankYou,2026-09-16 09:15:34.214844,1,,,1222.22,2,,0.0,M_no_W_no,,,,,50,,,,,,0,0,185,185,,,,,,,,,,,100,245.0,100,250.0,100,245.0,100,250.0,1,1,"9, 10",1,0.0,0.0,0.0,0.0,0.0,0,-1,-1,0,0,5,250.0,250.0,0,0,0.0,0.0,120.0,75.0,95.0,150.0,Down,Up,20,50,50,10,55.8743961352657,52.10828025477707,53.29113924050633,50.91025641025641,11,6c2og0cw,,,,,0
23,qcu0td0m,,0,587,587,FinalPage,ThankYou,2026-09-16 09:15:34.419332,1,,,500.0,3,,0.0,M_no_W_no,,,,,50,,,,,,0,0,500,100,,,,,,,,,,,90,460.0,85,350.0,110,500.0,90,450.0,1,1,"9, 10",1,0.0,0.0,0.0,0.0,0.0,0,1,-1,0,0,5,250.0,250.0,0,0,0.0,0.0,120.0,75.0,95.0,150.0,Down,Up,20,50,50,10,55.8743961352657,52.10828025477707,53.29113924050633,50.91025641025641,11,6c2og0cw,,,,,0
24,zcjv164s,,0,587,587,FinalPage,ThankYou,2026-09-16 09:15:34.435074,1,,,1111.11,4,,0.0,M_no_W_no,,,,,75,,,,,,0,0,250,250,,,,,,,,,,,140,250.0,130,260.0,160,270.0,110,300.0,1,1,"9, 10",1,0.0,0.0,0.0,0.0,0.0,0,-1,0,0,0,5,250.0,250.0,0,0,0.0,0.0,120.0,75.0,95.0,150.0,Down,Up,20,50,50,10,55.8743961352657,52.10828025477707,53.29113924050633,50.91025641025641,11,6c2og0cw,,,,,0
25,3g7fmbdb,,0,587,587,FinalPage,ThankYou,2026-09-16 09:15:34.780111,1,,,500.0,5,,0.0,M_no_W_no,,,,,67,,,,,,0,0,250,280,,,,,,,,,,,200,270.0,170,300.0,170,300.0,180,300.0,1,1,"9, 10",1,0.0,0.0,0.0,0.0,0.0,0,0,1,0,0,5,250.0,250.0,0,0,0.0,0.0,120.0,75.0,95.0,150.0,Down,Up,20,50,50,10,55.8743961352657,52.10828025477707,53.29113924050633,50.91025641025641,11,6c2og0cw,,,,,0
1,o7pccht6,,0,587,587,FinalPage,ThankYou,2026-09-16 09:15:33.480125,1,,,1055.56,1,,0.0,M_no_W_no,,,,,,,,,,,0,0,150,199,,,,,,,,,,,,,,,,,,,1,1,"9, 10",1,0.0,0.0,0.0,0.0,0.0,0,1,0,0,0,1,125.0,199.0,0,1,0.0,0.0,80.0,165.0,140.0,75.0,Up,Down,40,65,40,50,55.8743961352657,52.10828025477707,53.29113924050633,50.91025641025641,12,6c2og0cw,,,,,0
2,xlysi5bz,,0,587,587,FinalPage,ThankYou,2026-09-16 09:15:33.034876,1,,,1055.56,2,,0.0,M_no_W_no,,,,,,,,,,,0,0,90,150,,,,,,,,,,,,,,,,,,,1,1,"9, 10",1,0.0,0.0,0.0,0.0,0.0,0,-1,-1,0,0,1,125.0,199.0,0,1,0.0,0.0,80.0,165.0,140.0,75.0,Up,Down,40,65,40,50,55.8743961352657,52.10828025477707,53.29113924050633,50.91025641025641,12,6c2og0cw,,,,,0
3,ktzkk4b7,,0,587,587,FinalPage,ThankYou,2026-09-16 09:15:33.112004,1,,,1500.0,3,,0.0,M_no_W_no,,,,,,,,,,,0,0,125,225,,,,,,,,,,,,,,,,,,,1,1,"9, 10",1,0.0,0.0,0.0,0.0,0.0,0,0,1,0,0,1,125.0,199.0,0,1,0.0,0.0,80.0,165.0,140.0,75.0,Up,Down,40,65,40,50,55.8743961352657,52.10828025477707,53.29113924050633,50.91025641025641,12,6c2og0cw,,,,,0
4,unt4hlph,,0,587,587,FinalPage,ThankYou,2026-09-16 09:15:33.157371,1,,,388.89,4,,0.0,M_no_W_no,,,,,,,,,,,0,0,70,450,,,,,,,,,,,,,,,,,,,1,1,"9, 10",1,0.0,0.0,0.0,0.0,0.0,0,-1,1,0,0,1,125.0,199.0,0,1,0.0,0.0,80.0,165.0,140.0,75.0,Up,Down,40,65,40,50,55.8743961352657,52.10828025477707,53.29113924050633,50.91025641025641,12,6c2og0cw,,,,,0
5,e3o1p3e6,,0,587,587,FinalPage,ThankYou,2026-09-16 09:15:33.166793,1,,,277.78,5,,0.0,M_no_W_no,,,,,,,,,,,0,0,150,130,,,,,,,,,,,,,,,,,,,1,1,"9, 10",1,0.0,0.0,0.0,0.0,0.0,0,1,-1,0,0,1,125.0,199.0,0,1,0.0,0.0,80.0,165.0,140.0,75.0,Up,Down,40,65,40,50,55.8743961352657,52.10828025477707,53.29113924050633,50.91025641025641,12,6c2og0cw,,,,,0
6,0nzm25g8,,0,587,587,FinalPage,ThankYou,2026-09-16 09:15:33.284650,1,,,222.22,1,,0.0,M_no_W_no,,,,,,,,,,,0,0,120,120,,,,,,,,,,,,,,,,,,,1,1,"9, 10",1,0.0,0.0,0.0,0.0,0.0,0,1,1,0,0,2,100.0,100.0,1,1,0.0,0.0,50.0,62.5,70.0,100.0,Down,Down,100,75,60,0,55.8743961352657,52.10828025477707,53.29113924050633,50.91025641025641,12,6c2og0cw,,,,,0
7,f8ff6plt,,0,587,587,FinalPage,ThankYou,2026-09-16 09:15:33.299313,1,,,666.67,2,,0.0,M_no_W_no,,,,,,,,,,,0,0,100,100,,,,,,,,,,,,,,,,,,,1,1,"9, 10",1,0.0,0.0,0.0,0.0,0.0,0,0,0,0,0,2,100.0,100.0,1,1,0.0,0.0,50.0,62.5,70.0,100.0,Down,Down,100,75,60,0,55.8743961352657,52.10828025477707,53.29113924050633,50.91025641025641,12,6c2og0cw,,,,,0
8,poc3kn08,,0,587,587,FinalPage,ThankYou,2026-09-16 09:15:33.366241,1,,,0.0,3,,0.0,M_no_W_no,,,,,,,,,,,0,0,123,118,,,,,,,,,,,,,,,,,,,1,1,"9, 10",1,0.0,0.0,0.0,0.0,0.0,0,1,1,0,0,2,100.0,100.0,1,1,0.0,0.0,50.0,62.5,70.0,100.0,Down,Down,100,75,60,0,55.8743961352657,52.10828025477707,53.29113924050633,50.91025641025641,12,6c2og0cw,,,,,0
9,z9zrwosz,,0,587,587,FinalPage,ThankYou,2026-09-16 09:15:33.376342,1,,,333.33,4,,0.0,M_no_W_no,,,,,,,,,,,0,0,90,100,,,,,,,,,,,,,,,,,,,1,1,"9, 10",1,0.0,0.0,0.0,0.0,0.0,0,-1,-1,0,0,2,100.0,100.0,1,1,0.0,0.0,50.0,62.5,70.0,100.0,Down,Down,100,75,60,0,55.8743961352657,52.10828025477707,53.29113924050633,50.91025641025641,12,6c2og0cw,,,,,0
10,yldmtmxh,,0,587,587,FinalPage,ThankYou,2026-09-16 09:15:33.385003,1,,,555.56,5,,0.0,M_no_W_no,,,,,,,,,,,0,0,87,74,,,,,,,,,,,,,,,,,,,1,1,"9, 10",1,0.0,0.0,0.0,0.0,0.0,0,-1,-1,0,0,2,100.0,100.0,1,1,0.0,0.0,50.0,62.5,70.0,100.0,Down,Down,100,75,60,0,55.8743961352657,52.10828025477707,53.29113924050633,50.91025641025641,12,6c2og0cw,,,,,0
11,bjw1ymg6,,0,587,587,FinalPage,ThankYou,2026-09-16 09:15:33.421363,1,,,833.33,1,,0.0,M_no_W_no,,,,,,,,,,,0,0,120,120,,,,,,,,,,,,,,,,,,,1,1,"9, 10",1,0.0,0.0,0.0,0.0,0.0,0,-1,-1,0,0,3,151.0,140.0,1,1,0.0,0.0,90.0,75.0,60.0,85.0,Down,Down,20,50,80,30,55.8743961352657,52.10828025477707,53.29113924050633,50.91025641025641,12,6c2og0cw,,,,,0
12,dxg47gml,,0,587,587,FinalPage,ThankYou,2026-09-16 09:15:33.491807,1,,,222.22,2,,0.0,M_no_W_no,,,,,,,,,,,0,0,100,100,,,,,,,,,,,,,,,,,,,1,1,"9, 10",1,0.0,0.0,0.0,0.0,0.0,0,-1,-1,0,0,3,151.0,140.0,1,1,0.0,0.0,90.0,75.0,60.0,85.0,Down,Down,20,50,80,30,55.8743961352657,52.10828025477707,53.29113924050633,50.91025641025641,12,6c2og0cw,,,,,0
13,t47t8m59,,0,587,587,FinalPage,ThankYou,2026-09-16 09:15:33.501171,1,,,55.56,3,,0.0,M_no_W_no,,,,,,,,,,,0,0,160,161,,,,,,,,,,,,,,,,,,,1,1,"9, 10",1,0.0,0.0,0.0,0.0,0.0,0,1,1,0,0,3,151.0,140.0,1,1,0.0,0.0,90.0,75.0,60.0,85.0,Down,Down,20,50,80,30,55.8743961352657,52.10828025477707,53.29113924050633,50.91025641025641,12,6c2og0cw,,,,,0
14,2epyouig,,0,587,587,FinalPage,ThankYou,2026-09-16 09:15:33.510000,1,,,500.0,4,,0.0,M_no_W_no,,,,,,,,,,,0,0,160,140,,,,,,,,,,,,,,,,,,,1,1,"9, 10",1,0.0,0.0,0.0,0.0,0.0,0,1,0,0,0,3,151.0,140.0,1,1,0.0,0.0,90.0,75.0,60.0,85.0,Down,Down,20,50,80,30,55.8743961352657,52.10828025477707,53.29113924050633,50.91025641025641,12,6c2og0cw,,,,,0
15,107rd682,,0,587,587,FinalPage,ThankYou,2026-09-16 09:15:33.545454,1,,,1000.0,5,,0.0,M_no_W_no,,,,,,,,,,,0,0,151,151,,,,,,,,,,,,,,,,,,,1,1,"9, 10",1,0.0,0.0,0.0,0.0,0.0,0,0,1,0,0,3,151.0,140.0,1,1,0.0,0.0,90.0,75.0,60.0,85.0,Down,Down,20,50,80,30,55.8743961352657,52.10828025477707,53.29113924050633,50.91025641025641,12,6c2og0cw,,,,,0
16,6xyzc64h,,0,587,587,FinalPage,ThankYou,2026-09-16 09:15:33.555344,1,,,0.0,1,,0.0,M_no_W_no,,,,,,,,,,,0,0,201,200,,,,,,,,,,,,,,,,,,,1,1,"9, 10",1,0.0,0.0,0.0,0.0,0.0,0,0,0,0,0,4,201.0,200.0,1,0,0.0,0.0,50.0,87.5,70.0,90.0,Down,Down,100,25,20,60,55.8743961352657,52.10828025477707,53.29113924050633,50.91025641025641,12,6c2og0cw,,,,,0
17,566nkyxt,,0,587,587,FinalPage,ThankYou,2026-09-16 09:15:33.934007,1,,,1166.67,2,,0.0,M_no_W_no,,,,,,,,,,,0,0,180,193,,,,,,,,,,,,,,,,,,,1,1,"9, 10",1,0.0,0.0,0.0,0.0,0.0,0,-1,-1,0,0,4,201.0,200.0,1,0,0.0,0.0,50.0,87.5,70.0,90.0,Down,Down,100,25,20,60,55.8743961352657,52.10828025477707,53.29113924050633,50.91025641025641,12,6c2og0cw,,,,,0
18,uv69jk1p,,0,587,587,FinalPage,ThankYou,2026-09-16 09:15:33.624429,1,,,0.0,3,,0.0,M_no_W_no,,,,,,,,,,,0,0,100,100,,,,,,,,,,,,,,,,,,,1,1,"9, 10",1,0.0,0.0,0.0,0.0,0.0,0,-1,-1,0,0,4,201.0,200.0,1,0,0.0,0.0,50.0,87.5,70.0,90.0,Down,Down,100,25,20,60,55.8743961352657,52.10828025477707,53.29113924050633,50.91025641025641,12,6c2og0cw,,,,,0
19,thfu25ei,,0,587,587,FinalPage,ThankYou,2026-09-16 09:15:33.841511,1,,,1166.67,4,,0.0,M_no_W_no,,,,,,,,,,,0,0,210,225,,,,,,,,,,,,,,,,,,,1,1,"9, 10",1,0.0,0.0,0.0,0.0,0.0,0,1,1,0,0,4,201.0,200.0,1,0,0.0,0.0,50.0,87.5,70.0,90.0,Down,Down,100,25,20,60,55.8743961352657,52.10828025477707,53.29113924050633,50.91025641025641,12,6c2og0cw,,,,,0
20,008uq8bs,,0,587,587,FinalPage,ThankYou,2026-09-16 09:15:33.850247,1,,,111.11,5,,0.0,M_no_W_no,,,,,,,,,,,0,0,250,300,,,,,,,,,,,,,,,,,,,1,1,"9, 10",1,0.0,0.0,0.0,0.0,0.0,0,1,1,0,0,4,201.0,200.0,1,0,0.0,0.0,50.0,87.5,70.0,90.0,Down,Down,100,25,20,60,55.8743961352657,52.10828025477707,53.29113924050633,50.91025641025641,12,6c2og0cw,,,,,0
21,o4da1gkl,,0,587,587,FinalPage,ThankYou,2026-09-16 09:15:34.223143,1,,,166.67,1,,0.0,M_no_W_no,,,,,,,,,,,0,0,275,300,,,,,,,,,,,,,,,,,,,1,1,"9, 10",1,0.0,0.0,0.0,0.0,0.0,0,0,1,0,0,5,275.0,290.0,0,0,0.0,0.0,120.0,75.0,95.0,150.0,Down,Up,20,50,50,10,55.8743961352657,52.10828025477707,53.29113924050633,50.91025641025641,12,6c2og0cw,,,,,0
22,ilc2oqlq,,0,587,587,FinalPage,ThankYou,2026-09-16 09:15:34.214844,1,,,1222.22,2,,0.0,M_no_W_no,,,,,,,,,,,0,0,199,199,,,,,,,,,,,,,,,,,,,1,1,"9, 10",1,0.0,0.0,0.0,0.0,0.0,0,-1,-1,0,0,5,275.0,290.0,0,0,0.0,0.0,120.0,75.0,95.0,150.0,Down,Up,20,50,50,10,55.8743961352657,52.10828025477707,53.29113924050633,50.91025641025641,12,6c2og0cw,,,,,0
23,qcu0td0m,,0,587,587,FinalPage,ThankYou,2026-09-16 09:15:34.419332,1,,,500.0,3,,0.0,M_no_W_no,,,,,,,,,,,0,0,300,300,,,,,,,,,,,,,,,,,,,1,1,"9, 10",1,0.0,0.0,0.0,0.0,0.0,0,1,1,0,0,5,275.0,290.0,0,0,0.0,0.0,120.0,75.0,95.0,150.0,Down,Up,20,50,50,10,55.8743961352657,52.10828025477707,53.29113924050633,50.91025641025641,12,6c2og0cw,,,,,0
24,zcjv164s,,0,587,587,FinalPage,ThankYou,2026-09-16 09:15:34.435074,1,,,1111.11,4,,0.0,M_no_W_no,,,,,,,,,,,0,0,230,232,,,,,,,,,,,,,,,,,,,1,1,"9, 10",1,0.0,0.0,0.0,0.0,0.0,0,-1,-1,0,0,5,275.0,290.0,0,0,0.0,0.0,120.0,75.0,95.0,150.0,Down,Up,20,50,50,10,55.8743961352657,52.10828025477707,53.29113924050633,50.91025641025641,12,6c2og0cw,,,,,0
25,3g7fmbdb,,0,587,587,FinalPage,ThankYou,2026-09-16 09:15:34.780111,1,,,500.0,5,,0.0,M_no_W_no,,,,,,,,,,,0,0,290,290,,,,,,,,,,,,,,,,,,,1,1,"9, 10",1,0.0,0.0,0.0,0.0,0.0,0,1,0,0,0,5,275.0,290.0,0,0,0.0,0.0,120.0,75.0,95.0,150.0,Down,Up,20,50,50,10,55.8743961352657,52.10828025477707,53.29113924050633,50.91025641025641,12,6c2og0cw,,,,,0
1,o7pccht6,,0,587,587,FinalPage,ThankYou,2026-09-16 09:15:33.480125,1,,,1055.56,1,,0.0,M_no_W_no,,,,,,,,,,,0,0,130,150,,,,,,,,,,,,,,,,,,,1,1,"9, 10",1,0.0,0.0,0.0,0.0,0.0,0,0,-1,0,0,1,130.0,225.0,0,1,0.0,0.0,80.0,165.0,140.0,75.0,Up,Down,40,65,40,50,55.8743961352657,52.10828025477707,53.29113924050633,50.91025641025641,13,6c2og0cw,,,,,0
2,xlysi5bz,,0,587,587,FinalPage,ThankYou,2026-09-16 09:15:33.034876,1,,,1055.56,2,,0.0,M_no_W_no,,,,,,,,,,,0,0,100,160,,,,,,,,,,,,,,,,,,,1,1,"9, 10",1,0.0,0.0,0.0,0.0,0.0,0,-1,-1,0,0,1,130.0,225.0,0,1,0.0,0.0,80.0,165.0,140.0,75.0,Up,Down,40,65,40,50,55.8743961352657,52.10828025477707,53.29113924050633,50.91025641025641,13,6c2og0cw,,,,,0
3,ktzkk4b7,,0,587,587,FinalPage,ThankYou,2026-09-16 09:15:33.112004,1,,,1500.0,3,,0.0,M_no_W_no,,,,,,,,,,,0,0,155,225,,,,,,,,,,,,,,,,,,,1,1,"9, 10",1,0.0,0.0,0.0,0.0,0.0,0,1,1,0,0,1,130.0,225.0,0,1,0.0,0.0,80.0,165.0,140.0,75.0,Up,Down,40,65,40,50,55.8743961352657,52.10828025477707,53.29113924050633,50.91025641025641,13,6c2og0cw,,,,,0
4,unt4hlph,,0,587,587,FinalPage,ThankYou,2026-09-16 09:15:33.157371,1,,,388.89,4,,0.0,M_no_W_no,,,,,,,,,,,0,0,140,300,,,,,,,,,,,,,,,,,,,1,1,"9, 10",1,0.0,0.0,0.0,0.0,0.0,0,1,1,0,0,1,130.0,225.0,0,1,0.0,0.0,80.0,165.0,140.0,75.0,Up,Down,40,65,40,50,55.8743961352657,52.10828025477707,53.29113924050633,50.91025641025641,13,6c2og0cw,,,,,0
5,e3o1p3e6,,0,587,587,FinalPage,ThankYou,2026-09-16 09:15:33.166793,1,,,277.78,5,,0.0,M_no_W_no,,,,,,,,,,,0,0,100,225,,,,,,,,,,,,,,,,,,,1,1,"9, 10",1,0.0,0.0,0.0,0.0,0.0,0,-1,0,0,0,1,130.0,225.0,0,1,0.0,0.0,80.0,165.0,140.0,75.0,Up,Down,40,65,40,50,55.8743961352657,52.10828025477707,53.29113924050633,50.91025641025641,13,6c2og0cw,,,,,0
6,0nzm25g8,,0,587,587,FinalPage,ThankYou,2026-09-16 09:15:33.284650,1,,,222.22,1,,0.0,M_no_W_no,,,,,,,,,,,0,0,120,80,,,,,,,,,,,,,,,,,,,1,1,"9, 10",1,0.0,0.0,0.0,0.0,0.0,0,1,-1,0,0,2,100.0,91.0,1,1,0.0,0.0,50.0,62.5,70.0,100.0,Down,Down,100,75,60,0,55.8743961352657,52.10828025477707,53.29113924050633,50.91025641025641,13,6c2og0cw,,,,,0
7,f8ff6plt,,0,587,587,FinalPage,ThankYou,2026-09-16 09:15:33.299313,1,,,666.67,2,,0.0,M_no_W_no,,,,,,,,,,,0,0,100,100,,,,,,,,,,,,,,,,,,,1,1,"9, 10",1,0.0,0.0,0.0,0.0,0.0,0,0,1,0,0,2,100.0,91.0,1,1,0.0,0.0,50.0,62.5,70.0,100.0,Down,Down,100,75,60,0,55.8743961352657,52.10828025477707,53.29113924050633,50.91025641025641,13,6c2og0cw,,,,,0
8,poc3kn08,,0,587,587,FinalPage,ThankYou,2026-09-16 09:15:33.366241,1,,,0.0,3,,0.0,M_no_W_no,,,,,,,,,,,0,0,50,50,,,,,,,,,,,,,,,,,,,1,1,"9, 10",1,0.0,0.0,0.0,0.0,0.0,0,-1,-1,0,0,2,100.0,91.0,1,1,0.0,0.0,50.0,62.5,70.0,100.0,Down,Down,100,75,60,0,55.8743961352657,52.10828025477707,53.29113924050633,50.91025641025641,13,6c2og0cw,,,,,0
9,z9zrwosz,,0,587,587,FinalPage,ThankYou,2026-09-16 09:15:33.376342,1,,,333.33,4,,0.0,M_no_W_no,,,,,,,,,,,0,0,120,120,,,,,,,,,,,,,,,,,,,1,1,"9, 10",1,0.0,0.0,0.0,0.0,0.0,0,1,1,0,0,2,100.0,91.0,1,1,0.0,0.0,50.0,62.5,70.0,100.0,Down,Down,100,75,60,0,55.8743961352657,52.10828025477707,53.29113924050633,50.91025641025641,13,6c2og0cw,,,,,0
10,yldmtmxh,,0,587,587,FinalPage,ThankYou,2026-09-16 09:15:33.385003,1,,,555.56,5,,0.0,M_no_W_no,,,,,,,,,,,0,0,94,91,,,,,,,,,,,,,,,,,,,1,1,"9, 10",1,0.0,0.0,0.0,0.0,0.0,0,-1,0,0,0,2,100.0,91.0,1,1,0.0,0.0,50.0,62.5,70.0,100.0,Down,Down,100,75,60,0,55.8743961352657,52.10828025477707,53.29113924050633,50.91025641025641,13,6c2og0cw,,,,,0
11,bjw1ymg6,,0,587,587,FinalPage,ThankYou,2026-09-16 09:15:33.421363,1,,,833.33,1,,0.0,M_no_W_no,,,,,,,,,,,0,0,135,135,,,,,,,,,,,,,,,,,,,1,1,"9, 10",1,0.0,0.0,0.0,0.0,0.0,0,-1,-1,0,0,3,152.0,138.0,1,1,0.0,0.0,90.0,75.0,60.0,85.0,Down,Down,20,50,80,30,55.8743961352657,52.10828025477707,53.29113924050633,50.91025641025641,13,6c2og0cw,,,,,0
12,dxg47gml,,0,587,587,FinalPage,ThankYou,2026-09-16 09:15:33.491807,1,,,222.22,2,,0.0,M_no_W_no,,,,,,,,,,,0,0,100,110,,,,,,,,,,,,,,,,,,,1,1,"9, 10",1,0.0,0.0,0.0,0.0,0.0,0,-1,-1,0,0,3,152.0,138.0,1,1,0.0,0.0,90.0,75.0,60.0,85.0,Down,Down,20,50,80,30,55.8743961352657,52.10828025477707,53.29113924050633,50.91025641025641,13,6c2og0cw,,,,,0
13,t47t8m59,,0,587,587,FinalPage,ThankYou,2026-09-16 09:15:33.501171,1,,,55.56,3,,0.0,M_no_W_no,,,,,,,,,,,0,0,158,150,,,,,,,,,,,,,,,,,,,1,1,"9, 10",1,0.0,0.0,0.0,0.0,0.0,0,1,1,0,0,3,152.0,138.0,1,1,0.0,0.0,90.0,75.0,60.0,85.0,Down,Down,20,50,80,30,55.8743961352657,52.10828025477707,53.29113924050633,50.91025641025641,13,6c2og0cw,,,,,0
14,2epyouig,,0,587,587,FinalPage,ThankYou,2026-09-16 09:15:33.510000,1,,,500.0,4,,0.0,M_no_W_no,,,,,,,,,,,0,0,152,138,,,,,,,,,,,,,,,,,,,1,1,"9, 10",1,0.0,0.0,0.0,0.0,0.0,0,1,0,0,0,3,152.0,138.0,1,1,0.0,0.0,90.0,75.0,60.0,85.0,Down,Down,20,50,80,30,55.8743961352657,52.10828025477707,53.29113924050633,50.91025641025641,13,6c2og0cw,,,,,0
15,107rd682,,0,587,587,FinalPage,ThankYou,2026-09-16 09:15:33.545454,1,,,1000.0,5,,0.0,M_no_W_no,,,,,,,,,,,0,0,152,141,,,,,,,,,,,,,,,,,,,1,1,"9, 10",1,0.0,0.0,0.0,0.0,0.0,0,0,1,0,0,3,152.0,138.0,1,1,0.0,0.0,90.0,75.0,60.0,85.0,Down,Down,20,50,80,30,55.8743961352657,52.10828025477707,53.29113924050633,50.91025641025641,13,6c2og0cw,,,,,0
16,6xyzc64h,,0,587,587,FinalPage,ThankYou,2026-09-16 09:15:33.555344,1,,,0.0,1,,0.0,M_no_W_no,,,,,,,,,,,0,0,205,204,,,,,,,,,,,,,,,,,,,1,1,"9, 10",1,0.0,0.0,0.0,0.0,0.0,0,1,0,0,0,4,205.0,204.0,1,0,0.0,0.0,50.0,87.5,70.0,90.0,Down,Down,100,25,20,60,55.8743961352657,52.10828025477707,53.29113924050633,50.91025641025641,13,6c2og0cw,,,,,0
17,566nkyxt,,0,587,587,FinalPage,ThankYou,2026-09-16 09:15:33.934007,1,,,1166.67,2,,0.0,M_no_W_no,,,,,,,,,,,0,0,195,187,,,,,,,,,,,,,,,,,,,1,1,"9, 10",1,0.0,0.0,0.0,0.0,0.0,0,-1,-1,0,0,4,205.0,204.0,1,0,0.0,0.0,50.0,87.5,70.0,90.0,Down,Down,100,25,20,60,55.8743961352657,52.10828025477707,53.29113924050633,50.91025641025641,13,6c2og0cw,,,,,0
18,uv69jk1p,,0,587,587,FinalPage,ThankYou,2026-09-16 09:15:33.624429,1,,,0.0,3,,0.0,M_no_W_no,,,,,,,,,,,0,0,150,150,,,,,,,,,,,,,,,,,,,1,1,"9, 10",1,0.0,0.0,0.0,0.0,0.0,0,-1,-1,0,0,4,205.0,204.0,1,0,0.0,0.0,50.0,87.5,70.0,90.0,Down,Down,100,25,20,60,55.8743961352657,52.10828025477707,53.29113924050633,50.91025641025641,13,6c2og0cw,,,,,0
19,thfu25ei,,0,587,587,FinalPage,ThankYou,2026-09-16 09:15:33.841511,1,,,1166.67,4,,0.0,M_no_W_no,,,,,,,,,,,0,0,205,210,,,,,,,,,,,,,,,,,,,1,1,"9, 10",1,0.0,0.0,0.0,0.0,0.0,0,0,1,0,0,4,205.0,204.0,1,0,0.0,0.0,50.0,87.5,70.0,90.0,Down,Down,100,25,20,60,55.8743961352657,52.10828025477707,53.29113924050633,50.91025641025641,13,6c2og0cw,,,,,0
20,008uq8bs,,0,587,587,FinalPage,ThankYou,2026-09-16 09:15:33.850247,1,,,111.11,5,,0.0,M_no_W_no,,,,,,,,,,,0,0,350,250,,,,,,,,,,,,,,,,,,,1,1,"9, 10",1,0.0,0.0,0.0,0.0,0.0,0,1,1,0,0,4,205.0,204.0,1,0,0.0,0.0,50.0,87.5,70.0,90.0,Down,Down,100,25,20,60,55.8743961352657,52.10828025477707,53.29113924050633,50.91025641025641,13,6c2og0cw,,,,,0
21,o4da1gkl,,0,587,587,FinalPage,ThankYou,2026-09-16 09:15:34.223143,1,,,166.67,1,,0.0,M_no_W_no,,,,,,,,,,,0,0,300,300,,,,,,,,,,,,,,,,,,,1,1,"9, 10",1,0.0,0.0,0.0,0.0,0.0,0,1,0,0,0,5,260.0,300.0,0,0,0.0,0.0,120.0,75.0,95.0,150.0,Down,Up,20,50,50,10,55.8743961352657,52.10828025477707,53.29113924050633,50.91025641025641,13,6c2og0cw,,,,,0
22,ilc2oqlq,,0,587,587,FinalPage,ThankYou,2026-09-16 09:15:34.214844,1,,,1222.22,2,,0.0,M_no_W_no,,,,,,,,,,,0,0,229,249,,,,,,,,,,,,,,,,,,,1,1,"9, 10",1,0.0,0.0,0.0,0.0,0.0,0,-1,-1,0,0,5,260.0,300.0,0,0,0.0,0.0,120.0,75.0,95.0,150.0,Down,Up,20,50,50,10,55.8743961352657,52.10828025477707,53.29113924050633,50.91025641025641,13,6c2og0cw,,,,,0
23,qcu0td0m,,0,587,587,FinalPage,ThankYou,2026-09-16 09:15:34.419332,1,,,500.0,3,,0.0,M_no_W_no,,,,,,,,,,,0,0,250,350,,,,,,,,,,,,,,,,,,,1,1,"9, 10",1,0.0,0.0,0.0,0.0,0.0,0,-1,1,0,0,5,260.0,300.0,0,0,0.0,0.0,120.0,75.0,95.0,150.0,Down,Up,20,50,50,10,55.8743961352657,52.10828025477707,53.29113924050633,50.91025641025641,13,6c2og0cw,,,,,0
24,zcjv164s,,0,587,587,FinalPage,ThankYou,2026-09-16 09:15:34.435074,1,,,1111.11,4,,0.0,M_no_W_no,,,,,,,,,,,0,0,260,280,,,,,,,,,,,,,,,,,,,1,1,"9, 10",1,0.0,0.0,0.0,0.0,0.0,0,0,-1,0,0,5,260.0,300.0,0,0,0.0,0.0,120.0,75.0,95.0,150.0,Down,Up,20,50,50,10,55.8743961352657,52.10828025477707,53.29113924050633,50.91025641025641,13,6c2og0cw,,,,,0
25,3g7fmbdb,,0,587,587,FinalPage,ThankYou,2026-09-16 09:15:34.780111,1,,,500.0,5,,0.0,M_no_W_no,,,,,,,,,,,0,0,285,310,,,,,,,,,,,,,,,,,,,1,1,"9, 10",1,0.0,0.0,0.0,0.0,0.0,0,1,1,0,0,5,260.0,300.0,0,0,0.0,0.0,120.0,75.0,95.0,150.0,Down,Up,20,50,50,10,55.8743961352657,52.10828025477707,53.29113924050633,50.91025641025641,13,6c2og0cw,,,,,0
1,o7pccht6,,0,587,587,FinalPage,ThankYou,2026-09-16 09:15:33.480125,1,,,1055.56,1,,0.0,M_no_W_no,,,,,,,,,,,0,0,160,170,,,,,,,,,,,,,,,,,,,1,1,"9, 10",1,0.0,0.0,0.0,0.0,0.0,0,1,-1,0,0,1,155.0,200.0,0,1,0.0,0.0,80.0,165.0,140.0,75.0,Up,Down,40,65,40,50,55.8743961352657,52.10828025477707,53.29113924050633,50.91025641025641,14,6c2og0cw,,,,,0
2,xlysi5bz,,0,587,587,FinalPage,ThankYou,2026-09-16 09:15:33.034876,1,,,1055.56,2,,0.0,M_no_W_no,,,,,,,,,,,0,0,110,190,,,,,,,,,,,,,,,,,,,1,1,"9, 10",1,0.0,0.0,0.0,0.0,0.0,0,-1,-1,0,0,1,155.0,200.0,0,1,0.0,0.0,80.0,165.0,140.0,75.0,Up,Down,40,65,40,50,55.8743961352657,52.10828025477707,53.29113924050633,50.91025641025641,14,6c2og0cw,,,,,0
3,ktzkk4b7,,0,587,587,FinalPage,ThankYou,2026-09-16 09:15:33.112004,1,,,1500.0,3,,0.0,M_no_W_no,,,,,,,,,,,0,0,155,200,,,,,,,,,,,,,,,,,,,1,1,"9, 10",1,0.0,0.0,0.0,0.0,0.0,0,0,0,0,0,1,155.0,200.0,0,1,0.0,0.0,80.0,165.0,140.0,75.0,Up,Down,40,65,40,50,55.8743961352657,52.10828025477707,53.29113924050633,50.91025641025641,14,6c2og0cw,,,,,0
4,unt4hlph,,0,587,587,FinalPage,ThankYou,2026-09-16 09:15:33.157371,1,,,388.89,4,,0.0,M_no_W_no,,,,,,,,,,,0,0,200,400,,,,,,,,,,,,,,,,,,,1,1,"9, 10",1,0.0,0.0,0.0,0.0,0.0,0,1,1,0,0,1,155.0,200.0,0,1,0.0,0.0,80.0,165.0,140.0,75.0,Up,Down,40,65,40,50,55.8743961352657,52.10828025477707,53.29113924050633,50.91025641025641,14,6c2og0cw,,,,,0
5,e3o1p3e6,,0,587,587,FinalPage,ThankYou,2026-09-16 09:15:33.166793,1,,,277.78,5,,0.0,M_no_W_no,,,,,,,,,,,0,0,120,300,,,,,,,,,,,,,,,,,,,1,1,"9, 10",1,0.0,0.0,0.0,0.0,0.0,0,-1,1,0,0,1,155.0,200.0,0,1,0.0,0.0,80.0,165.0,140.0,75.0,Up,Down,40,65,40,50,55.8743961352657,52.10828025477707,53.29113924050633,50.91025641025641,14,6c2og0cw,,,,,0
6,0nzm25g8,,0,587,587,FinalPage,ThankYou,2026-09-16 09:15:33.284650,1,,,222.22,1,,0.0,M_no_W_no,,,,,,,,,,,0,0,90,110,,,,,,,,,,,,,,,,,,,1,1,"9, 10",1,0.0,0.0,0.0,0.0,0.0,0,0,1,0,0,2,90.0,100.0,1,1,0.0,0.0,50.0,62.5,70.0,100.0,Down,Down,100,75,60,0,55.8743961352657,52.10828025477707,53.29113924050633,50.91025641025641,14,6c2og0cw,,,,,0
7,f8ff6plt,,0,587,587,FinalPage,ThankYou,2026-09-16 09:15:33.299313,1,,,666.67,2,,0.0,M_no_W_no,,,,,,,,,,,0,0,100,100,,,,,,,,,,,,,,,,,,,1,1,"9, 10",1,0.0,0.0,0.0,0.0,0.0,0,1,0,0,0,2,90.0,100.0,1,1,0.0,0.0,50.0,62.5,70.0,100.0,Down,Down,100,75,60,0,55.8743961352657,52.10828025477707,53.29113924050633,50.91025641025641,14,6c2og0cw,,,,,0
8,poc3kn08,,0,587,587,FinalPage,ThankYou,2026-09-16 09:15:33.366241,1,,,0.0,3,,0.0,M_no_W_no,,,,,,,,,,,0,0,113,108,,,,,,,,,,,,,,,,,,,1,1,"9, 10",1,0.0,0.0,0.0,0.0,0.0,0,1,1,0,0,2,90.0,100.0,1,1,0.0,0.0,50.0,62.5,70.0,100.0,Down,Down,100,75,60,0,55.8743961352657,52.10828025477707,53.29113924050633,50.91025641025641,14,6c2og0cw,,,,,0
9,z9zrwosz,,0,587,587,FinalPage,ThankYou,2026-09-16 09:15:33.376342,1,,,333.33,4,,0.0,M_no_W_no,,,,,,,,,,,0,0,80,90,,,,,,,,,,,,,,,,,,,1,1,"9, 10",1,0.0,0.0,0.0,0.0,0.0,0,-1,-1,0,0,2,90.0,100.0,1,1,0.0,0.0,50.0,62.5,70.0,100.0,Down,Down,100,75,60,0,55.8743961352657,52.10828025477707,53.29113924050633,50.91025641025641,14,6c2og0cw,,,,,0
10,yldmtmxh,,0,587,587,FinalPage,ThankYou,2026-09-16 09:15:33.385003,1,,,555.56,5,,0.0,M_no_W_no,,,,,,,,,,,0,0,85,94,,,,,,,,,,,,,,,,,,,1,1,"9, 10",1,0.0,0.0,0.0,0.0,0.0,0,-1,-1,0,0,2,90.0,100.0,1,1,0.0,0.0,50.0,62.5,70.0,100.0,Down,Down,100,75,60,0,55.8743961352657,52.10828025477707,53.29113924050633,50.91025641025641,14,6c2og0cw,,,,,0
11,bjw1ymg6,,0,587,587,FinalPage,ThankYou,2026-09-16 09:15:33.421363,1,,,833.33,1,,0.0,M_no_W_no,,,,,,,,,,,0,0,150,135,,,,,,,,,,,,,,,,,,,1,1,"9, 10",1,0.0,0.0,0.0,0.0,0.0,0,-1,-1,0,0,3,153.0,135.0,1,1,0.0,0.0,90.0,75.0,60.0,85.0,Down,Down,20,50,80,30,55.8743961352657,52.10828025477707,53.29113924050633,50.91025641025641,14,6c2og0cw,,,,,0
12,dxg47gml,,0,587,587,FinalPage,ThankYou,2026-09-16 09:15:33.491807,1,,,222.22,2,,0.0,M_no_W_no,,,,,,,,,,,0,0,101,110,,,,,,,,,,,,,,,,,,,1,1,"9, 10",1,0.0,0.0,0.0,0.0,0.0,0,-1,-1,0,0,3,153.0,135.0,1,1,0.0,0.0,90.0,75.0,60.0,85.0,Down,Down,20,50,80,30,55.8743961352657,52.10828025477707,53.29113924050633,50.91025641025641,14,6c2og0cw,,,,,0
13,t47t8m59,,0,587,587,FinalPage,ThankYou,2026-09-16 09:15:33.501171,1,,,55.56,3,,0.0,M_no_W_no,,,,,,,,,,,0,0,155,142,,,,,,,,,,,,,,,,,,,1,1,"9, 10",1,0.0,0.0,0.0,0.0,0.0,0,1,1,0,0,3,153.0,135.0,1,1,0.0,0.0,90.0,75.0,60.0,85.0,Down,Down,20,50,80,30,55.8743961352657,52.10828025477707,53.29113924050633,50.91025641025641,14,6c2og0cw,,,,,0
14,2epyouig,,0,587,587,FinalPage,ThankYou,2026-09-16 09:15:33.510000,1,,,500.0,4,,0.0,M_no_W_no,,,,,,,,,,,0,0,153,135,,,,,,,,,,,,,,,,,,,1,1,"9, 10",1,0.0,0.0,0.0,0.0,0.0,0,1,0,0,0,3,153.0,135.0,1,1,0.0,0.0,90.0,75.0,60.0,85.0,Down,Down,20,50,80,30,55.8743961352657,52.10828025477707,53.29113924050633,50.91025641025641,14,6c2og0cw,,,,,0
15,107rd682,,0,587,587,FinalPage,ThankYou,2026-09-16 09:15:33.545454,1,,,1000.0,5,,0.0,M_no_W_no,,,,,,,,,,,0,0,153,139,,,,,,,,,,,,,,,,,,,1,1,"9, 10",1,0.0,0.0,0.0,0.0,0.0,0,0,1,0,0,3,153.0,135.0,1,1,0.0,0.0,90.0,75.0,60.0,85.0,Down,Down,20,50,80,30,55.8743961352657,52.10828025477707,53.29113924050633,50.91025641025641,14,6c2og0cw,,,,,0
16,6xyzc64h,,0,587,587,FinalPage,ThankYou,2026-09-16 09:15:33.555344,1,,,0.0,1,,0.0,M_no_W_no,,,,,,,,,,,0,0,202,201,,,,,,,,,,,,,,,,,,,1,1,"9, 10",1,0.0,0.0,0.0,0.0,0.0,0,0,0,0,0,4,202.0,201.0,1,0,0.0,0.0,50.0,87.5,70.0,90.0,Down,Down,100,25,20,60,55.8743961352657,52.10828025477707,53.29113924050633,50.91025641025641,14,6c2og0cw,,,,,0
17,566nkyxt,,0,587,587,FinalPage,ThankYou,2026-09-16 09:15:33.934007,1,,,1166.67,2,,0.0,M_no_W_no,,,,,,,,,,,0,0,199,199,,,,,,,,,,,,,,,,,,,1,1,"9, 10",1,0.0,0.0,0.0,0.0,0.0,0,-1,-1,0,0,4,202.0,201.0,1,0,0.0,0.0,50.0,87.5,70.0,90.0,Down,Down,100,25,20,60,55.8743961352657,52.10828025477707,53.29113924050633,50.91025641025641,14,6c2og0cw,,,,,0
18,uv69jk1p,,0,587,587,FinalPage,ThankYou,2026-09-16 09:15:33.624429,1,,,0.0,3,,0.0,M_no_W_no,,,,,,,,,,,0,0,150,150,,,,,,,,,,,,,,,,,,,1,1,"9, 10",1,0.0,0.0,0.0,0.0,0.0,0,-1,-1,0,0,4,202.0,201.0,1,0,0.0,0.0,50.0,87.5,70.0,90.0,Down,Down,100,25,20,60,55.8743961352657,52.10828025477707,53.29113924050633,50.91025641025641,14,6c2og0cw,,,,,0
19,thfu25ei,,0,587,587,FinalPage,ThankYou,2026-09-16 09:15:33.841511,1,,,1166.67,4,,0.0,M_no_W_no,,,,,,,,,,,0,0,210,215,,,,,,,,,,,,,,,,,,,1,1,"9, 10",1,0.0,0.0,0.0,0.0,0.0,0,1,1,0,0,4,202.0,201.0,1,0,0.0,0.0,50.0,87.5,70.0,90.0,Down,Down,100,25,20,60,55.8743961352657,52.10828025477707,53.29113924050633,50.91025641025641,14,6c2og0cw,,,,,0
20,008uq8bs,,0,587,587,FinalPage,ThankYou,2026-09-16 09:15:33.850247,1,,,111.11,5,,0.0,M_no_W_no,,,,,,,,,,,0,0,210,210,,,,,,,,,,,,,,,,,,,1,1,"9, 10",1,0.0,0.0,0.0,0.0,0.0,0,1,1,0,0,4,202.0,201.0,1,0,0.0,0.0,50.0,87.5,70.0,90.0,Down,Down,100,25,20,60,55.8743961352657,52.10828025477707,53.29113924050633,50.91025641025641,14,6c2og0cw,,,,,0
21,o4da1gkl,,0,587,587,FinalPage,ThankYou,2026-09-16 09:15:34.223143,1,,,166.67,1,,0.0,M_no_W_no,,,,,,,,,,,0,0,250,300,,,,,,,,,,,,,,,,,,,1,1,"9, 10",1,0.0,0.0,0.0,0.0,0.0,0,-1,-1,0,0,5,250.0,310.0,0,0,0.0,0.0,120.0,75.0,95.0,150.0,Down,Up,20,50,50,10,55.8743961352657,52.10828025477707,53.29113924050633,50.91025641025641,14,6c2og0cw,,,,,0
22,ilc2oqlq,,0,587,587,FinalPage,ThankYou,2026-09-16 09:15:34.214844,1,,,1222.22,2,,0.0,M_no_W_no,,,,,,,,,,,0,0,229,269,,,,,,,,,,,,,,,,,,,1,1,"9, 10",1,0.0,0.0,0.0,0.0,0.0,0,-1,-1,0,0,5,250.0,310.0,0,0,0.0,0.0,120.0,75.0,95.0,150.0,Down,Up,20,50,50,10,55.8743961352657,52.10828025477707,53.29113924050633,50.91025641025641,14,6c2og0cw,,,,,0
23,qcu0td0m,,0,587,587,FinalPage,ThankYou,2026-09-16 09:15:34.419332,1,,,500.0,3,,0.0,M_no_W_no,,,,,,,,,,,0,0,250,350,,,,,,,,,,,,,,,,,,,1,1,"9, 10",1,0.0,0.0,0.0,0.0,0.0,0,1,1,0,0,5,250.0,310.0,0,0,0.0,0.0,120.0,75.0,95.0,150.0,Down,Up,20,50,50,10,55.8743961352657,52.10828025477707,53.29113924050633,50.91025641025641,14,6c2og0cw,,,,,0
24,zcjv164s,,0,587,587,FinalPage,ThankYou,2026-09-16 09:15:34.435074,1,,,1111.11,4,,0.0,M_no_W_no,,,,,,,,,,,0,0,250,310,,,,,,,,,,,,,,,,,,,1,1,"9, 10",1,0.0,0.0,0.0,0.0,0.0,0,0,0,0,0,5,250.0,310.0,0,0,0.0,0.0,120.0,75.0,95.0,150.0,Down,Up,20,50,50,10,55.8743961352657,52.10828025477707,53.29113924050633,50.91025641025641,14,6c2og0cw,,,,,0
25,3g7fmbdb,,0,587,587,FinalPage,ThankYou,2026-09-16 09:15:34.780111,1,,,500.0,5,,0.0,M_no_W_no,,,,,,,,,,,0,0,280,310,,,,,,,,,,,,,,,,,,,1,1,"9, 10",1,0.0,0.0,0.0,0.0,0.0,0,1,1,0,0,5,250.0,310.0,0,0,0.0,0.0,120.0,75.0,95.0,150.0,Down,Up,20,50,50,10,55.8743961352657,52.10828025477707,53.29113924050633,50.91025641025641,14,6c2og0cw,,,,,0
1,o7pccht6,,0,587,587,FinalPage,ThankYou,2026-09-16 09:15:33.480125,1,,,1055.56,1,,0.0,M_no_W_no,,,,,,,,,,,0,0,180,160,,,,,,,,,,,,,,,,,,,1,1,"9, 10",1,0.0,0.0,0.0,0.0,0.0,0,1,-1,0,0,1,175.0,175.0,0,1,0.0,0.0,80.0,165.0,140.0,75.0,Up,Down,40,65,40,50,55.8743961352657,52.10828025477707,53.29113924050633,50.91025641025641,15,6c2og0cw,,,,,0
2,xlysi5bz,,0,587,587,FinalPage,ThankYou,2026-09-16 09:15:33.034876,1,,,1055.56,2,,0.0,M_no_W_no,,,,,,,,,,,0,0,140,180,,,,,,,,,,,,,,,,,,,1,1,"9, 10",1,0.0,0.0,0.0,0.0,0.0,0,-1,1,0,0,1,175.0,175.0,0,1,0.0,0.0,80.0,165.0,140.0,75.0,Up,Down,40,65,40,50,55.8743961352657,52.10828025477707,53.29113924050633,50.91025641025641,15,6c2og0cw,,,,,0
3,ktzkk4b7,,0,587,587,FinalPage,ThankYou,2026-09-16 09:15:33.112004,1,,,1500.0,3,,0.0,M_no_W_no,,,,,,,,,,,0,0,175,245,,,,,,,,,,,,,,,,,,,1,1,"9, 10",1,0.0,0.0,0.0,0.0,0.0,0,-1,1,0,0,1,175.0,175.0,0,1,0.0,0.0,80.0,165.0,140.0,75.0,Up,Down,40,65,40,50,55.8743961352657,52.10828025477707,53.29113924050633,50.91025641025641,15,6c2og0cw,,,,,0
4,unt4hlph,,0,587,587,FinalPage,ThankYou,2026-09-16 09:15:33.157371,1,,,388.89,4,,0.0,M_no_W_no,,,,,,,,,,,0,0,200,150,,,,,,,,,,,,,,,,,,,1,1,"9, 10",1,0.0,0.0,0.0,0.0,0.0,0,1,-1,0,0,1,175.0,175.0,0,1,0.0,0.0,80.0,165.0,140.0,75.0,Up,Down,40,65,40,50,55.8743961352657,52.10828025477707,53.29113924050633,50.91025641025641,15,6c2og0cw,,,,,0
5,e3o1p3e6,,0,587,587,FinalPage,ThankYou,2026-09-16 09:15:33.166793,1,,,277.78,5,,0.0,M_no_W_no,,,,,,,,,,,0,0,175,175,,,,,,,,,,,,,,,,,,,1,1,"9, 10",1,0.0,0.0,0.0,0.0,0.0,0,0,0,0,0,1,175.0,175.0,0,1,0.0,0.0,80.0,165.0,140.0,75.0,Up,Down,40,65,40,50,55.8743961352657,52.10828025477707,53.29113924050633,50.91025641025641,15,6c2og0cw,,,,,0
6,0nzm25g8,,0,587,587,FinalPage,ThankYou,2026-09-16 09:15:33.284650,1,,,222.22,1,,0.0,M_no_W_no,,,,,,,,,,,0,0,110,80,,,,,,,,,,,,,,,,,,,1,1,"9, 10",1,0.0,0.0,0.0,0.0,0.0,0,1,-1,0,0,2,100.0,90.0,1,1,0.0,0.0,50.0,62.5,70.0,100.0,Down,Down,100,75,60,0,55.8743961352657,52.10828025477707,53.29113924050633,50.91025641025641,15,6c2og0cw,,,,,0
7,f8ff6plt,,0,587,587,FinalPage,ThankYou,2026-09-16 09:15:33.299313,1,,,666.67,2,,0.0,M_no_W_no,,,,,,,,,,,0,0,100,100,,,,,,,,,,,,,,,,,,,1,1,"9, 10",1,0.0,0.0,0.0,0.0,0.0,0,0,1,0,0,2,100.0,90.0,1,1,0.0,0.0,50.0,62.5,70.0,100.0,Down,Down,100,75,60,0,55.8743961352657,52.10828025477707,53.29113924050633,50.91025641025641,15,6c2og0cw,,,,,0
8,poc3kn08,,0,587,587,FinalPage,ThankYou,2026-09-16 09:15:33.366241,1,,,0.0,3,,0.0,M_no_W_no,,,,,,,,,,,0,0,100,100,,,,,,,,,,,,,,,,,,,1,1,"9, 10",1,0.0,0.0,0.0,0.0,0.0,0,1,1,0,0,2,100.0,90.0,1,1,0.0,0.0,50.0,62.5,70.0,100.0,Down,Down,100,75,60,0,55.8743961352657,52.10828025477707,53.29113924050633,50.91025641025641,15,6c2og0cw,,,,,0
9,z9zrwosz,,0,587,587,FinalPage,ThankYou,2026-09-16 09:15:33.376342,1,,,333.33,4,,0.0,M_no_W_no,,,,,,,,,,,0,0,90,90,,,,,,,,,,,,,,,,,,,1,1,"9, 10",1,0.0,0.0,0.0,0.0,0.0,0,-1,0,0,0,2,100.0,90.0,1,1,0.0,0.0,50.0,62.5,70.0,100.0,Down,Down,100,75,60,0,55.8743961352657,52.10828025477707,53.29113924050633,50.91025641025641,15,6c2og0cw,,,,,0
10,yldmtmxh,,0,587,587,FinalPage,ThankYou,2026-09-16 09:15:33.385003,1,,,555.56,5,,0.0,M_no_W_no,,,,,,,,,,,0,0,50,30,,,,,,,,,,,,,,,,,,,1,1,"9, 10",1,0.0,0.0,0.0,0.0,0.0,0,-1,-1,0,0,2,100.0,90.0,1,1,0.0,0.0,50.0,62.5,70.0,100.0,Down,Down,100,75,60,0,55.8743961352657,52.10828025477707,53.29113924050633,50.91025641025641,15,6c2og0cw,,,,,0
11,bjw1ymg6,,0,587,587,FinalPage,ThankYou,2026-09-16 09:15:33.421363,1,,,833.33,1,,0.0,M_no_W_no,,,,,,,,,,,0,0,148,130,,,,,,,,,,,,,,,,,,,1,1,"9, 10",1,0.0,0.0,0.0,0.0,0.0,0,-1,0,0,0,3,154.0,130.0,1,1,0.0,0.0,90.0,75.0,60.0,85.0,Down,Down,20,50,80,30,55.8743961352657,52.10828025477707,53.29113924050633,50.91025641025641,15,6c2og0cw,,,,,0
12,dxg47gml,,0,587,587,FinalPage,ThankYou,2026-09-16 09:15:33.491807,1,,,222.22,2,,0.0,M_no_W_no,,,,,,,,,,,0,0,100,100,,,,,,,,,,,,,,,,,,,1,1,"9, 10",1,0.0,0.0,0.0,0.0,0.0,0,-1,-1,0,0,3,154.0,130.0,1,1,0.0,0.0,90.0,75.0,60.0,85.0,Down,Down,20,50,80,30,55.8743961352657,52.10828025477707,53.29113924050633,50.91025641025641,15,6c2og0cw,,,,,0
13,t47t8m59,,0,587,587,FinalPage,ThankYou,2026-09-16 09:15:33.501171,1,,,55.56,3,,0.0,M_no_W_no,,,,,,,,,,,0,0,155,139,,,,,,,,,,,,,,,,,,,1,1,"9, 10",1,0.0,0.0,0.0,0.0,0.0,0,1,1,0,0,3,154.0,130.0,1,1,0.0,0.0,90.0,75.0,60.0,85.0,Down,Down,20,50,80,30,55.8743961352657,52.10828025477707,53.29113924050633,50.91025641025641,15,6c2og0cw,,,,,0
14,2epyouig,,0,587,587,FinalPage,ThankYou,2026-09-16 09:15:33.510000,1,,,500.0,4,,0.0,M_no_W_no,,,,,,,,,,,0,0,154,130,,,,,,,,,,,,,,,,,,,1,1,"9, 10",1,0.0,0.0,0.0,0.0,0.0,0,0,-1,0,0,3,154.0,130.0,1,1,0.0,0.0,90.0,75.0,60.0,85.0,Down,Down,20,50,80,30,55.8743961352657,52.10828025477707,53.29113924050633,50.91025641025641,15,6c2og0cw,,,,,0
15,107rd682,,0,587,587,FinalPage,ThankYou,2026-09-16 09:15:33.545454,1,,,1000.0,5,,0.0,M_no_W_no,,,,,,,,,,,0,0,160,136,,,,,,,,,,,,,,,,,,,1,1,"9, 10",1,0.0,0.0,0.0,0.0,0.0,0,1,1,0,0,3,154.0,130.0,1,1,0.0,0.0,90.0,75.0,60.0,85.0,Down,Down,20,50,80,30,55.8743961352657,52.10828025477707,53.29113924050633,50.91025641025641,15,6c2og0cw,,,,,0
16,6xyzc64h,,0,587,587,FinalPage,ThankYou,2026-09-16 09:15:33.555344,1,,,0.0,1,,0.0,M_no_W_no,,,,,,,,,,,0,0,206,206,,,,,,,,,,,,,,,,,,,1,1,"9, 10",1,0.0,0.0,0.0,0.0,0.0,0,1,0,0,0,4,204.0,206.0,1,0,0.0,0.0,50.0,87.5,70.0,90.0,Down,Down,100,25,20,60,55.8743961352657,52.10828025477707,53.29113924050633,50.91025641025641,15,6c2og0cw,,,,,0
17,566nkyxt,,0,587,587,FinalPage,ThankYou,2026-09-16 09:15:33.934007,1,,,1166.67,2,,0.0,M_no_W_no,,,,,,,,,,,0,0,195,195,,,,,,,,,,,,,,,,,,,1,1,"9, 10",1,0.0,0.0,0.0,0.0,0.0,0,-1,-1,0,0,4,204.0,206.0,1,0,0.0,0.0,50.0,87.5,70.0,90.0,Down,Down,100,25,20,60,55.8743961352657,52.10828025477707,53.29113924050633,50.91025641025641,15,6c2og0cw,,,,,0
18,uv69jk1p,,0,587,587,FinalPage,ThankYou,2026-09-16 09:15:33.624429,1,,,0.0,3,,0.0,M_no_W_no,,,,,,,,,,,0,0,200,200,,,,,,,,,,,,,,,,,,,1,1,"9, 10",1,0.0,0.0,0.0,0.0,0.0,0,-1,-1,0,0,4,204.0,206.0,1,0,0.0,0.0,50.0,87.5,70.0,90.0,Down,Down,100,25,20,60,55.8743961352657,52.10828025477707,53.29113924050633,50.91025641025641,15,6c2og0cw,,,,,0
19,thfu25ei,,0,587,587,FinalPage,ThankYou,2026-09-16 09:15:33.841511,1,,,1166.67,4,,0.0,M_no_W_no,,,,,,,,,,,0,0,204,206,,,,,,,,,,,,,,,,,,,1,1,"9, 10",1,0.0,0.0,0.0,0.0,0.0,0,0,1,0,0,4,204.0,206.0,1,0,0.0,0.0,50.0,87.5,70.0,90.0,Down,Down,100,25,20,60,55.8743961352657,52.10828025477707,53.29113924050633,50.91025641025641,15,6c2og0cw,,,,,0
20,008uq8bs,,0,587,587,FinalPage,ThankYou,2026-09-16 09:15:33.850247,1,,,111.11,5,,0.0,M_no_W_no,,,,,,,,,,,0,0,205,206,,,,,,,,,,,,,,,,,,,1,1,"9, 10",1,0.0,0.0,0.0,0.0,0.0,0,1,1,0,0,4,204.0,206.0,1,0,0.0,0.0,50.0,87.5,70.0,90.0,Down,Down,100,25,20,60,55.8743961352657,52.10828025477707,53.29113924050633,50.91025641025641,15,6c2og0cw,,,,,0
21,o4da1gkl,,0,587,587,FinalPage,ThankYou,2026-09-16 09:15:34.223143,1,,,166.67,1,,0.0,M_no_W_no,,,,,,,,,,,0,0,275,325,,,,,,,,,,,,,,,,,,,1,1,"9, 10",1,0.0,0.0,0.0,0.0,0.0,0,1,1,0,0,5,229.0,313.0,0,0,0.0,0.0,120.0,75.0,95.0,150.0,Down,Up,20,50,50,10,55.8743961352657,52.10828025477707,53.29113924050633,50.91025641025641,15,6c2og0cw,,,,,0
22,ilc2oqlq,,0,587,587,FinalPage,ThankYou,2026-09-16 09:15:34.214844,1,,,1222.22,2,,0.0,M_no_W_no,,,,,,,,,,,0,0,229,269,,,,,,,,,,,,,,,,,,,1,1,"9, 10",1,0.0,0.0,0.0,0.0,0.0,0,0,-1,0,0,5,229.0,313.0,0,0,0.0,0.0,120.0,75.0,95.0,150.0,Down,Up,20,50,50,10,55.8743961352657,52.10828025477707,53.29113924050633,50.91025641025641,15,6c2og0cw,,,,,0
23,qcu0td0m,,0,587,587,FinalPage,ThankYou,2026-09-16 09:15:34.419332,1,,,500.0,3,,0.0,M_no_W_no,,,,,,,,,,,0,0,200,400,,,,,,,,,,,,,,,,,,,1,1,"9, 10",1,0.0,0.0,0.0,0.0,0.0,0,-1,1,0,0,5,229.0,313.0,0,0,0.0,0.0,120.0,75.0,95.0,150.0,Down,Up,20,50,50,10,55.8743961352657,52.10828025477707,53.29113924050633,50.91025641025641,15,6c2og0cw,,,,,0
24,zcjv164s,,0,587,587,FinalPage,ThankYou,2026-09-16 09:15:34.435074,1,,,1111.11,4,,0.0,M_no_W_no,,,,,,,,,,,0,0,220,220,,,,,,,,,,,,,,,,,,,1,1,"9, 10",1,0.0,0.0,0.0,0.0,0.0,0,-1,-1,0,0,5,229.0,313.0,0,0,0.0,0.0,120.0,75.0,95.0,150.0,Down,Up,20,50,50,10,55.8743961352657,52.10828025477707,53.29113924050633,50.91025641025641,15,6c2og0cw,,,,,0
25,3g7fmbdb,,0,587,587,FinalPage,ThankYou,2026-09-16 09:15:34.780111,1,,,500.0,5,,0.0,M_no_W_no,,,,,,,,,,,0,0,270,313,,,,,,,,,,,,,,,,,,,1,1,"9, 10",1,0.0,0.0,0.0,0.0,0.0,0,1,0,0,0,5,229.0,313.0,0,0,0.0,0.0,120.0,75.0,95.0,150.0,Down,Up,20,50,50,10,55.8743961352657,52.10828025477707,53.29113924050633,50.91025641025641,15,6c2og0cw,,,,,0
1,o7pccht6,,0,587,587,FinalPage,ThankYou,2026-09-16 09:15:33.480125,1,,,1055.56,1,,0.0,M_no_W_no,,,,,,,,,,,0,0,190,180,,,,,,,,,,,,,,,,,,,1,1,"9, 10",1,0.0,0.0,0.0,0.0,0.0,0,0,0,0,0,1,190.0,180.0,0,1,0.0,0.0,80.0,165.0,140.0,75.0,Up,Down,40,65,40,50,55.8743961352657,52.10828025477707,53.29113924050633,50.91025641025641,16,6c2og0cw,,,,,0
2,xlysi5bz,,0,587,587,FinalPage,ThankYou,2026-09-16 09:15:33.034876,1,,,1055.56,2,,0.0,M_no_W_no,,,,,,,,,,,0,0,140,155,,,,,,,,,,,,,,,,,,,1,1,"9, 10",1,0.0,0.0,0.0,0.0,0.0,0,-1,-1,0,0,1,190.0,180.0,0,1,0.0,0.0,80.0,165.0,140.0,75.0,Up,Down,40,65,40,50,55.8743961352657,52.10828025477707,53.29113924050633,50.91025641025641,16,6c2og0cw,,,,,0
3,ktzkk4b7,,0,587,587,FinalPage,ThankYou,2026-09-16 09:15:33.112004,1,,,1500.0,3,,0.0,M_no_W_no,,,,,,,,,,,0,0,175,235,,,,,,,,,,,,,,,,,,,1,1,"9, 10",1,0.0,0.0,0.0,0.0,0.0,0,-1,1,0,0,1,190.0,180.0,0,1,0.0,0.0,80.0,165.0,140.0,75.0,Up,Down,40,65,40,50,55.8743961352657,52.10828025477707,53.29113924050633,50.91025641025641,16,6c2og0cw,,,,,0
4,unt4hlph,,0,587,587,FinalPage,ThankYou,2026-09-16 09:15:33.157371,1,,,388.89,4,,0.0,M_no_W_no,,,,,,,,,,,0,0,200,150,,,,,,,,,,,,,,,,,,,1,1,"9, 10",1,0.0,0.0,0.0,0.0,0.0,0,1,-1,0,0,1,190.0,180.0,0,1,0.0,0.0,80.0,165.0,140.0,75.0,Up,Down,40,65,40,50,55.8743961352657,52.10828025477707,53.29113924050633,50.91025641025641,16,6c2og0cw,,,,,0
5,e3o1p3e6,,0,587,587,FinalPage,ThankYou,2026-09-16 09:15:33.166793,1,,,277.78,5,,0.0,M_no_W_no,,,,,,,,,,,0,0,200,200,,,,,,,,,,,,,,,,,,,1,1,"9, 10",1,0.0,0.0,0.0,0.0,0.0,0,1,1,0,0,1,190.0,180.0,0,1,0.0,0.0,80.0,165.0,140.0,75.0,Up,Down,40,65,40,50,55.8743961352657,52.10828025477707,53.29113924050633,50.91025641025641,16,6c2og0cw,,,,,0
6,0nzm25g8,,0,587,587,FinalPage,ThankYou,2026-09-16 09:15:33.284650,1,,,222.22,1,,0.0,M_no_W_no,,,,,,,,,,,0,0,80,110,,,,,,,,,,,,,,,,,,,1,1,"9, 10",1,0.0,0.0,0.0,0.0,0.0,0,-1,1,0,0,2,100.0,80.0,1,1,0.0,0.0,50.0,62.5,70.0,100.0,Down,Down,100,75,60,0,55.8743961352657,52.10828025477707,53.29113924050633,50.91025641025641,16,6c2og0cw,,,,,0
7,f8ff6plt,,0,587,587,FinalPage,ThankYou,2026-09-16 09:15:33.299313,1,,,666.67,2,,0.0,M_no_W_no,,,,,,,,,,,0,0,100,100,,,,,,,,,,,,,,,,,,,1,1,"9, 10",1,0.0,0.0,0.0,0.0,0.0,0,0,1,0,0,2,100.0,80.0,1,1,0.0,0.0,50.0,62.5,70.0,100.0,Down,Down,100,75,60,0,55.8743961352657,52.10828025477707,53.29113924050633,50.91025641025641,16,6c2og0cw,,,,,0
8,poc3kn08,,0,587,587,FinalPage,ThankYou,2026-09-16 09:15:33.366241,1,,,0.0,3,,0.0,M_no_W_no,,,,,,,,,,,0,0,70,70,,,,,,,,,,,,,,,,,,,1,1,"9, 10",1,0.0,0.0,0.0,0.0,0.0,0,-1,-1,0,0,2,100.0,80.0,1,1,0.0,0.0,50.0,62.5,70.0,100.0,Down,Down,100,75,60,0,55.8743961352657,52.10828025477707,53.29113924050633,50.91025641025641,16,6c2og0cw,,,,,0
9,z9zrwosz,,0,587,587,FinalPage,ThankYou,2026-09-16 09:15:33.376342,1,,,333.33,4,,0.0,M_no_W_no,,,,,,,,,,,0,0,100,80,,,,,,,,,,,,,,,,,,,1,1,"9, 10",1,0.0,0.0,0.0,0.0,0.0,0,1,0,0,0,2,100.0,80.0,1,1,0.0,0.0,50.0,62.5,70.0,100.0,Down,Down,100,75,60,0,55.8743961352657,52.10828025477707,53.29113924050633,50.91025641025641,16,6c2og0cw,,,,,0
10,yldmtmxh,,0,587,587,FinalPage,ThankYou,2026-09-16 09:15:33.385003,1,,,555.56,5,,0.0,M_no_W_no,,,,,,,,,,,0,0,110,25,,,,,,,,,,,,,,,,,,,1,1,"9, 10",1,0.0,0.0,0.0,0.0,0.0,0,1,-1,0,0,2,100.0,80.0,1,1,0.0,0.0,50.0,62.5,70.0,100.0,Down,Down,100,75,60,0,55.8743961352657,52.10828025477707,53.29113924050633,50.91025641025641,16,6c2og0cw,,,,,0
11,bjw1ymg6,,0,587,587,FinalPage,ThankYou,2026-09-16 09:15:33.421363,1,,,833.33,1,,0.0,M_no_W_no,,,,,,,,,,,0,0,148,128,,,,,,,,,,,,,,,,,,,1,1,"9, 10",1,0.0,0.0,0.0,0.0,0.0,0,-1,0,0,0,3,155.0,128.0,1,1,0.0,0.0,90.0,75.0,60.0,85.0,Down,Down,20,50,80,30,55.8743961352657,52.10828025477707,53.29113924050633,50.91025641025641,16,6c2og0cw,,,,,0
12,dxg47gml,,0,587,587,FinalPage,ThankYou,2026-09-16 09:15:33.491807,1,,,222.22,2,,0.0,M_no_W_no,,,,,,,,,,,0,0,100,100,,,,,,,,,,,,,,,,,,,1,1,"9, 10",1,0.0,0.0,0.0,0.0,0.0,0,-1,-1,0,0,3,155.0,128.0,1,1,0.0,0.0,90.0,75.0,60.0,85.0,Down,Down,20,50,80,30,55.8743961352657,52.10828025477707,53.29113924050633,50.91025641025641,16,6c2og0cw,,,,,0
13,t47t8m59,,0,587,587,FinalPage,ThankYou,2026-09-16 09:15:33.501171,1,,,55.56,3,,0.0,M_no_W_no,,,,,,,,,,,0,0,157,132,,,,,,,,,,,,,,,,,,,1,1,"9, 10",1,0.0,0.0,0.0,0.0,0.0,0,1,1,0,0,3,155.0,128.0,1,1,0.0,0.0,90.0,75.0,60.0,85.0,Down,Down,20,50,80,30,55.8743961352657,52.10828025477707,53.29113924050633,50.91025641025641,16,6c2og0cw,,,,,0
14,2epyouig,,0,587,587,FinalPage,ThankYou,2026-09-16 09:15:33.510000,1,,,500.0,4,,0.0,M_no_W_no,,,,,,,,,,,0,0,156,127,,,,,,,,,,,,,,,,,,,1,1,"9, 10",1,0.0,0.0,0.0,0.0,0.0,0,1,-1,0,0,3,155.0,128.0,1,1,0.0,0.0,90.0,75.0,60.0,85.0,Down,Down,20,50,80,30,55.8743961352657,52.10828025477707,53.29113924050633,50.91025641025641,16,6c2og0cw,,,,,0
15,107rd682,,0,587,587,FinalPage,ThankYou,2026-09-16 09:15:33.545454,1,,,1000.0,5,,0.0,M_no_W_no,,,,,,,,,,,0,0,155,131,,,,,,,,,,,,,,,,,,,1,1,"9, 10",1,0.0,0.0,0.0,0.0,0.0,0,0,1,0,0,3,155.0,128.0,1,1,0.0,0.0,90.0,75.0,60.0,85.0,Down,Down,20,50,80,30,55.8743961352657,52.10828025477707,53.29113924050633,50.91025641025641,16,6c2og0cw,,,,,0
16,6xyzc64h,,0,587,587,FinalPage,ThankYou,2026-09-16 09:15:33.555344,1,,,0.0,1,,0.0,M_no_W_no,,,,,,,,,,,0,0,201,208,,,,,,,,,,,,,,,,,,,1,1,"9, 10",1,0.0,0.0,0.0,0.0,0.0,0,0,1,0,0,4,201.0,205.0,1,0,0.0,0.0,50.0,87.5,70.0,90.0,Down,Down,100,25,20,60,55.8743961352657,52.10828025477707,53.29113924050633,50.91025641025641,16,6c2og0cw,,,,,0
17,566nkyxt,,0,587,587,FinalPage,ThankYou,2026-09-16 09:15:33.934007,1,,,1166.67,2,,0.0,M_no_W_no,,,,,,,,,,,0,0,199,199,,,,,,,,,,,,,,,,,,,1,1,"9, 10",1,0.0,0.0,0.0,0.0,0.0,0,-1,-1,0,0,4,201.0,205.0,1,0,0.0,0.0,50.0,87.5,70.0,90.0,Down,Down,100,25,20,60,55.8743961352657,52.10828025477707,53.29113924050633,50.91025641025641,16,6c2og0cw,,,,,0
18,uv69jk1p,,0,587,587,FinalPage,ThankYou,2026-09-16 09:15:33.624429,1,,,0.0,3,,0.0,M_no_W_no,,,,,,,,,,,0,0,200,200,,,,,,,,,,,,,,,,,,,1,1,"9, 10",1,0.0,0.0,0.0,0.0,0.0,0,-1,-1,0,0,4,201.0,205.0,1,0,0.0,0.0,50.0,87.5,70.0,90.0,Down,Down,100,25,20,60,55.8743961352657,52.10828025477707,53.29113924050633,50.91025641025641,16,6c2og0cw,,,,,0
19,thfu25ei,,0,587,587,FinalPage,ThankYou,2026-09-16 09:15:33.841511,1,,,1166.67,4,,0.0,M_no_W_no,,,,,,,,,,,0,0,205,205,,,,,,,,,,,,,,,,,,,1,1,"9, 10",1,0.0,0.0,0.0,0.0,0.0,0,1,0,0,0,4,201.0,205.0,1,0,0.0,0.0,50.0,87.5,70.0,90.0,Down,Down,100,25,20,60,55.8743961352657,52.10828025477707,53.29113924050633,50.91025641025641,16,6c2og0cw,,,,,0
20,008uq8bs,,0,587,587,FinalPage,ThankYou,2026-09-16 09:15:33.850247,1,,,111.11,5,,0.0,M_no_W_no,,,,,,,,,,,0,0,206,207,,,,,,,,,,,,,,,,,,,1,1,"9, 10",1,0.0,0.0,0.0,0.0,0.0,0,1,1,0,0,4,201.0,205.0,1,0,0.0,0.0,50.0,87.5,70.0,90.0,Down,Down,100,25,20,60,55.8743961352657,52.10828025477707,53.29113924050633,50.91025641025641,16,6c2og0cw,,,,,0
21,o4da1gkl,,0,587,587,FinalPage,ThankYou,2026-09-16 09:15:34.223143,1,,,166.67,1,,0.0,M_no_W_no,,,,,,,,,,,0,0,250,300,,,,,,,,,,,,,,,,,,,1,1,"9, 10",1,0.0,0.0,0.0,0.0,0.0,0,1,0,0,0,5,240.0,300.0,0,0,0.0,0.0,120.0,75.0,95.0,150.0,Down,Up,20,50,50,10,55.8743961352657,52.10828025477707,53.29113924050633,50.91025641025641,16,6c2og0cw,,,,,0
22,ilc2oqlq,,0,587,587,FinalPage,ThankYou,2026-09-16 09:15:34.214844,1,,,1222.22,2,,0.0,M_no_W_no,,,,,,,,,,,0,0,218,279,,,,,,,,,,,,,,,,,,,1,1,"9, 10",1,0.0,0.0,0.0,0.0,0.0,0,-1,-1,0,0,5,240.0,300.0,0,0,0.0,0.0,120.0,75.0,95.0,150.0,Down,Up,20,50,50,10,55.8743961352657,52.10828025477707,53.29113924050633,50.91025641025641,16,6c2og0cw,,,,,0
23,qcu0td0m,,0,587,587,FinalPage,ThankYou,2026-09-16 09:15:34.419332,1,,,500.0,3,,0.0,M_no_W_no,,,,,,,,,,,0,0,240,360,,,,,,,,,,,,,,,,,,,1,1,"9, 10",1,0.0,0.0,0.0,0.0,0.0,0,0,1,0,0,5,240.0,300.0,0,0,0.0,0.0,120.0,75.0,95.0,150.0,Down,Up,20,50,50,10,55.8743961352657,52.10828025477707,53.29113924050633,50.91025641025641,16,6c2og0cw,,,,,0
24,zcjv164s,,0,587,587,FinalPage,ThankYou,2026-09-16 09:15:34.435074,1,,,1111.11,4,,0.0,M_no_W_no,,,,,,,,,,,0,0,239,290,,,,,,,,,,,,,,,,,,,1,1,"9, 10",1,0.0,0.0,0.0,0.0,0.0,0,-1,-1,0,0,5,240.0,300.0,0,0,0.0,0.0,120.0,75.0,95.0,150.0,Down,Up,20,50,50,10,55.8743961352657,52.10828025477707,53.29113924050633,50.91025641025641,16,6c2og0cw,,,,,0
25,3g7fmbdb,,0,587,587,FinalPage,ThankYou,2026-09-16 09:15:34.780111,1,,,500.0,5,,0.0,M_no_W_no,,,,,,,,,,,0,0,250,330,,,,,,,,,,,,,,,,,,,1,1,"9, 10",1,0.0,0.0,0.0,0.0,0.0,0,1,1,0,0,5,240.0,300.0,0,0,0.0,0.0,120.0,75.0,95.0,150.0,Down,Up,20,50,50,10,55.8743961352657,52.10828025477707,53.29113924050633,50.91025641025641,16,6c2og0cw,,,,,0
1,o7pccht6,,0,587,587,FinalPage,ThankYou,2026-09-16 09:15:33.480125,1,,,1055.56,1,,0.0,M_no_W_no,,,,,,,,,,,0,0,190,173,,,,,,,,,,,,,,,,,,,1,1,"9, 10",1,0.0,0.0,0.0,0.0,0.0,0,0,0,0,0,1,190.0,173.0,0,1,0.0,0.0,80.0,165.0,140.0,75.0,Up,Down,40,65,40,50,55.8743961352657,52.10828025477707,53.29113924050633,50.91025641025641,17,6c2og0cw,,,,,0
2,xlysi5bz,,0,587,587,FinalPage,ThankYou,2026-09-16 09:15:33.034876,1,,,1055.56,2,,0.0,M_no_W_no,,,,,,,,,,,0,0,160,160,,,,,,,,,,,,,,,,,,,1,1,"9, 10",1,0.0,0.0,0.0,0.0,0.0,0,-1,-1,0,0,1,190.0,173.0,0,1,0.0,0.0,80.0,165.0,140.0,75.0,Up,Down,40,65,40,50,55.8743961352657,52.10828025477707,53.29113924050633,50.91025641025641,17,6c2og0cw,,,,,0
3,ktzkk4b7,,0,587,587,FinalPage,ThankYou,2026-09-16 09:15:33.112004,1,,,1500.0,3,,0.0,M_no_W_no,,,,,,,,,,,0,0,175,215,,,,,,,,,,,,,,,,,,,1,1,"9, 10",1,0.0,0.0,0.0,0.0,0.0,0,-1,1,0,0,1,190.0,173.0,0,1,0.0,0.0,80.0,165.0,140.0,75.0,Up,Down,40,65,40,50,55.8743961352657,52.10828025477707,53.29113924050633,50.91025641025641,17,6c2og0cw,,,,,0
4,unt4hlph,,0,587,587,FinalPage,ThankYou,2026-09-16 09:15:33.157371,1,,,388.89,4,,0.0,M_no_W_no,,,,,,,,,,,0,0,200,200,,,,,,,,,,,,,,,,,,,1,1,"9, 10",1,0.0,0.0,0.0,0.0,0.0,0,1,1,0,0,1,190.0,173.0,0,1,0.0,0.0,80.0,165.0,140.0,75.0,Up,Down,40,65,40,50,55.8743961352657,52.10828025477707,53.29113924050633,50.91025641025641,17,6c2og0cw,,,,,0
5,e3o1p3e6,,0,587,587,FinalPage,ThankYou,2026-09-16 09:15:33.166793,1,,,277.78,5,,0.0,M_no_W_no,,,,,,,,,,,0,0,200,160,,,,,,,,,,,,,,,,,,,1,1,"9, 10",1,0.0,0.0,0.0,0.0,0.0,0,1,-1,0,0,1,190.0,173.0,0,1,0.0,0.0,80.0,165.0,140.0,75.0,Up,Down,40,65,40,50,55.8743961352657,52.10828025477707,53.29113924050633,50.91025641025641,17,6c2og0cw,,,,,0
6,0nzm25g8,,0,587,587,FinalPage,ThankYou,2026-09-16 09:15:33.284650,1,,,222.22,1,,0.0,M_no_W_no,,,,,,,,,,,0,0,80,100,,,,,,,,,,,,,,,,,,,1,1,"9, 10",1,0.0,0.0,0.0,0.0,0.0,0,-1,1,0,0,2,100.0,100.0,1,1,0.0,0.0,50.0,62.5,70.0,100.0,Down,Down,100,75,60,0,55.8743961352657,52.10828025477707,53.29113924050633,50.91025641025641,17,6c2og0cw,,,,,0
7,f8ff6plt,,0,587,587,FinalPage,ThankYou,2026-09-16 09:15:33.299313,1,,,666.67,2,,0.0,M_no_W_no,,,,,,,,,,,0,0,100,100,,,,,,,,,,,,,,,,,,,1,1,"9, 10",1,0.0,0.0,0.0,0.0,0.0,0,0,0,0,0,2,100.0,100.0,1,1,0.0,0.0,50.0,62.5,70.0,100.0,Down,Down,100,75,60,0,55.8743961352657,52.10828025477707,53.29113924050633,50.91025641025641,17,6c2og0cw,,,,,0
8,poc3kn08,,0,587,587,FinalPage,ThankYou,2026-09-16 09:15:33.366241,1,,,0.0,3,,0.0,M_no_W_no,,,,,,,,,,,0,0,113,113,,,,,,,,,,,,,,,,,,,1,1,"9, 10",1,0.0,0.0,0.0,0.0,0.0,0,1,1,0,0,2,100.0,100.0,1,1,0.0,0.0,50.0,62.5,70.0,100.0,Down,Down,100,75,60,0,55.8743961352657,52.10828025477707,53.29113924050633,50.91025641025641,17,6c2og0cw,,,,,0
9,z9zrwosz,,0,587,587,FinalPage,ThankYou,2026-09-16 09:15:33.376342,1,,,333.33,4,,0.0,M_no_W_no,,,,,,,,,,,0,0,50,90,,,,,,,,,,,,,,,,,,,1,1,"9, 10",1,0.0,0.0,0.0,0.0,0.0,0,-1,-1,0,0,2,100.0,100.0,1,1,0.0,0.0,50.0,62.5,70.0,100.0,Down,Down,100,75,60,0,55.8743961352657,52.10828025477707,53.29113924050633,50.91025641025641,17,6c2og0cw,,,,,0
10,yldmtmxh,,0,587,587,FinalPage,ThankYou,2026-09-16 09:15:33.385003,1,,,555.56,5,,0.0,M_no_W_no,,,,,,,,,,,0,0,101,90,,,,,,,,,,,,,,,,,,,1,1,"9, 10",1,0.0,0.0,0.0,0.0,0.0,0,1,-1,0,0,2,100.0,100.0,1,1,0.0,0.0,50.0,62.5,70.0,100.0,Down,Down,100,75,60,0,55.8743961352657,52.10828025477707,53.29113924050633,50.91025641025641,17,6c2og0cw,,,,,0
11,bjw1ymg6,,0,587,587,FinalPage,ThankYou,2026-09-16 09:15:33.421363,1,,,833.33,1,,0.0,M_no_W_no,,,,,,,,,,,0,0,150,125,,,,,,,,,,,,,,,,,,,1,1,"9, 10",1,0.0,0.0,0.0,0.0,0.0,0,-1,0,0,0,3,156.0,125.0,1,1,0.0,0.0,90.0,75.0,60.0,85.0,Down,Down,20,50,80,30,55.8743961352657,52.10828025477707,53.29113924050633,50.91025641025641,17,6c2og0cw,,,,,0
12,dxg47gml,,0,587,587,FinalPage,ThankYou,2026-09-16 09:15:33.491807,1,,,222.22,2,,0.0,M_no_W_no,,,,,,,,,,,0,0,80,80,,,,,,,,,,,,,,,,,,,1,1,"9, 10",1,0.0,0.0,0.0,0.0,0.0,0,-1,-1,0,0,3,156.0,125.0,1,1,0.0,0.0,90.0,75.0,60.0,85.0,Down,Down,20,50,80,30,55.8743961352657,52.10828025477707,53.29113924050633,50.91025641025641,17,6c2og0cw,,,,,0
13,t47t8m59,,0,587,587,FinalPage,ThankYou,2026-09-16 09:15:33.501171,1,,,55.56,3,,0.0,M_no_W_no,,,,,,,,,,,0,0,157,131,,,,,,,,,,,,,,,,,,,1,1,"9, 10",1,0.0,0.0,0.0,0.0,0.0,0,1,1,0,0,3,156.0,125.0,1,1,0.0,0.0,90.0,75.0,60.0,85.0,Down,Down,20,50,80,30,55.8743961352657,52.10828025477707,53.29113924050633,50.91025641025641,17,6c2og0cw,,,,,0
14,2epyouig,,0,587,587,FinalPage,ThankYou,2026-09-16 09:15:33.510000,1,,,500.0,4,,0.0,M_no_W_no,,,,,,,,,,,0,0,156,125,,,,,,,,,,,,,,,,,,,1,1,"9, 10",1,0.0,0.0,0.0,0.0,0.0,0,1,-1,0,0,3,156.0,125.0,1,1,0.0,0.0,90.0,75.0,60.0,85.0,Down,Down,20,50,80,30,55.8743961352657,52.10828025477707,53.29113924050633,50.91025641025641,17,6c2og0cw,,,,,0
15,107rd682,,0,587,587,FinalPage,ThankYou,2026-09-16 09:15:33.545454,1,,,1000.0,5,,0.0,M_no_W_no,,,,,,,,,,,0,0,156,129,,,,,,,,,,,,,,,,,,,1,1,"9, 10",1,0.0,0.0,0.0,0.0,0.0,0,0,1,0,0,3,156.0,125.0,1,1,0.0,0.0,90.0,75.0,60.0,85.0,Down,Down,20,50,80,30,55.8743961352657,52.10828025477707,53.29113924050633,50.91025641025641,17,6c2og0cw,,,,,0
16,6xyzc64h,,0,587,587,FinalPage,ThankYou,2026-09-16 09:15:33.555344,1,,,0.0,1,,0.0,M_no_W_no,,,,,,,,,,,0,0,206,203,,,,,,,,,,,,,,,,,,,1,1,"9, 10",1,0.0,0.0,0.0,0.0,0.0,0,1,0,0,0,4,202.0,203.0,1,0,0.0,0.0,50.0,87.5,70.0,90.0,Down,Down,100,25,20,60,55.8743961352657,52.10828025477707,53.29113924050633,50.91025641025641,17,6c2og0cw,,,,,0
17,566nkyxt,,0,587,587,FinalPage,ThankYou,2026-09-16 09:15:33.934007,1,,,1166.67,2,,0.0,M_no_W_no,,,,,,,,,,,0,0,200,200,,,,,,,,,,,,,,,,,,,1,1,"9, 10",1,0.0,0.0,0.0,0.0,0.0,0,-1,-1,0,0,4,202.0,203.0,1,0,0.0,0.0,50.0,87.5,70.0,90.0,Down,Down,100,25,20,60,55.8743961352657,52.10828025477707,53.29113924050633,50.91025641025641,17,6c2og0cw,,,,,0
18,uv69jk1p,,0,587,587,FinalPage,ThankYou,2026-09-16 09:15:33.624429,1,,,0.0,3,,0.0,M_no_W_no,,,,,,,,,,,0,0,198,200,,,,,,,,,,,,,,,,,,,1,1,"9, 10",1,0.0,0.0,0.0,0.0,0.0,0,-1,-1,0,0,4,202.0,203.0,1,0,0.0,0.0,50.0,87.5,70.0,90.0,Down,Down,100,25,20,60,55.8743961352657,52.10828025477707,53.29113924050633,50.91025641025641,17,6c2og0cw,,,,,0
19,thfu25ei,,0,587,587,FinalPage,ThankYou,2026-09-16 09:15:33.841511,1,,,1166.67,4,,0.0,M_no_W_no,,,,,,,,,,,0,0,210,208,,,,,,,,,,,,,,,,,,,1,1,"9, 10",1,0.0,0.0,0.0,0.0,0.0,0,1,1,0,0,4,202.0,203.0,1,0,0.0,0.0,50.0,87.5,70.0,90.0,Down,Down,100,25,20,60,55.8743961352657,52.10828025477707,53.29113924050633,50.91025641025641,17,6c2og0cw,,,,,0
20,008uq8bs,,0,587,587,FinalPage,ThankYou,2026-09-16 09:15:33.850247,1,,,111.11,5,,0.0,M_no_W_no,,,,,,,,,,,0,0,202,206,,,,,,,,,,,,,,,,,,,1,1,"9, 10",1,0.0,0.0,0.0,0.0,0.0,0,0,1,0,0,4,202.0,203.0,1,0,0.0,0.0,50.0,87.5,70.0,90.0,Down,Down,100,25,20,60,55.8743961352657,52.10828025477707,53.29113924050633,50.91025641025641,17,6c2og0cw,,,,,0
21,o4da1gkl,,0,587,587,FinalPage,ThankYou,2026-09-16 09:15:34.223143,1,,,166.67,1,,0.0,M_no_W_no,,,,,,,,,,,0,0,200,300,,,,,,,,,,,,,,,,,,,1,1,"9, 10",1,0.0,0.0,0.0,0.0,0.0,0,-1,0,0,0,5,231.0,300.0,0,0,0.0,0.0,120.0,75.0,95.0,150.0,Down,Up,20,50,50,10,55.8743961352657,52.10828025477707,53.29113924050633,50.91025641025641,17,6c2og0cw,,,,,0
22,ilc2oqlq,,0,587,587,FinalPage,ThankYou,2026-09-16 09:15:34.214844,1,,,1222.22,2,,0.0,M_no_W_no,,,,,,,,,,,0,0,228,279,,,,,,,,,,,,,,,,,,,1,1,"9, 10",1,0.0,0.0,0.0,0.0,0.0,0,-1,-1,0,0,5,231.0,300.0,0,0,0.0,0.0,120.0,75.0,95.0,150.0,Down,Up,20,50,50,10,55.8743961352657,52.10828025477707,53.29113924050633,50.91025641025641,17,6c2og0cw,,,,,0
23,qcu0td0m,,0,587,587,FinalPage,ThankYou,2026-09-16 09:15:34.419332,1,,,500.0,3,,0.0,M_no_W_no,,,,,,,,,,,0,0,300,300,,,,,,,,,,,,,,,,,,,1,1,"9, 10",1,0.0,0.0,0.0,0.0,0.0,0,1,1,0,0,5,231.0,300.0,0,0,0.0,0.0,120.0,75.0,95.0,150.0,Down,Up,20,50,50,10,55.8743961352657,52.10828025477707,53.29113924050633,50.91025641025641,17,6c2og0cw,,,,,0
24,zcjv164s,,0,587,587,FinalPage,ThankYou,2026-09-16 09:15:34.435074,1,,,1111.11,4,,0.0,M_no_W_no,,,,,,,,,,,0,0,231,289,,,,,,,,,,,,,,,,,,,1,1,"9, 10",1,0.0,0.0,0.0,0.0,0.0,0,0,-1,0,0,5,231.0,300.0,0,0,0.0,0.0,120.0,75.0,95.0,150.0,Down,Up,20,50,50,10,55.8743961352657,52.10828025477707,53.29113924050633,50.91025641025641,17,6c2og0cw,,,,,0
25,3g7fmbdb,,0,587,587,FinalPage,ThankYou,2026-09-16 09:15:34.780111,1,,,500.0,5,,0.0,M_no_W_no,,,,,,,,,,,0,0,250,310,,,,,,,,,,,,,,,,,,,1,1,"9, 10",1,0.0,0.0,0.0,0.0,0.0,0,1,1,0,0,5,231.0,300.0,0,0,0.0,0.0,120.0,75.0,95.0,150.0,Down,Up,20,50,50,10,55.8743961352657,52.10828025477707,53.29113924050633,50.91025641025641,17,6c2og0cw,,,,,0
1,o7pccht6,,0,587,587,FinalPage,ThankYou,2026-09-16 09:15:33.480125,1,,,1055.56,1,,0.0,M_no_W_no,,,,,,,,,,,0,0,225,230,,,,,,,,,,,,,,,,,,,1,1,"9, 10",1,0.0,0.0,0.0,0.0,0.0,0,1,1,0,0,1,175.0,170.0,0,1,0.0,0.0,80.0,165.0,140.0,75.0,Up,Down,40,65,40,50,55.8743961352657,52.10828025477707,53.29113924050633,50.91025641025641,18,6c2og0cw,,,,,0
2,xlysi5bz,,0,587,587,FinalPage,ThankYou,2026-09-16 09:15:33.034876,1,,,1055.56,2,,0.0,M_no_W_no,,,,,,,,,,,0,0,160,150,,,,,,,,,,,,,,,,,,,1,1,"9, 10",1,0.0,0.0,0.0,0.0,0.0,0,-1,-1,0,0,1,175.0,170.0,0,1,0.0,0.0,80.0,165.0,140.0,75.0,Up,Down,40,65,40,50,55.8743961352657,52.10828025477707,53.29113924050633,50.91025641025641,18,6c2og0cw,,,,,0
3,ktzkk4b7,,0,587,587,FinalPage,ThankYou,2026-09-16 09:15:33.112004,1,,,1500.0,3,,0.0,M_no_W_no,,,,,,,,,,,0,0,175,205,,,,,,,,,,,,,,,,,,,1,1,"9, 10",1,0.0,0.0,0.0,0.0,0.0,0,0,1,0,0,1,175.0,170.0,0,1,0.0,0.0,80.0,165.0,140.0,75.0,Up,Down,40,65,40,50,55.8743961352657,52.10828025477707,53.29113924050633,50.91025641025641,18,6c2og0cw,,,,,0
4,unt4hlph,,0,587,587,FinalPage,ThankYou,2026-09-16 09:15:33.157371,1,,,388.89,4,,0.0,M_no_W_no,,,,,,,,,,,0,0,150,150,,,,,,,,,,,,,,,,,,,1,1,"9, 10",1,0.0,0.0,0.0,0.0,0.0,0,-1,-1,0,0,1,175.0,170.0,0,1,0.0,0.0,80.0,165.0,140.0,75.0,Up,Down,40,65,40,50,55.8743961352657,52.10828025477707,53.29113924050633,50.91025641025641,18,6c2og0cw,,,,,0
5,e3o1p3e6,,0,587,587,FinalPage,ThankYou,2026-09-16 09:15:33.166793,1,,,277.78,5,,0.0,M_no_W_no,,,,,,,,,,,0,0,210,170,,,,,,,,,,,,,,,,,,,1,1,"9, 10",1,0.0,0.0,0.0,0.0,0.0,0,1,0,0,0,1,175.0,170.0,0,1,0.0,0.0,80.0,165.0,140.0,75.0,Up,Down,40,65,40,50,55.8743961352657,52.10828025477707,53.29113924050633,50.91025641025641,18,6c2og0cw,,,,,0
6,0nzm25g8,,0,587,587,FinalPage,ThankYou,2026-09-16 09:15:33.284650,1,,,222.22,1,,0.0,M_no_W_no,,,,,,,,,,,0,0,90,90,,,,,,,,,,,,,,,,,,,1,1,"9, 10",1,0.0,0.0,0.0,0.0,0.0,0,-1,-1,0,0,2,90.0,100.0,1,1,0.0,0.0,50.0,62.5,70.0,100.0,Down,Down,100,75,60,0,55.8743961352657,52.10828025477707,53.29113924050633,50.91025641025641,18,6c2og0cw,,,,,0
7,f8ff6plt,,0,587,587,FinalPage,ThankYou,2026-09-16 09:15:33.299313,1,,,666.67,2,,0.0,M_no_W_no,,,,,,,,,,,0,0,100,100,,,,,,,,,,,,,,,,,,,1,1,"9, 10",1,0.0,0.0,0.0,0.0,0.0,0,1,1,0,0,2,90.0,100.0,1,1,0.0,0.0,50.0,62.5,70.0,100.0,Down,Down,100,75,60,0,55.8743961352657,52.10828025477707,53.29113924050633,50.91025641025641,18,6c2og0cw,,,,,0
8,poc3kn08,,0,587,587,FinalPage,ThankYou,2026-09-16 09:15:33.366241,1,,,0.0,3,,0.0,M_no_W_no,,,,,,,,,,,0,0,80,100,,,,,,,,,,,,,,,,,,,1,1,"9, 10",1,0.0,0.0,0.0,0.0,0.0,0,-1,0,0,0,2,90.0,100.0,1,1,0.0,0.0,50.0,62.5,70.0,100.0,Down,Down,100,75,60,0,55.8743961352657,52.10828025477707,53.29113924050633,50.91025641025641,18,6c2og0cw,,,,,0
9,z9zrwosz,,0,587,587,FinalPage,ThankYou,2026-09-16 09:15:33.376342,1,,,333.33,4,,0.0,M_no_W_no,,,,,,,,,,,0,0,90,80,,,,,,,,,,,,,,,,,,,1,1,"9, 10",1,0.0,0.0,0.0,0.0,0.0,0,0,-1,0,0,2,90.0,100.0,1,1,0.0,0.0,50.0,62.5,70.0,100.0,Down,Down,100,75,60,0,55.8743961352657,52.10828025477707,53.29113924050633,50.91025641025641,18,6c2og0cw,,,,,0
10,yldmtmxh,,0,587,587,FinalPage,ThankYou,2026-09-16 09:15:33.385003,1,,,555.56,5,,0.0,M_no_W_no,,,,,,,,,,,0,0,101,101,,,,,,,,,,,,,,,,,,,1,1,"9, 10",1,0.0,0.0,0.0,0.0,0.0,0,1,1,0,0,2,90.0,100.0,1,1,0.0,0.0,50.0,62.5,70.0,100.0,Down,Down,100,75,60,0,55.8743961352657,52.10828025477707,53.29113924050633,50.91025641025641,18,6c2og0cw,,,,,0
11,bjw1ymg6,,0,587,587,FinalPage,ThankYou,2026-09-16 09:15:33.421363,1,,,833.33,1,,0.0,M_no_W_no,,,,,,,,,,,0,0,150,120,,,,,,,,,,,,,,,,,,,1,1,"9, 10",1,0.0,0.0,0.0,0.0,0.0,0,-1,-1,0,0,3,157.0,123.0,1,1,0.0,0.0,90.0,75.0,60.0,85.0,Down,Down,20,50,80,30,55.8743961352657,52.10828025477707,53.29113924050633,50.91025641025641,18,6c2og0cw,,,,,0
12,dxg47gml,,0,587,587,FinalPage,ThankYou,2026-09-16 09:15:33.491807,1,,,222.22,2,,0.0,M_no_W_no,,,,,,,,,,,0,0,90,90,,,,,,,,,,,,,,,,,,,1,1,"9, 10",1,0.0,0.0,0.0,0.0,0.0,0,-1,-1,0,0,3,157.0,123.0,1,1,0.0,0.0,90.0,75.0,60.0,85.0,Down,Down,20,50,80,30,55.8743961352657,52.10828025477707,53.29113924050633,50.91025641025641,18,6c2og0cw,,,,,0
13,t47t8m59,,0,587,587,FinalPage,ThankYou,2026-09-16 09:15:33.501171,1,,,55.56,3,,0.0,M_no_W_no,,,,,,,,,,,0,0,158,127,,,,,,,,,,,,,,,,,,,1,1,"9, 10",1,0.0,0.0,0.0,0.0,0.0,0,1,1,0,0,3,157.0,123.0,1,1,0.0,0.0,90.0,75.0,60.0,85.0,Down,Down,20,50,80,30,55.8743961352657,52.10828025477707,53.29113924050633,50.91025641025641,18,6c2og0cw,,,,,0
14,2epyouig,,0,587,587,FinalPage,ThankYou,2026-09-16 09:15:33.510000,1,,,500.0,4,,0.0,M_no_W_no,,,,,,,,,,,0,0,157,123,,,,,,,,,,,,,,,,,,,1,1,"9, 10",1,0.0,0.0,0.0,0.0,0.0,0,0,0,0,0,3,157.0,123.0,1,1,0.0,0.0,90.0,75.0,60.0,85.0,Down,Down,20,50,80,30,55.8743961352657,52.10828025477707,53.29113924050633,50.91025641025641,18,6c2og0cw,,,,,0
15,107rd682,,0,587,587,FinalPage,ThankYou,2026-09-16 09:15:33.545454,1,,,1000.0,5,,0.0,M_no_W_no,,,,,,,,,,,0,0,160,126,,,,,,,,,,,,,,,,,,,1,1,"9, 10",1,0.0,0.0,0.0,0.0,0.0,0,1,1,0,0,3,157.0,123.0,1,1,0.0,0.0,90.0,75.0,60.0,85.0,Down,Down,20,50,80,30,55.8743961352657,52.10828025477707,53.29113924050633,50.91025641025641,18,6c2og0cw,,,,,0
16,6xyzc64h,,0,587,587,FinalPage,ThankYou,2026-09-16 09:15:33.555344,1,,,0.0,1,,0.0,M_no_W_no,,,,,,,,,,,0,0,200,204,,,,,,,,,,,,,,,,,,,1,1,"9, 10",1,0.0,0.0,0.0,0.0,0.0,0,-1,0,0,0,4,200.0,204.0,1,0,0.0,0.0,50.0,87.5,70.0,90.0,Down,Down,100,25,20,60,55.8743961352657,52.10828025477707,53.29113924050633,50.91025641025641,18,6c2og0cw,,,,,0
17,566nkyxt,,0,587,587,FinalPage,ThankYou,2026-09-16 09:15:33.934007,1,,,1166.67,2,,0.0,M_no_W_no,,,,,,,,,,,0,0,200,200,,,,,,,,,,,,,,,,,,,1,1,"9, 10",1,0.0,0.0,0.0,0.0,0.0,0,0,-1,0,0,4,200.0,204.0,1,0,0.0,0.0,50.0,87.5,70.0,90.0,Down,Down,100,25,20,60,55.8743961352657,52.10828025477707,53.29113924050633,50.91025641025641,18,6c2og0cw,,,,,0
18,uv69jk1p,,0,587,587,FinalPage,ThankYou,2026-09-16 09:15:33.624429,1,,,0.0,3,,0.0,M_no_W_no,,,,,,,,,,,0,0,200,200,,,,,,,,,,,,,,,,,,,1,1,"9, 10",1,0.0,0.0,0.0,0.0,0.0,0,-1,-1,0,0,4,200.0,204.0,1,0,0.0,0.0,50.0,87.5,70.0,90.0,Down,Down,100,25,20,60,55.8743961352657,52.10828025477707,53.29113924050633,50.91025641025641,18,6c2og0cw,,,,,0
19,thfu25ei,,0,587,587,FinalPage,ThankYou,2026-09-16 09:15:33.841511,1,,,1166.67,4,,0.0,M_no_W_no,,,,,,,,,,,0,0,205,208,,,,,,,,,,,,,,,,,,,1,1,"9, 10",1,0.0,0.0,0.0,0.0,0.0,0,1,1,0,0,4,200.0,204.0,1,0,0.0,0.0,50.0,87.5,70.0,90.0,Down,Down,100,25,20,60,55.8743961352657,52.10828025477707,53.29113924050633,50.91025641025641,18,6c2og0cw,,,,,0
20,008uq8bs,,0,587,587,FinalPage,ThankYou,2026-09-16 09:15:33.850247,1,,,111.11,5,,0.0,M_no_W_no,,,,,,,,,,,0,0,203,204,,,,,,,,,,,,,,,,,,,1,1,"9, 10",1,0.0,0.0,0.0,0.0,0.0,0,1,1,0,0,4,200.0,204.0,1,0,0.0,0.0,50.0,87.5,70.0,90.0,Down,Down,100,25,20,60,55.8743961352657,52.10828025477707,53.29113924050633,50.91025641025641,18,6c2og0cw,,,,,0
21,o4da1gkl,,0,587,587,FinalPage,ThankYou,2026-09-16 09:15:34.223143,1,,,166.67,1,,0.0,M_no_W_no,,,,,,,,,,,0,0,215,325,,,,,,,,,,,,,,,,,,,1,1,"9, 10",1,0.0,0.0,0.0,0.0,0.0,0,-1,1,0,0,5,220.0,300.0,0,0,0.0,0.0,120.0,75.0,95.0,150.0,Down,Up,20,50,50,10,55.8743961352657,52.10828025477707,53.29113924050633,50.91025641025641,18,6c2og0cw,,,,,0
22,ilc2oqlq,,0,587,587,FinalPage,ThankYou,2026-09-16 09:15:34.214844,1,,,1222.22,2,,0.0,M_no_W_no,,,,,,,,,,,0,0,208,279,,,,,,,,,,,,,,,,,,,1,1,"9, 10",1,0.0,0.0,0.0,0.0,0.0,0,-1,-1,0,0,5,220.0,300.0,0,0,0.0,0.0,120.0,75.0,95.0,150.0,Down,Up,20,50,50,10,55.8743961352657,52.10828025477707,53.29113924050633,50.91025641025641,18,6c2og0cw,,,,,0
23,qcu0td0m,,0,587,587,FinalPage,ThankYou,2026-09-16 09:15:34.419332,1,,,500.0,3,,0.0,M_no_W_no,,,,,,,,,,,0,0,300,300,,,,,,,,,,,,,,,,,,,1,1,"9, 10",1,0.0,0.0,0.0,0.0,0.0,0,1,0,0,0,5,220.0,300.0,0,0,0.0,0.0,120.0,75.0,95.0,150.0,Down,Up,20,50,50,10,55.8743961352657,52.10828025477707,53.29113924050633,50.91025641025641,18,6c2og0cw,,,,,0
24,zcjv164s,,0,587,587,FinalPage,ThankYou,2026-09-16 09:15:34.435074,1,,,1111.11,4,,0.0,M_no_W_no,,,,,,,,,,,0,0,220,294,,,,,,,,,,,,,,,,,,,1,1,"9, 10",1,0.0,0.0,0.0,0.0,0.0,0,0,-1,0,0,5,220.0,300.0,0,0,0.0,0.0,120.0,75.0,95.0,150.0,Down,Up,20,50,50,10,55.8743961352657,52.10828025477707,53.29113924050633,50.91025641025641,18,6c2og0cw,,,,,0
25,3g7fmbdb,,0,587,587,FinalPage,ThankYou,2026-09-16 09:15:34.780111,1,,,500.0,5,,0.0,M_no_W_no,,,,,,,,,,,0,0,244,310,,,,,,,,,,,,,,,,,,,1,1,"9, 10",1,0.0,0.0,0.0,0.0,0.0,0,1,1,0,0,5,220.0,300.0,0,0,0.0,0.0,120.0,75.0,95.0,150.0,Down,Up,20,50,50,10,55.8743961352657,52.10828025477707,53.29113924050633,50.91025641025641,18,6c2og0cw,,,,,0
1,o7pccht6,,0,587,587,FinalPage,ThankYou,2026-09-16 09:15:33.480125,1,,,1055.56,1,,0.0,M_no_W_no,,,,,,,,,,,0,0,200,190,,,,,,,,,,,,,,,,,,,1,1,"9, 10",1,0.0,0.0,0.0,0.0,0.0,0,1,0,0,0,1,155.0,190.0,0,1,0.0,0.0,80.0,165.0,140.0,75.0,Up,Down,40,65,40,50,55.8743961352657,52.10828025477707,53.29113924050633,50.91025641025641,19,6c2og0cw,,,,,0
2,xlysi5bz,,0,587,587,FinalPage,ThankYou,2026-09-16 09:15:33.034876,1,,,1055.56,2,,0.0,M_no_W_no,,,,,,,,,,,0,0,160,160,,,,,,,,,,,,,,,,,,,1,1,"9, 10",1,0.0,0.0,0.0,0.0,0.0,0,1,-1,0,0,1,155.0,190.0,0,1,0.0,0.0,80.0,165.0,140.0,75.0,Up,Down,40,65,40,50,55.8743961352657,52.10828025477707,53.29113924050633,50.91025641025641,19,6c2og0cw,,,,,0
3,ktzkk4b7,,0,587,587,FinalPage,ThankYou,2026-09-16 09:15:33.112004,1,,,1500.0,3,,0.0,M_no_W_no,,,,,,,,,,,0,0,155,205,,,,,,,,,,,,,,,,,,,1,1,"9, 10",1,0.0,0.0,0.0,0.0,0.0,0,0,1,0,0,1,155.0,190.0,0,1,0.0,0.0,80.0,165.0,140.0,75.0,Up,Down,40,65,40,50,55.8743961352657,52.10828025477707,53.29113924050633,50.91025641025641,19,6c2og0cw,,,,,0
4,unt4hlph,,0,587,587,FinalPage,ThankYou,2026-09-16 09:15:33.157371,1,,,388.89,4,,0.0,M_no_W_no,,,,,,,,,,,0,0,150,150,,,,,,,,,,,,,,,,,,,1,1,"9, 10",1,0.0,0.0,0.0,0.0,0.0,0,-1,-1,0,0,1,155.0,190.0,0,1,0.0,0.0,80.0,165.0,140.0,75.0,Up,Down,40,65,40,50,55.8743961352657,52.10828025477707,53.29113924050633,50.91025641025641,19,6c2og0cw,,,,,0
5,e3o1p3e6,,0,587,587,FinalPage,ThankYou,2026-09-16 09:15:33.166793,1,,,277.78,5,,0.0,M_no_W_no,,,,,,,,,,,0,0,150,190,,,,,,,,,,,,,,,,,,,1,1,"9, 10",1,0.0,0.0,0.0,0.0,0.0,0,-1,1,0,0,1,155.0,190.0,0,1,0.0,0.0,80.0,165.0,140.0,75.0,Up,Down,40,65,40,50,55.8743961352657,52.10828025477707,53.29113924050633,50.91025641025641,19,6c2og0cw,,,,,0
6,0nzm25g8,,0,587,587,FinalPage,ThankYou,2026-09-16 09:15:33.284650,1,,,222.22,1,,0.0,M_no_W_no,,,,,,,,,,,0,0,110,90,,,,,,,,,,,,,,,,,,,1,1,"9, 10",1,0.0,0.0,0.0,0.0,0.0,0,1,-1,0,0,2,100.0,100.0,1,1,0.0,0.0,50.0,62.5,70.0,100.0,Down,Down,100,75,60,0,55.8743961352657,52.10828025477707,53.29113924050633,50.91025641025641,19,6c2og0cw,,,,,0
7,f8ff6plt,,0,587,587,FinalPage,ThankYou,2026-09-16 09:15:33.299313,1,,,666.67,2,,0.0,M_no_W_no,,,,,,,,,,,0,0,100,100,,,,,,,,,,,,,,,,,,,1,1,"9, 10",1,0.0,0.0,0.0,0.0,0.0,0,0,0,0,0,2,100.0,100.0,1,1,0.0,0.0,50.0,62.5,70.0,100.0,Down,Down,100,75,60,0,55.8743961352657,52.10828025477707,53.29113924050633,50.91025641025641,19,6c2og0cw,,,,,0
8,poc3kn08,,0,587,587,FinalPage,ThankYou,2026-09-16 09:15:33.366241,1,,,0.0,3,,0.0,M_no_W_no,,,,,,,,,,,0,0,120,110,,,,,,,,,,,,,,,,,,,1,1,"9, 10",1,0.0,0.0,0.0,0.0,0.0,0,1,1,0,0,2,100.0,100.0,1,1,0.0,0.0,50.0,62.5,70.0,100.0,Down,Down,100,75,60,0,55.8743961352657,52.10828025477707,53.29113924050633,50.91025641025641,19,6c2og0cw,,,,,0
9,z9zrwosz,,0,587,587,FinalPage,ThankYou,2026-09-16 09:15:33.376342,1,,,333.33,4,,0.0,M_no_W_no,,,,,,,,,,,0,0,90,100,,,,,,,,,,,,,,,,,,,1,1,"9, 10",1,0.0,0.0,0.0,0.0,0.0,0,-1,-1,0,0,2,100.0,100.0,1,1,0.0,0.0,50.0,62.5,70.0,100.0,Down,Down,100,75,60,0,55.8743961352657,52.10828025477707,53.29113924050633,50.91025641025641,19,6c2og0cw,,,,,0
10,yldmtmxh,,0,587,587,FinalPage,ThankYou,2026-09-16 09:15:33.385003,1,,,555.56,5,,0.0,M_no_W_no,,,,,,,,,,,0,0,95,101,,,,,,,,,,,,,,,,,,,1,1,"9, 10",1,0.0,0.0,0.0,0.0,0.0,0,-1,1,0,0,2,100.0,100.0,1,1,0.0,0.0,50.0,62.5,70.0,100.0,Down,Down,100,75,60,0,55.8743961352657,52.10828025477707,53.29113924050633,50.91025641025641,19,6c2og0cw,,,,,0
11,bjw1ymg6,,0,587,587,FinalPage,ThankYou,2026-09-16 09:15:33.421363,1,,,833.33,1,,0.0,M_no_W_no,,,,,,,,,,,0,0,150,120,,,,,,,,,,,,,,,,,,,1,1,"9, 10",1,0.0,0.0,0.0,0.0,0.0,0,-1,0,0,0,3,159.0,120.0,1,1,0.0,0.0,90.0,75.0,60.0,85.0,Down,Down,20,50,80,30,55.8743961352657,52.10828025477707,53.29113924050633,50.91025641025641,19,6c2og0cw,,,,,0
12,dxg47gml,,0,587,587,FinalPage,ThankYou,2026-09-16 09:15:33.491807,1,,,222.22,2,,0.0,M_no_W_no,,,,,,,,,,,0,0,100,88,,,,,,,,,,,,,,,,,,,1,1,"9, 10",1,0.0,0.0,0.0,0.0,0.0,0,-1,-1,0,0,3,159.0,120.0,1,1,0.0,0.0,90.0,75.0,60.0,85.0,Down,Down,20,50,80,30,55.8743961352657,52.10828025477707,53.29113924050633,50.91025641025641,19,6c2og0cw,,,,,0
13,t47t8m59,,0,587,587,FinalPage,ThankYou,2026-09-16 09:15:33.501171,1,,,55.56,3,,0.0,M_no_W_no,,,,,,,,,,,0,0,159,125,,,,,,,,,,,,,,,,,,,1,1,"9, 10",1,0.0,0.0,0.0,0.0,0.0,0,1,1,0,0,3,159.0,120.0,1,1,0.0,0.0,90.0,75.0,60.0,85.0,Down,Down,20,50,80,30,55.8743961352657,52.10828025477707,53.29113924050633,50.91025641025641,19,6c2og0cw,,,,,0
14,2epyouig,,0,587,587,FinalPage,ThankYou,2026-09-16 09:15:33.510000,1,,,500.0,4,,0.0,M_no_W_no,,,,,,,,,,,0,0,159,120,,,,,,,,,,,,,,,,,,,1,1,"9, 10",1,0.0,0.0,0.0,0.0,0.0,0,0,-1,0,0,3,159.0,120.0,1,1,0.0,0.0,90.0,75.0,60.0,85.0,Down,Down,20,50,80,30,55.8743961352657,52.10828025477707,53.29113924050633,50.91025641025641,19,6c2og0cw,,,,,0
15,107rd682,,0,587,587,FinalPage,ThankYou,2026-09-16 09:15:33.545454,1,,,1000.0,5,,0.0,M_no_W_no,,,,,,,,,,,0,0,160,124,,,,,,,,,,,,,,,,,,,1,1,"9, 10",1,0.0,0.0,0.0,0.0,0.0,0,1,1,0,0,3,159.0,120.0,1,1,0.0,0.0,90.0,75.0,60.0,85.0,Down,Down,20,50,80,30,55.8743961352657,52.10828025477707,53.29113924050633,50.91025641025641,19,6c2og0cw,,,,,0
16,6xyzc64h,,0,587,587,FinalPage,ThankYou,2026-09-16 09:15:33.555344,1,,,0.0,1,,0.0,M_no_W_no,,,,,,,,,,,0,0,203,205,,,,,,,,,,,,,,,,,,,1,1,"9, 10",1,0.0,0.0,0.0,0.0,0.0,0,1,1,0,0,4,200.0,204.0,1,0,0.0,0.0,50.0,87.5,70.0,90.0,Down,Down,100,25,20,60,55.8743961352657,52.10828025477707,53.29113924050633,50.91025641025641,19,6c2og0cw,,,,,0
17,566nkyxt,,0,587,587,FinalPage,ThankYou,2026-09-16 09:15:33.934007,1,,,1166.67,2,,0.0,M_no_W_no,,,,,,,,,,,0,0,200,200,,,,,,,,,,,,,,,,,,,1,1,"9, 10",1,0.0,0.0,0.0,0.0,0.0,0,0,-1,0,0,4,200.0,204.0,1,0,0.0,0.0,50.0,87.5,70.0,90.0,Down,Down,100,25,20,60,55.8743961352657,52.10828025477707,53.29113924050633,50.91025641025641,19,6c2og0cw,,,,,0
18,uv69jk1p,,0,587,587,FinalPage,ThankYou,2026-09-16 09:15:33.624429,1,,,0.0,3,,0.0,M_no_W_no,,,,,,,,,,,0,0,198,200,,,,,,,,,,,,,,,,,,,1,1,"9, 10",1,0.0,0.0,0.0,0.0,0.0,0,-1,-1,0,0,4,200.0,204.0,1,0,0.0,0.0,50.0,87.5,70.0,90.0,Down,Down,100,25,20,60,55.8743961352657,52.10828025477707,53.29113924050633,50.91025641025641,19,6c2og0cw,,,,,0
19,thfu25ei,,0,587,587,FinalPage,ThankYou,2026-09-16 09:15:33.841511,1,,,1166.67,4,,0.0,M_no_W_no,,,,,,,,,,,0,0,202,206,,,,,,,,,,,,,,,,,,,1,1,"9, 10",1,0.0,0.0,0.0,0.0,0.0,0,1,1,0,0,4,200.0,204.0,1,0,0.0,0.0,50.0,87.5,70.0,90.0,Down,Down,100,25,20,60,55.8743961352657,52.10828025477707,53.29113924050633,50.91025641025641,19,6c2og0cw,,,,,0
20,008uq8bs,,0,587,587,FinalPage,ThankYou,2026-09-16 09:15:33.850247,1,,,111.11,5,,0.0,M_no_W_no,,,,,,,,,,,0,0,200,204,,,,,,,,,,,,,,,,,,,1,1,"9, 10",1,0.0,0.0,0.0,0.0,0.0,0,-1,0,0,0,4,200.0,204.0,1,0,0.0,0.0,50.0,87.5,70.0,90.0,Down,Down,100,25,20,60,55.8743961352657,52.10828025477707,53.29113924050633,50.91025641025641,19,6c2og0cw,,,,,0
21,o4da1gkl,,0,587,587,FinalPage,ThankYou,2026-09-16 09:15:34.223143,1,,,166.67,1,,0.0,M_no_W_no,,,,,,,,,,,0,0,230,325,,,,,,,,,,,,,,,,,,,1,1,"9, 10",1,0.0,0.0,0.0,0.0,0.0,0,1,1,0,0,5,208.0,313.0,0,0,0.0,0.0,120.0,75.0,95.0,150.0,Down,Up,20,50,50,10,55.8743961352657,52.10828025477707,53.29113924050633,50.91025641025641,19,6c2og0cw,,,,,0
22,ilc2oqlq,,0,587,587,FinalPage,ThankYou,2026-09-16 09:15:34.214844,1,,,1222.22,2,,0.0,M_no_W_no,,,,,,,,,,,0,0,208,279,,,,,,,,,,,,,,,,,,,1,1,"9, 10",1,0.0,0.0,0.0,0.0,0.0,0,0,-1,0,0,5,208.0,313.0,0,0,0.0,0.0,120.0,75.0,95.0,150.0,Down,Up,20,50,50,10,55.8743961352657,52.10828025477707,53.29113924050633,50.91025641025641,19,6c2og0cw,,,,,0
23,qcu0td0m,,0,587,587,FinalPage,ThankYou,2026-09-16 09:15:34.419332,1,,,500.0,3,,0.0,M_no_W_no,,,,,,,,,,,0,0,200,400,,,,,,,,,,,,,,,,,,,1,1,"9, 10",1,0.0,0.0,0.0,0.0,0.0,0,-1,1,0,0,5,208.0,313.0,0,0,0.0,0.0,120.0,75.0,95.0,150.0,Down,Up,20,50,50,10,55.8743961352657,52.10828025477707,53.29113924050633,50.91025641025641,19,6c2og0cw,,,,,0
24,zcjv164s,,0,587,587,FinalPage,ThankYou,2026-09-16 09:15:34.435074,1,,,1111.11,4,,0.0,M_no_W_no,,,,,,,,,,,0,0,200,290,,,,,,,,,,,,,,,,,,,1,1,"9, 10",1,0.0,0.0,0.0,0.0,0.0,0,-1,-1,0,0,5,208.0,313.0,0,0,0.0,0.0,120.0,75.0,95.0,150.0,Down,Up,20,50,50,10,55.8743961352657,52.10828025477707,53.29113924050633,50.91025641025641,19,6c2og0cw,,,,,0
25,3g7fmbdb,,0,587,587,FinalPage,ThankYou,2026-09-16 09:15:34.780111,1,,,500.0,5,,0.0,M_no_W_no,,,,,,,,,,,0,0,232,313,,,,,,,,,,,,,,,,,,,1,1,"9, 10",1,0.0,0.0,0.0,0.0,0.0,0,1,0,0,0,5,208.0,313.0,0,0,0.0,0.0,120.0,75.0,95.0,150.0,Down,Up,20,50,50,10,55.8743961352657,52.10828025477707,53.29113924050633,50.91025641025641,19,6c2og0cw,,,,,0
1,o7pccht6,,0,587,587,FinalPage,ThankYou,2026-09-16 09:15:33.480125,1,,,1055.56,1,,980.75,M_no_W_no,,,,,,,,,,,0,0,190,170,,,,,,,,,,,,,,,,,,,1,1,"9, 10",1,180.0,92.75,483.0,755.75,225.0,1,1,-1,0,0,1,140.0,170.0,0,1,0.0,0.0,80.0,165.0,140.0,75.0,Up,Down,40,65,40,50,55.8743961352657,52.10828025477707,53.29113924050633,50.91025641025641,20,6c2og0cw,,,,,0
2,xlysi5bz,,0,587,587,FinalPage,ThankYou,2026-09-16 09:15:33.034876,1,,,1055.56,2,,965.2,M_no_W_no,,,,,,,,,,,0,0,140,165,,,,,,,,,,,,,,,,,,,1,1,"9, 10",1,120.0,107.19999999999999,738.0,965.2,0.0,0,-1,-1,0,0,1,140.0,170.0,0,1,0.0,0.0,80.0,165.0,140.0,75.0,Up,Down,40,65,40,50,55.8743961352657,52.10828025477707,53.29113924050633,50.91025641025641,20,6c2og0cw,,,,,0
3,ktzkk4b7,,0,587,587,FinalPage,ThankYou,2026-09-16 09:15:33.112004,1,,,1500.0,3,,1529.5,M_no_W_no,,,,,,,,,,,0,0,110,205,,,,,,,,,,,,,,,,,,,1,1,"9, 10",1,300.0,80.0,1112.0,1492.0,37.5,1,-1,1,0,0,1,140.0,170.0,0,1,0.0,0.0,80.0,165.0,140.0,75.0,Up,Down,40,65,40,50,55.8743961352657,52.10828025477707,53.29113924050633,50.91025641025641,20,6c2og0cw,,,,,0
4,unt4hlph,,0,587,587,FinalPage,ThankYou,2026-09-16 09:15:33.157371,1,,,388.89,4,,364.75,M_no_W_no,,,,,,,,,,,0,0,140,210,,,,,,,,,,,,,,,,,,,1,1,"9, 10",1,120.0,92.75,152.0,364.75,0.0,0,0,1,0,0,1,140.0,170.0,0,1,0.0,0.0,80.0,165.0,140.0,75.0,Up,Down,40,65,40,50,55.8743961352657,52.10828025477707,53.29113924050633,50.91025641025641,20,6c2og0cw,,,,,0
5,e3o1p3e6,,0,587,587,FinalPage,ThankYou,2026-09-16 09:15:33.166793,1,,,277.78,5,,235.45,M_no_W_no,,,,,,,,,,,0,0,170,170,,,,,,,,,,,,,,,,,,,1,1,"9, 10",1,130.0,102.95,-35.0,197.95,37.5,1,1,0,0,0,1,140.0,170.0,0,1,0.0,0.0,80.0,165.0,140.0,75.0,Up,Down,40,65,40,50,55.8743961352657,52.10828025477707,53.29113924050633,50.91025641025641,20,6c2og0cw,,,,,0
6,0nzm25g8,,0,587,587,FinalPage,ThankYou,2026-09-16 09:15:33.284650,1,,,222.22,1,,207.75,M_no_W_no,,,,,,,,,,,0,0,90,110,,,,,,,,,,,,,,,,,,,1,1,"9, 10",1,70.0,53.75,84.0,207.75,0.0,0,-1,1,0,0,2,97.0,100.0,1,1,0.0,0.0,50.0,62.5,70.0,100.0,Down,Down,100,75,60,0,55.8743961352657,52.10828025477707,53.29113924050633,50.91025641025641,20,6c2og0cw,,,,,0
7,f8ff6plt,,0,587,587,FinalPage,ThankYou,2026-09-16 09:15:33.299313,1,,,666.67,2,,640.38,M_no_W_no,,,,,,,,,,,0,0,100,100,,,,,,,,,,,,,,,,,,,1,1,"9, 10",1,50.0,54.375,536.0,640.375,0.0,0,1,-1,0,0,2,97.0,100.0,1,1,0.0,0.0,50.0,62.5,70.0,100.0,Down,Down,100,75,60,0,55.8743961352657,52.10828025477707,53.29113924050633,50.91025641025641,20,6c2og0cw,,,,,0
8,poc3kn08,,0,587,587,FinalPage,ThankYou,2026-09-16 09:15:33.366241,1,,,0.0,3,,7.5,M_no_W_no,,,,,,,,,,,0,0,97,98,,,,,,,,,,,,,,,,,,,1,1,"9, 10",1,90.0,52.5,-135.0,7.5,0.0,0,0,-1,0,0,2,97.0,100.0,1,1,0.0,0.0,50.0,62.5,70.0,100.0,Down,Down,100,75,60,0,55.8743961352657,52.10828025477707,53.29113924050633,50.91025641025641,20,6c2og0cw,,,,,0
9,z9zrwosz,,0,587,587,FinalPage,ThankYou,2026-09-16 09:15:33.376342,1,,,333.33,4,,377.5,M_no_W_no,,,,,,,,,,,0,0,100,100,,,,,,,,,,,,,,,,,,,1,1,"9, 10",1,60.0,55.0,262.5,377.5,0.0,0,1,0,0,0,2,97.0,100.0,1,1,0.0,0.0,50.0,62.5,70.0,100.0,Down,Down,100,75,60,0,55.8743961352657,52.10828025477707,53.29113924050633,50.91025641025641,20,6c2og0cw,,,,,0
10,yldmtmxh,,0,587,587,FinalPage,ThankYou,2026-09-16 09:15:33.385003,1,,,555.56,5,,514.13,M_no_W_no,,,,,,,,,,,0,0,10,101,,,,,,,,,,,,,,,,,,,1,1,"9, 10",1,85.0,51.625,377.5,514.125,0.0,0,-1,1,0,0,2,97.0,100.0,1,1,0.0,0.0,50.0,62.5,70.0,100.0,Down,Down,100,75,60,0,55.8743961352657,52.10828025477707,53.29113924050633,50.91025641025641,20,6c2og0cw,,,,,0
11,bjw1ymg6,,0,587,587,FinalPage,ThankYou,2026-09-16 09:15:33.421363,1,,,833.33,1,,803.0,M_no_W_no,,,,,,,,,,,0,0,165,130,,,,,,,,,,,,,,,,,,,1,1,"9, 10",1,17.5,85.5,700.0,803.0,0.0,0,1,1,0,0,3,161.0,122.0,1,1,0.0,0.0,90.0,75.0,60.0,85.0,Down,Down,20,50,80,30,55.8743961352657,52.10828025477707,53.29113924050633,50.91025641025641,20,6c2og0cw,,,,,0
12,dxg47gml,,0,587,587,FinalPage,ThankYou,2026-09-16 09:15:33.491807,1,,,222.22,2,,241.0,M_no_W_no,,,,,,,,,,,0,0,125,125,,,,,,,,,,,,,,,,,,,1,1,"9, 10",1,86.0,90.0,65.0,241.0,0.0,0,-1,1,0,0,3,161.0,122.0,1,1,0.0,0.0,90.0,75.0,60.0,85.0,Down,Down,20,50,80,30,55.8743961352657,52.10828025477707,53.29113924050633,50.91025641025641,20,6c2og0cw,,,,,0
13,t47t8m59,,0,587,587,FinalPage,ThankYou,2026-09-16 09:15:33.501171,1,,,55.56,3,,45.5,M_no_W_no,,,,,,,,,,,0,0,161,122,,,,,,,,,,,,,,,,,,,1,1,"9, 10",1,0.0,85.5,-340.0,-254.5,300.0,1,-1,0,0,0,3,161.0,122.0,1,1,0.0,0.0,90.0,75.0,60.0,85.0,Down,Down,20,50,80,30,55.8743961352657,52.10828025477707,53.29113924050633,50.91025641025641,20,6c2og0cw,,,,,0
14,2epyouig,,0,587,587,FinalPage,ThankYou,2026-09-16 09:15:33.510000,1,,,500.0,4,,525.5,M_no_W_no,,,,,,,,,,,0,0,161,115,,,,,,,,,,,,,,,,,,,1,1,"9, 10",1,75.0,85.5,365.0,525.5,0.0,0,0,-1,0,0,3,161.0,122.0,1,1,0.0,0.0,90.0,75.0,60.0,85.0,Down,Down,20,50,80,30,55.8743961352657,52.10828025477707,53.29113924050633,50.91025641025641,20,6c2og0cw,,,,,0
15,107rd682,,0,587,587,FinalPage,ThankYou,2026-09-16 09:15:33.545454,1,,,1000.0,5,,1025.5,M_no_W_no,,,,,,,,,,,0,0,165,121,,,,,,,,,,,,,,,,,,,1,1,"9, 10",1,80.0,85.5,860.0,1025.5,0.0,0,1,-1,0,0,3,161.0,122.0,1,1,0.0,0.0,90.0,75.0,60.0,85.0,Down,Down,20,50,80,30,55.8743961352657,52.10828025477707,53.29113924050633,50.91025641025641,20,6c2og0cw,,,,,0
16,6xyzc64h,,0,587,587,FinalPage,ThankYou,2026-09-16 09:15:33.555344,1,,,0.0,1,,-80.0,M_no_W_no,,,,,,,,,,,0,0,100,100,,,,,,,,,,,,,,,,,,,1,1,"9, 10",1,75.0,57.5,-212.5,-80.0,0.0,0,-1,-1,0,0,4,198.0,200.0,1,0,0.0,0.0,50.0,87.5,70.0,90.0,Down,Down,100,25,20,60,55.8743961352657,52.10828025477707,53.29113924050633,50.91025641025641,20,6c2og0cw,,,,,0
17,566nkyxt,,0,587,587,FinalPage,ThankYou,2026-09-16 09:15:33.934007,1,,,1166.67,2,,1210.0,M_no_W_no,,,,,,,,,,,0,0,195,200,,,,,,,,,,,,,,,,,,,1,1,"9, 10",1,50.0,50.0,1110.0,1210.0,0.0,0,-1,0,0,0,4,198.0,200.0,1,0,0.0,0.0,50.0,87.5,70.0,90.0,Down,Down,100,25,20,60,55.8743961352657,52.10828025477707,53.29113924050633,50.91025641025641,20,6c2og0cw,,,,,0
18,uv69jk1p,,0,587,587,FinalPage,ThankYou,2026-09-16 09:15:33.624429,1,,,0.0,3,,-273.75,M_no_W_no,,,,,,,,,,,0,0,198,200,,,,,,,,,,,,,,,,,,,1,1,"9, 10",1,75.0,61.25,-560.0,-423.75,150.0,1,0,-1,0,0,4,198.0,200.0,1,0,0.0,0.0,50.0,87.5,70.0,90.0,Down,Down,100,25,20,60,55.8743961352657,52.10828025477707,53.29113924050633,50.91025641025641,20,6c2og0cw,,,,,0
19,thfu25ei,,0,587,587,FinalPage,ThankYou,2026-09-16 09:15:33.841511,1,,,1166.67,4,,1113.75,M_no_W_no,,,,,,,,,,,0,0,202,208,,,,,,,,,,,,,,,,,,,1,1,"9, 10",1,60.0,61.25,992.5,1113.75,0.0,0,1,1,0,0,4,198.0,200.0,1,0,0.0,0.0,50.0,87.5,70.0,90.0,Down,Down,100,25,20,60,55.8743961352657,52.10828025477707,53.29113924050633,50.91025641025641,20,6c2og0cw,,,,,0
20,008uq8bs,,0,587,587,FinalPage,ThankYou,2026-09-16 09:15:33.850247,1,,,111.11,5,,125.63,M_no_W_no,,,,,,,,,,,0,0,205,206,,,,,,,,,,,,,,,,,,,1,1,"9, 10",1,25.0,55.625,45.0,125.625,0.0,0,1,1,0,0,4,198.0,200.0,1,0,0.0,0.0,50.0,87.5,70.0,90.0,Down,Down,100,25,20,60,55.8743961352657,52.10828025477707,53.29113924050633,50.91025641025641,20,6c2og0cw,,,,,0
21,o4da1gkl,,0,587,587,FinalPage,ThankYou,2026-09-16 09:15:34.223143,1,,,166.67,1,,152.0,M_no_W_no,,,,,,,,,,,0,0,200,300,,,,,,,,,,,,,,,,,,,1,1,"9, 10",1,90.0,102.0,-40.0,152.0,0.0,0,0,-1,0,0,5,200.0,309.0,0,0,0.0,0.0,120.0,75.0,95.0,150.0,Down,Up,20,50,50,10,55.8743961352657,52.10828025477707,53.29113924050633,50.91025641025641,20,6c2og0cw,,,,,0
22,ilc2oqlq,,0,587,587,FinalPage,ThankYou,2026-09-16 09:15:34.214844,1,,,1222.22,2,,1157.5,M_no_W_no,,,,,,,,,,,0,0,189,279,,,,,,,,,,,,,,,,,,,1,1,"9, 10",1,90.0,97.5,970.0,1157.5,0.0,0,-1,-1,0,0,5,200.0,309.0,0,0,0.0,0.0,120.0,75.0,95.0,150.0,Down,Up,20,50,50,10,55.8743961352657,52.10828025477707,53.29113924050633,50.91025641025641,20,6c2og0cw,,,,,0
23,qcu0td0m,,0,587,587,FinalPage,ThankYou,2026-09-16 09:15:34.419332,1,,,500.0,3,,423.8,M_no_W_no,,,,,,,,,,,0,0,250,350,,,,,,,,,,,,,,,,,,,1,1,"9, 10",1,80.0,103.8,240.0,423.8,0.0,0,1,1,0,0,5,200.0,309.0,0,0,0.0,0.0,120.0,75.0,95.0,150.0,Down,Up,20,50,50,10,55.8743961352657,52.10828025477707,53.29113924050633,50.91025641025641,20,6c2og0cw,,,,,0
24,zcjv164s,,0,587,587,FinalPage,ThankYou,2026-09-16 09:15:34.435074,1,,,1111.11,4,,1071.5,M_no_W_no,,,,,,,,,,,0,0,200,309,,,,,,,,,,,,,,,,,,,1,1,"9, 10",1,75.0,106.5,680.0,861.5,210.0,1,-1,0,0,0,5,200.0,309.0,0,0,0.0,0.0,120.0,75.0,95.0,150.0,Down,Up,20,50,50,10,55.8743961352657,52.10828025477707,53.29113924050633,50.91025641025641,20,6c2og0cw,,,,,0
25,3g7fmbdb,,0,587,587,FinalPage,ThankYou,2026-09-16 09:15:34.780111,1,,,500.0,5,,513.75,M_no_W_no,,,,,,,,,,,0,0,218,320,,,,,,,,,,,,,,,,,,,1,1,"9, 10",1,80.0,108.75,100.0,288.75,225.0,1,1,1,0,0,5,200.0,309.0,0,0,0.0,0.0,120.0,75.0,95.0,150.0,Down,Up,20,50,50,10,55.8743961352657,52.10828025477707,53.29113924050633,50.91025641025641,20,6c2og0cw,,,,,0
