session_code,participant_id_in_session,participant_code,page_index,app_name,page_name,epoch_time_completed,round_number,timeout_happened,is_wait_page
gmregd6v,1,fwrj2jat,0,,InitializeParticipant,1789447560,1,0,0
gmregd6v,3,xu6xugdp,0,,InitializeParticipant,1789447562,1,0,0
gmregd6v,4,9nn00jux,0,,InitializeParticipant,1789447562,1,0,0
gmregd6v,5,d8azp69w,0,,InitializeParticipant,1789447562,1,0,0
gmregd6v,7,utr109q6,0,,InitializeParticipant,1789447562,1,0,0
gmregd6v,2,0vigghqi,0,,InitializeParticipant,1789447562,1,0,0
gmregd6v,6,g5ct4rg0,0,,InitializeParticipant,1789447562,1,0,0
gmregd6v,8,uza1lz8f,0,,InitializeParticipant,1789447563,1,0,0
gmregd6v,9,3z6ed32t,0,,InitializeParticipant,1789447563,1,0,0
gmregd6v,10,pzsakpjx,0,,InitializeParticipant,1789447563,1,0,0
gmregd6v,11,h4hoh39u,0,,InitializeParticipant,1789447563,1,0,0
gmregd6v,12,jzoxfyc2,0,,InitializeParticipant,1789447563,1,0,0
gmregd6v,13,dqn940v4,0,,InitializeParticipant,1789447563,1,0,0
gmregd6v,14,5l1yk0gm,0,,InitializeParticipant,1789447563,1,0,0
gmregd6v,15,3fdg4ref,0,,InitializeParticipant,1789447563,1,0,0
gmregd6v,16,iliayit3,0,,InitializeParticipant,1789447563,1,0,0
gmregd6v,17,hpzf5xgg,0,,InitializeParticipant,1789447563,1,0,0
gmregd6v,18,3th28718,0,,InitializeParticipant,1789447565,1,0,0
gmregd6v,19,hh695q6a,0,,InitializeParticipant,1789447565,1,0,0
gmregd6v,20,2w7wmunp,0,,InitializeParticipant,1789447565,1,0,0
gmregd6v,21,2fon3kdf,0,,InitializeParticipant,1789447565,1,0,0
gmregd6v,22,0vm37wcl,0,,InitializeParticipant,1789447565,1,0,0
gmregd6v,23,9902h2kd,0,,InitializeParticipant,1789447566,1,0,0
gmregd6v,24,snwy0w01,0,,InitializeParticipant,1789447566,1,0,0
gmregd6v,25,yaickank,0,,InitializeParticipant,1789447566,1,0,0
gmregd6v,9,3z6ed32t,1,portfolio,Welcome,1789447568,1,0,0
gmregd6v,4,9nn00jux,1,portfolio,Welcome,1789447570,1,0,0
gmregd6v,12,jzoxfyc2,1,portfolio,Welcome,1789447571,1,0,0
gmregd6v,24,snwy0w01,1,portfolio,Welcome,1789447572,1,0,0
gmregd6v,9,3z6ed32t,2,portfolio,InstructionsRisk,1789447572,1,0,0
gmregd6v,14,5l1yk0gm,1,portfolio,Welcome,1789447572,1,0,0
gmregd6v,12,jzoxfyc2,2,portfolio,InstructionsRisk,1789447574,1,0,0
gmregd6v,4,9nn00jux,2,portfolio,InstructionsRisk,1789447574,1,0,0
gmregd6v,14,5l1yk0gm,2,portfolio,InstructionsRisk,1789447576,1,0,0
gmregd6v,2,0vigghqi,1,portfolio,Welcome,1789447577,1,0,0
gmregd6v,17,hpzf5xgg,1,portfolio,Welcome,1789447578,1,0,0
gmregd6v,3,xu6xugdp,1,portfolio,Welcome,1789447579,1,0,0
gmregd6v,1,fwrj2jat,1,portfolio,Welcome,1789447580,1,0,0
gmregd6v,7,utr109q6,1,portfolio,Welcome,1789447581,1,0,0
gmregd6v,2,0vigghqi,2,portfolio,InstructionsRisk,1789447582,1,0,0
gmregd6v,3,xu6xugdp,2,portfolio,InstructionsRisk,1789447582,1,0,0
gmregd6v,19,hh695q6a,1,portfolio,Welcome,1789447582,1,0,0
gmregd6v,1,fwrj2jat,2,portfolio,InstructionsRisk,1789447582,1,0,0
gmregd6v,24,snwy0w01,2,portfolio,InstructionsRisk,1789447582,1,0,0
gmregd6v,25,yaickank,1,portfolio,Welcome,1789447583,1,0,0
gmregd6v,23,9902h2kd,1,portfolio,Welcome,1789447583,1,0,0
gmregd6v,16,iliayit3,1,portfolio,Welcome,1789447583,1,0,0
gmregd6v,15,3fdg4ref,1,portfolio,Welcome,1789447583,1,0,0
gmregd6v,7,utr109q6,2,portfolio,InstructionsRisk,1789447584,1,0,0
gmregd6v,16,iliayit3,2,portfolio,InstructionsRisk,1789447586,1,0,0
gmregd6v,13,dqn940v4,1,portfolio,Welcome,1789447587,1,0,0
gmregd6v,17,hpzf5xgg,2,portfolio,InstructionsRisk,1789447589,1,0,0
gmregd6v,21,2fon3kdf,1,portfolio,Welcome,1789447589,1,0,0
gmregd6v,25,yaickank,2,portfolio,InstructionsRisk,1789447590,1,0,0
gmregd6v,22,0vm37wcl,1,portfolio,Welcome,1789447590,1,0,0
gmregd6v,6,g5ct4rg0,1,portfolio,Welcome,1789447590,1,0,0
gmregd6v,9,3z6ed32t,3,portfolio,ComprehensionRisk,1789447593,1,0,0
gmregd6v,13,dqn940v4,2,portfolio,InstructionsRisk,1789447593,1,0,0
gmregd6v,21,2fon3kdf,2,portfolio,InstructionsRisk,1789447593,1,0,0
gmregd6v,5,d8azp69w,1,portfolio,Welcome,1789447593,1,0,0
gmregd6v,23,9902h2kd,2,portfolio,InstructionsRisk,1789447594,1,0,0
gmregd6v,20,2w7wmunp,1,portfolio,Welcome,1789447594,1,0,0
gmregd6v,10,pzsakpjx,1,portfolio,Welcome,1789447595,1,0,0
gmregd6v,22,0vm37wcl,2,portfolio,InstructionsRisk,1789447595,1,0,0
gmregd6v,3,xu6xugdp,3,portfolio,ComprehensionRisk,1789447597,1,0,0
gmregd6v,5,d8azp69w,2,portfolio,InstructionsRisk,1789447597,1,0,0
gmregd6v,24,snwy0w01,3,portfolio,ComprehensionRisk,1789447597,1,0,0
gmregd6v,12,jzoxfyc2,3,portfolio,ComprehensionRisk,1789447599,1,0,0
gmregd6v,6,g5ct4rg0,2,portfolio,InstructionsRisk,1789447601,1,0,0
gmregd6v,1,fwrj2jat,3,portfolio,ComprehensionRisk,1789447601,1,0,0
gmregd6v,15,3fdg4ref,2,portfolio,InstructionsRisk,1789447603,1,0,0
gmregd6v,19,hh695q6a,2,portfolio,InstructionsRisk,1789447605,1,0,0
gmregd6v,7,utr109q6,3,portfolio,ComprehensionRisk,1789447605,1,0,0
gmregd6v,4,9nn00jux,3,portfolio,ComprehensionRisk,1789447605,1,0,0
gmregd6v,14,5l1yk0gm,3,portfolio,ComprehensionRisk,1789447606,1,0,0
gmregd6v,12,jzoxfyc2,4,portfolio,DynamicChoice,1789447609,1,0,0
gmregd6v,16,iliayit3,3,portfolio,ComprehensionRisk,1789447609,1,0,0
gmregd6v,9,3z6ed32t,4,portfolio,DynamicChoice,1789447613,1,0,0
gmregd6v,2,0vigghqi,3,portfolio,ComprehensionRisk,1789447614,1,0,0
gmregd6v,13,dqn940v4,3,portfolio,ComprehensionRisk,1789447616,1,0,0
gmregd6v,23,9902h2kd,3,portfolio,ComprehensionRisk,1789447618,1,0,0
gmregd6v,17,hpzf5xgg,3,portfolio,ComprehensionRisk,1789447618,1,0,0
gmregd6v,22,0vm37wcl,3,portfolio,ComprehensionRisk,1789447621,1,0,0
gmregd6v,7,utr109q6,4,portfolio,DynamicChoice,1789447624,1,0,0
gmregd6v,25,yaickank,3,portfolio,ComprehensionRisk,1789447624,1,0,0
gmregd6v,18,3th28718,1,portfolio,Welcome,1789447624,1,0,0
gmregd6v,4,9nn00jux,4,portfolio,DynamicChoice,1789447625,1,0,0
gmregd6v,20,2w7wmunp,2,portfolio,InstructionsRisk,1789447626,1,0,0
gmregd6v,23,9902h2kd,4,portfolio,DynamicChoice,1789447629,1,0,0
gmregd6v,13,dqn940v4,4,portfolio,DynamicChoice,1789447629,1,0,0
gmregd6v,22,0vm37wcl,4,portfolio,DynamicChoice,1789447630,1,0,0
gmregd6v,17,hpzf5xgg,4,portfolio,DynamicChoice,1789447630,1,0,0
gmregd6v,10,pzsakpjx,2,portfolio,InstructionsRisk,1789447633,1,0,0
gmregd6v,21,2fon3kdf,3,portfolio,ComprehensionRisk,1789447635,1,0,0
gmregd6v,25,yaickank,4,portfolio,DynamicChoice,1789447635,1,0,0
gmregd6v,5,d8azp69w,3,portfolio,ComprehensionRisk,1789447635,1,0,0
gmregd6v,15,3fdg4ref,3,portfolio,ComprehensionRisk,1789447636,1,0,0
gmregd6v,11,h4hoh39u,1,portfolio,Welcome,1789447636,1,0,0
gmregd6v,6,g5ct4rg0,3,portfolio,ComprehensionRisk,1789447637,1,0,0
gmregd6v,1,fwrj2jat,4,portfolio,DynamicChoice,1789447641,1,0,0
gmregd6v,8,uza1lz8f,1,portfolio,Welcome,1789447646,1,0,0
gmregd6v,3,xu6xugdp,4,portfolio,DynamicChoice,1789447648,1,0,0
gmregd6v,5,d8azp69w,4,portfolio,DynamicChoice,1789447651,1,0,0
gmregd6v,19,hh695q6a,3,portfolio,ComprehensionRisk,1789447654,1,0,0
gmregd6v,14,5l1yk0gm,4,portfolio,DynamicChoice,1789447654,1,0,0
gmregd6v,6,g5ct4rg0,4,portfolio,DynamicChoice,1789447657,1,0,0
gmregd6v,20,2w7wmunp,3,portfolio,ComprehensionRisk,1789447661,1,0,0
gmregd6v,18,3th28718,2,portfolio,InstructionsRisk,1789447667,1,0,0
gmregd6v,15,3fdg4ref,4,portfolio,DynamicChoice,1789447668,1,0,0
gmregd6v,2,0vigghqi,4,portfolio,DynamicChoice,1789447669,1,0,0
gmregd6v,10,pzsakpjx,3,portfolio,ComprehensionRisk,1789447671,1,0,0
gmregd6v,19,hh695q6a,4,portfolio,DynamicChoice,1789447672,1,0,0
gmregd6v,11,h4hoh39u,2,portfolio,InstructionsRisk,1789447681,1,0,0
gmregd6v,8,uza1lz8f,2,portfolio,InstructionsRisk,1789447684,1,0,0
gmregd6v,16,iliayit3,4,portfolio,DynamicChoice,1789447684,1,0,0
gmregd6v,20,2w7wmunp,4,portfolio,DynamicChoice,1789447701,1,0,0
gmregd6v,11,h4hoh39u,3,portfolio,ComprehensionRisk,1789447706,1,0,0
gmregd6v,8,uza1lz8f,3,portfolio,ComprehensionRisk,1789447718,1,0,0
gmregd6v,11,h4hoh39u,4,portfolio,DynamicChoice,1789447726,1,0,0
gmregd6v,18,3th28718,3,portfolio,ComprehensionRisk,1789447727,1,0,0
gmregd6v,21,2fon3kdf,4,portfolio,DynamicChoice,1789447733,1,0,0
gmregd6v,8,uza1lz8f,4,portfolio,DynamicChoice,1789447737,1,0,0
gmregd6v,18,3th28718,4,portfolio,DynamicChoice,1789447758,1,0,0
gmregd6v,24,snwy0w01,4,portfolio,DynamicChoice,1789447763,1,0,0
gmregd6v,10,pzsakpjx,4,portfolio,DynamicChoice,1789447787,1,0,0
gmregd6v,4,9nn00jux,5,portfolio,SyncRisk,1789447788,1,0,1
gmregd6v,17,hpzf5xgg,5,portfolio,SyncRisk,1789447788,1,0,1
gmregd6v,14,5l1yk0gm,5,portfolio,SyncRisk,1789447788,1,0,1
gmregd6v,6,g5ct4rg0,5,portfolio,SyncRisk,1789447788,1,0,1
gmregd6v,16,iliayit3,5,portfolio,SyncRisk,1789447788,1,0,1
gmregd6v,8,uza1lz8f,5,portfolio,SyncRisk,1789447788,1,0,1
gmregd6v,5,d8azp69w,5,portfolio,SyncRisk,1789447788,1,0,1
gmregd6v,10,pzsakpjx,5,portfolio,SyncRisk,1789447788,1,0,1
gmregd6v,20,2w7wmunp,5,portfolio,SyncRisk,1789447788,1,0,1
gmregd6v,3,xu6xugdp,5,portfolio,SyncRisk,1789447788,1,0,1
gmregd6v,24,snwy0w01,5,portfolio,SyncRisk,1789447788,1,0,1
gmregd6v,23,9902h2kd,5,portfolio,SyncRisk,1789447788,1,0,1
gmregd6v,18,3th28718,5,portfolio,SyncRisk,1789447788,1,0,1
gmregd6v,12,jzoxfyc2,5,portfolio,SyncRisk,1789447788,1,0,1
gmregd6v,9,3z6ed32t,5,portfolio,SyncRisk,1789447788,1,0,1
gmregd6v,22,0vm37wcl,5,portfolio,SyncRisk,1789447788,1,0,1
gmregd6v,13,dqn940v4,5,portfolio,SyncRisk,1789447788,1,0,1
gmregd6v,7,utr109q6,5,portfolio,SyncRisk,1789447788,1,0,1
gmregd6v,25,yaickank,5,portfolio,SyncRisk,1789447788,1,0,1
gmregd6v,2,0vigghqi,5,portfolio,SyncRisk,1789447788,1,0,1
gmregd6v,1,fwrj2jat,5,portfolio,SyncRisk,1789447788,1,0,1
gmregd6v,15,3fdg4ref,5,portfolio,SyncRisk,1789447788,1,0,1
gmregd6v,19,hh695q6a,5,portfolio,SyncRisk,1789447788,1,0,1
gmregd6v,11,h4hoh39u,5,portfolio,SyncRisk,1789447788,1,0,1
gmregd6v,21,2fon3kdf,5,portfolio,SyncRisk,1789447788,1,0,1
gmregd6v,7,utr109q6,6,portfolio,InstructionsPortfolio,1789447792,1,0,0
gmregd6v,9,3z6ed32t,6,portfolio,InstructionsPortfolio,1789447793,1,0,0
gmregd6v,21,2fon3kdf,6,portfolio,InstructionsPortfolio,1789447793,1,0,0
gmregd6v,4,9nn00jux,6,portfolio,InstructionsPortfolio,1789447794,1,0,0
gmregd6v,25,yaickank,6,portfolio,InstructionsPortfolio,1789447795,1,0,0
gmregd6v,16,iliayit3,6,portfolio,InstructionsPortfolio,1789447795,1,0,0
gmregd6v,22,0vm37wcl,6,portfolio,InstructionsPortfolio,1789447796,1,0,0
gmregd6v,1,fwrj2jat,6,portfolio,InstructionsPortfolio,1789447798,1,0,0
gmregd6v,18,3th28718,6,portfolio,InstructionsPortfolio,1789447799,1,0,0
gmregd6v,2,0vigghqi,6,portfolio,InstructionsPortfolio,1789447800,1,0,0
gmregd6v,17,hpzf5xgg,6,portfolio,InstructionsPortfolio,1789447800,1,0,0
gmregd6v,12,jzoxfyc2,6,portfolio,InstructionsPortfolio,1789447800,1,0,0
gmregd6v,13,dqn940v4,6,portfolio,InstructionsPortfolio,1789447800,1,0,0
gmregd6v,23,9902h2kd,6,portfolio,InstructionsPortfolio,1789447803,1,0,0
gmregd6v,6,g5ct4rg0,6,portfolio,InstructionsPortfolio,1789447803,1,0,0
gmregd6v,14,5l1yk0gm,6,portfolio,InstructionsPortfolio,1789447803,1,0,0
gmregd6v,24,snwy0w01,6,portfolio,InstructionsPortfolio,1789447805,1,0,0
gmregd6v,5,d8azp69w,6,portfolio,InstructionsPortfolio,1789447806,1,0,0
gmregd6v,12,jzoxfyc2,7,portfolio,Page1Experience,1789447809,1,0,0
gmregd6v,25,yaickank,7,portfolio,Page1Experience,1789447809,1,0,0
gmregd6v,7,utr109q6,7,portfolio,Page1Experience,1789447811,1,0,0
gmregd6v,22,0vm37wcl,7,portfolio,Page1Experience,1789447814,1,0,0
gmregd6v,15,3fdg4ref,6,portfolio,InstructionsPortfolio,1789447815,1,0,0
gmregd6v,19,hh695q6a,6,portfolio,InstructionsPortfolio,1789447815,1,0,0
gmregd6v,4,9nn00jux,7,portfolio,Page1Experience,1789447816,1,0,0
gmregd6v,10,pzsakpjx,6,portfolio,InstructionsPortfolio,1789447818,1,0,0
gmregd6v,2,0vigghqi,7,portfolio,Page1Experience,1789447818,1,0,0
gmregd6v,23,9902h2kd,7,portfolio,Page1Experience,1789447819,1,0,0
gmregd6v,11,h4hoh39u,6,portfolio,InstructionsPortfolio,1789447822,1,0,0
gmregd6v,6,g5ct4rg0,7,portfolio,Page1Experience,1789447826,1,0,0
gmregd6v,17,hpzf5xgg,7,portfolio,Page1Experience,1789447830,1,0,0
gmregd6v,8,uza1lz8f,6,portfolio,InstructionsPortfolio,1789447831,1,0,0
gmregd6v,19,hh695q6a,7,portfolio,Page1Experience,1789447834,1,0,0
gmregd6v,10,pzsakpjx,7,portfolio,Page1Experience,1789447836,1,0,0
gmregd6v,1,fwrj2jat,7,portfolio,Page1Experience,1789447838,1,0,0
gmregd6v,21,2fon3kdf,7,portfolio,Page1Experience,1789447838,1,0,0
gmregd6v,5,d8azp69w,7,portfolio,Page1Experience,1789447845,1,0,0
gmregd6v,18,3th28718,7,portfolio,Page1Experience,1789447846,1,0,0
gmregd6v,9,3z6ed32t,7,portfolio,Page1Experience,1789447849,1,0,0
gmregd6v,16,iliayit3,7,portfolio,Page1Experience,1789447849,1,0,0
gmregd6v,14,5l1yk0gm,7,portfolio,Page1Experience,1789447853,1,0,0
gmregd6v,15,3fdg4ref,7,portfolio,Page1Experience,1789447857,1,0,0
gmregd6v,13,dqn940v4,7,portfolio,Page1Experience,1789447860,1,0,0
gmregd6v,8,uza1lz8f,7,portfolio,Page1Experience,1789447861,1,0,0
gmregd6v,24,snwy0w01,7,portfolio,Page1Experience,1789447871,1,0,0
gmregd6v,20,2w7wmunp,6,portfolio,InstructionsPortfolio,1789447872,1,0,0
gmregd6v,11,h4hoh39u,7,portfolio,Page1Experience,1789447887,1,0,0
gmregd6v,3,xu6xugdp,6,portfolio,InstructionsPortfolio,1789447896,1,0,0
gmregd6v,20,2w7wmunp,7,portfolio,Page1Experience,1789447896,1,0,0
gmregd6v,3,xu6xugdp,7,portfolio,Page1Experience,1789447958,1,0,0
gmregd6v,4,9nn00jux,8,portfolio,SyncAllocation,1789447959,1,0,1
gmregd6v,6,g5ct4rg0,8,portfolio,SyncAllocation,1789447959,1,0,1
gmregd6v,17,hpzf5xgg,8,portfolio,SyncAllocation,1789447959,1,0,1
gmregd6v,16,iliayit3,8,portfolio,SyncAllocation,1789447959,1,0,1
gmregd6v,14,5l1yk0gm,8,portfolio,SyncAllocation,1789447959,1,0,1
gmregd6v,8,uza1lz8f,8,portfolio,SyncAllocation,1789447959,1,0,1
gmregd6v,12,jzoxfyc2,8,portfolio,SyncAllocation,1789447959,1,0,1
gmregd6v,18,3th28718,8,portfolio,SyncAllocation,1789447959,1,0,1
gmregd6v,1,fwrj2jat,8,portfolio,SyncAllocation,1789447959,1,0,1
gmregd6v,3,xu6xugdp,8,portfolio,SyncAllocation,1789447959,1,0,1
gmregd6v,11,h4hoh39u,8,portfolio,SyncAllocation,1789447959,1,0,1
gmregd6v,19,hh695q6a,8,portfolio,SyncAllocation,1789447959,1,0,1
gmregd6v,9,3z6ed32t,8,portfolio,SyncAllocation,1789447959,1,0,1
gmregd6v,25,yaickank,8,portfolio,SyncAllocation,1789447959,1,0,1
gmregd6v,15,3fdg4ref,8,portfolio,SyncAllocation,1789447959,1,0,1
gmregd6v,2,0vigghqi,8,portfolio,SyncAllocation,1789447959,1,0,1
gmregd6v,24,snwy0w01,8,portfolio,SyncAllocation,1789447959,1,0,1
gmregd6v,7,utr109q6,8,portfolio,SyncAllocation,1789447959,1,0,1
gmregd6v,22,0vm37wcl,8,portfolio,SyncAllocation,1789447959,1,0,1
gmregd6v,23,9902h2kd,8,portfolio,SyncAllocation,1789447959,1,0,1
gmregd6v,10,pzsakpjx,8,portfolio,SyncAllocation,1789447959,1,0,1
gmregd6v,21,2fon3kdf,8,portfolio,SyncAllocation,1789447959,1,0,1
gmregd6v,13,dqn940v4,8,portfolio,SyncAllocation,1789447959,1,0,1
gmregd6v,5,d8azp69w,8,portfolio,SyncAllocation,1789447959,1,0,1
gmregd6v,20,2w7wmunp,8,portfolio,SyncAllocation,1789447959,1,0,1
gmregd6v,7,utr109q6,9,portfolio,InstructionsMarket,1789447964,1,0,0
gmregd6v,9,3z6ed32t,9,portfolio,InstructionsMarket,1789447964,1,0,0
gmregd6v,16,iliayit3,9,portfolio,InstructionsMarket,1789447968,1,0,0
gmregd6v,4,9nn00jux,9,portfolio,InstructionsMarket,1789447969,1,0,0
gmregd6v,24,snwy0w01,9,portfolio,InstructionsMarket,1789447969,1,0,0
gmregd6v,1,fwrj2jat,9,portfolio,InstructionsMarket,1789447970,1,0,0
gmregd6v,21,2fon3kdf,9,portfolio,InstructionsMarket,1789447970,1,0,0
gmregd6v,9,3z6ed32t,10,portfolio,ComprehensionMarket,1789447971,1,0,0
gmregd6v,14,5l1yk0gm,9,portfolio,InstructionsMarket,1789447972,1,0,0
gmregd6v,23,9902h2kd,9,portfolio,InstructionsMarket,1789447973,1,0,0
gmregd6v,2,0vigghqi,9,portfolio,InstructionsMarket,1789447978,1,0,0
gmregd6v,3,xu6xugdp,9,portfolio,InstructionsMarket,1789447978,1,0,0
gmregd6v,22,0vm37wcl,9,portfolio,InstructionsMarket,1789447980,1,0,0
gmregd6v,17,hpzf5xgg,9,portfolio,InstructionsMarket,1789447980,1,0,0
gmregd6v,4,9nn00jux,10,portfolio,ComprehensionMarket,1789447981,1,0,0
gmregd6v,13,dqn940v4,9,portfolio,InstructionsMarket,1789447981,1,0,0
gmregd6v,16,iliayit3,10,portfolio,ComprehensionMarket,1789447982,1,0,0
gmregd6v,20,2w7wmunp,9,portfolio,InstructionsMarket,1789447983,1,0,0
gmregd6v,23,9902h2kd,10,portfolio,ComprehensionMarket,1789447983,1,0,0
gmregd6v,12,jzoxfyc2,9,portfolio,InstructionsMarket,1789447983,1,0,0
gmregd6v,4,9nn00jux,11,portfolio,InstructionsBeliefs,1789447984,1,0,0
gmregd6v,17,hpzf5xgg,10,portfolio,ComprehensionMarket,1789447987,1,0,0
gmregd6v,14,5l1yk0gm,10,portfolio,ComprehensionMarket,1789447987,1,0,0
gmregd6v,1,fwrj2jat,10,portfolio,ComprehensionMarket,1789447988,1,0,0
gmregd6v,2,0vigghqi,10,portfolio,ComprehensionMarket,1789447989,1,0,0
gmregd6v,3,xu6xugdp,10,portfolio,ComprehensionMarket,1789447989,1,0,0
gmregd6v,1,fwrj2jat,11,portfolio,InstructionsBeliefs,1789447990,1,0,0
gmregd6v,12,jzoxfyc2,10,portfolio,ComprehensionMarket,1789447991,1,0,0
gmregd6v,18,3th28718,9,portfolio,InstructionsMarket,1789447991,1,0,0
gmregd6v,5,d8azp69w,9,portfolio,InstructionsMarket,1789447991,1,0,0
gmregd6v,7,utr109q6,10,portfolio,ComprehensionMarket,1789447991,1,0,0
gmregd6v,21,2fon3kdf,10,portfolio,ComprehensionMarket,1789447992,1,0,0
gmregd6v,25,yaickank,9,portfolio,InstructionsMarket,1789447994,1,0,0
gmregd6v,24,snwy0w01,10,portfolio,ComprehensionMarket,1789447994,1,0,0
gmregd6v,7,utr109q6,11,portfolio,InstructionsBeliefs,1789447995,1,0,0
gmregd6v,6,g5ct4rg0,9,portfolio,InstructionsMarket,1789447995,1,0,0
gmregd6v,12,jzoxfyc2,11,portfolio,InstructionsBeliefs,1789447998,1,0,0
gmregd6v,23,9902h2kd,11,portfolio,InstructionsBeliefs,1789447998,1,0,0
gmregd6v,13,dqn940v4,10,portfolio,ComprehensionMarket,1789448000,1,0,0
gmregd6v,21,2fon3kdf,11,portfolio,InstructionsBeliefs,1789448002,1,0,0
gmregd6v,19,hh695q6a,9,portfolio,InstructionsMarket,1789448003,1,0,0
gmregd6v,16,iliayit3,11,portfolio,InstructionsBeliefs,1789448005,1,0,0
gmregd6v,15,3fdg4ref,9,portfolio,InstructionsMarket,1789448005,1,0,0
gmregd6v,6,g5ct4rg0,10,portfolio,ComprehensionMarket,1789448007,1,0,0
gmregd6v,18,3th28718,10,portfolio,ComprehensionMarket,1789448007,1,0,0
gmregd6v,10,pzsakpjx,9,portfolio,InstructionsMarket,1789448008,1,0,0
gmregd6v,14,5l1yk0gm,11,portfolio,InstructionsBeliefs,1789448011,1,0,0
gmregd6v,25,yaickank,10,portfolio,ComprehensionMarket,1789448014,1,0,0
gmregd6v,22,0vm37wcl,10,portfolio,ComprehensionMarket,1789448015,1,0,0
gmregd6v,20,2w7wmunp,10,portfolio,ComprehensionMarket,1789448020,1,0,0
gmregd6v,22,0vm37wcl,11,portfolio,InstructionsBeliefs,1789448022,1,0,0
gmregd6v,13,dqn940v4,11,portfolio,InstructionsBeliefs,1789448022,1,0,0
gmregd6v,15,3fdg4ref,10,portfolio,ComprehensionMarket,1789448024,1,0,0
gmregd6v,17,hpzf5xgg,11,portfolio,InstructionsBeliefs,1789448026,1,0,0
gmregd6v,6,g5ct4rg0,11,portfolio,InstructionsBeliefs,1789448026,1,0,0
gmregd6v,19,hh695q6a,10,portfolio,ComprehensionMarket,1789448026,1,0,0
gmregd6v,1,fwrj2jat,12,portfolio,PageBeliefExpNoExp,1789448027,1,0,0
gmregd6v,3,xu6xugdp,11,portfolio,InstructionsBeliefs,1789448028,1,0,0
gmregd6v,2,0vigghqi,11,portfolio,InstructionsBeliefs,1789448029,1,0,0
gmregd6v,24,snwy0w01,11,portfolio,InstructionsBeliefs,1789448031,1,0,0
gmregd6v,25,yaickank,11,portfolio,InstructionsBeliefs,1789448032,1,0,0
gmregd6v,8,uza1lz8f,9,portfolio,InstructionsMarket,1789448034,1,0,0
gmregd6v,10,pzsakpjx,10,portfolio,ComprehensionMarket,1789448038,1,0,0
gmregd6v,9,3z6ed32t,11,portfolio,InstructionsBeliefs,1789448044,1,0,0
gmregd6v,5,d8azp69w,10,portfolio,ComprehensionMarket,1789448045,1,0,0
gmregd6v,5,d8azp69w,11,portfolio,InstructionsBeliefs,1789448055,1,0,0
gmregd6v,10,pzsakpjx,11,portfolio,InstructionsBeliefs,1789448058,1,0,0
gmregd6v,11,h4hoh39u,9,portfolio,InstructionsMarket,1789448060,1,0,0
gmregd6v,12,jzoxfyc2,12,portfolio,PageBeliefExpNoExp,1789448061,1,0,0
gmregd6v,8,uza1lz8f,10,portfolio,ComprehensionMarket,1789448063,1,0,0
gmregd6v,19,hh695q6a,11,portfolio,InstructionsBeliefs,1789448064,1,0,0
gmregd6v,1,fwrj2jat,13,portfolio,PageOtherBeliefExpNoExp,1789448064,1,0,0
gmregd6v,21,2fon3kdf,12,portfolio,PageBeliefExpNoExp,1789448067,1,0,0
gmregd6v,17,hpzf5xgg,12,portfolio,PageBeliefExpNoExp,1789448067,1,0,0
gmregd6v,1,fwrj2jat,14,portfolio,TradingRulesExp,1789448067,1,0,0
gmregd6v,6,g5ct4rg0,12,portfolio,PageBeliefExpNoExp,1789448068,1,0,0
gmregd6v,23,9902h2kd,12,portfolio,PageBeliefExpNoExp,1789448075,1,0,0
gmregd6v,18,3th28718,11,portfolio,InstructionsBeliefs,1789448080,1,0,0
gmregd6v,15,3fdg4ref,11,portfolio,InstructionsBeliefs,1789448080,1,0,0
gmregd6v,25,yaickank,12,portfolio,PageBeliefExpNoExp,1789448081,1,0,0
gmregd6v,22,0vm37wcl,12,portfolio,PageBeliefExpNoExp,1789448081,1,0,0
gmregd6v,14,5l1yk0gm,12,portfolio,PageBeliefExpNoExp,1789448082,1,0,0
gmregd6v,6,g5ct4rg0,13,portfolio,PageOtherBeliefExpNoExp,1789448085,1,0,0
gmregd6v,11,h4hoh39u,10,portfolio,ComprehensionMarket,1789448088,1,0,0
gmregd6v,6,g5ct4rg0,14,portfolio,TradingRulesExp,1789448088,1,0,0
gmregd6v,21,2fon3kdf,13,portfolio,PageOtherBeliefExpNoExp,1789448089,1,0,0
gmregd6v,17,hpzf5xgg,13,portfolio,PageOtherBeliefExpNoExp,1789448089,1,0,0
gmregd6v,12,jzoxfyc2,13,portfolio,PageOtherBeliefExpNoExp,1789448090,1,0,0
gmregd6v,17,hpzf5xgg,14,portfolio,TradingRulesExp,1789448092,1,0,0
gmregd6v,21,2fon3kdf,14,portfolio,TradingRulesExp,1789448093,1,0,0
gmregd6v,13,dqn940v4,12,portfolio,PageBeliefExpNoExp,1789448093,1,0,0
gmregd6v,7,utr109q6,12,portfolio,PageBeliefExpNoExp,1789448094,1,0,0
gmregd6v,20,2w7wmunp,11,portfolio,InstructionsBeliefs,1789448096,1,0,0
gmregd6v,8,uza1lz8f,11,portfolio,InstructionsBeliefs,1789448097,1,0,0
gmregd6v,2,0vigghqi,12,portfolio,PageBeliefExpNoExp,1789448097,1,0,0
gmregd6v,12,jzoxfyc2,14,portfolio,TradingRulesExp,1789448099,1,0,0
gmregd6v,23,9902h2kd,13,portfolio,PageOtherBeliefExpNoExp,1789448101,1,0,0
gmregd6v,16,iliayit3,12,portfolio,PageBeliefExpNoExp,1789448113,1,0,0
gmregd6v,14,5l1yk0gm,13,portfolio,PageOtherBeliefExpNoExp,1789448114,1,0,0
gmregd6v,7,utr109q6,13,portfolio,PageOtherBeliefExpNoExp,1789448119,1,0,0
gmregd6v,23,9902h2kd,14,portfolio,TradingRulesExp,1789448119,1,0,0
gmregd6v,22,0vm37wcl,13,portfolio,PageOtherBeliefExpNoExp,1789448121,1,0,0
gmregd6v,7,utr109q6,14,portfolio,TradingRulesExp,1789448121,1,0,0
gmregd6v,22,0vm37wcl,14,portfolio,TradingRulesExp,1789448125,1,0,0
gmregd6v,13,dqn940v4,13,portfolio,PageOtherBeliefExpNoExp,1789448128,1,0,0
gmregd6v,2,0vigghqi,13,portfolio,PageOtherBeliefExpNoExp,1789448130,1,0,0
gmregd6v,25,yaickank,13,portfolio,PageOtherBeliefExpNoExp,1789448132,1,0,0
gmregd6v,2,0vigghqi,14,portfolio,TradingRulesExp,1789448135,1,0,0
gmregd6v,25,yaickank,14,portfolio,TradingRulesExp,1789448135,1,0,0
gmregd6v,5,d8azp69w,12,portfolio,PageBeliefExpNoExp,1789448143,1,0,0
gmregd6v,20,2w7wmunp,12,portfolio,PageBeliefExpNoExp,1789448143,1,0,0
gmregd6v,10,pzsakpjx,12,portfolio,PageBeliefExpNoExp,1789448144,1,0,0
gmregd6v,13,dqn940v4,14,portfolio,TradingRulesExp,1789448148,1,0,0
gmregd6v,15,3fdg4ref,12,portfolio,PageBeliefExpNoExp,1789448153,1,0,0
gmregd6v,8,uza1lz8f,12,portfolio,PageBeliefExpNoExp,1789448155,1,0,0
gmregd6v,14,5l1yk0gm,14,portfolio,TradingRulesExp,1789448161,1,0,0
gmregd6v,16,iliayit3,13,portfolio,PageOtherBeliefExpNoExp,1789448161,1,0,0
gmregd6v,20,2w7wmunp,13,portfolio,PageOtherBeliefExpNoExp,1789448161,1,0,0
gmregd6v,11,h4hoh39u,11,portfolio,InstructionsBeliefs,1789448165,1,0,0
gmregd6v,5,d8azp69w,13,portfolio,PageOtherBeliefExpNoExp,1789448166,1,0,0
gmregd6v,19,hh695q6a,12,portfolio,PageBeliefExpNoExp,1789448170,1,0,0
gmregd6v,16,iliayit3,14,portfolio,TradingRulesExp,1789448171,1,0,0
gmregd6v,15,3fdg4ref,13,portfolio,PageOtherBeliefExpNoExp,1789448175,1,0,0
gmregd6v,10,pzsakpjx,13,portfolio,PageOtherBeliefExpNoExp,1789448183,1,0,0
gmregd6v,5,d8azp69w,14,portfolio,TradingRulesExp,1789448185,1,0,0
gmregd6v,4,9nn00jux,12,portfolio,PageBeliefExpNoExp,1789448193,1,0,0
gmregd6v,10,pzsakpjx,14,portfolio,TradingRulesExp,1789448200,1,0,0
gmregd6v,19,hh695q6a,13,portfolio,PageOtherBeliefExpNoExp,1789448203,1,0,0
gmregd6v,8,uza1lz8f,13,portfolio,PageOtherBeliefExpNoExp,1789448207,1,0,0
gmregd6v,15,3fdg4ref,14,portfolio,TradingRulesExp,1789448215,1,0,0
gmregd6v,20,2w7wmunp,14,portfolio,TradingRulesExp,1789448239,1,0,0
gmregd6v,9,3z6ed32t,12,portfolio,PageBeliefExpNoExp,1789448246,1,0,0
gmregd6v,4,9nn00jux,13,portfolio,PageOtherBeliefExpNoExp,1789448256,1,0,0
gmregd6v,4,9nn00jux,14,portfolio,TradingRulesExp,1789448259,1,0,0
gmregd6v,8,uza1lz8f,14,portfolio,TradingRulesExp,1789448261,1,0,0
gmregd6v,3,xu6xugdp,12,portfolio,PageBeliefExpNoExp,1789448274,1,0,0
gmregd6v,11,h4hoh39u,12,portfolio,PageBeliefExpNoExp,1789448298,1,0,0
gmregd6v,3,xu6xugdp,13,portfolio,PageOtherBeliefExpNoExp,1789448306,1,0,0
gmregd6v,19,hh695q6a,14,portfolio,TradingRulesExp,1789448307,1,0,0
gmregd6v,9,3z6ed32t,13,portfolio,PageOtherBeliefExpNoExp,1789448308,1,0,0
gmregd6v,18,3th28718,12,portfolio,PageBeliefExpNoExp,1789448311,1,0,0
gmregd6v,9,3z6ed32t,14,portfolio,TradingRulesExp,1789448311,1,0,0
gmregd6v,11,h4hoh39u,13,portfolio,PageOtherBeliefExpNoExp,1789448329,1,0,0
gmregd6v,18,3th28718,13,portfolio,PageOtherBeliefExpNoExp,1789448334,1,0,0
gmregd6v,24,snwy0w01,12,portfolio,PageBeliefExpNoExp,1789448334,1,0,0
gmregd6v,18,3th28718,14,portfolio,TradingRulesExp,1789448345,1,0,0
gmregd6v,3,xu6xugdp,14,portfolio,TradingRulesExp,1789448347,1,0,0
gmregd6v,11,h4hoh39u,14,portfolio,TradingRulesExp,1789448378,1,0,0
gmregd6v,24,snwy0w01,13,portfolio,PageOtherBeliefExpNoExp,1789448421,1,0,0
gmregd6v,24,snwy0w01,14,portfolio,TradingRulesExp,1789448430,1,0,0
gmregd6v,14,5l1yk0gm,15,portfolio,SyncTradingRules,1789448431,1,0,1
gmregd6v,16,iliayit3,15,portfolio,SyncTradingRules,1789448431,1,0,1
gmregd6v,8,uza1lz8f,15,portfolio,SyncTradingRules,1789448431,1,0,1
gmregd6v,4,9nn00jux,15,portfolio,SyncTradingRules,1789448431,1,0,1
gmregd6v,9,3z6ed32t,15,portfolio,SyncTradingRules,1789448431,1,0,1
gmregd6v,6,g5ct4rg0,15,portfolio,SyncTradingRules,1789448431,1,0,1
gmregd6v,17,hpzf5xgg,15,portfolio,SyncTradingRules,1789448431,1,0,1
gmregd6v,1,fwrj2jat,15,portfolio,SyncTradingRules,1789448431,1,0,1
gmregd6v,12,jzoxfyc2,15,portfolio,SyncTradingRules,1789448431,1,0,1
gmregd6v,7,utr109q6,15,portfolio,SyncTradingRules,1789448431,1,0,1
gmregd6v,25,yaickank,15,portfolio,SyncTradingRules,1789448431,1,0,1
gmregd6v,15,3fdg4ref,15,portfolio,SyncTradingRules,1789448431,1,0,1
gmregd6v,22,0vm37wcl,15,portfolio,SyncTradingRules,1789448431,1,0,1
gmregd6v,3,xu6xugdp,15,portfolio,SyncTradingRules,1789448431,1,0,1
gmregd6v,23,9902h2kd,15,portfolio,SyncTradingRules,1789448431,1,0,1
gmregd6v,2,0vigghqi,15,portfolio,SyncTradingRules,1789448431,1,0,1
gmregd6v,24,snwy0w01,15,portfolio,SyncTradingRules,1789448431,1,0,1
gmregd6v,21,2fon3kdf,15,portfolio,SyncTradingRules,1789448431,1,0,1
gmregd6v,10,pzsakpjx,15,portfolio,SyncTradingRules,1789448431,1,0,1
gmregd6v,13,dqn940v4,15,portfolio,SyncTradingRules,1789448431,1,0,1
gmregd6v,19,hh695q6a,15,portfolio,SyncTradingRules,1789448431,1,0,1
gmregd6v,18,3th28718,15,portfolio,SyncTradingRules,1789448431,1,0,1
gmregd6v,11,h4hoh39u,15,portfolio,SyncTradingRules,1789448431,1,0,1
gmregd6v,5,d8azp69w,15,portfolio,SyncTradingRules,1789448431,1,0,1
gmregd6v,20,2w7wmunp,15,portfolio,SyncTradingRules,1789448431,1,0,1
gmregd6v,19,hh695q6a,16,portfolio,PageBidExperience,1789448448,1,0,0
gmregd6v,8,uza1lz8f,16,portfolio,PageBidExperience,1789448449,1,0,0
gmregd6v,23,9902h2kd,16,portfolio,PageBidExperience,1789448450,1,0,0
gmregd6v,25,yaickank,16,portfolio,PageBidExperience,1789448452,1,0,0
gmregd6v,6,g5ct4rg0,16,portfolio,PageBidExperience,1789448454,1,0,0
gmregd6v,17,hpzf5xgg,16,portfolio,PageBidExperience,1789448456,1,0,0
gmregd6v,4,9nn00jux,16,portfolio,PageBidExperience,1789448459,1,0,0
gmregd6v,21,2fon3kdf,16,portfolio,PageBidExperience,1789448460,1,0,0
gmregd6v,15,3fdg4ref,16,portfolio,PageBidExperience,1789448460,1,0,0
gmregd6v,22,0vm37wcl,16,portfolio,PageBidExperience,1789448461,1,0,0
gmregd6v,16,iliayit3,16,portfolio,PageBidExperience,1789448461,1,0,0
gmregd6v,13,dqn940v4,16,portfolio,PageBidExperience,1789448464,1,0,0
gmregd6v,5,d8azp69w,16,portfolio,PageBidExperience,1789448466,1,0,0
gmregd6v,7,utr109q6,16,portfolio,PageBidExperience,1789448466,1,0,0
gmregd6v,18,3th28718,16,portfolio,PageBidExperience,1789448467,1,0,0
gmregd6v,20,2w7wmunp,16,portfolio,PageBidExperience,1789448477,1,0,0
gmregd6v,17,hpzf5xgg,25,portfolio,Clearing,1789448477,1,0,1
gmregd6v,16,iliayit3,25,portfolio,Clearing,1789448477,1,0,1
gmregd6v,20,2w7wmunp,25,portfolio,Clearing,1789448477,1,0,1
gmregd6v,18,3th28718,25,portfolio,Clearing,1789448477,1,0,1
gmregd6v,19,hh695q6a,25,portfolio,Clearing,1789448477,1,0,1
gmregd6v,9,3z6ed32t,16,portfolio,PageBidExperience,1789448478,1,0,0
gmregd6v,14,5l1yk0gm,16,portfolio,PageBidExperience,1789448483,1,0,0
gmregd6v,2,0vigghqi,16,portfolio,PageBidExperience,1789448484,1,0,0
gmregd6v,11,h4hoh39u,16,portfolio,PageBidExperience,1789448490,1,0,0
gmregd6v,3,xu6xugdp,16,portfolio,PageBidExperience,1789448494,1,0,0
gmregd6v,10,pzsakpjx,16,portfolio,PageBidExperience,1789448498,1,0,0
gmregd6v,6,g5ct4rg0,25,portfolio,Clearing,1789448499,1,0,1
gmregd6v,8,uza1lz8f,25,portfolio,Clearing,1789448499,1,0,1
gmregd6v,9,3z6ed32t,25,portfolio,Clearing,1789448499,1,0,1
gmregd6v,7,utr109q6,25,portfolio,Clearing,1789448499,1,0,1
gmregd6v,10,pzsakpjx,25,portfolio,Clearing,1789448499,1,0,1
gmregd6v,1,fwrj2jat,16,portfolio,PageBidExperience,1789448504,1,0,0
gmregd6v,4,9nn00jux,25,portfolio,Clearing,1789448504,1,0,1
gmregd6v,1,fwrj2jat,25,portfolio,Clearing,1789448504,1,0,1
gmregd6v,5,d8azp69w,25,portfolio,Clearing,1789448504,1,0,1
gmregd6v,2,0vigghqi,25,portfolio,Clearing,1789448504,1,0,1
gmregd6v,3,xu6xugdp,25,portfolio,Clearing,1789448504,1,0,1
gmregd6v,12,jzoxfyc2,16,portfolio,PageBidExperience,1789448510,1,0,0
gmregd6v,14,5l1yk0gm,25,portfolio,Clearing,1789448510,1,0,1
gmregd6v,12,jzoxfyc2,25,portfolio,Clearing,1789448510,1,0,1
gmregd6v,15,3fdg4ref,25,portfolio,Clearing,1789448510,1,0,1
gmregd6v,11,h4hoh39u,25,portfolio,Clearing,1789448510,1,0,1
gmregd6v,13,dqn940v4,25,portfolio,Clearing,1789448510,1,0,1
gmregd6v,24,snwy0w01,16,portfolio,PageBidExperience,1789448592,1,0,0
gmregd6v,25,yaickank,25,portfolio,Clearing,1789448592,1,0,1
gmregd6v,23,9902h2kd,25,portfolio,Clearing,1789448592,1,0,1
gmregd6v,21,2fon3kdf,25,portfolio,Clearing,1789448592,1,0,1
gmregd6v,22,0vm37wcl,25,portfolio,Clearing,1789448592,1,0,1
gmregd6v,24,snwy0w01,25,portfolio,Clearing,1789448592,1,0,1
gmregd6v,17,hpzf5xgg,26,portfolio,SyncMarketRound,1789448593,1,0,1
gmregd6v,14,5l1yk0gm,26,portfolio,SyncMarketRound,1789448593,1,0,1
gmregd6v,6,g5ct4rg0,26,portfolio,SyncMarketRound,1789448593,1,0,1
gmregd6v,8,uza1lz8f,26,portfolio,SyncMarketRound,1789448593,1,0,1
gmregd6v,9,3z6ed32t,26,portfolio,SyncMarketRound,1789448593,1,0,1
gmregd6v,4,9nn00jux,26,portfolio,SyncMarketRound,1789448593,1,0,1
gmregd6v,16,iliayit3,26,portfolio,SyncMarketRound,1789448593,1,0,1
gmregd6v,7,utr109q6,26,portfolio,SyncMarketRound,1789448593,1,0,1
gmregd6v,1,fwrj2jat,26,portfolio,SyncMarketRound,1789448593,1,0,1
gmregd6v,12,jzoxfyc2,26,portfolio,SyncMarketRound,1789448593,1,0,1
gmregd6v,15,3fdg4ref,26,portfolio,SyncMarketRound,1789448593,1,0,1
gmregd6v,25,yaickank,26,portfolio,SyncMarketRound,1789448593,1,0,1
gmregd6v,20,2w7wmunp,26,portfolio,SyncMarketRound,1789448593,1,0,1
gmregd6v,5,d8azp69w,26,portfolio,SyncMarketRound,1789448593,1,0,1
gmregd6v,23,9902h2kd,26,portfolio,SyncMarketRound,1789448593,1,0,1
gmregd6v,2,0vigghqi,26,portfolio,SyncMarketRound,1789448593,1,0,1
gmregd6v,21,2fon3kdf,26,portfolio,SyncMarketRound,1789448593,1,0,1
gmregd6v,22,0vm37wcl,26,portfolio,SyncMarketRound,1789448593,1,0,1
gmregd6v,10,pzsakpjx,26,portfolio,SyncMarketRound,1789448593,1,0,1
gmregd6v,11,h4hoh39u,26,portfolio,SyncMarketRound,1789448593,1,0,1
gmregd6v,13,dqn940v4,26,portfolio,SyncMarketRound,1789448593,1,0,1
gmregd6v,24,snwy0w01,26,portfolio,SyncMarketRound,1789448593,1,0,1
gmregd6v,3,xu6xugdp,26,portfolio,SyncMarketRound,1789448593,1,0,1
gmregd6v,18,3th28718,26,portfolio,SyncMarketRound,1789448593,1,0,1
gmregd6v,19,hh695q6a,26,portfolio,SyncMarketRound,1789448593,1,0,1
gmregd6v,17,hpzf5xgg,45,portfolio,PageBidExperience,1789448611,2,0,0
gmregd6v,1,fwrj2jat,45,portfolio,PageBidExperience,1789448623,2,0,0
gmregd6v,25,yaickank,45,portfolio,PageBidExperience,1789448632,2,0,0
gmregd6v,10,pzsakpjx,45,portfolio,PageBidExperience,1789448632,2,0,0
gmregd6v,23,9902h2kd,45,portfolio,PageBidExperience,1789448635,2,0,0
gmregd6v,20,2w7wmunp,45,portfolio,PageBidExperience,1789448635,2,0,0
gmregd6v,7,utr109q6,45,portfolio,PageBidExperience,1789448638,2,0,0
gmregd6v,12,jzoxfyc2,45,portfolio,PageBidExperience,1789448638,2,0,0
gmregd6v,22,0vm37wcl,45,portfolio,PageBidExperience,1789448643,2,0,0
gmregd6v,6,g5ct4rg0,45,portfolio,PageBidExperience,1789448644,2,0,0
gmregd6v,13,dqn940v4,45,portfolio,PageBidExperience,1789448649,2,0,0
gmregd6v,14,5l1yk0gm,45,portfolio,PageBidExperience,1789448650,2,0,0
gmregd6v,19,hh695q6a,45,portfolio,PageBidExperience,1789448653,2,0,0
gmregd6v,21,2fon3kdf,45,portfolio,PageBidExperience,1789448655,2,0,0
gmregd6v,3,xu6xugdp,45,portfolio,PageBidExperience,1789448655,2,0,0
gmregd6v,15,3fdg4ref,45,portfolio,PageBidExperience,1789448666,2,0,0
gmregd6v,11,h4hoh39u,45,portfolio,PageBidExperience,1789448672,2,0,0
gmregd6v,11,h4hoh39u,54,portfolio,Clearing,1789448672,2,0,1
gmregd6v,12,jzoxfyc2,54,portfolio,Clearing,1789448672,2,0,1
gmregd6v,13,dqn940v4,54,portfolio,Clearing,1789448672,2,0,1
gmregd6v,14,5l1yk0gm,54,portfolio,Clearing,1789448672,2,0,1
gmregd6v,15,3fdg4ref,54,portfolio,Clearing,1789448672,2,0,1
gmregd6v,16,iliayit3,45,portfolio,PageBidExperience,1789448679,2,0,0
gmregd6v,24,snwy0w01,45,portfolio,PageBidExperience,1789448679,2,0,0
gmregd6v,22,0vm37wcl,54,portfolio,Clearing,1789448680,2,0,1
gmregd6v,23,9902h2kd,54,portfolio,Clearing,1789448680,2,0,1
gmregd6v,24,snwy0w01,54,portfolio,Clearing,1789448680,2,0,1
gmregd6v,25,yaickank,54,portfolio,Clearing,1789448680,2,0,1
gmregd6v,21,2fon3kdf,54,portfolio,Clearing,1789448680,2,0,1
gmregd6v,18,3th28718,45,portfolio,PageBidExperience,1789448681,2,0,0
gmregd6v,18,3th28718,54,portfolio,Clearing,1789448681,2,0,1
gmregd6v,16,iliayit3,54,portfolio,Clearing,1789448681,2,0,1
gmregd6v,17,hpzf5xgg,54,portfolio,Clearing,1789448681,2,0,1
gmregd6v,19,hh695q6a,54,portfolio,Clearing,1789448681,2,0,1
gmregd6v,20,2w7wmunp,54,portfolio,Clearing,1789448681,2,0,1
gmregd6v,2,0vigghqi,45,portfolio,PageBidExperience,1789448697,2,0,0
gmregd6v,4,9nn00jux,45,portfolio,PageBidExperience,1789448705,2,0,0
gmregd6v,5,d8azp69w,45,portfolio,PageBidExperience,1789448714,2,0,0
gmregd6v,4,9nn00jux,54,portfolio,Clearing,1789448714,2,0,1
gmregd6v,1,fwrj2jat,54,portfolio,Clearing,1789448714,2,0,1
gmregd6v,2,0vigghqi,54,portfolio,Clearing,1789448714,2,0,1
gmregd6v,3,xu6xugdp,54,portfolio,Clearing,1789448714,2,0,1
gmregd6v,5,d8azp69w,54,portfolio,Clearing,1789448714,2,0,1
gmregd6v,8,uza1lz8f,45,portfolio,PageBidExperience,1789448717,2,0,0
gmregd6v,9,3z6ed32t,45,portfolio,PageBidExperience,1789448817,2,0,0
gmregd6v,6,g5ct4rg0,54,portfolio,Clearing,1789448817,2,0,1
gmregd6v,7,utr109q6,54,portfolio,Clearing,1789448817,2,0,1
gmregd6v,8,uza1lz8f,54,portfolio,Clearing,1789448817,2,0,1
gmregd6v,9,3z6ed32t,54,portfolio,Clearing,1789448817,2,0,1
gmregd6v,10,pzsakpjx,54,portfolio,Clearing,1789448817,2,0,1
gmregd6v,22,0vm37wcl,55,portfolio,SyncMarketRound,1789448818,2,0,1
gmregd6v,23,9902h2kd,55,portfolio,SyncMarketRound,1789448818,2,0,1
gmregd6v,24,snwy0w01,55,portfolio,SyncMarketRound,1789448818,2,0,1
gmregd6v,25,yaickank,55,portfolio,SyncMarketRound,1789448818,2,0,1
gmregd6v,4,9nn00jux,55,portfolio,SyncMarketRound,1789448818,2,0,1
gmregd6v,18,3th28718,55,portfolio,SyncMarketRound,1789448818,2,0,1
gmregd6v,16,iliayit3,55,portfolio,SyncMarketRound,1789448818,2,0,1
gmregd6v,6,g5ct4rg0,55,portfolio,SyncMarketRound,1789448818,2,0,1
gmregd6v,17,hpzf5xgg,55,portfolio,SyncMarketRound,1789448818,2,0,1
gmregd6v,7,utr109q6,55,portfolio,SyncMarketRound,1789448818,2,0,1
gmregd6v,11,h4hoh39u,55,portfolio,SyncMarketRound,1789448818,2,0,1
gmregd6v,12,jzoxfyc2,55,portfolio,SyncMarketRound,1789448818,2,0,1
gmregd6v,13,dqn940v4,55,portfolio,SyncMarketRound,1789448818,2,0,1
gmregd6v,14,5l1yk0gm,55,portfolio,SyncMarketRound,1789448818,2,0,1
gmregd6v,15,3fdg4ref,55,portfolio,SyncMarketRound,1789448818,2,0,1
gmregd6v,1,fwrj2jat,55,portfolio,SyncMarketRound,1789448818,2,0,1
gmregd6v,2,0vigghqi,55,portfolio,SyncMarketRound,1789448818,2,0,1
gmregd6v,3,xu6xugdp,55,portfolio,SyncMarketRound,1789448818,2,0,1
gmregd6v,5,d8azp69w,55,portfolio,SyncMarketRound,1789448818,2,0,1
gmregd6v,8,uza1lz8f,55,portfolio,SyncMarketRound,1789448818,2,0,1
gmregd6v,9,3z6ed32t,55,portfolio,SyncMarketRound,1789448818,2,0,1
gmregd6v,10,pzsakpjx,55,portfolio,SyncMarketRound,1789448818,2,0,1
gmregd6v,19,hh695q6a,55,portfolio,SyncMarketRound,1789448818,2,0,1
gmregd6v,20,2w7wmunp,55,portfolio,SyncMarketRound,1789448818,2,0,1
gmregd6v,21,2fon3kdf,55,portfolio,SyncMarketRound,1789448818,2,0,1
gmregd6v,17,hpzf5xgg,74,portfolio,PageBidExperience,1789448831,3,0,0
gmregd6v,21,2fon3kdf,74,portfolio,PageBidExperience,1789448837,3,0,0
gmregd6v,19,hh695q6a,74,portfolio,PageBidExperience,1789448843,3,0,0
gmregd6v,9,3z6ed32t,74,portfolio,PageBidExperience,1789448845,3,0,0
gmregd6v,8,uza1lz8f,74,portfolio,PageBidExperience,1789448847,3,0,0
gmregd6v,6,g5ct4rg0,74,portfolio,PageBidExperience,1789448848,3,0,0
gmregd6v,20,2w7wmunp,74,portfolio,PageBidExperience,1789448849,3,0,0
gmregd6v,1,fwrj2jat,74,portfolio,PageBidExperience,1789448857,3,0,0
gmregd6v,12,jzoxfyc2,74,portfolio,PageBidExperience,1789448858,3,0,0
gmregd6v,23,9902h2kd,74,portfolio,PageBidExperience,1789448861,3,0,0
gmregd6v,7,utr109q6,74,portfolio,PageBidExperience,1789448861,3,0,0
gmregd6v,25,yaickank,74,portfolio,PageBidExperience,1789448866,3,0,0
gmregd6v,22,0vm37wcl,74,portfolio,PageBidExperience,1789448870,3,0,0
gmregd6v,3,xu6xugdp,74,portfolio,PageBidExperience,1789448871,3,0,0
gmregd6v,10,pzsakpjx,74,portfolio,PageBidExperience,1789448872,3,0,0
gmregd6v,9,3z6ed32t,83,portfolio,Clearing,1789448872,3,0,1
gmregd6v,10,pzsakpjx,83,portfolio,Clearing,1789448872,3,0,1
gmregd6v,6,g5ct4rg0,83,portfolio,Clearing,1789448872,3,0,1
gmregd6v,7,utr109q6,83,portfolio,Clearing,1789448872,3,0,1
gmregd6v,8,uza1lz8f,83,portfolio,Clearing,1789448872,3,0,1
gmregd6v,4,9nn00jux,74,portfolio,PageBidExperience,1789448880,3,0,0
gmregd6v,5,d8azp69w,74,portfolio,PageBidExperience,1789448889,3,0,0
gmregd6v,13,dqn940v4,74,portfolio,PageBidExperience,1789448892,3,0,0
gmregd6v,11,h4hoh39u,74,portfolio,PageBidExperience,1789448894,3,0,0
gmregd6v,2,0vigghqi,74,portfolio,PageBidExperience,1789448900,3,0,0
gmregd6v,18,3th28718,74,portfolio,PageBidExperience,1789448900,3,0,0
gmregd6v,14,5l1yk0gm,74,portfolio,PageBidExperience,1789448900,3,0,0
gmregd6v,5,d8azp69w,83,portfolio,Clearing,1789448900,3,0,1
gmregd6v,1,fwrj2jat,83,portfolio,Clearing,1789448900,3,0,1
gmregd6v,2,0vigghqi,83,portfolio,Clearing,1789448900,3,0,1
gmregd6v,3,xu6xugdp,83,portfolio,Clearing,1789448900,3,0,1
gmregd6v,4,9nn00jux,83,portfolio,Clearing,1789448900,3,0,1
gmregd6v,16,iliayit3,74,portfolio,PageBidExperience,1789448913,3,0,0
gmregd6v,16,iliayit3,83,portfolio,Clearing,1789448913,3,0,1
gmregd6v,17,hpzf5xgg,83,portfolio,Clearing,1789448913,3,0,1
gmregd6v,19,hh695q6a,83,portfolio,Clearing,1789448913,3,0,1
gmregd6v,20,2w7wmunp,83,portfolio,Clearing,1789448913,3,0,1
gmregd6v,18,3th28718,83,portfolio,Clearing,1789448913,3,0,1
gmregd6v,15,3fdg4ref,74,portfolio,PageBidExperience,1789448928,3,0,0
gmregd6v,15,3fdg4ref,83,portfolio,Clearing,1789448928,3,0,1
gmregd6v,11,h4hoh39u,83,portfolio,Clearing,1789448928,3,0,1
gmregd6v,12,jzoxfyc2,83,portfolio,Clearing,1789448928,3,0,1
gmregd6v,13,dqn940v4,83,portfolio,Clearing,1789448928,3,0,1
gmregd6v,14,5l1yk0gm,83,portfolio,Clearing,1789448928,3,0,1
gmregd6v,24,snwy0w01,74,portfolio,PageBidExperience,1789449006,3,0,0
gmregd6v,24,snwy0w01,83,portfolio,Clearing,1789449006,3,0,1
gmregd6v,21,2fon3kdf,83,portfolio,Clearing,1789449006,3,0,1
gmregd6v,23,9902h2kd,83,portfolio,Clearing,1789449006,3,0,1
gmregd6v,25,yaickank,83,portfolio,Clearing,1789449006,3,0,1
gmregd6v,22,0vm37wcl,83,portfolio,Clearing,1789449006,3,0,1
gmregd6v,9,3z6ed32t,84,portfolio,SyncMarketRound,1789449007,3,0,1
gmregd6v,10,pzsakpjx,84,portfolio,SyncMarketRound,1789449007,3,0,1
gmregd6v,5,d8azp69w,84,portfolio,SyncMarketRound,1789449007,3,0,1
gmregd6v,15,3fdg4ref,84,portfolio,SyncMarketRound,1789449007,3,0,1
gmregd6v,11,h4hoh39u,84,portfolio,SyncMarketRound,1789449007,3,0,1
gmregd6v,12,jzoxfyc2,84,portfolio,SyncMarketRound,1789449007,3,0,1
gmregd6v,16,iliayit3,84,portfolio,SyncMarketRound,1789449007,3,0,1
gmregd6v,13,dqn940v4,84,portfolio,SyncMarketRound,1789449007,3,0,1
gmregd6v,17,hpzf5xgg,84,portfolio,SyncMarketRound,1789449007,3,0,1
gmregd6v,21,2fon3kdf,84,portfolio,SyncMarketRound,1789449007,3,0,1
gmregd6v,22,0vm37wcl,84,portfolio,SyncMarketRound,1789449007,3,0,1
gmregd6v,19,hh695q6a,84,portfolio,SyncMarketRound,1789449007,3,0,1
gmregd6v,20,2w7wmunp,84,portfolio,SyncMarketRound,1789449007,3,0,1
gmregd6v,6,g5ct4rg0,84,portfolio,SyncMarketRound,1789449007,3,0,1
gmregd6v,7,utr109q6,84,portfolio,SyncMarketRound,1789449007,3,0,1
gmregd6v,8,uza1lz8f,84,portfolio,SyncMarketRound,1789449007,3,0,1
gmregd6v,18,3th28718,84,portfolio,SyncMarketRound,1789449007,3,0,1
gmregd6v,23,9902h2kd,84,portfolio,SyncMarketRound,1789449007,3,0,1
gmregd6v,1,fwrj2jat,84,portfolio,SyncMarketRound,1789449007,3,0,1
gmregd6v,2,0vigghqi,84,portfolio,SyncMarketRound,1789449007,3,0,1
gmregd6v,3,xu6xugdp,84,portfolio,SyncMarketRound,1789449007,3,0,1
gmregd6v,4,9nn00jux,84,portfolio,SyncMarketRound,1789449007,3,0,1
gmregd6v,14,5l1yk0gm,84,portfolio,SyncMarketRound,1789449007,3,0,1
gmregd6v,24,snwy0w01,84,portfolio,SyncMarketRound,1789449007,3,0,1
gmregd6v,25,yaickank,84,portfolio,SyncMarketRound,1789449007,3,0,1
gmregd6v,21,2fon3kdf,103,portfolio,PageBidExperience,1789449022,4,0,0
gmregd6v,17,hpzf5xgg,103,portfolio,PageBidExperience,1789449023,4,0,0
gmregd6v,6,g5ct4rg0,103,portfolio,PageBidExperience,1789449025,4,0,0
gmregd6v,19,hh695q6a,103,portfolio,PageBidExperience,1789449025,4,0,0
gmregd6v,9,3z6ed32t,103,portfolio,PageBidExperience,1789449032,4,0,0
gmregd6v,1,fwrj2jat,103,portfolio,PageBidExperience,1789449032,4,0,0
gmregd6v,14,5l1yk0gm,103,portfolio,PageBidExperience,1789449032,4,0,0
gmregd6v,10,pzsakpjx,103,portfolio,PageBidExperience,1789449035,4,0,0
gmregd6v,13,dqn940v4,103,portfolio,PageBidExperience,1789449042,4,0,0
gmregd6v,22,0vm37wcl,103,portfolio,PageBidExperience,1789449043,4,0,0
gmregd6v,20,2w7wmunp,103,portfolio,PageBidExperience,1789449043,4,0,0
gmregd6v,12,jzoxfyc2,103,portfolio,PageBidExperience,1789449050,4,0,0
gmregd6v,23,9902h2kd,103,portfolio,PageBidExperience,1789449051,4,0,0
gmregd6v,5,d8azp69w,103,portfolio,PageBidExperience,1789449051,4,0,0
gmregd6v,25,yaickank,103,portfolio,PageBidExperience,1789449053,4,0,0
gmregd6v,3,xu6xugdp,103,portfolio,PageBidExperience,1789449063,4,0,0
gmregd6v,15,3fdg4ref,103,portfolio,PageBidExperience,1789449064,4,0,0
gmregd6v,16,iliayit3,103,portfolio,PageBidExperience,1789449066,4,0,0
gmregd6v,2,0vigghqi,103,portfolio,PageBidExperience,1789449075,4,0,0
gmregd6v,11,h4hoh39u,103,portfolio,PageBidExperience,1789449085,4,0,0
gmregd6v,15,3fdg4ref,112,portfolio,Clearing,1789449085,4,0,1
gmregd6v,11,h4hoh39u,112,portfolio,Clearing,1789449085,4,0,1
gmregd6v,12,jzoxfyc2,112,portfolio,Clearing,1789449085,4,0,1
gmregd6v,13,dqn940v4,112,portfolio,Clearing,1789449085,4,0,1
gmregd6v,14,5l1yk0gm,112,portfolio,Clearing,1789449085,4,0,1
gmregd6v,7,utr109q6,103,portfolio,PageBidExperience,1789449094,4,0,0
gmregd6v,8,uza1lz8f,103,portfolio,PageBidExperience,1789449096,4,0,0
gmregd6v,6,g5ct4rg0,112,portfolio,Clearing,1789449096,4,0,1
gmregd6v,7,utr109q6,112,portfolio,Clearing,1789449096,4,0,1
gmregd6v,8,uza1lz8f,112,portfolio,Clearing,1789449096,4,0,1
gmregd6v,9,3z6ed32t,112,portfolio,Clearing,1789449096,4,0,1
gmregd6v,10,pzsakpjx,112,portfolio,Clearing,1789449096,4,0,1
gmregd6v,18,3th28718,103,portfolio,PageBidExperience,1789449099,4,0,0
gmregd6v,17,hpzf5xgg,112,portfolio,Clearing,1789449099,4,0,1
gmregd6v,18,3th28718,112,portfolio,Clearing,1789449099,4,0,1
gmregd6v,20,2w7wmunp,112,portfolio,Clearing,1789449099,4,0,1
gmregd6v,19,hh695q6a,112,portfolio,Clearing,1789449099,4,0,1
gmregd6v,16,iliayit3,112,portfolio,Clearing,1789449099,4,0,1
gmregd6v,4,9nn00jux,103,portfolio,PageBidExperience,1789449119,4,0,0
gmregd6v,1,fwrj2jat,112,portfolio,Clearing,1789449120,4,0,1
gmregd6v,2,0vigghqi,112,portfolio,Clearing,1789449120,4,0,1
gmregd6v,3,xu6xugdp,112,portfolio,Clearing,1789449120,4,0,1
gmregd6v,4,9nn00jux,112,portfolio,Clearing,1789449120,4,0,1
gmregd6v,5,d8azp69w,112,portfolio,Clearing,1789449120,4,0,1
gmregd6v,24,snwy0w01,103,portfolio,PageBidExperience,1789449132,4,0,0
gmregd6v,21,2fon3kdf,112,portfolio,Clearing,1789449132,4,0,1
gmregd6v,24,snwy0w01,112,portfolio,Clearing,1789449132,4,0,1
gmregd6v,22,0vm37wcl,112,portfolio,Clearing,1789449132,4,0,1
gmregd6v,23,9902h2kd,112,portfolio,Clearing,1789449132,4,0,1
gmregd6v,25,yaickank,112,portfolio,Clearing,1789449132,4,0,1
gmregd6v,21,2fon3kdf,113,portfolio,SyncMarketRound,1789449133,4,0,1
gmregd6v,15,3fdg4ref,113,portfolio,SyncMarketRound,1789449133,4,0,1
gmregd6v,17,hpzf5xgg,113,portfolio,SyncMarketRound,1789449133,4,0,1
gmregd6v,18,3th28718,113,portfolio,SyncMarketRound,1789449133,4,0,1
gmregd6v,20,2w7wmunp,113,portfolio,SyncMarketRound,1789449133,4,0,1
gmregd6v,1,fwrj2jat,113,portfolio,SyncMarketRound,1789449133,4,0,1
gmregd6v,2,0vigghqi,113,portfolio,SyncMarketRound,1789449133,4,0,1
gmregd6v,3,xu6xugdp,113,portfolio,SyncMarketRound,1789449133,4,0,1
gmregd6v,4,9nn00jux,113,portfolio,SyncMarketRound,1789449133,4,0,1
gmregd6v,6,g5ct4rg0,113,portfolio,SyncMarketRound,1789449133,4,0,1
gmregd6v,7,utr109q6,113,portfolio,SyncMarketRound,1789449133,4,0,1
gmregd6v,8,uza1lz8f,113,portfolio,SyncMarketRound,1789449133,4,0,1
gmregd6v,11,h4hoh39u,113,portfolio,SyncMarketRound,1789449133,4,0,1
gmregd6v,12,jzoxfyc2,113,portfolio,SyncMarketRound,1789449133,4,0,1
gmregd6v,13,dqn940v4,113,portfolio,SyncMarketRound,1789449133,4,0,1
gmregd6v,14,5l1yk0gm,113,portfolio,SyncMarketRound,1789449133,4,0,1
gmregd6v,9,3z6ed32t,113,portfolio,SyncMarketRound,1789449133,4,0,1
gmregd6v,10,pzsakpjx,113,portfolio,SyncMarketRound,1789449133,4,0,1
gmregd6v,5,d8azp69w,113,portfolio,SyncMarketRound,1789449133,4,0,1
gmregd6v,24,snwy0w01,113,portfolio,SyncMarketRound,1789449133,4,0,1
gmregd6v,19,hh695q6a,113,portfolio,SyncMarketRound,1789449133,4,0,1
gmregd6v,22,0vm37wcl,113,portfolio,SyncMarketRound,1789449133,4,0,1
gmregd6v,23,9902h2kd,113,portfolio,SyncMarketRound,1789449133,4,0,1
gmregd6v,16,iliayit3,113,portfolio,SyncMarketRound,1789449133,4,0,1
gmregd6v,25,yaickank,113,portfolio,SyncMarketRound,1789449133,4,0,1
gmregd6v,21,2fon3kdf,132,portfolio,PageBidExperience,1789449150,5,0,0
gmregd6v,19,hh695q6a,132,portfolio,PageBidExperience,1789449150,5,0,0
gmregd6v,6,g5ct4rg0,132,portfolio,PageBidExperience,1789449152,5,0,0
gmregd6v,15,3fdg4ref,132,portfolio,PageBidExperience,1789449153,5,0,0
gmregd6v,16,iliayit3,132,portfolio,PageBidExperience,1789449154,5,0,0
gmregd6v,20,2w7wmunp,132,portfolio,PageBidExperience,1789449154,5,0,0
gmregd6v,17,hpzf5xgg,132,portfolio,PageBidExperience,1789449155,5,0,0
gmregd6v,12,jzoxfyc2,132,portfolio,PageBidExperience,1789449158,5,0,0
gmregd6v,1,fwrj2jat,132,portfolio,PageBidExperience,1789449164,5,0,0
gmregd6v,7,utr109q6,132,portfolio,PageBidExperience,1789449165,5,0,0
gmregd6v,25,yaickank,132,portfolio,PageBidExperience,1789449165,5,0,0
gmregd6v,14,5l1yk0gm,132,portfolio,PageBidExperience,1789449166,5,0,0
gmregd6v,23,9902h2kd,132,portfolio,PageBidExperience,1789449169,5,0,0
gmregd6v,3,xu6xugdp,132,portfolio,PageBidExperience,1789449170,5,0,0
gmregd6v,22,0vm37wcl,132,portfolio,PageBidExperience,1789449179,5,0,0
gmregd6v,13,dqn940v4,132,portfolio,PageBidExperience,1789449181,5,0,0
gmregd6v,10,pzsakpjx,132,portfolio,PageBidExperience,1789449188,5,0,0
gmregd6v,9,3z6ed32t,132,portfolio,PageBidExperience,1789449194,5,0,0
gmregd6v,4,9nn00jux,132,portfolio,PageBidExperience,1789449198,5,0,0
gmregd6v,18,3th28718,132,portfolio,PageBidExperience,1789449203,5,0,0
gmregd6v,18,3th28718,141,portfolio,Clearing,1789449203,5,0,1
gmregd6v,19,hh695q6a,141,portfolio,Clearing,1789449203,5,0,1
gmregd6v,20,2w7wmunp,141,portfolio,Clearing,1789449203,5,0,1
gmregd6v,16,iliayit3,141,portfolio,Clearing,1789449203,5,0,1
gmregd6v,17,hpzf5xgg,141,portfolio,Clearing,1789449203,5,0,1
gmregd6v,5,d8azp69w,132,portfolio,PageBidExperience,1789449207,5,0,0
gmregd6v,2,0vigghqi,132,portfolio,PageBidExperience,1789449236,5,0,0
gmregd6v,1,fwrj2jat,141,portfolio,Clearing,1789449236,5,0,1
gmregd6v,2,0vigghqi,141,portfolio,Clearing,1789449236,5,0,1
gmregd6v,3,xu6xugdp,141,portfolio,Clearing,1789449236,5,0,1
gmregd6v,4,9nn00jux,141,portfolio,Clearing,1789449236,5,0,1
gmregd6v,5,d8azp69w,141,portfolio,Clearing,1789449236,5,0,1
gmregd6v,8,uza1lz8f,132,portfolio,PageBidExperience,1789449238,5,0,0
gmregd6v,6,g5ct4rg0,141,portfolio,Clearing,1789449238,5,0,1
gmregd6v,7,utr109q6,141,portfolio,Clearing,1789449238,5,0,1
gmregd6v,8,uza1lz8f,141,portfolio,Clearing,1789449238,5,0,1
gmregd6v,9,3z6ed32t,141,portfolio,Clearing,1789449238,5,0,1
gmregd6v,10,pzsakpjx,141,portfolio,Clearing,1789449238,5,0,1
gmregd6v,24,snwy0w01,132,portfolio,PageBidExperience,1789449245,5,0,0
gmregd6v,24,snwy0w01,141,portfolio,Clearing,1789449246,5,0,1
gmregd6v,21,2fon3kdf,141,portfolio,Clearing,1789449246,5,0,1
gmregd6v,22,0vm37wcl,141,portfolio,Clearing,1789449246,5,0,1
gmregd6v,23,9902h2kd,141,portfolio,Clearing,1789449246,5,0,1
gmregd6v,25,yaickank,141,portfolio,Clearing,1789449246,5,0,1
gmregd6v,11,h4hoh39u,132,portfolio,PageBidExperience,1789449269,5,0,0
gmregd6v,11,h4hoh39u,141,portfolio,Clearing,1789449270,5,0,1
gmregd6v,12,jzoxfyc2,141,portfolio,Clearing,1789449270,5,0,1
gmregd6v,13,dqn940v4,141,portfolio,Clearing,1789449270,5,0,1
gmregd6v,14,5l1yk0gm,141,portfolio,Clearing,1789449270,5,0,1
gmregd6v,15,3fdg4ref,141,portfolio,Clearing,1789449270,5,0,1
gmregd6v,18,3th28718,142,portfolio,SyncMarketRound,1789449271,5,0,1
gmregd6v,19,hh695q6a,142,portfolio,SyncMarketRound,1789449271,5,0,1
gmregd6v,20,2w7wmunp,142,portfolio,SyncMarketRound,1789449271,5,0,1
gmregd6v,24,snwy0w01,142,portfolio,SyncMarketRound,1789449271,5,0,1
gmregd6v,21,2fon3kdf,142,portfolio,SyncMarketRound,1789449271,5,0,1
gmregd6v,6,g5ct4rg0,142,portfolio,SyncMarketRound,1789449271,5,0,1
gmregd6v,1,fwrj2jat,142,portfolio,SyncMarketRound,1789449271,5,0,1
gmregd6v,2,0vigghqi,142,portfolio,SyncMarketRound,1789449271,5,0,1
gmregd6v,7,utr109q6,142,portfolio,SyncMarketRound,1789449271,5,0,1
gmregd6v,22,0vm37wcl,142,portfolio,SyncMarketRound,1789449271,5,0,1
gmregd6v,11,h4hoh39u,142,portfolio,SyncMarketRound,1789449271,5,0,1
gmregd6v,12,jzoxfyc2,142,portfolio,SyncMarketRound,1789449271,5,0,1
gmregd6v,8,uza1lz8f,142,portfolio,SyncMarketRound,1789449271,5,0,1
gmregd6v,13,dqn940v4,142,portfolio,SyncMarketRound,1789449271,5,0,1
gmregd6v,23,9902h2kd,142,portfolio,SyncMarketRound,1789449271,5,0,1
gmregd6v,25,yaickank,142,portfolio,SyncMarketRound,1789449271,5,0,1
gmregd6v,9,3z6ed32t,142,portfolio,SyncMarketRound,1789449271,5,0,1
gmregd6v,3,xu6xugdp,142,portfolio,SyncMarketRound,1789449271,5,0,1
gmregd6v,16,iliayit3,142,portfolio,SyncMarketRound,1789449271,5,0,1
gmregd6v,17,hpzf5xgg,142,portfolio,SyncMarketRound,1789449271,5,0,1
gmregd6v,4,9nn00jux,142,portfolio,SyncMarketRound,1789449271,5,0,1
gmregd6v,5,d8azp69w,142,portfolio,SyncMarketRound,1789449271,5,0,1
gmregd6v,10,pzsakpjx,142,portfolio,SyncMarketRound,1789449271,5,0,1
gmregd6v,14,5l1yk0gm,142,portfolio,SyncMarketRound,1789449271,5,0,1
gmregd6v,15,3fdg4ref,142,portfolio,SyncMarketRound,1789449271,5,0,1
gmregd6v,6,g5ct4rg0,161,portfolio,PageBidExperience,1789449285,6,0,0
gmregd6v,19,hh695q6a,161,portfolio,PageBidExperience,1789449287,6,0,0
gmregd6v,21,2fon3kdf,161,portfolio,PageBidExperience,1789449293,6,0,0
gmregd6v,13,dqn940v4,161,portfolio,PageBidExperience,1789449295,6,0,0
gmregd6v,3,xu6xugdp,161,portfolio,PageBidExperience,1789449296,6,0,0
gmregd6v,10,pzsakpjx,161,portfolio,PageBidExperience,1789449298,6,0,0
gmregd6v,25,yaickank,161,portfolio,PageBidExperience,1789449301,6,0,0
gmregd6v,15,3fdg4ref,161,portfolio,PageBidExperience,1789449301,6,0,0
gmregd6v,7,utr109q6,161,portfolio,PageBidExperience,1789449301,6,0,0
gmregd6v,23,9902h2kd,161,portfolio,PageBidExperience,1789449305,6,0,0
gmregd6v,22,0vm37wcl,161,portfolio,PageBidExperience,1789449311,6,0,0
gmregd6v,9,3z6ed32t,161,portfolio,PageBidExperience,1789449314,6,0,0
gmregd6v,18,3th28718,161,portfolio,PageBidExperience,1789449317,6,0,0
gmregd6v,1,fwrj2jat,161,portfolio,PageBidExperience,1789449319,6,0,0
gmregd6v,12,jzoxfyc2,161,portfolio,PageBidExperience,1789449321,6,0,0
gmregd6v,17,hpzf5xgg,161,portfolio,PageBidExperience,1789449325,6,0,0
gmregd6v,14,5l1yk0gm,161,portfolio,PageBidExperience,1789449330,6,0,0
gmregd6v,2,0vigghqi,161,portfolio,PageBidExperience,1789449332,6,0,0
gmregd6v,4,9nn00jux,161,portfolio,PageBidExperience,1789449340,6,0,0
gmregd6v,5,d8azp69w,161,portfolio,PageBidExperience,1789449350,6,0,0
gmregd6v,1,fwrj2jat,170,portfolio,Clearing,1789449350,6,0,1
gmregd6v,2,0vigghqi,170,portfolio,Clearing,1789449350,6,0,1
gmregd6v,3,xu6xugdp,170,portfolio,Clearing,1789449350,6,0,1
gmregd6v,4,9nn00jux,170,portfolio,Clearing,1789449350,6,0,1
gmregd6v,5,d8azp69w,170,portfolio,Clearing,1789449350,6,0,1
gmregd6v,11,h4hoh39u,161,portfolio,PageBidExperience,1789449356,6,0,0
gmregd6v,11,h4hoh39u,170,portfolio,Clearing,1789449356,6,0,1
gmregd6v,13,dqn940v4,170,portfolio,Clearing,1789449356,6,0,1
gmregd6v,14,5l1yk0gm,170,portfolio,Clearing,1789449356,6,0,1
gmregd6v,15,3fdg4ref,170,portfolio,Clearing,1789449356,6,0,1
gmregd6v,12,jzoxfyc2,170,portfolio,Clearing,1789449356,6,0,1
gmregd6v,24,snwy0w01,161,portfolio,PageBidExperience,1789449356,6,0,0
gmregd6v,21,2fon3kdf,170,portfolio,Clearing,1789449356,6,0,1
gmregd6v,22,0vm37wcl,170,portfolio,Clearing,1789449356,6,0,1
gmregd6v,23,9902h2kd,170,portfolio,Clearing,1789449356,6,0,1
gmregd6v,24,snwy0w01,170,portfolio,Clearing,1789449356,6,0,1
gmregd6v,25,yaickank,170,portfolio,Clearing,1789449356,6,0,1
gmregd6v,16,iliayit3,161,portfolio,PageBidExperience,1789449382,6,0,0
gmregd6v,20,2w7wmunp,161,portfolio,PageBidExperience,1789449382,6,0,0
gmregd6v,16,iliayit3,170,portfolio,Clearing,1789449382,6,0,1
gmregd6v,17,hpzf5xgg,170,portfolio,Clearing,1789449382,6,0,1
gmregd6v,19,hh695q6a,170,portfolio,Clearing,1789449382,6,0,1
gmregd6v,20,2w7wmunp,170,portfolio,Clearing,1789449382,6,0,1
gmregd6v,18,3th28718,170,portfolio,Clearing,1789449382,6,0,1
gmregd6v,8,uza1lz8f,161,portfolio,PageBidExperience,1789449407,6,0,0
gmregd6v,6,g5ct4rg0,170,portfolio,Clearing,1789449408,6,0,1
gmregd6v,7,utr109q6,170,portfolio,Clearing,1789449408,6,0,1
gmregd6v,8,uza1lz8f,170,portfolio,Clearing,1789449408,6,0,1
gmregd6v,9,3z6ed32t,170,portfolio,Clearing,1789449408,6,0,1
gmregd6v,10,pzsakpjx,170,portfolio,Clearing,1789449408,6,0,1
gmregd6v,1,fwrj2jat,171,portfolio,SyncMarketRound,1789449409,6,0,1
gmregd6v,2,0vigghqi,171,portfolio,SyncMarketRound,1789449409,6,0,1
gmregd6v,3,xu6xugdp,171,portfolio,SyncMarketRound,1789449409,6,0,1
gmregd6v,4,9nn00jux,171,portfolio,SyncMarketRound,1789449409,6,0,1
gmregd6v,11,h4hoh39u,171,portfolio,SyncMarketRound,1789449409,6,0,1
gmregd6v,13,dqn940v4,171,portfolio,SyncMarketRound,1789449409,6,0,1
gmregd6v,14,5l1yk0gm,171,portfolio,SyncMarketRound,1789449409,6,0,1
gmregd6v,15,3fdg4ref,171,portfolio,SyncMarketRound,1789449409,6,0,1
gmregd6v,21,2fon3kdf,171,portfolio,SyncMarketRound,1789449409,6,0,1
gmregd6v,22,0vm37wcl,171,portfolio,SyncMarketRound,1789449409,6,0,1
gmregd6v,23,9902h2kd,171,portfolio,SyncMarketRound,1789449409,6,0,1
gmregd6v,24,snwy0w01,171,portfolio,SyncMarketRound,1789449409,6,0,1
gmregd6v,25,yaickank,171,portfolio,SyncMarketRound,1789449409,6,0,1
gmregd6v,16,iliayit3,171,portfolio,SyncMarketRound,1789449409,6,0,1
gmregd6v,17,hpzf5xgg,171,portfolio,SyncMarketRound,1789449409,6,0,1
gmregd6v,19,hh695q6a,171,portfolio,SyncMarketRound,1789449409,6,0,1
gmregd6v,20,2w7wmunp,171,portfolio,SyncMarketRound,1789449409,6,0,1
gmregd6v,6,g5ct4rg0,171,portfolio,SyncMarketRound,1789449409,6,0,1
gmregd6v,7,utr109q6,171,portfolio,SyncMarketRound,1789449409,6,0,1
gmregd6v,8,uza1lz8f,171,portfolio,SyncMarketRound,1789449409,6,0,1
gmregd6v,9,3z6ed32t,171,portfolio,SyncMarketRound,1789449409,6,0,1
gmregd6v,10,pzsakpjx,171,portfolio,SyncMarketRound,1789449409,6,0,1
gmregd6v,12,jzoxfyc2,171,portfolio,SyncMarketRound,1789449409,6,0,1
gmregd6v,5,d8azp69w,171,portfolio,SyncMarketRound,1789449409,6,0,1
gmregd6v,18,3th28718,171,portfolio,SyncMarketRound,1789449409,6,0,1
gmregd6v,6,g5ct4rg0,190,portfolio,PageBidExperience,1789449424,7,0,0
gmregd6v,9,3z6ed32t,190,portfolio,PageBidExperience,1789449426,7,0,0
gmregd6v,14,5l1yk0gm,190,portfolio,PageBidExperience,1789449426,7,0,0
gmregd6v,10,pzsakpjx,190,portfolio,PageBidExperience,1789449431,7,0,0
gmregd6v,7,utr109q6,190,portfolio,PageBidExperience,1789449431,7,0,0
gmregd6v,21,2fon3kdf,190,portfolio,PageBidExperience,1789449432,7,0,0
gmregd6v,13,dqn940v4,190,portfolio,PageBidExperience,1789449433,7,0,0
gmregd6v,5,d8azp69w,190,portfolio,PageBidExperience,1789449434,7,0,0
gmregd6v,22,0vm37wcl,190,portfolio,PageBidExperience,1789449434,7,0,0
gmregd6v,1,fwrj2jat,190,portfolio,PageBidExperience,1789449436,7,0,0
gmregd6v,19,hh695q6a,190,portfolio,PageBidExperience,1789449436,7,0,0
gmregd6v,16,iliayit3,190,portfolio,PageBidExperience,1789449437,7,0,0
gmregd6v,3,xu6xugdp,190,portfolio,PageBidExperience,1789449445,7,0,0
gmregd6v,23,9902h2kd,190,portfolio,PageBidExperience,1789449446,7,0,0
gmregd6v,17,hpzf5xgg,190,portfolio,PageBidExperience,1789449447,7,0,0
gmregd6v,15,3fdg4ref,190,portfolio,PageBidExperience,1789449448,7,0,0
gmregd6v,18,3th28718,190,portfolio,PageBidExperience,1789449451,7,0,0
gmregd6v,20,2w7wmunp,190,portfolio,PageBidExperience,1789449452,7,0,0
gmregd6v,18,3th28718,199,portfolio,Clearing,1789449452,7,0,1
gmregd6v,16,iliayit3,199,portfolio,Clearing,1789449452,7,0,1
gmregd6v,17,hpzf5xgg,199,portfolio,Clearing,1789449452,7,0,1
gmregd6v,19,hh695q6a,199,portfolio,Clearing,1789449452,7,0,1
gmregd6v,20,2w7wmunp,199,portfolio,Clearing,1789449452,7,0,1
gmregd6v,25,yaickank,190,portfolio,PageBidExperience,1789449455,7,0,0
gmregd6v,12,jzoxfyc2,190,portfolio,PageBidExperience,1789449456,7,0,0
gmregd6v,8,uza1lz8f,190,portfolio,PageBidExperience,1789449470,7,0,0
gmregd6v,6,g5ct4rg0,199,portfolio,Clearing,1789449470,7,0,1
gmregd6v,9,3z6ed32t,199,portfolio,Clearing,1789449470,7,0,1
gmregd6v,10,pzsakpjx,199,portfolio,Clearing,1789449470,7,0,1
gmregd6v,7,utr109q6,199,portfolio,Clearing,1789449470,7,0,1
gmregd6v,8,uza1lz8f,199,portfolio,Clearing,1789449470,7,0,1
gmregd6v,4,9nn00jux,190,portfolio,PageBidExperience,1789449487,7,0,0
gmregd6v,24,snwy0w01,190,portfolio,PageBidExperience,1789449497,7,0,0
gmregd6v,23,9902h2kd,199,portfolio,Clearing,1789449497,7,0,1
gmregd6v,21,2fon3kdf,199,portfolio,Clearing,1789449497,7,0,1
gmregd6v,22,0vm37wcl,199,portfolio,Clearing,1789449497,7,0,1
gmregd6v,24,snwy0w01,199,portfolio,Clearing,1789449497,7,0,1
gmregd6v,25,yaickank,199,portfolio,Clearing,1789449497,7,0,1
gmregd6v,2,0vigghqi,190,portfolio,PageBidExperience,1789449500,7,0,0
gmregd6v,1,fwrj2jat,199,portfolio,Clearing,1789449500,7,0,1
gmregd6v,5,d8azp69w,199,portfolio,Clearing,1789449500,7,0,1
gmregd6v,2,0vigghqi,199,portfolio,Clearing,1789449500,7,0,1
gmregd6v,3,xu6xugdp,199,portfolio,Clearing,1789449500,7,0,1
gmregd6v,4,9nn00jux,199,portfolio,Clearing,1789449500,7,0,1
gmregd6v,11,h4hoh39u,190,portfolio,PageBidExperience,1789449503,7,0,0
gmregd6v,14,5l1yk0gm,199,portfolio,Clearing,1789449503,7,0,1
gmregd6v,11,h4hoh39u,199,portfolio,Clearing,1789449503,7,0,1
gmregd6v,12,jzoxfyc2,199,portfolio,Clearing,1789449503,7,0,1
gmregd6v,13,dqn940v4,199,portfolio,Clearing,1789449503,7,0,1
gmregd6v,15,3fdg4ref,199,portfolio,Clearing,1789449503,7,0,1
gmregd6v,6,g5ct4rg0,200,portfolio,SyncMarketRound,1789449504,7,0,1
gmregd6v,9,3z6ed32t,200,portfolio,SyncMarketRound,1789449504,7,0,1
gmregd6v,14,5l1yk0gm,200,portfolio,SyncMarketRound,1789449504,7,0,1
gmregd6v,1,fwrj2jat,200,portfolio,SyncMarketRound,1789449504,7,0,1
gmregd6v,5,d8azp69w,200,portfolio,SyncMarketRound,1789449504,7,0,1
gmregd6v,11,h4hoh39u,200,portfolio,SyncMarketRound,1789449504,7,0,1
gmregd6v,10,pzsakpjx,200,portfolio,SyncMarketRound,1789449504,7,0,1
gmregd6v,23,9902h2kd,200,portfolio,SyncMarketRound,1789449504,7,0,1
gmregd6v,12,jzoxfyc2,200,portfolio,SyncMarketRound,1789449504,7,0,1
gmregd6v,18,3th28718,200,portfolio,SyncMarketRound,1789449504,7,0,1
gmregd6v,21,2fon3kdf,200,portfolio,SyncMarketRound,1789449504,7,0,1
gmregd6v,16,iliayit3,200,portfolio,SyncMarketRound,1789449504,7,0,1
gmregd6v,17,hpzf5xgg,200,portfolio,SyncMarketRound,1789449504,7,0,1
gmregd6v,19,hh695q6a,200,portfolio,SyncMarketRound,1789449504,7,0,1
gmregd6v,20,2w7wmunp,200,portfolio,SyncMarketRound,1789449504,7,0,1
gmregd6v,13,dqn940v4,200,portfolio,SyncMarketRound,1789449504,7,0,1
gmregd6v,2,0vigghqi,200,portfolio,SyncMarketRound,1789449504,7,0,1
gmregd6v,7,utr109q6,200,portfolio,SyncMarketRound,1789449504,7,0,1
gmregd6v,8,uza1lz8f,200,portfolio,SyncMarketRound,1789449504,7,0,1
gmregd6v,22,0vm37wcl,200,portfolio,SyncMarketRound,1789449504,7,0,1
gmregd6v,24,snwy0w01,200,portfolio,SyncMarketRound,1789449504,7,0,1
gmregd6v,25,yaickank,200,portfolio,SyncMarketRound,1789449504,7,0,1
gmregd6v,3,xu6xugdp,200,portfolio,SyncMarketRound,1789449504,7,0,1
gmregd6v,4,9nn00jux,200,portfolio,SyncMarketRound,1789449504,7,0,1
gmregd6v,15,3fdg4ref,200,portfolio,SyncMarketRound,1789449504,7,0,1
gmregd6v,21,2fon3kdf,219,portfolio,PageBidExperience,1789449522,8,0,0
gmregd6v,6,g5ct4rg0,219,portfolio,PageBidExperience,1789449523,8,0,0
gmregd6v,19,hh695q6a,219,portfolio,PageBidExperience,1789449525,8,0,0
gmregd6v,16,iliayit3,219,portfolio,PageBidExperience,1789449526,8,0,0
gmregd6v,3,xu6xugdp,219,portfolio,PageBidExperience,1789449526,8,0,0
gmregd6v,13,dqn940v4,219,portfolio,PageBidExperience,1789449527,8,0,0
gmregd6v,11,h4hoh39u,219,portfolio,PageBidExperience,1789449528,8,0,0
gmregd6v,20,2w7wmunp,219,portfolio,PageBidExperience,1789449530,8,0,0
gmregd6v,10,pzsakpjx,219,portfolio,PageBidExperience,1789449530,8,0,0
gmregd6v,15,3fdg4ref,219,portfolio,PageBidExperience,1789449532,8,0,0
gmregd6v,14,5l1yk0gm,219,portfolio,PageBidExperience,1789449534,8,0,0
gmregd6v,17,hpzf5xgg,219,portfolio,PageBidExperience,1789449535,8,0,0
gmregd6v,22,0vm37wcl,219,portfolio,PageBidExperience,1789449536,8,0,0
gmregd6v,23,9902h2kd,219,portfolio,PageBidExperience,1789449537,8,0,0
gmregd6v,9,3z6ed32t,219,portfolio,PageBidExperience,1789449540,8,0,0
gmregd6v,5,d8azp69w,219,portfolio,PageBidExperience,1789449541,8,0,0
gmregd6v,25,yaickank,219,portfolio,PageBidExperience,1789449543,8,0,0
gmregd6v,12,jzoxfyc2,219,portfolio,PageBidExperience,1789449544,8,0,0
gmregd6v,12,jzoxfyc2,228,portfolio,Clearing,1789449544,8,0,1
gmregd6v,13,dqn940v4,228,portfolio,Clearing,1789449544,8,0,1
gmregd6v,14,5l1yk0gm,228,portfolio,Clearing,1789449544,8,0,1
gmregd6v,15,3fdg4ref,228,portfolio,Clearing,1789449544,8,0,1
gmregd6v,11,h4hoh39u,228,portfolio,Clearing,1789449544,8,0,1
gmregd6v,18,3th28718,219,portfolio,PageBidExperience,1789449544,8,0,0
gmregd6v,1,fwrj2jat,219,portfolio,PageBidExperience,1789449544,8,0,0
gmregd6v,20,2w7wmunp,228,portfolio,Clearing,1789449545,8,0,1
gmregd6v,16,iliayit3,228,portfolio,Clearing,1789449545,8,0,1
gmregd6v,17,hpzf5xgg,228,portfolio,Clearing,1789449545,8,0,1
gmregd6v,18,3th28718,228,portfolio,Clearing,1789449545,8,0,1
gmregd6v,19,hh695q6a,228,portfolio,Clearing,1789449545,8,0,1
gmregd6v,7,utr109q6,219,portfolio,PageBidExperience,1789449546,8,0,0
gmregd6v,2,0vigghqi,219,portfolio,PageBidExperience,1789449569,8,0,0
gmregd6v,8,uza1lz8f,219,portfolio,PageBidExperience,1789449570,8,0,0
gmregd6v,6,g5ct4rg0,228,portfolio,Clearing,1789449570,8,0,1
gmregd6v,7,utr109q6,228,portfolio,Clearing,1789449570,8,0,1
gmregd6v,8,uza1lz8f,228,portfolio,Clearing,1789449570,8,0,1
gmregd6v,9,3z6ed32t,228,portfolio,Clearing,1789449570,8,0,1
gmregd6v,10,pzsakpjx,228,portfolio,Clearing,1789449570,8,0,1
gmregd6v,24,snwy0w01,219,portfolio,PageBidExperience,1789449573,8,0,0
gmregd6v,21,2fon3kdf,228,portfolio,Clearing,1789449573,8,0,1
gmregd6v,22,0vm37wcl,228,portfolio,Clearing,1789449573,8,0,1
gmregd6v,23,9902h2kd,228,portfolio,Clearing,1789449573,8,0,1
gmregd6v,24,snwy0w01,228,portfolio,Clearing,1789449573,8,0,1
gmregd6v,25,yaickank,228,portfolio,Clearing,1789449573,8,0,1
gmregd6v,4,9nn00jux,219,portfolio,PageBidExperience,1789449594,8,0,0
gmregd6v,1,fwrj2jat,228,portfolio,Clearing,1789449594,8,0,1
gmregd6v,2,0vigghqi,228,portfolio,Clearing,1789449594,8,0,1
gmregd6v,3,xu6xugdp,228,portfolio,Clearing,1789449594,8,0,1
gmregd6v,4,9nn00jux,228,portfolio,Clearing,1789449594,8,0,1
gmregd6v,5,d8azp69w,228,portfolio,Clearing,1789449594,8,0,1
gmregd6v,20,2w7wmunp,229,portfolio,SyncMarketRound,1789449595,8,0,1
gmregd6v,12,jzoxfyc2,229,portfolio,SyncMarketRound,1789449595,8,0,1
gmregd6v,13,dqn940v4,229,portfolio,SyncMarketRound,1789449595,8,0,1
gmregd6v,14,5l1yk0gm,229,portfolio,SyncMarketRound,1789449595,8,0,1
gmregd6v,15,3fdg4ref,229,portfolio,SyncMarketRound,1789449595,8,0,1
gmregd6v,21,2fon3kdf,229,portfolio,SyncMarketRound,1789449595,8,0,1
gmregd6v,1,fwrj2jat,229,portfolio,SyncMarketRound,1789449595,8,0,1
gmregd6v,2,0vigghqi,229,portfolio,SyncMarketRound,1789449595,8,0,1
gmregd6v,6,g5ct4rg0,229,portfolio,SyncMarketRound,1789449595,8,0,1
gmregd6v,7,utr109q6,229,portfolio,SyncMarketRound,1789449595,8,0,1
gmregd6v,8,uza1lz8f,229,portfolio,SyncMarketRound,1789449595,8,0,1
gmregd6v,9,3z6ed32t,229,portfolio,SyncMarketRound,1789449595,8,0,1
gmregd6v,3,xu6xugdp,229,portfolio,SyncMarketRound,1789449595,8,0,1
gmregd6v,4,9nn00jux,229,portfolio,SyncMarketRound,1789449595,8,0,1
gmregd6v,5,d8azp69w,229,portfolio,SyncMarketRound,1789449595,8,0,1
gmregd6v,16,iliayit3,229,portfolio,SyncMarketRound,1789449595,8,0,1
gmregd6v,17,hpzf5xgg,229,portfolio,SyncMarketRound,1789449595,8,0,1
gmregd6v,18,3th28718,229,portfolio,SyncMarketRound,1789449595,8,0,1
gmregd6v,19,hh695q6a,229,portfolio,SyncMarketRound,1789449595,8,0,1
gmregd6v,22,0vm37wcl,229,portfolio,SyncMarketRound,1789449595,8,0,1
gmregd6v,23,9902h2kd,229,portfolio,SyncMarketRound,1789449595,8,0,1
gmregd6v,24,snwy0w01,229,portfolio,SyncMarketRound,1789449595,8,0,1
gmregd6v,25,yaickank,229,portfolio,SyncMarketRound,1789449595,8,0,1
gmregd6v,10,pzsakpjx,229,portfolio,SyncMarketRound,1789449595,8,0,1
gmregd6v,11,h4hoh39u,229,portfolio,SyncMarketRound,1789449595,8,0,1
gmregd6v,6,g5ct4rg0,248,portfolio,PageBidExperience,1789449613,9,0,0
gmregd6v,10,pzsakpjx,248,portfolio,PageBidExperience,1789449614,9,0,0
gmregd6v,13,dqn940v4,248,portfolio,PageBidExperience,1789449619,9,0,0
gmregd6v,20,2w7wmunp,248,portfolio,PageBidExperience,1789449622,9,0,0
gmregd6v,19,hh695q6a,248,portfolio,PageBidExperience,1789449625,9,0,0
gmregd6v,23,9902h2kd,248,portfolio,PageBidExperience,1789449626,9,0,0
gmregd6v,17,hpzf5xgg,248,portfolio,PageBidExperience,1789449629,9,0,0
gmregd6v,16,iliayit3,248,portfolio,PageBidExperience,1789449632,9,0,0
gmregd6v,3,xu6xugdp,248,portfolio,PageBidExperience,1789449632,9,0,0
gmregd6v,25,yaickank,248,portfolio,PageBidExperience,1789449633,9,0,0
gmregd6v,12,jzoxfyc2,248,portfolio,PageBidExperience,1789449634,9,0,0
gmregd6v,9,3z6ed32t,248,portfolio,PageBidExperience,1789449634,9,0,0
gmregd6v,7,utr109q6,248,portfolio,PageBidExperience,1789449634,9,0,0
gmregd6v,18,3th28718,248,portfolio,PageBidExperience,1789449635,9,0,0
gmregd6v,16,iliayit3,257,portfolio,Clearing,1789449635,9,0,1
gmregd6v,17,hpzf5xgg,257,portfolio,Clearing,1789449635,9,0,1
gmregd6v,18,3th28718,257,portfolio,Clearing,1789449635,9,0,1
gmregd6v,20,2w7wmunp,257,portfolio,Clearing,1789449635,9,0,1
gmregd6v,19,hh695q6a,257,portfolio,Clearing,1789449635,9,0,1
gmregd6v,22,0vm37wcl,248,portfolio,PageBidExperience,1789449636,9,0,0
gmregd6v,15,3fdg4ref,248,portfolio,PageBidExperience,1789449637,9,0,0
gmregd6v,8,uza1lz8f,248,portfolio,PageBidExperience,1789449639,9,0,0
gmregd6v,6,g5ct4rg0,257,portfolio,Clearing,1789449639,9,0,1
gmregd6v,7,utr109q6,257,portfolio,Clearing,1789449639,9,0,1
gmregd6v,10,pzsakpjx,257,portfolio,Clearing,1789449639,9,0,1
gmregd6v,9,3z6ed32t,257,portfolio,Clearing,1789449639,9,0,1
gmregd6v,8,uza1lz8f,257,portfolio,Clearing,1789449639,9,0,1
gmregd6v,5,d8azp69w,248,portfolio,PageBidExperience,1789449640,9,0,0
gmregd6v,21,2fon3kdf,248,portfolio,PageBidExperience,1789449640,9,0,0
gmregd6v,14,5l1yk0gm,248,portfolio,PageBidExperience,1789449641,9,0,0
gmregd6v,2,0vigghqi,248,portfolio,PageBidExperience,1789449642,9,0,0
gmregd6v,1,fwrj2jat,248,portfolio,PageBidExperience,1789449644,9,0,0
gmregd6v,11,h4hoh39u,248,portfolio,PageBidExperience,1789449658,9,0,0
gmregd6v,15,3fdg4ref,257,portfolio,Clearing,1789449659,9,0,1
gmregd6v,11,h4hoh39u,257,portfolio,Clearing,1789449659,9,0,1
gmregd6v,12,jzoxfyc2,257,portfolio,Clearing,1789449659,9,0,1
gmregd6v,13,dqn940v4,257,portfolio,Clearing,1789449659,9,0,1
gmregd6v,14,5l1yk0gm,257,portfolio,Clearing,1789449659,9,0,1
gmregd6v,24,snwy0w01,248,portfolio,PageBidExperience,1789449670,9,0,0
gmregd6v,21,2fon3kdf,257,portfolio,Clearing,1789449670,9,0,1
gmregd6v,22,0vm37wcl,257,portfolio,Clearing,1789449670,9,0,1
gmregd6v,23,9902h2kd,257,portfolio,Clearing,1789449670,9,0,1
gmregd6v,24,snwy0w01,257,portfolio,Clearing,1789449670,9,0,1
gmregd6v,25,yaickank,257,portfolio,Clearing,1789449670,9,0,1
gmregd6v,4,9nn00jux,248,portfolio,PageBidExperience,1789449670,9,0,0
gmregd6v,2,0vigghqi,257,portfolio,Clearing,1789449671,9,0,1
gmregd6v,3,xu6xugdp,257,portfolio,Clearing,1789449671,9,0,1
gmregd6v,4,9nn00jux,257,portfolio,Clearing,1789449671,9,0,1
gmregd6v,5,d8azp69w,257,portfolio,Clearing,1789449671,9,0,1
gmregd6v,1,fwrj2jat,257,portfolio,Clearing,1789449671,9,0,1
gmregd6v,10,pzsakpjx,258,portfolio,SyncMarketRound,1789449671,9,0,1
gmregd6v,15,3fdg4ref,258,portfolio,SyncMarketRound,1789449671,9,0,1
gmregd6v,2,0vigghqi,258,portfolio,SyncMarketRound,1789449671,9,0,1
gmregd6v,3,xu6xugdp,258,portfolio,SyncMarketRound,1789449671,9,0,1
gmregd6v,21,2fon3kdf,258,portfolio,SyncMarketRound,1789449671,9,0,1
gmregd6v,4,9nn00jux,258,portfolio,SyncMarketRound,1789449671,9,0,1
gmregd6v,17,hpzf5xgg,258,portfolio,SyncMarketRound,1789449671,9,0,1
gmregd6v,22,0vm37wcl,258,portfolio,SyncMarketRound,1789449671,9,0,1
gmregd6v,5,d8azp69w,258,portfolio,SyncMarketRound,1789449671,9,0,1
gmregd6v,23,9902h2kd,258,portfolio,SyncMarketRound,1789449671,9,0,1
gmregd6v,1,fwrj2jat,258,portfolio,SyncMarketRound,1789449671,9,0,1
gmregd6v,6,g5ct4rg0,258,portfolio,SyncMarketRound,1789449671,9,0,1
gmregd6v,16,iliayit3,258,portfolio,SyncMarketRound,1789449671,9,0,1
gmregd6v,18,3th28718,258,portfolio,SyncMarketRound,1789449671,9,0,1
gmregd6v,19,hh695q6a,258,portfolio,SyncMarketRound,1789449671,9,0,1
gmregd6v,20,2w7wmunp,258,portfolio,SyncMarketRound,1789449671,9,0,1
gmregd6v,7,utr109q6,258,portfolio,SyncMarketRound,1789449671,9,0,1
gmregd6v,8,uza1lz8f,258,portfolio,SyncMarketRound,1789449671,9,0,1
gmregd6v,9,3z6ed32t,258,portfolio,SyncMarketRound,1789449671,9,0,1
gmregd6v,24,snwy0w01,258,portfolio,SyncMarketRound,1789449671,9,0,1
gmregd6v,11,h4hoh39u,258,portfolio,SyncMarketRound,1789449671,9,0,1
gmregd6v,12,jzoxfyc2,258,portfolio,SyncMarketRound,1789449671,9,0,1
gmregd6v,13,dqn940v4,258,portfolio,SyncMarketRound,1789449671,9,0,1
gmregd6v,14,5l1yk0gm,258,portfolio,SyncMarketRound,1789449671,9,0,1
gmregd6v,25,yaickank,258,portfolio,SyncMarketRound,1789449671,9,0,1
gmregd6v,6,g5ct4rg0,277,portfolio,PageBidExperience,1789449687,10,0,0
gmregd6v,13,dqn940v4,277,portfolio,PageBidExperience,1789449694,10,0,0
gmregd6v,16,iliayit3,277,portfolio,PageBidExperience,1789449694,10,0,0
gmregd6v,23,9902h2kd,277,portfolio,PageBidExperience,1789449695,10,0,0
gmregd6v,21,2fon3kdf,277,portfolio,PageBidExperience,1789449699,10,0,0
gmregd6v,9,3z6ed32t,277,portfolio,PageBidExperience,1789449700,10,0,0
gmregd6v,14,5l1yk0gm,277,portfolio,PageBidExperience,1789449700,10,0,0
gmregd6v,24,snwy0w01,277,portfolio,PageBidExperience,1789449700,10,0,0
gmregd6v,15,3fdg4ref,277,portfolio,PageBidExperience,1789449701,10,0,0
gmregd6v,10,pzsakpjx,277,portfolio,PageBidExperience,1789449701,10,0,0
gmregd6v,12,jzoxfyc2,277,portfolio,PageBidExperience,1789449703,10,0,0
gmregd6v,19,hh695q6a,277,portfolio,PageBidExperience,1789449704,10,0,0
gmregd6v,25,yaickank,277,portfolio,PageBidExperience,1789449705,10,0,0
gmregd6v,5,d8azp69w,277,portfolio,PageBidExperience,1789449706,10,0,0
gmregd6v,11,h4hoh39u,277,portfolio,PageBidExperience,1789449709,10,0,0
gmregd6v,12,jzoxfyc2,286,portfolio,Clearing,1789449709,10,0,1
gmregd6v,13,dqn940v4,286,portfolio,Clearing,1789449709,10,0,1
gmregd6v,14,5l1yk0gm,286,portfolio,Clearing,1789449709,10,0,1
gmregd6v,15,3fdg4ref,286,portfolio,Clearing,1789449709,10,0,1
gmregd6v,11,h4hoh39u,286,portfolio,Clearing,1789449709,10,0,1
gmregd6v,1,fwrj2jat,277,portfolio,PageBidExperience,1789449711,10,0,0
gmregd6v,4,9nn00jux,277,portfolio,PageBidExperience,1789449712,10,0,0
gmregd6v,7,utr109q6,277,portfolio,PageBidExperience,1789449713,10,0,0
gmregd6v,22,0vm37wcl,277,portfolio,PageBidExperience,1789449713,10,0,0
gmregd6v,17,hpzf5xgg,277,portfolio,PageBidExperience,1789449713,10,0,0
gmregd6v,25,yaickank,286,portfolio,Clearing,1789449713,10,0,1
gmregd6v,21,2fon3kdf,286,portfolio,Clearing,1789449713,10,0,1
gmregd6v,22,0vm37wcl,286,portfolio,Clearing,1789449713,10,0,1
gmregd6v,23,9902h2kd,286,portfolio,Clearing,1789449713,10,0,1
gmregd6v,24,snwy0w01,286,portfolio,Clearing,1789449713,10,0,1
gmregd6v,3,xu6xugdp,277,portfolio,PageBidExperience,1789449717,10,0,0
gmregd6v,20,2w7wmunp,277,portfolio,PageBidExperience,1789449718,10,0,0
gmregd6v,18,3th28718,277,portfolio,PageBidExperience,1789449719,10,0,0
gmregd6v,16,iliayit3,286,portfolio,Clearing,1789449720,10,0,1
gmregd6v,17,hpzf5xgg,286,portfolio,Clearing,1789449720,10,0,1
gmregd6v,18,3th28718,286,portfolio,Clearing,1789449720,10,0,1
gmregd6v,19,hh695q6a,286,portfolio,Clearing,1789449720,10,0,1
gmregd6v,20,2w7wmunp,286,portfolio,Clearing,1789449720,10,0,1
gmregd6v,2,0vigghqi,277,portfolio,PageBidExperience,1789449725,10,0,0
gmregd6v,2,0vigghqi,286,portfolio,Clearing,1789449725,10,0,1
gmregd6v,1,fwrj2jat,286,portfolio,Clearing,1789449725,10,0,1
gmregd6v,3,xu6xugdp,286,portfolio,Clearing,1789449725,10,0,1
gmregd6v,4,9nn00jux,286,portfolio,Clearing,1789449725,10,0,1
gmregd6v,5,d8azp69w,286,portfolio,Clearing,1789449725,10,0,1
gmregd6v,8,uza1lz8f,277,portfolio,PageBidExperience,1789449751,10,0,0
gmregd6v,10,pzsakpjx,286,portfolio,Clearing,1789449752,10,0,1
gmregd6v,6,g5ct4rg0,286,portfolio,Clearing,1789449752,10,0,1
gmregd6v,7,utr109q6,286,portfolio,Clearing,1789449752,10,0,1
gmregd6v,8,uza1lz8f,286,portfolio,Clearing,1789449752,10,0,1
gmregd6v,9,3z6ed32t,286,portfolio,Clearing,1789449752,10,0,1
gmregd6v,12,jzoxfyc2,287,portfolio,SyncMarketRound,1789449753,10,0,1
gmregd6v,13,dqn940v4,287,portfolio,SyncMarketRound,1789449753,10,0,1
gmregd6v,14,5l1yk0gm,287,portfolio,SyncMarketRound,1789449753,10,0,1
gmregd6v,15,3fdg4ref,287,portfolio,SyncMarketRound,1789449753,10,0,1
gmregd6v,25,yaickank,287,portfolio,SyncMarketRound,1789449753,10,0,1
gmregd6v,10,pzsakpjx,287,portfolio,SyncMarketRound,1789449753,10,0,1
gmregd6v,6,g5ct4rg0,287,portfolio,SyncMarketRound,1789449753,10,0,1
gmregd6v,2,0vigghqi,287,portfolio,SyncMarketRound,1789449753,10,0,1
gmregd6v,1,fwrj2jat,287,portfolio,SyncMarketRound,1789449753,10,0,1
gmregd6v,3,xu6xugdp,287,portfolio,SyncMarketRound,1789449753,10,0,1
gmregd6v,4,9nn00jux,287,portfolio,SyncMarketRound,1789449753,10,0,1
gmregd6v,5,d8azp69w,287,portfolio,SyncMarketRound,1789449753,10,0,1
gmregd6v,7,utr109q6,287,portfolio,SyncMarketRound,1789449753,10,0,1
gmregd6v,8,uza1lz8f,287,portfolio,SyncMarketRound,1789449753,10,0,1
gmregd6v,16,iliayit3,287,portfolio,SyncMarketRound,1789449753,10,0,1
gmregd6v,17,hpzf5xgg,287,portfolio,SyncMarketRound,1789449753,10,0,1
gmregd6v,9,3z6ed32t,287,portfolio,SyncMarketRound,1789449753,10,0,1
gmregd6v,18,3th28718,287,portfolio,SyncMarketRound,1789449753,10,0,1
gmregd6v,21,2fon3kdf,287,portfolio,SyncMarketRound,1789449753,10,0,1
gmregd6v,11,h4hoh39u,287,portfolio,SyncMarketRound,1789449753,10,0,1
gmregd6v,22,0vm37wcl,287,portfolio,SyncMarketRound,1789449753,10,0,1
gmregd6v,23,9902h2kd,287,portfolio,SyncMarketRound,1789449753,10,0,1
gmregd6v,24,snwy0w01,287,portfolio,SyncMarketRound,1789449753,10,0,1
gmregd6v,19,hh695q6a,287,portfolio,SyncMarketRound,1789449753,10,0,1
gmregd6v,20,2w7wmunp,287,portfolio,SyncMarketRound,1789449753,10,0,1
gmregd6v,6,g5ct4rg0,288,portfolio,PageHistoryExperience,1789449758,10,0,0
gmregd6v,17,hpzf5xgg,288,portfolio,PageHistoryExperience,1789449758,10,0,0
gmregd6v,25,yaickank,288,portfolio,PageHistoryExperience,1789449759,10,0,0
gmregd6v,23,9902h2kd,288,portfolio,PageHistoryExperience,1789449760,10,0,0
gmregd6v,6,g5ct4rg0,307,portfolio,InstructionsGender,1789449761,11,0,0
gmregd6v,11,h4hoh39u,288,portfolio,PageHistoryExperience,1789449761,10,0,0
gmregd6v,10,pzsakpjx,288,portfolio,PageHistoryExperience,1789449761,10,0,0
gmregd6v,25,yaickank,307,portfolio,InstructionsGender,1789449762,11,0,0
gmregd6v,5,d8azp69w,288,portfolio,PageHistoryExperience,1789449762,10,0,0
gmregd6v,13,dqn940v4,288,portfolio,PageHistoryExperience,1789449762,10,0,0
gmregd6v,16,iliayit3,288,portfolio,PageHistoryExperience,1789449762,10,0,0
gmregd6v,17,hpzf5xgg,307,portfolio,InstructionsGender,1789449763,11,0,0
gmregd6v,21,2fon3kdf,288,portfolio,PageHistoryExperience,1789449764,10,0,0
gmregd6v,15,3fdg4ref,288,portfolio,PageHistoryExperience,1789449764,10,0,0
gmregd6v,19,hh695q6a,288,portfolio,PageHistoryExperience,1789449764,10,0,0
gmregd6v,2,0vigghqi,288,portfolio,PageHistoryExperience,1789449765,10,0,0
gmregd6v,9,3z6ed32t,288,portfolio,PageHistoryExperience,1789449765,10,0,0
gmregd6v,22,0vm37wcl,288,portfolio,PageHistoryExperience,1789449765,10,0,0
gmregd6v,14,5l1yk0gm,288,portfolio,PageHistoryExperience,1789449765,10,0,0
gmregd6v,8,uza1lz8f,288,portfolio,PageHistoryExperience,1789449766,10,0,0
gmregd6v,13,dqn940v4,307,portfolio,InstructionsGender,1789449766,11,0,0
gmregd6v,1,fwrj2jat,288,portfolio,PageHistoryExperience,1789449766,10,0,0
gmregd6v,11,h4hoh39u,307,portfolio,InstructionsGender,1789449767,11,0,0
gmregd6v,21,2fon3kdf,307,portfolio,InstructionsGender,1789449767,11,0,0
gmregd6v,10,pzsakpjx,307,portfolio,InstructionsGender,1789449767,11,0,0
gmregd6v,12,jzoxfyc2,288,portfolio,PageHistoryExperience,1789449767,10,0,0
gmregd6v,2,0vigghqi,307,portfolio,InstructionsGender,1789449768,11,0,0
gmregd6v,9,3z6ed32t,307,portfolio,InstructionsGender,1789449768,11,0,0
gmregd6v,23,9902h2kd,307,portfolio,InstructionsGender,1789449769,11,0,0
gmregd6v,5,d8azp69w,307,portfolio,InstructionsGender,1789449769,11,0,0
gmregd6v,14,5l1yk0gm,307,portfolio,InstructionsGender,1789449770,11,0,0
gmregd6v,6,g5ct4rg0,308,portfolio,Page2GenderExp,1789449771,11,0,0
gmregd6v,18,3th28718,288,portfolio,PageHistoryExperience,1789449772,10,0,0
gmregd6v,19,hh695q6a,307,portfolio,InstructionsGender,1789449772,11,0,0
gmregd6v,16,iliayit3,307,portfolio,InstructionsGender,1789449772,11,0,0
gmregd6v,12,jzoxfyc2,307,portfolio,InstructionsGender,1789449772,11,0,0
gmregd6v,7,utr109q6,288,portfolio,PageHistoryExperience,1789449772,10,0,0
gmregd6v,22,0vm37wcl,307,portfolio,InstructionsGender,1789449773,11,0,0
gmregd6v,21,2fon3kdf,308,portfolio,Page2GenderExp,1789449775,11,0,0
gmregd6v,1,fwrj2jat,307,portfolio,InstructionsGender,1789449775,11,0,0
gmregd6v,18,3th28718,307,portfolio,InstructionsGender,1789449776,11,0,0
gmregd6v,7,utr109q6,307,portfolio,InstructionsGender,1789449776,11,0,0
gmregd6v,9,3z6ed32t,308,portfolio,Page2GenderExp,1789449777,11,0,0
gmregd6v,17,hpzf5xgg,308,portfolio,Page2GenderExp,1789449778,11,0,0
gmregd6v,24,snwy0w01,288,portfolio,PageHistoryExperience,1789449779,10,0,0
gmregd6v,19,hh695q6a,308,portfolio,Page2GenderExp,1789449780,11,0,0
gmregd6v,3,xu6xugdp,288,portfolio,PageHistoryExperience,1789449781,10,0,0
gmregd6v,24,snwy0w01,307,portfolio,InstructionsGender,1789449781,11,0,0
gmregd6v,3,xu6xugdp,307,portfolio,InstructionsGender,1789449783,11,0,0
gmregd6v,12,jzoxfyc2,308,portfolio,Page2GenderExp,1789449784,11,0,0
gmregd6v,20,2w7wmunp,288,portfolio,PageHistoryExperience,1789449785,10,0,0
gmregd6v,8,uza1lz8f,307,portfolio,InstructionsGender,1789449786,11,0,0
gmregd6v,7,utr109q6,308,portfolio,Page2GenderExp,1789449786,11,0,0
gmregd6v,10,pzsakpjx,308,portfolio,Page2GenderExp,1789449787,11,0,0
gmregd6v,4,9nn00jux,288,portfolio,PageHistoryExperience,1789449787,10,0,0
gmregd6v,1,fwrj2jat,308,portfolio,Page2GenderExp,1789449788,11,0,0
gmregd6v,16,iliayit3,308,portfolio,Page2GenderExp,1789449788,11,0,0
gmregd6v,20,2w7wmunp,307,portfolio,InstructionsGender,1789449789,11,0,0
gmregd6v,4,9nn00jux,307,portfolio,InstructionsGender,1789449790,11,0,0
gmregd6v,2,0vigghqi,308,portfolio,Page2GenderExp,1789449791,11,0,0
gmregd6v,11,h4hoh39u,308,portfolio,Page2GenderExp,1789449791,11,0,0
gmregd6v,13,dqn940v4,308,portfolio,Page2GenderExp,1789449791,11,0,0
gmregd6v,14,5l1yk0gm,308,portfolio,Page2GenderExp,1789449793,11,0,0
gmregd6v,20,2w7wmunp,308,portfolio,Page2GenderExp,1789449794,11,0,0
gmregd6v,25,yaickank,308,portfolio,Page2GenderExp,1789449795,11,0,0
gmregd6v,24,snwy0w01,308,portfolio,Page2GenderExp,1789449795,11,0,0
gmregd6v,4,9nn00jux,308,portfolio,Page2GenderExp,1789449799,11,0,0
gmregd6v,3,xu6xugdp,308,portfolio,Page2GenderExp,1789449799,11,0,0
gmregd6v,15,3fdg4ref,307,portfolio,InstructionsGender,1789449801,11,0,0
gmregd6v,23,9902h2kd,308,portfolio,Page2GenderExp,1789449807,11,0,0
gmregd6v,8,uza1lz8f,308,portfolio,Page2GenderExp,1789449813,11,0,0
gmregd6v,15,3fdg4ref,308,portfolio,Page2GenderExp,1789449815,11,0,0
gmregd6v,22,0vm37wcl,308,portfolio,Page2GenderExp,1789449816,11,0,0
gmregd6v,5,d8azp69w,308,portfolio,Page2GenderExp,1789449817,11,0,0
gmregd6v,18,3th28718,308,portfolio,Page2GenderExp,1789449829,11,0,0
gmregd6v,6,g5ct4rg0,309,portfolio,SyncGenderAllocation,1789449829,11,0,1
gmregd6v,21,2fon3kdf,309,portfolio,SyncGenderAllocation,1789449829,11,0,1
gmregd6v,9,3z6ed32t,309,portfolio,SyncGenderAllocation,1789449829,11,0,1
gmregd6v,17,hpzf5xgg,309,portfolio,SyncGenderAllocation,1789449829,11,0,1
gmregd6v,19,hh695q6a,309,portfolio,SyncGenderAllocation,1789449829,11,0,1
gmregd6v,12,jzoxfyc2,309,portfolio,SyncGenderAllocation,1789449829,11,0,1
gmregd6v,7,utr109q6,309,portfolio,SyncGenderAllocation,1789449829,11,0,1
gmregd6v,10,pzsakpjx,309,portfolio,SyncGenderAllocation,1789449829,11,0,1
gmregd6v,1,fwrj2jat,309,portfolio,SyncGenderAllocation,1789449829,11,0,1
gmregd6v,16,iliayit3,309,portfolio,SyncGenderAllocation,1789449829,11,0,1
gmregd6v,2,0vigghqi,309,portfolio,SyncGenderAllocation,1789449829,11,0,1
gmregd6v,11,h4hoh39u,309,portfolio,SyncGenderAllocation,1789449829,11,0,1
gmregd6v,13,dqn940v4,309,portfolio,SyncGenderAllocation,1789449829,11,0,1
gmregd6v,14,5l1yk0gm,309,portfolio,SyncGenderAllocation,1789449829,11,0,1
gmregd6v,20,2w7wmunp,309,portfolio,SyncGenderAllocation,1789449829,11,0,1
gmregd6v,25,yaickank,309,portfolio,SyncGenderAllocation,1789449829,11,0,1
gmregd6v,24,snwy0w01,309,portfolio,SyncGenderAllocation,1789449829,11,0,1
gmregd6v,4,9nn00jux,309,portfolio,SyncGenderAllocation,1789449829,11,0,1
gmregd6v,3,xu6xugdp,309,portfolio,SyncGenderAllocation,1789449829,11,0,1
gmregd6v,23,9902h2kd,309,portfolio,SyncGenderAllocation,1789449829,11,0,1
gmregd6v,8,uza1lz8f,309,portfolio,SyncGenderAllocation,1789449829,11,0,1
gmregd6v,15,3fdg4ref,309,portfolio,SyncGenderAllocation,1789449829,11,0,1
gmregd6v,22,0vm37wcl,309,portfolio,SyncGenderAllocation,1789449829,11,0,1
gmregd6v,5,d8azp69w,309,portfolio,SyncGenderAllocation,1789449829,11,0,1
gmregd6v,18,3th28718,309,portfolio,SyncGenderAllocation,1789449829,11,0,1
gmregd6v,7,utr109q6,310,portfolio,PageBeliefElicitation,1789449847,11,0,0
gmregd6v,9,3z6ed32t,310,portfolio,PageBeliefElicitation,1789449847,11,0,0
gmregd6v,6,g5ct4rg0,310,portfolio,PageBeliefElicitation,1789449848,11,0,0
gmregd6v,19,hh695q6a,310,portfolio,PageBeliefElicitation,1789449850,11,0,0
gmregd6v,24,snwy0w01,310,portfolio,PageBeliefElicitation,1789449851,11,0,0
gmregd6v,22,0vm37wcl,310,portfolio,PageBeliefElicitation,1789449854,11,0,0
gmregd6v,10,pzsakpjx,310,portfolio,PageBeliefElicitation,1789449858,11,0,0
gmregd6v,15,3fdg4ref,310,portfolio,PageBeliefElicitation,1789449861,11,0,0
gmregd6v,24,snwy0w01,311,portfolio,PageOtherBeliefElicitation,1789449861,11,0,0
gmregd6v,19,hh695q6a,311,portfolio,PageOtherBeliefElicitation,1789449862,11,0,0
gmregd6v,12,jzoxfyc2,310,portfolio,PageBeliefElicitation,1789449863,11,0,0
gmregd6v,18,3th28718,310,portfolio,PageBeliefElicitation,1789449863,11,0,0
gmregd6v,24,snwy0w01,312,portfolio,TradingRulesGender,1789449864,11,0,0
gmregd6v,20,2w7wmunp,310,portfolio,PageBeliefElicitation,1789449864,11,0,0
gmregd6v,17,hpzf5xgg,310,portfolio,PageBeliefElicitation,1789449864,11,0,0
gmregd6v,19,hh695q6a,312,portfolio,TradingRulesGender,1789449865,11,0,0
gmregd6v,14,5l1yk0gm,310,portfolio,PageBeliefElicitation,1789449866,11,0,0
gmregd6v,16,iliayit3,310,portfolio,PageBeliefElicitation,1789449867,11,0,0
gmregd6v,22,0vm37wcl,311,portfolio,PageOtherBeliefElicitation,1789449867,11,0,0
gmregd6v,7,utr109q6,311,portfolio,PageOtherBeliefElicitation,1789449867,11,0,0
gmregd6v,6,g5ct4rg0,311,portfolio,PageOtherBeliefElicitation,1789449869,11,0,0
gmregd6v,10,pzsakpjx,311,portfolio,PageOtherBeliefElicitation,1789449869,11,0,0
gmregd6v,7,utr109q6,312,portfolio,TradingRulesGender,1789449870,11,0,0
gmregd6v,10,pzsakpjx,312,portfolio,TradingRulesGender,1789449872,11,0,0
gmregd6v,6,g5ct4rg0,312,portfolio,TradingRulesGender,1789449872,11,0,0
gmregd6v,25,yaickank,310,portfolio,PageBeliefElicitation,1789449873,11,0,0
gmregd6v,13,dqn940v4,310,portfolio,PageBeliefElicitation,1789449876,11,0,0
gmregd6v,4,9nn00jux,310,portfolio,PageBeliefElicitation,1789449877,11,0,0
gmregd6v,11,h4hoh39u,310,portfolio,PageBeliefElicitation,1789449877,11,0,0
gmregd6v,15,3fdg4ref,311,portfolio,PageOtherBeliefElicitation,1789449878,11,0,0
gmregd6v,21,2fon3kdf,310,portfolio,PageBeliefElicitation,1789449878,11,0,0
gmregd6v,16,iliayit3,311,portfolio,PageOtherBeliefElicitation,1789449880,11,0,0
gmregd6v,23,9902h2kd,310,portfolio,PageBeliefElicitation,1789449881,11,0,0
gmregd6v,12,jzoxfyc2,311,portfolio,PageOtherBeliefElicitation,1789449882,11,0,0
gmregd6v,3,xu6xugdp,310,portfolio,PageBeliefElicitation,1789449885,11,0,0
gmregd6v,9,3z6ed32t,311,portfolio,PageOtherBeliefElicitation,1789449886,11,0,0
gmregd6v,18,3th28718,311,portfolio,PageOtherBeliefElicitation,1789449886,11,0,0
gmregd6v,20,2w7wmunp,311,portfolio,PageOtherBeliefElicitation,1789449886,11,0,0
gmregd6v,12,jzoxfyc2,312,portfolio,TradingRulesGender,1789449887,11,0,0
gmregd6v,17,hpzf5xgg,311,portfolio,PageOtherBeliefElicitation,1789449887,11,0,0
gmregd6v,9,3z6ed32t,312,portfolio,TradingRulesGender,1789449888,11,0,0
gmregd6v,18,3th28718,312,portfolio,TradingRulesGender,1789449889,11,0,0
gmregd6v,20,2w7wmunp,312,portfolio,TradingRulesGender,1789449890,11,0,0
gmregd6v,17,hpzf5xgg,312,portfolio,TradingRulesGender,1789449891,11,0,0
gmregd6v,22,0vm37wcl,312,portfolio,TradingRulesGender,1789449891,11,0,0
gmregd6v,23,9902h2kd,311,portfolio,PageOtherBeliefElicitation,1789449891,11,0,0
gmregd6v,21,2fon3kdf,311,portfolio,PageOtherBeliefElicitation,1789449895,11,0,0
gmregd6v,13,dqn940v4,311,portfolio,PageOtherBeliefElicitation,1789449895,11,0,0
gmregd6v,13,dqn940v4,312,portfolio,TradingRulesGender,1789449897,11,0,0
gmregd6v,25,yaickank,311,portfolio,PageOtherBeliefElicitation,1789449898,11,0,0
gmregd6v,21,2fon3kdf,312,portfolio,TradingRulesGender,1789449898,11,0,0
gmregd6v,11,h4hoh39u,311,portfolio,PageOtherBeliefElicitation,1789449899,11,0,0
gmregd6v,14,5l1yk0gm,311,portfolio,PageOtherBeliefElicitation,1789449900,11,0,0
gmregd6v,2,0vigghqi,310,portfolio,PageBeliefElicitation,1789449902,11,0,0
gmregd6v,14,5l1yk0gm,312,portfolio,TradingRulesGender,1789449902,11,0,0
gmregd6v,3,xu6xugdp,311,portfolio,PageOtherBeliefElicitation,1789449905,11,0,0
gmregd6v,15,3fdg4ref,312,portfolio,TradingRulesGender,1789449909,11,0,0
gmregd6v,3,xu6xugdp,312,portfolio,TradingRulesGender,1789449909,11,0,0
gmregd6v,8,uza1lz8f,310,portfolio,PageBeliefElicitation,1789449913,11,0,0
gmregd6v,25,yaickank,312,portfolio,TradingRulesGender,1789449913,11,0,0
gmregd6v,16,iliayit3,312,portfolio,TradingRulesGender,1789449913,11,0,0
gmregd6v,23,9902h2kd,312,portfolio,TradingRulesGender,1789449914,11,0,0
gmregd6v,1,fwrj2jat,310,portfolio,PageBeliefElicitation,1789449915,11,0,0
gmregd6v,4,9nn00jux,311,portfolio,PageOtherBeliefElicitation,1789449924,11,0,0
gmregd6v,4,9nn00jux,312,portfolio,TradingRulesGender,1789449926,11,0,0
gmregd6v,2,0vigghqi,311,portfolio,PageOtherBeliefElicitation,1789449931,11,0,0
gmregd6v,2,0vigghqi,312,portfolio,TradingRulesGender,1789449934,11,0,0
gmregd6v,1,fwrj2jat,311,portfolio,PageOtherBeliefElicitation,1789449940,11,0,0
gmregd6v,1,fwrj2jat,312,portfolio,TradingRulesGender,1789449943,11,0,0
gmregd6v,5,d8azp69w,310,portfolio,PageBeliefElicitation,1789449948,11,0,0
gmregd6v,8,uza1lz8f,311,portfolio,PageOtherBeliefElicitation,1789449949,11,0,0
gmregd6v,11,h4hoh39u,312,portfolio,TradingRulesGender,1789449960,11,0,0
gmregd6v,5,d8azp69w,311,portfolio,PageOtherBeliefElicitation,1789449968,11,0,0
gmregd6v,5,d8azp69w,312,portfolio,TradingRulesGender,1789449980,11,0,0
gmregd6v,8,uza1lz8f,312,portfolio,TradingRulesGender,1789449983,11,0,0
gmregd6v,7,utr109q6,313,portfolio,SyncGenderTradingRules,1789449984,11,0,1
gmregd6v,12,jzoxfyc2,313,portfolio,SyncGenderTradingRules,1789449984,11,0,1
gmregd6v,13,dqn940v4,313,portfolio,SyncGenderTradingRules,1789449984,11,0,1
gmregd6v,1,fwrj2jat,313,portfolio,SyncGenderTradingRules,1789449984,11,0,1
gmregd6v,5,d8azp69w,313,portfolio,SyncGenderTradingRules,1789449984,11,0,1
gmregd6v,16,iliayit3,313,portfolio,SyncGenderTradingRules,1789449984,11,0,1
gmregd6v,10,pzsakpjx,313,portfolio,SyncGenderTradingRules,1789449984,11,0,1
gmregd6v,19,hh695q6a,313,portfolio,SyncGenderTradingRules,1789449984,11,0,1
gmregd6v,20,2w7wmunp,313,portfolio,SyncGenderTradingRules,1789449984,11,0,1
gmregd6v,18,3th28718,313,portfolio,SyncGenderTradingRules,1789449984,11,0,1
gmregd6v,25,yaickank,313,portfolio,SyncGenderTradingRules,1789449984,11,0,1
gmregd6v,4,9nn00jux,313,portfolio,SyncGenderTradingRules,1789449984,11,0,1
gmregd6v,22,0vm37wcl,313,portfolio,SyncGenderTradingRules,1789449984,11,0,1
gmregd6v,3,xu6xugdp,313,portfolio,SyncGenderTradingRules,1789449984,11,0,1
gmregd6v,15,3fdg4ref,313,portfolio,SyncGenderTradingRules,1789449984,11,0,1
gmregd6v,2,0vigghqi,313,portfolio,SyncGenderTradingRules,1789449984,11,0,1
gmregd6v,21,2fon3kdf,313,portfolio,SyncGenderTradingRules,1789449984,11,0,1
gmregd6v,23,9902h2kd,313,portfolio,SyncGenderTradingRules,1789449984,11,0,1
gmregd6v,11,h4hoh39u,313,portfolio,SyncGenderTradingRules,1789449984,11,0,1
gmregd6v,6,g5ct4rg0,313,portfolio,SyncGenderTradingRules,1789449984,11,0,1
gmregd6v,14,5l1yk0gm,313,portfolio,SyncGenderTradingRules,1789449984,11,0,1
gmregd6v,9,3z6ed32t,313,portfolio,SyncGenderTradingRules,1789449984,11,0,1
gmregd6v,17,hpzf5xgg,313,portfolio,SyncGenderTradingRules,1789449984,11,0,1
gmregd6v,8,uza1lz8f,313,portfolio,SyncGenderTradingRules,1789449984,11,0,1
gmregd6v,24,snwy0w01,313,portfolio,SyncGenderTradingRules,1789449984,11,0,1
gmregd6v,19,hh695q6a,314,portfolio,PageBidGenderExp,1789449992,11,0,0
gmregd6v,9,3z6ed32t,314,portfolio,PageBidGenderExp,1789449994,11,0,0
gmregd6v,12,jzoxfyc2,314,portfolio,PageBidGenderExp,1789449996,11,0,0
gmregd6v,22,0vm37wcl,314,portfolio,PageBidGenderExp,1789449996,11,0,0
gmregd6v,17,hpzf5xgg,314,portfolio,PageBidGenderExp,1789449997,11,0,0
gmregd6v,3,xu6xugdp,314,portfolio,PageBidGenderExp,1789449997,11,0,0
gmregd6v,15,3fdg4ref,314,portfolio,PageBidGenderExp,1789449998,11,0,0
gmregd6v,6,g5ct4rg0,314,portfolio,PageBidGenderExp,1789449998,11,0,0
gmregd6v,23,9902h2kd,314,portfolio,PageBidGenderExp,1789450000,11,0,0
gmregd6v,7,utr109q6,314,portfolio,PageBidGenderExp,1789450001,11,0,0
gmregd6v,25,yaickank,314,portfolio,PageBidGenderExp,1789450002,11,0,0
gmregd6v,21,2fon3kdf,314,portfolio,PageBidGenderExp,1789450003,11,0,0
gmregd6v,8,uza1lz8f,314,portfolio,PageBidGenderExp,1789450004,11,0,0
gmregd6v,14,5l1yk0gm,314,portfolio,PageBidGenderExp,1789450004,11,0,0
gmregd6v,10,pzsakpjx,314,portfolio,PageBidGenderExp,1789450006,11,0,0
gmregd6v,7,utr109q6,315,portfolio,Clearing,1789450006,11,0,1
gmregd6v,9,3z6ed32t,315,portfolio,Clearing,1789450006,11,0,1
gmregd6v,10,pzsakpjx,315,portfolio,Clearing,1789450006,11,0,1
gmregd6v,6,g5ct4rg0,315,portfolio,Clearing,1789450006,11,0,1
gmregd6v,8,uza1lz8f,315,portfolio,Clearing,1789450006,11,0,1
gmregd6v,16,iliayit3,314,portfolio,PageBidGenderExp,1789450006,11,0,0
gmregd6v,13,dqn940v4,314,portfolio,PageBidGenderExp,1789450008,11,0,0
gmregd6v,4,9nn00jux,314,portfolio,PageBidGenderExp,1789450012,11,0,0
gmregd6v,11,h4hoh39u,314,portfolio,PageBidGenderExp,1789450013,11,0,0
gmregd6v,12,jzoxfyc2,315,portfolio,Clearing,1789450013,11,0,1
gmregd6v,13,dqn940v4,315,portfolio,Clearing,1789450013,11,0,1
gmregd6v,11,h4hoh39u,315,portfolio,Clearing,1789450013,11,0,1
gmregd6v,14,5l1yk0gm,315,portfolio,Clearing,1789450013,11,0,1
gmregd6v,15,3fdg4ref,315,portfolio,Clearing,1789450013,11,0,1
gmregd6v,20,2w7wmunp,314,portfolio,PageBidGenderExp,1789450014,11,0,0
gmregd6v,18,3th28718,314,portfolio,PageBidGenderExp,1789450016,11,0,0
gmregd6v,17,hpzf5xgg,315,portfolio,Clearing,1789450017,11,0,1
gmregd6v,18,3th28718,315,portfolio,Clearing,1789450017,11,0,1
gmregd6v,16,iliayit3,315,portfolio,Clearing,1789450017,11,0,1
gmregd6v,19,hh695q6a,315,portfolio,Clearing,1789450017,11,0,1
gmregd6v,20,2w7wmunp,315,portfolio,Clearing,1789450017,11,0,1
gmregd6v,2,0vigghqi,314,portfolio,PageBidGenderExp,1789450020,11,0,0
gmregd6v,5,d8azp69w,314,portfolio,PageBidGenderExp,1789450021,11,0,0
gmregd6v,1,fwrj2jat,314,portfolio,PageBidGenderExp,1789450027,11,0,0
gmregd6v,1,fwrj2jat,315,portfolio,Clearing,1789450027,11,0,1
gmregd6v,3,xu6xugdp,315,portfolio,Clearing,1789450027,11,0,1
gmregd6v,2,0vigghqi,315,portfolio,Clearing,1789450027,11,0,1
gmregd6v,4,9nn00jux,315,portfolio,Clearing,1789450027,11,0,1
gmregd6v,5,d8azp69w,315,portfolio,Clearing,1789450027,11,0,1
gmregd6v,24,snwy0w01,314,portfolio,PageBidGenderExp,1789450041,11,0,0
gmregd6v,21,2fon3kdf,315,portfolio,Clearing,1789450041,11,0,1
gmregd6v,22,0vm37wcl,315,portfolio,Clearing,1789450041,11,0,1
gmregd6v,23,9902h2kd,315,portfolio,Clearing,1789450041,11,0,1
gmregd6v,24,snwy0w01,315,portfolio,Clearing,1789450041,11,0,1
gmregd6v,25,yaickank,315,portfolio,Clearing,1789450041,11,0,1
gmregd6v,7,utr109q6,316,portfolio,SyncMarketRound,1789450042,11,0,1
gmregd6v,12,jzoxfyc2,316,portfolio,SyncMarketRound,1789450042,11,0,1
gmregd6v,9,3z6ed32t,316,portfolio,SyncMarketRound,1789450042,11,0,1
gmregd6v,10,pzsakpjx,316,portfolio,SyncMarketRound,1789450042,11,0,1
gmregd6v,13,dqn940v4,316,portfolio,SyncMarketRound,1789450042,11,0,1
gmregd6v,11,h4hoh39u,316,portfolio,SyncMarketRound,1789450042,11,0,1
gmregd6v,14,5l1yk0gm,316,portfolio,SyncMarketRound,1789450042,11,0,1
gmregd6v,15,3fdg4ref,316,portfolio,SyncMarketRound,1789450042,11,0,1
gmregd6v,1,fwrj2jat,316,portfolio,SyncMarketRound,1789450042,11,0,1
gmregd6v,3,xu6xugdp,316,portfolio,SyncMarketRound,1789450042,11,0,1
gmregd6v,6,g5ct4rg0,316,portfolio,SyncMarketRound,1789450042,11,0,1
gmregd6v,21,2fon3kdf,316,portfolio,SyncMarketRound,1789450042,11,0,1
gmregd6v,22,0vm37wcl,316,portfolio,SyncMarketRound,1789450042,11,0,1
gmregd6v,17,hpzf5xgg,316,portfolio,SyncMarketRound,1789450042,11,0,1
gmregd6v,18,3th28718,316,portfolio,SyncMarketRound,1789450042,11,0,1
gmregd6v,2,0vigghqi,316,portfolio,SyncMarketRound,1789450042,11,0,1
gmregd6v,4,9nn00jux,316,portfolio,SyncMarketRound,1789450042,11,0,1
gmregd6v,5,d8azp69w,316,portfolio,SyncMarketRound,1789450042,11,0,1
gmregd6v,16,iliayit3,316,portfolio,SyncMarketRound,1789450042,11,0,1
gmregd6v,23,9902h2kd,316,portfolio,SyncMarketRound,1789450042,11,0,1
gmregd6v,8,uza1lz8f,316,portfolio,SyncMarketRound,1789450042,11,0,1
gmregd6v,19,hh695q6a,316,portfolio,SyncMarketRound,1789450042,11,0,1
gmregd6v,20,2w7wmunp,316,portfolio,SyncMarketRound,1789450042,11,0,1
gmregd6v,24,snwy0w01,316,portfolio,SyncMarketRound,1789450042,11,0,1
gmregd6v,25,yaickank,316,portfolio,SyncMarketRound,1789450042,11,0,1
gmregd6v,6,g5ct4rg0,343,portfolio,PageBidGenderExp,1789450059,12,0,0
gmregd6v,9,3z6ed32t,343,portfolio,PageBidGenderExp,1789450060,12,0,0
gmregd6v,20,2w7wmunp,343,portfolio,PageBidGenderExp,1789450063,12,0,0
gmregd6v,18,3th28718,343,portfolio,PageBidGenderExp,1789450064,12,0,0
gmregd6v,23,9902h2kd,343,portfolio,PageBidGenderExp,1789450065,12,0,0
gmregd6v,15,3fdg4ref,343,portfolio,PageBidGenderExp,1789450066,12,0,0
gmregd6v,19,hh695q6a,343,portfolio,PageBidGenderExp,1789450068,12,0,0
gmregd6v,25,yaickank,343,portfolio,PageBidGenderExp,1789450069,12,0,0
gmregd6v,14,5l1yk0gm,343,portfolio,PageBidGenderExp,1789450071,12,0,0
gmregd6v,3,xu6xugdp,343,portfolio,PageBidGenderExp,1789450072,12,0,0
gmregd6v,13,dqn940v4,343,portfolio,PageBidGenderExp,1789450073,12,0,0
gmregd6v,12,jzoxfyc2,343,portfolio,PageBidGenderExp,1789450076,12,0,0
gmregd6v,17,hpzf5xgg,343,portfolio,PageBidGenderExp,1789450077,12,0,0
gmregd6v,11,h4hoh39u,343,portfolio,PageBidGenderExp,1789450077,12,0,0
gmregd6v,13,dqn940v4,344,portfolio,Clearing,1789450077,12,0,1
gmregd6v,14,5l1yk0gm,344,portfolio,Clearing,1789450077,12,0,1
gmregd6v,15,3fdg4ref,344,portfolio,Clearing,1789450077,12,0,1
gmregd6v,11,h4hoh39u,344,portfolio,Clearing,1789450077,12,0,1
gmregd6v,12,jzoxfyc2,344,portfolio,Clearing,1789450077,12,0,1
gmregd6v,21,2fon3kdf,343,portfolio,PageBidGenderExp,1789450078,12,0,0
gmregd6v,7,utr109q6,343,portfolio,PageBidGenderExp,1789450079,12,0,0
gmregd6v,16,iliayit3,343,portfolio,PageBidGenderExp,1789450082,12,0,0
gmregd6v,19,hh695q6a,344,portfolio,Clearing,1789450082,12,0,1
gmregd6v,20,2w7wmunp,344,portfolio,Clearing,1789450082,12,0,1
gmregd6v,16,iliayit3,344,portfolio,Clearing,1789450082,12,0,1
gmregd6v,17,hpzf5xgg,344,portfolio,Clearing,1789450082,12,0,1
gmregd6v,18,3th28718,344,portfolio,Clearing,1789450082,12,0,1
gmregd6v,1,fwrj2jat,343,portfolio,PageBidGenderExp,1789450091,12,0,0
gmregd6v,8,uza1lz8f,343,portfolio,PageBidGenderExp,1789450097,12,0,0
gmregd6v,2,0vigghqi,343,portfolio,PageBidGenderExp,1789450100,12,0,0
gmregd6v,5,d8azp69w,343,portfolio,PageBidGenderExp,1789450105,12,0,0
gmregd6v,24,snwy0w01,343,portfolio,PageBidGenderExp,1789450115,12,0,0
gmregd6v,4,9nn00jux,343,portfolio,PageBidGenderExp,1789450117,12,0,0
gmregd6v,1,fwrj2jat,344,portfolio,Clearing,1789450117,12,0,1
gmregd6v,2,0vigghqi,344,portfolio,Clearing,1789450117,12,0,1
gmregd6v,3,xu6xugdp,344,portfolio,Clearing,1789450117,12,0,1
gmregd6v,4,9nn00jux,344,portfolio,Clearing,1789450117,12,0,1
gmregd6v,5,d8azp69w,344,portfolio,Clearing,1789450117,12,0,1
gmregd6v,22,0vm37wcl,343,portfolio,PageBidGenderExp,1789450134,12,0,0
gmregd6v,21,2fon3kdf,344,portfolio,Clearing,1789450134,12,0,1
gmregd6v,22,0vm37wcl,344,portfolio,Clearing,1789450134,12,0,1
gmregd6v,23,9902h2kd,344,portfolio,Clearing,1789450134,12,0,1
gmregd6v,24,snwy0w01,344,portfolio,Clearing,1789450134,12,0,1
gmregd6v,25,yaickank,344,portfolio,Clearing,1789450134,12,0,1
gmregd6v,10,pzsakpjx,343,portfolio,PageBidGenderExp,1789450134,12,0,0
gmregd6v,6,g5ct4rg0,344,portfolio,Clearing,1789450135,12,0,1
gmregd6v,10,pzsakpjx,344,portfolio,Clearing,1789450135,12,0,1
gmregd6v,7,utr109q6,344,portfolio,Clearing,1789450135,12,0,1
gmregd6v,8,uza1lz8f,344,portfolio,Clearing,1789450135,12,0,1
gmregd6v,9,3z6ed32t,344,portfolio,Clearing,1789450135,12,0,1
gmregd6v,13,dqn940v4,345,portfolio,SyncMarketRound,1789450136,12,0,1
gmregd6v,14,5l1yk0gm,345,portfolio,SyncMarketRound,1789450136,12,0,1
gmregd6v,15,3fdg4ref,345,portfolio,SyncMarketRound,1789450136,12,0,1
gmregd6v,19,hh695q6a,345,portfolio,SyncMarketRound,1789450136,12,0,1
gmregd6v,20,2w7wmunp,345,portfolio,SyncMarketRound,1789450136,12,0,1
gmregd6v,6,g5ct4rg0,345,portfolio,SyncMarketRound,1789450136,12,0,1
gmregd6v,1,fwrj2jat,345,portfolio,SyncMarketRound,1789450136,12,0,1
gmregd6v,2,0vigghqi,345,portfolio,SyncMarketRound,1789450136,12,0,1
gmregd6v,3,xu6xugdp,345,portfolio,SyncMarketRound,1789450136,12,0,1
gmregd6v,10,pzsakpjx,345,portfolio,SyncMarketRound,1789450136,12,0,1
gmregd6v,7,utr109q6,345,portfolio,SyncMarketRound,1789450136,12,0,1
gmregd6v,8,uza1lz8f,345,portfolio,SyncMarketRound,1789450136,12,0,1
gmregd6v,9,3z6ed32t,345,portfolio,SyncMarketRound,1789450136,12,0,1
gmregd6v,21,2fon3kdf,345,portfolio,SyncMarketRound,1789450136,12,0,1
gmregd6v,4,9nn00jux,345,portfolio,SyncMarketRound,1789450136,12,0,1
gmregd6v,11,h4hoh39u,345,portfolio,SyncMarketRound,1789450136,12,0,1
gmregd6v,12,jzoxfyc2,345,portfolio,SyncMarketRound,1789450136,12,0,1
gmregd6v,16,iliayit3,345,portfolio,SyncMarketRound,1789450136,12,0,1
gmregd6v,17,hpzf5xgg,345,portfolio,SyncMarketRound,1789450136,12,0,1
gmregd6v,18,3th28718,345,portfolio,SyncMarketRound,1789450136,12,0,1
gmregd6v,5,d8azp69w,345,portfolio,SyncMarketRound,1789450136,12,0,1
gmregd6v,22,0vm37wcl,345,portfolio,SyncMarketRound,1789450136,12,0,1
gmregd6v,23,9902h2kd,345,portfolio,SyncMarketRound,1789450136,12,0,1
gmregd6v,24,snwy0w01,345,portfolio,SyncMarketRound,1789450136,12,0,1
gmregd6v,25,yaickank,345,portfolio,SyncMarketRound,1789450136,12,0,1
gmregd6v,22,0vm37wcl,372,portfolio,PageBidGenderExp,1789450150,13,0,0
gmregd6v,19,hh695q6a,372,portfolio,PageBidGenderExp,1789450153,13,0,0
gmregd6v,23,9902h2kd,372,portfolio,PageBidGenderExp,1789450154,13,0,0
gmregd6v,6,g5ct4rg0,372,portfolio,PageBidGenderExp,1789450154,13,0,0
gmregd6v,13,dqn940v4,372,portfolio,PageBidGenderExp,1789450155,13,0,0
gmregd6v,1,fwrj2jat,372,portfolio,PageBidGenderExp,1789450155,13,0,0
gmregd6v,25,yaickank,372,portfolio,PageBidGenderExp,1789450155,13,0,0
gmregd6v,20,2w7wmunp,372,portfolio,PageBidGenderExp,1789450156,13,0,0
gmregd6v,17,hpzf5xgg,372,portfolio,PageBidGenderExp,1789450156,13,0,0
gmregd6v,3,xu6xugdp,372,portfolio,PageBidGenderExp,1789450157,13,0,0
gmregd6v,9,3z6ed32t,372,portfolio,PageBidGenderExp,1789450158,13,0,0
gmregd6v,21,2fon3kdf,372,portfolio,PageBidGenderExp,1789450160,13,0,0
gmregd6v,24,snwy0w01,372,portfolio,PageBidGenderExp,1789450163,13,0,0
gmregd6v,25,yaickank,373,portfolio,Clearing,1789450163,13,0,1
gmregd6v,21,2fon3kdf,373,portfolio,Clearing,1789450163,13,0,1
gmregd6v,22,0vm37wcl,373,portfolio,Clearing,1789450163,13,0,1
gmregd6v,23,9902h2kd,373,portfolio,Clearing,1789450163,13,0,1
gmregd6v,24,snwy0w01,373,portfolio,Clearing,1789450163,13,0,1
gmregd6v,10,pzsakpjx,372,portfolio,PageBidGenderExp,1789450167,13,0,0
gmregd6v,14,5l1yk0gm,372,portfolio,PageBidGenderExp,1789450168,13,0,0
gmregd6v,12,jzoxfyc2,372,portfolio,PageBidGenderExp,1789450173,13,0,0
gmregd6v,8,uza1lz8f,372,portfolio,PageBidGenderExp,1789450175,13,0,0
gmregd6v,11,h4hoh39u,372,portfolio,PageBidGenderExp,1789450177,13,0,0
gmregd6v,15,3fdg4ref,372,portfolio,PageBidGenderExp,1789450179,13,0,0
gmregd6v,15,3fdg4ref,373,portfolio,Clearing,1789450180,13,0,1
gmregd6v,11,h4hoh39u,373,portfolio,Clearing,1789450180,13,0,1
gmregd6v,12,jzoxfyc2,373,portfolio,Clearing,1789450180,13,0,1
gmregd6v,13,dqn940v4,373,portfolio,Clearing,1789450180,13,0,1
gmregd6v,14,5l1yk0gm,373,portfolio,Clearing,1789450180,13,0,1
gmregd6v,16,iliayit3,372,portfolio,PageBidGenderExp,1789450181,13,0,0
gmregd6v,18,3th28718,372,portfolio,PageBidGenderExp,1789450182,13,0,0
gmregd6v,20,2w7wmunp,373,portfolio,Clearing,1789450183,13,0,1
gmregd6v,16,iliayit3,373,portfolio,Clearing,1789450183,13,0,1
gmregd6v,17,hpzf5xgg,373,portfolio,Clearing,1789450183,13,0,1
gmregd6v,18,3th28718,373,portfolio,Clearing,1789450183,13,0,1
gmregd6v,19,hh695q6a,373,portfolio,Clearing,1789450183,13,0,1
gmregd6v,7,utr109q6,372,portfolio,PageBidGenderExp,1789450186,13,0,0
gmregd6v,7,utr109q6,373,portfolio,Clearing,1789450186,13,0,1
gmregd6v,6,g5ct4rg0,373,portfolio,Clearing,1789450186,13,0,1
gmregd6v,8,uza1lz8f,373,portfolio,Clearing,1789450186,13,0,1
gmregd6v,9,3z6ed32t,373,portfolio,Clearing,1789450186,13,0,1
gmregd6v,10,pzsakpjx,373,portfolio,Clearing,1789450186,13,0,1
gmregd6v,5,d8azp69w,372,portfolio,PageBidGenderExp,1789450207,13,0,0
gmregd6v,4,9nn00jux,372,portfolio,PageBidGenderExp,1789450240,13,0,0
gmregd6v,2,0vigghqi,372,portfolio,PageBidGenderExp,1789450246,13,0,0
gmregd6v,1,fwrj2jat,373,portfolio,Clearing,1789450246,13,0,1
gmregd6v,2,0vigghqi,373,portfolio,Clearing,1789450246,13,0,1
gmregd6v,3,xu6xugdp,373,portfolio,Clearing,1789450246,13,0,1
gmregd6v,4,9nn00jux,373,portfolio,Clearing,1789450246,13,0,1
gmregd6v,5,d8azp69w,373,portfolio,Clearing,1789450246,13,0,1
gmregd6v,25,yaickank,374,portfolio,SyncMarketRound,1789450247,13,0,1
gmregd6v,20,2w7wmunp,374,portfolio,SyncMarketRound,1789450247,13,0,1
gmregd6v,7,utr109q6,374,portfolio,SyncMarketRound,1789450247,13,0,1
gmregd6v,6,g5ct4rg0,374,portfolio,SyncMarketRound,1789450247,13,0,1
gmregd6v,8,uza1lz8f,374,portfolio,SyncMarketRound,1789450247,13,0,1
gmregd6v,16,iliayit3,374,portfolio,SyncMarketRound,1789450247,13,0,1
gmregd6v,9,3z6ed32t,374,portfolio,SyncMarketRound,1789450247,13,0,1
gmregd6v,10,pzsakpjx,374,portfolio,SyncMarketRound,1789450247,13,0,1
gmregd6v,1,fwrj2jat,374,portfolio,SyncMarketRound,1789450247,13,0,1
gmregd6v,17,hpzf5xgg,374,portfolio,SyncMarketRound,1789450247,13,0,1
gmregd6v,21,2fon3kdf,374,portfolio,SyncMarketRound,1789450247,13,0,1
gmregd6v,22,0vm37wcl,374,portfolio,SyncMarketRound,1789450247,13,0,1
gmregd6v,23,9902h2kd,374,portfolio,SyncMarketRound,1789450247,13,0,1
gmregd6v,24,snwy0w01,374,portfolio,SyncMarketRound,1789450247,13,0,1
gmregd6v,15,3fdg4ref,374,portfolio,SyncMarketRound,1789450247,13,0,1
gmregd6v,11,h4hoh39u,374,portfolio,SyncMarketRound,1789450247,13,0,1
gmregd6v,12,jzoxfyc2,374,portfolio,SyncMarketRound,1789450247,13,0,1
gmregd6v,13,dqn940v4,374,portfolio,SyncMarketRound,1789450247,13,0,1
gmregd6v,14,5l1yk0gm,374,portfolio,SyncMarketRound,1789450247,13,0,1
gmregd6v,18,3th28718,374,portfolio,SyncMarketRound,1789450247,13,0,1
gmregd6v,19,hh695q6a,374,portfolio,SyncMarketRound,1789450247,13,0,1
gmregd6v,2,0vigghqi,374,portfolio,SyncMarketRound,1789450247,13,0,1
gmregd6v,3,xu6xugdp,374,portfolio,SyncMarketRound,1789450247,13,0,1
gmregd6v,4,9nn00jux,374,portfolio,SyncMarketRound,1789450247,13,0,1
gmregd6v,5,d8azp69w,374,portfolio,SyncMarketRound,1789450247,13,0,1
gmregd6v,3,xu6xugdp,401,portfolio,PageBidGenderExp,1789450261,14,0,0
gmregd6v,6,g5ct4rg0,401,portfolio,PageBidGenderExp,1789450264,14,0,0
gmregd6v,9,3z6ed32t,401,portfolio,PageBidGenderExp,1789450265,14,0,0
gmregd6v,22,0vm37wcl,401,portfolio,PageBidGenderExp,1789450267,14,0,0
gmregd6v,18,3th28718,401,portfolio,PageBidGenderExp,1789450268,14,0,0
gmregd6v,17,hpzf5xgg,401,portfolio,PageBidGenderExp,1789450270,14,0,0
gmregd6v,13,dqn940v4,401,portfolio,PageBidGenderExp,1789450270,14,0,0
gmregd6v,19,hh695q6a,401,portfolio,PageBidGenderExp,1789450270,14,0,0
gmregd6v,14,5l1yk0gm,401,portfolio,PageBidGenderExp,1789450272,14,0,0
gmregd6v,21,2fon3kdf,401,portfolio,PageBidGenderExp,1789450273,14,0,0
gmregd6v,15,3fdg4ref,401,portfolio,PageBidGenderExp,1789450278,14,0,0
gmregd6v,1,fwrj2jat,401,portfolio,PageBidGenderExp,1789450278,14,0,0
gmregd6v,23,9902h2kd,401,portfolio,PageBidGenderExp,1789450281,14,0,0
gmregd6v,25,yaickank,401,portfolio,PageBidGenderExp,1789450284,14,0,0
gmregd6v,11,h4hoh39u,401,portfolio,PageBidGenderExp,1789450286,14,0,0
gmregd6v,20,2w7wmunp,401,portfolio,PageBidGenderExp,1789450287,14,0,0
gmregd6v,12,jzoxfyc2,401,portfolio,PageBidGenderExp,1789450288,14,0,0
gmregd6v,14,5l1yk0gm,402,portfolio,Clearing,1789450288,14,0,1
gmregd6v,12,jzoxfyc2,402,portfolio,Clearing,1789450288,14,0,1
gmregd6v,13,dqn940v4,402,portfolio,Clearing,1789450288,14,0,1
gmregd6v,15,3fdg4ref,402,portfolio,Clearing,1789450288,14,0,1
gmregd6v,11,h4hoh39u,402,portfolio,Clearing,1789450288,14,0,1
gmregd6v,16,iliayit3,401,portfolio,PageBidGenderExp,1789450289,14,0,0
gmregd6v,20,2w7wmunp,402,portfolio,Clearing,1789450289,14,0,1
gmregd6v,16,iliayit3,402,portfolio,Clearing,1789450289,14,0,1
gmregd6v,17,hpzf5xgg,402,portfolio,Clearing,1789450289,14,0,1
gmregd6v,18,3th28718,402,portfolio,Clearing,1789450289,14,0,1
gmregd6v,19,hh695q6a,402,portfolio,Clearing,1789450289,14,0,1
gmregd6v,2,0vigghqi,401,portfolio,PageBidGenderExp,1789450292,14,0,0
gmregd6v,24,snwy0w01,401,portfolio,PageBidGenderExp,1789450294,14,0,0
gmregd6v,21,2fon3kdf,402,portfolio,Clearing,1789450294,14,0,1
gmregd6v,22,0vm37wcl,402,portfolio,Clearing,1789450294,14,0,1
gmregd6v,23,9902h2kd,402,portfolio,Clearing,1789450294,14,0,1
gmregd6v,24,snwy0w01,402,portfolio,Clearing,1789450294,14,0,1
gmregd6v,25,yaickank,402,portfolio,Clearing,1789450294,14,0,1
gmregd6v,10,pzsakpjx,401,portfolio,PageBidGenderExp,1789450300,14,0,0
gmregd6v,5,d8azp69w,401,portfolio,PageBidGenderExp,1789450302,14,0,0
gmregd6v,7,utr109q6,401,portfolio,PageBidGenderExp,1789450312,14,0,0
gmregd6v,4,9nn00jux,401,portfolio,PageBidGenderExp,1789450322,14,0,0
gmregd6v,3,xu6xugdp,402,portfolio,Clearing,1789450323,14,0,1
gmregd6v,1,fwrj2jat,402,portfolio,Clearing,1789450323,14,0,1
gmregd6v,2,0vigghqi,402,portfolio,Clearing,1789450323,14,0,1
gmregd6v,4,9nn00jux,402,portfolio,Clearing,1789450323,14,0,1
gmregd6v,5,d8azp69w,402,portfolio,Clearing,1789450323,14,0,1
gmregd6v,8,uza1lz8f,401,portfolio,PageBidGenderExp,1789450339,14,0,0
gmregd6v,10,pzsakpjx,402,portfolio,Clearing,1789450340,14,0,1
gmregd6v,6,g5ct4rg0,402,portfolio,Clearing,1789450340,14,0,1
gmregd6v,7,utr109q6,402,portfolio,Clearing,1789450340,14,0,1
gmregd6v,8,uza1lz8f,402,portfolio,Clearing,1789450340,14,0,1
gmregd6v,9,3z6ed32t,402,portfolio,Clearing,1789450340,14,0,1
gmregd6v,14,5l1yk0gm,403,portfolio,SyncMarketRound,1789450341,14,0,1
gmregd6v,3,xu6xugdp,403,portfolio,SyncMarketRound,1789450341,14,0,1
gmregd6v,12,jzoxfyc2,403,portfolio,SyncMarketRound,1789450341,14,0,1
gmregd6v,13,dqn940v4,403,portfolio,SyncMarketRound,1789450341,14,0,1
gmregd6v,15,3fdg4ref,403,portfolio,SyncMarketRound,1789450341,14,0,1
gmregd6v,20,2w7wmunp,403,portfolio,SyncMarketRound,1789450341,14,0,1
gmregd6v,10,pzsakpjx,403,portfolio,SyncMarketRound,1789450341,14,0,1
gmregd6v,6,g5ct4rg0,403,portfolio,SyncMarketRound,1789450341,14,0,1
gmregd6v,21,2fon3kdf,403,portfolio,SyncMarketRound,1789450341,14,0,1
gmregd6v,22,0vm37wcl,403,portfolio,SyncMarketRound,1789450341,14,0,1
gmregd6v,16,iliayit3,403,portfolio,SyncMarketRound,1789450341,14,0,1
gmregd6v,7,utr109q6,403,portfolio,SyncMarketRound,1789450341,14,0,1
gmregd6v,8,uza1lz8f,403,portfolio,SyncMarketRound,1789450341,14,0,1
gmregd6v,1,fwrj2jat,403,portfolio,SyncMarketRound,1789450341,14,0,1
gmregd6v,17,hpzf5xgg,403,portfolio,SyncMarketRound,1789450341,14,0,1
gmregd6v,23,9902h2kd,403,portfolio,SyncMarketRound,1789450341,14,0,1
gmregd6v,18,3th28718,403,portfolio,SyncMarketRound,1789450341,14,0,1
gmregd6v,11,h4hoh39u,403,portfolio,SyncMarketRound,1789450341,14,0,1
gmregd6v,19,hh695q6a,403,portfolio,SyncMarketRound,1789450341,14,0,1
gmregd6v,24,snwy0w01,403,portfolio,SyncMarketRound,1789450341,14,0,1
gmregd6v,25,yaickank,403,portfolio,SyncMarketRound,1789450341,14,0,1
gmregd6v,2,0vigghqi,403,portfolio,SyncMarketRound,1789450341,14,0,1
gmregd6v,4,9nn00jux,403,portfolio,SyncMarketRound,1789450341,14,0,1
gmregd6v,5,d8azp69w,403,portfolio,SyncMarketRound,1789450341,14,0,1
gmregd6v,9,3z6ed32t,403,portfolio,SyncMarketRound,1789450341,14,0,1
gmregd6v,12,jzoxfyc2,430,portfolio,PageBidGenderExp,1789450357,15,0,0
gmregd6v,6,g5ct4rg0,430,portfolio,PageBidGenderExp,1789450357,15,0,0
gmregd6v,9,3z6ed32t,430,portfolio,PageBidGenderExp,1789450359,15,0,0
gmregd6v,17,hpzf5xgg,430,portfolio,PageBidGenderExp,1789450359,15,0,0
gmregd6v,19,hh695q6a,430,portfolio,PageBidGenderExp,1789450360,15,0,0
gmregd6v,15,3fdg4ref,430,portfolio,PageBidGenderExp,1789450364,15,0,0
gmregd6v,21,2fon3kdf,430,portfolio,PageBidGenderExp,1789450365,15,0,0
gmregd6v,20,2w7wmunp,430,portfolio,PageBidGenderExp,1789450367,15,0,0
gmregd6v,13,dqn940v4,430,portfolio,PageBidGenderExp,1789450368,15,0,0
gmregd6v,23,9902h2kd,430,portfolio,PageBidGenderExp,1789450375,15,0,0
gmregd6v,14,5l1yk0gm,430,portfolio,PageBidGenderExp,1789450376,15,0,0
gmregd6v,3,xu6xugdp,430,portfolio,PageBidGenderExp,1789450377,15,0,0
gmregd6v,1,fwrj2jat,430,portfolio,PageBidGenderExp,1789450377,15,0,0
gmregd6v,11,h4hoh39u,430,portfolio,PageBidGenderExp,1789450379,15,0,0
gmregd6v,15,3fdg4ref,431,portfolio,Clearing,1789450379,15,0,1
gmregd6v,11,h4hoh39u,431,portfolio,Clearing,1789450379,15,0,1
gmregd6v,12,jzoxfyc2,431,portfolio,Clearing,1789450379,15,0,1
gmregd6v,13,dqn940v4,431,portfolio,Clearing,1789450379,15,0,1
gmregd6v,14,5l1yk0gm,431,portfolio,Clearing,1789450379,15,0,1
gmregd6v,22,0vm37wcl,430,portfolio,PageBidGenderExp,1789450381,15,0,0
gmregd6v,5,d8azp69w,430,portfolio,PageBidGenderExp,1789450382,15,0,0
gmregd6v,2,0vigghqi,430,portfolio,PageBidGenderExp,1789450386,15,0,0
gmregd6v,7,utr109q6,430,portfolio,PageBidGenderExp,1789450387,15,0,0
gmregd6v,10,pzsakpjx,430,portfolio,PageBidGenderExp,1789450393,15,0,0
gmregd6v,8,uza1lz8f,430,portfolio,PageBidGenderExp,1789450396,15,0,0
gmregd6v,6,g5ct4rg0,431,portfolio,Clearing,1789450396,15,0,1
gmregd6v,9,3z6ed32t,431,portfolio,Clearing,1789450396,15,0,1
gmregd6v,8,uza1lz8f,431,portfolio,Clearing,1789450396,15,0,1
gmregd6v,10,pzsakpjx,431,portfolio,Clearing,1789450396,15,0,1
gmregd6v,7,utr109q6,431,portfolio,Clearing,1789450396,15,0,1
gmregd6v,16,iliayit3,430,portfolio,PageBidGenderExp,1789450403,15,0,0
gmregd6v,24,snwy0w01,430,portfolio,PageBidGenderExp,1789450407,15,0,0
gmregd6v,25,yaickank,430,portfolio,PageBidGenderExp,1789450412,15,0,0
gmregd6v,23,9902h2kd,431,portfolio,Clearing,1789450412,15,0,1
gmregd6v,25,yaickank,431,portfolio,Clearing,1789450412,15,0,1
gmregd6v,22,0vm37wcl,431,portfolio,Clearing,1789450412,15,0,1
gmregd6v,21,2fon3kdf,431,portfolio,Clearing,1789450412,15,0,1
gmregd6v,24,snwy0w01,431,portfolio,Clearing,1789450412,15,0,1
gmregd6v,18,3th28718,430,portfolio,PageBidGenderExp,1789450419,15,0,0
gmregd6v,16,iliayit3,431,portfolio,Clearing,1789450419,15,0,1
gmregd6v,17,hpzf5xgg,431,portfolio,Clearing,1789450419,15,0,1
gmregd6v,18,3th28718,431,portfolio,Clearing,1789450419,15,0,1
gmregd6v,19,hh695q6a,431,portfolio,Clearing,1789450419,15,0,1
gmregd6v,20,2w7wmunp,431,portfolio,Clearing,1789450419,15,0,1
gmregd6v,4,9nn00jux,430,portfolio,PageBidGenderExp,1789450432,15,0,0
gmregd6v,1,fwrj2jat,431,portfolio,Clearing,1789450432,15,0,1
gmregd6v,2,0vigghqi,431,portfolio,Clearing,1789450432,15,0,1
gmregd6v,3,xu6xugdp,431,portfolio,Clearing,1789450432,15,0,1
gmregd6v,5,d8azp69w,431,portfolio,Clearing,1789450432,15,0,1
gmregd6v,4,9nn00jux,431,portfolio,Clearing,1789450432,15,0,1
gmregd6v,15,3fdg4ref,432,portfolio,SyncMarketRound,1789450433,15,0,1
gmregd6v,23,9902h2kd,432,portfolio,SyncMarketRound,1789450433,15,0,1
gmregd6v,25,yaickank,432,portfolio,SyncMarketRound,1789450433,15,0,1
gmregd6v,22,0vm37wcl,432,portfolio,SyncMarketRound,1789450433,15,0,1
gmregd6v,21,2fon3kdf,432,portfolio,SyncMarketRound,1789450433,15,0,1
gmregd6v,1,fwrj2jat,432,portfolio,SyncMarketRound,1789450433,15,0,1
gmregd6v,2,0vigghqi,432,portfolio,SyncMarketRound,1789450433,15,0,1
gmregd6v,5,d8azp69w,432,portfolio,SyncMarketRound,1789450433,15,0,1
gmregd6v,3,xu6xugdp,432,portfolio,SyncMarketRound,1789450433,15,0,1
gmregd6v,4,9nn00jux,432,portfolio,SyncMarketRound,1789450433,15,0,1
gmregd6v,16,iliayit3,432,portfolio,SyncMarketRound,1789450433,15,0,1
gmregd6v,17,hpzf5xgg,432,portfolio,SyncMarketRound,1789450433,15,0,1
gmregd6v,11,h4hoh39u,432,portfolio,SyncMarketRound,1789450433,15,0,1
gmregd6v,12,jzoxfyc2,432,portfolio,SyncMarketRound,1789450433,15,0,1
gmregd6v,13,dqn940v4,432,portfolio,SyncMarketRound,1789450433,15,0,1
gmregd6v,14,5l1yk0gm,432,portfolio,SyncMarketRound,1789450433,15,0,1
gmregd6v,18,3th28718,432,portfolio,SyncMarketRound,1789450433,15,0,1
gmregd6v,6,g5ct4rg0,432,portfolio,SyncMarketRound,1789450433,15,0,1
gmregd6v,7,utr109q6,432,portfolio,SyncMarketRound,1789450433,15,0,1
gmregd6v,8,uza1lz8f,432,portfolio,SyncMarketRound,1789450433,15,0,1
gmregd6v,9,3z6ed32t,432,portfolio,SyncMarketRound,1789450433,15,0,1
gmregd6v,10,pzsakpjx,432,portfolio,SyncMarketRound,1789450433,15,0,1
gmregd6v,19,hh695q6a,432,portfolio,SyncMarketRound,1789450433,15,0,1
gmregd6v,20,2w7wmunp,432,portfolio,SyncMarketRound,1789450433,15,0,1
gmregd6v,24,snwy0w01,432,portfolio,SyncMarketRound,1789450433,15,0,1
gmregd6v,1,fwrj2jat,459,portfolio,PageBidGenderExp,1789450448,16,0,0
gmregd6v,17,hpzf5xgg,459,portfolio,PageBidGenderExp,1789450449,16,0,0
gmregd6v,19,hh695q6a,459,portfolio,PageBidGenderExp,1789450449,16,0,0
gmregd6v,12,jzoxfyc2,459,portfolio,PageBidGenderExp,1789450451,16,0,0
gmregd6v,21,2fon3kdf,459,portfolio,PageBidGenderExp,1789450452,16,0,0
gmregd6v,16,iliayit3,459,portfolio,PageBidGenderExp,1789450452,16,0,0
gmregd6v,6,g5ct4rg0,459,portfolio,PageBidGenderExp,1789450455,16,0,0
gmregd6v,9,3z6ed32t,459,portfolio,PageBidGenderExp,1789450455,16,0,0
gmregd6v,7,utr109q6,459,portfolio,PageBidGenderExp,1789450456,16,0,0
gmregd6v,23,9902h2kd,459,portfolio,PageBidGenderExp,1789450457,16,0,0
gmregd6v,22,0vm37wcl,459,portfolio,PageBidGenderExp,1789450458,16,0,0
gmregd6v,15,3fdg4ref,459,portfolio,PageBidGenderExp,1789450459,16,0,0
gmregd6v,25,yaickank,459,portfolio,PageBidGenderExp,1789450461,16,0,0
gmregd6v,13,dqn940v4,459,portfolio,PageBidGenderExp,1789450461,16,0,0
gmregd6v,10,pzsakpjx,459,portfolio,PageBidGenderExp,1789450463,16,0,0
gmregd6v,20,2w7wmunp,459,portfolio,PageBidGenderExp,1789450464,16,0,0
gmregd6v,14,5l1yk0gm,459,portfolio,PageBidGenderExp,1789450465,16,0,0
gmregd6v,18,3th28718,459,portfolio,PageBidGenderExp,1789450465,16,0,0
gmregd6v,17,hpzf5xgg,460,portfolio,Clearing,1789450466,16,0,1
gmregd6v,18,3th28718,460,portfolio,Clearing,1789450466,16,0,1
gmregd6v,19,hh695q6a,460,portfolio,Clearing,1789450466,16,0,1
gmregd6v,20,2w7wmunp,460,portfolio,Clearing,1789450466,16,0,1
gmregd6v,16,iliayit3,460,portfolio,Clearing,1789450466,16,0,1
gmregd6v,11,h4hoh39u,459,portfolio,PageBidGenderExp,1789450470,16,0,0
gmregd6v,11,h4hoh39u,460,portfolio,Clearing,1789450470,16,0,1
gmregd6v,12,jzoxfyc2,460,portfolio,Clearing,1789450470,16,0,1
gmregd6v,13,dqn940v4,460,portfolio,Clearing,1789450470,16,0,1
gmregd6v,14,5l1yk0gm,460,portfolio,Clearing,1789450470,16,0,1
gmregd6v,15,3fdg4ref,460,portfolio,Clearing,1789450470,16,0,1
gmregd6v,2,0vigghqi,459,portfolio,PageBidGenderExp,1789450472,16,0,0
gmregd6v,5,d8azp69w,459,portfolio,PageBidGenderExp,1789450476,16,0,0
gmregd6v,3,xu6xugdp,459,portfolio,PageBidGenderExp,1789450481,16,0,0
gmregd6v,4,9nn00jux,459,portfolio,PageBidGenderExp,1789450490,16,0,0
gmregd6v,2,0vigghqi,460,portfolio,Clearing,1789450491,16,0,1
gmregd6v,1,fwrj2jat,460,portfolio,Clearing,1789450491,16,0,1
gmregd6v,3,xu6xugdp,460,portfolio,Clearing,1789450491,16,0,1
gmregd6v,4,9nn00jux,460,portfolio,Clearing,1789450491,16,0,1
gmregd6v,5,d8azp69w,460,portfolio,Clearing,1789450491,16,0,1
gmregd6v,8,uza1lz8f,459,portfolio,PageBidGenderExp,1789450515,16,0,0
gmregd6v,10,pzsakpjx,460,portfolio,Clearing,1789450516,16,0,1
gmregd6v,6,g5ct4rg0,460,portfolio,Clearing,1789450516,16,0,1
gmregd6v,7,utr109q6,460,portfolio,Clearing,1789450516,16,0,1
gmregd6v,8,uza1lz8f,460,portfolio,Clearing,1789450516,16,0,1
gmregd6v,9,3z6ed32t,460,portfolio,Clearing,1789450516,16,0,1
gmregd6v,24,snwy0w01,459,portfolio,PageBidGenderExp,1789450518,16,0,0
gmregd6v,21,2fon3kdf,460,portfolio,Clearing,1789450518,16,0,1
gmregd6v,22,0vm37wcl,460,portfolio,Clearing,1789450518,16,0,1
gmregd6v,23,9902h2kd,460,portfolio,Clearing,1789450518,16,0,1
gmregd6v,24,snwy0w01,460,portfolio,Clearing,1789450518,16,0,1
gmregd6v,25,yaickank,460,portfolio,Clearing,1789450518,16,0,1
gmregd6v,17,hpzf5xgg,461,portfolio,SyncMarketRound,1789450519,16,0,1
gmregd6v,18,3th28718,461,portfolio,SyncMarketRound,1789450519,16,0,1
gmregd6v,19,hh695q6a,461,portfolio,SyncMarketRound,1789450519,16,0,1
gmregd6v,20,2w7wmunp,461,portfolio,SyncMarketRound,1789450519,16,0,1
gmregd6v,10,pzsakpjx,461,portfolio,SyncMarketRound,1789450519,16,0,1
gmregd6v,2,0vigghqi,461,portfolio,SyncMarketRound,1789450519,16,0,1
gmregd6v,11,h4hoh39u,461,portfolio,SyncMarketRound,1789450519,16,0,1
gmregd6v,6,g5ct4rg0,461,portfolio,SyncMarketRound,1789450519,16,0,1
gmregd6v,12,jzoxfyc2,461,portfolio,SyncMarketRound,1789450519,16,0,1
gmregd6v,21,2fon3kdf,461,portfolio,SyncMarketRound,1789450519,16,0,1
gmregd6v,22,0vm37wcl,461,portfolio,SyncMarketRound,1789450519,16,0,1
gmregd6v,23,9902h2kd,461,portfolio,SyncMarketRound,1789450519,16,0,1
gmregd6v,7,utr109q6,461,portfolio,SyncMarketRound,1789450519,16,0,1
gmregd6v,13,dqn940v4,461,portfolio,SyncMarketRound,1789450519,16,0,1
gmregd6v,24,snwy0w01,461,portfolio,SyncMarketRound,1789450519,16,0,1
gmregd6v,14,5l1yk0gm,461,portfolio,SyncMarketRound,1789450519,16,0,1
gmregd6v,8,uza1lz8f,461,portfolio,SyncMarketRound,1789450519,16,0,1
gmregd6v,15,3fdg4ref,461,portfolio,SyncMarketRound,1789450519,16,0,1
gmregd6v,16,iliayit3,461,portfolio,SyncMarketRound,1789450519,16,0,1
gmregd6v,1,fwrj2jat,461,portfolio,SyncMarketRound,1789450519,16,0,1
gmregd6v,3,xu6xugdp,461,portfolio,SyncMarketRound,1789450519,16,0,1
gmregd6v,4,9nn00jux,461,portfolio,SyncMarketRound,1789450519,16,0,1
gmregd6v,5,d8azp69w,461,portfolio,SyncMarketRound,1789450519,16,0,1
gmregd6v,9,3z6ed32t,461,portfolio,SyncMarketRound,1789450519,16,0,1
gmregd6v,25,yaickank,461,portfolio,SyncMarketRound,1789450519,16,0,1
gmregd6v,9,3z6ed32t,488,portfolio,PageBidGenderExp,1789450535,17,0,0
gmregd6v,19,hh695q6a,488,portfolio,PageBidGenderExp,1789450535,17,0,0
gmregd6v,1,fwrj2jat,488,portfolio,PageBidGenderExp,1789450537,17,0,0
gmregd6v,21,2fon3kdf,488,portfolio,PageBidGenderExp,1789450538,17,0,0
gmregd6v,16,iliayit3,488,portfolio,PageBidGenderExp,1789450540,17,0,0
gmregd6v,23,9902h2kd,488,portfolio,PageBidGenderExp,1789450540,17,0,0
gmregd6v,17,hpzf5xgg,488,portfolio,PageBidGenderExp,1789450540,17,0,0
gmregd6v,4,9nn00jux,488,portfolio,PageBidGenderExp,1789450542,17,0,0
gmregd6v,20,2w7wmunp,488,portfolio,PageBidGenderExp,1789450543,17,0,0
gmregd6v,22,0vm37wcl,488,portfolio,PageBidGenderExp,1789450544,17,0,0
gmregd6v,7,utr109q6,488,portfolio,PageBidGenderExp,1789450544,17,0,0
gmregd6v,13,dqn940v4,488,portfolio,PageBidGenderExp,1789450544,17,0,0
gmregd6v,10,pzsakpjx,488,portfolio,PageBidGenderExp,1789450545,17,0,0
gmregd6v,6,g5ct4rg0,488,portfolio,PageBidGenderExp,1789450545,17,0,0
gmregd6v,12,jzoxfyc2,488,portfolio,PageBidGenderExp,1789450546,17,0,0
gmregd6v,24,snwy0w01,488,portfolio,PageBidGenderExp,1789450546,17,0,0
gmregd6v,14,5l1yk0gm,488,portfolio,PageBidGenderExp,1789450549,17,0,0
gmregd6v,25,yaickank,488,portfolio,PageBidGenderExp,1789450552,17,0,0
gmregd6v,8,uza1lz8f,488,portfolio,PageBidGenderExp,1789450552,17,0,0
gmregd6v,21,2fon3kdf,489,portfolio,Clearing,1789450552,17,0,1
gmregd6v,23,9902h2kd,489,portfolio,Clearing,1789450552,17,0,1
gmregd6v,24,snwy0w01,489,portfolio,Clearing,1789450552,17,0,1
gmregd6v,25,yaickank,489,portfolio,Clearing,1789450552,17,0,1
gmregd6v,22,0vm37wcl,489,portfolio,Clearing,1789450552,17,0,1
gmregd6v,10,pzsakpjx,489,portfolio,Clearing,1789450553,17,0,1
gmregd6v,6,g5ct4rg0,489,portfolio,Clearing,1789450553,17,0,1
gmregd6v,7,utr109q6,489,portfolio,Clearing,1789450553,17,0,1
gmregd6v,8,uza1lz8f,489,portfolio,Clearing,1789450553,17,0,1
gmregd6v,9,3z6ed32t,489,portfolio,Clearing,1789450553,17,0,1
gmregd6v,15,3fdg4ref,488,portfolio,PageBidGenderExp,1789450553,17,0,0
gmregd6v,18,3th28718,488,portfolio,PageBidGenderExp,1789450554,17,0,0
gmregd6v,16,iliayit3,489,portfolio,Clearing,1789450554,17,0,1
gmregd6v,17,hpzf5xgg,489,portfolio,Clearing,1789450554,17,0,1
gmregd6v,18,3th28718,489,portfolio,Clearing,1789450554,17,0,1
gmregd6v,19,hh695q6a,489,portfolio,Clearing,1789450554,17,0,1
gmregd6v,20,2w7wmunp,489,portfolio,Clearing,1789450554,17,0,1
gmregd6v,11,h4hoh39u,488,portfolio,PageBidGenderExp,1789450554,17,0,0
gmregd6v,11,h4hoh39u,489,portfolio,Clearing,1789450554,17,0,1
gmregd6v,12,jzoxfyc2,489,portfolio,Clearing,1789450554,17,0,1
gmregd6v,13,dqn940v4,489,portfolio,Clearing,1789450554,17,0,1
gmregd6v,14,5l1yk0gm,489,portfolio,Clearing,1789450554,17,0,1
gmregd6v,15,3fdg4ref,489,portfolio,Clearing,1789450554,17,0,1
gmregd6v,3,xu6xugdp,488,portfolio,PageBidGenderExp,1789450556,17,0,0
gmregd6v,2,0vigghqi,488,portfolio,PageBidGenderExp,1789450560,17,0,0
gmregd6v,5,d8azp69w,488,portfolio,PageBidGenderExp,1789450584,17,0,0
gmregd6v,3,xu6xugdp,489,portfolio,Clearing,1789450585,17,0,1
gmregd6v,1,fwrj2jat,489,portfolio,Clearing,1789450585,17,0,1
gmregd6v,2,0vigghqi,489,portfolio,Clearing,1789450585,17,0,1
gmregd6v,4,9nn00jux,489,portfolio,Clearing,1789450585,17,0,1
gmregd6v,5,d8azp69w,489,portfolio,Clearing,1789450585,17,0,1
gmregd6v,21,2fon3kdf,490,portfolio,SyncMarketRound,1789450585,17,0,1
gmregd6v,23,9902h2kd,490,portfolio,SyncMarketRound,1789450585,17,0,1
gmregd6v,24,snwy0w01,490,portfolio,SyncMarketRound,1789450585,17,0,1
gmregd6v,25,yaickank,490,portfolio,SyncMarketRound,1789450585,17,0,1
gmregd6v,10,pzsakpjx,490,portfolio,SyncMarketRound,1789450585,17,0,1
gmregd6v,3,xu6xugdp,490,portfolio,SyncMarketRound,1789450585,17,0,1
gmregd6v,11,h4hoh39u,490,portfolio,SyncMarketRound,1789450585,17,0,1
gmregd6v,12,jzoxfyc2,490,portfolio,SyncMarketRound,1789450585,17,0,1
gmregd6v,13,dqn940v4,490,portfolio,SyncMarketRound,1789450585,17,0,1
gmregd6v,16,iliayit3,490,portfolio,SyncMarketRound,1789450585,17,0,1
gmregd6v,17,hpzf5xgg,490,portfolio,SyncMarketRound,1789450585,17,0,1
gmregd6v,1,fwrj2jat,490,portfolio,SyncMarketRound,1789450585,17,0,1
gmregd6v,2,0vigghqi,490,portfolio,SyncMarketRound,1789450585,17,0,1
gmregd6v,18,3th28718,490,portfolio,SyncMarketRound,1789450585,17,0,1
gmregd6v,6,g5ct4rg0,490,portfolio,SyncMarketRound,1789450585,17,0,1
gmregd6v,7,utr109q6,490,portfolio,SyncMarketRound,1789450585,17,0,1
gmregd6v,8,uza1lz8f,490,portfolio,SyncMarketRound,1789450585,17,0,1
gmregd6v,9,3z6ed32t,490,portfolio,SyncMarketRound,1789450585,17,0,1
gmregd6v,19,hh695q6a,490,portfolio,SyncMarketRound,1789450585,17,0,1
gmregd6v,14,5l1yk0gm,490,portfolio,SyncMarketRound,1789450585,17,0,1
gmregd6v,15,3fdg4ref,490,portfolio,SyncMarketRound,1789450585,17,0,1
gmregd6v,4,9nn00jux,490,portfolio,SyncMarketRound,1789450585,17,0,1
gmregd6v,5,d8azp69w,490,portfolio,SyncMarketRound,1789450585,17,0,1
gmregd6v,20,2w7wmunp,490,portfolio,SyncMarketRound,1789450585,17,0,1
gmregd6v,22,0vm37wcl,490,portfolio,SyncMarketRound,1789450585,17,0,1
gmregd6v,17,hpzf5xgg,517,portfolio,PageBidGenderExp,1789450600,18,0,0
gmregd6v,19,hh695q6a,517,portfolio,PageBidGenderExp,1789450601,18,0,0
gmregd6v,16,iliayit3,517,portfolio,PageBidGenderExp,1789450601,18,0,0
gmregd6v,1,fwrj2jat,517,portfolio,PageBidGenderExp,1789450601,18,0,0
gmregd6v,6,g5ct4rg0,517,portfolio,PageBidGenderExp,1789450602,18,0,0
gmregd6v,12,jzoxfyc2,517,portfolio,PageBidGenderExp,1789450604,18,0,0
gmregd6v,9,3z6ed32t,517,portfolio,PageBidGenderExp,1789450605,18,0,0
gmregd6v,24,snwy0w01,517,portfolio,PageBidGenderExp,1789450605,18,0,0
gmregd6v,21,2fon3kdf,517,portfolio,PageBidGenderExp,1789450606,18,0,0
gmregd6v,7,utr109q6,517,portfolio,PageBidGenderExp,1789450607,18,0,0
gmregd6v,10,pzsakpjx,517,portfolio,PageBidGenderExp,1789450608,18,0,0
gmregd6v,23,9902h2kd,517,portfolio,PageBidGenderExp,1789450609,18,0,0
gmregd6v,13,dqn940v4,517,portfolio,PageBidGenderExp,1789450613,18,0,0
gmregd6v,18,3th28718,517,portfolio,PageBidGenderExp,1789450617,18,0,0
gmregd6v,20,2w7wmunp,517,portfolio,PageBidGenderExp,1789450621,18,0,0
gmregd6v,19,hh695q6a,518,portfolio,Clearing,1789450621,18,0,1
gmregd6v,20,2w7wmunp,518,portfolio,Clearing,1789450621,18,0,1
gmregd6v,16,iliayit3,518,portfolio,Clearing,1789450621,18,0,1
gmregd6v,17,hpzf5xgg,518,portfolio,Clearing,1789450621,18,0,1
gmregd6v,18,3th28718,518,portfolio,Clearing,1789450621,18,0,1
gmregd6v,22,0vm37wcl,517,portfolio,PageBidGenderExp,1789450622,18,0,0
gmregd6v,5,d8azp69w,517,portfolio,PageBidGenderExp,1789450626,18,0,0
gmregd6v,25,yaickank,517,portfolio,PageBidGenderExp,1789450627,18,0,0
gmregd6v,25,yaickank,518,portfolio,Clearing,1789450628,18,0,1
gmregd6v,21,2fon3kdf,518,portfolio,Clearing,1789450628,18,0,1
gmregd6v,22,0vm37wcl,518,portfolio,Clearing,1789450628,18,0,1
gmregd6v,23,9902h2kd,518,portfolio,Clearing,1789450628,18,0,1
gmregd6v,24,snwy0w01,518,portfolio,Clearing,1789450628,18,0,1
gmregd6v,2,0vigghqi,517,portfolio,PageBidGenderExp,1789450629,18,0,0
gmregd6v,15,3fdg4ref,517,portfolio,PageBidGenderExp,1789450634,18,0,0
gmregd6v,3,xu6xugdp,517,portfolio,PageBidGenderExp,1789450636,18,0,0
gmregd6v,11,h4hoh39u,517,portfolio,PageBidGenderExp,1789450639,18,0,0
gmregd6v,4,9nn00jux,517,portfolio,PageBidGenderExp,1789450646,18,0,0
gmregd6v,1,fwrj2jat,518,portfolio,Clearing,1789450646,18,0,1
gmregd6v,2,0vigghqi,518,portfolio,Clearing,1789450646,18,0,1
gmregd6v,3,xu6xugdp,518,portfolio,Clearing,1789450646,18,0,1
gmregd6v,4,9nn00jux,518,portfolio,Clearing,1789450646,18,0,1
gmregd6v,5,d8azp69w,518,portfolio,Clearing,1789450646,18,0,1
gmregd6v,14,5l1yk0gm,517,portfolio,PageBidGenderExp,1789450648,18,0,0
gmregd6v,11,h4hoh39u,518,portfolio,Clearing,1789450648,18,0,1
gmregd6v,12,jzoxfyc2,518,portfolio,Clearing,1789450648,18,0,1
gmregd6v,13,dqn940v4,518,portfolio,Clearing,1789450648,18,0,1
gmregd6v,14,5l1yk0gm,518,portfolio,Clearing,1789450648,18,0,1
gmregd6v,15,3fdg4ref,518,portfolio,Clearing,1789450648,18,0,1
gmregd6v,8,uza1lz8f,517,portfolio,PageBidGenderExp,1789450661,18,0,0
gmregd6v,6,g5ct4rg0,518,portfolio,Clearing,1789450662,18,0,1
gmregd6v,8,uza1lz8f,518,portfolio,Clearing,1789450662,18,0,1
gmregd6v,9,3z6ed32t,518,portfolio,Clearing,1789450662,18,0,1
gmregd6v,7,utr109q6,518,portfolio,Clearing,1789450662,18,0,1
gmregd6v,10,pzsakpjx,518,portfolio,Clearing,1789450662,18,0,1
gmregd6v,19,hh695q6a,519,portfolio,SyncMarketRound,1789450663,18,0,1
gmregd6v,20,2w7wmunp,519,portfolio,SyncMarketRound,1789450663,18,0,1
gmregd6v,25,yaickank,519,portfolio,SyncMarketRound,1789450663,18,0,1
gmregd6v,11,h4hoh39u,519,portfolio,SyncMarketRound,1789450663,18,0,1
gmregd6v,6,g5ct4rg0,519,portfolio,SyncMarketRound,1789450663,18,0,1
gmregd6v,12,jzoxfyc2,519,portfolio,SyncMarketRound,1789450663,18,0,1
gmregd6v,8,uza1lz8f,519,portfolio,SyncMarketRound,1789450663,18,0,1
gmregd6v,13,dqn940v4,519,portfolio,SyncMarketRound,1789450663,18,0,1
gmregd6v,9,3z6ed32t,519,portfolio,SyncMarketRound,1789450663,18,0,1
gmregd6v,7,utr109q6,519,portfolio,SyncMarketRound,1789450663,18,0,1
gmregd6v,14,5l1yk0gm,519,portfolio,SyncMarketRound,1789450663,18,0,1
gmregd6v,10,pzsakpjx,519,portfolio,SyncMarketRound,1789450663,18,0,1
gmregd6v,21,2fon3kdf,519,portfolio,SyncMarketRound,1789450663,18,0,1
gmregd6v,22,0vm37wcl,519,portfolio,SyncMarketRound,1789450663,18,0,1
gmregd6v,16,iliayit3,519,portfolio,SyncMarketRound,1789450663,18,0,1
gmregd6v,17,hpzf5xgg,519,portfolio,SyncMarketRound,1789450663,18,0,1
gmregd6v,18,3th28718,519,portfolio,SyncMarketRound,1789450663,18,0,1
gmregd6v,23,9902h2kd,519,portfolio,SyncMarketRound,1789450663,18,0,1
gmregd6v,24,snwy0w01,519,portfolio,SyncMarketRound,1789450663,18,0,1
gmregd6v,1,fwrj2jat,519,portfolio,SyncMarketRound,1789450663,18,0,1
gmregd6v,2,0vigghqi,519,portfolio,SyncMarketRound,1789450663,18,0,1
gmregd6v,3,xu6xugdp,519,portfolio,SyncMarketRound,1789450663,18,0,1
gmregd6v,4,9nn00jux,519,portfolio,SyncMarketRound,1789450663,18,0,1
gmregd6v,5,d8azp69w,519,portfolio,SyncMarketRound,1789450663,18,0,1
gmregd6v,15,3fdg4ref,519,portfolio,SyncMarketRound,1789450663,18,0,1
gmregd6v,9,3z6ed32t,546,portfolio,PageBidGenderExp,1789450675,19,0,0
gmregd6v,17,hpzf5xgg,546,portfolio,PageBidGenderExp,1789450676,19,0,0
gmregd6v,1,fwrj2jat,546,portfolio,PageBidGenderExp,1789450677,19,0,0
gmregd6v,20,2w7wmunp,546,portfolio,PageBidGenderExp,1789450682,19,0,0
gmregd6v,3,xu6xugdp,546,portfolio,PageBidGenderExp,1789450682,19,0,0
gmregd6v,16,iliayit3,546,portfolio,PageBidGenderExp,1789450683,19,0,0
gmregd6v,10,pzsakpjx,546,portfolio,PageBidGenderExp,1789450683,19,0,0
gmregd6v,7,utr109q6,546,portfolio,PageBidGenderExp,1789450684,19,0,0
gmregd6v,13,dqn940v4,546,portfolio,PageBidGenderExp,1789450685,19,0,0
gmregd6v,22,0vm37wcl,546,portfolio,PageBidGenderExp,1789450685,19,0,0
gmregd6v,18,3th28718,546,portfolio,PageBidGenderExp,1789450685,19,0,0
gmregd6v,11,h4hoh39u,546,portfolio,PageBidGenderExp,1789450685,19,0,0
gmregd6v,14,5l1yk0gm,546,portfolio,PageBidGenderExp,1789450686,19,0,0
gmregd6v,21,2fon3kdf,546,portfolio,PageBidGenderExp,1789450687,19,0,0
gmregd6v,12,jzoxfyc2,546,portfolio,PageBidGenderExp,1789450688,19,0,0
gmregd6v,19,hh695q6a,546,portfolio,PageBidGenderExp,1789450689,19,0,0
gmregd6v,16,iliayit3,547,portfolio,Clearing,1789450689,19,0,1
gmregd6v,17,hpzf5xgg,547,portfolio,Clearing,1789450689,19,0,1
gmregd6v,18,3th28718,547,portfolio,Clearing,1789450689,19,0,1
gmregd6v,19,hh695q6a,547,portfolio,Clearing,1789450689,19,0,1
gmregd6v,20,2w7wmunp,547,portfolio,Clearing,1789450689,19,0,1
gmregd6v,4,9nn00jux,546,portfolio,PageBidGenderExp,1789450691,19,0,0
gmregd6v,15,3fdg4ref,546,portfolio,PageBidGenderExp,1789450693,19,0,0
gmregd6v,15,3fdg4ref,547,portfolio,Clearing,1789450693,19,0,1
gmregd6v,11,h4hoh39u,547,portfolio,Clearing,1789450693,19,0,1
gmregd6v,12,jzoxfyc2,547,portfolio,Clearing,1789450693,19,0,1
gmregd6v,13,dqn940v4,547,portfolio,Clearing,1789450693,19,0,1
gmregd6v,14,5l1yk0gm,547,portfolio,Clearing,1789450693,19,0,1
gmregd6v,23,9902h2kd,546,portfolio,PageBidGenderExp,1789450693,19,0,0
gmregd6v,8,uza1lz8f,546,portfolio,PageBidGenderExp,1789450695,19,0,0
gmregd6v,6,g5ct4rg0,546,portfolio,PageBidGenderExp,1789450696,19,0,0
gmregd6v,6,g5ct4rg0,547,portfolio,Clearing,1789450696,19,0,1
gmregd6v,7,utr109q6,547,portfolio,Clearing,1789450696,19,0,1
gmregd6v,8,uza1lz8f,547,portfolio,Clearing,1789450696,19,0,1
gmregd6v,9,3z6ed32t,547,portfolio,Clearing,1789450696,19,0,1
gmregd6v,10,pzsakpjx,547,portfolio,Clearing,1789450696,19,0,1
gmregd6v,24,snwy0w01,546,portfolio,PageBidGenderExp,1789450699,19,0,0
gmregd6v,5,d8azp69w,546,portfolio,PageBidGenderExp,1789450704,19,0,0
gmregd6v,25,yaickank,546,portfolio,PageBidGenderExp,1789450704,19,0,0
gmregd6v,23,9902h2kd,547,portfolio,Clearing,1789450704,19,0,1
gmregd6v,24,snwy0w01,547,portfolio,Clearing,1789450704,19,0,1
gmregd6v,22,0vm37wcl,547,portfolio,Clearing,1789450704,19,0,1
gmregd6v,25,yaickank,547,portfolio,Clearing,1789450704,19,0,1
gmregd6v,21,2fon3kdf,547,portfolio,Clearing,1789450704,19,0,1
gmregd6v,2,0vigghqi,546,portfolio,PageBidGenderExp,1789450718,19,0,0
gmregd6v,2,0vigghqi,547,portfolio,Clearing,1789450719,19,0,1
gmregd6v,1,fwrj2jat,547,portfolio,Clearing,1789450719,19,0,1
gmregd6v,3,xu6xugdp,547,portfolio,Clearing,1789450719,19,0,1
gmregd6v,4,9nn00jux,547,portfolio,Clearing,1789450719,19,0,1
gmregd6v,5,d8azp69w,547,portfolio,Clearing,1789450719,19,0,1
gmregd6v,15,3fdg4ref,548,portfolio,SyncMarketRound,1789450719,19,0,1
gmregd6v,2,0vigghqi,548,portfolio,SyncMarketRound,1789450719,19,0,1
gmregd6v,1,fwrj2jat,548,portfolio,SyncMarketRound,1789450719,19,0,1
gmregd6v,3,xu6xugdp,548,portfolio,SyncMarketRound,1789450719,19,0,1
gmregd6v,4,9nn00jux,548,portfolio,SyncMarketRound,1789450719,19,0,1
gmregd6v,6,g5ct4rg0,548,portfolio,SyncMarketRound,1789450719,19,0,1
gmregd6v,7,utr109q6,548,portfolio,SyncMarketRound,1789450719,19,0,1
gmregd6v,16,iliayit3,548,portfolio,SyncMarketRound,1789450719,19,0,1
gmregd6v,8,uza1lz8f,548,portfolio,SyncMarketRound,1789450719,19,0,1
gmregd6v,11,h4hoh39u,548,portfolio,SyncMarketRound,1789450719,19,0,1
gmregd6v,12,jzoxfyc2,548,portfolio,SyncMarketRound,1789450719,19,0,1
gmregd6v,13,dqn940v4,548,portfolio,SyncMarketRound,1789450719,19,0,1
gmregd6v,14,5l1yk0gm,548,portfolio,SyncMarketRound,1789450719,19,0,1
gmregd6v,9,3z6ed32t,548,portfolio,SyncMarketRound,1789450719,19,0,1
gmregd6v,10,pzsakpjx,548,portfolio,SyncMarketRound,1789450719,19,0,1
gmregd6v,5,d8azp69w,548,portfolio,SyncMarketRound,1789450719,19,0,1
gmregd6v,23,9902h2kd,548,portfolio,SyncMarketRound,1789450719,19,0,1
gmregd6v,24,snwy0w01,548,portfolio,SyncMarketRound,1789450719,19,0,1
gmregd6v,22,0vm37wcl,548,portfolio,SyncMarketRound,1789450719,19,0,1
gmregd6v,25,yaickank,548,portfolio,SyncMarketRound,1789450719,19,0,1
gmregd6v,17,hpzf5xgg,548,portfolio,SyncMarketRound,1789450719,19,0,1
gmregd6v,18,3th28718,548,portfolio,SyncMarketRound,1789450719,19,0,1
gmregd6v,19,hh695q6a,548,portfolio,SyncMarketRound,1789450719,19,0,1
gmregd6v,20,2w7wmunp,548,portfolio,SyncMarketRound,1789450719,19,0,1
gmregd6v,21,2fon3kdf,548,portfolio,SyncMarketRound,1789450719,19,0,1
gmregd6v,6,g5ct4rg0,575,portfolio,PageBidGenderExp,1789450733,20,0,0
gmregd6v,17,hpzf5xgg,575,portfolio,PageBidGenderExp,1789450734,20,0,0
gmregd6v,10,pzsakpjx,575,portfolio,PageBidGenderExp,1789450734,20,0,0
gmregd6v,16,iliayit3,575,portfolio,PageBidGenderExp,1789450736,20,0,0
gmregd6v,1,fwrj2jat,575,portfolio,PageBidGenderExp,1789450737,20,0,0
gmregd6v,9,3z6ed32t,575,portfolio,PageBidGenderExp,1789450737,20,0,0
gmregd6v,19,hh695q6a,575,portfolio,PageBidGenderExp,1789450738,20,0,0
gmregd6v,7,utr109q6,575,portfolio,PageBidGenderExp,1789450739,20,0,0
gmregd6v,14,5l1yk0gm,575,portfolio,PageBidGenderExp,1789450739,20,0,0
gmregd6v,4,9nn00jux,575,portfolio,PageBidGenderExp,1789450740,20,0,0
gmregd6v,15,3fdg4ref,575,portfolio,PageBidGenderExp,1789450741,20,0,0
gmregd6v,22,0vm37wcl,575,portfolio,PageBidGenderExp,1789450741,20,0,0
gmregd6v,21,2fon3kdf,575,portfolio,PageBidGenderExp,1789450742,20,0,0
gmregd6v,13,dqn940v4,575,portfolio,PageBidGenderExp,1789450742,20,0,0
gmregd6v,12,jzoxfyc2,575,portfolio,PageBidGenderExp,1789450743,20,0,0
gmregd6v,20,2w7wmunp,575,portfolio,PageBidGenderExp,1789450744,20,0,0
gmregd6v,25,yaickank,575,portfolio,PageBidGenderExp,1789450745,20,0,0
gmregd6v,24,snwy0w01,575,portfolio,PageBidGenderExp,1789450746,20,0,0
gmregd6v,23,9902h2kd,575,portfolio,PageBidGenderExp,1789450746,20,0,0
gmregd6v,11,h4hoh39u,575,portfolio,PageBidGenderExp,1789450746,20,0,0
gmregd6v,21,2fon3kdf,576,portfolio,Clearing,1789450746,20,0,1
gmregd6v,22,0vm37wcl,576,portfolio,Clearing,1789450746,20,0,1
gmregd6v,23,9902h2kd,576,portfolio,Clearing,1789450746,20,0,1
gmregd6v,24,snwy0w01,576,portfolio,Clearing,1789450746,20,0,1
gmregd6v,25,yaickank,576,portfolio,Clearing,1789450746,20,0,1
gmregd6v,13,dqn940v4,576,portfolio,Clearing,1789450746,20,0,1
gmregd6v,14,5l1yk0gm,576,portfolio,Clearing,1789450746,20,0,1
gmregd6v,15,3fdg4ref,576,portfolio,Clearing,1789450746,20,0,1
gmregd6v,11,h4hoh39u,576,portfolio,Clearing,1789450746,20,0,1
gmregd6v,12,jzoxfyc2,576,portfolio,Clearing,1789450746,20,0,1
gmregd6v,18,3th28718,575,portfolio,PageBidGenderExp,1789450747,20,0,0
gmregd6v,17,hpzf5xgg,576,portfolio,Clearing,1789450748,20,0,1
gmregd6v,18,3th28718,576,portfolio,Clearing,1789450748,20,0,1
gmregd6v,19,hh695q6a,576,portfolio,Clearing,1789450748,20,0,1
gmregd6v,20,2w7wmunp,576,portfolio,Clearing,1789450748,20,0,1
gmregd6v,16,iliayit3,576,portfolio,Clearing,1789450748,20,0,1
gmregd6v,3,xu6xugdp,575,portfolio,PageBidGenderExp,1789450748,20,0,0
gmregd6v,5,d8azp69w,575,portfolio,PageBidGenderExp,1789450749,20,0,0
gmregd6v,8,uza1lz8f,575,portfolio,PageBidGenderExp,1789450766,20,0,0
gmregd6v,7,utr109q6,576,portfolio,Clearing,1789450766,20,0,1
gmregd6v,6,g5ct4rg0,576,portfolio,Clearing,1789450766,20,0,1
gmregd6v,8,uza1lz8f,576,portfolio,Clearing,1789450766,20,0,1
gmregd6v,9,3z6ed32t,576,portfolio,Clearing,1789450766,20,0,1
gmregd6v,10,pzsakpjx,576,portfolio,Clearing,1789450766,20,0,1
gmregd6v,2,0vigghqi,575,portfolio,PageBidGenderExp,1789450784,20,0,0
gmregd6v,1,fwrj2jat,576,portfolio,Clearing,1789450784,20,0,1
gmregd6v,3,xu6xugdp,576,portfolio,Clearing,1789450784,20,0,1
gmregd6v,4,9nn00jux,576,portfolio,Clearing,1789450784,20,0,1
gmregd6v,5,d8azp69w,576,portfolio,Clearing,1789450784,20,0,1
gmregd6v,2,0vigghqi,576,portfolio,Clearing,1789450784,20,0,1
gmregd6v,3,xu6xugdp,577,portfolio,SyncMarketRound,1789450789,20,0,1
gmregd6v,4,9nn00jux,577,portfolio,SyncMarketRound,1789450789,20,0,1
gmregd6v,9,3z6ed32t,577,portfolio,SyncMarketRound,1789450789,20,0,1
gmregd6v,10,pzsakpjx,577,portfolio,SyncMarketRound,1789450789,20,0,1
gmregd6v,11,h4hoh39u,577,portfolio,SyncMarketRound,1789450789,20,0,1
gmregd6v,12,jzoxfyc2,577,portfolio,SyncMarketRound,1789450789,20,0,1
gmregd6v,13,dqn940v4,577,portfolio,SyncMarketRound,1789450789,20,0,1
gmregd6v,14,5l1yk0gm,577,portfolio,SyncMarketRound,1789450789,20,0,1
gmregd6v,21,2fon3kdf,577,portfolio,SyncMarketRound,1789450789,20,0,1
gmregd6v,5,d8azp69w,577,portfolio,SyncMarketRound,1789450789,20,0,1
gmregd6v,22,0vm37wcl,577,portfolio,SyncMarketRound,1789450789,20,0,1
gmregd6v,15,3fdg4ref,577,portfolio,SyncMarketRound,1789450789,20,0,1
gmregd6v,16,iliayit3,577,portfolio,SyncMarketRound,1789450789,20,0,1
gmregd6v,23,9902h2kd,577,portfolio,SyncMarketRound,1789450789,20,0,1
gmregd6v,24,snwy0w01,577,portfolio,SyncMarketRound,1789450789,20,0,1
gmregd6v,17,hpzf5xgg,577,portfolio,SyncMarketRound,1789450789,20,0,1
gmregd6v,25,yaickank,577,portfolio,SyncMarketRound,1789450789,20,0,1
gmregd6v,18,3th28718,577,portfolio,SyncMarketRound,1789450789,20,0,1
gmregd6v,6,g5ct4rg0,577,portfolio,SyncMarketRound,1789450789,20,0,1
gmregd6v,19,hh695q6a,577,portfolio,SyncMarketRound,1789450789,20,0,1
gmregd6v,20,2w7wmunp,577,portfolio,SyncMarketRound,1789450789,20,0,1
gmregd6v,7,utr109q6,577,portfolio,SyncMarketRound,1789450789,20,0,1
gmregd6v,8,uza1lz8f,577,portfolio,SyncMarketRound,1789450789,20,0,1
gmregd6v,1,fwrj2jat,577,portfolio,SyncMarketRound,1789450789,20,0,1
gmregd6v,2,0vigghqi,577,portfolio,SyncMarketRound,1789450789,20,0,1
gmregd6v,1,fwrj2jat,579,portfolio,PageHistoryGenderExp,1789450793,20,0,0
gmregd6v,2,0vigghqi,579,portfolio,PageHistoryGenderExp,1789450793,20,0,0
gmregd6v,4,9nn00jux,579,portfolio,PageHistoryGenderExp,1789450793,20,0,0
gmregd6v,14,5l1yk0gm,579,portfolio,PageHistoryGenderExp,1789450793,20,0,0
gmregd6v,13,dqn940v4,579,portfolio,PageHistoryGenderExp,1789450793,20,0,0
gmregd6v,17,hpzf5xgg,579,portfolio,PageHistoryGenderExp,1789450793,20,0,0
gmregd6v,16,iliayit3,579,portfolio,PageHistoryGenderExp,1789450794,20,0,0
gmregd6v,6,g5ct4rg0,579,portfolio,PageHistoryGenderExp,1789450794,20,0,0
gmregd6v,15,3fdg4ref,579,portfolio,PageHistoryGenderExp,1789450794,20,0,0
gmregd6v,7,utr109q6,579,portfolio,PageHistoryGenderExp,1789450795,20,0,0
gmregd6v,21,2fon3kdf,579,portfolio,PageHistoryGenderExp,1789450795,20,0,0
gmregd6v,10,pzsakpjx,579,portfolio,PageHistoryGenderExp,1789450795,20,0,0
gmregd6v,1,fwrj2jat,580,portfolio,Results,1789450795,20,0,0
gmregd6v,2,0vigghqi,580,portfolio,Results,1789450795,20,0,0
gmregd6v,23,9902h2kd,579,portfolio,PageHistoryGenderExp,1789450795,20,0,0
gmregd6v,22,0vm37wcl,579,portfolio,PageHistoryGenderExp,1789450795,20,0,0
gmregd6v,17,hpzf5xgg,580,portfolio,Results,1789450796,20,0,0
gmregd6v,24,snwy0w01,579,portfolio,PageHistoryGenderExp,1789450796,20,0,0
gmregd6v,5,d8azp69w,579,portfolio,PageHistoryGenderExp,1789450796,20,0,0
gmregd6v,25,yaickank,579,portfolio,PageHistoryGenderExp,1789450796,20,0,0
gmregd6v,19,hh695q6a,579,portfolio,PageHistoryGenderExp,1789450796,20,0,0
gmregd6v,11,h4hoh39u,579,portfolio,PageHistoryGenderExp,1789450796,20,0,0
gmregd6v,16,iliayit3,580,portfolio,Results,1789450796,20,0,0
gmregd6v,3,xu6xugdp,579,portfolio,PageHistoryGenderExp,1789450796,20,0,0
gmregd6v,9,3z6ed32t,579,portfolio,PageHistoryGenderExp,1789450796,20,0,0
gmregd6v,13,dqn940v4,580,portfolio,Results,1789450796,20,0,0
gmregd6v,7,utr109q6,580,portfolio,Results,1789450796,20,0,0
gmregd6v,6,g5ct4rg0,580,portfolio,Results,1789450796,20,0,0
gmregd6v,4,9nn00jux,580,portfolio,Results,1789450797,20,0,0
gmregd6v,8,uza1lz8f,579,portfolio,PageHistoryGenderExp,1789450797,20,0,0
gmregd6v,10,pzsakpjx,580,portfolio,Results,1789450797,20,0,0
gmregd6v,15,3fdg4ref,580,portfolio,Results,1789450797,20,0,0
gmregd6v,20,2w7wmunp,579,portfolio,PageHistoryGenderExp,1789450797,20,0,0
gmregd6v,19,hh695q6a,580,portfolio,Results,1789450798,20,0,0
gmregd6v,24,snwy0w01,580,portfolio,Results,1789450798,20,0,0
gmregd6v,21,2fon3kdf,580,portfolio,Results,1789450798,20,0,0
gmregd6v,22,0vm37wcl,580,portfolio,Results,1789450798,20,0,0
gmregd6v,23,9902h2kd,580,portfolio,Results,1789450798,20,0,0
gmregd6v,9,3z6ed32t,580,portfolio,Results,1789450798,20,0,0
gmregd6v,5,d8azp69w,580,portfolio,Results,1789450799,20,0,0
gmregd6v,14,5l1yk0gm,580,portfolio,Results,1789450799,20,0,0
gmregd6v,18,3th28718,579,portfolio,PageHistoryGenderExp,1789450799,20,0,0
gmregd6v,11,h4hoh39u,580,portfolio,Results,1789450799,20,0,0
gmregd6v,20,2w7wmunp,580,portfolio,Results,1789450799,20,0,0
gmregd6v,25,yaickank,580,portfolio,Results,1789450799,20,0,0
gmregd6v,8,uza1lz8f,580,portfolio,Results,1789450801,20,0,0
gmregd6v,12,jzoxfyc2,579,portfolio,PageHistoryGenderExp,1789450804,20,0,0
gmregd6v,3,xu6xugdp,580,portfolio,Results,1789450804,20,0,0
gmregd6v,12,jzoxfyc2,580,portfolio,Results,1789450806,20,0,0
gmregd6v,18,3th28718,580,portfolio,Results,1789450807,20,0,0
gmregd6v,4,9nn00jux,581,survey_ntu,Demographics,1789450855,1,0,0
gmregd6v,3,xu6xugdp,581,survey_ntu,Demographics,1789450859,1,0,0
gmregd6v,20,2w7wmunp,581,survey_ntu,Demographics,1789450864,1,0,0
gmregd6v,17,hpzf5xgg,581,survey_ntu,Demographics,1789450872,1,0,0
gmregd6v,4,9nn00jux,582,survey_ntu,Attitudes,1789450874,1,0,0
gmregd6v,25,yaickank,581,survey_ntu,Demographics,1789450875,1,0,0
gmregd6v,4,9nn00jux,583,survey_ntu,InstructionsDictator,1789450878,1,0,0
gmregd6v,10,pzsakpjx,581,survey_ntu,Demographics,1789450879,1,0,0
gmregd6v,9,3z6ed32t,581,survey_ntu,Demographics,1789450880,1,0,0
gmregd6v,3,xu6xugdp,582,survey_ntu,Attitudes,1789450881,1,0,0
gmregd6v,12,jzoxfyc2,581,survey_ntu,Demographics,1789450885,1,0,0
gmregd6v,3,xu6xugdp,583,survey_ntu,InstructionsDictator,1789450885,1,0,0
gmregd6v,17,hpzf5xgg,582,survey_ntu,Attitudes,1789450886,1,0,0
gmregd6v,3,xu6xugdp,584,survey_ntu,Dictator,1789450890,1,0,0
gmregd6v,21,2fon3kdf,581,survey_ntu,Demographics,1789450891,1,0,0
gmregd6v,20,2w7wmunp,582,survey_ntu,Attitudes,1789450893,1,0,0
gmregd6v,4,9nn00jux,584,survey_ntu,Dictator,1789450894,1,0,0
gmregd6v,20,2w7wmunp,583,survey_ntu,InstructionsDictator,1789450895,1,0,0
gmregd6v,17,hpzf5xgg,583,survey_ntu,InstructionsDictator,1789450896,1,0,0
gmregd6v,24,snwy0w01,581,survey_ntu,Demographics,1789450897,1,0,0
gmregd6v,17,hpzf5xgg,584,survey_ntu,Dictator,1789450900,1,0,0
gmregd6v,25,yaickank,582,survey_ntu,Attitudes,1789450902,1,0,0
gmregd6v,23,9902h2kd,581,survey_ntu,Demographics,1789450903,1,0,0
gmregd6v,10,pzsakpjx,582,survey_ntu,Attitudes,1789450905,1,0,0
gmregd6v,20,2w7wmunp,584,survey_ntu,Dictator,1789450905,1,0,0
gmregd6v,25,yaickank,583,survey_ntu,InstructionsDictator,1789450906,1,0,0
gmregd6v,9,3z6ed32t,582,survey_ntu,Attitudes,1789450908,1,0,0
gmregd6v,9,3z6ed32t,583,survey_ntu,InstructionsDictator,1789450910,1,0,0
gmregd6v,7,utr109q6,581,survey_ntu,Demographics,1789450914,1,0,0
gmregd6v,10,pzsakpjx,583,survey_ntu,InstructionsDictator,1789450917,1,0,0
gmregd6v,1,fwrj2jat,581,survey_ntu,Demographics,1789450918,1,0,0
gmregd6v,9,3z6ed32t,584,survey_ntu,Dictator,1789450919,1,0,0
gmregd6v,19,hh695q6a,581,survey_ntu,Demographics,1789450923,1,0,0
gmregd6v,12,jzoxfyc2,582,survey_ntu,Attitudes,1789450923,1,0,0
gmregd6v,21,2fon3kdf,582,survey_ntu,Attitudes,1789450925,1,0,0
gmregd6v,6,g5ct4rg0,581,survey_ntu,Demographics,1789450925,1,0,0
gmregd6v,10,pzsakpjx,584,survey_ntu,Dictator,1789450926,1,0,0
gmregd6v,8,uza1lz8f,581,survey_ntu,Demographics,1789450927,1,0,0
gmregd6v,21,2fon3kdf,583,survey_ntu,InstructionsDictator,1789450932,1,0,0
gmregd6v,12,jzoxfyc2,583,survey_ntu,InstructionsDictator,1789450935,1,0,0
gmregd6v,23,9902h2kd,582,survey_ntu,Attitudes,1789450938,1,0,0
gmregd6v,25,yaickank,584,survey_ntu,Dictator,1789450939,1,0,0
gmregd6v,12,jzoxfyc2,584,survey_ntu,Dictator,1789450940,1,0,0
gmregd6v,7,utr109q6,582,survey_ntu,Attitudes,1789450943,1,0,0
gmregd6v,21,2fon3kdf,584,survey_ntu,Dictator,1789450943,1,0,0
gmregd6v,1,fwrj2jat,582,survey_ntu,Attitudes,1789450944,1,0,0
gmregd6v,6,g5ct4rg0,582,survey_ntu,Attitudes,1789450952,1,0,0
gmregd6v,7,utr109q6,583,survey_ntu,InstructionsDictator,1789450952,1,0,0
gmregd6v,6,g5ct4rg0,583,survey_ntu,InstructionsDictator,1789450955,1,0,0
gmregd6v,15,3fdg4ref,581,survey_ntu,Demographics,1789450956,1,0,0
gmregd6v,7,utr109q6,584,survey_ntu,Dictator,1789450957,1,0,0
gmregd6v,19,hh695q6a,582,survey_ntu,Attitudes,1789450958,1,0,0
gmregd6v,6,g5ct4rg0,584,survey_ntu,Dictator,1789450961,1,0,0
gmregd6v,14,5l1yk0gm,581,survey_ntu,Demographics,1789450961,1,0,0
gmregd6v,8,uza1lz8f,582,survey_ntu,Attitudes,1789450962,1,0,0
gmregd6v,1,fwrj2jat,583,survey_ntu,InstructionsDictator,1789450969,1,0,0
gmregd6v,13,dqn940v4,581,survey_ntu,Demographics,1789450972,1,0,0
gmregd6v,24,snwy0w01,582,survey_ntu,Attitudes,1789450975,1,0,0
gmregd6v,23,9902h2kd,583,survey_ntu,InstructionsDictator,1789450979,1,0,0
gmregd6v,1,fwrj2jat,584,survey_ntu,Dictator,1789450981,1,0,0
gmregd6v,8,uza1lz8f,583,survey_ntu,InstructionsDictator,1789450984,1,0,0
gmregd6v,23,9902h2kd,584,survey_ntu,Dictator,1789450985,1,0,0
gmregd6v,15,3fdg4ref,582,survey_ntu,Attitudes,1789450998,1,0,0
gmregd6v,19,hh695q6a,583,survey_ntu,InstructionsDictator,1789451000,1,0,0
gmregd6v,24,snwy0w01,583,survey_ntu,InstructionsDictator,1789451002,1,0,0
gmregd6v,14,5l1yk0gm,582,survey_ntu,Attitudes,1789451004,1,0,0
gmregd6v,13,dqn940v4,582,survey_ntu,Attitudes,1789451008,1,0,0
gmregd6v,11,h4hoh39u,581,survey_ntu,Demographics,1789451008,1,0,0
gmregd6v,19,hh695q6a,584,survey_ntu,Dictator,1789451013,1,0,0
gmregd6v,24,snwy0w01,584,survey_ntu,Dictator,1789451018,1,0,0
gmregd6v,15,3fdg4ref,583,survey_ntu,InstructionsDictator,1789451026,1,0,0
gmregd6v,16,iliayit3,581,survey_ntu,Demographics,1789451030,1,0,0
gmregd6v,8,uza1lz8f,584,survey_ntu,Dictator,1789451030,1,0,0
gmregd6v,14,5l1yk0gm,583,survey_ntu,InstructionsDictator,1789451034,1,0,0
gmregd6v,15,3fdg4ref,584,survey_ntu,Dictator,1789451035,1,0,0
gmregd6v,18,3th28718,581,survey_ntu,Demographics,1789451040,1,0,0
gmregd6v,14,5l1yk0gm,584,survey_ntu,Dictator,1789451044,1,0,0
gmregd6v,13,dqn940v4,583,survey_ntu,InstructionsDictator,1789451051,1,0,0
gmregd6v,16,iliayit3,582,survey_ntu,Attitudes,1789451061,1,0,0
gmregd6v,13,dqn940v4,584,survey_ntu,Dictator,1789451065,1,0,0
gmregd6v,11,h4hoh39u,582,survey_ntu,Attitudes,1789451065,1,0,0
gmregd6v,5,d8azp69w,581,survey_ntu,Demographics,1789451076,1,0,0
gmregd6v,18,3th28718,582,survey_ntu,Attitudes,1789451090,1,0,0
gmregd6v,16,iliayit3,583,survey_ntu,InstructionsDictator,1789451091,1,0,0
gmregd6v,18,3th28718,583,survey_ntu,InstructionsDictator,1789451094,1,0,0
gmregd6v,11,h4hoh39u,583,survey_ntu,InstructionsDictator,1789451098,1,0,0
gmregd6v,18,3th28718,584,survey_ntu,Dictator,1789451109,1,0,0
gmregd6v,16,iliayit3,584,survey_ntu,Dictator,1789451116,1,0,0
gmregd6v,5,d8azp69w,582,survey_ntu,Attitudes,1789451117,1,0,0
gmregd6v,5,d8azp69w,583,survey_ntu,InstructionsDictator,1789451138,1,0,0
gmregd6v,11,h4hoh39u,584,survey_ntu,Dictator,1789451143,1,0,0
gmregd6v,5,d8azp69w,584,survey_ntu,Dictator,1789451150,1,0,0
gmregd6v,22,0vm37wcl,581,survey_ntu,Demographics,1789451184,1,0,0
gmregd6v,22,0vm37wcl,582,survey_ntu,Attitudes,1789451213,1,0,0
gmregd6v,22,0vm37wcl,583,survey_ntu,InstructionsDictator,1789451218,1,0,0
gmregd6v,22,0vm37wcl,584,survey_ntu,Dictator,1789451225,1,0,0
gmregd6v,2,0vigghqi,581,survey_ntu,Demographics,1789451282,1,0,0
gmregd6v,2,0vigghqi,582,survey_ntu,Attitudes,1789451321,1,0,0
gmregd6v,2,0vigghqi,583,survey_ntu,InstructionsDictator,1789451331,1,0,0
gmregd6v,2,0vigghqi,584,survey_ntu,Dictator,1789451338,1,0,0
gmregd6v,18,3th28718,585,FinalPage,PairingWaitPage,1789451339,1,0,1
gmregd6v,7,utr109q6,585,FinalPage,PairingWaitPage,1789451339,1,0,1
gmregd6v,11,h4hoh39u,585,FinalPage,PairingWaitPage,1789451339,1,0,1
gmregd6v,15,3fdg4ref,585,FinalPage,PairingWaitPage,1789451339,1,0,1
gmregd6v,19,hh695q6a,585,FinalPage,PairingWaitPage,1789451339,1,0,1
gmregd6v,23,9902h2kd,585,FinalPage,PairingWaitPage,1789451339,1,0,1
gmregd6v,17,hpzf5xgg,585,FinalPage,PairingWaitPage,1789451339,1,0,1
gmregd6v,6,g5ct4rg0,585,FinalPage,PairingWaitPage,1789451339,1,0,1
gmregd6v,22,0vm37wcl,585,FinalPage,PairingWaitPage,1789451339,1,0,1
gmregd6v,2,0vigghqi,585,FinalPage,PairingWaitPage,1789451339,1,0,1
gmregd6v,9,3z6ed32t,585,FinalPage,PairingWaitPage,1789451339,1,0,1
gmregd6v,12,jzoxfyc2,585,FinalPage,PairingWaitPage,1789451339,1,0,1
gmregd6v,14,5l1yk0gm,585,FinalPage,PairingWaitPage,1789451339,1,0,1
gmregd6v,3,xu6xugdp,585,FinalPage,PairingWaitPage,1789451339,1,0,1
gmregd6v,16,iliayit3,585,FinalPage,PairingWaitPage,1789451339,1,0,1
gmregd6v,1,fwrj2jat,585,FinalPage,PairingWaitPage,1789451339,1,0,1
gmregd6v,10,pzsakpjx,585,FinalPage,PairingWaitPage,1789451339,1,0,1
gmregd6v,13,dqn940v4,585,FinalPage,PairingWaitPage,1789451339,1,0,1
gmregd6v,5,d8azp69w,585,FinalPage,PairingWaitPage,1789451339,1,0,1
gmregd6v,20,2w7wmunp,585,FinalPage,PairingWaitPage,1789451339,1,0,1
gmregd6v,8,uza1lz8f,585,FinalPage,PairingWaitPage,1789451339,1,0,1
gmregd6v,4,9nn00jux,585,FinalPage,PairingWaitPage,1789451339,1,0,1
gmregd6v,25,yaickank,585,FinalPage,PairingWaitPage,1789451339,1,0,1
gmregd6v,21,2fon3kdf,585,FinalPage,PairingWaitPage,1789451339,1,0,1
gmregd6v,24,snwy0w01,585,FinalPage,PairingWaitPage,1789451339,1,0,1
gmregd6v,2,0vigghqi,586,FinalPage,Results,1789451345,1,0,0
gmregd6v,25,yaickank,586,FinalPage,Results,1789451347,1,0,0
gmregd6v,14,5l1yk0gm,586,FinalPage,Results,1789451353,1,0,0
gmregd6v,17,hpzf5xgg,586,FinalPage,Results,1789451353,1,0,0
gmregd6v,21,2fon3kdf,586,FinalPage,Results,1789451354,1,0,0
gmregd6v,6,g5ct4rg0,586,FinalPage,Results,1789451355,1,0,0
gmregd6v,16,iliayit3,586,FinalPage,Results,1789451355,1,0,0
gmregd6v,13,dqn940v4,586,FinalPage,Results,1789451355,1,0,0
gmregd6v,1,fwrj2jat,586,FinalPage,Results,1789451356,1,0,0
gmregd6v,20,2w7wmunp,586,FinalPage,Results,1789451357,1,0,0
gmregd6v,19,hh695q6a,586,FinalPage,Results,1789451357,1,0,0
gmregd6v,10,pzsakpjx,586,FinalPage,Results,1789451359,1,0,0
gmregd6v,24,snwy0w01,586,FinalPage,Results,1789451361,1,0,0
gmregd6v,11,h4hoh39u,586,FinalPage,Results,1789451362,1,0,0
gmregd6v,15,3fdg4ref,586,FinalPage,Results,1789451363,1,0,0
gmregd6v,7,utr109q6,586,FinalPage,Results,1789451363,1,0,0
gmregd6v,4,9nn00jux,586,FinalPage,Results,1789451365,1,0,0
gmregd6v,5,d8azp69w,586,FinalPage,Results,1789451368,1,0,0
gmregd6v,18,3th28718,586,FinalPage,Results,1789451368,1,0,0
gmregd6v,12,jzoxfyc2,586,FinalPage,Results,1789451371,1,0,0
gmregd6v,22,0vm37wcl,586,FinalPage,Results,1789451371,1,0,0
gmregd6v,23,9902h2kd,586,FinalPage,Results,1789451371,1,0,0
gmregd6v,9,3z6ed32t,586,FinalPage,Results,1789451378,1,0,0
gmregd6v,3,xu6xugdp,586,FinalPage,Results,1789451390,1,0,0
gmregd6v,8,uza1lz8f,586,FinalPage,Results,1789451418,1,0,0
