participant.id_in_session,participant.code,participant.label,participant._is_bot,participant._index_in_pages,participant._max_page_index,participant._current_app_name,participant._current_page_name,participant.time_started_utc,participant.visited,participant.mturk_worker_id,participant.mturk_assignment_id,participant.payoff,player.id_in_group,player.role,player.payoff,player.treatment,player.dyn_stock,player.dyn_bond,player.dyn_wealth,player.mgr_p1,player.mgr_p2,player.quiz_down,player.quiz_up,player.quiz_chance,player.quiz_median,player.quiz_above,player.quiz_risk_attempts,player.quiz_market_attempts,player.bid_l,player.bid_r,player.bid_exp,player.bid_no,player.belief_inv_exp,player.belief_price_exp,player.belief_others_inv_exp,player.belief_others_price_exp,player.belief_inv_no,player.belief_price_no,player.belief_others_inv_no,player.belief_others_price_no,player.belief_inv_l,player.belief_price_l,player.belief_others_inv_l,player.belief_others_price_l,player.belief_inv_r,player.belief_price_r,player.belief_others_inv_r,player.belief_others_price_r,player.allocation_to_pay,player.market_pair_to_pay,player.rounds_to_pay,player.belief_pages_to_pay,player.task1_points,player.allocation_points,player.market_points,player.final_payoff_points,player.all_beliefs_payoff_points,player.beliefs_correct,player.trade_l,player.trade_r,player.trade_exp,player.trade_no,group.id_in_subsession,group.price_l,group.price_r,group.p1_left_is_exp,group.p2_left_is_mgr_a,group.price_exp,group.price_no,group.value_exp,group.value_no,group.value_left_gender,group.value_right_gender,group.state_left,group.state_right,group.x_exp,group.x_no,group.x_a,group.x_b,group.mean_exp,group.mean_no,group.mean_a,group.mean_b,subsession.round_number,session.code,session.label,session.mturk_HITId,session.mturk_HITGroupId,session.comment,session.is_demo
1,fwrj2jat,,0,587,587,FinalPage,ThankYou,2026-09-15 04:46:00.628207,1,,,1222.22,1,,0.0,M_exp_W_exp,70,30,"{""w0"":100,""wu"":170,""wd"":65}",30,,R/2 + (100 - R),2*R + (100 - R),50%,The median of all submitted prices,Buy one more share,0,0,,,115,11,17,457.0,102,142.0,56,543.0,10,451.0,,,,,,,,,1,1,"7, 10",3,0.0,0.0,0.0,0.0,0.0,0,0,0,-1,-1,1,0.0,0.0,1,0,135.0,110.0,200.0,150.0,150.0,150.0,Up,Up,100,50,50,50,55.8743961352657,52.10828025477707,58.87378640776699,52.90384615384615,1,gmregd6v,,,,,0
2,0vigghqi,,0,587,587,FinalPage,ThankYou,2026-09-15 04:46:02.780536,1,,,1222.22,2,,0.0,M_exp_W_exp,100,0,"{""w0"":100,""wu"":200,""wd"":50}",10,,R/2 + (100 - R),2*R + (100 - R),50%,The median of all submitted prices,Buy one more share,0,0,,,300,300,75,400.0,50,500.0,100,500.0,175,300.0,,,,,,,,,1,1,"7, 10",3,0.0,0.0,0.0,0.0,0.0,0,0,0,1,1,1,0.0,0.0,1,0,135.0,110.0,200.0,150.0,150.0,150.0,Up,Up,100,50,50,50,55.8743961352657,52.10828025477707,58.87378640776699,52.90384615384615,1,gmregd6v,,,,,0
3,xu6xugdp,,0,587,587,FinalPage,ThankYou,2026-09-15 04:46:02.378175,1,,,1222.22,3,,0.0,M_exp_W_exp,200,-100,"{""w0"":100,""wu"":300,""wd"":0}",50,,R/2 + (100 - R),2*R + (100 - R),50%,The median of all submitted prices,Buy one more share,0,0,,,100,100,169,150.0,169,150.0,167,150.0,167,150.0,,,,,,,,,1,1,"7, 10",3,0.0,0.0,0.0,0.0,0.0,0,0,0,-1,-1,1,0.0,0.0,1,0,135.0,110.0,200.0,150.0,150.0,150.0,Up,Up,100,50,50,50,55.8743961352657,52.10828025477707,58.87378640776699,52.90384615384615,1,gmregd6v,,,,,0
4,9nn00jux,,0,587,587,FinalPage,ThankYou,2026-09-15 04:46:02.401661,1,,,1333.33,4,,0.0,M_exp_W_exp,200,-100,"{""w0"":100,""wu"":300,""wd"":0}",0,,R/2 + (100 - R),2*R + (100 - R),50%,The median of all submitted prices,Buy one more share,0,0,,,135,110,170,140.0,170,150.0,60,110.0,60,50.0,,,,,,,,,1,1,"7, 10",3,0.0,0.0,0.0,0.0,0.0,0,0,0,0,0,1,0.0,0.0,1,0,135.0,110.0,200.0,150.0,150.0,150.0,Up,Up,100,50,50,50,55.8743961352657,52.10828025477707,58.87378640776699,52.90384615384615,1,gmregd6v,,,,,0
5,d8azp69w,,0,587,587,FinalPage,ThankYou,2026-09-15 04:46:02.475325,1,,,722.22,5,,0.0,M_exp_W_exp,10,90,"{""w0"":100,""wu"":110,""wd"":95}",20,,R/2 + (100 - R),2*R + (100 - R),50%,The median of all submitted prices,Buy one more share,0,0,,,400,200,20,400.0,20,400.0,50,200.0,50,200.0,,,,,,,,,1,1,"7, 10",3,0.0,0.0,0.0,0.0,0.0,0,0,0,1,1,1,0.0,0.0,1,0,135.0,110.0,200.0,150.0,150.0,150.0,Up,Up,100,50,50,50,55.8743961352657,52.10828025477707,58.87378640776699,52.90384615384615,1,gmregd6v,,,,,0
6,g5ct4rg0,,0,587,587,FinalPage,ThankYou,2026-09-15 04:46:02.961372,1,,,666.67,1,,0.0,M_exp_W_exp,80,20,"{""w0"":100,""wu"":180,""wd"":60}",35,,R/2 + (100 - R),2*R + (100 - R),50%,The median of all submitted prices,Buy one more share,0,0,,,599,1,150,550.0,170,500.0,70,100.0,30,100.0,,,,,,,,,1,1,"7, 10",3,0.0,0.0,0.0,0.0,0.0,0,0,0,1,-1,2,0.0,0.0,1,0,400.0,150.0,160.0,100.0,150.0,175.0,Up,Up,60,0,75,50,55.8743961352657,52.10828025477707,58.87378640776699,52.90384615384615,1,gmregd6v,,,,,0
7,utr109q6,,0,587,587,FinalPage,ThankYou,2026-09-15 04:46:02.583853,1,,,1555.56,2,,0.0,M_exp_W_exp,200,-100,"{""w0"":100,""wu"":300,""wd"":0}",15,,R/2 + (100 - R),2*R + (100 - R),50%,The median of all submitted prices,Buy one more share,0,1,,,500,100,150,400.0,150,400.0,50,200.0,50,200.0,,,,,,,,,1,1,"7, 10",3,0.0,0.0,0.0,0.0,0.0,0,0,0,1,-1,2,0.0,0.0,1,0,400.0,150.0,160.0,100.0,150.0,175.0,Up,Up,60,0,75,50,55.8743961352657,52.10828025477707,58.87378640776699,52.90384615384615,1,gmregd6v,,,,,0
8,uza1lz8f,,0,587,587,FinalPage,ThankYou,2026-09-15 04:46:03.005757,1,,,333.33,3,,0.0,M_exp_W_exp,50,50,"{""w0"":100,""wu"":150,""wd"":75}",40,,R/2 + (100 - R),2*R + (100 - R),50%,The median of all submitted prices,Buy one more share,0,0,,,400,197,105,400.0,125,350.0,95,200.0,75,250.0,,,,,,,,,1,1,"7, 10",3,0.0,0.0,0.0,0.0,0.0,0,0,0,0,1,2,0.0,0.0,1,0,400.0,150.0,160.0,100.0,150.0,175.0,Up,Up,60,0,75,50,55.8743961352657,52.10828025477707,58.87378640776699,52.90384615384615,1,gmregd6v,,,,,0
9,3z6ed32t,,0,587,587,FinalPage,ThankYou,2026-09-15 04:46:03.137923,1,,,1277.78,4,,0.0,M_exp_W_exp,200,-100,"{""w0"":100,""wu"":300,""wd"":0}",55,,R/2 + (100 - R),2*R + (100 - R),50%,The median of all submitted prices,Buy one more share,0,0,,,1,599,32,86.0,59,94.0,140,240.0,110,173.0,,,,,,,,,1,1,"7, 10",3,0.0,0.0,0.0,0.0,0.0,0,0,0,-1,1,2,0.0,0.0,1,0,400.0,150.0,160.0,100.0,150.0,175.0,Up,Up,60,0,75,50,55.8743961352657,52.10828025477707,58.87378640776699,52.90384615384615,1,gmregd6v,,,,,0
10,pzsakpjx,,0,587,587,FinalPage,ThankYou,2026-09-15 04:46:03.187676,1,,,1333.33,5,,0.0,M_exp_W_exp,50,50,"{""w0"":100,""wu"":150,""wd"":75}",25,,R/2 + (100 - R),2*R + (100 - R),50%,The median of all submitted prices,Buy one more share,0,0,,,200,150,75,450.0,50,200.0,50,200.0,50,200.0,,,,,,,,,1,1,"7, 10",3,0.0,0.0,0.0,0.0,0.0,0,0,0,-1,0,2,0.0,0.0,1,0,400.0,150.0,160.0,100.0,150.0,175.0,Up,Up,60,0,75,50,55.8743961352657,52.10828025477707,58.87378640776699,52.90384615384615,1,gmregd6v,,,,,0
11,h4hoh39u,,0,587,587,FinalPage,ThankYou,2026-09-15 04:46:03.274120,1,,,444.44,1,,0.0,M_exp_W_exp,50,50,"{""w0"":100,""wu"":150,""wd"":75}",70,,R/2 + (100 - R),2*R + (100 - R),50%,The median of all submitted prices,Buy one more share,0,0,,,450,150,150,300.0,150,450.0,100,245.0,75,275.0,,,,,,,,,1,1,"7, 10",3,0.0,0.0,0.0,0.0,0.0,0,0,0,1,-1,3,0.0,0.0,0,0,400.0,200.0,75.0,50.0,50.0,90.0,Down,Down,50,100,20,100,55.8743961352657,52.10828025477707,58.87378640776699,52.90384615384615,1,gmregd6v,,,,,0
12,jzoxfyc2,,0,587,587,FinalPage,ThankYou,2026-09-15 04:46:03.326008,1,,,500.0,2,,0.0,M_exp_W_exp,100,0,"{""w0"":100,""wu"":200,""wd"":50}",30,,R/2 + (100 - R),2*R + (100 - R),50%,The median of all submitted prices,Buy one more share,0,0,,,300,220,150,450.0,150,350.0,50,225.0,90,300.0,,,,,,,,,1,1,"7, 10",3,0.0,0.0,0.0,0.0,0.0,0,0,0,-1,1,3,0.0,0.0,0,0,400.0,200.0,75.0,50.0,50.0,90.0,Down,Down,50,100,20,100,55.8743961352657,52.10828025477707,58.87378640776699,52.90384615384615,1,gmregd6v,,,,,0
13,dqn940v4,,0,587,587,FinalPage,ThankYou,2026-09-15 04:46:03.334007,1,,,555.56,3,,0.0,M_exp_W_exp,40,60,"{""w0"":100,""wu"":140,""wd"":80}",65,,R/2 + (100 - R),2*R + (100 - R),50%,The median of all submitted prices,Buy one more share,0,0,,,450,150,150,380.0,150,450.0,100,220.0,50,150.0,,,,,,,,,1,1,"7, 10",3,0.0,0.0,0.0,0.0,0.0,0,0,0,1,-1,3,0.0,0.0,0,0,400.0,200.0,75.0,50.0,50.0,90.0,Down,Down,50,100,20,100,55.8743961352657,52.10828025477707,58.87378640776699,52.90384615384615,1,gmregd6v,,,,,0
14,5l1yk0gm,,0,587,587,FinalPage,ThankYou,2026-09-15 04:46:03.341168,1,,,555.56,4,,0.0,M_exp_W_exp,50,50,"{""w0"":100,""wu"":150,""wd"":75}",60,,R/2 + (100 - R),2*R + (100 - R),50%,The median of all submitted prices,Buy one more share,0,0,,,400,200,60,400.0,70,400.0,40,250.0,50,200.0,,,,,,,,,1,1,"7, 10",3,0.0,0.0,0.0,0.0,0.0,0,0,0,0,0,3,0.0,0.0,0,0,400.0,200.0,75.0,50.0,50.0,90.0,Down,Down,50,100,20,100,55.8743961352657,52.10828025477707,58.87378640776699,52.90384615384615,1,gmregd6v,,,,,0
15,3fdg4ref,,0,587,587,FinalPage,ThankYou,2026-09-15 04:46:03.350239,1,,,0.0,5,,0.0,M_exp_W_exp,50,50,"{""w0"":100,""wu"":150,""wd"":75}",60,,R/2 + (100 - R),2*R + (100 - R),50%,The median of all submitted prices,Buy one more share,0,0,,,200,200,100,200.0,100,200.0,50,200.0,50,200.0,,,,,,,,,1,1,"7, 10",3,0.0,0.0,0.0,0.0,0.0,0,0,0,-1,1,3,0.0,0.0,0,0,400.0,200.0,75.0,50.0,50.0,90.0,Down,Down,50,100,20,100,55.8743961352657,52.10828025477707,58.87378640776699,52.90384615384615,1,gmregd6v,,,,,0
16,iliayit3,,0,587,587,FinalPage,ThankYou,2026-09-15 04:46:03.416829,1,,,1277.78,1,,0.0,M_exp_W_exp,50,50,"{""w0"":100,""wu"":150,""wd"":75}",20,,R/2 + (100 - R),2*R + (100 - R),50%,The median of all submitted prices,Buy one more share,0,0,,,400,200,100,300.0,150,500.0,50,200.0,50,200.0,,,,,,,,,1,1,"7, 10",3,0.0,0.0,0.0,0.0,0.0,0,0,0,-1,1,4,0.0,0.0,1,1,400.0,152.0,200.0,90.0,175.0,75.0,Up,Down,100,20,75,50,55.8743961352657,52.10828025477707,58.87378640776699,52.90384615384615,1,gmregd6v,,,,,0
17,hpzf5xgg,,0,587,587,FinalPage,ThankYou,2026-09-15 04:46:03.561629,1,,,777.78,2,,0.0,M_exp_W_exp,200,-100,"{""w0"":100,""wu"":300,""wd"":0}",15,,R/2 + (100 - R),2*R + (100 - R),50%,The median of all submitted prices,Buy one more share,0,0,,,550,50,150,435.0,150,450.0,75,200.0,75,200.0,,,,,,,,,1,1,"7, 10",3,0.0,0.0,0.0,0.0,0.0,0,0,0,1,-1,4,0.0,0.0,1,1,400.0,152.0,200.0,90.0,175.0,75.0,Up,Down,100,20,75,50,55.8743961352657,52.10828025477707,58.87378640776699,52.90384615384615,1,gmregd6v,,,,,0
18,3th28718,,0,587,587,FinalPage,ThankYou,2026-09-15 04:46:05.393109,1,,,722.22,3,,0.0,M_exp_W_exp,100,0,"{""w0"":100,""wu"":200,""wd"":50}",40,,R/2 + (100 - R),2*R + (100 - R),50%,The median of all submitted prices,Buy one more share,0,0,,,500,100,175,500.0,200,600.0,100,300.0,100,350.0,,,,,,,,,1,1,"7, 10",3,0.0,0.0,0.0,0.0,0.0,0,0,0,1,-1,4,0.0,0.0,1,1,400.0,152.0,200.0,90.0,175.0,75.0,Up,Down,100,20,75,50,55.8743961352657,52.10828025477707,58.87378640776699,52.90384615384615,1,gmregd6v,,,,,0
19,hh695q6a,,0,587,587,FinalPage,ThankYou,2026-09-15 04:46:05.412245,1,,,1666.67,4,,0.0,M_exp_W_exp,67,33,"{""w0"":100,""wu"":167,""wd"":67}",33,,R/2 + (100 - R),2*R + (100 - R),50%,The median of all submitted prices,Buy one more share,0,0,,,400,200,100,400.0,100,400.0,50,200.0,50,200.0,,,,,,,,,1,1,"7, 10",3,0.0,0.0,0.0,0.0,0.0,0,0,0,0,1,4,0.0,0.0,1,1,400.0,152.0,200.0,90.0,175.0,75.0,Up,Down,100,20,75,50,55.8743961352657,52.10828025477707,58.87378640776699,52.90384615384615,1,gmregd6v,,,,,0
20,2w7wmunp,,0,587,587,FinalPage,ThankYou,2026-09-15 04:46:05.631685,1,,,500.0,5,,0.0,M_exp_W_exp,60,40,"{""w0"":100,""wu"":160,""wd"":70}",30,,R/2 + (100 - R),2*R + (100 - R),50%,The median of all submitted prices,Buy one more share,0,2,,,326,152,78,258.0,45,414.0,88,536.0,71,545.0,,,,,,,,,1,1,"7, 10",3,0.0,0.0,0.0,0.0,0.0,0,0,0,-1,0,4,0.0,0.0,1,1,400.0,152.0,200.0,90.0,175.0,75.0,Up,Down,100,20,75,50,55.8743961352657,52.10828025477707,58.87378640776699,52.90384615384615,1,gmregd6v,,,,,0
21,2fon3kdf,,0,587,587,FinalPage,ThankYou,2026-09-15 04:46:05.788969,1,,,1444.44,1,,0.0,M_exp_W_exp,60,40,"{""w0"":100,""wu"":160,""wd"":70}",42,,R/2 + (100 - R),2*R + (100 - R),50%,The median of all submitted prices,Buy one more share,0,0,,,300,300,100,300.0,100,300.0,150,300.0,100,300.0,,,,,,,,,1,1,"7, 10",3,0.0,0.0,0.0,0.0,0.0,0,0,0,0,1,5,0.0,0.0,1,1,300.0,201.0,160.0,50.0,110.0,50.0,Up,Down,60,100,10,100,55.8743961352657,52.10828025477707,58.87378640776699,52.90384615384615,1,gmregd6v,,,,,0
22,0vm37wcl,,0,587,587,FinalPage,ThankYou,2026-09-15 04:46:05.953754,1,,,1222.22,2,,0.0,M_exp_W_exp,30,70,"{""w0"":100,""wu"":130,""wd"":85}",30,,R/2 + (100 - R),2*R + (100 - R),50%,The median of all submitted prices,Buy one more share,0,0,,,200,100,150,300.0,170,400.0,50,150.0,55,75.0,,,,,,,,,1,1,"7, 10",3,0.0,0.0,0.0,0.0,0.0,0,0,0,-1,-1,5,0.0,0.0,1,1,300.0,201.0,160.0,50.0,110.0,50.0,Up,Down,60,100,10,100,55.8743961352657,52.10828025477707,58.87378640776699,52.90384615384615,1,gmregd6v,,,,,0
23,9902h2kd,,0,587,587,FinalPage,ThankYou,2026-09-15 04:46:06.025371,1,,,1166.67,3,,0.0,M_exp_W_exp,200,-100,"{""w0"":100,""wu"":300,""wd"":0}",20,,R/2 + (100 - R),2*R + (100 - R),50%,The median of all submitted prices,Buy one more share,0,0,,,399,201,150,400.0,150,400.0,50,200.0,50,200.0,,,,,,,,,1,1,"7, 10",3,0.0,0.0,0.0,0.0,0.0,0,0,0,1,0,5,0.0,0.0,1,1,300.0,201.0,160.0,50.0,110.0,50.0,Up,Down,60,100,10,100,55.8743961352657,52.10828025477707,58.87378640776699,52.90384615384615,1,gmregd6v,,,,,0
24,snwy0w01,,0,587,587,FinalPage,ThankYou,2026-09-15 04:46:06.312161,1,,,722.22,4,,0.0,M_exp_W_exp,200,-100,"{""w0"":100,""wu"":300,""wd"":0}",0,,R/2 + (100 - R),2*R + (100 - R),50%,The median of all submitted prices,Buy one more share,0,0,,,125,115,150,300.0,150,300.0,100,200.0,100,200.0,,,,,,,,,1,1,"7, 10",3,0.0,0.0,0.0,0.0,0.0,0,0,0,-1,-1,5,0.0,0.0,1,1,300.0,201.0,160.0,50.0,110.0,50.0,Up,Down,60,100,10,100,55.8743961352657,52.10828025477707,58.87378640776699,52.90384615384615,1,gmregd6v,,,,,0
25,yaickank,,0,587,587,FinalPage,ThankYou,2026-09-15 04:46:06.374332,1,,,444.44,5,,0.0,M_exp_W_exp,110,-10,"{""w0"":100,""wu"":210,""wd"":45}",30,,R/2 + (100 - R),2*R + (100 - R),50%,The median of all submitted prices,Buy one more share,0,0,,,350,250,120,150.0,140,200.0,175,135.0,160,100.0,,,,,,,,,1,1,"7, 10",3,0.0,0.0,0.0,0.0,0.0,0,0,0,1,1,5,0.0,0.0,1,1,300.0,201.0,160.0,50.0,110.0,50.0,Up,Down,60,100,10,100,55.8743961352657,52.10828025477707,58.87378640776699,52.90384615384615,1,gmregd6v,,,,,0
1,fwrj2jat,,0,587,587,FinalPage,ThankYou,2026-09-15 04:46:00.628207,1,,,1222.22,1,,0.0,M_exp_W_exp,,,,,,,,,,,0,0,,,115,113,,,,,,,,,,,,,,,,,1,1,"7, 10",3,0.0,0.0,0.0,0.0,0.0,0,0,0,-1,1,1,0.0,0.0,1,0,140.0,105.0,200.0,150.0,150.0,150.0,Up,Up,100,50,50,50,55.8743961352657,52.10828025477707,58.87378640776699,52.90384615384615,2,gmregd6v,,,,,0
2,0vigghqi,,0,587,587,FinalPage,ThankYou,2026-09-15 04:46:02.780536,1,,,1222.22,2,,0.0,M_exp_W_exp,,,,,,,,,,,0,0,,,90,50,,,,,,,,,,,,,,,,,1,1,"7, 10",3,0.0,0.0,0.0,0.0,0.0,0,0,0,-1,-1,1,0.0,0.0,1,0,140.0,105.0,200.0,150.0,150.0,150.0,Up,Up,100,50,50,50,55.8743961352657,52.10828025477707,58.87378640776699,52.90384615384615,2,gmregd6v,,,,,0
3,xu6xugdp,,0,587,587,FinalPage,ThankYou,2026-09-15 04:46:02.378175,1,,,1222.22,3,,0.0,M_exp_W_exp,,,,,,,,,,,0,0,,,140,110,,,,,,,,,,,,,,,,,1,1,"7, 10",3,0.0,0.0,0.0,0.0,0.0,0,0,0,1,1,1,0.0,0.0,1,0,140.0,105.0,200.0,150.0,150.0,150.0,Up,Up,100,50,50,50,55.8743961352657,52.10828025477707,58.87378640776699,52.90384615384615,2,gmregd6v,,,,,0
4,9nn00jux,,0,587,587,FinalPage,ThankYou,2026-09-15 04:46:02.401661,1,,,1333.33,4,,0.0,M_exp_W_exp,,,,,,,,,,,0,0,,,140,105,,,,,,,,,,,,,,,,,1,1,"7, 10",3,0.0,0.0,0.0,0.0,0.0,0,0,0,0,0,1,0.0,0.0,1,0,140.0,105.0,200.0,150.0,150.0,150.0,Up,Up,100,50,50,50,55.8743961352657,52.10828025477707,58.87378640776699,52.90384615384615,2,gmregd6v,,,,,0
5,d8azp69w,,0,587,587,FinalPage,ThankYou,2026-09-15 04:46:02.475325,1,,,722.22,5,,0.0,M_exp_W_exp,,,,,,,,,,,0,0,,,200,100,,,,,,,,,,,,,,,,,1,1,"7, 10",3,0.0,0.0,0.0,0.0,0.0,0,0,0,1,-1,1,0.0,0.0,1,0,140.0,105.0,200.0,150.0,150.0,150.0,Up,Up,100,50,50,50,55.8743961352657,52.10828025477707,58.87378640776699,52.90384615384615,2,gmregd6v,,,,,0
6,g5ct4rg0,,0,587,587,FinalPage,ThankYou,2026-09-15 04:46:02.961372,1,,,666.67,1,,0.0,M_exp_W_exp,,,,,,,,,,,0,0,,,410,190,,,,,,,,,,,,,,,,,1,1,"7, 10",3,0.0,0.0,0.0,0.0,0.0,0,0,0,0,1,2,0.0,0.0,1,0,410.0,160.0,160.0,100.0,150.0,175.0,Up,Up,60,0,75,50,55.8743961352657,52.10828025477707,58.87378640776699,52.90384615384615,2,gmregd6v,,,,,0
7,utr109q6,,0,587,587,FinalPage,ThankYou,2026-09-15 04:46:02.583853,1,,,1555.56,2,,0.0,M_exp_W_exp,,,,,,,,,,,0,0,,,300,300,,,,,,,,,,,,,,,,,1,1,"7, 10",3,0.0,0.0,0.0,0.0,0.0,0,0,0,-1,1,2,0.0,0.0,1,0,410.0,160.0,160.0,100.0,150.0,175.0,Up,Up,60,0,75,50,55.8743961352657,52.10828025477707,58.87378640776699,52.90384615384615,2,gmregd6v,,,,,0
8,uza1lz8f,,0,587,587,FinalPage,ThankYou,2026-09-15 04:46:03.005757,1,,,333.33,3,,0.0,M_exp_W_exp,,,,,,,,,,,0,0,,,550,50,,,,,,,,,,,,,,,,,1,1,"7, 10",3,0.0,0.0,0.0,0.0,0.0,0,0,0,1,-1,2,0.0,0.0,1,0,410.0,160.0,160.0,100.0,150.0,175.0,Up,Up,60,0,75,50,55.8743961352657,52.10828025477707,58.87378640776699,52.90384615384615,2,gmregd6v,,,,,0
9,3z6ed32t,,0,587,587,FinalPage,ThankYou,2026-09-15 04:46:03.137923,1,,,1277.78,4,,0.0,M_exp_W_exp,,,,,,,,,,,0,0,,,1,160,,,,,,,,,,,,,,,,,1,1,"7, 10",3,0.0,0.0,0.0,0.0,0.0,0,0,0,-1,0,2,0.0,0.0,1,0,410.0,160.0,160.0,100.0,150.0,175.0,Up,Up,60,0,75,50,55.8743961352657,52.10828025477707,58.87378640776699,52.90384615384615,2,gmregd6v,,,,,0
10,pzsakpjx,,0,587,587,FinalPage,ThankYou,2026-09-15 04:46:03.187676,1,,,1333.33,5,,0.0,M_exp_W_exp,,,,,,,,,,,0,0,,,450,150,,,,,,,,,,,,,,,,,1,1,"7, 10",3,0.0,0.0,0.0,0.0,0.0,0,0,0,1,-1,2,0.0,0.0,1,0,410.0,160.0,160.0,100.0,150.0,175.0,Up,Up,60,0,75,50,55.8743961352657,52.10828025477707,58.87378640776699,52.90384615384615,2,gmregd6v,,,,,0
11,h4hoh39u,,0,587,587,FinalPage,ThankYou,2026-09-15 04:46:03.274120,1,,,444.44,1,,0.0,M_exp_W_exp,,,,,,,,,,,0,0,,,400,200,,,,,,,,,,,,,,,,,1,1,"7, 10",3,0.0,0.0,0.0,0.0,0.0,0,0,0,1,1,3,0.0,0.0,0,0,350.0,200.0,75.0,50.0,50.0,90.0,Down,Down,50,100,20,100,55.8743961352657,52.10828025477707,58.87378640776699,52.90384615384615,2,gmregd6v,,,,,0
12,jzoxfyc2,,0,587,587,FinalPage,ThankYou,2026-09-15 04:46:03.326008,1,,,500.0,2,,0.0,M_exp_W_exp,,,,,,,,,,,0,0,,,333,150,,,,,,,,,,,,,,,,,1,1,"7, 10",3,0.0,0.0,0.0,0.0,0.0,0,0,0,-1,-1,3,0.0,0.0,0,0,350.0,200.0,75.0,50.0,50.0,90.0,Down,Down,50,100,20,100,55.8743961352657,52.10828025477707,58.87378640776699,52.90384615384615,2,gmregd6v,,,,,0
13,dqn940v4,,0,587,587,FinalPage,ThankYou,2026-09-15 04:46:03.334007,1,,,555.56,3,,0.0,M_exp_W_exp,,,,,,,,,,,0,0,,,420,180,,,,,,,,,,,,,,,,,1,1,"7, 10",3,0.0,0.0,0.0,0.0,0.0,0,0,0,1,-1,3,0.0,0.0,0,0,350.0,200.0,75.0,50.0,50.0,90.0,Down,Down,50,100,20,100,55.8743961352657,52.10828025477707,58.87378640776699,52.90384615384615,2,gmregd6v,,,,,0
14,5l1yk0gm,,0,587,587,FinalPage,ThankYou,2026-09-15 04:46:03.341168,1,,,555.56,4,,0.0,M_exp_W_exp,,,,,,,,,,,0,0,,,350,250,,,,,,,,,,,,,,,,,1,1,"7, 10",3,0.0,0.0,0.0,0.0,0.0,0,0,0,0,1,3,0.0,0.0,0,0,350.0,200.0,75.0,50.0,50.0,90.0,Down,Down,50,100,20,100,55.8743961352657,52.10828025477707,58.87378640776699,52.90384615384615,2,gmregd6v,,,,,0
15,3fdg4ref,,0,587,587,FinalPage,ThankYou,2026-09-15 04:46:03.350239,1,,,0.0,5,,0.0,M_exp_W_exp,,,,,,,,,,,0,0,,,200,200,,,,,,,,,,,,,,,,,1,1,"7, 10",3,0.0,0.0,0.0,0.0,0.0,0,0,0,-1,0,3,0.0,0.0,0,0,350.0,200.0,75.0,50.0,50.0,90.0,Down,Down,50,100,20,100,55.8743961352657,52.10828025477707,58.87378640776699,52.90384615384615,2,gmregd6v,,,,,0
16,iliayit3,,0,587,587,FinalPage,ThankYou,2026-09-15 04:46:03.416829,1,,,1277.78,1,,0.0,M_exp_W_exp,,,,,,,,,,,0,0,,,350,150,,,,,,,,,,,,,,,,,1,1,"7, 10",3,0.0,0.0,0.0,0.0,0.0,0,0,0,-1,1,4,0.0,0.0,1,1,450.0,150.0,200.0,90.0,175.0,75.0,Up,Down,100,20,75,50,55.8743961352657,52.10828025477707,58.87378640776699,52.90384615384615,2,gmregd6v,,,,,0
17,hpzf5xgg,,0,587,587,FinalPage,ThankYou,2026-09-15 04:46:03.561629,1,,,777.78,2,,0.0,M_exp_W_exp,,,,,,,,,,,0,0,,,550,50,,,,,,,,,,,,,,,,,1,1,"7, 10",3,0.0,0.0,0.0,0.0,0.0,0,0,0,1,-1,4,0.0,0.0,1,1,450.0,150.0,200.0,90.0,175.0,75.0,Up,Down,100,20,75,50,55.8743961352657,52.10828025477707,58.87378640776699,52.90384615384615,2,gmregd6v,,,,,0
18,3th28718,,0,587,587,FinalPage,ThankYou,2026-09-15 04:46:05.393109,1,,,722.22,3,,0.0,M_exp_W_exp,,,,,,,,,,,0,0,,,450,150,,,,,,,,,,,,,,,,,1,1,"7, 10",3,0.0,0.0,0.0,0.0,0.0,0,0,0,0,0,4,0.0,0.0,1,1,450.0,150.0,200.0,90.0,175.0,75.0,Up,Down,100,20,75,50,55.8743961352657,52.10828025477707,58.87378640776699,52.90384615384615,2,gmregd6v,,,,,0
19,hh695q6a,,0,587,587,FinalPage,ThankYou,2026-09-15 04:46:05.412245,1,,,1666.67,4,,0.0,M_exp_W_exp,,,,,,,,,,,0,0,,,380,150,,,,,,,,,,,,,,,,,1,1,"7, 10",3,0.0,0.0,0.0,0.0,0.0,0,0,0,-1,1,4,0.0,0.0,1,1,450.0,150.0,200.0,90.0,175.0,75.0,Up,Down,100,20,75,50,55.8743961352657,52.10828025477707,58.87378640776699,52.90384615384615,2,gmregd6v,,,,,0
20,2w7wmunp,,0,587,587,FinalPage,ThankYou,2026-09-15 04:46:05.631685,1,,,500.0,5,,0.0,M_exp_W_exp,,,,,,,,,,,0,0,,,452,41,,,,,,,,,,,,,,,,,1,1,"7, 10",3,0.0,0.0,0.0,0.0,0.0,0,0,0,1,-1,4,0.0,0.0,1,1,450.0,150.0,200.0,90.0,175.0,75.0,Up,Down,100,20,75,50,55.8743961352657,52.10828025477707,58.87378640776699,52.90384615384615,2,gmregd6v,,,,,0
21,2fon3kdf,,0,587,587,FinalPage,ThankYou,2026-09-15 04:46:05.788969,1,,,1444.44,1,,0.0,M_exp_W_exp,,,,,,,,,,,0,0,,,299,301,,,,,,,,,,,,,,,,,1,1,"7, 10",3,0.0,0.0,0.0,0.0,0.0,0,0,0,-1,1,5,0.0,0.0,1,1,300.0,255.0,160.0,50.0,110.0,50.0,Up,Down,60,100,10,100,55.8743961352657,52.10828025477707,58.87378640776699,52.90384615384615,2,gmregd6v,,,,,0
22,0vm37wcl,,0,587,587,FinalPage,ThankYou,2026-09-15 04:46:05.953754,1,,,1222.22,2,,0.0,M_exp_W_exp,,,,,,,,,,,0,0,,,400,200,,,,,,,,,,,,,,,,,1,1,"7, 10",3,0.0,0.0,0.0,0.0,0.0,0,0,0,1,-1,5,0.0,0.0,1,1,300.0,255.0,160.0,50.0,110.0,50.0,Up,Down,60,100,10,100,55.8743961352657,52.10828025477707,58.87378640776699,52.90384615384615,2,gmregd6v,,,,,0
23,9902h2kd,,0,587,587,FinalPage,ThankYou,2026-09-15 04:46:06.025371,1,,,1166.67,3,,0.0,M_exp_W_exp,,,,,,,,,,,0,0,,,310,290,,,,,,,,,,,,,,,,,1,1,"7, 10",3,0.0,0.0,0.0,0.0,0.0,0,0,0,1,1,5,0.0,0.0,1,1,300.0,255.0,160.0,50.0,110.0,50.0,Up,Down,60,100,10,100,55.8743961352657,52.10828025477707,58.87378640776699,52.90384615384615,2,gmregd6v,,,,,0
24,snwy0w01,,0,587,587,FinalPage,ThankYou,2026-09-15 04:46:06.312161,1,,,722.22,4,,0.0,M_exp_W_exp,,,,,,,,,,,0,0,,,300,205,,,,,,,,,,,,,,,,,1,1,"7, 10",3,0.0,0.0,0.0,0.0,0.0,0,0,0,0,-1,5,0.0,0.0,1,1,300.0,255.0,160.0,50.0,110.0,50.0,Up,Down,60,100,10,100,55.8743961352657,52.10828025477707,58.87378640776699,52.90384615384615,2,gmregd6v,,,,,0
25,yaickank,,0,587,587,FinalPage,ThankYou,2026-09-15 04:46:06.374332,1,,,444.44,5,,0.0,M_exp_W_exp,,,,,,,,,,,0,0,,,290,255,,,,,,,,,,,,,,,,,1,1,"7, 10",3,0.0,0.0,0.0,0.0,0.0,0,0,0,-1,0,5,0.0,0.0,1,1,300.0,255.0,160.0,50.0,110.0,50.0,Up,Down,60,100,10,100,55.8743961352657,52.10828025477707,58.87378640776699,52.90384615384615,2,gmregd6v,,,,,0
1,fwrj2jat,,0,587,587,FinalPage,ThankYou,2026-09-15 04:46:00.628207,1,,,1222.22,1,,0.0,M_exp_W_exp,,,,,,,,,,,0,0,,,130,113,,,,,,,,,,,,,,,,,1,1,"7, 10",3,0.0,0.0,0.0,0.0,0.0,0,0,0,-1,1,1,0.0,0.0,1,0,150.0,100.0,200.0,150.0,150.0,150.0,Up,Up,100,50,50,50,55.8743961352657,52.10828025477707,58.87378640776699,52.90384615384615,3,gmregd6v,,,,,0
2,0vigghqi,,0,587,587,FinalPage,ThankYou,2026-09-15 04:46:02.780536,1,,,1222.22,2,,0.0,M_exp_W_exp,,,,,,,,,,,0,0,,,159,100,,,,,,,,,,,,,,,,,1,1,"7, 10",3,0.0,0.0,0.0,0.0,0.0,0,0,0,1,0,1,0.0,0.0,1,0,150.0,100.0,200.0,150.0,150.0,150.0,Up,Up,100,50,50,50,55.8743961352657,52.10828025477707,58.87378640776699,52.90384615384615,3,gmregd6v,,,,,0
3,xu6xugdp,,0,587,587,FinalPage,ThankYou,2026-09-15 04:46:02.378175,1,,,1222.22,3,,0.0,M_exp_W_exp,,,,,,,,,,,0,0,,,141,101,,,,,,,,,,,,,,,,,1,1,"7, 10",3,0.0,0.0,0.0,0.0,0.0,0,0,0,-1,1,1,0.0,0.0,1,0,150.0,100.0,200.0,150.0,150.0,150.0,Up,Up,100,50,50,50,55.8743961352657,52.10828025477707,58.87378640776699,52.90384615384615,3,gmregd6v,,,,,0
4,9nn00jux,,0,587,587,FinalPage,ThankYou,2026-09-15 04:46:02.401661,1,,,1333.33,4,,0.0,M_exp_W_exp,,,,,,,,,,,0,0,,,150,90,,,,,,,,,,,,,,,,,1,1,"7, 10",3,0.0,0.0,0.0,0.0,0.0,0,0,0,1,-1,1,0.0,0.0,1,0,150.0,100.0,200.0,150.0,150.0,150.0,Up,Up,100,50,50,50,55.8743961352657,52.10828025477707,58.87378640776699,52.90384615384615,3,gmregd6v,,,,,0
5,d8azp69w,,0,587,587,FinalPage,ThankYou,2026-09-15 04:46:02.475325,1,,,722.22,5,,0.0,M_exp_W_exp,,,,,,,,,,,0,0,,,150,99,,,,,,,,,,,,,,,,,1,1,"7, 10",3,0.0,0.0,0.0,0.0,0.0,0,0,0,0,-1,1,0.0,0.0,1,0,150.0,100.0,200.0,150.0,150.0,150.0,Up,Up,100,50,50,50,55.8743961352657,52.10828025477707,58.87378640776699,52.90384615384615,3,gmregd6v,,,,,0
6,g5ct4rg0,,0,587,587,FinalPage,ThankYou,2026-09-15 04:46:02.961372,1,,,666.67,1,,0.0,M_exp_W_exp,,,,,,,,,,,0,0,,,460,140,,,,,,,,,,,,,,,,,1,1,"7, 10",3,0.0,0.0,0.0,0.0,0.0,0,0,0,1,-1,2,0.0,0.0,1,0,200.0,180.0,160.0,100.0,150.0,175.0,Up,Up,60,0,75,50,55.8743961352657,52.10828025477707,58.87378640776699,52.90384615384615,3,gmregd6v,,,,,0
7,utr109q6,,0,587,587,FinalPage,ThankYou,2026-09-15 04:46:02.583853,1,,,1555.56,2,,0.0,M_exp_W_exp,,,,,,,,,,,0,0,,,1,599,,,,,,,,,,,,,,,,,1,1,"7, 10",3,0.0,0.0,0.0,0.0,0.0,0,0,0,-1,1,2,0.0,0.0,1,0,200.0,180.0,160.0,100.0,150.0,175.0,Up,Up,60,0,75,50,55.8743961352657,52.10828025477707,58.87378640776699,52.90384615384615,3,gmregd6v,,,,,0
8,uza1lz8f,,0,587,587,FinalPage,ThankYou,2026-09-15 04:46:03.005757,1,,,333.33,3,,0.0,M_exp_W_exp,,,,,,,,,,,0,0,,,200,400,,,,,,,,,,,,,,,,,1,1,"7, 10",3,0.0,0.0,0.0,0.0,0.0,0,0,0,0,1,2,0.0,0.0,1,0,200.0,180.0,160.0,100.0,150.0,175.0,Up,Up,60,0,75,50,55.8743961352657,52.10828025477707,58.87378640776699,52.90384615384615,3,gmregd6v,,,,,0
9,3z6ed32t,,0,587,587,FinalPage,ThankYou,2026-09-15 04:46:03.137923,1,,,1277.78,4,,0.0,M_exp_W_exp,,,,,,,,,,,0,0,,,1,180,,,,,,,,,,,,,,,,,1,1,"7, 10",3,0.0,0.0,0.0,0.0,0.0,0,0,0,-1,0,2,0.0,0.0,1,0,200.0,180.0,160.0,100.0,150.0,175.0,Up,Up,60,0,75,50,55.8743961352657,52.10828025477707,58.87378640776699,52.90384615384615,3,gmregd6v,,,,,0
10,pzsakpjx,,0,587,587,FinalPage,ThankYou,2026-09-15 04:46:03.187676,1,,,1333.33,5,,0.0,M_exp_W_exp,,,,,,,,,,,0,0,,,430,170,,,,,,,,,,,,,,,,,1,1,"7, 10",3,0.0,0.0,0.0,0.0,0.0,0,0,0,1,-1,2,0.0,0.0,1,0,200.0,180.0,160.0,100.0,150.0,175.0,Up,Up,60,0,75,50,55.8743961352657,52.10828025477707,58.87378640776699,52.90384615384615,3,gmregd6v,,,,,0
11,h4hoh39u,,0,587,587,FinalPage,ThankYou,2026-09-15 04:46:03.274120,1,,,444.44,1,,0.0,M_exp_W_exp,,,,,,,,,,,0,0,,,377,175,,,,,,,,,,,,,,,,,1,1,"7, 10",3,0.0,0.0,0.0,0.0,0.0,0,0,0,1,-1,3,0.0,0.0,0,0,350.0,200.0,75.0,50.0,50.0,90.0,Down,Down,50,100,20,100,55.8743961352657,52.10828025477707,58.87378640776699,52.90384615384615,3,gmregd6v,,,,,0
12,jzoxfyc2,,0,587,587,FinalPage,ThankYou,2026-09-15 04:46:03.326008,1,,,500.0,2,,0.0,M_exp_W_exp,,,,,,,,,,,0,0,,,320,165,,,,,,,,,,,,,,,,,1,1,"7, 10",3,0.0,0.0,0.0,0.0,0.0,0,0,0,-1,-1,3,0.0,0.0,0,0,350.0,200.0,75.0,50.0,50.0,90.0,Down,Down,50,100,20,100,55.8743961352657,52.10828025477707,58.87378640776699,52.90384615384615,3,gmregd6v,,,,,0
13,dqn940v4,,0,587,587,FinalPage,ThankYou,2026-09-15 04:46:03.334007,1,,,555.56,3,,0.0,M_exp_W_exp,,,,,,,,,,,0,0,,,330,200,,,,,,,,,,,,,,,,,1,1,"7, 10",3,0.0,0.0,0.0,0.0,0.0,0,0,0,-1,1,3,0.0,0.0,0,0,350.0,200.0,75.0,50.0,50.0,90.0,Down,Down,50,100,20,100,55.8743961352657,52.10828025477707,58.87378640776699,52.90384615384615,3,gmregd6v,,,,,0
14,5l1yk0gm,,0,587,587,FinalPage,ThankYou,2026-09-15 04:46:03.341168,1,,,555.56,4,,0.0,M_exp_W_exp,,,,,,,,,,,0,0,,,375,225,,,,,,,,,,,,,,,,,1,1,"7, 10",3,0.0,0.0,0.0,0.0,0.0,0,0,0,1,1,3,0.0,0.0,0,0,350.0,200.0,75.0,50.0,50.0,90.0,Down,Down,50,100,20,100,55.8743961352657,52.10828025477707,58.87378640776699,52.90384615384615,3,gmregd6v,,,,,0
15,3fdg4ref,,0,587,587,FinalPage,ThankYou,2026-09-15 04:46:03.350239,1,,,0.0,5,,0.0,M_exp_W_exp,,,,,,,,,,,0,0,,,350,200,,,,,,,,,,,,,,,,,1,1,"7, 10",3,0.0,0.0,0.0,0.0,0.0,0,0,0,0,0,3,0.0,0.0,0,0,350.0,200.0,75.0,50.0,50.0,90.0,Down,Down,50,100,20,100,55.8743961352657,52.10828025477707,58.87378640776699,52.90384615384615,3,gmregd6v,,,,,0
16,iliayit3,,0,587,587,FinalPage,ThankYou,2026-09-15 04:46:03.416829,1,,,1277.78,1,,0.0,M_exp_W_exp,,,,,,,,,,,0,0,,,425,150,,,,,,,,,,,,,,,,,1,1,"7, 10",3,0.0,0.0,0.0,0.0,0.0,0,0,0,-1,1,4,0.0,0.0,1,1,460.0,140.0,200.0,90.0,175.0,75.0,Up,Down,100,20,75,50,55.8743961352657,52.10828025477707,58.87378640776699,52.90384615384615,3,gmregd6v,,,,,0
17,hpzf5xgg,,0,587,587,FinalPage,ThankYou,2026-09-15 04:46:03.561629,1,,,777.78,2,,0.0,M_exp_W_exp,,,,,,,,,,,0,0,,,550,50,,,,,,,,,,,,,,,,,1,1,"7, 10",3,0.0,0.0,0.0,0.0,0.0,0,0,0,1,-1,4,0.0,0.0,1,1,460.0,140.0,200.0,90.0,175.0,75.0,Up,Down,100,20,75,50,55.8743961352657,52.10828025477707,58.87378640776699,52.90384615384615,3,gmregd6v,,,,,0
18,3th28718,,0,587,587,FinalPage,ThankYou,2026-09-15 04:46:05.393109,1,,,722.22,3,,0.0,M_exp_W_exp,,,,,,,,,,,0,0,,,460,140,,,,,,,,,,,,,,,,,1,1,"7, 10",3,0.0,0.0,0.0,0.0,0.0,0,0,0,0,0,4,0.0,0.0,1,1,460.0,140.0,200.0,90.0,175.0,75.0,Up,Down,100,20,75,50,55.8743961352657,52.10828025477707,58.87378640776699,52.90384615384615,3,gmregd6v,,,,,0
19,hh695q6a,,0,587,587,FinalPage,ThankYou,2026-09-15 04:46:05.412245,1,,,1666.67,4,,0.0,M_exp_W_exp,,,,,,,,,,,0,0,,,450,150,,,,,,,,,,,,,,,,,1,1,"7, 10",3,0.0,0.0,0.0,0.0,0.0,0,0,0,-1,1,4,0.0,0.0,1,1,460.0,140.0,200.0,90.0,175.0,75.0,Up,Down,100,20,75,50,55.8743961352657,52.10828025477707,58.87378640776699,52.90384615384615,3,gmregd6v,,,,,0
20,2w7wmunp,,0,587,587,FinalPage,ThankYou,2026-09-15 04:46:05.631685,1,,,500.0,5,,0.0,M_exp_W_exp,,,,,,,,,,,0,0,,,525,54,,,,,,,,,,,,,,,,,1,1,"7, 10",3,0.0,0.0,0.0,0.0,0.0,0,0,0,1,-1,4,0.0,0.0,1,1,460.0,140.0,200.0,90.0,175.0,75.0,Up,Down,100,20,75,50,55.8743961352657,52.10828025477707,58.87378640776699,52.90384615384615,3,gmregd6v,,,,,0
21,2fon3kdf,,0,587,587,FinalPage,ThankYou,2026-09-15 04:46:05.788969,1,,,1444.44,1,,0.0,M_exp_W_exp,,,,,,,,,,,0,0,,,299,299,,,,,,,,,,,,,,,,,1,1,"7, 10",3,0.0,0.0,0.0,0.0,0.0,0,0,0,0,1,5,0.0,0.0,1,1,299.0,277.0,160.0,50.0,110.0,50.0,Up,Down,60,100,10,100,55.8743961352657,52.10828025477707,58.87378640776699,52.90384615384615,3,gmregd6v,,,,,0
22,0vm37wcl,,0,587,587,FinalPage,ThankYou,2026-09-15 04:46:05.953754,1,,,1222.22,2,,0.0,M_exp_W_exp,,,,,,,,,,,0,0,,,300,300,,,,,,,,,,,,,,,,,1,1,"7, 10",3,0.0,0.0,0.0,0.0,0.0,0,0,0,1,1,5,0.0,0.0,1,1,299.0,277.0,160.0,50.0,110.0,50.0,Up,Down,60,100,10,100,55.8743961352657,52.10828025477707,58.87378640776699,52.90384615384615,3,gmregd6v,,,,,0
23,9902h2kd,,0,587,587,FinalPage,ThankYou,2026-09-15 04:46:06.025371,1,,,1166.67,3,,0.0,M_exp_W_exp,,,,,,,,,,,0,0,,,299,270,,,,,,,,,,,,,,,,,1,1,"7, 10",3,0.0,0.0,0.0,0.0,0.0,0,0,0,-1,-1,5,0.0,0.0,1,1,299.0,277.0,160.0,50.0,110.0,50.0,Up,Down,60,100,10,100,55.8743961352657,52.10828025477707,58.87378640776699,52.90384615384615,3,gmregd6v,,,,,0
24,snwy0w01,,0,587,587,FinalPage,ThankYou,2026-09-15 04:46:06.312161,1,,,722.22,4,,0.0,M_exp_W_exp,,,,,,,,,,,0,0,,,300,277,,,,,,,,,,,,,,,,,1,1,"7, 10",3,0.0,0.0,0.0,0.0,0.0,0,0,0,1,0,5,0.0,0.0,1,1,299.0,277.0,160.0,50.0,110.0,50.0,Up,Down,60,100,10,100,55.8743961352657,52.10828025477707,58.87378640776699,52.90384615384615,3,gmregd6v,,,,,0
25,yaickank,,0,587,587,FinalPage,ThankYou,2026-09-15 04:46:06.374332,1,,,444.44,5,,0.0,M_exp_W_exp,,,,,,,,,,,0,0,,,299,266,,,,,,,,,,,,,,,,,1,1,"7, 10",3,0.0,0.0,0.0,0.0,0.0,0,0,0,-1,-1,5,0.0,0.0,1,1,299.0,277.0,160.0,50.0,110.0,50.0,Up,Down,60,100,10,100,55.8743961352657,52.10828025477707,58.87378640776699,52.90384615384615,3,gmregd6v,,,,,0
1,fwrj2jat,,0,587,587,FinalPage,ThankYou,2026-09-15 04:46:00.628207,1,,,1222.22,1,,0.0,M_exp_W_exp,,,,,,,,,,,0,0,,,140,105,,,,,,,,,,,,,,,,,1,1,"7, 10",3,0.0,0.0,0.0,0.0,0.0,0,0,0,-1,1,1,0.0,0.0,1,0,163.0,95.0,200.0,150.0,150.0,150.0,Up,Up,100,50,50,50,55.8743961352657,52.10828025477707,58.87378640776699,52.90384615384615,4,gmregd6v,,,,,0
2,0vigghqi,,0,587,587,FinalPage,ThankYou,2026-09-15 04:46:02.780536,1,,,1222.22,2,,0.0,M_exp_W_exp,,,,,,,,,,,0,0,,,163,97,,,,,,,,,,,,,,,,,1,1,"7, 10",3,0.0,0.0,0.0,0.0,0.0,0,0,0,0,1,1,0.0,0.0,1,0,163.0,95.0,200.0,150.0,150.0,150.0,Up,Up,100,50,50,50,55.8743961352657,52.10828025477707,58.87378640776699,52.90384615384615,4,gmregd6v,,,,,0
3,xu6xugdp,,0,587,587,FinalPage,ThankYou,2026-09-15 04:46:02.378175,1,,,1222.22,3,,0.0,M_exp_W_exp,,,,,,,,,,,0,0,,,200,95,,,,,,,,,,,,,,,,,1,1,"7, 10",3,0.0,0.0,0.0,0.0,0.0,0,0,0,1,0,1,0.0,0.0,1,0,163.0,95.0,200.0,150.0,150.0,150.0,Up,Up,100,50,50,50,55.8743961352657,52.10828025477707,58.87378640776699,52.90384615384615,4,gmregd6v,,,,,0
4,9nn00jux,,0,587,587,FinalPage,ThankYou,2026-09-15 04:46:02.401661,1,,,1333.33,4,,0.0,M_exp_W_exp,,,,,,,,,,,0,0,,,155,85,,,,,,,,,,,,,,,,,1,1,"7, 10",3,0.0,0.0,0.0,0.0,0.0,0,0,0,-1,-1,1,0.0,0.0,1,0,163.0,95.0,200.0,150.0,150.0,150.0,Up,Up,100,50,50,50,55.8743961352657,52.10828025477707,58.87378640776699,52.90384615384615,4,gmregd6v,,,,,0
5,d8azp69w,,0,587,587,FinalPage,ThankYou,2026-09-15 04:46:02.475325,1,,,722.22,5,,0.0,M_exp_W_exp,,,,,,,,,,,0,0,,,170,87,,,,,,,,,,,,,,,,,1,1,"7, 10",3,0.0,0.0,0.0,0.0,0.0,0,0,0,1,-1,1,0.0,0.0,1,0,163.0,95.0,200.0,150.0,150.0,150.0,Up,Up,100,50,50,50,55.8743961352657,52.10828025477707,58.87378640776699,52.90384615384615,4,gmregd6v,,,,,0
6,g5ct4rg0,,0,587,587,FinalPage,ThankYou,2026-09-15 04:46:02.961372,1,,,666.67,1,,0.0,M_exp_W_exp,,,,,,,,,,,0,0,,,300,300,,,,,,,,,,,,,,,,,1,1,"7, 10",3,0.0,0.0,0.0,0.0,0.0,0,0,0,1,1,2,0.0,0.0,1,0,300.0,250.0,160.0,100.0,150.0,175.0,Up,Up,60,0,75,50,55.8743961352657,52.10828025477707,58.87378640776699,52.90384615384615,4,gmregd6v,,,,,0
7,utr109q6,,0,587,587,FinalPage,ThankYou,2026-09-15 04:46:02.583853,1,,,1555.56,2,,0.0,M_exp_W_exp,,,,,,,,,,,0,0,,,300,300,,,,,,,,,,,,,,,,,1,1,"7, 10",3,0.0,0.0,0.0,0.0,0.0,0,0,0,0,1,2,0.0,0.0,1,0,300.0,250.0,160.0,100.0,150.0,175.0,Up,Up,60,0,75,50,55.8743961352657,52.10828025477707,58.87378640776699,52.90384615384615,4,gmregd6v,,,,,0
8,uza1lz8f,,0,587,587,FinalPage,ThankYou,2026-09-15 04:46:03.005757,1,,,333.33,3,,0.0,M_exp_W_exp,,,,,,,,,,,0,0,,,300,10,,,,,,,,,,,,,,,,,1,1,"7, 10",3,0.0,0.0,0.0,0.0,0.0,0,0,0,-1,-1,2,0.0,0.0,1,0,300.0,250.0,160.0,100.0,150.0,175.0,Up,Up,60,0,75,50,55.8743961352657,52.10828025477707,58.87378640776699,52.90384615384615,4,gmregd6v,,,,,0
9,3z6ed32t,,0,587,587,FinalPage,ThankYou,2026-09-15 04:46:03.137923,1,,,1277.78,4,,0.0,M_exp_W_exp,,,,,,,,,,,0,0,,,1,250,,,,,,,,,,,,,,,,,1,1,"7, 10",3,0.0,0.0,0.0,0.0,0.0,0,0,0,-1,0,2,0.0,0.0,1,0,300.0,250.0,160.0,100.0,150.0,175.0,Up,Up,60,0,75,50,55.8743961352657,52.10828025477707,58.87378640776699,52.90384615384615,4,gmregd6v,,,,,0
10,pzsakpjx,,0,587,587,FinalPage,ThankYou,2026-09-15 04:46:03.187676,1,,,1333.33,5,,0.0,M_exp_W_exp,,,,,,,,,,,0,0,,,400,200,,,,,,,,,,,,,,,,,1,1,"7, 10",3,0.0,0.0,0.0,0.0,0.0,0,0,0,1,-1,2,0.0,0.0,1,0,300.0,250.0,160.0,100.0,150.0,175.0,Up,Up,60,0,75,50,55.8743961352657,52.10828025477707,58.87378640776699,52.90384615384615,4,gmregd6v,,,,,0
11,h4hoh39u,,0,587,587,FinalPage,ThankYou,2026-09-15 04:46:03.274120,1,,,444.44,1,,0.0,M_exp_W_exp,,,,,,,,,,,0,0,,,350,250,,,,,,,,,,,,,,,,,1,1,"7, 10",3,0.0,0.0,0.0,0.0,0.0,0,0,0,0,1,3,0.0,0.0,0,0,350.0,200.0,75.0,50.0,50.0,90.0,Down,Down,50,100,20,100,55.8743961352657,52.10828025477707,58.87378640776699,52.90384615384615,4,gmregd6v,,,,,0
12,jzoxfyc2,,0,587,587,FinalPage,ThankYou,2026-09-15 04:46:03.326008,1,,,500.0,2,,0.0,M_exp_W_exp,,,,,,,,,,,0,0,,,320,190,,,,,,,,,,,,,,,,,1,1,"7, 10",3,0.0,0.0,0.0,0.0,0.0,0,0,0,-1,-1,3,0.0,0.0,0,0,350.0,200.0,75.0,50.0,50.0,90.0,Down,Down,50,100,20,100,55.8743961352657,52.10828025477707,58.87378640776699,52.90384615384615,4,gmregd6v,,,,,0
13,dqn940v4,,0,587,587,FinalPage,ThankYou,2026-09-15 04:46:03.334007,1,,,555.56,3,,0.0,M_exp_W_exp,,,,,,,,,,,0,0,,,360,180,,,,,,,,,,,,,,,,,1,1,"7, 10",3,0.0,0.0,0.0,0.0,0.0,0,0,0,1,-1,3,0.0,0.0,0,0,350.0,200.0,75.0,50.0,50.0,90.0,Down,Down,50,100,20,100,55.8743961352657,52.10828025477707,58.87378640776699,52.90384615384615,4,gmregd6v,,,,,0
14,5l1yk0gm,,0,587,587,FinalPage,ThankYou,2026-09-15 04:46:03.341168,1,,,555.56,4,,0.0,M_exp_W_exp,,,,,,,,,,,0,0,,,375,225,,,,,,,,,,,,,,,,,1,1,"7, 10",3,0.0,0.0,0.0,0.0,0.0,0,0,0,1,1,3,0.0,0.0,0,0,350.0,200.0,75.0,50.0,50.0,90.0,Down,Down,50,100,20,100,55.8743961352657,52.10828025477707,58.87378640776699,52.90384615384615,4,gmregd6v,,,,,0
15,3fdg4ref,,0,587,587,FinalPage,ThankYou,2026-09-15 04:46:03.350239,1,,,0.0,5,,0.0,M_exp_W_exp,,,,,,,,,,,0,0,,,350,200,,,,,,,,,,,,,,,,,1,1,"7, 10",3,0.0,0.0,0.0,0.0,0.0,0,0,0,-1,0,3,0.0,0.0,0,0,350.0,200.0,75.0,50.0,50.0,90.0,Down,Down,50,100,20,100,55.8743961352657,52.10828025477707,58.87378640776699,52.90384615384615,4,gmregd6v,,,,,0
16,iliayit3,,0,587,587,FinalPage,ThankYou,2026-09-15 04:46:03.416829,1,,,1277.78,1,,0.0,M_exp_W_exp,,,,,,,,,,,0,0,,,460,140,,,,,,,,,,,,,,,,,1,1,"7, 10",3,0.0,0.0,0.0,0.0,0.0,0,0,0,-1,1,4,0.0,0.0,1,1,465.0,135.0,200.0,90.0,175.0,75.0,Up,Down,100,20,75,50,55.8743961352657,52.10828025477707,58.87378640776699,52.90384615384615,4,gmregd6v,,,,,0
17,hpzf5xgg,,0,587,587,FinalPage,ThankYou,2026-09-15 04:46:03.561629,1,,,777.78,2,,0.0,M_exp_W_exp,,,,,,,,,,,0,0,,,470,130,,,,,,,,,,,,,,,,,1,1,"7, 10",3,0.0,0.0,0.0,0.0,0.0,0,0,0,1,-1,4,0.0,0.0,1,1,465.0,135.0,200.0,90.0,175.0,75.0,Up,Down,100,20,75,50,55.8743961352657,52.10828025477707,58.87378640776699,52.90384615384615,4,gmregd6v,,,,,0
18,3th28718,,0,587,587,FinalPage,ThankYou,2026-09-15 04:46:05.393109,1,,,722.22,3,,0.0,M_exp_W_exp,,,,,,,,,,,0,0,,,450,150,,,,,,,,,,,,,,,,,1,1,"7, 10",3,0.0,0.0,0.0,0.0,0.0,0,0,0,-1,1,4,0.0,0.0,1,1,465.0,135.0,200.0,90.0,175.0,75.0,Up,Down,100,20,75,50,55.8743961352657,52.10828025477707,58.87378640776699,52.90384615384615,4,gmregd6v,,,,,0
19,hh695q6a,,0,587,587,FinalPage,ThankYou,2026-09-15 04:46:05.412245,1,,,1666.67,4,,0.0,M_exp_W_exp,,,,,,,,,,,0,0,,,465,135,,,,,,,,,,,,,,,,,1,1,"7, 10",3,0.0,0.0,0.0,0.0,0.0,0,0,0,0,0,4,0.0,0.0,1,1,465.0,135.0,200.0,90.0,175.0,75.0,Up,Down,100,20,75,50,55.8743961352657,52.10828025477707,58.87378640776699,52.90384615384615,4,gmregd6v,,,,,0
20,2w7wmunp,,0,587,587,FinalPage,ThankYou,2026-09-15 04:46:05.631685,1,,,500.0,5,,0.0,M_exp_W_exp,,,,,,,,,,,0,0,,,480,120,,,,,,,,,,,,,,,,,1,1,"7, 10",3,0.0,0.0,0.0,0.0,0.0,0,0,0,1,-1,4,0.0,0.0,1,1,465.0,135.0,200.0,90.0,175.0,75.0,Up,Down,100,20,75,50,55.8743961352657,52.10828025477707,58.87378640776699,52.90384615384615,4,gmregd6v,,,,,0
21,2fon3kdf,,0,587,587,FinalPage,ThankYou,2026-09-15 04:46:05.788969,1,,,1444.44,1,,0.0,M_exp_W_exp,,,,,,,,,,,0,0,,,199,201,,,,,,,,,,,,,,,,,1,1,"7, 10",3,0.0,0.0,0.0,0.0,0.0,0,0,0,-1,-1,5,0.0,0.0,1,1,300.0,280.0,160.0,50.0,110.0,50.0,Up,Down,60,100,10,100,55.8743961352657,52.10828025477707,58.87378640776699,52.90384615384615,4,gmregd6v,,,,,0
22,0vm37wcl,,0,587,587,FinalPage,ThankYou,2026-09-15 04:46:05.953754,1,,,1222.22,2,,0.0,M_exp_W_exp,,,,,,,,,,,0,0,,,200,200,,,,,,,,,,,,,,,,,1,1,"7, 10",3,0.0,0.0,0.0,0.0,0.0,0,0,0,-1,-1,5,0.0,0.0,1,1,300.0,280.0,160.0,50.0,110.0,50.0,Up,Down,60,100,10,100,55.8743961352657,52.10828025477707,58.87378640776699,52.90384615384615,4,gmregd6v,,,,,0
23,9902h2kd,,0,587,587,FinalPage,ThankYou,2026-09-15 04:46:06.025371,1,,,1166.67,3,,0.0,M_exp_W_exp,,,,,,,,,,,0,0,,,300,300,,,,,,,,,,,,,,,,,1,1,"7, 10",3,0.0,0.0,0.0,0.0,0.0,0,0,0,1,1,5,0.0,0.0,1,1,300.0,280.0,160.0,50.0,110.0,50.0,Up,Down,60,100,10,100,55.8743961352657,52.10828025477707,58.87378640776699,52.90384615384615,4,gmregd6v,,,,,0
24,snwy0w01,,0,587,587,FinalPage,ThankYou,2026-09-15 04:46:06.312161,1,,,722.22,4,,0.0,M_exp_W_exp,,,,,,,,,,,0,0,,,300,280,,,,,,,,,,,,,,,,,1,1,"7, 10",3,0.0,0.0,0.0,0.0,0.0,0,0,0,0,0,5,0.0,0.0,1,1,300.0,280.0,160.0,50.0,110.0,50.0,Up,Down,60,100,10,100,55.8743961352657,52.10828025477707,58.87378640776699,52.90384615384615,4,gmregd6v,,,,,0
25,yaickank,,0,587,587,FinalPage,ThankYou,2026-09-15 04:46:06.374332,1,,,444.44,5,,0.0,M_exp_W_exp,,,,,,,,,,,0,0,,,315,285,,,,,,,,,,,,,,,,,1,1,"7, 10",3,0.0,0.0,0.0,0.0,0.0,0,0,0,1,1,5,0.0,0.0,1,1,300.0,280.0,160.0,50.0,110.0,50.0,Up,Down,60,100,10,100,55.8743961352657,52.10828025477707,58.87378640776699,52.90384615384615,4,gmregd6v,,,,,0
1,fwrj2jat,,0,587,587,FinalPage,ThankYou,2026-09-15 04:46:00.628207,1,,,1222.22,1,,0.0,M_exp_W_exp,,,,,,,,,,,0,0,,,165,90,,,,,,,,,,,,,,,,,1,1,"7, 10",3,0.0,0.0,0.0,0.0,0.0,0,0,0,-1,1,1,0.0,0.0,1,0,174.0,85.0,200.0,150.0,150.0,150.0,Up,Up,100,50,50,50,55.8743961352657,52.10828025477707,58.87378640776699,52.90384615384615,5,gmregd6v,,,,,0
2,0vigghqi,,0,587,587,FinalPage,ThankYou,2026-09-15 04:46:02.780536,1,,,1222.22,2,,0.0,M_exp_W_exp,,,,,,,,,,,0,0,,,174,89,,,,,,,,,,,,,,,,,1,1,"7, 10",3,0.0,0.0,0.0,0.0,0.0,0,0,0,0,1,1,0.0,0.0,1,0,174.0,85.0,200.0,150.0,150.0,150.0,Up,Up,100,50,50,50,55.8743961352657,52.10828025477707,58.87378640776699,52.90384615384615,5,gmregd6v,,,,,0
3,xu6xugdp,,0,587,587,FinalPage,ThankYou,2026-09-15 04:46:02.378175,1,,,1222.22,3,,0.0,M_exp_W_exp,,,,,,,,,,,0,0,,,200,85,,,,,,,,,,,,,,,,,1,1,"7, 10",3,0.0,0.0,0.0,0.0,0.0,0,0,0,1,0,1,0.0,0.0,1,0,174.0,85.0,200.0,150.0,150.0,150.0,Up,Up,100,50,50,50,55.8743961352657,52.10828025477707,58.87378640776699,52.90384615384615,5,gmregd6v,,,,,0
4,9nn00jux,,0,587,587,FinalPage,ThankYou,2026-09-15 04:46:02.401661,1,,,1333.33,4,,0.0,M_exp_W_exp,,,,,,,,,,,0,0,,,155,80,,,,,,,,,,,,,,,,,1,1,"7, 10",3,0.0,0.0,0.0,0.0,0.0,0,0,0,-1,-1,1,0.0,0.0,1,0,174.0,85.0,200.0,150.0,150.0,150.0,Up,Up,100,50,50,50,55.8743961352657,52.10828025477707,58.87378640776699,52.90384615384615,5,gmregd6v,,,,,0
5,d8azp69w,,0,587,587,FinalPage,ThankYou,2026-09-15 04:46:02.475325,1,,,722.22,5,,0.0,M_exp_W_exp,,,,,,,,,,,0,0,,,185,83,,,,,,,,,,,,,,,,,1,1,"7, 10",3,0.0,0.0,0.0,0.0,0.0,0,0,0,1,-1,1,0.0,0.0,1,0,174.0,85.0,200.0,150.0,150.0,150.0,Up,Up,100,50,50,50,55.8743961352657,52.10828025477707,58.87378640776699,52.90384615384615,5,gmregd6v,,,,,0
6,g5ct4rg0,,0,587,587,FinalPage,ThankYou,2026-09-15 04:46:02.961372,1,,,666.67,1,,0.0,M_exp_W_exp,,,,,,,,,,,0,0,,,300,300,,,,,,,,,,,,,,,,,1,1,"7, 10",3,0.0,0.0,0.0,0.0,0.0,0,0,0,0,1,2,0.0,0.0,1,0,300.0,200.0,160.0,100.0,150.0,175.0,Up,Up,60,0,75,50,55.8743961352657,52.10828025477707,58.87378640776699,52.90384615384615,5,gmregd6v,,,,,0
7,utr109q6,,0,587,587,FinalPage,ThankYou,2026-09-15 04:46:02.583853,1,,,1555.56,2,,0.0,M_exp_W_exp,,,,,,,,,,,0,0,,,300,300,,,,,,,,,,,,,,,,,1,1,"7, 10",3,0.0,0.0,0.0,0.0,0.0,0,0,0,-1,1,2,0.0,0.0,1,0,300.0,200.0,160.0,100.0,150.0,175.0,Up,Up,60,0,75,50,55.8743961352657,52.10828025477707,58.87378640776699,52.90384615384615,5,gmregd6v,,,,,0
8,uza1lz8f,,0,587,587,FinalPage,ThankYou,2026-09-15 04:46:03.005757,1,,,333.33,3,,0.0,M_exp_W_exp,,,,,,,,,,,0,0,,,400,140,,,,,,,,,,,,,,,,,1,1,"7, 10",3,0.0,0.0,0.0,0.0,0.0,0,0,0,1,-1,2,0.0,0.0,1,0,300.0,200.0,160.0,100.0,150.0,175.0,Up,Up,60,0,75,50,55.8743961352657,52.10828025477707,58.87378640776699,52.90384615384615,5,gmregd6v,,,,,0
9,3z6ed32t,,0,587,587,FinalPage,ThankYou,2026-09-15 04:46:03.137923,1,,,1277.78,4,,0.0,M_exp_W_exp,,,,,,,,,,,0,0,,,1,1,,,,,,,,,,,,,,,,,1,1,"7, 10",3,0.0,0.0,0.0,0.0,0.0,0,0,0,-1,-1,2,0.0,0.0,1,0,300.0,200.0,160.0,100.0,150.0,175.0,Up,Up,60,0,75,50,55.8743961352657,52.10828025477707,58.87378640776699,52.90384615384615,5,gmregd6v,,,,,0
10,pzsakpjx,,0,587,587,FinalPage,ThankYou,2026-09-15 04:46:03.187676,1,,,1333.33,5,,0.0,M_exp_W_exp,,,,,,,,,,,0,0,,,400,200,,,,,,,,,,,,,,,,,1,1,"7, 10",3,0.0,0.0,0.0,0.0,0.0,0,0,0,1,0,2,0.0,0.0,1,0,300.0,200.0,160.0,100.0,150.0,175.0,Up,Up,60,0,75,50,55.8743961352657,52.10828025477707,58.87378640776699,52.90384615384615,5,gmregd6v,,,,,0
11,h4hoh39u,,0,587,587,FinalPage,ThankYou,2026-09-15 04:46:03.274120,1,,,444.44,1,,0.0,M_exp_W_exp,,,,,,,,,,,0,0,,,300,150,,,,,,,,,,,,,,,,,1,1,"7, 10",3,0.0,0.0,0.0,0.0,0.0,0,0,0,-1,-1,3,0.0,0.0,0,0,300.0,195.0,75.0,50.0,50.0,90.0,Down,Down,50,100,20,100,55.8743961352657,52.10828025477707,58.87378640776699,52.90384615384615,5,gmregd6v,,,,,0
12,jzoxfyc2,,0,587,587,FinalPage,ThankYou,2026-09-15 04:46:03.326008,1,,,500.0,2,,0.0,M_exp_W_exp,,,,,,,,,,,0,0,,,340,199,,,,,,,,,,,,,,,,,1,1,"7, 10",3,0.0,0.0,0.0,0.0,0.0,0,0,0,1,1,3,0.0,0.0,0,0,300.0,195.0,75.0,50.0,50.0,90.0,Down,Down,50,100,20,100,55.8743961352657,52.10828025477707,58.87378640776699,52.90384615384615,5,gmregd6v,,,,,0
13,dqn940v4,,0,587,587,FinalPage,ThankYou,2026-09-15 04:46:03.334007,1,,,555.56,3,,0.0,M_exp_W_exp,,,,,,,,,,,0,0,,,360,195,,,,,,,,,,,,,,,,,1,1,"7, 10",3,0.0,0.0,0.0,0.0,0.0,0,0,0,1,0,3,0.0,0.0,0,0,300.0,195.0,75.0,50.0,50.0,90.0,Down,Down,50,100,20,100,55.8743961352657,52.10828025477707,58.87378640776699,52.90384615384615,5,gmregd6v,,,,,0
14,5l1yk0gm,,0,587,587,FinalPage,ThankYou,2026-09-15 04:46:03.341168,1,,,555.56,4,,0.0,M_exp_W_exp,,,,,,,,,,,0,0,,,100,100,,,,,,,,,,,,,,,,,1,1,"7, 10",3,0.0,0.0,0.0,0.0,0.0,0,0,0,-1,-1,3,0.0,0.0,0,0,300.0,195.0,75.0,50.0,50.0,90.0,Down,Down,50,100,20,100,55.8743961352657,52.10828025477707,58.87378640776699,52.90384615384615,5,gmregd6v,,,,,0
15,3fdg4ref,,0,587,587,FinalPage,ThankYou,2026-09-15 04:46:03.350239,1,,,0.0,5,,0.0,M_exp_W_exp,,,,,,,,,,,0,0,,,300,300,,,,,,,,,,,,,,,,,1,1,"7, 10",3,0.0,0.0,0.0,0.0,0.0,0,0,0,0,1,3,0.0,0.0,0,0,300.0,195.0,75.0,50.0,50.0,90.0,Down,Down,50,100,20,100,55.8743961352657,52.10828025477707,58.87378640776699,52.90384615384615,5,gmregd6v,,,,,0
16,iliayit3,,0,587,587,FinalPage,ThankYou,2026-09-15 04:46:03.416829,1,,,1277.78,1,,0.0,M_exp_W_exp,,,,,,,,,,,0,0,,,470,130,,,,,,,,,,,,,,,,,1,1,"7, 10",3,0.0,0.0,0.0,0.0,0.0,0,0,0,0,-1,4,0.0,0.0,1,1,470.0,130.0,200.0,90.0,175.0,75.0,Up,Down,100,20,75,50,55.8743961352657,52.10828025477707,58.87378640776699,52.90384615384615,5,gmregd6v,,,,,0
17,hpzf5xgg,,0,587,587,FinalPage,ThankYou,2026-09-15 04:46:03.561629,1,,,777.78,2,,0.0,M_exp_W_exp,,,,,,,,,,,0,0,,,470,130,,,,,,,,,,,,,,,,,1,1,"7, 10",3,0.0,0.0,0.0,0.0,0.0,0,0,0,1,-1,4,0.0,0.0,1,1,470.0,130.0,200.0,90.0,175.0,75.0,Up,Down,100,20,75,50,55.8743961352657,52.10828025477707,58.87378640776699,52.90384615384615,5,gmregd6v,,,,,0
18,3th28718,,0,587,587,FinalPage,ThankYou,2026-09-15 04:46:05.393109,1,,,722.22,3,,0.0,M_exp_W_exp,,,,,,,,,,,0,0,,,460,140,,,,,,,,,,,,,,,,,1,1,"7, 10",3,0.0,0.0,0.0,0.0,0.0,0,0,0,-1,1,4,0.0,0.0,1,1,470.0,130.0,200.0,90.0,175.0,75.0,Up,Down,100,20,75,50,55.8743961352657,52.10828025477707,58.87378640776699,52.90384615384615,5,gmregd6v,,,,,0
19,hh695q6a,,0,587,587,FinalPage,ThankYou,2026-09-15 04:46:05.412245,1,,,1666.67,4,,0.0,M_exp_W_exp,,,,,,,,,,,0,0,,,470,130,,,,,,,,,,,,,,,,,1,1,"7, 10",3,0.0,0.0,0.0,0.0,0.0,0,0,0,1,0,4,0.0,0.0,1,1,470.0,130.0,200.0,90.0,175.0,75.0,Up,Down,100,20,75,50,55.8743961352657,52.10828025477707,58.87378640776699,52.90384615384615,5,gmregd6v,,,,,0
20,2w7wmunp,,0,587,587,FinalPage,ThankYou,2026-09-15 04:46:05.631685,1,,,500.0,5,,0.0,M_exp_W_exp,,,,,,,,,,,0,0,,,452,148,,,,,,,,,,,,,,,,,1,1,"7, 10",3,0.0,0.0,0.0,0.0,0.0,0,0,0,-1,1,4,0.0,0.0,1,1,470.0,130.0,200.0,90.0,175.0,75.0,Up,Down,100,20,75,50,55.8743961352657,52.10828025477707,58.87378640776699,52.90384615384615,5,gmregd6v,,,,,0
21,2fon3kdf,,0,587,587,FinalPage,ThankYou,2026-09-15 04:46:05.788969,1,,,1444.44,1,,0.0,M_exp_W_exp,,,,,,,,,,,0,0,,,288,288,,,,,,,,,,,,,,,,,1,1,"7, 10",3,0.0,0.0,0.0,0.0,0.0,0,0,0,-1,1,5,0.0,0.0,1,1,298.0,286.0,160.0,50.0,110.0,50.0,Up,Down,60,100,10,100,55.8743961352657,52.10828025477707,58.87378640776699,52.90384615384615,5,gmregd6v,,,,,0
22,0vm37wcl,,0,587,587,FinalPage,ThankYou,2026-09-15 04:46:05.953754,1,,,1222.22,2,,0.0,M_exp_W_exp,,,,,,,,,,,0,0,,,599,1,,,,,,,,,,,,,,,,,1,1,"7, 10",3,0.0,0.0,0.0,0.0,0.0,0,0,0,1,-1,5,0.0,0.0,1,1,298.0,286.0,160.0,50.0,110.0,50.0,Up,Down,60,100,10,100,55.8743961352657,52.10828025477707,58.87378640776699,52.90384615384615,5,gmregd6v,,,,,0
23,9902h2kd,,0,587,587,FinalPage,ThankYou,2026-09-15 04:46:06.025371,1,,,1166.67,3,,0.0,M_exp_W_exp,,,,,,,,,,,0,0,,,298,278,,,,,,,,,,,,,,,,,1,1,"7, 10",3,0.0,0.0,0.0,0.0,0.0,0,0,0,-1,-1,5,0.0,0.0,1,1,298.0,286.0,160.0,50.0,110.0,50.0,Up,Down,60,100,10,100,55.8743961352657,52.10828025477707,58.87378640776699,52.90384615384615,5,gmregd6v,,,,,0
24,snwy0w01,,0,587,587,FinalPage,ThankYou,2026-09-15 04:46:06.312161,1,,,722.22,4,,0.0,M_exp_W_exp,,,,,,,,,,,0,0,,,298,286,,,,,,,,,,,,,,,,,1,1,"7, 10",3,0.0,0.0,0.0,0.0,0.0,0,0,0,0,0,5,0.0,0.0,1,1,298.0,286.0,160.0,50.0,110.0,50.0,Up,Down,60,100,10,100,55.8743961352657,52.10828025477707,58.87378640776699,52.90384615384615,5,gmregd6v,,,,,0
25,yaickank,,0,587,587,FinalPage,ThankYou,2026-09-15 04:46:06.374332,1,,,444.44,5,,0.0,M_exp_W_exp,,,,,,,,,,,0,0,,,305,290,,,,,,,,,,,,,,,,,1,1,"7, 10",3,0.0,0.0,0.0,0.0,0.0,0,0,0,1,1,5,0.0,0.0,1,1,298.0,286.0,160.0,50.0,110.0,50.0,Up,Down,60,100,10,100,55.8743961352657,52.10828025477707,58.87378640776699,52.90384615384615,5,gmregd6v,,,,,0
1,fwrj2jat,,0,587,587,FinalPage,ThankYou,2026-09-15 04:46:00.628207,1,,,1222.22,1,,0.0,M_exp_W_exp,,,,,,,,,,,0,0,,,180,77,,,,,,,,,,,,,,,,,1,1,"7, 10",3,0.0,0.0,0.0,0.0,0.0,0,0,0,-1,1,1,0.0,0.0,1,0,190.0,75.0,200.0,150.0,150.0,150.0,Up,Up,100,50,50,50,55.8743961352657,52.10828025477707,58.87378640776699,52.90384615384615,6,gmregd6v,,,,,0
2,0vigghqi,,0,587,587,FinalPage,ThankYou,2026-09-15 04:46:02.780536,1,,,1222.22,2,,0.0,M_exp_W_exp,,,,,,,,,,,0,0,,,191,71,,,,,,,,,,,,,,,,,1,1,"7, 10",3,0.0,0.0,0.0,0.0,0.0,0,0,0,1,-1,1,0.0,0.0,1,0,190.0,75.0,200.0,150.0,150.0,150.0,Up,Up,100,50,50,50,55.8743961352657,52.10828025477707,58.87378640776699,52.90384615384615,6,gmregd6v,,,,,0
3,xu6xugdp,,0,587,587,FinalPage,ThankYou,2026-09-15 04:46:02.378175,1,,,1222.22,3,,0.0,M_exp_W_exp,,,,,,,,,,,0,0,,,200,50,,,,,,,,,,,,,,,,,1,1,"7, 10",3,0.0,0.0,0.0,0.0,0.0,0,0,0,1,-1,1,0.0,0.0,1,0,190.0,75.0,200.0,150.0,150.0,150.0,Up,Up,100,50,50,50,55.8743961352657,52.10828025477707,58.87378640776699,52.90384615384615,6,gmregd6v,,,,,0
4,9nn00jux,,0,587,587,FinalPage,ThankYou,2026-09-15 04:46:02.401661,1,,,1333.33,4,,0.0,M_exp_W_exp,,,,,,,,,,,0,0,,,155,75,,,,,,,,,,,,,,,,,1,1,"7, 10",3,0.0,0.0,0.0,0.0,0.0,0,0,0,-1,1,1,0.0,0.0,1,0,190.0,75.0,200.0,150.0,150.0,150.0,Up,Up,100,50,50,50,55.8743961352657,52.10828025477707,58.87378640776699,52.90384615384615,6,gmregd6v,,,,,0
5,d8azp69w,,0,587,587,FinalPage,ThankYou,2026-09-15 04:46:02.475325,1,,,722.22,5,,0.0,M_exp_W_exp,,,,,,,,,,,0,0,,,190,75,,,,,,,,,,,,,,,,,1,1,"7, 10",3,0.0,0.0,0.0,0.0,0.0,0,0,0,0,0,1,0.0,0.0,1,0,190.0,75.0,200.0,150.0,150.0,150.0,Up,Up,100,50,50,50,55.8743961352657,52.10828025477707,58.87378640776699,52.90384615384615,6,gmregd6v,,,,,0
6,g5ct4rg0,,0,587,587,FinalPage,ThankYou,2026-09-15 04:46:02.961372,1,,,666.67,1,,0.0,M_exp_W_exp,,,,,,,,,,,0,0,,,410,190,,,,,,,,,,,,,,,,,1,1,"7, 10",3,0.0,0.0,0.0,0.0,0.0,0,0,0,1,-1,2,0.0,0.0,1,0,300.0,200.0,160.0,100.0,150.0,175.0,Up,Up,60,0,75,50,55.8743961352657,52.10828025477707,58.87378640776699,52.90384615384615,6,gmregd6v,,,,,0
7,utr109q6,,0,587,587,FinalPage,ThankYou,2026-09-15 04:46:02.583853,1,,,1555.56,2,,0.0,M_exp_W_exp,,,,,,,,,,,0,0,,,300,300,,,,,,,,,,,,,,,,,1,1,"7, 10",3,0.0,0.0,0.0,0.0,0.0,0,0,0,0,1,2,0.0,0.0,1,0,300.0,200.0,160.0,100.0,150.0,175.0,Up,Up,60,0,75,50,55.8743961352657,52.10828025477707,58.87378640776699,52.90384615384615,6,gmregd6v,,,,,0
8,uza1lz8f,,0,587,587,FinalPage,ThankYou,2026-09-15 04:46:03.005757,1,,,333.33,3,,0.0,M_exp_W_exp,,,,,,,,,,,0,0,,,10,10,,,,,,,,,,,,,,,,,1,1,"7, 10",3,0.0,0.0,0.0,0.0,0.0,0,0,0,-1,-1,2,0.0,0.0,1,0,300.0,200.0,160.0,100.0,150.0,175.0,Up,Up,60,0,75,50,55.8743961352657,52.10828025477707,58.87378640776699,52.90384615384615,6,gmregd6v,,,,,0
9,3z6ed32t,,0,587,587,FinalPage,ThankYou,2026-09-15 04:46:03.137923,1,,,1277.78,4,,0.0,M_exp_W_exp,,,,,,,,,,,0,0,,,1,299,,,,,,,,,,,,,,,,,1,1,"7, 10",3,0.0,0.0,0.0,0.0,0.0,0,0,0,-1,1,2,0.0,0.0,1,0,300.0,200.0,160.0,100.0,150.0,175.0,Up,Up,60,0,75,50,55.8743961352657,52.10828025477707,58.87378640776699,52.90384615384615,6,gmregd6v,,,,,0
10,pzsakpjx,,0,587,587,FinalPage,ThankYou,2026-09-15 04:46:03.187676,1,,,1333.33,5,,0.0,M_exp_W_exp,,,,,,,,,,,0,0,,,400,200,,,,,,,,,,,,,,,,,1,1,"7, 10",3,0.0,0.0,0.0,0.0,0.0,0,0,0,1,0,2,0.0,0.0,1,0,300.0,200.0,160.0,100.0,150.0,175.0,Up,Up,60,0,75,50,55.8743961352657,52.10828025477707,58.87378640776699,52.90384615384615,6,gmregd6v,,,,,0
11,h4hoh39u,,0,587,587,FinalPage,ThankYou,2026-09-15 04:46:03.274120,1,,,444.44,1,,0.0,M_exp_W_exp,,,,,,,,,,,0,0,,,200,150,,,,,,,,,,,,,,,,,1,1,"7, 10",3,0.0,0.0,0.0,0.0,0.0,0,0,0,-1,-1,3,0.0,0.0,0,0,280.0,165.0,75.0,50.0,50.0,90.0,Down,Down,50,100,20,100,55.8743961352657,52.10828025477707,58.87378640776699,52.90384615384615,6,gmregd6v,,,,,0
12,jzoxfyc2,,0,587,587,FinalPage,ThankYou,2026-09-15 04:46:03.326008,1,,,500.0,2,,0.0,M_exp_W_exp,,,,,,,,,,,0,0,,,280,165,,,,,,,,,,,,,,,,,1,1,"7, 10",3,0.0,0.0,0.0,0.0,0.0,0,0,0,0,0,3,0.0,0.0,0,0,280.0,165.0,75.0,50.0,50.0,90.0,Down,Down,50,100,20,100,55.8743961352657,52.10828025477707,58.87378640776699,52.90384615384615,6,gmregd6v,,,,,0
13,dqn940v4,,0,587,587,FinalPage,ThankYou,2026-09-15 04:46:03.334007,1,,,555.56,3,,0.0,M_exp_W_exp,,,,,,,,,,,0,0,,,330,200,,,,,,,,,,,,,,,,,1,1,"7, 10",3,0.0,0.0,0.0,0.0,0.0,0,0,0,1,1,3,0.0,0.0,0,0,280.0,165.0,75.0,50.0,50.0,90.0,Down,Down,50,100,20,100,55.8743961352657,52.10828025477707,58.87378640776699,52.90384615384615,6,gmregd6v,,,,,0
14,5l1yk0gm,,0,587,587,FinalPage,ThankYou,2026-09-15 04:46:03.341168,1,,,555.56,4,,0.0,M_exp_W_exp,,,,,,,,,,,0,0,,,125,125,,,,,,,,,,,,,,,,,1,1,"7, 10",3,0.0,0.0,0.0,0.0,0.0,0,0,0,-1,-1,3,0.0,0.0,0,0,280.0,165.0,75.0,50.0,50.0,90.0,Down,Down,50,100,20,100,55.8743961352657,52.10828025477707,58.87378640776699,52.90384615384615,6,gmregd6v,,,,,0
15,3fdg4ref,,0,587,587,FinalPage,ThankYou,2026-09-15 04:46:03.350239,1,,,0.0,5,,0.0,M_exp_W_exp,,,,,,,,,,,0,0,,,300,200,,,,,,,,,,,,,,,,,1,1,"7, 10",3,0.0,0.0,0.0,0.0,0.0,0,0,0,1,1,3,0.0,0.0,0,0,280.0,165.0,75.0,50.0,50.0,90.0,Down,Down,50,100,20,100,55.8743961352657,52.10828025477707,58.87378640776699,52.90384615384615,6,gmregd6v,,,,,0
16,iliayit3,,0,587,587,FinalPage,ThankYou,2026-09-15 04:46:03.416829,1,,,1277.78,1,,0.0,M_exp_W_exp,,,,,,,,,,,0,0,,,400,200,,,,,,,,,,,,,,,,,1,1,"7, 10",3,0.0,0.0,0.0,0.0,0.0,0,0,0,-1,1,4,0.0,0.0,1,1,465.0,135.0,200.0,90.0,175.0,75.0,Up,Down,100,20,75,50,55.8743961352657,52.10828025477707,58.87378640776699,52.90384615384615,6,gmregd6v,,,,,0
17,hpzf5xgg,,0,587,587,FinalPage,ThankYou,2026-09-15 04:46:03.561629,1,,,777.78,2,,0.0,M_exp_W_exp,,,,,,,,,,,0,0,,,480,120,,,,,,,,,,,,,,,,,1,1,"7, 10",3,0.0,0.0,0.0,0.0,0.0,0,0,0,1,-1,4,0.0,0.0,1,1,465.0,135.0,200.0,90.0,175.0,75.0,Up,Down,100,20,75,50,55.8743961352657,52.10828025477707,58.87378640776699,52.90384615384615,6,gmregd6v,,,,,0
18,3th28718,,0,587,587,FinalPage,ThankYou,2026-09-15 04:46:05.393109,1,,,722.22,3,,0.0,M_exp_W_exp,,,,,,,,,,,0,0,,,465,135,,,,,,,,,,,,,,,,,1,1,"7, 10",3,0.0,0.0,0.0,0.0,0.0,0,0,0,0,0,4,0.0,0.0,1,1,465.0,135.0,200.0,90.0,175.0,75.0,Up,Down,100,20,75,50,55.8743961352657,52.10828025477707,58.87378640776699,52.90384615384615,6,gmregd6v,,,,,0
19,hh695q6a,,0,587,587,FinalPage,ThankYou,2026-09-15 04:46:05.412245,1,,,1666.67,4,,0.0,M_exp_W_exp,,,,,,,,,,,0,0,,,470,130,,,,,,,,,,,,,,,,,1,1,"7, 10",3,0.0,0.0,0.0,0.0,0.0,0,0,0,1,-1,4,0.0,0.0,1,1,465.0,135.0,200.0,90.0,175.0,75.0,Up,Down,100,20,75,50,55.8743961352657,52.10828025477707,58.87378640776699,52.90384615384615,6,gmregd6v,,,,,0
20,2w7wmunp,,0,587,587,FinalPage,ThankYou,2026-09-15 04:46:05.631685,1,,,500.0,5,,0.0,M_exp_W_exp,,,,,,,,,,,0,0,,,445,137,,,,,,,,,,,,,,,,,1,1,"7, 10",3,0.0,0.0,0.0,0.0,0.0,0,0,0,-1,1,4,0.0,0.0,1,1,465.0,135.0,200.0,90.0,175.0,75.0,Up,Down,100,20,75,50,55.8743961352657,52.10828025477707,58.87378640776699,52.90384615384615,6,gmregd6v,,,,,0
21,2fon3kdf,,0,587,587,FinalPage,ThankYou,2026-09-15 04:46:05.788969,1,,,1444.44,1,,0.0,M_exp_W_exp,,,,,,,,,,,0,0,,,188,288,,,,,,,,,,,,,,,,,1,1,"7, 10",3,0.0,0.0,0.0,0.0,0.0,0,0,0,-1,0,5,0.0,0.0,1,1,297.0,288.0,160.0,50.0,110.0,50.0,Up,Down,60,100,10,100,55.8743961352657,52.10828025477707,58.87378640776699,52.90384615384615,6,gmregd6v,,,,,0
22,0vm37wcl,,0,587,587,FinalPage,ThankYou,2026-09-15 04:46:05.953754,1,,,1222.22,2,,0.0,M_exp_W_exp,,,,,,,,,,,0,0,,,250,250,,,,,,,,,,,,,,,,,1,1,"7, 10",3,0.0,0.0,0.0,0.0,0.0,0,0,0,-1,-1,5,0.0,0.0,1,1,297.0,288.0,160.0,50.0,110.0,50.0,Up,Down,60,100,10,100,55.8743961352657,52.10828025477707,58.87378640776699,52.90384615384615,6,gmregd6v,,,,,0
23,9902h2kd,,0,587,587,FinalPage,ThankYou,2026-09-15 04:46:06.025371,1,,,1166.67,3,,0.0,M_exp_W_exp,,,,,,,,,,,0,0,,,297,285,,,,,,,,,,,,,,,,,1,1,"7, 10",3,0.0,0.0,0.0,0.0,0.0,0,0,0,0,-1,5,0.0,0.0,1,1,297.0,288.0,160.0,50.0,110.0,50.0,Up,Down,60,100,10,100,55.8743961352657,52.10828025477707,58.87378640776699,52.90384615384615,6,gmregd6v,,,,,0
24,snwy0w01,,0,587,587,FinalPage,ThankYou,2026-09-15 04:46:06.312161,1,,,722.22,4,,0.0,M_exp_W_exp,,,,,,,,,,,0,0,,,303,292,,,,,,,,,,,,,,,,,1,1,"7, 10",3,0.0,0.0,0.0,0.0,0.0,0,0,0,1,1,5,0.0,0.0,1,1,297.0,288.0,160.0,50.0,110.0,50.0,Up,Down,60,100,10,100,55.8743961352657,52.10828025477707,58.87378640776699,52.90384615384615,6,gmregd6v,,,,,0
25,yaickank,,0,587,587,FinalPage,ThankYou,2026-09-15 04:46:06.374332,1,,,444.44,5,,0.0,M_exp_W_exp,,,,,,,,,,,0,0,,,305,295,,,,,,,,,,,,,,,,,1,1,"7, 10",3,0.0,0.0,0.0,0.0,0.0,0,0,0,1,1,5,0.0,0.0,1,1,297.0,288.0,160.0,50.0,110.0,50.0,Up,Down,60,100,10,100,55.8743961352657,52.10828025477707,58.87378640776699,52.90384615384615,6,gmregd6v,,,,,0
1,fwrj2jat,,0,587,587,FinalPage,ThankYou,2026-09-15 04:46:00.628207,1,,,1222.22,1,,0.0,M_exp_W_exp,,,,,,,,,,,0,0,,,205,65,,,,,,,,,,,,,,,,,1,1,"7, 10",3,0.0,0.0,0.0,0.0,0.0,0,0,0,1,0,1,0.0,0.0,1,0,202.0,65.0,200.0,150.0,150.0,150.0,Up,Up,100,50,50,50,55.8743961352657,52.10828025477707,58.87378640776699,52.90384615384615,7,gmregd6v,,,,,0
2,0vigghqi,,0,587,587,FinalPage,ThankYou,2026-09-15 04:46:02.780536,1,,,1222.22,2,,0.0,M_exp_W_exp,,,,,,,,,,,0,0,,,195,68,,,,,,,,,,,,,,,,,1,1,"7, 10",3,0.0,0.0,0.0,0.0,0.0,0,0,0,-1,1,1,0.0,0.0,1,0,202.0,65.0,200.0,150.0,150.0,150.0,Up,Up,100,50,50,50,55.8743961352657,52.10828025477707,58.87378640776699,52.90384615384615,7,gmregd6v,,,,,0
3,xu6xugdp,,0,587,587,FinalPage,ThankYou,2026-09-15 04:46:02.378175,1,,,1222.22,3,,0.0,M_exp_W_exp,,,,,,,,,,,0,0,,,202,60,,,,,,,,,,,,,,,,,1,1,"7, 10",3,0.0,0.0,0.0,0.0,0.0,0,0,0,0,-1,1,0.0,0.0,1,0,202.0,65.0,200.0,150.0,150.0,150.0,Up,Up,100,50,50,50,55.8743961352657,52.10828025477707,58.87378640776699,52.90384615384615,7,gmregd6v,,,,,0
4,9nn00jux,,0,587,587,FinalPage,ThankYou,2026-09-15 04:46:02.401661,1,,,1333.33,4,,0.0,M_exp_W_exp,,,,,,,,,,,0,0,,,156,69,,,,,,,,,,,,,,,,,1,1,"7, 10",3,0.0,0.0,0.0,0.0,0.0,0,0,0,-1,1,1,0.0,0.0,1,0,202.0,65.0,200.0,150.0,150.0,150.0,Up,Up,100,50,50,50,55.8743961352657,52.10828025477707,58.87378640776699,52.90384615384615,7,gmregd6v,,,,,0
5,d8azp69w,,0,587,587,FinalPage,ThankYou,2026-09-15 04:46:02.475325,1,,,722.22,5,,0.0,M_exp_W_exp,,,,,,,,,,,0,0,,,210,60,,,,,,,,,,,,,,,,,1,1,"7, 10",3,0.0,0.0,0.0,0.0,0.0,0,0,0,1,-1,1,0.0,0.0,1,0,202.0,65.0,200.0,150.0,150.0,150.0,Up,Up,100,50,50,50,55.8743961352657,52.10828025477707,58.87378640776699,52.90384615384615,7,gmregd6v,,,,,0
6,g5ct4rg0,,0,587,587,FinalPage,ThankYou,2026-09-15 04:46:02.961372,1,,,666.67,1,,0.0,M_exp_W_exp,,,,,,,,,,,0,0,,,420,180,,,,,,,,,,,,,,,,,1,1,"7, 10",3,0.0,0.0,0.0,0.0,0.0,0,0,0,1,-1,2,0.0,0.0,1,0,310.0,251.0,160.0,100.0,150.0,175.0,Up,Up,60,0,75,50,55.8743961352657,52.10828025477707,58.87378640776699,52.90384615384615,7,gmregd6v,,,,,0
7,utr109q6,,0,587,587,FinalPage,ThankYou,2026-09-15 04:46:02.583853,1,,,1555.56,2,,0.0,M_exp_W_exp,,,,,,,,,,,0,0,,,301,299,,,,,,,,,,,,,,,,,1,1,"7, 10",3,0.0,0.0,0.0,0.0,0.0,0,0,0,-1,1,2,0.0,0.0,1,0,310.0,251.0,160.0,100.0,150.0,175.0,Up,Up,60,0,75,50,55.8743961352657,52.10828025477707,58.87378640776699,52.90384615384615,7,gmregd6v,,,,,0
8,uza1lz8f,,0,587,587,FinalPage,ThankYou,2026-09-15 04:46:03.005757,1,,,333.33,3,,0.0,M_exp_W_exp,,,,,,,,,,,0,0,,,310,290,,,,,,,,,,,,,,,,,1,1,"7, 10",3,0.0,0.0,0.0,0.0,0.0,0,0,0,0,1,2,0.0,0.0,1,0,310.0,251.0,160.0,100.0,150.0,175.0,Up,Up,60,0,75,50,55.8743961352657,52.10828025477707,58.87378640776699,52.90384615384615,7,gmregd6v,,,,,0
9,3z6ed32t,,0,587,587,FinalPage,ThankYou,2026-09-15 04:46:03.137923,1,,,1277.78,4,,0.0,M_exp_W_exp,,,,,,,,,,,0,0,,,1,251,,,,,,,,,,,,,,,,,1,1,"7, 10",3,0.0,0.0,0.0,0.0,0.0,0,0,0,-1,0,2,0.0,0.0,1,0,310.0,251.0,160.0,100.0,150.0,175.0,Up,Up,60,0,75,50,55.8743961352657,52.10828025477707,58.87378640776699,52.90384615384615,7,gmregd6v,,,,,0
10,pzsakpjx,,0,587,587,FinalPage,ThankYou,2026-09-15 04:46:03.187676,1,,,1333.33,5,,0.0,M_exp_W_exp,,,,,,,,,,,0,0,,,350,250,,,,,,,,,,,,,,,,,1,1,"7, 10",3,0.0,0.0,0.0,0.0,0.0,0,0,0,1,-1,2,0.0,0.0,1,0,310.0,251.0,160.0,100.0,150.0,175.0,Up,Up,60,0,75,50,55.8743961352657,52.10828025477707,58.87378640776699,52.90384615384615,7,gmregd6v,,,,,0
11,h4hoh39u,,0,587,587,FinalPage,ThankYou,2026-09-15 04:46:03.274120,1,,,444.44,1,,0.0,M_exp_W_exp,,,,,,,,,,,0,0,,,250,150,,,,,,,,,,,,,,,,,1,1,"7, 10",3,0.0,0.0,0.0,0.0,0.0,0,0,0,0,0,3,0.0,0.0,0,0,250.0,150.0,75.0,50.0,50.0,90.0,Down,Down,50,100,20,100,55.8743961352657,52.10828025477707,58.87378640776699,52.90384615384615,7,gmregd6v,,,,,0
12,jzoxfyc2,,0,587,587,FinalPage,ThankYou,2026-09-15 04:46:03.326008,1,,,500.0,2,,0.0,M_exp_W_exp,,,,,,,,,,,0,0,,,250,120,,,,,,,,,,,,,,,,,1,1,"7, 10",3,0.0,0.0,0.0,0.0,0.0,0,0,0,1,-1,3,0.0,0.0,0,0,250.0,150.0,75.0,50.0,50.0,90.0,Down,Down,50,100,20,100,55.8743961352657,52.10828025477707,58.87378640776699,52.90384615384615,7,gmregd6v,,,,,0
13,dqn940v4,,0,587,587,FinalPage,ThankYou,2026-09-15 04:46:03.334007,1,,,555.56,3,,0.0,M_exp_W_exp,,,,,,,,,,,0,0,,,250,150,,,,,,,,,,,,,,,,,1,1,"7, 10",3,0.0,0.0,0.0,0.0,0.0,0,0,0,-1,1,3,0.0,0.0,0,0,250.0,150.0,75.0,50.0,50.0,90.0,Down,Down,50,100,20,100,55.8743961352657,52.10828025477707,58.87378640776699,52.90384615384615,7,gmregd6v,,,,,0
14,5l1yk0gm,,0,587,587,FinalPage,ThankYou,2026-09-15 04:46:03.341168,1,,,555.56,4,,0.0,M_exp_W_exp,,,,,,,,,,,0,0,,,150,150,,,,,,,,,,,,,,,,,1,1,"7, 10",3,0.0,0.0,0.0,0.0,0.0,0,0,0,-1,-1,3,0.0,0.0,0,0,250.0,150.0,75.0,50.0,50.0,90.0,Down,Down,50,100,20,100,55.8743961352657,52.10828025477707,58.87378640776699,52.90384615384615,7,gmregd6v,,,,,0
15,3fdg4ref,,0,587,587,FinalPage,ThankYou,2026-09-15 04:46:03.350239,1,,,0.0,5,,0.0,M_exp_W_exp,,,,,,,,,,,0,0,,,285,170,,,,,,,,,,,,,,,,,1,1,"7, 10",3,0.0,0.0,0.0,0.0,0.0,0,0,0,1,1,3,0.0,0.0,0,0,250.0,150.0,75.0,50.0,50.0,90.0,Down,Down,50,100,20,100,55.8743961352657,52.10828025477707,58.87378640776699,52.90384615384615,7,gmregd6v,,,,,0
16,iliayit3,,0,587,587,FinalPage,ThankYou,2026-09-15 04:46:03.416829,1,,,1277.78,1,,0.0,M_exp_W_exp,,,,,,,,,,,0,0,,,425,175,,,,,,,,,,,,,,,,,1,1,"7, 10",3,0.0,0.0,0.0,0.0,0.0,0,0,0,-1,1,4,0.0,0.0,1,1,460.0,140.0,200.0,90.0,175.0,75.0,Up,Down,100,20,75,50,55.8743961352657,52.10828025477707,58.87378640776699,52.90384615384615,7,gmregd6v,,,,,0
17,hpzf5xgg,,0,587,587,FinalPage,ThankYou,2026-09-15 04:46:03.561629,1,,,777.78,2,,0.0,M_exp_W_exp,,,,,,,,,,,0,0,,,599,1,,,,,,,,,,,,,,,,,1,1,"7, 10",3,0.0,0.0,0.0,0.0,0.0,0,0,0,1,-1,4,0.0,0.0,1,1,460.0,140.0,200.0,90.0,175.0,75.0,Up,Down,100,20,75,50,55.8743961352657,52.10828025477707,58.87378640776699,52.90384615384615,7,gmregd6v,,,,,0
18,3th28718,,0,587,587,FinalPage,ThankYou,2026-09-15 04:46:05.393109,1,,,722.22,3,,0.0,M_exp_W_exp,,,,,,,,,,,0,0,,,460,140,,,,,,,,,,,,,,,,,1,1,"7, 10",3,0.0,0.0,0.0,0.0,0.0,0,0,0,0,0,4,0.0,0.0,1,1,460.0,140.0,200.0,90.0,175.0,75.0,Up,Down,100,20,75,50,55.8743961352657,52.10828025477707,58.87378640776699,52.90384615384615,7,gmregd6v,,,,,0
19,hh695q6a,,0,587,587,FinalPage,ThankYou,2026-09-15 04:46:05.412245,1,,,1666.67,4,,0.0,M_exp_W_exp,,,,,,,,,,,0,0,,,460,140,,,,,,,,,,,,,,,,,1,1,"7, 10",3,0.0,0.0,0.0,0.0,0.0,0,0,0,-1,1,4,0.0,0.0,1,1,460.0,140.0,200.0,90.0,175.0,75.0,Up,Down,100,20,75,50,55.8743961352657,52.10828025477707,58.87378640776699,52.90384615384615,7,gmregd6v,,,,,0
20,2w7wmunp,,0,587,587,FinalPage,ThankYou,2026-09-15 04:46:05.631685,1,,,500.0,5,,0.0,M_exp_W_exp,,,,,,,,,,,0,0,,,480,103,,,,,,,,,,,,,,,,,1,1,"7, 10",3,0.0,0.0,0.0,0.0,0.0,0,0,0,1,-1,4,0.0,0.0,1,1,460.0,140.0,200.0,90.0,175.0,75.0,Up,Down,100,20,75,50,55.8743961352657,52.10828025477707,58.87378640776699,52.90384615384615,7,gmregd6v,,,,,0
21,2fon3kdf,,0,587,587,FinalPage,ThankYou,2026-09-15 04:46:05.788969,1,,,1444.44,1,,0.0,M_exp_W_exp,,,,,,,,,,,0,0,,,287,189,,,,,,,,,,,,,,,,,1,1,"7, 10",3,0.0,0.0,0.0,0.0,0.0,0,0,0,-1,-1,5,0.0,0.0,1,1,298.0,289.0,160.0,50.0,110.0,50.0,Up,Down,60,100,10,100,55.8743961352657,52.10828025477707,58.87378640776699,52.90384615384615,7,gmregd6v,,,,,0
22,0vm37wcl,,0,587,587,FinalPage,ThankYou,2026-09-15 04:46:05.953754,1,,,1222.22,2,,0.0,M_exp_W_exp,,,,,,,,,,,0,0,,,300,250,,,,,,,,,,,,,,,,,1,1,"7, 10",3,0.0,0.0,0.0,0.0,0.0,0,0,0,1,-1,5,0.0,0.0,1,1,298.0,289.0,160.0,50.0,110.0,50.0,Up,Down,60,100,10,100,55.8743961352657,52.10828025477707,58.87378640776699,52.90384615384615,7,gmregd6v,,,,,0
23,9902h2kd,,0,587,587,FinalPage,ThankYou,2026-09-15 04:46:06.025371,1,,,1166.67,3,,0.0,M_exp_W_exp,,,,,,,,,,,0,0,,,298,289,,,,,,,,,,,,,,,,,1,1,"7, 10",3,0.0,0.0,0.0,0.0,0.0,0,0,0,0,0,5,0.0,0.0,1,1,298.0,289.0,160.0,50.0,110.0,50.0,Up,Down,60,100,10,100,55.8743961352657,52.10828025477707,58.87378640776699,52.90384615384615,7,gmregd6v,,,,,0
24,snwy0w01,,0,587,587,FinalPage,ThankYou,2026-09-15 04:46:06.312161,1,,,722.22,4,,0.0,M_exp_W_exp,,,,,,,,,,,0,0,,,295,291,,,,,,,,,,,,,,,,,1,1,"7, 10",3,0.0,0.0,0.0,0.0,0.0,0,0,0,-1,1,5,0.0,0.0,1,1,298.0,289.0,160.0,50.0,110.0,50.0,Up,Down,60,100,10,100,55.8743961352657,52.10828025477707,58.87378640776699,52.90384615384615,7,gmregd6v,,,,,0
25,yaickank,,0,587,587,FinalPage,ThankYou,2026-09-15 04:46:06.374332,1,,,444.44,5,,0.0,M_exp_W_exp,,,,,,,,,,,0,0,,,300,290,,,,,,,,,,,,,,,,,1,1,"7, 10",3,0.0,0.0,0.0,0.0,0.0,0,0,0,1,1,5,0.0,0.0,1,1,298.0,289.0,160.0,50.0,110.0,50.0,Up,Down,60,100,10,100,55.8743961352657,52.10828025477707,58.87378640776699,52.90384615384615,7,gmregd6v,,,,,0
1,fwrj2jat,,0,587,587,FinalPage,ThankYou,2026-09-15 04:46:00.628207,1,,,1222.22,1,,0.0,M_exp_W_exp,,,,,,,,,,,0,0,,,302,55,,,,,,,,,,,,,,,,,1,1,"7, 10",3,0.0,0.0,0.0,0.0,0.0,0,0,0,1,-1,1,0.0,0.0,1,0,220.0,56.0,200.0,150.0,150.0,150.0,Up,Up,100,50,50,50,55.8743961352657,52.10828025477707,58.87378640776699,52.90384615384615,8,gmregd6v,,,,,0
2,0vigghqi,,0,587,587,FinalPage,ThankYou,2026-09-15 04:46:02.780536,1,,,1222.22,2,,0.0,M_exp_W_exp,,,,,,,,,,,0,0,,,207,56,,,,,,,,,,,,,,,,,1,1,"7, 10",3,0.0,0.0,0.0,0.0,0.0,0,0,0,-1,0,1,0.0,0.0,1,0,220.0,56.0,200.0,150.0,150.0,150.0,Up,Up,100,50,50,50,55.8743961352657,52.10828025477707,58.87378640776699,52.90384615384615,8,gmregd6v,,,,,0
3,xu6xugdp,,0,587,587,FinalPage,ThankYou,2026-09-15 04:46:02.378175,1,,,1222.22,3,,0.0,M_exp_W_exp,,,,,,,,,,,0,0,,,220,60,,,,,,,,,,,,,,,,,1,1,"7, 10",3,0.0,0.0,0.0,0.0,0.0,0,0,0,0,1,1,0.0,0.0,1,0,220.0,56.0,200.0,150.0,150.0,150.0,Up,Up,100,50,50,50,55.8743961352657,52.10828025477707,58.87378640776699,52.90384615384615,8,gmregd6v,,,,,0
4,9nn00jux,,0,587,587,FinalPage,ThankYou,2026-09-15 04:46:02.401661,1,,,1333.33,4,,0.0,M_exp_W_exp,,,,,,,,,,,0,0,,,155,57,,,,,,,,,,,,,,,,,1,1,"7, 10",3,0.0,0.0,0.0,0.0,0.0,0,0,0,-1,1,1,0.0,0.0,1,0,220.0,56.0,200.0,150.0,150.0,150.0,Up,Up,100,50,50,50,55.8743961352657,52.10828025477707,58.87378640776699,52.90384615384615,8,gmregd6v,,,,,0
5,d8azp69w,,0,587,587,FinalPage,ThankYou,2026-09-15 04:46:02.475325,1,,,722.22,5,,0.0,M_exp_W_exp,,,,,,,,,,,0,0,,,224,50,,,,,,,,,,,,,,,,,1,1,"7, 10",3,0.0,0.0,0.0,0.0,0.0,0,0,0,1,-1,1,0.0,0.0,1,0,220.0,56.0,200.0,150.0,150.0,150.0,Up,Up,100,50,50,50,55.8743961352657,52.10828025477707,58.87378640776699,52.90384615384615,8,gmregd6v,,,,,0
6,g5ct4rg0,,0,587,587,FinalPage,ThankYou,2026-09-15 04:46:02.961372,1,,,666.67,1,,0.0,M_exp_W_exp,,,,,,,,,,,0,0,,,430,170,,,,,,,,,,,,,,,,,1,1,"7, 10",3,0.0,0.0,0.0,0.0,0.0,0,0,0,1,-1,2,0.0,0.0,1,0,350.0,250.0,160.0,100.0,150.0,175.0,Up,Up,60,0,75,50,55.8743961352657,52.10828025477707,58.87378640776699,52.90384615384615,8,gmregd6v,,,,,0
7,utr109q6,,0,587,587,FinalPage,ThankYou,2026-09-15 04:46:02.583853,1,,,1555.56,2,,0.0,M_exp_W_exp,,,,,,,,,,,0,0,,,311,289,,,,,,,,,,,,,,,,,1,1,"7, 10",3,0.0,0.0,0.0,0.0,0.0,0,0,0,-1,1,2,0.0,0.0,1,0,350.0,250.0,160.0,100.0,150.0,175.0,Up,Up,60,0,75,50,55.8743961352657,52.10828025477707,58.87378640776699,52.90384615384615,8,gmregd6v,,,,,0
8,uza1lz8f,,0,587,587,FinalPage,ThankYou,2026-09-15 04:46:03.005757,1,,,333.33,3,,0.0,M_exp_W_exp,,,,,,,,,,,0,0,,,400,10,,,,,,,,,,,,,,,,,1,1,"7, 10",3,0.0,0.0,0.0,0.0,0.0,0,0,0,1,-1,2,0.0,0.0,1,0,350.0,250.0,160.0,100.0,150.0,175.0,Up,Up,60,0,75,50,55.8743961352657,52.10828025477707,58.87378640776699,52.90384615384615,8,gmregd6v,,,,,0
9,3z6ed32t,,0,587,587,FinalPage,ThankYou,2026-09-15 04:46:03.137923,1,,,1277.78,4,,0.0,M_exp_W_exp,,,,,,,,,,,0,0,,,1,267,,,,,,,,,,,,,,,,,1,1,"7, 10",3,0.0,0.0,0.0,0.0,0.0,0,0,0,-1,1,2,0.0,0.0,1,0,350.0,250.0,160.0,100.0,150.0,175.0,Up,Up,60,0,75,50,55.8743961352657,52.10828025477707,58.87378640776699,52.90384615384615,8,gmregd6v,,,,,0
10,pzsakpjx,,0,587,587,FinalPage,ThankYou,2026-09-15 04:46:03.187676,1,,,1333.33,5,,0.0,M_exp_W_exp,,,,,,,,,,,0,0,,,350,250,,,,,,,,,,,,,,,,,1,1,"7, 10",3,0.0,0.0,0.0,0.0,0.0,0,0,0,0,0,2,0.0,0.0,1,0,350.0,250.0,160.0,100.0,150.0,175.0,Up,Up,60,0,75,50,55.8743961352657,52.10828025477707,58.87378640776699,52.90384615384615,8,gmregd6v,,,,,0
11,h4hoh39u,,0,587,587,FinalPage,ThankYou,2026-09-15 04:46:03.274120,1,,,444.44,1,,0.0,M_exp_W_exp,,,,,,,,,,,0,0,,,230,130,,,,,,,,,,,,,,,,,1,1,"7, 10",3,0.0,0.0,0.0,0.0,0.0,0,0,0,0,-1,3,0.0,0.0,0,0,230.0,140.0,75.0,50.0,50.0,90.0,Down,Down,50,100,20,100,55.8743961352657,52.10828025477707,58.87378640776699,52.90384615384615,8,gmregd6v,,,,,0
12,jzoxfyc2,,0,587,587,FinalPage,ThankYou,2026-09-15 04:46:03.326008,1,,,500.0,2,,0.0,M_exp_W_exp,,,,,,,,,,,0,0,,,220,120,,,,,,,,,,,,,,,,,1,1,"7, 10",3,0.0,0.0,0.0,0.0,0.0,0,0,0,-1,-1,3,0.0,0.0,0,0,230.0,140.0,75.0,50.0,50.0,90.0,Down,Down,50,100,20,100,55.8743961352657,52.10828025477707,58.87378640776699,52.90384615384615,8,gmregd6v,,,,,0
13,dqn940v4,,0,587,587,FinalPage,ThankYou,2026-09-15 04:46:03.334007,1,,,555.56,3,,0.0,M_exp_W_exp,,,,,,,,,,,0,0,,,250,150,,,,,,,,,,,,,,,,,1,1,"7, 10",3,0.0,0.0,0.0,0.0,0.0,0,0,0,1,1,3,0.0,0.0,0,0,230.0,140.0,75.0,50.0,50.0,90.0,Down,Down,50,100,20,100,55.8743961352657,52.10828025477707,58.87378640776699,52.90384615384615,8,gmregd6v,,,,,0
14,5l1yk0gm,,0,587,587,FinalPage,ThankYou,2026-09-15 04:46:03.341168,1,,,555.56,4,,0.0,M_exp_W_exp,,,,,,,,,,,0,0,,,150,150,,,,,,,,,,,,,,,,,1,1,"7, 10",3,0.0,0.0,0.0,0.0,0.0,0,0,0,-1,1,3,0.0,0.0,0,0,230.0,140.0,75.0,50.0,50.0,90.0,Down,Down,50,100,20,100,55.8743961352657,52.10828025477707,58.87378640776699,52.90384615384615,8,gmregd6v,,,,,0
15,3fdg4ref,,0,587,587,FinalPage,ThankYou,2026-09-15 04:46:03.350239,1,,,0.0,5,,0.0,M_exp_W_exp,,,,,,,,,,,0,0,,,240,140,,,,,,,,,,,,,,,,,1,1,"7, 10",3,0.0,0.0,0.0,0.0,0.0,0,0,0,1,0,3,0.0,0.0,0,0,230.0,140.0,75.0,50.0,50.0,90.0,Down,Down,50,100,20,100,55.8743961352657,52.10828025477707,58.87378640776699,52.90384615384615,8,gmregd6v,,,,,0
16,iliayit3,,0,587,587,FinalPage,ThankYou,2026-09-15 04:46:03.416829,1,,,1277.78,1,,0.0,M_exp_W_exp,,,,,,,,,,,0,0,,,450,150,,,,,,,,,,,,,,,,,1,1,"7, 10",3,0.0,0.0,0.0,0.0,0.0,0,0,0,0,1,4,0.0,0.0,1,1,450.0,145.0,200.0,90.0,175.0,75.0,Up,Down,100,20,75,50,55.8743961352657,52.10828025477707,58.87378640776699,52.90384615384615,8,gmregd6v,,,,,0
17,hpzf5xgg,,0,587,587,FinalPage,ThankYou,2026-09-15 04:46:03.561629,1,,,777.78,2,,0.0,M_exp_W_exp,,,,,,,,,,,0,0,,,440,160,,,,,,,,,,,,,,,,,1,1,"7, 10",3,0.0,0.0,0.0,0.0,0.0,0,0,0,-1,1,4,0.0,0.0,1,1,450.0,145.0,200.0,90.0,175.0,75.0,Up,Down,100,20,75,50,55.8743961352657,52.10828025477707,58.87378640776699,52.90384615384615,8,gmregd6v,,,,,0
18,3th28718,,0,587,587,FinalPage,ThankYou,2026-09-15 04:46:05.393109,1,,,722.22,3,,0.0,M_exp_W_exp,,,,,,,,,,,0,0,,,470,130,,,,,,,,,,,,,,,,,1,1,"7, 10",3,0.0,0.0,0.0,0.0,0.0,0,0,0,1,-1,4,0.0,0.0,1,1,450.0,145.0,200.0,90.0,175.0,75.0,Up,Down,100,20,75,50,55.8743961352657,52.10828025477707,58.87378640776699,52.90384615384615,8,gmregd6v,,,,,0
19,hh695q6a,,0,587,587,FinalPage,ThankYou,2026-09-15 04:46:05.412245,1,,,1666.67,4,,0.0,M_exp_W_exp,,,,,,,,,,,0,0,,,455,145,,,,,,,,,,,,,,,,,1,1,"7, 10",3,0.0,0.0,0.0,0.0,0.0,0,0,0,1,0,4,0.0,0.0,1,1,450.0,145.0,200.0,90.0,175.0,75.0,Up,Down,100,20,75,50,55.8743961352657,52.10828025477707,58.87378640776699,52.90384615384615,8,gmregd6v,,,,,0
20,2w7wmunp,,0,587,587,FinalPage,ThankYou,2026-09-15 04:46:05.631685,1,,,500.0,5,,0.0,M_exp_W_exp,,,,,,,,,,,0,0,,,425,123,,,,,,,,,,,,,,,,,1,1,"7, 10",3,0.0,0.0,0.0,0.0,0.0,0,0,0,-1,-1,4,0.0,0.0,1,1,450.0,145.0,200.0,90.0,175.0,75.0,Up,Down,100,20,75,50,55.8743961352657,52.10828025477707,58.87378640776699,52.90384615384615,8,gmregd6v,,,,,0
21,2fon3kdf,,0,587,587,FinalPage,ThankYou,2026-09-15 04:46:05.788969,1,,,1444.44,1,,0.0,M_exp_W_exp,,,,,,,,,,,0,0,,,299,199,,,,,,,,,,,,,,,,,1,1,"7, 10",3,0.0,0.0,0.0,0.0,0.0,0,0,0,1,-1,5,0.0,0.0,1,1,298.0,285.0,160.0,50.0,110.0,50.0,Up,Down,60,100,10,100,55.8743961352657,52.10828025477707,58.87378640776699,52.90384615384615,8,gmregd6v,,,,,0
22,0vm37wcl,,0,587,587,FinalPage,ThankYou,2026-09-15 04:46:05.953754,1,,,1222.22,2,,0.0,M_exp_W_exp,,,,,,,,,,,0,0,,,250,250,,,,,,,,,,,,,,,,,1,1,"7, 10",3,0.0,0.0,0.0,0.0,0.0,0,0,0,-1,-1,5,0.0,0.0,1,1,298.0,285.0,160.0,50.0,110.0,50.0,Up,Down,60,100,10,100,55.8743961352657,52.10828025477707,58.87378640776699,52.90384615384615,8,gmregd6v,,,,,0
23,9902h2kd,,0,587,587,FinalPage,ThankYou,2026-09-15 04:46:06.025371,1,,,1166.67,3,,0.0,M_exp_W_exp,,,,,,,,,,,0,0,,,298,299,,,,,,,,,,,,,,,,,1,1,"7, 10",3,0.0,0.0,0.0,0.0,0.0,0,0,0,0,1,5,0.0,0.0,1,1,298.0,285.0,160.0,50.0,110.0,50.0,Up,Down,60,100,10,100,55.8743961352657,52.10828025477707,58.87378640776699,52.90384615384615,8,gmregd6v,,,,,0
24,snwy0w01,,0,587,587,FinalPage,ThankYou,2026-09-15 04:46:06.312161,1,,,722.22,4,,0.0,M_exp_W_exp,,,,,,,,,,,0,0,,,299,291,,,,,,,,,,,,,,,,,1,1,"7, 10",3,0.0,0.0,0.0,0.0,0.0,0,0,0,1,1,5,0.0,0.0,1,1,298.0,285.0,160.0,50.0,110.0,50.0,Up,Down,60,100,10,100,55.8743961352657,52.10828025477707,58.87378640776699,52.90384615384615,8,gmregd6v,,,,,0
25,yaickank,,0,587,587,FinalPage,ThankYou,2026-09-15 04:46:06.374332,1,,,444.44,5,,0.0,M_exp_W_exp,,,,,,,,,,,0,0,,,295,285,,,,,,,,,,,,,,,,,1,1,"7, 10",3,0.0,0.0,0.0,0.0,0.0,0,0,0,-1,0,5,0.0,0.0,1,1,298.0,285.0,160.0,50.0,110.0,50.0,Up,Down,60,100,10,100,55.8743961352657,52.10828025477707,58.87378640776699,52.90384615384615,8,gmregd6v,,,,,0
1,fwrj2jat,,0,587,587,FinalPage,ThankYou,2026-09-15 04:46:00.628207,1,,,1222.22,1,,0.0,M_exp_W_exp,,,,,,,,,,,0,0,,,235,45,,,,,,,,,,,,,,,,,1,1,"7, 10",3,0.0,0.0,0.0,0.0,0.0,0,0,0,0,0,1,0.0,0.0,1,0,235.0,45.0,200.0,150.0,150.0,150.0,Up,Up,100,50,50,50,55.8743961352657,52.10828025477707,58.87378640776699,52.90384615384615,9,gmregd6v,,,,,0
2,0vigghqi,,0,587,587,FinalPage,ThankYou,2026-09-15 04:46:02.780536,1,,,1222.22,2,,0.0,M_exp_W_exp,,,,,,,,,,,0,0,,,232,53,,,,,,,,,,,,,,,,,1,1,"7, 10",3,0.0,0.0,0.0,0.0,0.0,0,0,0,-1,1,1,0.0,0.0,1,0,235.0,45.0,200.0,150.0,150.0,150.0,Up,Up,100,50,50,50,55.8743961352657,52.10828025477707,58.87378640776699,52.90384615384615,9,gmregd6v,,,,,0
3,xu6xugdp,,0,587,587,FinalPage,ThankYou,2026-09-15 04:46:02.378175,1,,,1222.22,3,,0.0,M_exp_W_exp,,,,,,,,,,,0,0,,,250,40,,,,,,,,,,,,,,,,,1,1,"7, 10",3,0.0,0.0,0.0,0.0,0.0,0,0,0,1,-1,1,0.0,0.0,1,0,235.0,45.0,200.0,150.0,150.0,150.0,Up,Up,100,50,50,50,55.8743961352657,52.10828025477707,58.87378640776699,52.90384615384615,9,gmregd6v,,,,,0
4,9nn00jux,,0,587,587,FinalPage,ThankYou,2026-09-15 04:46:02.401661,1,,,1333.33,4,,0.0,M_exp_W_exp,,,,,,,,,,,0,0,,,155,47,,,,,,,,,,,,,,,,,1,1,"7, 10",3,0.0,0.0,0.0,0.0,0.0,0,0,0,-1,1,1,0.0,0.0,1,0,235.0,45.0,200.0,150.0,150.0,150.0,Up,Up,100,50,50,50,55.8743961352657,52.10828025477707,58.87378640776699,52.90384615384615,9,gmregd6v,,,,,0
5,d8azp69w,,0,587,587,FinalPage,ThankYou,2026-09-15 04:46:02.475325,1,,,722.22,5,,0.0,M_exp_W_exp,,,,,,,,,,,0,0,,,238,42,,,,,,,,,,,,,,,,,1,1,"7, 10",3,0.0,0.0,0.0,0.0,0.0,0,0,0,1,-1,1,0.0,0.0,1,0,235.0,45.0,200.0,150.0,150.0,150.0,Up,Up,100,50,50,50,55.8743961352657,52.10828025477707,58.87378640776699,52.90384615384615,9,gmregd6v,,,,,0
6,g5ct4rg0,,0,587,587,FinalPage,ThankYou,2026-09-15 04:46:02.961372,1,,,666.67,1,,0.0,M_exp_W_exp,,,,,,,,,,,0,0,,,200,400,,,,,,,,,,,,,,,,,1,1,"7, 10",3,0.0,0.0,0.0,0.0,0.0,0,0,0,-1,1,2,0.0,0.0,1,0,300.0,273.0,160.0,100.0,150.0,175.0,Up,Up,60,0,75,50,55.8743961352657,52.10828025477707,58.87378640776699,52.90384615384615,9,gmregd6v,,,,,0
7,utr109q6,,0,587,587,FinalPage,ThankYou,2026-09-15 04:46:02.583853,1,,,1555.56,2,,0.0,M_exp_W_exp,,,,,,,,,,,0,0,,,300,300,,,,,,,,,,,,,,,,,1,1,"7, 10",3,0.0,0.0,0.0,0.0,0.0,0,0,0,0,1,2,0.0,0.0,1,0,300.0,273.0,160.0,100.0,150.0,175.0,Up,Up,60,0,75,50,55.8743961352657,52.10828025477707,58.87378640776699,52.90384615384615,9,gmregd6v,,,,,0
8,uza1lz8f,,0,587,587,FinalPage,ThankYou,2026-09-15 04:46:03.005757,1,,,333.33,3,,0.0,M_exp_W_exp,,,,,,,,,,,0,0,,,500,10,,,,,,,,,,,,,,,,,1,1,"7, 10",3,0.0,0.0,0.0,0.0,0.0,0,0,0,1,-1,2,0.0,0.0,1,0,300.0,273.0,160.0,100.0,150.0,175.0,Up,Up,60,0,75,50,55.8743961352657,52.10828025477707,58.87378640776699,52.90384615384615,9,gmregd6v,,,,,0
9,3z6ed32t,,0,587,587,FinalPage,ThankYou,2026-09-15 04:46:03.137923,1,,,1277.78,4,,0.0,M_exp_W_exp,,,,,,,,,,,0,0,,,1,273,,,,,,,,,,,,,,,,,1,1,"7, 10",3,0.0,0.0,0.0,0.0,0.0,0,0,0,-1,0,2,0.0,0.0,1,0,300.0,273.0,160.0,100.0,150.0,175.0,Up,Up,60,0,75,50,55.8743961352657,52.10828025477707,58.87378640776699,52.90384615384615,9,gmregd6v,,,,,0
10,pzsakpjx,,0,587,587,FinalPage,ThankYou,2026-09-15 04:46:03.187676,1,,,1333.33,5,,0.0,M_exp_W_exp,,,,,,,,,,,0,0,,,400,200,,,,,,,,,,,,,,,,,1,1,"7, 10",3,0.0,0.0,0.0,0.0,0.0,0,0,0,1,-1,2,0.0,0.0,1,0,300.0,273.0,160.0,100.0,150.0,175.0,Up,Up,60,0,75,50,55.8743961352657,52.10828025477707,58.87378640776699,52.90384615384615,9,gmregd6v,,,,,0
11,h4hoh39u,,0,587,587,FinalPage,ThankYou,2026-09-15 04:46:03.274120,1,,,444.44,1,,0.0,M_exp_W_exp,,,,,,,,,,,0,0,,,180,120,,,,,,,,,,,,,,,,,1,1,"7, 10",3,0.0,0.0,0.0,0.0,0.0,0,0,0,-1,-1,3,0.0,0.0,0,0,201.0,120.0,75.0,50.0,50.0,90.0,Down,Down,50,100,20,100,55.8743961352657,52.10828025477707,58.87378640776699,52.90384615384615,9,gmregd6v,,,,,0
12,jzoxfyc2,,0,587,587,FinalPage,ThankYou,2026-09-15 04:46:03.326008,1,,,500.0,2,,0.0,M_exp_W_exp,,,,,,,,,,,0,0,,,220,120,,,,,,,,,,,,,,,,,1,1,"7, 10",3,0.0,0.0,0.0,0.0,0.0,0,0,0,1,0,3,0.0,0.0,0,0,201.0,120.0,75.0,50.0,50.0,90.0,Down,Down,50,100,20,100,55.8743961352657,52.10828025477707,58.87378640776699,52.90384615384615,9,gmregd6v,,,,,0
13,dqn940v4,,0,587,587,FinalPage,ThankYou,2026-09-15 04:46:03.334007,1,,,555.56,3,,0.0,M_exp_W_exp,,,,,,,,,,,0,0,,,230,140,,,,,,,,,,,,,,,,,1,1,"7, 10",3,0.0,0.0,0.0,0.0,0.0,0,0,0,1,1,3,0.0,0.0,0,0,201.0,120.0,75.0,50.0,50.0,90.0,Down,Down,50,100,20,100,55.8743961352657,52.10828025477707,58.87378640776699,52.90384615384615,9,gmregd6v,,,,,0
14,5l1yk0gm,,0,587,587,FinalPage,ThankYou,2026-09-15 04:46:03.341168,1,,,555.56,4,,0.0,M_exp_W_exp,,,,,,,,,,,0,0,,,25,25,,,,,,,,,,,,,,,,,1,1,"7, 10",3,0.0,0.0,0.0,0.0,0.0,0,0,0,-1,-1,3,0.0,0.0,0,0,201.0,120.0,75.0,50.0,50.0,90.0,Down,Down,50,100,20,100,55.8743961352657,52.10828025477707,58.87378640776699,52.90384615384615,9,gmregd6v,,,,,0
15,3fdg4ref,,0,587,587,FinalPage,ThankYou,2026-09-15 04:46:03.350239,1,,,0.0,5,,0.0,M_exp_W_exp,,,,,,,,,,,0,0,,,201,145,,,,,,,,,,,,,,,,,1,1,"7, 10",3,0.0,0.0,0.0,0.0,0.0,0,0,0,0,1,3,0.0,0.0,0,0,201.0,120.0,75.0,50.0,50.0,90.0,Down,Down,50,100,20,100,55.8743961352657,52.10828025477707,58.87378640776699,52.90384615384615,9,gmregd6v,,,,,0
16,iliayit3,,0,587,587,FinalPage,ThankYou,2026-09-15 04:46:03.416829,1,,,1277.78,1,,0.0,M_exp_W_exp,,,,,,,,,,,0,0,,,400,200,,,,,,,,,,,,,,,,,1,1,"7, 10",3,0.0,0.0,0.0,0.0,0.0,0,0,0,-1,1,4,0.0,0.0,1,1,455.0,145.0,200.0,90.0,175.0,75.0,Up,Down,100,20,75,50,55.8743961352657,52.10828025477707,58.87378640776699,52.90384615384615,9,gmregd6v,,,,,0
17,hpzf5xgg,,0,587,587,FinalPage,ThankYou,2026-09-15 04:46:03.561629,1,,,777.78,2,,0.0,M_exp_W_exp,,,,,,,,,,,0,0,,,455,145,,,,,,,,,,,,,,,,,1,1,"7, 10",3,0.0,0.0,0.0,0.0,0.0,0,0,0,0,0,4,0.0,0.0,1,1,455.0,145.0,200.0,90.0,175.0,75.0,Up,Down,100,20,75,50,55.8743961352657,52.10828025477707,58.87378640776699,52.90384615384615,9,gmregd6v,,,,,0
18,3th28718,,0,587,587,FinalPage,ThankYou,2026-09-15 04:46:05.393109,1,,,722.22,3,,0.0,M_exp_W_exp,,,,,,,,,,,0,0,,,460,140,,,,,,,,,,,,,,,,,1,1,"7, 10",3,0.0,0.0,0.0,0.0,0.0,0,0,0,1,-1,4,0.0,0.0,1,1,455.0,145.0,200.0,90.0,175.0,75.0,Up,Down,100,20,75,50,55.8743961352657,52.10828025477707,58.87378640776699,52.90384615384615,9,gmregd6v,,,,,0
19,hh695q6a,,0,587,587,FinalPage,ThankYou,2026-09-15 04:46:05.412245,1,,,1666.67,4,,0.0,M_exp_W_exp,,,,,,,,,,,0,0,,,440,151,,,,,,,,,,,,,,,,,1,1,"7, 10",3,0.0,0.0,0.0,0.0,0.0,0,0,0,-1,1,4,0.0,0.0,1,1,455.0,145.0,200.0,90.0,175.0,75.0,Up,Down,100,20,75,50,55.8743961352657,52.10828025477707,58.87378640776699,52.90384615384615,9,gmregd6v,,,,,0
20,2w7wmunp,,0,587,587,FinalPage,ThankYou,2026-09-15 04:46:05.631685,1,,,500.0,5,,0.0,M_exp_W_exp,,,,,,,,,,,0,0,,,457,134,,,,,,,,,,,,,,,,,1,1,"7, 10",3,0.0,0.0,0.0,0.0,0.0,0,0,0,1,-1,4,0.0,0.0,1,1,455.0,145.0,200.0,90.0,175.0,75.0,Up,Down,100,20,75,50,55.8743961352657,52.10828025477707,58.87378640776699,52.90384615384615,9,gmregd6v,,,,,0
21,2fon3kdf,,0,587,587,FinalPage,ThankYou,2026-09-15 04:46:05.788969,1,,,1444.44,1,,0.0,M_exp_W_exp,,,,,,,,,,,0,0,,,170,200,,,,,,,,,,,,,,,,,1,1,"7, 10",3,0.0,0.0,0.0,0.0,0.0,0,0,0,-1,-1,5,0.0,0.0,1,1,295.0,281.0,160.0,50.0,110.0,50.0,Up,Down,60,100,10,100,55.8743961352657,52.10828025477707,58.87378640776699,52.90384615384615,9,gmregd6v,,,,,0
22,0vm37wcl,,0,587,587,FinalPage,ThankYou,2026-09-15 04:46:05.953754,1,,,1222.22,2,,0.0,M_exp_W_exp,,,,,,,,,,,0,0,,,250,250,,,,,,,,,,,,,,,,,1,1,"7, 10",3,0.0,0.0,0.0,0.0,0.0,0,0,0,-1,-1,5,0.0,0.0,1,1,295.0,281.0,160.0,50.0,110.0,50.0,Up,Down,60,100,10,100,55.8743961352657,52.10828025477707,58.87378640776699,52.90384615384615,9,gmregd6v,,,,,0
23,9902h2kd,,0,587,587,FinalPage,ThankYou,2026-09-15 04:46:06.025371,1,,,1166.67,3,,0.0,M_exp_W_exp,,,,,,,,,,,0,0,,,297,281,,,,,,,,,,,,,,,,,1,1,"7, 10",3,0.0,0.0,0.0,0.0,0.0,0,0,0,1,0,5,0.0,0.0,1,1,295.0,281.0,160.0,50.0,110.0,50.0,Up,Down,60,100,10,100,55.8743961352657,52.10828025477707,58.87378640776699,52.90384615384615,9,gmregd6v,,,,,0
24,snwy0w01,,0,587,587,FinalPage,ThankYou,2026-09-15 04:46:06.312161,1,,,722.22,4,,0.0,M_exp_W_exp,,,,,,,,,,,0,0,,,300,290,,,,,,,,,,,,,,,,,1,1,"7, 10",3,0.0,0.0,0.0,0.0,0.0,0,0,0,1,1,5,0.0,0.0,1,1,295.0,281.0,160.0,50.0,110.0,50.0,Up,Down,60,100,10,100,55.8743961352657,52.10828025477707,58.87378640776699,52.90384615384615,9,gmregd6v,,,,,0
25,yaickank,,0,587,587,FinalPage,ThankYou,2026-09-15 04:46:06.374332,1,,,444.44,5,,0.0,M_exp_W_exp,,,,,,,,,,,0,0,,,295,283,,,,,,,,,,,,,,,,,1,1,"7, 10",3,0.0,0.0,0.0,0.0,0.0,0,0,0,0,1,5,0.0,0.0,1,1,295.0,281.0,160.0,50.0,110.0,50.0,Up,Down,60,100,10,100,55.8743961352657,52.10828025477707,58.87378640776699,52.90384615384615,9,gmregd6v,,,,,0
1,fwrj2jat,,0,587,587,FinalPage,ThankYou,2026-09-15 04:46:00.628207,1,,,1222.22,1,,0.0,M_exp_W_exp,,,,,,,,,,,0,0,,,245,35,,,,,,,,,,,,,,,,,1,1,"7, 10",3,0.0,0.0,0.0,0.0,0.0,0,0,0,-1,1,1,0.0,0.0,1,0,258.0,34.0,200.0,150.0,150.0,150.0,Up,Up,100,50,50,50,55.8743961352657,52.10828025477707,58.87378640776699,52.90384615384615,10,gmregd6v,,,,,0
2,0vigghqi,,0,587,587,FinalPage,ThankYou,2026-09-15 04:46:02.780536,1,,,1222.22,2,,0.0,M_exp_W_exp,,,,,,,,,,,0,0,,,258,34,,,,,,,,,,,,,,,,,1,1,"7, 10",3,0.0,0.0,0.0,0.0,0.0,0,0,0,0,0,1,0.0,0.0,1,0,258.0,34.0,200.0,150.0,150.0,150.0,Up,Up,100,50,50,50,55.8743961352657,52.10828025477707,58.87378640776699,52.90384615384615,10,gmregd6v,,,,,0
3,xu6xugdp,,0,587,587,FinalPage,ThankYou,2026-09-15 04:46:02.378175,1,,,1222.22,3,,0.0,M_exp_W_exp,,,,,,,,,,,0,0,,,267,40,,,,,,,,,,,,,,,,,1,1,"7, 10",3,0.0,0.0,0.0,0.0,0.0,0,0,0,1,1,1,0.0,0.0,1,0,258.0,34.0,200.0,150.0,150.0,150.0,Up,Up,100,50,50,50,55.8743961352657,52.10828025477707,58.87378640776699,52.90384615384615,10,gmregd6v,,,,,0
4,9nn00jux,,0,587,587,FinalPage,ThankYou,2026-09-15 04:46:02.401661,1,,,1333.33,4,,0.0,M_exp_W_exp,,,,,,,,,,,0,0,,,155,34,,,,,,,,,,,,,,,,,1,1,"7, 10",3,0.0,0.0,0.0,0.0,0.0,0,0,0,-1,-1,1,0.0,0.0,1,0,258.0,34.0,200.0,150.0,150.0,150.0,Up,Up,100,50,50,50,55.8743961352657,52.10828025477707,58.87378640776699,52.90384615384615,10,gmregd6v,,,,,0
5,d8azp69w,,0,587,587,FinalPage,ThankYou,2026-09-15 04:46:02.475325,1,,,722.22,5,,0.0,M_exp_W_exp,,,,,,,,,,,0,0,,,260,30,,,,,,,,,,,,,,,,,1,1,"7, 10",3,0.0,0.0,0.0,0.0,0.0,0,0,0,1,-1,1,0.0,0.0,1,0,258.0,34.0,200.0,150.0,150.0,150.0,Up,Up,100,50,50,50,55.8743961352657,52.10828025477707,58.87378640776699,52.90384615384615,10,gmregd6v,,,,,0
6,g5ct4rg0,,0,587,587,FinalPage,ThankYou,2026-09-15 04:46:02.961372,1,,,666.67,1,,0.0,M_exp_W_exp,,,,,,,,,,,0,0,,,100,500,,,,,,,,,,,,,,,,,1,1,"7, 10",3,0.0,0.0,0.0,0.0,0.0,0,0,0,0,1,2,0.0,0.0,1,0,100.0,319.0,160.0,100.0,150.0,175.0,Up,Up,60,0,75,50,55.8743961352657,52.10828025477707,58.87378640776699,52.90384615384615,10,gmregd6v,,,,,0
7,utr109q6,,0,587,587,FinalPage,ThankYou,2026-09-15 04:46:02.583853,1,,,1555.56,2,,0.0,M_exp_W_exp,,,,,,,,,,,0,0,,,340,260,,,,,,,,,,,,,,,,,1,1,"7, 10",3,0.0,0.0,0.0,0.0,0.0,0,0,0,1,-1,2,0.0,0.0,1,0,100.0,319.0,160.0,100.0,150.0,175.0,Up,Up,60,0,75,50,55.8743961352657,52.10828025477707,58.87378640776699,52.90384615384615,10,gmregd6v,,,,,0
8,uza1lz8f,,0,587,587,FinalPage,ThankYou,2026-09-15 04:46:03.005757,1,,,333.33,3,,0.0,M_exp_W_exp,,,,,,,,,,,0,0,,,10,500,,,,,,,,,,,,,,,,,1,1,"7, 10",3,0.0,0.0,0.0,0.0,0.0,0,0,0,-1,1,2,0.0,0.0,1,0,100.0,319.0,160.0,100.0,150.0,175.0,Up,Up,60,0,75,50,55.8743961352657,52.10828025477707,58.87378640776699,52.90384615384615,10,gmregd6v,,,,,0
9,3z6ed32t,,0,587,587,FinalPage,ThankYou,2026-09-15 04:46:03.137923,1,,,1277.78,4,,0.0,M_exp_W_exp,,,,,,,,,,,0,0,,,1,319,,,,,,,,,,,,,,,,,1,1,"7, 10",3,0.0,0.0,0.0,0.0,0.0,0,0,0,-1,0,2,0.0,0.0,1,0,100.0,319.0,160.0,100.0,150.0,175.0,Up,Up,60,0,75,50,55.8743961352657,52.10828025477707,58.87378640776699,52.90384615384615,10,gmregd6v,,,,,0
10,pzsakpjx,,0,587,587,FinalPage,ThankYou,2026-09-15 04:46:03.187676,1,,,1333.33,5,,0.0,M_exp_W_exp,,,,,,,,,,,0,0,,,325,275,,,,,,,,,,,,,,,,,1,1,"7, 10",3,0.0,0.0,0.0,0.0,0.0,0,0,0,1,-1,2,0.0,0.0,1,0,100.0,319.0,160.0,100.0,150.0,175.0,Up,Up,60,0,75,50,55.8743961352657,52.10828025477707,58.87378640776699,52.90384615384615,10,gmregd6v,,,,,0
11,h4hoh39u,,0,587,587,FinalPage,ThankYou,2026-09-15 04:46:03.274120,1,,,444.44,1,,0.0,M_exp_W_exp,,,,,,,,,,,0,0,,,170,100,,,,,,,,,,,,,,,,,1,1,"7, 10",3,0.0,0.0,0.0,0.0,0.0,0,0,0,0,-1,3,0.0,0.0,0,0,170.0,100.0,75.0,50.0,50.0,90.0,Down,Down,50,100,20,100,55.8743961352657,52.10828025477707,58.87378640776699,52.90384615384615,10,gmregd6v,,,,,0
12,jzoxfyc2,,0,587,587,FinalPage,ThankYou,2026-09-15 04:46:03.326008,1,,,500.0,2,,0.0,M_exp_W_exp,,,,,,,,,,,0,0,,,1,1,,,,,,,,,,,,,,,,,1,1,"7, 10",3,0.0,0.0,0.0,0.0,0.0,0,0,0,-1,-1,3,0.0,0.0,0,0,170.0,100.0,75.0,50.0,50.0,90.0,Down,Down,50,100,20,100,55.8743961352657,52.10828025477707,58.87378640776699,52.90384615384615,10,gmregd6v,,,,,0
13,dqn940v4,,0,587,587,FinalPage,ThankYou,2026-09-15 04:46:03.334007,1,,,555.56,3,,0.0,M_exp_W_exp,,,,,,,,,,,0,0,,,170,100,,,,,,,,,,,,,,,,,1,1,"7, 10",3,0.0,0.0,0.0,0.0,0.0,0,0,0,-1,0,3,0.0,0.0,0,0,170.0,100.0,75.0,50.0,50.0,90.0,Down,Down,50,100,20,100,55.8743961352657,52.10828025477707,58.87378640776699,52.90384615384615,10,gmregd6v,,,,,0
14,5l1yk0gm,,0,587,587,FinalPage,ThankYou,2026-09-15 04:46:03.341168,1,,,555.56,4,,0.0,M_exp_W_exp,,,,,,,,,,,0,0,,,250,150,,,,,,,,,,,,,,,,,1,1,"7, 10",3,0.0,0.0,0.0,0.0,0.0,0,0,0,1,1,3,0.0,0.0,0,0,170.0,100.0,75.0,50.0,50.0,90.0,Down,Down,50,100,20,100,55.8743961352657,52.10828025477707,58.87378640776699,52.90384615384615,10,gmregd6v,,,,,0
15,3fdg4ref,,0,587,587,FinalPage,ThankYou,2026-09-15 04:46:03.350239,1,,,0.0,5,,0.0,M_exp_W_exp,,,,,,,,,,,0,0,,,201,120,,,,,,,,,,,,,,,,,1,1,"7, 10",3,0.0,0.0,0.0,0.0,0.0,0,0,0,1,1,3,0.0,0.0,0,0,170.0,100.0,75.0,50.0,50.0,90.0,Down,Down,50,100,20,100,55.8743961352657,52.10828025477707,58.87378640776699,52.90384615384615,10,gmregd6v,,,,,0
16,iliayit3,,0,587,587,FinalPage,ThankYou,2026-09-15 04:46:03.416829,1,,,1277.78,1,,0.0,M_exp_W_exp,,,,,,,,,,,0,0,,,430,170,,,,,,,,,,,,,,,,,1,1,"7, 10",3,0.0,0.0,0.0,0.0,0.0,0,0,0,-1,1,4,0.0,0.0,1,1,440.0,150.0,200.0,90.0,175.0,75.0,Up,Down,100,20,75,50,55.8743961352657,52.10828025477707,58.87378640776699,52.90384615384615,10,gmregd6v,,,,,0
17,hpzf5xgg,,0,587,587,FinalPage,ThankYou,2026-09-15 04:46:03.561629,1,,,777.78,2,,0.0,M_exp_W_exp,,,,,,,,,,,0,0,,,440,160,,,,,,,,,,,,,,,,,1,1,"7, 10",3,0.0,0.0,0.0,0.0,0.0,0,0,0,0,1,4,0.0,0.0,1,1,440.0,150.0,200.0,90.0,175.0,75.0,Up,Down,100,20,75,50,55.8743961352657,52.10828025477707,58.87378640776699,52.90384615384615,10,gmregd6v,,,,,0
18,3th28718,,0,587,587,FinalPage,ThankYou,2026-09-15 04:46:05.393109,1,,,722.22,3,,0.0,M_exp_W_exp,,,,,,,,,,,0,0,,,460,140,,,,,,,,,,,,,,,,,1,1,"7, 10",3,0.0,0.0,0.0,0.0,0.0,0,0,0,1,-1,4,0.0,0.0,1,1,440.0,150.0,200.0,90.0,175.0,75.0,Up,Down,100,20,75,50,55.8743961352657,52.10828025477707,58.87378640776699,52.90384615384615,10,gmregd6v,,,,,0
19,hh695q6a,,0,587,587,FinalPage,ThankYou,2026-09-15 04:46:05.412245,1,,,1666.67,4,,0.0,M_exp_W_exp,,,,,,,,,,,0,0,,,426,150,,,,,,,,,,,,,,,,,1,1,"7, 10",3,0.0,0.0,0.0,0.0,0.0,0,0,0,-1,0,4,0.0,0.0,1,1,440.0,150.0,200.0,90.0,175.0,75.0,Up,Down,100,20,75,50,55.8743961352657,52.10828025477707,58.87378640776699,52.90384615384615,10,gmregd6v,,,,,0
20,2w7wmunp,,0,587,587,FinalPage,ThankYou,2026-09-15 04:46:05.631685,1,,,500.0,5,,0.0,M_exp_W_exp,,,,,,,,,,,0,0,,,456,140,,,,,,,,,,,,,,,,,1,1,"7, 10",3,0.0,0.0,0.0,0.0,0.0,0,0,0,1,-1,4,0.0,0.0,1,1,440.0,150.0,200.0,90.0,175.0,75.0,Up,Down,100,20,75,50,55.8743961352657,52.10828025477707,58.87378640776699,52.90384615384615,10,gmregd6v,,,,,0
21,2fon3kdf,,0,587,587,FinalPage,ThankYou,2026-09-15 04:46:05.788969,1,,,1444.44,1,,0.0,M_exp_W_exp,,,,,,,,,,,0,0,,,250,270,,,,,,,,,,,,,,,,,1,1,"7, 10",3,0.0,0.0,0.0,0.0,0.0,0,0,0,-1,-1,5,0.0,0.0,1,1,291.0,275.0,160.0,50.0,110.0,50.0,Up,Down,60,100,10,100,55.8743961352657,52.10828025477707,58.87378640776699,52.90384615384615,10,gmregd6v,,,,,0
22,0vm37wcl,,0,587,587,FinalPage,ThankYou,2026-09-15 04:46:05.953754,1,,,1222.22,2,,0.0,M_exp_W_exp,,,,,,,,,,,0,0,,,250,250,,,,,,,,,,,,,,,,,1,1,"7, 10",3,0.0,0.0,0.0,0.0,0.0,0,0,0,-1,-1,5,0.0,0.0,1,1,291.0,275.0,160.0,50.0,110.0,50.0,Up,Down,60,100,10,100,55.8743961352657,52.10828025477707,58.87378640776699,52.90384615384615,10,gmregd6v,,,,,0
23,9902h2kd,,0,587,587,FinalPage,ThankYou,2026-09-15 04:46:06.025371,1,,,1166.67,3,,0.0,M_exp_W_exp,,,,,,,,,,,0,0,,,291,279,,,,,,,,,,,,,,,,,1,1,"7, 10",3,0.0,0.0,0.0,0.0,0.0,0,0,0,0,1,5,0.0,0.0,1,1,291.0,275.0,160.0,50.0,110.0,50.0,Up,Down,60,100,10,100,55.8743961352657,52.10828025477707,58.87378640776699,52.90384615384615,10,gmregd6v,,,,,0
24,snwy0w01,,0,587,587,FinalPage,ThankYou,2026-09-15 04:46:06.312161,1,,,722.22,4,,0.0,M_exp_W_exp,,,,,,,,,,,0,0,,,299,286,,,,,,,,,,,,,,,,,1,1,"7, 10",3,0.0,0.0,0.0,0.0,0.0,0,0,0,1,1,5,0.0,0.0,1,1,291.0,275.0,160.0,50.0,110.0,50.0,Up,Down,60,100,10,100,55.8743961352657,52.10828025477707,58.87378640776699,52.90384615384615,10,gmregd6v,,,,,0
25,yaickank,,0,587,587,FinalPage,ThankYou,2026-09-15 04:46:06.374332,1,,,444.44,5,,0.0,M_exp_W_exp,,,,,,,,,,,0,0,,,293,275,,,,,,,,,,,,,,,,,1,1,"7, 10",3,0.0,0.0,0.0,0.0,0.0,0,0,0,1,0,5,0.0,0.0,1,1,291.0,275.0,160.0,50.0,110.0,50.0,Up,Down,60,100,10,100,55.8743961352657,52.10828025477707,58.87378640776699,52.90384615384615,10,gmregd6v,,,,,0
1,fwrj2jat,,0,587,587,FinalPage,ThankYou,2026-09-15 04:46:00.628207,1,,,1222.22,1,,0.0,M_exp_W_exp,,,,,50,,,,,,0,0,115,115,,,,,,,,,,,65,116.0,55,112.0,65,116.0,53,112.0,1,1,"7, 10",3,0.0,0.0,0.0,0.0,0.0,0,-1,-1,0,0,1,160.0,130.0,1,0,0.0,0.0,200.0,150.0,150.0,150.0,Up,Up,100,50,50,50,55.8743961352657,52.10828025477707,58.87378640776699,52.90384615384615,11,gmregd6v,,,,,0
2,0vigghqi,,0,587,587,FinalPage,ThankYou,2026-09-15 04:46:02.780536,1,,,1222.22,2,,0.0,M_exp_W_exp,,,,,50,,,,,,0,0,116,121,,,,,,,,,,,100,350.0,75,300.0,100,350.0,150,375.0,1,1,"7, 10",3,0.0,0.0,0.0,0.0,0.0,0,-1,-1,0,0,1,160.0,130.0,1,0,0.0,0.0,200.0,150.0,150.0,150.0,Up,Up,100,50,50,50,55.8743961352657,52.10828025477707,58.87378640776699,52.90384615384615,11,gmregd6v,,,,,0
3,xu6xugdp,,0,587,587,FinalPage,ThankYou,2026-09-15 04:46:02.378175,1,,,1222.22,3,,0.0,M_exp_W_exp,,,,,50,,,,,,0,0,200,197,,,,,,,,,,,100,200.0,120,250.0,100,200.0,120,250.0,1,1,"7, 10",3,0.0,0.0,0.0,0.0,0.0,0,1,1,0,0,1,160.0,130.0,1,0,0.0,0.0,200.0,150.0,150.0,150.0,Up,Up,100,50,50,50,55.8743961352657,52.10828025477707,58.87378640776699,52.90384615384615,11,gmregd6v,,,,,0
4,9nn00jux,,0,587,587,FinalPage,ThankYou,2026-09-15 04:46:02.401661,1,,,1333.33,4,,0.0,M_exp_W_exp,,,,,50,,,,,,0,0,160,160,,,,,,,,,,,175,185.0,170,180.0,175,185.0,170,180.0,1,1,"7, 10",3,0.0,0.0,0.0,0.0,0.0,0,0,1,0,0,1,160.0,130.0,1,0,0.0,0.0,200.0,150.0,150.0,150.0,Up,Up,100,50,50,50,55.8743961352657,52.10828025477707,58.87378640776699,52.90384615384615,11,gmregd6v,,,,,0
5,d8azp69w,,0,587,587,FinalPage,ThankYou,2026-09-15 04:46:02.475325,1,,,722.22,5,,0.0,M_exp_W_exp,,,,,50,,,,,,0,0,200,130,,,,,,,,,,,100,300.0,100,300.0,100,300.0,100,300.0,1,1,"7, 10",3,0.0,0.0,0.0,0.0,0.0,0,1,0,0,0,1,160.0,130.0,1,0,0.0,0.0,200.0,150.0,150.0,150.0,Up,Up,100,50,50,50,55.8743961352657,52.10828025477707,58.87378640776699,52.90384615384615,11,gmregd6v,,,,,0
6,g5ct4rg0,,0,587,587,FinalPage,ThankYou,2026-09-15 04:46:02.961372,1,,,666.67,1,,0.0,M_exp_W_exp,,,,,79,,,,,,0,0,300,300,,,,,,,,,,,200,500.0,100,399.0,200,500.0,100,399.0,1,1,"7, 10",3,0.0,0.0,0.0,0.0,0.0,0,-1,1,0,0,2,300.0,300.0,1,0,0.0,0.0,160.0,100.0,150.0,175.0,Up,Up,60,0,75,50,55.8743961352657,52.10828025477707,58.87378640776699,52.90384615384615,11,gmregd6v,,,,,0
7,utr109q6,,0,587,587,FinalPage,ThankYou,2026-09-15 04:46:02.583853,1,,,1555.56,2,,0.0,M_exp_W_exp,,,,,40,,,,,,0,0,300,300,,,,,,,,,,,100,300.0,150,400.0,100,300.0,70,200.0,1,1,"7, 10",3,0.0,0.0,0.0,0.0,0.0,0,1,1,0,0,2,300.0,300.0,1,0,0.0,0.0,160.0,100.0,150.0,175.0,Up,Up,60,0,75,50,55.8743961352657,52.10828025477707,58.87378640776699,52.90384615384615,11,gmregd6v,,,,,0
8,uza1lz8f,,0,587,587,FinalPage,ThankYou,2026-09-15 04:46:03.005757,1,,,333.33,3,,0.0,M_exp_W_exp,,,,,40,,,,,,0,0,300,300,,,,,,,,,,,130,450.0,100,400.0,130,450.0,100,400.0,1,1,"7, 10",3,0.0,0.0,0.0,0.0,0.0,0,0,0,0,0,2,300.0,300.0,1,0,0.0,0.0,160.0,100.0,150.0,175.0,Up,Up,60,0,75,50,55.8743961352657,52.10828025477707,58.87378640776699,52.90384615384615,11,gmregd6v,,,,,0
9,3z6ed32t,,0,587,587,FinalPage,ThankYou,2026-09-15 04:46:03.137923,1,,,1277.78,4,,0.0,M_exp_W_exp,,,,,100,,,,,,0,0,1,299,,,,,,,,,,,100,200.0,101,190.0,100,200.0,99,190.0,1,1,"7, 10",3,0.0,0.0,0.0,0.0,0.0,0,-1,-1,0,0,2,300.0,300.0,1,0,0.0,0.0,160.0,100.0,150.0,175.0,Up,Up,60,0,75,50,55.8743961352657,52.10828025477707,58.87378640776699,52.90384615384615,11,gmregd6v,,,,,0
10,pzsakpjx,,0,587,587,FinalPage,ThankYou,2026-09-15 04:46:03.187676,1,,,1333.33,5,,0.0,M_exp_W_exp,,,,,50,,,,,,0,0,350,250,,,,,,,,,,,150,300.0,150,300.0,150,300.0,150,300.0,1,1,"7, 10",3,0.0,0.0,0.0,0.0,0.0,0,1,-1,0,0,2,300.0,300.0,1,0,0.0,0.0,160.0,100.0,150.0,175.0,Up,Up,60,0,75,50,55.8743961352657,52.10828025477707,58.87378640776699,52.90384615384615,11,gmregd6v,,,,,0
11,h4hoh39u,,0,587,587,FinalPage,ThankYou,2026-09-15 04:46:03.274120,1,,,444.44,1,,0.0,M_exp_W_exp,,,,,55,,,,,,0,0,300,300,,,,,,,,,,,200,500.0,150,475.0,200,500.0,175,500.0,1,1,"7, 10",3,0.0,0.0,0.0,0.0,0.0,0,1,1,0,0,3,290.0,270.0,0,0,0.0,0.0,75.0,50.0,50.0,90.0,Down,Down,50,100,20,100,55.8743961352657,52.10828025477707,58.87378640776699,52.90384615384615,11,gmregd6v,,,,,0
12,jzoxfyc2,,0,587,587,FinalPage,ThankYou,2026-09-15 04:46:03.326008,1,,,500.0,2,,0.0,M_exp_W_exp,,,,,50,,,,,,0,0,300,300,,,,,,,,,,,200,300.0,200,300.0,200,300.0,200,300.0,1,1,"7, 10",3,0.0,0.0,0.0,0.0,0.0,0,1,1,0,0,3,290.0,270.0,0,0,0.0,0.0,75.0,50.0,50.0,90.0,Down,Down,50,100,20,100,55.8743961352657,52.10828025477707,58.87378640776699,52.90384615384615,11,gmregd6v,,,,,0
13,dqn940v4,,0,587,587,FinalPage,ThankYou,2026-09-15 04:46:03.334007,1,,,555.56,3,,0.0,M_exp_W_exp,,,,,40,,,,,,0,0,290,270,,,,,,,,,,,140,450.0,160,500.0,120,430.0,160,500.0,1,1,"7, 10",3,0.0,0.0,0.0,0.0,0.0,0,0,0,0,0,3,290.0,270.0,0,0,0.0,0.0,75.0,50.0,50.0,90.0,Down,Down,50,100,20,100,55.8743961352657,52.10828025477707,58.87378640776699,52.90384615384615,11,gmregd6v,,,,,0
14,5l1yk0gm,,0,587,587,FinalPage,ThankYou,2026-09-15 04:46:03.341168,1,,,555.56,4,,0.0,M_exp_W_exp,,,,,49,,,,,,0,0,100,98,,,,,,,,,,,50,150.0,60,160.0,50,150.0,60,160.0,1,1,"7, 10",3,0.0,0.0,0.0,0.0,0.0,0,-1,-1,0,0,3,290.0,270.0,0,0,0.0,0.0,75.0,50.0,50.0,90.0,Down,Down,50,100,20,100,55.8743961352657,52.10828025477707,58.87378640776699,52.90384615384615,11,gmregd6v,,,,,0
15,3fdg4ref,,0,587,587,FinalPage,ThankYou,2026-09-15 04:46:03.350239,1,,,0.0,5,,0.0,M_exp_W_exp,,,,,40,,,,,,0,0,200,199,,,,,,,,,,,100,250.0,100,250.0,100,250.0,100,250.0,1,1,"7, 10",3,0.0,0.0,0.0,0.0,0.0,0,-1,-1,0,0,3,290.0,270.0,0,0,0.0,0.0,75.0,50.0,50.0,90.0,Down,Down,50,100,20,100,55.8743961352657,52.10828025477707,58.87378640776699,52.90384615384615,11,gmregd6v,,,,,0
16,iliayit3,,0,587,587,FinalPage,ThankYou,2026-09-15 04:46:03.416829,1,,,1277.78,1,,0.0,M_exp_W_exp,,,,,50,,,,,,0,0,275,275,,,,,,,,,,,150,500.0,150,500.0,150,500.0,150,500.0,1,1,"7, 10",3,0.0,0.0,0.0,0.0,0.0,0,-1,0,0,0,4,300.0,275.0,1,1,0.0,0.0,200.0,90.0,175.0,75.0,Up,Down,100,20,75,50,55.8743961352657,52.10828025477707,58.87378640776699,52.90384615384615,11,gmregd6v,,,,,0
17,hpzf5xgg,,0,587,587,FinalPage,ThankYou,2026-09-15 04:46:03.561629,1,,,777.78,2,,0.0,M_exp_W_exp,,,,,69,,,,,,0,0,200,400,,,,,,,,,,,150,450.0,100,400.0,125,400.0,100,400.0,1,1,"7, 10",3,0.0,0.0,0.0,0.0,0.0,0,-1,1,0,0,4,300.0,275.0,1,1,0.0,0.0,200.0,90.0,175.0,75.0,Up,Down,100,20,75,50,55.8743961352657,52.10828025477707,58.87378640776699,52.90384615384615,11,gmregd6v,,,,,0
18,3th28718,,0,587,587,FinalPage,ThankYou,2026-09-15 04:46:05.393109,1,,,722.22,3,,0.0,M_exp_W_exp,,,,,50,,,,,,0,0,500,100,,,,,,,,,,,200,450.0,200,400.0,200,450.0,200,400.0,1,1,"7, 10",3,0.0,0.0,0.0,0.0,0.0,0,1,-1,0,0,4,300.0,275.0,1,1,0.0,0.0,200.0,90.0,175.0,75.0,Up,Down,100,20,75,50,55.8743961352657,52.10828025477707,58.87378640776699,52.90384615384615,11,gmregd6v,,,,,0
19,hh695q6a,,0,587,587,FinalPage,ThankYou,2026-09-15 04:46:05.412245,1,,,1666.67,4,,0.0,M_exp_W_exp,,,,,50,,,,,,0,0,300,300,,,,,,,,,,,100,300.0,100,300.0,100,300.0,100,300.0,1,1,"7, 10",3,0.0,0.0,0.0,0.0,0.0,0,0,1,0,0,4,300.0,275.0,1,1,0.0,0.0,200.0,90.0,175.0,75.0,Up,Down,100,20,75,50,55.8743961352657,52.10828025477707,58.87378640776699,52.90384615384615,11,gmregd6v,,,,,0
20,2w7wmunp,,0,587,587,FinalPage,ThankYou,2026-09-15 04:46:05.631685,1,,,500.0,5,,0.0,M_exp_W_exp,,,,,38,,,,,,0,0,346,246,,,,,,,,,,,124,456.0,128,576.0,125,564.0,175,357.0,1,1,"7, 10",3,0.0,0.0,0.0,0.0,0.0,0,1,-1,0,0,4,300.0,275.0,1,1,0.0,0.0,200.0,90.0,175.0,75.0,Up,Down,100,20,75,50,55.8743961352657,52.10828025477707,58.87378640776699,52.90384615384615,11,gmregd6v,,,,,0
21,2fon3kdf,,0,587,587,FinalPage,ThankYou,2026-09-15 04:46:05.788969,1,,,1444.44,1,,0.0,M_exp_W_exp,,,,,40,,,,,,0,0,302,298,,,,,,,,,,,50,500.0,100,300.0,150,500.0,100,300.0,1,1,"7, 10",3,0.0,0.0,0.0,0.0,0.0,0,1,0,0,0,5,300.0,298.0,1,1,0.0,0.0,160.0,50.0,110.0,50.0,Up,Down,60,100,10,100,55.8743961352657,52.10828025477707,58.87378640776699,52.90384615384615,11,gmregd6v,,,,,0
22,0vm37wcl,,0,587,587,FinalPage,ThankYou,2026-09-15 04:46:05.953754,1,,,1222.22,2,,0.0,M_exp_W_exp,,,,,50,,,,,,0,0,300,300,,,,,,,,,,,200,500.0,200,600.0,200,500.0,200,600.0,1,1,"7, 10",3,0.0,0.0,0.0,0.0,0.0,0,1,1,0,0,5,300.0,298.0,1,1,0.0,0.0,160.0,50.0,110.0,50.0,Up,Down,60,100,10,100,55.8743961352657,52.10828025477707,58.87378640776699,52.90384615384615,11,gmregd6v,,,,,0
23,9902h2kd,,0,587,587,FinalPage,ThankYou,2026-09-15 04:46:06.025371,1,,,1166.67,3,,0.0,M_exp_W_exp,,,,,10,,,,,,0,0,299,250,,,,,,,,,,,140,300.0,140,300.0,60,280.0,60,280.0,1,1,"7, 10",3,0.0,0.0,0.0,0.0,0.0,0,-1,-1,0,0,5,300.0,298.0,1,1,0.0,0.0,160.0,50.0,110.0,50.0,Up,Down,60,100,10,100,55.8743961352657,52.10828025477707,58.87378640776699,52.90384615384615,11,gmregd6v,,,,,0
24,snwy0w01,,0,587,587,FinalPage,ThankYou,2026-09-15 04:46:06.312161,1,,,722.22,4,,0.0,M_exp_W_exp,,,,,50,,,,,,0,0,300,300,,,,,,,,,,,150,300.0,150,300.0,150,300.0,150,300.0,1,1,"7, 10",3,0.0,0.0,0.0,0.0,0.0,0,0,1,0,0,5,300.0,298.0,1,1,0.0,0.0,160.0,50.0,110.0,50.0,Up,Down,60,100,10,100,55.8743961352657,52.10828025477707,58.87378640776699,52.90384615384615,11,gmregd6v,,,,,0
25,yaickank,,0,587,587,FinalPage,ThankYou,2026-09-15 04:46:06.374332,1,,,444.44,5,,0.0,M_exp_W_exp,,,,,55,,,,,,0,0,280,295,,,,,,,,,,,180,295.0,168,300.0,174,300.0,170,300.0,1,1,"7, 10",3,0.0,0.0,0.0,0.0,0.0,0,-1,-1,0,0,5,300.0,298.0,1,1,0.0,0.0,160.0,50.0,110.0,50.0,Up,Down,60,100,10,100,55.8743961352657,52.10828025477707,58.87378640776699,52.90384615384615,11,gmregd6v,,,,,0
1,fwrj2jat,,0,587,587,FinalPage,ThankYou,2026-09-15 04:46:00.628207,1,,,1222.22,1,,0.0,M_exp_W_exp,,,,,,,,,,,0,0,115,115,,,,,,,,,,,,,,,,,,,1,1,"7, 10",3,0.0,0.0,0.0,0.0,0.0,0,-1,-1,0,0,1,180.0,137.0,1,0,0.0,0.0,200.0,150.0,150.0,150.0,Up,Up,100,50,50,50,55.8743961352657,52.10828025477707,58.87378640776699,52.90384615384615,12,gmregd6v,,,,,0
2,0vigghqi,,0,587,587,FinalPage,ThankYou,2026-09-15 04:46:02.780536,1,,,1222.22,2,,0.0,M_exp_W_exp,,,,,,,,,,,0,0,172,137,,,,,,,,,,,,,,,,,,,1,1,"7, 10",3,0.0,0.0,0.0,0.0,0.0,0,-1,0,0,0,1,180.0,137.0,1,0,0.0,0.0,200.0,150.0,150.0,150.0,Up,Up,100,50,50,50,55.8743961352657,52.10828025477707,58.87378640776699,52.90384615384615,12,gmregd6v,,,,,0
3,xu6xugdp,,0,587,587,FinalPage,ThankYou,2026-09-15 04:46:02.378175,1,,,1222.22,3,,0.0,M_exp_W_exp,,,,,,,,,,,0,0,200,200,,,,,,,,,,,,,,,,,,,1,1,"7, 10",3,0.0,0.0,0.0,0.0,0.0,0,1,1,0,0,1,180.0,137.0,1,0,0.0,0.0,200.0,150.0,150.0,150.0,Up,Up,100,50,50,50,55.8743961352657,52.10828025477707,58.87378640776699,52.90384615384615,12,gmregd6v,,,,,0
4,9nn00jux,,0,587,587,FinalPage,ThankYou,2026-09-15 04:46:02.401661,1,,,1333.33,4,,0.0,M_exp_W_exp,,,,,,,,,,,0,0,180,180,,,,,,,,,,,,,,,,,,,1,1,"7, 10",3,0.0,0.0,0.0,0.0,0.0,0,0,1,0,0,1,180.0,137.0,1,0,0.0,0.0,200.0,150.0,150.0,150.0,Up,Up,100,50,50,50,55.8743961352657,52.10828025477707,58.87378640776699,52.90384615384615,12,gmregd6v,,,,,0
5,d8azp69w,,0,587,587,FinalPage,ThankYou,2026-09-15 04:46:02.475325,1,,,722.22,5,,0.0,M_exp_W_exp,,,,,,,,,,,0,0,190,100,,,,,,,,,,,,,,,,,,,1,1,"7, 10",3,0.0,0.0,0.0,0.0,0.0,0,1,-1,0,0,1,180.0,137.0,1,0,0.0,0.0,200.0,150.0,150.0,150.0,Up,Up,100,50,50,50,55.8743961352657,52.10828025477707,58.87378640776699,52.90384615384615,12,gmregd6v,,,,,0
6,g5ct4rg0,,0,587,587,FinalPage,ThankYou,2026-09-15 04:46:02.961372,1,,,666.67,1,,0.0,M_exp_W_exp,,,,,,,,,,,0,0,400,200,,,,,,,,,,,,,,,,,,,1,1,"7, 10",3,0.0,0.0,0.0,0.0,0.0,0,1,-1,0,0,2,315.0,285.0,1,0,0.0,0.0,160.0,100.0,150.0,175.0,Up,Up,60,0,75,50,55.8743961352657,52.10828025477707,58.87378640776699,52.90384615384615,12,gmregd6v,,,,,0
7,utr109q6,,0,587,587,FinalPage,ThankYou,2026-09-15 04:46:02.583853,1,,,1555.56,2,,0.0,M_exp_W_exp,,,,,,,,,,,0,0,350,250,,,,,,,,,,,,,,,,,,,1,1,"7, 10",3,0.0,0.0,0.0,0.0,0.0,0,1,-1,0,0,2,315.0,285.0,1,0,0.0,0.0,160.0,100.0,150.0,175.0,Up,Up,60,0,75,50,55.8743961352657,52.10828025477707,58.87378640776699,52.90384615384615,12,gmregd6v,,,,,0
8,uza1lz8f,,0,587,587,FinalPage,ThankYou,2026-09-15 04:46:03.005757,1,,,333.33,3,,0.0,M_exp_W_exp,,,,,,,,,,,0,0,20,500,,,,,,,,,,,,,,,,,,,1,1,"7, 10",3,0.0,0.0,0.0,0.0,0.0,0,-1,1,0,0,2,315.0,285.0,1,0,0.0,0.0,160.0,100.0,150.0,175.0,Up,Up,60,0,75,50,55.8743961352657,52.10828025477707,58.87378640776699,52.90384615384615,12,gmregd6v,,,,,0
9,3z6ed32t,,0,587,587,FinalPage,ThankYou,2026-09-15 04:46:03.137923,1,,,1277.78,4,,0.0,M_exp_W_exp,,,,,,,,,,,0,0,1,351,,,,,,,,,,,,,,,,,,,1,1,"7, 10",3,0.0,0.0,0.0,0.0,0.0,0,-1,1,0,0,2,315.0,285.0,1,0,0.0,0.0,160.0,100.0,150.0,175.0,Up,Up,60,0,75,50,55.8743961352657,52.10828025477707,58.87378640776699,52.90384615384615,12,gmregd6v,,,,,0
10,pzsakpjx,,0,587,587,FinalPage,ThankYou,2026-09-15 04:46:03.187676,1,,,1333.33,5,,0.0,M_exp_W_exp,,,,,,,,,,,0,0,315,285,,,,,,,,,,,,,,,,,,,1,1,"7, 10",3,0.0,0.0,0.0,0.0,0.0,0,0,0,0,0,2,315.0,285.0,1,0,0.0,0.0,160.0,100.0,150.0,175.0,Up,Up,60,0,75,50,55.8743961352657,52.10828025477707,58.87378640776699,52.90384615384615,12,gmregd6v,,,,,0
11,h4hoh39u,,0,587,587,FinalPage,ThankYou,2026-09-15 04:46:03.274120,1,,,444.44,1,,0.0,M_exp_W_exp,,,,,,,,,,,0,0,240,250,,,,,,,,,,,,,,,,,,,1,1,"7, 10",3,0.0,0.0,0.0,0.0,0.0,0,0,0,0,0,3,240.0,250.0,0,0,0.0,0.0,75.0,50.0,50.0,90.0,Down,Down,50,100,20,100,55.8743961352657,52.10828025477707,58.87378640776699,52.90384615384615,12,gmregd6v,,,,,0
12,jzoxfyc2,,0,587,587,FinalPage,ThankYou,2026-09-15 04:46:03.326008,1,,,500.0,2,,0.0,M_exp_W_exp,,,,,,,,,,,0,0,350,250,,,,,,,,,,,,,,,,,,,1,1,"7, 10",3,0.0,0.0,0.0,0.0,0.0,0,1,1,0,0,3,240.0,250.0,0,0,0.0,0.0,75.0,50.0,50.0,90.0,Down,Down,50,100,20,100,55.8743961352657,52.10828025477707,58.87378640776699,52.90384615384615,12,gmregd6v,,,,,0
13,dqn940v4,,0,587,587,FinalPage,ThankYou,2026-09-15 04:46:03.334007,1,,,555.56,3,,0.0,M_exp_W_exp,,,,,,,,,,,0,0,290,290,,,,,,,,,,,,,,,,,,,1,1,"7, 10",3,0.0,0.0,0.0,0.0,0.0,0,1,1,0,0,3,240.0,250.0,0,0,0.0,0.0,75.0,50.0,50.0,90.0,Down,Down,50,100,20,100,55.8743961352657,52.10828025477707,58.87378640776699,52.90384615384615,12,gmregd6v,,,,,0
14,5l1yk0gm,,0,587,587,FinalPage,ThankYou,2026-09-15 04:46:03.341168,1,,,555.56,4,,0.0,M_exp_W_exp,,,,,,,,,,,0,0,200,200,,,,,,,,,,,,,,,,,,,1,1,"7, 10",3,0.0,0.0,0.0,0.0,0.0,0,-1,-1,0,0,3,240.0,250.0,0,0,0.0,0.0,75.0,50.0,50.0,90.0,Down,Down,50,100,20,100,55.8743961352657,52.10828025477707,58.87378640776699,52.90384615384615,12,gmregd6v,,,,,0
15,3fdg4ref,,0,587,587,FinalPage,ThankYou,2026-09-15 04:46:03.350239,1,,,0.0,5,,0.0,M_exp_W_exp,,,,,,,,,,,0,0,200,200,,,,,,,,,,,,,,,,,,,1,1,"7, 10",3,0.0,0.0,0.0,0.0,0.0,0,-1,-1,0,0,3,240.0,250.0,0,0,0.0,0.0,75.0,50.0,50.0,90.0,Down,Down,50,100,20,100,55.8743961352657,52.10828025477707,58.87378640776699,52.90384615384615,12,gmregd6v,,,,,0
16,iliayit3,,0,587,587,FinalPage,ThankYou,2026-09-15 04:46:03.416829,1,,,1277.78,1,,0.0,M_exp_W_exp,,,,,,,,,,,0,0,275,250,,,,,,,,,,,,,,,,,,,1,1,"7, 10",3,0.0,0.0,0.0,0.0,0.0,0,0,-1,0,0,4,275.0,297.0,1,1,0.0,0.0,200.0,90.0,175.0,75.0,Up,Down,100,20,75,50,55.8743961352657,52.10828025477707,58.87378640776699,52.90384615384615,12,gmregd6v,,,,,0
17,hpzf5xgg,,0,587,587,FinalPage,ThankYou,2026-09-15 04:46:03.561629,1,,,777.78,2,,0.0,M_exp_W_exp,,,,,,,,,,,0,0,270,330,,,,,,,,,,,,,,,,,,,1,1,"7, 10",3,0.0,0.0,0.0,0.0,0.0,0,-1,1,0,0,4,275.0,297.0,1,1,0.0,0.0,200.0,90.0,175.0,75.0,Up,Down,100,20,75,50,55.8743961352657,52.10828025477707,58.87378640776699,52.90384615384615,12,gmregd6v,,,,,0
18,3th28718,,0,587,587,FinalPage,ThankYou,2026-09-15 04:46:05.393109,1,,,722.22,3,,0.0,M_exp_W_exp,,,,,,,,,,,0,0,300,297,,,,,,,,,,,,,,,,,,,1,1,"7, 10",3,0.0,0.0,0.0,0.0,0.0,0,1,0,0,0,4,275.0,297.0,1,1,0.0,0.0,200.0,90.0,175.0,75.0,Up,Down,100,20,75,50,55.8743961352657,52.10828025477707,58.87378640776699,52.90384615384615,12,gmregd6v,,,,,0
19,hh695q6a,,0,587,587,FinalPage,ThankYou,2026-09-15 04:46:05.412245,1,,,1666.67,4,,0.0,M_exp_W_exp,,,,,,,,,,,0,0,300,280,,,,,,,,,,,,,,,,,,,1,1,"7, 10",3,0.0,0.0,0.0,0.0,0.0,0,1,-1,0,0,4,275.0,297.0,1,1,0.0,0.0,200.0,90.0,175.0,75.0,Up,Down,100,20,75,50,55.8743961352657,52.10828025477707,58.87378640776699,52.90384615384615,12,gmregd6v,,,,,0
20,2w7wmunp,,0,587,587,FinalPage,ThankYou,2026-09-15 04:46:05.631685,1,,,500.0,5,,0.0,M_exp_W_exp,,,,,,,,,,,0,0,134,345,,,,,,,,,,,,,,,,,,,1,1,"7, 10",3,0.0,0.0,0.0,0.0,0.0,0,-1,1,0,0,4,275.0,297.0,1,1,0.0,0.0,200.0,90.0,175.0,75.0,Up,Down,100,20,75,50,55.8743961352657,52.10828025477707,58.87378640776699,52.90384615384615,12,gmregd6v,,,,,0
21,2fon3kdf,,0,587,587,FinalPage,ThankYou,2026-09-15 04:46:05.788969,1,,,1444.44,1,,0.0,M_exp_W_exp,,,,,,,,,,,0,0,195,193,,,,,,,,,,,,,,,,,,,1,1,"7, 10",3,0.0,0.0,0.0,0.0,0.0,0,-1,-1,0,0,5,298.0,299.0,1,1,0.0,0.0,160.0,50.0,110.0,50.0,Up,Down,60,100,10,100,55.8743961352657,52.10828025477707,58.87378640776699,52.90384615384615,12,gmregd6v,,,,,0
22,0vm37wcl,,0,587,587,FinalPage,ThankYou,2026-09-15 04:46:05.953754,1,,,1222.22,2,,0.0,M_exp_W_exp,,,,,,,,,,,0,0,300,300,,,,,,,,,,,,,,,,,,,1,1,"7, 10",3,0.0,0.0,0.0,0.0,0.0,0,1,1,0,0,5,298.0,299.0,1,1,0.0,0.0,160.0,50.0,110.0,50.0,Up,Down,60,100,10,100,55.8743961352657,52.10828025477707,58.87378640776699,52.90384615384615,12,gmregd6v,,,,,0
23,9902h2kd,,0,587,587,FinalPage,ThankYou,2026-09-15 04:46:06.025371,1,,,1166.67,3,,0.0,M_exp_W_exp,,,,,,,,,,,0,0,298,280,,,,,,,,,,,,,,,,,,,1,1,"7, 10",3,0.0,0.0,0.0,0.0,0.0,0,0,-1,0,0,5,298.0,299.0,1,1,0.0,0.0,160.0,50.0,110.0,50.0,Up,Down,60,100,10,100,55.8743961352657,52.10828025477707,58.87378640776699,52.90384615384615,12,gmregd6v,,,,,0
24,snwy0w01,,0,587,587,FinalPage,ThankYou,2026-09-15 04:46:06.312161,1,,,722.22,4,,0.0,M_exp_W_exp,,,,,,,,,,,0,0,301,299,,,,,,,,,,,,,,,,,,,1,1,"7, 10",3,0.0,0.0,0.0,0.0,0.0,0,1,0,0,0,5,298.0,299.0,1,1,0.0,0.0,160.0,50.0,110.0,50.0,Up,Down,60,100,10,100,55.8743961352657,52.10828025477707,58.87378640776699,52.90384615384615,12,gmregd6v,,,,,0
25,yaickank,,0,587,587,FinalPage,ThankYou,2026-09-15 04:46:06.374332,1,,,444.44,5,,0.0,M_exp_W_exp,,,,,,,,,,,0,0,296,300,,,,,,,,,,,,,,,,,,,1,1,"7, 10",3,0.0,0.0,0.0,0.0,0.0,0,-1,1,0,0,5,298.0,299.0,1,1,0.0,0.0,160.0,50.0,110.0,50.0,Up,Down,60,100,10,100,55.8743961352657,52.10828025477707,58.87378640776699,52.90384615384615,12,gmregd6v,,,,,0
1,fwrj2jat,,0,587,587,FinalPage,ThankYou,2026-09-15 04:46:00.628207,1,,,1222.22,1,,0.0,M_exp_W_exp,,,,,,,,,,,0,0,115,115,,,,,,,,,,,,,,,,,,,1,1,"7, 10",3,0.0,0.0,0.0,0.0,0.0,0,-1,-1,0,0,1,198.0,150.0,1,0,0.0,0.0,200.0,150.0,150.0,150.0,Up,Up,100,50,50,50,55.8743961352657,52.10828025477707,58.87378640776699,52.90384615384615,13,gmregd6v,,,,,0
2,0vigghqi,,0,587,587,FinalPage,ThankYou,2026-09-15 04:46:02.780536,1,,,1222.22,2,,0.0,M_exp_W_exp,,,,,,,,,,,0,0,198,145,,,,,,,,,,,,,,,,,,,1,1,"7, 10",3,0.0,0.0,0.0,0.0,0.0,0,0,-1,0,0,1,198.0,150.0,1,0,0.0,0.0,200.0,150.0,150.0,150.0,Up,Up,100,50,50,50,55.8743961352657,52.10828025477707,58.87378640776699,52.90384615384615,13,gmregd6v,,,,,0
3,xu6xugdp,,0,587,587,FinalPage,ThankYou,2026-09-15 04:46:02.378175,1,,,1222.22,3,,0.0,M_exp_W_exp,,,,,,,,,,,0,0,202,150,,,,,,,,,,,,,,,,,,,1,1,"7, 10",3,0.0,0.0,0.0,0.0,0.0,0,1,0,0,0,1,198.0,150.0,1,0,0.0,0.0,200.0,150.0,150.0,150.0,Up,Up,100,50,50,50,55.8743961352657,52.10828025477707,58.87378640776699,52.90384615384615,13,gmregd6v,,,,,0
4,9nn00jux,,0,587,587,FinalPage,ThankYou,2026-09-15 04:46:02.401661,1,,,1333.33,4,,0.0,M_exp_W_exp,,,,,,,,,,,0,0,197,150,,,,,,,,,,,,,,,,,,,1,1,"7, 10",3,0.0,0.0,0.0,0.0,0.0,0,-1,1,0,0,1,198.0,150.0,1,0,0.0,0.0,200.0,150.0,150.0,150.0,Up,Up,100,50,50,50,55.8743961352657,52.10828025477707,58.87378640776699,52.90384615384615,13,gmregd6v,,,,,0
5,d8azp69w,,0,587,587,FinalPage,ThankYou,2026-09-15 04:46:02.475325,1,,,722.22,5,,0.0,M_exp_W_exp,,,,,,,,,,,0,0,210,150,,,,,,,,,,,,,,,,,,,1,1,"7, 10",3,0.0,0.0,0.0,0.0,0.0,0,1,1,0,0,1,198.0,150.0,1,0,0.0,0.0,200.0,150.0,150.0,150.0,Up,Up,100,50,50,50,55.8743961352657,52.10828025477707,58.87378640776699,52.90384615384615,13,gmregd6v,,,,,0
6,g5ct4rg0,,0,587,587,FinalPage,ThankYou,2026-09-15 04:46:02.961372,1,,,666.67,1,,0.0,M_exp_W_exp,,,,,,,,,,,0,0,390,210,,,,,,,,,,,,,,,,,,,1,1,"7, 10",3,0.0,0.0,0.0,0.0,0.0,0,1,-1,0,0,2,350.0,250.0,1,0,0.0,0.0,160.0,100.0,150.0,175.0,Up,Up,60,0,75,50,55.8743961352657,52.10828025477707,58.87378640776699,52.90384615384615,13,gmregd6v,,,,,0
7,utr109q6,,0,587,587,FinalPage,ThankYou,2026-09-15 04:46:02.583853,1,,,1555.56,2,,0.0,M_exp_W_exp,,,,,,,,,,,0,0,350,250,,,,,,,,,,,,,,,,,,,1,1,"7, 10",3,0.0,0.0,0.0,0.0,0.0,0,0,0,0,0,2,350.0,250.0,1,0,0.0,0.0,160.0,100.0,150.0,175.0,Up,Up,60,0,75,50,55.8743961352657,52.10828025477707,58.87378640776699,52.90384615384615,13,gmregd6v,,,,,0
8,uza1lz8f,,0,587,587,FinalPage,ThankYou,2026-09-15 04:46:03.005757,1,,,333.33,3,,0.0,M_exp_W_exp,,,,,,,,,,,0,0,500,20,,,,,,,,,,,,,,,,,,,1,1,"7, 10",3,0.0,0.0,0.0,0.0,0.0,0,1,-1,0,0,2,350.0,250.0,1,0,0.0,0.0,160.0,100.0,150.0,175.0,Up,Up,60,0,75,50,55.8743961352657,52.10828025477707,58.87378640776699,52.90384615384615,13,gmregd6v,,,,,0
9,3z6ed32t,,0,587,587,FinalPage,ThankYou,2026-09-15 04:46:03.137923,1,,,1277.78,4,,0.0,M_exp_W_exp,,,,,,,,,,,0,0,1,301,,,,,,,,,,,,,,,,,,,1,1,"7, 10",3,0.0,0.0,0.0,0.0,0.0,0,-1,1,0,0,2,350.0,250.0,1,0,0.0,0.0,160.0,100.0,150.0,175.0,Up,Up,60,0,75,50,55.8743961352657,52.10828025477707,58.87378640776699,52.90384615384615,13,gmregd6v,,,,,0
10,pzsakpjx,,0,587,587,FinalPage,ThankYou,2026-09-15 04:46:03.187676,1,,,1333.33,5,,0.0,M_exp_W_exp,,,,,,,,,,,0,0,331,265,,,,,,,,,,,,,,,,,,,1,1,"7, 10",3,0.0,0.0,0.0,0.0,0.0,0,-1,1,0,0,2,350.0,250.0,1,0,0.0,0.0,160.0,100.0,150.0,175.0,Up,Up,60,0,75,50,55.8743961352657,52.10828025477707,58.87378640776699,52.90384615384615,13,gmregd6v,,,,,0
11,h4hoh39u,,0,587,587,FinalPage,ThankYou,2026-09-15 04:46:03.274120,1,,,444.44,1,,0.0,M_exp_W_exp,,,,,,,,,,,0,0,200,200,,,,,,,,,,,,,,,,,,,1,1,"7, 10",3,0.0,0.0,0.0,0.0,0.0,0,-1,-1,0,0,3,220.0,200.0,0,0,0.0,0.0,75.0,50.0,50.0,90.0,Down,Down,50,100,20,100,55.8743961352657,52.10828025477707,58.87378640776699,52.90384615384615,13,gmregd6v,,,,,0
12,jzoxfyc2,,0,587,587,FinalPage,ThankYou,2026-09-15 04:46:03.326008,1,,,500.0,2,,0.0,M_exp_W_exp,,,,,,,,,,,0,0,599,1,,,,,,,,,,,,,,,,,,,1,1,"7, 10",3,0.0,0.0,0.0,0.0,0.0,0,1,-1,0,0,3,220.0,200.0,0,0,0.0,0.0,75.0,50.0,50.0,90.0,Down,Down,50,100,20,100,55.8743961352657,52.10828025477707,58.87378640776699,52.90384615384615,13,gmregd6v,,,,,0
13,dqn940v4,,0,587,587,FinalPage,ThankYou,2026-09-15 04:46:03.334007,1,,,555.56,3,,0.0,M_exp_W_exp,,,,,,,,,,,0,0,220,220,,,,,,,,,,,,,,,,,,,1,1,"7, 10",3,0.0,0.0,0.0,0.0,0.0,0,-1,1,0,0,3,220.0,200.0,0,0,0.0,0.0,75.0,50.0,50.0,90.0,Down,Down,50,100,20,100,55.8743961352657,52.10828025477707,58.87378640776699,52.90384615384615,13,gmregd6v,,,,,0
14,5l1yk0gm,,0,587,587,FinalPage,ThankYou,2026-09-15 04:46:03.341168,1,,,555.56,4,,0.0,M_exp_W_exp,,,,,,,,,,,0,0,300,300,,,,,,,,,,,,,,,,,,,1,1,"7, 10",3,0.0,0.0,0.0,0.0,0.0,0,1,1,0,0,3,220.0,200.0,0,0,0.0,0.0,75.0,50.0,50.0,90.0,Down,Down,50,100,20,100,55.8743961352657,52.10828025477707,58.87378640776699,52.90384615384615,13,gmregd6v,,,,,0
15,3fdg4ref,,0,587,587,FinalPage,ThankYou,2026-09-15 04:46:03.350239,1,,,0.0,5,,0.0,M_exp_W_exp,,,,,,,,,,,0,0,220,200,,,,,,,,,,,,,,,,,,,1,1,"7, 10",3,0.0,0.0,0.0,0.0,0.0,0,0,0,0,0,3,220.0,200.0,0,0,0.0,0.0,75.0,50.0,50.0,90.0,Down,Down,50,100,20,100,55.8743961352657,52.10828025477707,58.87378640776699,52.90384615384615,13,gmregd6v,,,,,0
16,iliayit3,,0,587,587,FinalPage,ThankYou,2026-09-15 04:46:03.416829,1,,,1277.78,1,,0.0,M_exp_W_exp,,,,,,,,,,,0,0,270,280,,,,,,,,,,,,,,,,,,,1,1,"7, 10",3,0.0,0.0,0.0,0.0,0.0,0,-1,0,0,0,4,300.0,280.0,1,1,0.0,0.0,200.0,90.0,175.0,75.0,Up,Down,100,20,75,50,55.8743961352657,52.10828025477707,58.87378640776699,52.90384615384615,13,gmregd6v,,,,,0
17,hpzf5xgg,,0,587,587,FinalPage,ThankYou,2026-09-15 04:46:03.561629,1,,,777.78,2,,0.0,M_exp_W_exp,,,,,,,,,,,0,0,300,300,,,,,,,,,,,,,,,,,,,1,1,"7, 10",3,0.0,0.0,0.0,0.0,0.0,0,1,1,0,0,4,300.0,280.0,1,1,0.0,0.0,200.0,90.0,175.0,75.0,Up,Down,100,20,75,50,55.8743961352657,52.10828025477707,58.87378640776699,52.90384615384615,13,gmregd6v,,,,,0
18,3th28718,,0,587,587,FinalPage,ThankYou,2026-09-15 04:46:05.393109,1,,,722.22,3,,0.0,M_exp_W_exp,,,,,,,,,,,0,0,300,275,,,,,,,,,,,,,,,,,,,1,1,"7, 10",3,0.0,0.0,0.0,0.0,0.0,0,0,-1,0,0,4,300.0,280.0,1,1,0.0,0.0,200.0,90.0,175.0,75.0,Up,Down,100,20,75,50,55.8743961352657,52.10828025477707,58.87378640776699,52.90384615384615,13,gmregd6v,,,,,0
19,hh695q6a,,0,587,587,FinalPage,ThankYou,2026-09-15 04:46:05.412245,1,,,1666.67,4,,0.0,M_exp_W_exp,,,,,,,,,,,0,0,300,300,,,,,,,,,,,,,,,,,,,1,1,"7, 10",3,0.0,0.0,0.0,0.0,0.0,0,1,1,0,0,4,300.0,280.0,1,1,0.0,0.0,200.0,90.0,175.0,75.0,Up,Down,100,20,75,50,55.8743961352657,52.10828025477707,58.87378640776699,52.90384615384615,13,gmregd6v,,,,,0
20,2w7wmunp,,0,587,587,FinalPage,ThankYou,2026-09-15 04:46:05.631685,1,,,500.0,5,,0.0,M_exp_W_exp,,,,,,,,,,,0,0,264,270,,,,,,,,,,,,,,,,,,,1,1,"7, 10",3,0.0,0.0,0.0,0.0,0.0,0,-1,-1,0,0,4,300.0,280.0,1,1,0.0,0.0,200.0,90.0,175.0,75.0,Up,Down,100,20,75,50,55.8743961352657,52.10828025477707,58.87378640776699,52.90384615384615,13,gmregd6v,,,,,0
21,2fon3kdf,,0,587,587,FinalPage,ThankYou,2026-09-15 04:46:05.788969,1,,,1444.44,1,,0.0,M_exp_W_exp,,,,,,,,,,,0,0,231,232,,,,,,,,,,,,,,,,,,,1,1,"7, 10",3,0.0,0.0,0.0,0.0,0.0,0,-1,-1,0,0,5,293.0,289.0,1,1,0.0,0.0,160.0,50.0,110.0,50.0,Up,Down,60,100,10,100,55.8743961352657,52.10828025477707,58.87378640776699,52.90384615384615,13,gmregd6v,,,,,0
22,0vm37wcl,,0,587,587,FinalPage,ThankYou,2026-09-15 04:46:05.953754,1,,,1222.22,2,,0.0,M_exp_W_exp,,,,,,,,,,,0,0,200,200,,,,,,,,,,,,,,,,,,,1,1,"7, 10",3,0.0,0.0,0.0,0.0,0.0,0,-1,-1,0,0,5,293.0,289.0,1,1,0.0,0.0,160.0,50.0,110.0,50.0,Up,Down,60,100,10,100,55.8743961352657,52.10828025477707,58.87378640776699,52.90384615384615,13,gmregd6v,,,,,0
23,9902h2kd,,0,587,587,FinalPage,ThankYou,2026-09-15 04:46:06.025371,1,,,1166.67,3,,0.0,M_exp_W_exp,,,,,,,,,,,0,0,297,289,,,,,,,,,,,,,,,,,,,1,1,"7, 10",3,0.0,0.0,0.0,0.0,0.0,0,1,0,0,0,5,293.0,289.0,1,1,0.0,0.0,160.0,50.0,110.0,50.0,Up,Down,60,100,10,100,55.8743961352657,52.10828025477707,58.87378640776699,52.90384615384615,13,gmregd6v,,,,,0
24,snwy0w01,,0,587,587,FinalPage,ThankYou,2026-09-15 04:46:06.312161,1,,,722.22,4,,0.0,M_exp_W_exp,,,,,,,,,,,0,0,300,300,,,,,,,,,,,,,,,,,,,1,1,"7, 10",3,0.0,0.0,0.0,0.0,0.0,0,1,1,0,0,5,293.0,289.0,1,1,0.0,0.0,160.0,50.0,110.0,50.0,Up,Down,60,100,10,100,55.8743961352657,52.10828025477707,58.87378640776699,52.90384615384615,13,gmregd6v,,,,,0
25,yaickank,,0,587,587,FinalPage,ThankYou,2026-09-15 04:46:06.374332,1,,,444.44,5,,0.0,M_exp_W_exp,,,,,,,,,,,0,0,293,302,,,,,,,,,,,,,,,,,,,1,1,"7, 10",3,0.0,0.0,0.0,0.0,0.0,0,0,1,0,0,5,293.0,289.0,1,1,0.0,0.0,160.0,50.0,110.0,50.0,Up,Down,60,100,10,100,55.8743961352657,52.10828025477707,58.87378640776699,52.90384615384615,13,gmregd6v,,,,,0
1,fwrj2jat,,0,587,587,FinalPage,ThankYou,2026-09-15 04:46:00.628207,1,,,1222.22,1,,0.0,M_exp_W_exp,,,,,,,,,,,0,0,115,115,,,,,,,,,,,,,,,,,,,1,1,"7, 10",3,0.0,0.0,0.0,0.0,0.0,0,-1,-1,0,0,1,210.0,160.0,1,0,0.0,0.0,200.0,150.0,150.0,150.0,Up,Up,100,50,50,50,55.8743961352657,52.10828025477707,58.87378640776699,52.90384615384615,14,gmregd6v,,,,,0
2,0vigghqi,,0,587,587,FinalPage,ThankYou,2026-09-15 04:46:02.780536,1,,,1222.22,2,,0.0,M_exp_W_exp,,,,,,,,,,,0,0,219,167,,,,,,,,,,,,,,,,,,,1,1,"7, 10",3,0.0,0.0,0.0,0.0,0.0,0,1,1,0,0,1,210.0,160.0,1,0,0.0,0.0,200.0,150.0,150.0,150.0,Up,Up,100,50,50,50,55.8743961352657,52.10828025477707,58.87378640776699,52.90384615384615,14,gmregd6v,,,,,0
3,xu6xugdp,,0,587,587,FinalPage,ThankYou,2026-09-15 04:46:02.378175,1,,,1222.22,3,,0.0,M_exp_W_exp,,,,,,,,,,,0,0,220,180,,,,,,,,,,,,,,,,,,,1,1,"7, 10",3,0.0,0.0,0.0,0.0,0.0,0,1,1,0,0,1,210.0,160.0,1,0,0.0,0.0,200.0,150.0,150.0,150.0,Up,Up,100,50,50,50,55.8743961352657,52.10828025477707,58.87378640776699,52.90384615384615,14,gmregd6v,,,,,0
4,9nn00jux,,0,587,587,FinalPage,ThankYou,2026-09-15 04:46:02.401661,1,,,1333.33,4,,0.0,M_exp_W_exp,,,,,,,,,,,0,0,195,160,,,,,,,,,,,,,,,,,,,1,1,"7, 10",3,0.0,0.0,0.0,0.0,0.0,0,-1,0,0,0,1,210.0,160.0,1,0,0.0,0.0,200.0,150.0,150.0,150.0,Up,Up,100,50,50,50,55.8743961352657,52.10828025477707,58.87378640776699,52.90384615384615,14,gmregd6v,,,,,0
5,d8azp69w,,0,587,587,FinalPage,ThankYou,2026-09-15 04:46:02.475325,1,,,722.22,5,,0.0,M_exp_W_exp,,,,,,,,,,,0,0,210,159,,,,,,,,,,,,,,,,,,,1,1,"7, 10",3,0.0,0.0,0.0,0.0,0.0,0,0,-1,0,0,1,210.0,160.0,1,0,0.0,0.0,200.0,150.0,150.0,150.0,Up,Up,100,50,50,50,55.8743961352657,52.10828025477707,58.87378640776699,52.90384615384615,14,gmregd6v,,,,,0
6,g5ct4rg0,,0,587,587,FinalPage,ThankYou,2026-09-15 04:46:02.961372,1,,,666.67,1,,0.0,M_exp_W_exp,,,,,,,,,,,0,0,350,250,,,,,,,,,,,,,,,,,,,1,1,"7, 10",3,0.0,0.0,0.0,0.0,0.0,0,1,0,0,0,2,300.0,250.0,1,0,0.0,0.0,160.0,100.0,150.0,175.0,Up,Up,60,0,75,50,55.8743961352657,52.10828025477707,58.87378640776699,52.90384615384615,14,gmregd6v,,,,,0
7,utr109q6,,0,587,587,FinalPage,ThankYou,2026-09-15 04:46:02.583853,1,,,1555.56,2,,0.0,M_exp_W_exp,,,,,,,,,,,0,0,300,200,,,,,,,,,,,,,,,,,,,1,1,"7, 10",3,0.0,0.0,0.0,0.0,0.0,0,0,-1,0,0,2,300.0,250.0,1,0,0.0,0.0,160.0,100.0,150.0,175.0,Up,Up,60,0,75,50,55.8743961352657,52.10828025477707,58.87378640776699,52.90384615384615,14,gmregd6v,,,,,0
8,uza1lz8f,,0,587,587,FinalPage,ThankYou,2026-09-15 04:46:03.005757,1,,,333.33,3,,0.0,M_exp_W_exp,,,,,,,,,,,0,0,20,450,,,,,,,,,,,,,,,,,,,1,1,"7, 10",3,0.0,0.0,0.0,0.0,0.0,0,-1,1,0,0,2,300.0,250.0,1,0,0.0,0.0,160.0,100.0,150.0,175.0,Up,Up,60,0,75,50,55.8743961352657,52.10828025477707,58.87378640776699,52.90384615384615,14,gmregd6v,,,,,0
9,3z6ed32t,,0,587,587,FinalPage,ThankYou,2026-09-15 04:46:03.137923,1,,,1277.78,4,,0.0,M_exp_W_exp,,,,,,,,,,,0,0,1,271,,,,,,,,,,,,,,,,,,,1,1,"7, 10",3,0.0,0.0,0.0,0.0,0.0,0,-1,1,0,0,2,300.0,250.0,1,0,0.0,0.0,160.0,100.0,150.0,175.0,Up,Up,60,0,75,50,55.8743961352657,52.10828025477707,58.87378640776699,52.90384615384615,14,gmregd6v,,,,,0
10,pzsakpjx,,0,587,587,FinalPage,ThankYou,2026-09-15 04:46:03.187676,1,,,1333.33,5,,0.0,M_exp_W_exp,,,,,,,,,,,0,0,360,240,,,,,,,,,,,,,,,,,,,1,1,"7, 10",3,0.0,0.0,0.0,0.0,0.0,0,1,-1,0,0,2,300.0,250.0,1,0,0.0,0.0,160.0,100.0,150.0,175.0,Up,Up,60,0,75,50,55.8743961352657,52.10828025477707,58.87378640776699,52.90384615384615,14,gmregd6v,,,,,0
11,h4hoh39u,,0,587,587,FinalPage,ThankYou,2026-09-15 04:46:03.274120,1,,,444.44,1,,0.0,M_exp_W_exp,,,,,,,,,,,0,0,160,155,,,,,,,,,,,,,,,,,,,1,1,"7, 10",3,0.0,0.0,0.0,0.0,0.0,0,-1,-1,0,0,3,200.0,200.0,0,0,0.0,0.0,75.0,50.0,50.0,90.0,Down,Down,50,100,20,100,55.8743961352657,52.10828025477707,58.87378640776699,52.90384615384615,14,gmregd6v,,,,,0
12,jzoxfyc2,,0,587,587,FinalPage,ThankYou,2026-09-15 04:46:03.326008,1,,,500.0,2,,0.0,M_exp_W_exp,,,,,,,,,,,0,0,200,200,,,,,,,,,,,,,,,,,,,1,1,"7, 10",3,0.0,0.0,0.0,0.0,0.0,0,-1,1,0,0,3,200.0,200.0,0,0,0.0,0.0,75.0,50.0,50.0,90.0,Down,Down,50,100,20,100,55.8743961352657,52.10828025477707,58.87378640776699,52.90384615384615,14,gmregd6v,,,,,0
13,dqn940v4,,0,587,587,FinalPage,ThankYou,2026-09-15 04:46:03.334007,1,,,555.56,3,,0.0,M_exp_W_exp,,,,,,,,,,,0,0,200,190,,,,,,,,,,,,,,,,,,,1,1,"7, 10",3,0.0,0.0,0.0,0.0,0.0,0,1,-1,0,0,3,200.0,200.0,0,0,0.0,0.0,75.0,50.0,50.0,90.0,Down,Down,50,100,20,100,55.8743961352657,52.10828025477707,58.87378640776699,52.90384615384615,14,gmregd6v,,,,,0
14,5l1yk0gm,,0,587,587,FinalPage,ThankYou,2026-09-15 04:46:03.341168,1,,,555.56,4,,0.0,M_exp_W_exp,,,,,,,,,,,0,0,200,200,,,,,,,,,,,,,,,,,,,1,1,"7, 10",3,0.0,0.0,0.0,0.0,0.0,0,1,0,0,0,3,200.0,200.0,0,0,0.0,0.0,75.0,50.0,50.0,90.0,Down,Down,50,100,20,100,55.8743961352657,52.10828025477707,58.87378640776699,52.90384615384615,14,gmregd6v,,,,,0
15,3fdg4ref,,0,587,587,FinalPage,ThankYou,2026-09-15 04:46:03.350239,1,,,0.0,5,,0.0,M_exp_W_exp,,,,,,,,,,,0,0,200,200,,,,,,,,,,,,,,,,,,,1,1,"7, 10",3,0.0,0.0,0.0,0.0,0.0,0,0,1,0,0,3,200.0,200.0,0,0,0.0,0.0,75.0,50.0,50.0,90.0,Down,Down,50,100,20,100,55.8743961352657,52.10828025477707,58.87378640776699,52.90384615384615,14,gmregd6v,,,,,0
16,iliayit3,,0,587,587,FinalPage,ThankYou,2026-09-15 04:46:03.416829,1,,,1277.78,1,,0.0,M_exp_W_exp,,,,,,,,,,,0,0,275,275,,,,,,,,,,,,,,,,,,,1,1,"7, 10",3,0.0,0.0,0.0,0.0,0.0,0,-1,-1,0,0,4,300.0,280.0,1,1,0.0,0.0,200.0,90.0,175.0,75.0,Up,Down,100,20,75,50,55.8743961352657,52.10828025477707,58.87378640776699,52.90384615384615,14,gmregd6v,,,,,0
17,hpzf5xgg,,0,587,587,FinalPage,ThankYou,2026-09-15 04:46:03.561629,1,,,777.78,2,,0.0,M_exp_W_exp,,,,,,,,,,,0,0,300,300,,,,,,,,,,,,,,,,,,,1,1,"7, 10",3,0.0,0.0,0.0,0.0,0.0,0,0,1,0,0,4,300.0,280.0,1,1,0.0,0.0,200.0,90.0,175.0,75.0,Up,Down,100,20,75,50,55.8743961352657,52.10828025477707,58.87378640776699,52.90384615384615,14,gmregd6v,,,,,0
18,3th28718,,0,587,587,FinalPage,ThankYou,2026-09-15 04:46:05.393109,1,,,722.22,3,,0.0,M_exp_W_exp,,,,,,,,,,,0,0,300,300,,,,,,,,,,,,,,,,,,,1,1,"7, 10",3,0.0,0.0,0.0,0.0,0.0,0,1,1,0,0,4,300.0,280.0,1,1,0.0,0.0,200.0,90.0,175.0,75.0,Up,Down,100,20,75,50,55.8743961352657,52.10828025477707,58.87378640776699,52.90384615384615,14,gmregd6v,,,,,0
19,hh695q6a,,0,587,587,FinalPage,ThankYou,2026-09-15 04:46:05.412245,1,,,1666.67,4,,0.0,M_exp_W_exp,,,,,,,,,,,0,0,300,280,,,,,,,,,,,,,,,,,,,1,1,"7, 10",3,0.0,0.0,0.0,0.0,0.0,0,-1,0,0,0,4,300.0,280.0,1,1,0.0,0.0,200.0,90.0,175.0,75.0,Up,Down,100,20,75,50,55.8743961352657,52.10828025477707,58.87378640776699,52.90384615384615,14,gmregd6v,,,,,0
20,2w7wmunp,,0,587,587,FinalPage,ThankYou,2026-09-15 04:46:05.631685,1,,,500.0,5,,0.0,M_exp_W_exp,,,,,,,,,,,0,0,344,122,,,,,,,,,,,,,,,,,,,1,1,"7, 10",3,0.0,0.0,0.0,0.0,0.0,0,1,-1,0,0,4,300.0,280.0,1,1,0.0,0.0,200.0,90.0,175.0,75.0,Up,Down,100,20,75,50,55.8743961352657,52.10828025477707,58.87378640776699,52.90384615384615,14,gmregd6v,,,,,0
21,2fon3kdf,,0,587,587,FinalPage,ThankYou,2026-09-15 04:46:05.788969,1,,,1444.44,1,,0.0,M_exp_W_exp,,,,,,,,,,,0,0,241,250,,,,,,,,,,,,,,,,,,,1,1,"7, 10",3,0.0,0.0,0.0,0.0,0.0,0,-1,-1,0,0,5,290.0,288.0,1,1,0.0,0.0,160.0,50.0,110.0,50.0,Up,Down,60,100,10,100,55.8743961352657,52.10828025477707,58.87378640776699,52.90384615384615,14,gmregd6v,,,,,0
22,0vm37wcl,,0,587,587,FinalPage,ThankYou,2026-09-15 04:46:05.953754,1,,,1222.22,2,,0.0,M_exp_W_exp,,,,,,,,,,,0,0,250,250,,,,,,,,,,,,,,,,,,,1,1,"7, 10",3,0.0,0.0,0.0,0.0,0.0,0,-1,-1,0,0,5,290.0,288.0,1,1,0.0,0.0,160.0,50.0,110.0,50.0,Up,Down,60,100,10,100,55.8743961352657,52.10828025477707,58.87378640776699,52.90384615384615,14,gmregd6v,,,,,0
23,9902h2kd,,0,587,587,FinalPage,ThankYou,2026-09-15 04:46:06.025371,1,,,1166.67,3,,0.0,M_exp_W_exp,,,,,,,,,,,0,0,295,288,,,,,,,,,,,,,,,,,,,1,1,"7, 10",3,0.0,0.0,0.0,0.0,0.0,0,1,0,0,0,5,290.0,288.0,1,1,0.0,0.0,160.0,50.0,110.0,50.0,Up,Down,60,100,10,100,55.8743961352657,52.10828025477707,58.87378640776699,52.90384615384615,14,gmregd6v,,,,,0
24,snwy0w01,,0,587,587,FinalPage,ThankYou,2026-09-15 04:46:06.312161,1,,,722.22,4,,0.0,M_exp_W_exp,,,,,,,,,,,0,0,299,295,,,,,,,,,,,,,,,,,,,1,1,"7, 10",3,0.0,0.0,0.0,0.0,0.0,0,1,1,0,0,5,290.0,288.0,1,1,0.0,0.0,160.0,50.0,110.0,50.0,Up,Down,60,100,10,100,55.8743961352657,52.10828025477707,58.87378640776699,52.90384615384615,14,gmregd6v,,,,,0
25,yaickank,,0,587,587,FinalPage,ThankYou,2026-09-15 04:46:06.374332,1,,,444.44,5,,0.0,M_exp_W_exp,,,,,,,,,,,0,0,290,293,,,,,,,,,,,,,,,,,,,1,1,"7, 10",3,0.0,0.0,0.0,0.0,0.0,0,0,1,0,0,5,290.0,288.0,1,1,0.0,0.0,160.0,50.0,110.0,50.0,Up,Down,60,100,10,100,55.8743961352657,52.10828025477707,58.87378640776699,52.90384615384615,14,gmregd6v,,,,,0
1,fwrj2jat,,0,587,587,FinalPage,ThankYou,2026-09-15 04:46:00.628207,1,,,1222.22,1,,0.0,M_exp_W_exp,,,,,,,,,,,0,0,115,115,,,,,,,,,,,,,,,,,,,1,1,"7, 10",3,0.0,0.0,0.0,0.0,0.0,0,-1,-1,0,0,1,224.0,166.0,1,0,0.0,0.0,200.0,150.0,150.0,150.0,Up,Up,100,50,50,50,55.8743961352657,52.10828025477707,58.87378640776699,52.90384615384615,15,gmregd6v,,,,,0
2,0vigghqi,,0,587,587,FinalPage,ThankYou,2026-09-15 04:46:02.780536,1,,,1222.22,2,,0.0,M_exp_W_exp,,,,,,,,,,,0,0,227,176,,,,,,,,,,,,,,,,,,,1,1,"7, 10",3,0.0,0.0,0.0,0.0,0.0,0,1,1,0,0,1,224.0,166.0,1,0,0.0,0.0,200.0,150.0,150.0,150.0,Up,Up,100,50,50,50,55.8743961352657,52.10828025477707,58.87378640776699,52.90384615384615,15,gmregd6v,,,,,0
3,xu6xugdp,,0,587,587,FinalPage,ThankYou,2026-09-15 04:46:02.378175,1,,,1222.22,3,,0.0,M_exp_W_exp,,,,,,,,,,,0,0,231,181,,,,,,,,,,,,,,,,,,,1,1,"7, 10",3,0.0,0.0,0.0,0.0,0.0,0,1,1,0,0,1,224.0,166.0,1,0,0.0,0.0,200.0,150.0,150.0,150.0,Up,Up,100,50,50,50,55.8743961352657,52.10828025477707,58.87378640776699,52.90384615384615,15,gmregd6v,,,,,0
4,9nn00jux,,0,587,587,FinalPage,ThankYou,2026-09-15 04:46:02.401661,1,,,1333.33,4,,0.0,M_exp_W_exp,,,,,,,,,,,0,0,195,160,,,,,,,,,,,,,,,,,,,1,1,"7, 10",3,0.0,0.0,0.0,0.0,0.0,0,-1,-1,0,0,1,224.0,166.0,1,0,0.0,0.0,200.0,150.0,150.0,150.0,Up,Up,100,50,50,50,55.8743961352657,52.10828025477707,58.87378640776699,52.90384615384615,15,gmregd6v,,,,,0
5,d8azp69w,,0,587,587,FinalPage,ThankYou,2026-09-15 04:46:02.475325,1,,,722.22,5,,0.0,M_exp_W_exp,,,,,,,,,,,0,0,224,166,,,,,,,,,,,,,,,,,,,1,1,"7, 10",3,0.0,0.0,0.0,0.0,0.0,0,0,0,0,0,1,224.0,166.0,1,0,0.0,0.0,200.0,150.0,150.0,150.0,Up,Up,100,50,50,50,55.8743961352657,52.10828025477707,58.87378640776699,52.90384615384615,15,gmregd6v,,,,,0
6,g5ct4rg0,,0,587,587,FinalPage,ThankYou,2026-09-15 04:46:02.961372,1,,,666.67,1,,0.0,M_exp_W_exp,,,,,,,,,,,0,0,100,500,,,,,,,,,,,,,,,,,,,1,1,"7, 10",3,0.0,0.0,0.0,0.0,0.0,0,-1,1,0,0,2,300.0,290.0,1,0,0.0,0.0,160.0,100.0,150.0,175.0,Up,Up,60,0,75,50,55.8743961352657,52.10828025477707,58.87378640776699,52.90384615384615,15,gmregd6v,,,,,0
7,utr109q6,,0,587,587,FinalPage,ThankYou,2026-09-15 04:46:02.583853,1,,,1555.56,2,,0.0,M_exp_W_exp,,,,,,,,,,,0,0,310,290,,,,,,,,,,,,,,,,,,,1,1,"7, 10",3,0.0,0.0,0.0,0.0,0.0,0,1,1,0,0,2,300.0,290.0,1,0,0.0,0.0,160.0,100.0,150.0,175.0,Up,Up,60,0,75,50,55.8743961352657,52.10828025477707,58.87378640776699,52.90384615384615,15,gmregd6v,,,,,0
8,uza1lz8f,,0,587,587,FinalPage,ThankYou,2026-09-15 04:46:03.005757,1,,,333.33,3,,0.0,M_exp_W_exp,,,,,,,,,,,0,0,300,100,,,,,,,,,,,,,,,,,,,1,1,"7, 10",3,0.0,0.0,0.0,0.0,0.0,0,0,-1,0,0,2,300.0,290.0,1,0,0.0,0.0,160.0,100.0,150.0,175.0,Up,Up,60,0,75,50,55.8743961352657,52.10828025477707,58.87378640776699,52.90384615384615,15,gmregd6v,,,,,0
9,3z6ed32t,,0,587,587,FinalPage,ThankYou,2026-09-15 04:46:03.137923,1,,,1277.78,4,,0.0,M_exp_W_exp,,,,,,,,,,,0,0,1,261,,,,,,,,,,,,,,,,,,,1,1,"7, 10",3,0.0,0.0,0.0,0.0,0.0,0,-1,-1,0,0,2,300.0,290.0,1,0,0.0,0.0,160.0,100.0,150.0,175.0,Up,Up,60,0,75,50,55.8743961352657,52.10828025477707,58.87378640776699,52.90384615384615,15,gmregd6v,,,,,0
10,pzsakpjx,,0,587,587,FinalPage,ThankYou,2026-09-15 04:46:03.187676,1,,,1333.33,5,,0.0,M_exp_W_exp,,,,,,,,,,,0,0,310,290,,,,,,,,,,,,,,,,,,,1,1,"7, 10",3,0.0,0.0,0.0,0.0,0.0,0,1,0,0,0,2,300.0,290.0,1,0,0.0,0.0,160.0,100.0,150.0,175.0,Up,Up,60,0,75,50,55.8743961352657,52.10828025477707,58.87378640776699,52.90384615384615,15,gmregd6v,,,,,0
11,h4hoh39u,,0,587,587,FinalPage,ThankYou,2026-09-15 04:46:03.274120,1,,,444.44,1,,0.0,M_exp_W_exp,,,,,,,,,,,0,0,160,160,,,,,,,,,,,,,,,,,,,1,1,"7, 10",3,0.0,0.0,0.0,0.0,0.0,0,-1,-1,0,0,3,200.0,190.0,0,0,0.0,0.0,75.0,50.0,50.0,90.0,Down,Down,50,100,20,100,55.8743961352657,52.10828025477707,58.87378640776699,52.90384615384615,15,gmregd6v,,,,,0
12,jzoxfyc2,,0,587,587,FinalPage,ThankYou,2026-09-15 04:46:03.326008,1,,,500.0,2,,0.0,M_exp_W_exp,,,,,,,,,,,0,0,200,200,,,,,,,,,,,,,,,,,,,1,1,"7, 10",3,0.0,0.0,0.0,0.0,0.0,0,0,1,0,0,3,200.0,190.0,0,0,0.0,0.0,75.0,50.0,50.0,90.0,Down,Down,50,100,20,100,55.8743961352657,52.10828025477707,58.87378640776699,52.90384615384615,15,gmregd6v,,,,,0
13,dqn940v4,,0,587,587,FinalPage,ThankYou,2026-09-15 04:46:03.334007,1,,,555.56,3,,0.0,M_exp_W_exp,,,,,,,,,,,0,0,200,190,,,,,,,,,,,,,,,,,,,1,1,"7, 10",3,0.0,0.0,0.0,0.0,0.0,0,1,0,0,0,3,200.0,190.0,0,0,0.0,0.0,75.0,50.0,50.0,90.0,Down,Down,50,100,20,100,55.8743961352657,52.10828025477707,58.87378640776699,52.90384615384615,15,gmregd6v,,,,,0
14,5l1yk0gm,,0,587,587,FinalPage,ThankYou,2026-09-15 04:46:03.341168,1,,,555.56,4,,0.0,M_exp_W_exp,,,,,,,,,,,0,0,150,150,,,,,,,,,,,,,,,,,,,1,1,"7, 10",3,0.0,0.0,0.0,0.0,0.0,0,-1,-1,0,0,3,200.0,190.0,0,0,0.0,0.0,75.0,50.0,50.0,90.0,Down,Down,50,100,20,100,55.8743961352657,52.10828025477707,58.87378640776699,52.90384615384615,15,gmregd6v,,,,,0
15,3fdg4ref,,0,587,587,FinalPage,ThankYou,2026-09-15 04:46:03.350239,1,,,0.0,5,,0.0,M_exp_W_exp,,,,,,,,,,,0,0,200,200,,,,,,,,,,,,,,,,,,,1,1,"7, 10",3,0.0,0.0,0.0,0.0,0.0,0,1,1,0,0,3,200.0,190.0,0,0,0.0,0.0,75.0,50.0,50.0,90.0,Down,Down,50,100,20,100,55.8743961352657,52.10828025477707,58.87378640776699,52.90384615384615,15,gmregd6v,,,,,0
16,iliayit3,,0,587,587,FinalPage,ThankYou,2026-09-15 04:46:03.416829,1,,,1277.78,1,,0.0,M_exp_W_exp,,,,,,,,,,,0,0,275,275,,,,,,,,,,,,,,,,,,,1,1,"7, 10",3,0.0,0.0,0.0,0.0,0.0,0,-1,-1,0,0,4,300.0,280.0,1,1,0.0,0.0,200.0,90.0,175.0,75.0,Up,Down,100,20,75,50,55.8743961352657,52.10828025477707,58.87378640776699,52.90384615384615,15,gmregd6v,,,,,0
17,hpzf5xgg,,0,587,587,FinalPage,ThankYou,2026-09-15 04:46:03.561629,1,,,777.78,2,,0.0,M_exp_W_exp,,,,,,,,,,,0,0,300,300,,,,,,,,,,,,,,,,,,,1,1,"7, 10",3,0.0,0.0,0.0,0.0,0.0,0,1,1,0,0,4,300.0,280.0,1,1,0.0,0.0,200.0,90.0,175.0,75.0,Up,Down,100,20,75,50,55.8743961352657,52.10828025477707,58.87378640776699,52.90384615384615,15,gmregd6v,,,,,0
18,3th28718,,0,587,587,FinalPage,ThankYou,2026-09-15 04:46:05.393109,1,,,722.22,3,,0.0,M_exp_W_exp,,,,,,,,,,,0,0,300,300,,,,,,,,,,,,,,,,,,,1,1,"7, 10",3,0.0,0.0,0.0,0.0,0.0,0,0,1,0,0,4,300.0,280.0,1,1,0.0,0.0,200.0,90.0,175.0,75.0,Up,Down,100,20,75,50,55.8743961352657,52.10828025477707,58.87378640776699,52.90384615384615,15,gmregd6v,,,,,0
19,hh695q6a,,0,587,587,FinalPage,ThankYou,2026-09-15 04:46:05.412245,1,,,1666.67,4,,0.0,M_exp_W_exp,,,,,,,,,,,0,0,300,280,,,,,,,,,,,,,,,,,,,1,1,"7, 10",3,0.0,0.0,0.0,0.0,0.0,0,1,0,0,0,4,300.0,280.0,1,1,0.0,0.0,200.0,90.0,175.0,75.0,Up,Down,100,20,75,50,55.8743961352657,52.10828025477707,58.87378640776699,52.90384615384615,15,gmregd6v,,,,,0
20,2w7wmunp,,0,587,587,FinalPage,ThankYou,2026-09-15 04:46:05.631685,1,,,500.0,5,,0.0,M_exp_W_exp,,,,,,,,,,,0,0,278,242,,,,,,,,,,,,,,,,,,,1,1,"7, 10",3,0.0,0.0,0.0,0.0,0.0,0,-1,-1,0,0,4,300.0,280.0,1,1,0.0,0.0,200.0,90.0,175.0,75.0,Up,Down,100,20,75,50,55.8743961352657,52.10828025477707,58.87378640776699,52.90384615384615,15,gmregd6v,,,,,0
21,2fon3kdf,,0,587,587,FinalPage,ThankYou,2026-09-15 04:46:05.788969,1,,,1444.44,1,,0.0,M_exp_W_exp,,,,,,,,,,,0,0,245,275,,,,,,,,,,,,,,,,,,,1,1,"7, 10",3,0.0,0.0,0.0,0.0,0.0,0,-1,-1,0,0,5,285.0,285.0,1,1,0.0,0.0,160.0,50.0,110.0,50.0,Up,Down,60,100,10,100,55.8743961352657,52.10828025477707,58.87378640776699,52.90384615384615,15,gmregd6v,,,,,0
22,0vm37wcl,,0,587,587,FinalPage,ThankYou,2026-09-15 04:46:05.953754,1,,,1222.22,2,,0.0,M_exp_W_exp,,,,,,,,,,,0,0,285,285,,,,,,,,,,,,,,,,,,,1,1,"7, 10",3,0.0,0.0,0.0,0.0,0.0,0,0,0,0,0,5,285.0,285.0,1,1,0.0,0.0,160.0,50.0,110.0,50.0,Up,Down,60,100,10,100,55.8743961352657,52.10828025477707,58.87378640776699,52.90384615384615,15,gmregd6v,,,,,0
23,9902h2kd,,0,587,587,FinalPage,ThankYou,2026-09-15 04:46:06.025371,1,,,1166.67,3,,0.0,M_exp_W_exp,,,,,,,,,,,0,0,285,285,,,,,,,,,,,,,,,,,,,1,1,"7, 10",3,0.0,0.0,0.0,0.0,0.0,0,-1,-1,0,0,5,285.0,285.0,1,1,0.0,0.0,160.0,50.0,110.0,50.0,Up,Down,60,100,10,100,55.8743961352657,52.10828025477707,58.87378640776699,52.90384615384615,15,gmregd6v,,,,,0
24,snwy0w01,,0,587,587,FinalPage,ThankYou,2026-09-15 04:46:06.312161,1,,,722.22,4,,0.0,M_exp_W_exp,,,,,,,,,,,0,0,286,286,,,,,,,,,,,,,,,,,,,1,1,"7, 10",3,0.0,0.0,0.0,0.0,0.0,0,1,1,0,0,5,285.0,285.0,1,1,0.0,0.0,160.0,50.0,110.0,50.0,Up,Down,60,100,10,100,55.8743961352657,52.10828025477707,58.87378640776699,52.90384615384615,15,gmregd6v,,,,,0
25,yaickank,,0,587,587,FinalPage,ThankYou,2026-09-15 04:46:06.374332,1,,,444.44,5,,0.0,M_exp_W_exp,,,,,,,,,,,0,0,290,290,,,,,,,,,,,,,,,,,,,1,1,"7, 10",3,0.0,0.0,0.0,0.0,0.0,0,1,1,0,0,5,285.0,285.0,1,1,0.0,0.0,160.0,50.0,110.0,50.0,Up,Down,60,100,10,100,55.8743961352657,52.10828025477707,58.87378640776699,52.90384615384615,15,gmregd6v,,,,,0
1,fwrj2jat,,0,587,587,FinalPage,ThankYou,2026-09-15 04:46:00.628207,1,,,1222.22,1,,0.0,M_exp_W_exp,,,,,,,,,,,0,0,115,115,,,,,,,,,,,,,,,,,,,1,1,"7, 10",3,0.0,0.0,0.0,0.0,0.0,0,-1,-1,0,0,1,232.0,176.0,1,0,0.0,0.0,200.0,150.0,150.0,150.0,Up,Up,100,50,50,50,55.8743961352657,52.10828025477707,58.87378640776699,52.90384615384615,16,gmregd6v,,,,,0
2,0vigghqi,,0,587,587,FinalPage,ThankYou,2026-09-15 04:46:02.780536,1,,,1222.22,2,,0.0,M_exp_W_exp,,,,,,,,,,,0,0,232,176,,,,,,,,,,,,,,,,,,,1,1,"7, 10",3,0.0,0.0,0.0,0.0,0.0,0,0,0,0,0,1,232.0,176.0,1,0,0.0,0.0,200.0,150.0,150.0,150.0,Up,Up,100,50,50,50,55.8743961352657,52.10828025477707,58.87378640776699,52.90384615384615,16,gmregd6v,,,,,0
3,xu6xugdp,,0,587,587,FinalPage,ThankYou,2026-09-15 04:46:02.378175,1,,,1222.22,3,,0.0,M_exp_W_exp,,,,,,,,,,,0,0,240,187,,,,,,,,,,,,,,,,,,,1,1,"7, 10",3,0.0,0.0,0.0,0.0,0.0,0,1,1,0,0,1,232.0,176.0,1,0,0.0,0.0,200.0,150.0,150.0,150.0,Up,Up,100,50,50,50,55.8743961352657,52.10828025477707,58.87378640776699,52.90384615384615,16,gmregd6v,,,,,0
4,9nn00jux,,0,587,587,FinalPage,ThankYou,2026-09-15 04:46:02.401661,1,,,1333.33,4,,0.0,M_exp_W_exp,,,,,,,,,,,0,0,195,155,,,,,,,,,,,,,,,,,,,1,1,"7, 10",3,0.0,0.0,0.0,0.0,0.0,0,-1,-1,0,0,1,232.0,176.0,1,0,0.0,0.0,200.0,150.0,150.0,150.0,Up,Up,100,50,50,50,55.8743961352657,52.10828025477707,58.87378640776699,52.90384615384615,16,gmregd6v,,,,,0
5,d8azp69w,,0,587,587,FinalPage,ThankYou,2026-09-15 04:46:02.475325,1,,,722.22,5,,0.0,M_exp_W_exp,,,,,,,,,,,0,0,240,190,,,,,,,,,,,,,,,,,,,1,1,"7, 10",3,0.0,0.0,0.0,0.0,0.0,0,1,1,0,0,1,232.0,176.0,1,0,0.0,0.0,200.0,150.0,150.0,150.0,Up,Up,100,50,50,50,55.8743961352657,52.10828025477707,58.87378640776699,52.90384615384615,16,gmregd6v,,,,,0
6,g5ct4rg0,,0,587,587,FinalPage,ThankYou,2026-09-15 04:46:02.961372,1,,,666.67,1,,0.0,M_exp_W_exp,,,,,,,,,,,0,0,500,100,,,,,,,,,,,,,,,,,,,1,1,"7, 10",3,0.0,0.0,0.0,0.0,0.0,0,1,-1,0,0,2,300.0,300.0,1,0,0.0,0.0,160.0,100.0,150.0,175.0,Up,Up,60,0,75,50,55.8743961352657,52.10828025477707,58.87378640776699,52.90384615384615,16,gmregd6v,,,,,0
7,utr109q6,,0,587,587,FinalPage,ThankYou,2026-09-15 04:46:02.583853,1,,,1555.56,2,,0.0,M_exp_W_exp,,,,,,,,,,,0,0,300,300,,,,,,,,,,,,,,,,,,,1,1,"7, 10",3,0.0,0.0,0.0,0.0,0.0,0,-1,0,0,0,2,300.0,300.0,1,0,0.0,0.0,160.0,100.0,150.0,175.0,Up,Up,60,0,75,50,55.8743961352657,52.10828025477707,58.87378640776699,52.90384615384615,16,gmregd6v,,,,,0
8,uza1lz8f,,0,587,587,FinalPage,ThankYou,2026-09-15 04:46:03.005757,1,,,333.33,3,,0.0,M_exp_W_exp,,,,,,,,,,,0,0,450,150,,,,,,,,,,,,,,,,,,,1,1,"7, 10",3,0.0,0.0,0.0,0.0,0.0,0,1,-1,0,0,2,300.0,300.0,1,0,0.0,0.0,160.0,100.0,150.0,175.0,Up,Up,60,0,75,50,55.8743961352657,52.10828025477707,58.87378640776699,52.90384615384615,16,gmregd6v,,,,,0
9,3z6ed32t,,0,587,587,FinalPage,ThankYou,2026-09-15 04:46:03.137923,1,,,1277.78,4,,0.0,M_exp_W_exp,,,,,,,,,,,0,0,1,301,,,,,,,,,,,,,,,,,,,1,1,"7, 10",3,0.0,0.0,0.0,0.0,0.0,0,-1,1,0,0,2,300.0,300.0,1,0,0.0,0.0,160.0,100.0,150.0,175.0,Up,Up,60,0,75,50,55.8743961352657,52.10828025477707,58.87378640776699,52.90384615384615,16,gmregd6v,,,,,0
10,pzsakpjx,,0,587,587,FinalPage,ThankYou,2026-09-15 04:46:03.187676,1,,,1333.33,5,,0.0,M_exp_W_exp,,,,,,,,,,,0,0,300,300,,,,,,,,,,,,,,,,,,,1,1,"7, 10",3,0.0,0.0,0.0,0.0,0.0,0,0,1,0,0,2,300.0,300.0,1,0,0.0,0.0,160.0,100.0,150.0,175.0,Up,Up,60,0,75,50,55.8743961352657,52.10828025477707,58.87378640776699,52.90384615384615,16,gmregd6v,,,,,0
11,h4hoh39u,,0,587,587,FinalPage,ThankYou,2026-09-15 04:46:03.274120,1,,,444.44,1,,0.0,M_exp_W_exp,,,,,,,,,,,0,0,160,160,,,,,,,,,,,,,,,,,,,1,1,"7, 10",3,0.0,0.0,0.0,0.0,0.0,0,-1,-1,0,0,3,195.0,180.0,0,0,0.0,0.0,75.0,50.0,50.0,90.0,Down,Down,50,100,20,100,55.8743961352657,52.10828025477707,58.87378640776699,52.90384615384615,16,gmregd6v,,,,,0
12,jzoxfyc2,,0,587,587,FinalPage,ThankYou,2026-09-15 04:46:03.326008,1,,,500.0,2,,0.0,M_exp_W_exp,,,,,,,,,,,0,0,200,195,,,,,,,,,,,,,,,,,,,1,1,"7, 10",3,0.0,0.0,0.0,0.0,0.0,0,1,1,0,0,3,195.0,180.0,0,0,0.0,0.0,75.0,50.0,50.0,90.0,Down,Down,50,100,20,100,55.8743961352657,52.10828025477707,58.87378640776699,52.90384615384615,16,gmregd6v,,,,,0
13,dqn940v4,,0,587,587,FinalPage,ThankYou,2026-09-15 04:46:03.334007,1,,,555.56,3,,0.0,M_exp_W_exp,,,,,,,,,,,0,0,195,180,,,,,,,,,,,,,,,,,,,1,1,"7, 10",3,0.0,0.0,0.0,0.0,0.0,0,0,0,0,0,3,195.0,180.0,0,0,0.0,0.0,75.0,50.0,50.0,90.0,Down,Down,50,100,20,100,55.8743961352657,52.10828025477707,58.87378640776699,52.90384615384615,16,gmregd6v,,,,,0
14,5l1yk0gm,,0,587,587,FinalPage,ThankYou,2026-09-15 04:46:03.341168,1,,,555.56,4,,0.0,M_exp_W_exp,,,,,,,,,,,0,0,150,150,,,,,,,,,,,,,,,,,,,1,1,"7, 10",3,0.0,0.0,0.0,0.0,0.0,0,-1,-1,0,0,3,195.0,180.0,0,0,0.0,0.0,75.0,50.0,50.0,90.0,Down,Down,50,100,20,100,55.8743961352657,52.10828025477707,58.87378640776699,52.90384615384615,16,gmregd6v,,,,,0
15,3fdg4ref,,0,587,587,FinalPage,ThankYou,2026-09-15 04:46:03.350239,1,,,0.0,5,,0.0,M_exp_W_exp,,,,,,,,,,,0,0,200,195,,,,,,,,,,,,,,,,,,,1,1,"7, 10",3,0.0,0.0,0.0,0.0,0.0,0,1,1,0,0,3,195.0,180.0,0,0,0.0,0.0,75.0,50.0,50.0,90.0,Down,Down,50,100,20,100,55.8743961352657,52.10828025477707,58.87378640776699,52.90384615384615,16,gmregd6v,,,,,0
16,iliayit3,,0,587,587,FinalPage,ThankYou,2026-09-15 04:46:03.416829,1,,,1277.78,1,,0.0,M_exp_W_exp,,,,,,,,,,,0,0,275,275,,,,,,,,,,,,,,,,,,,1,1,"7, 10",3,0.0,0.0,0.0,0.0,0.0,0,-1,-1,0,0,4,300.0,280.0,1,1,0.0,0.0,200.0,90.0,175.0,75.0,Up,Down,100,20,75,50,55.8743961352657,52.10828025477707,58.87378640776699,52.90384615384615,16,gmregd6v,,,,,0
17,hpzf5xgg,,0,587,587,FinalPage,ThankYou,2026-09-15 04:46:03.561629,1,,,777.78,2,,0.0,M_exp_W_exp,,,,,,,,,,,0,0,300,300,,,,,,,,,,,,,,,,,,,1,1,"7, 10",3,0.0,0.0,0.0,0.0,0.0,0,0,1,0,0,4,300.0,280.0,1,1,0.0,0.0,200.0,90.0,175.0,75.0,Up,Down,100,20,75,50,55.8743961352657,52.10828025477707,58.87378640776699,52.90384615384615,16,gmregd6v,,,,,0
18,3th28718,,0,587,587,FinalPage,ThankYou,2026-09-15 04:46:05.393109,1,,,722.22,3,,0.0,M_exp_W_exp,,,,,,,,,,,0,0,310,290,,,,,,,,,,,,,,,,,,,1,1,"7, 10",3,0.0,0.0,0.0,0.0,0.0,0,1,1,0,0,4,300.0,280.0,1,1,0.0,0.0,200.0,90.0,175.0,75.0,Up,Down,100,20,75,50,55.8743961352657,52.10828025477707,58.87378640776699,52.90384615384615,16,gmregd6v,,,,,0
19,hh695q6a,,0,587,587,FinalPage,ThankYou,2026-09-15 04:46:05.412245,1,,,1666.67,4,,0.0,M_exp_W_exp,,,,,,,,,,,0,0,300,280,,,,,,,,,,,,,,,,,,,1,1,"7, 10",3,0.0,0.0,0.0,0.0,0.0,0,-1,0,0,0,4,300.0,280.0,1,1,0.0,0.0,200.0,90.0,175.0,75.0,Up,Down,100,20,75,50,55.8743961352657,52.10828025477707,58.87378640776699,52.90384615384615,16,gmregd6v,,,,,0
20,2w7wmunp,,0,587,587,FinalPage,ThankYou,2026-09-15 04:46:05.631685,1,,,500.0,5,,0.0,M_exp_W_exp,,,,,,,,,,,0,0,300,235,,,,,,,,,,,,,,,,,,,1,1,"7, 10",3,0.0,0.0,0.0,0.0,0.0,0,1,-1,0,0,4,300.0,280.0,1,1,0.0,0.0,200.0,90.0,175.0,75.0,Up,Down,100,20,75,50,55.8743961352657,52.10828025477707,58.87378640776699,52.90384615384615,16,gmregd6v,,,,,0
21,2fon3kdf,,0,587,587,FinalPage,ThankYou,2026-09-15 04:46:05.788969,1,,,1444.44,1,,0.0,M_exp_W_exp,,,,,,,,,,,0,0,260,275,,,,,,,,,,,,,,,,,,,1,1,"7, 10",3,0.0,0.0,0.0,0.0,0.0,0,-1,-1,0,0,5,285.0,285.0,1,1,0.0,0.0,160.0,50.0,110.0,50.0,Up,Down,60,100,10,100,55.8743961352657,52.10828025477707,58.87378640776699,52.90384615384615,16,gmregd6v,,,,,0
22,0vm37wcl,,0,587,587,FinalPage,ThankYou,2026-09-15 04:46:05.953754,1,,,1222.22,2,,0.0,M_exp_W_exp,,,,,,,,,,,0,0,285,285,,,,,,,,,,,,,,,,,,,1,1,"7, 10",3,0.0,0.0,0.0,0.0,0.0,0,1,0,0,0,5,285.0,285.0,1,1,0.0,0.0,160.0,50.0,110.0,50.0,Up,Down,60,100,10,100,55.8743961352657,52.10828025477707,58.87378640776699,52.90384615384615,16,gmregd6v,,,,,0
23,9902h2kd,,0,587,587,FinalPage,ThankYou,2026-09-15 04:46:06.025371,1,,,1166.67,3,,0.0,M_exp_W_exp,,,,,,,,,,,0,0,287,287,,,,,,,,,,,,,,,,,,,1,1,"7, 10",3,0.0,0.0,0.0,0.0,0.0,0,1,1,0,0,5,285.0,285.0,1,1,0.0,0.0,160.0,50.0,110.0,50.0,Up,Down,60,100,10,100,55.8743961352657,52.10828025477707,58.87378640776699,52.90384615384615,16,gmregd6v,,,,,0
24,snwy0w01,,0,587,587,FinalPage,ThankYou,2026-09-15 04:46:06.312161,1,,,722.22,4,,0.0,M_exp_W_exp,,,,,,,,,,,0,0,283,281,,,,,,,,,,,,,,,,,,,1,1,"7, 10",3,0.0,0.0,0.0,0.0,0.0,0,-1,-1,0,0,5,285.0,285.0,1,1,0.0,0.0,160.0,50.0,110.0,50.0,Up,Down,60,100,10,100,55.8743961352657,52.10828025477707,58.87378640776699,52.90384615384615,16,gmregd6v,,,,,0
25,yaickank,,0,587,587,FinalPage,ThankYou,2026-09-15 04:46:06.374332,1,,,444.44,5,,0.0,M_exp_W_exp,,,,,,,,,,,0,0,285,285,,,,,,,,,,,,,,,,,,,1,1,"7, 10",3,0.0,0.0,0.0,0.0,0.0,0,0,1,0,0,5,285.0,285.0,1,1,0.0,0.0,160.0,50.0,110.0,50.0,Up,Down,60,100,10,100,55.8743961352657,52.10828025477707,58.87378640776699,52.90384615384615,16,gmregd6v,,,,,0
1,fwrj2jat,,0,587,587,FinalPage,ThankYou,2026-09-15 04:46:00.628207,1,,,1222.22,1,,0.0,M_exp_W_exp,,,,,,,,,,,0,0,115,115,,,,,,,,,,,,,,,,,,,1,1,"7, 10",3,0.0,0.0,0.0,0.0,0.0,0,-1,-1,0,0,1,240.0,190.0,1,0,0.0,0.0,200.0,150.0,150.0,150.0,Up,Up,100,50,50,50,55.8743961352657,52.10828025477707,58.87378640776699,52.90384615384615,17,gmregd6v,,,,,0
2,0vigghqi,,0,587,587,FinalPage,ThankYou,2026-09-15 04:46:02.780536,1,,,1222.22,2,,0.0,M_exp_W_exp,,,,,,,,,,,0,0,251,191,,,,,,,,,,,,,,,,,,,1,1,"7, 10",3,0.0,0.0,0.0,0.0,0.0,0,1,1,0,0,1,240.0,190.0,1,0,0.0,0.0,200.0,150.0,150.0,150.0,Up,Up,100,50,50,50,55.8743961352657,52.10828025477707,58.87378640776699,52.90384615384615,17,gmregd6v,,,,,0
3,xu6xugdp,,0,587,587,FinalPage,ThankYou,2026-09-15 04:46:02.378175,1,,,1222.22,3,,0.0,M_exp_W_exp,,,,,,,,,,,0,0,240,190,,,,,,,,,,,,,,,,,,,1,1,"7, 10",3,0.0,0.0,0.0,0.0,0.0,0,0,0,0,0,1,240.0,190.0,1,0,0.0,0.0,200.0,150.0,150.0,150.0,Up,Up,100,50,50,50,55.8743961352657,52.10828025477707,58.87378640776699,52.90384615384615,17,gmregd6v,,,,,0
4,9nn00jux,,0,587,587,FinalPage,ThankYou,2026-09-15 04:46:02.401661,1,,,1333.33,4,,0.0,M_exp_W_exp,,,,,,,,,,,0,0,190,140,,,,,,,,,,,,,,,,,,,1,1,"7, 10",3,0.0,0.0,0.0,0.0,0.0,0,-1,-1,0,0,1,240.0,190.0,1,0,0.0,0.0,200.0,150.0,150.0,150.0,Up,Up,100,50,50,50,55.8743961352657,52.10828025477707,58.87378640776699,52.90384615384615,17,gmregd6v,,,,,0
5,d8azp69w,,0,587,587,FinalPage,ThankYou,2026-09-15 04:46:02.475325,1,,,722.22,5,,0.0,M_exp_W_exp,,,,,,,,,,,0,0,258,193,,,,,,,,,,,,,,,,,,,1,1,"7, 10",3,0.0,0.0,0.0,0.0,0.0,0,1,1,0,0,1,240.0,190.0,1,0,0.0,0.0,200.0,150.0,150.0,150.0,Up,Up,100,50,50,50,55.8743961352657,52.10828025477707,58.87378640776699,52.90384615384615,17,gmregd6v,,,,,0
6,g5ct4rg0,,0,587,587,FinalPage,ThankYou,2026-09-15 04:46:02.961372,1,,,666.67,1,,0.0,M_exp_W_exp,,,,,,,,,,,0,0,210,390,,,,,,,,,,,,,,,,,,,1,1,"7, 10",3,0.0,0.0,0.0,0.0,0.0,0,0,1,0,0,2,210.0,300.0,1,0,0.0,0.0,160.0,100.0,150.0,175.0,Up,Up,60,0,75,50,55.8743961352657,52.10828025477707,58.87378640776699,52.90384615384615,17,gmregd6v,,,,,0
7,utr109q6,,0,587,587,FinalPage,ThankYou,2026-09-15 04:46:02.583853,1,,,1555.56,2,,0.0,M_exp_W_exp,,,,,,,,,,,0,0,300,300,,,,,,,,,,,,,,,,,,,1,1,"7, 10",3,0.0,0.0,0.0,0.0,0.0,0,1,0,0,0,2,210.0,300.0,1,0,0.0,0.0,160.0,100.0,150.0,175.0,Up,Up,60,0,75,50,55.8743961352657,52.10828025477707,58.87378640776699,52.90384615384615,17,gmregd6v,,,,,0
8,uza1lz8f,,0,587,587,FinalPage,ThankYou,2026-09-15 04:46:03.005757,1,,,333.33,3,,0.0,M_exp_W_exp,,,,,,,,,,,0,0,50,300,,,,,,,,,,,,,,,,,,,1,1,"7, 10",3,0.0,0.0,0.0,0.0,0.0,0,-1,-1,0,0,2,210.0,300.0,1,0,0.0,0.0,160.0,100.0,150.0,175.0,Up,Up,60,0,75,50,55.8743961352657,52.10828025477707,58.87378640776699,52.90384615384615,17,gmregd6v,,,,,0
9,3z6ed32t,,0,587,587,FinalPage,ThankYou,2026-09-15 04:46:03.137923,1,,,1277.78,4,,0.0,M_exp_W_exp,,,,,,,,,,,0,0,1,301,,,,,,,,,,,,,,,,,,,1,1,"7, 10",3,0.0,0.0,0.0,0.0,0.0,0,-1,1,0,0,2,210.0,300.0,1,0,0.0,0.0,160.0,100.0,150.0,175.0,Up,Up,60,0,75,50,55.8743961352657,52.10828025477707,58.87378640776699,52.90384615384615,17,gmregd6v,,,,,0
10,pzsakpjx,,0,587,587,FinalPage,ThankYou,2026-09-15 04:46:03.187676,1,,,1333.33,5,,0.0,M_exp_W_exp,,,,,,,,,,,0,0,310,290,,,,,,,,,,,,,,,,,,,1,1,"7, 10",3,0.0,0.0,0.0,0.0,0.0,0,1,-1,0,0,2,210.0,300.0,1,0,0.0,0.0,160.0,100.0,150.0,175.0,Up,Up,60,0,75,50,55.8743961352657,52.10828025477707,58.87378640776699,52.90384615384615,17,gmregd6v,,,,,0
11,h4hoh39u,,0,587,587,FinalPage,ThankYou,2026-09-15 04:46:03.274120,1,,,444.44,1,,0.0,M_exp_W_exp,,,,,,,,,,,0,0,170,168,,,,,,,,,,,,,,,,,,,1,1,"7, 10",3,0.0,0.0,0.0,0.0,0.0,0,-1,-1,0,0,3,195.0,179.0,0,0,0.0,0.0,75.0,50.0,50.0,90.0,Down,Down,50,100,20,100,55.8743961352657,52.10828025477707,58.87378640776699,52.90384615384615,17,gmregd6v,,,,,0
12,jzoxfyc2,,0,587,587,FinalPage,ThankYou,2026-09-15 04:46:03.326008,1,,,500.0,2,,0.0,M_exp_W_exp,,,,,,,,,,,0,0,300,300,,,,,,,,,,,,,,,,,,,1,1,"7, 10",3,0.0,0.0,0.0,0.0,0.0,0,1,1,0,0,3,195.0,179.0,0,0,0.0,0.0,75.0,50.0,50.0,90.0,Down,Down,50,100,20,100,55.8743961352657,52.10828025477707,58.87378640776699,52.90384615384615,17,gmregd6v,,,,,0
13,dqn940v4,,0,587,587,FinalPage,ThankYou,2026-09-15 04:46:03.334007,1,,,555.56,3,,0.0,M_exp_W_exp,,,,,,,,,,,0,0,195,190,,,,,,,,,,,,,,,,,,,1,1,"7, 10",3,0.0,0.0,0.0,0.0,0.0,0,0,1,0,0,3,195.0,179.0,0,0,0.0,0.0,75.0,50.0,50.0,90.0,Down,Down,50,100,20,100,55.8743961352657,52.10828025477707,58.87378640776699,52.90384615384615,17,gmregd6v,,,,,0
14,5l1yk0gm,,0,587,587,FinalPage,ThankYou,2026-09-15 04:46:03.341168,1,,,555.56,4,,0.0,M_exp_W_exp,,,,,,,,,,,0,0,200,100,,,,,,,,,,,,,,,,,,,1,1,"7, 10",3,0.0,0.0,0.0,0.0,0.0,0,1,-1,0,0,3,195.0,179.0,0,0,0.0,0.0,75.0,50.0,50.0,90.0,Down,Down,50,100,20,100,55.8743961352657,52.10828025477707,58.87378640776699,52.90384615384615,17,gmregd6v,,,,,0
15,3fdg4ref,,0,587,587,FinalPage,ThankYou,2026-09-15 04:46:03.350239,1,,,0.0,5,,0.0,M_exp_W_exp,,,,,,,,,,,0,0,195,179,,,,,,,,,,,,,,,,,,,1,1,"7, 10",3,0.0,0.0,0.0,0.0,0.0,0,-1,0,0,0,3,195.0,179.0,0,0,0.0,0.0,75.0,50.0,50.0,90.0,Down,Down,50,100,20,100,55.8743961352657,52.10828025477707,58.87378640776699,52.90384615384615,17,gmregd6v,,,,,0
16,iliayit3,,0,587,587,FinalPage,ThankYou,2026-09-15 04:46:03.416829,1,,,1277.78,1,,0.0,M_exp_W_exp,,,,,,,,,,,0,0,285,275,,,,,,,,,,,,,,,,,,,1,1,"7, 10",3,0.0,0.0,0.0,0.0,0.0,0,-1,0,0,0,4,290.0,275.0,1,1,0.0,0.0,200.0,90.0,175.0,75.0,Up,Down,100,20,75,50,55.8743961352657,52.10828025477707,58.87378640776699,52.90384615384615,17,gmregd6v,,,,,0
17,hpzf5xgg,,0,587,587,FinalPage,ThankYou,2026-09-15 04:46:03.561629,1,,,777.78,2,,0.0,M_exp_W_exp,,,,,,,,,,,0,0,300,300,,,,,,,,,,,,,,,,,,,1,1,"7, 10",3,0.0,0.0,0.0,0.0,0.0,0,1,1,0,0,4,290.0,275.0,1,1,0.0,0.0,200.0,90.0,175.0,75.0,Up,Down,100,20,75,50,55.8743961352657,52.10828025477707,58.87378640776699,52.90384615384615,17,gmregd6v,,,,,0
18,3th28718,,0,587,587,FinalPage,ThankYou,2026-09-15 04:46:05.393109,1,,,722.22,3,,0.0,M_exp_W_exp,,,,,,,,,,,0,0,290,275,,,,,,,,,,,,,,,,,,,1,1,"7, 10",3,0.0,0.0,0.0,0.0,0.0,0,0,-1,0,0,4,290.0,275.0,1,1,0.0,0.0,200.0,90.0,175.0,75.0,Up,Down,100,20,75,50,55.8743961352657,52.10828025477707,58.87378640776699,52.90384615384615,17,gmregd6v,,,,,0
19,hh695q6a,,0,587,587,FinalPage,ThankYou,2026-09-15 04:46:05.412245,1,,,1666.67,4,,0.0,M_exp_W_exp,,,,,,,,,,,0,0,300,280,,,,,,,,,,,,,,,,,,,1,1,"7, 10",3,0.0,0.0,0.0,0.0,0.0,0,1,1,0,0,4,290.0,275.0,1,1,0.0,0.0,200.0,90.0,175.0,75.0,Up,Down,100,20,75,50,55.8743961352657,52.10828025477707,58.87378640776699,52.90384615384615,17,gmregd6v,,,,,0
20,2w7wmunp,,0,587,587,FinalPage,ThankYou,2026-09-15 04:46:05.631685,1,,,500.0,5,,0.0,M_exp_W_exp,,,,,,,,,,,0,0,290,270,,,,,,,,,,,,,,,,,,,1,1,"7, 10",3,0.0,0.0,0.0,0.0,0.0,0,-1,-1,0,0,4,290.0,275.0,1,1,0.0,0.0,200.0,90.0,175.0,75.0,Up,Down,100,20,75,50,55.8743961352657,52.10828025477707,58.87378640776699,52.90384615384615,17,gmregd6v,,,,,0
21,2fon3kdf,,0,587,587,FinalPage,ThankYou,2026-09-15 04:46:05.788969,1,,,1444.44,1,,0.0,M_exp_W_exp,,,,,,,,,,,0,0,265,280,,,,,,,,,,,,,,,,,,,1,1,"7, 10",3,0.0,0.0,0.0,0.0,0.0,0,-1,-1,0,0,5,286.0,285.0,1,1,0.0,0.0,160.0,50.0,110.0,50.0,Up,Down,60,100,10,100,55.8743961352657,52.10828025477707,58.87378640776699,52.90384615384615,17,gmregd6v,,,,,0
22,0vm37wcl,,0,587,587,FinalPage,ThankYou,2026-09-15 04:46:05.953754,1,,,1222.22,2,,0.0,M_exp_W_exp,,,,,,,,,,,0,0,283,285,,,,,,,,,,,,,,,,,,,1,1,"7, 10",3,0.0,0.0,0.0,0.0,0.0,0,-1,0,0,0,5,286.0,285.0,1,1,0.0,0.0,160.0,50.0,110.0,50.0,Up,Down,60,100,10,100,55.8743961352657,52.10828025477707,58.87378640776699,52.90384615384615,17,gmregd6v,,,,,0
23,9902h2kd,,0,587,587,FinalPage,ThankYou,2026-09-15 04:46:06.025371,1,,,1166.67,3,,0.0,M_exp_W_exp,,,,,,,,,,,0,0,286,284,,,,,,,,,,,,,,,,,,,1,1,"7, 10",3,0.0,0.0,0.0,0.0,0.0,0,0,-1,0,0,5,286.0,285.0,1,1,0.0,0.0,160.0,50.0,110.0,50.0,Up,Down,60,100,10,100,55.8743961352657,52.10828025477707,58.87378640776699,52.90384615384615,17,gmregd6v,,,,,0
24,snwy0w01,,0,587,587,FinalPage,ThankYou,2026-09-15 04:46:06.312161,1,,,722.22,4,,0.0,M_exp_W_exp,,,,,,,,,,,0,0,286,286,,,,,,,,,,,,,,,,,,,1,1,"7, 10",3,0.0,0.0,0.0,0.0,0.0,0,1,1,0,0,5,286.0,285.0,1,1,0.0,0.0,160.0,50.0,110.0,50.0,Up,Down,60,100,10,100,55.8743961352657,52.10828025477707,58.87378640776699,52.90384615384615,17,gmregd6v,,,,,0
25,yaickank,,0,587,587,FinalPage,ThankYou,2026-09-15 04:46:06.374332,1,,,444.44,5,,0.0,M_exp_W_exp,,,,,,,,,,,0,0,286,287,,,,,,,,,,,,,,,,,,,1,1,"7, 10",3,0.0,0.0,0.0,0.0,0.0,0,1,1,0,0,5,286.0,285.0,1,1,0.0,0.0,160.0,50.0,110.0,50.0,Up,Down,60,100,10,100,55.8743961352657,52.10828025477707,58.87378640776699,52.90384615384615,17,gmregd6v,,,,,0
1,fwrj2jat,,0,587,587,FinalPage,ThankYou,2026-09-15 04:46:00.628207,1,,,1222.22,1,,0.0,M_exp_W_exp,,,,,,,,,,,0,0,115,115,,,,,,,,,,,,,,,,,,,1,1,"7, 10",3,0.0,0.0,0.0,0.0,0.0,0,-1,-1,0,0,1,257.0,200.0,1,0,0.0,0.0,200.0,150.0,150.0,150.0,Up,Up,100,50,50,50,55.8743961352657,52.10828025477707,58.87378640776699,52.90384615384615,18,gmregd6v,,,,,0
2,0vigghqi,,0,587,587,FinalPage,ThankYou,2026-09-15 04:46:02.780536,1,,,1222.22,2,,0.0,M_exp_W_exp,,,,,,,,,,,0,0,257,205,,,,,,,,,,,,,,,,,,,1,1,"7, 10",3,0.0,0.0,0.0,0.0,0.0,0,0,1,0,0,1,257.0,200.0,1,0,0.0,0.0,200.0,150.0,150.0,150.0,Up,Up,100,50,50,50,55.8743961352657,52.10828025477707,58.87378640776699,52.90384615384615,18,gmregd6v,,,,,0
3,xu6xugdp,,0,587,587,FinalPage,ThankYou,2026-09-15 04:46:02.378175,1,,,1222.22,3,,0.0,M_exp_W_exp,,,,,,,,,,,0,0,300,250,,,,,,,,,,,,,,,,,,,1,1,"7, 10",3,0.0,0.0,0.0,0.0,0.0,0,1,1,0,0,1,257.0,200.0,1,0,0.0,0.0,200.0,150.0,150.0,150.0,Up,Up,100,50,50,50,55.8743961352657,52.10828025477707,58.87378640776699,52.90384615384615,18,gmregd6v,,,,,0
4,9nn00jux,,0,587,587,FinalPage,ThankYou,2026-09-15 04:46:02.401661,1,,,1333.33,4,,0.0,M_exp_W_exp,,,,,,,,,,,0,0,195,155,,,,,,,,,,,,,,,,,,,1,1,"7, 10",3,0.0,0.0,0.0,0.0,0.0,0,-1,-1,0,0,1,257.0,200.0,1,0,0.0,0.0,200.0,150.0,150.0,150.0,Up,Up,100,50,50,50,55.8743961352657,52.10828025477707,58.87378640776699,52.90384615384615,18,gmregd6v,,,,,0
5,d8azp69w,,0,587,587,FinalPage,ThankYou,2026-09-15 04:46:02.475325,1,,,722.22,5,,0.0,M_exp_W_exp,,,,,,,,,,,0,0,260,200,,,,,,,,,,,,,,,,,,,1,1,"7, 10",3,0.0,0.0,0.0,0.0,0.0,0,1,0,0,0,1,257.0,200.0,1,0,0.0,0.0,200.0,150.0,150.0,150.0,Up,Up,100,50,50,50,55.8743961352657,52.10828025477707,58.87378640776699,52.90384615384615,18,gmregd6v,,,,,0
6,g5ct4rg0,,0,587,587,FinalPage,ThankYou,2026-09-15 04:46:02.961372,1,,,666.67,1,,0.0,M_exp_W_exp,,,,,,,,,,,0,0,290,310,,,,,,,,,,,,,,,,,,,1,1,"7, 10",3,0.0,0.0,0.0,0.0,0.0,0,-1,1,0,0,2,300.0,300.0,1,0,0.0,0.0,160.0,100.0,150.0,175.0,Up,Up,60,0,75,50,55.8743961352657,52.10828025477707,58.87378640776699,52.90384615384615,18,gmregd6v,,,,,0
7,utr109q6,,0,587,587,FinalPage,ThankYou,2026-09-15 04:46:02.583853,1,,,1555.56,2,,0.0,M_exp_W_exp,,,,,,,,,,,0,0,300,300,,,,,,,,,,,,,,,,,,,1,1,"7, 10",3,0.0,0.0,0.0,0.0,0.0,0,0,0,0,0,2,300.0,300.0,1,0,0.0,0.0,160.0,100.0,150.0,175.0,Up,Up,60,0,75,50,55.8743961352657,52.10828025477707,58.87378640776699,52.90384615384615,18,gmregd6v,,,,,0
8,uza1lz8f,,0,587,587,FinalPage,ThankYou,2026-09-15 04:46:03.005757,1,,,333.33,3,,0.0,M_exp_W_exp,,,,,,,,,,,0,0,400,200,,,,,,,,,,,,,,,,,,,1,1,"7, 10",3,0.0,0.0,0.0,0.0,0.0,0,1,-1,0,0,2,300.0,300.0,1,0,0.0,0.0,160.0,100.0,150.0,175.0,Up,Up,60,0,75,50,55.8743961352657,52.10828025477707,58.87378640776699,52.90384615384615,18,gmregd6v,,,,,0
9,3z6ed32t,,0,587,587,FinalPage,ThankYou,2026-09-15 04:46:03.137923,1,,,1277.78,4,,0.0,M_exp_W_exp,,,,,,,,,,,0,0,1,301,,,,,,,,,,,,,,,,,,,1,1,"7, 10",3,0.0,0.0,0.0,0.0,0.0,0,-1,1,0,0,2,300.0,300.0,1,0,0.0,0.0,160.0,100.0,150.0,175.0,Up,Up,60,0,75,50,55.8743961352657,52.10828025477707,58.87378640776699,52.90384615384615,18,gmregd6v,,,,,0
10,pzsakpjx,,0,587,587,FinalPage,ThankYou,2026-09-15 04:46:03.187676,1,,,1333.33,5,,0.0,M_exp_W_exp,,,,,,,,,,,0,0,310,290,,,,,,,,,,,,,,,,,,,1,1,"7, 10",3,0.0,0.0,0.0,0.0,0.0,0,1,-1,0,0,2,300.0,300.0,1,0,0.0,0.0,160.0,100.0,150.0,175.0,Up,Up,60,0,75,50,55.8743961352657,52.10828025477707,58.87378640776699,52.90384615384615,18,gmregd6v,,,,,0
11,h4hoh39u,,0,587,587,FinalPage,ThankYou,2026-09-15 04:46:03.274120,1,,,444.44,1,,0.0,M_exp_W_exp,,,,,,,,,,,0,0,180,165,,,,,,,,,,,,,,,,,,,1,1,"7, 10",3,0.0,0.0,0.0,0.0,0.0,0,-1,-1,0,0,3,195.0,180.0,0,0,0.0,0.0,75.0,50.0,50.0,90.0,Down,Down,50,100,20,100,55.8743961352657,52.10828025477707,58.87378640776699,52.90384615384615,18,gmregd6v,,,,,0
12,jzoxfyc2,,0,587,587,FinalPage,ThankYou,2026-09-15 04:46:03.326008,1,,,500.0,2,,0.0,M_exp_W_exp,,,,,,,,,,,0,0,300,300,,,,,,,,,,,,,,,,,,,1,1,"7, 10",3,0.0,0.0,0.0,0.0,0.0,0,1,1,0,0,3,195.0,180.0,0,0,0.0,0.0,75.0,50.0,50.0,90.0,Down,Down,50,100,20,100,55.8743961352657,52.10828025477707,58.87378640776699,52.90384615384615,18,gmregd6v,,,,,0
13,dqn940v4,,0,587,587,FinalPage,ThankYou,2026-09-15 04:46:03.334007,1,,,555.56,3,,0.0,M_exp_W_exp,,,,,,,,,,,0,0,195,190,,,,,,,,,,,,,,,,,,,1,1,"7, 10",3,0.0,0.0,0.0,0.0,0.0,0,0,1,0,0,3,195.0,180.0,0,0,0.0,0.0,75.0,50.0,50.0,90.0,Down,Down,50,100,20,100,55.8743961352657,52.10828025477707,58.87378640776699,52.90384615384615,18,gmregd6v,,,,,0
14,5l1yk0gm,,0,587,587,FinalPage,ThankYou,2026-09-15 04:46:03.341168,1,,,555.56,4,,0.0,M_exp_W_exp,,,,,,,,,,,0,0,100,100,,,,,,,,,,,,,,,,,,,1,1,"7, 10",3,0.0,0.0,0.0,0.0,0.0,0,-1,-1,0,0,3,195.0,180.0,0,0,0.0,0.0,75.0,50.0,50.0,90.0,Down,Down,50,100,20,100,55.8743961352657,52.10828025477707,58.87378640776699,52.90384615384615,18,gmregd6v,,,,,0
15,3fdg4ref,,0,587,587,FinalPage,ThankYou,2026-09-15 04:46:03.350239,1,,,0.0,5,,0.0,M_exp_W_exp,,,,,,,,,,,0,0,200,180,,,,,,,,,,,,,,,,,,,1,1,"7, 10",3,0.0,0.0,0.0,0.0,0.0,0,1,0,0,0,3,195.0,180.0,0,0,0.0,0.0,75.0,50.0,50.0,90.0,Down,Down,50,100,20,100,55.8743961352657,52.10828025477707,58.87378640776699,52.90384615384615,18,gmregd6v,,,,,0
16,iliayit3,,0,587,587,FinalPage,ThankYou,2026-09-15 04:46:03.416829,1,,,1277.78,1,,0.0,M_exp_W_exp,,,,,,,,,,,0,0,280,270,,,,,,,,,,,,,,,,,,,1,1,"7, 10",3,0.0,0.0,0.0,0.0,0.0,0,-1,-1,0,0,4,290.0,275.0,1,1,0.0,0.0,200.0,90.0,175.0,75.0,Up,Down,100,20,75,50,55.8743961352657,52.10828025477707,58.87378640776699,52.90384615384615,18,gmregd6v,,,,,0
17,hpzf5xgg,,0,587,587,FinalPage,ThankYou,2026-09-15 04:46:03.561629,1,,,777.78,2,,0.0,M_exp_W_exp,,,,,,,,,,,0,0,300,300,,,,,,,,,,,,,,,,,,,1,1,"7, 10",3,0.0,0.0,0.0,0.0,0.0,0,1,1,0,0,4,290.0,275.0,1,1,0.0,0.0,200.0,90.0,175.0,75.0,Up,Down,100,20,75,50,55.8743961352657,52.10828025477707,58.87378640776699,52.90384615384615,18,gmregd6v,,,,,0
18,3th28718,,0,587,587,FinalPage,ThankYou,2026-09-15 04:46:05.393109,1,,,722.22,3,,0.0,M_exp_W_exp,,,,,,,,,,,0,0,290,275,,,,,,,,,,,,,,,,,,,1,1,"7, 10",3,0.0,0.0,0.0,0.0,0.0,0,0,-1,0,0,4,290.0,275.0,1,1,0.0,0.0,200.0,90.0,175.0,75.0,Up,Down,100,20,75,50,55.8743961352657,52.10828025477707,58.87378640776699,52.90384615384615,18,gmregd6v,,,,,0
19,hh695q6a,,0,587,587,FinalPage,ThankYou,2026-09-15 04:46:05.412245,1,,,1666.67,4,,0.0,M_exp_W_exp,,,,,,,,,,,0,0,290,275,,,,,,,,,,,,,,,,,,,1,1,"7, 10",3,0.0,0.0,0.0,0.0,0.0,0,1,0,0,0,4,290.0,275.0,1,1,0.0,0.0,200.0,90.0,175.0,75.0,Up,Down,100,20,75,50,55.8743961352657,52.10828025477707,58.87378640776699,52.90384615384615,18,gmregd6v,,,,,0
20,2w7wmunp,,0,587,587,FinalPage,ThankYou,2026-09-15 04:46:05.631685,1,,,500.0,5,,0.0,M_exp_W_exp,,,,,,,,,,,0,0,289,297,,,,,,,,,,,,,,,,,,,1,1,"7, 10",3,0.0,0.0,0.0,0.0,0.0,0,-1,1,0,0,4,290.0,275.0,1,1,0.0,0.0,200.0,90.0,175.0,75.0,Up,Down,100,20,75,50,55.8743961352657,52.10828025477707,58.87378640776699,52.90384615384615,18,gmregd6v,,,,,0
21,2fon3kdf,,0,587,587,FinalPage,ThankYou,2026-09-15 04:46:05.788969,1,,,1444.44,1,,0.0,M_exp_W_exp,,,,,,,,,,,0,0,280,280,,,,,,,,,,,,,,,,,,,1,1,"7, 10",3,0.0,0.0,0.0,0.0,0.0,0,-1,-1,0,0,5,284.0,285.0,1,1,0.0,0.0,160.0,50.0,110.0,50.0,Up,Down,60,100,10,100,55.8743961352657,52.10828025477707,58.87378640776699,52.90384615384615,18,gmregd6v,,,,,0
22,0vm37wcl,,0,587,587,FinalPage,ThankYou,2026-09-15 04:46:05.953754,1,,,1222.22,2,,0.0,M_exp_W_exp,,,,,,,,,,,0,0,283,285,,,,,,,,,,,,,,,,,,,1,1,"7, 10",3,0.0,0.0,0.0,0.0,0.0,0,-1,0,0,0,5,284.0,285.0,1,1,0.0,0.0,160.0,50.0,110.0,50.0,Up,Down,60,100,10,100,55.8743961352657,52.10828025477707,58.87378640776699,52.90384615384615,18,gmregd6v,,,,,0
23,9902h2kd,,0,587,587,FinalPage,ThankYou,2026-09-15 04:46:06.025371,1,,,1166.67,3,,0.0,M_exp_W_exp,,,,,,,,,,,0,0,284,284,,,,,,,,,,,,,,,,,,,1,1,"7, 10",3,0.0,0.0,0.0,0.0,0.0,0,0,-1,0,0,5,284.0,285.0,1,1,0.0,0.0,160.0,50.0,110.0,50.0,Up,Down,60,100,10,100,55.8743961352657,52.10828025477707,58.87378640776699,52.90384615384615,18,gmregd6v,,,,,0
24,snwy0w01,,0,587,587,FinalPage,ThankYou,2026-09-15 04:46:06.312161,1,,,722.22,4,,0.0,M_exp_W_exp,,,,,,,,,,,0,0,287,286,,,,,,,,,,,,,,,,,,,1,1,"7, 10",3,0.0,0.0,0.0,0.0,0.0,0,1,1,0,0,5,284.0,285.0,1,1,0.0,0.0,160.0,50.0,110.0,50.0,Up,Down,60,100,10,100,55.8743961352657,52.10828025477707,58.87378640776699,52.90384615384615,18,gmregd6v,,,,,0
25,yaickank,,0,587,587,FinalPage,ThankYou,2026-09-15 04:46:06.374332,1,,,444.44,5,,0.0,M_exp_W_exp,,,,,,,,,,,0,0,288,287,,,,,,,,,,,,,,,,,,,1,1,"7, 10",3,0.0,0.0,0.0,0.0,0.0,0,1,1,0,0,5,284.0,285.0,1,1,0.0,0.0,160.0,50.0,110.0,50.0,Up,Down,60,100,10,100,55.8743961352657,52.10828025477707,58.87378640776699,52.90384615384615,18,gmregd6v,,,,,0
1,fwrj2jat,,0,587,587,FinalPage,ThankYou,2026-09-15 04:46:00.628207,1,,,1222.22,1,,0.0,M_exp_W_exp,,,,,,,,,,,0,0,115,115,,,,,,,,,,,,,,,,,,,1,1,"7, 10",3,0.0,0.0,0.0,0.0,0.0,0,-1,-1,0,0,1,252.0,208.0,1,0,0.0,0.0,200.0,150.0,150.0,150.0,Up,Up,100,50,50,50,55.8743961352657,52.10828025477707,58.87378640776699,52.90384615384615,19,gmregd6v,,,,,0
2,0vigghqi,,0,587,587,FinalPage,ThankYou,2026-09-15 04:46:02.780536,1,,,1222.22,2,,0.0,M_exp_W_exp,,,,,,,,,,,0,0,252,208,,,,,,,,,,,,,,,,,,,1,1,"7, 10",3,0.0,0.0,0.0,0.0,0.0,0,0,0,0,0,1,252.0,208.0,1,0,0.0,0.0,200.0,150.0,150.0,150.0,Up,Up,100,50,50,50,55.8743961352657,52.10828025477707,58.87378640776699,52.90384615384615,19,gmregd6v,,,,,0
3,xu6xugdp,,0,587,587,FinalPage,ThankYou,2026-09-15 04:46:02.378175,1,,,1222.22,3,,0.0,M_exp_W_exp,,,,,,,,,,,0,0,300,250,,,,,,,,,,,,,,,,,,,1,1,"7, 10",3,0.0,0.0,0.0,0.0,0.0,0,1,1,0,0,1,252.0,208.0,1,0,0.0,0.0,200.0,150.0,150.0,150.0,Up,Up,100,50,50,50,55.8743961352657,52.10828025477707,58.87378640776699,52.90384615384615,19,gmregd6v,,,,,0
4,9nn00jux,,0,587,587,FinalPage,ThankYou,2026-09-15 04:46:02.401661,1,,,1333.33,4,,0.0,M_exp_W_exp,,,,,,,,,,,0,0,195,155,,,,,,,,,,,,,,,,,,,1,1,"7, 10",3,0.0,0.0,0.0,0.0,0.0,0,-1,-1,0,0,1,252.0,208.0,1,0,0.0,0.0,200.0,150.0,150.0,150.0,Up,Up,100,50,50,50,55.8743961352657,52.10828025477707,58.87378640776699,52.90384615384615,19,gmregd6v,,,,,0
5,d8azp69w,,0,587,587,FinalPage,ThankYou,2026-09-15 04:46:02.475325,1,,,722.22,5,,0.0,M_exp_W_exp,,,,,,,,,,,0,0,280,230,,,,,,,,,,,,,,,,,,,1,1,"7, 10",3,0.0,0.0,0.0,0.0,0.0,0,1,1,0,0,1,252.0,208.0,1,0,0.0,0.0,200.0,150.0,150.0,150.0,Up,Up,100,50,50,50,55.8743961352657,52.10828025477707,58.87378640776699,52.90384615384615,19,gmregd6v,,,,,0
6,g5ct4rg0,,0,587,587,FinalPage,ThankYou,2026-09-15 04:46:02.961372,1,,,666.67,1,,0.0,M_exp_W_exp,,,,,,,,,,,0,0,323,26,,,,,,,,,,,,,,,,,,,1,1,"7, 10",3,0.0,0.0,0.0,0.0,0.0,0,1,-1,0,0,2,300.0,300.0,1,0,0.0,0.0,160.0,100.0,150.0,175.0,Up,Up,60,0,75,50,55.8743961352657,52.10828025477707,58.87378640776699,52.90384615384615,19,gmregd6v,,,,,0
7,utr109q6,,0,587,587,FinalPage,ThankYou,2026-09-15 04:46:02.583853,1,,,1555.56,2,,0.0,M_exp_W_exp,,,,,,,,,,,0,0,300,300,,,,,,,,,,,,,,,,,,,1,1,"7, 10",3,0.0,0.0,0.0,0.0,0.0,0,0,1,0,0,2,300.0,300.0,1,0,0.0,0.0,160.0,100.0,150.0,175.0,Up,Up,60,0,75,50,55.8743961352657,52.10828025477707,58.87378640776699,52.90384615384615,19,gmregd6v,,,,,0
8,uza1lz8f,,0,587,587,FinalPage,ThankYou,2026-09-15 04:46:03.005757,1,,,333.33,3,,0.0,M_exp_W_exp,,,,,,,,,,,0,0,300,300,,,,,,,,,,,,,,,,,,,1,1,"7, 10",3,0.0,0.0,0.0,0.0,0.0,0,-1,0,0,0,2,300.0,300.0,1,0,0.0,0.0,160.0,100.0,150.0,175.0,Up,Up,60,0,75,50,55.8743961352657,52.10828025477707,58.87378640776699,52.90384615384615,19,gmregd6v,,,,,0
9,3z6ed32t,,0,587,587,FinalPage,ThankYou,2026-09-15 04:46:03.137923,1,,,1277.78,4,,0.0,M_exp_W_exp,,,,,,,,,,,0,0,1,301,,,,,,,,,,,,,,,,,,,1,1,"7, 10",3,0.0,0.0,0.0,0.0,0.0,0,-1,1,0,0,2,300.0,300.0,1,0,0.0,0.0,160.0,100.0,150.0,175.0,Up,Up,60,0,75,50,55.8743961352657,52.10828025477707,58.87378640776699,52.90384615384615,19,gmregd6v,,,,,0
10,pzsakpjx,,0,587,587,FinalPage,ThankYou,2026-09-15 04:46:03.187676,1,,,1333.33,5,,0.0,M_exp_W_exp,,,,,,,,,,,0,0,310,290,,,,,,,,,,,,,,,,,,,1,1,"7, 10",3,0.0,0.0,0.0,0.0,0.0,0,1,-1,0,0,2,300.0,300.0,1,0,0.0,0.0,160.0,100.0,150.0,175.0,Up,Up,60,0,75,50,55.8743961352657,52.10828025477707,58.87378640776699,52.90384615384615,19,gmregd6v,,,,,0
11,h4hoh39u,,0,587,587,FinalPage,ThankYou,2026-09-15 04:46:03.274120,1,,,444.44,1,,0.0,M_exp_W_exp,,,,,,,,,,,0,0,185,170,,,,,,,,,,,,,,,,,,,1,1,"7, 10",3,0.0,0.0,0.0,0.0,0.0,0,-1,-1,0,0,3,196.0,190.0,0,0,0.0,0.0,75.0,50.0,50.0,90.0,Down,Down,50,100,20,100,55.8743961352657,52.10828025477707,58.87378640776699,52.90384615384615,19,gmregd6v,,,,,0
12,jzoxfyc2,,0,587,587,FinalPage,ThankYou,2026-09-15 04:46:03.326008,1,,,500.0,2,,0.0,M_exp_W_exp,,,,,,,,,,,0,0,300,300,,,,,,,,,,,,,,,,,,,1,1,"7, 10",3,0.0,0.0,0.0,0.0,0.0,0,1,1,0,0,3,196.0,190.0,0,0,0.0,0.0,75.0,50.0,50.0,90.0,Down,Down,50,100,20,100,55.8743961352657,52.10828025477707,58.87378640776699,52.90384615384615,19,gmregd6v,,,,,0
13,dqn940v4,,0,587,587,FinalPage,ThankYou,2026-09-15 04:46:03.334007,1,,,555.56,3,,0.0,M_exp_W_exp,,,,,,,,,,,0,0,200,190,,,,,,,,,,,,,,,,,,,1,1,"7, 10",3,0.0,0.0,0.0,0.0,0.0,0,1,0,0,0,3,196.0,190.0,0,0,0.0,0.0,75.0,50.0,50.0,90.0,Down,Down,50,100,20,100,55.8743961352657,52.10828025477707,58.87378640776699,52.90384615384615,19,gmregd6v,,,,,0
14,5l1yk0gm,,0,587,587,FinalPage,ThankYou,2026-09-15 04:46:03.341168,1,,,555.56,4,,0.0,M_exp_W_exp,,,,,,,,,,,0,0,150,150,,,,,,,,,,,,,,,,,,,1,1,"7, 10",3,0.0,0.0,0.0,0.0,0.0,0,-1,-1,0,0,3,196.0,190.0,0,0,0.0,0.0,75.0,50.0,50.0,90.0,Down,Down,50,100,20,100,55.8743961352657,52.10828025477707,58.87378640776699,52.90384615384615,19,gmregd6v,,,,,0
15,3fdg4ref,,0,587,587,FinalPage,ThankYou,2026-09-15 04:46:03.350239,1,,,0.0,5,,0.0,M_exp_W_exp,,,,,,,,,,,0,0,196,196,,,,,,,,,,,,,,,,,,,1,1,"7, 10",3,0.0,0.0,0.0,0.0,0.0,0,0,1,0,0,3,196.0,190.0,0,0,0.0,0.0,75.0,50.0,50.0,90.0,Down,Down,50,100,20,100,55.8743961352657,52.10828025477707,58.87378640776699,52.90384615384615,19,gmregd6v,,,,,0
16,iliayit3,,0,587,587,FinalPage,ThankYou,2026-09-15 04:46:03.416829,1,,,1277.78,1,,0.0,M_exp_W_exp,,,,,,,,,,,0,0,285,270,,,,,,,,,,,,,,,,,,,1,1,"7, 10",3,0.0,0.0,0.0,0.0,0.0,0,-1,0,0,0,4,290.0,270.0,1,1,0.0,0.0,200.0,90.0,175.0,75.0,Up,Down,100,20,75,50,55.8743961352657,52.10828025477707,58.87378640776699,52.90384615384615,19,gmregd6v,,,,,0
17,hpzf5xgg,,0,587,587,FinalPage,ThankYou,2026-09-15 04:46:03.561629,1,,,777.78,2,,0.0,M_exp_W_exp,,,,,,,,,,,0,0,300,300,,,,,,,,,,,,,,,,,,,1,1,"7, 10",3,0.0,0.0,0.0,0.0,0.0,0,1,1,0,0,4,290.0,270.0,1,1,0.0,0.0,200.0,90.0,175.0,75.0,Up,Down,100,20,75,50,55.8743961352657,52.10828025477707,58.87378640776699,52.90384615384615,19,gmregd6v,,,,,0
18,3th28718,,0,587,587,FinalPage,ThankYou,2026-09-15 04:46:05.393109,1,,,722.22,3,,0.0,M_exp_W_exp,,,,,,,,,,,0,0,300,270,,,,,,,,,,,,,,,,,,,1,1,"7, 10",3,0.0,0.0,0.0,0.0,0.0,0,1,-1,0,0,4,290.0,270.0,1,1,0.0,0.0,200.0,90.0,175.0,75.0,Up,Down,100,20,75,50,55.8743961352657,52.10828025477707,58.87378640776699,52.90384615384615,19,gmregd6v,,,,,0
19,hh695q6a,,0,587,587,FinalPage,ThankYou,2026-09-15 04:46:05.412245,1,,,1666.67,4,,0.0,M_exp_W_exp,,,,,,,,,,,0,0,290,275,,,,,,,,,,,,,,,,,,,1,1,"7, 10",3,0.0,0.0,0.0,0.0,0.0,0,0,1,0,0,4,290.0,270.0,1,1,0.0,0.0,200.0,90.0,175.0,75.0,Up,Down,100,20,75,50,55.8743961352657,52.10828025477707,58.87378640776699,52.90384615384615,19,gmregd6v,,,,,0
20,2w7wmunp,,0,587,587,FinalPage,ThankYou,2026-09-15 04:46:05.631685,1,,,500.0,5,,0.0,M_exp_W_exp,,,,,,,,,,,0,0,278,267,,,,,,,,,,,,,,,,,,,1,1,"7, 10",3,0.0,0.0,0.0,0.0,0.0,0,-1,-1,0,0,4,290.0,270.0,1,1,0.0,0.0,200.0,90.0,175.0,75.0,Up,Down,100,20,75,50,55.8743961352657,52.10828025477707,58.87378640776699,52.90384615384615,19,gmregd6v,,,,,0
21,2fon3kdf,,0,587,587,FinalPage,ThankYou,2026-09-15 04:46:05.788969,1,,,1444.44,1,,0.0,M_exp_W_exp,,,,,,,,,,,0,0,281,281,,,,,,,,,,,,,,,,,,,1,1,"7, 10",3,0.0,0.0,0.0,0.0,0.0,0,-1,-1,0,0,5,284.0,285.0,1,1,0.0,0.0,160.0,50.0,110.0,50.0,Up,Down,60,100,10,100,55.8743961352657,52.10828025477707,58.87378640776699,52.90384615384615,19,gmregd6v,,,,,0
22,0vm37wcl,,0,587,587,FinalPage,ThankYou,2026-09-15 04:46:05.953754,1,,,1222.22,2,,0.0,M_exp_W_exp,,,,,,,,,,,0,0,284,285,,,,,,,,,,,,,,,,,,,1,1,"7, 10",3,0.0,0.0,0.0,0.0,0.0,0,0,0,0,0,5,284.0,285.0,1,1,0.0,0.0,160.0,50.0,110.0,50.0,Up,Down,60,100,10,100,55.8743961352657,52.10828025477707,58.87378640776699,52.90384615384615,19,gmregd6v,,,,,0
23,9902h2kd,,0,587,587,FinalPage,ThankYou,2026-09-15 04:46:06.025371,1,,,1166.67,3,,0.0,M_exp_W_exp,,,,,,,,,,,0,0,283,286,,,,,,,,,,,,,,,,,,,1,1,"7, 10",3,0.0,0.0,0.0,0.0,0.0,0,-1,1,0,0,5,284.0,285.0,1,1,0.0,0.0,160.0,50.0,110.0,50.0,Up,Down,60,100,10,100,55.8743961352657,52.10828025477707,58.87378640776699,52.90384615384615,19,gmregd6v,,,,,0
24,snwy0w01,,0,587,587,FinalPage,ThankYou,2026-09-15 04:46:06.312161,1,,,722.22,4,,0.0,M_exp_W_exp,,,,,,,,,,,0,0,285,285,,,,,,,,,,,,,,,,,,,1,1,"7, 10",3,0.0,0.0,0.0,0.0,0.0,0,1,-1,0,0,5,284.0,285.0,1,1,0.0,0.0,160.0,50.0,110.0,50.0,Up,Down,60,100,10,100,55.8743961352657,52.10828025477707,58.87378640776699,52.90384615384615,19,gmregd6v,,,,,0
25,yaickank,,0,587,587,FinalPage,ThankYou,2026-09-15 04:46:06.374332,1,,,444.44,5,,0.0,M_exp_W_exp,,,,,,,,,,,0,0,286,287,,,,,,,,,,,,,,,,,,,1,1,"7, 10",3,0.0,0.0,0.0,0.0,0.0,0,1,1,0,0,5,284.0,285.0,1,1,0.0,0.0,160.0,50.0,110.0,50.0,Up,Down,60,100,10,100,55.8743961352657,52.10828025477707,58.87378640776699,52.90384615384615,19,gmregd6v,,,,,0
1,fwrj2jat,,0,587,587,FinalPage,ThankYou,2026-09-15 04:46:00.628207,1,,,1222.22,1,,1227.0,M_exp_W_exp,,,,,,,,,,,0,0,115,115,,,,,,,,,,,,,,,,,,,1,1,"7, 10",3,170.0,185.0,872.0,1227.0,0.0,0,-1,-1,0,0,1,243.0,190.0,1,0,0.0,0.0,200.0,150.0,150.0,150.0,Up,Up,100,50,50,50,55.8743961352657,52.10828025477707,58.87378640776699,52.90384615384615,20,gmregd6v,,,,,0
2,0vigghqi,,0,587,587,FinalPage,ThankYou,2026-09-15 04:46:02.780536,1,,,1222.22,2,,1182.0,M_exp_W_exp,,,,,,,,,,,0,0,243,190,,,,,,,,,,,,,,,,,,,1,1,"7, 10",3,200.0,195.0,787.0,1182.0,0.0,0,0,0,0,0,1,243.0,190.0,1,0,0.0,0.0,200.0,150.0,150.0,150.0,Up,Up,100,50,50,50,55.8743961352657,52.10828025477707,58.87378640776699,52.90384615384615,20,gmregd6v,,,,,0
3,xu6xugdp,,0,587,587,FinalPage,ThankYou,2026-09-15 04:46:02.378175,1,,,1222.22,3,,1148.0,M_exp_W_exp,,,,,,,,,,,0,0,275,225,,,,,,,,,,,,,,,,,,,1,1,"7, 10",3,300.0,175.0,673.0,1148.0,0.0,0,1,1,0,0,1,243.0,190.0,1,0,0.0,0.0,200.0,150.0,150.0,150.0,Up,Up,100,50,50,50,55.8743961352657,52.10828025477707,58.87378640776699,52.90384615384615,20,gmregd6v,,,,,0
4,9nn00jux,,0,587,587,FinalPage,ThankYou,2026-09-15 04:46:02.401661,1,,,1333.33,4,,1367.75,M_exp_W_exp,,,,,,,,,,,0,0,195,155,,,,,,,,,,,,,,,,,,,1,1,"7, 10",3,300.0,200.0,729.0,1229.0,138.75,1,-1,-1,0,0,1,243.0,190.0,1,0,0.0,0.0,200.0,150.0,150.0,150.0,Up,Up,100,50,50,50,55.8743961352657,52.10828025477707,58.87378640776699,52.90384615384615,20,gmregd6v,,,,,0
5,d8azp69w,,0,587,587,FinalPage,ThankYou,2026-09-15 04:46:02.475325,1,,,722.22,5,,739.0,M_exp_W_exp,,,,,,,,,,,0,0,252,200,,,,,,,,,,,,,,,,,,,1,1,"7, 10",3,110.0,190.0,439.0,739.0,0.0,0,1,1,0,0,1,243.0,190.0,1,0,0.0,0.0,200.0,150.0,150.0,150.0,Up,Up,100,50,50,50,55.8743961352657,52.10828025477707,58.87378640776699,52.90384615384615,20,gmregd6v,,,,,0
6,g5ct4rg0,,0,587,587,FinalPage,ThankYou,2026-09-15 04:46:02.961372,1,,,666.67,1,,621.0,M_exp_W_exp,,,,,,,,,,,0,0,100,500,,,,,,,,,,,,,,,,,,,1,1,"7, 10",3,180.0,139.0,302.0,621.0,0.0,0,-1,1,0,0,2,300.0,300.0,1,0,0.0,0.0,160.0,100.0,150.0,175.0,Up,Up,60,0,75,50,55.8743961352657,52.10828025477707,58.87378640776699,52.90384615384615,20,gmregd6v,,,,,0
7,utr109q6,,0,587,587,FinalPage,ThankYou,2026-09-15 04:46:02.583853,1,,,1555.56,2,,1474.0,M_exp_W_exp,,,,,,,,,,,0,0,300,300,,,,,,,,,,,,,,,,,,,1,1,"7, 10",3,300.0,151.0,798.0,1249.0,225.0,1,0,0,0,0,2,300.0,300.0,1,0,0.0,0.0,160.0,100.0,150.0,175.0,Up,Up,60,0,75,50,55.8743961352657,52.10828025477707,58.87378640776699,52.90384615384615,20,gmregd6v,,,,,0
8,uza1lz8f,,0,587,587,FinalPage,ThankYou,2026-09-15 04:46:03.005757,1,,,333.33,3,,376.0,M_exp_W_exp,,,,,,,,,,,0,0,301,294,,,,,,,,,,,,,,,,,,,1,1,"7, 10",3,150.0,136.0,90.0,376.0,0.0,0,1,-1,0,0,2,300.0,300.0,1,0,0.0,0.0,160.0,100.0,150.0,175.0,Up,Up,60,0,75,50,55.8743961352657,52.10828025477707,58.87378640776699,52.90384615384615,20,gmregd6v,,,,,0
9,3z6ed32t,,0,587,587,FinalPage,ThankYou,2026-09-15 04:46:03.137923,1,,,1277.78,4,,1187.0,M_exp_W_exp,,,,,,,,,,,0,0,1,301,,,,,,,,,,,,,,,,,,,1,1,"7, 10",3,300.0,127.0,610.0,1037.0,150.0,1,-1,1,0,0,2,300.0,300.0,1,0,0.0,0.0,160.0,100.0,150.0,175.0,Up,Up,60,0,75,50,55.8743961352657,52.10828025477707,58.87378640776699,52.90384615384615,20,gmregd6v,,,,,0
10,pzsakpjx,,0,587,587,FinalPage,ThankYou,2026-09-15 04:46:03.187676,1,,,1333.33,5,,1320.0,M_exp_W_exp,,,,,,,,,,,0,0,310,290,,,,,,,,,,,,,,,,,,,1,1,"7, 10",3,150.0,145.0,800.0,1095.0,225.0,1,1,-1,0,0,2,300.0,300.0,1,0,0.0,0.0,160.0,100.0,150.0,175.0,Up,Up,60,0,75,50,55.8743961352657,52.10828025477707,58.87378640776699,52.90384615384615,20,gmregd6v,,,,,0
11,h4hoh39u,,0,587,587,FinalPage,ThankYou,2026-09-15 04:46:03.274120,1,,,444.44,1,,442.5,M_exp_W_exp,,,,,,,,,,,0,0,190,180,,,,,,,,,,,,,,,,,,,1,1,"7, 10",3,75.0,67.5,300.0,442.5,0.0,0,-1,-1,0,0,3,200.0,194.0,0,0,0.0,0.0,75.0,50.0,50.0,90.0,Down,Down,50,100,20,100,55.8743961352657,52.10828025477707,58.87378640776699,52.90384615384615,20,gmregd6v,,,,,0
12,jzoxfyc2,,0,587,587,FinalPage,ThankYou,2026-09-15 04:46:03.326008,1,,,500.0,2,,427.5,M_exp_W_exp,,,,,,,,,,,0,0,300,300,,,,,,,,,,,,,,,,,,,1,1,"7, 10",3,50.0,57.5,320.0,427.5,0.0,0,1,1,0,0,3,200.0,194.0,0,0,0.0,0.0,75.0,50.0,50.0,90.0,Down,Down,50,100,20,100,55.8743961352657,52.10828025477707,58.87378640776699,52.90384615384615,20,gmregd6v,,,,,0
13,dqn940v4,,0,587,587,FinalPage,ThankYou,2026-09-15 04:46:03.334007,1,,,555.56,3,,566.25,M_exp_W_exp,,,,,,,,,,,0,0,200,200,,,,,,,,,,,,,,,,,,,1,1,"7, 10",3,80.0,66.25,420.0,566.25,0.0,0,0,1,0,0,3,200.0,194.0,0,0,0.0,0.0,75.0,50.0,50.0,90.0,Down,Down,50,100,20,100,55.8743961352657,52.10828025477707,58.87378640776699,52.90384615384615,20,gmregd6v,,,,,0
14,5l1yk0gm,,0,587,587,FinalPage,ThankYou,2026-09-15 04:46:03.341168,1,,,555.56,4,,520.0,M_exp_W_exp,,,,,,,,,,,0,0,150,190,,,,,,,,,,,,,,,,,,,1,1,"7, 10",3,75.0,65.0,380.0,520.0,0.0,0,-1,-1,0,0,3,200.0,194.0,0,0,0.0,0.0,75.0,50.0,50.0,90.0,Down,Down,50,100,20,100,55.8743961352657,52.10828025477707,58.87378640776699,52.90384615384615,20,gmregd6v,,,,,0
15,3fdg4ref,,0,587,587,FinalPage,ThankYou,2026-09-15 04:46:03.350239,1,,,0.0,5,,-30.0,M_exp_W_exp,,,,,,,,,,,0,0,200,194,,,,,,,,,,,,,,,,,,,1,1,"7, 10",3,75.0,65.0,-170.0,-30.0,0.0,0,1,0,0,0,3,200.0,194.0,0,0,0.0,0.0,75.0,50.0,50.0,90.0,Down,Down,50,100,20,100,55.8743961352657,52.10828025477707,58.87378640776699,52.90384615384615,20,gmregd6v,,,,,0
16,iliayit3,,0,587,587,FinalPage,ThankYou,2026-09-15 04:46:03.416829,1,,,1277.78,1,,1298.0,M_exp_W_exp,,,,,,,,,,,0,0,280,270,,,,,,,,,,,,,,,,,,,1,1,"7, 10",3,150.0,178.0,970.0,1298.0,0.0,0,-1,0,0,0,4,290.0,270.0,1,1,0.0,0.0,200.0,90.0,175.0,75.0,Up,Down,100,20,75,50,55.8743961352657,52.10828025477707,58.87378640776699,52.90384615384615,20,gmregd6v,,,,,0
17,hpzf5xgg,,0,587,587,FinalPage,ThankYou,2026-09-15 04:46:03.561629,1,,,777.78,2,,793.5,M_exp_W_exp,,,,,,,,,,,0,0,300,300,,,,,,,,,,,,,,,,,,,1,1,"7, 10",3,300.0,183.5,310.0,793.5,0.0,0,1,1,0,0,4,290.0,270.0,1,1,0.0,0.0,200.0,90.0,175.0,75.0,Up,Down,100,20,75,50,55.8743961352657,52.10828025477707,58.87378640776699,52.90384615384615,20,gmregd6v,,,,,0
18,3th28718,,0,587,587,FinalPage,ThankYou,2026-09-15 04:46:05.393109,1,,,722.22,3,,756.0,M_exp_W_exp,,,,,,,,,,,0,0,300,260,,,,,,,,,,,,,,,,,,,1,1,"7, 10",3,200.0,156.0,400.0,756.0,0.0,0,1,-1,0,0,4,290.0,270.0,1,1,0.0,0.0,200.0,90.0,175.0,75.0,Up,Down,100,20,75,50,55.8743961352657,52.10828025477707,58.87378640776699,52.90384615384615,20,gmregd6v,,,,,0
19,hh695q6a,,0,587,587,FinalPage,ThankYou,2026-09-15 04:46:05.412245,1,,,1666.67,4,,1585.7,M_exp_W_exp,,,,,,,,,,,0,0,290,265,,,,,,,,,,,,,,,,,,,1,1,"7, 10",3,167.0,163.7,1030.0,1360.7,225.0,1,0,-1,0,0,4,290.0,270.0,1,1,0.0,0.0,200.0,90.0,175.0,75.0,Up,Down,100,20,75,50,55.8743961352657,52.10828025477707,58.87378640776699,52.90384615384615,20,gmregd6v,,,,,0
20,2w7wmunp,,0,587,587,FinalPage,ThankYou,2026-09-15 04:46:05.631685,1,,,500.0,5,,517.0,M_exp_W_exp,,,,,,,,,,,0,0,289,275,,,,,,,,,,,,,,,,,,,1,1,"7, 10",3,160.0,167.0,190.0,517.0,0.0,0,-1,1,0,0,4,290.0,270.0,1,1,0.0,0.0,200.0,90.0,175.0,75.0,Up,Down,100,20,75,50,55.8743961352657,52.10828025477707,58.87378640776699,52.90384615384615,20,gmregd6v,,,,,0
21,2fon3kdf,,0,587,587,FinalPage,ThankYou,2026-09-15 04:46:05.788969,1,,,1444.44,1,,1426.8,M_exp_W_exp,,,,,,,,,,,0,0,283,281,,,,,,,,,,,,,,,,,,,1,1,"7, 10",3,160.0,113.80000000000001,1153.0,1426.8,0.0,0,-1,-1,0,0,5,286.0,286.0,1,1,0.0,0.0,160.0,50.0,110.0,50.0,Up,Down,60,100,10,100,55.8743961352657,52.10828025477707,58.87378640776699,52.90384615384615,20,gmregd6v,,,,,0
22,0vm37wcl,,0,587,587,FinalPage,ThankYou,2026-09-15 04:46:05.953754,1,,,1222.22,2,,1134.0,M_exp_W_exp,,,,,,,,,,,0,0,284,285,,,,,,,,,,,,,,,,,,,1,1,"7, 10",3,130.0,127.0,877.0,1134.0,0.0,0,-1,-1,0,0,5,286.0,286.0,1,1,0.0,0.0,160.0,50.0,110.0,50.0,Up,Down,60,100,10,100,55.8743961352657,52.10828025477707,58.87378640776699,52.90384615384615,20,gmregd6v,,,,,0
23,9902h2kd,,0,587,587,FinalPage,ThankYou,2026-09-15 04:46:06.025371,1,,,1166.67,3,,1068.0,M_exp_W_exp,,,,,,,,,,,0,0,286,286,,,,,,,,,,,,,,,,,,,1,1,"7, 10",3,300.0,138.0,195.0,633.0,435.0,2,0,1,0,0,5,286.0,286.0,1,1,0.0,0.0,160.0,50.0,110.0,50.0,Up,Down,60,100,10,100,55.8743961352657,52.10828025477707,58.87378640776699,52.90384615384615,20,gmregd6v,,,,,0
24,snwy0w01,,0,587,587,FinalPage,ThankYou,2026-09-15 04:46:06.312161,1,,,722.22,4,,648.0,M_exp_W_exp,,,,,,,,,,,0,0,286,286,,,,,,,,,,,,,,,,,,,1,1,"7, 10",3,300.0,160.0,-37.0,423.0,225.0,1,1,0,0,0,5,286.0,286.0,1,1,0.0,0.0,160.0,50.0,110.0,50.0,Up,Down,60,100,10,100,55.8743961352657,52.10828025477707,58.87378640776699,52.90384615384615,20,gmregd6v,,,,,0
25,yaickank,,0,587,587,FinalPage,ThankYou,2026-09-15 04:46:06.374332,1,,,444.44,5,,470.25,M_exp_W_exp,,,,,,,,,,,0,0,286,287,,,,,,,,,,,,,,,,,,,1,1,"7, 10",3,210.0,127.0,-88.0,249.0,221.25,1,1,1,0,0,5,286.0,286.0,1,1,0.0,0.0,160.0,50.0,110.0,50.0,Up,Down,60,100,10,100,55.8743961352657,52.10828025477707,58.87378640776699,52.90384615384615,20,gmregd6v,,,,,0
