session_code,participant_id_in_session,participant_code,page_index,app_name,page_name,epoch_time_completed,round_number,timeout_happened,is_wait_page
6c2og0cw,2,xlysi5bz,0,,InitializeParticipant,1789550133,1,0,0
6c2og0cw,3,ktzkk4b7,0,,InitializeParticipant,1789550133,1,0,0
6c2og0cw,4,unt4hlph,0,,InitializeParticipant,1789550133,1,0,0
6c2og0cw,5,e3o1p3e6,0,,InitializeParticipant,1789550133,1,0,0
6c2og0cw,6,0nzm25g8,0,,InitializeParticipant,1789550133,1,0,0
6c2og0cw,7,f8ff6plt,0,,InitializeParticipant,1789550133,1,0,0
6c2og0cw,8,poc3kn08,0,,InitializeParticipant,1789550133,1,0,0
6c2og0cw,9,z9zrwosz,0,,InitializeParticipant,1789550133,1,0,0
6c2og0cw,10,yldmtmxh,0,,InitializeParticipant,1789550133,1,0,0
6c2og0cw,11,bjw1ymg6,0,,InitializeParticipant,1789550133,1,0,0
6c2og0cw,1,o7pccht6,0,,InitializeParticipant,1789550133,1,0,0
6c2og0cw,12,dxg47gml,0,,InitializeParticipant,1789550133,1,0,0
6c2og0cw,13,t47t8m59,0,,InitializeParticipant,1789550133,1,0,0
6c2og0cw,14,2epyouig,0,,InitializeParticipant,1789550133,1,0,0
6c2og0cw,15,107rd682,0,,InitializeParticipant,1789550133,1,0,0
6c2og0cw,16,6xyzc64h,0,,InitializeParticipant,1789550133,1,0,0
6c2og0cw,18,uv69jk1p,0,,InitializeParticipant,1789550133,1,0,0
6c2og0cw,19,thfu25ei,0,,InitializeParticipant,1789550133,1,0,0
6c2og0cw,20,008uq8bs,0,,InitializeParticipant,1789550133,1,0,0
6c2og0cw,17,566nkyxt,0,,InitializeParticipant,1789550133,1,0,0
6c2og0cw,22,ilc2oqlq,0,,InitializeParticipant,1789550134,1,0,0
6c2og0cw,21,o4da1gkl,0,,InitializeParticipant,1789550134,1,0,0
6c2og0cw,23,qcu0td0m,0,,InitializeParticipant,1789550134,1,0,0
6c2og0cw,24,zcjv164s,0,,InitializeParticipant,1789550134,1,0,0
6c2og0cw,25,3g7fmbdb,0,,InitializeParticipant,1789550134,1,0,0
6c2og0cw,13,t47t8m59,1,portfolio,Welcome,1789550148,1,0,0
6c2og0cw,16,6xyzc64h,1,portfolio,Welcome,1789550149,1,0,0
6c2og0cw,2,xlysi5bz,1,portfolio,Welcome,1789550150,1,0,0
6c2og0cw,1,o7pccht6,1,portfolio,Welcome,1789550150,1,0,0
6c2og0cw,4,unt4hlph,1,portfolio,Welcome,1789550152,1,0,0
6c2og0cw,24,zcjv164s,1,portfolio,Welcome,1789550153,1,0,0
6c2og0cw,18,uv69jk1p,1,portfolio,Welcome,1789550158,1,0,0
6c2og0cw,2,xlysi5bz,2,portfolio,InstructionsRisk,1789550159,1,0,0
6c2og0cw,7,f8ff6plt,1,portfolio,Welcome,1789550159,1,0,0
6c2og0cw,4,unt4hlph,2,portfolio,InstructionsRisk,1789550159,1,0,0
6c2og0cw,18,uv69jk1p,2,portfolio,InstructionsRisk,1789550161,1,0,0
6c2og0cw,25,3g7fmbdb,1,portfolio,Welcome,1789550162,1,0,0
6c2og0cw,7,f8ff6plt,2,portfolio,InstructionsRisk,1789550162,1,0,0
6c2og0cw,21,o4da1gkl,1,portfolio,Welcome,1789550175,1,0,0
6c2og0cw,13,t47t8m59,2,portfolio,InstructionsRisk,1789550175,1,0,0
6c2og0cw,18,uv69jk1p,3,portfolio,ComprehensionRisk,1789550178,1,0,0
6c2og0cw,24,zcjv164s,2,portfolio,InstructionsRisk,1789550179,1,0,0
6c2og0cw,8,poc3kn08,1,portfolio,Welcome,1789550181,1,0,0
6c2og0cw,10,yldmtmxh,1,portfolio,Welcome,1789550183,1,0,0
6c2og0cw,23,qcu0td0m,1,portfolio,Welcome,1789550186,1,0,0
6c2og0cw,16,6xyzc64h,2,portfolio,InstructionsRisk,1789550187,1,0,0
6c2og0cw,19,thfu25ei,1,portfolio,Welcome,1789550188,1,0,0
6c2og0cw,2,xlysi5bz,3,portfolio,ComprehensionRisk,1789550191,1,0,0
6c2og0cw,23,qcu0td0m,2,portfolio,InstructionsRisk,1789550191,1,0,0
6c2og0cw,18,uv69jk1p,4,portfolio,DynamicChoice,1789550195,1,0,0
6c2og0cw,17,566nkyxt,1,portfolio,Welcome,1789550197,1,0,0
6c2og0cw,1,o7pccht6,2,portfolio,InstructionsRisk,1789550198,1,0,0
6c2og0cw,14,2epyouig,1,portfolio,Welcome,1789550201,1,0,0
6c2og0cw,11,bjw1ymg6,1,portfolio,Welcome,1789550201,1,0,0
6c2og0cw,14,2epyouig,2,portfolio,InstructionsRisk,1789550206,1,0,0
6c2og0cw,11,bjw1ymg6,2,portfolio,InstructionsRisk,1789550207,1,0,0
6c2og0cw,23,qcu0td0m,3,portfolio,ComprehensionRisk,1789550208,1,0,0
6c2og0cw,3,ktzkk4b7,1,portfolio,Welcome,1789550210,1,0,0
6c2og0cw,19,thfu25ei,2,portfolio,InstructionsRisk,1789550210,1,0,0
6c2og0cw,8,poc3kn08,2,portfolio,InstructionsRisk,1789550213,1,0,0
6c2og0cw,10,yldmtmxh,2,portfolio,InstructionsRisk,1789550213,1,0,0
6c2og0cw,1,o7pccht6,3,portfolio,ComprehensionRisk,1789550215,1,0,0
6c2og0cw,17,566nkyxt,2,portfolio,InstructionsRisk,1789550216,1,0,0
6c2og0cw,4,unt4hlph,3,portfolio,ComprehensionRisk,1789550218,1,0,0
6c2og0cw,5,e3o1p3e6,1,portfolio,Welcome,1789550219,1,0,0
6c2og0cw,21,o4da1gkl,2,portfolio,InstructionsRisk,1789550220,1,0,0
6c2og0cw,2,xlysi5bz,4,portfolio,DynamicChoice,1789550221,1,0,0
6c2og0cw,24,zcjv164s,3,portfolio,ComprehensionRisk,1789550223,1,0,0
6c2og0cw,13,t47t8m59,3,portfolio,ComprehensionRisk,1789550225,1,0,0
6c2og0cw,16,6xyzc64h,3,portfolio,ComprehensionRisk,1789550225,1,0,0
6c2og0cw,23,qcu0td0m,4,portfolio,DynamicChoice,1789550226,1,0,0
6c2og0cw,14,2epyouig,3,portfolio,ComprehensionRisk,1789550227,1,0,0
6c2og0cw,5,e3o1p3e6,2,portfolio,InstructionsRisk,1789550228,1,0,0
6c2og0cw,22,ilc2oqlq,1,portfolio,Welcome,1789550230,1,0,0
6c2og0cw,1,o7pccht6,4,portfolio,DynamicChoice,1789550232,1,0,0
6c2og0cw,22,ilc2oqlq,2,portfolio,InstructionsRisk,1789550235,1,0,0
6c2og0cw,4,unt4hlph,4,portfolio,DynamicChoice,1789550236,1,0,0
6c2og0cw,25,3g7fmbdb,2,portfolio,InstructionsRisk,1789550236,1,0,0
6c2og0cw,14,2epyouig,4,portfolio,DynamicChoice,1789550238,1,0,0
6c2og0cw,13,t47t8m59,4,portfolio,DynamicChoice,1789550239,1,0,0
6c2og0cw,15,107rd682,1,portfolio,Welcome,1789550243,1,0,0
6c2og0cw,17,566nkyxt,3,portfolio,ComprehensionRisk,1789550245,1,0,0
6c2og0cw,20,008uq8bs,1,portfolio,Welcome,1789550248,1,0,0
6c2og0cw,12,dxg47gml,1,portfolio,Welcome,1789550252,1,0,0
6c2og0cw,24,zcjv164s,4,portfolio,DynamicChoice,1789550252,1,0,0
6c2og0cw,16,6xyzc64h,4,portfolio,DynamicChoice,1789550253,1,0,0
6c2og0cw,10,yldmtmxh,3,portfolio,ComprehensionRisk,1789550256,1,0,0
6c2og0cw,11,bjw1ymg6,3,portfolio,ComprehensionRisk,1789550257,1,0,0
6c2og0cw,7,f8ff6plt,3,portfolio,ComprehensionRisk,1789550260,1,0,0
6c2og0cw,20,008uq8bs,2,portfolio,InstructionsRisk,1789550262,1,0,0
6c2og0cw,5,e3o1p3e6,3,portfolio,ComprehensionRisk,1789550262,1,0,0
6c2og0cw,19,thfu25ei,3,portfolio,ComprehensionRisk,1789550263,1,0,0
6c2og0cw,17,566nkyxt,4,portfolio,DynamicChoice,1789550268,1,0,0
6c2og0cw,25,3g7fmbdb,3,portfolio,ComprehensionRisk,1789550269,1,0,0
6c2og0cw,7,f8ff6plt,4,portfolio,DynamicChoice,1789550270,1,0,0
6c2og0cw,6,0nzm25g8,1,portfolio,Welcome,1789550270,1,0,0
6c2og0cw,10,yldmtmxh,4,portfolio,DynamicChoice,1789550271,1,0,0
6c2og0cw,6,0nzm25g8,2,portfolio,InstructionsRisk,1789550278,1,0,0
6c2og0cw,22,ilc2oqlq,3,portfolio,ComprehensionRisk,1789550280,1,0,0
6c2og0cw,5,e3o1p3e6,4,portfolio,DynamicChoice,1789550285,1,0,0
6c2og0cw,20,008uq8bs,3,portfolio,ComprehensionRisk,1789550287,1,0,0
6c2og0cw,21,o4da1gkl,3,portfolio,ComprehensionRisk,1789550293,1,0,0
6c2og0cw,3,ktzkk4b7,2,portfolio,InstructionsRisk,1789550293,1,0,0
6c2og0cw,19,thfu25ei,4,portfolio,DynamicChoice,1789550296,1,0,0
6c2og0cw,25,3g7fmbdb,4,portfolio,DynamicChoice,1789550302,1,0,0
6c2og0cw,15,107rd682,2,portfolio,InstructionsRisk,1789550302,1,0,0
6c2og0cw,22,ilc2oqlq,4,portfolio,DynamicChoice,1789550314,1,0,0
6c2og0cw,21,o4da1gkl,4,portfolio,DynamicChoice,1789550315,1,0,0
6c2og0cw,3,ktzkk4b7,3,portfolio,ComprehensionRisk,1789550320,1,0,0
6c2og0cw,15,107rd682,3,portfolio,ComprehensionRisk,1789550321,1,0,0
6c2og0cw,12,dxg47gml,2,portfolio,InstructionsRisk,1789550322,1,0,0
6c2og0cw,6,0nzm25g8,3,portfolio,ComprehensionRisk,1789550335,1,0,0
6c2og0cw,8,poc3kn08,3,portfolio,ComprehensionRisk,1789550336,1,0,0
6c2og0cw,12,dxg47gml,3,portfolio,ComprehensionRisk,1789550344,1,0,0
6c2og0cw,11,bjw1ymg6,4,portfolio,DynamicChoice,1789550346,1,0,0
6c2og0cw,3,ktzkk4b7,4,portfolio,DynamicChoice,1789550351,1,0,0
6c2og0cw,20,008uq8bs,4,portfolio,DynamicChoice,1789550375,1,0,0
6c2og0cw,8,poc3kn08,4,portfolio,DynamicChoice,1789550375,1,0,0
6c2og0cw,12,dxg47gml,4,portfolio,DynamicChoice,1789550395,1,0,0
6c2og0cw,6,0nzm25g8,4,portfolio,DynamicChoice,1789550403,1,0,0
6c2og0cw,15,107rd682,4,portfolio,DynamicChoice,1789550472,1,0,0
6c2og0cw,9,z9zrwosz,1,portfolio,Welcome,1789550473,1,0,0
6c2og0cw,9,z9zrwosz,2,portfolio,InstructionsRisk,1789550578,1,0,0
6c2og0cw,9,z9zrwosz,3,portfolio,ComprehensionRisk,1789550698,1,0,0
6c2og0cw,9,z9zrwosz,4,portfolio,DynamicChoice,1789550791,1,0,0
6c2og0cw,13,t47t8m59,5,portfolio,SyncRisk,1789550791,1,0,1
6c2og0cw,10,yldmtmxh,5,portfolio,SyncRisk,1789550791,1,0,1
6c2og0cw,5,e3o1p3e6,5,portfolio,SyncRisk,1789550791,1,0,1
6c2og0cw,22,ilc2oqlq,5,portfolio,SyncRisk,1789550791,1,0,1
6c2og0cw,11,bjw1ymg6,5,portfolio,SyncRisk,1789550791,1,0,1
6c2og0cw,15,107rd682,5,portfolio,SyncRisk,1789550791,1,0,1
6c2og0cw,21,o4da1gkl,5,portfolio,SyncRisk,1789550791,1,0,1
6c2og0cw,16,6xyzc64h,5,portfolio,SyncRisk,1789550791,1,0,1
6c2og0cw,18,uv69jk1p,5,portfolio,SyncRisk,1789550791,1,0,1
6c2og0cw,4,unt4hlph,5,portfolio,SyncRisk,1789550791,1,0,1
6c2og0cw,14,2epyouig,5,portfolio,SyncRisk,1789550791,1,0,1
6c2og0cw,2,xlysi5bz,5,portfolio,SyncRisk,1789550791,1,0,1
6c2og0cw,24,zcjv164s,5,portfolio,SyncRisk,1789550791,1,0,1
6c2og0cw,20,008uq8bs,5,portfolio,SyncRisk,1789550791,1,0,1
6c2og0cw,23,qcu0td0m,5,portfolio,SyncRisk,1789550791,1,0,1
6c2og0cw,1,o7pccht6,5,portfolio,SyncRisk,1789550791,1,0,1
6c2og0cw,3,ktzkk4b7,5,portfolio,SyncRisk,1789550791,1,0,1
6c2og0cw,8,poc3kn08,5,portfolio,SyncRisk,1789550791,1,0,1
6c2og0cw,25,3g7fmbdb,5,portfolio,SyncRisk,1789550791,1,0,1
6c2og0cw,17,566nkyxt,5,portfolio,SyncRisk,1789550791,1,0,1
6c2og0cw,7,f8ff6plt,5,portfolio,SyncRisk,1789550791,1,0,1
6c2og0cw,19,thfu25ei,5,portfolio,SyncRisk,1789550791,1,0,1
6c2og0cw,9,z9zrwosz,5,portfolio,SyncRisk,1789550791,1,0,1
6c2og0cw,12,dxg47gml,5,portfolio,SyncRisk,1789550791,1,0,1
6c2og0cw,6,0nzm25g8,5,portfolio,SyncRisk,1789550791,1,0,1
6c2og0cw,4,unt4hlph,6,portfolio,InstructionsPortfolio,1789550796,1,0,0
6c2og0cw,13,t47t8m59,6,portfolio,InstructionsPortfolio,1789550800,1,0,0
6c2og0cw,2,xlysi5bz,6,portfolio,InstructionsPortfolio,1789550800,1,0,0
6c2og0cw,18,uv69jk1p,6,portfolio,InstructionsPortfolio,1789550802,1,0,0
6c2og0cw,23,qcu0td0m,6,portfolio,InstructionsPortfolio,1789550802,1,0,0
6c2og0cw,14,2epyouig,6,portfolio,InstructionsPortfolio,1789550806,1,0,0
6c2og0cw,17,566nkyxt,6,portfolio,InstructionsPortfolio,1789550806,1,0,0
6c2og0cw,21,o4da1gkl,6,portfolio,InstructionsPortfolio,1789550810,1,0,0
6c2og0cw,7,f8ff6plt,6,portfolio,InstructionsPortfolio,1789550810,1,0,0
6c2og0cw,10,yldmtmxh,6,portfolio,InstructionsPortfolio,1789550811,1,0,0
6c2og0cw,13,t47t8m59,7,portfolio,Page1Experience,1789550812,1,0,0
6c2og0cw,20,008uq8bs,6,portfolio,InstructionsPortfolio,1789550813,1,0,0
6c2og0cw,11,bjw1ymg6,6,portfolio,InstructionsPortfolio,1789550814,1,0,0
6c2og0cw,18,uv69jk1p,7,portfolio,Page1Experience,1789550814,1,0,0
6c2og0cw,1,o7pccht6,6,portfolio,InstructionsPortfolio,1789550819,1,0,0
6c2og0cw,4,unt4hlph,7,portfolio,Page1Experience,1789550820,1,0,0
6c2og0cw,14,2epyouig,7,portfolio,Page1Experience,1789550823,1,0,0
6c2og0cw,22,ilc2oqlq,6,portfolio,InstructionsPortfolio,1789550824,1,0,0
6c2og0cw,21,o4da1gkl,7,portfolio,Page1Experience,1789550824,1,0,0
6c2og0cw,5,e3o1p3e6,6,portfolio,InstructionsPortfolio,1789550826,1,0,0
6c2og0cw,16,6xyzc64h,6,portfolio,InstructionsPortfolio,1789550826,1,0,0
6c2og0cw,2,xlysi5bz,7,portfolio,Page1Experience,1789550829,1,0,0
6c2og0cw,23,qcu0td0m,7,portfolio,Page1Experience,1789550830,1,0,0
6c2og0cw,15,107rd682,6,portfolio,InstructionsPortfolio,1789550831,1,0,0
6c2og0cw,24,zcjv164s,6,portfolio,InstructionsPortfolio,1789550832,1,0,0
6c2og0cw,25,3g7fmbdb,6,portfolio,InstructionsPortfolio,1789550833,1,0,0
6c2og0cw,17,566nkyxt,7,portfolio,Page1Experience,1789550835,1,0,0
6c2og0cw,8,poc3kn08,6,portfolio,InstructionsPortfolio,1789550837,1,0,0
6c2og0cw,19,thfu25ei,6,portfolio,InstructionsPortfolio,1789550838,1,0,0
6c2og0cw,3,ktzkk4b7,6,portfolio,InstructionsPortfolio,1789550840,1,0,0
6c2og0cw,7,f8ff6plt,7,portfolio,Page1Experience,1789550840,1,0,0
6c2og0cw,20,008uq8bs,7,portfolio,Page1Experience,1789550846,1,0,0
6c2og0cw,1,o7pccht6,7,portfolio,Page1Experience,1789550853,1,0,0
6c2og0cw,9,z9zrwosz,6,portfolio,InstructionsPortfolio,1789550858,1,0,0
6c2og0cw,10,yldmtmxh,7,portfolio,Page1Experience,1789550859,1,0,0
6c2og0cw,25,3g7fmbdb,7,portfolio,Page1Experience,1789550861,1,0,0
6c2og0cw,22,ilc2oqlq,7,portfolio,Page1Experience,1789550862,1,0,0
6c2og0cw,3,ktzkk4b7,7,portfolio,Page1Experience,1789550866,1,0,0
6c2og0cw,11,bjw1ymg6,7,portfolio,Page1Experience,1789550871,1,0,0
6c2og0cw,12,dxg47gml,6,portfolio,InstructionsPortfolio,1789550873,1,0,0
6c2og0cw,6,0nzm25g8,6,portfolio,InstructionsPortfolio,1789550879,1,0,0
6c2og0cw,19,thfu25ei,7,portfolio,Page1Experience,1789550883,1,0,0
6c2og0cw,16,6xyzc64h,7,portfolio,Page1Experience,1789550886,1,0,0
6c2og0cw,15,107rd682,7,portfolio,Page1Experience,1789550891,1,0,0
6c2og0cw,6,0nzm25g8,7,portfolio,Page1Experience,1789550897,1,0,0
6c2og0cw,24,zcjv164s,7,portfolio,Page1Experience,1789550901,1,0,0
6c2og0cw,8,poc3kn08,7,portfolio,Page1Experience,1789550904,1,0,0
6c2og0cw,9,z9zrwosz,7,portfolio,Page1Experience,1789550905,1,0,0
6c2og0cw,12,dxg47gml,7,portfolio,Page1Experience,1789550914,1,0,0
6c2og0cw,5,e3o1p3e6,7,portfolio,Page1Experience,1789550929,1,0,0
6c2og0cw,13,t47t8m59,8,portfolio,SyncAllocation,1789550929,1,0,1
6c2og0cw,10,yldmtmxh,8,portfolio,SyncAllocation,1789550929,1,0,1
6c2og0cw,22,ilc2oqlq,8,portfolio,SyncAllocation,1789550929,1,0,1
6c2og0cw,11,bjw1ymg6,8,portfolio,SyncAllocation,1789550929,1,0,1
6c2og0cw,15,107rd682,8,portfolio,SyncAllocation,1789550929,1,0,1
6c2og0cw,5,e3o1p3e6,8,portfolio,SyncAllocation,1789550929,1,0,1
6c2og0cw,2,xlysi5bz,8,portfolio,SyncAllocation,1789550929,1,0,1
6c2og0cw,6,0nzm25g8,8,portfolio,SyncAllocation,1789550929,1,0,1
6c2og0cw,4,unt4hlph,8,portfolio,SyncAllocation,1789550929,1,0,1
6c2og0cw,14,2epyouig,8,portfolio,SyncAllocation,1789550929,1,0,1
6c2og0cw,21,o4da1gkl,8,portfolio,SyncAllocation,1789550929,1,0,1
6c2og0cw,23,qcu0td0m,8,portfolio,SyncAllocation,1789550929,1,0,1
6c2og0cw,8,poc3kn08,8,portfolio,SyncAllocation,1789550929,1,0,1
6c2og0cw,1,o7pccht6,8,portfolio,SyncAllocation,1789550929,1,0,1
6c2og0cw,17,566nkyxt,8,portfolio,SyncAllocation,1789550929,1,0,1
6c2og0cw,25,3g7fmbdb,8,portfolio,SyncAllocation,1789550929,1,0,1
6c2og0cw,19,thfu25ei,8,portfolio,SyncAllocation,1789550929,1,0,1
6c2og0cw,9,z9zrwosz,8,portfolio,SyncAllocation,1789550929,1,0,1
6c2og0cw,3,ktzkk4b7,8,portfolio,SyncAllocation,1789550929,1,0,1
6c2og0cw,7,f8ff6plt,8,portfolio,SyncAllocation,1789550929,1,0,1
6c2og0cw,20,008uq8bs,8,portfolio,SyncAllocation,1789550929,1,0,1
6c2og0cw,18,uv69jk1p,8,portfolio,SyncAllocation,1789550929,1,0,1
6c2og0cw,16,6xyzc64h,8,portfolio,SyncAllocation,1789550929,1,0,1
6c2og0cw,12,dxg47gml,8,portfolio,SyncAllocation,1789550929,1,0,1
6c2og0cw,24,zcjv164s,8,portfolio,SyncAllocation,1789550929,1,0,1
6c2og0cw,18,uv69jk1p,9,portfolio,InstructionsMarket,1789550940,1,0,0
6c2og0cw,23,qcu0td0m,9,portfolio,InstructionsMarket,1789550940,1,0,0
6c2og0cw,2,xlysi5bz,9,portfolio,InstructionsMarket,1789550944,1,0,0
6c2og0cw,4,unt4hlph,9,portfolio,InstructionsMarket,1789550949,1,0,0
6c2og0cw,23,qcu0td0m,10,portfolio,ComprehensionMarket,1789550949,1,0,0
6c2og0cw,18,uv69jk1p,10,portfolio,ComprehensionMarket,1789550952,1,0,0
6c2og0cw,7,f8ff6plt,9,portfolio,InstructionsMarket,1789550953,1,0,0
6c2og0cw,22,ilc2oqlq,9,portfolio,InstructionsMarket,1789550954,1,0,0
6c2og0cw,1,o7pccht6,9,portfolio,InstructionsMarket,1789550954,1,0,0
6c2og0cw,18,uv69jk1p,11,portfolio,InstructionsBeliefs,1789550956,1,0,0
6c2og0cw,14,2epyouig,9,portfolio,InstructionsMarket,1789550958,1,0,0
6c2og0cw,23,qcu0td0m,11,portfolio,InstructionsBeliefs,1789550959,1,0,0
6c2og0cw,19,thfu25ei,9,portfolio,InstructionsMarket,1789550962,1,0,0
6c2og0cw,7,f8ff6plt,10,portfolio,ComprehensionMarket,1789550963,1,0,0
6c2og0cw,11,bjw1ymg6,9,portfolio,InstructionsMarket,1789550968,1,0,0
6c2og0cw,24,zcjv164s,9,portfolio,InstructionsMarket,1789550969,1,0,0
6c2og0cw,2,xlysi5bz,10,portfolio,ComprehensionMarket,1789550974,1,0,0
6c2og0cw,22,ilc2oqlq,10,portfolio,ComprehensionMarket,1789550975,1,0,0
6c2og0cw,19,thfu25ei,10,portfolio,ComprehensionMarket,1789550978,1,0,0
6c2og0cw,15,107rd682,9,portfolio,InstructionsMarket,1789550980,1,0,0
6c2og0cw,1,o7pccht6,10,portfolio,ComprehensionMarket,1789550982,1,0,0
6c2og0cw,21,o4da1gkl,9,portfolio,InstructionsMarket,1789550983,1,0,0
6c2og0cw,4,unt4hlph,10,portfolio,ComprehensionMarket,1789550983,1,0,0
6c2og0cw,16,6xyzc64h,9,portfolio,InstructionsMarket,1789550984,1,0,0
6c2og0cw,20,008uq8bs,9,portfolio,InstructionsMarket,1789550986,1,0,0
6c2og0cw,7,f8ff6plt,11,portfolio,InstructionsBeliefs,1789550987,1,0,0
6c2og0cw,17,566nkyxt,9,portfolio,InstructionsMarket,1789550988,1,0,0
6c2og0cw,14,2epyouig,10,portfolio,ComprehensionMarket,1789550989,1,0,0
6c2og0cw,2,xlysi5bz,11,portfolio,InstructionsBeliefs,1789550991,1,0,0
6c2og0cw,4,unt4hlph,11,portfolio,InstructionsBeliefs,1789550991,1,0,0
6c2og0cw,18,uv69jk1p,12,portfolio,PageBeliefExpNoExp,1789550993,1,0,0
6c2og0cw,10,yldmtmxh,9,portfolio,InstructionsMarket,1789550997,1,0,0
6c2og0cw,15,107rd682,10,portfolio,ComprehensionMarket,1789551001,1,0,0
6c2og0cw,16,6xyzc64h,10,portfolio,ComprehensionMarket,1789551001,1,0,0
6c2og0cw,20,008uq8bs,10,portfolio,ComprehensionMarket,1789551002,1,0,0
6c2og0cw,25,3g7fmbdb,9,portfolio,InstructionsMarket,1789551002,1,0,0
6c2og0cw,13,t47t8m59,9,portfolio,InstructionsMarket,1789551009,1,0,0
6c2og0cw,17,566nkyxt,10,portfolio,ComprehensionMarket,1789551013,1,0,0
6c2og0cw,21,o4da1gkl,10,portfolio,ComprehensionMarket,1789551013,1,0,0
6c2og0cw,23,qcu0td0m,12,portfolio,PageBeliefExpNoExp,1789551015,1,0,0
6c2og0cw,22,ilc2oqlq,11,portfolio,InstructionsBeliefs,1789551019,1,0,0
6c2og0cw,1,o7pccht6,11,portfolio,InstructionsBeliefs,1789551022,1,0,0
6c2og0cw,13,t47t8m59,10,portfolio,ComprehensionMarket,1789551023,1,0,0
6c2og0cw,19,thfu25ei,11,portfolio,InstructionsBeliefs,1789551023,1,0,0
6c2og0cw,18,uv69jk1p,13,portfolio,PageOtherBeliefExpNoExp,1789551023,1,0,0
6c2og0cw,10,yldmtmxh,10,portfolio,ComprehensionMarket,1789551023,1,0,0
6c2og0cw,8,poc3kn08,9,portfolio,InstructionsMarket,1789551025,1,0,0
6c2og0cw,18,uv69jk1p,14,portfolio,TradingRulesExp,1789551025,1,0,0
6c2og0cw,24,zcjv164s,10,portfolio,ComprehensionMarket,1789551031,1,0,0
6c2og0cw,5,e3o1p3e6,9,portfolio,InstructionsMarket,1789551035,1,0,0
6c2og0cw,14,2epyouig,11,portfolio,InstructionsBeliefs,1789551037,1,0,0
6c2og0cw,2,xlysi5bz,12,portfolio,PageBeliefExpNoExp,1789551038,1,0,0
6c2og0cw,20,008uq8bs,11,portfolio,InstructionsBeliefs,1789551039,1,0,0
6c2og0cw,16,6xyzc64h,11,portfolio,InstructionsBeliefs,1789551039,1,0,0
6c2og0cw,3,ktzkk4b7,9,portfolio,InstructionsMarket,1789551042,1,0,0
6c2og0cw,25,3g7fmbdb,10,portfolio,ComprehensionMarket,1789551045,1,0,0
6c2og0cw,7,f8ff6plt,12,portfolio,PageBeliefExpNoExp,1789551052,1,0,0
6c2og0cw,23,qcu0td0m,13,portfolio,PageOtherBeliefExpNoExp,1789551053,1,0,0
6c2og0cw,21,o4da1gkl,11,portfolio,InstructionsBeliefs,1789551054,1,0,0
6c2og0cw,11,bjw1ymg6,10,portfolio,ComprehensionMarket,1789551055,1,0,0
6c2og0cw,5,e3o1p3e6,10,portfolio,ComprehensionMarket,1789551057,1,0,0
6c2og0cw,23,qcu0td0m,14,portfolio,TradingRulesExp,1789551057,1,0,0
6c2og0cw,3,ktzkk4b7,10,portfolio,ComprehensionMarket,1789551059,1,0,0
6c2og0cw,4,unt4hlph,12,portfolio,PageBeliefExpNoExp,1789551064,1,0,0
6c2og0cw,8,poc3kn08,10,portfolio,ComprehensionMarket,1789551067,1,0,0
6c2og0cw,14,2epyouig,12,portfolio,PageBeliefExpNoExp,1789551074,1,0,0
6c2og0cw,13,t47t8m59,11,portfolio,InstructionsBeliefs,1789551074,1,0,0
6c2og0cw,17,566nkyxt,11,portfolio,InstructionsBeliefs,1789551080,1,0,0
6c2og0cw,7,f8ff6plt,13,portfolio,PageOtherBeliefExpNoExp,1789551084,1,0,0
6c2og0cw,1,o7pccht6,12,portfolio,PageBeliefExpNoExp,1789551084,1,0,0
6c2og0cw,7,f8ff6plt,14,portfolio,TradingRulesExp,1789551089,1,0,0
6c2og0cw,24,zcjv164s,11,portfolio,InstructionsBeliefs,1789551090,1,0,0
6c2og0cw,2,xlysi5bz,13,portfolio,PageOtherBeliefExpNoExp,1789551091,1,0,0
6c2og0cw,4,unt4hlph,13,portfolio,PageOtherBeliefExpNoExp,1789551092,1,0,0
6c2og0cw,4,unt4hlph,14,portfolio,TradingRulesExp,1789551096,1,0,0
6c2og0cw,21,o4da1gkl,12,portfolio,PageBeliefExpNoExp,1789551096,1,0,0
6c2og0cw,2,xlysi5bz,14,portfolio,TradingRulesExp,1789551097,1,0,0
6c2og0cw,14,2epyouig,13,portfolio,PageOtherBeliefExpNoExp,1789551099,1,0,0
6c2og0cw,10,yldmtmxh,11,portfolio,InstructionsBeliefs,1789551100,1,0,0
6c2og0cw,22,ilc2oqlq,12,portfolio,PageBeliefExpNoExp,1789551104,1,0,0
6c2og0cw,25,3g7fmbdb,11,portfolio,InstructionsBeliefs,1789551105,1,0,0
6c2og0cw,8,poc3kn08,11,portfolio,InstructionsBeliefs,1789551112,1,0,0
6c2og0cw,9,z9zrwosz,9,portfolio,InstructionsMarket,1789551114,1,0,0
6c2og0cw,5,e3o1p3e6,11,portfolio,InstructionsBeliefs,1789551115,1,0,0
6c2og0cw,1,o7pccht6,13,portfolio,PageOtherBeliefExpNoExp,1789551117,1,0,0
6c2og0cw,22,ilc2oqlq,13,portfolio,PageOtherBeliefExpNoExp,1789551126,1,0,0
6c2og0cw,6,0nzm25g8,9,portfolio,InstructionsMarket,1789551127,1,0,0
6c2og0cw,22,ilc2oqlq,14,portfolio,TradingRulesExp,1789551133,1,0,0
6c2og0cw,11,bjw1ymg6,11,portfolio,InstructionsBeliefs,1789551139,1,0,0
6c2og0cw,19,thfu25ei,12,portfolio,PageBeliefExpNoExp,1789551140,1,0,0
6c2og0cw,14,2epyouig,14,portfolio,TradingRulesExp,1789551142,1,0,0
6c2og0cw,9,z9zrwosz,10,portfolio,ComprehensionMarket,1789551144,1,0,0
6c2og0cw,21,o4da1gkl,13,portfolio,PageOtherBeliefExpNoExp,1789551145,1,0,0
6c2og0cw,12,dxg47gml,9,portfolio,InstructionsMarket,1789551149,1,0,0
6c2og0cw,15,107rd682,11,portfolio,InstructionsBeliefs,1789551149,1,0,0
6c2og0cw,13,t47t8m59,12,portfolio,PageBeliefExpNoExp,1789551154,1,0,0
6c2og0cw,3,ktzkk4b7,11,portfolio,InstructionsBeliefs,1789551156,1,0,0
6c2og0cw,24,zcjv164s,12,portfolio,PageBeliefExpNoExp,1789551157,1,0,0
6c2og0cw,20,008uq8bs,12,portfolio,PageBeliefExpNoExp,1789551158,1,0,0
6c2og0cw,1,o7pccht6,14,portfolio,TradingRulesExp,1789551160,1,0,0
6c2og0cw,25,3g7fmbdb,12,portfolio,PageBeliefExpNoExp,1789551163,1,0,0
6c2og0cw,6,0nzm25g8,10,portfolio,ComprehensionMarket,1789551165,1,0,0
6c2og0cw,12,dxg47gml,10,portfolio,ComprehensionMarket,1789551174,1,0,0
6c2og0cw,20,008uq8bs,13,portfolio,PageOtherBeliefExpNoExp,1789551179,1,0,0
6c2og0cw,19,thfu25ei,13,portfolio,PageOtherBeliefExpNoExp,1789551181,1,0,0
6c2og0cw,10,yldmtmxh,12,portfolio,PageBeliefExpNoExp,1789551182,1,0,0
6c2og0cw,13,t47t8m59,13,portfolio,PageOtherBeliefExpNoExp,1789551185,1,0,0
6c2og0cw,24,zcjv164s,13,portfolio,PageOtherBeliefExpNoExp,1789551189,1,0,0
6c2og0cw,25,3g7fmbdb,13,portfolio,PageOtherBeliefExpNoExp,1789551194,1,0,0
6c2og0cw,20,008uq8bs,14,portfolio,TradingRulesExp,1789551196,1,0,0
6c2og0cw,17,566nkyxt,12,portfolio,PageBeliefExpNoExp,1789551212,1,0,0
6c2og0cw,16,6xyzc64h,12,portfolio,PageBeliefExpNoExp,1789551221,1,0,0
6c2og0cw,13,t47t8m59,14,portfolio,TradingRulesExp,1789551221,1,0,0
6c2og0cw,19,thfu25ei,14,portfolio,TradingRulesExp,1789551222,1,0,0
6c2og0cw,10,yldmtmxh,13,portfolio,PageOtherBeliefExpNoExp,1789551226,1,0,0
6c2og0cw,8,poc3kn08,12,portfolio,PageBeliefExpNoExp,1789551228,1,0,0
6c2og0cw,10,yldmtmxh,14,portfolio,TradingRulesExp,1789551237,1,0,0
6c2og0cw,24,zcjv164s,14,portfolio,TradingRulesExp,1789551247,1,0,0
6c2og0cw,11,bjw1ymg6,12,portfolio,PageBeliefExpNoExp,1789551250,1,0,0
6c2og0cw,21,o4da1gkl,14,portfolio,TradingRulesExp,1789551250,1,0,0
6c2og0cw,6,0nzm25g8,11,portfolio,InstructionsBeliefs,1789551251,1,0,0
6c2og0cw,3,ktzkk4b7,12,portfolio,PageBeliefExpNoExp,1789551258,1,0,0
6c2og0cw,8,poc3kn08,13,portfolio,PageOtherBeliefExpNoExp,1789551285,1,0,0
6c2og0cw,3,ktzkk4b7,13,portfolio,PageOtherBeliefExpNoExp,1789551287,1,0,0
6c2og0cw,8,poc3kn08,14,portfolio,TradingRulesExp,1789551296,1,0,0
6c2og0cw,12,dxg47gml,11,portfolio,InstructionsBeliefs,1789551297,1,0,0
6c2og0cw,17,566nkyxt,13,portfolio,PageOtherBeliefExpNoExp,1789551298,1,0,0
6c2og0cw,11,bjw1ymg6,13,portfolio,PageOtherBeliefExpNoExp,1789551302,1,0,0
6c2og0cw,5,e3o1p3e6,12,portfolio,PageBeliefExpNoExp,1789551303,1,0,0
6c2og0cw,9,z9zrwosz,11,portfolio,InstructionsBeliefs,1789551307,1,0,0
6c2og0cw,17,566nkyxt,14,portfolio,TradingRulesExp,1789551317,1,0,0
6c2og0cw,25,3g7fmbdb,14,portfolio,TradingRulesExp,1789551329,1,0,0
6c2og0cw,15,107rd682,12,portfolio,PageBeliefExpNoExp,1789551341,1,0,0
6c2og0cw,11,bjw1ymg6,14,portfolio,TradingRulesExp,1789551341,1,0,0
6c2og0cw,5,e3o1p3e6,13,portfolio,PageOtherBeliefExpNoExp,1789551365,1,0,0
6c2og0cw,3,ktzkk4b7,14,portfolio,TradingRulesExp,1789551366,1,0,0
6c2og0cw,16,6xyzc64h,13,portfolio,PageOtherBeliefExpNoExp,1789551381,1,0,0
6c2og0cw,15,107rd682,13,portfolio,PageOtherBeliefExpNoExp,1789551399,1,0,0
6c2og0cw,16,6xyzc64h,14,portfolio,TradingRulesExp,1789551399,1,0,0
6c2og0cw,5,e3o1p3e6,14,portfolio,TradingRulesExp,1789551440,1,0,0
6c2og0cw,15,107rd682,14,portfolio,TradingRulesExp,1789551444,1,0,0
6c2og0cw,6,0nzm25g8,12,portfolio,PageBeliefExpNoExp,1789551446,1,0,0
6c2og0cw,9,z9zrwosz,12,portfolio,PageBeliefExpNoExp,1789551460,1,0,0
6c2og0cw,6,0nzm25g8,13,portfolio,PageOtherBeliefExpNoExp,1789551504,1,0,0
6c2og0cw,6,0nzm25g8,14,portfolio,TradingRulesExp,1789551510,1,0,0
6c2og0cw,9,z9zrwosz,13,portfolio,PageOtherBeliefExpNoExp,1789551538,1,0,0
6c2og0cw,12,dxg47gml,12,portfolio,PageBeliefExpNoExp,1789551582,1,0,0
6c2og0cw,9,z9zrwosz,14,portfolio,TradingRulesExp,1789551589,1,0,0
6c2og0cw,12,dxg47gml,13,portfolio,PageOtherBeliefExpNoExp,1789551656,1,0,0
6c2og0cw,12,dxg47gml,14,portfolio,TradingRulesExp,1789551688,1,0,0
6c2og0cw,15,107rd682,15,portfolio,SyncTradingRules,1789551688,1,0,1
6c2og0cw,4,unt4hlph,15,portfolio,SyncTradingRules,1789551688,1,0,1
6c2og0cw,22,ilc2oqlq,15,portfolio,SyncTradingRules,1789551688,1,0,1
6c2og0cw,13,t47t8m59,15,portfolio,SyncTradingRules,1789551688,1,0,1
6c2og0cw,10,yldmtmxh,15,portfolio,SyncTradingRules,1789551688,1,0,1
6c2og0cw,18,uv69jk1p,15,portfolio,SyncTradingRules,1789551688,1,0,1
6c2og0cw,23,qcu0td0m,15,portfolio,SyncTradingRules,1789551688,1,0,1
6c2og0cw,11,bjw1ymg6,15,portfolio,SyncTradingRules,1789551688,1,0,1
6c2og0cw,5,e3o1p3e6,15,portfolio,SyncTradingRules,1789551688,1,0,1
6c2og0cw,14,2epyouig,15,portfolio,SyncTradingRules,1789551688,1,0,1
6c2og0cw,25,3g7fmbdb,15,portfolio,SyncTradingRules,1789551688,1,0,1
6c2og0cw,8,poc3kn08,15,portfolio,SyncTradingRules,1789551688,1,0,1
6c2og0cw,12,dxg47gml,15,portfolio,SyncTradingRules,1789551688,1,0,1
6c2og0cw,7,f8ff6plt,15,portfolio,SyncTradingRules,1789551688,1,0,1
6c2og0cw,16,6xyzc64h,15,portfolio,SyncTradingRules,1789551688,1,0,1
6c2og0cw,19,thfu25ei,15,portfolio,SyncTradingRules,1789551688,1,0,1
6c2og0cw,3,ktzkk4b7,15,portfolio,SyncTradingRules,1789551688,1,0,1
6c2og0cw,24,zcjv164s,15,portfolio,SyncTradingRules,1789551688,1,0,1
6c2og0cw,6,0nzm25g8,15,portfolio,SyncTradingRules,1789551688,1,0,1
6c2og0cw,9,z9zrwosz,15,portfolio,SyncTradingRules,1789551688,1,0,1
6c2og0cw,2,xlysi5bz,15,portfolio,SyncTradingRules,1789551688,1,0,1
6c2og0cw,1,o7pccht6,15,portfolio,SyncTradingRules,1789551688,1,0,1
6c2og0cw,21,o4da1gkl,15,portfolio,SyncTradingRules,1789551688,1,0,1
6c2og0cw,17,566nkyxt,15,portfolio,SyncTradingRules,1789551688,1,0,1
6c2og0cw,20,008uq8bs,15,portfolio,SyncTradingRules,1789551688,1,0,1
6c2og0cw,21,o4da1gkl,16,portfolio,PageBidExperience,1789551708,1,0,0
6c2og0cw,4,unt4hlph,16,portfolio,PageBidExperience,1789551710,1,0,0
6c2og0cw,1,o7pccht6,16,portfolio,PageBidExperience,1789551720,1,0,0
6c2og0cw,8,poc3kn08,16,portfolio,PageBidExperience,1789551721,1,0,0
6c2og0cw,5,e3o1p3e6,16,portfolio,PageBidExperience,1789551723,1,0,0
6c2og0cw,20,008uq8bs,16,portfolio,PageBidExperience,1789551726,1,0,0
6c2og0cw,12,dxg47gml,16,portfolio,PageBidExperience,1789551726,1,0,0
6c2og0cw,14,2epyouig,16,portfolio,PageBidExperience,1789551728,1,0,0
6c2og0cw,18,uv69jk1p,16,portfolio,PageBidExperience,1789551736,1,0,0
6c2og0cw,2,xlysi5bz,16,portfolio,PageBidExperience,1789551736,1,0,0
6c2og0cw,19,thfu25ei,16,portfolio,PageBidExperience,1789551737,1,0,0
6c2og0cw,25,3g7fmbdb,16,portfolio,PageBidExperience,1789551737,1,0,0
6c2og0cw,16,6xyzc64h,16,portfolio,PageBidExperience,1789551741,1,0,0
6c2og0cw,17,566nkyxt,16,portfolio,PageBidExperience,1789551742,1,0,0
6c2og0cw,18,uv69jk1p,25,portfolio,Clearing,1789551743,1,0,1
6c2og0cw,17,566nkyxt,25,portfolio,Clearing,1789551743,1,0,1
6c2og0cw,19,thfu25ei,25,portfolio,Clearing,1789551743,1,0,1
6c2og0cw,20,008uq8bs,25,portfolio,Clearing,1789551743,1,0,1
6c2og0cw,16,6xyzc64h,25,portfolio,Clearing,1789551743,1,0,1
6c2og0cw,13,t47t8m59,16,portfolio,PageBidExperience,1789551743,1,0,0
6c2og0cw,24,zcjv164s,16,portfolio,PageBidExperience,1789551745,1,0,0
6c2og0cw,15,107rd682,16,portfolio,PageBidExperience,1789551747,1,0,0
6c2og0cw,7,f8ff6plt,16,portfolio,PageBidExperience,1789551755,1,0,0
6c2og0cw,3,ktzkk4b7,16,portfolio,PageBidExperience,1789551755,1,0,0
6c2og0cw,4,unt4hlph,25,portfolio,Clearing,1789551756,1,0,1
6c2og0cw,5,e3o1p3e6,25,portfolio,Clearing,1789551756,1,0,1
6c2og0cw,1,o7pccht6,25,portfolio,Clearing,1789551756,1,0,1
6c2og0cw,2,xlysi5bz,25,portfolio,Clearing,1789551756,1,0,1
6c2og0cw,3,ktzkk4b7,25,portfolio,Clearing,1789551756,1,0,1
6c2og0cw,22,ilc2oqlq,16,portfolio,PageBidExperience,1789551759,1,0,0
6c2og0cw,11,bjw1ymg6,16,portfolio,PageBidExperience,1789551759,1,0,0
6c2og0cw,11,bjw1ymg6,25,portfolio,Clearing,1789551759,1,0,1
6c2og0cw,13,t47t8m59,25,portfolio,Clearing,1789551759,1,0,1
6c2og0cw,15,107rd682,25,portfolio,Clearing,1789551759,1,0,1
6c2og0cw,14,2epyouig,25,portfolio,Clearing,1789551759,1,0,1
6c2og0cw,12,dxg47gml,25,portfolio,Clearing,1789551759,1,0,1
6c2og0cw,10,yldmtmxh,16,portfolio,PageBidExperience,1789551765,1,0,0
6c2og0cw,23,qcu0td0m,16,portfolio,PageBidExperience,1789551767,1,0,0
6c2og0cw,22,ilc2oqlq,25,portfolio,Clearing,1789551768,1,0,1
6c2og0cw,23,qcu0td0m,25,portfolio,Clearing,1789551768,1,0,1
6c2og0cw,25,3g7fmbdb,25,portfolio,Clearing,1789551768,1,0,1
6c2og0cw,21,o4da1gkl,25,portfolio,Clearing,1789551768,1,0,1
6c2og0cw,24,zcjv164s,25,portfolio,Clearing,1789551768,1,0,1
6c2og0cw,9,z9zrwosz,16,portfolio,PageBidExperience,1789551785,1,0,0
6c2og0cw,6,0nzm25g8,16,portfolio,PageBidExperience,1789551832,1,0,0
6c2og0cw,10,yldmtmxh,25,portfolio,Clearing,1789551832,1,0,1
6c2og0cw,8,poc3kn08,25,portfolio,Clearing,1789551832,1,0,1
6c2og0cw,7,f8ff6plt,25,portfolio,Clearing,1789551832,1,0,1
6c2og0cw,6,0nzm25g8,25,portfolio,Clearing,1789551832,1,0,1
6c2og0cw,9,z9zrwosz,25,portfolio,Clearing,1789551832,1,0,1
6c2og0cw,11,bjw1ymg6,26,portfolio,SyncMarketRound,1789551833,1,0,1
6c2og0cw,13,t47t8m59,26,portfolio,SyncMarketRound,1789551833,1,0,1
6c2og0cw,15,107rd682,26,portfolio,SyncMarketRound,1789551833,1,0,1
6c2og0cw,22,ilc2oqlq,26,portfolio,SyncMarketRound,1789551833,1,0,1
6c2og0cw,18,uv69jk1p,26,portfolio,SyncMarketRound,1789551833,1,0,1
6c2og0cw,23,qcu0td0m,26,portfolio,SyncMarketRound,1789551833,1,0,1
6c2og0cw,4,unt4hlph,26,portfolio,SyncMarketRound,1789551833,1,0,1
6c2og0cw,10,yldmtmxh,26,portfolio,SyncMarketRound,1789551833,1,0,1
6c2og0cw,5,e3o1p3e6,26,portfolio,SyncMarketRound,1789551833,1,0,1
6c2og0cw,14,2epyouig,26,portfolio,SyncMarketRound,1789551833,1,0,1
6c2og0cw,25,3g7fmbdb,26,portfolio,SyncMarketRound,1789551833,1,0,1
6c2og0cw,17,566nkyxt,26,portfolio,SyncMarketRound,1789551833,1,0,1
6c2og0cw,19,thfu25ei,26,portfolio,SyncMarketRound,1789551833,1,0,1
6c2og0cw,20,008uq8bs,26,portfolio,SyncMarketRound,1789551833,1,0,1
6c2og0cw,8,poc3kn08,26,portfolio,SyncMarketRound,1789551833,1,0,1
6c2og0cw,12,dxg47gml,26,portfolio,SyncMarketRound,1789551833,1,0,1
6c2og0cw,1,o7pccht6,26,portfolio,SyncMarketRound,1789551833,1,0,1
6c2og0cw,2,xlysi5bz,26,portfolio,SyncMarketRound,1789551833,1,0,1
6c2og0cw,21,o4da1gkl,26,portfolio,SyncMarketRound,1789551833,1,0,1
6c2og0cw,7,f8ff6plt,26,portfolio,SyncMarketRound,1789551833,1,0,1
6c2og0cw,6,0nzm25g8,26,portfolio,SyncMarketRound,1789551833,1,0,1
6c2og0cw,3,ktzkk4b7,26,portfolio,SyncMarketRound,1789551833,1,0,1
6c2og0cw,24,zcjv164s,26,portfolio,SyncMarketRound,1789551833,1,0,1
6c2og0cw,9,z9zrwosz,26,portfolio,SyncMarketRound,1789551833,1,0,1
6c2og0cw,16,6xyzc64h,26,portfolio,SyncMarketRound,1789551833,1,0,1
6c2og0cw,18,uv69jk1p,45,portfolio,PageBidExperience,1789551868,2,0,0
6c2og0cw,25,3g7fmbdb,45,portfolio,PageBidExperience,1789551868,2,0,0
6c2og0cw,4,unt4hlph,45,portfolio,PageBidExperience,1789551870,2,0,0
6c2og0cw,10,yldmtmxh,45,portfolio,PageBidExperience,1789551873,2,0,0
6c2og0cw,14,2epyouig,45,portfolio,PageBidExperience,1789551874,2,0,0
6c2og0cw,20,008uq8bs,45,portfolio,PageBidExperience,1789551879,2,0,0
6c2og0cw,21,o4da1gkl,45,portfolio,PageBidExperience,1789551880,2,0,0
6c2og0cw,15,107rd682,45,portfolio,PageBidExperience,1789551883,2,0,0
6c2og0cw,2,xlysi5bz,45,portfolio,PageBidExperience,1789551883,2,0,0
6c2og0cw,1,o7pccht6,45,portfolio,PageBidExperience,1789551884,2,0,0
6c2og0cw,23,qcu0td0m,45,portfolio,PageBidExperience,1789551884,2,0,0
6c2og0cw,5,e3o1p3e6,45,portfolio,PageBidExperience,1789551884,2,0,0
6c2og0cw,11,bjw1ymg6,45,portfolio,PageBidExperience,1789551885,2,0,0
6c2og0cw,24,zcjv164s,45,portfolio,PageBidExperience,1789551889,2,0,0
6c2og0cw,7,f8ff6plt,45,portfolio,PageBidExperience,1789551889,2,0,0
6c2og0cw,22,ilc2oqlq,45,portfolio,PageBidExperience,1789551896,2,0,0
6c2og0cw,22,ilc2oqlq,54,portfolio,Clearing,1789551897,2,0,1
6c2og0cw,23,qcu0td0m,54,portfolio,Clearing,1789551897,2,0,1
6c2og0cw,24,zcjv164s,54,portfolio,Clearing,1789551897,2,0,1
6c2og0cw,25,3g7fmbdb,54,portfolio,Clearing,1789551897,2,0,1
6c2og0cw,21,o4da1gkl,54,portfolio,Clearing,1789551897,2,0,1
6c2og0cw,19,thfu25ei,45,portfolio,PageBidExperience,1789551900,2,0,0
6c2og0cw,8,poc3kn08,45,portfolio,PageBidExperience,1789551902,2,0,0
6c2og0cw,3,ktzkk4b7,45,portfolio,PageBidExperience,1789551904,2,0,0
6c2og0cw,1,o7pccht6,54,portfolio,Clearing,1789551904,2,0,1
6c2og0cw,2,xlysi5bz,54,portfolio,Clearing,1789551904,2,0,1
6c2og0cw,3,ktzkk4b7,54,portfolio,Clearing,1789551904,2,0,1
6c2og0cw,4,unt4hlph,54,portfolio,Clearing,1789551904,2,0,1
6c2og0cw,5,e3o1p3e6,54,portfolio,Clearing,1789551904,2,0,1
6c2og0cw,6,0nzm25g8,45,portfolio,PageBidExperience,1789551918,2,0,0
6c2og0cw,16,6xyzc64h,45,portfolio,PageBidExperience,1789551921,2,0,0
6c2og0cw,12,dxg47gml,45,portfolio,PageBidExperience,1789551924,2,0,0
6c2og0cw,13,t47t8m59,45,portfolio,PageBidExperience,1789551939,2,0,0
6c2og0cw,11,bjw1ymg6,54,portfolio,Clearing,1789551939,2,0,1
6c2og0cw,12,dxg47gml,54,portfolio,Clearing,1789551939,2,0,1
6c2og0cw,13,t47t8m59,54,portfolio,Clearing,1789551939,2,0,1
6c2og0cw,14,2epyouig,54,portfolio,Clearing,1789551939,2,0,1
6c2og0cw,15,107rd682,54,portfolio,Clearing,1789551939,2,0,1
6c2og0cw,17,566nkyxt,45,portfolio,PageBidExperience,1789551940,2,0,0
6c2og0cw,16,6xyzc64h,54,portfolio,Clearing,1789551941,2,0,1
6c2og0cw,17,566nkyxt,54,portfolio,Clearing,1789551941,2,0,1
6c2og0cw,18,uv69jk1p,54,portfolio,Clearing,1789551941,2,0,1
6c2og0cw,19,thfu25ei,54,portfolio,Clearing,1789551941,2,0,1
6c2og0cw,20,008uq8bs,54,portfolio,Clearing,1789551941,2,0,1
6c2og0cw,9,z9zrwosz,45,portfolio,PageBidExperience,1789551996,2,0,0
6c2og0cw,6,0nzm25g8,54,portfolio,Clearing,1789551996,2,0,1
6c2og0cw,7,f8ff6plt,54,portfolio,Clearing,1789551996,2,0,1
6c2og0cw,8,poc3kn08,54,portfolio,Clearing,1789551996,2,0,1
6c2og0cw,9,z9zrwosz,54,portfolio,Clearing,1789551996,2,0,1
6c2og0cw,10,yldmtmxh,54,portfolio,Clearing,1789551996,2,0,1
6c2og0cw,22,ilc2oqlq,55,portfolio,SyncMarketRound,1789551997,2,0,1
6c2og0cw,23,qcu0td0m,55,portfolio,SyncMarketRound,1789551997,2,0,1
6c2og0cw,24,zcjv164s,55,portfolio,SyncMarketRound,1789551997,2,0,1
6c2og0cw,25,3g7fmbdb,55,portfolio,SyncMarketRound,1789551997,2,0,1
6c2og0cw,6,0nzm25g8,55,portfolio,SyncMarketRound,1789551997,2,0,1
6c2og0cw,16,6xyzc64h,55,portfolio,SyncMarketRound,1789551997,2,0,1
6c2og0cw,7,f8ff6plt,55,portfolio,SyncMarketRound,1789551997,2,0,1
6c2og0cw,17,566nkyxt,55,portfolio,SyncMarketRound,1789551997,2,0,1
6c2og0cw,18,uv69jk1p,55,portfolio,SyncMarketRound,1789551997,2,0,1
6c2og0cw,8,poc3kn08,55,portfolio,SyncMarketRound,1789551997,2,0,1
6c2og0cw,11,bjw1ymg6,55,portfolio,SyncMarketRound,1789551997,2,0,1
6c2og0cw,1,o7pccht6,55,portfolio,SyncMarketRound,1789551997,2,0,1
6c2og0cw,2,xlysi5bz,55,portfolio,SyncMarketRound,1789551997,2,0,1
6c2og0cw,3,ktzkk4b7,55,portfolio,SyncMarketRound,1789551997,2,0,1
6c2og0cw,4,unt4hlph,55,portfolio,SyncMarketRound,1789551997,2,0,1
6c2og0cw,5,e3o1p3e6,55,portfolio,SyncMarketRound,1789551997,2,0,1
6c2og0cw,12,dxg47gml,55,portfolio,SyncMarketRound,1789551997,2,0,1
6c2og0cw,13,t47t8m59,55,portfolio,SyncMarketRound,1789551997,2,0,1
6c2og0cw,14,2epyouig,55,portfolio,SyncMarketRound,1789551997,2,0,1
6c2og0cw,15,107rd682,55,portfolio,SyncMarketRound,1789551997,2,0,1
6c2og0cw,9,z9zrwosz,55,portfolio,SyncMarketRound,1789551997,2,0,1
6c2og0cw,10,yldmtmxh,55,portfolio,SyncMarketRound,1789551997,2,0,1
6c2og0cw,19,thfu25ei,55,portfolio,SyncMarketRound,1789551997,2,0,1
6c2og0cw,20,008uq8bs,55,portfolio,SyncMarketRound,1789551997,2,0,1
6c2og0cw,21,o4da1gkl,55,portfolio,SyncMarketRound,1789551997,2,0,1
6c2og0cw,2,xlysi5bz,74,portfolio,PageBidExperience,1789552028,3,0,0
6c2og0cw,1,o7pccht6,74,portfolio,PageBidExperience,1789552028,3,0,0
6c2og0cw,25,3g7fmbdb,74,portfolio,PageBidExperience,1789552028,3,0,0
6c2og0cw,22,ilc2oqlq,74,portfolio,PageBidExperience,1789552029,3,0,0
6c2og0cw,19,thfu25ei,74,portfolio,PageBidExperience,1789552031,3,0,0
6c2og0cw,17,566nkyxt,74,portfolio,PageBidExperience,1789552031,3,0,0
6c2og0cw,7,f8ff6plt,74,portfolio,PageBidExperience,1789552038,3,0,0
6c2og0cw,20,008uq8bs,74,portfolio,PageBidExperience,1789552041,3,0,0
6c2og0cw,14,2epyouig,74,portfolio,PageBidExperience,1789552042,3,0,0
6c2og0cw,4,unt4hlph,74,portfolio,PageBidExperience,1789552042,3,0,0
6c2og0cw,21,o4da1gkl,74,portfolio,PageBidExperience,1789552043,3,0,0
6c2og0cw,18,uv69jk1p,74,portfolio,PageBidExperience,1789552047,3,0,0
6c2og0cw,13,t47t8m59,74,portfolio,PageBidExperience,1789552048,3,0,0
6c2og0cw,12,dxg47gml,74,portfolio,PageBidExperience,1789552048,3,0,0
6c2og0cw,15,107rd682,74,portfolio,PageBidExperience,1789552059,3,0,0
6c2og0cw,3,ktzkk4b7,74,portfolio,PageBidExperience,1789552061,3,0,0
6c2og0cw,24,zcjv164s,74,portfolio,PageBidExperience,1789552061,3,0,0
6c2og0cw,23,qcu0td0m,74,portfolio,PageBidExperience,1789552065,3,0,0
6c2og0cw,23,qcu0td0m,83,portfolio,Clearing,1789552065,3,0,1
6c2og0cw,24,zcjv164s,83,portfolio,Clearing,1789552065,3,0,1
6c2og0cw,25,3g7fmbdb,83,portfolio,Clearing,1789552065,3,0,1
6c2og0cw,21,o4da1gkl,83,portfolio,Clearing,1789552065,3,0,1
6c2og0cw,22,ilc2oqlq,83,portfolio,Clearing,1789552065,3,0,1
6c2og0cw,8,poc3kn08,74,portfolio,PageBidExperience,1789552070,3,0,0
6c2og0cw,5,e3o1p3e6,74,portfolio,PageBidExperience,1789552076,3,0,0
6c2og0cw,16,6xyzc64h,74,portfolio,PageBidExperience,1789552076,3,0,0
6c2og0cw,1,o7pccht6,83,portfolio,Clearing,1789552076,3,0,1
6c2og0cw,2,xlysi5bz,83,portfolio,Clearing,1789552076,3,0,1
6c2og0cw,3,ktzkk4b7,83,portfolio,Clearing,1789552076,3,0,1
6c2og0cw,4,unt4hlph,83,portfolio,Clearing,1789552076,3,0,1
6c2og0cw,5,e3o1p3e6,83,portfolio,Clearing,1789552076,3,0,1
6c2og0cw,16,6xyzc64h,83,portfolio,Clearing,1789552076,3,0,1
6c2og0cw,17,566nkyxt,83,portfolio,Clearing,1789552076,3,0,1
6c2og0cw,18,uv69jk1p,83,portfolio,Clearing,1789552076,3,0,1
6c2og0cw,19,thfu25ei,83,portfolio,Clearing,1789552076,3,0,1
6c2og0cw,20,008uq8bs,83,portfolio,Clearing,1789552076,3,0,1
6c2og0cw,11,bjw1ymg6,74,portfolio,PageBidExperience,1789552084,3,0,0
6c2og0cw,6,0nzm25g8,74,portfolio,PageBidExperience,1789552084,3,0,0
6c2og0cw,11,bjw1ymg6,83,portfolio,Clearing,1789552084,3,0,1
6c2og0cw,12,dxg47gml,83,portfolio,Clearing,1789552084,3,0,1
6c2og0cw,13,t47t8m59,83,portfolio,Clearing,1789552084,3,0,1
6c2og0cw,14,2epyouig,83,portfolio,Clearing,1789552084,3,0,1
6c2og0cw,15,107rd682,83,portfolio,Clearing,1789552084,3,0,1
6c2og0cw,9,z9zrwosz,74,portfolio,PageBidExperience,1789552108,3,0,0
6c2og0cw,10,yldmtmxh,74,portfolio,PageBidExperience,1789552109,3,0,0
6c2og0cw,6,0nzm25g8,83,portfolio,Clearing,1789552110,3,0,1
6c2og0cw,7,f8ff6plt,83,portfolio,Clearing,1789552110,3,0,1
6c2og0cw,8,poc3kn08,83,portfolio,Clearing,1789552110,3,0,1
6c2og0cw,9,z9zrwosz,83,portfolio,Clearing,1789552110,3,0,1
6c2og0cw,10,yldmtmxh,83,portfolio,Clearing,1789552110,3,0,1
6c2og0cw,23,qcu0td0m,84,portfolio,SyncMarketRound,1789552111,3,0,1
6c2og0cw,24,zcjv164s,84,portfolio,SyncMarketRound,1789552111,3,0,1
6c2og0cw,25,3g7fmbdb,84,portfolio,SyncMarketRound,1789552111,3,0,1
6c2og0cw,16,6xyzc64h,84,portfolio,SyncMarketRound,1789552111,3,0,1
6c2og0cw,1,o7pccht6,84,portfolio,SyncMarketRound,1789552111,3,0,1
6c2og0cw,17,566nkyxt,84,portfolio,SyncMarketRound,1789552111,3,0,1
6c2og0cw,11,bjw1ymg6,84,portfolio,SyncMarketRound,1789552111,3,0,1
6c2og0cw,18,uv69jk1p,84,portfolio,SyncMarketRound,1789552111,3,0,1
6c2og0cw,12,dxg47gml,84,portfolio,SyncMarketRound,1789552111,3,0,1
6c2og0cw,13,t47t8m59,84,portfolio,SyncMarketRound,1789552111,3,0,1
6c2og0cw,6,0nzm25g8,84,portfolio,SyncMarketRound,1789552111,3,0,1
6c2og0cw,7,f8ff6plt,84,portfolio,SyncMarketRound,1789552111,3,0,1
6c2og0cw,8,poc3kn08,84,portfolio,SyncMarketRound,1789552111,3,0,1
6c2og0cw,19,thfu25ei,84,portfolio,SyncMarketRound,1789552111,3,0,1
6c2og0cw,2,xlysi5bz,84,portfolio,SyncMarketRound,1789552111,3,0,1
6c2og0cw,3,ktzkk4b7,84,portfolio,SyncMarketRound,1789552111,3,0,1
6c2og0cw,21,o4da1gkl,84,portfolio,SyncMarketRound,1789552111,3,0,1
6c2og0cw,22,ilc2oqlq,84,portfolio,SyncMarketRound,1789552111,3,0,1
6c2og0cw,4,unt4hlph,84,portfolio,SyncMarketRound,1789552111,3,0,1
6c2og0cw,5,e3o1p3e6,84,portfolio,SyncMarketRound,1789552111,3,0,1
6c2og0cw,20,008uq8bs,84,portfolio,SyncMarketRound,1789552111,3,0,1
6c2og0cw,14,2epyouig,84,portfolio,SyncMarketRound,1789552111,3,0,1
6c2og0cw,15,107rd682,84,portfolio,SyncMarketRound,1789552111,3,0,1
6c2og0cw,9,z9zrwosz,84,portfolio,SyncMarketRound,1789552111,3,0,1
6c2og0cw,10,yldmtmxh,84,portfolio,SyncMarketRound,1789552111,3,0,1
6c2og0cw,3,ktzkk4b7,103,portfolio,PageBidExperience,1789552130,4,0,0
6c2og0cw,7,f8ff6plt,103,portfolio,PageBidExperience,1789552132,4,0,0
6c2og0cw,4,unt4hlph,103,portfolio,PageBidExperience,1789552141,4,0,0
6c2og0cw,21,o4da1gkl,103,portfolio,PageBidExperience,1789552146,4,0,0
6c2og0cw,2,xlysi5bz,103,portfolio,PageBidExperience,1789552147,4,0,0
6c2og0cw,11,bjw1ymg6,103,portfolio,PageBidExperience,1789552148,4,0,0
6c2og0cw,1,o7pccht6,103,portfolio,PageBidExperience,1789552148,4,0,0
6c2og0cw,15,107rd682,103,portfolio,PageBidExperience,1789552150,4,0,0
6c2og0cw,18,uv69jk1p,103,portfolio,PageBidExperience,1789552151,4,0,0
6c2og0cw,14,2epyouig,103,portfolio,PageBidExperience,1789552151,4,0,0
6c2og0cw,19,thfu25ei,103,portfolio,PageBidExperience,1789552152,4,0,0
6c2og0cw,22,ilc2oqlq,103,portfolio,PageBidExperience,1789552157,4,0,0
6c2og0cw,10,yldmtmxh,103,portfolio,PageBidExperience,1789552158,4,0,0
6c2og0cw,13,t47t8m59,103,portfolio,PageBidExperience,1789552160,4,0,0
6c2og0cw,20,008uq8bs,103,portfolio,PageBidExperience,1789552161,4,0,0
6c2og0cw,17,566nkyxt,103,portfolio,PageBidExperience,1789552162,4,0,0
6c2og0cw,5,e3o1p3e6,103,portfolio,PageBidExperience,1789552173,4,0,0
6c2og0cw,1,o7pccht6,112,portfolio,Clearing,1789552173,4,0,1
6c2og0cw,2,xlysi5bz,112,portfolio,Clearing,1789552173,4,0,1
6c2og0cw,3,ktzkk4b7,112,portfolio,Clearing,1789552173,4,0,1
6c2og0cw,4,unt4hlph,112,portfolio,Clearing,1789552173,4,0,1
6c2og0cw,5,e3o1p3e6,112,portfolio,Clearing,1789552173,4,0,1
6c2og0cw,12,dxg47gml,103,portfolio,PageBidExperience,1789552175,4,0,0
6c2og0cw,15,107rd682,112,portfolio,Clearing,1789552176,4,0,1
6c2og0cw,11,bjw1ymg6,112,portfolio,Clearing,1789552176,4,0,1
6c2og0cw,12,dxg47gml,112,portfolio,Clearing,1789552176,4,0,1
6c2og0cw,13,t47t8m59,112,portfolio,Clearing,1789552176,4,0,1
6c2og0cw,14,2epyouig,112,portfolio,Clearing,1789552176,4,0,1
6c2og0cw,25,3g7fmbdb,103,portfolio,PageBidExperience,1789552179,4,0,0
6c2og0cw,23,qcu0td0m,103,portfolio,PageBidExperience,1789552181,4,0,0
6c2og0cw,8,poc3kn08,103,portfolio,PageBidExperience,1789552182,4,0,0
6c2og0cw,16,6xyzc64h,103,portfolio,PageBidExperience,1789552189,4,0,0
6c2og0cw,16,6xyzc64h,112,portfolio,Clearing,1789552190,4,0,1
6c2og0cw,18,uv69jk1p,112,portfolio,Clearing,1789552190,4,0,1
6c2og0cw,19,thfu25ei,112,portfolio,Clearing,1789552190,4,0,1
6c2og0cw,20,008uq8bs,112,portfolio,Clearing,1789552190,4,0,1
6c2og0cw,17,566nkyxt,112,portfolio,Clearing,1789552190,4,0,1
6c2og0cw,9,z9zrwosz,103,portfolio,PageBidExperience,1789552192,4,0,0
6c2og0cw,24,zcjv164s,103,portfolio,PageBidExperience,1789552208,4,0,0
6c2og0cw,21,o4da1gkl,112,portfolio,Clearing,1789552209,4,0,1
6c2og0cw,22,ilc2oqlq,112,portfolio,Clearing,1789552209,4,0,1
6c2og0cw,23,qcu0td0m,112,portfolio,Clearing,1789552209,4,0,1
6c2og0cw,24,zcjv164s,112,portfolio,Clearing,1789552209,4,0,1
6c2og0cw,25,3g7fmbdb,112,portfolio,Clearing,1789552209,4,0,1
6c2og0cw,6,0nzm25g8,103,portfolio,PageBidExperience,1789552258,4,0,0
6c2og0cw,6,0nzm25g8,112,portfolio,Clearing,1789552259,4,0,1
6c2og0cw,10,yldmtmxh,112,portfolio,Clearing,1789552259,4,0,1
6c2og0cw,7,f8ff6plt,112,portfolio,Clearing,1789552259,4,0,1
6c2og0cw,8,poc3kn08,112,portfolio,Clearing,1789552259,4,0,1
6c2og0cw,9,z9zrwosz,112,portfolio,Clearing,1789552259,4,0,1
6c2og0cw,15,107rd682,113,portfolio,SyncMarketRound,1789552260,4,0,1
6c2og0cw,16,6xyzc64h,113,portfolio,SyncMarketRound,1789552260,4,0,1
6c2og0cw,18,uv69jk1p,113,portfolio,SyncMarketRound,1789552260,4,0,1
6c2og0cw,19,thfu25ei,113,portfolio,SyncMarketRound,1789552260,4,0,1
6c2og0cw,20,008uq8bs,113,portfolio,SyncMarketRound,1789552260,4,0,1
6c2og0cw,21,o4da1gkl,113,portfolio,SyncMarketRound,1789552260,4,0,1
6c2og0cw,11,bjw1ymg6,113,portfolio,SyncMarketRound,1789552260,4,0,1
6c2og0cw,12,dxg47gml,113,portfolio,SyncMarketRound,1789552260,4,0,1
6c2og0cw,1,o7pccht6,113,portfolio,SyncMarketRound,1789552260,4,0,1
6c2og0cw,6,0nzm25g8,113,portfolio,SyncMarketRound,1789552260,4,0,1
6c2og0cw,10,yldmtmxh,113,portfolio,SyncMarketRound,1789552260,4,0,1
6c2og0cw,7,f8ff6plt,113,portfolio,SyncMarketRound,1789552260,4,0,1
6c2og0cw,13,t47t8m59,113,portfolio,SyncMarketRound,1789552260,4,0,1
6c2og0cw,2,xlysi5bz,113,portfolio,SyncMarketRound,1789552260,4,0,1
6c2og0cw,3,ktzkk4b7,113,portfolio,SyncMarketRound,1789552260,4,0,1
6c2og0cw,4,unt4hlph,113,portfolio,SyncMarketRound,1789552260,4,0,1
6c2og0cw,5,e3o1p3e6,113,portfolio,SyncMarketRound,1789552260,4,0,1
6c2og0cw,14,2epyouig,113,portfolio,SyncMarketRound,1789552260,4,0,1
6c2og0cw,8,poc3kn08,113,portfolio,SyncMarketRound,1789552260,4,0,1
6c2og0cw,9,z9zrwosz,113,portfolio,SyncMarketRound,1789552260,4,0,1
6c2og0cw,22,ilc2oqlq,113,portfolio,SyncMarketRound,1789552260,4,0,1
6c2og0cw,23,qcu0td0m,113,portfolio,SyncMarketRound,1789552260,4,0,1
6c2og0cw,24,zcjv164s,113,portfolio,SyncMarketRound,1789552260,4,0,1
6c2og0cw,17,566nkyxt,113,portfolio,SyncMarketRound,1789552260,4,0,1
6c2og0cw,25,3g7fmbdb,113,portfolio,SyncMarketRound,1789552260,4,0,1
6c2og0cw,7,f8ff6plt,132,portfolio,PageBidExperience,1789552277,5,0,0
6c2og0cw,2,xlysi5bz,132,portfolio,PageBidExperience,1789552283,5,0,0
6c2og0cw,15,107rd682,132,portfolio,PageBidExperience,1789552284,5,0,0
6c2og0cw,21,o4da1gkl,132,portfolio,PageBidExperience,1789552286,5,0,0
6c2og0cw,18,uv69jk1p,132,portfolio,PageBidExperience,1789552287,5,0,0
6c2og0cw,25,3g7fmbdb,132,portfolio,PageBidExperience,1789552290,5,0,0
6c2og0cw,23,qcu0td0m,132,portfolio,PageBidExperience,1789552290,5,0,0
6c2og0cw,19,thfu25ei,132,portfolio,PageBidExperience,1789552292,5,0,0
6c2og0cw,14,2epyouig,132,portfolio,PageBidExperience,1789552294,5,0,0
6c2og0cw,5,e3o1p3e6,132,portfolio,PageBidExperience,1789552295,5,0,0
6c2og0cw,17,566nkyxt,132,portfolio,PageBidExperience,1789552295,5,0,0
6c2og0cw,6,0nzm25g8,132,portfolio,PageBidExperience,1789552302,5,0,0
6c2og0cw,24,zcjv164s,132,portfolio,PageBidExperience,1789552304,5,0,0
6c2og0cw,22,ilc2oqlq,132,portfolio,PageBidExperience,1789552305,5,0,0
6c2og0cw,24,zcjv164s,141,portfolio,Clearing,1789552305,5,0,1
6c2og0cw,25,3g7fmbdb,141,portfolio,Clearing,1789552305,5,0,1
6c2og0cw,21,o4da1gkl,141,portfolio,Clearing,1789552305,5,0,1
6c2og0cw,22,ilc2oqlq,141,portfolio,Clearing,1789552305,5,0,1
6c2og0cw,23,qcu0td0m,141,portfolio,Clearing,1789552305,5,0,1
6c2og0cw,13,t47t8m59,132,portfolio,PageBidExperience,1789552308,5,0,0
6c2og0cw,20,008uq8bs,132,portfolio,PageBidExperience,1789552309,5,0,0
6c2og0cw,4,unt4hlph,132,portfolio,PageBidExperience,1789552314,5,0,0
6c2og0cw,12,dxg47gml,132,portfolio,PageBidExperience,1789552316,5,0,0
6c2og0cw,10,yldmtmxh,132,portfolio,PageBidExperience,1789552317,5,0,0
6c2og0cw,11,bjw1ymg6,132,portfolio,PageBidExperience,1789552322,5,0,0
6c2og0cw,11,bjw1ymg6,141,portfolio,Clearing,1789552322,5,0,1
6c2og0cw,12,dxg47gml,141,portfolio,Clearing,1789552322,5,0,1
6c2og0cw,13,t47t8m59,141,portfolio,Clearing,1789552322,5,0,1
6c2og0cw,14,2epyouig,141,portfolio,Clearing,1789552322,5,0,1
6c2og0cw,15,107rd682,141,portfolio,Clearing,1789552322,5,0,1
6c2og0cw,1,o7pccht6,132,portfolio,PageBidExperience,1789552327,5,0,0
6c2og0cw,3,ktzkk4b7,132,portfolio,PageBidExperience,1789552329,5,0,0
6c2og0cw,1,o7pccht6,141,portfolio,Clearing,1789552329,5,0,1
6c2og0cw,2,xlysi5bz,141,portfolio,Clearing,1789552329,5,0,1
6c2og0cw,3,ktzkk4b7,141,portfolio,Clearing,1789552329,5,0,1
6c2og0cw,4,unt4hlph,141,portfolio,Clearing,1789552329,5,0,1
6c2og0cw,5,e3o1p3e6,141,portfolio,Clearing,1789552329,5,0,1
6c2og0cw,16,6xyzc64h,132,portfolio,PageBidExperience,1789552338,5,0,0
6c2og0cw,16,6xyzc64h,141,portfolio,Clearing,1789552338,5,0,1
6c2og0cw,17,566nkyxt,141,portfolio,Clearing,1789552338,5,0,1
6c2og0cw,18,uv69jk1p,141,portfolio,Clearing,1789552338,5,0,1
6c2og0cw,19,thfu25ei,141,portfolio,Clearing,1789552338,5,0,1
6c2og0cw,20,008uq8bs,141,portfolio,Clearing,1789552338,5,0,1
6c2og0cw,9,z9zrwosz,132,portfolio,PageBidExperience,1789552340,5,0,0
6c2og0cw,8,poc3kn08,132,portfolio,PageBidExperience,1789552347,5,0,0
6c2og0cw,6,0nzm25g8,141,portfolio,Clearing,1789552347,5,0,1
6c2og0cw,7,f8ff6plt,141,portfolio,Clearing,1789552347,5,0,1
6c2og0cw,8,poc3kn08,141,portfolio,Clearing,1789552347,5,0,1
6c2og0cw,9,z9zrwosz,141,portfolio,Clearing,1789552347,5,0,1
6c2og0cw,10,yldmtmxh,141,portfolio,Clearing,1789552347,5,0,1
6c2og0cw,24,zcjv164s,142,portfolio,SyncMarketRound,1789552348,5,0,1
6c2og0cw,25,3g7fmbdb,142,portfolio,SyncMarketRound,1789552348,5,0,1
6c2og0cw,1,o7pccht6,142,portfolio,SyncMarketRound,1789552348,5,0,1
6c2og0cw,16,6xyzc64h,142,portfolio,SyncMarketRound,1789552348,5,0,1
6c2og0cw,6,0nzm25g8,142,portfolio,SyncMarketRound,1789552348,5,0,1
6c2og0cw,17,566nkyxt,142,portfolio,SyncMarketRound,1789552348,5,0,1
6c2og0cw,7,f8ff6plt,142,portfolio,SyncMarketRound,1789552348,5,0,1
6c2og0cw,2,xlysi5bz,142,portfolio,SyncMarketRound,1789552348,5,0,1
6c2og0cw,18,uv69jk1p,142,portfolio,SyncMarketRound,1789552348,5,0,1
6c2og0cw,8,poc3kn08,142,portfolio,SyncMarketRound,1789552348,5,0,1
6c2og0cw,3,ktzkk4b7,142,portfolio,SyncMarketRound,1789552348,5,0,1
6c2og0cw,21,o4da1gkl,142,portfolio,SyncMarketRound,1789552348,5,0,1
6c2og0cw,22,ilc2oqlq,142,portfolio,SyncMarketRound,1789552348,5,0,1
6c2og0cw,23,qcu0td0m,142,portfolio,SyncMarketRound,1789552348,5,0,1
6c2og0cw,4,unt4hlph,142,portfolio,SyncMarketRound,1789552348,5,0,1
6c2og0cw,11,bjw1ymg6,142,portfolio,SyncMarketRound,1789552348,5,0,1
6c2og0cw,12,dxg47gml,142,portfolio,SyncMarketRound,1789552348,5,0,1
6c2og0cw,13,t47t8m59,142,portfolio,SyncMarketRound,1789552348,5,0,1
6c2og0cw,14,2epyouig,142,portfolio,SyncMarketRound,1789552348,5,0,1
6c2og0cw,15,107rd682,142,portfolio,SyncMarketRound,1789552348,5,0,1
6c2og0cw,5,e3o1p3e6,142,portfolio,SyncMarketRound,1789552348,5,0,1
6c2og0cw,19,thfu25ei,142,portfolio,SyncMarketRound,1789552348,5,0,1
6c2og0cw,20,008uq8bs,142,portfolio,SyncMarketRound,1789552348,5,0,1
6c2og0cw,9,z9zrwosz,142,portfolio,SyncMarketRound,1789552348,5,0,1
6c2og0cw,10,yldmtmxh,142,portfolio,SyncMarketRound,1789552348,5,0,1
6c2og0cw,3,ktzkk4b7,161,portfolio,PageBidExperience,1789552363,6,0,0
6c2og0cw,7,f8ff6plt,161,portfolio,PageBidExperience,1789552365,6,0,0
6c2og0cw,2,xlysi5bz,161,portfolio,PageBidExperience,1789552373,6,0,0
6c2og0cw,4,unt4hlph,161,portfolio,PageBidExperience,1789552374,6,0,0
6c2og0cw,5,e3o1p3e6,161,portfolio,PageBidExperience,1789552375,6,0,0
6c2og0cw,1,o7pccht6,161,portfolio,PageBidExperience,1789552375,6,0,0
6c2og0cw,22,ilc2oqlq,161,portfolio,PageBidExperience,1789552375,6,0,0
6c2og0cw,5,e3o1p3e6,170,portfolio,Clearing,1789552375,6,0,1
6c2og0cw,1,o7pccht6,170,portfolio,Clearing,1789552375,6,0,1
6c2og0cw,2,xlysi5bz,170,portfolio,Clearing,1789552375,6,0,1
6c2og0cw,3,ktzkk4b7,170,portfolio,Clearing,1789552375,6,0,1
6c2og0cw,4,unt4hlph,170,portfolio,Clearing,1789552375,6,0,1
6c2og0cw,25,3g7fmbdb,161,portfolio,PageBidExperience,1789552376,6,0,0
6c2og0cw,21,o4da1gkl,161,portfolio,PageBidExperience,1789552377,6,0,0
6c2og0cw,13,t47t8m59,161,portfolio,PageBidExperience,1789552378,6,0,0
6c2og0cw,18,uv69jk1p,161,portfolio,PageBidExperience,1789552380,6,0,0
6c2og0cw,12,dxg47gml,161,portfolio,PageBidExperience,1789552386,6,0,0
6c2og0cw,17,566nkyxt,161,portfolio,PageBidExperience,1789552387,6,0,0
6c2og0cw,14,2epyouig,161,portfolio,PageBidExperience,1789552388,6,0,0
6c2og0cw,20,008uq8bs,161,portfolio,PageBidExperience,1789552388,6,0,0
6c2og0cw,19,thfu25ei,161,portfolio,PageBidExperience,1789552394,6,0,0
6c2og0cw,15,107rd682,161,portfolio,PageBidExperience,1789552394,6,0,0
6c2og0cw,8,poc3kn08,161,portfolio,PageBidExperience,1789552398,6,0,0
6c2og0cw,16,6xyzc64h,161,portfolio,PageBidExperience,1789552398,6,0,0
6c2og0cw,17,566nkyxt,170,portfolio,Clearing,1789552399,6,0,1
6c2og0cw,18,uv69jk1p,170,portfolio,Clearing,1789552399,6,0,1
6c2og0cw,19,thfu25ei,170,portfolio,Clearing,1789552399,6,0,1
6c2og0cw,20,008uq8bs,170,portfolio,Clearing,1789552399,6,0,1
6c2og0cw,16,6xyzc64h,170,portfolio,Clearing,1789552399,6,0,1
6c2og0cw,11,bjw1ymg6,161,portfolio,PageBidExperience,1789552404,6,0,0
6c2og0cw,11,bjw1ymg6,170,portfolio,Clearing,1789552404,6,0,1
6c2og0cw,12,dxg47gml,170,portfolio,Clearing,1789552404,6,0,1
6c2og0cw,13,t47t8m59,170,portfolio,Clearing,1789552404,6,0,1
6c2og0cw,14,2epyouig,170,portfolio,Clearing,1789552404,6,0,1
6c2og0cw,15,107rd682,170,portfolio,Clearing,1789552404,6,0,1
6c2og0cw,6,0nzm25g8,161,portfolio,PageBidExperience,1789552410,6,0,0
6c2og0cw,24,zcjv164s,161,portfolio,PageBidExperience,1789552411,6,0,0
6c2og0cw,23,qcu0td0m,161,portfolio,PageBidExperience,1789552412,6,0,0
6c2og0cw,22,ilc2oqlq,170,portfolio,Clearing,1789552413,6,0,1
6c2og0cw,21,o4da1gkl,170,portfolio,Clearing,1789552413,6,0,1
6c2og0cw,23,qcu0td0m,170,portfolio,Clearing,1789552413,6,0,1
6c2og0cw,24,zcjv164s,170,portfolio,Clearing,1789552413,6,0,1
6c2og0cw,25,3g7fmbdb,170,portfolio,Clearing,1789552413,6,0,1
6c2og0cw,9,z9zrwosz,161,portfolio,PageBidExperience,1789552427,6,0,0
6c2og0cw,10,yldmtmxh,161,portfolio,PageBidExperience,1789552439,6,0,0
6c2og0cw,7,f8ff6plt,170,portfolio,Clearing,1789552439,6,0,1
6c2og0cw,6,0nzm25g8,170,portfolio,Clearing,1789552439,6,0,1
6c2og0cw,8,poc3kn08,170,portfolio,Clearing,1789552439,6,0,1
6c2og0cw,9,z9zrwosz,170,portfolio,Clearing,1789552439,6,0,1
6c2og0cw,10,yldmtmxh,170,portfolio,Clearing,1789552439,6,0,1
6c2og0cw,5,e3o1p3e6,171,portfolio,SyncMarketRound,1789552440,6,0,1
6c2og0cw,17,566nkyxt,171,portfolio,SyncMarketRound,1789552440,6,0,1
6c2og0cw,18,uv69jk1p,171,portfolio,SyncMarketRound,1789552440,6,0,1
6c2og0cw,19,thfu25ei,171,portfolio,SyncMarketRound,1789552440,6,0,1
6c2og0cw,20,008uq8bs,171,portfolio,SyncMarketRound,1789552440,6,0,1
6c2og0cw,22,ilc2oqlq,171,portfolio,SyncMarketRound,1789552440,6,0,1
6c2og0cw,7,f8ff6plt,171,portfolio,SyncMarketRound,1789552440,6,0,1
6c2og0cw,11,bjw1ymg6,171,portfolio,SyncMarketRound,1789552440,6,0,1
6c2og0cw,12,dxg47gml,171,portfolio,SyncMarketRound,1789552440,6,0,1
6c2og0cw,1,o7pccht6,171,portfolio,SyncMarketRound,1789552440,6,0,1
6c2og0cw,2,xlysi5bz,171,portfolio,SyncMarketRound,1789552440,6,0,1
6c2og0cw,3,ktzkk4b7,171,portfolio,SyncMarketRound,1789552440,6,0,1
6c2og0cw,4,unt4hlph,171,portfolio,SyncMarketRound,1789552440,6,0,1
6c2og0cw,6,0nzm25g8,171,portfolio,SyncMarketRound,1789552440,6,0,1
6c2og0cw,8,poc3kn08,171,portfolio,SyncMarketRound,1789552440,6,0,1
6c2og0cw,9,z9zrwosz,171,portfolio,SyncMarketRound,1789552440,6,0,1
6c2og0cw,10,yldmtmxh,171,portfolio,SyncMarketRound,1789552440,6,0,1
6c2og0cw,13,t47t8m59,171,portfolio,SyncMarketRound,1789552440,6,0,1
6c2og0cw,14,2epyouig,171,portfolio,SyncMarketRound,1789552440,6,0,1
6c2og0cw,15,107rd682,171,portfolio,SyncMarketRound,1789552440,6,0,1
6c2og0cw,21,o4da1gkl,171,portfolio,SyncMarketRound,1789552440,6,0,1
6c2og0cw,23,qcu0td0m,171,portfolio,SyncMarketRound,1789552440,6,0,1
6c2og0cw,16,6xyzc64h,171,portfolio,SyncMarketRound,1789552440,6,0,1
6c2og0cw,24,zcjv164s,171,portfolio,SyncMarketRound,1789552440,6,0,1
6c2og0cw,25,3g7fmbdb,171,portfolio,SyncMarketRound,1789552440,6,0,1
6c2og0cw,15,107rd682,190,portfolio,PageBidExperience,1789552453,7,0,0
6c2og0cw,2,xlysi5bz,190,portfolio,PageBidExperience,1789552460,7,0,0
6c2og0cw,21,o4da1gkl,190,portfolio,PageBidExperience,1789552464,7,0,0
6c2og0cw,14,2epyouig,190,portfolio,PageBidExperience,1789552464,7,0,0
6c2og0cw,7,f8ff6plt,190,portfolio,PageBidExperience,1789552465,7,0,0
6c2og0cw,12,dxg47gml,190,portfolio,PageBidExperience,1789552465,7,0,0
6c2og0cw,22,ilc2oqlq,190,portfolio,PageBidExperience,1789552466,7,0,0
6c2og0cw,11,bjw1ymg6,190,portfolio,PageBidExperience,1789552466,7,0,0
6c2og0cw,1,o7pccht6,190,portfolio,PageBidExperience,1789552468,7,0,0
6c2og0cw,25,3g7fmbdb,190,portfolio,PageBidExperience,1789552468,7,0,0
6c2og0cw,5,e3o1p3e6,190,portfolio,PageBidExperience,1789552470,7,0,0
6c2og0cw,19,thfu25ei,190,portfolio,PageBidExperience,1789552470,7,0,0
6c2og0cw,17,566nkyxt,190,portfolio,PageBidExperience,1789552471,7,0,0
6c2og0cw,24,zcjv164s,190,portfolio,PageBidExperience,1789552471,7,0,0
6c2og0cw,4,unt4hlph,190,portfolio,PageBidExperience,1789552474,7,0,0
6c2og0cw,23,qcu0td0m,190,portfolio,PageBidExperience,1789552476,7,0,0
6c2og0cw,24,zcjv164s,199,portfolio,Clearing,1789552476,7,0,1
6c2og0cw,25,3g7fmbdb,199,portfolio,Clearing,1789552476,7,0,1
6c2og0cw,21,o4da1gkl,199,portfolio,Clearing,1789552476,7,0,1
6c2og0cw,22,ilc2oqlq,199,portfolio,Clearing,1789552476,7,0,1
6c2og0cw,23,qcu0td0m,199,portfolio,Clearing,1789552476,7,0,1
6c2og0cw,8,poc3kn08,190,portfolio,PageBidExperience,1789552478,7,0,0
6c2og0cw,10,yldmtmxh,190,portfolio,PageBidExperience,1789552482,7,0,0
6c2og0cw,3,ktzkk4b7,190,portfolio,PageBidExperience,1789552489,7,0,0
6c2og0cw,1,o7pccht6,199,portfolio,Clearing,1789552489,7,0,1
6c2og0cw,2,xlysi5bz,199,portfolio,Clearing,1789552489,7,0,1
6c2og0cw,3,ktzkk4b7,199,portfolio,Clearing,1789552489,7,0,1
6c2og0cw,4,unt4hlph,199,portfolio,Clearing,1789552489,7,0,1
6c2og0cw,5,e3o1p3e6,199,portfolio,Clearing,1789552489,7,0,1
6c2og0cw,13,t47t8m59,190,portfolio,PageBidExperience,1789552491,7,0,0
6c2og0cw,11,bjw1ymg6,199,portfolio,Clearing,1789552491,7,0,1
6c2og0cw,12,dxg47gml,199,portfolio,Clearing,1789552491,7,0,1
6c2og0cw,13,t47t8m59,199,portfolio,Clearing,1789552491,7,0,1
6c2og0cw,14,2epyouig,199,portfolio,Clearing,1789552491,7,0,1
6c2og0cw,15,107rd682,199,portfolio,Clearing,1789552491,7,0,1
6c2og0cw,20,008uq8bs,190,portfolio,PageBidExperience,1789552491,7,0,0
6c2og0cw,18,uv69jk1p,190,portfolio,PageBidExperience,1789552492,7,0,0
6c2og0cw,6,0nzm25g8,190,portfolio,PageBidExperience,1789552516,7,0,0
6c2og0cw,16,6xyzc64h,190,portfolio,PageBidExperience,1789552516,7,0,0
6c2og0cw,16,6xyzc64h,199,portfolio,Clearing,1789552516,7,0,1
6c2og0cw,17,566nkyxt,199,portfolio,Clearing,1789552516,7,0,1
6c2og0cw,18,uv69jk1p,199,portfolio,Clearing,1789552516,7,0,1
6c2og0cw,19,thfu25ei,199,portfolio,Clearing,1789552516,7,0,1
6c2og0cw,20,008uq8bs,199,portfolio,Clearing,1789552516,7,0,1
6c2og0cw,9,z9zrwosz,190,portfolio,PageBidExperience,1789552518,7,0,0
6c2og0cw,10,yldmtmxh,199,portfolio,Clearing,1789552519,7,0,1
6c2og0cw,6,0nzm25g8,199,portfolio,Clearing,1789552519,7,0,1
6c2og0cw,7,f8ff6plt,199,portfolio,Clearing,1789552519,7,0,1
6c2og0cw,8,poc3kn08,199,portfolio,Clearing,1789552519,7,0,1
6c2og0cw,9,z9zrwosz,199,portfolio,Clearing,1789552519,7,0,1
6c2og0cw,24,zcjv164s,200,portfolio,SyncMarketRound,1789552519,7,0,1
6c2og0cw,25,3g7fmbdb,200,portfolio,SyncMarketRound,1789552519,7,0,1
6c2og0cw,10,yldmtmxh,200,portfolio,SyncMarketRound,1789552519,7,0,1
6c2og0cw,6,0nzm25g8,200,portfolio,SyncMarketRound,1789552519,7,0,1
6c2og0cw,7,f8ff6plt,200,portfolio,SyncMarketRound,1789552519,7,0,1
6c2og0cw,16,6xyzc64h,200,portfolio,SyncMarketRound,1789552519,7,0,1
6c2og0cw,1,o7pccht6,200,portfolio,SyncMarketRound,1789552519,7,0,1
6c2og0cw,11,bjw1ymg6,200,portfolio,SyncMarketRound,1789552519,7,0,1
6c2og0cw,12,dxg47gml,200,portfolio,SyncMarketRound,1789552519,7,0,1
6c2og0cw,8,poc3kn08,200,portfolio,SyncMarketRound,1789552519,7,0,1
6c2og0cw,9,z9zrwosz,200,portfolio,SyncMarketRound,1789552519,7,0,1
6c2og0cw,2,xlysi5bz,200,portfolio,SyncMarketRound,1789552519,7,0,1
6c2og0cw,13,t47t8m59,200,portfolio,SyncMarketRound,1789552519,7,0,1
6c2og0cw,3,ktzkk4b7,200,portfolio,SyncMarketRound,1789552519,7,0,1
6c2og0cw,21,o4da1gkl,200,portfolio,SyncMarketRound,1789552519,7,0,1
6c2og0cw,22,ilc2oqlq,200,portfolio,SyncMarketRound,1789552519,7,0,1
6c2og0cw,23,qcu0td0m,200,portfolio,SyncMarketRound,1789552519,7,0,1
6c2og0cw,4,unt4hlph,200,portfolio,SyncMarketRound,1789552519,7,0,1
6c2og0cw,5,e3o1p3e6,200,portfolio,SyncMarketRound,1789552519,7,0,1
6c2og0cw,14,2epyouig,200,portfolio,SyncMarketRound,1789552519,7,0,1
6c2og0cw,15,107rd682,200,portfolio,SyncMarketRound,1789552519,7,0,1
6c2og0cw,17,566nkyxt,200,portfolio,SyncMarketRound,1789552519,7,0,1
6c2og0cw,18,uv69jk1p,200,portfolio,SyncMarketRound,1789552519,7,0,1
6c2og0cw,19,thfu25ei,200,portfolio,SyncMarketRound,1789552519,7,0,1
6c2og0cw,20,008uq8bs,200,portfolio,SyncMarketRound,1789552519,7,0,1
6c2og0cw,25,3g7fmbdb,219,portfolio,PageBidExperience,1789552540,8,0,0
6c2og0cw,18,uv69jk1p,219,portfolio,PageBidExperience,1789552541,8,0,0
6c2og0cw,17,566nkyxt,219,portfolio,PageBidExperience,1789552543,8,0,0
6c2og0cw,1,o7pccht6,219,portfolio,PageBidExperience,1789552545,8,0,0
6c2og0cw,19,thfu25ei,219,portfolio,PageBidExperience,1789552545,8,0,0
6c2og0cw,14,2epyouig,219,portfolio,PageBidExperience,1789552546,8,0,0
6c2og0cw,12,dxg47gml,219,portfolio,PageBidExperience,1789552546,8,0,0
6c2og0cw,7,f8ff6plt,219,portfolio,PageBidExperience,1789552547,8,0,0
6c2og0cw,16,6xyzc64h,219,portfolio,PageBidExperience,1789552547,8,0,0
6c2og0cw,2,xlysi5bz,219,portfolio,PageBidExperience,1789552550,8,0,0
6c2og0cw,6,0nzm25g8,219,portfolio,PageBidExperience,1789552550,8,0,0
6c2og0cw,11,bjw1ymg6,219,portfolio,PageBidExperience,1789552551,8,0,0
6c2og0cw,4,unt4hlph,219,portfolio,PageBidExperience,1789552552,8,0,0
6c2og0cw,22,ilc2oqlq,219,portfolio,PageBidExperience,1789552553,8,0,0
6c2og0cw,3,ktzkk4b7,219,portfolio,PageBidExperience,1789552553,8,0,0
6c2og0cw,21,o4da1gkl,219,portfolio,PageBidExperience,1789552555,8,0,0
6c2og0cw,8,poc3kn08,219,portfolio,PageBidExperience,1789552562,8,0,0
6c2og0cw,10,yldmtmxh,219,portfolio,PageBidExperience,1789552564,8,0,0
6c2og0cw,13,t47t8m59,219,portfolio,PageBidExperience,1789552567,8,0,0
6c2og0cw,24,zcjv164s,219,portfolio,PageBidExperience,1789552568,8,0,0
6c2og0cw,23,qcu0td0m,219,portfolio,PageBidExperience,1789552568,8,0,0
6c2og0cw,22,ilc2oqlq,228,portfolio,Clearing,1789552568,8,0,1
6c2og0cw,23,qcu0td0m,228,portfolio,Clearing,1789552568,8,0,1
6c2og0cw,24,zcjv164s,228,portfolio,Clearing,1789552568,8,0,1
6c2og0cw,25,3g7fmbdb,228,portfolio,Clearing,1789552568,8,0,1
6c2og0cw,21,o4da1gkl,228,portfolio,Clearing,1789552568,8,0,1
6c2og0cw,20,008uq8bs,219,portfolio,PageBidExperience,1789552593,8,0,0
6c2og0cw,19,thfu25ei,228,portfolio,Clearing,1789552593,8,0,1
6c2og0cw,20,008uq8bs,228,portfolio,Clearing,1789552593,8,0,1
6c2og0cw,16,6xyzc64h,228,portfolio,Clearing,1789552593,8,0,1
6c2og0cw,17,566nkyxt,228,portfolio,Clearing,1789552593,8,0,1
6c2og0cw,18,uv69jk1p,228,portfolio,Clearing,1789552593,8,0,1
6c2og0cw,5,e3o1p3e6,219,portfolio,PageBidExperience,1789552595,8,0,0
6c2og0cw,1,o7pccht6,228,portfolio,Clearing,1789552595,8,0,1
6c2og0cw,2,xlysi5bz,228,portfolio,Clearing,1789552595,8,0,1
6c2og0cw,3,ktzkk4b7,228,portfolio,Clearing,1789552595,8,0,1
6c2og0cw,4,unt4hlph,228,portfolio,Clearing,1789552595,8,0,1
6c2og0cw,5,e3o1p3e6,228,portfolio,Clearing,1789552595,8,0,1
6c2og0cw,15,107rd682,219,portfolio,PageBidExperience,1789552599,8,0,0
6c2og0cw,11,bjw1ymg6,228,portfolio,Clearing,1789552599,8,0,1
6c2og0cw,12,dxg47gml,228,portfolio,Clearing,1789552599,8,0,1
6c2og0cw,13,t47t8m59,228,portfolio,Clearing,1789552599,8,0,1
6c2og0cw,14,2epyouig,228,portfolio,Clearing,1789552599,8,0,1
6c2og0cw,15,107rd682,228,portfolio,Clearing,1789552599,8,0,1
6c2og0cw,9,z9zrwosz,219,portfolio,PageBidExperience,1789552600,8,0,0
6c2og0cw,6,0nzm25g8,228,portfolio,Clearing,1789552600,8,0,1
6c2og0cw,7,f8ff6plt,228,portfolio,Clearing,1789552600,8,0,1
6c2og0cw,8,poc3kn08,228,portfolio,Clearing,1789552600,8,0,1
6c2og0cw,9,z9zrwosz,228,portfolio,Clearing,1789552600,8,0,1
6c2og0cw,10,yldmtmxh,228,portfolio,Clearing,1789552600,8,0,1
6c2og0cw,22,ilc2oqlq,229,portfolio,SyncMarketRound,1789552601,8,0,1
6c2og0cw,23,qcu0td0m,229,portfolio,SyncMarketRound,1789552601,8,0,1
6c2og0cw,24,zcjv164s,229,portfolio,SyncMarketRound,1789552601,8,0,1
6c2og0cw,25,3g7fmbdb,229,portfolio,SyncMarketRound,1789552601,8,0,1
6c2og0cw,19,thfu25ei,229,portfolio,SyncMarketRound,1789552601,8,0,1
6c2og0cw,20,008uq8bs,229,portfolio,SyncMarketRound,1789552601,8,0,1
6c2og0cw,6,0nzm25g8,229,portfolio,SyncMarketRound,1789552601,8,0,1
6c2og0cw,7,f8ff6plt,229,portfolio,SyncMarketRound,1789552601,8,0,1
6c2og0cw,8,poc3kn08,229,portfolio,SyncMarketRound,1789552601,8,0,1
6c2og0cw,9,z9zrwosz,229,portfolio,SyncMarketRound,1789552601,8,0,1
6c2og0cw,1,o7pccht6,229,portfolio,SyncMarketRound,1789552601,8,0,1
6c2og0cw,2,xlysi5bz,229,portfolio,SyncMarketRound,1789552601,8,0,1
6c2og0cw,3,ktzkk4b7,229,portfolio,SyncMarketRound,1789552601,8,0,1
6c2og0cw,4,unt4hlph,229,portfolio,SyncMarketRound,1789552601,8,0,1
6c2og0cw,5,e3o1p3e6,229,portfolio,SyncMarketRound,1789552601,8,0,1
6c2og0cw,10,yldmtmxh,229,portfolio,SyncMarketRound,1789552601,8,0,1
6c2og0cw,11,bjw1ymg6,229,portfolio,SyncMarketRound,1789552601,8,0,1
6c2og0cw,12,dxg47gml,229,portfolio,SyncMarketRound,1789552601,8,0,1
6c2og0cw,13,t47t8m59,229,portfolio,SyncMarketRound,1789552601,8,0,1
6c2og0cw,14,2epyouig,229,portfolio,SyncMarketRound,1789552601,8,0,1
6c2og0cw,16,6xyzc64h,229,portfolio,SyncMarketRound,1789552601,8,0,1
6c2og0cw,17,566nkyxt,229,portfolio,SyncMarketRound,1789552601,8,0,1
6c2og0cw,21,o4da1gkl,229,portfolio,SyncMarketRound,1789552601,8,0,1
6c2og0cw,18,uv69jk1p,229,portfolio,SyncMarketRound,1789552601,8,0,1
6c2og0cw,15,107rd682,229,portfolio,SyncMarketRound,1789552601,8,0,1
6c2og0cw,3,ktzkk4b7,248,portfolio,PageBidExperience,1789552620,9,0,0
6c2og0cw,23,qcu0td0m,248,portfolio,PageBidExperience,1789552624,9,0,0
6c2og0cw,13,t47t8m59,248,portfolio,PageBidExperience,1789552626,9,0,0
6c2og0cw,22,ilc2oqlq,248,portfolio,PageBidExperience,1789552626,9,0,0
6c2og0cw,5,e3o1p3e6,248,portfolio,PageBidExperience,1789552629,9,0,0
6c2og0cw,18,uv69jk1p,248,portfolio,PageBidExperience,1789552629,9,0,0
6c2og0cw,25,3g7fmbdb,248,portfolio,PageBidExperience,1789552630,9,0,0
6c2og0cw,4,unt4hlph,248,portfolio,PageBidExperience,1789552632,9,0,0
6c2og0cw,8,poc3kn08,248,portfolio,PageBidExperience,1789552633,9,0,0
6c2og0cw,1,o7pccht6,248,portfolio,PageBidExperience,1789552635,9,0,0
6c2og0cw,24,zcjv164s,248,portfolio,PageBidExperience,1789552635,9,0,0
6c2og0cw,2,xlysi5bz,248,portfolio,PageBidExperience,1789552636,9,0,0
6c2og0cw,11,bjw1ymg6,248,portfolio,PageBidExperience,1789552636,9,0,0
6c2og0cw,5,e3o1p3e6,257,portfolio,Clearing,1789552636,9,0,1
6c2og0cw,1,o7pccht6,257,portfolio,Clearing,1789552636,9,0,1
6c2og0cw,2,xlysi5bz,257,portfolio,Clearing,1789552636,9,0,1
6c2og0cw,3,ktzkk4b7,257,portfolio,Clearing,1789552636,9,0,1
6c2og0cw,4,unt4hlph,257,portfolio,Clearing,1789552636,9,0,1
6c2og0cw,15,107rd682,248,portfolio,PageBidExperience,1789552639,9,0,0
6c2og0cw,12,dxg47gml,248,portfolio,PageBidExperience,1789552641,9,0,0
6c2og0cw,20,008uq8bs,248,portfolio,PageBidExperience,1789552642,9,0,0
6c2og0cw,14,2epyouig,248,portfolio,PageBidExperience,1789552642,9,0,0
6c2og0cw,11,bjw1ymg6,257,portfolio,Clearing,1789552642,9,0,1
6c2og0cw,12,dxg47gml,257,portfolio,Clearing,1789552642,9,0,1
6c2og0cw,13,t47t8m59,257,portfolio,Clearing,1789552642,9,0,1
6c2og0cw,14,2epyouig,257,portfolio,Clearing,1789552642,9,0,1
6c2og0cw,15,107rd682,257,portfolio,Clearing,1789552642,9,0,1
6c2og0cw,17,566nkyxt,248,portfolio,PageBidExperience,1789552645,9,0,0
6c2og0cw,21,o4da1gkl,248,portfolio,PageBidExperience,1789552647,9,0,0
6c2og0cw,21,o4da1gkl,257,portfolio,Clearing,1789552647,9,0,1
6c2og0cw,22,ilc2oqlq,257,portfolio,Clearing,1789552647,9,0,1
6c2og0cw,23,qcu0td0m,257,portfolio,Clearing,1789552647,9,0,1
6c2og0cw,24,zcjv164s,257,portfolio,Clearing,1789552647,9,0,1
6c2og0cw,25,3g7fmbdb,257,portfolio,Clearing,1789552647,9,0,1
6c2og0cw,7,f8ff6plt,248,portfolio,PageBidExperience,1789552650,9,0,0
6c2og0cw,10,yldmtmxh,248,portfolio,PageBidExperience,1789552653,9,0,0
6c2og0cw,19,thfu25ei,248,portfolio,PageBidExperience,1789552657,9,0,0
6c2og0cw,16,6xyzc64h,248,portfolio,PageBidExperience,1789552661,9,0,0
6c2og0cw,20,008uq8bs,257,portfolio,Clearing,1789552661,9,0,1
6c2og0cw,16,6xyzc64h,257,portfolio,Clearing,1789552661,9,0,1
6c2og0cw,17,566nkyxt,257,portfolio,Clearing,1789552661,9,0,1
6c2og0cw,18,uv69jk1p,257,portfolio,Clearing,1789552661,9,0,1
6c2og0cw,19,thfu25ei,257,portfolio,Clearing,1789552661,9,0,1
6c2og0cw,6,0nzm25g8,248,portfolio,PageBidExperience,1789552674,9,0,0
6c2og0cw,9,z9zrwosz,248,portfolio,PageBidExperience,1789552689,9,0,0
6c2og0cw,6,0nzm25g8,257,portfolio,Clearing,1789552689,9,0,1
6c2og0cw,7,f8ff6plt,257,portfolio,Clearing,1789552689,9,0,1
6c2og0cw,8,poc3kn08,257,portfolio,Clearing,1789552689,9,0,1
6c2og0cw,9,z9zrwosz,257,portfolio,Clearing,1789552689,9,0,1
6c2og0cw,10,yldmtmxh,257,portfolio,Clearing,1789552689,9,0,1
6c2og0cw,5,e3o1p3e6,258,portfolio,SyncMarketRound,1789552690,9,0,1
6c2og0cw,20,008uq8bs,258,portfolio,SyncMarketRound,1789552690,9,0,1
6c2og0cw,21,o4da1gkl,258,portfolio,SyncMarketRound,1789552690,9,0,1
6c2og0cw,6,0nzm25g8,258,portfolio,SyncMarketRound,1789552690,9,0,1
6c2og0cw,7,f8ff6plt,258,portfolio,SyncMarketRound,1789552690,9,0,1
6c2og0cw,8,poc3kn08,258,portfolio,SyncMarketRound,1789552690,9,0,1
6c2og0cw,22,ilc2oqlq,258,portfolio,SyncMarketRound,1789552690,9,0,1
6c2og0cw,16,6xyzc64h,258,portfolio,SyncMarketRound,1789552690,9,0,1
6c2og0cw,11,bjw1ymg6,258,portfolio,SyncMarketRound,1789552690,9,0,1
6c2og0cw,23,qcu0td0m,258,portfolio,SyncMarketRound,1789552690,9,0,1
6c2og0cw,1,o7pccht6,258,portfolio,SyncMarketRound,1789552690,9,0,1
6c2og0cw,2,xlysi5bz,258,portfolio,SyncMarketRound,1789552690,9,0,1
6c2og0cw,3,ktzkk4b7,258,portfolio,SyncMarketRound,1789552690,9,0,1
6c2og0cw,4,unt4hlph,258,portfolio,SyncMarketRound,1789552690,9,0,1
6c2og0cw,12,dxg47gml,258,portfolio,SyncMarketRound,1789552690,9,0,1
6c2og0cw,13,t47t8m59,258,portfolio,SyncMarketRound,1789552690,9,0,1
6c2og0cw,14,2epyouig,258,portfolio,SyncMarketRound,1789552690,9,0,1
6c2og0cw,15,107rd682,258,portfolio,SyncMarketRound,1789552690,9,0,1
6c2og0cw,24,zcjv164s,258,portfolio,SyncMarketRound,1789552690,9,0,1
6c2og0cw,25,3g7fmbdb,258,portfolio,SyncMarketRound,1789552690,9,0,1
6c2og0cw,17,566nkyxt,258,portfolio,SyncMarketRound,1789552690,9,0,1
6c2og0cw,18,uv69jk1p,258,portfolio,SyncMarketRound,1789552690,9,0,1
6c2og0cw,19,thfu25ei,258,portfolio,SyncMarketRound,1789552690,9,0,1
6c2og0cw,9,z9zrwosz,258,portfolio,SyncMarketRound,1789552690,9,0,1
6c2og0cw,10,yldmtmxh,258,portfolio,SyncMarketRound,1789552690,9,0,1
6c2og0cw,15,107rd682,277,portfolio,PageBidExperience,1789552706,10,0,0
6c2og0cw,18,uv69jk1p,277,portfolio,PageBidExperience,1789552709,10,0,0
6c2og0cw,17,566nkyxt,277,portfolio,PageBidExperience,1789552709,10,0,0
6c2og0cw,2,xlysi5bz,277,portfolio,PageBidExperience,1789552710,10,0,0
6c2og0cw,12,dxg47gml,277,portfolio,PageBidExperience,1789552710,10,0,0
6c2og0cw,23,qcu0td0m,277,portfolio,PageBidExperience,1789552711,10,0,0
6c2og0cw,1,o7pccht6,277,portfolio,PageBidExperience,1789552713,10,0,0
6c2og0cw,16,6xyzc64h,277,portfolio,PageBidExperience,1789552713,10,0,0
6c2og0cw,25,3g7fmbdb,277,portfolio,PageBidExperience,1789552714,10,0,0
6c2og0cw,14,2epyouig,277,portfolio,PageBidExperience,1789552715,10,0,0
6c2og0cw,4,unt4hlph,277,portfolio,PageBidExperience,1789552715,10,0,0
6c2og0cw,22,ilc2oqlq,277,portfolio,PageBidExperience,1789552717,10,0,0
6c2og0cw,3,ktzkk4b7,277,portfolio,PageBidExperience,1789552719,10,0,0
6c2og0cw,11,bjw1ymg6,277,portfolio,PageBidExperience,1789552720,10,0,0
6c2og0cw,7,f8ff6plt,277,portfolio,PageBidExperience,1789552722,10,0,0
6c2og0cw,21,o4da1gkl,277,portfolio,PageBidExperience,1789552723,10,0,0
6c2og0cw,13,t47t8m59,277,portfolio,PageBidExperience,1789552723,10,0,0
6c2og0cw,13,t47t8m59,286,portfolio,Clearing,1789552723,10,0,1
6c2og0cw,14,2epyouig,286,portfolio,Clearing,1789552723,10,0,1
6c2og0cw,15,107rd682,286,portfolio,Clearing,1789552723,10,0,1
6c2og0cw,12,dxg47gml,286,portfolio,Clearing,1789552723,10,0,1
6c2og0cw,11,bjw1ymg6,286,portfolio,Clearing,1789552723,10,0,1
6c2og0cw,8,poc3kn08,277,portfolio,PageBidExperience,1789552727,10,0,0
6c2og0cw,5,e3o1p3e6,277,portfolio,PageBidExperience,1789552730,10,0,0
6c2og0cw,1,o7pccht6,286,portfolio,Clearing,1789552730,10,0,1
6c2og0cw,2,xlysi5bz,286,portfolio,Clearing,1789552730,10,0,1
6c2og0cw,3,ktzkk4b7,286,portfolio,Clearing,1789552730,10,0,1
6c2og0cw,4,unt4hlph,286,portfolio,Clearing,1789552730,10,0,1
6c2og0cw,5,e3o1p3e6,286,portfolio,Clearing,1789552730,10,0,1
6c2og0cw,19,thfu25ei,277,portfolio,PageBidExperience,1789552732,10,0,0
6c2og0cw,24,zcjv164s,277,portfolio,PageBidExperience,1789552734,10,0,0
6c2og0cw,22,ilc2oqlq,286,portfolio,Clearing,1789552734,10,0,1
6c2og0cw,25,3g7fmbdb,286,portfolio,Clearing,1789552734,10,0,1
6c2og0cw,21,o4da1gkl,286,portfolio,Clearing,1789552734,10,0,1
6c2og0cw,23,qcu0td0m,286,portfolio,Clearing,1789552734,10,0,1
6c2og0cw,24,zcjv164s,286,portfolio,Clearing,1789552734,10,0,1
6c2og0cw,9,z9zrwosz,277,portfolio,PageBidExperience,1789552742,10,0,0
6c2og0cw,10,yldmtmxh,277,portfolio,PageBidExperience,1789552743,10,0,0
6c2og0cw,20,008uq8bs,277,portfolio,PageBidExperience,1789552750,10,0,0
6c2og0cw,20,008uq8bs,286,portfolio,Clearing,1789552750,10,0,1
6c2og0cw,16,6xyzc64h,286,portfolio,Clearing,1789552750,10,0,1
6c2og0cw,17,566nkyxt,286,portfolio,Clearing,1789552750,10,0,1
6c2og0cw,18,uv69jk1p,286,portfolio,Clearing,1789552750,10,0,1
6c2og0cw,19,thfu25ei,286,portfolio,Clearing,1789552750,10,0,1
6c2og0cw,6,0nzm25g8,277,portfolio,PageBidExperience,1789552762,10,0,0
6c2og0cw,6,0nzm25g8,286,portfolio,Clearing,1789552763,10,0,1
6c2og0cw,7,f8ff6plt,286,portfolio,Clearing,1789552763,10,0,1
6c2og0cw,8,poc3kn08,286,portfolio,Clearing,1789552763,10,0,1
6c2og0cw,9,z9zrwosz,286,portfolio,Clearing,1789552763,10,0,1
6c2og0cw,10,yldmtmxh,286,portfolio,Clearing,1789552763,10,0,1
6c2og0cw,13,t47t8m59,287,portfolio,SyncMarketRound,1789552763,10,0,1
6c2og0cw,14,2epyouig,287,portfolio,SyncMarketRound,1789552763,10,0,1
6c2og0cw,15,107rd682,287,portfolio,SyncMarketRound,1789552763,10,0,1
6c2og0cw,22,ilc2oqlq,287,portfolio,SyncMarketRound,1789552763,10,0,1
6c2og0cw,25,3g7fmbdb,287,portfolio,SyncMarketRound,1789552763,10,0,1
6c2og0cw,20,008uq8bs,287,portfolio,SyncMarketRound,1789552763,10,0,1
6c2og0cw,6,0nzm25g8,287,portfolio,SyncMarketRound,1789552763,10,0,1
6c2og0cw,1,o7pccht6,287,portfolio,SyncMarketRound,1789552763,10,0,1
6c2og0cw,2,xlysi5bz,287,portfolio,SyncMarketRound,1789552763,10,0,1
6c2og0cw,3,ktzkk4b7,287,portfolio,SyncMarketRound,1789552763,10,0,1
6c2og0cw,4,unt4hlph,287,portfolio,SyncMarketRound,1789552763,10,0,1
6c2og0cw,5,e3o1p3e6,287,portfolio,SyncMarketRound,1789552763,10,0,1
6c2og0cw,7,f8ff6plt,287,portfolio,SyncMarketRound,1789552763,10,0,1
6c2og0cw,8,poc3kn08,287,portfolio,SyncMarketRound,1789552763,10,0,1
6c2og0cw,12,dxg47gml,287,portfolio,SyncMarketRound,1789552763,10,0,1
6c2og0cw,9,z9zrwosz,287,portfolio,SyncMarketRound,1789552763,10,0,1
6c2og0cw,10,yldmtmxh,287,portfolio,SyncMarketRound,1789552763,10,0,1
6c2og0cw,16,6xyzc64h,287,portfolio,SyncMarketRound,1789552763,10,0,1
6c2og0cw,11,bjw1ymg6,287,portfolio,SyncMarketRound,1789552763,10,0,1
6c2og0cw,21,o4da1gkl,287,portfolio,SyncMarketRound,1789552763,10,0,1
6c2og0cw,23,qcu0td0m,287,portfolio,SyncMarketRound,1789552763,10,0,1
6c2og0cw,24,zcjv164s,287,portfolio,SyncMarketRound,1789552763,10,0,1
6c2og0cw,17,566nkyxt,287,portfolio,SyncMarketRound,1789552763,10,0,1
6c2og0cw,18,uv69jk1p,287,portfolio,SyncMarketRound,1789552763,10,0,1
6c2og0cw,19,thfu25ei,287,portfolio,SyncMarketRound,1789552763,10,0,1
6c2og0cw,25,3g7fmbdb,288,portfolio,PageHistoryExperience,1789552768,10,0,0
6c2og0cw,2,xlysi5bz,288,portfolio,PageHistoryExperience,1789552769,10,0,0
6c2og0cw,22,ilc2oqlq,288,portfolio,PageHistoryExperience,1789552769,10,0,0
6c2og0cw,3,ktzkk4b7,288,portfolio,PageHistoryExperience,1789552770,10,0,0
6c2og0cw,20,008uq8bs,288,portfolio,PageHistoryExperience,1789552770,10,0,0
6c2og0cw,6,0nzm25g8,288,portfolio,PageHistoryExperience,1789552770,10,0,0
6c2og0cw,13,t47t8m59,288,portfolio,PageHistoryExperience,1789552771,10,0,0
6c2og0cw,1,o7pccht6,288,portfolio,PageHistoryExperience,1789552772,10,0,0
6c2og0cw,2,xlysi5bz,307,portfolio,InstructionsGender,1789552773,11,0,0
6c2og0cw,16,6xyzc64h,288,portfolio,PageHistoryExperience,1789552773,10,0,0
6c2og0cw,23,qcu0td0m,288,portfolio,PageHistoryExperience,1789552773,10,0,0
6c2og0cw,10,yldmtmxh,288,portfolio,PageHistoryExperience,1789552774,10,0,0
6c2og0cw,18,uv69jk1p,288,portfolio,PageHistoryExperience,1789552774,10,0,0
6c2og0cw,9,z9zrwosz,288,portfolio,PageHistoryExperience,1789552774,10,0,0
6c2og0cw,7,f8ff6plt,288,portfolio,PageHistoryExperience,1789552775,10,0,0
6c2og0cw,21,o4da1gkl,288,portfolio,PageHistoryExperience,1789552775,10,0,0
6c2og0cw,23,qcu0td0m,307,portfolio,InstructionsGender,1789552776,11,0,0
6c2og0cw,4,unt4hlph,288,portfolio,PageHistoryExperience,1789552777,10,0,0
6c2og0cw,24,zcjv164s,288,portfolio,PageHistoryExperience,1789552777,10,0,0
6c2og0cw,15,107rd682,288,portfolio,PageHistoryExperience,1789552778,10,0,0
6c2og0cw,10,yldmtmxh,307,portfolio,InstructionsGender,1789552778,11,0,0
6c2og0cw,1,o7pccht6,307,portfolio,InstructionsGender,1789552779,11,0,0
6c2og0cw,3,ktzkk4b7,307,portfolio,InstructionsGender,1789552779,11,0,0
6c2og0cw,13,t47t8m59,307,portfolio,InstructionsGender,1789552780,11,0,0
6c2og0cw,18,uv69jk1p,307,portfolio,InstructionsGender,1789552781,11,0,0
6c2og0cw,25,3g7fmbdb,307,portfolio,InstructionsGender,1789552782,11,0,0
6c2og0cw,11,bjw1ymg6,288,portfolio,PageHistoryExperience,1789552782,10,0,0
6c2og0cw,7,f8ff6plt,307,portfolio,InstructionsGender,1789552783,11,0,0
6c2og0cw,5,e3o1p3e6,288,portfolio,PageHistoryExperience,1789552785,10,0,0
6c2og0cw,4,unt4hlph,307,portfolio,InstructionsGender,1789552786,11,0,0
6c2og0cw,12,dxg47gml,288,portfolio,PageHistoryExperience,1789552786,10,0,0
6c2og0cw,22,ilc2oqlq,307,portfolio,InstructionsGender,1789552786,11,0,0
6c2og0cw,17,566nkyxt,288,portfolio,PageHistoryExperience,1789552787,10,0,0
6c2og0cw,15,107rd682,307,portfolio,InstructionsGender,1789552788,11,0,0
6c2og0cw,24,zcjv164s,307,portfolio,InstructionsGender,1789552788,11,0,0
6c2og0cw,16,6xyzc64h,307,portfolio,InstructionsGender,1789552789,11,0,0
6c2og0cw,17,566nkyxt,307,portfolio,InstructionsGender,1789552791,11,0,0
6c2og0cw,19,thfu25ei,288,portfolio,PageHistoryExperience,1789552791,10,0,0
6c2og0cw,25,3g7fmbdb,308,portfolio,Page2GenderExp,1789552792,11,0,0
6c2og0cw,8,poc3kn08,288,portfolio,PageHistoryExperience,1789552792,10,0,0
6c2og0cw,21,o4da1gkl,307,portfolio,InstructionsGender,1789552793,11,0,0
6c2og0cw,14,2epyouig,288,portfolio,PageHistoryExperience,1789552793,10,0,0
6c2og0cw,5,e3o1p3e6,307,portfolio,InstructionsGender,1789552793,11,0,0
6c2og0cw,2,xlysi5bz,308,portfolio,Page2GenderExp,1789552795,11,0,0
6c2og0cw,20,008uq8bs,307,portfolio,InstructionsGender,1789552796,11,0,0
6c2og0cw,18,uv69jk1p,308,portfolio,Page2GenderExp,1789552796,11,0,0
6c2og0cw,1,o7pccht6,308,portfolio,Page2GenderExp,1789552797,11,0,0
6c2og0cw,22,ilc2oqlq,308,portfolio,Page2GenderExp,1789552797,11,0,0
6c2og0cw,7,f8ff6plt,308,portfolio,Page2GenderExp,1789552798,11,0,0
6c2og0cw,4,unt4hlph,308,portfolio,Page2GenderExp,1789552798,11,0,0
6c2og0cw,10,yldmtmxh,308,portfolio,Page2GenderExp,1789552799,11,0,0
6c2og0cw,11,bjw1ymg6,307,portfolio,InstructionsGender,1789552799,11,0,0
6c2og0cw,8,poc3kn08,307,portfolio,InstructionsGender,1789552802,11,0,0
6c2og0cw,23,qcu0td0m,308,portfolio,Page2GenderExp,1789552803,11,0,0
6c2og0cw,12,dxg47gml,307,portfolio,InstructionsGender,1789552804,11,0,0
6c2og0cw,6,0nzm25g8,307,portfolio,InstructionsGender,1789552804,11,0,0
6c2og0cw,24,zcjv164s,308,portfolio,Page2GenderExp,1789552807,11,0,0
6c2og0cw,17,566nkyxt,308,portfolio,Page2GenderExp,1789552808,11,0,0
6c2og0cw,3,ktzkk4b7,308,portfolio,Page2GenderExp,1789552809,11,0,0
6c2og0cw,16,6xyzc64h,308,portfolio,Page2GenderExp,1789552811,11,0,0
6c2og0cw,14,2epyouig,307,portfolio,InstructionsGender,1789552812,11,0,0
6c2og0cw,9,z9zrwosz,307,portfolio,InstructionsGender,1789552821,11,0,0
6c2og0cw,11,bjw1ymg6,308,portfolio,Page2GenderExp,1789552821,11,0,0
6c2og0cw,13,t47t8m59,308,portfolio,Page2GenderExp,1789552822,11,0,0
6c2og0cw,14,2epyouig,308,portfolio,Page2GenderExp,1789552825,11,0,0
6c2og0cw,19,thfu25ei,307,portfolio,InstructionsGender,1789552830,11,0,0
6c2og0cw,6,0nzm25g8,308,portfolio,Page2GenderExp,1789552830,11,0,0
6c2og0cw,21,o4da1gkl,308,portfolio,Page2GenderExp,1789552832,11,0,0
6c2og0cw,12,dxg47gml,308,portfolio,Page2GenderExp,1789552840,11,0,0
6c2og0cw,15,107rd682,308,portfolio,Page2GenderExp,1789552841,11,0,0
6c2og0cw,5,e3o1p3e6,308,portfolio,Page2GenderExp,1789552841,11,0,0
6c2og0cw,20,008uq8bs,308,portfolio,Page2GenderExp,1789552845,11,0,0
6c2og0cw,8,poc3kn08,308,portfolio,Page2GenderExp,1789552857,11,0,0
6c2og0cw,9,z9zrwosz,308,portfolio,Page2GenderExp,1789552857,11,0,0
6c2og0cw,19,thfu25ei,308,portfolio,Page2GenderExp,1789552860,11,0,0
6c2og0cw,25,3g7fmbdb,309,portfolio,SyncGenderAllocation,1789552860,11,0,1
6c2og0cw,2,xlysi5bz,309,portfolio,SyncGenderAllocation,1789552860,11,0,1
6c2og0cw,18,uv69jk1p,309,portfolio,SyncGenderAllocation,1789552860,11,0,1
6c2og0cw,1,o7pccht6,309,portfolio,SyncGenderAllocation,1789552860,11,0,1
6c2og0cw,22,ilc2oqlq,309,portfolio,SyncGenderAllocation,1789552860,11,0,1
6c2og0cw,7,f8ff6plt,309,portfolio,SyncGenderAllocation,1789552860,11,0,1
6c2og0cw,4,unt4hlph,309,portfolio,SyncGenderAllocation,1789552860,11,0,1
6c2og0cw,10,yldmtmxh,309,portfolio,SyncGenderAllocation,1789552860,11,0,1
6c2og0cw,23,qcu0td0m,309,portfolio,SyncGenderAllocation,1789552860,11,0,1
6c2og0cw,24,zcjv164s,309,portfolio,SyncGenderAllocation,1789552860,11,0,1
6c2og0cw,17,566nkyxt,309,portfolio,SyncGenderAllocation,1789552860,11,0,1
6c2og0cw,3,ktzkk4b7,309,portfolio,SyncGenderAllocation,1789552860,11,0,1
6c2og0cw,16,6xyzc64h,309,portfolio,SyncGenderAllocation,1789552860,11,0,1
6c2og0cw,11,bjw1ymg6,309,portfolio,SyncGenderAllocation,1789552860,11,0,1
6c2og0cw,13,t47t8m59,309,portfolio,SyncGenderAllocation,1789552860,11,0,1
6c2og0cw,14,2epyouig,309,portfolio,SyncGenderAllocation,1789552860,11,0,1
6c2og0cw,6,0nzm25g8,309,portfolio,SyncGenderAllocation,1789552860,11,0,1
6c2og0cw,21,o4da1gkl,309,portfolio,SyncGenderAllocation,1789552860,11,0,1
6c2og0cw,12,dxg47gml,309,portfolio,SyncGenderAllocation,1789552860,11,0,1
6c2og0cw,15,107rd682,309,portfolio,SyncGenderAllocation,1789552860,11,0,1
6c2og0cw,5,e3o1p3e6,309,portfolio,SyncGenderAllocation,1789552860,11,0,1
6c2og0cw,20,008uq8bs,309,portfolio,SyncGenderAllocation,1789552860,11,0,1
6c2og0cw,8,poc3kn08,309,portfolio,SyncGenderAllocation,1789552860,11,0,1
6c2og0cw,9,z9zrwosz,309,portfolio,SyncGenderAllocation,1789552860,11,0,1
6c2og0cw,19,thfu25ei,309,portfolio,SyncGenderAllocation,1789552860,11,0,1
6c2og0cw,18,uv69jk1p,310,portfolio,PageBeliefElicitation,1789552884,11,0,0
6c2og0cw,1,o7pccht6,310,portfolio,PageBeliefElicitation,1789552886,11,0,0
6c2og0cw,13,t47t8m59,310,portfolio,PageBeliefElicitation,1789552893,11,0,0
6c2og0cw,18,uv69jk1p,311,portfolio,PageOtherBeliefElicitation,1789552894,11,0,0
6c2og0cw,17,566nkyxt,310,portfolio,PageBeliefElicitation,1789552894,11,0,0
6c2og0cw,19,thfu25ei,310,portfolio,PageBeliefElicitation,1789552896,11,0,0
6c2og0cw,12,dxg47gml,310,portfolio,PageBeliefElicitation,1789552896,11,0,0
6c2og0cw,21,o4da1gkl,310,portfolio,PageBeliefElicitation,1789552896,11,0,0
6c2og0cw,15,107rd682,310,portfolio,PageBeliefElicitation,1789552897,11,0,0
6c2og0cw,20,008uq8bs,310,portfolio,PageBeliefElicitation,1789552897,11,0,0
6c2og0cw,22,ilc2oqlq,310,portfolio,PageBeliefElicitation,1789552898,11,0,0
6c2og0cw,3,ktzkk4b7,310,portfolio,PageBeliefElicitation,1789552902,11,0,0
6c2og0cw,13,t47t8m59,311,portfolio,PageOtherBeliefElicitation,1789552903,11,0,0
6c2og0cw,13,t47t8m59,312,portfolio,TradingRulesGender,1789552907,11,0,0
6c2og0cw,1,o7pccht6,311,portfolio,PageOtherBeliefElicitation,1789552911,11,0,0
6c2og0cw,14,2epyouig,310,portfolio,PageBeliefElicitation,1789552912,11,0,0
6c2og0cw,24,zcjv164s,310,portfolio,PageBeliefElicitation,1789552913,11,0,0
6c2og0cw,1,o7pccht6,312,portfolio,TradingRulesGender,1789552916,11,0,0
6c2og0cw,15,107rd682,311,portfolio,PageOtherBeliefElicitation,1789552916,11,0,0
6c2og0cw,18,uv69jk1p,312,portfolio,TradingRulesGender,1789552916,11,0,0
6c2og0cw,21,o4da1gkl,311,portfolio,PageOtherBeliefElicitation,1789552916,11,0,0
6c2og0cw,25,3g7fmbdb,310,portfolio,PageBeliefElicitation,1789552916,11,0,0
6c2og0cw,12,dxg47gml,311,portfolio,PageOtherBeliefElicitation,1789552916,11,0,0
6c2og0cw,23,qcu0td0m,310,portfolio,PageBeliefElicitation,1789552917,11,0,0
6c2og0cw,22,ilc2oqlq,311,portfolio,PageOtherBeliefElicitation,1789552917,11,0,0
6c2og0cw,4,unt4hlph,310,portfolio,PageBeliefElicitation,1789552919,11,0,0
6c2og0cw,9,z9zrwosz,310,portfolio,PageBeliefElicitation,1789552921,11,0,0
6c2og0cw,15,107rd682,312,portfolio,TradingRulesGender,1789552921,11,0,0
6c2og0cw,2,xlysi5bz,310,portfolio,PageBeliefElicitation,1789552922,11,0,0
6c2og0cw,20,008uq8bs,311,portfolio,PageOtherBeliefElicitation,1789552926,11,0,0
6c2og0cw,7,f8ff6plt,310,portfolio,PageBeliefElicitation,1789552926,11,0,0
6c2og0cw,21,o4da1gkl,312,portfolio,TradingRulesGender,1789552927,11,0,0
6c2og0cw,3,ktzkk4b7,311,portfolio,PageOtherBeliefElicitation,1789552928,11,0,0
6c2og0cw,14,2epyouig,311,portfolio,PageOtherBeliefElicitation,1789552930,11,0,0
6c2og0cw,17,566nkyxt,311,portfolio,PageOtherBeliefElicitation,1789552930,11,0,0
6c2og0cw,20,008uq8bs,312,portfolio,TradingRulesGender,1789552931,11,0,0
6c2og0cw,3,ktzkk4b7,312,portfolio,TradingRulesGender,1789552931,11,0,0
6c2og0cw,10,yldmtmxh,310,portfolio,PageBeliefElicitation,1789552933,11,0,0
6c2og0cw,8,poc3kn08,310,portfolio,PageBeliefElicitation,1789552935,11,0,0
6c2og0cw,17,566nkyxt,312,portfolio,TradingRulesGender,1789552935,11,0,0
6c2og0cw,24,zcjv164s,311,portfolio,PageOtherBeliefElicitation,1789552938,11,0,0
6c2og0cw,4,unt4hlph,311,portfolio,PageOtherBeliefElicitation,1789552941,11,0,0
6c2og0cw,2,xlysi5bz,311,portfolio,PageOtherBeliefElicitation,1789552941,11,0,0
6c2og0cw,19,thfu25ei,311,portfolio,PageOtherBeliefElicitation,1789552942,11,0,0
6c2og0cw,14,2epyouig,312,portfolio,TradingRulesGender,1789552944,11,0,0
6c2og0cw,7,f8ff6plt,311,portfolio,PageOtherBeliefElicitation,1789552945,11,0,0
6c2og0cw,23,qcu0td0m,311,portfolio,PageOtherBeliefElicitation,1789552946,11,0,0
6c2og0cw,2,xlysi5bz,312,portfolio,TradingRulesGender,1789552947,11,0,0
6c2og0cw,6,0nzm25g8,310,portfolio,PageBeliefElicitation,1789552949,11,0,0
6c2og0cw,7,f8ff6plt,312,portfolio,TradingRulesGender,1789552950,11,0,0
6c2og0cw,25,3g7fmbdb,311,portfolio,PageOtherBeliefElicitation,1789552950,11,0,0
6c2og0cw,22,ilc2oqlq,312,portfolio,TradingRulesGender,1789552950,11,0,0
6c2og0cw,23,qcu0td0m,312,portfolio,TradingRulesGender,1789552951,11,0,0
6c2og0cw,12,dxg47gml,312,portfolio,TradingRulesGender,1789552952,11,0,0
6c2og0cw,25,3g7fmbdb,312,portfolio,TradingRulesGender,1789552954,11,0,0
6c2og0cw,19,thfu25ei,312,portfolio,TradingRulesGender,1789552958,11,0,0
6c2og0cw,8,poc3kn08,311,portfolio,PageOtherBeliefElicitation,1789552960,11,0,0
6c2og0cw,11,bjw1ymg6,310,portfolio,PageBeliefElicitation,1789552961,11,0,0
6c2og0cw,9,z9zrwosz,311,portfolio,PageOtherBeliefElicitation,1789552962,11,0,0
6c2og0cw,8,poc3kn08,312,portfolio,TradingRulesGender,1789552963,11,0,0
6c2og0cw,10,yldmtmxh,311,portfolio,PageOtherBeliefElicitation,1789552964,11,0,0
6c2og0cw,24,zcjv164s,312,portfolio,TradingRulesGender,1789552971,11,0,0
6c2og0cw,6,0nzm25g8,311,portfolio,PageOtherBeliefElicitation,1789552973,11,0,0
6c2og0cw,10,yldmtmxh,312,portfolio,TradingRulesGender,1789552978,11,0,0
6c2og0cw,9,z9zrwosz,312,portfolio,TradingRulesGender,1789552980,11,0,0
6c2og0cw,4,unt4hlph,312,portfolio,TradingRulesGender,1789552990,11,0,0
6c2og0cw,11,bjw1ymg6,311,portfolio,PageOtherBeliefElicitation,1789552991,11,0,0
6c2og0cw,11,bjw1ymg6,312,portfolio,TradingRulesGender,1789553000,11,0,0
6c2og0cw,5,e3o1p3e6,310,portfolio,PageBeliefElicitation,1789553007,11,0,0
6c2og0cw,16,6xyzc64h,310,portfolio,PageBeliefElicitation,1789553008,11,0,0
6c2og0cw,6,0nzm25g8,312,portfolio,TradingRulesGender,1789553011,11,0,0
6c2og0cw,5,e3o1p3e6,311,portfolio,PageOtherBeliefElicitation,1789553021,11,0,0
6c2og0cw,5,e3o1p3e6,312,portfolio,TradingRulesGender,1789553025,11,0,0
6c2og0cw,16,6xyzc64h,311,portfolio,PageOtherBeliefElicitation,1789553026,11,0,0
6c2og0cw,16,6xyzc64h,312,portfolio,TradingRulesGender,1789553029,11,0,0
6c2og0cw,3,ktzkk4b7,313,portfolio,SyncGenderTradingRules,1789553029,11,0,1
6c2og0cw,19,thfu25ei,313,portfolio,SyncGenderTradingRules,1789553029,11,0,1
6c2og0cw,6,0nzm25g8,313,portfolio,SyncGenderTradingRules,1789553029,11,0,1
6c2og0cw,12,dxg47gml,313,portfolio,SyncGenderTradingRules,1789553029,11,0,1
6c2og0cw,20,008uq8bs,313,portfolio,SyncGenderTradingRules,1789553029,11,0,1
6c2og0cw,17,566nkyxt,313,portfolio,SyncGenderTradingRules,1789553029,11,0,1
6c2og0cw,1,o7pccht6,313,portfolio,SyncGenderTradingRules,1789553029,11,0,1
6c2og0cw,14,2epyouig,313,portfolio,SyncGenderTradingRules,1789553029,11,0,1
6c2og0cw,11,bjw1ymg6,313,portfolio,SyncGenderTradingRules,1789553029,11,0,1
6c2og0cw,10,yldmtmxh,313,portfolio,SyncGenderTradingRules,1789553029,11,0,1
6c2og0cw,16,6xyzc64h,313,portfolio,SyncGenderTradingRules,1789553029,11,0,1
6c2og0cw,22,ilc2oqlq,313,portfolio,SyncGenderTradingRules,1789553029,11,0,1
6c2og0cw,15,107rd682,313,portfolio,SyncGenderTradingRules,1789553029,11,0,1
6c2og0cw,7,f8ff6plt,313,portfolio,SyncGenderTradingRules,1789553029,11,0,1
6c2og0cw,13,t47t8m59,313,portfolio,SyncGenderTradingRules,1789553029,11,0,1
6c2og0cw,5,e3o1p3e6,313,portfolio,SyncGenderTradingRules,1789553029,11,0,1
6c2og0cw,9,z9zrwosz,313,portfolio,SyncGenderTradingRules,1789553029,11,0,1
6c2og0cw,18,uv69jk1p,313,portfolio,SyncGenderTradingRules,1789553029,11,0,1
6c2og0cw,4,unt4hlph,313,portfolio,SyncGenderTradingRules,1789553029,11,0,1
6c2og0cw,25,3g7fmbdb,313,portfolio,SyncGenderTradingRules,1789553029,11,0,1
6c2og0cw,21,o4da1gkl,313,portfolio,SyncGenderTradingRules,1789553029,11,0,1
6c2og0cw,8,poc3kn08,313,portfolio,SyncGenderTradingRules,1789553029,11,0,1
6c2og0cw,23,qcu0td0m,313,portfolio,SyncGenderTradingRules,1789553029,11,0,1
6c2og0cw,2,xlysi5bz,313,portfolio,SyncGenderTradingRules,1789553029,11,0,1
6c2og0cw,24,zcjv164s,313,portfolio,SyncGenderTradingRules,1789553029,11,0,1
6c2og0cw,12,dxg47gml,314,portfolio,PageBidGenderExp,1789553040,11,0,0
6c2og0cw,18,uv69jk1p,314,portfolio,PageBidGenderExp,1789553041,11,0,0
6c2og0cw,21,o4da1gkl,314,portfolio,PageBidGenderExp,1789553043,11,0,0
6c2og0cw,15,107rd682,314,portfolio,PageBidGenderExp,1789553047,11,0,0
6c2og0cw,23,qcu0td0m,314,portfolio,PageBidGenderExp,1789553048,11,0,0
6c2og0cw,3,ktzkk4b7,314,portfolio,PageBidGenderExp,1789553048,11,0,0
6c2og0cw,19,thfu25ei,314,portfolio,PageBidGenderExp,1789553048,11,0,0
6c2og0cw,25,3g7fmbdb,314,portfolio,PageBidGenderExp,1789553049,11,0,0
6c2og0cw,1,o7pccht6,314,portfolio,PageBidGenderExp,1789553052,11,0,0
6c2og0cw,7,f8ff6plt,314,portfolio,PageBidGenderExp,1789553055,11,0,0
6c2og0cw,22,ilc2oqlq,314,portfolio,PageBidGenderExp,1789553056,11,0,0
6c2og0cw,6,0nzm25g8,314,portfolio,PageBidGenderExp,1789553057,11,0,0
6c2og0cw,4,unt4hlph,314,portfolio,PageBidGenderExp,1789553058,11,0,0
6c2og0cw,14,2epyouig,314,portfolio,PageBidGenderExp,1789553058,11,0,0
6c2og0cw,24,zcjv164s,314,portfolio,PageBidGenderExp,1789553058,11,0,0
6c2og0cw,22,ilc2oqlq,315,portfolio,Clearing,1789553058,11,0,1
6c2og0cw,23,qcu0td0m,315,portfolio,Clearing,1789553058,11,0,1
6c2og0cw,24,zcjv164s,315,portfolio,Clearing,1789553058,11,0,1
6c2og0cw,25,3g7fmbdb,315,portfolio,Clearing,1789553058,11,0,1
6c2og0cw,21,o4da1gkl,315,portfolio,Clearing,1789553058,11,0,1
6c2og0cw,2,xlysi5bz,314,portfolio,PageBidGenderExp,1789553059,11,0,0
6c2og0cw,5,e3o1p3e6,314,portfolio,PageBidGenderExp,1789553060,11,0,0
6c2og0cw,3,ktzkk4b7,315,portfolio,Clearing,1789553060,11,0,1
6c2og0cw,4,unt4hlph,315,portfolio,Clearing,1789553060,11,0,1
6c2og0cw,1,o7pccht6,315,portfolio,Clearing,1789553060,11,0,1
6c2og0cw,2,xlysi5bz,315,portfolio,Clearing,1789553060,11,0,1
6c2og0cw,5,e3o1p3e6,315,portfolio,Clearing,1789553060,11,0,1
6c2og0cw,16,6xyzc64h,314,portfolio,PageBidGenderExp,1789553062,11,0,0
6c2og0cw,8,poc3kn08,314,portfolio,PageBidGenderExp,1789553062,11,0,0
6c2og0cw,20,008uq8bs,314,portfolio,PageBidGenderExp,1789553064,11,0,0
6c2og0cw,10,yldmtmxh,314,portfolio,PageBidGenderExp,1789553065,11,0,0
6c2og0cw,13,t47t8m59,314,portfolio,PageBidGenderExp,1789553066,11,0,0
6c2og0cw,17,566nkyxt,314,portfolio,PageBidGenderExp,1789553066,11,0,0
6c2og0cw,19,thfu25ei,315,portfolio,Clearing,1789553067,11,0,1
6c2og0cw,17,566nkyxt,315,portfolio,Clearing,1789553067,11,0,1
6c2og0cw,16,6xyzc64h,315,portfolio,Clearing,1789553067,11,0,1
6c2og0cw,18,uv69jk1p,315,portfolio,Clearing,1789553067,11,0,1
6c2og0cw,20,008uq8bs,315,portfolio,Clearing,1789553067,11,0,1
6c2og0cw,11,bjw1ymg6,314,portfolio,PageBidGenderExp,1789553072,11,0,0
6c2og0cw,11,bjw1ymg6,315,portfolio,Clearing,1789553073,11,0,1
6c2og0cw,12,dxg47gml,315,portfolio,Clearing,1789553073,11,0,1
6c2og0cw,13,t47t8m59,315,portfolio,Clearing,1789553073,11,0,1
6c2og0cw,14,2epyouig,315,portfolio,Clearing,1789553073,11,0,1
6c2og0cw,15,107rd682,315,portfolio,Clearing,1789553073,11,0,1
6c2og0cw,9,z9zrwosz,314,portfolio,PageBidGenderExp,1789553085,11,0,0
6c2og0cw,6,0nzm25g8,315,portfolio,Clearing,1789553085,11,0,1
6c2og0cw,8,poc3kn08,315,portfolio,Clearing,1789553085,11,0,1
6c2og0cw,7,f8ff6plt,315,portfolio,Clearing,1789553085,11,0,1
6c2og0cw,9,z9zrwosz,315,portfolio,Clearing,1789553085,11,0,1
6c2og0cw,10,yldmtmxh,315,portfolio,Clearing,1789553085,11,0,1
6c2og0cw,22,ilc2oqlq,316,portfolio,SyncMarketRound,1789553086,11,0,1
6c2og0cw,23,qcu0td0m,316,portfolio,SyncMarketRound,1789553086,11,0,1
6c2og0cw,24,zcjv164s,316,portfolio,SyncMarketRound,1789553086,11,0,1
6c2og0cw,25,3g7fmbdb,316,portfolio,SyncMarketRound,1789553086,11,0,1
6c2og0cw,3,ktzkk4b7,316,portfolio,SyncMarketRound,1789553086,11,0,1
6c2og0cw,4,unt4hlph,316,portfolio,SyncMarketRound,1789553086,11,0,1
6c2og0cw,19,thfu25ei,316,portfolio,SyncMarketRound,1789553086,11,0,1
6c2og0cw,6,0nzm25g8,316,portfolio,SyncMarketRound,1789553086,11,0,1
6c2og0cw,11,bjw1ymg6,316,portfolio,SyncMarketRound,1789553086,11,0,1
6c2og0cw,12,dxg47gml,316,portfolio,SyncMarketRound,1789553086,11,0,1
6c2og0cw,17,566nkyxt,316,portfolio,SyncMarketRound,1789553086,11,0,1
6c2og0cw,13,t47t8m59,316,portfolio,SyncMarketRound,1789553086,11,0,1
6c2og0cw,14,2epyouig,316,portfolio,SyncMarketRound,1789553086,11,0,1
6c2og0cw,16,6xyzc64h,316,portfolio,SyncMarketRound,1789553086,11,0,1
6c2og0cw,1,o7pccht6,316,portfolio,SyncMarketRound,1789553086,11,0,1
6c2og0cw,18,uv69jk1p,316,portfolio,SyncMarketRound,1789553086,11,0,1
6c2og0cw,2,xlysi5bz,316,portfolio,SyncMarketRound,1789553086,11,0,1
6c2og0cw,8,poc3kn08,316,portfolio,SyncMarketRound,1789553086,11,0,1
6c2og0cw,5,e3o1p3e6,316,portfolio,SyncMarketRound,1789553086,11,0,1
6c2og0cw,21,o4da1gkl,316,portfolio,SyncMarketRound,1789553086,11,0,1
6c2og0cw,15,107rd682,316,portfolio,SyncMarketRound,1789553086,11,0,1
6c2og0cw,7,f8ff6plt,316,portfolio,SyncMarketRound,1789553086,11,0,1
6c2og0cw,9,z9zrwosz,316,portfolio,SyncMarketRound,1789553086,11,0,1
6c2og0cw,20,008uq8bs,316,portfolio,SyncMarketRound,1789553086,11,0,1
6c2og0cw,10,yldmtmxh,316,portfolio,SyncMarketRound,1789553086,11,0,1
6c2og0cw,15,107rd682,343,portfolio,PageBidGenderExp,1789553101,12,0,0
6c2og0cw,23,qcu0td0m,343,portfolio,PageBidGenderExp,1789553106,12,0,0
6c2og0cw,7,f8ff6plt,343,portfolio,PageBidGenderExp,1789553106,12,0,0
6c2og0cw,6,0nzm25g8,343,portfolio,PageBidGenderExp,1789553107,12,0,0
6c2og0cw,11,bjw1ymg6,343,portfolio,PageBidGenderExp,1789553108,12,0,0
6c2og0cw,2,xlysi5bz,343,portfolio,PageBidGenderExp,1789553108,12,0,0
6c2og0cw,4,unt4hlph,343,portfolio,PageBidGenderExp,1789553110,12,0,0
6c2og0cw,25,3g7fmbdb,343,portfolio,PageBidGenderExp,1789553111,12,0,0
6c2og0cw,13,t47t8m59,343,portfolio,PageBidGenderExp,1789553112,12,0,0
6c2og0cw,5,e3o1p3e6,343,portfolio,PageBidGenderExp,1789553112,12,0,0
6c2og0cw,12,dxg47gml,343,portfolio,PageBidGenderExp,1789553114,12,0,0
6c2og0cw,22,ilc2oqlq,343,portfolio,PageBidGenderExp,1789553115,12,0,0
6c2og0cw,3,ktzkk4b7,343,portfolio,PageBidGenderExp,1789553116,12,0,0
6c2og0cw,24,zcjv164s,343,portfolio,PageBidGenderExp,1789553116,12,0,0
6c2og0cw,19,thfu25ei,343,portfolio,PageBidGenderExp,1789553117,12,0,0
6c2og0cw,14,2epyouig,343,portfolio,PageBidGenderExp,1789553117,12,0,0
6c2og0cw,12,dxg47gml,344,portfolio,Clearing,1789553117,12,0,1
6c2og0cw,13,t47t8m59,344,portfolio,Clearing,1789553117,12,0,1
6c2og0cw,14,2epyouig,344,portfolio,Clearing,1789553117,12,0,1
6c2og0cw,15,107rd682,344,portfolio,Clearing,1789553117,12,0,1
6c2og0cw,11,bjw1ymg6,344,portfolio,Clearing,1789553117,12,0,1
6c2og0cw,21,o4da1gkl,343,portfolio,PageBidGenderExp,1789553119,12,0,0
6c2og0cw,25,3g7fmbdb,344,portfolio,Clearing,1789553119,12,0,1
6c2og0cw,21,o4da1gkl,344,portfolio,Clearing,1789553119,12,0,1
6c2og0cw,22,ilc2oqlq,344,portfolio,Clearing,1789553119,12,0,1
6c2og0cw,23,qcu0td0m,344,portfolio,Clearing,1789553119,12,0,1
6c2og0cw,24,zcjv164s,344,portfolio,Clearing,1789553119,12,0,1
6c2og0cw,10,yldmtmxh,343,portfolio,PageBidGenderExp,1789553120,12,0,0
6c2og0cw,1,o7pccht6,343,portfolio,PageBidGenderExp,1789553121,12,0,0
6c2og0cw,5,e3o1p3e6,344,portfolio,Clearing,1789553121,12,0,1
6c2og0cw,1,o7pccht6,344,portfolio,Clearing,1789553121,12,0,1
6c2og0cw,2,xlysi5bz,344,portfolio,Clearing,1789553121,12,0,1
6c2og0cw,3,ktzkk4b7,344,portfolio,Clearing,1789553121,12,0,1
6c2og0cw,4,unt4hlph,344,portfolio,Clearing,1789553121,12,0,1
6c2og0cw,18,uv69jk1p,343,portfolio,PageBidGenderExp,1789553121,12,0,0
6c2og0cw,17,566nkyxt,343,portfolio,PageBidGenderExp,1789553123,12,0,0
6c2og0cw,20,008uq8bs,343,portfolio,PageBidGenderExp,1789553126,12,0,0
6c2og0cw,8,poc3kn08,343,portfolio,PageBidGenderExp,1789553126,12,0,0
6c2og0cw,9,z9zrwosz,343,portfolio,PageBidGenderExp,1789553134,12,0,0
6c2og0cw,7,f8ff6plt,344,portfolio,Clearing,1789553134,12,0,1
6c2og0cw,6,0nzm25g8,344,portfolio,Clearing,1789553134,12,0,1
6c2og0cw,8,poc3kn08,344,portfolio,Clearing,1789553134,12,0,1
6c2og0cw,9,z9zrwosz,344,portfolio,Clearing,1789553134,12,0,1
6c2og0cw,10,yldmtmxh,344,portfolio,Clearing,1789553134,12,0,1
6c2og0cw,16,6xyzc64h,343,portfolio,PageBidGenderExp,1789553150,12,0,0
6c2og0cw,16,6xyzc64h,344,portfolio,Clearing,1789553150,12,0,1
6c2og0cw,17,566nkyxt,344,portfolio,Clearing,1789553150,12,0,1
6c2og0cw,18,uv69jk1p,344,portfolio,Clearing,1789553150,12,0,1
6c2og0cw,19,thfu25ei,344,portfolio,Clearing,1789553150,12,0,1
6c2og0cw,20,008uq8bs,344,portfolio,Clearing,1789553150,12,0,1
6c2og0cw,12,dxg47gml,345,portfolio,SyncMarketRound,1789553151,12,0,1
6c2og0cw,13,t47t8m59,345,portfolio,SyncMarketRound,1789553151,12,0,1
6c2og0cw,14,2epyouig,345,portfolio,SyncMarketRound,1789553151,12,0,1
6c2og0cw,15,107rd682,345,portfolio,SyncMarketRound,1789553151,12,0,1
6c2og0cw,25,3g7fmbdb,345,portfolio,SyncMarketRound,1789553151,12,0,1
6c2og0cw,5,e3o1p3e6,345,portfolio,SyncMarketRound,1789553151,12,0,1
6c2og0cw,1,o7pccht6,345,portfolio,SyncMarketRound,1789553151,12,0,1
6c2og0cw,2,xlysi5bz,345,portfolio,SyncMarketRound,1789553151,12,0,1
6c2og0cw,3,ktzkk4b7,345,portfolio,SyncMarketRound,1789553151,12,0,1
6c2og0cw,16,6xyzc64h,345,portfolio,SyncMarketRound,1789553151,12,0,1
6c2og0cw,7,f8ff6plt,345,portfolio,SyncMarketRound,1789553151,12,0,1
6c2og0cw,17,566nkyxt,345,portfolio,SyncMarketRound,1789553151,12,0,1
6c2og0cw,4,unt4hlph,345,portfolio,SyncMarketRound,1789553151,12,0,1
6c2og0cw,21,o4da1gkl,345,portfolio,SyncMarketRound,1789553151,12,0,1
6c2og0cw,22,ilc2oqlq,345,portfolio,SyncMarketRound,1789553151,12,0,1
6c2og0cw,18,uv69jk1p,345,portfolio,SyncMarketRound,1789553151,12,0,1
6c2og0cw,23,qcu0td0m,345,portfolio,SyncMarketRound,1789553151,12,0,1
6c2og0cw,11,bjw1ymg6,345,portfolio,SyncMarketRound,1789553151,12,0,1
6c2og0cw,24,zcjv164s,345,portfolio,SyncMarketRound,1789553151,12,0,1
6c2og0cw,19,thfu25ei,345,portfolio,SyncMarketRound,1789553151,12,0,1
6c2og0cw,6,0nzm25g8,345,portfolio,SyncMarketRound,1789553151,12,0,1
6c2og0cw,8,poc3kn08,345,portfolio,SyncMarketRound,1789553151,12,0,1
6c2og0cw,9,z9zrwosz,345,portfolio,SyncMarketRound,1789553151,12,0,1
6c2og0cw,10,yldmtmxh,345,portfolio,SyncMarketRound,1789553151,12,0,1
6c2og0cw,20,008uq8bs,345,portfolio,SyncMarketRound,1789553151,12,0,1
6c2og0cw,18,uv69jk1p,372,portfolio,PageBidGenderExp,1789553171,13,0,0
6c2og0cw,16,6xyzc64h,372,portfolio,PageBidGenderExp,1789553171,13,0,0
6c2og0cw,2,xlysi5bz,372,portfolio,PageBidGenderExp,1789553173,13,0,0
6c2og0cw,23,qcu0td0m,372,portfolio,PageBidGenderExp,1789553175,13,0,0
6c2og0cw,21,o4da1gkl,372,portfolio,PageBidGenderExp,1789553175,13,0,0
6c2og0cw,25,3g7fmbdb,372,portfolio,PageBidGenderExp,1789553176,13,0,0
6c2og0cw,10,yldmtmxh,372,portfolio,PageBidGenderExp,1789553176,13,0,0
6c2og0cw,13,t47t8m59,372,portfolio,PageBidGenderExp,1789553178,13,0,0
6c2og0cw,17,566nkyxt,372,portfolio,PageBidGenderExp,1789553179,13,0,0
6c2og0cw,7,f8ff6plt,372,portfolio,PageBidGenderExp,1789553180,13,0,0
6c2og0cw,6,0nzm25g8,372,portfolio,PageBidGenderExp,1789553180,13,0,0
6c2og0cw,19,thfu25ei,372,portfolio,PageBidGenderExp,1789553180,13,0,0
6c2og0cw,1,o7pccht6,372,portfolio,PageBidGenderExp,1789553183,13,0,0
6c2og0cw,4,unt4hlph,372,portfolio,PageBidGenderExp,1789553183,13,0,0
6c2og0cw,22,ilc2oqlq,372,portfolio,PageBidGenderExp,1789553184,13,0,0
6c2og0cw,15,107rd682,372,portfolio,PageBidGenderExp,1789553185,13,0,0
6c2og0cw,12,dxg47gml,372,portfolio,PageBidGenderExp,1789553186,13,0,0
6c2og0cw,20,008uq8bs,372,portfolio,PageBidGenderExp,1789553188,13,0,0
6c2og0cw,14,2epyouig,372,portfolio,PageBidGenderExp,1789553189,13,0,0
6c2og0cw,19,thfu25ei,373,portfolio,Clearing,1789553189,13,0,1
6c2og0cw,20,008uq8bs,373,portfolio,Clearing,1789553189,13,0,1
6c2og0cw,16,6xyzc64h,373,portfolio,Clearing,1789553189,13,0,1
6c2og0cw,17,566nkyxt,373,portfolio,Clearing,1789553189,13,0,1
6c2og0cw,18,uv69jk1p,373,portfolio,Clearing,1789553189,13,0,1
6c2og0cw,3,ktzkk4b7,372,portfolio,PageBidGenderExp,1789553193,13,0,0
6c2og0cw,5,e3o1p3e6,372,portfolio,PageBidGenderExp,1789553196,13,0,0
6c2og0cw,1,o7pccht6,373,portfolio,Clearing,1789553196,13,0,1
6c2og0cw,2,xlysi5bz,373,portfolio,Clearing,1789553196,13,0,1
6c2og0cw,3,ktzkk4b7,373,portfolio,Clearing,1789553196,13,0,1
6c2og0cw,4,unt4hlph,373,portfolio,Clearing,1789553196,13,0,1
6c2og0cw,5,e3o1p3e6,373,portfolio,Clearing,1789553196,13,0,1
6c2og0cw,8,poc3kn08,372,portfolio,PageBidGenderExp,1789553200,13,0,0
6c2og0cw,11,bjw1ymg6,372,portfolio,PageBidGenderExp,1789553209,13,0,0
6c2og0cw,11,bjw1ymg6,373,portfolio,Clearing,1789553209,13,0,1
6c2og0cw,12,dxg47gml,373,portfolio,Clearing,1789553209,13,0,1
6c2og0cw,13,t47t8m59,373,portfolio,Clearing,1789553209,13,0,1
6c2og0cw,14,2epyouig,373,portfolio,Clearing,1789553209,13,0,1
6c2og0cw,15,107rd682,373,portfolio,Clearing,1789553209,13,0,1
6c2og0cw,9,z9zrwosz,372,portfolio,PageBidGenderExp,1789553221,13,0,0
6c2og0cw,6,0nzm25g8,373,portfolio,Clearing,1789553221,13,0,1
6c2og0cw,7,f8ff6plt,373,portfolio,Clearing,1789553221,13,0,1
6c2og0cw,8,poc3kn08,373,portfolio,Clearing,1789553221,13,0,1
6c2og0cw,9,z9zrwosz,373,portfolio,Clearing,1789553221,13,0,1
6c2og0cw,10,yldmtmxh,373,portfolio,Clearing,1789553221,13,0,1
6c2og0cw,24,zcjv164s,372,portfolio,PageBidGenderExp,1789553243,13,0,0
6c2og0cw,21,o4da1gkl,373,portfolio,Clearing,1789553244,13,0,1
6c2og0cw,22,ilc2oqlq,373,portfolio,Clearing,1789553244,13,0,1
6c2og0cw,23,qcu0td0m,373,portfolio,Clearing,1789553244,13,0,1
6c2og0cw,24,zcjv164s,373,portfolio,Clearing,1789553244,13,0,1
6c2og0cw,25,3g7fmbdb,373,portfolio,Clearing,1789553244,13,0,1
6c2og0cw,19,thfu25ei,374,portfolio,SyncMarketRound,1789553245,13,0,1
6c2og0cw,20,008uq8bs,374,portfolio,SyncMarketRound,1789553245,13,0,1
6c2og0cw,6,0nzm25g8,374,portfolio,SyncMarketRound,1789553245,13,0,1
6c2og0cw,7,f8ff6plt,374,portfolio,SyncMarketRound,1789553245,13,0,1
6c2og0cw,8,poc3kn08,374,portfolio,SyncMarketRound,1789553245,13,0,1
6c2og0cw,9,z9zrwosz,374,portfolio,SyncMarketRound,1789553245,13,0,1
6c2og0cw,10,yldmtmxh,374,portfolio,SyncMarketRound,1789553245,13,0,1
6c2og0cw,21,o4da1gkl,374,portfolio,SyncMarketRound,1789553245,13,0,1
6c2og0cw,22,ilc2oqlq,374,portfolio,SyncMarketRound,1789553245,13,0,1
6c2og0cw,23,qcu0td0m,374,portfolio,SyncMarketRound,1789553245,13,0,1
6c2og0cw,24,zcjv164s,374,portfolio,SyncMarketRound,1789553245,13,0,1
6c2og0cw,11,bjw1ymg6,374,portfolio,SyncMarketRound,1789553245,13,0,1
6c2og0cw,25,3g7fmbdb,374,portfolio,SyncMarketRound,1789553245,13,0,1
6c2og0cw,1,o7pccht6,374,portfolio,SyncMarketRound,1789553245,13,0,1
6c2og0cw,2,xlysi5bz,374,portfolio,SyncMarketRound,1789553245,13,0,1
6c2og0cw,12,dxg47gml,374,portfolio,SyncMarketRound,1789553245,13,0,1
6c2og0cw,13,t47t8m59,374,portfolio,SyncMarketRound,1789553245,13,0,1
6c2og0cw,3,ktzkk4b7,374,portfolio,SyncMarketRound,1789553245,13,0,1
6c2og0cw,16,6xyzc64h,374,portfolio,SyncMarketRound,1789553245,13,0,1
6c2og0cw,17,566nkyxt,374,portfolio,SyncMarketRound,1789553245,13,0,1
6c2og0cw,18,uv69jk1p,374,portfolio,SyncMarketRound,1789553245,13,0,1
6c2og0cw,4,unt4hlph,374,portfolio,SyncMarketRound,1789553245,13,0,1
6c2og0cw,5,e3o1p3e6,374,portfolio,SyncMarketRound,1789553245,13,0,1
6c2og0cw,14,2epyouig,374,portfolio,SyncMarketRound,1789553245,13,0,1
6c2og0cw,15,107rd682,374,portfolio,SyncMarketRound,1789553245,13,0,1
6c2og0cw,17,566nkyxt,401,portfolio,PageBidGenderExp,1789553263,14,0,0
6c2og0cw,23,qcu0td0m,401,portfolio,PageBidGenderExp,1789553264,14,0,0
6c2og0cw,18,uv69jk1p,401,portfolio,PageBidGenderExp,1789553264,14,0,0
6c2og0cw,22,ilc2oqlq,401,portfolio,PageBidGenderExp,1789553265,14,0,0
6c2og0cw,13,t47t8m59,401,portfolio,PageBidGenderExp,1789553265,14,0,0
6c2og0cw,12,dxg47gml,401,portfolio,PageBidGenderExp,1789553266,14,0,0
6c2og0cw,11,bjw1ymg6,401,portfolio,PageBidGenderExp,1789553266,14,0,0
6c2og0cw,2,xlysi5bz,401,portfolio,PageBidGenderExp,1789553268,14,0,0
6c2og0cw,15,107rd682,401,portfolio,PageBidGenderExp,1789553269,14,0,0
6c2og0cw,19,thfu25ei,401,portfolio,PageBidGenderExp,1789553270,14,0,0
6c2og0cw,20,008uq8bs,401,portfolio,PageBidGenderExp,1789553271,14,0,0
6c2og0cw,14,2epyouig,401,portfolio,PageBidGenderExp,1789553278,14,0,0
6c2og0cw,12,dxg47gml,402,portfolio,Clearing,1789553278,14,0,1
6c2og0cw,13,t47t8m59,402,portfolio,Clearing,1789553278,14,0,1
6c2og0cw,14,2epyouig,402,portfolio,Clearing,1789553278,14,0,1
6c2og0cw,15,107rd682,402,portfolio,Clearing,1789553278,14,0,1
6c2og0cw,11,bjw1ymg6,402,portfolio,Clearing,1789553278,14,0,1
6c2og0cw,4,unt4hlph,401,portfolio,PageBidGenderExp,1789553279,14,0,0
6c2og0cw,1,o7pccht6,401,portfolio,PageBidGenderExp,1789553282,14,0,0
6c2og0cw,21,o4da1gkl,401,portfolio,PageBidGenderExp,1789553282,14,0,0
6c2og0cw,25,3g7fmbdb,401,portfolio,PageBidGenderExp,1789553283,14,0,0
6c2og0cw,5,e3o1p3e6,401,portfolio,PageBidGenderExp,1789553284,14,0,0
6c2og0cw,10,yldmtmxh,401,portfolio,PageBidGenderExp,1789553287,14,0,0
6c2og0cw,6,0nzm25g8,401,portfolio,PageBidGenderExp,1789553287,14,0,0
6c2og0cw,8,poc3kn08,401,portfolio,PageBidGenderExp,1789553291,14,0,0
6c2og0cw,7,f8ff6plt,401,portfolio,PageBidGenderExp,1789553300,14,0,0
6c2og0cw,9,z9zrwosz,401,portfolio,PageBidGenderExp,1789553304,14,0,0
6c2og0cw,10,yldmtmxh,402,portfolio,Clearing,1789553305,14,0,1
6c2og0cw,6,0nzm25g8,402,portfolio,Clearing,1789553305,14,0,1
6c2og0cw,7,f8ff6plt,402,portfolio,Clearing,1789553305,14,0,1
6c2og0cw,8,poc3kn08,402,portfolio,Clearing,1789553305,14,0,1
6c2og0cw,9,z9zrwosz,402,portfolio,Clearing,1789553305,14,0,1
6c2og0cw,16,6xyzc64h,401,portfolio,PageBidGenderExp,1789553314,14,0,0
6c2og0cw,17,566nkyxt,402,portfolio,Clearing,1789553315,14,0,1
6c2og0cw,16,6xyzc64h,402,portfolio,Clearing,1789553315,14,0,1
6c2og0cw,18,uv69jk1p,402,portfolio,Clearing,1789553315,14,0,1
6c2og0cw,19,thfu25ei,402,portfolio,Clearing,1789553315,14,0,1
6c2og0cw,20,008uq8bs,402,portfolio,Clearing,1789553315,14,0,1
6c2og0cw,3,ktzkk4b7,401,portfolio,PageBidGenderExp,1789553322,14,0,0
6c2og0cw,3,ktzkk4b7,402,portfolio,Clearing,1789553322,14,0,1
6c2og0cw,1,o7pccht6,402,portfolio,Clearing,1789553322,14,0,1
6c2og0cw,2,xlysi5bz,402,portfolio,Clearing,1789553322,14,0,1
6c2og0cw,4,unt4hlph,402,portfolio,Clearing,1789553322,14,0,1
6c2og0cw,5,e3o1p3e6,402,portfolio,Clearing,1789553322,14,0,1
6c2og0cw,24,zcjv164s,401,portfolio,PageBidGenderExp,1789553346,14,0,0
6c2og0cw,24,zcjv164s,402,portfolio,Clearing,1789553347,14,0,1
6c2og0cw,21,o4da1gkl,402,portfolio,Clearing,1789553347,14,0,1
6c2og0cw,22,ilc2oqlq,402,portfolio,Clearing,1789553347,14,0,1
6c2og0cw,23,qcu0td0m,402,portfolio,Clearing,1789553347,14,0,1
6c2og0cw,25,3g7fmbdb,402,portfolio,Clearing,1789553347,14,0,1
6c2og0cw,12,dxg47gml,403,portfolio,SyncMarketRound,1789553348,14,0,1
6c2og0cw,13,t47t8m59,403,portfolio,SyncMarketRound,1789553348,14,0,1
6c2og0cw,14,2epyouig,403,portfolio,SyncMarketRound,1789553348,14,0,1
6c2og0cw,15,107rd682,403,portfolio,SyncMarketRound,1789553348,14,0,1
6c2og0cw,10,yldmtmxh,403,portfolio,SyncMarketRound,1789553348,14,0,1
6c2og0cw,17,566nkyxt,403,portfolio,SyncMarketRound,1789553348,14,0,1
6c2og0cw,3,ktzkk4b7,403,portfolio,SyncMarketRound,1789553348,14,0,1
6c2og0cw,24,zcjv164s,403,portfolio,SyncMarketRound,1789553348,14,0,1
6c2og0cw,21,o4da1gkl,403,portfolio,SyncMarketRound,1789553348,14,0,1
6c2og0cw,22,ilc2oqlq,403,portfolio,SyncMarketRound,1789553348,14,0,1
6c2og0cw,1,o7pccht6,403,portfolio,SyncMarketRound,1789553348,14,0,1
6c2og0cw,2,xlysi5bz,403,portfolio,SyncMarketRound,1789553348,14,0,1
6c2og0cw,11,bjw1ymg6,403,portfolio,SyncMarketRound,1789553348,14,0,1
6c2og0cw,23,qcu0td0m,403,portfolio,SyncMarketRound,1789553348,14,0,1
6c2og0cw,16,6xyzc64h,403,portfolio,SyncMarketRound,1789553348,14,0,1
6c2og0cw,18,uv69jk1p,403,portfolio,SyncMarketRound,1789553348,14,0,1
6c2og0cw,19,thfu25ei,403,portfolio,SyncMarketRound,1789553348,14,0,1
6c2og0cw,20,008uq8bs,403,portfolio,SyncMarketRound,1789553348,14,0,1
6c2og0cw,4,unt4hlph,403,portfolio,SyncMarketRound,1789553348,14,0,1
6c2og0cw,6,0nzm25g8,403,portfolio,SyncMarketRound,1789553348,14,0,1
6c2og0cw,7,f8ff6plt,403,portfolio,SyncMarketRound,1789553348,14,0,1
6c2og0cw,8,poc3kn08,403,portfolio,SyncMarketRound,1789553348,14,0,1
6c2og0cw,9,z9zrwosz,403,portfolio,SyncMarketRound,1789553348,14,0,1
6c2og0cw,5,e3o1p3e6,403,portfolio,SyncMarketRound,1789553348,14,0,1
6c2og0cw,25,3g7fmbdb,403,portfolio,SyncMarketRound,1789553348,14,0,1
6c2og0cw,18,uv69jk1p,430,portfolio,PageBidGenderExp,1789553361,15,0,0
6c2og0cw,23,qcu0td0m,430,portfolio,PageBidGenderExp,1789553363,15,0,0
6c2og0cw,22,ilc2oqlq,430,portfolio,PageBidGenderExp,1789553368,15,0,0
6c2og0cw,12,dxg47gml,430,portfolio,PageBidGenderExp,1789553368,15,0,0
6c2og0cw,25,3g7fmbdb,430,portfolio,PageBidGenderExp,1789553369,15,0,0
6c2og0cw,13,t47t8m59,430,portfolio,PageBidGenderExp,1789553370,15,0,0
6c2og0cw,15,107rd682,430,portfolio,PageBidGenderExp,1789553372,15,0,0
6c2og0cw,17,566nkyxt,430,portfolio,PageBidGenderExp,1789553374,15,0,0
6c2og0cw,2,xlysi5bz,430,portfolio,PageBidGenderExp,1789553374,15,0,0
6c2og0cw,11,bjw1ymg6,430,portfolio,PageBidGenderExp,1789553376,15,0,0
6c2og0cw,8,poc3kn08,430,portfolio,PageBidGenderExp,1789553377,15,0,0
6c2og0cw,21,o4da1gkl,430,portfolio,PageBidGenderExp,1789553377,15,0,0
6c2og0cw,7,f8ff6plt,430,portfolio,PageBidGenderExp,1789553378,15,0,0
6c2og0cw,20,008uq8bs,430,portfolio,PageBidGenderExp,1789553379,15,0,0
6c2og0cw,14,2epyouig,430,portfolio,PageBidGenderExp,1789553380,15,0,0
6c2og0cw,14,2epyouig,431,portfolio,Clearing,1789553380,15,0,1
6c2og0cw,15,107rd682,431,portfolio,Clearing,1789553380,15,0,1
6c2og0cw,11,bjw1ymg6,431,portfolio,Clearing,1789553380,15,0,1
6c2og0cw,12,dxg47gml,431,portfolio,Clearing,1789553380,15,0,1
6c2og0cw,13,t47t8m59,431,portfolio,Clearing,1789553380,15,0,1
6c2og0cw,4,unt4hlph,430,portfolio,PageBidGenderExp,1789553386,15,0,0
6c2og0cw,16,6xyzc64h,430,portfolio,PageBidGenderExp,1789553388,15,0,0
6c2og0cw,5,e3o1p3e6,430,portfolio,PageBidGenderExp,1789553389,15,0,0
6c2og0cw,19,thfu25ei,430,portfolio,PageBidGenderExp,1789553390,15,0,0
6c2og0cw,16,6xyzc64h,431,portfolio,Clearing,1789553390,15,0,1
6c2og0cw,17,566nkyxt,431,portfolio,Clearing,1789553390,15,0,1
6c2og0cw,18,uv69jk1p,431,portfolio,Clearing,1789553390,15,0,1
6c2og0cw,19,thfu25ei,431,portfolio,Clearing,1789553390,15,0,1
6c2og0cw,20,008uq8bs,431,portfolio,Clearing,1789553390,15,0,1
6c2og0cw,1,o7pccht6,430,portfolio,PageBidGenderExp,1789553393,15,0,0
6c2og0cw,3,ktzkk4b7,430,portfolio,PageBidGenderExp,1789553402,15,0,0
6c2og0cw,5,e3o1p3e6,431,portfolio,Clearing,1789553403,15,0,1
6c2og0cw,1,o7pccht6,431,portfolio,Clearing,1789553403,15,0,1
6c2og0cw,2,xlysi5bz,431,portfolio,Clearing,1789553403,15,0,1
6c2og0cw,3,ktzkk4b7,431,portfolio,Clearing,1789553403,15,0,1
6c2og0cw,4,unt4hlph,431,portfolio,Clearing,1789553403,15,0,1
6c2og0cw,9,z9zrwosz,430,portfolio,PageBidGenderExp,1789553412,15,0,0
6c2og0cw,24,zcjv164s,430,portfolio,PageBidGenderExp,1789553414,15,0,0
6c2og0cw,23,qcu0td0m,431,portfolio,Clearing,1789553415,15,0,1
6c2og0cw,25,3g7fmbdb,431,portfolio,Clearing,1789553415,15,0,1
6c2og0cw,21,o4da1gkl,431,portfolio,Clearing,1789553415,15,0,1
6c2og0cw,22,ilc2oqlq,431,portfolio,Clearing,1789553415,15,0,1
6c2og0cw,24,zcjv164s,431,portfolio,Clearing,1789553415,15,0,1
6c2og0cw,6,0nzm25g8,430,portfolio,PageBidGenderExp,1789553421,15,0,0
6c2og0cw,10,yldmtmxh,430,portfolio,PageBidGenderExp,1789553488,15,0,0
6c2og0cw,6,0nzm25g8,431,portfolio,Clearing,1789553488,15,0,1
6c2og0cw,7,f8ff6plt,431,portfolio,Clearing,1789553488,15,0,1
6c2og0cw,8,poc3kn08,431,portfolio,Clearing,1789553488,15,0,1
6c2og0cw,9,z9zrwosz,431,portfolio,Clearing,1789553488,15,0,1
6c2og0cw,10,yldmtmxh,431,portfolio,Clearing,1789553488,15,0,1
6c2og0cw,14,2epyouig,432,portfolio,SyncMarketRound,1789553489,15,0,1
6c2og0cw,15,107rd682,432,portfolio,SyncMarketRound,1789553489,15,0,1
6c2og0cw,23,qcu0td0m,432,portfolio,SyncMarketRound,1789553489,15,0,1
6c2og0cw,25,3g7fmbdb,432,portfolio,SyncMarketRound,1789553489,15,0,1
6c2og0cw,21,o4da1gkl,432,portfolio,SyncMarketRound,1789553489,15,0,1
6c2og0cw,22,ilc2oqlq,432,portfolio,SyncMarketRound,1789553489,15,0,1
6c2og0cw,5,e3o1p3e6,432,portfolio,SyncMarketRound,1789553489,15,0,1
6c2og0cw,1,o7pccht6,432,portfolio,SyncMarketRound,1789553489,15,0,1
6c2og0cw,2,xlysi5bz,432,portfolio,SyncMarketRound,1789553489,15,0,1
6c2og0cw,6,0nzm25g8,432,portfolio,SyncMarketRound,1789553489,15,0,1
6c2og0cw,3,ktzkk4b7,432,portfolio,SyncMarketRound,1789553489,15,0,1
6c2og0cw,16,6xyzc64h,432,portfolio,SyncMarketRound,1789553489,15,0,1
6c2og0cw,11,bjw1ymg6,432,portfolio,SyncMarketRound,1789553489,15,0,1
6c2og0cw,12,dxg47gml,432,portfolio,SyncMarketRound,1789553489,15,0,1
6c2og0cw,13,t47t8m59,432,portfolio,SyncMarketRound,1789553489,15,0,1
6c2og0cw,17,566nkyxt,432,portfolio,SyncMarketRound,1789553489,15,0,1
6c2og0cw,18,uv69jk1p,432,portfolio,SyncMarketRound,1789553489,15,0,1
6c2og0cw,19,thfu25ei,432,portfolio,SyncMarketRound,1789553489,15,0,1
6c2og0cw,20,008uq8bs,432,portfolio,SyncMarketRound,1789553489,15,0,1
6c2og0cw,4,unt4hlph,432,portfolio,SyncMarketRound,1789553489,15,0,1
6c2og0cw,7,f8ff6plt,432,portfolio,SyncMarketRound,1789553489,15,0,1
6c2og0cw,8,poc3kn08,432,portfolio,SyncMarketRound,1789553489,15,0,1
6c2og0cw,9,z9zrwosz,432,portfolio,SyncMarketRound,1789553489,15,0,1
6c2og0cw,10,yldmtmxh,432,portfolio,SyncMarketRound,1789553489,15,0,1
6c2og0cw,24,zcjv164s,432,portfolio,SyncMarketRound,1789553489,15,0,1
6c2og0cw,7,f8ff6plt,459,portfolio,PageBidGenderExp,1789553500,16,0,0
6c2og0cw,18,uv69jk1p,459,portfolio,PageBidGenderExp,1789553503,16,0,0
6c2og0cw,15,107rd682,459,portfolio,PageBidGenderExp,1789553506,16,0,0
6c2og0cw,25,3g7fmbdb,459,portfolio,PageBidGenderExp,1789553510,16,0,0
6c2og0cw,17,566nkyxt,459,portfolio,PageBidGenderExp,1789553512,16,0,0
6c2og0cw,22,ilc2oqlq,459,portfolio,PageBidGenderExp,1789553515,16,0,0
6c2og0cw,2,xlysi5bz,459,portfolio,PageBidGenderExp,1789553515,16,0,0
6c2og0cw,13,t47t8m59,459,portfolio,PageBidGenderExp,1789553515,16,0,0
6c2og0cw,10,yldmtmxh,459,portfolio,PageBidGenderExp,1789553516,16,0,0
6c2og0cw,5,e3o1p3e6,459,portfolio,PageBidGenderExp,1789553517,16,0,0
6c2og0cw,19,thfu25ei,459,portfolio,PageBidGenderExp,1789553518,16,0,0
6c2og0cw,20,008uq8bs,459,portfolio,PageBidGenderExp,1789553518,16,0,0
6c2og0cw,12,dxg47gml,459,portfolio,PageBidGenderExp,1789553519,16,0,0
6c2og0cw,14,2epyouig,459,portfolio,PageBidGenderExp,1789553521,16,0,0
6c2og0cw,11,bjw1ymg6,459,portfolio,PageBidGenderExp,1789553525,16,0,0
6c2og0cw,12,dxg47gml,460,portfolio,Clearing,1789553525,16,0,1
6c2og0cw,13,t47t8m59,460,portfolio,Clearing,1789553525,16,0,1
6c2og0cw,14,2epyouig,460,portfolio,Clearing,1789553525,16,0,1
6c2og0cw,15,107rd682,460,portfolio,Clearing,1789553525,16,0,1
6c2og0cw,11,bjw1ymg6,460,portfolio,Clearing,1789553525,16,0,1
6c2og0cw,4,unt4hlph,459,portfolio,PageBidGenderExp,1789553526,16,0,0
6c2og0cw,21,o4da1gkl,459,portfolio,PageBidGenderExp,1789553528,16,0,0
6c2og0cw,24,zcjv164s,459,portfolio,PageBidGenderExp,1789553532,16,0,0
6c2og0cw,23,qcu0td0m,459,portfolio,PageBidGenderExp,1789553536,16,0,0
6c2og0cw,21,o4da1gkl,460,portfolio,Clearing,1789553536,16,0,1
6c2og0cw,22,ilc2oqlq,460,portfolio,Clearing,1789553536,16,0,1
6c2og0cw,23,qcu0td0m,460,portfolio,Clearing,1789553536,16,0,1
6c2og0cw,24,zcjv164s,460,portfolio,Clearing,1789553536,16,0,1
6c2og0cw,25,3g7fmbdb,460,portfolio,Clearing,1789553536,16,0,1
6c2og0cw,3,ktzkk4b7,459,portfolio,PageBidGenderExp,1789553545,16,0,0
6c2og0cw,8,poc3kn08,459,portfolio,PageBidGenderExp,1789553546,16,0,0
6c2og0cw,16,6xyzc64h,459,portfolio,PageBidGenderExp,1789553547,16,0,0
6c2og0cw,20,008uq8bs,460,portfolio,Clearing,1789553547,16,0,1
6c2og0cw,16,6xyzc64h,460,portfolio,Clearing,1789553547,16,0,1
6c2og0cw,17,566nkyxt,460,portfolio,Clearing,1789553547,16,0,1
6c2og0cw,18,uv69jk1p,460,portfolio,Clearing,1789553547,16,0,1
6c2og0cw,19,thfu25ei,460,portfolio,Clearing,1789553547,16,0,1
6c2og0cw,1,o7pccht6,459,portfolio,PageBidGenderExp,1789553548,16,0,0
6c2og0cw,1,o7pccht6,460,portfolio,Clearing,1789553548,16,0,1
6c2og0cw,2,xlysi5bz,460,portfolio,Clearing,1789553548,16,0,1
6c2og0cw,3,ktzkk4b7,460,portfolio,Clearing,1789553548,16,0,1
6c2og0cw,4,unt4hlph,460,portfolio,Clearing,1789553548,16,0,1
6c2og0cw,5,e3o1p3e6,460,portfolio,Clearing,1789553548,16,0,1
6c2og0cw,9,z9zrwosz,459,portfolio,PageBidGenderExp,1789553555,16,0,0
6c2og0cw,6,0nzm25g8,459,portfolio,PageBidGenderExp,1789553564,16,0,0
6c2og0cw,6,0nzm25g8,460,portfolio,Clearing,1789553564,16,0,1
6c2og0cw,7,f8ff6plt,460,portfolio,Clearing,1789553564,16,0,1
6c2og0cw,8,poc3kn08,460,portfolio,Clearing,1789553564,16,0,1
6c2og0cw,9,z9zrwosz,460,portfolio,Clearing,1789553564,16,0,1
6c2og0cw,10,yldmtmxh,460,portfolio,Clearing,1789553564,16,0,1
6c2og0cw,12,dxg47gml,461,portfolio,SyncMarketRound,1789553565,16,0,1
6c2og0cw,13,t47t8m59,461,portfolio,SyncMarketRound,1789553565,16,0,1
6c2og0cw,14,2epyouig,461,portfolio,SyncMarketRound,1789553565,16,0,1
6c2og0cw,15,107rd682,461,portfolio,SyncMarketRound,1789553565,16,0,1
6c2og0cw,20,008uq8bs,461,portfolio,SyncMarketRound,1789553565,16,0,1
6c2og0cw,1,o7pccht6,461,portfolio,SyncMarketRound,1789553565,16,0,1
6c2og0cw,2,xlysi5bz,461,portfolio,SyncMarketRound,1789553565,16,0,1
6c2og0cw,6,0nzm25g8,461,portfolio,SyncMarketRound,1789553565,16,0,1
6c2og0cw,3,ktzkk4b7,461,portfolio,SyncMarketRound,1789553565,16,0,1
6c2og0cw,7,f8ff6plt,461,portfolio,SyncMarketRound,1789553565,16,0,1
6c2og0cw,4,unt4hlph,461,portfolio,SyncMarketRound,1789553565,16,0,1
6c2og0cw,5,e3o1p3e6,461,portfolio,SyncMarketRound,1789553565,16,0,1
6c2og0cw,16,6xyzc64h,461,portfolio,SyncMarketRound,1789553565,16,0,1
6c2og0cw,17,566nkyxt,461,portfolio,SyncMarketRound,1789553565,16,0,1
6c2og0cw,21,o4da1gkl,461,portfolio,SyncMarketRound,1789553565,16,0,1
6c2og0cw,11,bjw1ymg6,461,portfolio,SyncMarketRound,1789553565,16,0,1
6c2og0cw,22,ilc2oqlq,461,portfolio,SyncMarketRound,1789553565,16,0,1
6c2og0cw,23,qcu0td0m,461,portfolio,SyncMarketRound,1789553565,16,0,1
6c2og0cw,24,zcjv164s,461,portfolio,SyncMarketRound,1789553565,16,0,1
6c2og0cw,25,3g7fmbdb,461,portfolio,SyncMarketRound,1789553565,16,0,1
6c2og0cw,18,uv69jk1p,461,portfolio,SyncMarketRound,1789553565,16,0,1
6c2og0cw,19,thfu25ei,461,portfolio,SyncMarketRound,1789553565,16,0,1
6c2og0cw,8,poc3kn08,461,portfolio,SyncMarketRound,1789553565,16,0,1
6c2og0cw,9,z9zrwosz,461,portfolio,SyncMarketRound,1789553565,16,0,1
6c2og0cw,10,yldmtmxh,461,portfolio,SyncMarketRound,1789553565,16,0,1
6c2og0cw,25,3g7fmbdb,488,portfolio,PageBidGenderExp,1789553583,17,0,0
6c2og0cw,7,f8ff6plt,488,portfolio,PageBidGenderExp,1789553584,17,0,0
6c2og0cw,20,008uq8bs,488,portfolio,PageBidGenderExp,1789553586,17,0,0
6c2og0cw,15,107rd682,488,portfolio,PageBidGenderExp,1789553587,17,0,0
6c2og0cw,1,o7pccht6,488,portfolio,PageBidGenderExp,1789553587,17,0,0
6c2og0cw,11,bjw1ymg6,488,portfolio,PageBidGenderExp,1789553587,17,0,0
6c2og0cw,10,yldmtmxh,488,portfolio,PageBidGenderExp,1789553588,17,0,0
6c2og0cw,2,xlysi5bz,488,portfolio,PageBidGenderExp,1789553588,17,0,0
6c2og0cw,17,566nkyxt,488,portfolio,PageBidGenderExp,1789553588,17,0,0
6c2og0cw,18,uv69jk1p,488,portfolio,PageBidGenderExp,1789553588,17,0,0
6c2og0cw,22,ilc2oqlq,488,portfolio,PageBidGenderExp,1789553589,17,0,0
6c2og0cw,14,2epyouig,488,portfolio,PageBidGenderExp,1789553589,17,0,0
6c2og0cw,23,qcu0td0m,488,portfolio,PageBidGenderExp,1789553590,17,0,0
6c2og0cw,4,unt4hlph,488,portfolio,PageBidGenderExp,1789553592,17,0,0
6c2og0cw,13,t47t8m59,488,portfolio,PageBidGenderExp,1789553593,17,0,0
6c2og0cw,19,thfu25ei,488,portfolio,PageBidGenderExp,1789553594,17,0,0
6c2og0cw,3,ktzkk4b7,488,portfolio,PageBidGenderExp,1789553598,17,0,0
6c2og0cw,21,o4da1gkl,488,portfolio,PageBidGenderExp,1789553599,17,0,0
6c2og0cw,12,dxg47gml,488,portfolio,PageBidGenderExp,1789553600,17,0,0
6c2og0cw,15,107rd682,489,portfolio,Clearing,1789553601,17,0,1
6c2og0cw,11,bjw1ymg6,489,portfolio,Clearing,1789553601,17,0,1
6c2og0cw,12,dxg47gml,489,portfolio,Clearing,1789553601,17,0,1
6c2og0cw,13,t47t8m59,489,portfolio,Clearing,1789553601,17,0,1
6c2og0cw,14,2epyouig,489,portfolio,Clearing,1789553601,17,0,1
6c2og0cw,24,zcjv164s,488,portfolio,PageBidGenderExp,1789553606,17,0,0
6c2og0cw,25,3g7fmbdb,489,portfolio,Clearing,1789553606,17,0,1
6c2og0cw,22,ilc2oqlq,489,portfolio,Clearing,1789553606,17,0,1
6c2og0cw,23,qcu0td0m,489,portfolio,Clearing,1789553606,17,0,1
6c2og0cw,24,zcjv164s,489,portfolio,Clearing,1789553606,17,0,1
6c2og0cw,21,o4da1gkl,489,portfolio,Clearing,1789553606,17,0,1
6c2og0cw,8,poc3kn08,488,portfolio,PageBidGenderExp,1789553608,17,0,0
6c2og0cw,16,6xyzc64h,488,portfolio,PageBidGenderExp,1789553638,17,0,0
6c2og0cw,16,6xyzc64h,489,portfolio,Clearing,1789553638,17,0,1
6c2og0cw,17,566nkyxt,489,portfolio,Clearing,1789553638,17,0,1
6c2og0cw,18,uv69jk1p,489,portfolio,Clearing,1789553638,17,0,1
6c2og0cw,19,thfu25ei,489,portfolio,Clearing,1789553638,17,0,1
6c2og0cw,20,008uq8bs,489,portfolio,Clearing,1789553638,17,0,1
6c2og0cw,9,z9zrwosz,488,portfolio,PageBidGenderExp,1789553653,17,0,0
6c2og0cw,6,0nzm25g8,488,portfolio,PageBidGenderExp,1789553659,17,0,0
6c2og0cw,7,f8ff6plt,489,portfolio,Clearing,1789553659,17,0,1
6c2og0cw,6,0nzm25g8,489,portfolio,Clearing,1789553659,17,0,1
6c2og0cw,8,poc3kn08,489,portfolio,Clearing,1789553659,17,0,1
6c2og0cw,9,z9zrwosz,489,portfolio,Clearing,1789553659,17,0,1
6c2og0cw,10,yldmtmxh,489,portfolio,Clearing,1789553659,17,0,1
6c2og0cw,5,e3o1p3e6,488,portfolio,PageBidGenderExp,1789553667,17,0,0
6c2og0cw,1,o7pccht6,489,portfolio,Clearing,1789553667,17,0,1
6c2og0cw,2,xlysi5bz,489,portfolio,Clearing,1789553667,17,0,1
6c2og0cw,3,ktzkk4b7,489,portfolio,Clearing,1789553667,17,0,1
6c2og0cw,4,unt4hlph,489,portfolio,Clearing,1789553667,17,0,1
6c2og0cw,5,e3o1p3e6,489,portfolio,Clearing,1789553667,17,0,1
6c2og0cw,15,107rd682,490,portfolio,SyncMarketRound,1789553668,17,0,1
6c2og0cw,25,3g7fmbdb,490,portfolio,SyncMarketRound,1789553668,17,0,1
6c2og0cw,22,ilc2oqlq,490,portfolio,SyncMarketRound,1789553668,17,0,1
6c2og0cw,23,qcu0td0m,490,portfolio,SyncMarketRound,1789553668,17,0,1
6c2og0cw,24,zcjv164s,490,portfolio,SyncMarketRound,1789553668,17,0,1
6c2og0cw,7,f8ff6plt,490,portfolio,SyncMarketRound,1789553668,17,0,1
6c2og0cw,1,o7pccht6,490,portfolio,SyncMarketRound,1789553668,17,0,1
6c2og0cw,2,xlysi5bz,490,portfolio,SyncMarketRound,1789553668,17,0,1
6c2og0cw,3,ktzkk4b7,490,portfolio,SyncMarketRound,1789553668,17,0,1
6c2og0cw,4,unt4hlph,490,portfolio,SyncMarketRound,1789553668,17,0,1
6c2og0cw,6,0nzm25g8,490,portfolio,SyncMarketRound,1789553668,17,0,1
6c2og0cw,16,6xyzc64h,490,portfolio,SyncMarketRound,1789553668,17,0,1
6c2og0cw,17,566nkyxt,490,portfolio,SyncMarketRound,1789553668,17,0,1
6c2og0cw,8,poc3kn08,490,portfolio,SyncMarketRound,1789553668,17,0,1
6c2og0cw,18,uv69jk1p,490,portfolio,SyncMarketRound,1789553668,17,0,1
6c2og0cw,11,bjw1ymg6,490,portfolio,SyncMarketRound,1789553668,17,0,1
6c2og0cw,12,dxg47gml,490,portfolio,SyncMarketRound,1789553668,17,0,1
6c2og0cw,13,t47t8m59,490,portfolio,SyncMarketRound,1789553668,17,0,1
6c2og0cw,14,2epyouig,490,portfolio,SyncMarketRound,1789553668,17,0,1
6c2og0cw,19,thfu25ei,490,portfolio,SyncMarketRound,1789553668,17,0,1
6c2og0cw,9,z9zrwosz,490,portfolio,SyncMarketRound,1789553668,17,0,1
6c2og0cw,10,yldmtmxh,490,portfolio,SyncMarketRound,1789553668,17,0,1
6c2og0cw,5,e3o1p3e6,490,portfolio,SyncMarketRound,1789553668,17,0,1
6c2og0cw,20,008uq8bs,490,portfolio,SyncMarketRound,1789553668,17,0,1
6c2og0cw,21,o4da1gkl,490,portfolio,SyncMarketRound,1789553668,17,0,1
6c2og0cw,17,566nkyxt,517,portfolio,PageBidGenderExp,1789553684,18,0,0
6c2og0cw,7,f8ff6plt,517,portfolio,PageBidGenderExp,1789553686,18,0,0
6c2og0cw,19,thfu25ei,517,portfolio,PageBidGenderExp,1789553687,18,0,0
6c2og0cw,23,qcu0td0m,517,portfolio,PageBidGenderExp,1789553687,18,0,0
6c2og0cw,2,xlysi5bz,517,portfolio,PageBidGenderExp,1789553689,18,0,0
6c2og0cw,12,dxg47gml,517,portfolio,PageBidGenderExp,1789553689,18,0,0
6c2og0cw,18,uv69jk1p,517,portfolio,PageBidGenderExp,1789553690,18,0,0
6c2og0cw,20,008uq8bs,517,portfolio,PageBidGenderExp,1789553691,18,0,0
6c2og0cw,4,unt4hlph,517,portfolio,PageBidGenderExp,1789553692,18,0,0
6c2og0cw,13,t47t8m59,517,portfolio,PageBidGenderExp,1789553693,18,0,0
6c2og0cw,22,ilc2oqlq,517,portfolio,PageBidGenderExp,1789553694,18,0,0
6c2og0cw,25,3g7fmbdb,517,portfolio,PageBidGenderExp,1789553694,18,0,0
6c2og0cw,15,107rd682,517,portfolio,PageBidGenderExp,1789553695,18,0,0
6c2og0cw,1,o7pccht6,517,portfolio,PageBidGenderExp,1789553695,18,0,0
6c2og0cw,21,o4da1gkl,517,portfolio,PageBidGenderExp,1789553695,18,0,0
6c2og0cw,24,zcjv164s,517,portfolio,PageBidGenderExp,1789553697,18,0,0
6c2og0cw,24,zcjv164s,518,portfolio,Clearing,1789553697,18,0,1
6c2og0cw,25,3g7fmbdb,518,portfolio,Clearing,1789553697,18,0,1
6c2og0cw,21,o4da1gkl,518,portfolio,Clearing,1789553697,18,0,1
6c2og0cw,22,ilc2oqlq,518,portfolio,Clearing,1789553697,18,0,1
6c2og0cw,23,qcu0td0m,518,portfolio,Clearing,1789553697,18,0,1
6c2og0cw,14,2epyouig,517,portfolio,PageBidGenderExp,1789553699,18,0,0
6c2og0cw,8,poc3kn08,517,portfolio,PageBidGenderExp,1789553700,18,0,0
6c2og0cw,16,6xyzc64h,517,portfolio,PageBidGenderExp,1789553708,18,0,0
6c2og0cw,10,yldmtmxh,517,portfolio,PageBidGenderExp,1789553709,18,0,0
6c2og0cw,20,008uq8bs,518,portfolio,Clearing,1789553709,18,0,1
6c2og0cw,16,6xyzc64h,518,portfolio,Clearing,1789553709,18,0,1
6c2og0cw,17,566nkyxt,518,portfolio,Clearing,1789553709,18,0,1
6c2og0cw,18,uv69jk1p,518,portfolio,Clearing,1789553709,18,0,1
6c2og0cw,19,thfu25ei,518,portfolio,Clearing,1789553709,18,0,1
6c2og0cw,11,bjw1ymg6,517,portfolio,PageBidGenderExp,1789553710,18,0,0
6c2og0cw,11,bjw1ymg6,518,portfolio,Clearing,1789553710,18,0,1
6c2og0cw,14,2epyouig,518,portfolio,Clearing,1789553710,18,0,1
6c2og0cw,12,dxg47gml,518,portfolio,Clearing,1789553710,18,0,1
6c2og0cw,13,t47t8m59,518,portfolio,Clearing,1789553710,18,0,1
6c2og0cw,15,107rd682,518,portfolio,Clearing,1789553710,18,0,1
6c2og0cw,3,ktzkk4b7,517,portfolio,PageBidGenderExp,1789553712,18,0,0
6c2og0cw,6,0nzm25g8,517,portfolio,PageBidGenderExp,1789553723,18,0,0
6c2og0cw,5,e3o1p3e6,517,portfolio,PageBidGenderExp,1789553726,18,0,0
6c2og0cw,1,o7pccht6,518,portfolio,Clearing,1789553726,18,0,1
6c2og0cw,2,xlysi5bz,518,portfolio,Clearing,1789553726,18,0,1
6c2og0cw,3,ktzkk4b7,518,portfolio,Clearing,1789553726,18,0,1
6c2og0cw,4,unt4hlph,518,portfolio,Clearing,1789553726,18,0,1
6c2og0cw,5,e3o1p3e6,518,portfolio,Clearing,1789553726,18,0,1
6c2og0cw,9,z9zrwosz,517,portfolio,PageBidGenderExp,1789553742,18,0,0
6c2og0cw,6,0nzm25g8,518,portfolio,Clearing,1789553742,18,0,1
6c2og0cw,7,f8ff6plt,518,portfolio,Clearing,1789553742,18,0,1
6c2og0cw,8,poc3kn08,518,portfolio,Clearing,1789553742,18,0,1
6c2og0cw,9,z9zrwosz,518,portfolio,Clearing,1789553742,18,0,1
6c2og0cw,10,yldmtmxh,518,portfolio,Clearing,1789553742,18,0,1
6c2og0cw,24,zcjv164s,519,portfolio,SyncMarketRound,1789553743,18,0,1
6c2og0cw,25,3g7fmbdb,519,portfolio,SyncMarketRound,1789553743,18,0,1
6c2og0cw,20,008uq8bs,519,portfolio,SyncMarketRound,1789553743,18,0,1
6c2og0cw,11,bjw1ymg6,519,portfolio,SyncMarketRound,1789553743,18,0,1
6c2og0cw,14,2epyouig,519,portfolio,SyncMarketRound,1789553743,18,0,1
6c2og0cw,6,0nzm25g8,519,portfolio,SyncMarketRound,1789553743,18,0,1
6c2og0cw,12,dxg47gml,519,portfolio,SyncMarketRound,1789553743,18,0,1
6c2og0cw,13,t47t8m59,519,portfolio,SyncMarketRound,1789553743,18,0,1
6c2og0cw,7,f8ff6plt,519,portfolio,SyncMarketRound,1789553743,18,0,1
6c2og0cw,8,poc3kn08,519,portfolio,SyncMarketRound,1789553743,18,0,1
6c2og0cw,15,107rd682,519,portfolio,SyncMarketRound,1789553743,18,0,1
6c2og0cw,1,o7pccht6,519,portfolio,SyncMarketRound,1789553743,18,0,1
6c2og0cw,9,z9zrwosz,519,portfolio,SyncMarketRound,1789553743,18,0,1
6c2og0cw,16,6xyzc64h,519,portfolio,SyncMarketRound,1789553743,18,0,1
6c2og0cw,21,o4da1gkl,519,portfolio,SyncMarketRound,1789553743,18,0,1
6c2og0cw,22,ilc2oqlq,519,portfolio,SyncMarketRound,1789553743,18,0,1
6c2og0cw,23,qcu0td0m,519,portfolio,SyncMarketRound,1789553743,18,0,1
6c2og0cw,17,566nkyxt,519,portfolio,SyncMarketRound,1789553743,18,0,1
6c2og0cw,18,uv69jk1p,519,portfolio,SyncMarketRound,1789553743,18,0,1
6c2og0cw,19,thfu25ei,519,portfolio,SyncMarketRound,1789553743,18,0,1
6c2og0cw,2,xlysi5bz,519,portfolio,SyncMarketRound,1789553743,18,0,1
6c2og0cw,3,ktzkk4b7,519,portfolio,SyncMarketRound,1789553743,18,0,1
6c2og0cw,4,unt4hlph,519,portfolio,SyncMarketRound,1789553743,18,0,1
6c2og0cw,5,e3o1p3e6,519,portfolio,SyncMarketRound,1789553743,18,0,1
6c2og0cw,10,yldmtmxh,519,portfolio,SyncMarketRound,1789553743,18,0,1
6c2og0cw,7,f8ff6plt,546,portfolio,PageBidGenderExp,1789553759,19,0,0
6c2og0cw,8,poc3kn08,546,portfolio,PageBidGenderExp,1789553762,19,0,0
6c2og0cw,23,qcu0td0m,546,portfolio,PageBidGenderExp,1789553764,19,0,0
6c2og0cw,4,unt4hlph,546,portfolio,PageBidGenderExp,1789553764,19,0,0
6c2og0cw,2,xlysi5bz,546,portfolio,PageBidGenderExp,1789553765,19,0,0
6c2og0cw,15,107rd682,546,portfolio,PageBidGenderExp,1789553765,19,0,0
6c2og0cw,17,566nkyxt,546,portfolio,PageBidGenderExp,1789553766,19,0,0
6c2og0cw,11,bjw1ymg6,546,portfolio,PageBidGenderExp,1789553766,19,0,0
6c2og0cw,1,o7pccht6,546,portfolio,PageBidGenderExp,1789553766,19,0,0
6c2og0cw,19,thfu25ei,546,portfolio,PageBidGenderExp,1789553767,19,0,0
6c2og0cw,12,dxg47gml,546,portfolio,PageBidGenderExp,1789553767,19,0,0
6c2og0cw,25,3g7fmbdb,546,portfolio,PageBidGenderExp,1789553768,19,0,0
6c2og0cw,20,008uq8bs,546,portfolio,PageBidGenderExp,1789553770,19,0,0
6c2og0cw,13,t47t8m59,546,portfolio,PageBidGenderExp,1789553770,19,0,0
6c2og0cw,22,ilc2oqlq,546,portfolio,PageBidGenderExp,1789553771,19,0,0
6c2og0cw,5,e3o1p3e6,546,portfolio,PageBidGenderExp,1789553772,19,0,0
6c2og0cw,18,uv69jk1p,546,portfolio,PageBidGenderExp,1789553774,19,0,0
6c2og0cw,14,2epyouig,546,portfolio,PageBidGenderExp,1789553778,19,0,0
6c2og0cw,14,2epyouig,547,portfolio,Clearing,1789553778,19,0,1
6c2og0cw,15,107rd682,547,portfolio,Clearing,1789553778,19,0,1
6c2og0cw,11,bjw1ymg6,547,portfolio,Clearing,1789553778,19,0,1
6c2og0cw,12,dxg47gml,547,portfolio,Clearing,1789553778,19,0,1
6c2og0cw,13,t47t8m59,547,portfolio,Clearing,1789553778,19,0,1
6c2og0cw,21,o4da1gkl,546,portfolio,PageBidGenderExp,1789553779,19,0,0
6c2og0cw,24,zcjv164s,546,portfolio,PageBidGenderExp,1789553781,19,0,0
6c2og0cw,21,o4da1gkl,547,portfolio,Clearing,1789553781,19,0,1
6c2og0cw,22,ilc2oqlq,547,portfolio,Clearing,1789553781,19,0,1
6c2og0cw,23,qcu0td0m,547,portfolio,Clearing,1789553781,19,0,1
6c2og0cw,24,zcjv164s,547,portfolio,Clearing,1789553781,19,0,1
6c2og0cw,25,3g7fmbdb,547,portfolio,Clearing,1789553781,19,0,1
6c2og0cw,3,ktzkk4b7,546,portfolio,PageBidGenderExp,1789553783,19,0,0
6c2og0cw,1,o7pccht6,547,portfolio,Clearing,1789553784,19,0,1
6c2og0cw,2,xlysi5bz,547,portfolio,Clearing,1789553784,19,0,1
6c2og0cw,3,ktzkk4b7,547,portfolio,Clearing,1789553784,19,0,1
6c2og0cw,4,unt4hlph,547,portfolio,Clearing,1789553784,19,0,1
6c2og0cw,5,e3o1p3e6,547,portfolio,Clearing,1789553784,19,0,1
6c2og0cw,6,0nzm25g8,546,portfolio,PageBidGenderExp,1789553793,19,0,0
6c2og0cw,16,6xyzc64h,546,portfolio,PageBidGenderExp,1789553800,19,0,0
6c2og0cw,16,6xyzc64h,547,portfolio,Clearing,1789553800,19,0,1
6c2og0cw,17,566nkyxt,547,portfolio,Clearing,1789553800,19,0,1
6c2og0cw,18,uv69jk1p,547,portfolio,Clearing,1789553800,19,0,1
6c2og0cw,19,thfu25ei,547,portfolio,Clearing,1789553800,19,0,1
6c2og0cw,20,008uq8bs,547,portfolio,Clearing,1789553800,19,0,1
6c2og0cw,9,z9zrwosz,546,portfolio,PageBidGenderExp,1789553809,19,0,0
6c2og0cw,10,yldmtmxh,546,portfolio,PageBidGenderExp,1789553860,19,0,0
6c2og0cw,6,0nzm25g8,547,portfolio,Clearing,1789553861,19,0,1
6c2og0cw,9,z9zrwosz,547,portfolio,Clearing,1789553861,19,0,1
6c2og0cw,7,f8ff6plt,547,portfolio,Clearing,1789553861,19,0,1
6c2og0cw,8,poc3kn08,547,portfolio,Clearing,1789553861,19,0,1
6c2og0cw,10,yldmtmxh,547,portfolio,Clearing,1789553861,19,0,1
6c2og0cw,14,2epyouig,548,portfolio,SyncMarketRound,1789553862,19,0,1
6c2og0cw,15,107rd682,548,portfolio,SyncMarketRound,1789553862,19,0,1
6c2og0cw,1,o7pccht6,548,portfolio,SyncMarketRound,1789553862,19,0,1
6c2og0cw,2,xlysi5bz,548,portfolio,SyncMarketRound,1789553862,19,0,1
6c2og0cw,3,ktzkk4b7,548,portfolio,SyncMarketRound,1789553862,19,0,1
6c2og0cw,4,unt4hlph,548,portfolio,SyncMarketRound,1789553862,19,0,1
6c2og0cw,5,e3o1p3e6,548,portfolio,SyncMarketRound,1789553862,19,0,1
6c2og0cw,16,6xyzc64h,548,portfolio,SyncMarketRound,1789553862,19,0,1
6c2og0cw,6,0nzm25g8,548,portfolio,SyncMarketRound,1789553862,19,0,1
6c2og0cw,9,z9zrwosz,548,portfolio,SyncMarketRound,1789553862,19,0,1
6c2og0cw,7,f8ff6plt,548,portfolio,SyncMarketRound,1789553862,19,0,1
6c2og0cw,8,poc3kn08,548,portfolio,SyncMarketRound,1789553862,19,0,1
6c2og0cw,10,yldmtmxh,548,portfolio,SyncMarketRound,1789553862,19,0,1
6c2og0cw,11,bjw1ymg6,548,portfolio,SyncMarketRound,1789553862,19,0,1
6c2og0cw,12,dxg47gml,548,portfolio,SyncMarketRound,1789553862,19,0,1
6c2og0cw,13,t47t8m59,548,portfolio,SyncMarketRound,1789553862,19,0,1
6c2og0cw,21,o4da1gkl,548,portfolio,SyncMarketRound,1789553862,19,0,1
6c2og0cw,22,ilc2oqlq,548,portfolio,SyncMarketRound,1789553862,19,0,1
6c2og0cw,23,qcu0td0m,548,portfolio,SyncMarketRound,1789553862,19,0,1
6c2og0cw,24,zcjv164s,548,portfolio,SyncMarketRound,1789553862,19,0,1
6c2og0cw,25,3g7fmbdb,548,portfolio,SyncMarketRound,1789553862,19,0,1
6c2og0cw,17,566nkyxt,548,portfolio,SyncMarketRound,1789553862,19,0,1
6c2og0cw,18,uv69jk1p,548,portfolio,SyncMarketRound,1789553862,19,0,1
6c2og0cw,19,thfu25ei,548,portfolio,SyncMarketRound,1789553862,19,0,1
6c2og0cw,20,008uq8bs,548,portfolio,SyncMarketRound,1789553862,19,0,1
6c2og0cw,18,uv69jk1p,575,portfolio,PageBidGenderExp,1789553880,20,0,0
6c2og0cw,12,dxg47gml,575,portfolio,PageBidGenderExp,1789553883,20,0,0
6c2og0cw,7,f8ff6plt,575,portfolio,PageBidGenderExp,1789553884,20,0,0
6c2og0cw,19,thfu25ei,575,portfolio,PageBidGenderExp,1789553884,20,0,0
6c2og0cw,17,566nkyxt,575,portfolio,PageBidGenderExp,1789553885,20,0,0
6c2og0cw,4,unt4hlph,575,portfolio,PageBidGenderExp,1789553887,20,0,0
6c2og0cw,13,t47t8m59,575,portfolio,PageBidGenderExp,1789553889,20,0,0
6c2og0cw,23,qcu0td0m,575,portfolio,PageBidGenderExp,1789553889,20,0,0
6c2og0cw,25,3g7fmbdb,575,portfolio,PageBidGenderExp,1789553889,20,0,0
6c2og0cw,24,zcjv164s,575,portfolio,PageBidGenderExp,1789553892,20,0,0
6c2og0cw,20,008uq8bs,575,portfolio,PageBidGenderExp,1789553892,20,0,0
6c2og0cw,21,o4da1gkl,575,portfolio,PageBidGenderExp,1789553893,20,0,0
6c2og0cw,14,2epyouig,575,portfolio,PageBidGenderExp,1789553893,20,0,0
6c2og0cw,15,107rd682,575,portfolio,PageBidGenderExp,1789553894,20,0,0
6c2og0cw,2,xlysi5bz,575,portfolio,PageBidGenderExp,1789553895,20,0,0
6c2og0cw,8,poc3kn08,575,portfolio,PageBidGenderExp,1789553895,20,0,0
6c2og0cw,1,o7pccht6,575,portfolio,PageBidGenderExp,1789553896,20,0,0
6c2og0cw,10,yldmtmxh,575,portfolio,PageBidGenderExp,1789553899,20,0,0
6c2og0cw,5,e3o1p3e6,575,portfolio,PageBidGenderExp,1789553909,20,0,0
6c2og0cw,3,ktzkk4b7,575,portfolio,PageBidGenderExp,1789553909,20,0,0
6c2og0cw,1,o7pccht6,576,portfolio,Clearing,1789553909,20,0,1
6c2og0cw,2,xlysi5bz,576,portfolio,Clearing,1789553909,20,0,1
6c2og0cw,3,ktzkk4b7,576,portfolio,Clearing,1789553909,20,0,1
6c2og0cw,4,unt4hlph,576,portfolio,Clearing,1789553909,20,0,1
6c2og0cw,5,e3o1p3e6,576,portfolio,Clearing,1789553909,20,0,1
6c2og0cw,22,ilc2oqlq,575,portfolio,PageBidGenderExp,1789553918,20,0,0
6c2og0cw,22,ilc2oqlq,576,portfolio,Clearing,1789553918,20,0,1
6c2og0cw,23,qcu0td0m,576,portfolio,Clearing,1789553918,20,0,1
6c2og0cw,24,zcjv164s,576,portfolio,Clearing,1789553918,20,0,1
6c2og0cw,25,3g7fmbdb,576,portfolio,Clearing,1789553918,20,0,1
6c2og0cw,21,o4da1gkl,576,portfolio,Clearing,1789553918,20,0,1
6c2og0cw,9,z9zrwosz,575,portfolio,PageBidGenderExp,1789553923,20,0,0
6c2og0cw,6,0nzm25g8,575,portfolio,PageBidGenderExp,1789553937,20,0,0
6c2og0cw,6,0nzm25g8,576,portfolio,Clearing,1789553937,20,0,1
6c2og0cw,7,f8ff6plt,576,portfolio,Clearing,1789553937,20,0,1
6c2og0cw,8,poc3kn08,576,portfolio,Clearing,1789553937,20,0,1
6c2og0cw,9,z9zrwosz,576,portfolio,Clearing,1789553937,20,0,1
6c2og0cw,10,yldmtmxh,576,portfolio,Clearing,1789553937,20,0,1
6c2og0cw,11,bjw1ymg6,575,portfolio,PageBidGenderExp,1789553947,20,0,0
6c2og0cw,11,bjw1ymg6,576,portfolio,Clearing,1789553947,20,0,1
6c2og0cw,12,dxg47gml,576,portfolio,Clearing,1789553947,20,0,1
6c2og0cw,13,t47t8m59,576,portfolio,Clearing,1789553947,20,0,1
6c2og0cw,14,2epyouig,576,portfolio,Clearing,1789553947,20,0,1
6c2og0cw,15,107rd682,576,portfolio,Clearing,1789553947,20,0,1
6c2og0cw,16,6xyzc64h,575,portfolio,PageBidGenderExp,1789553966,20,0,0
6c2og0cw,16,6xyzc64h,576,portfolio,Clearing,1789553966,20,0,1
6c2og0cw,17,566nkyxt,576,portfolio,Clearing,1789553966,20,0,1
6c2og0cw,18,uv69jk1p,576,portfolio,Clearing,1789553966,20,0,1
6c2og0cw,19,thfu25ei,576,portfolio,Clearing,1789553966,20,0,1
6c2og0cw,20,008uq8bs,576,portfolio,Clearing,1789553966,20,0,1
6c2og0cw,2,xlysi5bz,577,portfolio,SyncMarketRound,1789553973,20,0,1
6c2og0cw,23,qcu0td0m,577,portfolio,SyncMarketRound,1789553973,20,0,1
6c2og0cw,16,6xyzc64h,577,portfolio,SyncMarketRound,1789553973,20,0,1
6c2og0cw,3,ktzkk4b7,577,portfolio,SyncMarketRound,1789553973,20,0,1
6c2og0cw,4,unt4hlph,577,portfolio,SyncMarketRound,1789553973,20,0,1
6c2og0cw,24,zcjv164s,577,portfolio,SyncMarketRound,1789553973,20,0,1
6c2og0cw,25,3g7fmbdb,577,portfolio,SyncMarketRound,1789553973,20,0,1
6c2og0cw,9,z9zrwosz,577,portfolio,SyncMarketRound,1789553973,20,0,1
6c2og0cw,10,yldmtmxh,577,portfolio,SyncMarketRound,1789553973,20,0,1
6c2og0cw,11,bjw1ymg6,577,portfolio,SyncMarketRound,1789553973,20,0,1
6c2og0cw,5,e3o1p3e6,577,portfolio,SyncMarketRound,1789553973,20,0,1
6c2og0cw,17,566nkyxt,577,portfolio,SyncMarketRound,1789553973,20,0,1
6c2og0cw,18,uv69jk1p,577,portfolio,SyncMarketRound,1789553973,20,0,1
6c2og0cw,19,thfu25ei,577,portfolio,SyncMarketRound,1789553973,20,0,1
6c2og0cw,20,008uq8bs,577,portfolio,SyncMarketRound,1789553973,20,0,1
6c2og0cw,6,0nzm25g8,577,portfolio,SyncMarketRound,1789553973,20,0,1
6c2og0cw,12,dxg47gml,577,portfolio,SyncMarketRound,1789553973,20,0,1
6c2og0cw,13,t47t8m59,577,portfolio,SyncMarketRound,1789553973,20,0,1
6c2og0cw,14,2epyouig,577,portfolio,SyncMarketRound,1789553973,20,0,1
6c2og0cw,15,107rd682,577,portfolio,SyncMarketRound,1789553973,20,0,1
6c2og0cw,21,o4da1gkl,577,portfolio,SyncMarketRound,1789553973,20,0,1
6c2og0cw,22,ilc2oqlq,577,portfolio,SyncMarketRound,1789553973,20,0,1
6c2og0cw,7,f8ff6plt,577,portfolio,SyncMarketRound,1789553973,20,0,1
6c2og0cw,1,o7pccht6,577,portfolio,SyncMarketRound,1789553973,20,0,1
6c2og0cw,8,poc3kn08,577,portfolio,SyncMarketRound,1789553973,20,0,1
6c2og0cw,18,uv69jk1p,579,portfolio,PageHistoryGenderExp,1789553978,20,0,0
6c2og0cw,9,z9zrwosz,579,portfolio,PageHistoryGenderExp,1789553979,20,0,0
6c2og0cw,22,ilc2oqlq,579,portfolio,PageHistoryGenderExp,1789553980,20,0,0
6c2og0cw,12,dxg47gml,579,portfolio,PageHistoryGenderExp,1789553980,20,0,0
6c2og0cw,18,uv69jk1p,580,portfolio,Results,1789553980,20,0,0
6c2og0cw,16,6xyzc64h,579,portfolio,PageHistoryGenderExp,1789553981,20,0,0
6c2og0cw,2,xlysi5bz,579,portfolio,PageHistoryGenderExp,1789553981,20,0,0
6c2og0cw,3,ktzkk4b7,579,portfolio,PageHistoryGenderExp,1789553981,20,0,0
6c2og0cw,1,o7pccht6,579,portfolio,PageHistoryGenderExp,1789553981,20,0,0
6c2og0cw,13,t47t8m59,579,portfolio,PageHistoryGenderExp,1789553981,20,0,0
6c2og0cw,21,o4da1gkl,579,portfolio,PageHistoryGenderExp,1789553981,20,0,0
6c2og0cw,22,ilc2oqlq,580,portfolio,Results,1789553982,20,0,0
6c2og0cw,25,3g7fmbdb,579,portfolio,PageHistoryGenderExp,1789553982,20,0,0
6c2og0cw,15,107rd682,579,portfolio,PageHistoryGenderExp,1789553982,20,0,0
6c2og0cw,3,ktzkk4b7,580,portfolio,Results,1789553983,20,0,0
6c2og0cw,8,poc3kn08,579,portfolio,PageHistoryGenderExp,1789553983,20,0,0
6c2og0cw,23,qcu0td0m,579,portfolio,PageHistoryGenderExp,1789553983,20,0,0
6c2og0cw,11,bjw1ymg6,579,portfolio,PageHistoryGenderExp,1789553983,20,0,0
6c2og0cw,13,t47t8m59,580,portfolio,Results,1789553983,20,0,0
6c2og0cw,12,dxg47gml,580,portfolio,Results,1789553983,20,0,0
6c2og0cw,2,xlysi5bz,580,portfolio,Results,1789553983,20,0,0
6c2og0cw,19,thfu25ei,579,portfolio,PageHistoryGenderExp,1789553983,20,0,0
6c2og0cw,16,6xyzc64h,580,portfolio,Results,1789553983,20,0,0
6c2og0cw,9,z9zrwosz,580,portfolio,Results,1789553984,20,0,0
6c2og0cw,15,107rd682,580,portfolio,Results,1789553984,20,0,0
6c2og0cw,7,f8ff6plt,579,portfolio,PageHistoryGenderExp,1789553984,20,0,0
6c2og0cw,6,0nzm25g8,579,portfolio,PageHistoryGenderExp,1789553985,20,0,0
6c2og0cw,25,3g7fmbdb,580,portfolio,Results,1789553985,20,0,0
6c2og0cw,23,qcu0td0m,580,portfolio,Results,1789553985,20,0,0
6c2og0cw,24,zcjv164s,579,portfolio,PageHistoryGenderExp,1789553986,20,0,0
6c2og0cw,8,poc3kn08,580,portfolio,Results,1789553986,20,0,0
6c2og0cw,17,566nkyxt,579,portfolio,PageHistoryGenderExp,1789553986,20,0,0
6c2og0cw,21,o4da1gkl,580,portfolio,Results,1789553986,20,0,0
6c2og0cw,7,f8ff6plt,580,portfolio,Results,1789553987,20,0,0
6c2og0cw,19,thfu25ei,580,portfolio,Results,1789553987,20,0,0
6c2og0cw,14,2epyouig,579,portfolio,PageHistoryGenderExp,1789553987,20,0,0
6c2og0cw,11,bjw1ymg6,580,portfolio,Results,1789553987,20,0,0
6c2og0cw,1,o7pccht6,580,portfolio,Results,1789553988,20,0,0
6c2og0cw,24,zcjv164s,580,portfolio,Results,1789553988,20,0,0
6c2og0cw,6,0nzm25g8,580,portfolio,Results,1789553988,20,0,0
6c2og0cw,17,566nkyxt,580,portfolio,Results,1789553988,20,0,0
6c2og0cw,4,unt4hlph,579,portfolio,PageHistoryGenderExp,1789553991,20,0,0
6c2og0cw,14,2epyouig,580,portfolio,Results,1789553992,20,0,0
6c2og0cw,4,unt4hlph,580,portfolio,Results,1789553993,20,0,0
6c2og0cw,20,008uq8bs,579,portfolio,PageHistoryGenderExp,1789553995,20,0,0
6c2og0cw,10,yldmtmxh,579,portfolio,PageHistoryGenderExp,1789553996,20,0,0
6c2og0cw,20,008uq8bs,580,portfolio,Results,1789553997,20,0,0
6c2og0cw,10,yldmtmxh,580,portfolio,Results,1789554000,20,0,0
6c2og0cw,5,e3o1p3e6,579,portfolio,PageHistoryGenderExp,1789554002,20,0,0
6c2og0cw,5,e3o1p3e6,580,portfolio,Results,1789554006,20,0,0
6c2og0cw,16,6xyzc64h,581,survey_ntu,Demographics,1789554036,1,0,0
6c2og0cw,22,ilc2oqlq,581,survey_ntu,Demographics,1789554046,1,0,0
6c2og0cw,16,6xyzc64h,582,survey_ntu,Attitudes,1789554054,1,0,0
6c2og0cw,18,uv69jk1p,581,survey_ntu,Demographics,1789554058,1,0,0
6c2og0cw,16,6xyzc64h,583,survey_ntu,InstructionsDictator,1789554062,1,0,0
6c2og0cw,22,ilc2oqlq,582,survey_ntu,Attitudes,1789554062,1,0,0
6c2og0cw,20,008uq8bs,581,survey_ntu,Demographics,1789554063,1,0,0
6c2og0cw,2,xlysi5bz,581,survey_ntu,Demographics,1789554073,1,0,0
6c2og0cw,20,008uq8bs,582,survey_ntu,Attitudes,1789554082,1,0,0
6c2og0cw,9,z9zrwosz,581,survey_ntu,Demographics,1789554086,1,0,0
6c2og0cw,4,unt4hlph,581,survey_ntu,Demographics,1789554089,1,0,0
6c2og0cw,16,6xyzc64h,584,survey_ntu,Dictator,1789554093,1,0,0
6c2og0cw,18,uv69jk1p,582,survey_ntu,Attitudes,1789554094,1,0,0
6c2og0cw,22,ilc2oqlq,583,survey_ntu,InstructionsDictator,1789554098,1,0,0
6c2og0cw,18,uv69jk1p,583,survey_ntu,InstructionsDictator,1789554098,1,0,0
6c2og0cw,1,o7pccht6,581,survey_ntu,Demographics,1789554100,1,0,0
6c2og0cw,18,uv69jk1p,584,survey_ntu,Dictator,1789554102,1,0,0
6c2og0cw,22,ilc2oqlq,584,survey_ntu,Dictator,1789554105,1,0,0
6c2og0cw,12,dxg47gml,581,survey_ntu,Demographics,1789554105,1,0,0
6c2og0cw,4,unt4hlph,582,survey_ntu,Attitudes,1789554114,1,0,0
6c2og0cw,2,xlysi5bz,582,survey_ntu,Attitudes,1789554116,1,0,0
6c2og0cw,2,xlysi5bz,583,survey_ntu,InstructionsDictator,1789554119,1,0,0
6c2og0cw,17,566nkyxt,581,survey_ntu,Demographics,1789554121,1,0,0
6c2og0cw,9,z9zrwosz,582,survey_ntu,Attitudes,1789554122,1,0,0
6c2og0cw,20,008uq8bs,583,survey_ntu,InstructionsDictator,1789554123,1,0,0
6c2og0cw,2,xlysi5bz,584,survey_ntu,Dictator,1789554124,1,0,0
6c2og0cw,1,o7pccht6,582,survey_ntu,Attitudes,1789554125,1,0,0
6c2og0cw,3,ktzkk4b7,581,survey_ntu,Demographics,1789554126,1,0,0
6c2og0cw,4,unt4hlph,583,survey_ntu,InstructionsDictator,1789554126,1,0,0
6c2og0cw,20,008uq8bs,584,survey_ntu,Dictator,1789554134,1,0,0
6c2og0cw,12,dxg47gml,582,survey_ntu,Attitudes,1789554137,1,0,0
6c2og0cw,1,o7pccht6,583,survey_ntu,InstructionsDictator,1789554141,1,0,0
6c2og0cw,17,566nkyxt,582,survey_ntu,Attitudes,1789554145,1,0,0
6c2og0cw,4,unt4hlph,584,survey_ntu,Dictator,1789554146,1,0,0
6c2og0cw,11,bjw1ymg6,581,survey_ntu,Demographics,1789554159,1,0,0
6c2og0cw,1,o7pccht6,584,survey_ntu,Dictator,1789554164,1,0,0
6c2og0cw,3,ktzkk4b7,582,survey_ntu,Attitudes,1789554166,1,0,0
6c2og0cw,8,poc3kn08,581,survey_ntu,Demographics,1789554171,1,0,0
6c2og0cw,19,thfu25ei,581,survey_ntu,Demographics,1789554190,1,0,0
6c2og0cw,17,566nkyxt,583,survey_ntu,InstructionsDictator,1789554191,1,0,0
6c2og0cw,12,dxg47gml,583,survey_ntu,InstructionsDictator,1789554191,1,0,0
6c2og0cw,24,zcjv164s,581,survey_ntu,Demographics,1789554191,1,0,0
6c2og0cw,23,qcu0td0m,581,survey_ntu,Demographics,1789554192,1,0,0
6c2og0cw,8,poc3kn08,582,survey_ntu,Attitudes,1789554199,1,0,0
6c2og0cw,3,ktzkk4b7,583,survey_ntu,InstructionsDictator,1789554202,1,0,0
6c2og0cw,21,o4da1gkl,581,survey_ntu,Demographics,1789554206,1,0,0
6c2og0cw,9,z9zrwosz,583,survey_ntu,InstructionsDictator,1789554208,1,0,0
6c2og0cw,3,ktzkk4b7,584,survey_ntu,Dictator,1789554217,1,0,0
6c2og0cw,11,bjw1ymg6,582,survey_ntu,Attitudes,1789554221,1,0,0
6c2og0cw,12,dxg47gml,584,survey_ntu,Dictator,1789554222,1,0,0
6c2og0cw,8,poc3kn08,583,survey_ntu,InstructionsDictator,1789554222,1,0,0
6c2og0cw,23,qcu0td0m,582,survey_ntu,Attitudes,1789554224,1,0,0
6c2og0cw,24,zcjv164s,582,survey_ntu,Attitudes,1789554225,1,0,0
6c2og0cw,14,2epyouig,581,survey_ntu,Demographics,1789554227,1,0,0
6c2og0cw,15,107rd682,581,survey_ntu,Demographics,1789554230,1,0,0
6c2og0cw,19,thfu25ei,582,survey_ntu,Attitudes,1789554234,1,0,0
6c2og0cw,6,0nzm25g8,581,survey_ntu,Demographics,1789554236,1,0,0
6c2og0cw,5,e3o1p3e6,581,survey_ntu,Demographics,1789554237,1,0,0
6c2og0cw,21,o4da1gkl,582,survey_ntu,Attitudes,1789554238,1,0,0
6c2og0cw,24,zcjv164s,583,survey_ntu,InstructionsDictator,1789554240,1,0,0
6c2og0cw,8,poc3kn08,584,survey_ntu,Dictator,1789554241,1,0,0
6c2og0cw,23,qcu0td0m,583,survey_ntu,InstructionsDictator,1789554241,1,0,0
6c2og0cw,17,566nkyxt,584,survey_ntu,Dictator,1789554244,1,0,0
6c2og0cw,9,z9zrwosz,584,survey_ntu,Dictator,1789554246,1,0,0
6c2og0cw,11,bjw1ymg6,583,survey_ntu,InstructionsDictator,1789554255,1,0,0
6c2og0cw,24,zcjv164s,584,survey_ntu,Dictator,1789554258,1,0,0
6c2og0cw,23,qcu0td0m,584,survey_ntu,Dictator,1789554262,1,0,0
6c2og0cw,21,o4da1gkl,583,survey_ntu,InstructionsDictator,1789554262,1,0,0
6c2og0cw,10,yldmtmxh,581,survey_ntu,Demographics,1789554262,1,0,0
6c2og0cw,14,2epyouig,582,survey_ntu,Attitudes,1789554263,1,0,0
6c2og0cw,5,e3o1p3e6,582,survey_ntu,Attitudes,1789554266,1,0,0
6c2og0cw,21,o4da1gkl,584,survey_ntu,Dictator,1789554271,1,0,0
6c2og0cw,15,107rd682,582,survey_ntu,Attitudes,1789554272,1,0,0
6c2og0cw,11,bjw1ymg6,584,survey_ntu,Dictator,1789554276,1,0,0
6c2og0cw,19,thfu25ei,583,survey_ntu,InstructionsDictator,1789554277,1,0,0
6c2og0cw,7,f8ff6plt,581,survey_ntu,Demographics,1789554279,1,0,0
6c2og0cw,14,2epyouig,583,survey_ntu,InstructionsDictator,1789554285,1,0,0
6c2og0cw,19,thfu25ei,584,survey_ntu,Dictator,1789554293,1,0,0
6c2og0cw,14,2epyouig,584,survey_ntu,Dictator,1789554294,1,0,0
6c2og0cw,25,3g7fmbdb,581,survey_ntu,Demographics,1789554298,1,0,0
6c2og0cw,15,107rd682,583,survey_ntu,InstructionsDictator,1789554299,1,0,0
6c2og0cw,5,e3o1p3e6,583,survey_ntu,InstructionsDictator,1789554300,1,0,0
6c2og0cw,7,f8ff6plt,582,survey_ntu,Attitudes,1789554304,1,0,0
6c2og0cw,15,107rd682,584,survey_ntu,Dictator,1789554305,1,0,0
6c2og0cw,5,e3o1p3e6,584,survey_ntu,Dictator,1789554313,1,0,0
6c2og0cw,25,3g7fmbdb,582,survey_ntu,Attitudes,1789554319,1,0,0
6c2og0cw,7,f8ff6plt,583,survey_ntu,InstructionsDictator,1789554321,1,0,0
6c2og0cw,10,yldmtmxh,582,survey_ntu,Attitudes,1789554330,1,0,0
6c2og0cw,6,0nzm25g8,582,survey_ntu,Attitudes,1789554331,1,0,0
6c2og0cw,13,t47t8m59,581,survey_ntu,Demographics,1789554331,1,0,0
6c2og0cw,7,f8ff6plt,584,survey_ntu,Dictator,1789554332,1,0,0
6c2og0cw,25,3g7fmbdb,583,survey_ntu,InstructionsDictator,1789554353,1,0,0
6c2og0cw,13,t47t8m59,582,survey_ntu,Attitudes,1789554358,1,0,0
6c2og0cw,10,yldmtmxh,583,survey_ntu,InstructionsDictator,1789554369,1,0,0
6c2og0cw,13,t47t8m59,583,survey_ntu,InstructionsDictator,1789554372,1,0,0
6c2og0cw,25,3g7fmbdb,584,survey_ntu,Dictator,1789554374,1,0,0
6c2og0cw,6,0nzm25g8,583,survey_ntu,InstructionsDictator,1789554379,1,0,0
6c2og0cw,10,yldmtmxh,584,survey_ntu,Dictator,1789554388,1,0,0
6c2og0cw,13,t47t8m59,584,survey_ntu,Dictator,1789554392,1,0,0
6c2og0cw,6,0nzm25g8,584,survey_ntu,Dictator,1789554405,1,0,0
6c2og0cw,9,z9zrwosz,585,FinalPage,PairingWaitPage,1789554405,1,0,1
6c2og0cw,16,6xyzc64h,585,FinalPage,PairingWaitPage,1789554405,1,0,1
6c2og0cw,12,dxg47gml,585,FinalPage,PairingWaitPage,1789554405,1,0,1
6c2og0cw,15,107rd682,585,FinalPage,PairingWaitPage,1789554405,1,0,1
6c2og0cw,14,2epyouig,585,FinalPage,PairingWaitPage,1789554405,1,0,1
6c2og0cw,21,o4da1gkl,585,FinalPage,PairingWaitPage,1789554405,1,0,1
6c2og0cw,24,zcjv164s,585,FinalPage,PairingWaitPage,1789554405,1,0,1
6c2og0cw,1,o7pccht6,585,FinalPage,PairingWaitPage,1789554405,1,0,1
6c2og0cw,4,unt4hlph,585,FinalPage,PairingWaitPage,1789554405,1,0,1
6c2og0cw,10,yldmtmxh,585,FinalPage,PairingWaitPage,1789554405,1,0,1
6c2og0cw,2,xlysi5bz,585,FinalPage,PairingWaitPage,1789554405,1,0,1
6c2og0cw,23,qcu0td0m,585,FinalPage,PairingWaitPage,1789554405,1,0,1
6c2og0cw,22,ilc2oqlq,585,FinalPage,PairingWaitPage,1789554405,1,0,1
6c2og0cw,6,0nzm25g8,585,FinalPage,PairingWaitPage,1789554405,1,0,1
6c2og0cw,5,e3o1p3e6,585,FinalPage,PairingWaitPage,1789554405,1,0,1
6c2og0cw,18,uv69jk1p,585,FinalPage,PairingWaitPage,1789554405,1,0,1
6c2og0cw,19,thfu25ei,585,FinalPage,PairingWaitPage,1789554405,1,0,1
6c2og0cw,8,poc3kn08,585,FinalPage,PairingWaitPage,1789554405,1,0,1
6c2og0cw,13,t47t8m59,585,FinalPage,PairingWaitPage,1789554405,1,0,1
6c2og0cw,17,566nkyxt,585,FinalPage,PairingWaitPage,1789554405,1,0,1
6c2og0cw,7,f8ff6plt,585,FinalPage,PairingWaitPage,1789554405,1,0,1
6c2og0cw,11,bjw1ymg6,585,FinalPage,PairingWaitPage,1789554405,1,0,1
6c2og0cw,3,ktzkk4b7,585,FinalPage,PairingWaitPage,1789554405,1,0,1
6c2og0cw,20,008uq8bs,585,FinalPage,PairingWaitPage,1789554405,1,0,1
6c2og0cw,25,3g7fmbdb,585,FinalPage,PairingWaitPage,1789554405,1,0,1
6c2og0cw,13,t47t8m59,586,FinalPage,Results,1789554414,1,0,0
6c2og0cw,18,uv69jk1p,586,FinalPage,Results,1789554421,1,0,0
6c2og0cw,21,o4da1gkl,586,FinalPage,Results,1789554421,1,0,0
6c2og0cw,16,6xyzc64h,586,FinalPage,Results,1789554421,1,0,0
6c2og0cw,6,0nzm25g8,586,FinalPage,Results,1789554424,1,0,0
6c2og0cw,1,o7pccht6,586,FinalPage,Results,1789554425,1,0,0
6c2og0cw,25,3g7fmbdb,586,FinalPage,Results,1789554426,1,0,0
6c2og0cw,4,unt4hlph,586,FinalPage,Results,1789554426,1,0,0
6c2og0cw,2,xlysi5bz,586,FinalPage,Results,1789554431,1,0,0
6c2og0cw,12,dxg47gml,586,FinalPage,Results,1789554431,1,0,0
6c2og0cw,5,e3o1p3e6,586,FinalPage,Results,1789554432,1,0,0
6c2og0cw,22,ilc2oqlq,586,FinalPage,Results,1789554434,1,0,0
6c2og0cw,17,566nkyxt,586,FinalPage,Results,1789554435,1,0,0
6c2og0cw,8,poc3kn08,586,FinalPage,Results,1789554437,1,0,0
6c2og0cw,23,qcu0td0m,586,FinalPage,Results,1789554443,1,0,0
6c2og0cw,3,ktzkk4b7,586,FinalPage,Results,1789554443,1,0,0
6c2og0cw,20,008uq8bs,586,FinalPage,Results,1789554451,1,0,0
6c2og0cw,7,f8ff6plt,586,FinalPage,Results,1789554451,1,0,0
6c2og0cw,24,zcjv164s,586,FinalPage,Results,1789554455,1,0,0
6c2og0cw,10,yldmtmxh,586,FinalPage,Results,1789554463,1,0,0
6c2og0cw,19,thfu25ei,586,FinalPage,Results,1789554464,1,0,0
6c2og0cw,15,107rd682,586,FinalPage,Results,1789554494,1,0,0
6c2og0cw,11,bjw1ymg6,586,FinalPage,Results,1789554495,1,0,0
6c2og0cw,14,2epyouig,586,FinalPage,Results,1789554495,1,0,0
6c2og0cw,9,z9zrwosz,586,FinalPage,Results,1789554504,1,0,0
