participant.id_in_session,participant.code,participant.label,participant._is_bot,participant._index_in_pages,participant._max_page_index,participant._current_app_name,participant._current_page_name,participant.time_started_utc,participant.visited,participant.mturk_worker_id,participant.mturk_assignment_id,participant.payoff,player.id_in_group,player.role,player.payoff,player.treatment,player.dyn_stock,player.dyn_bond,player.dyn_wealth,player.mgr_p1,player.mgr_p2,player.quiz_down,player.quiz_up,player.quiz_chance,player.quiz_median,player.quiz_above,player.quiz_risk_attempts,player.quiz_market_attempts,player.bid_l,player.bid_r,player.bid_exp,player.bid_no,player.belief_inv_exp,player.belief_price_exp,player.belief_others_inv_exp,player.belief_others_price_exp,player.belief_inv_no,player.belief_price_no,player.belief_others_inv_no,player.belief_others_price_no,player.belief_inv_l,player.belief_price_l,player.belief_others_inv_l,player.belief_others_price_l,player.belief_inv_r,player.belief_price_r,player.belief_others_inv_r,player.belief_others_price_r,player.allocation_to_pay,player.market_pair_to_pay,player.rounds_to_pay,player.belief_pages_to_pay,player.task1_points,player.allocation_points,player.market_points,player.final_payoff_points,player.all_beliefs_payoff_points,player.beliefs_correct,player.trade_l,player.trade_r,player.trade_exp,player.trade_no,group.id_in_subsession,group.price_l,group.price_r,group.p1_left_is_exp,group.p2_left_is_mgr_a,group.price_exp,group.price_no,group.value_exp,group.value_no,group.value_left_gender,group.value_right_gender,group.state_left,group.state_right,group.x_exp,group.x_no,group.x_a,group.x_b,group.mean_exp,group.mean_no,group.mean_a,group.mean_b,subsession.round_number,session.code,session.label,session.mturk_HITId,session.mturk_HITGroupId,session.comment,session.is_demo
1,qvfebldb,,0,587,587,FinalPage,ThankYou,2026-09-16 05:16:27.267099,1,,,500.0,1,,0.0,M_exp_W_exp,100,0,"{""w0"":100,""wu"":200,""wd"":50}",10,,R/2 + (100 - R),2*R + (100 - R),50%,The median of all submitted prices,Buy one more share,0,0,,,400,200,150,350.0,150,400.0,50,250.0,50,300.0,,,,,,,,,1,1,"1, 3",4,0.0,0.0,0.0,0.0,0.0,0,0,0,0,1,1,0.0,0.0,1,0,400.0,120.0,75.0,170.0,50.0,200.0,Down,Up,50,70,100,100,55.8743961352657,52.10828025477707,58.87378640776699,52.90384615384615,1,5ogs5ura,,,,,0
2,vbjq2y24,,0,587,587,FinalPage,ThankYou,2026-09-16 05:16:27.586302,1,,,888.89,2,,0.0,M_exp_W_exp,100,0,"{""w0"":100,""wu"":200,""wd"":50}",0,,R/2 + (100 - R),2*R + (100 - R),50%,The median of all submitted prices,Buy one more share,0,0,,,120,100,180,150.0,150,150.0,100,120.0,100,110.0,,,,,,,,,1,1,"1, 3",4,0.0,0.0,0.0,0.0,0.0,0,0,0,-1,-1,1,0.0,0.0,1,0,400.0,120.0,75.0,170.0,50.0,200.0,Down,Up,50,70,100,100,55.8743961352657,52.10828025477707,58.87378640776699,52.90384615384615,1,5ogs5ura,,,,,0
3,fjbh3h2b,,0,587,587,FinalPage,ThankYou,2026-09-16 05:16:27.633391,1,,,1277.78,3,,0.0,M_exp_W_exp,60,40,"{""w0"":100,""wu"":160,""wd"":70}",40,,R/2 + (100 - R),2*R + (100 - R),50%,The median of all submitted prices,Buy one more share,0,0,,,130,120,115,132.5,110,130.0,85,115.5,90,120.0,,,,,,,,,1,1,"1, 3",4,0.0,0.0,0.0,0.0,0.0,0,0,0,-1,0,1,0.0,0.0,1,0,400.0,120.0,75.0,170.0,50.0,200.0,Down,Up,50,70,100,100,55.8743961352657,52.10828025477707,58.87378640776699,52.90384615384615,1,5ogs5ura,,,,,0
4,j0v5am99,,0,587,587,FinalPage,ThankYou,2026-09-16 05:16:28.512590,1,,,55.56,4,,0.0,M_exp_W_exp,25,75,"{""w0"":100,""wu"":125,""wd"":88}",20,,R/2 + (100 - R),2*R + (100 - R),50%,The median of all submitted prices,Buy one more share,0,0,,,450,150,150,500.0,160,500.0,120,380.0,110,350.0,,,,,,,,,1,1,"1, 3",4,0.0,0.0,0.0,0.0,0.0,0,0,0,1,1,1,0.0,0.0,1,0,400.0,120.0,75.0,170.0,50.0,200.0,Down,Up,50,70,100,100,55.8743961352657,52.10828025477707,58.87378640776699,52.90384615384615,1,5ogs5ura,,,,,0
5,wz4uvd97,,0,587,587,FinalPage,ThankYou,2026-09-16 05:16:28.547078,1,,,722.22,5,,0.0,M_exp_W_exp,55,45,"{""w0"":100,""wu"":155,""wd"":73}",25,,R/2 + (100 - R),2*R + (100 - R),50%,The median of all submitted prices,Buy one more share,1,0,,,500,100,80,450.0,97,300.0,120,400.0,125,400.0,,,,,,,,,1,1,"1, 3",4,0.0,0.0,0.0,0.0,0.0,0,0,0,1,-1,1,0.0,0.0,1,0,400.0,120.0,75.0,170.0,50.0,200.0,Down,Up,50,70,100,100,55.8743961352657,52.10828025477707,58.87378640776699,52.90384615384615,1,5ogs5ura,,,,,0
6,bw46f79x,,0,587,587,FinalPage,ThankYou,2026-09-16 05:16:28.718813,1,,,944.44,1,,0.0,M_exp_W_exp,200,-100,"{""w0"":100,""wu"":300,""wd"":0}",51,,R/2 + (100 - R),2*R + (100 - R),50%,The median of all submitted prices,Buy one more share,0,0,,,110,150,30,120.0,10,120.0,130,100.0,180,70.0,,,,,,,,,1,1,"1, 3",4,0.0,0.0,0.0,0.0,0.0,0,0,0,-1,1,2,0.0,0.0,0,0,135.0,115.0,150.0,120.0,150.0,175.0,Up,Up,50,20,75,50,55.8743961352657,52.10828025477707,58.87378640776699,52.90384615384615,1,5ogs5ura,,,,,0
7,42qlc5nb,,0,587,587,FinalPage,ThankYou,2026-09-16 05:16:28.741028,1,,,888.89,2,,0.0,M_exp_W_exp,60,40,"{""w0"":100,""wu"":160,""wd"":70}",80,,R/2 + (100 - R),2*R + (100 - R),50%,The median of all submitted prices,Buy one more share,0,0,,,50,10,150,400.0,100,300.0,50,200.0,100,300.0,,,,,,,,,1,1,"1, 3",4,0.0,0.0,0.0,0.0,0.0,0,0,0,-1,-1,2,0.0,0.0,0,0,135.0,115.0,150.0,120.0,150.0,175.0,Up,Up,50,20,75,50,55.8743961352657,52.10828025477707,58.87378640776699,52.90384615384615,1,5ogs5ura,,,,,0
8,jw6ngkbn,,0,587,587,FinalPage,ThankYou,2026-09-16 05:16:28.756835,1,,,1166.67,3,,0.0,M_exp_W_exp,200,-100,"{""w0"":100,""wu"":300,""wd"":0}",75,,R/2 + (100 - R),2*R + (100 - R),50%,The median of all submitted prices,Buy one more share,0,0,,,135,115,130,135.0,115,130.0,70,115.0,60,105.0,,,,,,,,,1,1,"1, 3",4,0.0,0.0,0.0,0.0,0.0,0,0,0,0,0,2,0.0,0.0,0,0,135.0,115.0,150.0,120.0,150.0,175.0,Up,Up,50,20,75,50,55.8743961352657,52.10828025477707,58.87378640776699,52.90384615384615,1,5ogs5ura,,,,,0
9,booloaq9,,0,587,587,FinalPage,ThankYou,2026-09-16 05:16:28.796456,1,,,944.44,4,,0.0,M_exp_W_exp,50,50,"{""w0"":100,""wu"":150,""wd"":75}",80,,R/2 + (100 - R),2*R + (100 - R),50%,The median of all submitted prices,Buy one more share,0,0,,,399,201,51,401.0,51,401.0,99,301.0,99,301.0,,,,,,,,,1,1,"1, 3",4,0.0,0.0,0.0,0.0,0.0,0,0,0,1,1,2,0.0,0.0,0,0,135.0,115.0,150.0,120.0,150.0,175.0,Up,Up,50,20,75,50,55.8743961352657,52.10828025477707,58.87378640776699,52.90384615384615,1,5ogs5ura,,,,,0
10,2pc7nfit,,0,587,587,FinalPage,ThankYou,2026-09-16 05:16:28.842084,1,,,833.33,5,,0.0,M_exp_W_exp,80,20,"{""w0"":100,""wu"":180,""wd"":60}",80,,R/2 + (100 - R),2*R + (100 - R),50%,The median of all submitted prices,Buy one more share,0,0,,,500,100,160,480.0,120,365.0,40,120.0,80,240.0,,,,,,,,,1,1,"1, 3",4,0.0,0.0,0.0,0.0,0.0,0,0,0,1,-1,2,0.0,0.0,0,0,135.0,115.0,150.0,120.0,150.0,175.0,Up,Up,50,20,75,50,55.8743961352657,52.10828025477707,58.87378640776699,52.90384615384615,1,5ogs5ura,,,,,0
11,t7rx3zw3,,0,587,587,FinalPage,ThankYou,2026-09-16 05:16:28.859938,1,,,944.44,1,,0.0,M_exp_W_exp,50,50,"{""w0"":100,""wu"":150,""wd"":75}",70,,R/2 + (100 - R),2*R + (100 - R),50%,The median of all submitted prices,Buy one more share,0,0,,,140,110,100,120.0,100,125.0,100,113.0,50,115.0,,,,,,,,,1,1,"1, 3",4,0.0,0.0,0.0,0.0,0.0,0,0,0,-1,0,3,0.0,0.0,0,0,300.0,110.0,115.0,85.0,87.5,150.0,Down,Up,15,30,50,25,55.8743961352657,52.10828025477707,58.87378640776699,52.90384615384615,1,5ogs5ura,,,,,0
12,p48n4bh0,,0,587,587,FinalPage,ThankYou,2026-09-16 05:16:28.869908,1,,,666.67,2,,0.0,M_exp_W_exp,50,50,"{""w0"":100,""wu"":150,""wd"":75}",80,,R/2 + (100 - R),2*R + (100 - R),50%,The median of all submitted prices,Buy one more share,0,0,,,300,50,150,450.0,150,400.0,50,200.0,50,200.0,,,,,,,,,1,1,"1, 3",4,0.0,0.0,0.0,0.0,0.0,0,0,0,0,-1,3,0.0,0.0,0,0,300.0,110.0,115.0,85.0,87.5,150.0,Down,Up,15,30,50,25,55.8743961352657,52.10828025477707,58.87378640776699,52.90384615384615,1,5ogs5ura,,,,,0
13,folcs8ow,,0,587,587,FinalPage,ThankYou,2026-09-16 05:16:28.891871,1,,,944.44,3,,0.0,M_exp_W_exp,50,50,"{""w0"":100,""wu"":150,""wd"":75}",70,,R/2 + (100 - R),2*R + (100 - R),50%,The median of all submitted prices,Buy one more share,0,0,,,125,90,60,120.0,60,120.0,60,100.0,60,100.0,,,,,,,,,1,1,"1, 3",4,0.0,0.0,0.0,0.0,0.0,0,0,0,-1,-1,3,0.0,0.0,0,0,300.0,110.0,115.0,85.0,87.5,150.0,Down,Up,15,30,50,25,55.8743961352657,52.10828025477707,58.87378640776699,52.90384615384615,1,5ogs5ura,,,,,0
14,cfp8kvc9,,0,587,587,FinalPage,ThankYou,2026-09-16 05:16:28.907618,1,,,166.67,4,,0.0,M_exp_W_exp,50,50,"{""w0"":100,""wu"":150,""wd"":75}",70,,R/2 + (100 - R),2*R + (100 - R),50%,The median of all submitted prices,Buy one more share,0,0,,,350,250,120,400.0,150,550.0,80,300.0,100,400.0,,,,,,,,,1,1,"1, 3",4,0.0,0.0,0.0,0.0,0.0,0,0,0,1,1,3,0.0,0.0,0,0,300.0,110.0,115.0,85.0,87.5,150.0,Down,Up,15,30,50,25,55.8743961352657,52.10828025477707,58.87378640776699,52.90384615384615,1,5ogs5ura,,,,,0
15,tt26hkpl,,0,587,587,FinalPage,ThankYou,2026-09-16 05:16:29.004337,1,,,222.22,5,,0.0,M_exp_W_exp,200,-100,"{""w0"":100,""wu"":300,""wd"":0}",70,,R/2 + (100 - R),2*R + (100 - R),50%,The median of all submitted prices,Buy one more share,0,0,,,301,299,100,301.0,100,300.0,50,300.0,50,300.0,,,,,,,,,1,1,"1, 3",4,0.0,0.0,0.0,0.0,0.0,0,0,0,1,1,3,0.0,0.0,0,0,300.0,110.0,115.0,85.0,87.5,150.0,Down,Up,15,30,50,25,55.8743961352657,52.10828025477707,58.87378640776699,52.90384615384615,1,5ogs5ura,,,,,0
16,jfy8jxqv,,0,587,587,FinalPage,ThankYou,2026-09-16 05:16:28.995970,1,,,888.89,1,,0.0,M_exp_W_exp,100,0,"{""w0"":100,""wu"":200,""wd"":50}",30,,R/2 + (100 - R),2*R + (100 - R),50%,The median of all submitted prices,Buy one more share,0,0,,,200,50,100,400.0,100,450.0,50,100.0,50,150.0,,,,,,,,,1,1,"1, 3",4,0.0,0.0,0.0,0.0,0.0,0,0,0,1,-1,4,0.0,0.0,0,1,150.0,100.0,75.0,200.0,120.0,75.0,Up,Down,50,100,20,50,55.8743961352657,52.10828025477707,58.87378640776699,52.90384615384615,1,5ogs5ura,,,,,0
17,eveqm1ww,,0,587,587,FinalPage,ThankYou,2026-09-16 05:16:29.059992,1,,,611.11,2,,0.0,M_exp_W_exp,25,75,"{""w0"":100,""wu"":125,""wd"":88}",70,,R/2 + (100 - R),2*R + (100 - R),50%,The median of all submitted prices,Buy one more share,0,0,,,347,100,150,400.0,150,450.0,50,200.0,50,150.0,,,,,,,,,1,1,"1, 3",4,0.0,0.0,0.0,0.0,0.0,0,0,0,1,0,4,0.0,0.0,0,1,150.0,100.0,75.0,200.0,120.0,75.0,Up,Down,50,100,20,50,55.8743961352657,52.10828025477707,58.87378640776699,52.90384615384615,1,5ogs5ura,,,,,0
18,1dtln5rg,,0,587,587,FinalPage,ThankYou,2026-09-16 05:16:29.088262,1,,,1388.89,3,,0.0,M_exp_W_exp,200,-100,"{""w0"":100,""wu"":300,""wd"":0}",85,,R/2 + (100 - R),2*R + (100 - R),50%,The median of all submitted prices,Buy one more share,0,0,,,125,125,100,125.0,100,125.0,100,125.0,100,125.0,,,,,,,,,1,1,"1, 3",4,0.0,0.0,0.0,0.0,0.0,0,0,0,-1,1,4,0.0,0.0,0,1,150.0,100.0,75.0,200.0,120.0,75.0,Up,Down,50,100,20,50,55.8743961352657,52.10828025477707,58.87378640776699,52.90384615384615,1,5ogs5ura,,,,,0
19,5ltpvdck,,0,587,587,FinalPage,ThankYou,2026-09-16 05:16:29.095601,1,,,500.0,4,,0.0,M_exp_W_exp,-100,200,"{""w0"":100,""wu"":0,""wd"":150}",70,,R/2 + (100 - R),2*R + (100 - R),50%,The median of all submitted prices,Buy one more share,0,0,,,150,100,130,250.0,100,200.0,170,200.0,170,300.0,,,,,,,,,1,1,"1, 3",4,0.0,0.0,0.0,0.0,0.0,0,0,0,0,-1,4,0.0,0.0,0,1,150.0,100.0,75.0,200.0,120.0,75.0,Up,Down,50,100,20,50,55.8743961352657,52.10828025477707,58.87378640776699,52.90384615384615,1,5ogs5ura,,,,,0
20,ic1ocjv5,,0,587,587,FinalPage,ThankYou,2026-09-16 05:16:30.086752,1,,,1222.22,5,,0.0,M_exp_W_exp,200,-100,"{""w0"":100,""wu"":300,""wd"":0}",50,,R/2 + (100 - R),2*R + (100 - R),50%,The median of all submitted prices,Buy one more share,0,0,,,125,125,100,125.0,110,130.0,100,125.0,90,120.0,,,,,,,,,1,1,"1, 3",4,0.0,0.0,0.0,0.0,0.0,0,0,0,-1,1,4,0.0,0.0,0,1,150.0,100.0,75.0,200.0,120.0,75.0,Up,Down,50,100,20,50,55.8743961352657,52.10828025477707,58.87378640776699,52.90384615384615,1,5ogs5ura,,,,,0
21,zd9eakrm,,0,587,587,FinalPage,ThankYou,2026-09-16 05:16:29.456622,1,,,722.22,1,,0.0,M_exp_W_exp,50,50,"{""w0"":100,""wu"":150,""wd"":75}",100,,R/2 + (100 - R),2*R + (100 - R),50%,The median of all submitted prices,Buy one more share,1,3,,,120,95,110,125.0,100,130.0,60,100.0,50,130.0,,,,,,,,,1,1,"1, 3",4,0.0,0.0,0.0,0.0,0.0,0,0,0,-1,-1,5,0.0,0.0,0,0,125.0,125.0,92.5,175.0,150.0,80.0,Up,Down,15,75,40,50,55.8743961352657,52.10828025477707,58.87378640776699,52.90384615384615,1,5ogs5ura,,,,,0
22,8tpz5m2a,,0,587,587,FinalPage,ThankYou,2026-09-16 05:16:29.516011,1,,,722.22,2,,0.0,M_exp_W_exp,60,40,"{""w0"":100,""wu"":160,""wd"":70}",60,,R/2 + (100 - R),2*R + (100 - R),50%,The median of all submitted prices,Buy one more share,0,0,,,1,1,150,400.0,150,400.0,100,200.0,100,200.0,,,,,,,,,1,1,"1, 3",4,0.0,0.0,0.0,0.0,0.0,0,0,0,-1,-1,5,0.0,0.0,0,0,125.0,125.0,92.5,175.0,150.0,80.0,Up,Down,15,75,40,50,55.8743961352657,52.10828025477707,58.87378640776699,52.90384615384615,1,5ogs5ura,,,,,0
23,wfmdx2nb,,0,587,587,FinalPage,ThankYou,2026-09-16 05:16:29.865656,1,,,833.33,3,,0.0,M_exp_W_exp,100,0,"{""w0"":100,""wu"":200,""wd"":50}",74,,R/2 + (100 - R),2*R + (100 - R),50%,The median of all submitted prices,Buy one more share,0,0,,,125,125,100,300.0,100,300.0,100,300.0,100,300.0,,,,,,,,,1,1,"1, 3",4,0.0,0.0,0.0,0.0,0.0,0,0,0,0,0,5,0.0,0.0,0,0,125.0,125.0,92.5,175.0,150.0,80.0,Up,Down,15,75,40,50,55.8743961352657,52.10828025477707,58.87378640776699,52.90384615384615,1,5ogs5ura,,,,,0
24,y40upi5t,,0,587,587,FinalPage,ThankYou,2026-09-16 05:16:29.980971,1,,,944.44,4,,0.0,M_exp_W_exp,40,60,"{""w0"":100,""wu"":140,""wd"":80}",40,,R/2 + (100 - R),2*R + (100 - R),50%,The median of all submitted prices,Buy one more share,0,0,,,250,350,90,540.0,150,400.0,120,400.0,100,200.0,,,,,,,,,1,1,"1, 3",4,0.0,0.0,0.0,0.0,0.0,0,0,0,1,1,5,0.0,0.0,0,0,125.0,125.0,92.5,175.0,150.0,80.0,Up,Down,15,75,40,50,55.8743961352657,52.10828025477707,58.87378640776699,52.90384615384615,1,5ogs5ura,,,,,0
25,s6nkestj,,0,587,587,FinalPage,ThankYou,2026-09-16 05:16:30.425302,1,,,833.33,5,,0.0,M_exp_W_exp,80,20,"{""w0"":100,""wu"":180,""wd"":60}",80,,R/2 + (100 - R),2*R + (100 - R),50%,The median of all submitted prices,Buy one more share,0,0,,,350,150,170,400.0,65,350.0,40,200.0,45,150.0,,,,,,,,,1,1,"1, 3",4,0.0,0.0,0.0,0.0,0.0,0,0,0,1,1,5,0.0,0.0,0,0,125.0,125.0,92.5,175.0,150.0,80.0,Up,Down,15,75,40,50,55.8743961352657,52.10828025477707,58.87378640776699,52.90384615384615,1,5ogs5ura,,,,,0
1,qvfebldb,,0,587,587,FinalPage,ThankYou,2026-09-16 05:16:27.267099,1,,,500.0,1,,0.0,M_exp_W_exp,,,,,,,,,,,0,0,,,356,243,,,,,,,,,,,,,,,,,1,1,"1, 3",4,0.0,0.0,0.0,0.0,0.0,0,0,0,-1,1,1,0.0,0.0,1,0,380.0,115.0,75.0,170.0,50.0,200.0,Down,Up,50,70,100,100,55.8743961352657,52.10828025477707,58.87378640776699,52.90384615384615,2,5ogs5ura,,,,,0
2,vbjq2y24,,0,587,587,FinalPage,ThankYou,2026-09-16 05:16:27.586302,1,,,888.89,2,,0.0,M_exp_W_exp,,,,,,,,,,,0,0,,,380,110,,,,,,,,,,,,,,,,,1,1,"1, 3",4,0.0,0.0,0.0,0.0,0.0,0,0,0,0,-1,1,0.0,0.0,1,0,380.0,115.0,75.0,170.0,50.0,200.0,Down,Up,50,70,100,100,55.8743961352657,52.10828025477707,58.87378640776699,52.90384615384615,2,5ogs5ura,,,,,0
3,fjbh3h2b,,0,587,587,FinalPage,ThankYou,2026-09-16 05:16:27.633391,1,,,1277.78,3,,0.0,M_exp_W_exp,,,,,,,,,,,0,0,,,225,115,,,,,,,,,,,,,,,,,1,1,"1, 3",4,0.0,0.0,0.0,0.0,0.0,0,0,0,-1,0,1,0.0,0.0,1,0,380.0,115.0,75.0,170.0,50.0,200.0,Down,Up,50,70,100,100,55.8743961352657,52.10828025477707,58.87378640776699,52.90384615384615,2,5ogs5ura,,,,,0
4,j0v5am99,,0,587,587,FinalPage,ThankYou,2026-09-16 05:16:28.512590,1,,,55.56,4,,0.0,M_exp_W_exp,,,,,,,,,,,0,0,,,400,100,,,,,,,,,,,,,,,,,1,1,"1, 3",4,0.0,0.0,0.0,0.0,0.0,0,0,0,1,-1,1,0.0,0.0,1,0,380.0,115.0,75.0,170.0,50.0,200.0,Down,Up,50,70,100,100,55.8743961352657,52.10828025477707,58.87378640776699,52.90384615384615,2,5ogs5ura,,,,,0
5,wz4uvd97,,0,587,587,FinalPage,ThankYou,2026-09-16 05:16:28.547078,1,,,722.22,5,,0.0,M_exp_W_exp,,,,,,,,,,,0,0,,,425,175,,,,,,,,,,,,,,,,,1,1,"1, 3",4,0.0,0.0,0.0,0.0,0.0,0,0,0,1,1,1,0.0,0.0,1,0,380.0,115.0,75.0,170.0,50.0,200.0,Down,Up,50,70,100,100,55.8743961352657,52.10828025477707,58.87378640776699,52.90384615384615,2,5ogs5ura,,,,,0
6,bw46f79x,,0,587,587,FinalPage,ThankYou,2026-09-16 05:16:28.718813,1,,,944.44,1,,0.0,M_exp_W_exp,,,,,,,,,,,0,0,,,100,130,,,,,,,,,,,,,,,,,1,1,"1, 3",4,0.0,0.0,0.0,0.0,0.0,0,0,0,-1,0,2,0.0,0.0,0,0,150.0,130.0,150.0,120.0,150.0,175.0,Up,Up,50,20,75,50,55.8743961352657,52.10828025477707,58.87378640776699,52.90384615384615,2,5ogs5ura,,,,,0
7,42qlc5nb,,0,587,587,FinalPage,ThankYou,2026-09-16 05:16:28.741028,1,,,888.89,2,,0.0,M_exp_W_exp,,,,,,,,,,,0,0,,,150,100,,,,,,,,,,,,,,,,,1,1,"1, 3",4,0.0,0.0,0.0,0.0,0.0,0,0,0,0,-1,2,0.0,0.0,0,0,150.0,130.0,150.0,120.0,150.0,175.0,Up,Up,50,20,75,50,55.8743961352657,52.10828025477707,58.87378640776699,52.90384615384615,2,5ogs5ura,,,,,0
8,jw6ngkbn,,0,587,587,FinalPage,ThankYou,2026-09-16 05:16:28.756835,1,,,1166.67,3,,0.0,M_exp_W_exp,,,,,,,,,,,0,0,,,138,112,,,,,,,,,,,,,,,,,1,1,"1, 3",4,0.0,0.0,0.0,0.0,0.0,0,0,0,-1,-1,2,0.0,0.0,0,0,150.0,130.0,150.0,120.0,150.0,175.0,Up,Up,50,20,75,50,55.8743961352657,52.10828025477707,58.87378640776699,52.90384615384615,2,5ogs5ura,,,,,0
9,booloaq9,,0,587,587,FinalPage,ThankYou,2026-09-16 05:16:28.796456,1,,,944.44,4,,0.0,M_exp_W_exp,,,,,,,,,,,0,0,,,150,130,,,,,,,,,,,,,,,,,1,1,"1, 3",4,0.0,0.0,0.0,0.0,0.0,0,0,0,1,1,2,0.0,0.0,0,0,150.0,130.0,150.0,120.0,150.0,175.0,Up,Up,50,20,75,50,55.8743961352657,52.10828025477707,58.87378640776699,52.90384615384615,2,5ogs5ura,,,,,0
10,2pc7nfit,,0,587,587,FinalPage,ThankYou,2026-09-16 05:16:28.842084,1,,,833.33,5,,0.0,M_exp_W_exp,,,,,,,,,,,0,0,,,450,150,,,,,,,,,,,,,,,,,1,1,"1, 3",4,0.0,0.0,0.0,0.0,0.0,0,0,0,1,1,2,0.0,0.0,0,0,150.0,130.0,150.0,120.0,150.0,175.0,Up,Up,50,20,75,50,55.8743961352657,52.10828025477707,58.87378640776699,52.90384615384615,2,5ogs5ura,,,,,0
11,t7rx3zw3,,0,587,587,FinalPage,ThankYou,2026-09-16 05:16:28.859938,1,,,944.44,1,,0.0,M_exp_W_exp,,,,,,,,,,,0,0,,,300,110,,,,,,,,,,,,,,,,,1,1,"1, 3",4,0.0,0.0,0.0,0.0,0.0,0,0,0,-1,0,3,0.0,0.0,0,0,300.0,110.0,115.0,85.0,87.5,150.0,Down,Up,15,30,50,25,55.8743961352657,52.10828025477707,58.87378640776699,52.90384615384615,2,5ogs5ura,,,,,0
12,p48n4bh0,,0,587,587,FinalPage,ThankYou,2026-09-16 05:16:28.869908,1,,,666.67,2,,0.0,M_exp_W_exp,,,,,,,,,,,0,0,,,450,150,,,,,,,,,,,,,,,,,1,1,"1, 3",4,0.0,0.0,0.0,0.0,0.0,0,0,0,1,1,3,0.0,0.0,0,0,300.0,110.0,115.0,85.0,87.5,150.0,Down,Up,15,30,50,25,55.8743961352657,52.10828025477707,58.87378640776699,52.90384615384615,2,5ogs5ura,,,,,0
13,folcs8ow,,0,587,587,FinalPage,ThankYou,2026-09-16 05:16:28.891871,1,,,944.44,3,,0.0,M_exp_W_exp,,,,,,,,,,,0,0,,,140,95,,,,,,,,,,,,,,,,,1,1,"1, 3",4,0.0,0.0,0.0,0.0,0.0,0,0,0,-1,-1,3,0.0,0.0,0,0,300.0,110.0,115.0,85.0,87.5,150.0,Down,Up,15,30,50,25,55.8743961352657,52.10828025477707,58.87378640776699,52.90384615384615,2,5ogs5ura,,,,,0
14,cfp8kvc9,,0,587,587,FinalPage,ThankYou,2026-09-16 05:16:28.907618,1,,,166.67,4,,0.0,M_exp_W_exp,,,,,,,,,,,0,0,,,300,100,,,,,,,,,,,,,,,,,1,1,"1, 3",4,0.0,0.0,0.0,0.0,0.0,0,0,0,0,-1,3,0.0,0.0,0,0,300.0,110.0,115.0,85.0,87.5,150.0,Down,Up,15,30,50,25,55.8743961352657,52.10828025477707,58.87378640776699,52.90384615384615,2,5ogs5ura,,,,,0
15,tt26hkpl,,0,587,587,FinalPage,ThankYou,2026-09-16 05:16:29.004337,1,,,222.22,5,,0.0,M_exp_W_exp,,,,,,,,,,,0,0,,,301,121,,,,,,,,,,,,,,,,,1,1,"1, 3",4,0.0,0.0,0.0,0.0,0.0,0,0,0,1,1,3,0.0,0.0,0,0,300.0,110.0,115.0,85.0,87.5,150.0,Down,Up,15,30,50,25,55.8743961352657,52.10828025477707,58.87378640776699,52.90384615384615,2,5ogs5ura,,,,,0
16,jfy8jxqv,,0,587,587,FinalPage,ThankYou,2026-09-16 05:16:28.995970,1,,,888.89,1,,0.0,M_exp_W_exp,,,,,,,,,,,0,0,,,150,100,,,,,,,,,,,,,,,,,1,1,"1, 3",4,0.0,0.0,0.0,0.0,0.0,0,0,0,1,-1,4,0.0,0.0,0,1,125.0,100.0,75.0,200.0,120.0,75.0,Up,Down,50,100,20,50,55.8743961352657,52.10828025477707,58.87378640776699,52.90384615384615,2,5ogs5ura,,,,,0
17,eveqm1ww,,0,587,587,FinalPage,ThankYou,2026-09-16 05:16:29.059992,1,,,611.11,2,,0.0,M_exp_W_exp,,,,,,,,,,,0,0,,,250,100,,,,,,,,,,,,,,,,,1,1,"1, 3",4,0.0,0.0,0.0,0.0,0.0,0,0,0,1,0,4,0.0,0.0,0,1,125.0,100.0,75.0,200.0,120.0,75.0,Up,Down,50,100,20,50,55.8743961352657,52.10828025477707,58.87378640776699,52.90384615384615,2,5ogs5ura,,,,,0
18,1dtln5rg,,0,587,587,FinalPage,ThankYou,2026-09-16 05:16:29.088262,1,,,1388.89,3,,0.0,M_exp_W_exp,,,,,,,,,,,0,0,,,125,125,,,,,,,,,,,,,,,,,1,1,"1, 3",4,0.0,0.0,0.0,0.0,0.0,0,0,0,0,1,4,0.0,0.0,0,1,125.0,100.0,75.0,200.0,120.0,75.0,Up,Down,50,100,20,50,55.8743961352657,52.10828025477707,58.87378640776699,52.90384615384615,2,5ogs5ura,,,,,0
19,5ltpvdck,,0,587,587,FinalPage,ThankYou,2026-09-16 05:16:29.095601,1,,,500.0,4,,0.0,M_exp_W_exp,,,,,,,,,,,0,0,,,60,50,,,,,,,,,,,,,,,,,1,1,"1, 3",4,0.0,0.0,0.0,0.0,0.0,0,0,0,-1,-1,4,0.0,0.0,0,1,125.0,100.0,75.0,200.0,120.0,75.0,Up,Down,50,100,20,50,55.8743961352657,52.10828025477707,58.87378640776699,52.90384615384615,2,5ogs5ura,,,,,0
20,ic1ocjv5,,0,587,587,FinalPage,ThankYou,2026-09-16 05:16:30.086752,1,,,1222.22,5,,0.0,M_exp_W_exp,,,,,,,,,,,0,0,,,125,125,,,,,,,,,,,,,,,,,1,1,"1, 3",4,0.0,0.0,0.0,0.0,0.0,0,0,0,-1,1,4,0.0,0.0,0,1,125.0,100.0,75.0,200.0,120.0,75.0,Up,Down,50,100,20,50,55.8743961352657,52.10828025477707,58.87378640776699,52.90384615384615,2,5ogs5ura,,,,,0
21,zd9eakrm,,0,587,587,FinalPage,ThankYou,2026-09-16 05:16:29.456622,1,,,722.22,1,,0.0,M_exp_W_exp,,,,,,,,,,,0,0,,,120,95,,,,,,,,,,,,,,,,,1,1,"1, 3",4,0.0,0.0,0.0,0.0,0.0,0,0,0,-1,-1,5,0.0,0.0,0,0,125.0,120.0,92.5,175.0,150.0,80.0,Up,Down,15,75,40,50,55.8743961352657,52.10828025477707,58.87378640776699,52.90384615384615,2,5ogs5ura,,,,,0
22,8tpz5m2a,,0,587,587,FinalPage,ThankYou,2026-09-16 05:16:29.516011,1,,,722.22,2,,0.0,M_exp_W_exp,,,,,,,,,,,0,0,,,150,100,,,,,,,,,,,,,,,,,1,1,"1, 3",4,0.0,0.0,0.0,0.0,0.0,0,0,0,1,-1,5,0.0,0.0,0,0,125.0,120.0,92.5,175.0,150.0,80.0,Up,Down,15,75,40,50,55.8743961352657,52.10828025477707,58.87378640776699,52.90384615384615,2,5ogs5ura,,,,,0
23,wfmdx2nb,,0,587,587,FinalPage,ThankYou,2026-09-16 05:16:29.865656,1,,,833.33,3,,0.0,M_exp_W_exp,,,,,,,,,,,0,0,,,125,125,,,,,,,,,,,,,,,,,1,1,"1, 3",4,0.0,0.0,0.0,0.0,0.0,0,0,0,0,1,5,0.0,0.0,0,0,125.0,120.0,92.5,175.0,150.0,80.0,Up,Down,15,75,40,50,55.8743961352657,52.10828025477707,58.87378640776699,52.90384615384615,2,5ogs5ura,,,,,0
24,y40upi5t,,0,587,587,FinalPage,ThankYou,2026-09-16 05:16:29.980971,1,,,944.44,4,,0.0,M_exp_W_exp,,,,,,,,,,,0,0,,,80,120,,,,,,,,,,,,,,,,,1,1,"1, 3",4,0.0,0.0,0.0,0.0,0.0,0,0,0,-1,0,5,0.0,0.0,0,0,125.0,120.0,92.5,175.0,150.0,80.0,Up,Down,15,75,40,50,55.8743961352657,52.10828025477707,58.87378640776699,52.90384615384615,2,5ogs5ura,,,,,0
25,s6nkestj,,0,587,587,FinalPage,ThankYou,2026-09-16 05:16:30.425302,1,,,833.33,5,,0.0,M_exp_W_exp,,,,,,,,,,,0,0,,,130,130,,,,,,,,,,,,,,,,,1,1,"1, 3",4,0.0,0.0,0.0,0.0,0.0,0,0,0,1,1,5,0.0,0.0,0,0,125.0,120.0,92.5,175.0,150.0,80.0,Up,Down,15,75,40,50,55.8743961352657,52.10828025477707,58.87378640776699,52.90384615384615,2,5ogs5ura,,,,,0
1,qvfebldb,,0,587,587,FinalPage,ThankYou,2026-09-16 05:16:27.267099,1,,,500.0,1,,0.0,M_exp_W_exp,,,,,,,,,,,0,0,,,410,190,,,,,,,,,,,,,,,,,1,1,"1, 3",4,0.0,0.0,0.0,0.0,0.0,0,0,0,1,1,1,0.0,0.0,1,0,370.0,108.0,75.0,170.0,50.0,200.0,Down,Up,50,70,100,100,55.8743961352657,52.10828025477707,58.87378640776699,52.90384615384615,3,5ogs5ura,,,,,0
2,vbjq2y24,,0,587,587,FinalPage,ThankYou,2026-09-16 05:16:27.586302,1,,,888.89,2,,0.0,M_exp_W_exp,,,,,,,,,,,0,0,,,370,105,,,,,,,,,,,,,,,,,1,1,"1, 3",4,0.0,0.0,0.0,0.0,0.0,0,0,0,0,-1,1,0.0,0.0,1,0,370.0,108.0,75.0,170.0,50.0,200.0,Down,Up,50,70,100,100,55.8743961352657,52.10828025477707,58.87378640776699,52.90384615384615,3,5ogs5ura,,,,,0
3,fjbh3h2b,,0,587,587,FinalPage,ThankYou,2026-09-16 05:16:27.633391,1,,,1277.78,3,,0.0,M_exp_W_exp,,,,,,,,,,,0,0,,,275,108,,,,,,,,,,,,,,,,,1,1,"1, 3",4,0.0,0.0,0.0,0.0,0.0,0,0,0,-1,0,1,0.0,0.0,1,0,370.0,108.0,75.0,170.0,50.0,200.0,Down,Up,50,70,100,100,55.8743961352657,52.10828025477707,58.87378640776699,52.90384615384615,3,5ogs5ura,,,,,0
4,j0v5am99,,0,587,587,FinalPage,ThankYou,2026-09-16 05:16:28.512590,1,,,55.56,4,,0.0,M_exp_W_exp,,,,,,,,,,,0,0,,,380,100,,,,,,,,,,,,,,,,,1,1,"1, 3",4,0.0,0.0,0.0,0.0,0.0,0,0,0,1,-1,1,0.0,0.0,1,0,370.0,108.0,75.0,170.0,50.0,200.0,Down,Up,50,70,100,100,55.8743961352657,52.10828025477707,58.87378640776699,52.90384615384615,3,5ogs5ura,,,,,0
5,wz4uvd97,,0,587,587,FinalPage,ThankYou,2026-09-16 05:16:28.547078,1,,,722.22,5,,0.0,M_exp_W_exp,,,,,,,,,,,0,0,,,350,150,,,,,,,,,,,,,,,,,1,1,"1, 3",4,0.0,0.0,0.0,0.0,0.0,0,0,0,-1,1,1,0.0,0.0,1,0,370.0,108.0,75.0,170.0,50.0,200.0,Down,Up,50,70,100,100,55.8743961352657,52.10828025477707,58.87378640776699,52.90384615384615,3,5ogs5ura,,,,,0
6,bw46f79x,,0,587,587,FinalPage,ThankYou,2026-09-16 05:16:28.718813,1,,,944.44,1,,0.0,M_exp_W_exp,,,,,,,,,,,0,0,,,100,300,,,,,,,,,,,,,,,,,1,1,"1, 3",4,0.0,0.0,0.0,0.0,0.0,0,0,0,-1,1,2,0.0,0.0,0,0,165.0,150.0,150.0,120.0,150.0,175.0,Up,Up,50,20,75,50,55.8743961352657,52.10828025477707,58.87378640776699,52.90384615384615,3,5ogs5ura,,,,,0
7,42qlc5nb,,0,587,587,FinalPage,ThankYou,2026-09-16 05:16:28.741028,1,,,888.89,2,,0.0,M_exp_W_exp,,,,,,,,,,,0,0,,,200,150,,,,,,,,,,,,,,,,,1,1,"1, 3",4,0.0,0.0,0.0,0.0,0.0,0,0,0,1,0,2,0.0,0.0,0,0,165.0,150.0,150.0,120.0,150.0,175.0,Up,Up,50,20,75,50,55.8743961352657,52.10828025477707,58.87378640776699,52.90384615384615,3,5ogs5ura,,,,,0
8,jw6ngkbn,,0,587,587,FinalPage,ThankYou,2026-09-16 05:16:28.756835,1,,,1166.67,3,,0.0,M_exp_W_exp,,,,,,,,,,,0,0,,,140,110,,,,,,,,,,,,,,,,,1,1,"1, 3",4,0.0,0.0,0.0,0.0,0.0,0,0,0,-1,-1,2,0.0,0.0,0,0,165.0,150.0,150.0,120.0,150.0,175.0,Up,Up,50,20,75,50,55.8743961352657,52.10828025477707,58.87378640776699,52.90384615384615,3,5ogs5ura,,,,,0
9,booloaq9,,0,587,587,FinalPage,ThankYou,2026-09-16 05:16:28.796456,1,,,944.44,4,,0.0,M_exp_W_exp,,,,,,,,,,,0,0,,,165,145,,,,,,,,,,,,,,,,,1,1,"1, 3",4,0.0,0.0,0.0,0.0,0.0,0,0,0,0,-1,2,0.0,0.0,0,0,165.0,150.0,150.0,120.0,150.0,175.0,Up,Up,50,20,75,50,55.8743961352657,52.10828025477707,58.87378640776699,52.90384615384615,3,5ogs5ura,,,,,0
10,2pc7nfit,,0,587,587,FinalPage,ThankYou,2026-09-16 05:16:28.842084,1,,,833.33,5,,0.0,M_exp_W_exp,,,,,,,,,,,0,0,,,405,195,,,,,,,,,,,,,,,,,1,1,"1, 3",4,0.0,0.0,0.0,0.0,0.0,0,0,0,1,1,2,0.0,0.0,0,0,165.0,150.0,150.0,120.0,150.0,175.0,Up,Up,50,20,75,50,55.8743961352657,52.10828025477707,58.87378640776699,52.90384615384615,3,5ogs5ura,,,,,0
11,t7rx3zw3,,0,587,587,FinalPage,ThankYou,2026-09-16 05:16:28.859938,1,,,944.44,1,,0.0,M_exp_W_exp,,,,,,,,,,,0,0,,,1,110,,,,,,,,,,,,,,,,,1,1,"1, 3",4,0.0,0.0,0.0,0.0,0.0,0,0,0,-1,0,3,0.0,0.0,0,0,250.0,110.0,115.0,85.0,87.5,150.0,Down,Up,15,30,50,25,55.8743961352657,52.10828025477707,58.87378640776699,52.90384615384615,3,5ogs5ura,,,,,0
12,p48n4bh0,,0,587,587,FinalPage,ThankYou,2026-09-16 05:16:28.869908,1,,,666.67,2,,0.0,M_exp_W_exp,,,,,,,,,,,0,0,,,250,50,,,,,,,,,,,,,,,,,1,1,"1, 3",4,0.0,0.0,0.0,0.0,0.0,0,0,0,0,-1,3,0.0,0.0,0,0,250.0,110.0,115.0,85.0,87.5,150.0,Down,Up,15,30,50,25,55.8743961352657,52.10828025477707,58.87378640776699,52.90384615384615,3,5ogs5ura,,,,,0
13,folcs8ow,,0,587,587,FinalPage,ThankYou,2026-09-16 05:16:28.891871,1,,,944.44,3,,0.0,M_exp_W_exp,,,,,,,,,,,0,0,,,220,95,,,,,,,,,,,,,,,,,1,1,"1, 3",4,0.0,0.0,0.0,0.0,0.0,0,0,0,-1,-1,3,0.0,0.0,0,0,250.0,110.0,115.0,85.0,87.5,150.0,Down,Up,15,30,50,25,55.8743961352657,52.10828025477707,58.87378640776699,52.90384615384615,3,5ogs5ura,,,,,0
14,cfp8kvc9,,0,587,587,FinalPage,ThankYou,2026-09-16 05:16:28.907618,1,,,166.67,4,,0.0,M_exp_W_exp,,,,,,,,,,,0,0,,,350,200,,,,,,,,,,,,,,,,,1,1,"1, 3",4,0.0,0.0,0.0,0.0,0.0,0,0,0,1,1,3,0.0,0.0,0,0,250.0,110.0,115.0,85.0,87.5,150.0,Down,Up,15,30,50,25,55.8743961352657,52.10828025477707,58.87378640776699,52.90384615384615,3,5ogs5ura,,,,,0
15,tt26hkpl,,0,587,587,FinalPage,ThankYou,2026-09-16 05:16:29.004337,1,,,222.22,5,,0.0,M_exp_W_exp,,,,,,,,,,,0,0,,,301,111,,,,,,,,,,,,,,,,,1,1,"1, 3",4,0.0,0.0,0.0,0.0,0.0,0,0,0,1,1,3,0.0,0.0,0,0,250.0,110.0,115.0,85.0,87.5,150.0,Down,Up,15,30,50,25,55.8743961352657,52.10828025477707,58.87378640776699,52.90384615384615,3,5ogs5ura,,,,,0
16,jfy8jxqv,,0,587,587,FinalPage,ThankYou,2026-09-16 05:16:28.995970,1,,,888.89,1,,0.0,M_exp_W_exp,,,,,,,,,,,0,0,,,100,300,,,,,,,,,,,,,,,,,1,1,"1, 3",4,0.0,0.0,0.0,0.0,0.0,0,0,0,-1,1,4,0.0,0.0,0,1,125.0,125.0,75.0,200.0,120.0,75.0,Up,Down,50,100,20,50,55.8743961352657,52.10828025477707,58.87378640776699,52.90384615384615,3,5ogs5ura,,,,,0
17,eveqm1ww,,0,587,587,FinalPage,ThankYou,2026-09-16 05:16:29.059992,1,,,611.11,2,,0.0,M_exp_W_exp,,,,,,,,,,,0,0,,,200,100,,,,,,,,,,,,,,,,,1,1,"1, 3",4,0.0,0.0,0.0,0.0,0.0,0,0,0,1,-1,4,0.0,0.0,0,1,125.0,125.0,75.0,200.0,120.0,75.0,Up,Down,50,100,20,50,55.8743961352657,52.10828025477707,58.87378640776699,52.90384615384615,3,5ogs5ura,,,,,0
18,1dtln5rg,,0,587,587,FinalPage,ThankYou,2026-09-16 05:16:29.088262,1,,,1388.89,3,,0.0,M_exp_W_exp,,,,,,,,,,,0,0,,,125,125,,,,,,,,,,,,,,,,,1,1,"1, 3",4,0.0,0.0,0.0,0.0,0.0,0,0,0,-1,1,4,0.0,0.0,0,1,125.0,125.0,75.0,200.0,120.0,75.0,Up,Down,50,100,20,50,55.8743961352657,52.10828025477707,58.87378640776699,52.90384615384615,3,5ogs5ura,,,,,0
19,5ltpvdck,,0,587,587,FinalPage,ThankYou,2026-09-16 05:16:29.095601,1,,,500.0,4,,0.0,M_exp_W_exp,,,,,,,,,,,0,0,,,130,110,,,,,,,,,,,,,,,,,1,1,"1, 3",4,0.0,0.0,0.0,0.0,0.0,0,0,0,1,-1,4,0.0,0.0,0,1,125.0,125.0,75.0,200.0,120.0,75.0,Up,Down,50,100,20,50,55.8743961352657,52.10828025477707,58.87378640776699,52.90384615384615,3,5ogs5ura,,,,,0
20,ic1ocjv5,,0,587,587,FinalPage,ThankYou,2026-09-16 05:16:30.086752,1,,,1222.22,5,,0.0,M_exp_W_exp,,,,,,,,,,,0,0,,,125,125,,,,,,,,,,,,,,,,,1,1,"1, 3",4,0.0,0.0,0.0,0.0,0.0,0,0,0,0,0,4,0.0,0.0,0,1,125.0,125.0,75.0,200.0,120.0,75.0,Up,Down,50,100,20,50,55.8743961352657,52.10828025477707,58.87378640776699,52.90384615384615,3,5ogs5ura,,,,,0
21,zd9eakrm,,0,587,587,FinalPage,ThankYou,2026-09-16 05:16:29.456622,1,,,722.22,1,,0.0,M_exp_W_exp,,,,,,,,,,,0,0,,,120,95,,,,,,,,,,,,,,,,,1,1,"1, 3",4,0.0,0.0,0.0,0.0,0.0,0,0,0,-1,-1,5,0.0,0.0,0,0,125.0,100.0,92.5,175.0,150.0,80.0,Up,Down,15,75,40,50,55.8743961352657,52.10828025477707,58.87378640776699,52.90384615384615,3,5ogs5ura,,,,,0
22,8tpz5m2a,,0,587,587,FinalPage,ThankYou,2026-09-16 05:16:29.516011,1,,,722.22,2,,0.0,M_exp_W_exp,,,,,,,,,,,0,0,,,100,100,,,,,,,,,,,,,,,,,1,1,"1, 3",4,0.0,0.0,0.0,0.0,0.0,0,0,0,-1,-1,5,0.0,0.0,0,0,125.0,100.0,92.5,175.0,150.0,80.0,Up,Down,15,75,40,50,55.8743961352657,52.10828025477707,58.87378640776699,52.90384615384615,3,5ogs5ura,,,,,0
23,wfmdx2nb,,0,587,587,FinalPage,ThankYou,2026-09-16 05:16:29.865656,1,,,833.33,3,,0.0,M_exp_W_exp,,,,,,,,,,,0,0,,,125,100,,,,,,,,,,,,,,,,,1,1,"1, 3",4,0.0,0.0,0.0,0.0,0.0,0,0,0,0,0,5,0.0,0.0,0,0,125.0,100.0,92.5,175.0,150.0,80.0,Up,Down,15,75,40,50,55.8743961352657,52.10828025477707,58.87378640776699,52.90384615384615,3,5ogs5ura,,,,,0
24,y40upi5t,,0,587,587,FinalPage,ThankYou,2026-09-16 05:16:29.980971,1,,,944.44,4,,0.0,M_exp_W_exp,,,,,,,,,,,0,0,,,200,400,,,,,,,,,,,,,,,,,1,1,"1, 3",4,0.0,0.0,0.0,0.0,0.0,0,0,0,1,1,5,0.0,0.0,0,0,125.0,100.0,92.5,175.0,150.0,80.0,Up,Down,15,75,40,50,55.8743961352657,52.10828025477707,58.87378640776699,52.90384615384615,3,5ogs5ura,,,,,0
25,s6nkestj,,0,587,587,FinalPage,ThankYou,2026-09-16 05:16:30.425302,1,,,833.33,5,,0.0,M_exp_W_exp,,,,,,,,,,,0,0,,,125,120,,,,,,,,,,,,,,,,,1,1,"1, 3",4,0.0,0.0,0.0,0.0,0.0,0,0,0,1,1,5,0.0,0.0,0,0,125.0,100.0,92.5,175.0,150.0,80.0,Up,Down,15,75,40,50,55.8743961352657,52.10828025477707,58.87378640776699,52.90384615384615,3,5ogs5ura,,,,,0
1,qvfebldb,,0,587,587,FinalPage,ThankYou,2026-09-16 05:16:27.267099,1,,,500.0,1,,0.0,M_exp_W_exp,,,,,,,,,,,0,0,,,450,150,,,,,,,,,,,,,,,,,1,1,"1, 3",4,0.0,0.0,0.0,0.0,0.0,0,0,0,1,1,1,0.0,0.0,1,0,365.0,100.0,75.0,170.0,50.0,200.0,Down,Up,50,70,100,100,55.8743961352657,52.10828025477707,58.87378640776699,52.90384615384615,4,5ogs5ura,,,,,0
2,vbjq2y24,,0,587,587,FinalPage,ThankYou,2026-09-16 05:16:27.586302,1,,,888.89,2,,0.0,M_exp_W_exp,,,,,,,,,,,0,0,,,330,95,,,,,,,,,,,,,,,,,1,1,"1, 3",4,0.0,0.0,0.0,0.0,0.0,0,0,0,-1,-1,1,0.0,0.0,1,0,365.0,100.0,75.0,170.0,50.0,200.0,Down,Up,50,70,100,100,55.8743961352657,52.10828025477707,58.87378640776699,52.90384615384615,4,5ogs5ura,,,,,0
3,fjbh3h2b,,0,587,587,FinalPage,ThankYou,2026-09-16 05:16:27.633391,1,,,1277.78,3,,0.0,M_exp_W_exp,,,,,,,,,,,0,0,,,300,90,,,,,,,,,,,,,,,,,1,1,"1, 3",4,0.0,0.0,0.0,0.0,0.0,0,0,0,-1,-1,1,0.0,0.0,1,0,365.0,100.0,75.0,170.0,50.0,200.0,Down,Up,50,70,100,100,55.8743961352657,52.10828025477707,58.87378640776699,52.90384615384615,4,5ogs5ura,,,,,0
4,j0v5am99,,0,587,587,FinalPage,ThankYou,2026-09-16 05:16:28.512590,1,,,55.56,4,,0.0,M_exp_W_exp,,,,,,,,,,,0,0,,,365,100,,,,,,,,,,,,,,,,,1,1,"1, 3",4,0.0,0.0,0.0,0.0,0.0,0,0,0,0,0,1,0.0,0.0,1,0,365.0,100.0,75.0,170.0,50.0,200.0,Down,Up,50,70,100,100,55.8743961352657,52.10828025477707,58.87378640776699,52.90384615384615,4,5ogs5ura,,,,,0
5,wz4uvd97,,0,587,587,FinalPage,ThankYou,2026-09-16 05:16:28.547078,1,,,722.22,5,,0.0,M_exp_W_exp,,,,,,,,,,,0,0,,,385,200,,,,,,,,,,,,,,,,,1,1,"1, 3",4,0.0,0.0,0.0,0.0,0.0,0,0,0,1,1,1,0.0,0.0,1,0,365.0,100.0,75.0,170.0,50.0,200.0,Down,Up,50,70,100,100,55.8743961352657,52.10828025477707,58.87378640776699,52.90384615384615,4,5ogs5ura,,,,,0
6,bw46f79x,,0,587,587,FinalPage,ThankYou,2026-09-16 05:16:28.718813,1,,,944.44,1,,0.0,M_exp_W_exp,,,,,,,,,,,0,0,,,5,300,,,,,,,,,,,,,,,,,1,1,"1, 3",4,0.0,0.0,0.0,0.0,0.0,0,0,0,-1,1,2,0.0,0.0,0,0,170.0,140.0,150.0,120.0,150.0,175.0,Up,Up,50,20,75,50,55.8743961352657,52.10828025477707,58.87378640776699,52.90384615384615,4,5ogs5ura,,,,,0
7,42qlc5nb,,0,587,587,FinalPage,ThankYou,2026-09-16 05:16:28.741028,1,,,888.89,2,,0.0,M_exp_W_exp,,,,,,,,,,,0,0,,,180,140,,,,,,,,,,,,,,,,,1,1,"1, 3",4,0.0,0.0,0.0,0.0,0.0,0,0,0,1,0,2,0.0,0.0,0,0,170.0,140.0,150.0,120.0,150.0,175.0,Up,Up,50,20,75,50,55.8743961352657,52.10828025477707,58.87378640776699,52.90384615384615,4,5ogs5ura,,,,,0
8,jw6ngkbn,,0,587,587,FinalPage,ThankYou,2026-09-16 05:16:28.756835,1,,,1166.67,3,,0.0,M_exp_W_exp,,,,,,,,,,,0,0,,,145,130,,,,,,,,,,,,,,,,,1,1,"1, 3",4,0.0,0.0,0.0,0.0,0.0,0,0,0,-1,-1,2,0.0,0.0,0,0,170.0,140.0,150.0,120.0,150.0,175.0,Up,Up,50,20,75,50,55.8743961352657,52.10828025477707,58.87378640776699,52.90384615384615,4,5ogs5ura,,,,,0
9,booloaq9,,0,587,587,FinalPage,ThankYou,2026-09-16 05:16:28.796456,1,,,944.44,4,,0.0,M_exp_W_exp,,,,,,,,,,,0,0,,,170,160,,,,,,,,,,,,,,,,,1,1,"1, 3",4,0.0,0.0,0.0,0.0,0.0,0,0,0,0,1,2,0.0,0.0,0,0,170.0,140.0,150.0,120.0,150.0,175.0,Up,Up,50,20,75,50,55.8743961352657,52.10828025477707,58.87378640776699,52.90384615384615,4,5ogs5ura,,,,,0
10,2pc7nfit,,0,587,587,FinalPage,ThankYou,2026-09-16 05:16:28.842084,1,,,833.33,5,,0.0,M_exp_W_exp,,,,,,,,,,,0,0,,,490,110,,,,,,,,,,,,,,,,,1,1,"1, 3",4,0.0,0.0,0.0,0.0,0.0,0,0,0,1,-1,2,0.0,0.0,0,0,170.0,140.0,150.0,120.0,150.0,175.0,Up,Up,50,20,75,50,55.8743961352657,52.10828025477707,58.87378640776699,52.90384615384615,4,5ogs5ura,,,,,0
11,t7rx3zw3,,0,587,587,FinalPage,ThankYou,2026-09-16 05:16:28.859938,1,,,944.44,1,,0.0,M_exp_W_exp,,,,,,,,,,,0,0,,,1,110,,,,,,,,,,,,,,,,,1,1,"1, 3",4,0.0,0.0,0.0,0.0,0.0,0,0,0,-1,-1,3,0.0,0.0,0,0,250.0,110.0,115.0,85.0,87.5,150.0,Down,Up,15,30,50,25,55.8743961352657,52.10828025477707,58.87378640776699,52.90384615384615,4,5ogs5ura,,,,,0
12,p48n4bh0,,0,587,587,FinalPage,ThankYou,2026-09-16 05:16:28.869908,1,,,666.67,2,,0.0,M_exp_W_exp,,,,,,,,,,,0,0,,,250,110,,,,,,,,,,,,,,,,,1,1,"1, 3",4,0.0,0.0,0.0,0.0,0.0,0,0,0,0,0,3,0.0,0.0,0,0,250.0,110.0,115.0,85.0,87.5,150.0,Down,Up,15,30,50,25,55.8743961352657,52.10828025477707,58.87378640776699,52.90384615384615,4,5ogs5ura,,,,,0
13,folcs8ow,,0,587,587,FinalPage,ThankYou,2026-09-16 05:16:28.891871,1,,,944.44,3,,0.0,M_exp_W_exp,,,,,,,,,,,0,0,,,240,108,,,,,,,,,,,,,,,,,1,1,"1, 3",4,0.0,0.0,0.0,0.0,0.0,0,0,0,-1,-1,3,0.0,0.0,0,0,250.0,110.0,115.0,85.0,87.5,150.0,Down,Up,15,30,50,25,55.8743961352657,52.10828025477707,58.87378640776699,52.90384615384615,4,5ogs5ura,,,,,0
14,cfp8kvc9,,0,587,587,FinalPage,ThankYou,2026-09-16 05:16:28.907618,1,,,166.67,4,,0.0,M_exp_W_exp,,,,,,,,,,,0,0,,,350,200,,,,,,,,,,,,,,,,,1,1,"1, 3",4,0.0,0.0,0.0,0.0,0.0,0,0,0,1,1,3,0.0,0.0,0,0,250.0,110.0,115.0,85.0,87.5,150.0,Down,Up,15,30,50,25,55.8743961352657,52.10828025477707,58.87378640776699,52.90384615384615,4,5ogs5ura,,,,,0
15,tt26hkpl,,0,587,587,FinalPage,ThankYou,2026-09-16 05:16:29.004337,1,,,222.22,5,,0.0,M_exp_W_exp,,,,,,,,,,,0,0,,,251,111,,,,,,,,,,,,,,,,,1,1,"1, 3",4,0.0,0.0,0.0,0.0,0.0,0,0,0,1,1,3,0.0,0.0,0,0,250.0,110.0,115.0,85.0,87.5,150.0,Down,Up,15,30,50,25,55.8743961352657,52.10828025477707,58.87378640776699,52.90384615384615,4,5ogs5ura,,,,,0
16,jfy8jxqv,,0,587,587,FinalPage,ThankYou,2026-09-16 05:16:28.995970,1,,,888.89,1,,0.0,M_exp_W_exp,,,,,,,,,,,0,0,,,100,100,,,,,,,,,,,,,,,,,1,1,"1, 3",4,0.0,0.0,0.0,0.0,0.0,0,0,0,-1,-1,4,0.0,0.0,0,1,125.0,125.0,75.0,200.0,120.0,75.0,Up,Down,50,100,20,50,55.8743961352657,52.10828025477707,58.87378640776699,52.90384615384615,4,5ogs5ura,,,,,0
17,eveqm1ww,,0,587,587,FinalPage,ThankYou,2026-09-16 05:16:29.059992,1,,,611.11,2,,0.0,M_exp_W_exp,,,,,,,,,,,0,0,,,150,125,,,,,,,,,,,,,,,,,1,1,"1, 3",4,0.0,0.0,0.0,0.0,0.0,0,0,0,1,-1,4,0.0,0.0,0,1,125.0,125.0,75.0,200.0,120.0,75.0,Up,Down,50,100,20,50,55.8743961352657,52.10828025477707,58.87378640776699,52.90384615384615,4,5ogs5ura,,,,,0
18,1dtln5rg,,0,587,587,FinalPage,ThankYou,2026-09-16 05:16:29.088262,1,,,1388.89,3,,0.0,M_exp_W_exp,,,,,,,,,,,0,0,,,125,125,,,,,,,,,,,,,,,,,1,1,"1, 3",4,0.0,0.0,0.0,0.0,0.0,0,0,0,-1,1,4,0.0,0.0,0,1,125.0,125.0,75.0,200.0,120.0,75.0,Up,Down,50,100,20,50,55.8743961352657,52.10828025477707,58.87378640776699,52.90384615384615,4,5ogs5ura,,,,,0
19,5ltpvdck,,0,587,587,FinalPage,ThankYou,2026-09-16 05:16:29.095601,1,,,500.0,4,,0.0,M_exp_W_exp,,,,,,,,,,,0,0,,,140,130,,,,,,,,,,,,,,,,,1,1,"1, 3",4,0.0,0.0,0.0,0.0,0.0,0,0,0,1,1,4,0.0,0.0,0,1,125.0,125.0,75.0,200.0,120.0,75.0,Up,Down,50,100,20,50,55.8743961352657,52.10828025477707,58.87378640776699,52.90384615384615,4,5ogs5ura,,,,,0
20,ic1ocjv5,,0,587,587,FinalPage,ThankYou,2026-09-16 05:16:30.086752,1,,,1222.22,5,,0.0,M_exp_W_exp,,,,,,,,,,,0,0,,,125,125,,,,,,,,,,,,,,,,,1,1,"1, 3",4,0.0,0.0,0.0,0.0,0.0,0,0,0,0,0,4,0.0,0.0,0,1,125.0,125.0,75.0,200.0,120.0,75.0,Up,Down,50,100,20,50,55.8743961352657,52.10828025477707,58.87378640776699,52.90384615384615,4,5ogs5ura,,,,,0
21,zd9eakrm,,0,587,587,FinalPage,ThankYou,2026-09-16 05:16:29.456622,1,,,722.22,1,,0.0,M_exp_W_exp,,,,,,,,,,,0,0,,,120,95,,,,,,,,,,,,,,,,,1,1,"1, 3",4,0.0,0.0,0.0,0.0,0.0,0,0,0,-1,-1,5,0.0,0.0,0,0,125.0,100.0,92.5,175.0,150.0,80.0,Up,Down,15,75,40,50,55.8743961352657,52.10828025477707,58.87378640776699,52.90384615384615,4,5ogs5ura,,,,,0
22,8tpz5m2a,,0,587,587,FinalPage,ThankYou,2026-09-16 05:16:29.516011,1,,,722.22,2,,0.0,M_exp_W_exp,,,,,,,,,,,0,0,,,120,100,,,,,,,,,,,,,,,,,1,1,"1, 3",4,0.0,0.0,0.0,0.0,0.0,0,0,0,-1,0,5,0.0,0.0,0,0,125.0,100.0,92.5,175.0,150.0,80.0,Up,Down,15,75,40,50,55.8743961352657,52.10828025477707,58.87378640776699,52.90384615384615,4,5ogs5ura,,,,,0
23,wfmdx2nb,,0,587,587,FinalPage,ThankYou,2026-09-16 05:16:29.865656,1,,,833.33,3,,0.0,M_exp_W_exp,,,,,,,,,,,0,0,,,150,150,,,,,,,,,,,,,,,,,1,1,"1, 3",4,0.0,0.0,0.0,0.0,0.0,0,0,0,1,1,5,0.0,0.0,0,0,125.0,100.0,92.5,175.0,150.0,80.0,Up,Down,15,75,40,50,55.8743961352657,52.10828025477707,58.87378640776699,52.90384615384615,4,5ogs5ura,,,,,0
24,y40upi5t,,0,587,587,FinalPage,ThankYou,2026-09-16 05:16:29.980971,1,,,944.44,4,,0.0,M_exp_W_exp,,,,,,,,,,,0,0,,,250,350,,,,,,,,,,,,,,,,,1,1,"1, 3",4,0.0,0.0,0.0,0.0,0.0,0,0,0,1,1,5,0.0,0.0,0,0,125.0,100.0,92.5,175.0,150.0,80.0,Up,Down,15,75,40,50,55.8743961352657,52.10828025477707,58.87378640776699,52.90384615384615,4,5ogs5ura,,,,,0
25,s6nkestj,,0,587,587,FinalPage,ThankYou,2026-09-16 05:16:30.425302,1,,,833.33,5,,0.0,M_exp_W_exp,,,,,,,,,,,0,0,,,125,95,,,,,,,,,,,,,,,,,1,1,"1, 3",4,0.0,0.0,0.0,0.0,0.0,0,0,0,0,-1,5,0.0,0.0,0,0,125.0,100.0,92.5,175.0,150.0,80.0,Up,Down,15,75,40,50,55.8743961352657,52.10828025477707,58.87378640776699,52.90384615384615,4,5ogs5ura,,,,,0
1,qvfebldb,,0,587,587,FinalPage,ThankYou,2026-09-16 05:16:27.267099,1,,,500.0,1,,0.0,M_exp_W_exp,,,,,,,,,,,0,0,,,401,199,,,,,,,,,,,,,,,,,1,1,"1, 3",4,0.0,0.0,0.0,0.0,0.0,0,0,0,1,1,1,0.0,0.0,1,0,360.0,100.0,75.0,170.0,50.0,200.0,Down,Up,50,70,100,100,55.8743961352657,52.10828025477707,58.87378640776699,52.90384615384615,5,5ogs5ura,,,,,0
2,vbjq2y24,,0,587,587,FinalPage,ThankYou,2026-09-16 05:16:27.586302,1,,,888.89,2,,0.0,M_exp_W_exp,,,,,,,,,,,0,0,,,320,85,,,,,,,,,,,,,,,,,1,1,"1, 3",4,0.0,0.0,0.0,0.0,0.0,0,0,0,-1,-1,1,0.0,0.0,1,0,360.0,100.0,75.0,170.0,50.0,200.0,Down,Up,50,70,100,100,55.8743961352657,52.10828025477707,58.87378640776699,52.90384615384615,5,5ogs5ura,,,,,0
3,fjbh3h2b,,0,587,587,FinalPage,ThankYou,2026-09-16 05:16:27.633391,1,,,1277.78,3,,0.0,M_exp_W_exp,,,,,,,,,,,0,0,,,315,100,,,,,,,,,,,,,,,,,1,1,"1, 3",4,0.0,0.0,0.0,0.0,0.0,0,0,0,-1,0,1,0.0,0.0,1,0,360.0,100.0,75.0,170.0,50.0,200.0,Down,Up,50,70,100,100,55.8743961352657,52.10828025477707,58.87378640776699,52.90384615384615,5,5ogs5ura,,,,,0
4,j0v5am99,,0,587,587,FinalPage,ThankYou,2026-09-16 05:16:28.512590,1,,,55.56,4,,0.0,M_exp_W_exp,,,,,,,,,,,0,0,,,360,98,,,,,,,,,,,,,,,,,1,1,"1, 3",4,0.0,0.0,0.0,0.0,0.0,0,0,0,0,-1,1,0.0,0.0,1,0,360.0,100.0,75.0,170.0,50.0,200.0,Down,Up,50,70,100,100,55.8743961352657,52.10828025477707,58.87378640776699,52.90384615384615,5,5ogs5ura,,,,,0
5,wz4uvd97,,0,587,587,FinalPage,ThankYou,2026-09-16 05:16:28.547078,1,,,722.22,5,,0.0,M_exp_W_exp,,,,,,,,,,,0,0,,,360,102,,,,,,,,,,,,,,,,,1,1,"1, 3",4,0.0,0.0,0.0,0.0,0.0,0,0,0,1,1,1,0.0,0.0,1,0,360.0,100.0,75.0,170.0,50.0,200.0,Down,Up,50,70,100,100,55.8743961352657,52.10828025477707,58.87378640776699,52.90384615384615,5,5ogs5ura,,,,,0
6,bw46f79x,,0,587,587,FinalPage,ThankYou,2026-09-16 05:16:28.718813,1,,,944.44,1,,0.0,M_exp_W_exp,,,,,,,,,,,0,0,,,140,160,,,,,,,,,,,,,,,,,1,1,"1, 3",4,0.0,0.0,0.0,0.0,0.0,0,0,0,-1,1,2,0.0,0.0,0,0,170.0,130.0,150.0,120.0,150.0,175.0,Up,Up,50,20,75,50,55.8743961352657,52.10828025477707,58.87378640776699,52.90384615384615,5,5ogs5ura,,,,,0
7,42qlc5nb,,0,587,587,FinalPage,ThankYou,2026-09-16 05:16:28.741028,1,,,888.89,2,,0.0,M_exp_W_exp,,,,,,,,,,,0,0,,,180,130,,,,,,,,,,,,,,,,,1,1,"1, 3",4,0.0,0.0,0.0,0.0,0.0,0,0,0,1,-1,2,0.0,0.0,0,0,170.0,130.0,150.0,120.0,150.0,175.0,Up,Up,50,20,75,50,55.8743961352657,52.10828025477707,58.87378640776699,52.90384615384615,5,5ogs5ura,,,,,0
8,jw6ngkbn,,0,587,587,FinalPage,ThankYou,2026-09-16 05:16:28.756835,1,,,1166.67,3,,0.0,M_exp_W_exp,,,,,,,,,,,0,0,,,150,130,,,,,,,,,,,,,,,,,1,1,"1, 3",4,0.0,0.0,0.0,0.0,0.0,0,0,0,-1,0,2,0.0,0.0,0,0,170.0,130.0,150.0,120.0,150.0,175.0,Up,Up,50,20,75,50,55.8743961352657,52.10828025477707,58.87378640776699,52.90384615384615,5,5ogs5ura,,,,,0
9,booloaq9,,0,587,587,FinalPage,ThankYou,2026-09-16 05:16:28.796456,1,,,944.44,4,,0.0,M_exp_W_exp,,,,,,,,,,,0,0,,,170,140,,,,,,,,,,,,,,,,,1,1,"1, 3",4,0.0,0.0,0.0,0.0,0.0,0,0,0,0,1,2,0.0,0.0,0,0,170.0,130.0,150.0,120.0,150.0,175.0,Up,Up,50,20,75,50,55.8743961352657,52.10828025477707,58.87378640776699,52.90384615384615,5,5ogs5ura,,,,,0
10,2pc7nfit,,0,587,587,FinalPage,ThankYou,2026-09-16 05:16:28.842084,1,,,833.33,5,,0.0,M_exp_W_exp,,,,,,,,,,,0,0,,,480,120,,,,,,,,,,,,,,,,,1,1,"1, 3",4,0.0,0.0,0.0,0.0,0.0,0,0,0,1,-1,2,0.0,0.0,0,0,170.0,130.0,150.0,120.0,150.0,175.0,Up,Up,50,20,75,50,55.8743961352657,52.10828025477707,58.87378640776699,52.90384615384615,5,5ogs5ura,,,,,0
11,t7rx3zw3,,0,587,587,FinalPage,ThankYou,2026-09-16 05:16:28.859938,1,,,944.44,1,,0.0,M_exp_W_exp,,,,,,,,,,,0,0,,,1,110,,,,,,,,,,,,,,,,,1,1,"1, 3",4,0.0,0.0,0.0,0.0,0.0,0,0,0,-1,0,3,0.0,0.0,0,0,140.0,110.0,115.0,85.0,87.5,150.0,Down,Up,15,30,50,25,55.8743961352657,52.10828025477707,58.87378640776699,52.90384615384615,5,5ogs5ura,,,,,0
12,p48n4bh0,,0,587,587,FinalPage,ThankYou,2026-09-16 05:16:28.869908,1,,,666.67,2,,0.0,M_exp_W_exp,,,,,,,,,,,0,0,,,100,50,,,,,,,,,,,,,,,,,1,1,"1, 3",4,0.0,0.0,0.0,0.0,0.0,0,0,0,-1,-1,3,0.0,0.0,0,0,140.0,110.0,115.0,85.0,87.5,150.0,Down,Up,15,30,50,25,55.8743961352657,52.10828025477707,58.87378640776699,52.90384615384615,5,5ogs5ura,,,,,0
13,folcs8ow,,0,587,587,FinalPage,ThankYou,2026-09-16 05:16:28.891871,1,,,944.44,3,,0.0,M_exp_W_exp,,,,,,,,,,,0,0,,,140,105,,,,,,,,,,,,,,,,,1,1,"1, 3",4,0.0,0.0,0.0,0.0,0.0,0,0,0,0,-1,3,0.0,0.0,0,0,140.0,110.0,115.0,85.0,87.5,150.0,Down,Up,15,30,50,25,55.8743961352657,52.10828025477707,58.87378640776699,52.90384615384615,5,5ogs5ura,,,,,0
14,cfp8kvc9,,0,587,587,FinalPage,ThankYou,2026-09-16 05:16:28.907618,1,,,166.67,4,,0.0,M_exp_W_exp,,,,,,,,,,,0,0,,,300,250,,,,,,,,,,,,,,,,,1,1,"1, 3",4,0.0,0.0,0.0,0.0,0.0,0,0,0,1,1,3,0.0,0.0,0,0,140.0,110.0,115.0,85.0,87.5,150.0,Down,Up,15,30,50,25,55.8743961352657,52.10828025477707,58.87378640776699,52.90384615384615,5,5ogs5ura,,,,,0
15,tt26hkpl,,0,587,587,FinalPage,ThankYou,2026-09-16 05:16:29.004337,1,,,222.22,5,,0.0,M_exp_W_exp,,,,,,,,,,,0,0,,,251,111,,,,,,,,,,,,,,,,,1,1,"1, 3",4,0.0,0.0,0.0,0.0,0.0,0,0,0,1,1,3,0.0,0.0,0,0,140.0,110.0,115.0,85.0,87.5,150.0,Down,Up,15,30,50,25,55.8743961352657,52.10828025477707,58.87378640776699,52.90384615384615,5,5ogs5ura,,,,,0
16,jfy8jxqv,,0,587,587,FinalPage,ThankYou,2026-09-16 05:16:28.995970,1,,,888.89,1,,0.0,M_exp_W_exp,,,,,,,,,,,0,0,,,150,150,,,,,,,,,,,,,,,,,1,1,"1, 3",4,0.0,0.0,0.0,0.0,0.0,0,0,0,1,1,4,0.0,0.0,0,1,135.0,125.0,75.0,200.0,120.0,75.0,Up,Down,50,100,20,50,55.8743961352657,52.10828025477707,58.87378640776699,52.90384615384615,5,5ogs5ura,,,,,0
17,eveqm1ww,,0,587,587,FinalPage,ThankYou,2026-09-16 05:16:29.059992,1,,,611.11,2,,0.0,M_exp_W_exp,,,,,,,,,,,0,0,,,140,125,,,,,,,,,,,,,,,,,1,1,"1, 3",4,0.0,0.0,0.0,0.0,0.0,0,0,0,1,0,4,0.0,0.0,0,1,135.0,125.0,75.0,200.0,120.0,75.0,Up,Down,50,100,20,50,55.8743961352657,52.10828025477707,58.87378640776699,52.90384615384615,5,5ogs5ura,,,,,0
18,1dtln5rg,,0,587,587,FinalPage,ThankYou,2026-09-16 05:16:29.088262,1,,,1388.89,3,,0.0,M_exp_W_exp,,,,,,,,,,,0,0,,,125,125,,,,,,,,,,,,,,,,,1,1,"1, 3",4,0.0,0.0,0.0,0.0,0.0,0,0,0,-1,1,4,0.0,0.0,0,1,135.0,125.0,75.0,200.0,120.0,75.0,Up,Down,50,100,20,50,55.8743961352657,52.10828025477707,58.87378640776699,52.90384615384615,5,5ogs5ura,,,,,0
19,5ltpvdck,,0,587,587,FinalPage,ThankYou,2026-09-16 05:16:29.095601,1,,,500.0,4,,0.0,M_exp_W_exp,,,,,,,,,,,0,0,,,135,120,,,,,,,,,,,,,,,,,1,1,"1, 3",4,0.0,0.0,0.0,0.0,0.0,0,0,0,0,-1,4,0.0,0.0,0,1,135.0,125.0,75.0,200.0,120.0,75.0,Up,Down,50,100,20,50,55.8743961352657,52.10828025477707,58.87378640776699,52.90384615384615,5,5ogs5ura,,,,,0
20,ic1ocjv5,,0,587,587,FinalPage,ThankYou,2026-09-16 05:16:30.086752,1,,,1222.22,5,,0.0,M_exp_W_exp,,,,,,,,,,,0,0,,,125,125,,,,,,,,,,,,,,,,,1,1,"1, 3",4,0.0,0.0,0.0,0.0,0.0,0,0,0,-1,-1,4,0.0,0.0,0,1,135.0,125.0,75.0,200.0,120.0,75.0,Up,Down,50,100,20,50,55.8743961352657,52.10828025477707,58.87378640776699,52.90384615384615,5,5ogs5ura,,,,,0
21,zd9eakrm,,0,587,587,FinalPage,ThankYou,2026-09-16 05:16:29.456622,1,,,722.22,1,,0.0,M_exp_W_exp,,,,,,,,,,,0,0,,,120,95,,,,,,,,,,,,,,,,,1,1,"1, 3",4,0.0,0.0,0.0,0.0,0.0,0,0,0,-1,0,5,0.0,0.0,0,0,129.0,95.0,92.5,175.0,150.0,80.0,Up,Down,15,75,40,50,55.8743961352657,52.10828025477707,58.87378640776699,52.90384615384615,5,5ogs5ura,,,,,0
22,8tpz5m2a,,0,587,587,FinalPage,ThankYou,2026-09-16 05:16:29.516011,1,,,722.22,2,,0.0,M_exp_W_exp,,,,,,,,,,,0,0,,,129,50,,,,,,,,,,,,,,,,,1,1,"1, 3",4,0.0,0.0,0.0,0.0,0.0,0,0,0,0,-1,5,0.0,0.0,0,0,129.0,95.0,92.5,175.0,150.0,80.0,Up,Down,15,75,40,50,55.8743961352657,52.10828025477707,58.87378640776699,52.90384615384615,5,5ogs5ura,,,,,0
23,wfmdx2nb,,0,587,587,FinalPage,ThankYou,2026-09-16 05:16:29.865656,1,,,833.33,3,,0.0,M_exp_W_exp,,,,,,,,,,,0,0,,,150,150,,,,,,,,,,,,,,,,,1,1,"1, 3",4,0.0,0.0,0.0,0.0,0.0,0,0,0,1,1,5,0.0,0.0,0,0,129.0,95.0,92.5,175.0,150.0,80.0,Up,Down,15,75,40,50,55.8743961352657,52.10828025477707,58.87378640776699,52.90384615384615,5,5ogs5ura,,,,,0
24,y40upi5t,,0,587,587,FinalPage,ThankYou,2026-09-16 05:16:29.980971,1,,,944.44,4,,0.0,M_exp_W_exp,,,,,,,,,,,0,0,,,560,40,,,,,,,,,,,,,,,,,1,1,"1, 3",4,0.0,0.0,0.0,0.0,0.0,0,0,0,1,-1,5,0.0,0.0,0,0,129.0,95.0,92.5,175.0,150.0,80.0,Up,Down,15,75,40,50,55.8743961352657,52.10828025477707,58.87378640776699,52.90384615384615,5,5ogs5ura,,,,,0
25,s6nkestj,,0,587,587,FinalPage,ThankYou,2026-09-16 05:16:30.425302,1,,,833.33,5,,0.0,M_exp_W_exp,,,,,,,,,,,0,0,,,126,100,,,,,,,,,,,,,,,,,1,1,"1, 3",4,0.0,0.0,0.0,0.0,0.0,0,0,0,-1,1,5,0.0,0.0,0,0,129.0,95.0,92.5,175.0,150.0,80.0,Up,Down,15,75,40,50,55.8743961352657,52.10828025477707,58.87378640776699,52.90384615384615,5,5ogs5ura,,,,,0
1,qvfebldb,,0,587,587,FinalPage,ThankYou,2026-09-16 05:16:27.267099,1,,,500.0,1,,0.0,M_exp_W_exp,,,,,,,,,,,0,0,,,399,201,,,,,,,,,,,,,,,,,1,1,"1, 3",4,0.0,0.0,0.0,0.0,0.0,0,0,0,1,1,1,0.0,0.0,1,0,350.0,98.0,75.0,170.0,50.0,200.0,Down,Up,50,70,100,100,55.8743961352657,52.10828025477707,58.87378640776699,52.90384615384615,6,5ogs5ura,,,,,0
2,vbjq2y24,,0,587,587,FinalPage,ThankYou,2026-09-16 05:16:27.586302,1,,,888.89,2,,0.0,M_exp_W_exp,,,,,,,,,,,0,0,,,310,95,,,,,,,,,,,,,,,,,1,1,"1, 3",4,0.0,0.0,0.0,0.0,0.0,0,0,0,-1,-1,1,0.0,0.0,1,0,350.0,98.0,75.0,170.0,50.0,200.0,Down,Up,50,70,100,100,55.8743961352657,52.10828025477707,58.87378640776699,52.90384615384615,6,5ogs5ura,,,,,0
3,fjbh3h2b,,0,587,587,FinalPage,ThankYou,2026-09-16 05:16:27.633391,1,,,1277.78,3,,0.0,M_exp_W_exp,,,,,,,,,,,0,0,,,330,98,,,,,,,,,,,,,,,,,1,1,"1, 3",4,0.0,0.0,0.0,0.0,0.0,0,0,0,-1,0,1,0.0,0.0,1,0,350.0,98.0,75.0,170.0,50.0,200.0,Down,Up,50,70,100,100,55.8743961352657,52.10828025477707,58.87378640776699,52.90384615384615,6,5ogs5ura,,,,,0
4,j0v5am99,,0,587,587,FinalPage,ThankYou,2026-09-16 05:16:28.512590,1,,,55.56,4,,0.0,M_exp_W_exp,,,,,,,,,,,0,0,,,370,96,,,,,,,,,,,,,,,,,1,1,"1, 3",4,0.0,0.0,0.0,0.0,0.0,0,0,0,1,-1,1,0.0,0.0,1,0,350.0,98.0,75.0,170.0,50.0,200.0,Down,Up,50,70,100,100,55.8743961352657,52.10828025477707,58.87378640776699,52.90384615384615,6,5ogs5ura,,,,,0
5,wz4uvd97,,0,587,587,FinalPage,ThankYou,2026-09-16 05:16:28.547078,1,,,722.22,5,,0.0,M_exp_W_exp,,,,,,,,,,,0,0,,,350,100,,,,,,,,,,,,,,,,,1,1,"1, 3",4,0.0,0.0,0.0,0.0,0.0,0,0,0,0,1,1,0.0,0.0,1,0,350.0,98.0,75.0,170.0,50.0,200.0,Down,Up,50,70,100,100,55.8743961352657,52.10828025477707,58.87378640776699,52.90384615384615,6,5ogs5ura,,,,,0
6,bw46f79x,,0,587,587,FinalPage,ThankYou,2026-09-16 05:16:28.718813,1,,,944.44,1,,0.0,M_exp_W_exp,,,,,,,,,,,0,0,,,190,10,,,,,,,,,,,,,,,,,1,1,"1, 3",4,0.0,0.0,0.0,0.0,0.0,0,0,0,1,-1,2,0.0,0.0,0,0,160.0,125.0,150.0,120.0,150.0,175.0,Up,Up,50,20,75,50,55.8743961352657,52.10828025477707,58.87378640776699,52.90384615384615,6,5ogs5ura,,,,,0
7,42qlc5nb,,0,587,587,FinalPage,ThankYou,2026-09-16 05:16:28.741028,1,,,888.89,2,,0.0,M_exp_W_exp,,,,,,,,,,,0,0,,,175,130,,,,,,,,,,,,,,,,,1,1,"1, 3",4,0.0,0.0,0.0,0.0,0.0,0,0,0,1,1,2,0.0,0.0,0,0,160.0,125.0,150.0,120.0,150.0,175.0,Up,Up,50,20,75,50,55.8743961352657,52.10828025477707,58.87378640776699,52.90384615384615,6,5ogs5ura,,,,,0
8,jw6ngkbn,,0,587,587,FinalPage,ThankYou,2026-09-16 05:16:28.756835,1,,,1166.67,3,,0.0,M_exp_W_exp,,,,,,,,,,,0,0,,,155,125,,,,,,,,,,,,,,,,,1,1,"1, 3",4,0.0,0.0,0.0,0.0,0.0,0,0,0,-1,0,2,0.0,0.0,0,0,160.0,125.0,150.0,120.0,150.0,175.0,Up,Up,50,20,75,50,55.8743961352657,52.10828025477707,58.87378640776699,52.90384615384615,6,5ogs5ura,,,,,0
9,booloaq9,,0,587,587,FinalPage,ThankYou,2026-09-16 05:16:28.796456,1,,,944.44,4,,0.0,M_exp_W_exp,,,,,,,,,,,0,0,,,150,100,,,,,,,,,,,,,,,,,1,1,"1, 3",4,0.0,0.0,0.0,0.0,0.0,0,0,0,-1,-1,2,0.0,0.0,0,0,160.0,125.0,150.0,120.0,150.0,175.0,Up,Up,50,20,75,50,55.8743961352657,52.10828025477707,58.87378640776699,52.90384615384615,6,5ogs5ura,,,,,0
10,2pc7nfit,,0,587,587,FinalPage,ThankYou,2026-09-16 05:16:28.842084,1,,,833.33,5,,0.0,M_exp_W_exp,,,,,,,,,,,0,0,,,160,440,,,,,,,,,,,,,,,,,1,1,"1, 3",4,0.0,0.0,0.0,0.0,0.0,0,0,0,0,1,2,0.0,0.0,0,0,160.0,125.0,150.0,120.0,150.0,175.0,Up,Up,50,20,75,50,55.8743961352657,52.10828025477707,58.87378640776699,52.90384615384615,6,5ogs5ura,,,,,0
11,t7rx3zw3,,0,587,587,FinalPage,ThankYou,2026-09-16 05:16:28.859938,1,,,944.44,1,,0.0,M_exp_W_exp,,,,,,,,,,,0,0,,,135,110,,,,,,,,,,,,,,,,,1,1,"1, 3",4,0.0,0.0,0.0,0.0,0.0,0,0,0,-1,0,3,0.0,0.0,0,0,141.0,110.0,115.0,85.0,87.5,150.0,Down,Up,15,30,50,25,55.8743961352657,52.10828025477707,58.87378640776699,52.90384615384615,6,5ogs5ura,,,,,0
12,p48n4bh0,,0,587,587,FinalPage,ThankYou,2026-09-16 05:16:28.869908,1,,,666.67,2,,0.0,M_exp_W_exp,,,,,,,,,,,0,0,,,100,50,,,,,,,,,,,,,,,,,1,1,"1, 3",4,0.0,0.0,0.0,0.0,0.0,0,0,0,-1,-1,3,0.0,0.0,0,0,141.0,110.0,115.0,85.0,87.5,150.0,Down,Up,15,30,50,25,55.8743961352657,52.10828025477707,58.87378640776699,52.90384615384615,6,5ogs5ura,,,,,0
13,folcs8ow,,0,587,587,FinalPage,ThankYou,2026-09-16 05:16:28.891871,1,,,944.44,3,,0.0,M_exp_W_exp,,,,,,,,,,,0,0,,,141,105,,,,,,,,,,,,,,,,,1,1,"1, 3",4,0.0,0.0,0.0,0.0,0.0,0,0,0,0,-1,3,0.0,0.0,0,0,141.0,110.0,115.0,85.0,87.5,150.0,Down,Up,15,30,50,25,55.8743961352657,52.10828025477707,58.87378640776699,52.90384615384615,6,5ogs5ura,,,,,0
14,cfp8kvc9,,0,587,587,FinalPage,ThankYou,2026-09-16 05:16:28.907618,1,,,166.67,4,,0.0,M_exp_W_exp,,,,,,,,,,,0,0,,,300,150,,,,,,,,,,,,,,,,,1,1,"1, 3",4,0.0,0.0,0.0,0.0,0.0,0,0,0,1,1,3,0.0,0.0,0,0,141.0,110.0,115.0,85.0,87.5,150.0,Down,Up,15,30,50,25,55.8743961352657,52.10828025477707,58.87378640776699,52.90384615384615,6,5ogs5ura,,,,,0
15,tt26hkpl,,0,587,587,FinalPage,ThankYou,2026-09-16 05:16:29.004337,1,,,222.22,5,,0.0,M_exp_W_exp,,,,,,,,,,,0,0,,,141,111,,,,,,,,,,,,,,,,,1,1,"1, 3",4,0.0,0.0,0.0,0.0,0.0,0,0,0,1,1,3,0.0,0.0,0,0,141.0,110.0,115.0,85.0,87.5,150.0,Down,Up,15,30,50,25,55.8743961352657,52.10828025477707,58.87378640776699,52.90384615384615,6,5ogs5ura,,,,,0
16,jfy8jxqv,,0,587,587,FinalPage,ThankYou,2026-09-16 05:16:28.995970,1,,,888.89,1,,0.0,M_exp_W_exp,,,,,,,,,,,0,0,,,120,130,,,,,,,,,,,,,,,,,1,1,"1, 3",4,0.0,0.0,0.0,0.0,0.0,0,0,0,-1,1,4,0.0,0.0,0,1,125.0,125.0,75.0,200.0,120.0,75.0,Up,Down,50,100,20,50,55.8743961352657,52.10828025477707,58.87378640776699,52.90384615384615,6,5ogs5ura,,,,,0
17,eveqm1ww,,0,587,587,FinalPage,ThankYou,2026-09-16 05:16:29.059992,1,,,611.11,2,,0.0,M_exp_W_exp,,,,,,,,,,,0,0,,,150,100,,,,,,,,,,,,,,,,,1,1,"1, 3",4,0.0,0.0,0.0,0.0,0.0,0,0,0,1,-1,4,0.0,0.0,0,1,125.0,125.0,75.0,200.0,120.0,75.0,Up,Down,50,100,20,50,55.8743961352657,52.10828025477707,58.87378640776699,52.90384615384615,6,5ogs5ura,,,,,0
18,1dtln5rg,,0,587,587,FinalPage,ThankYou,2026-09-16 05:16:29.088262,1,,,1388.89,3,,0.0,M_exp_W_exp,,,,,,,,,,,0,0,,,125,125,,,,,,,,,,,,,,,,,1,1,"1, 3",4,0.0,0.0,0.0,0.0,0.0,0,0,0,0,1,4,0.0,0.0,0,1,125.0,125.0,75.0,200.0,120.0,75.0,Up,Down,50,100,20,50,55.8743961352657,52.10828025477707,58.87378640776699,52.90384615384615,6,5ogs5ura,,,,,0
19,5ltpvdck,,0,587,587,FinalPage,ThankYou,2026-09-16 05:16:29.095601,1,,,500.0,4,,0.0,M_exp_W_exp,,,,,,,,,,,0,0,,,145,120,,,,,,,,,,,,,,,,,1,1,"1, 3",4,0.0,0.0,0.0,0.0,0.0,0,0,0,1,-1,4,0.0,0.0,0,1,125.0,125.0,75.0,200.0,120.0,75.0,Up,Down,50,100,20,50,55.8743961352657,52.10828025477707,58.87378640776699,52.90384615384615,6,5ogs5ura,,,,,0
20,ic1ocjv5,,0,587,587,FinalPage,ThankYou,2026-09-16 05:16:30.086752,1,,,1222.22,5,,0.0,M_exp_W_exp,,,,,,,,,,,0,0,,,125,125,,,,,,,,,,,,,,,,,1,1,"1, 3",4,0.0,0.0,0.0,0.0,0.0,0,0,0,-1,0,4,0.0,0.0,0,1,125.0,125.0,75.0,200.0,120.0,75.0,Up,Down,50,100,20,50,55.8743961352657,52.10828025477707,58.87378640776699,52.90384615384615,6,5ogs5ura,,,,,0
21,zd9eakrm,,0,587,587,FinalPage,ThankYou,2026-09-16 05:16:29.456622,1,,,722.22,1,,0.0,M_exp_W_exp,,,,,,,,,,,0,0,,,120,95,,,,,,,,,,,,,,,,,1,1,"1, 3",4,0.0,0.0,0.0,0.0,0.0,0,0,0,-1,-1,5,0.0,0.0,0,0,130.0,96.0,92.5,175.0,150.0,80.0,Up,Down,15,75,40,50,55.8743961352657,52.10828025477707,58.87378640776699,52.90384615384615,6,5ogs5ura,,,,,0
22,8tpz5m2a,,0,587,587,FinalPage,ThankYou,2026-09-16 05:16:29.516011,1,,,722.22,2,,0.0,M_exp_W_exp,,,,,,,,,,,0,0,,,140,1,,,,,,,,,,,,,,,,,1,1,"1, 3",4,0.0,0.0,0.0,0.0,0.0,0,0,0,1,-1,5,0.0,0.0,0,0,130.0,96.0,92.5,175.0,150.0,80.0,Up,Down,15,75,40,50,55.8743961352657,52.10828025477707,58.87378640776699,52.90384615384615,6,5ogs5ura,,,,,0
23,wfmdx2nb,,0,587,587,FinalPage,ThankYou,2026-09-16 05:16:29.865656,1,,,833.33,3,,0.0,M_exp_W_exp,,,,,,,,,,,0,0,,,100,100,,,,,,,,,,,,,,,,,1,1,"1, 3",4,0.0,0.0,0.0,0.0,0.0,0,0,0,-1,1,5,0.0,0.0,0,0,130.0,96.0,92.5,175.0,150.0,80.0,Up,Down,15,75,40,50,55.8743961352657,52.10828025477707,58.87378640776699,52.90384615384615,6,5ogs5ura,,,,,0
24,y40upi5t,,0,587,587,FinalPage,ThankYou,2026-09-16 05:16:29.980971,1,,,944.44,4,,0.0,M_exp_W_exp,,,,,,,,,,,0,0,,,200,400,,,,,,,,,,,,,,,,,1,1,"1, 3",4,0.0,0.0,0.0,0.0,0.0,0,0,0,1,1,5,0.0,0.0,0,0,130.0,96.0,92.5,175.0,150.0,80.0,Up,Down,15,75,40,50,55.8743961352657,52.10828025477707,58.87378640776699,52.90384615384615,6,5ogs5ura,,,,,0
25,s6nkestj,,0,587,587,FinalPage,ThankYou,2026-09-16 05:16:30.425302,1,,,833.33,5,,0.0,M_exp_W_exp,,,,,,,,,,,0,0,,,130,96,,,,,,,,,,,,,,,,,1,1,"1, 3",4,0.0,0.0,0.0,0.0,0.0,0,0,0,0,0,5,0.0,0.0,0,0,130.0,96.0,92.5,175.0,150.0,80.0,Up,Down,15,75,40,50,55.8743961352657,52.10828025477707,58.87378640776699,52.90384615384615,6,5ogs5ura,,,,,0
1,qvfebldb,,0,587,587,FinalPage,ThankYou,2026-09-16 05:16:27.267099,1,,,500.0,1,,0.0,M_exp_W_exp,,,,,,,,,,,0,0,,,356,100,,,,,,,,,,,,,,,,,1,1,"1, 3",4,0.0,0.0,0.0,0.0,0.0,0,0,0,1,0,1,0.0,0.0,1,0,340.0,100.0,75.0,170.0,50.0,200.0,Down,Up,50,70,100,100,55.8743961352657,52.10828025477707,58.87378640776699,52.90384615384615,7,5ogs5ura,,,,,0
2,vbjq2y24,,0,587,587,FinalPage,ThankYou,2026-09-16 05:16:27.586302,1,,,888.89,2,,0.0,M_exp_W_exp,,,,,,,,,,,0,0,,,300,115,,,,,,,,,,,,,,,,,1,1,"1, 3",4,0.0,0.0,0.0,0.0,0.0,0,0,0,-1,1,1,0.0,0.0,1,0,340.0,100.0,75.0,170.0,50.0,200.0,Down,Up,50,70,100,100,55.8743961352657,52.10828025477707,58.87378640776699,52.90384615384615,7,5ogs5ura,,,,,0
3,fjbh3h2b,,0,587,587,FinalPage,ThankYou,2026-09-16 05:16:27.633391,1,,,1277.78,3,,0.0,M_exp_W_exp,,,,,,,,,,,0,0,,,335,100,,,,,,,,,,,,,,,,,1,1,"1, 3",4,0.0,0.0,0.0,0.0,0.0,0,0,0,-1,1,1,0.0,0.0,1,0,340.0,100.0,75.0,170.0,50.0,200.0,Down,Up,50,70,100,100,55.8743961352657,52.10828025477707,58.87378640776699,52.90384615384615,7,5ogs5ura,,,,,0
4,j0v5am99,,0,587,587,FinalPage,ThankYou,2026-09-16 05:16:28.512590,1,,,55.56,4,,0.0,M_exp_W_exp,,,,,,,,,,,0,0,,,345,90,,,,,,,,,,,,,,,,,1,1,"1, 3",4,0.0,0.0,0.0,0.0,0.0,0,0,0,1,-1,1,0.0,0.0,1,0,340.0,100.0,75.0,170.0,50.0,200.0,Down,Up,50,70,100,100,55.8743961352657,52.10828025477707,58.87378640776699,52.90384615384615,7,5ogs5ura,,,,,0
5,wz4uvd97,,0,587,587,FinalPage,ThankYou,2026-09-16 05:16:28.547078,1,,,722.22,5,,0.0,M_exp_W_exp,,,,,,,,,,,0,0,,,340,95,,,,,,,,,,,,,,,,,1,1,"1, 3",4,0.0,0.0,0.0,0.0,0.0,0,0,0,0,-1,1,0.0,0.0,1,0,340.0,100.0,75.0,170.0,50.0,200.0,Down,Up,50,70,100,100,55.8743961352657,52.10828025477707,58.87378640776699,52.90384615384615,7,5ogs5ura,,,,,0
6,bw46f79x,,0,587,587,FinalPage,ThankYou,2026-09-16 05:16:28.718813,1,,,944.44,1,,0.0,M_exp_W_exp,,,,,,,,,,,0,0,,,170,50,,,,,,,,,,,,,,,,,1,1,"1, 3",4,0.0,0.0,0.0,0.0,0.0,0,0,0,1,-1,2,0.0,0.0,0,0,160.0,100.0,150.0,120.0,150.0,175.0,Up,Up,50,20,75,50,55.8743961352657,52.10828025477707,58.87378640776699,52.90384615384615,7,5ogs5ura,,,,,0
7,42qlc5nb,,0,587,587,FinalPage,ThankYou,2026-09-16 05:16:28.741028,1,,,888.89,2,,0.0,M_exp_W_exp,,,,,,,,,,,0,0,,,175,100,,,,,,,,,,,,,,,,,1,1,"1, 3",4,0.0,0.0,0.0,0.0,0.0,0,0,0,1,0,2,0.0,0.0,0,0,160.0,100.0,150.0,120.0,150.0,175.0,Up,Up,50,20,75,50,55.8743961352657,52.10828025477707,58.87378640776699,52.90384615384615,7,5ogs5ura,,,,,0
8,jw6ngkbn,,0,587,587,FinalPage,ThankYou,2026-09-16 05:16:28.756835,1,,,1166.67,3,,0.0,M_exp_W_exp,,,,,,,,,,,0,0,,,150,115,,,,,,,,,,,,,,,,,1,1,"1, 3",4,0.0,0.0,0.0,0.0,0.0,0,0,0,-1,1,2,0.0,0.0,0,0,160.0,100.0,150.0,120.0,150.0,175.0,Up,Up,50,20,75,50,55.8743961352657,52.10828025477707,58.87378640776699,52.90384615384615,7,5ogs5ura,,,,,0
9,booloaq9,,0,587,587,FinalPage,ThankYou,2026-09-16 05:16:28.796456,1,,,944.44,4,,0.0,M_exp_W_exp,,,,,,,,,,,0,0,,,160,100,,,,,,,,,,,,,,,,,1,1,"1, 3",4,0.0,0.0,0.0,0.0,0.0,0,0,0,0,-1,2,0.0,0.0,0,0,160.0,100.0,150.0,120.0,150.0,175.0,Up,Up,50,20,75,50,55.8743961352657,52.10828025477707,58.87378640776699,52.90384615384615,7,5ogs5ura,,,,,0
10,2pc7nfit,,0,587,587,FinalPage,ThankYou,2026-09-16 05:16:28.842084,1,,,833.33,5,,0.0,M_exp_W_exp,,,,,,,,,,,0,0,,,152,123,,,,,,,,,,,,,,,,,1,1,"1, 3",4,0.0,0.0,0.0,0.0,0.0,0,0,0,-1,1,2,0.0,0.0,0,0,160.0,100.0,150.0,120.0,150.0,175.0,Up,Up,50,20,75,50,55.8743961352657,52.10828025477707,58.87378640776699,52.90384615384615,7,5ogs5ura,,,,,0
11,t7rx3zw3,,0,587,587,FinalPage,ThankYou,2026-09-16 05:16:28.859938,1,,,944.44,1,,0.0,M_exp_W_exp,,,,,,,,,,,0,0,,,135,110,,,,,,,,,,,,,,,,,1,1,"1, 3",4,0.0,0.0,0.0,0.0,0.0,0,0,0,-1,0,3,0.0,0.0,0,0,142.0,110.0,115.0,85.0,87.5,150.0,Down,Up,15,30,50,25,55.8743961352657,52.10828025477707,58.87378640776699,52.90384615384615,7,5ogs5ura,,,,,0
12,p48n4bh0,,0,587,587,FinalPage,ThankYou,2026-09-16 05:16:28.869908,1,,,666.67,2,,0.0,M_exp_W_exp,,,,,,,,,,,0,0,,,150,150,,,,,,,,,,,,,,,,,1,1,"1, 3",4,0.0,0.0,0.0,0.0,0.0,0,0,0,1,1,3,0.0,0.0,0,0,142.0,110.0,115.0,85.0,87.5,150.0,Down,Up,15,30,50,25,55.8743961352657,52.10828025477707,58.87378640776699,52.90384615384615,7,5ogs5ura,,,,,0
13,folcs8ow,,0,587,587,FinalPage,ThankYou,2026-09-16 05:16:28.891871,1,,,944.44,3,,0.0,M_exp_W_exp,,,,,,,,,,,0,0,,,145,105,,,,,,,,,,,,,,,,,1,1,"1, 3",4,0.0,0.0,0.0,0.0,0.0,0,0,0,1,-1,3,0.0,0.0,0,0,142.0,110.0,115.0,85.0,87.5,150.0,Down,Up,15,30,50,25,55.8743961352657,52.10828025477707,58.87378640776699,52.90384615384615,7,5ogs5ura,,,,,0
14,cfp8kvc9,,0,587,587,FinalPage,ThankYou,2026-09-16 05:16:28.907618,1,,,166.67,4,,0.0,M_exp_W_exp,,,,,,,,,,,0,0,,,100,100,,,,,,,,,,,,,,,,,1,1,"1, 3",4,0.0,0.0,0.0,0.0,0.0,0,0,0,-1,-1,3,0.0,0.0,0,0,142.0,110.0,115.0,85.0,87.5,150.0,Down,Up,15,30,50,25,55.8743961352657,52.10828025477707,58.87378640776699,52.90384615384615,7,5ogs5ura,,,,,0
15,tt26hkpl,,0,587,587,FinalPage,ThankYou,2026-09-16 05:16:29.004337,1,,,222.22,5,,0.0,M_exp_W_exp,,,,,,,,,,,0,0,,,142,111,,,,,,,,,,,,,,,,,1,1,"1, 3",4,0.0,0.0,0.0,0.0,0.0,0,0,0,0,1,3,0.0,0.0,0,0,142.0,110.0,115.0,85.0,87.5,150.0,Down,Up,15,30,50,25,55.8743961352657,52.10828025477707,58.87378640776699,52.90384615384615,7,5ogs5ura,,,,,0
16,jfy8jxqv,,0,587,587,FinalPage,ThankYou,2026-09-16 05:16:28.995970,1,,,888.89,1,,0.0,M_exp_W_exp,,,,,,,,,,,0,0,,,120,130,,,,,,,,,,,,,,,,,1,1,"1, 3",4,0.0,0.0,0.0,0.0,0.0,0,0,0,-1,1,4,0.0,0.0,0,1,125.0,125.0,75.0,200.0,120.0,75.0,Up,Down,50,100,20,50,55.8743961352657,52.10828025477707,58.87378640776699,52.90384615384615,7,5ogs5ura,,,,,0
17,eveqm1ww,,0,587,587,FinalPage,ThankYou,2026-09-16 05:16:29.059992,1,,,611.11,2,,0.0,M_exp_W_exp,,,,,,,,,,,0,0,,,140,125,,,,,,,,,,,,,,,,,1,1,"1, 3",4,0.0,0.0,0.0,0.0,0.0,0,0,0,1,1,4,0.0,0.0,0,1,125.0,125.0,75.0,200.0,120.0,75.0,Up,Down,50,100,20,50,55.8743961352657,52.10828025477707,58.87378640776699,52.90384615384615,7,5ogs5ura,,,,,0
18,1dtln5rg,,0,587,587,FinalPage,ThankYou,2026-09-16 05:16:29.088262,1,,,1388.89,3,,0.0,M_exp_W_exp,,,,,,,,,,,0,0,,,125,125,,,,,,,,,,,,,,,,,1,1,"1, 3",4,0.0,0.0,0.0,0.0,0.0,0,0,0,-1,0,4,0.0,0.0,0,1,125.0,125.0,75.0,200.0,120.0,75.0,Up,Down,50,100,20,50,55.8743961352657,52.10828025477707,58.87378640776699,52.90384615384615,7,5ogs5ura,,,,,0
19,5ltpvdck,,0,587,587,FinalPage,ThankYou,2026-09-16 05:16:29.095601,1,,,500.0,4,,0.0,M_exp_W_exp,,,,,,,,,,,0,0,,,140,120,,,,,,,,,,,,,,,,,1,1,"1, 3",4,0.0,0.0,0.0,0.0,0.0,0,0,0,1,-1,4,0.0,0.0,0,1,125.0,125.0,75.0,200.0,120.0,75.0,Up,Down,50,100,20,50,55.8743961352657,52.10828025477707,58.87378640776699,52.90384615384615,7,5ogs5ura,,,,,0
20,ic1ocjv5,,0,587,587,FinalPage,ThankYou,2026-09-16 05:16:30.086752,1,,,1222.22,5,,0.0,M_exp_W_exp,,,,,,,,,,,0,0,,,125,125,,,,,,,,,,,,,,,,,1,1,"1, 3",4,0.0,0.0,0.0,0.0,0.0,0,0,0,0,-1,4,0.0,0.0,0,1,125.0,125.0,75.0,200.0,120.0,75.0,Up,Down,50,100,20,50,55.8743961352657,52.10828025477707,58.87378640776699,52.90384615384615,7,5ogs5ura,,,,,0
21,zd9eakrm,,0,587,587,FinalPage,ThankYou,2026-09-16 05:16:29.456622,1,,,722.22,1,,0.0,M_exp_W_exp,,,,,,,,,,,0,0,,,120,95,,,,,,,,,,,,,,,,,1,1,"1, 3",4,0.0,0.0,0.0,0.0,0.0,0,0,0,-1,-1,5,0.0,0.0,0,0,132.0,96.0,92.5,175.0,150.0,80.0,Up,Down,15,75,40,50,55.8743961352657,52.10828025477707,58.87378640776699,52.90384615384615,7,5ogs5ura,,,,,0
22,8tpz5m2a,,0,587,587,FinalPage,ThankYou,2026-09-16 05:16:29.516011,1,,,722.22,2,,0.0,M_exp_W_exp,,,,,,,,,,,0,0,,,140,1,,,,,,,,,,,,,,,,,1,1,"1, 3",4,0.0,0.0,0.0,0.0,0.0,0,0,0,1,-1,5,0.0,0.0,0,0,132.0,96.0,92.5,175.0,150.0,80.0,Up,Down,15,75,40,50,55.8743961352657,52.10828025477707,58.87378640776699,52.90384615384615,7,5ogs5ura,,,,,0
23,wfmdx2nb,,0,587,587,FinalPage,ThankYou,2026-09-16 05:16:29.865656,1,,,833.33,3,,0.0,M_exp_W_exp,,,,,,,,,,,0,0,,,200,100,,,,,,,,,,,,,,,,,1,1,"1, 3",4,0.0,0.0,0.0,0.0,0.0,0,0,0,1,1,5,0.0,0.0,0,0,132.0,96.0,92.5,175.0,150.0,80.0,Up,Down,15,75,40,50,55.8743961352657,52.10828025477707,58.87378640776699,52.90384615384615,7,5ogs5ura,,,,,0
24,y40upi5t,,0,587,587,FinalPage,ThankYou,2026-09-16 05:16:29.980971,1,,,944.44,4,,0.0,M_exp_W_exp,,,,,,,,,,,0,0,,,2,598,,,,,,,,,,,,,,,,,1,1,"1, 3",4,0.0,0.0,0.0,0.0,0.0,0,0,0,-1,1,5,0.0,0.0,0,0,132.0,96.0,92.5,175.0,150.0,80.0,Up,Down,15,75,40,50,55.8743961352657,52.10828025477707,58.87378640776699,52.90384615384615,7,5ogs5ura,,,,,0
25,s6nkestj,,0,587,587,FinalPage,ThankYou,2026-09-16 05:16:30.425302,1,,,833.33,5,,0.0,M_exp_W_exp,,,,,,,,,,,0,0,,,132,96,,,,,,,,,,,,,,,,,1,1,"1, 3",4,0.0,0.0,0.0,0.0,0.0,0,0,0,0,0,5,0.0,0.0,0,0,132.0,96.0,92.5,175.0,150.0,80.0,Up,Down,15,75,40,50,55.8743961352657,52.10828025477707,58.87378640776699,52.90384615384615,7,5ogs5ura,,,,,0
1,qvfebldb,,0,587,587,FinalPage,ThankYou,2026-09-16 05:16:27.267099,1,,,500.0,1,,0.0,M_exp_W_exp,,,,,,,,,,,0,0,,,330,120,,,,,,,,,,,,,,,,,1,1,"1, 3",4,0.0,0.0,0.0,0.0,0.0,0,0,0,1,1,1,0.0,0.0,1,0,325.0,95.0,75.0,170.0,50.0,200.0,Down,Up,50,70,100,100,55.8743961352657,52.10828025477707,58.87378640776699,52.90384615384615,8,5ogs5ura,,,,,0
2,vbjq2y24,,0,587,587,FinalPage,ThankYou,2026-09-16 05:16:27.586302,1,,,888.89,2,,0.0,M_exp_W_exp,,,,,,,,,,,0,0,,,250,110,,,,,,,,,,,,,,,,,1,1,"1, 3",4,0.0,0.0,0.0,0.0,0.0,0,0,0,-1,1,1,0.0,0.0,1,0,325.0,95.0,75.0,170.0,50.0,200.0,Down,Up,50,70,100,100,55.8743961352657,52.10828025477707,58.87378640776699,52.90384615384615,8,5ogs5ura,,,,,0
3,fjbh3h2b,,0,587,587,FinalPage,ThankYou,2026-09-16 05:16:27.633391,1,,,1277.78,3,,0.0,M_exp_W_exp,,,,,,,,,,,0,0,,,325,95,,,,,,,,,,,,,,,,,1,1,"1, 3",4,0.0,0.0,0.0,0.0,0.0,0,0,0,0,-1,1,0.0,0.0,1,0,325.0,95.0,75.0,170.0,50.0,200.0,Down,Up,50,70,100,100,55.8743961352657,52.10828025477707,58.87378640776699,52.90384615384615,8,5ogs5ura,,,,,0
4,j0v5am99,,0,587,587,FinalPage,ThankYou,2026-09-16 05:16:28.512590,1,,,55.56,4,,0.0,M_exp_W_exp,,,,,,,,,,,0,0,,,320,90,,,,,,,,,,,,,,,,,1,1,"1, 3",4,0.0,0.0,0.0,0.0,0.0,0,0,0,-1,-1,1,0.0,0.0,1,0,325.0,95.0,75.0,170.0,50.0,200.0,Down,Up,50,70,100,100,55.8743961352657,52.10828025477707,58.87378640776699,52.90384615384615,8,5ogs5ura,,,,,0
5,wz4uvd97,,0,587,587,FinalPage,ThankYou,2026-09-16 05:16:28.547078,1,,,722.22,5,,0.0,M_exp_W_exp,,,,,,,,,,,0,0,,,335,95,,,,,,,,,,,,,,,,,1,1,"1, 3",4,0.0,0.0,0.0,0.0,0.0,0,0,0,1,0,1,0.0,0.0,1,0,325.0,95.0,75.0,170.0,50.0,200.0,Down,Up,50,70,100,100,55.8743961352657,52.10828025477707,58.87378640776699,52.90384615384615,8,5ogs5ura,,,,,0
6,bw46f79x,,0,587,587,FinalPage,ThankYou,2026-09-16 05:16:28.718813,1,,,944.44,1,,0.0,M_exp_W_exp,,,,,,,,,,,0,0,,,180,110,,,,,,,,,,,,,,,,,1,1,"1, 3",4,0.0,0.0,0.0,0.0,0.0,0,0,0,1,1,2,0.0,0.0,0,0,165.0,100.0,150.0,120.0,150.0,175.0,Up,Up,50,20,75,50,55.8743961352657,52.10828025477707,58.87378640776699,52.90384615384615,8,5ogs5ura,,,,,0
7,42qlc5nb,,0,587,587,FinalPage,ThankYou,2026-09-16 05:16:28.741028,1,,,888.89,2,,0.0,M_exp_W_exp,,,,,,,,,,,0,0,,,165,100,,,,,,,,,,,,,,,,,1,1,"1, 3",4,0.0,0.0,0.0,0.0,0.0,0,0,0,0,1,2,0.0,0.0,0,0,165.0,100.0,150.0,120.0,150.0,175.0,Up,Up,50,20,75,50,55.8743961352657,52.10828025477707,58.87378640776699,52.90384615384615,8,5ogs5ura,,,,,0
8,jw6ngkbn,,0,587,587,FinalPage,ThankYou,2026-09-16 05:16:28.756835,1,,,1166.67,3,,0.0,M_exp_W_exp,,,,,,,,,,,0,0,,,150,95,,,,,,,,,,,,,,,,,1,1,"1, 3",4,0.0,0.0,0.0,0.0,0.0,0,0,0,-1,-1,2,0.0,0.0,0,0,165.0,100.0,150.0,120.0,150.0,175.0,Up,Up,50,20,75,50,55.8743961352657,52.10828025477707,58.87378640776699,52.90384615384615,8,5ogs5ura,,,,,0
9,booloaq9,,0,587,587,FinalPage,ThankYou,2026-09-16 05:16:28.796456,1,,,944.44,4,,0.0,M_exp_W_exp,,,,,,,,,,,0,0,,,170,85,,,,,,,,,,,,,,,,,1,1,"1, 3",4,0.0,0.0,0.0,0.0,0.0,0,0,0,1,-1,2,0.0,0.0,0,0,165.0,100.0,150.0,120.0,150.0,175.0,Up,Up,50,20,75,50,55.8743961352657,52.10828025477707,58.87378640776699,52.90384615384615,8,5ogs5ura,,,,,0
10,2pc7nfit,,0,587,587,FinalPage,ThankYou,2026-09-16 05:16:28.842084,1,,,833.33,5,,0.0,M_exp_W_exp,,,,,,,,,,,0,0,,,140,100,,,,,,,,,,,,,,,,,1,1,"1, 3",4,0.0,0.0,0.0,0.0,0.0,0,0,0,-1,0,2,0.0,0.0,0,0,165.0,100.0,150.0,120.0,150.0,175.0,Up,Up,50,20,75,50,55.8743961352657,52.10828025477707,58.87378640776699,52.90384615384615,8,5ogs5ura,,,,,0
11,t7rx3zw3,,0,587,587,FinalPage,ThankYou,2026-09-16 05:16:28.859938,1,,,944.44,1,,0.0,M_exp_W_exp,,,,,,,,,,,0,0,,,135,110,,,,,,,,,,,,,,,,,1,1,"1, 3",4,0.0,0.0,0.0,0.0,0.0,0,0,0,-1,0,3,0.0,0.0,0,0,144.0,110.0,115.0,85.0,87.5,150.0,Down,Up,15,30,50,25,55.8743961352657,52.10828025477707,58.87378640776699,52.90384615384615,8,5ogs5ura,,,,,0
12,p48n4bh0,,0,587,587,FinalPage,ThankYou,2026-09-16 05:16:28.869908,1,,,666.67,2,,0.0,M_exp_W_exp,,,,,,,,,,,0,0,,,100,100,,,,,,,,,,,,,,,,,1,1,"1, 3",4,0.0,0.0,0.0,0.0,0.0,0,0,0,-1,-1,3,0.0,0.0,0,0,144.0,110.0,115.0,85.0,87.5,150.0,Down,Up,15,30,50,25,55.8743961352657,52.10828025477707,58.87378640776699,52.90384615384615,8,5ogs5ura,,,,,0
13,folcs8ow,,0,587,587,FinalPage,ThankYou,2026-09-16 05:16:28.891871,1,,,944.44,3,,0.0,M_exp_W_exp,,,,,,,,,,,0,0,,,144,105,,,,,,,,,,,,,,,,,1,1,"1, 3",4,0.0,0.0,0.0,0.0,0.0,0,0,0,1,-1,3,0.0,0.0,0,0,144.0,110.0,115.0,85.0,87.5,150.0,Down,Up,15,30,50,25,55.8743961352657,52.10828025477707,58.87378640776699,52.90384615384615,8,5ogs5ura,,,,,0
14,cfp8kvc9,,0,587,587,FinalPage,ThankYou,2026-09-16 05:16:28.907618,1,,,166.67,4,,0.0,M_exp_W_exp,,,,,,,,,,,0,0,,,200,200,,,,,,,,,,,,,,,,,1,1,"1, 3",4,0.0,0.0,0.0,0.0,0.0,0,0,0,1,1,3,0.0,0.0,0,0,144.0,110.0,115.0,85.0,87.5,150.0,Down,Up,15,30,50,25,55.8743961352657,52.10828025477707,58.87378640776699,52.90384615384615,8,5ogs5ura,,,,,0
15,tt26hkpl,,0,587,587,FinalPage,ThankYou,2026-09-16 05:16:29.004337,1,,,222.22,5,,0.0,M_exp_W_exp,,,,,,,,,,,0,0,,,144,111,,,,,,,,,,,,,,,,,1,1,"1, 3",4,0.0,0.0,0.0,0.0,0.0,0,0,0,0,1,3,0.0,0.0,0,0,144.0,110.0,115.0,85.0,87.5,150.0,Down,Up,15,30,50,25,55.8743961352657,52.10828025477707,58.87378640776699,52.90384615384615,8,5ogs5ura,,,,,0
16,jfy8jxqv,,0,587,587,FinalPage,ThankYou,2026-09-16 05:16:28.995970,1,,,888.89,1,,0.0,M_exp_W_exp,,,,,,,,,,,0,0,,,120,130,,,,,,,,,,,,,,,,,1,1,"1, 3",4,0.0,0.0,0.0,0.0,0.0,0,0,0,-1,1,4,0.0,0.0,0,1,125.0,125.0,75.0,200.0,120.0,75.0,Up,Down,50,100,20,50,55.8743961352657,52.10828025477707,58.87378640776699,52.90384615384615,8,5ogs5ura,,,,,0
17,eveqm1ww,,0,587,587,FinalPage,ThankYou,2026-09-16 05:16:29.059992,1,,,611.11,2,,0.0,M_exp_W_exp,,,,,,,,,,,0,0,,,135,125,,,,,,,,,,,,,,,,,1,1,"1, 3",4,0.0,0.0,0.0,0.0,0.0,0,0,0,1,-1,4,0.0,0.0,0,1,125.0,125.0,75.0,200.0,120.0,75.0,Up,Down,50,100,20,50,55.8743961352657,52.10828025477707,58.87378640776699,52.90384615384615,8,5ogs5ura,,,,,0
18,1dtln5rg,,0,587,587,FinalPage,ThankYou,2026-09-16 05:16:29.088262,1,,,1388.89,3,,0.0,M_exp_W_exp,,,,,,,,,,,0,0,,,125,125,,,,,,,,,,,,,,,,,1,1,"1, 3",4,0.0,0.0,0.0,0.0,0.0,0,0,0,0,1,4,0.0,0.0,0,1,125.0,125.0,75.0,200.0,120.0,75.0,Up,Down,50,100,20,50,55.8743961352657,52.10828025477707,58.87378640776699,52.90384615384615,8,5ogs5ura,,,,,0
19,5ltpvdck,,0,587,587,FinalPage,ThankYou,2026-09-16 05:16:29.095601,1,,,500.0,4,,0.0,M_exp_W_exp,,,,,,,,,,,0,0,,,140,120,,,,,,,,,,,,,,,,,1,1,"1, 3",4,0.0,0.0,0.0,0.0,0.0,0,0,0,1,-1,4,0.0,0.0,0,1,125.0,125.0,75.0,200.0,120.0,75.0,Up,Down,50,100,20,50,55.8743961352657,52.10828025477707,58.87378640776699,52.90384615384615,8,5ogs5ura,,,,,0
20,ic1ocjv5,,0,587,587,FinalPage,ThankYou,2026-09-16 05:16:30.086752,1,,,1222.22,5,,0.0,M_exp_W_exp,,,,,,,,,,,0,0,,,125,125,,,,,,,,,,,,,,,,,1,1,"1, 3",4,0.0,0.0,0.0,0.0,0.0,0,0,0,-1,0,4,0.0,0.0,0,1,125.0,125.0,75.0,200.0,120.0,75.0,Up,Down,50,100,20,50,55.8743961352657,52.10828025477707,58.87378640776699,52.90384615384615,8,5ogs5ura,,,,,0
21,zd9eakrm,,0,587,587,FinalPage,ThankYou,2026-09-16 05:16:29.456622,1,,,722.22,1,,0.0,M_exp_W_exp,,,,,,,,,,,0,0,,,120,95,,,,,,,,,,,,,,,,,1,1,"1, 3",4,0.0,0.0,0.0,0.0,0.0,0,0,0,-1,1,5,0.0,0.0,0,0,135.0,50.0,92.5,175.0,150.0,80.0,Up,Down,15,75,40,50,55.8743961352657,52.10828025477707,58.87378640776699,52.90384615384615,8,5ogs5ura,,,,,0
22,8tpz5m2a,,0,587,587,FinalPage,ThankYou,2026-09-16 05:16:29.516011,1,,,722.22,2,,0.0,M_exp_W_exp,,,,,,,,,,,0,0,,,140,1,,,,,,,,,,,,,,,,,1,1,"1, 3",4,0.0,0.0,0.0,0.0,0.0,0,0,0,1,-1,5,0.0,0.0,0,0,135.0,50.0,92.5,175.0,150.0,80.0,Up,Down,15,75,40,50,55.8743961352657,52.10828025477707,58.87378640776699,52.90384615384615,8,5ogs5ura,,,,,0
23,wfmdx2nb,,0,587,587,FinalPage,ThankYou,2026-09-16 05:16:29.865656,1,,,833.33,3,,0.0,M_exp_W_exp,,,,,,,,,,,0,0,,,100,1,,,,,,,,,,,,,,,,,1,1,"1, 3",4,0.0,0.0,0.0,0.0,0.0,0,0,0,-1,-1,5,0.0,0.0,0,0,135.0,50.0,92.5,175.0,150.0,80.0,Up,Down,15,75,40,50,55.8743961352657,52.10828025477707,58.87378640776699,52.90384615384615,8,5ogs5ura,,,,,0
24,y40upi5t,,0,587,587,FinalPage,ThankYou,2026-09-16 05:16:29.980971,1,,,944.44,4,,0.0,M_exp_W_exp,,,,,,,,,,,0,0,,,550,50,,,,,,,,,,,,,,,,,1,1,"1, 3",4,0.0,0.0,0.0,0.0,0.0,0,0,0,1,0,5,0.0,0.0,0,0,135.0,50.0,92.5,175.0,150.0,80.0,Up,Down,15,75,40,50,55.8743961352657,52.10828025477707,58.87378640776699,52.90384615384615,8,5ogs5ura,,,,,0
25,s6nkestj,,0,587,587,FinalPage,ThankYou,2026-09-16 05:16:30.425302,1,,,833.33,5,,0.0,M_exp_W_exp,,,,,,,,,,,0,0,,,135,96,,,,,,,,,,,,,,,,,1,1,"1, 3",4,0.0,0.0,0.0,0.0,0.0,0,0,0,0,1,5,0.0,0.0,0,0,135.0,50.0,92.5,175.0,150.0,80.0,Up,Down,15,75,40,50,55.8743961352657,52.10828025477707,58.87378640776699,52.90384615384615,8,5ogs5ura,,,,,0
1,qvfebldb,,0,587,587,FinalPage,ThankYou,2026-09-16 05:16:27.267099,1,,,500.0,1,,0.0,M_exp_W_exp,,,,,,,,,,,0,0,,,310,110,,,,,,,,,,,,,,,,,1,1,"1, 3",4,0.0,0.0,0.0,0.0,0.0,0,0,0,0,1,1,0.0,0.0,1,0,310.0,100.0,75.0,170.0,50.0,200.0,Down,Up,50,70,100,100,55.8743961352657,52.10828025477707,58.87378640776699,52.90384615384615,9,5ogs5ura,,,,,0
2,vbjq2y24,,0,587,587,FinalPage,ThankYou,2026-09-16 05:16:27.586302,1,,,888.89,2,,0.0,M_exp_W_exp,,,,,,,,,,,0,0,,,200,105,,,,,,,,,,,,,,,,,1,1,"1, 3",4,0.0,0.0,0.0,0.0,0.0,0,0,0,-1,1,1,0.0,0.0,1,0,310.0,100.0,75.0,170.0,50.0,200.0,Down,Up,50,70,100,100,55.8743961352657,52.10828025477707,58.87378640776699,52.90384615384615,9,5ogs5ura,,,,,0
3,fjbh3h2b,,0,587,587,FinalPage,ThankYou,2026-09-16 05:16:27.633391,1,,,1277.78,3,,0.0,M_exp_W_exp,,,,,,,,,,,0,0,,,300,100,,,,,,,,,,,,,,,,,1,1,"1, 3",4,0.0,0.0,0.0,0.0,0.0,0,0,0,-1,0,1,0.0,0.0,1,0,310.0,100.0,75.0,170.0,50.0,200.0,Down,Up,50,70,100,100,55.8743961352657,52.10828025477707,58.87378640776699,52.90384615384615,9,5ogs5ura,,,,,0
4,j0v5am99,,0,587,587,FinalPage,ThankYou,2026-09-16 05:16:28.512590,1,,,55.56,4,,0.0,M_exp_W_exp,,,,,,,,,,,0,0,,,320,85,,,,,,,,,,,,,,,,,1,1,"1, 3",4,0.0,0.0,0.0,0.0,0.0,0,0,0,1,-1,1,0.0,0.0,1,0,310.0,100.0,75.0,170.0,50.0,200.0,Down,Up,50,70,100,100,55.8743961352657,52.10828025477707,58.87378640776699,52.90384615384615,9,5ogs5ura,,,,,0
5,wz4uvd97,,0,587,587,FinalPage,ThankYou,2026-09-16 05:16:28.547078,1,,,722.22,5,,0.0,M_exp_W_exp,,,,,,,,,,,0,0,,,310,90,,,,,,,,,,,,,,,,,1,1,"1, 3",4,0.0,0.0,0.0,0.0,0.0,0,0,0,1,-1,1,0.0,0.0,1,0,310.0,100.0,75.0,170.0,50.0,200.0,Down,Up,50,70,100,100,55.8743961352657,52.10828025477707,58.87378640776699,52.90384615384615,9,5ogs5ura,,,,,0
6,bw46f79x,,0,587,587,FinalPage,ThankYou,2026-09-16 05:16:28.718813,1,,,944.44,1,,0.0,M_exp_W_exp,,,,,,,,,,,0,0,,,180,110,,,,,,,,,,,,,,,,,1,1,"1, 3",4,0.0,0.0,0.0,0.0,0.0,0,0,0,1,1,2,0.0,0.0,0,0,165.0,95.0,150.0,120.0,150.0,175.0,Up,Up,50,20,75,50,55.8743961352657,52.10828025477707,58.87378640776699,52.90384615384615,9,5ogs5ura,,,,,0
7,42qlc5nb,,0,587,587,FinalPage,ThankYou,2026-09-16 05:16:28.741028,1,,,888.89,2,,0.0,M_exp_W_exp,,,,,,,,,,,0,0,,,170,90,,,,,,,,,,,,,,,,,1,1,"1, 3",4,0.0,0.0,0.0,0.0,0.0,0,0,0,1,-1,2,0.0,0.0,0,0,165.0,95.0,150.0,120.0,150.0,175.0,Up,Up,50,20,75,50,55.8743961352657,52.10828025477707,58.87378640776699,52.90384615384615,9,5ogs5ura,,,,,0
8,jw6ngkbn,,0,587,587,FinalPage,ThankYou,2026-09-16 05:16:28.756835,1,,,1166.67,3,,0.0,M_exp_W_exp,,,,,,,,,,,0,0,,,150,95,,,,,,,,,,,,,,,,,1,1,"1, 3",4,0.0,0.0,0.0,0.0,0.0,0,0,0,-1,0,2,0.0,0.0,0,0,165.0,95.0,150.0,120.0,150.0,175.0,Up,Up,50,20,75,50,55.8743961352657,52.10828025477707,58.87378640776699,52.90384615384615,9,5ogs5ura,,,,,0
9,booloaq9,,0,587,587,FinalPage,ThankYou,2026-09-16 05:16:28.796456,1,,,944.44,4,,0.0,M_exp_W_exp,,,,,,,,,,,0,0,,,165,98,,,,,,,,,,,,,,,,,1,1,"1, 3",4,0.0,0.0,0.0,0.0,0.0,0,0,0,0,1,2,0.0,0.0,0,0,165.0,95.0,150.0,120.0,150.0,175.0,Up,Up,50,20,75,50,55.8743961352657,52.10828025477707,58.87378640776699,52.90384615384615,9,5ogs5ura,,,,,0
10,2pc7nfit,,0,587,587,FinalPage,ThankYou,2026-09-16 05:16:28.842084,1,,,833.33,5,,0.0,M_exp_W_exp,,,,,,,,,,,0,0,,,155,90,,,,,,,,,,,,,,,,,1,1,"1, 3",4,0.0,0.0,0.0,0.0,0.0,0,0,0,-1,-1,2,0.0,0.0,0,0,165.0,95.0,150.0,120.0,150.0,175.0,Up,Up,50,20,75,50,55.8743961352657,52.10828025477707,58.87378640776699,52.90384615384615,9,5ogs5ura,,,,,0
11,t7rx3zw3,,0,587,587,FinalPage,ThankYou,2026-09-16 05:16:28.859938,1,,,944.44,1,,0.0,M_exp_W_exp,,,,,,,,,,,0,0,,,135,110,,,,,,,,,,,,,,,,,1,1,"1, 3",4,0.0,0.0,0.0,0.0,0.0,0,0,0,0,0,3,0.0,0.0,0,0,135.0,110.0,115.0,85.0,87.5,150.0,Down,Up,15,30,50,25,55.8743961352657,52.10828025477707,58.87378640776699,52.90384615384615,9,5ogs5ura,,,,,0
12,p48n4bh0,,0,587,587,FinalPage,ThankYou,2026-09-16 05:16:28.869908,1,,,666.67,2,,0.0,M_exp_W_exp,,,,,,,,,,,0,0,,,100,100,,,,,,,,,,,,,,,,,1,1,"1, 3",4,0.0,0.0,0.0,0.0,0.0,0,0,0,-1,-1,3,0.0,0.0,0,0,135.0,110.0,115.0,85.0,87.5,150.0,Down,Up,15,30,50,25,55.8743961352657,52.10828025477707,58.87378640776699,52.90384615384615,9,5ogs5ura,,,,,0
13,folcs8ow,,0,587,587,FinalPage,ThankYou,2026-09-16 05:16:28.891871,1,,,944.44,3,,0.0,M_exp_W_exp,,,,,,,,,,,0,0,,,130,105,,,,,,,,,,,,,,,,,1,1,"1, 3",4,0.0,0.0,0.0,0.0,0.0,0,0,0,-1,-1,3,0.0,0.0,0,0,135.0,110.0,115.0,85.0,87.5,150.0,Down,Up,15,30,50,25,55.8743961352657,52.10828025477707,58.87378640776699,52.90384615384615,9,5ogs5ura,,,,,0
14,cfp8kvc9,,0,587,587,FinalPage,ThankYou,2026-09-16 05:16:28.907618,1,,,166.67,4,,0.0,M_exp_W_exp,,,,,,,,,,,0,0,,,200,200,,,,,,,,,,,,,,,,,1,1,"1, 3",4,0.0,0.0,0.0,0.0,0.0,0,0,0,1,1,3,0.0,0.0,0,0,135.0,110.0,115.0,85.0,87.5,150.0,Down,Up,15,30,50,25,55.8743961352657,52.10828025477707,58.87378640776699,52.90384615384615,9,5ogs5ura,,,,,0
15,tt26hkpl,,0,587,587,FinalPage,ThankYou,2026-09-16 05:16:29.004337,1,,,222.22,5,,0.0,M_exp_W_exp,,,,,,,,,,,0,0,,,150,111,,,,,,,,,,,,,,,,,1,1,"1, 3",4,0.0,0.0,0.0,0.0,0.0,0,0,0,1,1,3,0.0,0.0,0,0,135.0,110.0,115.0,85.0,87.5,150.0,Down,Up,15,30,50,25,55.8743961352657,52.10828025477707,58.87378640776699,52.90384615384615,9,5ogs5ura,,,,,0
16,jfy8jxqv,,0,587,587,FinalPage,ThankYou,2026-09-16 05:16:28.995970,1,,,888.89,1,,0.0,M_exp_W_exp,,,,,,,,,,,0,0,,,120,130,,,,,,,,,,,,,,,,,1,1,"1, 3",4,0.0,0.0,0.0,0.0,0.0,0,0,0,-1,1,4,0.0,0.0,0,1,125.0,125.0,75.0,200.0,120.0,75.0,Up,Down,50,100,20,50,55.8743961352657,52.10828025477707,58.87378640776699,52.90384615384615,9,5ogs5ura,,,,,0
17,eveqm1ww,,0,587,587,FinalPage,ThankYou,2026-09-16 05:16:29.059992,1,,,611.11,2,,0.0,M_exp_W_exp,,,,,,,,,,,0,0,,,135,125,,,,,,,,,,,,,,,,,1,1,"1, 3",4,0.0,0.0,0.0,0.0,0.0,0,0,0,1,1,4,0.0,0.0,0,1,125.0,125.0,75.0,200.0,120.0,75.0,Up,Down,50,100,20,50,55.8743961352657,52.10828025477707,58.87378640776699,52.90384615384615,9,5ogs5ura,,,,,0
18,1dtln5rg,,0,587,587,FinalPage,ThankYou,2026-09-16 05:16:29.088262,1,,,1388.89,3,,0.0,M_exp_W_exp,,,,,,,,,,,0,0,,,125,125,,,,,,,,,,,,,,,,,1,1,"1, 3",4,0.0,0.0,0.0,0.0,0.0,0,0,0,-1,0,4,0.0,0.0,0,1,125.0,125.0,75.0,200.0,120.0,75.0,Up,Down,50,100,20,50,55.8743961352657,52.10828025477707,58.87378640776699,52.90384615384615,9,5ogs5ura,,,,,0
19,5ltpvdck,,0,587,587,FinalPage,ThankYou,2026-09-16 05:16:29.095601,1,,,500.0,4,,0.0,M_exp_W_exp,,,,,,,,,,,0,0,,,140,120,,,,,,,,,,,,,,,,,1,1,"1, 3",4,0.0,0.0,0.0,0.0,0.0,0,0,0,1,-1,4,0.0,0.0,0,1,125.0,125.0,75.0,200.0,120.0,75.0,Up,Down,50,100,20,50,55.8743961352657,52.10828025477707,58.87378640776699,52.90384615384615,9,5ogs5ura,,,,,0
20,ic1ocjv5,,0,587,587,FinalPage,ThankYou,2026-09-16 05:16:30.086752,1,,,1222.22,5,,0.0,M_exp_W_exp,,,,,,,,,,,0,0,,,125,125,,,,,,,,,,,,,,,,,1,1,"1, 3",4,0.0,0.0,0.0,0.0,0.0,0,0,0,0,-1,4,0.0,0.0,0,1,125.0,125.0,75.0,200.0,120.0,75.0,Up,Down,50,100,20,50,55.8743961352657,52.10828025477707,58.87378640776699,52.90384615384615,9,5ogs5ura,,,,,0
21,zd9eakrm,,0,587,587,FinalPage,ThankYou,2026-09-16 05:16:29.456622,1,,,722.22,1,,0.0,M_exp_W_exp,,,,,,,,,,,0,0,,,120,95,,,,,,,,,,,,,,,,,1,1,"1, 3",4,0.0,0.0,0.0,0.0,0.0,0,0,0,-1,1,5,0.0,0.0,0,0,140.0,40.0,92.5,175.0,150.0,80.0,Up,Down,15,75,40,50,55.8743961352657,52.10828025477707,58.87378640776699,52.90384615384615,9,5ogs5ura,,,,,0
22,8tpz5m2a,,0,587,587,FinalPage,ThankYou,2026-09-16 05:16:29.516011,1,,,722.22,2,,0.0,M_exp_W_exp,,,,,,,,,,,0,0,,,140,1,,,,,,,,,,,,,,,,,1,1,"1, 3",4,0.0,0.0,0.0,0.0,0.0,0,0,0,0,-1,5,0.0,0.0,0,0,140.0,40.0,92.5,175.0,150.0,80.0,Up,Down,15,75,40,50,55.8743961352657,52.10828025477707,58.87378640776699,52.90384615384615,9,5ogs5ura,,,,,0
23,wfmdx2nb,,0,587,587,FinalPage,ThankYou,2026-09-16 05:16:29.865656,1,,,833.33,3,,0.0,M_exp_W_exp,,,,,,,,,,,0,0,,,150,150,,,,,,,,,,,,,,,,,1,1,"1, 3",4,0.0,0.0,0.0,0.0,0.0,0,0,0,1,1,5,0.0,0.0,0,0,140.0,40.0,92.5,175.0,150.0,80.0,Up,Down,15,75,40,50,55.8743961352657,52.10828025477707,58.87378640776699,52.90384615384615,9,5ogs5ura,,,,,0
24,y40upi5t,,0,587,587,FinalPage,ThankYou,2026-09-16 05:16:29.980971,1,,,944.44,4,,0.0,M_exp_W_exp,,,,,,,,,,,0,0,,,599,1,,,,,,,,,,,,,,,,,1,1,"1, 3",4,0.0,0.0,0.0,0.0,0.0,0,0,0,1,-1,5,0.0,0.0,0,0,140.0,40.0,92.5,175.0,150.0,80.0,Up,Down,15,75,40,50,55.8743961352657,52.10828025477707,58.87378640776699,52.90384615384615,9,5ogs5ura,,,,,0
25,s6nkestj,,0,587,587,FinalPage,ThankYou,2026-09-16 05:16:30.425302,1,,,833.33,5,,0.0,M_exp_W_exp,,,,,,,,,,,0,0,,,136,40,,,,,,,,,,,,,,,,,1,1,"1, 3",4,0.0,0.0,0.0,0.0,0.0,0,0,0,-1,0,5,0.0,0.0,0,0,140.0,40.0,92.5,175.0,150.0,80.0,Up,Down,15,75,40,50,55.8743961352657,52.10828025477707,58.87378640776699,52.90384615384615,9,5ogs5ura,,,,,0
1,qvfebldb,,0,587,587,FinalPage,ThankYou,2026-09-16 05:16:27.267099,1,,,500.0,1,,0.0,M_exp_W_exp,,,,,,,,,,,0,0,,,321,105,,,,,,,,,,,,,,,,,1,1,"1, 3",4,0.0,0.0,0.0,0.0,0.0,0,0,0,1,1,1,0.0,0.0,1,0,295.0,100.0,75.0,170.0,50.0,200.0,Down,Up,50,70,100,100,55.8743961352657,52.10828025477707,58.87378640776699,52.90384615384615,10,5ogs5ura,,,,,0
2,vbjq2y24,,0,587,587,FinalPage,ThankYou,2026-09-16 05:16:27.586302,1,,,888.89,2,,0.0,M_exp_W_exp,,,,,,,,,,,0,0,,,200,110,,,,,,,,,,,,,,,,,1,1,"1, 3",4,0.0,0.0,0.0,0.0,0.0,0,0,0,-1,1,1,0.0,0.0,1,0,295.0,100.0,75.0,170.0,50.0,200.0,Down,Up,50,70,100,100,55.8743961352657,52.10828025477707,58.87378640776699,52.90384615384615,10,5ogs5ura,,,,,0
3,fjbh3h2b,,0,587,587,FinalPage,ThankYou,2026-09-16 05:16:27.633391,1,,,1277.78,3,,0.0,M_exp_W_exp,,,,,,,,,,,0,0,,,295,100,,,,,,,,,,,,,,,,,1,1,"1, 3",4,0.0,0.0,0.0,0.0,0.0,0,0,0,0,0,1,0.0,0.0,1,0,295.0,100.0,75.0,170.0,50.0,200.0,Down,Up,50,70,100,100,55.8743961352657,52.10828025477707,58.87378640776699,52.90384615384615,10,5ogs5ura,,,,,0
4,j0v5am99,,0,587,587,FinalPage,ThankYou,2026-09-16 05:16:28.512590,1,,,55.56,4,,0.0,M_exp_W_exp,,,,,,,,,,,0,0,,,300,95,,,,,,,,,,,,,,,,,1,1,"1, 3",4,0.0,0.0,0.0,0.0,0.0,0,0,0,1,-1,1,0.0,0.0,1,0,295.0,100.0,75.0,170.0,50.0,200.0,Down,Up,50,70,100,100,55.8743961352657,52.10828025477707,58.87378640776699,52.90384615384615,10,5ogs5ura,,,,,0
5,wz4uvd97,,0,587,587,FinalPage,ThankYou,2026-09-16 05:16:28.547078,1,,,722.22,5,,0.0,M_exp_W_exp,,,,,,,,,,,0,0,,,285,85,,,,,,,,,,,,,,,,,1,1,"1, 3",4,0.0,0.0,0.0,0.0,0.0,0,0,0,-1,-1,1,0.0,0.0,1,0,295.0,100.0,75.0,170.0,50.0,200.0,Down,Up,50,70,100,100,55.8743961352657,52.10828025477707,58.87378640776699,52.90384615384615,10,5ogs5ura,,,,,0
6,bw46f79x,,0,587,587,FinalPage,ThankYou,2026-09-16 05:16:28.718813,1,,,944.44,1,,0.0,M_exp_W_exp,,,,,,,,,,,0,0,,,190,100,,,,,,,,,,,,,,,,,1,1,"1, 3",4,0.0,0.0,0.0,0.0,0.0,0,0,0,1,1,2,0.0,0.0,0,0,170.0,90.0,150.0,120.0,150.0,175.0,Up,Up,50,20,75,50,55.8743961352657,52.10828025477707,58.87378640776699,52.90384615384615,10,5ogs5ura,,,,,0
7,42qlc5nb,,0,587,587,FinalPage,ThankYou,2026-09-16 05:16:28.741028,1,,,888.89,2,,0.0,M_exp_W_exp,,,,,,,,,,,0,0,,,170,90,,,,,,,,,,,,,,,,,1,1,"1, 3",4,0.0,0.0,0.0,0.0,0.0,0,0,0,0,1,2,0.0,0.0,0,0,170.0,90.0,150.0,120.0,150.0,175.0,Up,Up,50,20,75,50,55.8743961352657,52.10828025477707,58.87378640776699,52.90384615384615,10,5ogs5ura,,,,,0
8,jw6ngkbn,,0,587,587,FinalPage,ThankYou,2026-09-16 05:16:28.756835,1,,,1166.67,3,,0.0,M_exp_W_exp,,,,,,,,,,,0,0,,,150,90,,,,,,,,,,,,,,,,,1,1,"1, 3",4,0.0,0.0,0.0,0.0,0.0,0,0,0,-1,-1,2,0.0,0.0,0,0,170.0,90.0,150.0,120.0,150.0,175.0,Up,Up,50,20,75,50,55.8743961352657,52.10828025477707,58.87378640776699,52.90384615384615,10,5ogs5ura,,,,,0
9,booloaq9,,0,587,587,FinalPage,ThankYou,2026-09-16 05:16:28.796456,1,,,944.44,4,,0.0,M_exp_W_exp,,,,,,,,,,,0,0,,,165,80,,,,,,,,,,,,,,,,,1,1,"1, 3",4,0.0,0.0,0.0,0.0,0.0,0,0,0,-1,-1,2,0.0,0.0,0,0,170.0,90.0,150.0,120.0,150.0,175.0,Up,Up,50,20,75,50,55.8743961352657,52.10828025477707,58.87378640776699,52.90384615384615,10,5ogs5ura,,,,,0
10,2pc7nfit,,0,587,587,FinalPage,ThankYou,2026-09-16 05:16:28.842084,1,,,833.33,5,,0.0,M_exp_W_exp,,,,,,,,,,,0,0,,,476,90,,,,,,,,,,,,,,,,,1,1,"1, 3",4,0.0,0.0,0.0,0.0,0.0,0,0,0,1,0,2,0.0,0.0,0,0,170.0,90.0,150.0,120.0,150.0,175.0,Up,Up,50,20,75,50,55.8743961352657,52.10828025477707,58.87378640776699,52.90384615384615,10,5ogs5ura,,,,,0
11,t7rx3zw3,,0,587,587,FinalPage,ThankYou,2026-09-16 05:16:28.859938,1,,,944.44,1,,0.0,M_exp_W_exp,,,,,,,,,,,0,0,,,140,110,,,,,,,,,,,,,,,,,1,1,"1, 3",4,0.0,0.0,0.0,0.0,0.0,0,0,0,1,0,3,0.0,0.0,0,0,140.0,110.0,115.0,85.0,87.5,150.0,Down,Up,15,30,50,25,55.8743961352657,52.10828025477707,58.87378640776699,52.90384615384615,10,5ogs5ura,,,,,0
12,p48n4bh0,,0,587,587,FinalPage,ThankYou,2026-09-16 05:16:28.869908,1,,,666.67,2,,0.0,M_exp_W_exp,,,,,,,,,,,0,0,,,100,100,,,,,,,,,,,,,,,,,1,1,"1, 3",4,0.0,0.0,0.0,0.0,0.0,0,0,0,-1,-1,3,0.0,0.0,0,0,140.0,110.0,115.0,85.0,87.5,150.0,Down,Up,15,30,50,25,55.8743961352657,52.10828025477707,58.87378640776699,52.90384615384615,10,5ogs5ura,,,,,0
13,folcs8ow,,0,587,587,FinalPage,ThankYou,2026-09-16 05:16:28.891871,1,,,944.44,3,,0.0,M_exp_W_exp,,,,,,,,,,,0,0,,,140,105,,,,,,,,,,,,,,,,,1,1,"1, 3",4,0.0,0.0,0.0,0.0,0.0,0,0,0,0,-1,3,0.0,0.0,0,0,140.0,110.0,115.0,85.0,87.5,150.0,Down,Up,15,30,50,25,55.8743961352657,52.10828025477707,58.87378640776699,52.90384615384615,10,5ogs5ura,,,,,0
14,cfp8kvc9,,0,587,587,FinalPage,ThankYou,2026-09-16 05:16:28.907618,1,,,166.67,4,,0.0,M_exp_W_exp,,,,,,,,,,,0,0,,,200,200,,,,,,,,,,,,,,,,,1,1,"1, 3",4,0.0,0.0,0.0,0.0,0.0,0,0,0,1,1,3,0.0,0.0,0,0,140.0,110.0,115.0,85.0,87.5,150.0,Down,Up,15,30,50,25,55.8743961352657,52.10828025477707,58.87378640776699,52.90384615384615,10,5ogs5ura,,,,,0
15,tt26hkpl,,0,587,587,FinalPage,ThankYou,2026-09-16 05:16:29.004337,1,,,222.22,5,,0.0,M_exp_W_exp,,,,,,,,,,,0,0,,,137,111,,,,,,,,,,,,,,,,,1,1,"1, 3",4,0.0,0.0,0.0,0.0,0.0,0,0,0,-1,1,3,0.0,0.0,0,0,140.0,110.0,115.0,85.0,87.5,150.0,Down,Up,15,30,50,25,55.8743961352657,52.10828025477707,58.87378640776699,52.90384615384615,10,5ogs5ura,,,,,0
16,jfy8jxqv,,0,587,587,FinalPage,ThankYou,2026-09-16 05:16:28.995970,1,,,888.89,1,,0.0,M_exp_W_exp,,,,,,,,,,,0,0,,,120,120,,,,,,,,,,,,,,,,,1,1,"1, 3",4,0.0,0.0,0.0,0.0,0.0,0,0,0,-1,-1,4,0.0,0.0,0,1,125.0,125.0,75.0,200.0,120.0,75.0,Up,Down,50,100,20,50,55.8743961352657,52.10828025477707,58.87378640776699,52.90384615384615,10,5ogs5ura,,,,,0
17,eveqm1ww,,0,587,587,FinalPage,ThankYou,2026-09-16 05:16:29.059992,1,,,611.11,2,,0.0,M_exp_W_exp,,,,,,,,,,,0,0,,,135,126,,,,,,,,,,,,,,,,,1,1,"1, 3",4,0.0,0.0,0.0,0.0,0.0,0,0,0,1,1,4,0.0,0.0,0,1,125.0,125.0,75.0,200.0,120.0,75.0,Up,Down,50,100,20,50,55.8743961352657,52.10828025477707,58.87378640776699,52.90384615384615,10,5ogs5ura,,,,,0
18,1dtln5rg,,0,587,587,FinalPage,ThankYou,2026-09-16 05:16:29.088262,1,,,1388.89,3,,0.0,M_exp_W_exp,,,,,,,,,,,0,0,,,125,125,,,,,,,,,,,,,,,,,1,1,"1, 3",4,0.0,0.0,0.0,0.0,0.0,0,0,0,1,1,4,0.0,0.0,0,1,125.0,125.0,75.0,200.0,120.0,75.0,Up,Down,50,100,20,50,55.8743961352657,52.10828025477707,58.87378640776699,52.90384615384615,10,5ogs5ura,,,,,0
19,5ltpvdck,,0,587,587,FinalPage,ThankYou,2026-09-16 05:16:29.095601,1,,,500.0,4,,0.0,M_exp_W_exp,,,,,,,,,,,0,0,,,110,120,,,,,,,,,,,,,,,,,1,1,"1, 3",4,0.0,0.0,0.0,0.0,0.0,0,0,0,-1,-1,4,0.0,0.0,0,1,125.0,125.0,75.0,200.0,120.0,75.0,Up,Down,50,100,20,50,55.8743961352657,52.10828025477707,58.87378640776699,52.90384615384615,10,5ogs5ura,,,,,0
20,ic1ocjv5,,0,587,587,FinalPage,ThankYou,2026-09-16 05:16:30.086752,1,,,1222.22,5,,0.0,M_exp_W_exp,,,,,,,,,,,0,0,,,125,125,,,,,,,,,,,,,,,,,1,1,"1, 3",4,0.0,0.0,0.0,0.0,0.0,0,0,0,0,0,4,0.0,0.0,0,1,125.0,125.0,75.0,200.0,120.0,75.0,Up,Down,50,100,20,50,55.8743961352657,52.10828025477707,58.87378640776699,52.90384615384615,10,5ogs5ura,,,,,0
21,zd9eakrm,,0,587,587,FinalPage,ThankYou,2026-09-16 05:16:29.456622,1,,,722.22,1,,0.0,M_exp_W_exp,,,,,,,,,,,0,0,,,120,95,,,,,,,,,,,,,,,,,1,1,"1, 3",4,0.0,0.0,0.0,0.0,0.0,0,0,0,-1,1,5,0.0,0.0,0,0,142.0,30.0,92.5,175.0,150.0,80.0,Up,Down,15,75,40,50,55.8743961352657,52.10828025477707,58.87378640776699,52.90384615384615,10,5ogs5ura,,,,,0
22,8tpz5m2a,,0,587,587,FinalPage,ThankYou,2026-09-16 05:16:29.516011,1,,,722.22,2,,0.0,M_exp_W_exp,,,,,,,,,,,0,0,,,142,1,,,,,,,,,,,,,,,,,1,1,"1, 3",4,0.0,0.0,0.0,0.0,0.0,0,0,0,0,-1,5,0.0,0.0,0,0,142.0,30.0,92.5,175.0,150.0,80.0,Up,Down,15,75,40,50,55.8743961352657,52.10828025477707,58.87378640776699,52.90384615384615,10,5ogs5ura,,,,,0
23,wfmdx2nb,,0,587,587,FinalPage,ThankYou,2026-09-16 05:16:29.865656,1,,,833.33,3,,0.0,M_exp_W_exp,,,,,,,,,,,0,0,,,150,100,,,,,,,,,,,,,,,,,1,1,"1, 3",4,0.0,0.0,0.0,0.0,0.0,0,0,0,1,1,5,0.0,0.0,0,0,142.0,30.0,92.5,175.0,150.0,80.0,Up,Down,15,75,40,50,55.8743961352657,52.10828025477707,58.87378640776699,52.90384615384615,10,5ogs5ura,,,,,0
24,y40upi5t,,0,587,587,FinalPage,ThankYou,2026-09-16 05:16:29.980971,1,,,944.44,4,,0.0,M_exp_W_exp,,,,,,,,,,,0,0,,,599,1,,,,,,,,,,,,,,,,,1,1,"1, 3",4,0.0,0.0,0.0,0.0,0.0,0,0,0,1,-1,5,0.0,0.0,0,0,142.0,30.0,92.5,175.0,150.0,80.0,Up,Down,15,75,40,50,55.8743961352657,52.10828025477707,58.87378640776699,52.90384615384615,10,5ogs5ura,,,,,0
25,s6nkestj,,0,587,587,FinalPage,ThankYou,2026-09-16 05:16:30.425302,1,,,833.33,5,,0.0,M_exp_W_exp,,,,,,,,,,,0,0,,,100,30,,,,,,,,,,,,,,,,,1,1,"1, 3",4,0.0,0.0,0.0,0.0,0.0,0,0,0,-1,0,5,0.0,0.0,0,0,142.0,30.0,92.5,175.0,150.0,80.0,Up,Down,15,75,40,50,55.8743961352657,52.10828025477707,58.87378640776699,52.90384615384615,10,5ogs5ura,,,,,0
1,qvfebldb,,0,587,587,FinalPage,ThankYou,2026-09-16 05:16:27.267099,1,,,500.0,1,,0.0,M_exp_W_exp,,,,,90,,,,,,0,0,250,350,,,,,,,,,,,80,259.0,80,250.0,150,450.0,120,400.0,1,1,"1, 3",4,0.0,0.0,0.0,0.0,0.0,0,0,1,0,0,1,250.0,300.0,1,0,0.0,0.0,75.0,170.0,50.0,200.0,Down,Up,50,70,100,100,55.8743961352657,52.10828025477707,58.87378640776699,52.90384615384615,11,5ogs5ura,,,,,0
2,vbjq2y24,,0,587,587,FinalPage,ThankYou,2026-09-16 05:16:27.586302,1,,,888.89,2,,0.0,M_exp_W_exp,,,,,50,,,,,,0,0,130,140,,,,,,,,,,,155,145.0,143,138.0,165,155.0,147,142.0,1,1,"1, 3",4,0.0,0.0,0.0,0.0,0.0,0,-1,-1,0,0,1,250.0,300.0,1,0,0.0,0.0,75.0,170.0,50.0,200.0,Down,Up,50,70,100,100,55.8743961352657,52.10828025477707,58.87378640776699,52.90384615384615,11,5ogs5ura,,,,,0
3,fjbh3h2b,,0,587,587,FinalPage,ThankYou,2026-09-16 05:16:27.633391,1,,,1277.78,3,,0.0,M_exp_W_exp,,,,,55,,,,,,0,0,150,150,,,,,,,,,,,105,150.0,95,150.0,125,300.0,130,300.0,1,1,"1, 3",4,0.0,0.0,0.0,0.0,0.0,0,-1,-1,0,0,1,250.0,300.0,1,0,0.0,0.0,75.0,170.0,50.0,200.0,Down,Up,50,70,100,100,55.8743961352657,52.10828025477707,58.87378640776699,52.90384615384615,11,5ogs5ura,,,,,0
4,j0v5am99,,0,587,587,FinalPage,ThankYou,2026-09-16 05:16:28.512590,1,,,55.56,4,,0.0,M_exp_W_exp,,,,,22,,,,,,0,0,300,300,,,,,,,,,,,150,520.0,150,520.0,160,545.0,160,540.0,1,1,"1, 3",4,0.0,0.0,0.0,0.0,0.0,0,1,0,0,0,1,250.0,300.0,1,0,0.0,0.0,75.0,170.0,50.0,200.0,Down,Up,50,70,100,100,55.8743961352657,52.10828025477707,58.87378640776699,52.90384615384615,11,5ogs5ura,,,,,0
5,wz4uvd97,,0,587,587,FinalPage,ThankYou,2026-09-16 05:16:28.547078,1,,,722.22,5,,0.0,M_exp_W_exp,,,,,60,,,,,,0,0,300,300,,,,,,,,,,,80,400.0,100,450.0,120,400.0,135,450.0,1,1,"1, 3",4,0.0,0.0,0.0,0.0,0.0,0,1,1,0,0,1,250.0,300.0,1,0,0.0,0.0,75.0,170.0,50.0,200.0,Down,Up,50,70,100,100,55.8743961352657,52.10828025477707,58.87378640776699,52.90384615384615,11,5ogs5ura,,,,,0
6,bw46f79x,,0,587,587,FinalPage,ThankYou,2026-09-16 05:16:28.718813,1,,,944.44,1,,0.0,M_exp_W_exp,,,,,53,,,,,,0,0,170,175,,,,,,,,,,,29,130.0,30,100.0,54,150.0,30,110.0,1,1,"1, 3",4,0.0,0.0,0.0,0.0,0.0,0,-1,-1,0,0,2,180.0,180.0,0,0,0.0,0.0,150.0,120.0,150.0,175.0,Up,Up,50,20,75,50,55.8743961352657,52.10828025477707,58.87378640776699,52.90384615384615,11,5ogs5ura,,,,,0
7,42qlc5nb,,0,587,587,FinalPage,ThankYou,2026-09-16 05:16:28.741028,1,,,888.89,2,,0.0,M_exp_W_exp,,,,,0,,,,,,0,0,300,200,,,,,,,,,,,100,300.0,100,300.0,100,300.0,100,300.0,1,1,"1, 3",4,0.0,0.0,0.0,0.0,0.0,0,1,1,0,0,2,180.0,180.0,0,0,0.0,0.0,150.0,120.0,150.0,175.0,Up,Up,50,20,75,50,55.8743961352657,52.10828025477707,58.87378640776699,52.90384615384615,11,5ogs5ura,,,,,0
8,jw6ngkbn,,0,587,587,FinalPage,ThankYou,2026-09-16 05:16:28.756835,1,,,1166.67,3,,0.0,M_exp_W_exp,,,,,50,,,,,,0,0,140,140,,,,,,,,,,,130,140.0,125,145.0,130,140.0,125,145.0,1,1,"1, 3",4,0.0,0.0,0.0,0.0,0.0,0,-1,-1,0,0,2,180.0,180.0,0,0,0.0,0.0,150.0,120.0,150.0,175.0,Up,Up,50,20,75,50,55.8743961352657,52.10828025477707,58.87378640776699,52.90384615384615,11,5ogs5ura,,,,,0
9,booloaq9,,0,587,587,FinalPage,ThankYou,2026-09-16 05:16:28.796456,1,,,944.44,4,,0.0,M_exp_W_exp,,,,,50,,,,,,0,0,180,180,,,,,,,,,,,31,181.0,49,150.0,31,181.0,49,150.0,1,1,"1, 3",4,0.0,0.0,0.0,0.0,0.0,0,0,0,0,0,2,180.0,180.0,0,0,0.0,0.0,150.0,120.0,150.0,175.0,Up,Up,50,20,75,50,55.8743961352657,52.10828025477707,58.87378640776699,52.90384615384615,11,5ogs5ura,,,,,0
10,2pc7nfit,,0,587,587,FinalPage,ThankYou,2026-09-16 05:16:28.842084,1,,,833.33,5,,0.0,M_exp_W_exp,,,,,30,,,,,,0,0,300,300,,,,,,,,,,,150,490.0,160,470.0,160,500.0,160,470.0,1,1,"1, 3",4,0.0,0.0,0.0,0.0,0.0,0,1,1,0,0,2,180.0,180.0,0,0,0.0,0.0,150.0,120.0,150.0,175.0,Up,Up,50,20,75,50,55.8743961352657,52.10828025477707,58.87378640776699,52.90384615384615,11,5ogs5ura,,,,,0
11,t7rx3zw3,,0,587,587,FinalPage,ThankYou,2026-09-16 05:16:28.859938,1,,,944.44,1,,0.0,M_exp_W_exp,,,,,40,,,,,,0,0,100,100,,,,,,,,,,,100,140.0,110,160.0,100,140.0,150,200.0,1,1,"1, 3",4,0.0,0.0,0.0,0.0,0.0,0,-1,-1,0,0,3,130.0,148.0,0,0,0.0,0.0,115.0,85.0,87.5,150.0,Down,Up,15,30,50,25,55.8743961352657,52.10828025477707,58.87378640776699,52.90384615384615,11,5ogs5ura,,,,,0
12,p48n4bh0,,0,587,587,FinalPage,ThankYou,2026-09-16 05:16:28.869908,1,,,666.67,2,,0.0,M_exp_W_exp,,,,,50,,,,,,0,0,250,350,,,,,,,,,,,150,450.0,150,400.0,150,450.0,150,400.0,1,1,"1, 3",4,0.0,0.0,0.0,0.0,0.0,0,1,1,0,0,3,130.0,148.0,0,0,0.0,0.0,115.0,85.0,87.5,150.0,Down,Up,15,30,50,25,55.8743961352657,52.10828025477707,58.87378640776699,52.90384615384615,11,5ogs5ura,,,,,0
13,folcs8ow,,0,587,587,FinalPage,ThankYou,2026-09-16 05:16:28.891871,1,,,944.44,3,,0.0,M_exp_W_exp,,,,,60,,,,,,0,0,142,148,,,,,,,,,,,120,140.0,120,142.0,130,148.0,130,148.0,1,1,"1, 3",4,0.0,0.0,0.0,0.0,0.0,0,1,0,0,0,3,130.0,148.0,0,0,0.0,0.0,115.0,85.0,87.5,150.0,Down,Up,15,30,50,25,55.8743961352657,52.10828025477707,58.87378640776699,52.90384615384615,11,5ogs5ura,,,,,0
14,cfp8kvc9,,0,587,587,FinalPage,ThankYou,2026-09-16 05:16:28.907618,1,,,166.67,4,,0.0,M_exp_W_exp,,,,,65,,,,,,0,0,130,200,,,,,,,,,,,200,150.0,150,150.0,200,150.0,150,150.0,1,1,"1, 3",4,0.0,0.0,0.0,0.0,0.0,0,0,1,0,0,3,130.0,148.0,0,0,0.0,0.0,115.0,85.0,87.5,150.0,Down,Up,15,30,50,25,55.8743961352657,52.10828025477707,58.87378640776699,52.90384615384615,11,5ogs5ura,,,,,0
15,tt26hkpl,,0,587,587,FinalPage,ThankYou,2026-09-16 05:16:29.004337,1,,,222.22,5,,0.0,M_exp_W_exp,,,,,50,,,,,,0,0,111,141,,,,,,,,,,,100,110.0,100,110.0,100,140.0,100,140.0,1,1,"1, 3",4,0.0,0.0,0.0,0.0,0.0,0,-1,-1,0,0,3,130.0,148.0,0,0,0.0,0.0,115.0,85.0,87.5,150.0,Down,Up,15,30,50,25,55.8743961352657,52.10828025477707,58.87378640776699,52.90384615384615,11,5ogs5ura,,,,,0
16,jfy8jxqv,,0,587,587,FinalPage,ThankYou,2026-09-16 05:16:28.995970,1,,,888.89,1,,0.0,M_exp_W_exp,,,,,20,,,,,,0,0,200,100,,,,,,,,,,,100,200.0,150,300.0,100,200.0,150,300.0,1,1,"1, 3",4,0.0,0.0,0.0,0.0,0.0,0,1,-1,0,0,4,125.0,125.0,0,1,0.0,0.0,75.0,200.0,120.0,75.0,Up,Down,50,100,20,50,55.8743961352657,52.10828025477707,58.87378640776699,52.90384615384615,11,5ogs5ura,,,,,0
17,eveqm1ww,,0,587,587,FinalPage,ThankYou,2026-09-16 05:16:29.059992,1,,,611.11,2,,0.0,M_exp_W_exp,,,,,75,,,,,,0,0,100,145,,,,,,,,,,,50,100.0,50,100.0,150,250.0,150,200.0,1,1,"1, 3",4,0.0,0.0,0.0,0.0,0.0,0,-1,1,0,0,4,125.0,125.0,0,1,0.0,0.0,75.0,200.0,120.0,75.0,Up,Down,50,100,20,50,55.8743961352657,52.10828025477707,58.87378640776699,52.90384615384615,11,5ogs5ura,,,,,0
18,1dtln5rg,,0,587,587,FinalPage,ThankYou,2026-09-16 05:16:29.088262,1,,,1388.89,3,,0.0,M_exp_W_exp,,,,,50,,,,,,0,0,125,125,,,,,,,,,,,100,125.0,100,125.0,100,125.0,100,125.0,1,1,"1, 3",4,0.0,0.0,0.0,0.0,0.0,0,-1,1,0,0,4,125.0,125.0,0,1,0.0,0.0,75.0,200.0,120.0,75.0,Up,Down,50,100,20,50,55.8743961352657,52.10828025477707,58.87378640776699,52.90384615384615,11,5ogs5ura,,,,,0
19,5ltpvdck,,0,587,587,FinalPage,ThankYou,2026-09-16 05:16:29.095601,1,,,500.0,4,,0.0,M_exp_W_exp,,,,,50,,,,,,0,0,125,125,,,,,,,,,,,150,120.0,125,110.0,150,120.0,125,110.0,1,1,"1, 3",4,0.0,0.0,0.0,0.0,0.0,0,1,-1,0,0,4,125.0,125.0,0,1,0.0,0.0,75.0,200.0,120.0,75.0,Up,Down,50,100,20,50,55.8743961352657,52.10828025477707,58.87378640776699,52.90384615384615,11,5ogs5ura,,,,,0
20,ic1ocjv5,,0,587,587,FinalPage,ThankYou,2026-09-16 05:16:30.086752,1,,,1222.22,5,,0.0,M_exp_W_exp,,,,,50,,,,,,0,0,125,125,,,,,,,,,,,100,125.0,100,125.0,100,125.0,100,125.0,1,1,"1, 3",4,0.0,0.0,0.0,0.0,0.0,0,0,0,0,0,4,125.0,125.0,0,1,0.0,0.0,75.0,200.0,120.0,75.0,Up,Down,50,100,20,50,55.8743961352657,52.10828025477707,58.87378640776699,52.90384615384615,11,5ogs5ura,,,,,0
21,zd9eakrm,,0,587,587,FinalPage,ThankYou,2026-09-16 05:16:29.456622,1,,,722.22,1,,0.0,M_exp_W_exp,,,,,50,,,,,,0,0,120,120,,,,,,,,,,,130,130.0,130,130.0,130,130.0,130,130.0,1,1,"1, 3",4,0.0,0.0,0.0,0.0,0.0,0,-1,-1,0,0,5,125.0,125.0,0,0,0.0,0.0,92.5,175.0,150.0,80.0,Up,Down,15,75,40,50,55.8743961352657,52.10828025477707,58.87378640776699,52.90384615384615,11,5ogs5ura,,,,,0
22,8tpz5m2a,,0,587,587,FinalPage,ThankYou,2026-09-16 05:16:29.516011,1,,,722.22,2,,0.0,M_exp_W_exp,,,,,50,,,,,,0,0,146,150,,,,,,,,,,,100,100.0,100,150.0,100,100.0,100,150.0,1,1,"1, 3",4,0.0,0.0,0.0,0.0,0.0,0,1,1,0,0,5,125.0,125.0,0,0,0.0,0.0,92.5,175.0,150.0,80.0,Up,Down,15,75,40,50,55.8743961352657,52.10828025477707,58.87378640776699,52.90384615384615,11,5ogs5ura,,,,,0
23,wfmdx2nb,,0,587,587,FinalPage,ThankYou,2026-09-16 05:16:29.865656,1,,,833.33,3,,0.0,M_exp_W_exp,,,,,47,,,,,,0,0,125,125,,,,,,,,,,,100,125.0,100,125.0,100,125.0,100,125.0,1,1,"1, 3",4,0.0,0.0,0.0,0.0,0.0,0,0,0,0,0,5,125.0,125.0,0,0,0.0,0.0,92.5,175.0,150.0,80.0,Up,Down,15,75,40,50,55.8743961352657,52.10828025477707,58.87378640776699,52.90384615384615,11,5ogs5ura,,,,,0
24,y40upi5t,,0,587,587,FinalPage,ThankYou,2026-09-16 05:16:29.980971,1,,,944.44,4,,0.0,M_exp_W_exp,,,,,45,,,,,,0,0,300,300,,,,,,,,,,,90,150.0,120,135.0,120,125.0,150,125.0,1,1,"1, 3",4,0.0,0.0,0.0,0.0,0.0,0,1,1,0,0,5,125.0,125.0,0,0,0.0,0.0,92.5,175.0,150.0,80.0,Up,Down,15,75,40,50,55.8743961352657,52.10828025477707,58.87378640776699,52.90384615384615,11,5ogs5ura,,,,,0
25,s6nkestj,,0,587,587,FinalPage,ThankYou,2026-09-16 05:16:30.425302,1,,,833.33,5,,0.0,M_exp_W_exp,,,,,25,,,,,,0,0,100,100,,,,,,,,,,,125,120.0,100,200.0,75,75.0,100,200.0,1,1,"1, 3",4,0.0,0.0,0.0,0.0,0.0,0,-1,-1,0,0,5,125.0,125.0,0,0,0.0,0.0,92.5,175.0,150.0,80.0,Up,Down,15,75,40,50,55.8743961352657,52.10828025477707,58.87378640776699,52.90384615384615,11,5ogs5ura,,,,,0
1,qvfebldb,,0,587,587,FinalPage,ThankYou,2026-09-16 05:16:27.267099,1,,,500.0,1,,0.0,M_exp_W_exp,,,,,,,,,,,0,0,300,247,,,,,,,,,,,,,,,,,,,1,1,"1, 3",4,0.0,0.0,0.0,0.0,0.0,0,1,-1,0,0,1,250.0,300.0,1,0,0.0,0.0,75.0,170.0,50.0,200.0,Down,Up,50,70,100,100,55.8743961352657,52.10828025477707,58.87378640776699,52.90384615384615,12,5ogs5ura,,,,,0
2,vbjq2y24,,0,587,587,FinalPage,ThankYou,2026-09-16 05:16:27.586302,1,,,888.89,2,,0.0,M_exp_W_exp,,,,,,,,,,,0,0,230,250,,,,,,,,,,,,,,,,,,,1,1,"1, 3",4,0.0,0.0,0.0,0.0,0.0,0,-1,-1,0,0,1,250.0,300.0,1,0,0.0,0.0,75.0,170.0,50.0,200.0,Down,Up,50,70,100,100,55.8743961352657,52.10828025477707,58.87378640776699,52.90384615384615,12,5ogs5ura,,,,,0
3,fjbh3h2b,,0,587,587,FinalPage,ThankYou,2026-09-16 05:16:27.633391,1,,,1277.78,3,,0.0,M_exp_W_exp,,,,,,,,,,,0,0,235,300,,,,,,,,,,,,,,,,,,,1,1,"1, 3",4,0.0,0.0,0.0,0.0,0.0,0,-1,1,0,0,1,250.0,300.0,1,0,0.0,0.0,75.0,170.0,50.0,200.0,Down,Up,50,70,100,100,55.8743961352657,52.10828025477707,58.87378640776699,52.90384615384615,12,5ogs5ura,,,,,0
4,j0v5am99,,0,587,587,FinalPage,ThankYou,2026-09-16 05:16:28.512590,1,,,55.56,4,,0.0,M_exp_W_exp,,,,,,,,,,,0,0,280,310,,,,,,,,,,,,,,,,,,,1,1,"1, 3",4,0.0,0.0,0.0,0.0,0.0,0,1,1,0,0,1,250.0,300.0,1,0,0.0,0.0,75.0,170.0,50.0,200.0,Down,Up,50,70,100,100,55.8743961352657,52.10828025477707,58.87378640776699,52.90384615384615,12,5ogs5ura,,,,,0
5,wz4uvd97,,0,587,587,FinalPage,ThankYou,2026-09-16 05:16:28.547078,1,,,722.22,5,,0.0,M_exp_W_exp,,,,,,,,,,,0,0,250,300,,,,,,,,,,,,,,,,,,,1,1,"1, 3",4,0.0,0.0,0.0,0.0,0.0,0,0,0,0,0,1,250.0,300.0,1,0,0.0,0.0,75.0,170.0,50.0,200.0,Down,Up,50,70,100,100,55.8743961352657,52.10828025477707,58.87378640776699,52.90384615384615,12,5ogs5ura,,,,,0
6,bw46f79x,,0,587,587,FinalPage,ThankYou,2026-09-16 05:16:28.718813,1,,,944.44,1,,0.0,M_exp_W_exp,,,,,,,,,,,0,0,150,150,,,,,,,,,,,,,,,,,,,1,1,"1, 3",4,0.0,0.0,0.0,0.0,0.0,0,-1,-1,0,0,2,190.0,150.0,0,0,0.0,0.0,150.0,120.0,150.0,175.0,Up,Up,50,20,75,50,55.8743961352657,52.10828025477707,58.87378640776699,52.90384615384615,12,5ogs5ura,,,,,0
7,42qlc5nb,,0,587,587,FinalPage,ThankYou,2026-09-16 05:16:28.741028,1,,,888.89,2,,0.0,M_exp_W_exp,,,,,,,,,,,0,0,200,150,,,,,,,,,,,,,,,,,,,1,1,"1, 3",4,0.0,0.0,0.0,0.0,0.0,0,1,0,0,0,2,190.0,150.0,0,0,0.0,0.0,150.0,120.0,150.0,175.0,Up,Up,50,20,75,50,55.8743961352657,52.10828025477707,58.87378640776699,52.90384615384615,12,5ogs5ura,,,,,0
8,jw6ngkbn,,0,587,587,FinalPage,ThankYou,2026-09-16 05:16:28.756835,1,,,1166.67,3,,0.0,M_exp_W_exp,,,,,,,,,,,0,0,150,150,,,,,,,,,,,,,,,,,,,1,1,"1, 3",4,0.0,0.0,0.0,0.0,0.0,0,-1,-1,0,0,2,190.0,150.0,0,0,0.0,0.0,150.0,120.0,150.0,175.0,Up,Up,50,20,75,50,55.8743961352657,52.10828025477707,58.87378640776699,52.90384615384615,12,5ogs5ura,,,,,0
9,booloaq9,,0,587,587,FinalPage,ThankYou,2026-09-16 05:16:28.796456,1,,,944.44,4,,0.0,M_exp_W_exp,,,,,,,,,,,0,0,190,190,,,,,,,,,,,,,,,,,,,1,1,"1, 3",4,0.0,0.0,0.0,0.0,0.0,0,0,1,0,0,2,190.0,150.0,0,0,0.0,0.0,150.0,120.0,150.0,175.0,Up,Up,50,20,75,50,55.8743961352657,52.10828025477707,58.87378640776699,52.90384615384615,12,5ogs5ura,,,,,0
10,2pc7nfit,,0,587,587,FinalPage,ThankYou,2026-09-16 05:16:28.842084,1,,,833.33,5,,0.0,M_exp_W_exp,,,,,,,,,,,0,0,200,200,,,,,,,,,,,,,,,,,,,1,1,"1, 3",4,0.0,0.0,0.0,0.0,0.0,0,1,1,0,0,2,190.0,150.0,0,0,0.0,0.0,150.0,120.0,150.0,175.0,Up,Up,50,20,75,50,55.8743961352657,52.10828025477707,58.87378640776699,52.90384615384615,12,5ogs5ura,,,,,0
11,t7rx3zw3,,0,587,587,FinalPage,ThankYou,2026-09-16 05:16:28.859938,1,,,944.44,1,,0.0,M_exp_W_exp,,,,,,,,,,,0,0,200,50,,,,,,,,,,,,,,,,,,,1,1,"1, 3",4,0.0,0.0,0.0,0.0,0.0,0,1,-1,0,0,3,142.0,148.0,0,0,0.0,0.0,115.0,85.0,87.5,150.0,Down,Up,15,30,50,25,55.8743961352657,52.10828025477707,58.87378640776699,52.90384615384615,12,5ogs5ura,,,,,0
12,p48n4bh0,,0,587,587,FinalPage,ThankYou,2026-09-16 05:16:28.869908,1,,,666.67,2,,0.0,M_exp_W_exp,,,,,,,,,,,0,0,101,100,,,,,,,,,,,,,,,,,,,1,1,"1, 3",4,0.0,0.0,0.0,0.0,0.0,0,-1,-1,0,0,3,142.0,148.0,0,0,0.0,0.0,115.0,85.0,87.5,150.0,Down,Up,15,30,50,25,55.8743961352657,52.10828025477707,58.87378640776699,52.90384615384615,12,5ogs5ura,,,,,0
13,folcs8ow,,0,587,587,FinalPage,ThankYou,2026-09-16 05:16:28.891871,1,,,944.44,3,,0.0,M_exp_W_exp,,,,,,,,,,,0,0,142,148,,,,,,,,,,,,,,,,,,,1,1,"1, 3",4,0.0,0.0,0.0,0.0,0.0,0,0,0,0,0,3,142.0,148.0,0,0,0.0,0.0,115.0,85.0,87.5,150.0,Down,Up,15,30,50,25,55.8743961352657,52.10828025477707,58.87378640776699,52.90384615384615,12,5ogs5ura,,,,,0
14,cfp8kvc9,,0,587,587,FinalPage,ThankYou,2026-09-16 05:16:28.907618,1,,,166.67,4,,0.0,M_exp_W_exp,,,,,,,,,,,0,0,150,200,,,,,,,,,,,,,,,,,,,1,1,"1, 3",4,0.0,0.0,0.0,0.0,0.0,0,1,1,0,0,3,142.0,148.0,0,0,0.0,0.0,115.0,85.0,87.5,150.0,Down,Up,15,30,50,25,55.8743961352657,52.10828025477707,58.87378640776699,52.90384615384615,12,5ogs5ura,,,,,0
15,tt26hkpl,,0,587,587,FinalPage,ThankYou,2026-09-16 05:16:29.004337,1,,,222.22,5,,0.0,M_exp_W_exp,,,,,,,,,,,0,0,140,160,,,,,,,,,,,,,,,,,,,1,1,"1, 3",4,0.0,0.0,0.0,0.0,0.0,0,-1,1,0,0,3,142.0,148.0,0,0,0.0,0.0,115.0,85.0,87.5,150.0,Down,Up,15,30,50,25,55.8743961352657,52.10828025477707,58.87378640776699,52.90384615384615,12,5ogs5ura,,,,,0
16,jfy8jxqv,,0,587,587,FinalPage,ThankYou,2026-09-16 05:16:28.995970,1,,,888.89,1,,0.0,M_exp_W_exp,,,,,,,,,,,0,0,130,120,,,,,,,,,,,,,,,,,,,1,1,"1, 3",4,0.0,0.0,0.0,0.0,0.0,0,1,-1,0,0,4,125.0,125.0,0,1,0.0,0.0,75.0,200.0,120.0,75.0,Up,Down,50,100,20,50,55.8743961352657,52.10828025477707,58.87378640776699,52.90384615384615,12,5ogs5ura,,,,,0
17,eveqm1ww,,0,587,587,FinalPage,ThankYou,2026-09-16 05:16:29.059992,1,,,611.11,2,,0.0,M_exp_W_exp,,,,,,,,,,,0,0,125,130,,,,,,,,,,,,,,,,,,,1,1,"1, 3",4,0.0,0.0,0.0,0.0,0.0,0,1,1,0,0,4,125.0,125.0,0,1,0.0,0.0,75.0,200.0,120.0,75.0,Up,Down,50,100,20,50,55.8743961352657,52.10828025477707,58.87378640776699,52.90384615384615,12,5ogs5ura,,,,,0
18,1dtln5rg,,0,587,587,FinalPage,ThankYou,2026-09-16 05:16:29.088262,1,,,1388.89,3,,0.0,M_exp_W_exp,,,,,,,,,,,0,0,125,125,,,,,,,,,,,,,,,,,,,1,1,"1, 3",4,0.0,0.0,0.0,0.0,0.0,0,-1,1,0,0,4,125.0,125.0,0,1,0.0,0.0,75.0,200.0,120.0,75.0,Up,Down,50,100,20,50,55.8743961352657,52.10828025477707,58.87378640776699,52.90384615384615,12,5ogs5ura,,,,,0
19,5ltpvdck,,0,587,587,FinalPage,ThankYou,2026-09-16 05:16:29.095601,1,,,500.0,4,,0.0,M_exp_W_exp,,,,,,,,,,,0,0,120,120,,,,,,,,,,,,,,,,,,,1,1,"1, 3",4,0.0,0.0,0.0,0.0,0.0,0,-1,-1,0,0,4,125.0,125.0,0,1,0.0,0.0,75.0,200.0,120.0,75.0,Up,Down,50,100,20,50,55.8743961352657,52.10828025477707,58.87378640776699,52.90384615384615,12,5ogs5ura,,,,,0
20,ic1ocjv5,,0,587,587,FinalPage,ThankYou,2026-09-16 05:16:30.086752,1,,,1222.22,5,,0.0,M_exp_W_exp,,,,,,,,,,,0,0,125,125,,,,,,,,,,,,,,,,,,,1,1,"1, 3",4,0.0,0.0,0.0,0.0,0.0,0,0,0,0,0,4,125.0,125.0,0,1,0.0,0.0,75.0,200.0,120.0,75.0,Up,Down,50,100,20,50,55.8743961352657,52.10828025477707,58.87378640776699,52.90384615384615,12,5ogs5ura,,,,,0
21,zd9eakrm,,0,587,587,FinalPage,ThankYou,2026-09-16 05:16:29.456622,1,,,722.22,1,,0.0,M_exp_W_exp,,,,,,,,,,,0,0,120,120,,,,,,,,,,,,,,,,,,,1,1,"1, 3",4,0.0,0.0,0.0,0.0,0.0,0,-1,-1,0,0,5,125.0,125.0,0,0,0.0,0.0,92.5,175.0,150.0,80.0,Up,Down,15,75,40,50,55.8743961352657,52.10828025477707,58.87378640776699,52.90384615384615,12,5ogs5ura,,,,,0
22,8tpz5m2a,,0,587,587,FinalPage,ThankYou,2026-09-16 05:16:29.516011,1,,,722.22,2,,0.0,M_exp_W_exp,,,,,,,,,,,0,0,124,121,,,,,,,,,,,,,,,,,,,1,1,"1, 3",4,0.0,0.0,0.0,0.0,0.0,0,-1,-1,0,0,5,125.0,125.0,0,0,0.0,0.0,92.5,175.0,150.0,80.0,Up,Down,15,75,40,50,55.8743961352657,52.10828025477707,58.87378640776699,52.90384615384615,12,5ogs5ura,,,,,0
23,wfmdx2nb,,0,587,587,FinalPage,ThankYou,2026-09-16 05:16:29.865656,1,,,833.33,3,,0.0,M_exp_W_exp,,,,,,,,,,,0,0,125,125,,,,,,,,,,,,,,,,,,,1,1,"1, 3",4,0.0,0.0,0.0,0.0,0.0,0,1,0,0,0,5,125.0,125.0,0,0,0.0,0.0,92.5,175.0,150.0,80.0,Up,Down,15,75,40,50,55.8743961352657,52.10828025477707,58.87378640776699,52.90384615384615,12,5ogs5ura,,,,,0
24,y40upi5t,,0,587,587,FinalPage,ThankYou,2026-09-16 05:16:29.980971,1,,,944.44,4,,0.0,M_exp_W_exp,,,,,,,,,,,0,0,300,300,,,,,,,,,,,,,,,,,,,1,1,"1, 3",4,0.0,0.0,0.0,0.0,0.0,0,1,1,0,0,5,125.0,125.0,0,0,0.0,0.0,92.5,175.0,150.0,80.0,Up,Down,15,75,40,50,55.8743961352657,52.10828025477707,58.87378640776699,52.90384615384615,12,5ogs5ura,,,,,0
25,s6nkestj,,0,587,587,FinalPage,ThankYou,2026-09-16 05:16:30.425302,1,,,833.33,5,,0.0,M_exp_W_exp,,,,,,,,,,,0,0,125,125,,,,,,,,,,,,,,,,,,,1,1,"1, 3",4,0.0,0.0,0.0,0.0,0.0,0,0,1,0,0,5,125.0,125.0,0,0,0.0,0.0,92.5,175.0,150.0,80.0,Up,Down,15,75,40,50,55.8743961352657,52.10828025477707,58.87378640776699,52.90384615384615,12,5ogs5ura,,,,,0
1,qvfebldb,,0,587,587,FinalPage,ThankYou,2026-09-16 05:16:27.267099,1,,,500.0,1,,0.0,M_exp_W_exp,,,,,,,,,,,0,0,247,247,,,,,,,,,,,,,,,,,,,1,1,"1, 3",4,0.0,0.0,0.0,0.0,0.0,0,1,-1,0,0,1,240.0,280.0,1,0,0.0,0.0,75.0,170.0,50.0,200.0,Down,Up,50,70,100,100,55.8743961352657,52.10828025477707,58.87378640776699,52.90384615384615,13,5ogs5ura,,,,,0
2,vbjq2y24,,0,587,587,FinalPage,ThankYou,2026-09-16 05:16:27.586302,1,,,888.89,2,,0.0,M_exp_W_exp,,,,,,,,,,,0,0,240,200,,,,,,,,,,,,,,,,,,,1,1,"1, 3",4,0.0,0.0,0.0,0.0,0.0,0,0,-1,0,0,1,240.0,280.0,1,0,0.0,0.0,75.0,170.0,50.0,200.0,Down,Up,50,70,100,100,55.8743961352657,52.10828025477707,58.87378640776699,52.90384615384615,13,5ogs5ura,,,,,0
3,fjbh3h2b,,0,587,587,FinalPage,ThankYou,2026-09-16 05:16:27.633391,1,,,1277.78,3,,0.0,M_exp_W_exp,,,,,,,,,,,0,0,225,285,,,,,,,,,,,,,,,,,,,1,1,"1, 3",4,0.0,0.0,0.0,0.0,0.0,0,-1,1,0,0,1,240.0,280.0,1,0,0.0,0.0,75.0,170.0,50.0,200.0,Down,Up,50,70,100,100,55.8743961352657,52.10828025477707,58.87378640776699,52.90384615384615,13,5ogs5ura,,,,,0
4,j0v5am99,,0,587,587,FinalPage,ThankYou,2026-09-16 05:16:28.512590,1,,,55.56,4,,0.0,M_exp_W_exp,,,,,,,,,,,0,0,200,280,,,,,,,,,,,,,,,,,,,1,1,"1, 3",4,0.0,0.0,0.0,0.0,0.0,0,-1,0,0,0,1,240.0,280.0,1,0,0.0,0.0,75.0,170.0,50.0,200.0,Down,Up,50,70,100,100,55.8743961352657,52.10828025477707,58.87378640776699,52.90384615384615,13,5ogs5ura,,,,,0
5,wz4uvd97,,0,587,587,FinalPage,ThankYou,2026-09-16 05:16:28.547078,1,,,722.22,5,,0.0,M_exp_W_exp,,,,,,,,,,,0,0,251,300,,,,,,,,,,,,,,,,,,,1,1,"1, 3",4,0.0,0.0,0.0,0.0,0.0,0,1,1,0,0,1,240.0,280.0,1,0,0.0,0.0,75.0,170.0,50.0,200.0,Down,Up,50,70,100,100,55.8743961352657,52.10828025477707,58.87378640776699,52.90384615384615,13,5ogs5ura,,,,,0
6,bw46f79x,,0,587,587,FinalPage,ThankYou,2026-09-16 05:16:28.718813,1,,,944.44,1,,0.0,M_exp_W_exp,,,,,,,,,,,0,0,250,200,,,,,,,,,,,,,,,,,,,1,1,"1, 3",4,0.0,0.0,0.0,0.0,0.0,0,1,1,0,0,2,215.0,175.0,0,0,0.0,0.0,150.0,120.0,150.0,175.0,Up,Up,50,20,75,50,55.8743961352657,52.10828025477707,58.87378640776699,52.90384615384615,13,5ogs5ura,,,,,0
7,42qlc5nb,,0,587,587,FinalPage,ThankYou,2026-09-16 05:16:28.741028,1,,,888.89,2,,0.0,M_exp_W_exp,,,,,,,,,,,0,0,250,120,,,,,,,,,,,,,,,,,,,1,1,"1, 3",4,0.0,0.0,0.0,0.0,0.0,0,1,-1,0,0,2,215.0,175.0,0,0,0.0,0.0,150.0,120.0,150.0,175.0,Up,Up,50,20,75,50,55.8743961352657,52.10828025477707,58.87378640776699,52.90384615384615,13,5ogs5ura,,,,,0
8,jw6ngkbn,,0,587,587,FinalPage,ThankYou,2026-09-16 05:16:28.756835,1,,,1166.67,3,,0.0,M_exp_W_exp,,,,,,,,,,,0,0,155,140,,,,,,,,,,,,,,,,,,,1,1,"1, 3",4,0.0,0.0,0.0,0.0,0.0,0,-1,-1,0,0,2,215.0,175.0,0,0,0.0,0.0,150.0,120.0,150.0,175.0,Up,Up,50,20,75,50,55.8743961352657,52.10828025477707,58.87378640776699,52.90384615384615,13,5ogs5ura,,,,,0
9,booloaq9,,0,587,587,FinalPage,ThankYou,2026-09-16 05:16:28.796456,1,,,944.44,4,,0.0,M_exp_W_exp,,,,,,,,,,,0,0,215,175,,,,,,,,,,,,,,,,,,,1,1,"1, 3",4,0.0,0.0,0.0,0.0,0.0,0,0,0,0,0,2,215.0,175.0,0,0,0.0,0.0,150.0,120.0,150.0,175.0,Up,Up,50,20,75,50,55.8743961352657,52.10828025477707,58.87378640776699,52.90384615384615,13,5ogs5ura,,,,,0
10,2pc7nfit,,0,587,587,FinalPage,ThankYou,2026-09-16 05:16:28.842084,1,,,833.33,5,,0.0,M_exp_W_exp,,,,,,,,,,,0,0,200,400,,,,,,,,,,,,,,,,,,,1,1,"1, 3",4,0.0,0.0,0.0,0.0,0.0,0,-1,1,0,0,2,215.0,175.0,0,0,0.0,0.0,150.0,120.0,150.0,175.0,Up,Up,50,20,75,50,55.8743961352657,52.10828025477707,58.87378640776699,52.90384615384615,13,5ogs5ura,,,,,0
11,t7rx3zw3,,0,587,587,FinalPage,ThankYou,2026-09-16 05:16:28.859938,1,,,944.44,1,,0.0,M_exp_W_exp,,,,,,,,,,,0,0,135,50,,,,,,,,,,,,,,,,,,,1,1,"1, 3",4,0.0,0.0,0.0,0.0,0.0,0,-1,-1,0,0,3,140.0,148.0,0,0,0.0,0.0,115.0,85.0,87.5,150.0,Down,Up,15,30,50,25,55.8743961352657,52.10828025477707,58.87378640776699,52.90384615384615,13,5ogs5ura,,,,,0
12,p48n4bh0,,0,587,587,FinalPage,ThankYou,2026-09-16 05:16:28.869908,1,,,666.67,2,,0.0,M_exp_W_exp,,,,,,,,,,,0,0,100,100,,,,,,,,,,,,,,,,,,,1,1,"1, 3",4,0.0,0.0,0.0,0.0,0.0,0,-1,-1,0,0,3,140.0,148.0,0,0,0.0,0.0,115.0,85.0,87.5,150.0,Down,Up,15,30,50,25,55.8743961352657,52.10828025477707,58.87378640776699,52.90384615384615,13,5ogs5ura,,,,,0
13,folcs8ow,,0,587,587,FinalPage,ThankYou,2026-09-16 05:16:28.891871,1,,,944.44,3,,0.0,M_exp_W_exp,,,,,,,,,,,0,0,140,148,,,,,,,,,,,,,,,,,,,1,1,"1, 3",4,0.0,0.0,0.0,0.0,0.0,0,0,0,0,0,3,140.0,148.0,0,0,0.0,0.0,115.0,85.0,87.5,150.0,Down,Up,15,30,50,25,55.8743961352657,52.10828025477707,58.87378640776699,52.90384615384615,13,5ogs5ura,,,,,0
14,cfp8kvc9,,0,587,587,FinalPage,ThankYou,2026-09-16 05:16:28.907618,1,,,166.67,4,,0.0,M_exp_W_exp,,,,,,,,,,,0,0,150,200,,,,,,,,,,,,,,,,,,,1,1,"1, 3",4,0.0,0.0,0.0,0.0,0.0,0,1,1,0,0,3,140.0,148.0,0,0,0.0,0.0,115.0,85.0,87.5,150.0,Down,Up,15,30,50,25,55.8743961352657,52.10828025477707,58.87378640776699,52.90384615384615,13,5ogs5ura,,,,,0
15,tt26hkpl,,0,587,587,FinalPage,ThankYou,2026-09-16 05:16:29.004337,1,,,222.22,5,,0.0,M_exp_W_exp,,,,,,,,,,,0,0,150,160,,,,,,,,,,,,,,,,,,,1,1,"1, 3",4,0.0,0.0,0.0,0.0,0.0,0,1,1,0,0,3,140.0,148.0,0,0,0.0,0.0,115.0,85.0,87.5,150.0,Down,Up,15,30,50,25,55.8743961352657,52.10828025477707,58.87378640776699,52.90384615384615,13,5ogs5ura,,,,,0
16,jfy8jxqv,,0,587,587,FinalPage,ThankYou,2026-09-16 05:16:28.995970,1,,,888.89,1,,0.0,M_exp_W_exp,,,,,,,,,,,0,0,130,120,,,,,,,,,,,,,,,,,,,1,1,"1, 3",4,0.0,0.0,0.0,0.0,0.0,0,1,-1,0,0,4,125.0,125.0,0,1,0.0,0.0,75.0,200.0,120.0,75.0,Up,Down,50,100,20,50,55.8743961352657,52.10828025477707,58.87378640776699,52.90384615384615,13,5ogs5ura,,,,,0
17,eveqm1ww,,0,587,587,FinalPage,ThankYou,2026-09-16 05:16:29.059992,1,,,611.11,2,,0.0,M_exp_W_exp,,,,,,,,,,,0,0,125,135,,,,,,,,,,,,,,,,,,,1,1,"1, 3",4,0.0,0.0,0.0,0.0,0.0,0,-1,1,0,0,4,125.0,125.0,0,1,0.0,0.0,75.0,200.0,120.0,75.0,Up,Down,50,100,20,50,55.8743961352657,52.10828025477707,58.87378640776699,52.90384615384615,13,5ogs5ura,,,,,0
18,1dtln5rg,,0,587,587,FinalPage,ThankYou,2026-09-16 05:16:29.088262,1,,,1388.89,3,,0.0,M_exp_W_exp,,,,,,,,,,,0,0,125,125,,,,,,,,,,,,,,,,,,,1,1,"1, 3",4,0.0,0.0,0.0,0.0,0.0,0,-1,-1,0,0,4,125.0,125.0,0,1,0.0,0.0,75.0,200.0,120.0,75.0,Up,Down,50,100,20,50,55.8743961352657,52.10828025477707,58.87378640776699,52.90384615384615,13,5ogs5ura,,,,,0
19,5ltpvdck,,0,587,587,FinalPage,ThankYou,2026-09-16 05:16:29.095601,1,,,500.0,4,,0.0,M_exp_W_exp,,,,,,,,,,,0,0,126,126,,,,,,,,,,,,,,,,,,,1,1,"1, 3",4,0.0,0.0,0.0,0.0,0.0,0,1,1,0,0,4,125.0,125.0,0,1,0.0,0.0,75.0,200.0,120.0,75.0,Up,Down,50,100,20,50,55.8743961352657,52.10828025477707,58.87378640776699,52.90384615384615,13,5ogs5ura,,,,,0
20,ic1ocjv5,,0,587,587,FinalPage,ThankYou,2026-09-16 05:16:30.086752,1,,,1222.22,5,,0.0,M_exp_W_exp,,,,,,,,,,,0,0,125,125,,,,,,,,,,,,,,,,,,,1,1,"1, 3",4,0.0,0.0,0.0,0.0,0.0,0,0,0,0,0,4,125.0,125.0,0,1,0.0,0.0,75.0,200.0,120.0,75.0,Up,Down,50,100,20,50,55.8743961352657,52.10828025477707,58.87378640776699,52.90384615384615,13,5ogs5ura,,,,,0
21,zd9eakrm,,0,587,587,FinalPage,ThankYou,2026-09-16 05:16:29.456622,1,,,722.22,1,,0.0,M_exp_W_exp,,,,,,,,,,,0,0,120,120,,,,,,,,,,,,,,,,,,,1,1,"1, 3",4,0.0,0.0,0.0,0.0,0.0,0,-1,-1,0,0,5,125.0,125.0,0,0,0.0,0.0,92.5,175.0,150.0,80.0,Up,Down,15,75,40,50,55.8743961352657,52.10828025477707,58.87378640776699,52.90384615384615,13,5ogs5ura,,,,,0
22,8tpz5m2a,,0,587,587,FinalPage,ThankYou,2026-09-16 05:16:29.516011,1,,,722.22,2,,0.0,M_exp_W_exp,,,,,,,,,,,0,0,124,124,,,,,,,,,,,,,,,,,,,1,1,"1, 3",4,0.0,0.0,0.0,0.0,0.0,0,-1,-1,0,0,5,125.0,125.0,0,0,0.0,0.0,92.5,175.0,150.0,80.0,Up,Down,15,75,40,50,55.8743961352657,52.10828025477707,58.87378640776699,52.90384615384615,13,5ogs5ura,,,,,0
23,wfmdx2nb,,0,587,587,FinalPage,ThankYou,2026-09-16 05:16:29.865656,1,,,833.33,3,,0.0,M_exp_W_exp,,,,,,,,,,,0,0,125,125,,,,,,,,,,,,,,,,,,,1,1,"1, 3",4,0.0,0.0,0.0,0.0,0.0,0,0,0,0,0,5,125.0,125.0,0,0,0.0,0.0,92.5,175.0,150.0,80.0,Up,Down,15,75,40,50,55.8743961352657,52.10828025477707,58.87378640776699,52.90384615384615,13,5ogs5ura,,,,,0
24,y40upi5t,,0,587,587,FinalPage,ThankYou,2026-09-16 05:16:29.980971,1,,,944.44,4,,0.0,M_exp_W_exp,,,,,,,,,,,0,0,300,300,,,,,,,,,,,,,,,,,,,1,1,"1, 3",4,0.0,0.0,0.0,0.0,0.0,0,1,1,0,0,5,125.0,125.0,0,0,0.0,0.0,92.5,175.0,150.0,80.0,Up,Down,15,75,40,50,55.8743961352657,52.10828025477707,58.87378640776699,52.90384615384615,13,5ogs5ura,,,,,0
25,s6nkestj,,0,587,587,FinalPage,ThankYou,2026-09-16 05:16:30.425302,1,,,833.33,5,,0.0,M_exp_W_exp,,,,,,,,,,,0,0,126,126,,,,,,,,,,,,,,,,,,,1,1,"1, 3",4,0.0,0.0,0.0,0.0,0.0,0,1,1,0,0,5,125.0,125.0,0,0,0.0,0.0,92.5,175.0,150.0,80.0,Up,Down,15,75,40,50,55.8743961352657,52.10828025477707,58.87378640776699,52.90384615384615,13,5ogs5ura,,,,,0
1,qvfebldb,,0,587,587,FinalPage,ThankYou,2026-09-16 05:16:27.267099,1,,,500.0,1,,0.0,M_exp_W_exp,,,,,,,,,,,0,0,260,300,,,,,,,,,,,,,,,,,,,1,1,"1, 3",4,0.0,0.0,0.0,0.0,0.0,0,1,1,0,0,1,230.0,260.0,1,0,0.0,0.0,75.0,170.0,50.0,200.0,Down,Up,50,70,100,100,55.8743961352657,52.10828025477707,58.87378640776699,52.90384615384615,14,5ogs5ura,,,,,0
2,vbjq2y24,,0,587,587,FinalPage,ThankYou,2026-09-16 05:16:27.586302,1,,,888.89,2,,0.0,M_exp_W_exp,,,,,,,,,,,0,0,250,200,,,,,,,,,,,,,,,,,,,1,1,"1, 3",4,0.0,0.0,0.0,0.0,0.0,0,1,-1,0,0,1,230.0,260.0,1,0,0.0,0.0,75.0,170.0,50.0,200.0,Down,Up,50,70,100,100,55.8743961352657,52.10828025477707,58.87378640776699,52.90384615384615,14,5ogs5ura,,,,,0
3,fjbh3h2b,,0,587,587,FinalPage,ThankYou,2026-09-16 05:16:27.633391,1,,,1277.78,3,,0.0,M_exp_W_exp,,,,,,,,,,,0,0,210,250,,,,,,,,,,,,,,,,,,,1,1,"1, 3",4,0.0,0.0,0.0,0.0,0.0,0,-1,-1,0,0,1,230.0,260.0,1,0,0.0,0.0,75.0,170.0,50.0,200.0,Down,Up,50,70,100,100,55.8743961352657,52.10828025477707,58.87378640776699,52.90384615384615,14,5ogs5ura,,,,,0
4,j0v5am99,,0,587,587,FinalPage,ThankYou,2026-09-16 05:16:28.512590,1,,,55.56,4,,0.0,M_exp_W_exp,,,,,,,,,,,0,0,225,260,,,,,,,,,,,,,,,,,,,1,1,"1, 3",4,0.0,0.0,0.0,0.0,0.0,0,-1,0,0,0,1,230.0,260.0,1,0,0.0,0.0,75.0,170.0,50.0,200.0,Down,Up,50,70,100,100,55.8743961352657,52.10828025477707,58.87378640776699,52.90384615384615,14,5ogs5ura,,,,,0
5,wz4uvd97,,0,587,587,FinalPage,ThankYou,2026-09-16 05:16:28.547078,1,,,722.22,5,,0.0,M_exp_W_exp,,,,,,,,,,,0,0,230,275,,,,,,,,,,,,,,,,,,,1,1,"1, 3",4,0.0,0.0,0.0,0.0,0.0,0,0,1,0,0,1,230.0,260.0,1,0,0.0,0.0,75.0,170.0,50.0,200.0,Down,Up,50,70,100,100,55.8743961352657,52.10828025477707,58.87378640776699,52.90384615384615,14,5ogs5ura,,,,,0
6,bw46f79x,,0,587,587,FinalPage,ThankYou,2026-09-16 05:16:28.718813,1,,,944.44,1,,0.0,M_exp_W_exp,,,,,,,,,,,0,0,250,210,,,,,,,,,,,,,,,,,,,1,1,"1, 3",4,0.0,0.0,0.0,0.0,0.0,0,0,0,0,0,2,250.0,210.0,0,0,0.0,0.0,150.0,120.0,150.0,175.0,Up,Up,50,20,75,50,55.8743961352657,52.10828025477707,58.87378640776699,52.90384615384615,14,5ogs5ura,,,,,0
7,42qlc5nb,,0,587,587,FinalPage,ThankYou,2026-09-16 05:16:28.741028,1,,,888.89,2,,0.0,M_exp_W_exp,,,,,,,,,,,0,0,250,140,,,,,,,,,,,,,,,,,,,1,1,"1, 3",4,0.0,0.0,0.0,0.0,0.0,0,1,-1,0,0,2,250.0,210.0,0,0,0.0,0.0,150.0,120.0,150.0,175.0,Up,Up,50,20,75,50,55.8743961352657,52.10828025477707,58.87378640776699,52.90384615384615,14,5ogs5ura,,,,,0
8,jw6ngkbn,,0,587,587,FinalPage,ThankYou,2026-09-16 05:16:28.756835,1,,,1166.67,3,,0.0,M_exp_W_exp,,,,,,,,,,,0,0,170,150,,,,,,,,,,,,,,,,,,,1,1,"1, 3",4,0.0,0.0,0.0,0.0,0.0,0,-1,-1,0,0,2,250.0,210.0,0,0,0.0,0.0,150.0,120.0,150.0,175.0,Up,Up,50,20,75,50,55.8743961352657,52.10828025477707,58.87378640776699,52.90384615384615,14,5ogs5ura,,,,,0
9,booloaq9,,0,587,587,FinalPage,ThankYou,2026-09-16 05:16:28.796456,1,,,944.44,4,,0.0,M_exp_W_exp,,,,,,,,,,,0,0,250,225,,,,,,,,,,,,,,,,,,,1,1,"1, 3",4,0.0,0.0,0.0,0.0,0.0,0,1,1,0,0,2,250.0,210.0,0,0,0.0,0.0,150.0,120.0,150.0,175.0,Up,Up,50,20,75,50,55.8743961352657,52.10828025477707,58.87378640776699,52.90384615384615,14,5ogs5ura,,,,,0
10,2pc7nfit,,0,587,587,FinalPage,ThankYou,2026-09-16 05:16:28.842084,1,,,833.33,5,,0.0,M_exp_W_exp,,,,,,,,,,,0,0,190,250,,,,,,,,,,,,,,,,,,,1,1,"1, 3",4,0.0,0.0,0.0,0.0,0.0,0,-1,1,0,0,2,250.0,210.0,0,0,0.0,0.0,150.0,120.0,150.0,175.0,Up,Up,50,20,75,50,55.8743961352657,52.10828025477707,58.87378640776699,52.90384615384615,14,5ogs5ura,,,,,0
11,t7rx3zw3,,0,587,587,FinalPage,ThankYou,2026-09-16 05:16:28.859938,1,,,944.44,1,,0.0,M_exp_W_exp,,,,,,,,,,,0,0,135,50,,,,,,,,,,,,,,,,,,,1,1,"1, 3",4,0.0,0.0,0.0,0.0,0.0,0,-1,-1,0,0,3,135.0,145.0,0,0,0.0,0.0,115.0,85.0,87.5,150.0,Down,Up,15,30,50,25,55.8743961352657,52.10828025477707,58.87378640776699,52.90384615384615,14,5ogs5ura,,,,,0
12,p48n4bh0,,0,587,587,FinalPage,ThankYou,2026-09-16 05:16:28.869908,1,,,666.67,2,,0.0,M_exp_W_exp,,,,,,,,,,,0,0,100,100,,,,,,,,,,,,,,,,,,,1,1,"1, 3",4,0.0,0.0,0.0,0.0,0.0,0,-1,-1,0,0,3,135.0,145.0,0,0,0.0,0.0,115.0,85.0,87.5,150.0,Down,Up,15,30,50,25,55.8743961352657,52.10828025477707,58.87378640776699,52.90384615384615,14,5ogs5ura,,,,,0
13,folcs8ow,,0,587,587,FinalPage,ThankYou,2026-09-16 05:16:28.891871,1,,,944.44,3,,0.0,M_exp_W_exp,,,,,,,,,,,0,0,135,145,,,,,,,,,,,,,,,,,,,1,1,"1, 3",4,0.0,0.0,0.0,0.0,0.0,0,0,0,0,0,3,135.0,145.0,0,0,0.0,0.0,115.0,85.0,87.5,150.0,Down,Up,15,30,50,25,55.8743961352657,52.10828025477707,58.87378640776699,52.90384615384615,14,5ogs5ura,,,,,0
14,cfp8kvc9,,0,587,587,FinalPage,ThankYou,2026-09-16 05:16:28.907618,1,,,166.67,4,,0.0,M_exp_W_exp,,,,,,,,,,,0,0,150,150,,,,,,,,,,,,,,,,,,,1,1,"1, 3",4,0.0,0.0,0.0,0.0,0.0,0,1,1,0,0,3,135.0,145.0,0,0,0.0,0.0,115.0,85.0,87.5,150.0,Down,Up,15,30,50,25,55.8743961352657,52.10828025477707,58.87378640776699,52.90384615384615,14,5ogs5ura,,,,,0
15,tt26hkpl,,0,587,587,FinalPage,ThankYou,2026-09-16 05:16:29.004337,1,,,222.22,5,,0.0,M_exp_W_exp,,,,,,,,,,,0,0,150,150,,,,,,,,,,,,,,,,,,,1,1,"1, 3",4,0.0,0.0,0.0,0.0,0.0,0,1,1,0,0,3,135.0,145.0,0,0,0.0,0.0,115.0,85.0,87.5,150.0,Down,Up,15,30,50,25,55.8743961352657,52.10828025477707,58.87378640776699,52.90384615384615,14,5ogs5ura,,,,,0
16,jfy8jxqv,,0,587,587,FinalPage,ThankYou,2026-09-16 05:16:28.995970,1,,,888.89,1,,0.0,M_exp_W_exp,,,,,,,,,,,0,0,126,124,,,,,,,,,,,,,,,,,,,1,1,"1, 3",4,0.0,0.0,0.0,0.0,0.0,0,1,-1,0,0,4,125.0,125.0,0,1,0.0,0.0,75.0,200.0,120.0,75.0,Up,Down,50,100,20,50,55.8743961352657,52.10828025477707,58.87378640776699,52.90384615384615,14,5ogs5ura,,,,,0
17,eveqm1ww,,0,587,587,FinalPage,ThankYou,2026-09-16 05:16:29.059992,1,,,611.11,2,,0.0,M_exp_W_exp,,,,,,,,,,,0,0,126,135,,,,,,,,,,,,,,,,,,,1,1,"1, 3",4,0.0,0.0,0.0,0.0,0.0,0,1,1,0,0,4,125.0,125.0,0,1,0.0,0.0,75.0,200.0,120.0,75.0,Up,Down,50,100,20,50,55.8743961352657,52.10828025477707,58.87378640776699,52.90384615384615,14,5ogs5ura,,,,,0
18,1dtln5rg,,0,587,587,FinalPage,ThankYou,2026-09-16 05:16:29.088262,1,,,1388.89,3,,0.0,M_exp_W_exp,,,,,,,,,,,0,0,125,125,,,,,,,,,,,,,,,,,,,1,1,"1, 3",4,0.0,0.0,0.0,0.0,0.0,0,-1,0,0,0,4,125.0,125.0,0,1,0.0,0.0,75.0,200.0,120.0,75.0,Up,Down,50,100,20,50,55.8743961352657,52.10828025477707,58.87378640776699,52.90384615384615,14,5ogs5ura,,,,,0
19,5ltpvdck,,0,587,587,FinalPage,ThankYou,2026-09-16 05:16:29.095601,1,,,500.0,4,,0.0,M_exp_W_exp,,,,,,,,,,,0,0,125,125,,,,,,,,,,,,,,,,,,,1,1,"1, 3",4,0.0,0.0,0.0,0.0,0.0,0,0,1,0,0,4,125.0,125.0,0,1,0.0,0.0,75.0,200.0,120.0,75.0,Up,Down,50,100,20,50,55.8743961352657,52.10828025477707,58.87378640776699,52.90384615384615,14,5ogs5ura,,,,,0
20,ic1ocjv5,,0,587,587,FinalPage,ThankYou,2026-09-16 05:16:30.086752,1,,,1222.22,5,,0.0,M_exp_W_exp,,,,,,,,,,,0,0,125,125,,,,,,,,,,,,,,,,,,,1,1,"1, 3",4,0.0,0.0,0.0,0.0,0.0,0,-1,-1,0,0,4,125.0,125.0,0,1,0.0,0.0,75.0,200.0,120.0,75.0,Up,Down,50,100,20,50,55.8743961352657,52.10828025477707,58.87378640776699,52.90384615384615,14,5ogs5ura,,,,,0
21,zd9eakrm,,0,587,587,FinalPage,ThankYou,2026-09-16 05:16:29.456622,1,,,722.22,1,,0.0,M_exp_W_exp,,,,,,,,,,,0,0,120,120,,,,,,,,,,,,,,,,,,,1,1,"1, 3",4,0.0,0.0,0.0,0.0,0.0,0,-1,-1,0,0,5,125.0,123.0,0,0,0.0,0.0,92.5,175.0,150.0,80.0,Up,Down,15,75,40,50,55.8743961352657,52.10828025477707,58.87378640776699,52.90384615384615,14,5ogs5ura,,,,,0
22,8tpz5m2a,,0,587,587,FinalPage,ThankYou,2026-09-16 05:16:29.516011,1,,,722.22,2,,0.0,M_exp_W_exp,,,,,,,,,,,0,0,124,121,,,,,,,,,,,,,,,,,,,1,1,"1, 3",4,0.0,0.0,0.0,0.0,0.0,0,-1,-1,0,0,5,125.0,123.0,0,0,0.0,0.0,92.5,175.0,150.0,80.0,Up,Down,15,75,40,50,55.8743961352657,52.10828025477707,58.87378640776699,52.90384615384615,14,5ogs5ura,,,,,0
23,wfmdx2nb,,0,587,587,FinalPage,ThankYou,2026-09-16 05:16:29.865656,1,,,833.33,3,,0.0,M_exp_W_exp,,,,,,,,,,,0,0,125,123,,,,,,,,,,,,,,,,,,,1,1,"1, 3",4,0.0,0.0,0.0,0.0,0.0,0,0,0,0,0,5,125.0,123.0,0,0,0.0,0.0,92.5,175.0,150.0,80.0,Up,Down,15,75,40,50,55.8743961352657,52.10828025477707,58.87378640776699,52.90384615384615,14,5ogs5ura,,,,,0
24,y40upi5t,,0,587,587,FinalPage,ThankYou,2026-09-16 05:16:29.980971,1,,,944.44,4,,0.0,M_exp_W_exp,,,,,,,,,,,0,0,450,150,,,,,,,,,,,,,,,,,,,1,1,"1, 3",4,0.0,0.0,0.0,0.0,0.0,0,1,1,0,0,5,125.0,123.0,0,0,0.0,0.0,92.5,175.0,150.0,80.0,Up,Down,15,75,40,50,55.8743961352657,52.10828025477707,58.87378640776699,52.90384615384615,14,5ogs5ura,,,,,0
25,s6nkestj,,0,587,587,FinalPage,ThankYou,2026-09-16 05:16:30.425302,1,,,833.33,5,,0.0,M_exp_W_exp,,,,,,,,,,,0,0,126,126,,,,,,,,,,,,,,,,,,,1,1,"1, 3",4,0.0,0.0,0.0,0.0,0.0,0,1,1,0,0,5,125.0,123.0,0,0,0.0,0.0,92.5,175.0,150.0,80.0,Up,Down,15,75,40,50,55.8743961352657,52.10828025477707,58.87378640776699,52.90384615384615,14,5ogs5ura,,,,,0
1,qvfebldb,,0,587,587,FinalPage,ThankYou,2026-09-16 05:16:27.267099,1,,,500.0,1,,0.0,M_exp_W_exp,,,,,,,,,,,0,0,260,300,,,,,,,,,,,,,,,,,,,1,1,"1, 3",4,0.0,0.0,0.0,0.0,0.0,0,1,1,0,0,1,220.0,240.0,1,0,0.0,0.0,75.0,170.0,50.0,200.0,Down,Up,50,70,100,100,55.8743961352657,52.10828025477707,58.87378640776699,52.90384615384615,15,5ogs5ura,,,,,0
2,vbjq2y24,,0,587,587,FinalPage,ThankYou,2026-09-16 05:16:27.586302,1,,,888.89,2,,0.0,M_exp_W_exp,,,,,,,,,,,0,0,210,178,,,,,,,,,,,,,,,,,,,1,1,"1, 3",4,0.0,0.0,0.0,0.0,0.0,0,-1,-1,0,0,1,220.0,240.0,1,0,0.0,0.0,75.0,170.0,50.0,200.0,Down,Up,50,70,100,100,55.8743961352657,52.10828025477707,58.87378640776699,52.90384615384615,15,5ogs5ura,,,,,0
3,fjbh3h2b,,0,587,587,FinalPage,ThankYou,2026-09-16 05:16:27.633391,1,,,1277.78,3,,0.0,M_exp_W_exp,,,,,,,,,,,0,0,210,240,,,,,,,,,,,,,,,,,,,1,1,"1, 3",4,0.0,0.0,0.0,0.0,0.0,0,-1,0,0,0,1,220.0,240.0,1,0,0.0,0.0,75.0,170.0,50.0,200.0,Down,Up,50,70,100,100,55.8743961352657,52.10828025477707,58.87378640776699,52.90384615384615,15,5ogs5ura,,,,,0
4,j0v5am99,,0,587,587,FinalPage,ThankYou,2026-09-16 05:16:28.512590,1,,,55.56,4,,0.0,M_exp_W_exp,,,,,,,,,,,0,0,220,230,,,,,,,,,,,,,,,,,,,1,1,"1, 3",4,0.0,0.0,0.0,0.0,0.0,0,0,-1,0,0,1,220.0,240.0,1,0,0.0,0.0,75.0,170.0,50.0,200.0,Down,Up,50,70,100,100,55.8743961352657,52.10828025477707,58.87378640776699,52.90384615384615,15,5ogs5ura,,,,,0
5,wz4uvd97,,0,587,587,FinalPage,ThankYou,2026-09-16 05:16:28.547078,1,,,722.22,5,,0.0,M_exp_W_exp,,,,,,,,,,,0,0,225,260,,,,,,,,,,,,,,,,,,,1,1,"1, 3",4,0.0,0.0,0.0,0.0,0.0,0,1,1,0,0,1,220.0,240.0,1,0,0.0,0.0,75.0,170.0,50.0,200.0,Down,Up,50,70,100,100,55.8743961352657,52.10828025477707,58.87378640776699,52.90384615384615,15,5ogs5ura,,,,,0
6,bw46f79x,,0,587,587,FinalPage,ThankYou,2026-09-16 05:16:28.718813,1,,,944.44,1,,0.0,M_exp_W_exp,,,,,,,,,,,0,0,10,10,,,,,,,,,,,,,,,,,,,1,1,"1, 3",4,0.0,0.0,0.0,0.0,0.0,0,-1,-1,0,0,2,251.0,200.0,0,0,0.0,0.0,150.0,120.0,150.0,175.0,Up,Up,50,20,75,50,55.8743961352657,52.10828025477707,58.87378640776699,52.90384615384615,15,5ogs5ura,,,,,0
7,42qlc5nb,,0,587,587,FinalPage,ThankYou,2026-09-16 05:16:28.741028,1,,,888.89,2,,0.0,M_exp_W_exp,,,,,,,,,,,0,0,260,200,,,,,,,,,,,,,,,,,,,1,1,"1, 3",4,0.0,0.0,0.0,0.0,0.0,0,1,0,0,0,2,251.0,200.0,0,0,0.0,0.0,150.0,120.0,150.0,175.0,Up,Up,50,20,75,50,55.8743961352657,52.10828025477707,58.87378640776699,52.90384615384615,15,5ogs5ura,,,,,0
8,jw6ngkbn,,0,587,587,FinalPage,ThankYou,2026-09-16 05:16:28.756835,1,,,1166.67,3,,0.0,M_exp_W_exp,,,,,,,,,,,0,0,190,170,,,,,,,,,,,,,,,,,,,1,1,"1, 3",4,0.0,0.0,0.0,0.0,0.0,0,-1,-1,0,0,2,251.0,200.0,0,0,0.0,0.0,150.0,120.0,150.0,175.0,Up,Up,50,20,75,50,55.8743961352657,52.10828025477707,58.87378640776699,52.90384615384615,15,5ogs5ura,,,,,0
9,booloaq9,,0,587,587,FinalPage,ThankYou,2026-09-16 05:16:28.796456,1,,,944.44,4,,0.0,M_exp_W_exp,,,,,,,,,,,0,0,251,211,,,,,,,,,,,,,,,,,,,1,1,"1, 3",4,0.0,0.0,0.0,0.0,0.0,0,0,1,0,0,2,251.0,200.0,0,0,0.0,0.0,150.0,120.0,150.0,175.0,Up,Up,50,20,75,50,55.8743961352657,52.10828025477707,58.87378640776699,52.90384615384615,15,5ogs5ura,,,,,0
10,2pc7nfit,,0,587,587,FinalPage,ThankYou,2026-09-16 05:16:28.842084,1,,,833.33,5,,0.0,M_exp_W_exp,,,,,,,,,,,0,0,300,220,,,,,,,,,,,,,,,,,,,1,1,"1, 3",4,0.0,0.0,0.0,0.0,0.0,0,1,1,0,0,2,251.0,200.0,0,0,0.0,0.0,150.0,120.0,150.0,175.0,Up,Up,50,20,75,50,55.8743961352657,52.10828025477707,58.87378640776699,52.90384615384615,15,5ogs5ura,,,,,0
11,t7rx3zw3,,0,587,587,FinalPage,ThankYou,2026-09-16 05:16:28.859938,1,,,944.44,1,,0.0,M_exp_W_exp,,,,,,,,,,,0,0,135,50,,,,,,,,,,,,,,,,,,,1,1,"1, 3",4,0.0,0.0,0.0,0.0,0.0,0,-1,-1,0,0,3,139.0,150.0,0,0,0.0,0.0,115.0,85.0,87.5,150.0,Down,Up,15,30,50,25,55.8743961352657,52.10828025477707,58.87378640776699,52.90384615384615,15,5ogs5ura,,,,,0
12,p48n4bh0,,0,587,587,FinalPage,ThankYou,2026-09-16 05:16:28.869908,1,,,666.67,2,,0.0,M_exp_W_exp,,,,,,,,,,,0,0,130,140,,,,,,,,,,,,,,,,,,,1,1,"1, 3",4,0.0,0.0,0.0,0.0,0.0,0,-1,-1,0,0,3,139.0,150.0,0,0,0.0,0.0,115.0,85.0,87.5,150.0,Down,Up,15,30,50,25,55.8743961352657,52.10828025477707,58.87378640776699,52.90384615384615,15,5ogs5ura,,,,,0
13,folcs8ow,,0,587,587,FinalPage,ThankYou,2026-09-16 05:16:28.891871,1,,,944.44,3,,0.0,M_exp_W_exp,,,,,,,,,,,0,0,139,150,,,,,,,,,,,,,,,,,,,1,1,"1, 3",4,0.0,0.0,0.0,0.0,0.0,0,0,1,0,0,3,139.0,150.0,0,0,0.0,0.0,115.0,85.0,87.5,150.0,Down,Up,15,30,50,25,55.8743961352657,52.10828025477707,58.87378640776699,52.90384615384615,15,5ogs5ura,,,,,0
14,cfp8kvc9,,0,587,587,FinalPage,ThankYou,2026-09-16 05:16:28.907618,1,,,166.67,4,,0.0,M_exp_W_exp,,,,,,,,,,,0,0,140,150,,,,,,,,,,,,,,,,,,,1,1,"1, 3",4,0.0,0.0,0.0,0.0,0.0,0,1,0,0,0,3,139.0,150.0,0,0,0.0,0.0,115.0,85.0,87.5,150.0,Down,Up,15,30,50,25,55.8743961352657,52.10828025477707,58.87378640776699,52.90384615384615,15,5ogs5ura,,,,,0
15,tt26hkpl,,0,587,587,FinalPage,ThankYou,2026-09-16 05:16:29.004337,1,,,222.22,5,,0.0,M_exp_W_exp,,,,,,,,,,,0,0,150,150,,,,,,,,,,,,,,,,,,,1,1,"1, 3",4,0.0,0.0,0.0,0.0,0.0,0,1,1,0,0,3,139.0,150.0,0,0,0.0,0.0,115.0,85.0,87.5,150.0,Down,Up,15,30,50,25,55.8743961352657,52.10828025477707,58.87378640776699,52.90384615384615,15,5ogs5ura,,,,,0
16,jfy8jxqv,,0,587,587,FinalPage,ThankYou,2026-09-16 05:16:28.995970,1,,,888.89,1,,0.0,M_exp_W_exp,,,,,,,,,,,0,0,126,124,,,,,,,,,,,,,,,,,,,1,1,"1, 3",4,0.0,0.0,0.0,0.0,0.0,0,1,-1,0,0,4,125.0,125.0,0,1,0.0,0.0,75.0,200.0,120.0,75.0,Up,Down,50,100,20,50,55.8743961352657,52.10828025477707,58.87378640776699,52.90384615384615,15,5ogs5ura,,,,,0
17,eveqm1ww,,0,587,587,FinalPage,ThankYou,2026-09-16 05:16:29.059992,1,,,611.11,2,,0.0,M_exp_W_exp,,,,,,,,,,,0,0,126,130,,,,,,,,,,,,,,,,,,,1,1,"1, 3",4,0.0,0.0,0.0,0.0,0.0,0,1,1,0,0,4,125.0,125.0,0,1,0.0,0.0,75.0,200.0,120.0,75.0,Up,Down,50,100,20,50,55.8743961352657,52.10828025477707,58.87378640776699,52.90384615384615,15,5ogs5ura,,,,,0
18,1dtln5rg,,0,587,587,FinalPage,ThankYou,2026-09-16 05:16:29.088262,1,,,1388.89,3,,0.0,M_exp_W_exp,,,,,,,,,,,0,0,125,125,,,,,,,,,,,,,,,,,,,1,1,"1, 3",4,0.0,0.0,0.0,0.0,0.0,0,-1,0,0,0,4,125.0,125.0,0,1,0.0,0.0,75.0,200.0,120.0,75.0,Up,Down,50,100,20,50,55.8743961352657,52.10828025477707,58.87378640776699,52.90384615384615,15,5ogs5ura,,,,,0
19,5ltpvdck,,0,587,587,FinalPage,ThankYou,2026-09-16 05:16:29.095601,1,,,500.0,4,,0.0,M_exp_W_exp,,,,,,,,,,,0,0,125,125,,,,,,,,,,,,,,,,,,,1,1,"1, 3",4,0.0,0.0,0.0,0.0,0.0,0,-1,1,0,0,4,125.0,125.0,0,1,0.0,0.0,75.0,200.0,120.0,75.0,Up,Down,50,100,20,50,55.8743961352657,52.10828025477707,58.87378640776699,52.90384615384615,15,5ogs5ura,,,,,0
20,ic1ocjv5,,0,587,587,FinalPage,ThankYou,2026-09-16 05:16:30.086752,1,,,1222.22,5,,0.0,M_exp_W_exp,,,,,,,,,,,0,0,125,125,,,,,,,,,,,,,,,,,,,1,1,"1, 3",4,0.0,0.0,0.0,0.0,0.0,0,0,-1,0,0,4,125.0,125.0,0,1,0.0,0.0,75.0,200.0,120.0,75.0,Up,Down,50,100,20,50,55.8743961352657,52.10828025477707,58.87378640776699,52.90384615384615,15,5ogs5ura,,,,,0
21,zd9eakrm,,0,587,587,FinalPage,ThankYou,2026-09-16 05:16:29.456622,1,,,722.22,1,,0.0,M_exp_W_exp,,,,,,,,,,,0,0,120,120,,,,,,,,,,,,,,,,,,,1,1,"1, 3",4,0.0,0.0,0.0,0.0,0.0,0,-1,-1,0,0,5,126.0,121.0,0,0,0.0,0.0,92.5,175.0,150.0,80.0,Up,Down,15,75,40,50,55.8743961352657,52.10828025477707,58.87378640776699,52.90384615384615,15,5ogs5ura,,,,,0
22,8tpz5m2a,,0,587,587,FinalPage,ThankYou,2026-09-16 05:16:29.516011,1,,,722.22,2,,0.0,M_exp_W_exp,,,,,,,,,,,0,0,124,121,,,,,,,,,,,,,,,,,,,1,1,"1, 3",4,0.0,0.0,0.0,0.0,0.0,0,-1,0,0,0,5,126.0,121.0,0,0,0.0,0.0,92.5,175.0,150.0,80.0,Up,Down,15,75,40,50,55.8743961352657,52.10828025477707,58.87378640776699,52.90384615384615,15,5ogs5ura,,,,,0
23,wfmdx2nb,,0,587,587,FinalPage,ThankYou,2026-09-16 05:16:29.865656,1,,,833.33,3,,0.0,M_exp_W_exp,,,,,,,,,,,0,0,200,198,,,,,,,,,,,,,,,,,,,1,1,"1, 3",4,0.0,0.0,0.0,0.0,0.0,0,1,1,0,0,5,126.0,121.0,0,0,0.0,0.0,92.5,175.0,150.0,80.0,Up,Down,15,75,40,50,55.8743961352657,52.10828025477707,58.87378640776699,52.90384615384615,15,5ogs5ura,,,,,0
24,y40upi5t,,0,587,587,FinalPage,ThankYou,2026-09-16 05:16:29.980971,1,,,944.44,4,,0.0,M_exp_W_exp,,,,,,,,,,,0,0,480,120,,,,,,,,,,,,,,,,,,,1,1,"1, 3",4,0.0,0.0,0.0,0.0,0.0,0,1,-1,0,0,5,126.0,121.0,0,0,0.0,0.0,92.5,175.0,150.0,80.0,Up,Down,15,75,40,50,55.8743961352657,52.10828025477707,58.87378640776699,52.90384615384615,15,5ogs5ura,,,,,0
25,s6nkestj,,0,587,587,FinalPage,ThankYou,2026-09-16 05:16:30.425302,1,,,833.33,5,,0.0,M_exp_W_exp,,,,,,,,,,,0,0,126,125,,,,,,,,,,,,,,,,,,,1,1,"1, 3",4,0.0,0.0,0.0,0.0,0.0,0,0,1,0,0,5,126.0,121.0,0,0,0.0,0.0,92.5,175.0,150.0,80.0,Up,Down,15,75,40,50,55.8743961352657,52.10828025477707,58.87378640776699,52.90384615384615,15,5ogs5ura,,,,,0
1,qvfebldb,,0,587,587,FinalPage,ThankYou,2026-09-16 05:16:27.267099,1,,,500.0,1,,0.0,M_exp_W_exp,,,,,,,,,,,0,0,256,290,,,,,,,,,,,,,,,,,,,1,1,"1, 3",4,0.0,0.0,0.0,0.0,0.0,0,1,1,0,0,1,205.0,225.0,1,0,0.0,0.0,75.0,170.0,50.0,200.0,Down,Up,50,70,100,100,55.8743961352657,52.10828025477707,58.87378640776699,52.90384615384615,16,5ogs5ura,,,,,0
2,vbjq2y24,,0,587,587,FinalPage,ThankYou,2026-09-16 05:16:27.586302,1,,,888.89,2,,0.0,M_exp_W_exp,,,,,,,,,,,0,0,210,170,,,,,,,,,,,,,,,,,,,1,1,"1, 3",4,0.0,0.0,0.0,0.0,0.0,0,1,-1,0,0,1,205.0,225.0,1,0,0.0,0.0,75.0,170.0,50.0,200.0,Down,Up,50,70,100,100,55.8743961352657,52.10828025477707,58.87378640776699,52.90384615384615,16,5ogs5ura,,,,,0
3,fjbh3h2b,,0,587,587,FinalPage,ThankYou,2026-09-16 05:16:27.633391,1,,,1277.78,3,,0.0,M_exp_W_exp,,,,,,,,,,,0,0,205,225,,,,,,,,,,,,,,,,,,,1,1,"1, 3",4,0.0,0.0,0.0,0.0,0.0,0,-1,0,0,0,1,205.0,225.0,1,0,0.0,0.0,75.0,170.0,50.0,200.0,Down,Up,50,70,100,100,55.8743961352657,52.10828025477707,58.87378640776699,52.90384615384615,16,5ogs5ura,,,,,0
4,j0v5am99,,0,587,587,FinalPage,ThankYou,2026-09-16 05:16:28.512590,1,,,55.56,4,,0.0,M_exp_W_exp,,,,,,,,,,,0,0,205,230,,,,,,,,,,,,,,,,,,,1,1,"1, 3",4,0.0,0.0,0.0,0.0,0.0,0,0,1,0,0,1,205.0,225.0,1,0,0.0,0.0,75.0,170.0,50.0,200.0,Down,Up,50,70,100,100,55.8743961352657,52.10828025477707,58.87378640776699,52.90384615384615,16,5ogs5ura,,,,,0
5,wz4uvd97,,0,587,587,FinalPage,ThankYou,2026-09-16 05:16:28.547078,1,,,722.22,5,,0.0,M_exp_W_exp,,,,,,,,,,,0,0,190,200,,,,,,,,,,,,,,,,,,,1,1,"1, 3",4,0.0,0.0,0.0,0.0,0.0,0,-1,-1,0,0,1,205.0,225.0,1,0,0.0,0.0,75.0,170.0,50.0,200.0,Down,Up,50,70,100,100,55.8743961352657,52.10828025477707,58.87378640776699,52.90384615384615,16,5ogs5ura,,,,,0
6,bw46f79x,,0,587,587,FinalPage,ThankYou,2026-09-16 05:16:28.718813,1,,,944.44,1,,0.0,M_exp_W_exp,,,,,,,,,,,0,0,286,234,,,,,,,,,,,,,,,,,,,1,1,"1, 3",4,0.0,0.0,0.0,0.0,0.0,0,1,1,0,0,2,260.0,180.0,0,0,0.0,0.0,150.0,120.0,150.0,175.0,Up,Up,50,20,75,50,55.8743961352657,52.10828025477707,58.87378640776699,52.90384615384615,16,5ogs5ura,,,,,0
7,42qlc5nb,,0,587,587,FinalPage,ThankYou,2026-09-16 05:16:28.741028,1,,,888.89,2,,0.0,M_exp_W_exp,,,,,,,,,,,0,0,260,160,,,,,,,,,,,,,,,,,,,1,1,"1, 3",4,0.0,0.0,0.0,0.0,0.0,0,0,-1,0,0,2,260.0,180.0,0,0,0.0,0.0,150.0,120.0,150.0,175.0,Up,Up,50,20,75,50,55.8743961352657,52.10828025477707,58.87378640776699,52.90384615384615,16,5ogs5ura,,,,,0
8,jw6ngkbn,,0,587,587,FinalPage,ThankYou,2026-09-16 05:16:28.756835,1,,,1166.67,3,,0.0,M_exp_W_exp,,,,,,,,,,,0,0,200,170,,,,,,,,,,,,,,,,,,,1,1,"1, 3",4,0.0,0.0,0.0,0.0,0.0,0,-1,-1,0,0,2,260.0,180.0,0,0,0.0,0.0,150.0,120.0,150.0,175.0,Up,Up,50,20,75,50,55.8743961352657,52.10828025477707,58.87378640776699,52.90384615384615,16,5ogs5ura,,,,,0
9,booloaq9,,0,587,587,FinalPage,ThankYou,2026-09-16 05:16:28.796456,1,,,944.44,4,,0.0,M_exp_W_exp,,,,,,,,,,,0,0,270,200,,,,,,,,,,,,,,,,,,,1,1,"1, 3",4,0.0,0.0,0.0,0.0,0.0,0,1,1,0,0,2,260.0,180.0,0,0,0.0,0.0,150.0,120.0,150.0,175.0,Up,Up,50,20,75,50,55.8743961352657,52.10828025477707,58.87378640776699,52.90384615384615,16,5ogs5ura,,,,,0
10,2pc7nfit,,0,587,587,FinalPage,ThankYou,2026-09-16 05:16:28.842084,1,,,833.33,5,,0.0,M_exp_W_exp,,,,,,,,,,,0,0,200,180,,,,,,,,,,,,,,,,,,,1,1,"1, 3",4,0.0,0.0,0.0,0.0,0.0,0,-1,0,0,0,2,260.0,180.0,0,0,0.0,0.0,150.0,120.0,150.0,175.0,Up,Up,50,20,75,50,55.8743961352657,52.10828025477707,58.87378640776699,52.90384615384615,16,5ogs5ura,,,,,0
11,t7rx3zw3,,0,587,587,FinalPage,ThankYou,2026-09-16 05:16:28.859938,1,,,944.44,1,,0.0,M_exp_W_exp,,,,,,,,,,,0,0,135,50,,,,,,,,,,,,,,,,,,,1,1,"1, 3",4,0.0,0.0,0.0,0.0,0.0,0,-1,-1,0,0,3,138.0,150.0,0,0,0.0,0.0,115.0,85.0,87.5,150.0,Down,Up,15,30,50,25,55.8743961352657,52.10828025477707,58.87378640776699,52.90384615384615,16,5ogs5ura,,,,,0
12,p48n4bh0,,0,587,587,FinalPage,ThankYou,2026-09-16 05:16:28.869908,1,,,666.67,2,,0.0,M_exp_W_exp,,,,,,,,,,,0,0,140,150,,,,,,,,,,,,,,,,,,,1,1,"1, 3",4,0.0,0.0,0.0,0.0,0.0,0,1,0,0,0,3,138.0,150.0,0,0,0.0,0.0,115.0,85.0,87.5,150.0,Down,Up,15,30,50,25,55.8743961352657,52.10828025477707,58.87378640776699,52.90384615384615,16,5ogs5ura,,,,,0
13,folcs8ow,,0,587,587,FinalPage,ThankYou,2026-09-16 05:16:28.891871,1,,,944.44,3,,0.0,M_exp_W_exp,,,,,,,,,,,0,0,138,148,,,,,,,,,,,,,,,,,,,1,1,"1, 3",4,0.0,0.0,0.0,0.0,0.0,0,0,-1,0,0,3,138.0,150.0,0,0,0.0,0.0,115.0,85.0,87.5,150.0,Down,Up,15,30,50,25,55.8743961352657,52.10828025477707,58.87378640776699,52.90384615384615,16,5ogs5ura,,,,,0
14,cfp8kvc9,,0,587,587,FinalPage,ThankYou,2026-09-16 05:16:28.907618,1,,,166.67,4,,0.0,M_exp_W_exp,,,,,,,,,,,0,0,120,160,,,,,,,,,,,,,,,,,,,1,1,"1, 3",4,0.0,0.0,0.0,0.0,0.0,0,-1,1,0,0,3,138.0,150.0,0,0,0.0,0.0,115.0,85.0,87.5,150.0,Down,Up,15,30,50,25,55.8743961352657,52.10828025477707,58.87378640776699,52.90384615384615,16,5ogs5ura,,,,,0
15,tt26hkpl,,0,587,587,FinalPage,ThankYou,2026-09-16 05:16:29.004337,1,,,222.22,5,,0.0,M_exp_W_exp,,,,,,,,,,,0,0,150,150,,,,,,,,,,,,,,,,,,,1,1,"1, 3",4,0.0,0.0,0.0,0.0,0.0,0,1,1,0,0,3,138.0,150.0,0,0,0.0,0.0,115.0,85.0,87.5,150.0,Down,Up,15,30,50,25,55.8743961352657,52.10828025477707,58.87378640776699,52.90384615384615,16,5ogs5ura,,,,,0
16,jfy8jxqv,,0,587,587,FinalPage,ThankYou,2026-09-16 05:16:28.995970,1,,,888.89,1,,0.0,M_exp_W_exp,,,,,,,,,,,0,0,126,124,,,,,,,,,,,,,,,,,,,1,1,"1, 3",4,0.0,0.0,0.0,0.0,0.0,0,1,-1,0,0,4,125.0,125.0,0,1,0.0,0.0,75.0,200.0,120.0,75.0,Up,Down,50,100,20,50,55.8743961352657,52.10828025477707,58.87378640776699,52.90384615384615,16,5ogs5ura,,,,,0
17,eveqm1ww,,0,587,587,FinalPage,ThankYou,2026-09-16 05:16:29.059992,1,,,611.11,2,,0.0,M_exp_W_exp,,,,,,,,,,,0,0,126,126,,,,,,,,,,,,,,,,,,,1,1,"1, 3",4,0.0,0.0,0.0,0.0,0.0,0,1,1,0,0,4,125.0,125.0,0,1,0.0,0.0,75.0,200.0,120.0,75.0,Up,Down,50,100,20,50,55.8743961352657,52.10828025477707,58.87378640776699,52.90384615384615,16,5ogs5ura,,,,,0
18,1dtln5rg,,0,587,587,FinalPage,ThankYou,2026-09-16 05:16:29.088262,1,,,1388.89,3,,0.0,M_exp_W_exp,,,,,,,,,,,0,0,125,125,,,,,,,,,,,,,,,,,,,1,1,"1, 3",4,0.0,0.0,0.0,0.0,0.0,0,-1,0,0,0,4,125.0,125.0,0,1,0.0,0.0,75.0,200.0,120.0,75.0,Up,Down,50,100,20,50,55.8743961352657,52.10828025477707,58.87378640776699,52.90384615384615,16,5ogs5ura,,,,,0
19,5ltpvdck,,0,587,587,FinalPage,ThankYou,2026-09-16 05:16:29.095601,1,,,500.0,4,,0.0,M_exp_W_exp,,,,,,,,,,,0,0,125,125,,,,,,,,,,,,,,,,,,,1,1,"1, 3",4,0.0,0.0,0.0,0.0,0.0,0,-1,-1,0,0,4,125.0,125.0,0,1,0.0,0.0,75.0,200.0,120.0,75.0,Up,Down,50,100,20,50,55.8743961352657,52.10828025477707,58.87378640776699,52.90384615384615,16,5ogs5ura,,,,,0
20,ic1ocjv5,,0,587,587,FinalPage,ThankYou,2026-09-16 05:16:30.086752,1,,,1222.22,5,,0.0,M_exp_W_exp,,,,,,,,,,,0,0,125,125,,,,,,,,,,,,,,,,,,,1,1,"1, 3",4,0.0,0.0,0.0,0.0,0.0,0,0,1,0,0,4,125.0,125.0,0,1,0.0,0.0,75.0,200.0,120.0,75.0,Up,Down,50,100,20,50,55.8743961352657,52.10828025477707,58.87378640776699,52.90384615384615,16,5ogs5ura,,,,,0
21,zd9eakrm,,0,587,587,FinalPage,ThankYou,2026-09-16 05:16:29.456622,1,,,722.22,1,,0.0,M_exp_W_exp,,,,,,,,,,,0,0,120,120,,,,,,,,,,,,,,,,,,,1,1,"1, 3",4,0.0,0.0,0.0,0.0,0.0,0,-1,-1,0,0,5,125.0,120.0,0,0,0.0,0.0,92.5,175.0,150.0,80.0,Up,Down,15,75,40,50,55.8743961352657,52.10828025477707,58.87378640776699,52.90384615384615,16,5ogs5ura,,,,,0
22,8tpz5m2a,,0,587,587,FinalPage,ThankYou,2026-09-16 05:16:29.516011,1,,,722.22,2,,0.0,M_exp_W_exp,,,,,,,,,,,0,0,124,120,,,,,,,,,,,,,,,,,,,1,1,"1, 3",4,0.0,0.0,0.0,0.0,0.0,0,-1,0,0,0,5,125.0,120.0,0,0,0.0,0.0,92.5,175.0,150.0,80.0,Up,Down,15,75,40,50,55.8743961352657,52.10828025477707,58.87378640776699,52.90384615384615,16,5ogs5ura,,,,,0
23,wfmdx2nb,,0,587,587,FinalPage,ThankYou,2026-09-16 05:16:29.865656,1,,,833.33,3,,0.0,M_exp_W_exp,,,,,,,,,,,0,0,125,125,,,,,,,,,,,,,,,,,,,1,1,"1, 3",4,0.0,0.0,0.0,0.0,0.0,0,0,1,0,0,5,125.0,120.0,0,0,0.0,0.0,92.5,175.0,150.0,80.0,Up,Down,15,75,40,50,55.8743961352657,52.10828025477707,58.87378640776699,52.90384615384615,16,5ogs5ura,,,,,0
24,y40upi5t,,0,587,587,FinalPage,ThankYou,2026-09-16 05:16:29.980971,1,,,944.44,4,,0.0,M_exp_W_exp,,,,,,,,,,,0,0,480,120,,,,,,,,,,,,,,,,,,,1,1,"1, 3",4,0.0,0.0,0.0,0.0,0.0,0,1,1,0,0,5,125.0,120.0,0,0,0.0,0.0,92.5,175.0,150.0,80.0,Up,Down,15,75,40,50,55.8743961352657,52.10828025477707,58.87378640776699,52.90384615384615,16,5ogs5ura,,,,,0
25,s6nkestj,,0,587,587,FinalPage,ThankYou,2026-09-16 05:16:30.425302,1,,,833.33,5,,0.0,M_exp_W_exp,,,,,,,,,,,0,0,127,120,,,,,,,,,,,,,,,,,,,1,1,"1, 3",4,0.0,0.0,0.0,0.0,0.0,0,1,-1,0,0,5,125.0,120.0,0,0,0.0,0.0,92.5,175.0,150.0,80.0,Up,Down,15,75,40,50,55.8743961352657,52.10828025477707,58.87378640776699,52.90384615384615,16,5ogs5ura,,,,,0
1,qvfebldb,,0,587,587,FinalPage,ThankYou,2026-09-16 05:16:27.267099,1,,,500.0,1,,0.0,M_exp_W_exp,,,,,,,,,,,0,0,240,280,,,,,,,,,,,,,,,,,,,1,1,"1, 3",4,0.0,0.0,0.0,0.0,0.0,0,1,1,0,0,1,190.0,205.0,1,0,0.0,0.0,75.0,170.0,50.0,200.0,Down,Up,50,70,100,100,55.8743961352657,52.10828025477707,58.87378640776699,52.90384615384615,17,5ogs5ura,,,,,0
2,vbjq2y24,,0,587,587,FinalPage,ThankYou,2026-09-16 05:16:27.586302,1,,,888.89,2,,0.0,M_exp_W_exp,,,,,,,,,,,0,0,200,180,,,,,,,,,,,,,,,,,,,1,1,"1, 3",4,0.0,0.0,0.0,0.0,0.0,0,1,-1,0,0,1,190.0,205.0,1,0,0.0,0.0,75.0,170.0,50.0,200.0,Down,Up,50,70,100,100,55.8743961352657,52.10828025477707,58.87378640776699,52.90384615384615,17,5ogs5ura,,,,,0
3,fjbh3h2b,,0,587,587,FinalPage,ThankYou,2026-09-16 05:16:27.633391,1,,,1277.78,3,,0.0,M_exp_W_exp,,,,,,,,,,,0,0,190,205,,,,,,,,,,,,,,,,,,,1,1,"1, 3",4,0.0,0.0,0.0,0.0,0.0,0,-1,0,0,0,1,190.0,205.0,1,0,0.0,0.0,75.0,170.0,50.0,200.0,Down,Up,50,70,100,100,55.8743961352657,52.10828025477707,58.87378640776699,52.90384615384615,17,5ogs5ura,,,,,0
4,j0v5am99,,0,587,587,FinalPage,ThankYou,2026-09-16 05:16:28.512590,1,,,55.56,4,,0.0,M_exp_W_exp,,,,,,,,,,,0,0,190,215,,,,,,,,,,,,,,,,,,,1,1,"1, 3",4,0.0,0.0,0.0,0.0,0.0,0,-1,1,0,0,1,190.0,205.0,1,0,0.0,0.0,75.0,170.0,50.0,200.0,Down,Up,50,70,100,100,55.8743961352657,52.10828025477707,58.87378640776699,52.90384615384615,17,5ogs5ura,,,,,0
5,wz4uvd97,,0,587,587,FinalPage,ThankYou,2026-09-16 05:16:28.547078,1,,,722.22,5,,0.0,M_exp_W_exp,,,,,,,,,,,0,0,190,200,,,,,,,,,,,,,,,,,,,1,1,"1, 3",4,0.0,0.0,0.0,0.0,0.0,0,0,-1,0,0,1,190.0,205.0,1,0,0.0,0.0,75.0,170.0,50.0,200.0,Down,Up,50,70,100,100,55.8743961352657,52.10828025477707,58.87378640776699,52.90384615384615,17,5ogs5ura,,,,,0
6,bw46f79x,,0,587,587,FinalPage,ThankYou,2026-09-16 05:16:28.718813,1,,,944.44,1,,0.0,M_exp_W_exp,,,,,,,,,,,0,0,300,1,,,,,,,,,,,,,,,,,,,1,1,"1, 3",4,0.0,0.0,0.0,0.0,0.0,0,1,-1,0,0,2,250.0,160.0,0,0,0.0,0.0,150.0,120.0,150.0,175.0,Up,Up,50,20,75,50,55.8743961352657,52.10828025477707,58.87378640776699,52.90384615384615,17,5ogs5ura,,,,,0
7,42qlc5nb,,0,587,587,FinalPage,ThankYou,2026-09-16 05:16:28.741028,1,,,888.89,2,,0.0,M_exp_W_exp,,,,,,,,,,,0,0,270,160,,,,,,,,,,,,,,,,,,,1,1,"1, 3",4,0.0,0.0,0.0,0.0,0.0,0,1,0,0,0,2,250.0,160.0,0,0,0.0,0.0,150.0,120.0,150.0,175.0,Up,Up,50,20,75,50,55.8743961352657,52.10828025477707,58.87378640776699,52.90384615384615,17,5ogs5ura,,,,,0
8,jw6ngkbn,,0,587,587,FinalPage,ThankYou,2026-09-16 05:16:28.756835,1,,,1166.67,3,,0.0,M_exp_W_exp,,,,,,,,,,,0,0,220,155,,,,,,,,,,,,,,,,,,,1,1,"1, 3",4,0.0,0.0,0.0,0.0,0.0,0,-1,-1,0,0,2,250.0,160.0,0,0,0.0,0.0,150.0,120.0,150.0,175.0,Up,Up,50,20,75,50,55.8743961352657,52.10828025477707,58.87378640776699,52.90384615384615,17,5ogs5ura,,,,,0
9,booloaq9,,0,587,587,FinalPage,ThankYou,2026-09-16 05:16:28.796456,1,,,944.44,4,,0.0,M_exp_W_exp,,,,,,,,,,,0,0,250,200,,,,,,,,,,,,,,,,,,,1,1,"1, 3",4,0.0,0.0,0.0,0.0,0.0,0,0,1,0,0,2,250.0,160.0,0,0,0.0,0.0,150.0,120.0,150.0,175.0,Up,Up,50,20,75,50,55.8743961352657,52.10828025477707,58.87378640776699,52.90384615384615,17,5ogs5ura,,,,,0
10,2pc7nfit,,0,587,587,FinalPage,ThankYou,2026-09-16 05:16:28.842084,1,,,833.33,5,,0.0,M_exp_W_exp,,,,,,,,,,,0,0,210,170,,,,,,,,,,,,,,,,,,,1,1,"1, 3",4,0.0,0.0,0.0,0.0,0.0,0,-1,1,0,0,2,250.0,160.0,0,0,0.0,0.0,150.0,120.0,150.0,175.0,Up,Up,50,20,75,50,55.8743961352657,52.10828025477707,58.87378640776699,52.90384615384615,17,5ogs5ura,,,,,0
11,t7rx3zw3,,0,587,587,FinalPage,ThankYou,2026-09-16 05:16:28.859938,1,,,944.44,1,,0.0,M_exp_W_exp,,,,,,,,,,,0,0,135,50,,,,,,,,,,,,,,,,,,,1,1,"1, 3",4,0.0,0.0,0.0,0.0,0.0,0,-1,-1,0,0,3,140.0,151.0,0,0,0.0,0.0,115.0,85.0,87.5,150.0,Down,Up,15,30,50,25,55.8743961352657,52.10828025477707,58.87378640776699,52.90384615384615,17,5ogs5ura,,,,,0
12,p48n4bh0,,0,587,587,FinalPage,ThankYou,2026-09-16 05:16:28.869908,1,,,666.67,2,,0.0,M_exp_W_exp,,,,,,,,,,,0,0,140,155,,,,,,,,,,,,,,,,,,,1,1,"1, 3",4,0.0,0.0,0.0,0.0,0.0,0,0,1,0,0,3,140.0,151.0,0,0,0.0,0.0,115.0,85.0,87.5,150.0,Down,Up,15,30,50,25,55.8743961352657,52.10828025477707,58.87378640776699,52.90384615384615,17,5ogs5ura,,,,,0
13,folcs8ow,,0,587,587,FinalPage,ThankYou,2026-09-16 05:16:28.891871,1,,,944.44,3,,0.0,M_exp_W_exp,,,,,,,,,,,0,0,137,151,,,,,,,,,,,,,,,,,,,1,1,"1, 3",4,0.0,0.0,0.0,0.0,0.0,0,-1,0,0,0,3,140.0,151.0,0,0,0.0,0.0,115.0,85.0,87.5,150.0,Down,Up,15,30,50,25,55.8743961352657,52.10828025477707,58.87378640776699,52.90384615384615,17,5ogs5ura,,,,,0
14,cfp8kvc9,,0,587,587,FinalPage,ThankYou,2026-09-16 05:16:28.907618,1,,,166.67,4,,0.0,M_exp_W_exp,,,,,,,,,,,0,0,140,180,,,,,,,,,,,,,,,,,,,1,1,"1, 3",4,0.0,0.0,0.0,0.0,0.0,0,1,1,0,0,3,140.0,151.0,0,0,0.0,0.0,115.0,85.0,87.5,150.0,Down,Up,15,30,50,25,55.8743961352657,52.10828025477707,58.87378640776699,52.90384615384615,17,5ogs5ura,,,,,0
15,tt26hkpl,,0,587,587,FinalPage,ThankYou,2026-09-16 05:16:29.004337,1,,,222.22,5,,0.0,M_exp_W_exp,,,,,,,,,,,0,0,150,151,,,,,,,,,,,,,,,,,,,1,1,"1, 3",4,0.0,0.0,0.0,0.0,0.0,0,1,-1,0,0,3,140.0,151.0,0,0,0.0,0.0,115.0,85.0,87.5,150.0,Down,Up,15,30,50,25,55.8743961352657,52.10828025477707,58.87378640776699,52.90384615384615,17,5ogs5ura,,,,,0
16,jfy8jxqv,,0,587,587,FinalPage,ThankYou,2026-09-16 05:16:28.995970,1,,,888.89,1,,0.0,M_exp_W_exp,,,,,,,,,,,0,0,126,124,,,,,,,,,,,,,,,,,,,1,1,"1, 3",4,0.0,0.0,0.0,0.0,0.0,0,1,-1,0,0,4,125.0,125.0,0,1,0.0,0.0,75.0,200.0,120.0,75.0,Up,Down,50,100,20,50,55.8743961352657,52.10828025477707,58.87378640776699,52.90384615384615,17,5ogs5ura,,,,,0
17,eveqm1ww,,0,587,587,FinalPage,ThankYou,2026-09-16 05:16:29.059992,1,,,611.11,2,,0.0,M_exp_W_exp,,,,,,,,,,,0,0,126,126,,,,,,,,,,,,,,,,,,,1,1,"1, 3",4,0.0,0.0,0.0,0.0,0.0,0,1,1,0,0,4,125.0,125.0,0,1,0.0,0.0,75.0,200.0,120.0,75.0,Up,Down,50,100,20,50,55.8743961352657,52.10828025477707,58.87378640776699,52.90384615384615,17,5ogs5ura,,,,,0
18,1dtln5rg,,0,587,587,FinalPage,ThankYou,2026-09-16 05:16:29.088262,1,,,1388.89,3,,0.0,M_exp_W_exp,,,,,,,,,,,0,0,125,125,,,,,,,,,,,,,,,,,,,1,1,"1, 3",4,0.0,0.0,0.0,0.0,0.0,0,-1,-1,0,0,4,125.0,125.0,0,1,0.0,0.0,75.0,200.0,120.0,75.0,Up,Down,50,100,20,50,55.8743961352657,52.10828025477707,58.87378640776699,52.90384615384615,17,5ogs5ura,,,,,0
19,5ltpvdck,,0,587,587,FinalPage,ThankYou,2026-09-16 05:16:29.095601,1,,,500.0,4,,0.0,M_exp_W_exp,,,,,,,,,,,0,0,125,125,,,,,,,,,,,,,,,,,,,1,1,"1, 3",4,0.0,0.0,0.0,0.0,0.0,0,-1,1,0,0,4,125.0,125.0,0,1,0.0,0.0,75.0,200.0,120.0,75.0,Up,Down,50,100,20,50,55.8743961352657,52.10828025477707,58.87378640776699,52.90384615384615,17,5ogs5ura,,,,,0
20,ic1ocjv5,,0,587,587,FinalPage,ThankYou,2026-09-16 05:16:30.086752,1,,,1222.22,5,,0.0,M_exp_W_exp,,,,,,,,,,,0,0,125,125,,,,,,,,,,,,,,,,,,,1,1,"1, 3",4,0.0,0.0,0.0,0.0,0.0,0,0,0,0,0,4,125.0,125.0,0,1,0.0,0.0,75.0,200.0,120.0,75.0,Up,Down,50,100,20,50,55.8743961352657,52.10828025477707,58.87378640776699,52.90384615384615,17,5ogs5ura,,,,,0
21,zd9eakrm,,0,587,587,FinalPage,ThankYou,2026-09-16 05:16:29.456622,1,,,722.22,1,,0.0,M_exp_W_exp,,,,,,,,,,,0,0,120,120,,,,,,,,,,,,,,,,,,,1,1,"1, 3",4,0.0,0.0,0.0,0.0,0.0,0,-1,1,0,0,5,125.0,120.0,0,0,0.0,0.0,92.5,175.0,150.0,80.0,Up,Down,15,75,40,50,55.8743961352657,52.10828025477707,58.87378640776699,52.90384615384615,17,5ogs5ura,,,,,0
22,8tpz5m2a,,0,587,587,FinalPage,ThankYou,2026-09-16 05:16:29.516011,1,,,722.22,2,,0.0,M_exp_W_exp,,,,,,,,,,,0,0,124,115,,,,,,,,,,,,,,,,,,,1,1,"1, 3",4,0.0,0.0,0.0,0.0,0.0,0,-1,-1,0,0,5,125.0,120.0,0,0,0.0,0.0,92.5,175.0,150.0,80.0,Up,Down,15,75,40,50,55.8743961352657,52.10828025477707,58.87378640776699,52.90384615384615,17,5ogs5ura,,,,,0
23,wfmdx2nb,,0,587,587,FinalPage,ThankYou,2026-09-16 05:16:29.865656,1,,,833.33,3,,0.0,M_exp_W_exp,,,,,,,,,,,0,0,125,125,,,,,,,,,,,,,,,,,,,1,1,"1, 3",4,0.0,0.0,0.0,0.0,0.0,0,1,1,0,0,5,125.0,120.0,0,0,0.0,0.0,92.5,175.0,150.0,80.0,Up,Down,15,75,40,50,55.8743961352657,52.10828025477707,58.87378640776699,52.90384615384615,17,5ogs5ura,,,,,0
24,y40upi5t,,0,587,587,FinalPage,ThankYou,2026-09-16 05:16:29.980971,1,,,944.44,4,,0.0,M_exp_W_exp,,,,,,,,,,,0,0,480,120,,,,,,,,,,,,,,,,,,,1,1,"1, 3",4,0.0,0.0,0.0,0.0,0.0,0,1,-1,0,0,5,125.0,120.0,0,0,0.0,0.0,92.5,175.0,150.0,80.0,Up,Down,15,75,40,50,55.8743961352657,52.10828025477707,58.87378640776699,52.90384615384615,17,5ogs5ura,,,,,0
25,s6nkestj,,0,587,587,FinalPage,ThankYou,2026-09-16 05:16:30.425302,1,,,833.33,5,,0.0,M_exp_W_exp,,,,,,,,,,,0,0,125,120,,,,,,,,,,,,,,,,,,,1,1,"1, 3",4,0.0,0.0,0.0,0.0,0.0,0,0,0,0,0,5,125.0,120.0,0,0,0.0,0.0,92.5,175.0,150.0,80.0,Up,Down,15,75,40,50,55.8743961352657,52.10828025477707,58.87378640776699,52.90384615384615,17,5ogs5ura,,,,,0
1,qvfebldb,,0,587,587,FinalPage,ThankYou,2026-09-16 05:16:27.267099,1,,,500.0,1,,0.0,M_exp_W_exp,,,,,,,,,,,0,0,230,260,,,,,,,,,,,,,,,,,,,1,1,"1, 3",4,0.0,0.0,0.0,0.0,0.0,0,1,1,0,0,1,190.0,185.0,1,0,0.0,0.0,75.0,170.0,50.0,200.0,Down,Up,50,70,100,100,55.8743961352657,52.10828025477707,58.87378640776699,52.90384615384615,18,5ogs5ura,,,,,0
2,vbjq2y24,,0,587,587,FinalPage,ThankYou,2026-09-16 05:16:27.586302,1,,,888.89,2,,0.0,M_exp_W_exp,,,,,,,,,,,0,0,195,180,,,,,,,,,,,,,,,,,,,1,1,"1, 3",4,0.0,0.0,0.0,0.0,0.0,0,1,-1,0,0,1,190.0,185.0,1,0,0.0,0.0,75.0,170.0,50.0,200.0,Down,Up,50,70,100,100,55.8743961352657,52.10828025477707,58.87378640776699,52.90384615384615,18,5ogs5ura,,,,,0
3,fjbh3h2b,,0,587,587,FinalPage,ThankYou,2026-09-16 05:16:27.633391,1,,,1277.78,3,,0.0,M_exp_W_exp,,,,,,,,,,,0,0,170,185,,,,,,,,,,,,,,,,,,,1,1,"1, 3",4,0.0,0.0,0.0,0.0,0.0,0,-1,0,0,0,1,190.0,185.0,1,0,0.0,0.0,75.0,170.0,50.0,200.0,Down,Up,50,70,100,100,55.8743961352657,52.10828025477707,58.87378640776699,52.90384615384615,18,5ogs5ura,,,,,0
4,j0v5am99,,0,587,587,FinalPage,ThankYou,2026-09-16 05:16:28.512590,1,,,55.56,4,,0.0,M_exp_W_exp,,,,,,,,,,,0,0,175,180,,,,,,,,,,,,,,,,,,,1,1,"1, 3",4,0.0,0.0,0.0,0.0,0.0,0,-1,-1,0,0,1,190.0,185.0,1,0,0.0,0.0,75.0,170.0,50.0,200.0,Down,Up,50,70,100,100,55.8743961352657,52.10828025477707,58.87378640776699,52.90384615384615,18,5ogs5ura,,,,,0
5,wz4uvd97,,0,587,587,FinalPage,ThankYou,2026-09-16 05:16:28.547078,1,,,722.22,5,,0.0,M_exp_W_exp,,,,,,,,,,,0,0,190,200,,,,,,,,,,,,,,,,,,,1,1,"1, 3",4,0.0,0.0,0.0,0.0,0.0,0,0,1,0,0,1,190.0,185.0,1,0,0.0,0.0,75.0,170.0,50.0,200.0,Down,Up,50,70,100,100,55.8743961352657,52.10828025477707,58.87378640776699,52.90384615384615,18,5ogs5ura,,,,,0
6,bw46f79x,,0,587,587,FinalPage,ThankYou,2026-09-16 05:16:28.718813,1,,,944.44,1,,0.0,M_exp_W_exp,,,,,,,,,,,0,0,1,200,,,,,,,,,,,,,,,,,,,1,1,"1, 3",4,0.0,0.0,0.0,0.0,0.0,0,-1,1,0,0,2,220.0,150.0,0,0,0.0,0.0,150.0,120.0,150.0,175.0,Up,Up,50,20,75,50,55.8743961352657,52.10828025477707,58.87378640776699,52.90384615384615,18,5ogs5ura,,,,,0
7,42qlc5nb,,0,587,587,FinalPage,ThankYou,2026-09-16 05:16:28.741028,1,,,888.89,2,,0.0,M_exp_W_exp,,,,,,,,,,,0,0,270,140,,,,,,,,,,,,,,,,,,,1,1,"1, 3",4,0.0,0.0,0.0,0.0,0.0,0,1,-1,0,0,2,220.0,150.0,0,0,0.0,0.0,150.0,120.0,150.0,175.0,Up,Up,50,20,75,50,55.8743961352657,52.10828025477707,58.87378640776699,52.90384615384615,18,5ogs5ura,,,,,0
8,jw6ngkbn,,0,587,587,FinalPage,ThankYou,2026-09-16 05:16:28.756835,1,,,1166.67,3,,0.0,M_exp_W_exp,,,,,,,,,,,0,0,210,140,,,,,,,,,,,,,,,,,,,1,1,"1, 3",4,0.0,0.0,0.0,0.0,0.0,0,-1,-1,0,0,2,220.0,150.0,0,0,0.0,0.0,150.0,120.0,150.0,175.0,Up,Up,50,20,75,50,55.8743961352657,52.10828025477707,58.87378640776699,52.90384615384615,18,5ogs5ura,,,,,0
9,booloaq9,,0,587,587,FinalPage,ThankYou,2026-09-16 05:16:28.796456,1,,,944.44,4,,0.0,M_exp_W_exp,,,,,,,,,,,0,0,220,160,,,,,,,,,,,,,,,,,,,1,1,"1, 3",4,0.0,0.0,0.0,0.0,0.0,0,0,1,0,0,2,220.0,150.0,0,0,0.0,0.0,150.0,120.0,150.0,175.0,Up,Up,50,20,75,50,55.8743961352657,52.10828025477707,58.87378640776699,52.90384615384615,18,5ogs5ura,,,,,0
10,2pc7nfit,,0,587,587,FinalPage,ThankYou,2026-09-16 05:16:28.842084,1,,,833.33,5,,0.0,M_exp_W_exp,,,,,,,,,,,0,0,220,150,,,,,,,,,,,,,,,,,,,1,1,"1, 3",4,0.0,0.0,0.0,0.0,0.0,0,1,0,0,0,2,220.0,150.0,0,0,0.0,0.0,150.0,120.0,150.0,175.0,Up,Up,50,20,75,50,55.8743961352657,52.10828025477707,58.87378640776699,52.90384615384615,18,5ogs5ura,,,,,0
11,t7rx3zw3,,0,587,587,FinalPage,ThankYou,2026-09-16 05:16:28.859938,1,,,944.44,1,,0.0,M_exp_W_exp,,,,,,,,,,,0,0,135,50,,,,,,,,,,,,,,,,,,,1,1,"1, 3",4,0.0,0.0,0.0,0.0,0.0,0,-1,-1,0,0,3,138.0,147.0,0,0,0.0,0.0,115.0,85.0,87.5,150.0,Down,Up,15,30,50,25,55.8743961352657,52.10828025477707,58.87378640776699,52.90384615384615,18,5ogs5ura,,,,,0
12,p48n4bh0,,0,587,587,FinalPage,ThankYou,2026-09-16 05:16:28.869908,1,,,666.67,2,,0.0,M_exp_W_exp,,,,,,,,,,,0,0,100,101,,,,,,,,,,,,,,,,,,,1,1,"1, 3",4,0.0,0.0,0.0,0.0,0.0,0,-1,-1,0,0,3,138.0,147.0,0,0,0.0,0.0,115.0,85.0,87.5,150.0,Down,Up,15,30,50,25,55.8743961352657,52.10828025477707,58.87378640776699,52.90384615384615,18,5ogs5ura,,,,,0
13,folcs8ow,,0,587,587,FinalPage,ThankYou,2026-09-16 05:16:28.891871,1,,,944.44,3,,0.0,M_exp_W_exp,,,,,,,,,,,0,0,138,147,,,,,,,,,,,,,,,,,,,1,1,"1, 3",4,0.0,0.0,0.0,0.0,0.0,0,0,0,0,0,3,138.0,147.0,0,0,0.0,0.0,115.0,85.0,87.5,150.0,Down,Up,15,30,50,25,55.8743961352657,52.10828025477707,58.87378640776699,52.90384615384615,18,5ogs5ura,,,,,0
14,cfp8kvc9,,0,587,587,FinalPage,ThankYou,2026-09-16 05:16:28.907618,1,,,166.67,4,,0.0,M_exp_W_exp,,,,,,,,,,,0,0,140,160,,,,,,,,,,,,,,,,,,,1,1,"1, 3",4,0.0,0.0,0.0,0.0,0.0,0,1,1,0,0,3,138.0,147.0,0,0,0.0,0.0,115.0,85.0,87.5,150.0,Down,Up,15,30,50,25,55.8743961352657,52.10828025477707,58.87378640776699,52.90384615384615,18,5ogs5ura,,,,,0
15,tt26hkpl,,0,587,587,FinalPage,ThankYou,2026-09-16 05:16:29.004337,1,,,222.22,5,,0.0,M_exp_W_exp,,,,,,,,,,,0,0,150,154,,,,,,,,,,,,,,,,,,,1,1,"1, 3",4,0.0,0.0,0.0,0.0,0.0,0,1,1,0,0,3,138.0,147.0,0,0,0.0,0.0,115.0,85.0,87.5,150.0,Down,Up,15,30,50,25,55.8743961352657,52.10828025477707,58.87378640776699,52.90384615384615,18,5ogs5ura,,,,,0
16,jfy8jxqv,,0,587,587,FinalPage,ThankYou,2026-09-16 05:16:28.995970,1,,,888.89,1,,0.0,M_exp_W_exp,,,,,,,,,,,0,0,126,124,,,,,,,,,,,,,,,,,,,1,1,"1, 3",4,0.0,0.0,0.0,0.0,0.0,0,1,-1,0,0,4,125.0,125.0,0,1,0.0,0.0,75.0,200.0,120.0,75.0,Up,Down,50,100,20,50,55.8743961352657,52.10828025477707,58.87378640776699,52.90384615384615,18,5ogs5ura,,,,,0
17,eveqm1ww,,0,587,587,FinalPage,ThankYou,2026-09-16 05:16:29.059992,1,,,611.11,2,,0.0,M_exp_W_exp,,,,,,,,,,,0,0,126,126,,,,,,,,,,,,,,,,,,,1,1,"1, 3",4,0.0,0.0,0.0,0.0,0.0,0,1,1,0,0,4,125.0,125.0,0,1,0.0,0.0,75.0,200.0,120.0,75.0,Up,Down,50,100,20,50,55.8743961352657,52.10828025477707,58.87378640776699,52.90384615384615,18,5ogs5ura,,,,,0
18,1dtln5rg,,0,587,587,FinalPage,ThankYou,2026-09-16 05:16:29.088262,1,,,1388.89,3,,0.0,M_exp_W_exp,,,,,,,,,,,0,0,125,125,,,,,,,,,,,,,,,,,,,1,1,"1, 3",4,0.0,0.0,0.0,0.0,0.0,0,-1,0,0,0,4,125.0,125.0,0,1,0.0,0.0,75.0,200.0,120.0,75.0,Up,Down,50,100,20,50,55.8743961352657,52.10828025477707,58.87378640776699,52.90384615384615,18,5ogs5ura,,,,,0
19,5ltpvdck,,0,587,587,FinalPage,ThankYou,2026-09-16 05:16:29.095601,1,,,500.0,4,,0.0,M_exp_W_exp,,,,,,,,,,,0,0,125,125,,,,,,,,,,,,,,,,,,,1,1,"1, 3",4,0.0,0.0,0.0,0.0,0.0,0,0,-1,0,0,4,125.0,125.0,0,1,0.0,0.0,75.0,200.0,120.0,75.0,Up,Down,50,100,20,50,55.8743961352657,52.10828025477707,58.87378640776699,52.90384615384615,18,5ogs5ura,,,,,0
20,ic1ocjv5,,0,587,587,FinalPage,ThankYou,2026-09-16 05:16:30.086752,1,,,1222.22,5,,0.0,M_exp_W_exp,,,,,,,,,,,0,0,125,125,,,,,,,,,,,,,,,,,,,1,1,"1, 3",4,0.0,0.0,0.0,0.0,0.0,0,-1,1,0,0,4,125.0,125.0,0,1,0.0,0.0,75.0,200.0,120.0,75.0,Up,Down,50,100,20,50,55.8743961352657,52.10828025477707,58.87378640776699,52.90384615384615,18,5ogs5ura,,,,,0
21,zd9eakrm,,0,587,587,FinalPage,ThankYou,2026-09-16 05:16:29.456622,1,,,722.22,1,,0.0,M_exp_W_exp,,,,,,,,,,,0,0,120,120,,,,,,,,,,,,,,,,,,,1,1,"1, 3",4,0.0,0.0,0.0,0.0,0.0,0,-1,1,0,0,5,125.0,120.0,0,0,0.0,0.0,92.5,175.0,150.0,80.0,Up,Down,15,75,40,50,55.8743961352657,52.10828025477707,58.87378640776699,52.90384615384615,18,5ogs5ura,,,,,0
22,8tpz5m2a,,0,587,587,FinalPage,ThankYou,2026-09-16 05:16:29.516011,1,,,722.22,2,,0.0,M_exp_W_exp,,,,,,,,,,,0,0,122,115,,,,,,,,,,,,,,,,,,,1,1,"1, 3",4,0.0,0.0,0.0,0.0,0.0,0,-1,-1,0,0,5,125.0,120.0,0,0,0.0,0.0,92.5,175.0,150.0,80.0,Up,Down,15,75,40,50,55.8743961352657,52.10828025477707,58.87378640776699,52.90384615384615,18,5ogs5ura,,,,,0
23,wfmdx2nb,,0,587,587,FinalPage,ThankYou,2026-09-16 05:16:29.865656,1,,,833.33,3,,0.0,M_exp_W_exp,,,,,,,,,,,0,0,125,118,,,,,,,,,,,,,,,,,,,1,1,"1, 3",4,0.0,0.0,0.0,0.0,0.0,0,0,-1,0,0,5,125.0,120.0,0,0,0.0,0.0,92.5,175.0,150.0,80.0,Up,Down,15,75,40,50,55.8743961352657,52.10828025477707,58.87378640776699,52.90384615384615,18,5ogs5ura,,,,,0
24,y40upi5t,,0,587,587,FinalPage,ThankYou,2026-09-16 05:16:29.980971,1,,,944.44,4,,0.0,M_exp_W_exp,,,,,,,,,,,0,0,460,140,,,,,,,,,,,,,,,,,,,1,1,"1, 3",4,0.0,0.0,0.0,0.0,0.0,0,1,1,0,0,5,125.0,120.0,0,0,0.0,0.0,92.5,175.0,150.0,80.0,Up,Down,15,75,40,50,55.8743961352657,52.10828025477707,58.87378640776699,52.90384615384615,18,5ogs5ura,,,,,0
25,s6nkestj,,0,587,587,FinalPage,ThankYou,2026-09-16 05:16:30.425302,1,,,833.33,5,,0.0,M_exp_W_exp,,,,,,,,,,,0,0,125,120,,,,,,,,,,,,,,,,,,,1,1,"1, 3",4,0.0,0.0,0.0,0.0,0.0,0,1,0,0,0,5,125.0,120.0,0,0,0.0,0.0,92.5,175.0,150.0,80.0,Up,Down,15,75,40,50,55.8743961352657,52.10828025477707,58.87378640776699,52.90384615384615,18,5ogs5ura,,,,,0
1,qvfebldb,,0,587,587,FinalPage,ThankYou,2026-09-16 05:16:27.267099,1,,,500.0,1,,0.0,M_exp_W_exp,,,,,,,,,,,0,0,220,257,,,,,,,,,,,,,,,,,,,1,1,"1, 3",4,0.0,0.0,0.0,0.0,0.0,0,1,1,0,0,1,188.0,200.0,1,0,0.0,0.0,75.0,170.0,50.0,200.0,Down,Up,50,70,100,100,55.8743961352657,52.10828025477707,58.87378640776699,52.90384615384615,19,5ogs5ura,,,,,0
2,vbjq2y24,,0,587,587,FinalPage,ThankYou,2026-09-16 05:16:27.586302,1,,,888.89,2,,0.0,M_exp_W_exp,,,,,,,,,,,0,0,200,200,,,,,,,,,,,,,,,,,,,1,1,"1, 3",4,0.0,0.0,0.0,0.0,0.0,0,1,1,0,0,1,188.0,200.0,1,0,0.0,0.0,75.0,170.0,50.0,200.0,Down,Up,50,70,100,100,55.8743961352657,52.10828025477707,58.87378640776699,52.90384615384615,19,5ogs5ura,,,,,0
3,fjbh3h2b,,0,587,587,FinalPage,ThankYou,2026-09-16 05:16:27.633391,1,,,1277.78,3,,0.0,M_exp_W_exp,,,,,,,,,,,0,0,185,175,,,,,,,,,,,,,,,,,,,1,1,"1, 3",4,0.0,0.0,0.0,0.0,0.0,0,-1,-1,0,0,1,188.0,200.0,1,0,0.0,0.0,75.0,170.0,50.0,200.0,Down,Up,50,70,100,100,55.8743961352657,52.10828025477707,58.87378640776699,52.90384615384615,19,5ogs5ura,,,,,0
4,j0v5am99,,0,587,587,FinalPage,ThankYou,2026-09-16 05:16:28.512590,1,,,55.56,4,,0.0,M_exp_W_exp,,,,,,,,,,,0,0,188,170,,,,,,,,,,,,,,,,,,,1,1,"1, 3",4,0.0,0.0,0.0,0.0,0.0,0,0,-1,0,0,1,188.0,200.0,1,0,0.0,0.0,75.0,170.0,50.0,200.0,Down,Up,50,70,100,100,55.8743961352657,52.10828025477707,58.87378640776699,52.90384615384615,19,5ogs5ura,,,,,0
5,wz4uvd97,,0,587,587,FinalPage,ThankYou,2026-09-16 05:16:28.547078,1,,,722.22,5,,0.0,M_exp_W_exp,,,,,,,,,,,0,0,1,200,,,,,,,,,,,,,,,,,,,1,1,"1, 3",4,0.0,0.0,0.0,0.0,0.0,0,-1,0,0,0,1,188.0,200.0,1,0,0.0,0.0,75.0,170.0,50.0,200.0,Down,Up,50,70,100,100,55.8743961352657,52.10828025477707,58.87378640776699,52.90384615384615,19,5ogs5ura,,,,,0
6,bw46f79x,,0,587,587,FinalPage,ThankYou,2026-09-16 05:16:28.718813,1,,,944.44,1,,0.0,M_exp_W_exp,,,,,,,,,,,0,0,250,180,,,,,,,,,,,,,,,,,,,1,1,"1, 3",4,0.0,0.0,0.0,0.0,0.0,0,1,1,0,0,2,200.0,140.0,0,0,0.0,0.0,150.0,120.0,150.0,175.0,Up,Up,50,20,75,50,55.8743961352657,52.10828025477707,58.87378640776699,52.90384615384615,19,5ogs5ura,,,,,0
7,42qlc5nb,,0,587,587,FinalPage,ThankYou,2026-09-16 05:16:28.741028,1,,,888.89,2,,0.0,M_exp_W_exp,,,,,,,,,,,0,0,250,140,,,,,,,,,,,,,,,,,,,1,1,"1, 3",4,0.0,0.0,0.0,0.0,0.0,0,1,0,0,0,2,200.0,140.0,0,0,0.0,0.0,150.0,120.0,150.0,175.0,Up,Up,50,20,75,50,55.8743961352657,52.10828025477707,58.87378640776699,52.90384615384615,19,5ogs5ura,,,,,0
8,jw6ngkbn,,0,587,587,FinalPage,ThankYou,2026-09-16 05:16:28.756835,1,,,1166.67,3,,0.0,M_exp_W_exp,,,,,,,,,,,0,0,190,130,,,,,,,,,,,,,,,,,,,1,1,"1, 3",4,0.0,0.0,0.0,0.0,0.0,0,-1,-1,0,0,2,200.0,140.0,0,0,0.0,0.0,150.0,120.0,150.0,175.0,Up,Up,50,20,75,50,55.8743961352657,52.10828025477707,58.87378640776699,52.90384615384615,19,5ogs5ura,,,,,0
9,booloaq9,,0,587,587,FinalPage,ThankYou,2026-09-16 05:16:28.796456,1,,,944.44,4,,0.0,M_exp_W_exp,,,,,,,,,,,0,0,200,100,,,,,,,,,,,,,,,,,,,1,1,"1, 3",4,0.0,0.0,0.0,0.0,0.0,0,0,-1,0,0,2,200.0,140.0,0,0,0.0,0.0,150.0,120.0,150.0,175.0,Up,Up,50,20,75,50,55.8743961352657,52.10828025477707,58.87378640776699,52.90384615384615,19,5ogs5ura,,,,,0
10,2pc7nfit,,0,587,587,FinalPage,ThankYou,2026-09-16 05:16:28.842084,1,,,833.33,5,,0.0,M_exp_W_exp,,,,,,,,,,,0,0,200,148,,,,,,,,,,,,,,,,,,,1,1,"1, 3",4,0.0,0.0,0.0,0.0,0.0,0,-1,1,0,0,2,200.0,140.0,0,0,0.0,0.0,150.0,120.0,150.0,175.0,Up,Up,50,20,75,50,55.8743961352657,52.10828025477707,58.87378640776699,52.90384615384615,19,5ogs5ura,,,,,0
11,t7rx3zw3,,0,587,587,FinalPage,ThankYou,2026-09-16 05:16:28.859938,1,,,944.44,1,,0.0,M_exp_W_exp,,,,,,,,,,,0,0,135,50,,,,,,,,,,,,,,,,,,,1,1,"1, 3",4,0.0,0.0,0.0,0.0,0.0,0,0,-1,0,0,3,135.0,148.0,0,0,0.0,0.0,115.0,85.0,87.5,150.0,Down,Up,15,30,50,25,55.8743961352657,52.10828025477707,58.87378640776699,52.90384615384615,19,5ogs5ura,,,,,0
12,p48n4bh0,,0,587,587,FinalPage,ThankYou,2026-09-16 05:16:28.869908,1,,,666.67,2,,0.0,M_exp_W_exp,,,,,,,,,,,0,0,100,100,,,,,,,,,,,,,,,,,,,1,1,"1, 3",4,0.0,0.0,0.0,0.0,0.0,0,-1,-1,0,0,3,135.0,148.0,0,0,0.0,0.0,115.0,85.0,87.5,150.0,Down,Up,15,30,50,25,55.8743961352657,52.10828025477707,58.87378640776699,52.90384615384615,19,5ogs5ura,,,,,0
13,folcs8ow,,0,587,587,FinalPage,ThankYou,2026-09-16 05:16:28.891871,1,,,944.44,3,,0.0,M_exp_W_exp,,,,,,,,,,,0,0,138,148,,,,,,,,,,,,,,,,,,,1,1,"1, 3",4,0.0,0.0,0.0,0.0,0.0,0,1,0,0,0,3,135.0,148.0,0,0,0.0,0.0,115.0,85.0,87.5,150.0,Down,Up,15,30,50,25,55.8743961352657,52.10828025477707,58.87378640776699,52.90384615384615,19,5ogs5ura,,,,,0
14,cfp8kvc9,,0,587,587,FinalPage,ThankYou,2026-09-16 05:16:28.907618,1,,,166.67,4,,0.0,M_exp_W_exp,,,,,,,,,,,0,0,130,150,,,,,,,,,,,,,,,,,,,1,1,"1, 3",4,0.0,0.0,0.0,0.0,0.0,0,-1,1,0,0,3,135.0,148.0,0,0,0.0,0.0,115.0,85.0,87.5,150.0,Down,Up,15,30,50,25,55.8743961352657,52.10828025477707,58.87378640776699,52.90384615384615,19,5ogs5ura,,,,,0
15,tt26hkpl,,0,587,587,FinalPage,ThankYou,2026-09-16 05:16:29.004337,1,,,222.22,5,,0.0,M_exp_W_exp,,,,,,,,,,,0,0,145,151,,,,,,,,,,,,,,,,,,,1,1,"1, 3",4,0.0,0.0,0.0,0.0,0.0,0,1,1,0,0,3,135.0,148.0,0,0,0.0,0.0,115.0,85.0,87.5,150.0,Down,Up,15,30,50,25,55.8743961352657,52.10828025477707,58.87378640776699,52.90384615384615,19,5ogs5ura,,,,,0
16,jfy8jxqv,,0,587,587,FinalPage,ThankYou,2026-09-16 05:16:28.995970,1,,,888.89,1,,0.0,M_exp_W_exp,,,,,,,,,,,0,0,126,124,,,,,,,,,,,,,,,,,,,1,1,"1, 3",4,0.0,0.0,0.0,0.0,0.0,0,1,-1,0,0,4,125.0,125.0,0,1,0.0,0.0,75.0,200.0,120.0,75.0,Up,Down,50,100,20,50,55.8743961352657,52.10828025477707,58.87378640776699,52.90384615384615,19,5ogs5ura,,,,,0
17,eveqm1ww,,0,587,587,FinalPage,ThankYou,2026-09-16 05:16:29.059992,1,,,611.11,2,,0.0,M_exp_W_exp,,,,,,,,,,,0,0,126,126,,,,,,,,,,,,,,,,,,,1,1,"1, 3",4,0.0,0.0,0.0,0.0,0.0,0,1,1,0,0,4,125.0,125.0,0,1,0.0,0.0,75.0,200.0,120.0,75.0,Up,Down,50,100,20,50,55.8743961352657,52.10828025477707,58.87378640776699,52.90384615384615,19,5ogs5ura,,,,,0
18,1dtln5rg,,0,587,587,FinalPage,ThankYou,2026-09-16 05:16:29.088262,1,,,1388.89,3,,0.0,M_exp_W_exp,,,,,,,,,,,0,0,125,125,,,,,,,,,,,,,,,,,,,1,1,"1, 3",4,0.0,0.0,0.0,0.0,0.0,0,-1,-1,0,0,4,125.0,125.0,0,1,0.0,0.0,75.0,200.0,120.0,75.0,Up,Down,50,100,20,50,55.8743961352657,52.10828025477707,58.87378640776699,52.90384615384615,19,5ogs5ura,,,,,0
19,5ltpvdck,,0,587,587,FinalPage,ThankYou,2026-09-16 05:16:29.095601,1,,,500.0,4,,0.0,M_exp_W_exp,,,,,,,,,,,0,0,125,125,,,,,,,,,,,,,,,,,,,1,1,"1, 3",4,0.0,0.0,0.0,0.0,0.0,0,-1,1,0,0,4,125.0,125.0,0,1,0.0,0.0,75.0,200.0,120.0,75.0,Up,Down,50,100,20,50,55.8743961352657,52.10828025477707,58.87378640776699,52.90384615384615,19,5ogs5ura,,,,,0
20,ic1ocjv5,,0,587,587,FinalPage,ThankYou,2026-09-16 05:16:30.086752,1,,,1222.22,5,,0.0,M_exp_W_exp,,,,,,,,,,,0,0,125,125,,,,,,,,,,,,,,,,,,,1,1,"1, 3",4,0.0,0.0,0.0,0.0,0.0,0,0,0,0,0,4,125.0,125.0,0,1,0.0,0.0,75.0,200.0,120.0,75.0,Up,Down,50,100,20,50,55.8743961352657,52.10828025477707,58.87378640776699,52.90384615384615,19,5ogs5ura,,,,,0
21,zd9eakrm,,0,587,587,FinalPage,ThankYou,2026-09-16 05:16:29.456622,1,,,722.22,1,,0.0,M_exp_W_exp,,,,,,,,,,,0,0,120,120,,,,,,,,,,,,,,,,,,,1,1,"1, 3",4,0.0,0.0,0.0,0.0,0.0,0,-1,0,0,0,5,125.0,120.0,0,0,0.0,0.0,92.5,175.0,150.0,80.0,Up,Down,15,75,40,50,55.8743961352657,52.10828025477707,58.87378640776699,52.90384615384615,19,5ogs5ura,,,,,0
22,8tpz5m2a,,0,587,587,FinalPage,ThankYou,2026-09-16 05:16:29.516011,1,,,722.22,2,,0.0,M_exp_W_exp,,,,,,,,,,,0,0,124,114,,,,,,,,,,,,,,,,,,,1,1,"1, 3",4,0.0,0.0,0.0,0.0,0.0,0,-1,-1,0,0,5,125.0,120.0,0,0,0.0,0.0,92.5,175.0,150.0,80.0,Up,Down,15,75,40,50,55.8743961352657,52.10828025477707,58.87378640776699,52.90384615384615,19,5ogs5ura,,,,,0
23,wfmdx2nb,,0,587,587,FinalPage,ThankYou,2026-09-16 05:16:29.865656,1,,,833.33,3,,0.0,M_exp_W_exp,,,,,,,,,,,0,0,125,150,,,,,,,,,,,,,,,,,,,1,1,"1, 3",4,0.0,0.0,0.0,0.0,0.0,0,0,1,0,0,5,125.0,120.0,0,0,0.0,0.0,92.5,175.0,150.0,80.0,Up,Down,15,75,40,50,55.8743961352657,52.10828025477707,58.87378640776699,52.90384615384615,19,5ogs5ura,,,,,0
24,y40upi5t,,0,587,587,FinalPage,ThankYou,2026-09-16 05:16:29.980971,1,,,944.44,4,,0.0,M_exp_W_exp,,,,,,,,,,,0,0,130,125,,,,,,,,,,,,,,,,,,,1,1,"1, 3",4,0.0,0.0,0.0,0.0,0.0,0,1,1,0,0,5,125.0,120.0,0,0,0.0,0.0,92.5,175.0,150.0,80.0,Up,Down,15,75,40,50,55.8743961352657,52.10828025477707,58.87378640776699,52.90384615384615,19,5ogs5ura,,,,,0
25,s6nkestj,,0,587,587,FinalPage,ThankYou,2026-09-16 05:16:30.425302,1,,,833.33,5,,0.0,M_exp_W_exp,,,,,,,,,,,0,0,126,120,,,,,,,,,,,,,,,,,,,1,1,"1, 3",4,0.0,0.0,0.0,0.0,0.0,0,1,-1,0,0,5,125.0,120.0,0,0,0.0,0.0,92.5,175.0,150.0,80.0,Up,Down,15,75,40,50,55.8743961352657,52.10828025477707,58.87378640776699,52.90384615384615,19,5ogs5ura,,,,,0
1,qvfebldb,,0,587,587,FinalPage,ThankYou,2026-09-16 05:16:27.267099,1,,,500.0,1,,531.5,M_exp_W_exp,,,,,,,,,,,0,0,210,251,,,,,,,,,,,,,,,,,,,1,1,"1, 3",4,50.0,84.5,307.0,441.5,90.0,1,1,1,0,0,1,180.0,205.0,1,0,0.0,0.0,75.0,170.0,50.0,200.0,Down,Up,50,70,100,100,55.8743961352657,52.10828025477707,58.87378640776699,52.90384615384615,20,5ogs5ura,,,,,0
2,vbjq2y24,,0,587,587,FinalPage,ThankYou,2026-09-16 05:16:27.586302,1,,,888.89,2,,828.0,M_exp_W_exp,,,,,,,,,,,0,0,190,205,,,,,,,,,,,,,,,,,,,1,1,"1, 3",4,50.0,75.0,703.0,828.0,0.0,0,1,1,0,0,1,180.0,205.0,1,0,0.0,0.0,75.0,170.0,50.0,200.0,Down,Up,50,70,100,100,55.8743961352657,52.10828025477707,58.87378640776699,52.90384615384615,20,5ogs5ura,,,,,0
3,fjbh3h2b,,0,587,587,FinalPage,ThankYou,2026-09-16 05:16:27.633391,1,,,1277.78,3,,1293.0,M_exp_W_exp,,,,,,,,,,,0,0,180,185,,,,,,,,,,,,,,,,,,,1,1,"1, 3",4,70.0,113.0,1110.0,1293.0,0.0,0,-1,-1,0,0,1,180.0,205.0,1,0,0.0,0.0,75.0,170.0,50.0,200.0,Down,Up,50,70,100,100,55.8743961352657,52.10828025477707,58.87378640776699,52.90384615384615,20,5ogs5ura,,,,,0
4,j0v5am99,,0,587,587,FinalPage,ThankYou,2026-09-16 05:16:28.512590,1,,,55.56,4,,39.5,M_exp_W_exp,,,,,,,,,,,0,0,180,205,,,,,,,,,,,,,,,,,,,1,1,"1, 3",4,87.5,94.0,-142.0,39.5,0.0,0,0,0,0,0,1,180.0,205.0,1,0,0.0,0.0,75.0,170.0,50.0,200.0,Down,Up,50,70,100,100,55.8743961352657,52.10828025477707,58.87378640776699,52.90384615384615,20,5ogs5ura,,,,,0
5,wz4uvd97,,0,587,587,FinalPage,ThankYou,2026-09-16 05:16:28.547078,1,,,722.22,5,,643.25,M_exp_W_exp,,,,,,,,,,,0,0,1,190,,,,,,,,,,,,,,,,,,,1,1,"1, 3",4,72.5,98.75,472.0,643.25,0.0,0,-1,-1,0,0,1,180.0,205.0,1,0,0.0,0.0,75.0,170.0,50.0,200.0,Down,Up,50,70,100,100,55.8743961352657,52.10828025477707,58.87378640776699,52.90384615384615,20,5ogs5ura,,,,,0
6,bw46f79x,,0,587,587,FinalPage,ThankYou,2026-09-16 05:16:28.718813,1,,,944.44,1,,950.3,M_exp_W_exp,,,,,,,,,,,0,0,1,1,,,,,,,,,,,,,,,,,,,1,1,"1, 3",4,300.0,135.3,515.0,950.3,0.0,0,-1,-1,0,0,2,175.0,100.0,0,0,0.0,0.0,150.0,120.0,150.0,175.0,Up,Up,50,20,75,50,55.8743961352657,52.10828025477707,58.87378640776699,52.90384615384615,20,5ogs5ura,,,,,0
7,42qlc5nb,,0,587,587,FinalPage,ThankYou,2026-09-16 05:16:28.741028,1,,,888.89,2,,809.0,M_exp_W_exp,,,,,,,,,,,0,0,250,100,,,,,,,,,,,,,,,,,,,1,1,"1, 3",4,160.0,144.0,505.0,809.0,0.0,0,1,0,0,0,2,175.0,100.0,0,0,0.0,0.0,150.0,120.0,150.0,175.0,Up,Up,50,20,75,50,55.8743961352657,52.10828025477707,58.87378640776699,52.90384615384615,20,5ogs5ura,,,,,0
8,jw6ngkbn,,0,587,587,FinalPage,ThankYou,2026-09-16 05:16:28.756835,1,,,1166.67,3,,1121.25,M_exp_W_exp,,,,,,,,,,,0,0,175,120,,,,,,,,,,,,,,,,,,,1,1,"1, 3",4,300.0,142.5,585.0,1027.5,93.75,1,0,1,0,0,2,175.0,100.0,0,0,0.0,0.0,150.0,120.0,150.0,175.0,Up,Up,50,20,75,50,55.8743961352657,52.10828025477707,58.87378640776699,52.90384615384615,20,5ogs5ura,,,,,0
9,booloaq9,,0,587,587,FinalPage,ThankYou,2026-09-16 05:16:28.796456,1,,,944.44,4,,884.0,M_exp_W_exp,,,,,,,,,,,0,0,200,100,,,,,,,,,,,,,,,,,,,1,1,"1, 3",4,150.0,144.0,590.0,884.0,0.0,0,1,-1,0,0,2,175.0,100.0,0,0,0.0,0.0,150.0,120.0,150.0,175.0,Up,Up,50,20,75,50,55.8743961352657,52.10828025477707,58.87378640776699,52.90384615384615,20,5ogs5ura,,,,,0
10,2pc7nfit,,0,587,587,FinalPage,ThankYou,2026-09-16 05:16:28.842084,1,,,833.33,5,,829.0,M_exp_W_exp,,,,,,,,,,,0,0,120,190,,,,,,,,,,,,,,,,,,,1,1,"1, 3",4,180.0,144.0,505.0,829.0,0.0,0,-1,1,0,0,2,175.0,100.0,0,0,0.0,0.0,150.0,120.0,150.0,175.0,Up,Up,50,20,75,50,55.8743961352657,52.10828025477707,58.87378640776699,52.90384615384615,20,5ogs5ura,,,,,0
11,t7rx3zw3,,0,587,587,FinalPage,ThankYou,2026-09-16 05:16:28.859938,1,,,944.44,1,,983.5,M_exp_W_exp,,,,,,,,,,,0,0,135,50,,,,,,,,,,,,,,,,,,,1,1,"1, 3",4,75.0,106.0,720.0,901.0,82.5,1,-1,-1,0,0,3,136.0,148.0,0,0,0.0,0.0,115.0,85.0,87.5,150.0,Down,Up,15,30,50,25,55.8743961352657,52.10828025477707,58.87378640776699,52.90384615384615,20,5ogs5ura,,,,,0
12,p48n4bh0,,0,587,587,FinalPage,ThankYou,2026-09-16 05:16:28.869908,1,,,666.67,2,,634.0,M_exp_W_exp,,,,,,,,,,,0,0,135,148,,,,,,,,,,,,,,,,,,,1,1,"1, 3",4,75.0,109.0,450.0,634.0,0.0,0,-1,1,0,0,3,136.0,148.0,0,0,0.0,0.0,115.0,85.0,87.5,150.0,Down,Up,15,30,50,25,55.8743961352657,52.10828025477707,58.87378640776699,52.90384615384615,20,5ogs5ura,,,,,0
13,folcs8ow,,0,587,587,FinalPage,ThankYou,2026-09-16 05:16:28.891871,1,,,944.44,3,,951.0,M_exp_W_exp,,,,,,,,,,,0,0,136,148,,,,,,,,,,,,,,,,,,,1,1,"1, 3",4,75.0,106.0,770.0,951.0,0.0,0,0,0,0,0,3,136.0,148.0,0,0,0.0,0.0,115.0,85.0,87.5,150.0,Down,Up,15,30,50,25,55.8743961352657,52.10828025477707,58.87378640776699,52.90384615384615,20,5ogs5ura,,,,,0
14,cfp8kvc9,,0,587,587,FinalPage,ThankYou,2026-09-16 05:16:28.907618,1,,,166.67,4,,211.0,M_exp_W_exp,,,,,,,,,,,0,0,140,146,,,,,,,,,,,,,,,,,,,1,1,"1, 3",4,75.0,106.0,30.0,211.0,0.0,0,1,-1,0,0,3,136.0,148.0,0,0,0.0,0.0,115.0,85.0,87.5,150.0,Down,Up,15,30,50,25,55.8743961352657,52.10828025477707,58.87378640776699,52.90384615384615,20,5ogs5ura,,,,,0
15,tt26hkpl,,0,587,587,FinalPage,ThankYou,2026-09-16 05:16:29.004337,1,,,222.22,5,,136.0,M_exp_W_exp,,,,,,,,,,,0,0,141,151,,,,,,,,,,,,,,,,,,,1,1,"1, 3",4,0.0,106.0,30.0,136.0,0.0,0,1,1,0,0,3,136.0,148.0,0,0,0.0,0.0,115.0,85.0,87.5,150.0,Down,Up,15,30,50,25,55.8743961352657,52.10828025477707,58.87378640776699,52.90384615384615,20,5ogs5ura,,,,,0
16,jfy8jxqv,,0,587,587,FinalPage,ThankYou,2026-09-16 05:16:28.995970,1,,,888.89,1,,862.5,M_exp_W_exp,,,,,,,,,,,0,0,100,500,,,,,,,,,,,,,,,,,,,1,1,"1, 3",4,200.0,162.5,500.0,862.5,0.0,0,-1,1,0,0,4,125.0,125.0,0,1,0.0,0.0,75.0,200.0,120.0,75.0,Up,Down,50,100,20,50,55.8743961352657,52.10828025477707,58.87378640776699,52.90384615384615,20,5ogs5ura,,,,,0
17,eveqm1ww,,0,587,587,FinalPage,ThankYou,2026-09-16 05:16:29.059992,1,,,611.11,2,,587.5,M_exp_W_exp,,,,,,,,,,,0,0,127,130,,,,,,,,,,,,,,,,,,,1,1,"1, 3",4,125.0,112.5,350.0,587.5,0.0,0,1,1,0,0,4,125.0,125.0,0,1,0.0,0.0,75.0,200.0,120.0,75.0,Up,Down,50,100,20,50,55.8743961352657,52.10828025477707,58.87378640776699,52.90384615384615,20,5ogs5ura,,,,,0
18,1dtln5rg,,0,587,587,FinalPage,ThankYou,2026-09-16 05:16:29.088262,1,,,1388.89,3,,1318.75,M_exp_W_exp,,,,,,,,,,,0,0,125,125,,,,,,,,,,,,,,,,,,,1,1,"1, 3",4,300.0,93.75,850.0,1243.75,75.0,1,-1,0,0,0,4,125.0,125.0,0,1,0.0,0.0,75.0,200.0,120.0,75.0,Up,Down,50,100,20,50,55.8743961352657,52.10828025477707,58.87378640776699,52.90384615384615,20,5ogs5ura,,,,,0
19,5ltpvdck,,0,587,587,FinalPage,ThankYou,2026-09-16 05:16:29.095601,1,,,500.0,4,,437.5,M_exp_W_exp,,,,,,,,,,,0,0,125,125,,,,,,,,,,,,,,,,,,,1,1,"1, 3",4,0.0,112.5,325.0,437.5,0.0,0,0,-1,0,0,4,125.0,125.0,0,1,0.0,0.0,75.0,200.0,120.0,75.0,Up,Down,50,100,20,50,55.8743961352657,52.10828025477707,58.87378640776699,52.90384615384615,20,5ogs5ura,,,,,0
20,ic1ocjv5,,0,587,587,FinalPage,ThankYou,2026-09-16 05:16:30.086752,1,,,1222.22,5,,1237.5,M_exp_W_exp,,,,,,,,,,,0,0,125,125,,,,,,,,,,,,,,,,,,,1,1,"1, 3",4,300.0,137.5,725.0,1162.5,75.0,1,1,-1,0,0,4,125.0,125.0,0,1,0.0,0.0,75.0,200.0,120.0,75.0,Up,Down,50,100,20,50,55.8743961352657,52.10828025477707,58.87378640776699,52.90384615384615,20,5ogs5ura,,,,,0
21,zd9eakrm,,0,587,587,FinalPage,ThankYou,2026-09-16 05:16:29.456622,1,,,722.22,1,,717.5,M_exp_W_exp,,,,,,,,,,,0,0,120,120,,,,,,,,,,,,,,,,,,,1,1,"1, 3",4,150.0,92.5,475.0,717.5,0.0,0,-1,0,0,0,5,125.0,120.0,0,0,0.0,0.0,92.5,175.0,150.0,80.0,Up,Down,15,75,40,50,55.8743961352657,52.10828025477707,58.87378640776699,52.90384615384615,20,5ogs5ura,,,,,0
22,8tpz5m2a,,0,587,587,FinalPage,ThankYou,2026-09-16 05:16:29.516011,1,,,722.22,2,,760.5,M_exp_W_exp,,,,,,,,,,,0,0,124,115,,,,,,,,,,,,,,,,,,,1,1,"1, 3",4,160.0,125.5,475.0,760.5,0.0,0,-1,-1,0,0,5,125.0,120.0,0,0,0.0,0.0,92.5,175.0,150.0,80.0,Up,Down,15,75,40,50,55.8743961352657,52.10828025477707,58.87378640776699,52.90384615384615,20,5ogs5ura,,,,,0
23,wfmdx2nb,,0,587,587,FinalPage,ThankYou,2026-09-16 05:16:29.865656,1,,,833.33,3,,848.95,M_exp_W_exp,,,,,,,,,,,0,0,200,200,,,,,,,,,,,,,,,,,,,1,1,"1, 3",4,200.0,113.95,535.0,848.95,0.0,0,1,1,0,0,5,125.0,120.0,0,0,0.0,0.0,92.5,175.0,150.0,80.0,Up,Down,15,75,40,50,55.8743961352657,52.10828025477707,58.87378640776699,52.90384615384615,20,5ogs5ura,,,,,0
24,y40upi5t,,0,587,587,FinalPage,ThankYou,2026-09-16 05:16:29.980971,1,,,944.44,4,,877.0,M_exp_W_exp,,,,,,,,,,,0,0,127,123,,,,,,,,,,,,,,,,,,,1,1,"1, 3",4,140.0,142.0,595.0,877.0,0.0,0,1,1,0,0,5,125.0,120.0,0,0,0.0,0.0,92.5,175.0,150.0,80.0,Up,Down,15,75,40,50,55.8743961352657,52.10828025477707,58.87378640776699,52.90384615384615,20,5ogs5ura,,,,,0
25,s6nkestj,,0,587,587,FinalPage,ThankYou,2026-09-16 05:16:30.425302,1,,,833.33,5,,884.0,M_exp_W_exp,,,,,,,,,,,0,0,125,120,,,,,,,,,,,,,,,,,,,1,1,"1, 3",4,180.0,109.0,595.0,884.0,0.0,0,0,-1,0,0,5,125.0,120.0,0,0,0.0,0.0,92.5,175.0,150.0,80.0,Up,Down,15,75,40,50,55.8743961352657,52.10828025477707,58.87378640776699,52.90384615384615,20,5ogs5ura,,,,,0
