session_code,participant_id_in_session,participant_code,page_index,app_name,page_name,epoch_time_completed,round_number,timeout_happened,is_wait_page
gykh8ja7,1,1c9g6x62,0,,InitializeParticipant,1789375657,1,0,0
gykh8ja7,2,7fakiwkr,0,,InitializeParticipant,1789375657,1,0,0
gykh8ja7,3,d4zd28hb,0,,InitializeParticipant,1789375657,1,0,0
gykh8ja7,4,ja5c25rz,0,,InitializeParticipant,1789375658,1,0,0
gykh8ja7,5,oedddvhv,0,,InitializeParticipant,1789375658,1,0,0
gykh8ja7,6,7q18nnfd,0,,InitializeParticipant,1789375658,1,0,0
gykh8ja7,7,03zce18q,0,,InitializeParticipant,1789375658,1,0,0
gykh8ja7,8,wbs0fdl5,0,,InitializeParticipant,1789375658,1,0,0
gykh8ja7,9,cqrngk2a,0,,InitializeParticipant,1789375658,1,0,0
gykh8ja7,10,259xsu1c,0,,InitializeParticipant,1789375658,1,0,0
gykh8ja7,11,xnss4pg0,0,,InitializeParticipant,1789375658,1,0,0
gykh8ja7,12,5seuckqb,0,,InitializeParticipant,1789375658,1,0,0
gykh8ja7,13,hdnqitby,0,,InitializeParticipant,1789375658,1,0,0
gykh8ja7,14,ss3joq82,0,,InitializeParticipant,1789375658,1,0,0
gykh8ja7,15,5wh6kzb3,0,,InitializeParticipant,1789375658,1,0,0
gykh8ja7,16,kh2preog,0,,InitializeParticipant,1789375658,1,0,0
gykh8ja7,17,ao798wr7,0,,InitializeParticipant,1789375658,1,0,0
gykh8ja7,18,3788h5gm,0,,InitializeParticipant,1789375658,1,0,0
gykh8ja7,19,dk85qrmf,0,,InitializeParticipant,1789375658,1,0,0
gykh8ja7,20,qruijzzl,0,,InitializeParticipant,1789375658,1,0,0
gykh8ja7,21,vlvkdjz0,0,,InitializeParticipant,1789375658,1,0,0
gykh8ja7,22,9n1v1smg,0,,InitializeParticipant,1789375658,1,0,0
gykh8ja7,23,kw7jjs2b,0,,InitializeParticipant,1789375658,1,0,0
gykh8ja7,24,pop23w57,0,,InitializeParticipant,1789375658,1,0,0
gykh8ja7,25,cbc0ayyd,0,,InitializeParticipant,1789375659,1,0,0
gykh8ja7,16,kh2preog,1,portfolio,Welcome,1789375665,1,0,0
gykh8ja7,24,pop23w57,1,portfolio,Welcome,1789375665,1,0,0
gykh8ja7,12,5seuckqb,1,portfolio,Welcome,1789375665,1,0,0
gykh8ja7,20,qruijzzl,1,portfolio,Welcome,1789375666,1,0,0
gykh8ja7,13,hdnqitby,1,portfolio,Welcome,1789375666,1,0,0
gykh8ja7,17,ao798wr7,1,portfolio,Welcome,1789375666,1,0,0
gykh8ja7,8,wbs0fdl5,1,portfolio,Welcome,1789375666,1,0,0
gykh8ja7,24,pop23w57,2,portfolio,InstructionsRisk,1789375667,1,0,0
gykh8ja7,16,kh2preog,2,portfolio,InstructionsRisk,1789375668,1,0,0
gykh8ja7,18,3788h5gm,1,portfolio,Welcome,1789375669,1,0,0
gykh8ja7,17,ao798wr7,2,portfolio,InstructionsRisk,1789375670,1,0,0
gykh8ja7,23,kw7jjs2b,1,portfolio,Welcome,1789375670,1,0,0
gykh8ja7,25,cbc0ayyd,1,portfolio,Welcome,1789375671,1,0,0
gykh8ja7,20,qruijzzl,2,portfolio,InstructionsRisk,1789375671,1,0,0
gykh8ja7,4,ja5c25rz,1,portfolio,Welcome,1789375671,1,0,0
gykh8ja7,13,hdnqitby,2,portfolio,InstructionsRisk,1789375672,1,0,0
gykh8ja7,18,3788h5gm,2,portfolio,InstructionsRisk,1789375674,1,0,0
gykh8ja7,23,kw7jjs2b,2,portfolio,InstructionsRisk,1789375674,1,0,0
gykh8ja7,12,5seuckqb,2,portfolio,InstructionsRisk,1789375675,1,0,0
gykh8ja7,25,cbc0ayyd,2,portfolio,InstructionsRisk,1789375676,1,0,0
gykh8ja7,22,9n1v1smg,1,portfolio,Welcome,1789375680,1,0,0
gykh8ja7,15,5wh6kzb3,1,portfolio,Welcome,1789375680,1,0,0
gykh8ja7,22,9n1v1smg,2,portfolio,InstructionsRisk,1789375682,1,0,0
gykh8ja7,17,ao798wr7,3,portfolio,ComprehensionRisk,1789375683,1,0,0
gykh8ja7,4,ja5c25rz,2,portfolio,InstructionsRisk,1789375683,1,0,0
gykh8ja7,16,kh2preog,3,portfolio,ComprehensionRisk,1789375684,1,0,0
gykh8ja7,25,cbc0ayyd,3,portfolio,ComprehensionRisk,1789375689,1,0,0
gykh8ja7,14,ss3joq82,1,portfolio,Welcome,1789375690,1,0,0
gykh8ja7,15,5wh6kzb3,2,portfolio,InstructionsRisk,1789375695,1,0,0
gykh8ja7,13,hdnqitby,3,portfolio,ComprehensionRisk,1789375695,1,0,0
gykh8ja7,7,03zce18q,1,portfolio,Welcome,1789375696,1,0,0
gykh8ja7,1,1c9g6x62,1,portfolio,Welcome,1789375697,1,0,0
gykh8ja7,20,qruijzzl,3,portfolio,ComprehensionRisk,1789375697,1,0,0
gykh8ja7,2,7fakiwkr,1,portfolio,Welcome,1789375701,1,0,0
gykh8ja7,19,dk85qrmf,1,portfolio,Welcome,1789375703,1,0,0
gykh8ja7,23,kw7jjs2b,3,portfolio,ComprehensionRisk,1789375703,1,0,0
gykh8ja7,1,1c9g6x62,2,portfolio,InstructionsRisk,1789375706,1,0,0
gykh8ja7,17,ao798wr7,4,portfolio,DynamicChoice,1789375706,1,0,0
gykh8ja7,20,qruijzzl,4,portfolio,DynamicChoice,1789375706,1,0,0
gykh8ja7,2,7fakiwkr,2,portfolio,InstructionsRisk,1789375706,1,0,0
gykh8ja7,7,03zce18q,2,portfolio,InstructionsRisk,1789375706,1,0,0
gykh8ja7,18,3788h5gm,3,portfolio,ComprehensionRisk,1789375706,1,0,0
gykh8ja7,8,wbs0fdl5,2,portfolio,InstructionsRisk,1789375706,1,0,0
gykh8ja7,19,dk85qrmf,2,portfolio,InstructionsRisk,1789375707,1,0,0
gykh8ja7,10,259xsu1c,1,portfolio,Welcome,1789375708,1,0,0
gykh8ja7,14,ss3joq82,2,portfolio,InstructionsRisk,1789375708,1,0,0
gykh8ja7,12,5seuckqb,3,portfolio,ComprehensionRisk,1789375710,1,0,0
gykh8ja7,3,d4zd28hb,1,portfolio,Welcome,1789375712,1,0,0
gykh8ja7,6,7q18nnfd,1,portfolio,Welcome,1789375713,1,0,0
gykh8ja7,23,kw7jjs2b,4,portfolio,DynamicChoice,1789375714,1,0,0
gykh8ja7,22,9n1v1smg,3,portfolio,ComprehensionRisk,1789375715,1,0,0
gykh8ja7,18,3788h5gm,4,portfolio,DynamicChoice,1789375717,1,0,0
gykh8ja7,24,pop23w57,3,portfolio,ComprehensionRisk,1789375717,1,0,0
gykh8ja7,25,cbc0ayyd,4,portfolio,DynamicChoice,1789375719,1,0,0
gykh8ja7,6,7q18nnfd,2,portfolio,InstructionsRisk,1789375719,1,0,0
gykh8ja7,4,ja5c25rz,3,portfolio,ComprehensionRisk,1789375719,1,0,0
gykh8ja7,5,oedddvhv,1,portfolio,Welcome,1789375720,1,0,0
gykh8ja7,9,cqrngk2a,1,portfolio,Welcome,1789375722,1,0,0
gykh8ja7,21,vlvkdjz0,1,portfolio,Welcome,1789375722,1,0,0
gykh8ja7,22,9n1v1smg,4,portfolio,DynamicChoice,1789375725,1,0,0
gykh8ja7,15,5wh6kzb3,3,portfolio,ComprehensionRisk,1789375727,1,0,0
gykh8ja7,5,oedddvhv,2,portfolio,InstructionsRisk,1789375730,1,0,0
gykh8ja7,12,5seuckqb,4,portfolio,DynamicChoice,1789375734,1,0,0
gykh8ja7,16,kh2preog,4,portfolio,DynamicChoice,1789375734,1,0,0
gykh8ja7,6,7q18nnfd,3,portfolio,ComprehensionRisk,1789375736,1,0,0
gykh8ja7,19,dk85qrmf,3,portfolio,ComprehensionRisk,1789375736,1,0,0
gykh8ja7,2,7fakiwkr,3,portfolio,ComprehensionRisk,1789375738,1,0,0
gykh8ja7,10,259xsu1c,2,portfolio,InstructionsRisk,1789375739,1,0,0
gykh8ja7,24,pop23w57,4,portfolio,DynamicChoice,1789375741,1,0,0
gykh8ja7,9,cqrngk2a,2,portfolio,InstructionsRisk,1789375742,1,0,0
gykh8ja7,7,03zce18q,3,portfolio,ComprehensionRisk,1789375747,1,0,0
gykh8ja7,21,vlvkdjz0,2,portfolio,InstructionsRisk,1789375749,1,0,0
gykh8ja7,14,ss3joq82,3,portfolio,ComprehensionRisk,1789375751,1,0,0
gykh8ja7,4,ja5c25rz,4,portfolio,DynamicChoice,1789375753,1,0,0
gykh8ja7,8,wbs0fdl5,3,portfolio,ComprehensionRisk,1789375755,1,0,0
gykh8ja7,13,hdnqitby,4,portfolio,DynamicChoice,1789375762,1,0,0
gykh8ja7,3,d4zd28hb,2,portfolio,InstructionsRisk,1789375764,1,0,0
gykh8ja7,6,7q18nnfd,4,portfolio,DynamicChoice,1789375767,1,0,0
gykh8ja7,21,vlvkdjz0,3,portfolio,ComprehensionRisk,1789375768,1,0,0
gykh8ja7,11,xnss4pg0,1,portfolio,Welcome,1789375773,1,0,0
gykh8ja7,14,ss3joq82,4,portfolio,DynamicChoice,1789375774,1,0,0
gykh8ja7,5,oedddvhv,3,portfolio,ComprehensionRisk,1789375775,1,0,0
gykh8ja7,7,03zce18q,4,portfolio,DynamicChoice,1789375779,1,0,0
gykh8ja7,19,dk85qrmf,4,portfolio,DynamicChoice,1789375781,1,0,0
gykh8ja7,1,1c9g6x62,3,portfolio,ComprehensionRisk,1789375790,1,0,0
gykh8ja7,15,5wh6kzb3,4,portfolio,DynamicChoice,1789375790,1,0,0
gykh8ja7,9,cqrngk2a,3,portfolio,ComprehensionRisk,1789375798,1,0,0
gykh8ja7,8,wbs0fdl5,4,portfolio,DynamicChoice,1789375799,1,0,0
gykh8ja7,1,1c9g6x62,4,portfolio,DynamicChoice,1789375804,1,0,0
gykh8ja7,3,d4zd28hb,3,portfolio,ComprehensionRisk,1789375812,1,0,0
gykh8ja7,2,7fakiwkr,4,portfolio,DynamicChoice,1789375814,1,0,0
gykh8ja7,9,cqrngk2a,4,portfolio,DynamicChoice,1789375816,1,0,0
gykh8ja7,21,vlvkdjz0,4,portfolio,DynamicChoice,1789375816,1,0,0
gykh8ja7,10,259xsu1c,3,portfolio,ComprehensionRisk,1789375829,1,0,0
gykh8ja7,5,oedddvhv,4,portfolio,DynamicChoice,1789375833,1,0,0
gykh8ja7,11,xnss4pg0,2,portfolio,InstructionsRisk,1789375862,1,0,0
gykh8ja7,3,d4zd28hb,4,portfolio,DynamicChoice,1789375863,1,0,0
gykh8ja7,10,259xsu1c,4,portfolio,DynamicChoice,1789375867,1,0,0
gykh8ja7,11,xnss4pg0,3,portfolio,ComprehensionRisk,1789375896,1,0,0
gykh8ja7,11,xnss4pg0,4,portfolio,DynamicChoice,1789375965,1,0,0
gykh8ja7,20,qruijzzl,5,portfolio,SyncRisk,1789375965,1,0,1
gykh8ja7,19,dk85qrmf,5,portfolio,SyncRisk,1789375965,1,0,1
gykh8ja7,10,259xsu1c,5,portfolio,SyncRisk,1789375965,1,0,1
gykh8ja7,6,7q18nnfd,5,portfolio,SyncRisk,1789375965,1,0,1
gykh8ja7,9,cqrngk2a,5,portfolio,SyncRisk,1789375965,1,0,1
gykh8ja7,21,vlvkdjz0,5,portfolio,SyncRisk,1789375965,1,0,1
gykh8ja7,17,ao798wr7,5,portfolio,SyncRisk,1789375965,1,0,1
gykh8ja7,16,kh2preog,5,portfolio,SyncRisk,1789375965,1,0,1
gykh8ja7,23,kw7jjs2b,5,portfolio,SyncRisk,1789375965,1,0,1
gykh8ja7,18,3788h5gm,5,portfolio,SyncRisk,1789375965,1,0,1
gykh8ja7,22,9n1v1smg,5,portfolio,SyncRisk,1789375965,1,0,1
gykh8ja7,12,5seuckqb,5,portfolio,SyncRisk,1789375965,1,0,1
gykh8ja7,15,5wh6kzb3,5,portfolio,SyncRisk,1789375965,1,0,1
gykh8ja7,24,pop23w57,5,portfolio,SyncRisk,1789375965,1,0,1
gykh8ja7,13,hdnqitby,5,portfolio,SyncRisk,1789375965,1,0,1
gykh8ja7,11,xnss4pg0,5,portfolio,SyncRisk,1789375965,1,0,1
gykh8ja7,14,ss3joq82,5,portfolio,SyncRisk,1789375965,1,0,1
gykh8ja7,8,wbs0fdl5,5,portfolio,SyncRisk,1789375965,1,0,1
gykh8ja7,5,oedddvhv,5,portfolio,SyncRisk,1789375965,1,0,1
gykh8ja7,25,cbc0ayyd,5,portfolio,SyncRisk,1789375965,1,0,1
gykh8ja7,4,ja5c25rz,5,portfolio,SyncRisk,1789375965,1,0,1
gykh8ja7,7,03zce18q,5,portfolio,SyncRisk,1789375965,1,0,1
gykh8ja7,1,1c9g6x62,5,portfolio,SyncRisk,1789375965,1,0,1
gykh8ja7,2,7fakiwkr,5,portfolio,SyncRisk,1789375965,1,0,1
gykh8ja7,3,d4zd28hb,5,portfolio,SyncRisk,1789375965,1,0,1
gykh8ja7,16,kh2preog,6,portfolio,InstructionsPortfolio,1789375971,1,0,0
gykh8ja7,20,qruijzzl,6,portfolio,InstructionsPortfolio,1789375971,1,0,0
gykh8ja7,22,9n1v1smg,6,portfolio,InstructionsPortfolio,1789375972,1,0,0
gykh8ja7,1,1c9g6x62,6,portfolio,InstructionsPortfolio,1789375974,1,0,0
gykh8ja7,13,hdnqitby,6,portfolio,InstructionsPortfolio,1789375975,1,0,0
gykh8ja7,5,oedddvhv,6,portfolio,InstructionsPortfolio,1789375975,1,0,0
gykh8ja7,23,kw7jjs2b,6,portfolio,InstructionsPortfolio,1789375975,1,0,0
gykh8ja7,17,ao798wr7,6,portfolio,InstructionsPortfolio,1789375976,1,0,0
gykh8ja7,24,pop23w57,6,portfolio,InstructionsPortfolio,1789375977,1,0,0
gykh8ja7,7,03zce18q,6,portfolio,InstructionsPortfolio,1789375977,1,0,0
gykh8ja7,18,3788h5gm,6,portfolio,InstructionsPortfolio,1789375979,1,0,0
gykh8ja7,25,cbc0ayyd,6,portfolio,InstructionsPortfolio,1789375980,1,0,0
gykh8ja7,12,5seuckqb,6,portfolio,InstructionsPortfolio,1789375981,1,0,0
gykh8ja7,4,ja5c25rz,6,portfolio,InstructionsPortfolio,1789375982,1,0,0
gykh8ja7,6,7q18nnfd,6,portfolio,InstructionsPortfolio,1789375984,1,0,0
gykh8ja7,23,kw7jjs2b,7,portfolio,Page1Experience,1789375984,1,0,0
gykh8ja7,20,qruijzzl,7,portfolio,Page1Experience,1789375984,1,0,0
gykh8ja7,22,9n1v1smg,7,portfolio,Page1Experience,1789375986,1,0,0
gykh8ja7,19,dk85qrmf,6,portfolio,InstructionsPortfolio,1789375990,1,0,0
gykh8ja7,15,5wh6kzb3,6,portfolio,InstructionsPortfolio,1789375991,1,0,0
gykh8ja7,1,1c9g6x62,7,portfolio,Page1Experience,1789375993,1,0,0
gykh8ja7,7,03zce18q,7,portfolio,Page1Experience,1789375994,1,0,0
gykh8ja7,2,7fakiwkr,6,portfolio,InstructionsPortfolio,1789375995,1,0,0
gykh8ja7,21,vlvkdjz0,6,portfolio,InstructionsPortfolio,1789375998,1,0,0
gykh8ja7,18,3788h5gm,7,portfolio,Page1Experience,1789375998,1,0,0
gykh8ja7,17,ao798wr7,7,portfolio,Page1Experience,1789375999,1,0,0
gykh8ja7,10,259xsu1c,6,portfolio,InstructionsPortfolio,1789376000,1,0,0
gykh8ja7,11,xnss4pg0,6,portfolio,InstructionsPortfolio,1789376003,1,0,0
gykh8ja7,24,pop23w57,7,portfolio,Page1Experience,1789376003,1,0,0
gykh8ja7,5,oedddvhv,7,portfolio,Page1Experience,1789376007,1,0,0
gykh8ja7,6,7q18nnfd,7,portfolio,Page1Experience,1789376010,1,0,0
gykh8ja7,12,5seuckqb,7,portfolio,Page1Experience,1789376011,1,0,0
gykh8ja7,4,ja5c25rz,7,portfolio,Page1Experience,1789376011,1,0,0
gykh8ja7,25,cbc0ayyd,7,portfolio,Page1Experience,1789376013,1,0,0
gykh8ja7,3,d4zd28hb,6,portfolio,InstructionsPortfolio,1789376018,1,0,0
gykh8ja7,19,dk85qrmf,7,portfolio,Page1Experience,1789376019,1,0,0
gykh8ja7,2,7fakiwkr,7,portfolio,Page1Experience,1789376020,1,0,0
gykh8ja7,11,xnss4pg0,7,portfolio,Page1Experience,1789376023,1,0,0
gykh8ja7,10,259xsu1c,7,portfolio,Page1Experience,1789376023,1,0,0
gykh8ja7,15,5wh6kzb3,7,portfolio,Page1Experience,1789376025,1,0,0
gykh8ja7,21,vlvkdjz0,7,portfolio,Page1Experience,1789376029,1,0,0
gykh8ja7,13,hdnqitby,7,portfolio,Page1Experience,1789376030,1,0,0
gykh8ja7,16,kh2preog,7,portfolio,Page1Experience,1789376039,1,0,0
gykh8ja7,8,wbs0fdl5,6,portfolio,InstructionsPortfolio,1789376055,1,0,0
gykh8ja7,9,cqrngk2a,6,portfolio,InstructionsPortfolio,1789376058,1,0,0
gykh8ja7,14,ss3joq82,6,portfolio,InstructionsPortfolio,1789376078,1,0,0
gykh8ja7,3,d4zd28hb,7,portfolio,Page1Experience,1789376081,1,0,0
gykh8ja7,9,cqrngk2a,7,portfolio,Page1Experience,1789376084,1,0,0
gykh8ja7,8,wbs0fdl5,7,portfolio,Page1Experience,1789376091,1,0,0
gykh8ja7,14,ss3joq82,7,portfolio,Page1Experience,1789376203,1,0,0
gykh8ja7,22,9n1v1smg,8,portfolio,SyncAllocation,1789376203,1,0,1
gykh8ja7,11,xnss4pg0,8,portfolio,SyncAllocation,1789376203,1,0,1
gykh8ja7,15,5wh6kzb3,8,portfolio,SyncAllocation,1789376203,1,0,1
gykh8ja7,12,5seuckqb,8,portfolio,SyncAllocation,1789376203,1,0,1
gykh8ja7,8,wbs0fdl5,8,portfolio,SyncAllocation,1789376203,1,0,1
gykh8ja7,13,hdnqitby,8,portfolio,SyncAllocation,1789376203,1,0,1
gykh8ja7,24,pop23w57,8,portfolio,SyncAllocation,1789376203,1,0,1
gykh8ja7,9,cqrngk2a,8,portfolio,SyncAllocation,1789376203,1,0,1
gykh8ja7,20,qruijzzl,8,portfolio,SyncAllocation,1789376203,1,0,1
gykh8ja7,17,ao798wr7,8,portfolio,SyncAllocation,1789376203,1,0,1
gykh8ja7,18,3788h5gm,8,portfolio,SyncAllocation,1789376203,1,0,1
gykh8ja7,19,dk85qrmf,8,portfolio,SyncAllocation,1789376203,1,0,1
gykh8ja7,21,vlvkdjz0,8,portfolio,SyncAllocation,1789376203,1,0,1
gykh8ja7,5,oedddvhv,8,portfolio,SyncAllocation,1789376203,1,0,1
gykh8ja7,23,kw7jjs2b,8,portfolio,SyncAllocation,1789376203,1,0,1
gykh8ja7,16,kh2preog,8,portfolio,SyncAllocation,1789376203,1,0,1
gykh8ja7,10,259xsu1c,8,portfolio,SyncAllocation,1789376203,1,0,1
gykh8ja7,14,ss3joq82,8,portfolio,SyncAllocation,1789376203,1,0,1
gykh8ja7,6,7q18nnfd,8,portfolio,SyncAllocation,1789376203,1,0,1
gykh8ja7,3,d4zd28hb,8,portfolio,SyncAllocation,1789376203,1,0,1
gykh8ja7,1,1c9g6x62,8,portfolio,SyncAllocation,1789376203,1,0,1
gykh8ja7,7,03zce18q,8,portfolio,SyncAllocation,1789376203,1,0,1
gykh8ja7,4,ja5c25rz,8,portfolio,SyncAllocation,1789376203,1,0,1
gykh8ja7,25,cbc0ayyd,8,portfolio,SyncAllocation,1789376203,1,0,1
gykh8ja7,2,7fakiwkr,8,portfolio,SyncAllocation,1789376203,1,0,1
gykh8ja7,23,kw7jjs2b,9,portfolio,InstructionsMarket,1789376209,1,0,0
gykh8ja7,22,9n1v1smg,9,portfolio,InstructionsMarket,1789376209,1,0,0
gykh8ja7,18,3788h5gm,9,portfolio,InstructionsMarket,1789376211,1,0,0
gykh8ja7,20,qruijzzl,9,portfolio,InstructionsMarket,1789376211,1,0,0
gykh8ja7,12,5seuckqb,9,portfolio,InstructionsMarket,1789376214,1,0,0
gykh8ja7,16,kh2preog,9,portfolio,InstructionsMarket,1789376221,1,0,0
gykh8ja7,4,ja5c25rz,9,portfolio,InstructionsMarket,1789376222,1,0,0
gykh8ja7,13,hdnqitby,9,portfolio,InstructionsMarket,1789376223,1,0,0
gykh8ja7,19,dk85qrmf,9,portfolio,InstructionsMarket,1789376225,1,0,0
gykh8ja7,7,03zce18q,9,portfolio,InstructionsMarket,1789376225,1,0,0
gykh8ja7,17,ao798wr7,9,portfolio,InstructionsMarket,1789376226,1,0,0
gykh8ja7,23,kw7jjs2b,10,portfolio,ComprehensionMarket,1789376227,1,0,0
gykh8ja7,12,5seuckqb,10,portfolio,ComprehensionMarket,1789376227,1,0,0
gykh8ja7,24,pop23w57,9,portfolio,InstructionsMarket,1789376228,1,0,0
gykh8ja7,16,kh2preog,10,portfolio,ComprehensionMarket,1789376230,1,0,0
gykh8ja7,6,7q18nnfd,9,portfolio,InstructionsMarket,1789376230,1,0,0
gykh8ja7,16,kh2preog,11,portfolio,InstructionsBeliefs,1789376232,1,0,0
gykh8ja7,13,hdnqitby,10,portfolio,ComprehensionMarket,1789376233,1,0,0
gykh8ja7,23,kw7jjs2b,11,portfolio,InstructionsBeliefs,1789376234,1,0,0
gykh8ja7,5,oedddvhv,9,portfolio,InstructionsMarket,1789376234,1,0,0
gykh8ja7,3,d4zd28hb,9,portfolio,InstructionsMarket,1789376235,1,0,0
gykh8ja7,20,qruijzzl,10,portfolio,ComprehensionMarket,1789376237,1,0,0
gykh8ja7,25,cbc0ayyd,9,portfolio,InstructionsMarket,1789376237,1,0,0
gykh8ja7,22,9n1v1smg,10,portfolio,ComprehensionMarket,1789376238,1,0,0
gykh8ja7,18,3788h5gm,10,portfolio,ComprehensionMarket,1789376238,1,0,0
gykh8ja7,20,qruijzzl,11,portfolio,InstructionsBeliefs,1789376239,1,0,0
gykh8ja7,13,hdnqitby,11,portfolio,InstructionsBeliefs,1789376239,1,0,0
gykh8ja7,17,ao798wr7,10,portfolio,ComprehensionMarket,1789376239,1,0,0
gykh8ja7,19,dk85qrmf,10,portfolio,ComprehensionMarket,1789376240,1,0,0
gykh8ja7,12,5seuckqb,11,portfolio,InstructionsBeliefs,1789376241,1,0,0
gykh8ja7,22,9n1v1smg,11,portfolio,InstructionsBeliefs,1789376241,1,0,0
gykh8ja7,9,cqrngk2a,9,portfolio,InstructionsMarket,1789376242,1,0,0
gykh8ja7,6,7q18nnfd,10,portfolio,ComprehensionMarket,1789376243,1,0,0
gykh8ja7,18,3788h5gm,11,portfolio,InstructionsBeliefs,1789376244,1,0,0
gykh8ja7,1,1c9g6x62,9,portfolio,InstructionsMarket,1789376244,1,0,0
gykh8ja7,24,pop23w57,10,portfolio,ComprehensionMarket,1789376246,1,0,0
gykh8ja7,7,03zce18q,10,portfolio,ComprehensionMarket,1789376247,1,0,0
gykh8ja7,10,259xsu1c,9,portfolio,InstructionsMarket,1789376249,1,0,0
gykh8ja7,7,03zce18q,11,portfolio,InstructionsBeliefs,1789376250,1,0,0
gykh8ja7,25,cbc0ayyd,10,portfolio,ComprehensionMarket,1789376254,1,0,0
gykh8ja7,4,ja5c25rz,10,portfolio,ComprehensionMarket,1789376254,1,0,0
gykh8ja7,17,ao798wr7,11,portfolio,InstructionsBeliefs,1789376255,1,0,0
gykh8ja7,21,vlvkdjz0,9,portfolio,InstructionsMarket,1789376256,1,0,0
gykh8ja7,1,1c9g6x62,10,portfolio,ComprehensionMarket,1789376256,1,0,0
gykh8ja7,24,pop23w57,11,portfolio,InstructionsBeliefs,1789376256,1,0,0
gykh8ja7,5,oedddvhv,10,portfolio,ComprehensionMarket,1789376257,1,0,0
gykh8ja7,10,259xsu1c,10,portfolio,ComprehensionMarket,1789376261,1,0,0
gykh8ja7,19,dk85qrmf,11,portfolio,InstructionsBeliefs,1789376262,1,0,0
gykh8ja7,3,d4zd28hb,10,portfolio,ComprehensionMarket,1789376264,1,0,0
gykh8ja7,9,cqrngk2a,10,portfolio,ComprehensionMarket,1789376264,1,0,0
gykh8ja7,6,7q18nnfd,11,portfolio,InstructionsBeliefs,1789376265,1,0,0
gykh8ja7,14,ss3joq82,9,portfolio,InstructionsMarket,1789376265,1,0,0
gykh8ja7,21,vlvkdjz0,10,portfolio,ComprehensionMarket,1789376267,1,0,0
gykh8ja7,5,oedddvhv,11,portfolio,InstructionsBeliefs,1789376269,1,0,0
gykh8ja7,4,ja5c25rz,11,portfolio,InstructionsBeliefs,1789376269,1,0,0
gykh8ja7,25,cbc0ayyd,11,portfolio,InstructionsBeliefs,1789376271,1,0,0
gykh8ja7,3,d4zd28hb,11,portfolio,InstructionsBeliefs,1789376276,1,0,0
gykh8ja7,14,ss3joq82,10,portfolio,ComprehensionMarket,1789376276,1,0,0
gykh8ja7,1,1c9g6x62,11,portfolio,InstructionsBeliefs,1789376290,1,0,0
gykh8ja7,12,5seuckqb,12,portfolio,PageBeliefExpNoExp,1789376294,1,0,0
gykh8ja7,21,vlvkdjz0,11,portfolio,InstructionsBeliefs,1789376294,1,0,0
gykh8ja7,11,xnss4pg0,9,portfolio,InstructionsMarket,1789376295,1,0,0
gykh8ja7,18,3788h5gm,12,portfolio,PageBeliefExpNoExp,1789376298,1,0,0
gykh8ja7,14,ss3joq82,11,portfolio,InstructionsBeliefs,1789376299,1,0,0
gykh8ja7,16,kh2preog,12,portfolio,PageBeliefExpNoExp,1789376303,1,0,0
gykh8ja7,10,259xsu1c,11,portfolio,InstructionsBeliefs,1789376303,1,0,0
gykh8ja7,22,9n1v1smg,12,portfolio,PageBeliefExpNoExp,1789376305,1,0,0
gykh8ja7,23,kw7jjs2b,12,portfolio,PageBeliefExpNoExp,1789376308,1,0,0
gykh8ja7,11,xnss4pg0,10,portfolio,ComprehensionMarket,1789376311,1,0,0
gykh8ja7,15,5wh6kzb3,9,portfolio,InstructionsMarket,1789376313,1,0,0
gykh8ja7,19,dk85qrmf,12,portfolio,PageBeliefExpNoExp,1789376315,1,0,0
gykh8ja7,12,5seuckqb,13,portfolio,PageOtherBeliefExpNoExp,1789376321,1,0,0
gykh8ja7,22,9n1v1smg,13,portfolio,PageOtherBeliefExpNoExp,1789376323,1,0,0
gykh8ja7,7,03zce18q,12,portfolio,PageBeliefExpNoExp,1789376323,1,0,0
gykh8ja7,12,5seuckqb,14,portfolio,TradingRulesExp,1789376325,1,0,0
gykh8ja7,22,9n1v1smg,14,portfolio,TradingRulesExp,1789376328,1,0,0
gykh8ja7,2,7fakiwkr,9,portfolio,InstructionsMarket,1789376328,1,0,0
gykh8ja7,17,ao798wr7,12,portfolio,PageBeliefExpNoExp,1789376329,1,0,0
gykh8ja7,9,cqrngk2a,11,portfolio,InstructionsBeliefs,1789376329,1,0,0
gykh8ja7,25,cbc0ayyd,12,portfolio,PageBeliefExpNoExp,1789376332,1,0,0
gykh8ja7,18,3788h5gm,13,portfolio,PageOtherBeliefExpNoExp,1789376336,1,0,0
gykh8ja7,23,kw7jjs2b,13,portfolio,PageOtherBeliefExpNoExp,1789376337,1,0,0
gykh8ja7,2,7fakiwkr,10,portfolio,ComprehensionMarket,1789376338,1,0,0
gykh8ja7,11,xnss4pg0,11,portfolio,InstructionsBeliefs,1789376340,1,0,0
gykh8ja7,6,7q18nnfd,12,portfolio,PageBeliefExpNoExp,1789376340,1,0,0
gykh8ja7,5,oedddvhv,12,portfolio,PageBeliefExpNoExp,1789376346,1,0,0
gykh8ja7,20,qruijzzl,12,portfolio,PageBeliefExpNoExp,1789376348,1,0,0
gykh8ja7,23,kw7jjs2b,14,portfolio,TradingRulesExp,1789376348,1,0,0
gykh8ja7,15,5wh6kzb3,10,portfolio,ComprehensionMarket,1789376350,1,0,0
gykh8ja7,25,cbc0ayyd,13,portfolio,PageOtherBeliefExpNoExp,1789376350,1,0,0
gykh8ja7,8,wbs0fdl5,9,portfolio,InstructionsMarket,1789376353,1,0,0
gykh8ja7,3,d4zd28hb,12,portfolio,PageBeliefExpNoExp,1789376358,1,0,0
gykh8ja7,4,ja5c25rz,12,portfolio,PageBeliefExpNoExp,1789376363,1,0,0
gykh8ja7,13,hdnqitby,12,portfolio,PageBeliefExpNoExp,1789376363,1,0,0
gykh8ja7,19,dk85qrmf,13,portfolio,PageOtherBeliefExpNoExp,1789376365,1,0,0
gykh8ja7,17,ao798wr7,13,portfolio,PageOtherBeliefExpNoExp,1789376367,1,0,0
gykh8ja7,14,ss3joq82,12,portfolio,PageBeliefExpNoExp,1789376368,1,0,0
gykh8ja7,25,cbc0ayyd,14,portfolio,TradingRulesExp,1789376369,1,0,0
gykh8ja7,1,1c9g6x62,12,portfolio,PageBeliefExpNoExp,1789376374,1,0,0
gykh8ja7,16,kh2preog,13,portfolio,PageOtherBeliefExpNoExp,1789376374,1,0,0
gykh8ja7,7,03zce18q,13,portfolio,PageOtherBeliefExpNoExp,1789376376,1,0,0
gykh8ja7,18,3788h5gm,14,portfolio,TradingRulesExp,1789376376,1,0,0
gykh8ja7,16,kh2preog,14,portfolio,TradingRulesExp,1789376377,1,0,0
gykh8ja7,4,ja5c25rz,13,portfolio,PageOtherBeliefExpNoExp,1789376383,1,0,0
gykh8ja7,7,03zce18q,14,portfolio,TradingRulesExp,1789376383,1,0,0
gykh8ja7,21,vlvkdjz0,12,portfolio,PageBeliefExpNoExp,1789376383,1,0,0
gykh8ja7,6,7q18nnfd,13,portfolio,PageOtherBeliefExpNoExp,1789376385,1,0,0
gykh8ja7,5,oedddvhv,13,portfolio,PageOtherBeliefExpNoExp,1789376387,1,0,0
gykh8ja7,19,dk85qrmf,14,portfolio,TradingRulesExp,1789376390,1,0,0
gykh8ja7,13,hdnqitby,13,portfolio,PageOtherBeliefExpNoExp,1789376394,1,0,0
gykh8ja7,10,259xsu1c,12,portfolio,PageBeliefExpNoExp,1789376394,1,0,0
gykh8ja7,14,ss3joq82,13,portfolio,PageOtherBeliefExpNoExp,1789376395,1,0,0
gykh8ja7,20,qruijzzl,13,portfolio,PageOtherBeliefExpNoExp,1789376397,1,0,0
gykh8ja7,8,wbs0fdl5,10,portfolio,ComprehensionMarket,1789376398,1,0,0
gykh8ja7,17,ao798wr7,14,portfolio,TradingRulesExp,1789376398,1,0,0
gykh8ja7,24,pop23w57,12,portfolio,PageBeliefExpNoExp,1789376398,1,0,0
gykh8ja7,20,qruijzzl,14,portfolio,TradingRulesExp,1789376399,1,0,0
gykh8ja7,14,ss3joq82,14,portfolio,TradingRulesExp,1789376399,1,0,0
gykh8ja7,15,5wh6kzb3,11,portfolio,InstructionsBeliefs,1789376401,1,0,0
gykh8ja7,5,oedddvhv,14,portfolio,TradingRulesExp,1789376402,1,0,0
gykh8ja7,2,7fakiwkr,11,portfolio,InstructionsBeliefs,1789376402,1,0,0
gykh8ja7,3,d4zd28hb,13,portfolio,PageOtherBeliefExpNoExp,1789376405,1,0,0
gykh8ja7,11,xnss4pg0,12,portfolio,PageBeliefExpNoExp,1789376407,1,0,0
gykh8ja7,3,d4zd28hb,14,portfolio,TradingRulesExp,1789376408,1,0,0
gykh8ja7,21,vlvkdjz0,13,portfolio,PageOtherBeliefExpNoExp,1789376410,1,0,0
gykh8ja7,6,7q18nnfd,14,portfolio,TradingRulesExp,1789376410,1,0,0
gykh8ja7,9,cqrngk2a,12,portfolio,PageBeliefExpNoExp,1789376412,1,0,0
gykh8ja7,1,1c9g6x62,13,portfolio,PageOtherBeliefExpNoExp,1789376412,1,0,0
gykh8ja7,1,1c9g6x62,14,portfolio,TradingRulesExp,1789376418,1,0,0
gykh8ja7,4,ja5c25rz,14,portfolio,TradingRulesExp,1789376425,1,0,0
gykh8ja7,24,pop23w57,13,portfolio,PageOtherBeliefExpNoExp,1789376429,1,0,0
gykh8ja7,21,vlvkdjz0,14,portfolio,TradingRulesExp,1789376431,1,0,0
gykh8ja7,13,hdnqitby,14,portfolio,TradingRulesExp,1789376433,1,0,0
gykh8ja7,24,pop23w57,14,portfolio,TradingRulesExp,1789376434,1,0,0
gykh8ja7,11,xnss4pg0,13,portfolio,PageOtherBeliefExpNoExp,1789376443,1,0,0
gykh8ja7,11,xnss4pg0,14,portfolio,TradingRulesExp,1789376448,1,0,0
gykh8ja7,9,cqrngk2a,13,portfolio,PageOtherBeliefExpNoExp,1789376449,1,0,0
gykh8ja7,10,259xsu1c,13,portfolio,PageOtherBeliefExpNoExp,1789376452,1,0,0
gykh8ja7,2,7fakiwkr,12,portfolio,PageBeliefExpNoExp,1789376466,1,0,0
gykh8ja7,8,wbs0fdl5,11,portfolio,InstructionsBeliefs,1789376468,1,0,0
gykh8ja7,2,7fakiwkr,13,portfolio,PageOtherBeliefExpNoExp,1789376490,1,0,0
gykh8ja7,15,5wh6kzb3,12,portfolio,PageBeliefExpNoExp,1789376499,1,0,0
gykh8ja7,2,7fakiwkr,14,portfolio,TradingRulesExp,1789376501,1,0,0
gykh8ja7,9,cqrngk2a,14,portfolio,TradingRulesExp,1789376503,1,0,0
gykh8ja7,8,wbs0fdl5,12,portfolio,PageBeliefExpNoExp,1789376517,1,0,0
gykh8ja7,10,259xsu1c,14,portfolio,TradingRulesExp,1789376524,1,0,0
gykh8ja7,8,wbs0fdl5,13,portfolio,PageOtherBeliefExpNoExp,1789376540,1,0,0
gykh8ja7,15,5wh6kzb3,13,portfolio,PageOtherBeliefExpNoExp,1789376549,1,0,0
gykh8ja7,15,5wh6kzb3,14,portfolio,TradingRulesExp,1789376581,1,0,0
gykh8ja7,8,wbs0fdl5,14,portfolio,TradingRulesExp,1789376656,1,0,0
gykh8ja7,23,kw7jjs2b,15,portfolio,SyncTradingRules,1789376657,1,0,1
gykh8ja7,17,ao798wr7,15,portfolio,SyncTradingRules,1789376657,1,0,1
gykh8ja7,19,dk85qrmf,15,portfolio,SyncTradingRules,1789376657,1,0,1
gykh8ja7,20,qruijzzl,15,portfolio,SyncTradingRules,1789376657,1,0,1
gykh8ja7,11,xnss4pg0,15,portfolio,SyncTradingRules,1789376657,1,0,1
gykh8ja7,15,5wh6kzb3,15,portfolio,SyncTradingRules,1789376657,1,0,1
gykh8ja7,14,ss3joq82,15,portfolio,SyncTradingRules,1789376657,1,0,1
gykh8ja7,6,7q18nnfd,15,portfolio,SyncTradingRules,1789376657,1,0,1
gykh8ja7,22,9n1v1smg,15,portfolio,SyncTradingRules,1789376657,1,0,1
gykh8ja7,8,wbs0fdl5,15,portfolio,SyncTradingRules,1789376657,1,0,1
gykh8ja7,9,cqrngk2a,15,portfolio,SyncTradingRules,1789376657,1,0,1
gykh8ja7,10,259xsu1c,15,portfolio,SyncTradingRules,1789376657,1,0,1
gykh8ja7,24,pop23w57,15,portfolio,SyncTradingRules,1789376657,1,0,1
gykh8ja7,2,7fakiwkr,15,portfolio,SyncTradingRules,1789376657,1,0,1
gykh8ja7,3,d4zd28hb,15,portfolio,SyncTradingRules,1789376657,1,0,1
gykh8ja7,1,1c9g6x62,15,portfolio,SyncTradingRules,1789376657,1,0,1
gykh8ja7,18,3788h5gm,15,portfolio,SyncTradingRules,1789376657,1,0,1
gykh8ja7,25,cbc0ayyd,15,portfolio,SyncTradingRules,1789376657,1,0,1
gykh8ja7,12,5seuckqb,15,portfolio,SyncTradingRules,1789376657,1,0,1
gykh8ja7,16,kh2preog,15,portfolio,SyncTradingRules,1789376657,1,0,1
gykh8ja7,7,03zce18q,15,portfolio,SyncTradingRules,1789376657,1,0,1
gykh8ja7,4,ja5c25rz,15,portfolio,SyncTradingRules,1789376657,1,0,1
gykh8ja7,5,oedddvhv,15,portfolio,SyncTradingRules,1789376657,1,0,1
gykh8ja7,13,hdnqitby,15,portfolio,SyncTradingRules,1789376657,1,0,1
gykh8ja7,21,vlvkdjz0,15,portfolio,SyncTradingRules,1789376657,1,0,1
gykh8ja7,12,5seuckqb,16,portfolio,PageBidExperience,1789376678,1,0,0
gykh8ja7,25,cbc0ayyd,16,portfolio,PageBidExperience,1789376678,1,0,0
gykh8ja7,23,kw7jjs2b,16,portfolio,PageBidExperience,1789376680,1,0,0
gykh8ja7,22,9n1v1smg,16,portfolio,PageBidExperience,1789376681,1,0,0
gykh8ja7,9,cqrngk2a,16,portfolio,PageBidExperience,1789376687,1,0,0
gykh8ja7,18,3788h5gm,16,portfolio,PageBidExperience,1789376688,1,0,0
gykh8ja7,17,ao798wr7,16,portfolio,PageBidExperience,1789376690,1,0,0
gykh8ja7,6,7q18nnfd,16,portfolio,PageBidExperience,1789376691,1,0,0
gykh8ja7,20,qruijzzl,16,portfolio,PageBidExperience,1789376691,1,0,0
gykh8ja7,1,1c9g6x62,16,portfolio,PageBidExperience,1789376694,1,0,0
gykh8ja7,14,ss3joq82,16,portfolio,PageBidExperience,1789376698,1,0,0
gykh8ja7,11,xnss4pg0,16,portfolio,PageBidExperience,1789376699,1,0,0
gykh8ja7,7,03zce18q,16,portfolio,PageBidExperience,1789376701,1,0,0
gykh8ja7,8,wbs0fdl5,16,portfolio,PageBidExperience,1789376702,1,0,0
gykh8ja7,19,dk85qrmf,16,portfolio,PageBidExperience,1789376703,1,0,0
gykh8ja7,2,7fakiwkr,16,portfolio,PageBidExperience,1789376705,1,0,0
gykh8ja7,10,259xsu1c,16,portfolio,PageBidExperience,1789376705,1,0,0
gykh8ja7,6,7q18nnfd,25,portfolio,Clearing,1789376705,1,0,1
gykh8ja7,7,03zce18q,25,portfolio,Clearing,1789376705,1,0,1
gykh8ja7,8,wbs0fdl5,25,portfolio,Clearing,1789376705,1,0,1
gykh8ja7,9,cqrngk2a,25,portfolio,Clearing,1789376705,1,0,1
gykh8ja7,10,259xsu1c,25,portfolio,Clearing,1789376705,1,0,1
gykh8ja7,3,d4zd28hb,16,portfolio,PageBidExperience,1789376708,1,0,0
gykh8ja7,24,pop23w57,16,portfolio,PageBidExperience,1789376711,1,0,0
gykh8ja7,15,5wh6kzb3,16,portfolio,PageBidExperience,1789376713,1,0,0
gykh8ja7,16,kh2preog,16,portfolio,PageBidExperience,1789376713,1,0,0
gykh8ja7,20,qruijzzl,25,portfolio,Clearing,1789376713,1,0,1
gykh8ja7,17,ao798wr7,25,portfolio,Clearing,1789376713,1,0,1
gykh8ja7,18,3788h5gm,25,portfolio,Clearing,1789376713,1,0,1
gykh8ja7,16,kh2preog,25,portfolio,Clearing,1789376713,1,0,1
gykh8ja7,19,dk85qrmf,25,portfolio,Clearing,1789376713,1,0,1
gykh8ja7,5,oedddvhv,16,portfolio,PageBidExperience,1789376715,1,0,0
gykh8ja7,4,ja5c25rz,16,portfolio,PageBidExperience,1789376724,1,0,0
gykh8ja7,1,1c9g6x62,25,portfolio,Clearing,1789376725,1,0,1
gykh8ja7,2,7fakiwkr,25,portfolio,Clearing,1789376725,1,0,1
gykh8ja7,3,d4zd28hb,25,portfolio,Clearing,1789376725,1,0,1
gykh8ja7,4,ja5c25rz,25,portfolio,Clearing,1789376725,1,0,1
gykh8ja7,5,oedddvhv,25,portfolio,Clearing,1789376725,1,0,1
gykh8ja7,13,hdnqitby,16,portfolio,PageBidExperience,1789376729,1,0,0
gykh8ja7,11,xnss4pg0,25,portfolio,Clearing,1789376729,1,0,1
gykh8ja7,15,5wh6kzb3,25,portfolio,Clearing,1789376729,1,0,1
gykh8ja7,14,ss3joq82,25,portfolio,Clearing,1789376729,1,0,1
gykh8ja7,12,5seuckqb,25,portfolio,Clearing,1789376729,1,0,1
gykh8ja7,13,hdnqitby,25,portfolio,Clearing,1789376729,1,0,1
gykh8ja7,21,vlvkdjz0,16,portfolio,PageBidExperience,1789376741,1,0,0
gykh8ja7,22,9n1v1smg,25,portfolio,Clearing,1789376741,1,0,1
gykh8ja7,23,kw7jjs2b,25,portfolio,Clearing,1789376741,1,0,1
gykh8ja7,24,pop23w57,25,portfolio,Clearing,1789376741,1,0,1
gykh8ja7,25,cbc0ayyd,25,portfolio,Clearing,1789376741,1,0,1
gykh8ja7,21,vlvkdjz0,25,portfolio,Clearing,1789376741,1,0,1
gykh8ja7,22,9n1v1smg,26,portfolio,SyncMarketRound,1789376742,1,0,1
gykh8ja7,23,kw7jjs2b,26,portfolio,SyncMarketRound,1789376742,1,0,1
gykh8ja7,20,qruijzzl,26,portfolio,SyncMarketRound,1789376742,1,0,1
gykh8ja7,11,xnss4pg0,26,portfolio,SyncMarketRound,1789376742,1,0,1
gykh8ja7,24,pop23w57,26,portfolio,SyncMarketRound,1789376742,1,0,1
gykh8ja7,15,5wh6kzb3,26,portfolio,SyncMarketRound,1789376742,1,0,1
gykh8ja7,14,ss3joq82,26,portfolio,SyncMarketRound,1789376742,1,0,1
gykh8ja7,6,7q18nnfd,26,portfolio,SyncMarketRound,1789376742,1,0,1
gykh8ja7,17,ao798wr7,26,portfolio,SyncMarketRound,1789376742,1,0,1
gykh8ja7,25,cbc0ayyd,26,portfolio,SyncMarketRound,1789376742,1,0,1
gykh8ja7,18,3788h5gm,26,portfolio,SyncMarketRound,1789376742,1,0,1
gykh8ja7,1,1c9g6x62,26,portfolio,SyncMarketRound,1789376742,1,0,1
gykh8ja7,16,kh2preog,26,portfolio,SyncMarketRound,1789376742,1,0,1
gykh8ja7,19,dk85qrmf,26,portfolio,SyncMarketRound,1789376742,1,0,1
gykh8ja7,12,5seuckqb,26,portfolio,SyncMarketRound,1789376742,1,0,1
gykh8ja7,13,hdnqitby,26,portfolio,SyncMarketRound,1789376742,1,0,1
gykh8ja7,21,vlvkdjz0,26,portfolio,SyncMarketRound,1789376742,1,0,1
gykh8ja7,2,7fakiwkr,26,portfolio,SyncMarketRound,1789376742,1,0,1
gykh8ja7,7,03zce18q,26,portfolio,SyncMarketRound,1789376742,1,0,1
gykh8ja7,8,wbs0fdl5,26,portfolio,SyncMarketRound,1789376742,1,0,1
gykh8ja7,9,cqrngk2a,26,portfolio,SyncMarketRound,1789376742,1,0,1
gykh8ja7,10,259xsu1c,26,portfolio,SyncMarketRound,1789376742,1,0,1
gykh8ja7,3,d4zd28hb,26,portfolio,SyncMarketRound,1789376742,1,0,1
gykh8ja7,4,ja5c25rz,26,portfolio,SyncMarketRound,1789376742,1,0,1
gykh8ja7,5,oedddvhv,26,portfolio,SyncMarketRound,1789376742,1,0,1
gykh8ja7,23,kw7jjs2b,45,portfolio,PageBidExperience,1789376766,2,0,0
gykh8ja7,1,1c9g6x62,45,portfolio,PageBidExperience,1789376771,2,0,0
gykh8ja7,12,5seuckqb,45,portfolio,PageBidExperience,1789376776,2,0,0
gykh8ja7,22,9n1v1smg,45,portfolio,PageBidExperience,1789376781,2,0,0
gykh8ja7,2,7fakiwkr,45,portfolio,PageBidExperience,1789376783,2,0,0
gykh8ja7,18,3788h5gm,45,portfolio,PageBidExperience,1789376785,2,0,0
gykh8ja7,25,cbc0ayyd,45,portfolio,PageBidExperience,1789376785,2,0,0
gykh8ja7,6,7q18nnfd,45,portfolio,PageBidExperience,1789376786,2,0,0
gykh8ja7,11,xnss4pg0,45,portfolio,PageBidExperience,1789376786,2,0,0
gykh8ja7,24,pop23w57,45,portfolio,PageBidExperience,1789376789,2,0,0
gykh8ja7,3,d4zd28hb,45,portfolio,PageBidExperience,1789376796,2,0,0
gykh8ja7,13,hdnqitby,45,portfolio,PageBidExperience,1789376804,2,0,0
gykh8ja7,17,ao798wr7,45,portfolio,PageBidExperience,1789376804,2,0,0
gykh8ja7,7,03zce18q,45,portfolio,PageBidExperience,1789376808,2,0,0
gykh8ja7,10,259xsu1c,45,portfolio,PageBidExperience,1789376810,2,0,0
gykh8ja7,19,dk85qrmf,45,portfolio,PageBidExperience,1789376813,2,0,0
gykh8ja7,4,ja5c25rz,45,portfolio,PageBidExperience,1789376814,2,0,0
gykh8ja7,15,5wh6kzb3,45,portfolio,PageBidExperience,1789376818,2,0,0
gykh8ja7,9,cqrngk2a,45,portfolio,PageBidExperience,1789376818,2,0,0
gykh8ja7,16,kh2preog,45,portfolio,PageBidExperience,1789376819,2,0,0
gykh8ja7,20,qruijzzl,45,portfolio,PageBidExperience,1789376826,2,0,0
gykh8ja7,16,kh2preog,54,portfolio,Clearing,1789376827,2,0,1
gykh8ja7,17,ao798wr7,54,portfolio,Clearing,1789376827,2,0,1
gykh8ja7,18,3788h5gm,54,portfolio,Clearing,1789376827,2,0,1
gykh8ja7,19,dk85qrmf,54,portfolio,Clearing,1789376827,2,0,1
gykh8ja7,20,qruijzzl,54,portfolio,Clearing,1789376827,2,0,1
gykh8ja7,5,oedddvhv,45,portfolio,PageBidExperience,1789376831,2,0,0
gykh8ja7,2,7fakiwkr,54,portfolio,Clearing,1789376832,2,0,1
gykh8ja7,3,d4zd28hb,54,portfolio,Clearing,1789376832,2,0,1
gykh8ja7,4,ja5c25rz,54,portfolio,Clearing,1789376832,2,0,1
gykh8ja7,1,1c9g6x62,54,portfolio,Clearing,1789376832,2,0,1
gykh8ja7,5,oedddvhv,54,portfolio,Clearing,1789376832,2,0,1
gykh8ja7,14,ss3joq82,45,portfolio,PageBidExperience,1789376832,2,0,0
gykh8ja7,11,xnss4pg0,54,portfolio,Clearing,1789376833,2,0,1
gykh8ja7,12,5seuckqb,54,portfolio,Clearing,1789376833,2,0,1
gykh8ja7,13,hdnqitby,54,portfolio,Clearing,1789376833,2,0,1
gykh8ja7,14,ss3joq82,54,portfolio,Clearing,1789376833,2,0,1
gykh8ja7,15,5wh6kzb3,54,portfolio,Clearing,1789376833,2,0,1
gykh8ja7,21,vlvkdjz0,45,portfolio,PageBidExperience,1789376860,2,0,0
gykh8ja7,21,vlvkdjz0,54,portfolio,Clearing,1789376861,2,0,1
gykh8ja7,22,9n1v1smg,54,portfolio,Clearing,1789376861,2,0,1
gykh8ja7,23,kw7jjs2b,54,portfolio,Clearing,1789376861,2,0,1
gykh8ja7,24,pop23w57,54,portfolio,Clearing,1789376861,2,0,1
gykh8ja7,25,cbc0ayyd,54,portfolio,Clearing,1789376861,2,0,1
gykh8ja7,8,wbs0fdl5,45,portfolio,PageBidExperience,1789376891,2,0,0
gykh8ja7,6,7q18nnfd,54,portfolio,Clearing,1789376891,2,0,1
gykh8ja7,7,03zce18q,54,portfolio,Clearing,1789376891,2,0,1
gykh8ja7,8,wbs0fdl5,54,portfolio,Clearing,1789376891,2,0,1
gykh8ja7,10,259xsu1c,54,portfolio,Clearing,1789376891,2,0,1
gykh8ja7,9,cqrngk2a,54,portfolio,Clearing,1789376891,2,0,1
gykh8ja7,6,7q18nnfd,55,portfolio,SyncMarketRound,1789376892,2,0,1
gykh8ja7,7,03zce18q,55,portfolio,SyncMarketRound,1789376892,2,0,1
gykh8ja7,2,7fakiwkr,55,portfolio,SyncMarketRound,1789376892,2,0,1
gykh8ja7,8,wbs0fdl5,55,portfolio,SyncMarketRound,1789376892,2,0,1
gykh8ja7,10,259xsu1c,55,portfolio,SyncMarketRound,1789376892,2,0,1
gykh8ja7,3,d4zd28hb,55,portfolio,SyncMarketRound,1789376892,2,0,1
gykh8ja7,9,cqrngk2a,55,portfolio,SyncMarketRound,1789376892,2,0,1
gykh8ja7,4,ja5c25rz,55,portfolio,SyncMarketRound,1789376892,2,0,1
gykh8ja7,16,kh2preog,55,portfolio,SyncMarketRound,1789376892,2,0,1
gykh8ja7,17,ao798wr7,55,portfolio,SyncMarketRound,1789376892,2,0,1
gykh8ja7,18,3788h5gm,55,portfolio,SyncMarketRound,1789376892,2,0,1
gykh8ja7,1,1c9g6x62,55,portfolio,SyncMarketRound,1789376892,2,0,1
gykh8ja7,5,oedddvhv,55,portfolio,SyncMarketRound,1789376892,2,0,1
gykh8ja7,11,xnss4pg0,55,portfolio,SyncMarketRound,1789376892,2,0,1
gykh8ja7,21,vlvkdjz0,55,portfolio,SyncMarketRound,1789376892,2,0,1
gykh8ja7,19,dk85qrmf,55,portfolio,SyncMarketRound,1789376892,2,0,1
gykh8ja7,22,9n1v1smg,55,portfolio,SyncMarketRound,1789376892,2,0,1
gykh8ja7,23,kw7jjs2b,55,portfolio,SyncMarketRound,1789376892,2,0,1
gykh8ja7,24,pop23w57,55,portfolio,SyncMarketRound,1789376892,2,0,1
gykh8ja7,25,cbc0ayyd,55,portfolio,SyncMarketRound,1789376892,2,0,1
gykh8ja7,20,qruijzzl,55,portfolio,SyncMarketRound,1789376892,2,0,1
gykh8ja7,12,5seuckqb,55,portfolio,SyncMarketRound,1789376892,2,0,1
gykh8ja7,13,hdnqitby,55,portfolio,SyncMarketRound,1789376892,2,0,1
gykh8ja7,14,ss3joq82,55,portfolio,SyncMarketRound,1789376892,2,0,1
gykh8ja7,15,5wh6kzb3,55,portfolio,SyncMarketRound,1789376892,2,0,1
gykh8ja7,16,kh2preog,74,portfolio,PageBidExperience,1789376910,3,0,0
gykh8ja7,23,kw7jjs2b,74,portfolio,PageBidExperience,1789376911,3,0,0
gykh8ja7,5,oedddvhv,74,portfolio,PageBidExperience,1789376915,3,0,0
gykh8ja7,11,xnss4pg0,74,portfolio,PageBidExperience,1789376921,3,0,0
gykh8ja7,25,cbc0ayyd,74,portfolio,PageBidExperience,1789376926,3,0,0
gykh8ja7,22,9n1v1smg,74,portfolio,PageBidExperience,1789376927,3,0,0
gykh8ja7,12,5seuckqb,74,portfolio,PageBidExperience,1789376932,3,0,0
gykh8ja7,7,03zce18q,74,portfolio,PageBidExperience,1789376933,3,0,0
gykh8ja7,10,259xsu1c,74,portfolio,PageBidExperience,1789376933,3,0,0
gykh8ja7,18,3788h5gm,74,portfolio,PageBidExperience,1789376934,3,0,0
gykh8ja7,3,d4zd28hb,74,portfolio,PageBidExperience,1789376940,3,0,0
gykh8ja7,2,7fakiwkr,74,portfolio,PageBidExperience,1789376945,3,0,0
gykh8ja7,1,1c9g6x62,74,portfolio,PageBidExperience,1789376951,3,0,0
gykh8ja7,17,ao798wr7,74,portfolio,PageBidExperience,1789376953,3,0,0
gykh8ja7,20,qruijzzl,74,portfolio,PageBidExperience,1789376958,3,0,0
gykh8ja7,8,wbs0fdl5,74,portfolio,PageBidExperience,1789376963,3,0,0
gykh8ja7,19,dk85qrmf,74,portfolio,PageBidExperience,1789376963,3,0,0
gykh8ja7,18,3788h5gm,83,portfolio,Clearing,1789376964,3,0,1
gykh8ja7,16,kh2preog,83,portfolio,Clearing,1789376964,3,0,1
gykh8ja7,17,ao798wr7,83,portfolio,Clearing,1789376964,3,0,1
gykh8ja7,19,dk85qrmf,83,portfolio,Clearing,1789376964,3,0,1
gykh8ja7,20,qruijzzl,83,portfolio,Clearing,1789376964,3,0,1
gykh8ja7,6,7q18nnfd,74,portfolio,PageBidExperience,1789376968,3,0,0
gykh8ja7,24,pop23w57,74,portfolio,PageBidExperience,1789376969,3,0,0
gykh8ja7,14,ss3joq82,74,portfolio,PageBidExperience,1789376971,3,0,0
gykh8ja7,4,ja5c25rz,74,portfolio,PageBidExperience,1789376974,3,0,0
gykh8ja7,1,1c9g6x62,83,portfolio,Clearing,1789376975,3,0,1
gykh8ja7,2,7fakiwkr,83,portfolio,Clearing,1789376975,3,0,1
gykh8ja7,3,d4zd28hb,83,portfolio,Clearing,1789376975,3,0,1
gykh8ja7,4,ja5c25rz,83,portfolio,Clearing,1789376975,3,0,1
gykh8ja7,5,oedddvhv,83,portfolio,Clearing,1789376975,3,0,1
gykh8ja7,21,vlvkdjz0,74,portfolio,PageBidExperience,1789376986,3,0,0
gykh8ja7,21,vlvkdjz0,83,portfolio,Clearing,1789376986,3,0,1
gykh8ja7,22,9n1v1smg,83,portfolio,Clearing,1789376986,3,0,1
gykh8ja7,23,kw7jjs2b,83,portfolio,Clearing,1789376986,3,0,1
gykh8ja7,24,pop23w57,83,portfolio,Clearing,1789376986,3,0,1
gykh8ja7,25,cbc0ayyd,83,portfolio,Clearing,1789376986,3,0,1
gykh8ja7,15,5wh6kzb3,74,portfolio,PageBidExperience,1789376987,3,0,0
gykh8ja7,9,cqrngk2a,74,portfolio,PageBidExperience,1789376988,3,0,0
gykh8ja7,6,7q18nnfd,83,portfolio,Clearing,1789376988,3,0,1
gykh8ja7,8,wbs0fdl5,83,portfolio,Clearing,1789376988,3,0,1
gykh8ja7,7,03zce18q,83,portfolio,Clearing,1789376988,3,0,1
gykh8ja7,9,cqrngk2a,83,portfolio,Clearing,1789376988,3,0,1
gykh8ja7,10,259xsu1c,83,portfolio,Clearing,1789376988,3,0,1
gykh8ja7,13,hdnqitby,74,portfolio,PageBidExperience,1789377036,3,0,0
gykh8ja7,11,xnss4pg0,83,portfolio,Clearing,1789377036,3,0,1
gykh8ja7,12,5seuckqb,83,portfolio,Clearing,1789377036,3,0,1
gykh8ja7,13,hdnqitby,83,portfolio,Clearing,1789377036,3,0,1
gykh8ja7,14,ss3joq82,83,portfolio,Clearing,1789377036,3,0,1
gykh8ja7,15,5wh6kzb3,83,portfolio,Clearing,1789377036,3,0,1
gykh8ja7,11,xnss4pg0,84,portfolio,SyncMarketRound,1789377037,3,0,1
gykh8ja7,6,7q18nnfd,84,portfolio,SyncMarketRound,1789377037,3,0,1
gykh8ja7,8,wbs0fdl5,84,portfolio,SyncMarketRound,1789377037,3,0,1
gykh8ja7,12,5seuckqb,84,portfolio,SyncMarketRound,1789377037,3,0,1
gykh8ja7,7,03zce18q,84,portfolio,SyncMarketRound,1789377037,3,0,1
gykh8ja7,13,hdnqitby,84,portfolio,SyncMarketRound,1789377037,3,0,1
gykh8ja7,18,3788h5gm,84,portfolio,SyncMarketRound,1789377037,3,0,1
gykh8ja7,21,vlvkdjz0,84,portfolio,SyncMarketRound,1789377037,3,0,1
gykh8ja7,22,9n1v1smg,84,portfolio,SyncMarketRound,1789377037,3,0,1
gykh8ja7,23,kw7jjs2b,84,portfolio,SyncMarketRound,1789377037,3,0,1
gykh8ja7,9,cqrngk2a,84,portfolio,SyncMarketRound,1789377037,3,0,1
gykh8ja7,14,ss3joq82,84,portfolio,SyncMarketRound,1789377037,3,0,1
gykh8ja7,24,pop23w57,84,portfolio,SyncMarketRound,1789377037,3,0,1
gykh8ja7,16,kh2preog,84,portfolio,SyncMarketRound,1789377037,3,0,1
gykh8ja7,17,ao798wr7,84,portfolio,SyncMarketRound,1789377037,3,0,1
gykh8ja7,1,1c9g6x62,84,portfolio,SyncMarketRound,1789377037,3,0,1
gykh8ja7,2,7fakiwkr,84,portfolio,SyncMarketRound,1789377037,3,0,1
gykh8ja7,3,d4zd28hb,84,portfolio,SyncMarketRound,1789377037,3,0,1
gykh8ja7,4,ja5c25rz,84,portfolio,SyncMarketRound,1789377037,3,0,1
gykh8ja7,25,cbc0ayyd,84,portfolio,SyncMarketRound,1789377037,3,0,1
gykh8ja7,10,259xsu1c,84,portfolio,SyncMarketRound,1789377037,3,0,1
gykh8ja7,15,5wh6kzb3,84,portfolio,SyncMarketRound,1789377037,3,0,1
gykh8ja7,19,dk85qrmf,84,portfolio,SyncMarketRound,1789377037,3,0,1
gykh8ja7,20,qruijzzl,84,portfolio,SyncMarketRound,1789377037,3,0,1
gykh8ja7,5,oedddvhv,84,portfolio,SyncMarketRound,1789377037,3,0,1
gykh8ja7,23,kw7jjs2b,103,portfolio,PageBidExperience,1789377056,4,0,0
gykh8ja7,5,oedddvhv,103,portfolio,PageBidExperience,1789377057,4,0,0
gykh8ja7,16,kh2preog,103,portfolio,PageBidExperience,1789377058,4,0,0
gykh8ja7,21,vlvkdjz0,103,portfolio,PageBidExperience,1789377065,4,0,0
gykh8ja7,19,dk85qrmf,103,portfolio,PageBidExperience,1789377066,4,0,0
gykh8ja7,22,9n1v1smg,103,portfolio,PageBidExperience,1789377067,4,0,0
gykh8ja7,8,wbs0fdl5,103,portfolio,PageBidExperience,1789377069,4,0,0
gykh8ja7,25,cbc0ayyd,103,portfolio,PageBidExperience,1789377069,4,0,0
gykh8ja7,20,qruijzzl,103,portfolio,PageBidExperience,1789377073,4,0,0
gykh8ja7,18,3788h5gm,103,portfolio,PageBidExperience,1789377073,4,0,0
gykh8ja7,6,7q18nnfd,103,portfolio,PageBidExperience,1789377079,4,0,0
gykh8ja7,12,5seuckqb,103,portfolio,PageBidExperience,1789377079,4,0,0
gykh8ja7,11,xnss4pg0,103,portfolio,PageBidExperience,1789377081,4,0,0
gykh8ja7,2,7fakiwkr,103,portfolio,PageBidExperience,1789377082,4,0,0
gykh8ja7,14,ss3joq82,103,portfolio,PageBidExperience,1789377085,4,0,0
gykh8ja7,3,d4zd28hb,103,portfolio,PageBidExperience,1789377085,4,0,0
gykh8ja7,10,259xsu1c,103,portfolio,PageBidExperience,1789377087,4,0,0
gykh8ja7,7,03zce18q,103,portfolio,PageBidExperience,1789377103,4,0,0
gykh8ja7,17,ao798wr7,103,portfolio,PageBidExperience,1789377109,4,0,0
gykh8ja7,17,ao798wr7,112,portfolio,Clearing,1789377110,4,0,1
gykh8ja7,16,kh2preog,112,portfolio,Clearing,1789377110,4,0,1
gykh8ja7,18,3788h5gm,112,portfolio,Clearing,1789377110,4,0,1
gykh8ja7,19,dk85qrmf,112,portfolio,Clearing,1789377110,4,0,1
gykh8ja7,20,qruijzzl,112,portfolio,Clearing,1789377110,4,0,1
gykh8ja7,13,hdnqitby,103,portfolio,PageBidExperience,1789377111,4,0,0
gykh8ja7,1,1c9g6x62,103,portfolio,PageBidExperience,1789377113,4,0,0
gykh8ja7,9,cqrngk2a,103,portfolio,PageBidExperience,1789377125,4,0,0
gykh8ja7,6,7q18nnfd,112,portfolio,Clearing,1789377126,4,0,1
gykh8ja7,7,03zce18q,112,portfolio,Clearing,1789377126,4,0,1
gykh8ja7,8,wbs0fdl5,112,portfolio,Clearing,1789377126,4,0,1
gykh8ja7,9,cqrngk2a,112,portfolio,Clearing,1789377126,4,0,1
gykh8ja7,10,259xsu1c,112,portfolio,Clearing,1789377126,4,0,1
gykh8ja7,4,ja5c25rz,103,portfolio,PageBidExperience,1789377127,4,0,0
gykh8ja7,4,ja5c25rz,112,portfolio,Clearing,1789377127,4,0,1
gykh8ja7,1,1c9g6x62,112,portfolio,Clearing,1789377127,4,0,1
gykh8ja7,2,7fakiwkr,112,portfolio,Clearing,1789377127,4,0,1
gykh8ja7,3,d4zd28hb,112,portfolio,Clearing,1789377127,4,0,1
gykh8ja7,5,oedddvhv,112,portfolio,Clearing,1789377127,4,0,1
gykh8ja7,24,pop23w57,103,portfolio,PageBidExperience,1789377134,4,0,0
gykh8ja7,21,vlvkdjz0,112,portfolio,Clearing,1789377134,4,0,1
gykh8ja7,22,9n1v1smg,112,portfolio,Clearing,1789377134,4,0,1
gykh8ja7,24,pop23w57,112,portfolio,Clearing,1789377134,4,0,1
gykh8ja7,25,cbc0ayyd,112,portfolio,Clearing,1789377134,4,0,1
gykh8ja7,23,kw7jjs2b,112,portfolio,Clearing,1789377134,4,0,1
gykh8ja7,15,5wh6kzb3,103,portfolio,PageBidExperience,1789377139,4,0,0
gykh8ja7,11,xnss4pg0,112,portfolio,Clearing,1789377140,4,0,1
gykh8ja7,12,5seuckqb,112,portfolio,Clearing,1789377140,4,0,1
gykh8ja7,13,hdnqitby,112,portfolio,Clearing,1789377140,4,0,1
gykh8ja7,14,ss3joq82,112,portfolio,Clearing,1789377140,4,0,1
gykh8ja7,15,5wh6kzb3,112,portfolio,Clearing,1789377140,4,0,1
gykh8ja7,4,ja5c25rz,113,portfolio,SyncMarketRound,1789377141,4,0,1
gykh8ja7,1,1c9g6x62,113,portfolio,SyncMarketRound,1789377141,4,0,1
gykh8ja7,11,xnss4pg0,113,portfolio,SyncMarketRound,1789377141,4,0,1
gykh8ja7,12,5seuckqb,113,portfolio,SyncMarketRound,1789377141,4,0,1
gykh8ja7,2,7fakiwkr,113,portfolio,SyncMarketRound,1789377141,4,0,1
gykh8ja7,3,d4zd28hb,113,portfolio,SyncMarketRound,1789377141,4,0,1
gykh8ja7,13,hdnqitby,113,portfolio,SyncMarketRound,1789377141,4,0,1
gykh8ja7,5,oedddvhv,113,portfolio,SyncMarketRound,1789377141,4,0,1
gykh8ja7,6,7q18nnfd,113,portfolio,SyncMarketRound,1789377141,4,0,1
gykh8ja7,7,03zce18q,113,portfolio,SyncMarketRound,1789377141,4,0,1
gykh8ja7,8,wbs0fdl5,113,portfolio,SyncMarketRound,1789377141,4,0,1
gykh8ja7,9,cqrngk2a,113,portfolio,SyncMarketRound,1789377141,4,0,1
gykh8ja7,14,ss3joq82,113,portfolio,SyncMarketRound,1789377141,4,0,1
gykh8ja7,15,5wh6kzb3,113,portfolio,SyncMarketRound,1789377141,4,0,1
gykh8ja7,21,vlvkdjz0,113,portfolio,SyncMarketRound,1789377141,4,0,1
gykh8ja7,22,9n1v1smg,113,portfolio,SyncMarketRound,1789377141,4,0,1
gykh8ja7,24,pop23w57,113,portfolio,SyncMarketRound,1789377141,4,0,1
gykh8ja7,17,ao798wr7,113,portfolio,SyncMarketRound,1789377141,4,0,1
gykh8ja7,25,cbc0ayyd,113,portfolio,SyncMarketRound,1789377141,4,0,1
gykh8ja7,16,kh2preog,113,portfolio,SyncMarketRound,1789377141,4,0,1
gykh8ja7,18,3788h5gm,113,portfolio,SyncMarketRound,1789377141,4,0,1
gykh8ja7,19,dk85qrmf,113,portfolio,SyncMarketRound,1789377141,4,0,1
gykh8ja7,20,qruijzzl,113,portfolio,SyncMarketRound,1789377141,4,0,1
gykh8ja7,10,259xsu1c,113,portfolio,SyncMarketRound,1789377141,4,0,1
gykh8ja7,23,kw7jjs2b,113,portfolio,SyncMarketRound,1789377141,4,0,1
gykh8ja7,23,kw7jjs2b,132,portfolio,PageBidExperience,1789377153,5,0,0
gykh8ja7,16,kh2preog,132,portfolio,PageBidExperience,1789377156,5,0,0
gykh8ja7,5,oedddvhv,132,portfolio,PageBidExperience,1789377158,5,0,0
gykh8ja7,25,cbc0ayyd,132,portfolio,PageBidExperience,1789377159,5,0,0
gykh8ja7,3,d4zd28hb,132,portfolio,PageBidExperience,1789377163,5,0,0
gykh8ja7,15,5wh6kzb3,132,portfolio,PageBidExperience,1789377167,5,0,0
gykh8ja7,22,9n1v1smg,132,portfolio,PageBidExperience,1789377167,5,0,0
gykh8ja7,1,1c9g6x62,132,portfolio,PageBidExperience,1789377168,5,0,0
gykh8ja7,2,7fakiwkr,132,portfolio,PageBidExperience,1789377171,5,0,0
gykh8ja7,17,ao798wr7,132,portfolio,PageBidExperience,1789377171,5,0,0
gykh8ja7,20,qruijzzl,132,portfolio,PageBidExperience,1789377172,5,0,0
gykh8ja7,19,dk85qrmf,132,portfolio,PageBidExperience,1789377172,5,0,0
gykh8ja7,6,7q18nnfd,132,portfolio,PageBidExperience,1789377174,5,0,0
gykh8ja7,14,ss3joq82,132,portfolio,PageBidExperience,1789377179,5,0,0
gykh8ja7,11,xnss4pg0,132,portfolio,PageBidExperience,1789377180,5,0,0
gykh8ja7,12,5seuckqb,132,portfolio,PageBidExperience,1789377184,5,0,0
gykh8ja7,21,vlvkdjz0,132,portfolio,PageBidExperience,1789377184,5,0,0
gykh8ja7,10,259xsu1c,132,portfolio,PageBidExperience,1789377189,5,0,0
gykh8ja7,24,pop23w57,132,portfolio,PageBidExperience,1789377189,5,0,0
gykh8ja7,21,vlvkdjz0,141,portfolio,Clearing,1789377189,5,0,1
gykh8ja7,22,9n1v1smg,141,portfolio,Clearing,1789377189,5,0,1
gykh8ja7,23,kw7jjs2b,141,portfolio,Clearing,1789377189,5,0,1
gykh8ja7,24,pop23w57,141,portfolio,Clearing,1789377189,5,0,1
gykh8ja7,25,cbc0ayyd,141,portfolio,Clearing,1789377189,5,0,1
gykh8ja7,9,cqrngk2a,132,portfolio,PageBidExperience,1789377200,5,0,0
gykh8ja7,7,03zce18q,132,portfolio,PageBidExperience,1789377201,5,0,0
gykh8ja7,18,3788h5gm,132,portfolio,PageBidExperience,1789377208,5,0,0
gykh8ja7,16,kh2preog,141,portfolio,Clearing,1789377208,5,0,1
gykh8ja7,17,ao798wr7,141,portfolio,Clearing,1789377208,5,0,1
gykh8ja7,18,3788h5gm,141,portfolio,Clearing,1789377208,5,0,1
gykh8ja7,19,dk85qrmf,141,portfolio,Clearing,1789377208,5,0,1
gykh8ja7,20,qruijzzl,141,portfolio,Clearing,1789377208,5,0,1
gykh8ja7,4,ja5c25rz,132,portfolio,PageBidExperience,1789377208,5,0,0
gykh8ja7,5,oedddvhv,141,portfolio,Clearing,1789377209,5,0,1
gykh8ja7,1,1c9g6x62,141,portfolio,Clearing,1789377209,5,0,1
gykh8ja7,2,7fakiwkr,141,portfolio,Clearing,1789377209,5,0,1
gykh8ja7,3,d4zd28hb,141,portfolio,Clearing,1789377209,5,0,1
gykh8ja7,4,ja5c25rz,141,portfolio,Clearing,1789377209,5,0,1
gykh8ja7,13,hdnqitby,132,portfolio,PageBidExperience,1789377233,5,0,0
gykh8ja7,11,xnss4pg0,141,portfolio,Clearing,1789377234,5,0,1
gykh8ja7,12,5seuckqb,141,portfolio,Clearing,1789377234,5,0,1
gykh8ja7,13,hdnqitby,141,portfolio,Clearing,1789377234,5,0,1
gykh8ja7,14,ss3joq82,141,portfolio,Clearing,1789377234,5,0,1
gykh8ja7,15,5wh6kzb3,141,portfolio,Clearing,1789377234,5,0,1
gykh8ja7,8,wbs0fdl5,132,portfolio,PageBidExperience,1789377336,5,0,0
gykh8ja7,9,cqrngk2a,141,portfolio,Clearing,1789377336,5,0,1
gykh8ja7,6,7q18nnfd,141,portfolio,Clearing,1789377336,5,0,1
gykh8ja7,7,03zce18q,141,portfolio,Clearing,1789377336,5,0,1
gykh8ja7,8,wbs0fdl5,141,portfolio,Clearing,1789377336,5,0,1
gykh8ja7,10,259xsu1c,141,portfolio,Clearing,1789377336,5,0,1
gykh8ja7,9,cqrngk2a,142,portfolio,SyncMarketRound,1789377337,5,0,1
gykh8ja7,5,oedddvhv,142,portfolio,SyncMarketRound,1789377337,5,0,1
gykh8ja7,11,xnss4pg0,142,portfolio,SyncMarketRound,1789377337,5,0,1
gykh8ja7,6,7q18nnfd,142,portfolio,SyncMarketRound,1789377337,5,0,1
gykh8ja7,1,1c9g6x62,142,portfolio,SyncMarketRound,1789377337,5,0,1
gykh8ja7,12,5seuckqb,142,portfolio,SyncMarketRound,1789377337,5,0,1
gykh8ja7,13,hdnqitby,142,portfolio,SyncMarketRound,1789377337,5,0,1
gykh8ja7,2,7fakiwkr,142,portfolio,SyncMarketRound,1789377337,5,0,1
gykh8ja7,3,d4zd28hb,142,portfolio,SyncMarketRound,1789377337,5,0,1
gykh8ja7,4,ja5c25rz,142,portfolio,SyncMarketRound,1789377337,5,0,1
gykh8ja7,7,03zce18q,142,portfolio,SyncMarketRound,1789377337,5,0,1
gykh8ja7,8,wbs0fdl5,142,portfolio,SyncMarketRound,1789377337,5,0,1
gykh8ja7,10,259xsu1c,142,portfolio,SyncMarketRound,1789377337,5,0,1
gykh8ja7,16,kh2preog,142,portfolio,SyncMarketRound,1789377337,5,0,1
gykh8ja7,17,ao798wr7,142,portfolio,SyncMarketRound,1789377337,5,0,1
gykh8ja7,21,vlvkdjz0,142,portfolio,SyncMarketRound,1789377337,5,0,1
gykh8ja7,22,9n1v1smg,142,portfolio,SyncMarketRound,1789377337,5,0,1
gykh8ja7,23,kw7jjs2b,142,portfolio,SyncMarketRound,1789377337,5,0,1
gykh8ja7,18,3788h5gm,142,portfolio,SyncMarketRound,1789377337,5,0,1
gykh8ja7,19,dk85qrmf,142,portfolio,SyncMarketRound,1789377337,5,0,1
gykh8ja7,20,qruijzzl,142,portfolio,SyncMarketRound,1789377337,5,0,1
gykh8ja7,14,ss3joq82,142,portfolio,SyncMarketRound,1789377337,5,0,1
gykh8ja7,15,5wh6kzb3,142,portfolio,SyncMarketRound,1789377337,5,0,1
gykh8ja7,24,pop23w57,142,portfolio,SyncMarketRound,1789377337,5,0,1
gykh8ja7,25,cbc0ayyd,142,portfolio,SyncMarketRound,1789377337,5,0,1
gykh8ja7,21,vlvkdjz0,161,portfolio,PageBidExperience,1789377353,6,0,0
gykh8ja7,6,7q18nnfd,161,portfolio,PageBidExperience,1789377357,6,0,0
gykh8ja7,25,cbc0ayyd,161,portfolio,PageBidExperience,1789377359,6,0,0
gykh8ja7,1,1c9g6x62,161,portfolio,PageBidExperience,1789377360,6,0,0
gykh8ja7,5,oedddvhv,161,portfolio,PageBidExperience,1789377361,6,0,0
gykh8ja7,16,kh2preog,161,portfolio,PageBidExperience,1789377363,6,0,0
gykh8ja7,20,qruijzzl,161,portfolio,PageBidExperience,1789377365,6,0,0
gykh8ja7,23,kw7jjs2b,161,portfolio,PageBidExperience,1789377365,6,0,0
gykh8ja7,10,259xsu1c,161,portfolio,PageBidExperience,1789377367,6,0,0
gykh8ja7,3,d4zd28hb,161,portfolio,PageBidExperience,1789377368,6,0,0
gykh8ja7,22,9n1v1smg,161,portfolio,PageBidExperience,1789377369,6,0,0
gykh8ja7,12,5seuckqb,161,portfolio,PageBidExperience,1789377370,6,0,0
gykh8ja7,8,wbs0fdl5,161,portfolio,PageBidExperience,1789377372,6,0,0
gykh8ja7,19,dk85qrmf,161,portfolio,PageBidExperience,1789377372,6,0,0
gykh8ja7,9,cqrngk2a,161,portfolio,PageBidExperience,1789377373,6,0,0
gykh8ja7,14,ss3joq82,161,portfolio,PageBidExperience,1789377373,6,0,0
gykh8ja7,7,03zce18q,161,portfolio,PageBidExperience,1789377376,6,0,0
gykh8ja7,6,7q18nnfd,170,portfolio,Clearing,1789377377,6,0,1
gykh8ja7,7,03zce18q,170,portfolio,Clearing,1789377377,6,0,1
gykh8ja7,8,wbs0fdl5,170,portfolio,Clearing,1789377377,6,0,1
gykh8ja7,9,cqrngk2a,170,portfolio,Clearing,1789377377,6,0,1
gykh8ja7,10,259xsu1c,170,portfolio,Clearing,1789377377,6,0,1
gykh8ja7,18,3788h5gm,161,portfolio,PageBidExperience,1789377377,6,0,0
gykh8ja7,2,7fakiwkr,161,portfolio,PageBidExperience,1789377379,6,0,0
gykh8ja7,11,xnss4pg0,161,portfolio,PageBidExperience,1789377393,6,0,0
gykh8ja7,17,ao798wr7,161,portfolio,PageBidExperience,1789377394,6,0,0
gykh8ja7,16,kh2preog,170,portfolio,Clearing,1789377395,6,0,1
gykh8ja7,17,ao798wr7,170,portfolio,Clearing,1789377395,6,0,1
gykh8ja7,18,3788h5gm,170,portfolio,Clearing,1789377395,6,0,1
gykh8ja7,19,dk85qrmf,170,portfolio,Clearing,1789377395,6,0,1
gykh8ja7,20,qruijzzl,170,portfolio,Clearing,1789377395,6,0,1
gykh8ja7,4,ja5c25rz,161,portfolio,PageBidExperience,1789377396,6,0,0
gykh8ja7,1,1c9g6x62,170,portfolio,Clearing,1789377396,6,0,1
gykh8ja7,2,7fakiwkr,170,portfolio,Clearing,1789377396,6,0,1
gykh8ja7,3,d4zd28hb,170,portfolio,Clearing,1789377396,6,0,1
gykh8ja7,4,ja5c25rz,170,portfolio,Clearing,1789377396,6,0,1
gykh8ja7,5,oedddvhv,170,portfolio,Clearing,1789377396,6,0,1
gykh8ja7,15,5wh6kzb3,161,portfolio,PageBidExperience,1789377401,6,0,0
gykh8ja7,24,pop23w57,161,portfolio,PageBidExperience,1789377416,6,0,0
gykh8ja7,23,kw7jjs2b,170,portfolio,Clearing,1789377417,6,0,1
gykh8ja7,22,9n1v1smg,170,portfolio,Clearing,1789377417,6,0,1
gykh8ja7,24,pop23w57,170,portfolio,Clearing,1789377417,6,0,1
gykh8ja7,25,cbc0ayyd,170,portfolio,Clearing,1789377417,6,0,1
gykh8ja7,21,vlvkdjz0,170,portfolio,Clearing,1789377417,6,0,1
gykh8ja7,13,hdnqitby,161,portfolio,PageBidExperience,1789377500,6,0,0
gykh8ja7,11,xnss4pg0,170,portfolio,Clearing,1789377500,6,0,1
gykh8ja7,12,5seuckqb,170,portfolio,Clearing,1789377500,6,0,1
gykh8ja7,13,hdnqitby,170,portfolio,Clearing,1789377500,6,0,1
gykh8ja7,14,ss3joq82,170,portfolio,Clearing,1789377500,6,0,1
gykh8ja7,15,5wh6kzb3,170,portfolio,Clearing,1789377500,6,0,1
gykh8ja7,11,xnss4pg0,171,portfolio,SyncMarketRound,1789377501,6,0,1
gykh8ja7,12,5seuckqb,171,portfolio,SyncMarketRound,1789377501,6,0,1
gykh8ja7,1,1c9g6x62,171,portfolio,SyncMarketRound,1789377501,6,0,1
gykh8ja7,2,7fakiwkr,171,portfolio,SyncMarketRound,1789377501,6,0,1
gykh8ja7,6,7q18nnfd,171,portfolio,SyncMarketRound,1789377501,6,0,1
gykh8ja7,7,03zce18q,171,portfolio,SyncMarketRound,1789377501,6,0,1
gykh8ja7,8,wbs0fdl5,171,portfolio,SyncMarketRound,1789377501,6,0,1
gykh8ja7,9,cqrngk2a,171,portfolio,SyncMarketRound,1789377501,6,0,1
gykh8ja7,3,d4zd28hb,171,portfolio,SyncMarketRound,1789377501,6,0,1
gykh8ja7,4,ja5c25rz,171,portfolio,SyncMarketRound,1789377501,6,0,1
gykh8ja7,5,oedddvhv,171,portfolio,SyncMarketRound,1789377501,6,0,1
gykh8ja7,13,hdnqitby,171,portfolio,SyncMarketRound,1789377501,6,0,1
gykh8ja7,23,kw7jjs2b,171,portfolio,SyncMarketRound,1789377501,6,0,1
gykh8ja7,14,ss3joq82,171,portfolio,SyncMarketRound,1789377501,6,0,1
gykh8ja7,22,9n1v1smg,171,portfolio,SyncMarketRound,1789377501,6,0,1
gykh8ja7,24,pop23w57,171,portfolio,SyncMarketRound,1789377501,6,0,1
gykh8ja7,16,kh2preog,171,portfolio,SyncMarketRound,1789377501,6,0,1
gykh8ja7,25,cbc0ayyd,171,portfolio,SyncMarketRound,1789377501,6,0,1
gykh8ja7,15,5wh6kzb3,171,portfolio,SyncMarketRound,1789377501,6,0,1
gykh8ja7,10,259xsu1c,171,portfolio,SyncMarketRound,1789377501,6,0,1
gykh8ja7,17,ao798wr7,171,portfolio,SyncMarketRound,1789377501,6,0,1
gykh8ja7,18,3788h5gm,171,portfolio,SyncMarketRound,1789377501,6,0,1
gykh8ja7,19,dk85qrmf,171,portfolio,SyncMarketRound,1789377501,6,0,1
gykh8ja7,21,vlvkdjz0,171,portfolio,SyncMarketRound,1789377501,6,0,1
gykh8ja7,20,qruijzzl,171,portfolio,SyncMarketRound,1789377501,6,0,1
gykh8ja7,11,xnss4pg0,190,portfolio,PageBidExperience,1789377516,7,0,0
gykh8ja7,6,7q18nnfd,190,portfolio,PageBidExperience,1789377520,7,0,0
gykh8ja7,3,d4zd28hb,190,portfolio,PageBidExperience,1789377521,7,0,0
gykh8ja7,1,1c9g6x62,190,portfolio,PageBidExperience,1789377521,7,0,0
gykh8ja7,21,vlvkdjz0,190,portfolio,PageBidExperience,1789377525,7,0,0
gykh8ja7,22,9n1v1smg,190,portfolio,PageBidExperience,1789377525,7,0,0
gykh8ja7,2,7fakiwkr,190,portfolio,PageBidExperience,1789377527,7,0,0
gykh8ja7,5,oedddvhv,190,portfolio,PageBidExperience,1789377527,7,0,0
gykh8ja7,25,cbc0ayyd,190,portfolio,PageBidExperience,1789377532,7,0,0
gykh8ja7,12,5seuckqb,190,portfolio,PageBidExperience,1789377533,7,0,0
gykh8ja7,19,dk85qrmf,190,portfolio,PageBidExperience,1789377534,7,0,0
gykh8ja7,10,259xsu1c,190,portfolio,PageBidExperience,1789377534,7,0,0
gykh8ja7,4,ja5c25rz,190,portfolio,PageBidExperience,1789377536,7,0,0
gykh8ja7,9,cqrngk2a,190,portfolio,PageBidExperience,1789377536,7,0,0
gykh8ja7,20,qruijzzl,190,portfolio,PageBidExperience,1789377536,7,0,0
gykh8ja7,1,1c9g6x62,199,portfolio,Clearing,1789377536,7,0,1
gykh8ja7,2,7fakiwkr,199,portfolio,Clearing,1789377536,7,0,1
gykh8ja7,3,d4zd28hb,199,portfolio,Clearing,1789377536,7,0,1
gykh8ja7,4,ja5c25rz,199,portfolio,Clearing,1789377536,7,0,1
gykh8ja7,5,oedddvhv,199,portfolio,Clearing,1789377536,7,0,1
gykh8ja7,23,kw7jjs2b,190,portfolio,PageBidExperience,1789377538,7,0,0
gykh8ja7,18,3788h5gm,190,portfolio,PageBidExperience,1789377543,7,0,0
gykh8ja7,15,5wh6kzb3,190,portfolio,PageBidExperience,1789377545,7,0,0
gykh8ja7,8,wbs0fdl5,190,portfolio,PageBidExperience,1789377548,7,0,0
gykh8ja7,16,kh2preog,190,portfolio,PageBidExperience,1789377548,7,0,0
gykh8ja7,24,pop23w57,190,portfolio,PageBidExperience,1789377556,7,0,0
gykh8ja7,23,kw7jjs2b,199,portfolio,Clearing,1789377556,7,0,1
gykh8ja7,21,vlvkdjz0,199,portfolio,Clearing,1789377556,7,0,1
gykh8ja7,22,9n1v1smg,199,portfolio,Clearing,1789377556,7,0,1
gykh8ja7,24,pop23w57,199,portfolio,Clearing,1789377556,7,0,1
gykh8ja7,25,cbc0ayyd,199,portfolio,Clearing,1789377556,7,0,1
gykh8ja7,7,03zce18q,190,portfolio,PageBidExperience,1789377567,7,0,0
gykh8ja7,6,7q18nnfd,199,portfolio,Clearing,1789377568,7,0,1
gykh8ja7,7,03zce18q,199,portfolio,Clearing,1789377568,7,0,1
gykh8ja7,8,wbs0fdl5,199,portfolio,Clearing,1789377568,7,0,1
gykh8ja7,9,cqrngk2a,199,portfolio,Clearing,1789377568,7,0,1
gykh8ja7,10,259xsu1c,199,portfolio,Clearing,1789377568,7,0,1
gykh8ja7,17,ao798wr7,190,portfolio,PageBidExperience,1789377577,7,0,0
gykh8ja7,16,kh2preog,199,portfolio,Clearing,1789377577,7,0,1
gykh8ja7,17,ao798wr7,199,portfolio,Clearing,1789377577,7,0,1
gykh8ja7,18,3788h5gm,199,portfolio,Clearing,1789377577,7,0,1
gykh8ja7,19,dk85qrmf,199,portfolio,Clearing,1789377577,7,0,1
gykh8ja7,20,qruijzzl,199,portfolio,Clearing,1789377577,7,0,1
gykh8ja7,14,ss3joq82,190,portfolio,PageBidExperience,1789377585,7,0,0
gykh8ja7,13,hdnqitby,190,portfolio,PageBidExperience,1789377596,7,0,0
gykh8ja7,11,xnss4pg0,199,portfolio,Clearing,1789377596,7,0,1
gykh8ja7,12,5seuckqb,199,portfolio,Clearing,1789377596,7,0,1
gykh8ja7,13,hdnqitby,199,portfolio,Clearing,1789377596,7,0,1
gykh8ja7,14,ss3joq82,199,portfolio,Clearing,1789377596,7,0,1
gykh8ja7,15,5wh6kzb3,199,portfolio,Clearing,1789377596,7,0,1
gykh8ja7,23,kw7jjs2b,200,portfolio,SyncMarketRound,1789377597,7,0,1
gykh8ja7,16,kh2preog,200,portfolio,SyncMarketRound,1789377597,7,0,1
gykh8ja7,6,7q18nnfd,200,portfolio,SyncMarketRound,1789377597,7,0,1
gykh8ja7,17,ao798wr7,200,portfolio,SyncMarketRound,1789377597,7,0,1
gykh8ja7,7,03zce18q,200,portfolio,SyncMarketRound,1789377597,7,0,1
gykh8ja7,11,xnss4pg0,200,portfolio,SyncMarketRound,1789377597,7,0,1
gykh8ja7,18,3788h5gm,200,portfolio,SyncMarketRound,1789377597,7,0,1
gykh8ja7,12,5seuckqb,200,portfolio,SyncMarketRound,1789377597,7,0,1
gykh8ja7,19,dk85qrmf,200,portfolio,SyncMarketRound,1789377597,7,0,1
gykh8ja7,13,hdnqitby,200,portfolio,SyncMarketRound,1789377597,7,0,1
gykh8ja7,1,1c9g6x62,200,portfolio,SyncMarketRound,1789377597,7,0,1
gykh8ja7,2,7fakiwkr,200,portfolio,SyncMarketRound,1789377597,7,0,1
gykh8ja7,3,d4zd28hb,200,portfolio,SyncMarketRound,1789377597,7,0,1
gykh8ja7,8,wbs0fdl5,200,portfolio,SyncMarketRound,1789377597,7,0,1
gykh8ja7,21,vlvkdjz0,200,portfolio,SyncMarketRound,1789377597,7,0,1
gykh8ja7,22,9n1v1smg,200,portfolio,SyncMarketRound,1789377597,7,0,1
gykh8ja7,24,pop23w57,200,portfolio,SyncMarketRound,1789377597,7,0,1
gykh8ja7,25,cbc0ayyd,200,portfolio,SyncMarketRound,1789377597,7,0,1
gykh8ja7,9,cqrngk2a,200,portfolio,SyncMarketRound,1789377597,7,0,1
gykh8ja7,10,259xsu1c,200,portfolio,SyncMarketRound,1789377597,7,0,1
gykh8ja7,20,qruijzzl,200,portfolio,SyncMarketRound,1789377597,7,0,1
gykh8ja7,14,ss3joq82,200,portfolio,SyncMarketRound,1789377597,7,0,1
gykh8ja7,4,ja5c25rz,200,portfolio,SyncMarketRound,1789377597,7,0,1
gykh8ja7,5,oedddvhv,200,portfolio,SyncMarketRound,1789377597,7,0,1
gykh8ja7,15,5wh6kzb3,200,portfolio,SyncMarketRound,1789377597,7,0,1
gykh8ja7,25,cbc0ayyd,219,portfolio,PageBidExperience,1789377612,8,0,0
gykh8ja7,16,kh2preog,219,portfolio,PageBidExperience,1789377613,8,0,0
gykh8ja7,6,7q18nnfd,219,portfolio,PageBidExperience,1789377614,8,0,0
gykh8ja7,5,oedddvhv,219,portfolio,PageBidExperience,1789377614,8,0,0
gykh8ja7,1,1c9g6x62,219,portfolio,PageBidExperience,1789377616,8,0,0
gykh8ja7,23,kw7jjs2b,219,portfolio,PageBidExperience,1789377618,8,0,0
gykh8ja7,11,xnss4pg0,219,portfolio,PageBidExperience,1789377621,8,0,0
gykh8ja7,17,ao798wr7,219,portfolio,PageBidExperience,1789377621,8,0,0
gykh8ja7,2,7fakiwkr,219,portfolio,PageBidExperience,1789377622,8,0,0
gykh8ja7,8,wbs0fdl5,219,portfolio,PageBidExperience,1789377627,8,0,0
gykh8ja7,20,qruijzzl,219,portfolio,PageBidExperience,1789377627,8,0,0
gykh8ja7,10,259xsu1c,219,portfolio,PageBidExperience,1789377627,8,0,0
gykh8ja7,21,vlvkdjz0,219,portfolio,PageBidExperience,1789377628,8,0,0
gykh8ja7,19,dk85qrmf,219,portfolio,PageBidExperience,1789377628,8,0,0
gykh8ja7,22,9n1v1smg,219,portfolio,PageBidExperience,1789377629,8,0,0
gykh8ja7,14,ss3joq82,219,portfolio,PageBidExperience,1789377631,8,0,0
gykh8ja7,18,3788h5gm,219,portfolio,PageBidExperience,1789377633,8,0,0
gykh8ja7,16,kh2preog,228,portfolio,Clearing,1789377634,8,0,1
gykh8ja7,17,ao798wr7,228,portfolio,Clearing,1789377634,8,0,1
gykh8ja7,18,3788h5gm,228,portfolio,Clearing,1789377634,8,0,1
gykh8ja7,19,dk85qrmf,228,portfolio,Clearing,1789377634,8,0,1
gykh8ja7,20,qruijzzl,228,portfolio,Clearing,1789377634,8,0,1
gykh8ja7,3,d4zd28hb,219,portfolio,PageBidExperience,1789377634,8,0,0
gykh8ja7,7,03zce18q,219,portfolio,PageBidExperience,1789377635,8,0,0
gykh8ja7,12,5seuckqb,219,portfolio,PageBidExperience,1789377635,8,0,0
gykh8ja7,15,5wh6kzb3,219,portfolio,PageBidExperience,1789377638,8,0,0
gykh8ja7,4,ja5c25rz,219,portfolio,PageBidExperience,1789377638,8,0,0
gykh8ja7,5,oedddvhv,228,portfolio,Clearing,1789377639,8,0,1
gykh8ja7,1,1c9g6x62,228,portfolio,Clearing,1789377639,8,0,1
gykh8ja7,2,7fakiwkr,228,portfolio,Clearing,1789377639,8,0,1
gykh8ja7,3,d4zd28hb,228,portfolio,Clearing,1789377639,8,0,1
gykh8ja7,4,ja5c25rz,228,portfolio,Clearing,1789377639,8,0,1
gykh8ja7,24,pop23w57,219,portfolio,PageBidExperience,1789377651,8,0,0
gykh8ja7,23,kw7jjs2b,228,portfolio,Clearing,1789377651,8,0,1
gykh8ja7,21,vlvkdjz0,228,portfolio,Clearing,1789377651,8,0,1
gykh8ja7,22,9n1v1smg,228,portfolio,Clearing,1789377651,8,0,1
gykh8ja7,24,pop23w57,228,portfolio,Clearing,1789377651,8,0,1
gykh8ja7,25,cbc0ayyd,228,portfolio,Clearing,1789377651,8,0,1
gykh8ja7,9,cqrngk2a,219,portfolio,PageBidExperience,1789377660,8,0,0
gykh8ja7,6,7q18nnfd,228,portfolio,Clearing,1789377661,8,0,1
gykh8ja7,7,03zce18q,228,portfolio,Clearing,1789377661,8,0,1
gykh8ja7,8,wbs0fdl5,228,portfolio,Clearing,1789377661,8,0,1
gykh8ja7,9,cqrngk2a,228,portfolio,Clearing,1789377661,8,0,1
gykh8ja7,10,259xsu1c,228,portfolio,Clearing,1789377661,8,0,1
gykh8ja7,13,hdnqitby,219,portfolio,PageBidExperience,1789377682,8,0,0
gykh8ja7,11,xnss4pg0,228,portfolio,Clearing,1789377683,8,0,1
gykh8ja7,12,5seuckqb,228,portfolio,Clearing,1789377683,8,0,1
gykh8ja7,13,hdnqitby,228,portfolio,Clearing,1789377683,8,0,1
gykh8ja7,14,ss3joq82,228,portfolio,Clearing,1789377683,8,0,1
gykh8ja7,15,5wh6kzb3,228,portfolio,Clearing,1789377683,8,0,1
gykh8ja7,5,oedddvhv,229,portfolio,SyncMarketRound,1789377684,8,0,1
gykh8ja7,6,7q18nnfd,229,portfolio,SyncMarketRound,1789377684,8,0,1
gykh8ja7,7,03zce18q,229,portfolio,SyncMarketRound,1789377684,8,0,1
gykh8ja7,8,wbs0fdl5,229,portfolio,SyncMarketRound,1789377684,8,0,1
gykh8ja7,1,1c9g6x62,229,portfolio,SyncMarketRound,1789377684,8,0,1
gykh8ja7,2,7fakiwkr,229,portfolio,SyncMarketRound,1789377684,8,0,1
gykh8ja7,3,d4zd28hb,229,portfolio,SyncMarketRound,1789377684,8,0,1
gykh8ja7,4,ja5c25rz,229,portfolio,SyncMarketRound,1789377684,8,0,1
gykh8ja7,9,cqrngk2a,229,portfolio,SyncMarketRound,1789377684,8,0,1
gykh8ja7,23,kw7jjs2b,229,portfolio,SyncMarketRound,1789377684,8,0,1
gykh8ja7,10,259xsu1c,229,portfolio,SyncMarketRound,1789377684,8,0,1
gykh8ja7,11,xnss4pg0,229,portfolio,SyncMarketRound,1789377684,8,0,1
gykh8ja7,12,5seuckqb,229,portfolio,SyncMarketRound,1789377684,8,0,1
gykh8ja7,21,vlvkdjz0,229,portfolio,SyncMarketRound,1789377684,8,0,1
gykh8ja7,16,kh2preog,229,portfolio,SyncMarketRound,1789377684,8,0,1
gykh8ja7,22,9n1v1smg,229,portfolio,SyncMarketRound,1789377684,8,0,1
gykh8ja7,24,pop23w57,229,portfolio,SyncMarketRound,1789377684,8,0,1
gykh8ja7,13,hdnqitby,229,portfolio,SyncMarketRound,1789377684,8,0,1
gykh8ja7,14,ss3joq82,229,portfolio,SyncMarketRound,1789377684,8,0,1
gykh8ja7,17,ao798wr7,229,portfolio,SyncMarketRound,1789377684,8,0,1
gykh8ja7,18,3788h5gm,229,portfolio,SyncMarketRound,1789377684,8,0,1
gykh8ja7,19,dk85qrmf,229,portfolio,SyncMarketRound,1789377684,8,0,1
gykh8ja7,20,qruijzzl,229,portfolio,SyncMarketRound,1789377684,8,0,1
gykh8ja7,25,cbc0ayyd,229,portfolio,SyncMarketRound,1789377684,8,0,1
gykh8ja7,15,5wh6kzb3,229,portfolio,SyncMarketRound,1789377684,8,0,1
gykh8ja7,8,wbs0fdl5,248,portfolio,PageBidExperience,1789377702,9,0,0
gykh8ja7,5,oedddvhv,248,portfolio,PageBidExperience,1789377702,9,0,0
gykh8ja7,16,kh2preog,248,portfolio,PageBidExperience,1789377704,9,0,0
gykh8ja7,25,cbc0ayyd,248,portfolio,PageBidExperience,1789377704,9,0,0
gykh8ja7,6,7q18nnfd,248,portfolio,PageBidExperience,1789377706,9,0,0
gykh8ja7,22,9n1v1smg,248,portfolio,PageBidExperience,1789377709,9,0,0
gykh8ja7,17,ao798wr7,248,portfolio,PageBidExperience,1789377710,9,0,0
gykh8ja7,1,1c9g6x62,248,portfolio,PageBidExperience,1789377710,9,0,0
gykh8ja7,23,kw7jjs2b,248,portfolio,PageBidExperience,1789377713,9,0,0
gykh8ja7,15,5wh6kzb3,248,portfolio,PageBidExperience,1789377714,9,0,0
gykh8ja7,10,259xsu1c,248,portfolio,PageBidExperience,1789377715,9,0,0
gykh8ja7,18,3788h5gm,248,portfolio,PageBidExperience,1789377718,9,0,0
gykh8ja7,14,ss3joq82,248,portfolio,PageBidExperience,1789377719,9,0,0
gykh8ja7,20,qruijzzl,248,portfolio,PageBidExperience,1789377719,9,0,0
gykh8ja7,7,03zce18q,248,portfolio,PageBidExperience,1789377720,9,0,0
gykh8ja7,21,vlvkdjz0,248,portfolio,PageBidExperience,1789377720,9,0,0
gykh8ja7,4,ja5c25rz,248,portfolio,PageBidExperience,1789377722,9,0,0
gykh8ja7,19,dk85qrmf,248,portfolio,PageBidExperience,1789377725,9,0,0
gykh8ja7,16,kh2preog,257,portfolio,Clearing,1789377725,9,0,1
gykh8ja7,17,ao798wr7,257,portfolio,Clearing,1789377725,9,0,1
gykh8ja7,18,3788h5gm,257,portfolio,Clearing,1789377725,9,0,1
gykh8ja7,19,dk85qrmf,257,portfolio,Clearing,1789377725,9,0,1
gykh8ja7,20,qruijzzl,257,portfolio,Clearing,1789377725,9,0,1
gykh8ja7,3,d4zd28hb,248,portfolio,PageBidExperience,1789377729,9,0,0
gykh8ja7,12,5seuckqb,248,portfolio,PageBidExperience,1789377729,9,0,0
gykh8ja7,24,pop23w57,248,portfolio,PageBidExperience,1789377731,9,0,0
gykh8ja7,21,vlvkdjz0,257,portfolio,Clearing,1789377731,9,0,1
gykh8ja7,22,9n1v1smg,257,portfolio,Clearing,1789377731,9,0,1
gykh8ja7,23,kw7jjs2b,257,portfolio,Clearing,1789377731,9,0,1
gykh8ja7,24,pop23w57,257,portfolio,Clearing,1789377731,9,0,1
gykh8ja7,25,cbc0ayyd,257,portfolio,Clearing,1789377731,9,0,1
gykh8ja7,2,7fakiwkr,248,portfolio,PageBidExperience,1789377732,9,0,0
gykh8ja7,1,1c9g6x62,257,portfolio,Clearing,1789377732,9,0,1
gykh8ja7,2,7fakiwkr,257,portfolio,Clearing,1789377732,9,0,1
gykh8ja7,3,d4zd28hb,257,portfolio,Clearing,1789377732,9,0,1
gykh8ja7,4,ja5c25rz,257,portfolio,Clearing,1789377732,9,0,1
gykh8ja7,5,oedddvhv,257,portfolio,Clearing,1789377732,9,0,1
gykh8ja7,13,hdnqitby,248,portfolio,PageBidExperience,1789377733,9,0,0
gykh8ja7,11,xnss4pg0,248,portfolio,PageBidExperience,1789377734,9,0,0
gykh8ja7,11,xnss4pg0,257,portfolio,Clearing,1789377734,9,0,1
gykh8ja7,12,5seuckqb,257,portfolio,Clearing,1789377734,9,0,1
gykh8ja7,13,hdnqitby,257,portfolio,Clearing,1789377734,9,0,1
gykh8ja7,14,ss3joq82,257,portfolio,Clearing,1789377734,9,0,1
gykh8ja7,15,5wh6kzb3,257,portfolio,Clearing,1789377734,9,0,1
gykh8ja7,9,cqrngk2a,248,portfolio,PageBidExperience,1789377750,9,0,0
gykh8ja7,6,7q18nnfd,257,portfolio,Clearing,1789377751,9,0,1
gykh8ja7,7,03zce18q,257,portfolio,Clearing,1789377751,9,0,1
gykh8ja7,8,wbs0fdl5,257,portfolio,Clearing,1789377751,9,0,1
gykh8ja7,9,cqrngk2a,257,portfolio,Clearing,1789377751,9,0,1
gykh8ja7,10,259xsu1c,257,portfolio,Clearing,1789377751,9,0,1
gykh8ja7,6,7q18nnfd,258,portfolio,SyncMarketRound,1789377751,9,0,1
gykh8ja7,11,xnss4pg0,258,portfolio,SyncMarketRound,1789377751,9,0,1
gykh8ja7,1,1c9g6x62,258,portfolio,SyncMarketRound,1789377751,9,0,1
gykh8ja7,7,03zce18q,258,portfolio,SyncMarketRound,1789377751,9,0,1
gykh8ja7,12,5seuckqb,258,portfolio,SyncMarketRound,1789377751,9,0,1
gykh8ja7,2,7fakiwkr,258,portfolio,SyncMarketRound,1789377751,9,0,1
gykh8ja7,8,wbs0fdl5,258,portfolio,SyncMarketRound,1789377751,9,0,1
gykh8ja7,3,d4zd28hb,258,portfolio,SyncMarketRound,1789377751,9,0,1
gykh8ja7,9,cqrngk2a,258,portfolio,SyncMarketRound,1789377751,9,0,1
gykh8ja7,21,vlvkdjz0,258,portfolio,SyncMarketRound,1789377751,9,0,1
gykh8ja7,4,ja5c25rz,258,portfolio,SyncMarketRound,1789377751,9,0,1
gykh8ja7,13,hdnqitby,258,portfolio,SyncMarketRound,1789377751,9,0,1
gykh8ja7,22,9n1v1smg,258,portfolio,SyncMarketRound,1789377751,9,0,1
gykh8ja7,16,kh2preog,258,portfolio,SyncMarketRound,1789377751,9,0,1
gykh8ja7,17,ao798wr7,258,portfolio,SyncMarketRound,1789377751,9,0,1
gykh8ja7,18,3788h5gm,258,portfolio,SyncMarketRound,1789377751,9,0,1
gykh8ja7,19,dk85qrmf,258,portfolio,SyncMarketRound,1789377751,9,0,1
gykh8ja7,23,kw7jjs2b,258,portfolio,SyncMarketRound,1789377751,9,0,1
gykh8ja7,24,pop23w57,258,portfolio,SyncMarketRound,1789377751,9,0,1
gykh8ja7,25,cbc0ayyd,258,portfolio,SyncMarketRound,1789377751,9,0,1
gykh8ja7,14,ss3joq82,258,portfolio,SyncMarketRound,1789377751,9,0,1
gykh8ja7,15,5wh6kzb3,258,portfolio,SyncMarketRound,1789377751,9,0,1
gykh8ja7,10,259xsu1c,258,portfolio,SyncMarketRound,1789377751,9,0,1
gykh8ja7,20,qruijzzl,258,portfolio,SyncMarketRound,1789377751,9,0,1
gykh8ja7,5,oedddvhv,258,portfolio,SyncMarketRound,1789377751,9,0,1
gykh8ja7,5,oedddvhv,277,portfolio,PageBidExperience,1789377767,10,0,0
gykh8ja7,6,7q18nnfd,277,portfolio,PageBidExperience,1789377767,10,0,0
gykh8ja7,16,kh2preog,277,portfolio,PageBidExperience,1789377771,10,0,0
gykh8ja7,25,cbc0ayyd,277,portfolio,PageBidExperience,1789377772,10,0,0
gykh8ja7,22,9n1v1smg,277,portfolio,PageBidExperience,1789377772,10,0,0
gykh8ja7,18,3788h5gm,277,portfolio,PageBidExperience,1789377774,10,0,0
gykh8ja7,17,ao798wr7,277,portfolio,PageBidExperience,1789377774,10,0,0
gykh8ja7,11,xnss4pg0,277,portfolio,PageBidExperience,1789377775,10,0,0
gykh8ja7,15,5wh6kzb3,277,portfolio,PageBidExperience,1789377776,10,0,0
gykh8ja7,13,hdnqitby,277,portfolio,PageBidExperience,1789377777,10,0,0
gykh8ja7,24,pop23w57,277,portfolio,PageBidExperience,1789377777,10,0,0
gykh8ja7,20,qruijzzl,277,portfolio,PageBidExperience,1789377778,10,0,0
gykh8ja7,12,5seuckqb,277,portfolio,PageBidExperience,1789377779,10,0,0
gykh8ja7,21,vlvkdjz0,277,portfolio,PageBidExperience,1789377780,10,0,0
gykh8ja7,3,d4zd28hb,277,portfolio,PageBidExperience,1789377780,10,0,0
gykh8ja7,10,259xsu1c,277,portfolio,PageBidExperience,1789377787,10,0,0
gykh8ja7,4,ja5c25rz,277,portfolio,PageBidExperience,1789377788,10,0,0
gykh8ja7,23,kw7jjs2b,277,portfolio,PageBidExperience,1789377790,10,0,0
gykh8ja7,21,vlvkdjz0,286,portfolio,Clearing,1789377791,10,0,1
gykh8ja7,22,9n1v1smg,286,portfolio,Clearing,1789377791,10,0,1
gykh8ja7,23,kw7jjs2b,286,portfolio,Clearing,1789377791,10,0,1
gykh8ja7,24,pop23w57,286,portfolio,Clearing,1789377791,10,0,1
gykh8ja7,25,cbc0ayyd,286,portfolio,Clearing,1789377791,10,0,1
gykh8ja7,9,cqrngk2a,277,portfolio,PageBidExperience,1789377795,10,0,0
gykh8ja7,1,1c9g6x62,277,portfolio,PageBidExperience,1789377796,10,0,0
gykh8ja7,14,ss3joq82,277,portfolio,PageBidExperience,1789377802,10,0,0
gykh8ja7,11,xnss4pg0,286,portfolio,Clearing,1789377803,10,0,1
gykh8ja7,12,5seuckqb,286,portfolio,Clearing,1789377803,10,0,1
gykh8ja7,13,hdnqitby,286,portfolio,Clearing,1789377803,10,0,1
gykh8ja7,14,ss3joq82,286,portfolio,Clearing,1789377803,10,0,1
gykh8ja7,15,5wh6kzb3,286,portfolio,Clearing,1789377803,10,0,1
gykh8ja7,7,03zce18q,277,portfolio,PageBidExperience,1789377806,10,0,0
gykh8ja7,8,wbs0fdl5,277,portfolio,PageBidExperience,1789377810,10,0,0
gykh8ja7,6,7q18nnfd,286,portfolio,Clearing,1789377811,10,0,1
gykh8ja7,7,03zce18q,286,portfolio,Clearing,1789377811,10,0,1
gykh8ja7,8,wbs0fdl5,286,portfolio,Clearing,1789377811,10,0,1
gykh8ja7,9,cqrngk2a,286,portfolio,Clearing,1789377811,10,0,1
gykh8ja7,10,259xsu1c,286,portfolio,Clearing,1789377811,10,0,1
gykh8ja7,19,dk85qrmf,277,portfolio,PageBidExperience,1789377812,10,0,0
gykh8ja7,17,ao798wr7,286,portfolio,Clearing,1789377812,10,0,1
gykh8ja7,18,3788h5gm,286,portfolio,Clearing,1789377812,10,0,1
gykh8ja7,19,dk85qrmf,286,portfolio,Clearing,1789377812,10,0,1
gykh8ja7,20,qruijzzl,286,portfolio,Clearing,1789377812,10,0,1
gykh8ja7,16,kh2preog,286,portfolio,Clearing,1789377812,10,0,1
gykh8ja7,2,7fakiwkr,277,portfolio,PageBidExperience,1789377824,10,0,0
gykh8ja7,2,7fakiwkr,286,portfolio,Clearing,1789377825,10,0,1
gykh8ja7,1,1c9g6x62,286,portfolio,Clearing,1789377825,10,0,1
gykh8ja7,3,d4zd28hb,286,portfolio,Clearing,1789377825,10,0,1
gykh8ja7,4,ja5c25rz,286,portfolio,Clearing,1789377825,10,0,1
gykh8ja7,5,oedddvhv,286,portfolio,Clearing,1789377825,10,0,1
gykh8ja7,2,7fakiwkr,287,portfolio,SyncMarketRound,1789377826,10,0,1
gykh8ja7,6,7q18nnfd,287,portfolio,SyncMarketRound,1789377826,10,0,1
gykh8ja7,1,1c9g6x62,287,portfolio,SyncMarketRound,1789377826,10,0,1
gykh8ja7,3,d4zd28hb,287,portfolio,SyncMarketRound,1789377826,10,0,1
gykh8ja7,4,ja5c25rz,287,portfolio,SyncMarketRound,1789377826,10,0,1
gykh8ja7,5,oedddvhv,287,portfolio,SyncMarketRound,1789377826,10,0,1
gykh8ja7,17,ao798wr7,287,portfolio,SyncMarketRound,1789377826,10,0,1
gykh8ja7,18,3788h5gm,287,portfolio,SyncMarketRound,1789377826,10,0,1
gykh8ja7,7,03zce18q,287,portfolio,SyncMarketRound,1789377826,10,0,1
gykh8ja7,8,wbs0fdl5,287,portfolio,SyncMarketRound,1789377826,10,0,1
gykh8ja7,9,cqrngk2a,287,portfolio,SyncMarketRound,1789377826,10,0,1
gykh8ja7,11,xnss4pg0,287,portfolio,SyncMarketRound,1789377826,10,0,1
gykh8ja7,19,dk85qrmf,287,portfolio,SyncMarketRound,1789377826,10,0,1
gykh8ja7,12,5seuckqb,287,portfolio,SyncMarketRound,1789377826,10,0,1
gykh8ja7,21,vlvkdjz0,287,portfolio,SyncMarketRound,1789377826,10,0,1
gykh8ja7,13,hdnqitby,287,portfolio,SyncMarketRound,1789377826,10,0,1
gykh8ja7,14,ss3joq82,287,portfolio,SyncMarketRound,1789377826,10,0,1
gykh8ja7,10,259xsu1c,287,portfolio,SyncMarketRound,1789377826,10,0,1
gykh8ja7,20,qruijzzl,287,portfolio,SyncMarketRound,1789377826,10,0,1
gykh8ja7,22,9n1v1smg,287,portfolio,SyncMarketRound,1789377826,10,0,1
gykh8ja7,23,kw7jjs2b,287,portfolio,SyncMarketRound,1789377826,10,0,1
gykh8ja7,24,pop23w57,287,portfolio,SyncMarketRound,1789377826,10,0,1
gykh8ja7,25,cbc0ayyd,287,portfolio,SyncMarketRound,1789377826,10,0,1
gykh8ja7,15,5wh6kzb3,287,portfolio,SyncMarketRound,1789377826,10,0,1
gykh8ja7,16,kh2preog,287,portfolio,SyncMarketRound,1789377826,10,0,1
gykh8ja7,16,kh2preog,288,portfolio,PageHistoryExperience,1789377832,10,0,0
gykh8ja7,6,7q18nnfd,288,portfolio,PageHistoryExperience,1789377832,10,0,0
gykh8ja7,19,dk85qrmf,288,portfolio,PageHistoryExperience,1789377833,10,0,0
gykh8ja7,14,ss3joq82,288,portfolio,PageHistoryExperience,1789377834,10,0,0
gykh8ja7,16,kh2preog,307,portfolio,InstructionsGender,1789377834,11,0,0
gykh8ja7,25,cbc0ayyd,288,portfolio,PageHistoryExperience,1789377834,10,0,0
gykh8ja7,22,9n1v1smg,288,portfolio,PageHistoryExperience,1789377835,10,0,0
gykh8ja7,23,kw7jjs2b,288,portfolio,PageHistoryExperience,1789377836,10,0,0
gykh8ja7,17,ao798wr7,288,portfolio,PageHistoryExperience,1789377836,10,0,0
gykh8ja7,2,7fakiwkr,288,portfolio,PageHistoryExperience,1789377836,10,0,0
gykh8ja7,12,5seuckqb,288,portfolio,PageHistoryExperience,1789377837,10,0,0
gykh8ja7,6,7q18nnfd,307,portfolio,InstructionsGender,1789377838,11,0,0
gykh8ja7,1,1c9g6x62,288,portfolio,PageHistoryExperience,1789377838,10,0,0
gykh8ja7,22,9n1v1smg,307,portfolio,InstructionsGender,1789377839,11,0,0
gykh8ja7,3,d4zd28hb,288,portfolio,PageHistoryExperience,1789377840,10,0,0
gykh8ja7,12,5seuckqb,307,portfolio,InstructionsGender,1789377840,11,0,0
gykh8ja7,17,ao798wr7,307,portfolio,InstructionsGender,1789377840,11,0,0
gykh8ja7,11,xnss4pg0,288,portfolio,PageHistoryExperience,1789377840,10,0,0
gykh8ja7,5,oedddvhv,288,portfolio,PageHistoryExperience,1789377840,10,0,0
gykh8ja7,25,cbc0ayyd,307,portfolio,InstructionsGender,1789377841,11,0,0
gykh8ja7,19,dk85qrmf,307,portfolio,InstructionsGender,1789377841,11,0,0
gykh8ja7,24,pop23w57,288,portfolio,PageHistoryExperience,1789377841,10,0,0
gykh8ja7,1,1c9g6x62,307,portfolio,InstructionsGender,1789377841,11,0,0
gykh8ja7,21,vlvkdjz0,288,portfolio,PageHistoryExperience,1789377842,10,0,0
gykh8ja7,11,xnss4pg0,307,portfolio,InstructionsGender,1789377843,11,0,0
gykh8ja7,14,ss3joq82,307,portfolio,InstructionsGender,1789377844,11,0,0
gykh8ja7,23,kw7jjs2b,307,portfolio,InstructionsGender,1789377845,11,0,0
gykh8ja7,3,d4zd28hb,307,portfolio,InstructionsGender,1789377845,11,0,0
gykh8ja7,4,ja5c25rz,288,portfolio,PageHistoryExperience,1789377845,10,0,0
gykh8ja7,18,3788h5gm,288,portfolio,PageHistoryExperience,1789377845,10,0,0
gykh8ja7,5,oedddvhv,307,portfolio,InstructionsGender,1789377846,11,0,0
gykh8ja7,25,cbc0ayyd,308,portfolio,Page2GenderExp,1789377846,11,0,0
gykh8ja7,16,kh2preog,308,portfolio,Page2GenderExp,1789377846,11,0,0
gykh8ja7,7,03zce18q,288,portfolio,PageHistoryExperience,1789377846,10,0,0
gykh8ja7,19,dk85qrmf,308,portfolio,Page2GenderExp,1789377849,11,0,0
gykh8ja7,15,5wh6kzb3,288,portfolio,PageHistoryExperience,1789377850,10,0,0
gykh8ja7,22,9n1v1smg,308,portfolio,Page2GenderExp,1789377852,11,0,0
gykh8ja7,21,vlvkdjz0,307,portfolio,InstructionsGender,1789377852,11,0,0
gykh8ja7,6,7q18nnfd,308,portfolio,Page2GenderExp,1789377852,11,0,0
gykh8ja7,20,qruijzzl,288,portfolio,PageHistoryExperience,1789377853,10,0,0
gykh8ja7,5,oedddvhv,308,portfolio,Page2GenderExp,1789377854,11,0,0
gykh8ja7,20,qruijzzl,307,portfolio,InstructionsGender,1789377855,11,0,0
gykh8ja7,12,5seuckqb,308,portfolio,Page2GenderExp,1789377855,11,0,0
gykh8ja7,7,03zce18q,307,portfolio,InstructionsGender,1789377855,11,0,0
gykh8ja7,13,hdnqitby,288,portfolio,PageHistoryExperience,1789377856,10,0,0
gykh8ja7,1,1c9g6x62,308,portfolio,Page2GenderExp,1789377856,11,0,0
gykh8ja7,17,ao798wr7,308,portfolio,Page2GenderExp,1789377858,11,0,0
gykh8ja7,2,7fakiwkr,307,portfolio,InstructionsGender,1789377858,11,0,0
gykh8ja7,8,wbs0fdl5,288,portfolio,PageHistoryExperience,1789377858,10,0,0
gykh8ja7,4,ja5c25rz,307,portfolio,InstructionsGender,1789377859,11,0,0
gykh8ja7,23,kw7jjs2b,308,portfolio,Page2GenderExp,1789377859,11,0,0
gykh8ja7,18,3788h5gm,307,portfolio,InstructionsGender,1789377861,11,0,0
gykh8ja7,13,hdnqitby,307,portfolio,InstructionsGender,1789377863,11,0,0
gykh8ja7,3,d4zd28hb,308,portfolio,Page2GenderExp,1789377863,11,0,0
gykh8ja7,24,pop23w57,307,portfolio,InstructionsGender,1789377864,11,0,0
gykh8ja7,9,cqrngk2a,288,portfolio,PageHistoryExperience,1789377865,10,0,0
gykh8ja7,20,qruijzzl,308,portfolio,Page2GenderExp,1789377867,11,0,0
gykh8ja7,8,wbs0fdl5,307,portfolio,InstructionsGender,1789377868,11,0,0
gykh8ja7,15,5wh6kzb3,307,portfolio,InstructionsGender,1789377868,11,0,0
gykh8ja7,11,xnss4pg0,308,portfolio,Page2GenderExp,1789377870,11,0,0
gykh8ja7,2,7fakiwkr,308,portfolio,Page2GenderExp,1789377871,11,0,0
gykh8ja7,13,hdnqitby,308,portfolio,Page2GenderExp,1789377873,11,0,0
gykh8ja7,8,wbs0fdl5,308,portfolio,Page2GenderExp,1789377877,11,0,0
gykh8ja7,21,vlvkdjz0,308,portfolio,Page2GenderExp,1789377878,11,0,0
gykh8ja7,4,ja5c25rz,308,portfolio,Page2GenderExp,1789377879,11,0,0
gykh8ja7,7,03zce18q,308,portfolio,Page2GenderExp,1789377883,11,0,0
gykh8ja7,18,3788h5gm,308,portfolio,Page2GenderExp,1789377885,11,0,0
gykh8ja7,14,ss3joq82,308,portfolio,Page2GenderExp,1789377888,11,0,0
gykh8ja7,15,5wh6kzb3,308,portfolio,Page2GenderExp,1789377892,11,0,0
gykh8ja7,24,pop23w57,308,portfolio,Page2GenderExp,1789377895,11,0,0
gykh8ja7,9,cqrngk2a,307,portfolio,InstructionsGender,1789377900,11,0,0
gykh8ja7,10,259xsu1c,288,portfolio,PageHistoryExperience,1789377914,10,0,0
gykh8ja7,10,259xsu1c,307,portfolio,InstructionsGender,1789377932,11,0,0
gykh8ja7,10,259xsu1c,308,portfolio,Page2GenderExp,1789377942,11,0,0
gykh8ja7,9,cqrngk2a,308,portfolio,Page2GenderExp,1789378008,11,0,0
gykh8ja7,25,cbc0ayyd,309,portfolio,SyncGenderAllocation,1789378008,11,0,1
gykh8ja7,16,kh2preog,309,portfolio,SyncGenderAllocation,1789378008,11,0,1
gykh8ja7,19,dk85qrmf,309,portfolio,SyncGenderAllocation,1789378008,11,0,1
gykh8ja7,22,9n1v1smg,309,portfolio,SyncGenderAllocation,1789378008,11,0,1
gykh8ja7,6,7q18nnfd,309,portfolio,SyncGenderAllocation,1789378008,11,0,1
gykh8ja7,5,oedddvhv,309,portfolio,SyncGenderAllocation,1789378008,11,0,1
gykh8ja7,12,5seuckqb,309,portfolio,SyncGenderAllocation,1789378008,11,0,1
gykh8ja7,1,1c9g6x62,309,portfolio,SyncGenderAllocation,1789378008,11,0,1
gykh8ja7,17,ao798wr7,309,portfolio,SyncGenderAllocation,1789378008,11,0,1
gykh8ja7,23,kw7jjs2b,309,portfolio,SyncGenderAllocation,1789378008,11,0,1
gykh8ja7,3,d4zd28hb,309,portfolio,SyncGenderAllocation,1789378008,11,0,1
gykh8ja7,20,qruijzzl,309,portfolio,SyncGenderAllocation,1789378008,11,0,1
gykh8ja7,11,xnss4pg0,309,portfolio,SyncGenderAllocation,1789378008,11,0,1
gykh8ja7,2,7fakiwkr,309,portfolio,SyncGenderAllocation,1789378008,11,0,1
gykh8ja7,13,hdnqitby,309,portfolio,SyncGenderAllocation,1789378008,11,0,1
gykh8ja7,8,wbs0fdl5,309,portfolio,SyncGenderAllocation,1789378008,11,0,1
gykh8ja7,21,vlvkdjz0,309,portfolio,SyncGenderAllocation,1789378008,11,0,1
gykh8ja7,4,ja5c25rz,309,portfolio,SyncGenderAllocation,1789378008,11,0,1
gykh8ja7,7,03zce18q,309,portfolio,SyncGenderAllocation,1789378008,11,0,1
gykh8ja7,18,3788h5gm,309,portfolio,SyncGenderAllocation,1789378008,11,0,1
gykh8ja7,14,ss3joq82,309,portfolio,SyncGenderAllocation,1789378008,11,0,1
gykh8ja7,15,5wh6kzb3,309,portfolio,SyncGenderAllocation,1789378008,11,0,1
gykh8ja7,24,pop23w57,309,portfolio,SyncGenderAllocation,1789378008,11,0,1
gykh8ja7,10,259xsu1c,309,portfolio,SyncGenderAllocation,1789378008,11,0,1
gykh8ja7,9,cqrngk2a,309,portfolio,SyncGenderAllocation,1789378008,11,0,1
gykh8ja7,22,9n1v1smg,310,portfolio,PageBeliefElicitation,1789378034,11,0,0
gykh8ja7,25,cbc0ayyd,310,portfolio,PageBeliefElicitation,1789378038,11,0,0
gykh8ja7,14,ss3joq82,310,portfolio,PageBeliefElicitation,1789378040,11,0,0
gykh8ja7,11,xnss4pg0,310,portfolio,PageBeliefElicitation,1789378042,11,0,0
gykh8ja7,10,259xsu1c,310,portfolio,PageBeliefElicitation,1789378043,11,0,0
gykh8ja7,15,5wh6kzb3,310,portfolio,PageBeliefElicitation,1789378045,11,0,0
gykh8ja7,20,qruijzzl,310,portfolio,PageBeliefElicitation,1789378045,11,0,0
gykh8ja7,22,9n1v1smg,311,portfolio,PageOtherBeliefElicitation,1789378047,11,0,0
gykh8ja7,23,kw7jjs2b,310,portfolio,PageBeliefElicitation,1789378047,11,0,0
gykh8ja7,7,03zce18q,310,portfolio,PageBeliefElicitation,1789378048,11,0,0
gykh8ja7,22,9n1v1smg,312,portfolio,TradingRulesGender,1789378050,11,0,0
gykh8ja7,17,ao798wr7,310,portfolio,PageBeliefElicitation,1789378051,11,0,0
gykh8ja7,25,cbc0ayyd,311,portfolio,PageOtherBeliefElicitation,1789378052,11,0,0
gykh8ja7,21,vlvkdjz0,310,portfolio,PageBeliefElicitation,1789378052,11,0,0
gykh8ja7,12,5seuckqb,310,portfolio,PageBeliefElicitation,1789378053,11,0,0
gykh8ja7,25,cbc0ayyd,312,portfolio,TradingRulesGender,1789378055,11,0,0
gykh8ja7,16,kh2preog,310,portfolio,PageBeliefElicitation,1789378057,11,0,0
gykh8ja7,6,7q18nnfd,310,portfolio,PageBeliefElicitation,1789378059,11,0,0
gykh8ja7,20,qruijzzl,311,portfolio,PageOtherBeliefElicitation,1789378060,11,0,0
gykh8ja7,20,qruijzzl,312,portfolio,TradingRulesGender,1789378063,11,0,0
gykh8ja7,4,ja5c25rz,310,portfolio,PageBeliefElicitation,1789378064,11,0,0
gykh8ja7,8,wbs0fdl5,310,portfolio,PageBeliefElicitation,1789378065,11,0,0
gykh8ja7,17,ao798wr7,311,portfolio,PageOtherBeliefElicitation,1789378069,11,0,0
gykh8ja7,18,3788h5gm,310,portfolio,PageBeliefElicitation,1789378069,11,0,0
gykh8ja7,19,dk85qrmf,310,portfolio,PageBeliefElicitation,1789378071,11,0,0
gykh8ja7,3,d4zd28hb,310,portfolio,PageBeliefElicitation,1789378071,11,0,0
gykh8ja7,23,kw7jjs2b,311,portfolio,PageOtherBeliefElicitation,1789378072,11,0,0
gykh8ja7,11,xnss4pg0,311,portfolio,PageOtherBeliefElicitation,1789378072,11,0,0
gykh8ja7,2,7fakiwkr,310,portfolio,PageBeliefElicitation,1789378074,11,0,0
gykh8ja7,11,xnss4pg0,312,portfolio,TradingRulesGender,1789378074,11,0,0
gykh8ja7,14,ss3joq82,311,portfolio,PageOtherBeliefElicitation,1789378074,11,0,0
gykh8ja7,23,kw7jjs2b,312,portfolio,TradingRulesGender,1789378074,11,0,0
gykh8ja7,15,5wh6kzb3,311,portfolio,PageOtherBeliefElicitation,1789378074,11,0,0
gykh8ja7,6,7q18nnfd,311,portfolio,PageOtherBeliefElicitation,1789378074,11,0,0
gykh8ja7,1,1c9g6x62,310,portfolio,PageBeliefElicitation,1789378075,11,0,0
gykh8ja7,16,kh2preog,311,portfolio,PageOtherBeliefElicitation,1789378075,11,0,0
gykh8ja7,17,ao798wr7,312,portfolio,TradingRulesGender,1789378076,11,0,0
gykh8ja7,6,7q18nnfd,312,portfolio,TradingRulesGender,1789378077,11,0,0
gykh8ja7,14,ss3joq82,312,portfolio,TradingRulesGender,1789378078,11,0,0
gykh8ja7,16,kh2preog,312,portfolio,TradingRulesGender,1789378078,11,0,0
gykh8ja7,12,5seuckqb,311,portfolio,PageOtherBeliefElicitation,1789378078,11,0,0
gykh8ja7,15,5wh6kzb3,312,portfolio,TradingRulesGender,1789378079,11,0,0
gykh8ja7,13,hdnqitby,310,portfolio,PageBeliefElicitation,1789378080,11,0,0
gykh8ja7,12,5seuckqb,312,portfolio,TradingRulesGender,1789378081,11,0,0
gykh8ja7,4,ja5c25rz,311,portfolio,PageOtherBeliefElicitation,1789378084,11,0,0
gykh8ja7,5,oedddvhv,310,portfolio,PageBeliefElicitation,1789378085,11,0,0
gykh8ja7,21,vlvkdjz0,311,portfolio,PageOtherBeliefElicitation,1789378089,11,0,0
gykh8ja7,4,ja5c25rz,312,portfolio,TradingRulesGender,1789378092,11,0,0
gykh8ja7,9,cqrngk2a,310,portfolio,PageBeliefElicitation,1789378093,11,0,0
gykh8ja7,21,vlvkdjz0,312,portfolio,TradingRulesGender,1789378093,11,0,0
gykh8ja7,19,dk85qrmf,311,portfolio,PageOtherBeliefElicitation,1789378093,11,0,0
gykh8ja7,8,wbs0fdl5,311,portfolio,PageOtherBeliefElicitation,1789378094,11,0,0
gykh8ja7,1,1c9g6x62,311,portfolio,PageOtherBeliefElicitation,1789378095,11,0,0
gykh8ja7,24,pop23w57,310,portfolio,PageBeliefElicitation,1789378095,11,0,0
gykh8ja7,10,259xsu1c,311,portfolio,PageOtherBeliefElicitation,1789378096,11,0,0
gykh8ja7,19,dk85qrmf,312,portfolio,TradingRulesGender,1789378096,11,0,0
gykh8ja7,13,hdnqitby,311,portfolio,PageOtherBeliefElicitation,1789378098,11,0,0
gykh8ja7,1,1c9g6x62,312,portfolio,TradingRulesGender,1789378099,11,0,0
gykh8ja7,8,wbs0fdl5,312,portfolio,TradingRulesGender,1789378099,11,0,0
gykh8ja7,10,259xsu1c,312,portfolio,TradingRulesGender,1789378100,11,0,0
gykh8ja7,18,3788h5gm,311,portfolio,PageOtherBeliefElicitation,1789378105,11,0,0
gykh8ja7,2,7fakiwkr,311,portfolio,PageOtherBeliefElicitation,1789378112,11,0,0
gykh8ja7,18,3788h5gm,312,portfolio,TradingRulesGender,1789378114,11,0,0
gykh8ja7,2,7fakiwkr,312,portfolio,TradingRulesGender,1789378115,11,0,0
gykh8ja7,3,d4zd28hb,311,portfolio,PageOtherBeliefElicitation,1789378119,11,0,0
gykh8ja7,5,oedddvhv,311,portfolio,PageOtherBeliefElicitation,1789378120,11,0,0
gykh8ja7,3,d4zd28hb,312,portfolio,TradingRulesGender,1789378123,11,0,0
gykh8ja7,13,hdnqitby,312,portfolio,TradingRulesGender,1789378123,11,0,0
gykh8ja7,24,pop23w57,311,portfolio,PageOtherBeliefElicitation,1789378127,11,0,0
gykh8ja7,9,cqrngk2a,311,portfolio,PageOtherBeliefElicitation,1789378136,11,0,0
gykh8ja7,9,cqrngk2a,312,portfolio,TradingRulesGender,1789378146,11,0,0
gykh8ja7,5,oedddvhv,312,portfolio,TradingRulesGender,1789378160,11,0,0
gykh8ja7,7,03zce18q,311,portfolio,PageOtherBeliefElicitation,1789378167,11,0,0
gykh8ja7,7,03zce18q,312,portfolio,TradingRulesGender,1789378180,11,0,0
gykh8ja7,24,pop23w57,312,portfolio,TradingRulesGender,1789378181,11,0,0
gykh8ja7,15,5wh6kzb3,313,portfolio,SyncGenderTradingRules,1789378181,11,0,1
gykh8ja7,9,cqrngk2a,313,portfolio,SyncGenderTradingRules,1789378181,11,0,1
gykh8ja7,5,oedddvhv,313,portfolio,SyncGenderTradingRules,1789378181,11,0,1
gykh8ja7,7,03zce18q,313,portfolio,SyncGenderTradingRules,1789378181,11,0,1
gykh8ja7,20,qruijzzl,313,portfolio,SyncGenderTradingRules,1789378181,11,0,1
gykh8ja7,19,dk85qrmf,313,portfolio,SyncGenderTradingRules,1789378181,11,0,1
gykh8ja7,12,5seuckqb,313,portfolio,SyncGenderTradingRules,1789378181,11,0,1
gykh8ja7,16,kh2preog,313,portfolio,SyncGenderTradingRules,1789378181,11,0,1
gykh8ja7,25,cbc0ayyd,313,portfolio,SyncGenderTradingRules,1789378181,11,0,1
gykh8ja7,23,kw7jjs2b,313,portfolio,SyncGenderTradingRules,1789378181,11,0,1
gykh8ja7,22,9n1v1smg,313,portfolio,SyncGenderTradingRules,1789378181,11,0,1
gykh8ja7,13,hdnqitby,313,portfolio,SyncGenderTradingRules,1789378181,11,0,1
gykh8ja7,6,7q18nnfd,313,portfolio,SyncGenderTradingRules,1789378181,11,0,1
gykh8ja7,4,ja5c25rz,313,portfolio,SyncGenderTradingRules,1789378181,11,0,1
gykh8ja7,17,ao798wr7,313,portfolio,SyncGenderTradingRules,1789378181,11,0,1
gykh8ja7,18,3788h5gm,313,portfolio,SyncGenderTradingRules,1789378181,11,0,1
gykh8ja7,1,1c9g6x62,313,portfolio,SyncGenderTradingRules,1789378181,11,0,1
gykh8ja7,3,d4zd28hb,313,portfolio,SyncGenderTradingRules,1789378181,11,0,1
gykh8ja7,8,wbs0fdl5,313,portfolio,SyncGenderTradingRules,1789378181,11,0,1
gykh8ja7,24,pop23w57,313,portfolio,SyncGenderTradingRules,1789378181,11,0,1
gykh8ja7,10,259xsu1c,313,portfolio,SyncGenderTradingRules,1789378181,11,0,1
gykh8ja7,11,xnss4pg0,313,portfolio,SyncGenderTradingRules,1789378181,11,0,1
gykh8ja7,14,ss3joq82,313,portfolio,SyncGenderTradingRules,1789378181,11,0,1
gykh8ja7,21,vlvkdjz0,313,portfolio,SyncGenderTradingRules,1789378181,11,0,1
gykh8ja7,2,7fakiwkr,313,portfolio,SyncGenderTradingRules,1789378181,11,0,1
gykh8ja7,12,5seuckqb,314,portfolio,PageBidGenderExp,1789378191,11,0,0
gykh8ja7,2,7fakiwkr,314,portfolio,PageBidGenderExp,1789378193,11,0,0
gykh8ja7,17,ao798wr7,314,portfolio,PageBidGenderExp,1789378195,11,0,0
gykh8ja7,22,9n1v1smg,314,portfolio,PageBidGenderExp,1789378195,11,0,0
gykh8ja7,5,oedddvhv,314,portfolio,PageBidGenderExp,1789378197,11,0,0
gykh8ja7,6,7q18nnfd,314,portfolio,PageBidGenderExp,1789378197,11,0,0
gykh8ja7,21,vlvkdjz0,314,portfolio,PageBidGenderExp,1789378197,11,0,0
gykh8ja7,13,hdnqitby,314,portfolio,PageBidGenderExp,1789378197,11,0,0
gykh8ja7,25,cbc0ayyd,314,portfolio,PageBidGenderExp,1789378198,11,0,0
gykh8ja7,11,xnss4pg0,314,portfolio,PageBidGenderExp,1789378199,11,0,0
gykh8ja7,10,259xsu1c,314,portfolio,PageBidGenderExp,1789378201,11,0,0
gykh8ja7,16,kh2preog,314,portfolio,PageBidGenderExp,1789378201,11,0,0
gykh8ja7,8,wbs0fdl5,314,portfolio,PageBidGenderExp,1789378203,11,0,0
gykh8ja7,1,1c9g6x62,314,portfolio,PageBidGenderExp,1789378205,11,0,0
gykh8ja7,18,3788h5gm,314,portfolio,PageBidGenderExp,1789378205,11,0,0
gykh8ja7,15,5wh6kzb3,314,portfolio,PageBidGenderExp,1789378205,11,0,0
gykh8ja7,24,pop23w57,314,portfolio,PageBidGenderExp,1789378206,11,0,0
gykh8ja7,3,d4zd28hb,314,portfolio,PageBidGenderExp,1789378208,11,0,0
gykh8ja7,9,cqrngk2a,314,portfolio,PageBidGenderExp,1789378209,11,0,0
gykh8ja7,7,03zce18q,314,portfolio,PageBidGenderExp,1789378212,11,0,0
gykh8ja7,6,7q18nnfd,315,portfolio,Clearing,1789378212,11,0,1
gykh8ja7,9,cqrngk2a,315,portfolio,Clearing,1789378212,11,0,1
gykh8ja7,7,03zce18q,315,portfolio,Clearing,1789378212,11,0,1
gykh8ja7,8,wbs0fdl5,315,portfolio,Clearing,1789378212,11,0,1
gykh8ja7,10,259xsu1c,315,portfolio,Clearing,1789378212,11,0,1
gykh8ja7,14,ss3joq82,314,portfolio,PageBidGenderExp,1789378213,11,0,0
gykh8ja7,12,5seuckqb,315,portfolio,Clearing,1789378213,11,0,1
gykh8ja7,13,hdnqitby,315,portfolio,Clearing,1789378213,11,0,1
gykh8ja7,15,5wh6kzb3,315,portfolio,Clearing,1789378213,11,0,1
gykh8ja7,11,xnss4pg0,315,portfolio,Clearing,1789378213,11,0,1
gykh8ja7,14,ss3joq82,315,portfolio,Clearing,1789378213,11,0,1
gykh8ja7,4,ja5c25rz,314,portfolio,PageBidGenderExp,1789378219,11,0,0
gykh8ja7,1,1c9g6x62,315,portfolio,Clearing,1789378219,11,0,1
gykh8ja7,3,d4zd28hb,315,portfolio,Clearing,1789378219,11,0,1
gykh8ja7,4,ja5c25rz,315,portfolio,Clearing,1789378219,11,0,1
gykh8ja7,5,oedddvhv,315,portfolio,Clearing,1789378219,11,0,1
gykh8ja7,2,7fakiwkr,315,portfolio,Clearing,1789378219,11,0,1
gykh8ja7,19,dk85qrmf,314,portfolio,PageBidGenderExp,1789378224,11,0,0
gykh8ja7,23,kw7jjs2b,314,portfolio,PageBidGenderExp,1789378226,11,0,0
gykh8ja7,22,9n1v1smg,315,portfolio,Clearing,1789378226,11,0,1
gykh8ja7,23,kw7jjs2b,315,portfolio,Clearing,1789378226,11,0,1
gykh8ja7,24,pop23w57,315,portfolio,Clearing,1789378226,11,0,1
gykh8ja7,25,cbc0ayyd,315,portfolio,Clearing,1789378226,11,0,1
gykh8ja7,21,vlvkdjz0,315,portfolio,Clearing,1789378226,11,0,1
gykh8ja7,20,qruijzzl,314,portfolio,PageBidGenderExp,1789378234,11,0,0
gykh8ja7,16,kh2preog,315,portfolio,Clearing,1789378234,11,0,1
gykh8ja7,17,ao798wr7,315,portfolio,Clearing,1789378234,11,0,1
gykh8ja7,18,3788h5gm,315,portfolio,Clearing,1789378234,11,0,1
gykh8ja7,19,dk85qrmf,315,portfolio,Clearing,1789378234,11,0,1
gykh8ja7,20,qruijzzl,315,portfolio,Clearing,1789378234,11,0,1
gykh8ja7,12,5seuckqb,316,portfolio,SyncMarketRound,1789378235,11,0,1
gykh8ja7,13,hdnqitby,316,portfolio,SyncMarketRound,1789378235,11,0,1
gykh8ja7,6,7q18nnfd,316,portfolio,SyncMarketRound,1789378235,11,0,1
gykh8ja7,16,kh2preog,316,portfolio,SyncMarketRound,1789378235,11,0,1
gykh8ja7,17,ao798wr7,316,portfolio,SyncMarketRound,1789378235,11,0,1
gykh8ja7,15,5wh6kzb3,316,portfolio,SyncMarketRound,1789378235,11,0,1
gykh8ja7,1,1c9g6x62,316,portfolio,SyncMarketRound,1789378235,11,0,1
gykh8ja7,22,9n1v1smg,316,portfolio,SyncMarketRound,1789378235,11,0,1
gykh8ja7,23,kw7jjs2b,316,portfolio,SyncMarketRound,1789378235,11,0,1
gykh8ja7,18,3788h5gm,316,portfolio,SyncMarketRound,1789378235,11,0,1
gykh8ja7,3,d4zd28hb,316,portfolio,SyncMarketRound,1789378235,11,0,1
gykh8ja7,4,ja5c25rz,316,portfolio,SyncMarketRound,1789378235,11,0,1
gykh8ja7,19,dk85qrmf,316,portfolio,SyncMarketRound,1789378235,11,0,1
gykh8ja7,5,oedddvhv,316,portfolio,SyncMarketRound,1789378235,11,0,1
gykh8ja7,9,cqrngk2a,316,portfolio,SyncMarketRound,1789378235,11,0,1
gykh8ja7,24,pop23w57,316,portfolio,SyncMarketRound,1789378235,11,0,1
gykh8ja7,25,cbc0ayyd,316,portfolio,SyncMarketRound,1789378235,11,0,1
gykh8ja7,7,03zce18q,316,portfolio,SyncMarketRound,1789378235,11,0,1
gykh8ja7,8,wbs0fdl5,316,portfolio,SyncMarketRound,1789378235,11,0,1
gykh8ja7,10,259xsu1c,316,portfolio,SyncMarketRound,1789378235,11,0,1
gykh8ja7,11,xnss4pg0,316,portfolio,SyncMarketRound,1789378235,11,0,1
gykh8ja7,14,ss3joq82,316,portfolio,SyncMarketRound,1789378235,11,0,1
gykh8ja7,2,7fakiwkr,316,portfolio,SyncMarketRound,1789378235,11,0,1
gykh8ja7,21,vlvkdjz0,316,portfolio,SyncMarketRound,1789378235,11,0,1
gykh8ja7,20,qruijzzl,316,portfolio,SyncMarketRound,1789378235,11,0,1
gykh8ja7,25,cbc0ayyd,343,portfolio,PageBidGenderExp,1789378254,12,0,0
gykh8ja7,22,9n1v1smg,343,portfolio,PageBidGenderExp,1789378255,12,0,0
gykh8ja7,5,oedddvhv,343,portfolio,PageBidGenderExp,1789378256,12,0,0
gykh8ja7,12,5seuckqb,343,portfolio,PageBidGenderExp,1789378258,12,0,0
gykh8ja7,21,vlvkdjz0,343,portfolio,PageBidGenderExp,1789378260,12,0,0
gykh8ja7,11,xnss4pg0,343,portfolio,PageBidGenderExp,1789378260,12,0,0
gykh8ja7,19,dk85qrmf,343,portfolio,PageBidGenderExp,1789378261,12,0,0
gykh8ja7,6,7q18nnfd,343,portfolio,PageBidGenderExp,1789378262,12,0,0
gykh8ja7,23,kw7jjs2b,343,portfolio,PageBidGenderExp,1789378262,12,0,0
gykh8ja7,16,kh2preog,343,portfolio,PageBidGenderExp,1789378263,12,0,0
gykh8ja7,2,7fakiwkr,343,portfolio,PageBidGenderExp,1789378264,12,0,0
gykh8ja7,14,ss3joq82,343,portfolio,PageBidGenderExp,1789378264,12,0,0
gykh8ja7,13,hdnqitby,343,portfolio,PageBidGenderExp,1789378265,12,0,0
gykh8ja7,18,3788h5gm,343,portfolio,PageBidGenderExp,1789378265,12,0,0
gykh8ja7,3,d4zd28hb,343,portfolio,PageBidGenderExp,1789378268,12,0,0
gykh8ja7,1,1c9g6x62,343,portfolio,PageBidGenderExp,1789378269,12,0,0
gykh8ja7,9,cqrngk2a,343,portfolio,PageBidGenderExp,1789378271,12,0,0
gykh8ja7,17,ao798wr7,343,portfolio,PageBidGenderExp,1789378272,12,0,0
gykh8ja7,20,qruijzzl,343,portfolio,PageBidGenderExp,1789378273,12,0,0
gykh8ja7,24,pop23w57,343,portfolio,PageBidGenderExp,1789378274,12,0,0
gykh8ja7,16,kh2preog,344,portfolio,Clearing,1789378274,12,0,1
gykh8ja7,17,ao798wr7,344,portfolio,Clearing,1789378274,12,0,1
gykh8ja7,18,3788h5gm,344,portfolio,Clearing,1789378274,12,0,1
gykh8ja7,19,dk85qrmf,344,portfolio,Clearing,1789378274,12,0,1
gykh8ja7,20,qruijzzl,344,portfolio,Clearing,1789378274,12,0,1
gykh8ja7,21,vlvkdjz0,344,portfolio,Clearing,1789378274,12,0,1
gykh8ja7,22,9n1v1smg,344,portfolio,Clearing,1789378274,12,0,1
gykh8ja7,24,pop23w57,344,portfolio,Clearing,1789378274,12,0,1
gykh8ja7,23,kw7jjs2b,344,portfolio,Clearing,1789378274,12,0,1
gykh8ja7,25,cbc0ayyd,344,portfolio,Clearing,1789378274,12,0,1
gykh8ja7,15,5wh6kzb3,343,portfolio,PageBidGenderExp,1789378276,12,0,0
gykh8ja7,11,xnss4pg0,344,portfolio,Clearing,1789378276,12,0,1
gykh8ja7,12,5seuckqb,344,portfolio,Clearing,1789378276,12,0,1
gykh8ja7,13,hdnqitby,344,portfolio,Clearing,1789378276,12,0,1
gykh8ja7,14,ss3joq82,344,portfolio,Clearing,1789378276,12,0,1
gykh8ja7,15,5wh6kzb3,344,portfolio,Clearing,1789378276,12,0,1
gykh8ja7,4,ja5c25rz,343,portfolio,PageBidGenderExp,1789378289,12,0,0
gykh8ja7,1,1c9g6x62,344,portfolio,Clearing,1789378290,12,0,1
gykh8ja7,2,7fakiwkr,344,portfolio,Clearing,1789378290,12,0,1
gykh8ja7,3,d4zd28hb,344,portfolio,Clearing,1789378290,12,0,1
gykh8ja7,5,oedddvhv,344,portfolio,Clearing,1789378290,12,0,1
gykh8ja7,4,ja5c25rz,344,portfolio,Clearing,1789378290,12,0,1
gykh8ja7,8,wbs0fdl5,343,portfolio,PageBidGenderExp,1789378301,12,0,0
gykh8ja7,7,03zce18q,343,portfolio,PageBidGenderExp,1789378302,12,0,0
gykh8ja7,10,259xsu1c,343,portfolio,PageBidGenderExp,1789378303,12,0,0
gykh8ja7,6,7q18nnfd,344,portfolio,Clearing,1789378303,12,0,1
gykh8ja7,7,03zce18q,344,portfolio,Clearing,1789378303,12,0,1
gykh8ja7,8,wbs0fdl5,344,portfolio,Clearing,1789378303,12,0,1
gykh8ja7,9,cqrngk2a,344,portfolio,Clearing,1789378303,12,0,1
gykh8ja7,10,259xsu1c,344,portfolio,Clearing,1789378303,12,0,1
gykh8ja7,1,1c9g6x62,345,portfolio,SyncMarketRound,1789378304,12,0,1
gykh8ja7,2,7fakiwkr,345,portfolio,SyncMarketRound,1789378304,12,0,1
gykh8ja7,3,d4zd28hb,345,portfolio,SyncMarketRound,1789378304,12,0,1
gykh8ja7,5,oedddvhv,345,portfolio,SyncMarketRound,1789378304,12,0,1
gykh8ja7,4,ja5c25rz,345,portfolio,SyncMarketRound,1789378304,12,0,1
gykh8ja7,11,xnss4pg0,345,portfolio,SyncMarketRound,1789378304,12,0,1
gykh8ja7,21,vlvkdjz0,345,portfolio,SyncMarketRound,1789378304,12,0,1
gykh8ja7,22,9n1v1smg,345,portfolio,SyncMarketRound,1789378304,12,0,1
gykh8ja7,6,7q18nnfd,345,portfolio,SyncMarketRound,1789378304,12,0,1
gykh8ja7,24,pop23w57,345,portfolio,SyncMarketRound,1789378304,12,0,1
gykh8ja7,12,5seuckqb,345,portfolio,SyncMarketRound,1789378304,12,0,1
gykh8ja7,13,hdnqitby,345,portfolio,SyncMarketRound,1789378304,12,0,1
gykh8ja7,14,ss3joq82,345,portfolio,SyncMarketRound,1789378304,12,0,1
gykh8ja7,16,kh2preog,345,portfolio,SyncMarketRound,1789378304,12,0,1
gykh8ja7,15,5wh6kzb3,345,portfolio,SyncMarketRound,1789378304,12,0,1
gykh8ja7,7,03zce18q,345,portfolio,SyncMarketRound,1789378304,12,0,1
gykh8ja7,8,wbs0fdl5,345,portfolio,SyncMarketRound,1789378304,12,0,1
gykh8ja7,9,cqrngk2a,345,portfolio,SyncMarketRound,1789378304,12,0,1
gykh8ja7,10,259xsu1c,345,portfolio,SyncMarketRound,1789378304,12,0,1
gykh8ja7,23,kw7jjs2b,345,portfolio,SyncMarketRound,1789378304,12,0,1
gykh8ja7,17,ao798wr7,345,portfolio,SyncMarketRound,1789378304,12,0,1
gykh8ja7,18,3788h5gm,345,portfolio,SyncMarketRound,1789378304,12,0,1
gykh8ja7,19,dk85qrmf,345,portfolio,SyncMarketRound,1789378304,12,0,1
gykh8ja7,20,qruijzzl,345,portfolio,SyncMarketRound,1789378304,12,0,1
gykh8ja7,25,cbc0ayyd,345,portfolio,SyncMarketRound,1789378304,12,0,1
gykh8ja7,6,7q18nnfd,372,portfolio,PageBidGenderExp,1789378321,13,0,0
gykh8ja7,22,9n1v1smg,372,portfolio,PageBidGenderExp,1789378321,13,0,0
gykh8ja7,16,kh2preog,372,portfolio,PageBidGenderExp,1789378322,13,0,0
gykh8ja7,25,cbc0ayyd,372,portfolio,PageBidGenderExp,1789378324,13,0,0
gykh8ja7,2,7fakiwkr,372,portfolio,PageBidGenderExp,1789378326,13,0,0
gykh8ja7,12,5seuckqb,372,portfolio,PageBidGenderExp,1789378326,13,0,0
gykh8ja7,20,qruijzzl,372,portfolio,PageBidGenderExp,1789378327,13,0,0
gykh8ja7,23,kw7jjs2b,372,portfolio,PageBidGenderExp,1789378327,13,0,0
gykh8ja7,11,xnss4pg0,372,portfolio,PageBidGenderExp,1789378330,13,0,0
gykh8ja7,3,d4zd28hb,372,portfolio,PageBidGenderExp,1789378331,13,0,0
gykh8ja7,24,pop23w57,372,portfolio,PageBidGenderExp,1789378333,13,0,0
gykh8ja7,14,ss3joq82,372,portfolio,PageBidGenderExp,1789378333,13,0,0
gykh8ja7,13,hdnqitby,372,portfolio,PageBidGenderExp,1789378333,13,0,0
gykh8ja7,19,dk85qrmf,372,portfolio,PageBidGenderExp,1789378334,13,0,0
gykh8ja7,15,5wh6kzb3,372,portfolio,PageBidGenderExp,1789378335,13,0,0
gykh8ja7,11,xnss4pg0,373,portfolio,Clearing,1789378335,13,0,1
gykh8ja7,12,5seuckqb,373,portfolio,Clearing,1789378335,13,0,1
gykh8ja7,13,hdnqitby,373,portfolio,Clearing,1789378335,13,0,1
gykh8ja7,14,ss3joq82,373,portfolio,Clearing,1789378335,13,0,1
gykh8ja7,15,5wh6kzb3,373,portfolio,Clearing,1789378335,13,0,1
gykh8ja7,18,3788h5gm,372,portfolio,PageBidGenderExp,1789378336,13,0,0
gykh8ja7,1,1c9g6x62,372,portfolio,PageBidGenderExp,1789378338,13,0,0
gykh8ja7,9,cqrngk2a,372,portfolio,PageBidGenderExp,1789378339,13,0,0
gykh8ja7,5,oedddvhv,372,portfolio,PageBidGenderExp,1789378342,13,0,0
gykh8ja7,4,ja5c25rz,372,portfolio,PageBidGenderExp,1789378345,13,0,0
gykh8ja7,5,oedddvhv,373,portfolio,Clearing,1789378345,13,0,1
gykh8ja7,1,1c9g6x62,373,portfolio,Clearing,1789378345,13,0,1
gykh8ja7,2,7fakiwkr,373,portfolio,Clearing,1789378345,13,0,1
gykh8ja7,3,d4zd28hb,373,portfolio,Clearing,1789378345,13,0,1
gykh8ja7,4,ja5c25rz,373,portfolio,Clearing,1789378345,13,0,1
gykh8ja7,7,03zce18q,372,portfolio,PageBidGenderExp,1789378346,13,0,0
gykh8ja7,10,259xsu1c,372,portfolio,PageBidGenderExp,1789378346,13,0,0
gykh8ja7,17,ao798wr7,372,portfolio,PageBidGenderExp,1789378351,13,0,0
gykh8ja7,16,kh2preog,373,portfolio,Clearing,1789378351,13,0,1
gykh8ja7,17,ao798wr7,373,portfolio,Clearing,1789378351,13,0,1
gykh8ja7,18,3788h5gm,373,portfolio,Clearing,1789378351,13,0,1
gykh8ja7,19,dk85qrmf,373,portfolio,Clearing,1789378351,13,0,1
gykh8ja7,20,qruijzzl,373,portfolio,Clearing,1789378351,13,0,1
gykh8ja7,21,vlvkdjz0,372,portfolio,PageBidGenderExp,1789378353,13,0,0
gykh8ja7,21,vlvkdjz0,373,portfolio,Clearing,1789378353,13,0,1
gykh8ja7,22,9n1v1smg,373,portfolio,Clearing,1789378353,13,0,1
gykh8ja7,23,kw7jjs2b,373,portfolio,Clearing,1789378353,13,0,1
gykh8ja7,24,pop23w57,373,portfolio,Clearing,1789378353,13,0,1
gykh8ja7,25,cbc0ayyd,373,portfolio,Clearing,1789378353,13,0,1
gykh8ja7,8,wbs0fdl5,372,portfolio,PageBidGenderExp,1789378394,13,0,0
gykh8ja7,6,7q18nnfd,373,portfolio,Clearing,1789378394,13,0,1
gykh8ja7,7,03zce18q,373,portfolio,Clearing,1789378394,13,0,1
gykh8ja7,8,wbs0fdl5,373,portfolio,Clearing,1789378394,13,0,1
gykh8ja7,9,cqrngk2a,373,portfolio,Clearing,1789378394,13,0,1
gykh8ja7,10,259xsu1c,373,portfolio,Clearing,1789378394,13,0,1
gykh8ja7,6,7q18nnfd,374,portfolio,SyncMarketRound,1789378395,13,0,1
gykh8ja7,7,03zce18q,374,portfolio,SyncMarketRound,1789378395,13,0,1
gykh8ja7,21,vlvkdjz0,374,portfolio,SyncMarketRound,1789378395,13,0,1
gykh8ja7,22,9n1v1smg,374,portfolio,SyncMarketRound,1789378395,13,0,1
gykh8ja7,8,wbs0fdl5,374,portfolio,SyncMarketRound,1789378395,13,0,1
gykh8ja7,23,kw7jjs2b,374,portfolio,SyncMarketRound,1789378395,13,0,1
gykh8ja7,9,cqrngk2a,374,portfolio,SyncMarketRound,1789378395,13,0,1
gykh8ja7,5,oedddvhv,374,portfolio,SyncMarketRound,1789378395,13,0,1
gykh8ja7,24,pop23w57,374,portfolio,SyncMarketRound,1789378395,13,0,1
gykh8ja7,16,kh2preog,374,portfolio,SyncMarketRound,1789378395,13,0,1
gykh8ja7,11,xnss4pg0,374,portfolio,SyncMarketRound,1789378395,13,0,1
gykh8ja7,12,5seuckqb,374,portfolio,SyncMarketRound,1789378395,13,0,1
gykh8ja7,13,hdnqitby,374,portfolio,SyncMarketRound,1789378395,13,0,1
gykh8ja7,14,ss3joq82,374,portfolio,SyncMarketRound,1789378395,13,0,1
gykh8ja7,1,1c9g6x62,374,portfolio,SyncMarketRound,1789378395,13,0,1
gykh8ja7,2,7fakiwkr,374,portfolio,SyncMarketRound,1789378395,13,0,1
gykh8ja7,3,d4zd28hb,374,portfolio,SyncMarketRound,1789378395,13,0,1
gykh8ja7,4,ja5c25rz,374,portfolio,SyncMarketRound,1789378395,13,0,1
gykh8ja7,17,ao798wr7,374,portfolio,SyncMarketRound,1789378395,13,0,1
gykh8ja7,18,3788h5gm,374,portfolio,SyncMarketRound,1789378395,13,0,1
gykh8ja7,19,dk85qrmf,374,portfolio,SyncMarketRound,1789378395,13,0,1
gykh8ja7,10,259xsu1c,374,portfolio,SyncMarketRound,1789378395,13,0,1
gykh8ja7,15,5wh6kzb3,374,portfolio,SyncMarketRound,1789378395,13,0,1
gykh8ja7,20,qruijzzl,374,portfolio,SyncMarketRound,1789378395,13,0,1
gykh8ja7,25,cbc0ayyd,374,portfolio,SyncMarketRound,1789378395,13,0,1
gykh8ja7,6,7q18nnfd,401,portfolio,PageBidGenderExp,1789378411,14,0,0
gykh8ja7,25,cbc0ayyd,401,portfolio,PageBidGenderExp,1789378411,14,0,0
gykh8ja7,16,kh2preog,401,portfolio,PageBidGenderExp,1789378413,14,0,0
gykh8ja7,11,xnss4pg0,401,portfolio,PageBidGenderExp,1789378417,14,0,0
gykh8ja7,21,vlvkdjz0,401,portfolio,PageBidGenderExp,1789378418,14,0,0
gykh8ja7,20,qruijzzl,401,portfolio,PageBidGenderExp,1789378419,14,0,0
gykh8ja7,5,oedddvhv,401,portfolio,PageBidGenderExp,1789378419,14,0,0
gykh8ja7,15,5wh6kzb3,401,portfolio,PageBidGenderExp,1789378421,14,0,0
gykh8ja7,1,1c9g6x62,401,portfolio,PageBidGenderExp,1789378422,14,0,0
gykh8ja7,19,dk85qrmf,401,portfolio,PageBidGenderExp,1789378422,14,0,0
gykh8ja7,22,9n1v1smg,401,portfolio,PageBidGenderExp,1789378423,14,0,0
gykh8ja7,23,kw7jjs2b,401,portfolio,PageBidGenderExp,1789378424,14,0,0
gykh8ja7,12,5seuckqb,401,portfolio,PageBidGenderExp,1789378425,14,0,0
gykh8ja7,10,259xsu1c,401,portfolio,PageBidGenderExp,1789378425,14,0,0
gykh8ja7,9,cqrngk2a,401,portfolio,PageBidGenderExp,1789378426,14,0,0
gykh8ja7,3,d4zd28hb,401,portfolio,PageBidGenderExp,1789378428,14,0,0
gykh8ja7,13,hdnqitby,401,portfolio,PageBidGenderExp,1789378429,14,0,0
gykh8ja7,18,3788h5gm,401,portfolio,PageBidGenderExp,1789378429,14,0,0
gykh8ja7,7,03zce18q,401,portfolio,PageBidGenderExp,1789378432,14,0,0
gykh8ja7,4,ja5c25rz,401,portfolio,PageBidGenderExp,1789378432,14,0,0
gykh8ja7,24,pop23w57,401,portfolio,PageBidGenderExp,1789378434,14,0,0
gykh8ja7,21,vlvkdjz0,402,portfolio,Clearing,1789378434,14,0,1
gykh8ja7,22,9n1v1smg,402,portfolio,Clearing,1789378434,14,0,1
gykh8ja7,23,kw7jjs2b,402,portfolio,Clearing,1789378434,14,0,1
gykh8ja7,24,pop23w57,402,portfolio,Clearing,1789378434,14,0,1
gykh8ja7,25,cbc0ayyd,402,portfolio,Clearing,1789378434,14,0,1
gykh8ja7,8,wbs0fdl5,401,portfolio,PageBidGenderExp,1789378434,14,0,0
gykh8ja7,7,03zce18q,402,portfolio,Clearing,1789378435,14,0,1
gykh8ja7,8,wbs0fdl5,402,portfolio,Clearing,1789378435,14,0,1
gykh8ja7,9,cqrngk2a,402,portfolio,Clearing,1789378435,14,0,1
gykh8ja7,10,259xsu1c,402,portfolio,Clearing,1789378435,14,0,1
gykh8ja7,6,7q18nnfd,402,portfolio,Clearing,1789378435,14,0,1
gykh8ja7,14,ss3joq82,401,portfolio,PageBidGenderExp,1789378435,14,0,0
gykh8ja7,11,xnss4pg0,402,portfolio,Clearing,1789378436,14,0,1
gykh8ja7,12,5seuckqb,402,portfolio,Clearing,1789378436,14,0,1
gykh8ja7,13,hdnqitby,402,portfolio,Clearing,1789378436,14,0,1
gykh8ja7,14,ss3joq82,402,portfolio,Clearing,1789378436,14,0,1
gykh8ja7,15,5wh6kzb3,402,portfolio,Clearing,1789378436,14,0,1
gykh8ja7,2,7fakiwkr,401,portfolio,PageBidGenderExp,1789378440,14,0,0
gykh8ja7,2,7fakiwkr,402,portfolio,Clearing,1789378440,14,0,1
gykh8ja7,3,d4zd28hb,402,portfolio,Clearing,1789378440,14,0,1
gykh8ja7,4,ja5c25rz,402,portfolio,Clearing,1789378440,14,0,1
gykh8ja7,5,oedddvhv,402,portfolio,Clearing,1789378440,14,0,1
gykh8ja7,1,1c9g6x62,402,portfolio,Clearing,1789378440,14,0,1
gykh8ja7,17,ao798wr7,401,portfolio,PageBidGenderExp,1789378453,14,0,0
gykh8ja7,16,kh2preog,402,portfolio,Clearing,1789378454,14,0,1
gykh8ja7,17,ao798wr7,402,portfolio,Clearing,1789378454,14,0,1
gykh8ja7,18,3788h5gm,402,portfolio,Clearing,1789378454,14,0,1
gykh8ja7,19,dk85qrmf,402,portfolio,Clearing,1789378454,14,0,1
gykh8ja7,20,qruijzzl,402,portfolio,Clearing,1789378454,14,0,1
gykh8ja7,2,7fakiwkr,403,portfolio,SyncMarketRound,1789378454,14,0,1
gykh8ja7,3,d4zd28hb,403,portfolio,SyncMarketRound,1789378454,14,0,1
gykh8ja7,7,03zce18q,403,portfolio,SyncMarketRound,1789378454,14,0,1
gykh8ja7,4,ja5c25rz,403,portfolio,SyncMarketRound,1789378454,14,0,1
gykh8ja7,8,wbs0fdl5,403,portfolio,SyncMarketRound,1789378454,14,0,1
gykh8ja7,9,cqrngk2a,403,portfolio,SyncMarketRound,1789378454,14,0,1
gykh8ja7,5,oedddvhv,403,portfolio,SyncMarketRound,1789378454,14,0,1
gykh8ja7,11,xnss4pg0,403,portfolio,SyncMarketRound,1789378454,14,0,1
gykh8ja7,12,5seuckqb,403,portfolio,SyncMarketRound,1789378454,14,0,1
gykh8ja7,16,kh2preog,403,portfolio,SyncMarketRound,1789378454,14,0,1
gykh8ja7,13,hdnqitby,403,portfolio,SyncMarketRound,1789378454,14,0,1
gykh8ja7,14,ss3joq82,403,portfolio,SyncMarketRound,1789378454,14,0,1
gykh8ja7,17,ao798wr7,403,portfolio,SyncMarketRound,1789378454,14,0,1
gykh8ja7,10,259xsu1c,403,portfolio,SyncMarketRound,1789378454,14,0,1
gykh8ja7,21,vlvkdjz0,403,portfolio,SyncMarketRound,1789378454,14,0,1
gykh8ja7,15,5wh6kzb3,403,portfolio,SyncMarketRound,1789378454,14,0,1
gykh8ja7,18,3788h5gm,403,portfolio,SyncMarketRound,1789378454,14,0,1
gykh8ja7,19,dk85qrmf,403,portfolio,SyncMarketRound,1789378454,14,0,1
gykh8ja7,22,9n1v1smg,403,portfolio,SyncMarketRound,1789378454,14,0,1
gykh8ja7,23,kw7jjs2b,403,portfolio,SyncMarketRound,1789378454,14,0,1
gykh8ja7,24,pop23w57,403,portfolio,SyncMarketRound,1789378454,14,0,1
gykh8ja7,25,cbc0ayyd,403,portfolio,SyncMarketRound,1789378454,14,0,1
gykh8ja7,6,7q18nnfd,403,portfolio,SyncMarketRound,1789378454,14,0,1
gykh8ja7,1,1c9g6x62,403,portfolio,SyncMarketRound,1789378454,14,0,1
gykh8ja7,20,qruijzzl,403,portfolio,SyncMarketRound,1789378454,14,0,1
gykh8ja7,25,cbc0ayyd,430,portfolio,PageBidGenderExp,1789378472,15,0,0
gykh8ja7,16,kh2preog,430,portfolio,PageBidGenderExp,1789378473,15,0,0
gykh8ja7,20,qruijzzl,430,portfolio,PageBidGenderExp,1789378476,15,0,0
gykh8ja7,11,xnss4pg0,430,portfolio,PageBidGenderExp,1789378476,15,0,0
gykh8ja7,5,oedddvhv,430,portfolio,PageBidGenderExp,1789378478,15,0,0
gykh8ja7,4,ja5c25rz,430,portfolio,PageBidGenderExp,1789378478,15,0,0
gykh8ja7,17,ao798wr7,430,portfolio,PageBidGenderExp,1789378479,15,0,0
gykh8ja7,13,hdnqitby,430,portfolio,PageBidGenderExp,1789378482,15,0,0
gykh8ja7,21,vlvkdjz0,430,portfolio,PageBidGenderExp,1789378482,15,0,0
gykh8ja7,6,7q18nnfd,430,portfolio,PageBidGenderExp,1789378482,15,0,0
gykh8ja7,22,9n1v1smg,430,portfolio,PageBidGenderExp,1789378482,15,0,0
gykh8ja7,9,cqrngk2a,430,portfolio,PageBidGenderExp,1789378482,15,0,0
gykh8ja7,3,d4zd28hb,430,portfolio,PageBidGenderExp,1789378484,15,0,0
gykh8ja7,24,pop23w57,430,portfolio,PageBidGenderExp,1789378484,15,0,0
gykh8ja7,12,5seuckqb,430,portfolio,PageBidGenderExp,1789378485,15,0,0
gykh8ja7,14,ss3joq82,430,portfolio,PageBidGenderExp,1789378487,15,0,0
gykh8ja7,23,kw7jjs2b,430,portfolio,PageBidGenderExp,1789378488,15,0,0
gykh8ja7,21,vlvkdjz0,431,portfolio,Clearing,1789378488,15,0,1
gykh8ja7,22,9n1v1smg,431,portfolio,Clearing,1789378488,15,0,1
gykh8ja7,23,kw7jjs2b,431,portfolio,Clearing,1789378488,15,0,1
gykh8ja7,24,pop23w57,431,portfolio,Clearing,1789378488,15,0,1
gykh8ja7,25,cbc0ayyd,431,portfolio,Clearing,1789378488,15,0,1
gykh8ja7,15,5wh6kzb3,430,portfolio,PageBidGenderExp,1789378489,15,0,0
gykh8ja7,11,xnss4pg0,431,portfolio,Clearing,1789378490,15,0,1
gykh8ja7,12,5seuckqb,431,portfolio,Clearing,1789378490,15,0,1
gykh8ja7,13,hdnqitby,431,portfolio,Clearing,1789378490,15,0,1
gykh8ja7,14,ss3joq82,431,portfolio,Clearing,1789378490,15,0,1
gykh8ja7,15,5wh6kzb3,431,portfolio,Clearing,1789378490,15,0,1
gykh8ja7,18,3788h5gm,430,portfolio,PageBidGenderExp,1789378490,15,0,0
gykh8ja7,10,259xsu1c,430,portfolio,PageBidGenderExp,1789378490,15,0,0
gykh8ja7,1,1c9g6x62,430,portfolio,PageBidGenderExp,1789378495,15,0,0
gykh8ja7,2,7fakiwkr,430,portfolio,PageBidGenderExp,1789378497,15,0,0
gykh8ja7,3,d4zd28hb,431,portfolio,Clearing,1789378498,15,0,1
gykh8ja7,1,1c9g6x62,431,portfolio,Clearing,1789378498,15,0,1
gykh8ja7,2,7fakiwkr,431,portfolio,Clearing,1789378498,15,0,1
gykh8ja7,4,ja5c25rz,431,portfolio,Clearing,1789378498,15,0,1
gykh8ja7,5,oedddvhv,431,portfolio,Clearing,1789378498,15,0,1
gykh8ja7,19,dk85qrmf,430,portfolio,PageBidGenderExp,1789378500,15,0,0
gykh8ja7,16,kh2preog,431,portfolio,Clearing,1789378500,15,0,1
gykh8ja7,17,ao798wr7,431,portfolio,Clearing,1789378500,15,0,1
gykh8ja7,18,3788h5gm,431,portfolio,Clearing,1789378500,15,0,1
gykh8ja7,19,dk85qrmf,431,portfolio,Clearing,1789378500,15,0,1
gykh8ja7,20,qruijzzl,431,portfolio,Clearing,1789378500,15,0,1
gykh8ja7,7,03zce18q,430,portfolio,PageBidGenderExp,1789378502,15,0,0
gykh8ja7,8,wbs0fdl5,430,portfolio,PageBidGenderExp,1789378515,15,0,0
gykh8ja7,7,03zce18q,431,portfolio,Clearing,1789378515,15,0,1
gykh8ja7,8,wbs0fdl5,431,portfolio,Clearing,1789378515,15,0,1
gykh8ja7,9,cqrngk2a,431,portfolio,Clearing,1789378515,15,0,1
gykh8ja7,6,7q18nnfd,431,portfolio,Clearing,1789378515,15,0,1
gykh8ja7,10,259xsu1c,431,portfolio,Clearing,1789378515,15,0,1
gykh8ja7,7,03zce18q,432,portfolio,SyncMarketRound,1789378516,15,0,1
gykh8ja7,8,wbs0fdl5,432,portfolio,SyncMarketRound,1789378516,15,0,1
gykh8ja7,16,kh2preog,432,portfolio,SyncMarketRound,1789378516,15,0,1
gykh8ja7,9,cqrngk2a,432,portfolio,SyncMarketRound,1789378516,15,0,1
gykh8ja7,17,ao798wr7,432,portfolio,SyncMarketRound,1789378516,15,0,1
gykh8ja7,6,7q18nnfd,432,portfolio,SyncMarketRound,1789378516,15,0,1
gykh8ja7,11,xnss4pg0,432,portfolio,SyncMarketRound,1789378516,15,0,1
gykh8ja7,3,d4zd28hb,432,portfolio,SyncMarketRound,1789378516,15,0,1
gykh8ja7,18,3788h5gm,432,portfolio,SyncMarketRound,1789378516,15,0,1
gykh8ja7,1,1c9g6x62,432,portfolio,SyncMarketRound,1789378516,15,0,1
gykh8ja7,21,vlvkdjz0,432,portfolio,SyncMarketRound,1789378516,15,0,1
gykh8ja7,22,9n1v1smg,432,portfolio,SyncMarketRound,1789378516,15,0,1
gykh8ja7,12,5seuckqb,432,portfolio,SyncMarketRound,1789378516,15,0,1
gykh8ja7,13,hdnqitby,432,portfolio,SyncMarketRound,1789378516,15,0,1
gykh8ja7,14,ss3joq82,432,portfolio,SyncMarketRound,1789378516,15,0,1
gykh8ja7,2,7fakiwkr,432,portfolio,SyncMarketRound,1789378516,15,0,1
gykh8ja7,4,ja5c25rz,432,portfolio,SyncMarketRound,1789378516,15,0,1
gykh8ja7,5,oedddvhv,432,portfolio,SyncMarketRound,1789378516,15,0,1
gykh8ja7,19,dk85qrmf,432,portfolio,SyncMarketRound,1789378516,15,0,1
gykh8ja7,20,qruijzzl,432,portfolio,SyncMarketRound,1789378516,15,0,1
gykh8ja7,10,259xsu1c,432,portfolio,SyncMarketRound,1789378516,15,0,1
gykh8ja7,23,kw7jjs2b,432,portfolio,SyncMarketRound,1789378516,15,0,1
gykh8ja7,24,pop23w57,432,portfolio,SyncMarketRound,1789378516,15,0,1
gykh8ja7,25,cbc0ayyd,432,portfolio,SyncMarketRound,1789378516,15,0,1
gykh8ja7,15,5wh6kzb3,432,portfolio,SyncMarketRound,1789378516,15,0,1
gykh8ja7,25,cbc0ayyd,459,portfolio,PageBidGenderExp,1789378532,16,0,0
gykh8ja7,11,xnss4pg0,459,portfolio,PageBidGenderExp,1789378536,16,0,0
gykh8ja7,3,d4zd28hb,459,portfolio,PageBidGenderExp,1789378538,16,0,0
gykh8ja7,22,9n1v1smg,459,portfolio,PageBidGenderExp,1789378542,16,0,0
gykh8ja7,5,oedddvhv,459,portfolio,PageBidGenderExp,1789378542,16,0,0
gykh8ja7,4,ja5c25rz,459,portfolio,PageBidGenderExp,1789378543,16,0,0
gykh8ja7,17,ao798wr7,459,portfolio,PageBidGenderExp,1789378544,16,0,0
gykh8ja7,12,5seuckqb,459,portfolio,PageBidGenderExp,1789378545,16,0,0
gykh8ja7,18,3788h5gm,459,portfolio,PageBidGenderExp,1789378545,16,0,0
gykh8ja7,13,hdnqitby,459,portfolio,PageBidGenderExp,1789378546,16,0,0
gykh8ja7,24,pop23w57,459,portfolio,PageBidGenderExp,1789378546,16,0,0
gykh8ja7,16,kh2preog,459,portfolio,PageBidGenderExp,1789378547,16,0,0
gykh8ja7,20,qruijzzl,459,portfolio,PageBidGenderExp,1789378551,16,0,0
gykh8ja7,14,ss3joq82,459,portfolio,PageBidGenderExp,1789378551,16,0,0
gykh8ja7,23,kw7jjs2b,459,portfolio,PageBidGenderExp,1789378552,16,0,0
gykh8ja7,19,dk85qrmf,459,portfolio,PageBidGenderExp,1789378553,16,0,0
gykh8ja7,18,3788h5gm,460,portfolio,Clearing,1789378553,16,0,1
gykh8ja7,16,kh2preog,460,portfolio,Clearing,1789378553,16,0,1
gykh8ja7,17,ao798wr7,460,portfolio,Clearing,1789378553,16,0,1
gykh8ja7,19,dk85qrmf,460,portfolio,Clearing,1789378553,16,0,1
gykh8ja7,20,qruijzzl,460,portfolio,Clearing,1789378553,16,0,1
gykh8ja7,10,259xsu1c,459,portfolio,PageBidGenderExp,1789378554,16,0,0
gykh8ja7,6,7q18nnfd,459,portfolio,PageBidGenderExp,1789378556,16,0,0
gykh8ja7,21,vlvkdjz0,459,portfolio,PageBidGenderExp,1789378558,16,0,0
gykh8ja7,21,vlvkdjz0,460,portfolio,Clearing,1789378558,16,0,1
gykh8ja7,22,9n1v1smg,460,portfolio,Clearing,1789378558,16,0,1
gykh8ja7,23,kw7jjs2b,460,portfolio,Clearing,1789378558,16,0,1
gykh8ja7,24,pop23w57,460,portfolio,Clearing,1789378558,16,0,1
gykh8ja7,25,cbc0ayyd,460,portfolio,Clearing,1789378558,16,0,1
gykh8ja7,15,5wh6kzb3,459,portfolio,PageBidGenderExp,1789378558,16,0,0
gykh8ja7,11,xnss4pg0,460,portfolio,Clearing,1789378558,16,0,1
gykh8ja7,13,hdnqitby,460,portfolio,Clearing,1789378558,16,0,1
gykh8ja7,12,5seuckqb,460,portfolio,Clearing,1789378558,16,0,1
gykh8ja7,14,ss3joq82,460,portfolio,Clearing,1789378558,16,0,1
gykh8ja7,15,5wh6kzb3,460,portfolio,Clearing,1789378558,16,0,1
gykh8ja7,2,7fakiwkr,459,portfolio,PageBidGenderExp,1789378560,16,0,0
gykh8ja7,1,1c9g6x62,459,portfolio,PageBidGenderExp,1789378566,16,0,0
gykh8ja7,1,1c9g6x62,460,portfolio,Clearing,1789378566,16,0,1
gykh8ja7,2,7fakiwkr,460,portfolio,Clearing,1789378566,16,0,1
gykh8ja7,3,d4zd28hb,460,portfolio,Clearing,1789378566,16,0,1
gykh8ja7,4,ja5c25rz,460,portfolio,Clearing,1789378566,16,0,1
gykh8ja7,5,oedddvhv,460,portfolio,Clearing,1789378566,16,0,1
gykh8ja7,9,cqrngk2a,459,portfolio,PageBidGenderExp,1789378570,16,0,0
gykh8ja7,7,03zce18q,459,portfolio,PageBidGenderExp,1789378571,16,0,0
gykh8ja7,8,wbs0fdl5,459,portfolio,PageBidGenderExp,1789378657,16,0,0
gykh8ja7,6,7q18nnfd,460,portfolio,Clearing,1789378657,16,0,1
gykh8ja7,7,03zce18q,460,portfolio,Clearing,1789378657,16,0,1
gykh8ja7,8,wbs0fdl5,460,portfolio,Clearing,1789378657,16,0,1
gykh8ja7,9,cqrngk2a,460,portfolio,Clearing,1789378657,16,0,1
gykh8ja7,10,259xsu1c,460,portfolio,Clearing,1789378657,16,0,1
gykh8ja7,11,xnss4pg0,461,portfolio,SyncMarketRound,1789378658,16,0,1
gykh8ja7,6,7q18nnfd,461,portfolio,SyncMarketRound,1789378658,16,0,1
gykh8ja7,7,03zce18q,461,portfolio,SyncMarketRound,1789378658,16,0,1
gykh8ja7,1,1c9g6x62,461,portfolio,SyncMarketRound,1789378658,16,0,1
gykh8ja7,18,3788h5gm,461,portfolio,SyncMarketRound,1789378658,16,0,1
gykh8ja7,13,hdnqitby,461,portfolio,SyncMarketRound,1789378658,16,0,1
gykh8ja7,12,5seuckqb,461,portfolio,SyncMarketRound,1789378658,16,0,1
gykh8ja7,14,ss3joq82,461,portfolio,SyncMarketRound,1789378658,16,0,1
gykh8ja7,2,7fakiwkr,461,portfolio,SyncMarketRound,1789378658,16,0,1
gykh8ja7,15,5wh6kzb3,461,portfolio,SyncMarketRound,1789378658,16,0,1
gykh8ja7,21,vlvkdjz0,461,portfolio,SyncMarketRound,1789378658,16,0,1
gykh8ja7,16,kh2preog,461,portfolio,SyncMarketRound,1789378658,16,0,1
gykh8ja7,22,9n1v1smg,461,portfolio,SyncMarketRound,1789378658,16,0,1
gykh8ja7,23,kw7jjs2b,461,portfolio,SyncMarketRound,1789378658,16,0,1
gykh8ja7,24,pop23w57,461,portfolio,SyncMarketRound,1789378658,16,0,1
gykh8ja7,3,d4zd28hb,461,portfolio,SyncMarketRound,1789378658,16,0,1
gykh8ja7,4,ja5c25rz,461,portfolio,SyncMarketRound,1789378658,16,0,1
gykh8ja7,8,wbs0fdl5,461,portfolio,SyncMarketRound,1789378658,16,0,1
gykh8ja7,9,cqrngk2a,461,portfolio,SyncMarketRound,1789378658,16,0,1
gykh8ja7,10,259xsu1c,461,portfolio,SyncMarketRound,1789378658,16,0,1
gykh8ja7,17,ao798wr7,461,portfolio,SyncMarketRound,1789378658,16,0,1
gykh8ja7,19,dk85qrmf,461,portfolio,SyncMarketRound,1789378658,16,0,1
gykh8ja7,20,qruijzzl,461,portfolio,SyncMarketRound,1789378658,16,0,1
gykh8ja7,25,cbc0ayyd,461,portfolio,SyncMarketRound,1789378658,16,0,1
gykh8ja7,5,oedddvhv,461,portfolio,SyncMarketRound,1789378658,16,0,1
gykh8ja7,6,7q18nnfd,488,portfolio,PageBidGenderExp,1789378674,17,0,0
gykh8ja7,18,3788h5gm,488,portfolio,PageBidGenderExp,1789378675,17,0,0
gykh8ja7,1,1c9g6x62,488,portfolio,PageBidGenderExp,1789378680,17,0,0
gykh8ja7,5,oedddvhv,488,portfolio,PageBidGenderExp,1789378680,17,0,0
gykh8ja7,12,5seuckqb,488,portfolio,PageBidGenderExp,1789378681,17,0,0
gykh8ja7,10,259xsu1c,488,portfolio,PageBidGenderExp,1789378682,17,0,0
gykh8ja7,17,ao798wr7,488,portfolio,PageBidGenderExp,1789378683,17,0,0
gykh8ja7,13,hdnqitby,488,portfolio,PageBidGenderExp,1789378685,17,0,0
gykh8ja7,9,cqrngk2a,488,portfolio,PageBidGenderExp,1789378685,17,0,0
gykh8ja7,22,9n1v1smg,488,portfolio,PageBidGenderExp,1789378686,17,0,0
gykh8ja7,19,dk85qrmf,488,portfolio,PageBidGenderExp,1789378687,17,0,0
gykh8ja7,20,qruijzzl,488,portfolio,PageBidGenderExp,1789378688,17,0,0
gykh8ja7,25,cbc0ayyd,488,portfolio,PageBidGenderExp,1789378688,17,0,0
gykh8ja7,7,03zce18q,488,portfolio,PageBidGenderExp,1789378690,17,0,0
gykh8ja7,3,d4zd28hb,488,portfolio,PageBidGenderExp,1789378691,17,0,0
gykh8ja7,21,vlvkdjz0,488,portfolio,PageBidGenderExp,1789378693,17,0,0
gykh8ja7,15,5wh6kzb3,488,portfolio,PageBidGenderExp,1789378696,17,0,0
gykh8ja7,4,ja5c25rz,488,portfolio,PageBidGenderExp,1789378698,17,0,0
gykh8ja7,11,xnss4pg0,488,portfolio,PageBidGenderExp,1789378702,17,0,0
gykh8ja7,14,ss3joq82,488,portfolio,PageBidGenderExp,1789378706,17,0,0
gykh8ja7,11,xnss4pg0,489,portfolio,Clearing,1789378706,17,0,1
gykh8ja7,12,5seuckqb,489,portfolio,Clearing,1789378706,17,0,1
gykh8ja7,13,hdnqitby,489,portfolio,Clearing,1789378706,17,0,1
gykh8ja7,14,ss3joq82,489,portfolio,Clearing,1789378706,17,0,1
gykh8ja7,15,5wh6kzb3,489,portfolio,Clearing,1789378706,17,0,1
gykh8ja7,23,kw7jjs2b,488,portfolio,PageBidGenderExp,1789378707,17,0,0
gykh8ja7,2,7fakiwkr,488,portfolio,PageBidGenderExp,1789378709,17,0,0
gykh8ja7,1,1c9g6x62,489,portfolio,Clearing,1789378709,17,0,1
gykh8ja7,2,7fakiwkr,489,portfolio,Clearing,1789378709,17,0,1
gykh8ja7,3,d4zd28hb,489,portfolio,Clearing,1789378709,17,0,1
gykh8ja7,4,ja5c25rz,489,portfolio,Clearing,1789378709,17,0,1
gykh8ja7,5,oedddvhv,489,portfolio,Clearing,1789378709,17,0,1
gykh8ja7,8,wbs0fdl5,488,portfolio,PageBidGenderExp,1789378715,17,0,0
gykh8ja7,6,7q18nnfd,489,portfolio,Clearing,1789378716,17,0,1
gykh8ja7,7,03zce18q,489,portfolio,Clearing,1789378716,17,0,1
gykh8ja7,8,wbs0fdl5,489,portfolio,Clearing,1789378716,17,0,1
gykh8ja7,9,cqrngk2a,489,portfolio,Clearing,1789378716,17,0,1
gykh8ja7,10,259xsu1c,489,portfolio,Clearing,1789378716,17,0,1
gykh8ja7,16,kh2preog,488,portfolio,PageBidGenderExp,1789378716,17,0,0
gykh8ja7,16,kh2preog,489,portfolio,Clearing,1789378716,17,0,1
gykh8ja7,17,ao798wr7,489,portfolio,Clearing,1789378716,17,0,1
gykh8ja7,18,3788h5gm,489,portfolio,Clearing,1789378716,17,0,1
gykh8ja7,19,dk85qrmf,489,portfolio,Clearing,1789378716,17,0,1
gykh8ja7,20,qruijzzl,489,portfolio,Clearing,1789378716,17,0,1
gykh8ja7,24,pop23w57,488,portfolio,PageBidGenderExp,1789378719,17,0,0
gykh8ja7,23,kw7jjs2b,489,portfolio,Clearing,1789378719,17,0,1
gykh8ja7,21,vlvkdjz0,489,portfolio,Clearing,1789378719,17,0,1
gykh8ja7,22,9n1v1smg,489,portfolio,Clearing,1789378719,17,0,1
gykh8ja7,24,pop23w57,489,portfolio,Clearing,1789378719,17,0,1
gykh8ja7,25,cbc0ayyd,489,portfolio,Clearing,1789378719,17,0,1
gykh8ja7,16,kh2preog,490,portfolio,SyncMarketRound,1789378720,17,0,1
gykh8ja7,6,7q18nnfd,490,portfolio,SyncMarketRound,1789378720,17,0,1
gykh8ja7,7,03zce18q,490,portfolio,SyncMarketRound,1789378720,17,0,1
gykh8ja7,17,ao798wr7,490,portfolio,SyncMarketRound,1789378720,17,0,1
gykh8ja7,1,1c9g6x62,490,portfolio,SyncMarketRound,1789378720,17,0,1
gykh8ja7,18,3788h5gm,490,portfolio,SyncMarketRound,1789378720,17,0,1
gykh8ja7,19,dk85qrmf,490,portfolio,SyncMarketRound,1789378720,17,0,1
gykh8ja7,8,wbs0fdl5,490,portfolio,SyncMarketRound,1789378720,17,0,1
gykh8ja7,2,7fakiwkr,490,portfolio,SyncMarketRound,1789378720,17,0,1
gykh8ja7,9,cqrngk2a,490,portfolio,SyncMarketRound,1789378720,17,0,1
gykh8ja7,3,d4zd28hb,490,portfolio,SyncMarketRound,1789378720,17,0,1
gykh8ja7,4,ja5c25rz,490,portfolio,SyncMarketRound,1789378720,17,0,1
gykh8ja7,11,xnss4pg0,490,portfolio,SyncMarketRound,1789378720,17,0,1
gykh8ja7,12,5seuckqb,490,portfolio,SyncMarketRound,1789378720,17,0,1
gykh8ja7,13,hdnqitby,490,portfolio,SyncMarketRound,1789378720,17,0,1
gykh8ja7,14,ss3joq82,490,portfolio,SyncMarketRound,1789378720,17,0,1
gykh8ja7,5,oedddvhv,490,portfolio,SyncMarketRound,1789378720,17,0,1
gykh8ja7,10,259xsu1c,490,portfolio,SyncMarketRound,1789378720,17,0,1
gykh8ja7,23,kw7jjs2b,490,portfolio,SyncMarketRound,1789378720,17,0,1
gykh8ja7,20,qruijzzl,490,portfolio,SyncMarketRound,1789378720,17,0,1
gykh8ja7,21,vlvkdjz0,490,portfolio,SyncMarketRound,1789378720,17,0,1
gykh8ja7,15,5wh6kzb3,490,portfolio,SyncMarketRound,1789378720,17,0,1
gykh8ja7,22,9n1v1smg,490,portfolio,SyncMarketRound,1789378720,17,0,1
gykh8ja7,24,pop23w57,490,portfolio,SyncMarketRound,1789378720,17,0,1
gykh8ja7,25,cbc0ayyd,490,portfolio,SyncMarketRound,1789378720,17,0,1
gykh8ja7,20,qruijzzl,517,portfolio,PageBidGenderExp,1789378738,18,0,0
gykh8ja7,22,9n1v1smg,517,portfolio,PageBidGenderExp,1789378738,18,0,0
gykh8ja7,24,pop23w57,517,portfolio,PageBidGenderExp,1789378742,18,0,0
gykh8ja7,21,vlvkdjz0,517,portfolio,PageBidGenderExp,1789378742,18,0,0
gykh8ja7,6,7q18nnfd,517,portfolio,PageBidGenderExp,1789378742,18,0,0
gykh8ja7,25,cbc0ayyd,517,portfolio,PageBidGenderExp,1789378744,18,0,0
gykh8ja7,11,xnss4pg0,517,portfolio,PageBidGenderExp,1789378744,18,0,0
gykh8ja7,17,ao798wr7,517,portfolio,PageBidGenderExp,1789378744,18,0,0
gykh8ja7,9,cqrngk2a,517,portfolio,PageBidGenderExp,1789378744,18,0,0
gykh8ja7,12,5seuckqb,517,portfolio,PageBidGenderExp,1789378745,18,0,0
gykh8ja7,5,oedddvhv,517,portfolio,PageBidGenderExp,1789378746,18,0,0
gykh8ja7,4,ja5c25rz,517,portfolio,PageBidGenderExp,1789378746,18,0,0
gykh8ja7,23,kw7jjs2b,517,portfolio,PageBidGenderExp,1789378747,18,0,0
gykh8ja7,21,vlvkdjz0,518,portfolio,Clearing,1789378747,18,0,1
gykh8ja7,22,9n1v1smg,518,portfolio,Clearing,1789378747,18,0,1
gykh8ja7,23,kw7jjs2b,518,portfolio,Clearing,1789378747,18,0,1
gykh8ja7,24,pop23w57,518,portfolio,Clearing,1789378747,18,0,1
gykh8ja7,25,cbc0ayyd,518,portfolio,Clearing,1789378747,18,0,1
gykh8ja7,3,d4zd28hb,517,portfolio,PageBidGenderExp,1789378747,18,0,0
gykh8ja7,10,259xsu1c,517,portfolio,PageBidGenderExp,1789378754,18,0,0
gykh8ja7,7,03zce18q,517,portfolio,PageBidGenderExp,1789378754,18,0,0
gykh8ja7,15,5wh6kzb3,517,portfolio,PageBidGenderExp,1789378757,18,0,0
gykh8ja7,1,1c9g6x62,517,portfolio,PageBidGenderExp,1789378757,18,0,0
gykh8ja7,19,dk85qrmf,517,portfolio,PageBidGenderExp,1789378757,18,0,0
gykh8ja7,18,3788h5gm,517,portfolio,PageBidGenderExp,1789378761,18,0,0
gykh8ja7,14,ss3joq82,517,portfolio,PageBidGenderExp,1789378762,18,0,0
gykh8ja7,13,hdnqitby,517,portfolio,PageBidGenderExp,1789378763,18,0,0
gykh8ja7,8,wbs0fdl5,517,portfolio,PageBidGenderExp,1789378764,18,0,0
gykh8ja7,11,xnss4pg0,518,portfolio,Clearing,1789378764,18,0,1
gykh8ja7,12,5seuckqb,518,portfolio,Clearing,1789378764,18,0,1
gykh8ja7,13,hdnqitby,518,portfolio,Clearing,1789378764,18,0,1
gykh8ja7,14,ss3joq82,518,portfolio,Clearing,1789378764,18,0,1
gykh8ja7,15,5wh6kzb3,518,portfolio,Clearing,1789378764,18,0,1
gykh8ja7,6,7q18nnfd,518,portfolio,Clearing,1789378764,18,0,1
gykh8ja7,7,03zce18q,518,portfolio,Clearing,1789378764,18,0,1
gykh8ja7,8,wbs0fdl5,518,portfolio,Clearing,1789378764,18,0,1
gykh8ja7,9,cqrngk2a,518,portfolio,Clearing,1789378764,18,0,1
gykh8ja7,10,259xsu1c,518,portfolio,Clearing,1789378764,18,0,1
gykh8ja7,2,7fakiwkr,517,portfolio,PageBidGenderExp,1789378778,18,0,0
gykh8ja7,1,1c9g6x62,518,portfolio,Clearing,1789378778,18,0,1
gykh8ja7,2,7fakiwkr,518,portfolio,Clearing,1789378778,18,0,1
gykh8ja7,3,d4zd28hb,518,portfolio,Clearing,1789378778,18,0,1
gykh8ja7,4,ja5c25rz,518,portfolio,Clearing,1789378778,18,0,1
gykh8ja7,5,oedddvhv,518,portfolio,Clearing,1789378778,18,0,1
gykh8ja7,16,kh2preog,517,portfolio,PageBidGenderExp,1789378782,18,0,0
gykh8ja7,16,kh2preog,518,portfolio,Clearing,1789378782,18,0,1
gykh8ja7,17,ao798wr7,518,portfolio,Clearing,1789378782,18,0,1
gykh8ja7,19,dk85qrmf,518,portfolio,Clearing,1789378782,18,0,1
gykh8ja7,20,qruijzzl,518,portfolio,Clearing,1789378782,18,0,1
gykh8ja7,18,3788h5gm,518,portfolio,Clearing,1789378782,18,0,1
gykh8ja7,16,kh2preog,519,portfolio,SyncMarketRound,1789378783,18,0,1
gykh8ja7,1,1c9g6x62,519,portfolio,SyncMarketRound,1789378783,18,0,1
gykh8ja7,2,7fakiwkr,519,portfolio,SyncMarketRound,1789378783,18,0,1
gykh8ja7,6,7q18nnfd,519,portfolio,SyncMarketRound,1789378783,18,0,1
gykh8ja7,7,03zce18q,519,portfolio,SyncMarketRound,1789378783,18,0,1
gykh8ja7,3,d4zd28hb,519,portfolio,SyncMarketRound,1789378783,18,0,1
gykh8ja7,8,wbs0fdl5,519,portfolio,SyncMarketRound,1789378783,18,0,1
gykh8ja7,17,ao798wr7,519,portfolio,SyncMarketRound,1789378783,18,0,1
gykh8ja7,19,dk85qrmf,519,portfolio,SyncMarketRound,1789378783,18,0,1
gykh8ja7,20,qruijzzl,519,portfolio,SyncMarketRound,1789378783,18,0,1
gykh8ja7,21,vlvkdjz0,519,portfolio,SyncMarketRound,1789378783,18,0,1
gykh8ja7,22,9n1v1smg,519,portfolio,SyncMarketRound,1789378783,18,0,1
gykh8ja7,18,3788h5gm,519,portfolio,SyncMarketRound,1789378783,18,0,1
gykh8ja7,9,cqrngk2a,519,portfolio,SyncMarketRound,1789378783,18,0,1
gykh8ja7,10,259xsu1c,519,portfolio,SyncMarketRound,1789378783,18,0,1
gykh8ja7,4,ja5c25rz,519,portfolio,SyncMarketRound,1789378783,18,0,1
gykh8ja7,11,xnss4pg0,519,portfolio,SyncMarketRound,1789378783,18,0,1
gykh8ja7,12,5seuckqb,519,portfolio,SyncMarketRound,1789378783,18,0,1
gykh8ja7,13,hdnqitby,519,portfolio,SyncMarketRound,1789378783,18,0,1
gykh8ja7,14,ss3joq82,519,portfolio,SyncMarketRound,1789378783,18,0,1
gykh8ja7,5,oedddvhv,519,portfolio,SyncMarketRound,1789378783,18,0,1
gykh8ja7,23,kw7jjs2b,519,portfolio,SyncMarketRound,1789378783,18,0,1
gykh8ja7,24,pop23w57,519,portfolio,SyncMarketRound,1789378783,18,0,1
gykh8ja7,25,cbc0ayyd,519,portfolio,SyncMarketRound,1789378783,18,0,1
gykh8ja7,15,5wh6kzb3,519,portfolio,SyncMarketRound,1789378783,18,0,1
gykh8ja7,25,cbc0ayyd,546,portfolio,PageBidGenderExp,1789378801,19,0,0
gykh8ja7,11,xnss4pg0,546,portfolio,PageBidGenderExp,1789378801,19,0,0
gykh8ja7,22,9n1v1smg,546,portfolio,PageBidGenderExp,1789378802,19,0,0
gykh8ja7,1,1c9g6x62,546,portfolio,PageBidGenderExp,1789378805,19,0,0
gykh8ja7,18,3788h5gm,546,portfolio,PageBidGenderExp,1789378806,19,0,0
gykh8ja7,20,qruijzzl,546,portfolio,PageBidGenderExp,1789378807,19,0,0
gykh8ja7,19,dk85qrmf,546,portfolio,PageBidGenderExp,1789378807,19,0,0
gykh8ja7,6,7q18nnfd,546,portfolio,PageBidGenderExp,1789378807,19,0,0
gykh8ja7,23,kw7jjs2b,546,portfolio,PageBidGenderExp,1789378807,19,0,0
gykh8ja7,5,oedddvhv,546,portfolio,PageBidGenderExp,1789378808,19,0,0
gykh8ja7,4,ja5c25rz,546,portfolio,PageBidGenderExp,1789378808,19,0,0
gykh8ja7,12,5seuckqb,546,portfolio,PageBidGenderExp,1789378809,19,0,0
gykh8ja7,15,5wh6kzb3,546,portfolio,PageBidGenderExp,1789378809,19,0,0
gykh8ja7,13,hdnqitby,546,portfolio,PageBidGenderExp,1789378809,19,0,0
gykh8ja7,16,kh2preog,546,portfolio,PageBidGenderExp,1789378810,19,0,0
gykh8ja7,17,ao798wr7,546,portfolio,PageBidGenderExp,1789378811,19,0,0
gykh8ja7,16,kh2preog,547,portfolio,Clearing,1789378811,19,0,1
gykh8ja7,17,ao798wr7,547,portfolio,Clearing,1789378811,19,0,1
gykh8ja7,18,3788h5gm,547,portfolio,Clearing,1789378811,19,0,1
gykh8ja7,19,dk85qrmf,547,portfolio,Clearing,1789378811,19,0,1
gykh8ja7,20,qruijzzl,547,portfolio,Clearing,1789378811,19,0,1
gykh8ja7,3,d4zd28hb,546,portfolio,PageBidGenderExp,1789378811,19,0,0
gykh8ja7,9,cqrngk2a,546,portfolio,PageBidGenderExp,1789378816,19,0,0
gykh8ja7,21,vlvkdjz0,546,portfolio,PageBidGenderExp,1789378816,19,0,0
gykh8ja7,7,03zce18q,546,portfolio,PageBidGenderExp,1789378819,19,0,0
gykh8ja7,24,pop23w57,546,portfolio,PageBidGenderExp,1789378819,19,0,0
gykh8ja7,21,vlvkdjz0,547,portfolio,Clearing,1789378820,19,0,1
gykh8ja7,22,9n1v1smg,547,portfolio,Clearing,1789378820,19,0,1
gykh8ja7,23,kw7jjs2b,547,portfolio,Clearing,1789378820,19,0,1
gykh8ja7,24,pop23w57,547,portfolio,Clearing,1789378820,19,0,1
gykh8ja7,25,cbc0ayyd,547,portfolio,Clearing,1789378820,19,0,1
gykh8ja7,8,wbs0fdl5,546,portfolio,PageBidGenderExp,1789378820,19,0,0
gykh8ja7,10,259xsu1c,546,portfolio,PageBidGenderExp,1789378825,19,0,0
gykh8ja7,6,7q18nnfd,547,portfolio,Clearing,1789378825,19,0,1
gykh8ja7,7,03zce18q,547,portfolio,Clearing,1789378825,19,0,1
gykh8ja7,8,wbs0fdl5,547,portfolio,Clearing,1789378825,19,0,1
gykh8ja7,9,cqrngk2a,547,portfolio,Clearing,1789378825,19,0,1
gykh8ja7,10,259xsu1c,547,portfolio,Clearing,1789378825,19,0,1
gykh8ja7,14,ss3joq82,546,portfolio,PageBidGenderExp,1789378828,19,0,0
gykh8ja7,11,xnss4pg0,547,portfolio,Clearing,1789378828,19,0,1
gykh8ja7,12,5seuckqb,547,portfolio,Clearing,1789378828,19,0,1
gykh8ja7,13,hdnqitby,547,portfolio,Clearing,1789378828,19,0,1
gykh8ja7,14,ss3joq82,547,portfolio,Clearing,1789378828,19,0,1
gykh8ja7,15,5wh6kzb3,547,portfolio,Clearing,1789378828,19,0,1
gykh8ja7,2,7fakiwkr,546,portfolio,PageBidGenderExp,1789378842,19,0,0
gykh8ja7,1,1c9g6x62,547,portfolio,Clearing,1789378843,19,0,1
gykh8ja7,2,7fakiwkr,547,portfolio,Clearing,1789378843,19,0,1
gykh8ja7,3,d4zd28hb,547,portfolio,Clearing,1789378843,19,0,1
gykh8ja7,4,ja5c25rz,547,portfolio,Clearing,1789378843,19,0,1
gykh8ja7,5,oedddvhv,547,portfolio,Clearing,1789378843,19,0,1
gykh8ja7,1,1c9g6x62,548,portfolio,SyncMarketRound,1789378843,19,0,1
gykh8ja7,2,7fakiwkr,548,portfolio,SyncMarketRound,1789378843,19,0,1
gykh8ja7,3,d4zd28hb,548,portfolio,SyncMarketRound,1789378843,19,0,1
gykh8ja7,4,ja5c25rz,548,portfolio,SyncMarketRound,1789378843,19,0,1
gykh8ja7,16,kh2preog,548,portfolio,SyncMarketRound,1789378843,19,0,1
gykh8ja7,11,xnss4pg0,548,portfolio,SyncMarketRound,1789378843,19,0,1
gykh8ja7,12,5seuckqb,548,portfolio,SyncMarketRound,1789378843,19,0,1
gykh8ja7,13,hdnqitby,548,portfolio,SyncMarketRound,1789378843,19,0,1
gykh8ja7,14,ss3joq82,548,portfolio,SyncMarketRound,1789378843,19,0,1
gykh8ja7,6,7q18nnfd,548,portfolio,SyncMarketRound,1789378843,19,0,1
gykh8ja7,7,03zce18q,548,portfolio,SyncMarketRound,1789378843,19,0,1
gykh8ja7,8,wbs0fdl5,548,portfolio,SyncMarketRound,1789378843,19,0,1
gykh8ja7,9,cqrngk2a,548,portfolio,SyncMarketRound,1789378843,19,0,1
gykh8ja7,15,5wh6kzb3,548,portfolio,SyncMarketRound,1789378843,19,0,1
gykh8ja7,5,oedddvhv,548,portfolio,SyncMarketRound,1789378843,19,0,1
gykh8ja7,21,vlvkdjz0,548,portfolio,SyncMarketRound,1789378843,19,0,1
gykh8ja7,17,ao798wr7,548,portfolio,SyncMarketRound,1789378843,19,0,1
gykh8ja7,18,3788h5gm,548,portfolio,SyncMarketRound,1789378843,19,0,1
gykh8ja7,22,9n1v1smg,548,portfolio,SyncMarketRound,1789378843,19,0,1
gykh8ja7,23,kw7jjs2b,548,portfolio,SyncMarketRound,1789378843,19,0,1
gykh8ja7,19,dk85qrmf,548,portfolio,SyncMarketRound,1789378843,19,0,1
gykh8ja7,20,qruijzzl,548,portfolio,SyncMarketRound,1789378843,19,0,1
gykh8ja7,24,pop23w57,548,portfolio,SyncMarketRound,1789378843,19,0,1
gykh8ja7,25,cbc0ayyd,548,portfolio,SyncMarketRound,1789378843,19,0,1
gykh8ja7,10,259xsu1c,548,portfolio,SyncMarketRound,1789378843,19,0,1
gykh8ja7,4,ja5c25rz,575,portfolio,PageBidGenderExp,1789378861,20,0,0
gykh8ja7,6,7q18nnfd,575,portfolio,PageBidGenderExp,1789378861,20,0,0
gykh8ja7,25,cbc0ayyd,575,portfolio,PageBidGenderExp,1789378862,20,0,0
gykh8ja7,7,03zce18q,575,portfolio,PageBidGenderExp,1789378864,20,0,0
gykh8ja7,22,9n1v1smg,575,portfolio,PageBidGenderExp,1789378864,20,0,0
gykh8ja7,5,oedddvhv,575,portfolio,PageBidGenderExp,1789378865,20,0,0
gykh8ja7,16,kh2preog,575,portfolio,PageBidGenderExp,1789378865,20,0,0
gykh8ja7,10,259xsu1c,575,portfolio,PageBidGenderExp,1789378867,20,0,0
gykh8ja7,20,qruijzzl,575,portfolio,PageBidGenderExp,1789378869,20,0,0
gykh8ja7,11,xnss4pg0,575,portfolio,PageBidGenderExp,1789378870,20,0,0
gykh8ja7,3,d4zd28hb,575,portfolio,PageBidGenderExp,1789378870,20,0,0
gykh8ja7,12,5seuckqb,575,portfolio,PageBidGenderExp,1789378871,20,0,0
gykh8ja7,17,ao798wr7,575,portfolio,PageBidGenderExp,1789378872,20,0,0
gykh8ja7,23,kw7jjs2b,575,portfolio,PageBidGenderExp,1789378873,20,0,0
gykh8ja7,15,5wh6kzb3,575,portfolio,PageBidGenderExp,1789378875,20,0,0
gykh8ja7,1,1c9g6x62,575,portfolio,PageBidGenderExp,1789378875,20,0,0
gykh8ja7,13,hdnqitby,575,portfolio,PageBidGenderExp,1789378875,20,0,0
gykh8ja7,18,3788h5gm,575,portfolio,PageBidGenderExp,1789378876,20,0,0
gykh8ja7,19,dk85qrmf,575,portfolio,PageBidGenderExp,1789378877,20,0,0
gykh8ja7,19,dk85qrmf,576,portfolio,Clearing,1789378877,20,0,1
gykh8ja7,16,kh2preog,576,portfolio,Clearing,1789378877,20,0,1
gykh8ja7,17,ao798wr7,576,portfolio,Clearing,1789378877,20,0,1
gykh8ja7,18,3788h5gm,576,portfolio,Clearing,1789378877,20,0,1
gykh8ja7,20,qruijzzl,576,portfolio,Clearing,1789378877,20,0,1
gykh8ja7,2,7fakiwkr,575,portfolio,PageBidGenderExp,1789378885,20,0,0
gykh8ja7,1,1c9g6x62,576,portfolio,Clearing,1789378885,20,0,1
gykh8ja7,2,7fakiwkr,576,portfolio,Clearing,1789378885,20,0,1
gykh8ja7,3,d4zd28hb,576,portfolio,Clearing,1789378885,20,0,1
gykh8ja7,4,ja5c25rz,576,portfolio,Clearing,1789378885,20,0,1
gykh8ja7,5,oedddvhv,576,portfolio,Clearing,1789378885,20,0,1
gykh8ja7,14,ss3joq82,575,portfolio,PageBidGenderExp,1789378886,20,0,0
gykh8ja7,11,xnss4pg0,576,portfolio,Clearing,1789378886,20,0,1
gykh8ja7,12,5seuckqb,576,portfolio,Clearing,1789378886,20,0,1
gykh8ja7,13,hdnqitby,576,portfolio,Clearing,1789378886,20,0,1
gykh8ja7,14,ss3joq82,576,portfolio,Clearing,1789378886,20,0,1
gykh8ja7,15,5wh6kzb3,576,portfolio,Clearing,1789378886,20,0,1
gykh8ja7,21,vlvkdjz0,575,portfolio,PageBidGenderExp,1789378886,20,0,0
gykh8ja7,9,cqrngk2a,575,portfolio,PageBidGenderExp,1789378889,20,0,0
gykh8ja7,8,wbs0fdl5,575,portfolio,PageBidGenderExp,1789378891,20,0,0
gykh8ja7,6,7q18nnfd,576,portfolio,Clearing,1789378892,20,0,1
gykh8ja7,7,03zce18q,576,portfolio,Clearing,1789378892,20,0,1
gykh8ja7,8,wbs0fdl5,576,portfolio,Clearing,1789378892,20,0,1
gykh8ja7,9,cqrngk2a,576,portfolio,Clearing,1789378892,20,0,1
gykh8ja7,10,259xsu1c,576,portfolio,Clearing,1789378892,20,0,1
gykh8ja7,24,pop23w57,575,portfolio,PageBidGenderExp,1789378895,20,0,0
gykh8ja7,21,vlvkdjz0,576,portfolio,Clearing,1789378895,20,0,1
gykh8ja7,22,9n1v1smg,576,portfolio,Clearing,1789378895,20,0,1
gykh8ja7,24,pop23w57,576,portfolio,Clearing,1789378895,20,0,1
gykh8ja7,25,cbc0ayyd,576,portfolio,Clearing,1789378895,20,0,1
gykh8ja7,23,kw7jjs2b,576,portfolio,Clearing,1789378895,20,0,1
gykh8ja7,1,1c9g6x62,577,portfolio,SyncMarketRound,1789378900,20,0,1
gykh8ja7,2,7fakiwkr,577,portfolio,SyncMarketRound,1789378900,20,0,1
gykh8ja7,3,d4zd28hb,577,portfolio,SyncMarketRound,1789378900,20,0,1
gykh8ja7,22,9n1v1smg,577,portfolio,SyncMarketRound,1789378900,20,0,1
gykh8ja7,4,ja5c25rz,577,portfolio,SyncMarketRound,1789378900,20,0,1
gykh8ja7,12,5seuckqb,577,portfolio,SyncMarketRound,1789378900,20,0,1
gykh8ja7,13,hdnqitby,577,portfolio,SyncMarketRound,1789378900,20,0,1
gykh8ja7,23,kw7jjs2b,577,portfolio,SyncMarketRound,1789378900,20,0,1
gykh8ja7,6,7q18nnfd,577,portfolio,SyncMarketRound,1789378900,20,0,1
gykh8ja7,25,cbc0ayyd,577,portfolio,SyncMarketRound,1789378900,20,0,1
gykh8ja7,14,ss3joq82,577,portfolio,SyncMarketRound,1789378900,20,0,1
gykh8ja7,7,03zce18q,577,portfolio,SyncMarketRound,1789378900,20,0,1
gykh8ja7,24,pop23w57,577,portfolio,SyncMarketRound,1789378900,20,0,1
gykh8ja7,8,wbs0fdl5,577,portfolio,SyncMarketRound,1789378900,20,0,1
gykh8ja7,15,5wh6kzb3,577,portfolio,SyncMarketRound,1789378900,20,0,1
gykh8ja7,9,cqrngk2a,577,portfolio,SyncMarketRound,1789378900,20,0,1
gykh8ja7,10,259xsu1c,577,portfolio,SyncMarketRound,1789378900,20,0,1
gykh8ja7,21,vlvkdjz0,577,portfolio,SyncMarketRound,1789378900,20,0,1
gykh8ja7,17,ao798wr7,577,portfolio,SyncMarketRound,1789378900,20,0,1
gykh8ja7,18,3788h5gm,577,portfolio,SyncMarketRound,1789378900,20,0,1
gykh8ja7,19,dk85qrmf,577,portfolio,SyncMarketRound,1789378900,20,0,1
gykh8ja7,11,xnss4pg0,577,portfolio,SyncMarketRound,1789378900,20,0,1
gykh8ja7,16,kh2preog,577,portfolio,SyncMarketRound,1789378900,20,0,1
gykh8ja7,5,oedddvhv,577,portfolio,SyncMarketRound,1789378900,20,0,1
gykh8ja7,20,qruijzzl,577,portfolio,SyncMarketRound,1789378900,20,0,1
gykh8ja7,6,7q18nnfd,579,portfolio,PageHistoryGenderExp,1789378904,20,0,0
gykh8ja7,25,cbc0ayyd,579,portfolio,PageHistoryGenderExp,1789378904,20,0,0
gykh8ja7,11,xnss4pg0,579,portfolio,PageHistoryGenderExp,1789378905,20,0,0
gykh8ja7,5,oedddvhv,579,portfolio,PageHistoryGenderExp,1789378905,20,0,0
gykh8ja7,23,kw7jjs2b,579,portfolio,PageHistoryGenderExp,1789378905,20,0,0
gykh8ja7,14,ss3joq82,579,portfolio,PageHistoryGenderExp,1789378906,20,0,0
gykh8ja7,19,dk85qrmf,579,portfolio,PageHistoryGenderExp,1789378906,20,0,0
gykh8ja7,3,d4zd28hb,579,portfolio,PageHistoryGenderExp,1789378906,20,0,0
gykh8ja7,6,7q18nnfd,580,portfolio,Results,1789378906,20,0,0
gykh8ja7,16,kh2preog,579,portfolio,PageHistoryGenderExp,1789378907,20,0,0
gykh8ja7,21,vlvkdjz0,579,portfolio,PageHistoryGenderExp,1789378907,20,0,0
gykh8ja7,25,cbc0ayyd,580,portfolio,Results,1789378907,20,0,0
gykh8ja7,10,259xsu1c,579,portfolio,PageHistoryGenderExp,1789378907,20,0,0
gykh8ja7,22,9n1v1smg,579,portfolio,PageHistoryGenderExp,1789378907,20,0,0
gykh8ja7,11,xnss4pg0,580,portfolio,Results,1789378907,20,0,0
gykh8ja7,5,oedddvhv,580,portfolio,Results,1789378908,20,0,0
gykh8ja7,23,kw7jjs2b,580,portfolio,Results,1789378908,20,0,0
gykh8ja7,14,ss3joq82,580,portfolio,Results,1789378908,20,0,0
gykh8ja7,24,pop23w57,579,portfolio,PageHistoryGenderExp,1789378908,20,0,0
gykh8ja7,3,d4zd28hb,580,portfolio,Results,1789378908,20,0,0
gykh8ja7,19,dk85qrmf,580,portfolio,Results,1789378908,20,0,0
gykh8ja7,15,5wh6kzb3,579,portfolio,PageHistoryGenderExp,1789378908,20,0,0
gykh8ja7,4,ja5c25rz,579,portfolio,PageHistoryGenderExp,1789378909,20,0,0
gykh8ja7,17,ao798wr7,579,portfolio,PageHistoryGenderExp,1789378909,20,0,0
gykh8ja7,22,9n1v1smg,580,portfolio,Results,1789378909,20,0,0
gykh8ja7,21,vlvkdjz0,580,portfolio,Results,1789378909,20,0,0
gykh8ja7,13,hdnqitby,579,portfolio,PageHistoryGenderExp,1789378910,20,0,0
gykh8ja7,10,259xsu1c,580,portfolio,Results,1789378910,20,0,0
gykh8ja7,12,5seuckqb,579,portfolio,PageHistoryGenderExp,1789378910,20,0,0
gykh8ja7,24,pop23w57,580,portfolio,Results,1789378911,20,0,0
gykh8ja7,17,ao798wr7,580,portfolio,Results,1789378911,20,0,0
gykh8ja7,15,5wh6kzb3,580,portfolio,Results,1789378911,20,0,0
gykh8ja7,4,ja5c25rz,580,portfolio,Results,1789378912,20,0,0
gykh8ja7,12,5seuckqb,580,portfolio,Results,1789378912,20,0,0
gykh8ja7,13,hdnqitby,580,portfolio,Results,1789378912,20,0,0
gykh8ja7,20,qruijzzl,579,portfolio,PageHistoryGenderExp,1789378913,20,0,0
gykh8ja7,2,7fakiwkr,579,portfolio,PageHistoryGenderExp,1789378913,20,0,0
gykh8ja7,20,qruijzzl,580,portfolio,Results,1789378914,20,0,0
gykh8ja7,1,1c9g6x62,579,portfolio,PageHistoryGenderExp,1789378914,20,0,0
gykh8ja7,18,3788h5gm,579,portfolio,PageHistoryGenderExp,1789378915,20,0,0
gykh8ja7,2,7fakiwkr,580,portfolio,Results,1789378916,20,0,0
gykh8ja7,9,cqrngk2a,579,portfolio,PageHistoryGenderExp,1789378916,20,0,0
gykh8ja7,16,kh2preog,580,portfolio,Results,1789378917,20,0,0
gykh8ja7,18,3788h5gm,580,portfolio,Results,1789378917,20,0,0
gykh8ja7,1,1c9g6x62,580,portfolio,Results,1789378917,20,0,0
gykh8ja7,9,cqrngk2a,580,portfolio,Results,1789378921,20,0,0
gykh8ja7,7,03zce18q,579,portfolio,PageHistoryGenderExp,1789378926,20,0,0
gykh8ja7,7,03zce18q,580,portfolio,Results,1789378929,20,0,0
gykh8ja7,8,wbs0fdl5,579,portfolio,PageHistoryGenderExp,1789378979,20,0,0
gykh8ja7,8,wbs0fdl5,580,portfolio,Results,1789378989,20,0,0
gykh8ja7,19,dk85qrmf,581,survey_ntu,Demographics,1789378999,1,0,0
gykh8ja7,3,d4zd28hb,581,survey_ntu,Demographics,1789379002,1,0,0
gykh8ja7,5,oedddvhv,581,survey_ntu,Demographics,1789379008,1,0,0
gykh8ja7,11,xnss4pg0,581,survey_ntu,Demographics,1789379016,1,0,0
gykh8ja7,23,kw7jjs2b,581,survey_ntu,Demographics,1789379016,1,0,0
gykh8ja7,25,cbc0ayyd,581,survey_ntu,Demographics,1789379021,1,0,0
gykh8ja7,23,kw7jjs2b,582,survey_ntu,Attitudes,1789379031,1,0,0
gykh8ja7,2,7fakiwkr,581,survey_ntu,Demographics,1789379033,1,0,0
gykh8ja7,19,dk85qrmf,582,survey_ntu,Attitudes,1789379034,1,0,0
gykh8ja7,25,cbc0ayyd,582,survey_ntu,Attitudes,1789379037,1,0,0
gykh8ja7,23,kw7jjs2b,583,survey_ntu,InstructionsDictator,1789379041,1,0,0
gykh8ja7,3,d4zd28hb,582,survey_ntu,Attitudes,1789379043,1,0,0
gykh8ja7,3,d4zd28hb,583,survey_ntu,InstructionsDictator,1789379045,1,0,0
gykh8ja7,15,5wh6kzb3,581,survey_ntu,Demographics,1789379046,1,0,0
gykh8ja7,19,dk85qrmf,583,survey_ntu,InstructionsDictator,1789379046,1,0,0
gykh8ja7,10,259xsu1c,581,survey_ntu,Demographics,1789379047,1,0,0
gykh8ja7,25,cbc0ayyd,583,survey_ntu,InstructionsDictator,1789379047,1,0,0
gykh8ja7,1,1c9g6x62,581,survey_ntu,Demographics,1789379049,1,0,0
gykh8ja7,11,xnss4pg0,582,survey_ntu,Attitudes,1789379050,1,0,0
gykh8ja7,2,7fakiwkr,582,survey_ntu,Attitudes,1789379054,1,0,0
gykh8ja7,25,cbc0ayyd,584,survey_ntu,Dictator,1789379054,1,0,0
gykh8ja7,20,qruijzzl,581,survey_ntu,Demographics,1789379056,1,0,0
gykh8ja7,23,kw7jjs2b,584,survey_ntu,Dictator,1789379057,1,0,0
gykh8ja7,12,5seuckqb,581,survey_ntu,Demographics,1789379059,1,0,0
gykh8ja7,6,7q18nnfd,581,survey_ntu,Demographics,1789379060,1,0,0
gykh8ja7,17,ao798wr7,581,survey_ntu,Demographics,1789379062,1,0,0
gykh8ja7,19,dk85qrmf,584,survey_ntu,Dictator,1789379063,1,0,0
gykh8ja7,7,03zce18q,581,survey_ntu,Demographics,1789379066,1,0,0
gykh8ja7,8,wbs0fdl5,581,survey_ntu,Demographics,1789379066,1,0,0
gykh8ja7,3,d4zd28hb,584,survey_ntu,Dictator,1789379069,1,0,0
gykh8ja7,2,7fakiwkr,583,survey_ntu,InstructionsDictator,1789379071,1,0,0
gykh8ja7,12,5seuckqb,582,survey_ntu,Attitudes,1789379071,1,0,0
gykh8ja7,16,kh2preog,581,survey_ntu,Demographics,1789379072,1,0,0
gykh8ja7,1,1c9g6x62,582,survey_ntu,Attitudes,1789379073,1,0,0
gykh8ja7,11,xnss4pg0,583,survey_ntu,InstructionsDictator,1789379074,1,0,0
gykh8ja7,12,5seuckqb,583,survey_ntu,InstructionsDictator,1789379074,1,0,0
gykh8ja7,2,7fakiwkr,584,survey_ntu,Dictator,1789379075,1,0,0
gykh8ja7,5,oedddvhv,582,survey_ntu,Attitudes,1789379076,1,0,0
gykh8ja7,4,ja5c25rz,581,survey_ntu,Demographics,1789379081,1,0,0
gykh8ja7,10,259xsu1c,582,survey_ntu,Attitudes,1789379081,1,0,0
gykh8ja7,11,xnss4pg0,584,survey_ntu,Dictator,1789379083,1,0,0
gykh8ja7,20,qruijzzl,582,survey_ntu,Attitudes,1789379084,1,0,0
gykh8ja7,17,ao798wr7,582,survey_ntu,Attitudes,1789379084,1,0,0
gykh8ja7,18,3788h5gm,581,survey_ntu,Demographics,1789379086,1,0,0
gykh8ja7,20,qruijzzl,583,survey_ntu,InstructionsDictator,1789379087,1,0,0
gykh8ja7,6,7q18nnfd,582,survey_ntu,Attitudes,1789379087,1,0,0
gykh8ja7,10,259xsu1c,583,survey_ntu,InstructionsDictator,1789379087,1,0,0
gykh8ja7,12,5seuckqb,584,survey_ntu,Dictator,1789379089,1,0,0
gykh8ja7,1,1c9g6x62,583,survey_ntu,InstructionsDictator,1789379089,1,0,0
gykh8ja7,17,ao798wr7,583,survey_ntu,InstructionsDictator,1789379090,1,0,0
gykh8ja7,5,oedddvhv,583,survey_ntu,InstructionsDictator,1789379090,1,0,0
gykh8ja7,15,5wh6kzb3,582,survey_ntu,Attitudes,1789379093,1,0,0
gykh8ja7,14,ss3joq82,581,survey_ntu,Demographics,1789379093,1,0,0
gykh8ja7,8,wbs0fdl5,582,survey_ntu,Attitudes,1789379094,1,0,0
gykh8ja7,20,qruijzzl,584,survey_ntu,Dictator,1789379098,1,0,0
gykh8ja7,5,oedddvhv,584,survey_ntu,Dictator,1789379100,1,0,0
gykh8ja7,6,7q18nnfd,583,survey_ntu,InstructionsDictator,1789379101,1,0,0
gykh8ja7,17,ao798wr7,584,survey_ntu,Dictator,1789379102,1,0,0
gykh8ja7,16,kh2preog,582,survey_ntu,Attitudes,1789379102,1,0,0
gykh8ja7,1,1c9g6x62,584,survey_ntu,Dictator,1789379105,1,0,0
gykh8ja7,16,kh2preog,583,survey_ntu,InstructionsDictator,1789379105,1,0,0
gykh8ja7,10,259xsu1c,584,survey_ntu,Dictator,1789379109,1,0,0
gykh8ja7,6,7q18nnfd,584,survey_ntu,Dictator,1789379111,1,0,0
gykh8ja7,16,kh2preog,584,survey_ntu,Dictator,1789379112,1,0,0
gykh8ja7,18,3788h5gm,582,survey_ntu,Attitudes,1789379119,1,0,0
gykh8ja7,9,cqrngk2a,581,survey_ntu,Demographics,1789379120,1,0,0
gykh8ja7,18,3788h5gm,583,survey_ntu,InstructionsDictator,1789379123,1,0,0
gykh8ja7,15,5wh6kzb3,583,survey_ntu,InstructionsDictator,1789379123,1,0,0
gykh8ja7,22,9n1v1smg,581,survey_ntu,Demographics,1789379128,1,0,0
gykh8ja7,14,ss3joq82,582,survey_ntu,Attitudes,1789379130,1,0,0
gykh8ja7,18,3788h5gm,584,survey_ntu,Dictator,1789379131,1,0,0
gykh8ja7,7,03zce18q,582,survey_ntu,Attitudes,1789379131,1,0,0
gykh8ja7,4,ja5c25rz,582,survey_ntu,Attitudes,1789379134,1,0,0
gykh8ja7,13,hdnqitby,581,survey_ntu,Demographics,1789379138,1,0,0
gykh8ja7,8,wbs0fdl5,583,survey_ntu,InstructionsDictator,1789379147,1,0,0
gykh8ja7,21,vlvkdjz0,581,survey_ntu,Demographics,1789379149,1,0,0
gykh8ja7,4,ja5c25rz,583,survey_ntu,InstructionsDictator,1789379150,1,0,0
gykh8ja7,15,5wh6kzb3,584,survey_ntu,Dictator,1789379151,1,0,0
gykh8ja7,9,cqrngk2a,582,survey_ntu,Attitudes,1789379153,1,0,0
gykh8ja7,7,03zce18q,583,survey_ntu,InstructionsDictator,1789379157,1,0,0
gykh8ja7,22,9n1v1smg,582,survey_ntu,Attitudes,1789379159,1,0,0
gykh8ja7,14,ss3joq82,583,survey_ntu,InstructionsDictator,1789379161,1,0,0
gykh8ja7,13,hdnqitby,582,survey_ntu,Attitudes,1789379170,1,0,0
gykh8ja7,14,ss3joq82,584,survey_ntu,Dictator,1789379176,1,0,0
gykh8ja7,4,ja5c25rz,584,survey_ntu,Dictator,1789379177,1,0,0
gykh8ja7,22,9n1v1smg,583,survey_ntu,InstructionsDictator,1789379177,1,0,0
gykh8ja7,13,hdnqitby,583,survey_ntu,InstructionsDictator,1789379179,1,0,0
gykh8ja7,24,pop23w57,581,survey_ntu,Demographics,1789379179,1,0,0
gykh8ja7,8,wbs0fdl5,584,survey_ntu,Dictator,1789379179,1,0,0
gykh8ja7,21,vlvkdjz0,582,survey_ntu,Attitudes,1789379180,1,0,0
gykh8ja7,13,hdnqitby,584,survey_ntu,Dictator,1789379183,1,0,0
gykh8ja7,22,9n1v1smg,584,survey_ntu,Dictator,1789379189,1,0,0
gykh8ja7,9,cqrngk2a,583,survey_ntu,InstructionsDictator,1789379192,1,0,0
gykh8ja7,7,03zce18q,584,survey_ntu,Dictator,1789379194,1,0,0
gykh8ja7,21,vlvkdjz0,583,survey_ntu,InstructionsDictator,1789379200,1,0,0
gykh8ja7,24,pop23w57,582,survey_ntu,Attitudes,1789379209,1,0,0
gykh8ja7,24,pop23w57,583,survey_ntu,InstructionsDictator,1789379228,1,0,0
gykh8ja7,21,vlvkdjz0,584,survey_ntu,Dictator,1789379229,1,0,0
gykh8ja7,9,cqrngk2a,584,survey_ntu,Dictator,1789379242,1,0,0
gykh8ja7,24,pop23w57,584,survey_ntu,Dictator,1789379247,1,0,0
gykh8ja7,2,7fakiwkr,585,FinalPage,PairingWaitPage,1789379247,1,0,1
gykh8ja7,7,03zce18q,585,FinalPage,PairingWaitPage,1789379247,1,0,1
gykh8ja7,13,hdnqitby,585,FinalPage,PairingWaitPage,1789379247,1,0,1
gykh8ja7,12,5seuckqb,585,FinalPage,PairingWaitPage,1789379247,1,0,1
gykh8ja7,17,ao798wr7,585,FinalPage,PairingWaitPage,1789379247,1,0,1
gykh8ja7,21,vlvkdjz0,585,FinalPage,PairingWaitPage,1789379247,1,0,1
gykh8ja7,16,kh2preog,585,FinalPage,PairingWaitPage,1789379247,1,0,1
gykh8ja7,4,ja5c25rz,585,FinalPage,PairingWaitPage,1789379247,1,0,1
gykh8ja7,20,qruijzzl,585,FinalPage,PairingWaitPage,1789379247,1,0,1
gykh8ja7,24,pop23w57,585,FinalPage,PairingWaitPage,1789379247,1,0,1
gykh8ja7,11,xnss4pg0,585,FinalPage,PairingWaitPage,1789379247,1,0,1
gykh8ja7,8,wbs0fdl5,585,FinalPage,PairingWaitPage,1789379247,1,0,1
gykh8ja7,3,d4zd28hb,585,FinalPage,PairingWaitPage,1789379247,1,0,1
gykh8ja7,5,oedddvhv,585,FinalPage,PairingWaitPage,1789379247,1,0,1
gykh8ja7,19,dk85qrmf,585,FinalPage,PairingWaitPage,1789379247,1,0,1
gykh8ja7,14,ss3joq82,585,FinalPage,PairingWaitPage,1789379247,1,0,1
gykh8ja7,1,1c9g6x62,585,FinalPage,PairingWaitPage,1789379247,1,0,1
gykh8ja7,6,7q18nnfd,585,FinalPage,PairingWaitPage,1789379247,1,0,1
gykh8ja7,10,259xsu1c,585,FinalPage,PairingWaitPage,1789379247,1,0,1
gykh8ja7,23,kw7jjs2b,585,FinalPage,PairingWaitPage,1789379247,1,0,1
gykh8ja7,18,3788h5gm,585,FinalPage,PairingWaitPage,1789379247,1,0,1
gykh8ja7,22,9n1v1smg,585,FinalPage,PairingWaitPage,1789379247,1,0,1
gykh8ja7,9,cqrngk2a,585,FinalPage,PairingWaitPage,1789379247,1,0,1
gykh8ja7,15,5wh6kzb3,585,FinalPage,PairingWaitPage,1789379247,1,0,1
gykh8ja7,25,cbc0ayyd,585,FinalPage,PairingWaitPage,1789379247,1,0,1
gykh8ja7,10,259xsu1c,586,FinalPage,Results,1789379256,1,0,0
gykh8ja7,17,ao798wr7,586,FinalPage,Results,1789379258,1,0,0
gykh8ja7,5,oedddvhv,586,FinalPage,Results,1789379259,1,0,0
gykh8ja7,14,ss3joq82,586,FinalPage,Results,1789379260,1,0,0
gykh8ja7,22,9n1v1smg,586,FinalPage,Results,1789379262,1,0,0
gykh8ja7,25,cbc0ayyd,586,FinalPage,Results,1789379264,1,0,0
gykh8ja7,21,vlvkdjz0,586,FinalPage,Results,1789379265,1,0,0
gykh8ja7,3,d4zd28hb,586,FinalPage,Results,1789379266,1,0,0
gykh8ja7,20,qruijzzl,586,FinalPage,Results,1789379266,1,0,0
gykh8ja7,19,dk85qrmf,586,FinalPage,Results,1789379267,1,0,0
gykh8ja7,1,1c9g6x62,586,FinalPage,Results,1789379270,1,0,0
gykh8ja7,18,3788h5gm,586,FinalPage,Results,1789379271,1,0,0
gykh8ja7,8,wbs0fdl5,586,FinalPage,Results,1789379272,1,0,0
gykh8ja7,9,cqrngk2a,586,FinalPage,Results,1789379279,1,0,0
gykh8ja7,12,5seuckqb,586,FinalPage,Results,1789379280,1,0,0
gykh8ja7,2,7fakiwkr,586,FinalPage,Results,1789379281,1,0,0
gykh8ja7,15,5wh6kzb3,586,FinalPage,Results,1789379284,1,0,0
gykh8ja7,6,7q18nnfd,586,FinalPage,Results,1789379286,1,0,0
gykh8ja7,13,hdnqitby,586,FinalPage,Results,1789379288,1,0,0
gykh8ja7,4,ja5c25rz,586,FinalPage,Results,1789379291,1,0,0
gykh8ja7,11,xnss4pg0,586,FinalPage,Results,1789379291,1,0,0
gykh8ja7,23,kw7jjs2b,586,FinalPage,Results,1789379292,1,0,0
gykh8ja7,7,03zce18q,586,FinalPage,Results,1789379294,1,0,0
gykh8ja7,24,pop23w57,586,FinalPage,Results,1789379313,1,0,0
gykh8ja7,16,kh2preog,586,FinalPage,Results,1789379449,1,0,0
