participant.id_in_session,participant.code,participant.label,participant._is_bot,participant._index_in_pages,participant._max_page_index,participant._current_app_name,participant._current_page_name,participant.time_started_utc,participant.visited,participant.mturk_worker_id,participant.mturk_assignment_id,participant.payoff,player.id_in_group,player.role,player.payoff,player.treatment,player.dyn_stock,player.dyn_bond,player.dyn_wealth,player.mgr_p1,player.mgr_p2,player.quiz_down,player.quiz_up,player.quiz_chance,player.quiz_median,player.quiz_above,player.quiz_risk_attempts,player.quiz_market_attempts,player.bid_l,player.bid_r,player.bid_exp,player.bid_no,player.belief_inv_exp,player.belief_price_exp,player.belief_others_inv_exp,player.belief_others_price_exp,player.belief_inv_no,player.belief_price_no,player.belief_others_inv_no,player.belief_others_price_no,player.belief_inv_l,player.belief_price_l,player.belief_others_inv_l,player.belief_others_price_l,player.belief_inv_r,player.belief_price_r,player.belief_others_inv_r,player.belief_others_price_r,player.allocation_to_pay,player.market_pair_to_pay,player.rounds_to_pay,player.belief_pages_to_pay,player.task1_points,player.allocation_points,player.market_points,player.final_payoff_points,player.all_beliefs_payoff_points,player.beliefs_correct,player.trade_l,player.trade_r,player.trade_exp,player.trade_no,group.id_in_subsession,group.price_l,group.price_r,group.p1_left_is_exp,group.p2_left_is_mgr_a,group.price_exp,group.price_no,group.value_exp,group.value_no,group.value_left_gender,group.value_right_gender,group.state_left,group.state_right,group.x_exp,group.x_no,group.x_a,group.x_b,group.mean_exp,group.mean_no,group.mean_a,group.mean_b,subsession.round_number,session.code,session.label,session.mturk_HITId,session.mturk_HITGroupId,session.comment,session.is_demo
1,1c9g6x62,,0,587,587,FinalPage,ThankYou,2026-09-14 08:47:37.268362,1,,,722.22,1,,0.0,M_no_W_exp,100,0,"{""w0"":100,""wu"":200,""wd"":50}",35,,R/2 + (100 - R),2*R + (100 - R),50%,The median of all submitted prices,Buy one more share,2,0,,,250,200,130,258.0,130,258.0,70,460.0,70,465.0,,,,,,,,,2,1,"3, 7",4,0.0,0.0,0.0,0.0,0.0,0,0,0,-1,1,1,0.0,0.0,1,1,300.0,200.0,85.0,50.0,100.0,75.0,Down,Down,30,100,0,50,55.8743961352657,52.10828025477707,53.29113924050633,52.90384615384615,1,gykh8ja7,,,,,0
2,7fakiwkr,,0,587,587,FinalPage,ThankYou,2026-09-14 08:47:37.284907,1,,,555.56,2,,0.0,M_no_W_exp,50,50,"{""w0"":100,""wu"":150,""wd"":75}",20,,R/2 + (100 - R),2*R + (100 - R),50%,The median of all submitted prices,Buy one more share,0,0,,,400,200,25,400.0,75,250.0,50,300.0,50,300.0,,,,,,,,,2,1,"3, 7",4,0.0,0.0,0.0,0.0,0.0,0,0,0,1,0,1,0.0,0.0,1,1,300.0,200.0,85.0,50.0,100.0,75.0,Down,Down,30,100,0,50,55.8743961352657,52.10828025477707,53.29113924050633,52.90384615384615,1,gykh8ja7,,,,,0
3,d4zd28hb,,0,587,587,FinalPage,ThankYou,2026-09-14 08:47:37.385946,1,,,666.67,3,,0.0,M_no_W_exp,25,75,"{""w0"":100,""wu"":125,""wd"":88}",50,,R/2 + (100 - R),2*R + (100 - R),50%,The median of all submitted prices,Buy one more share,0,0,,,300,200,75,500.0,20,335.0,75,400.0,75,285.0,,,,,,,,,2,1,"3, 7",4,0.0,0.0,0.0,0.0,0.0,0,0,0,0,1,1,0.0,0.0,1,1,300.0,200.0,85.0,50.0,100.0,75.0,Down,Down,30,100,0,50,55.8743961352657,52.10828025477707,53.29113924050633,52.90384615384615,1,gykh8ja7,,,,,0
4,ja5c25rz,,0,587,587,FinalPage,ThankYou,2026-09-14 08:47:38.211419,1,,,500.0,4,,0.0,M_no_W_exp,50,50,"{""w0"":100,""wu"":150,""wd"":75}",15,,R/2 + (100 - R),2*R + (100 - R),50%,The median of all submitted prices,Buy one more share,0,0,,,100,50,150,500.0,100,300.0,50,100.0,100,300.0,,,,,,,,,2,1,"3, 7",4,0.0,0.0,0.0,0.0,0.0,0,0,0,-1,-1,1,0.0,0.0,1,1,300.0,200.0,85.0,50.0,100.0,75.0,Down,Down,30,100,0,50,55.8743961352657,52.10828025477707,53.29113924050633,52.90384615384615,1,gykh8ja7,,,,,0
5,oedddvhv,,0,587,587,FinalPage,ThankYou,2026-09-14 08:47:38.224881,1,,,0.0,5,,0.0,M_no_W_exp,80,20,"{""w0"":100,""wu"":180,""wd"":60}",20,,R/2 + (100 - R),2*R + (100 - R),50%,The median of all submitted prices,Buy one more share,0,0,,,480,120,150,450.0,150,450.0,100,300.0,120,380.0,,,,,,,,,2,1,"3, 7",4,0.0,0.0,0.0,0.0,0.0,0,0,0,1,-1,1,0.0,0.0,1,1,300.0,200.0,85.0,50.0,100.0,75.0,Down,Down,30,100,0,50,55.8743961352657,52.10828025477707,53.29113924050633,52.90384615384615,1,gykh8ja7,,,,,0
6,7q18nnfd,,0,587,587,FinalPage,ThankYou,2026-09-14 08:47:38.238172,1,,,888.89,1,,0.0,M_no_W_exp,50,50,"{""w0"":100,""wu"":150,""wd"":75}",30,,R/2 + (100 - R),2*R + (100 - R),50%,The median of all submitted prices,Buy one more share,0,0,,,400,200,150,480.0,130,500.0,100,300.0,60,300.0,,,,,,,,,2,1,"3, 7",4,0.0,0.0,0.0,0.0,0.0,0,0,0,1,1,2,0.0,0.0,1,0,350.0,100.0,150.0,130.0,100.0,175.0,Up,Up,50,30,75,0,55.8743961352657,52.10828025477707,53.29113924050633,52.90384615384615,1,gykh8ja7,,,,,0
7,03zce18q,,0,587,587,FinalPage,ThankYou,2026-09-14 08:47:38.255812,1,,,944.44,2,,0.0,M_no_W_exp,130,-30,"{""w0"":100,""wu"":230,""wd"":35}",20,,R/2 + (100 - R),2*R + (100 - R),50%,The median of all submitted prices,Buy one more share,0,0,,,145,50,140,160.0,140,160.0,80,85.0,80,85.0,,,,,,,,,2,1,"3, 7",4,0.0,0.0,0.0,0.0,0.0,0,0,0,-1,-1,2,0.0,0.0,1,0,350.0,100.0,150.0,130.0,100.0,175.0,Up,Up,50,30,75,0,55.8743961352657,52.10828025477707,53.29113924050633,52.90384615384615,1,gykh8ja7,,,,,0
8,wbs0fdl5,,0,587,587,FinalPage,ThankYou,2026-09-14 08:47:38.263655,1,,,777.78,3,,0.0,M_no_W_exp,0,100,"{""w0"":100,""wu"":100,""wd"":100}",0,,R/2 + (100 - R),2*R + (100 - R),50%,The median of all submitted prices,Buy one more share,0,0,,,200,100,100,500.0,150,500.0,50,200.0,50,100.0,,,,,,,,,2,1,"3, 7",4,0.0,0.0,0.0,0.0,0.0,0,0,0,-1,0,2,0.0,0.0,1,0,350.0,100.0,150.0,130.0,100.0,175.0,Up,Up,50,30,75,0,55.8743961352657,52.10828025477707,53.29113924050633,52.90384615384615,1,gykh8ja7,,,,,0
9,cqrngk2a,,0,587,587,FinalPage,ThankYou,2026-09-14 08:47:38.275787,1,,,1000.0,4,,0.0,M_no_W_exp,100,0,"{""w0"":100,""wu"":200,""wd"":50}",5,,R/2 + (100 - R),2*R + (100 - R),50%,The median of all submitted prices,Buy one more share,0,0,,,350,50,200,400.0,200,450.0,100,200.0,100,150.0,,,,,,,,,2,1,"3, 7",4,0.0,0.0,0.0,0.0,0.0,0,0,0,0,-1,2,0.0,0.0,1,0,350.0,100.0,150.0,130.0,100.0,175.0,Up,Up,50,30,75,0,55.8743961352657,52.10828025477707,53.29113924050633,52.90384615384615,1,gykh8ja7,,,,,0
10,259xsu1c,,0,587,587,FinalPage,ThankYou,2026-09-14 08:47:38.296234,1,,,833.33,5,,0.0,M_no_W_exp,60,40,"{""w0"":100,""wu"":160,""wd"":70}",30,,R/2 + (100 - R),2*R + (100 - R),50%,The median of all submitted prices,Buy one more share,0,0,,,500,100,150,430.0,120,480.0,50,280.0,80,120.0,,,,,,,,,2,1,"3, 7",4,0.0,0.0,0.0,0.0,0.0,0,0,0,1,1,2,0.0,0.0,1,0,350.0,100.0,150.0,130.0,100.0,175.0,Up,Up,50,30,75,0,55.8743961352657,52.10828025477707,53.29113924050633,52.90384615384615,1,gykh8ja7,,,,,0
11,xnss4pg0,,0,587,587,FinalPage,ThankYou,2026-09-14 08:47:38.303827,1,,,611.11,1,,0.0,M_no_W_exp,50,50,"{""w0"":100,""wu"":150,""wd"":75}",75,,R/2 + (100 - R),2*R + (100 - R),50%,The median of all submitted prices,Buy one more share,0,0,,,450,149,80,300.0,100,302.0,150,200.0,150,220.0,,,,,,,,,2,1,"3, 7",4,0.0,0.0,0.0,0.0,0.0,0,0,0,1,0,3,0.0,0.0,0,1,380.0,149.0,120.0,90.0,90.0,150.0,Down,Up,20,20,20,50,55.8743961352657,52.10828025477707,53.29113924050633,52.90384615384615,1,gykh8ja7,,,,,0
12,5seuckqb,,0,587,587,FinalPage,ThankYou,2026-09-14 08:47:38.336823,1,,,611.11,2,,0.0,M_no_W_exp,80,20,"{""w0"":100,""wu"":180,""wd"":60}",70,,R/2 + (100 - R),2*R + (100 - R),50%,The median of all submitted prices,Buy one more share,0,0,,,400,50,150,500.0,170,520.0,40,100.0,30,80.0,,,,,,,,,2,1,"3, 7",4,0.0,0.0,0.0,0.0,0.0,0,0,0,1,-1,3,0.0,0.0,0,1,380.0,149.0,120.0,90.0,90.0,150.0,Down,Up,20,20,20,50,55.8743961352657,52.10828025477707,53.29113924050633,52.90384615384615,1,gykh8ja7,,,,,0
13,hdnqitby,,0,587,587,FinalPage,ThankYou,2026-09-14 08:47:38.344821,1,,,722.22,3,,0.0,M_no_W_exp,45,55,"{""w0"":100,""wu"":145,""wd"":78}",63,,R/2 + (100 - R),2*R + (100 - R),50%,The median of all submitted prices,Buy one more share,0,0,,,380,220,120,500.0,150,500.0,100,400.0,80,300.0,,,,,,,,,2,1,"3, 7",4,0.0,0.0,0.0,0.0,0.0,0,0,0,0,1,3,0.0,0.0,0,1,380.0,149.0,120.0,90.0,90.0,150.0,Down,Up,20,20,20,50,55.8743961352657,52.10828025477707,53.29113924050633,52.90384615384615,1,gykh8ja7,,,,,0
14,ss3joq82,,0,587,587,FinalPage,ThankYou,2026-09-14 08:47:38.357265,1,,,611.11,4,,0.0,M_no_W_exp,60,40,"{""w0"":100,""wu"":160,""wd"":70}",60,,R/2 + (100 - R),2*R + (100 - R),50%,The median of all submitted prices,Buy one more share,0,0,,,330,270,120,330.0,100,300.0,80,270.0,100,300.0,,,,,,,,,2,1,"3, 7",4,0.0,0.0,0.0,0.0,0.0,0,0,0,-1,1,3,0.0,0.0,0,1,380.0,149.0,120.0,90.0,90.0,150.0,Down,Up,20,20,20,50,55.8743961352657,52.10828025477707,53.29113924050633,52.90384615384615,1,gykh8ja7,,,,,0
15,5wh6kzb3,,0,587,587,FinalPage,ThankYou,2026-09-14 08:47:38.376395,1,,,1277.78,5,,0.0,M_no_W_exp,10,90,"{""w0"":100,""wu"":110,""wd"":95}",75,,R/2 + (100 - R),2*R + (100 - R),50%,The median of all submitted prices,Buy one more share,0,0,,,50,10,70,200.0,100,200.0,10,200.0,10,100.0,,,,,,,,,2,1,"3, 7",4,0.0,0.0,0.0,0.0,0.0,0,0,0,-1,-1,3,0.0,0.0,0,1,380.0,149.0,120.0,90.0,90.0,150.0,Down,Up,20,20,20,50,55.8743961352657,52.10828025477707,53.29113924050633,52.90384615384615,1,gykh8ja7,,,,,0
16,kh2preog,,0,587,587,FinalPage,ThankYou,2026-09-14 08:47:38.385376,1,,,0.0,1,,0.0,M_no_W_exp,25,75,"{""w0"":100,""wu"":125,""wd"":88}",50,,R/2 + (100 - R),2*R + (100 - R),50%,The median of all submitted prices,Buy one more share,0,0,,,450,150,150,400.0,150,500.0,80,200.0,70,300.0,,,,,,,,,2,1,"3, 7",4,0.0,0.0,0.0,0.0,0.0,0,0,0,1,1,4,0.0,0.0,0,0,300.0,80.0,75.0,50.0,75.0,75.0,Down,Down,50,100,50,50,55.8743961352657,52.10828025477707,53.29113924050633,52.90384615384615,1,gykh8ja7,,,,,0
17,ao798wr7,,0,587,587,FinalPage,ThankYou,2026-09-14 08:47:38.396990,1,,,555.56,2,,0.0,M_no_W_exp,0,100,"{""w0"":100,""wu"":100,""wd"":100}",90,,R/2 + (100 - R),2*R + (100 - R),50%,The median of all submitted prices,Buy one more share,0,0,,,300,80,100,500.0,100,500.0,100,400.0,100,400.0,,,,,,,,,2,1,"3, 7",4,0.0,0.0,0.0,0.0,0.0,0,0,0,0,0,4,0.0,0.0,0,0,300.0,80.0,75.0,50.0,75.0,75.0,Down,Down,50,100,50,50,55.8743961352657,52.10828025477707,53.29113924050633,52.90384615384615,1,gykh8ja7,,,,,0
18,3788h5gm,,0,587,587,FinalPage,ThankYou,2026-09-14 08:47:38.404908,1,,,888.89,3,,0.0,M_no_W_exp,30,70,"{""w0"":100,""wu"":130,""wd"":85}",70,,R/2 + (100 - R),2*R + (100 - R),50%,The median of all submitted prices,Buy one more share,0,0,,,147,90,150,350.0,120,400.0,100,250.0,90,200.0,,,,,,,,,2,1,"3, 7",4,0.0,0.0,0.0,0.0,0.0,0,0,0,-1,1,4,0.0,0.0,0,0,300.0,80.0,75.0,50.0,75.0,75.0,Down,Down,50,100,50,50,55.8743961352657,52.10828025477707,53.29113924050633,52.90384615384615,1,gykh8ja7,,,,,0
19,dk85qrmf,,0,587,587,FinalPage,ThankYou,2026-09-14 08:47:38.415392,1,,,1166.67,4,,0.0,M_no_W_exp,11,89,"{""w0"":100,""wu"":111,""wd"":95}",79,,R/2 + (100 - R),2*R + (100 - R),50%,The median of all submitted prices,Buy one more share,0,0,,,50,20,110,300.0,115,350.0,100,200.0,110,300.0,,,,,,,,,2,1,"3, 7",4,0.0,0.0,0.0,0.0,0.0,0,0,0,-1,-1,4,0.0,0.0,0,0,300.0,80.0,75.0,50.0,75.0,75.0,Down,Down,50,100,50,50,55.8743961352657,52.10828025477707,53.29113924050633,52.90384615384615,1,gykh8ja7,,,,,0
20,qruijzzl,,0,587,587,FinalPage,ThankYou,2026-09-14 08:47:38.525965,1,,,55.56,5,,0.0,M_no_W_exp,100,0,"{""w0"":100,""wu"":200,""wd"":50}",100,,R/2 + (100 - R),2*R + (100 - R),50%,The median of all submitted prices,Buy one more share,0,0,,,599,1,180,550.0,200,600.0,100,300.0,0,1.0,,,,,,,,,2,1,"3, 7",4,0.0,0.0,0.0,0.0,0.0,0,0,0,1,-1,4,0.0,0.0,0,0,300.0,80.0,75.0,50.0,75.0,75.0,Down,Down,50,100,50,50,55.8743961352657,52.10828025477707,53.29113924050633,52.90384615384615,1,gykh8ja7,,,,,0
21,vlvkdjz0,,0,587,587,FinalPage,ThankYou,2026-09-14 08:47:38.588196,1,,,722.22,1,,0.0,M_no_W_exp,70,30,"{""w0"":100,""wu"":170,""wd"":65}",65,,R/2 + (100 - R),2*R + (100 - R),50%,The median of all submitted prices,Buy one more share,0,0,,,350,250,180,550.0,180,550.0,100,550.0,100,450.0,,,,,,,,,2,1,"3, 7",4,0.0,0.0,0.0,0.0,0.0,0,0,0,1,1,5,0.0,0.0,0,1,250.0,100.0,75.0,150.0,125.0,75.0,Up,Down,50,50,25,50,55.8743961352657,52.10828025477707,53.29113924050633,52.90384615384615,1,gykh8ja7,,,,,0
22,9n1v1smg,,0,587,587,FinalPage,ThankYou,2026-09-14 08:47:38.706184,1,,,277.78,2,,0.0,M_no_W_exp,50,50,"{""w0"":100,""wu"":150,""wd"":75}",70,,R/2 + (100 - R),2*R + (100 - R),50%,The median of all submitted prices,Buy one more share,0,0,,,250,50,100,300.0,150,300.0,35,100.0,15,55.0,,,,,,,,,2,1,"3, 7",4,0.0,0.0,0.0,0.0,0.0,0,0,0,0,-1,5,0.0,0.0,0,1,250.0,100.0,75.0,150.0,125.0,75.0,Up,Down,50,50,25,50,55.8743961352657,52.10828025477707,53.29113924050633,52.90384615384615,1,gykh8ja7,,,,,0
23,kw7jjs2b,,0,587,587,FinalPage,ThankYou,2026-09-14 08:47:38.799963,1,,,944.44,3,,0.0,M_no_W_exp,200,-100,"{""w0"":100,""wu"":300,""wd"":0}",100,,R/2 + (100 - R),2*R + (100 - R),50%,The median of all submitted prices,Buy one more share,0,0,,,599,1,180,127.0,190,359.0,20,43.0,10,22.0,,,,,,,,,2,1,"3, 7",4,0.0,0.0,0.0,0.0,0.0,0,0,0,1,-1,5,0.0,0.0,0,1,250.0,100.0,75.0,150.0,125.0,75.0,Up,Down,50,50,25,50,55.8743961352657,52.10828025477707,53.29113924050633,52.90384615384615,1,gykh8ja7,,,,,0
24,pop23w57,,0,587,587,FinalPage,ThankYou,2026-09-14 08:47:38.808538,1,,,888.89,4,,0.0,M_no_W_exp,50,50,"{""w0"":100,""wu"":150,""wd"":75}",80,,R/2 + (100 - R),2*R + (100 - R),50%,The median of all submitted prices,Buy one more share,0,0,,,200,100,50,80.0,50,100.0,150,250.0,200,400.0,,,,,,,,,2,1,"3, 7",4,0.0,0.0,0.0,0.0,0.0,0,0,0,-1,1,5,0.0,0.0,0,1,250.0,100.0,75.0,150.0,125.0,75.0,Up,Down,50,50,25,50,55.8743961352657,52.10828025477707,53.29113924050633,52.90384615384615,1,gykh8ja7,,,,,0
25,cbc0ayyd,,0,587,587,FinalPage,ThankYou,2026-09-14 08:47:39.019154,1,,,1277.78,5,,0.0,M_no_W_exp,200,-100,"{""w0"":100,""wu"":300,""wd"":0}",50,,R/2 + (100 - R),2*R + (100 - R),50%,The median of all submitted prices,Buy one more share,0,1,,,100,100,200,295.0,200,300.0,100,100.0,100,100.0,,,,,,,,,2,1,"3, 7",4,0.0,0.0,0.0,0.0,0.0,0,0,0,-1,0,5,0.0,0.0,0,1,250.0,100.0,75.0,150.0,125.0,75.0,Up,Down,50,50,25,50,55.8743961352657,52.10828025477707,53.29113924050633,52.90384615384615,1,gykh8ja7,,,,,0
1,1c9g6x62,,0,587,587,FinalPage,ThankYou,2026-09-14 08:47:37.268362,1,,,722.22,1,,0.0,M_no_W_exp,,,,,,,,,,,0,0,,,100,100,,,,,,,,,,,,,,,,,2,1,"3, 7",4,0.0,0.0,0.0,0.0,0.0,0,0,0,-1,0,1,0.0,0.0,1,1,350.0,100.0,85.0,50.0,100.0,75.0,Down,Down,30,100,0,50,55.8743961352657,52.10828025477707,53.29113924050633,52.90384615384615,2,gykh8ja7,,,,,0
2,7fakiwkr,,0,587,587,FinalPage,ThankYou,2026-09-14 08:47:37.284907,1,,,555.56,2,,0.0,M_no_W_exp,,,,,,,,,,,0,0,,,300,300,,,,,,,,,,,,,,,,,2,1,"3, 7",4,0.0,0.0,0.0,0.0,0.0,0,0,0,-1,1,1,0.0,0.0,1,1,350.0,100.0,85.0,50.0,100.0,75.0,Down,Down,30,100,0,50,55.8743961352657,52.10828025477707,53.29113924050633,52.90384615384615,2,gykh8ja7,,,,,0
3,d4zd28hb,,0,587,587,FinalPage,ThankYou,2026-09-14 08:47:37.385946,1,,,666.67,3,,0.0,M_no_W_exp,,,,,,,,,,,0,0,,,400,50,,,,,,,,,,,,,,,,,2,1,"3, 7",4,0.0,0.0,0.0,0.0,0.0,0,0,0,1,-1,1,0.0,0.0,1,1,350.0,100.0,85.0,50.0,100.0,75.0,Down,Down,30,100,0,50,55.8743961352657,52.10828025477707,53.29113924050633,52.90384615384615,2,gykh8ja7,,,,,0
4,ja5c25rz,,0,587,587,FinalPage,ThankYou,2026-09-14 08:47:38.211419,1,,,500.0,4,,0.0,M_no_W_exp,,,,,,,,,,,0,0,,,350,100,,,,,,,,,,,,,,,,,2,1,"3, 7",4,0.0,0.0,0.0,0.0,0.0,0,0,0,0,-1,1,0.0,0.0,1,1,350.0,100.0,85.0,50.0,100.0,75.0,Down,Down,30,100,0,50,55.8743961352657,52.10828025477707,53.29113924050633,52.90384615384615,2,gykh8ja7,,,,,0
5,oedddvhv,,0,587,587,FinalPage,ThankYou,2026-09-14 08:47:38.224881,1,,,0.0,5,,0.0,M_no_W_exp,,,,,,,,,,,0,0,,,480,120,,,,,,,,,,,,,,,,,2,1,"3, 7",4,0.0,0.0,0.0,0.0,0.0,0,0,0,1,1,1,0.0,0.0,1,1,350.0,100.0,85.0,50.0,100.0,75.0,Down,Down,30,100,0,50,55.8743961352657,52.10828025477707,53.29113924050633,52.90384615384615,2,gykh8ja7,,,,,0
6,7q18nnfd,,0,587,587,FinalPage,ThankYou,2026-09-14 08:47:38.238172,1,,,888.89,1,,0.0,M_no_W_exp,,,,,,,,,,,0,0,,,360,100,,,,,,,,,,,,,,,,,2,1,"3, 7",4,0.0,0.0,0.0,0.0,0.0,0,0,0,-1,-1,2,0.0,0.0,1,0,450.0,100.0,150.0,130.0,100.0,175.0,Up,Up,50,30,75,0,55.8743961352657,52.10828025477707,53.29113924050633,52.90384615384615,2,gykh8ja7,,,,,0
7,03zce18q,,0,587,587,FinalPage,ThankYou,2026-09-14 08:47:38.255812,1,,,944.44,2,,0.0,M_no_W_exp,,,,,,,,,,,0,0,,,150,60,,,,,,,,,,,,,,,,,2,1,"3, 7",4,0.0,0.0,0.0,0.0,0.0,0,0,0,-1,-1,2,0.0,0.0,1,0,450.0,100.0,150.0,130.0,100.0,175.0,Up,Up,50,30,75,0,55.8743961352657,52.10828025477707,53.29113924050633,52.90384615384615,2,gykh8ja7,,,,,0
8,wbs0fdl5,,0,587,587,FinalPage,ThankYou,2026-09-14 08:47:38.263655,1,,,777.78,3,,0.0,M_no_W_exp,,,,,,,,,,,0,0,,,500,100,,,,,,,,,,,,,,,,,2,1,"3, 7",4,0.0,0.0,0.0,0.0,0.0,0,0,0,1,1,2,0.0,0.0,1,0,450.0,100.0,150.0,130.0,100.0,175.0,Up,Up,50,30,75,0,55.8743961352657,52.10828025477707,53.29113924050633,52.90384615384615,2,gykh8ja7,,,,,0
9,cqrngk2a,,0,587,587,FinalPage,ThankYou,2026-09-14 08:47:38.275787,1,,,1000.0,4,,0.0,M_no_W_exp,,,,,,,,,,,0,0,,,450,100,,,,,,,,,,,,,,,,,2,1,"3, 7",4,0.0,0.0,0.0,0.0,0.0,0,0,0,0,0,2,0.0,0.0,1,0,450.0,100.0,150.0,130.0,100.0,175.0,Up,Up,50,30,75,0,55.8743961352657,52.10828025477707,53.29113924050633,52.90384615384615,2,gykh8ja7,,,,,0
10,259xsu1c,,0,587,587,FinalPage,ThankYou,2026-09-14 08:47:38.296234,1,,,833.33,5,,0.0,M_no_W_exp,,,,,,,,,,,0,0,,,480,120,,,,,,,,,,,,,,,,,2,1,"3, 7",4,0.0,0.0,0.0,0.0,0.0,0,0,0,1,1,2,0.0,0.0,1,0,450.0,100.0,150.0,130.0,100.0,175.0,Up,Up,50,30,75,0,55.8743961352657,52.10828025477707,53.29113924050633,52.90384615384615,2,gykh8ja7,,,,,0
11,xnss4pg0,,0,587,587,FinalPage,ThankYou,2026-09-14 08:47:38.303827,1,,,611.11,1,,0.0,M_no_W_exp,,,,,,,,,,,0,0,,,400,175,,,,,,,,,,,,,,,,,2,1,"3, 7",4,0.0,0.0,0.0,0.0,0.0,0,0,0,0,1,3,0.0,0.0,0,1,400.0,100.0,120.0,90.0,90.0,150.0,Down,Up,20,20,20,50,55.8743961352657,52.10828025477707,53.29113924050633,52.90384615384615,2,gykh8ja7,,,,,0
12,5seuckqb,,0,587,587,FinalPage,ThankYou,2026-09-14 08:47:38.336823,1,,,611.11,2,,0.0,M_no_W_exp,,,,,,,,,,,0,0,,,400,100,,,,,,,,,,,,,,,,,2,1,"3, 7",4,0.0,0.0,0.0,0.0,0.0,0,0,0,1,0,3,0.0,0.0,0,1,400.0,100.0,120.0,90.0,90.0,150.0,Down,Up,20,20,20,50,55.8743961352657,52.10828025477707,53.29113924050633,52.90384615384615,2,gykh8ja7,,,,,0
13,hdnqitby,,0,587,587,FinalPage,ThankYou,2026-09-14 08:47:38.344821,1,,,722.22,3,,0.0,M_no_W_exp,,,,,,,,,,,0,0,,,400,200,,,,,,,,,,,,,,,,,2,1,"3, 7",4,0.0,0.0,0.0,0.0,0.0,0,0,0,-1,1,3,0.0,0.0,0,1,400.0,100.0,120.0,90.0,90.0,150.0,Down,Up,20,20,20,50,55.8743961352657,52.10828025477707,53.29113924050633,52.90384615384615,2,gykh8ja7,,,,,0
14,ss3joq82,,0,587,587,FinalPage,ThankYou,2026-09-14 08:47:38.357265,1,,,611.11,4,,0.0,M_no_W_exp,,,,,,,,,,,0,0,,,501,99,,,,,,,,,,,,,,,,,2,1,"3, 7",4,0.0,0.0,0.0,0.0,0.0,0,0,0,1,-1,3,0.0,0.0,0,1,400.0,100.0,120.0,90.0,90.0,150.0,Down,Up,20,20,20,50,55.8743961352657,52.10828025477707,53.29113924050633,52.90384615384615,2,gykh8ja7,,,,,0
15,5wh6kzb3,,0,587,587,FinalPage,ThankYou,2026-09-14 08:47:38.376395,1,,,1277.78,5,,0.0,M_no_W_exp,,,,,,,,,,,0,0,,,300,100,,,,,,,,,,,,,,,,,2,1,"3, 7",4,0.0,0.0,0.0,0.0,0.0,0,0,0,-1,-1,3,0.0,0.0,0,1,400.0,100.0,120.0,90.0,90.0,150.0,Down,Up,20,20,20,50,55.8743961352657,52.10828025477707,53.29113924050633,52.90384615384615,2,gykh8ja7,,,,,0
16,kh2preog,,0,587,587,FinalPage,ThankYou,2026-09-14 08:47:38.385376,1,,,0.0,1,,0.0,M_no_W_exp,,,,,,,,,,,0,0,,,480,120,,,,,,,,,,,,,,,,,2,1,"3, 7",4,0.0,0.0,0.0,0.0,0.0,0,0,0,1,1,4,0.0,0.0,0,0,355.0,80.0,75.0,50.0,75.0,75.0,Down,Down,50,100,50,50,55.8743961352657,52.10828025477707,53.29113924050633,52.90384615384615,2,gykh8ja7,,,,,0
17,ao798wr7,,0,587,587,FinalPage,ThankYou,2026-09-14 08:47:38.396990,1,,,555.56,2,,0.0,M_no_W_exp,,,,,,,,,,,0,0,,,250,75,,,,,,,,,,,,,,,,,2,1,"3, 7",4,0.0,0.0,0.0,0.0,0.0,0,0,0,-1,-1,4,0.0,0.0,0,0,355.0,80.0,75.0,50.0,75.0,75.0,Down,Down,50,100,50,50,55.8743961352657,52.10828025477707,53.29113924050633,52.90384615384615,2,gykh8ja7,,,,,0
18,3788h5gm,,0,587,587,FinalPage,ThankYou,2026-09-14 08:47:38.404908,1,,,888.89,3,,0.0,M_no_W_exp,,,,,,,,,,,0,0,,,355,60,,,,,,,,,,,,,,,,,2,1,"3, 7",4,0.0,0.0,0.0,0.0,0.0,0,0,0,0,-1,4,0.0,0.0,0,0,355.0,80.0,75.0,50.0,75.0,75.0,Down,Down,50,100,50,50,55.8743961352657,52.10828025477707,53.29113924050633,52.90384615384615,2,gykh8ja7,,,,,0
19,dk85qrmf,,0,587,587,FinalPage,ThankYou,2026-09-14 08:47:38.415392,1,,,1166.67,4,,0.0,M_no_W_exp,,,,,,,,,,,0,0,,,300,80,,,,,,,,,,,,,,,,,2,1,"3, 7",4,0.0,0.0,0.0,0.0,0.0,0,0,0,-1,0,4,0.0,0.0,0,0,355.0,80.0,75.0,50.0,75.0,75.0,Down,Down,50,100,50,50,55.8743961352657,52.10828025477707,53.29113924050633,52.90384615384615,2,gykh8ja7,,,,,0
20,qruijzzl,,0,587,587,FinalPage,ThankYou,2026-09-14 08:47:38.525965,1,,,55.56,5,,0.0,M_no_W_exp,,,,,,,,,,,0,0,,,450,150,,,,,,,,,,,,,,,,,2,1,"3, 7",4,0.0,0.0,0.0,0.0,0.0,0,0,0,1,1,4,0.0,0.0,0,0,355.0,80.0,75.0,50.0,75.0,75.0,Down,Down,50,100,50,50,55.8743961352657,52.10828025477707,53.29113924050633,52.90384615384615,2,gykh8ja7,,,,,0
21,vlvkdjz0,,0,587,587,FinalPage,ThankYou,2026-09-14 08:47:38.588196,1,,,722.22,1,,0.0,M_no_W_exp,,,,,,,,,,,0,0,,,250,350,,,,,,,,,,,,,,,,,2,1,"3, 7",4,0.0,0.0,0.0,0.0,0.0,0,0,0,0,1,5,0.0,0.0,0,1,250.0,75.0,75.0,150.0,125.0,75.0,Up,Down,50,50,25,50,55.8743961352657,52.10828025477707,53.29113924050633,52.90384615384615,2,gykh8ja7,,,,,0
22,9n1v1smg,,0,587,587,FinalPage,ThankYou,2026-09-14 08:47:38.706184,1,,,277.78,2,,0.0,M_no_W_exp,,,,,,,,,,,0,0,,,200,75,,,,,,,,,,,,,,,,,2,1,"3, 7",4,0.0,0.0,0.0,0.0,0.0,0,0,0,-1,0,5,0.0,0.0,0,1,250.0,75.0,75.0,150.0,125.0,75.0,Up,Down,50,50,25,50,55.8743961352657,52.10828025477707,53.29113924050633,52.90384615384615,2,gykh8ja7,,,,,0
23,kw7jjs2b,,0,587,587,FinalPage,ThankYou,2026-09-14 08:47:38.799963,1,,,944.44,3,,0.0,M_no_W_exp,,,,,,,,,,,0,0,,,599,1,,,,,,,,,,,,,,,,,2,1,"3, 7",4,0.0,0.0,0.0,0.0,0.0,0,0,0,1,-1,5,0.0,0.0,0,1,250.0,75.0,75.0,150.0,125.0,75.0,Up,Down,50,50,25,50,55.8743961352657,52.10828025477707,53.29113924050633,52.90384615384615,2,gykh8ja7,,,,,0
24,pop23w57,,0,587,587,FinalPage,ThankYou,2026-09-14 08:47:38.808538,1,,,888.89,4,,0.0,M_no_W_exp,,,,,,,,,,,0,0,,,300,300,,,,,,,,,,,,,,,,,2,1,"3, 7",4,0.0,0.0,0.0,0.0,0.0,0,0,0,1,1,5,0.0,0.0,0,1,250.0,75.0,75.0,150.0,125.0,75.0,Up,Down,50,50,25,50,55.8743961352657,52.10828025477707,53.29113924050633,52.90384615384615,2,gykh8ja7,,,,,0
25,cbc0ayyd,,0,587,587,FinalPage,ThankYou,2026-09-14 08:47:39.019154,1,,,1277.78,5,,0.0,M_no_W_exp,,,,,,,,,,,0,0,,,100,70,,,,,,,,,,,,,,,,,2,1,"3, 7",4,0.0,0.0,0.0,0.0,0.0,0,0,0,-1,-1,5,0.0,0.0,0,1,250.0,75.0,75.0,150.0,125.0,75.0,Up,Down,50,50,25,50,55.8743961352657,52.10828025477707,53.29113924050633,52.90384615384615,2,gykh8ja7,,,,,0
1,1c9g6x62,,0,587,587,FinalPage,ThankYou,2026-09-14 08:47:37.268362,1,,,722.22,1,,0.0,M_no_W_exp,,,,,,,,,,,0,0,,,400,200,,,,,,,,,,,,,,,,,2,1,"3, 7",4,0.0,0.0,0.0,0.0,0.0,0,0,0,0,1,1,0.0,0.0,1,1,400.0,150.0,85.0,50.0,100.0,75.0,Down,Down,30,100,0,50,55.8743961352657,52.10828025477707,53.29113924050633,52.90384615384615,3,gykh8ja7,,,,,0
2,7fakiwkr,,0,587,587,FinalPage,ThankYou,2026-09-14 08:47:37.284907,1,,,555.56,2,,0.0,M_no_W_exp,,,,,,,,,,,0,0,,,500,99,,,,,,,,,,,,,,,,,2,1,"3, 7",4,0.0,0.0,0.0,0.0,0.0,0,0,0,1,-1,1,0.0,0.0,1,1,400.0,150.0,85.0,50.0,100.0,75.0,Down,Down,30,100,0,50,55.8743961352657,52.10828025477707,53.29113924050633,52.90384615384615,3,gykh8ja7,,,,,0
3,d4zd28hb,,0,587,587,FinalPage,ThankYou,2026-09-14 08:47:37.385946,1,,,666.67,3,,0.0,M_no_W_exp,,,,,,,,,,,0,0,,,400,200,,,,,,,,,,,,,,,,,2,1,"3, 7",4,0.0,0.0,0.0,0.0,0.0,0,0,0,-1,1,1,0.0,0.0,1,1,400.0,150.0,85.0,50.0,100.0,75.0,Down,Down,30,100,0,50,55.8743961352657,52.10828025477707,53.29113924050633,52.90384615384615,3,gykh8ja7,,,,,0
4,ja5c25rz,,0,587,587,FinalPage,ThankYou,2026-09-14 08:47:38.211419,1,,,500.0,4,,0.0,M_no_W_exp,,,,,,,,,,,0,0,,,400,150,,,,,,,,,,,,,,,,,2,1,"3, 7",4,0.0,0.0,0.0,0.0,0.0,0,0,0,-1,0,1,0.0,0.0,1,1,400.0,150.0,85.0,50.0,100.0,75.0,Down,Down,30,100,0,50,55.8743961352657,52.10828025477707,53.29113924050633,52.90384615384615,3,gykh8ja7,,,,,0
5,oedddvhv,,0,587,587,FinalPage,ThankYou,2026-09-14 08:47:38.224881,1,,,0.0,5,,0.0,M_no_W_exp,,,,,,,,,,,0,0,,,480,120,,,,,,,,,,,,,,,,,2,1,"3, 7",4,0.0,0.0,0.0,0.0,0.0,0,0,0,1,-1,1,0.0,0.0,1,1,400.0,150.0,85.0,50.0,100.0,75.0,Down,Down,30,100,0,50,55.8743961352657,52.10828025477707,53.29113924050633,52.90384615384615,3,gykh8ja7,,,,,0
6,7q18nnfd,,0,587,587,FinalPage,ThankYou,2026-09-14 08:47:38.238172,1,,,888.89,1,,0.0,M_no_W_exp,,,,,,,,,,,0,0,,,480,80,,,,,,,,,,,,,,,,,2,1,"3, 7",4,0.0,0.0,0.0,0.0,0.0,0,0,0,1,1,2,0.0,0.0,1,0,160.0,65.0,150.0,130.0,100.0,175.0,Up,Up,50,30,75,0,55.8743961352657,52.10828025477707,53.29113924050633,52.90384615384615,3,gykh8ja7,,,,,0
7,03zce18q,,0,587,587,FinalPage,ThankYou,2026-09-14 08:47:38.255812,1,,,944.44,2,,0.0,M_no_W_exp,,,,,,,,,,,0,0,,,160,65,,,,,,,,,,,,,,,,,2,1,"3, 7",4,0.0,0.0,0.0,0.0,0.0,0,0,0,0,0,2,0.0,0.0,1,0,160.0,65.0,150.0,130.0,100.0,175.0,Up,Up,50,30,75,0,55.8743961352657,52.10828025477707,53.29113924050633,52.90384615384615,3,gykh8ja7,,,,,0
8,wbs0fdl5,,0,587,587,FinalPage,ThankYou,2026-09-14 08:47:38.263655,1,,,777.78,3,,0.0,M_no_W_exp,,,,,,,,,,,0,0,,,100,50,,,,,,,,,,,,,,,,,2,1,"3, 7",4,0.0,0.0,0.0,0.0,0.0,0,0,0,-1,-1,2,0.0,0.0,1,0,160.0,65.0,150.0,130.0,100.0,175.0,Up,Up,50,30,75,0,55.8743961352657,52.10828025477707,53.29113924050633,52.90384615384615,3,gykh8ja7,,,,,0
9,cqrngk2a,,0,587,587,FinalPage,ThankYou,2026-09-14 08:47:38.275787,1,,,1000.0,4,,0.0,M_no_W_exp,,,,,,,,,,,0,0,,,300,100,,,,,,,,,,,,,,,,,2,1,"3, 7",4,0.0,0.0,0.0,0.0,0.0,0,0,0,1,1,2,0.0,0.0,1,0,160.0,65.0,150.0,130.0,100.0,175.0,Up,Up,50,30,75,0,55.8743961352657,52.10828025477707,53.29113924050633,52.90384615384615,3,gykh8ja7,,,,,0
10,259xsu1c,,0,587,587,FinalPage,ThankYou,2026-09-14 08:47:38.296234,1,,,833.33,5,,0.0,M_no_W_exp,,,,,,,,,,,0,0,,,100,47,,,,,,,,,,,,,,,,,2,1,"3, 7",4,0.0,0.0,0.0,0.0,0.0,0,0,0,-1,-1,2,0.0,0.0,1,0,160.0,65.0,150.0,130.0,100.0,175.0,Up,Up,50,30,75,0,55.8743961352657,52.10828025477707,53.29113924050633,52.90384615384615,3,gykh8ja7,,,,,0
11,xnss4pg0,,0,587,587,FinalPage,ThankYou,2026-09-14 08:47:38.303827,1,,,611.11,1,,0.0,M_no_W_exp,,,,,,,,,,,0,0,,,400,75,,,,,,,,,,,,,,,,,2,1,"3, 7",4,0.0,0.0,0.0,0.0,0.0,0,0,0,-1,-1,3,0.0,0.0,0,1,401.0,90.0,120.0,90.0,90.0,150.0,Down,Up,20,20,20,50,55.8743961352657,52.10828025477707,53.29113924050633,52.90384615384615,3,gykh8ja7,,,,,0
12,5seuckqb,,0,587,587,FinalPage,ThankYou,2026-09-14 08:47:38.336823,1,,,611.11,2,,0.0,M_no_W_exp,,,,,,,,,,,0,0,,,401,90,,,,,,,,,,,,,,,,,2,1,"3, 7",4,0.0,0.0,0.0,0.0,0.0,0,0,0,0,0,3,0.0,0.0,0,1,401.0,90.0,120.0,90.0,90.0,150.0,Down,Up,20,20,20,50,55.8743961352657,52.10828025477707,53.29113924050633,52.90384615384615,3,gykh8ja7,,,,,0
13,hdnqitby,,0,587,587,FinalPage,ThankYou,2026-09-14 08:47:38.344821,1,,,722.22,3,,0.0,M_no_W_exp,,,,,,,,,,,0,0,,,450,150,,,,,,,,,,,,,,,,,2,1,"3, 7",4,0.0,0.0,0.0,0.0,0.0,0,0,0,1,1,3,0.0,0.0,0,1,401.0,90.0,120.0,90.0,90.0,150.0,Down,Up,20,20,20,50,55.8743961352657,52.10828025477707,53.29113924050633,52.90384615384615,3,gykh8ja7,,,,,0
14,ss3joq82,,0,587,587,FinalPage,ThankYou,2026-09-14 08:47:38.357265,1,,,611.11,4,,0.0,M_no_W_exp,,,,,,,,,,,0,0,,,541,59,,,,,,,,,,,,,,,,,2,1,"3, 7",4,0.0,0.0,0.0,0.0,0.0,0,0,0,1,-1,3,0.0,0.0,0,1,401.0,90.0,120.0,90.0,90.0,150.0,Down,Up,20,20,20,50,55.8743961352657,52.10828025477707,53.29113924050633,52.90384615384615,3,gykh8ja7,,,,,0
15,5wh6kzb3,,0,587,587,FinalPage,ThankYou,2026-09-14 08:47:38.376395,1,,,1277.78,5,,0.0,M_no_W_exp,,,,,,,,,,,0,0,,,390,110,,,,,,,,,,,,,,,,,2,1,"3, 7",4,0.0,0.0,0.0,0.0,0.0,0,0,0,-1,1,3,0.0,0.0,0,1,401.0,90.0,120.0,90.0,90.0,150.0,Down,Up,20,20,20,50,55.8743961352657,52.10828025477707,53.29113924050633,52.90384615384615,3,gykh8ja7,,,,,0
16,kh2preog,,0,587,587,FinalPage,ThankYou,2026-09-14 08:47:38.385376,1,,,0.0,1,,0.0,M_no_W_exp,,,,,,,,,,,0,0,,,450,150,,,,,,,,,,,,,,,,,2,1,"3, 7",4,0.0,0.0,0.0,0.0,0.0,0,0,0,1,1,4,0.0,0.0,0,0,365.0,90.0,75.0,50.0,75.0,75.0,Down,Down,50,100,50,50,55.8743961352657,52.10828025477707,53.29113924050633,52.90384615384615,3,gykh8ja7,,,,,0
17,ao798wr7,,0,587,587,FinalPage,ThankYou,2026-09-14 08:47:38.396990,1,,,555.56,2,,0.0,M_no_W_exp,,,,,,,,,,,0,0,,,350,80,,,,,,,,,,,,,,,,,2,1,"3, 7",4,0.0,0.0,0.0,0.0,0.0,0,0,0,-1,-1,4,0.0,0.0,0,0,365.0,90.0,75.0,50.0,75.0,75.0,Down,Down,50,100,50,50,55.8743961352657,52.10828025477707,53.29113924050633,52.90384615384615,3,gykh8ja7,,,,,0
18,3788h5gm,,0,587,587,FinalPage,ThankYou,2026-09-14 08:47:38.404908,1,,,888.89,3,,0.0,M_no_W_exp,,,,,,,,,,,0,0,,,365,90,,,,,,,,,,,,,,,,,2,1,"3, 7",4,0.0,0.0,0.0,0.0,0.0,0,0,0,0,0,4,0.0,0.0,0,0,365.0,90.0,75.0,50.0,75.0,75.0,Down,Down,50,100,50,50,55.8743961352657,52.10828025477707,53.29113924050633,52.90384615384615,3,gykh8ja7,,,,,0
19,dk85qrmf,,0,587,587,FinalPage,ThankYou,2026-09-14 08:47:38.415392,1,,,1166.67,4,,0.0,M_no_W_exp,,,,,,,,,,,0,0,,,300,75,,,,,,,,,,,,,,,,,2,1,"3, 7",4,0.0,0.0,0.0,0.0,0.0,0,0,0,-1,-1,4,0.0,0.0,0,0,365.0,90.0,75.0,50.0,75.0,75.0,Down,Down,50,100,50,50,55.8743961352657,52.10828025477707,53.29113924050633,52.90384615384615,3,gykh8ja7,,,,,0
20,qruijzzl,,0,587,587,FinalPage,ThankYou,2026-09-14 08:47:38.525965,1,,,55.56,5,,0.0,M_no_W_exp,,,,,,,,,,,0,0,,,450,150,,,,,,,,,,,,,,,,,2,1,"3, 7",4,0.0,0.0,0.0,0.0,0.0,0,0,0,1,1,4,0.0,0.0,0,0,365.0,90.0,75.0,50.0,75.0,75.0,Down,Down,50,100,50,50,55.8743961352657,52.10828025477707,53.29113924050633,52.90384615384615,3,gykh8ja7,,,,,0
21,vlvkdjz0,,0,587,587,FinalPage,ThankYou,2026-09-14 08:47:38.588196,1,,,722.22,1,,0.0,M_no_W_exp,,,,,,,,,,,0,0,,,200,400,,,,,,,,,,,,,,,,,2,1,"3, 7",4,0.0,0.0,0.0,0.0,0.0,0,0,0,0,1,5,0.0,0.0,0,1,200.0,100.0,75.0,150.0,125.0,75.0,Up,Down,50,50,25,50,55.8743961352657,52.10828025477707,53.29113924050633,52.90384615384615,3,gykh8ja7,,,,,0
22,9n1v1smg,,0,587,587,FinalPage,ThankYou,2026-09-14 08:47:38.706184,1,,,277.78,2,,0.0,M_no_W_exp,,,,,,,,,,,0,0,,,275,55,,,,,,,,,,,,,,,,,2,1,"3, 7",4,0.0,0.0,0.0,0.0,0.0,0,0,0,1,-1,5,0.0,0.0,0,1,200.0,100.0,75.0,150.0,125.0,75.0,Up,Down,50,50,25,50,55.8743961352657,52.10828025477707,53.29113924050633,52.90384615384615,3,gykh8ja7,,,,,0
23,kw7jjs2b,,0,587,587,FinalPage,ThankYou,2026-09-14 08:47:38.799963,1,,,944.44,3,,0.0,M_no_W_exp,,,,,,,,,,,0,0,,,599,1,,,,,,,,,,,,,,,,,2,1,"3, 7",4,0.0,0.0,0.0,0.0,0.0,0,0,0,1,-1,5,0.0,0.0,0,1,200.0,100.0,75.0,150.0,125.0,75.0,Up,Down,50,50,25,50,55.8743961352657,52.10828025477707,53.29113924050633,52.90384615384615,3,gykh8ja7,,,,,0
24,pop23w57,,0,587,587,FinalPage,ThankYou,2026-09-14 08:47:38.808538,1,,,888.89,4,,0.0,M_no_W_exp,,,,,,,,,,,0,0,,,180,100,,,,,,,,,,,,,,,,,2,1,"3, 7",4,0.0,0.0,0.0,0.0,0.0,0,0,0,-1,0,5,0.0,0.0,0,1,200.0,100.0,75.0,150.0,125.0,75.0,Up,Down,50,50,25,50,55.8743961352657,52.10828025477707,53.29113924050633,52.90384615384615,3,gykh8ja7,,,,,0
25,cbc0ayyd,,0,587,587,FinalPage,ThankYou,2026-09-14 08:47:39.019154,1,,,1277.78,5,,0.0,M_no_W_exp,,,,,,,,,,,0,0,,,50,100,,,,,,,,,,,,,,,,,2,1,"3, 7",4,0.0,0.0,0.0,0.0,0.0,0,0,0,-1,1,5,0.0,0.0,0,1,200.0,100.0,75.0,150.0,125.0,75.0,Up,Down,50,50,25,50,55.8743961352657,52.10828025477707,53.29113924050633,52.90384615384615,3,gykh8ja7,,,,,0
1,1c9g6x62,,0,587,587,FinalPage,ThankYou,2026-09-14 08:47:37.268362,1,,,722.22,1,,0.0,M_no_W_exp,,,,,,,,,,,0,0,,,401,151,,,,,,,,,,,,,,,,,2,1,"3, 7",4,0.0,0.0,0.0,0.0,0.0,0,0,0,-1,1,1,0.0,0.0,1,1,450.0,150.0,85.0,50.0,100.0,75.0,Down,Down,30,100,0,50,55.8743961352657,52.10828025477707,53.29113924050633,52.90384615384615,4,gykh8ja7,,,,,0
2,7fakiwkr,,0,587,587,FinalPage,ThankYou,2026-09-14 08:47:37.284907,1,,,555.56,2,,0.0,M_no_W_exp,,,,,,,,,,,0,0,,,200,400,,,,,,,,,,,,,,,,,2,1,"3, 7",4,0.0,0.0,0.0,0.0,0.0,0,0,0,-1,1,1,0.0,0.0,1,1,450.0,150.0,85.0,50.0,100.0,75.0,Down,Down,30,100,0,50,55.8743961352657,52.10828025477707,53.29113924050633,52.90384615384615,4,gykh8ja7,,,,,0
3,d4zd28hb,,0,587,587,FinalPage,ThankYou,2026-09-14 08:47:37.385946,1,,,666.67,3,,0.0,M_no_W_exp,,,,,,,,,,,0,0,,,500,100,,,,,,,,,,,,,,,,,2,1,"3, 7",4,0.0,0.0,0.0,0.0,0.0,0,0,0,1,-1,1,0.0,0.0,1,1,450.0,150.0,85.0,50.0,100.0,75.0,Down,Down,30,100,0,50,55.8743961352657,52.10828025477707,53.29113924050633,52.90384615384615,4,gykh8ja7,,,,,0
4,ja5c25rz,,0,587,587,FinalPage,ThankYou,2026-09-14 08:47:38.211419,1,,,500.0,4,,0.0,M_no_W_exp,,,,,,,,,,,0,0,,,450,150,,,,,,,,,,,,,,,,,2,1,"3, 7",4,0.0,0.0,0.0,0.0,0.0,0,0,0,0,0,1,0.0,0.0,1,1,450.0,150.0,85.0,50.0,100.0,75.0,Down,Down,30,100,0,50,55.8743961352657,52.10828025477707,53.29113924050633,52.90384615384615,4,gykh8ja7,,,,,0
5,oedddvhv,,0,587,587,FinalPage,ThankYou,2026-09-14 08:47:38.224881,1,,,0.0,5,,0.0,M_no_W_exp,,,,,,,,,,,0,0,,,480,120,,,,,,,,,,,,,,,,,2,1,"3, 7",4,0.0,0.0,0.0,0.0,0.0,0,0,0,1,-1,1,0.0,0.0,1,1,450.0,150.0,85.0,50.0,100.0,75.0,Down,Down,30,100,0,50,55.8743961352657,52.10828025477707,53.29113924050633,52.90384615384615,4,gykh8ja7,,,,,0
6,7q18nnfd,,0,587,587,FinalPage,ThankYou,2026-09-14 08:47:38.238172,1,,,888.89,1,,0.0,M_no_W_exp,,,,,,,,,,,0,0,,,200,60,,,,,,,,,,,,,,,,,2,1,"3, 7",4,0.0,0.0,0.0,0.0,0.0,0,0,0,1,0,2,0.0,0.0,1,0,160.0,60.0,150.0,130.0,100.0,175.0,Up,Up,50,30,75,0,55.8743961352657,52.10828025477707,53.29113924050633,52.90384615384615,4,gykh8ja7,,,,,0
7,03zce18q,,0,587,587,FinalPage,ThankYou,2026-09-14 08:47:38.255812,1,,,944.44,2,,0.0,M_no_W_exp,,,,,,,,,,,0,0,,,175,50,,,,,,,,,,,,,,,,,2,1,"3, 7",4,0.0,0.0,0.0,0.0,0.0,0,0,0,1,-1,2,0.0,0.0,1,0,160.0,60.0,150.0,130.0,100.0,175.0,Up,Up,50,30,75,0,55.8743961352657,52.10828025477707,53.29113924050633,52.90384615384615,4,gykh8ja7,,,,,0
8,wbs0fdl5,,0,587,587,FinalPage,ThankYou,2026-09-14 08:47:38.263655,1,,,777.78,3,,0.0,M_no_W_exp,,,,,,,,,,,0,0,,,2,2,,,,,,,,,,,,,,,,,2,1,"3, 7",4,0.0,0.0,0.0,0.0,0.0,0,0,0,-1,-1,2,0.0,0.0,1,0,160.0,60.0,150.0,130.0,100.0,175.0,Up,Up,50,30,75,0,55.8743961352657,52.10828025477707,53.29113924050633,52.90384615384615,4,gykh8ja7,,,,,0
9,cqrngk2a,,0,587,587,FinalPage,ThankYou,2026-09-14 08:47:38.275787,1,,,1000.0,4,,0.0,M_no_W_exp,,,,,,,,,,,0,0,,,160,90,,,,,,,,,,,,,,,,,2,1,"3, 7",4,0.0,0.0,0.0,0.0,0.0,0,0,0,-1,1,2,0.0,0.0,1,0,160.0,60.0,150.0,130.0,100.0,175.0,Up,Up,50,30,75,0,55.8743961352657,52.10828025477707,53.29113924050633,52.90384615384615,4,gykh8ja7,,,,,0
10,259xsu1c,,0,587,587,FinalPage,ThankYou,2026-09-14 08:47:38.296234,1,,,833.33,5,,0.0,M_no_W_exp,,,,,,,,,,,0,0,,,160,80,,,,,,,,,,,,,,,,,2,1,"3, 7",4,0.0,0.0,0.0,0.0,0.0,0,0,0,0,1,2,0.0,0.0,1,0,160.0,60.0,150.0,130.0,100.0,175.0,Up,Up,50,30,75,0,55.8743961352657,52.10828025477707,53.29113924050633,52.90384615384615,4,gykh8ja7,,,,,0
11,xnss4pg0,,0,587,587,FinalPage,ThankYou,2026-09-14 08:47:38.303827,1,,,611.11,1,,0.0,M_no_W_exp,,,,,,,,,,,0,0,,,420,75,,,,,,,,,,,,,,,,,2,1,"3, 7",4,0.0,0.0,0.0,0.0,0.0,0,0,0,0,-1,3,0.0,0.0,0,1,420.0,97.0,120.0,90.0,90.0,150.0,Down,Up,20,20,20,50,55.8743961352657,52.10828025477707,53.29113924050633,52.90384615384615,4,gykh8ja7,,,,,0
12,5seuckqb,,0,587,587,FinalPage,ThankYou,2026-09-14 08:47:38.336823,1,,,611.11,2,,0.0,M_no_W_exp,,,,,,,,,,,0,0,,,420,97,,,,,,,,,,,,,,,,,2,1,"3, 7",4,0.0,0.0,0.0,0.0,0.0,0,0,0,-1,0,3,0.0,0.0,0,1,420.0,97.0,120.0,90.0,90.0,150.0,Down,Up,20,20,20,50,55.8743961352657,52.10828025477707,53.29113924050633,52.90384615384615,4,gykh8ja7,,,,,0
13,hdnqitby,,0,587,587,FinalPage,ThankYou,2026-09-14 08:47:38.344821,1,,,722.22,3,,0.0,M_no_W_exp,,,,,,,,,,,0,0,,,475,125,,,,,,,,,,,,,,,,,2,1,"3, 7",4,0.0,0.0,0.0,0.0,0.0,0,0,0,1,1,3,0.0,0.0,0,1,420.0,97.0,120.0,90.0,90.0,150.0,Down,Up,20,20,20,50,55.8743961352657,52.10828025477707,53.29113924050633,52.90384615384615,4,gykh8ja7,,,,,0
14,ss3joq82,,0,587,587,FinalPage,ThankYou,2026-09-14 08:47:38.357265,1,,,611.11,4,,0.0,M_no_W_exp,,,,,,,,,,,0,0,,,480,50,,,,,,,,,,,,,,,,,2,1,"3, 7",4,0.0,0.0,0.0,0.0,0.0,0,0,0,1,-1,3,0.0,0.0,0,1,420.0,97.0,120.0,90.0,90.0,150.0,Down,Up,20,20,20,50,55.8743961352657,52.10828025477707,53.29113924050633,52.90384615384615,4,gykh8ja7,,,,,0
15,5wh6kzb3,,0,587,587,FinalPage,ThankYou,2026-09-14 08:47:38.376395,1,,,1277.78,5,,0.0,M_no_W_exp,,,,,,,,,,,0,0,,,405,100,,,,,,,,,,,,,,,,,2,1,"3, 7",4,0.0,0.0,0.0,0.0,0.0,0,0,0,-1,1,3,0.0,0.0,0,1,420.0,97.0,120.0,90.0,90.0,150.0,Down,Up,20,20,20,50,55.8743961352657,52.10828025477707,53.29113924050633,52.90384615384615,4,gykh8ja7,,,,,0
16,kh2preog,,0,587,587,FinalPage,ThankYou,2026-09-14 08:47:38.385376,1,,,0.0,1,,0.0,M_no_W_exp,,,,,,,,,,,0,0,,,450,150,,,,,,,,,,,,,,,,,2,1,"3, 7",4,0.0,0.0,0.0,0.0,0.0,0,0,0,1,1,4,0.0,0.0,0,0,400.0,90.0,75.0,50.0,75.0,75.0,Down,Down,50,100,50,50,55.8743961352657,52.10828025477707,53.29113924050633,52.90384615384615,4,gykh8ja7,,,,,0
17,ao798wr7,,0,587,587,FinalPage,ThankYou,2026-09-14 08:47:38.396990,1,,,555.56,2,,0.0,M_no_W_exp,,,,,,,,,,,0,0,,,350,85,,,,,,,,,,,,,,,,,2,1,"3, 7",4,0.0,0.0,0.0,0.0,0.0,0,0,0,-1,-1,4,0.0,0.0,0,0,400.0,90.0,75.0,50.0,75.0,75.0,Down,Down,50,100,50,50,55.8743961352657,52.10828025477707,53.29113924050633,52.90384615384615,4,gykh8ja7,,,,,0
18,3788h5gm,,0,587,587,FinalPage,ThankYou,2026-09-14 08:47:38.404908,1,,,888.89,3,,0.0,M_no_W_exp,,,,,,,,,,,0,0,,,400,85,,,,,,,,,,,,,,,,,2,1,"3, 7",4,0.0,0.0,0.0,0.0,0.0,0,0,0,1,-1,4,0.0,0.0,0,0,400.0,90.0,75.0,50.0,75.0,75.0,Down,Down,50,100,50,50,55.8743961352657,52.10828025477707,53.29113924050633,52.90384615384615,4,gykh8ja7,,,,,0
19,dk85qrmf,,0,587,587,FinalPage,ThankYou,2026-09-14 08:47:38.415392,1,,,1166.67,4,,0.0,M_no_W_exp,,,,,,,,,,,0,0,,,360,90,,,,,,,,,,,,,,,,,2,1,"3, 7",4,0.0,0.0,0.0,0.0,0.0,0,0,0,-1,0,4,0.0,0.0,0,0,400.0,90.0,75.0,50.0,75.0,75.0,Down,Down,50,100,50,50,55.8743961352657,52.10828025477707,53.29113924050633,52.90384615384615,4,gykh8ja7,,,,,0
20,qruijzzl,,0,587,587,FinalPage,ThankYou,2026-09-14 08:47:38.525965,1,,,55.56,5,,0.0,M_no_W_exp,,,,,,,,,,,0,0,,,400,150,,,,,,,,,,,,,,,,,2,1,"3, 7",4,0.0,0.0,0.0,0.0,0.0,0,0,0,0,1,4,0.0,0.0,0,0,400.0,90.0,75.0,50.0,75.0,75.0,Down,Down,50,100,50,50,55.8743961352657,52.10828025477707,53.29113924050633,52.90384615384615,4,gykh8ja7,,,,,0
21,vlvkdjz0,,0,587,587,FinalPage,ThankYou,2026-09-14 08:47:38.588196,1,,,722.22,1,,0.0,M_no_W_exp,,,,,,,,,,,0,0,,,150,450,,,,,,,,,,,,,,,,,2,1,"3, 7",4,0.0,0.0,0.0,0.0,0.0,0,0,0,-1,1,5,0.0,0.0,0,1,200.0,101.0,75.0,150.0,125.0,75.0,Up,Down,50,50,25,50,55.8743961352657,52.10828025477707,53.29113924050633,52.90384615384615,4,gykh8ja7,,,,,0
22,9n1v1smg,,0,587,587,FinalPage,ThankYou,2026-09-14 08:47:38.706184,1,,,277.78,2,,0.0,M_no_W_exp,,,,,,,,,,,0,0,,,251,101,,,,,,,,,,,,,,,,,2,1,"3, 7",4,0.0,0.0,0.0,0.0,0.0,0,0,0,1,0,5,0.0,0.0,0,1,200.0,101.0,75.0,150.0,125.0,75.0,Up,Down,50,50,25,50,55.8743961352657,52.10828025477707,53.29113924050633,52.90384615384615,4,gykh8ja7,,,,,0
23,kw7jjs2b,,0,587,587,FinalPage,ThankYou,2026-09-14 08:47:38.799963,1,,,944.44,3,,0.0,M_no_W_exp,,,,,,,,,,,0,0,,,599,1,,,,,,,,,,,,,,,,,2,1,"3, 7",4,0.0,0.0,0.0,0.0,0.0,0,0,0,1,-1,5,0.0,0.0,0,1,200.0,101.0,75.0,150.0,125.0,75.0,Up,Down,50,50,25,50,55.8743961352657,52.10828025477707,53.29113924050633,52.90384615384615,4,gykh8ja7,,,,,0
24,pop23w57,,0,587,587,FinalPage,ThankYou,2026-09-14 08:47:38.808538,1,,,888.89,4,,0.0,M_no_W_exp,,,,,,,,,,,0,0,,,200,75,,,,,,,,,,,,,,,,,2,1,"3, 7",4,0.0,0.0,0.0,0.0,0.0,0,0,0,0,-1,5,0.0,0.0,0,1,200.0,101.0,75.0,150.0,125.0,75.0,Up,Down,50,50,25,50,55.8743961352657,52.10828025477707,53.29113924050633,52.90384615384615,4,gykh8ja7,,,,,0
25,cbc0ayyd,,0,587,587,FinalPage,ThankYou,2026-09-14 08:47:39.019154,1,,,1277.78,5,,0.0,M_no_W_exp,,,,,,,,,,,0,0,,,100,200,,,,,,,,,,,,,,,,,2,1,"3, 7",4,0.0,0.0,0.0,0.0,0.0,0,0,0,-1,1,5,0.0,0.0,0,1,200.0,101.0,75.0,150.0,125.0,75.0,Up,Down,50,50,25,50,55.8743961352657,52.10828025477707,53.29113924050633,52.90384615384615,4,gykh8ja7,,,,,0
1,1c9g6x62,,0,587,587,FinalPage,ThankYou,2026-09-14 08:47:37.268362,1,,,722.22,1,,0.0,M_no_W_exp,,,,,,,,,,,0,0,,,1,151,,,,,,,,,,,,,,,,,2,1,"3, 7",4,0.0,0.0,0.0,0.0,0.0,0,0,0,-1,1,1,0.0,0.0,1,1,480.0,120.0,85.0,50.0,100.0,75.0,Down,Down,30,100,0,50,55.8743961352657,52.10828025477707,53.29113924050633,52.90384615384615,5,gykh8ja7,,,,,0
2,7fakiwkr,,0,587,587,FinalPage,ThankYou,2026-09-14 08:47:37.284907,1,,,555.56,2,,0.0,M_no_W_exp,,,,,,,,,,,0,0,,,550,50,,,,,,,,,,,,,,,,,2,1,"3, 7",4,0.0,0.0,0.0,0.0,0.0,0,0,0,1,-1,1,0.0,0.0,1,1,480.0,120.0,85.0,50.0,100.0,75.0,Down,Down,30,100,0,50,55.8743961352657,52.10828025477707,53.29113924050633,52.90384615384615,5,gykh8ja7,,,,,0
3,d4zd28hb,,0,587,587,FinalPage,ThankYou,2026-09-14 08:47:37.385946,1,,,666.67,3,,0.0,M_no_W_exp,,,,,,,,,,,0,0,,,500,100,,,,,,,,,,,,,,,,,2,1,"3, 7",4,0.0,0.0,0.0,0.0,0.0,0,0,0,1,-1,1,0.0,0.0,1,1,480.0,120.0,85.0,50.0,100.0,75.0,Down,Down,30,100,0,50,55.8743961352657,52.10828025477707,53.29113924050633,52.90384615384615,5,gykh8ja7,,,,,0
4,ja5c25rz,,0,587,587,FinalPage,ThankYou,2026-09-14 08:47:38.211419,1,,,500.0,4,,0.0,M_no_W_exp,,,,,,,,,,,0,0,,,300,200,,,,,,,,,,,,,,,,,2,1,"3, 7",4,0.0,0.0,0.0,0.0,0.0,0,0,0,-1,1,1,0.0,0.0,1,1,480.0,120.0,85.0,50.0,100.0,75.0,Down,Down,30,100,0,50,55.8743961352657,52.10828025477707,53.29113924050633,52.90384615384615,5,gykh8ja7,,,,,0
5,oedddvhv,,0,587,587,FinalPage,ThankYou,2026-09-14 08:47:38.224881,1,,,0.0,5,,0.0,M_no_W_exp,,,,,,,,,,,0,0,,,480,120,,,,,,,,,,,,,,,,,2,1,"3, 7",4,0.0,0.0,0.0,0.0,0.0,0,0,0,0,0,1,0.0,0.0,1,1,480.0,120.0,85.0,50.0,100.0,75.0,Down,Down,30,100,0,50,55.8743961352657,52.10828025477707,53.29113924050633,52.90384615384615,5,gykh8ja7,,,,,0
6,7q18nnfd,,0,587,587,FinalPage,ThankYou,2026-09-14 08:47:38.238172,1,,,888.89,1,,0.0,M_no_W_exp,,,,,,,,,,,0,0,,,200,65,,,,,,,,,,,,,,,,,2,1,"3, 7",4,0.0,0.0,0.0,0.0,0.0,0,0,0,1,1,2,0.0,0.0,1,0,155.0,60.0,150.0,130.0,100.0,175.0,Up,Up,50,30,75,0,55.8743961352657,52.10828025477707,53.29113924050633,52.90384615384615,5,gykh8ja7,,,,,0
7,03zce18q,,0,587,587,FinalPage,ThankYou,2026-09-14 08:47:38.255812,1,,,944.44,2,,0.0,M_no_W_exp,,,,,,,,,,,0,0,,,170,45,,,,,,,,,,,,,,,,,2,1,"3, 7",4,0.0,0.0,0.0,0.0,0.0,0,0,0,1,-1,2,0.0,0.0,1,0,155.0,60.0,150.0,130.0,100.0,175.0,Up,Up,50,30,75,0,55.8743961352657,52.10828025477707,53.29113924050633,52.90384615384615,5,gykh8ja7,,,,,0
8,wbs0fdl5,,0,587,587,FinalPage,ThankYou,2026-09-14 08:47:38.263655,1,,,777.78,3,,0.0,M_no_W_exp,,,,,,,,,,,0,0,,,150,65,,,,,,,,,,,,,,,,,2,1,"3, 7",4,0.0,0.0,0.0,0.0,0.0,0,0,0,-1,1,2,0.0,0.0,1,0,155.0,60.0,150.0,130.0,100.0,175.0,Up,Up,50,30,75,0,55.8743961352657,52.10828025477707,53.29113924050633,52.90384615384615,5,gykh8ja7,,,,,0
9,cqrngk2a,,0,587,587,FinalPage,ThankYou,2026-09-14 08:47:38.275787,1,,,1000.0,4,,0.0,M_no_W_exp,,,,,,,,,,,0,0,,,155,60,,,,,,,,,,,,,,,,,2,1,"3, 7",4,0.0,0.0,0.0,0.0,0.0,0,0,0,0,0,2,0.0,0.0,1,0,155.0,60.0,150.0,130.0,100.0,175.0,Up,Up,50,30,75,0,55.8743961352657,52.10828025477707,53.29113924050633,52.90384615384615,5,gykh8ja7,,,,,0
10,259xsu1c,,0,587,587,FinalPage,ThankYou,2026-09-14 08:47:38.296234,1,,,833.33,5,,0.0,M_no_W_exp,,,,,,,,,,,0,0,,,100,50,,,,,,,,,,,,,,,,,2,1,"3, 7",4,0.0,0.0,0.0,0.0,0.0,0,0,0,-1,-1,2,0.0,0.0,1,0,155.0,60.0,150.0,130.0,100.0,175.0,Up,Up,50,30,75,0,55.8743961352657,52.10828025477707,53.29113924050633,52.90384615384615,5,gykh8ja7,,,,,0
11,xnss4pg0,,0,587,587,FinalPage,ThankYou,2026-09-14 08:47:38.303827,1,,,611.11,1,,0.0,M_no_W_exp,,,,,,,,,,,0,0,,,445,104,,,,,,,,,,,,,,,,,2,1,"3, 7",4,0.0,0.0,0.0,0.0,0.0,0,0,0,1,1,3,0.0,0.0,0,1,420.0,100.0,120.0,90.0,90.0,150.0,Down,Up,20,20,20,50,55.8743961352657,52.10828025477707,53.29113924050633,52.90384615384615,5,gykh8ja7,,,,,0
12,5seuckqb,,0,587,587,FinalPage,ThankYou,2026-09-14 08:47:38.336823,1,,,611.11,2,,0.0,M_no_W_exp,,,,,,,,,,,0,0,,,420,99,,,,,,,,,,,,,,,,,2,1,"3, 7",4,0.0,0.0,0.0,0.0,0.0,0,0,0,0,-1,3,0.0,0.0,0,1,420.0,100.0,120.0,90.0,90.0,150.0,Down,Up,20,20,20,50,55.8743961352657,52.10828025477707,53.29113924050633,52.90384615384615,5,gykh8ja7,,,,,0
13,hdnqitby,,0,587,587,FinalPage,ThankYou,2026-09-14 08:47:38.344821,1,,,722.22,3,,0.0,M_no_W_exp,,,,,,,,,,,0,0,,,410,110,,,,,,,,,,,,,,,,,2,1,"3, 7",4,0.0,0.0,0.0,0.0,0.0,0,0,0,-1,1,3,0.0,0.0,0,1,420.0,100.0,120.0,90.0,90.0,150.0,Down,Up,20,20,20,50,55.8743961352657,52.10828025477707,53.29113924050633,52.90384615384615,5,gykh8ja7,,,,,0
14,ss3joq82,,0,587,587,FinalPage,ThankYou,2026-09-14 08:47:38.357265,1,,,611.11,4,,0.0,M_no_W_exp,,,,,,,,,,,0,0,,,402,80,,,,,,,,,,,,,,,,,2,1,"3, 7",4,0.0,0.0,0.0,0.0,0.0,0,0,0,-1,-1,3,0.0,0.0,0,1,420.0,100.0,120.0,90.0,90.0,150.0,Down,Up,20,20,20,50,55.8743961352657,52.10828025477707,53.29113924050633,52.90384615384615,5,gykh8ja7,,,,,0
15,5wh6kzb3,,0,587,587,FinalPage,ThankYou,2026-09-14 08:47:38.376395,1,,,1277.78,5,,0.0,M_no_W_exp,,,,,,,,,,,0,0,,,450,100,,,,,,,,,,,,,,,,,2,1,"3, 7",4,0.0,0.0,0.0,0.0,0.0,0,0,0,1,0,3,0.0,0.0,0,1,420.0,100.0,120.0,90.0,90.0,150.0,Down,Up,20,20,20,50,55.8743961352657,52.10828025477707,53.29113924050633,52.90384615384615,5,gykh8ja7,,,,,0
16,kh2preog,,0,587,587,FinalPage,ThankYou,2026-09-14 08:47:38.385376,1,,,0.0,1,,0.0,M_no_W_exp,,,,,,,,,,,0,0,,,450,150,,,,,,,,,,,,,,,,,2,1,"3, 7",4,0.0,0.0,0.0,0.0,0.0,0,0,0,0,1,4,0.0,0.0,0,0,450.0,100.0,75.0,50.0,75.0,75.0,Down,Down,50,100,50,50,55.8743961352657,52.10828025477707,53.29113924050633,52.90384615384615,5,gykh8ja7,,,,,0
17,ao798wr7,,0,587,587,FinalPage,ThankYou,2026-09-14 08:47:38.396990,1,,,555.56,2,,0.0,M_no_W_exp,,,,,,,,,,,0,0,,,450,100,,,,,,,,,,,,,,,,,2,1,"3, 7",4,0.0,0.0,0.0,0.0,0.0,0,0,0,1,0,4,0.0,0.0,0,0,450.0,100.0,75.0,50.0,75.0,75.0,Down,Down,50,100,50,50,55.8743961352657,52.10828025477707,53.29113924050633,52.90384615384615,5,gykh8ja7,,,,,0
18,3788h5gm,,0,587,587,FinalPage,ThankYou,2026-09-14 08:47:38.404908,1,,,888.89,3,,0.0,M_no_W_exp,,,,,,,,,,,0,0,,,395,82,,,,,,,,,,,,,,,,,2,1,"3, 7",4,0.0,0.0,0.0,0.0,0.0,0,0,0,-1,-1,4,0.0,0.0,0,0,450.0,100.0,75.0,50.0,75.0,75.0,Down,Down,50,100,50,50,55.8743961352657,52.10828025477707,53.29113924050633,52.90384615384615,5,gykh8ja7,,,,,0
19,dk85qrmf,,0,587,587,FinalPage,ThankYou,2026-09-14 08:47:38.415392,1,,,1166.67,4,,0.0,M_no_W_exp,,,,,,,,,,,0,0,,,400,90,,,,,,,,,,,,,,,,,2,1,"3, 7",4,0.0,0.0,0.0,0.0,0.0,0,0,0,-1,-1,4,0.0,0.0,0,0,450.0,100.0,75.0,50.0,75.0,75.0,Down,Down,50,100,50,50,55.8743961352657,52.10828025477707,53.29113924050633,52.90384615384615,5,gykh8ja7,,,,,0
20,qruijzzl,,0,587,587,FinalPage,ThankYou,2026-09-14 08:47:38.525965,1,,,55.56,5,,0.0,M_no_W_exp,,,,,,,,,,,0,0,,,451,149,,,,,,,,,,,,,,,,,2,1,"3, 7",4,0.0,0.0,0.0,0.0,0.0,0,0,0,1,1,4,0.0,0.0,0,0,450.0,100.0,75.0,50.0,75.0,75.0,Down,Down,50,100,50,50,55.8743961352657,52.10828025477707,53.29113924050633,52.90384615384615,5,gykh8ja7,,,,,0
21,vlvkdjz0,,0,587,587,FinalPage,ThankYou,2026-09-14 08:47:38.588196,1,,,722.22,1,,0.0,M_no_W_exp,,,,,,,,,,,0,0,,,300,300,,,,,,,,,,,,,,,,,2,1,"3, 7",4,0.0,0.0,0.0,0.0,0.0,0,0,0,1,1,5,0.0,0.0,0,1,225.0,100.0,75.0,150.0,125.0,75.0,Up,Down,50,50,25,50,55.8743961352657,52.10828025477707,53.29113924050633,52.90384615384615,5,gykh8ja7,,,,,0
22,9n1v1smg,,0,587,587,FinalPage,ThankYou,2026-09-14 08:47:38.706184,1,,,277.78,2,,0.0,M_no_W_exp,,,,,,,,,,,0,0,,,225,55,,,,,,,,,,,,,,,,,2,1,"3, 7",4,0.0,0.0,0.0,0.0,0.0,0,0,0,0,-1,5,0.0,0.0,0,1,225.0,100.0,75.0,150.0,125.0,75.0,Up,Down,50,50,25,50,55.8743961352657,52.10828025477707,53.29113924050633,52.90384615384615,5,gykh8ja7,,,,,0
23,kw7jjs2b,,0,587,587,FinalPage,ThankYou,2026-09-14 08:47:38.799963,1,,,944.44,3,,0.0,M_no_W_exp,,,,,,,,,,,0,0,,,599,1,,,,,,,,,,,,,,,,,2,1,"3, 7",4,0.0,0.0,0.0,0.0,0.0,0,0,0,1,-1,5,0.0,0.0,0,1,225.0,100.0,75.0,150.0,125.0,75.0,Up,Down,50,50,25,50,55.8743961352657,52.10828025477707,53.29113924050633,52.90384615384615,5,gykh8ja7,,,,,0
24,pop23w57,,0,587,587,FinalPage,ThankYou,2026-09-14 08:47:38.808538,1,,,888.89,4,,0.0,M_no_W_exp,,,,,,,,,,,0,0,,,200,100,,,,,,,,,,,,,,,,,2,1,"3, 7",4,0.0,0.0,0.0,0.0,0.0,0,0,0,-1,0,5,0.0,0.0,0,1,225.0,100.0,75.0,150.0,125.0,75.0,Up,Down,50,50,25,50,55.8743961352657,52.10828025477707,53.29113924050633,52.90384615384615,5,gykh8ja7,,,,,0
25,cbc0ayyd,,0,587,587,FinalPage,ThankYou,2026-09-14 08:47:39.019154,1,,,1277.78,5,,0.0,M_no_W_exp,,,,,,,,,,,0,0,,,50,200,,,,,,,,,,,,,,,,,2,1,"3, 7",4,0.0,0.0,0.0,0.0,0.0,0,0,0,-1,1,5,0.0,0.0,0,1,225.0,100.0,75.0,150.0,125.0,75.0,Up,Down,50,50,25,50,55.8743961352657,52.10828025477707,53.29113924050633,52.90384615384615,5,gykh8ja7,,,,,0
1,1c9g6x62,,0,587,587,FinalPage,ThankYou,2026-09-14 08:47:37.268362,1,,,722.22,1,,0.0,M_no_W_exp,,,,,,,,,,,0,0,,,1,1,,,,,,,,,,,,,,,,,2,1,"3, 7",4,0.0,0.0,0.0,0.0,0.0,0,0,0,-1,-1,1,0.0,0.0,1,1,400.0,120.0,85.0,50.0,100.0,75.0,Down,Down,30,100,0,50,55.8743961352657,52.10828025477707,53.29113924050633,52.90384615384615,6,gykh8ja7,,,,,0
2,7fakiwkr,,0,587,587,FinalPage,ThankYou,2026-09-14 08:47:37.284907,1,,,555.56,2,,0.0,M_no_W_exp,,,,,,,,,,,0,0,,,50,50,,,,,,,,,,,,,,,,,2,1,"3, 7",4,0.0,0.0,0.0,0.0,0.0,0,0,0,-1,-1,1,0.0,0.0,1,1,400.0,120.0,85.0,50.0,100.0,75.0,Down,Down,30,100,0,50,55.8743961352657,52.10828025477707,53.29113924050633,52.90384615384615,6,gykh8ja7,,,,,0
3,d4zd28hb,,0,587,587,FinalPage,ThankYou,2026-09-14 08:47:37.385946,1,,,666.67,3,,0.0,M_no_W_exp,,,,,,,,,,,0,0,,,475,125,,,,,,,,,,,,,,,,,2,1,"3, 7",4,0.0,0.0,0.0,0.0,0.0,0,0,0,1,1,1,0.0,0.0,1,1,400.0,120.0,85.0,50.0,100.0,75.0,Down,Down,30,100,0,50,55.8743961352657,52.10828025477707,53.29113924050633,52.90384615384615,6,gykh8ja7,,,,,0
4,ja5c25rz,,0,587,587,FinalPage,ThankYou,2026-09-14 08:47:38.211419,1,,,500.0,4,,0.0,M_no_W_exp,,,,,,,,,,,0,0,,,400,200,,,,,,,,,,,,,,,,,2,1,"3, 7",4,0.0,0.0,0.0,0.0,0.0,0,0,0,0,1,1,0.0,0.0,1,1,400.0,120.0,85.0,50.0,100.0,75.0,Down,Down,30,100,0,50,55.8743961352657,52.10828025477707,53.29113924050633,52.90384615384615,6,gykh8ja7,,,,,0
5,oedddvhv,,0,587,587,FinalPage,ThankYou,2026-09-14 08:47:38.224881,1,,,0.0,5,,0.0,M_no_W_exp,,,,,,,,,,,0,0,,,480,120,,,,,,,,,,,,,,,,,2,1,"3, 7",4,0.0,0.0,0.0,0.0,0.0,0,0,0,1,0,1,0.0,0.0,1,1,400.0,120.0,85.0,50.0,100.0,75.0,Down,Down,30,100,0,50,55.8743961352657,52.10828025477707,53.29113924050633,52.90384615384615,6,gykh8ja7,,,,,0
6,7q18nnfd,,0,587,587,FinalPage,ThankYou,2026-09-14 08:47:38.238172,1,,,888.89,1,,0.0,M_no_W_exp,,,,,,,,,,,0,0,,,170,65,,,,,,,,,,,,,,,,,2,1,"3, 7",4,0.0,0.0,0.0,0.0,0.0,0,0,0,0,1,2,0.0,0.0,1,0,170.0,62.0,150.0,130.0,100.0,175.0,Up,Up,50,30,75,0,55.8743961352657,52.10828025477707,53.29113924050633,52.90384615384615,6,gykh8ja7,,,,,0
7,03zce18q,,0,587,587,FinalPage,ThankYou,2026-09-14 08:47:38.255812,1,,,944.44,2,,0.0,M_no_W_exp,,,,,,,,,,,0,0,,,170,45,,,,,,,,,,,,,,,,,2,1,"3, 7",4,0.0,0.0,0.0,0.0,0.0,0,0,0,-1,-1,2,0.0,0.0,1,0,170.0,62.0,150.0,130.0,100.0,175.0,Up,Up,50,30,75,0,55.8743961352657,52.10828025477707,53.29113924050633,52.90384615384615,6,gykh8ja7,,,,,0
8,wbs0fdl5,,0,587,587,FinalPage,ThankYou,2026-09-14 08:47:38.263655,1,,,777.78,3,,0.0,M_no_W_exp,,,,,,,,,,,0,0,,,300,195,,,,,,,,,,,,,,,,,2,1,"3, 7",4,0.0,0.0,0.0,0.0,0.0,0,0,0,1,1,2,0.0,0.0,1,0,170.0,62.0,150.0,130.0,100.0,175.0,Up,Up,50,30,75,0,55.8743961352657,52.10828025477707,53.29113924050633,52.90384615384615,6,gykh8ja7,,,,,0
9,cqrngk2a,,0,587,587,FinalPage,ThankYou,2026-09-14 08:47:38.275787,1,,,1000.0,4,,0.0,M_no_W_exp,,,,,,,,,,,0,0,,,158,62,,,,,,,,,,,,,,,,,2,1,"3, 7",4,0.0,0.0,0.0,0.0,0.0,0,0,0,-1,0,2,0.0,0.0,1,0,170.0,62.0,150.0,130.0,100.0,175.0,Up,Up,50,30,75,0,55.8743961352657,52.10828025477707,53.29113924050633,52.90384615384615,6,gykh8ja7,,,,,0
10,259xsu1c,,0,587,587,FinalPage,ThankYou,2026-09-14 08:47:38.296234,1,,,833.33,5,,0.0,M_no_W_exp,,,,,,,,,,,0,0,,,470,58,,,,,,,,,,,,,,,,,2,1,"3, 7",4,0.0,0.0,0.0,0.0,0.0,0,0,0,1,-1,2,0.0,0.0,1,0,170.0,62.0,150.0,130.0,100.0,175.0,Up,Up,50,30,75,0,55.8743961352657,52.10828025477707,53.29113924050633,52.90384615384615,6,gykh8ja7,,,,,0
11,xnss4pg0,,0,587,587,FinalPage,ThankYou,2026-09-14 08:47:38.303827,1,,,611.11,1,,0.0,M_no_W_exp,,,,,,,,,,,0,0,,,430,108,,,,,,,,,,,,,,,,,2,1,"3, 7",4,0.0,0.0,0.0,0.0,0.0,0,0,0,1,-1,3,0.0,0.0,0,1,412.0,110.0,120.0,90.0,90.0,150.0,Down,Up,20,20,20,50,55.8743961352657,52.10828025477707,53.29113924050633,52.90384615384615,6,gykh8ja7,,,,,0
12,5seuckqb,,0,587,587,FinalPage,ThankYou,2026-09-14 08:47:38.336823,1,,,611.11,2,,0.0,M_no_W_exp,,,,,,,,,,,0,0,,,100,400,,,,,,,,,,,,,,,,,2,1,"3, 7",4,0.0,0.0,0.0,0.0,0.0,0,0,0,-1,1,3,0.0,0.0,0,1,412.0,110.0,120.0,90.0,90.0,150.0,Down,Up,20,20,20,50,55.8743961352657,52.10828025477707,53.29113924050633,52.90384615384615,6,gykh8ja7,,,,,0
13,hdnqitby,,0,587,587,FinalPage,ThankYou,2026-09-14 08:47:38.344821,1,,,722.22,3,,0.0,M_no_W_exp,,,,,,,,,,,0,0,,,430,115,,,,,,,,,,,,,,,,,2,1,"3, 7",4,0.0,0.0,0.0,0.0,0.0,0,0,0,1,1,3,0.0,0.0,0,1,412.0,110.0,120.0,90.0,90.0,150.0,Down,Up,20,20,20,50,55.8743961352657,52.10828025477707,53.29113924050633,52.90384615384615,6,gykh8ja7,,,,,0
14,ss3joq82,,0,587,587,FinalPage,ThankYou,2026-09-14 08:47:38.357265,1,,,611.11,4,,0.0,M_no_W_exp,,,,,,,,,,,0,0,,,412,85,,,,,,,,,,,,,,,,,2,1,"3, 7",4,0.0,0.0,0.0,0.0,0.0,0,0,0,0,-1,3,0.0,0.0,0,1,412.0,110.0,120.0,90.0,90.0,150.0,Down,Up,20,20,20,50,55.8743961352657,52.10828025477707,53.29113924050633,52.90384615384615,6,gykh8ja7,,,,,0
15,5wh6kzb3,,0,587,587,FinalPage,ThankYou,2026-09-14 08:47:38.376395,1,,,1277.78,5,,0.0,M_no_W_exp,,,,,,,,,,,0,0,,,300,110,,,,,,,,,,,,,,,,,2,1,"3, 7",4,0.0,0.0,0.0,0.0,0.0,0,0,0,-1,0,3,0.0,0.0,0,1,412.0,110.0,120.0,90.0,90.0,150.0,Down,Up,20,20,20,50,55.8743961352657,52.10828025477707,53.29113924050633,52.90384615384615,6,gykh8ja7,,,,,0
16,kh2preog,,0,587,587,FinalPage,ThankYou,2026-09-14 08:47:38.385376,1,,,0.0,1,,0.0,M_no_W_exp,,,,,,,,,,,0,0,,,480,119,,,,,,,,,,,,,,,,,2,1,"3, 7",4,0.0,0.0,0.0,0.0,0.0,0,0,0,1,0,4,0.0,0.0,0,0,450.0,119.0,75.0,50.0,75.0,75.0,Down,Down,50,100,50,50,55.8743961352657,52.10828025477707,53.29113924050633,52.90384615384615,6,gykh8ja7,,,,,0
17,ao798wr7,,0,587,587,FinalPage,ThankYou,2026-09-14 08:47:38.396990,1,,,555.56,2,,0.0,M_no_W_exp,,,,,,,,,,,0,0,,,450,100,,,,,,,,,,,,,,,,,2,1,"3, 7",4,0.0,0.0,0.0,0.0,0.0,0,0,0,-1,-1,4,0.0,0.0,0,0,450.0,119.0,75.0,50.0,75.0,75.0,Down,Down,50,100,50,50,55.8743961352657,52.10828025477707,53.29113924050633,52.90384615384615,6,gykh8ja7,,,,,0
18,3788h5gm,,0,587,587,FinalPage,ThankYou,2026-09-14 08:47:38.404908,1,,,888.89,3,,0.0,M_no_W_exp,,,,,,,,,,,0,0,,,420,120,,,,,,,,,,,,,,,,,2,1,"3, 7",4,0.0,0.0,0.0,0.0,0.0,0,0,0,-1,1,4,0.0,0.0,0,0,450.0,119.0,75.0,50.0,75.0,75.0,Down,Down,50,100,50,50,55.8743961352657,52.10828025477707,53.29113924050633,52.90384615384615,6,gykh8ja7,,,,,0
19,dk85qrmf,,0,587,587,FinalPage,ThankYou,2026-09-14 08:47:38.415392,1,,,1166.67,4,,0.0,M_no_W_exp,,,,,,,,,,,0,0,,,450,100,,,,,,,,,,,,,,,,,2,1,"3, 7",4,0.0,0.0,0.0,0.0,0.0,0,0,0,0,-1,4,0.0,0.0,0,0,450.0,119.0,75.0,50.0,75.0,75.0,Down,Down,50,100,50,50,55.8743961352657,52.10828025477707,53.29113924050633,52.90384615384615,6,gykh8ja7,,,,,0
20,qruijzzl,,0,587,587,FinalPage,ThankYou,2026-09-14 08:47:38.525965,1,,,55.56,5,,0.0,M_no_W_exp,,,,,,,,,,,0,0,,,480,120,,,,,,,,,,,,,,,,,2,1,"3, 7",4,0.0,0.0,0.0,0.0,0.0,0,0,0,1,1,4,0.0,0.0,0,0,450.0,119.0,75.0,50.0,75.0,75.0,Down,Down,50,100,50,50,55.8743961352657,52.10828025477707,53.29113924050633,52.90384615384615,6,gykh8ja7,,,,,0
21,vlvkdjz0,,0,587,587,FinalPage,ThankYou,2026-09-14 08:47:38.588196,1,,,722.22,1,,0.0,M_no_W_exp,,,,,,,,,,,0,0,,,400,200,,,,,,,,,,,,,,,,,2,1,"3, 7",4,0.0,0.0,0.0,0.0,0.0,0,0,0,1,1,5,0.0,0.0,0,1,220.0,99.0,75.0,150.0,125.0,75.0,Up,Down,50,50,25,50,55.8743961352657,52.10828025477707,53.29113924050633,52.90384615384615,6,gykh8ja7,,,,,0
22,9n1v1smg,,0,587,587,FinalPage,ThankYou,2026-09-14 08:47:38.706184,1,,,277.78,2,,0.0,M_no_W_exp,,,,,,,,,,,0,0,,,230,60,,,,,,,,,,,,,,,,,2,1,"3, 7",4,0.0,0.0,0.0,0.0,0.0,0,0,0,1,-1,5,0.0,0.0,0,1,220.0,99.0,75.0,150.0,125.0,75.0,Up,Down,50,50,25,50,55.8743961352657,52.10828025477707,53.29113924050633,52.90384615384615,6,gykh8ja7,,,,,0
23,kw7jjs2b,,0,587,587,FinalPage,ThankYou,2026-09-14 08:47:38.799963,1,,,944.44,3,,0.0,M_no_W_exp,,,,,,,,,,,0,0,,,220,99,,,,,,,,,,,,,,,,,2,1,"3, 7",4,0.0,0.0,0.0,0.0,0.0,0,0,0,0,0,5,0.0,0.0,0,1,220.0,99.0,75.0,150.0,125.0,75.0,Up,Down,50,50,25,50,55.8743961352657,52.10828025477707,53.29113924050633,52.90384615384615,6,gykh8ja7,,,,,0
24,pop23w57,,0,587,587,FinalPage,ThankYou,2026-09-14 08:47:38.808538,1,,,888.89,4,,0.0,M_no_W_exp,,,,,,,,,,,0,0,,,150,80,,,,,,,,,,,,,,,,,2,1,"3, 7",4,0.0,0.0,0.0,0.0,0.0,0,0,0,-1,-1,5,0.0,0.0,0,1,220.0,99.0,75.0,150.0,125.0,75.0,Up,Down,50,50,25,50,55.8743961352657,52.10828025477707,53.29113924050633,52.90384615384615,6,gykh8ja7,,,,,0
25,cbc0ayyd,,0,587,587,FinalPage,ThankYou,2026-09-14 08:47:39.019154,1,,,1277.78,5,,0.0,M_no_W_exp,,,,,,,,,,,0,0,,,50,200,,,,,,,,,,,,,,,,,2,1,"3, 7",4,0.0,0.0,0.0,0.0,0.0,0,0,0,-1,1,5,0.0,0.0,0,1,220.0,99.0,75.0,150.0,125.0,75.0,Up,Down,50,50,25,50,55.8743961352657,52.10828025477707,53.29113924050633,52.90384615384615,6,gykh8ja7,,,,,0
1,1c9g6x62,,0,587,587,FinalPage,ThankYou,2026-09-14 08:47:37.268362,1,,,722.22,1,,0.0,M_no_W_exp,,,,,,,,,,,0,0,,,1,1,,,,,,,,,,,,,,,,,2,1,"3, 7",4,0.0,0.0,0.0,0.0,0.0,0,0,0,-1,-1,1,0.0,0.0,1,1,475.0,120.0,85.0,50.0,100.0,75.0,Down,Down,30,100,0,50,55.8743961352657,52.10828025477707,53.29113924050633,52.90384615384615,7,gykh8ja7,,,,,0
2,7fakiwkr,,0,587,587,FinalPage,ThankYou,2026-09-14 08:47:37.284907,1,,,555.56,2,,0.0,M_no_W_exp,,,,,,,,,,,0,0,,,400,200,,,,,,,,,,,,,,,,,2,1,"3, 7",4,0.0,0.0,0.0,0.0,0.0,0,0,0,-1,1,1,0.0,0.0,1,1,475.0,120.0,85.0,50.0,100.0,75.0,Down,Down,30,100,0,50,55.8743961352657,52.10828025477707,53.29113924050633,52.90384615384615,7,gykh8ja7,,,,,0
3,d4zd28hb,,0,587,587,FinalPage,ThankYou,2026-09-14 08:47:37.385946,1,,,666.67,3,,0.0,M_no_W_exp,,,,,,,,,,,0,0,,,475,125,,,,,,,,,,,,,,,,,2,1,"3, 7",4,0.0,0.0,0.0,0.0,0.0,0,0,0,0,1,1,0.0,0.0,1,1,475.0,120.0,85.0,50.0,100.0,75.0,Down,Down,30,100,0,50,55.8743961352657,52.10828025477707,53.29113924050633,52.90384615384615,7,gykh8ja7,,,,,0
4,ja5c25rz,,0,587,587,FinalPage,ThankYou,2026-09-14 08:47:38.211419,1,,,500.0,4,,0.0,M_no_W_exp,,,,,,,,,,,0,0,,,500,100,,,,,,,,,,,,,,,,,2,1,"3, 7",4,0.0,0.0,0.0,0.0,0.0,0,0,0,1,-1,1,0.0,0.0,1,1,475.0,120.0,85.0,50.0,100.0,75.0,Down,Down,30,100,0,50,55.8743961352657,52.10828025477707,53.29113924050633,52.90384615384615,7,gykh8ja7,,,,,0
5,oedddvhv,,0,587,587,FinalPage,ThankYou,2026-09-14 08:47:38.224881,1,,,0.0,5,,0.0,M_no_W_exp,,,,,,,,,,,0,0,,,480,120,,,,,,,,,,,,,,,,,2,1,"3, 7",4,0.0,0.0,0.0,0.0,0.0,0,0,0,1,0,1,0.0,0.0,1,1,475.0,120.0,85.0,50.0,100.0,75.0,Down,Down,30,100,0,50,55.8743961352657,52.10828025477707,53.29113924050633,52.90384615384615,7,gykh8ja7,,,,,0
6,7q18nnfd,,0,587,587,FinalPage,ThankYou,2026-09-14 08:47:38.238172,1,,,888.89,1,,0.0,M_no_W_exp,,,,,,,,,,,0,0,,,200,65,,,,,,,,,,,,,,,,,2,1,"3, 7",4,0.0,0.0,0.0,0.0,0.0,0,0,0,1,1,2,0.0,0.0,1,0,170.0,60.0,150.0,130.0,100.0,175.0,Up,Up,50,30,75,0,55.8743961352657,52.10828025477707,53.29113924050633,52.90384615384615,7,gykh8ja7,,,,,0
7,03zce18q,,0,587,587,FinalPage,ThankYou,2026-09-14 08:47:38.255812,1,,,944.44,2,,0.0,M_no_W_exp,,,,,,,,,,,0,0,,,170,45,,,,,,,,,,,,,,,,,2,1,"3, 7",4,0.0,0.0,0.0,0.0,0.0,0,0,0,0,-1,2,0.0,0.0,1,0,170.0,60.0,150.0,130.0,100.0,175.0,Up,Up,50,30,75,0,55.8743961352657,52.10828025477707,53.29113924050633,52.90384615384615,7,gykh8ja7,,,,,0
8,wbs0fdl5,,0,587,587,FinalPage,ThankYou,2026-09-14 08:47:38.263655,1,,,777.78,3,,0.0,M_no_W_exp,,,,,,,,,,,0,0,,,500,96,,,,,,,,,,,,,,,,,2,1,"3, 7",4,0.0,0.0,0.0,0.0,0.0,0,0,0,1,1,2,0.0,0.0,1,0,170.0,60.0,150.0,130.0,100.0,175.0,Up,Up,50,30,75,0,55.8743961352657,52.10828025477707,53.29113924050633,52.90384615384615,7,gykh8ja7,,,,,0
9,cqrngk2a,,0,587,587,FinalPage,ThankYou,2026-09-14 08:47:38.275787,1,,,1000.0,4,,0.0,M_no_W_exp,,,,,,,,,,,0,0,,,160,60,,,,,,,,,,,,,,,,,2,1,"3, 7",4,0.0,0.0,0.0,0.0,0.0,0,0,0,-1,0,2,0.0,0.0,1,0,170.0,60.0,150.0,130.0,100.0,175.0,Up,Up,50,30,75,0,55.8743961352657,52.10828025477707,53.29113924050633,52.90384615384615,7,gykh8ja7,,,,,0
10,259xsu1c,,0,587,587,FinalPage,ThankYou,2026-09-14 08:47:38.296234,1,,,833.33,5,,0.0,M_no_W_exp,,,,,,,,,,,0,0,,,130,40,,,,,,,,,,,,,,,,,2,1,"3, 7",4,0.0,0.0,0.0,0.0,0.0,0,0,0,-1,-1,2,0.0,0.0,1,0,170.0,60.0,150.0,130.0,100.0,175.0,Up,Up,50,30,75,0,55.8743961352657,52.10828025477707,53.29113924050633,52.90384615384615,7,gykh8ja7,,,,,0
11,xnss4pg0,,0,587,587,FinalPage,ThankYou,2026-09-14 08:47:38.303827,1,,,611.11,1,,0.0,M_no_W_exp,,,,,,,,,,,0,0,,,425,130,,,,,,,,,,,,,,,,,2,1,"3, 7",4,0.0,0.0,0.0,0.0,0.0,0,0,0,1,1,3,0.0,0.0,0,1,400.0,105.0,120.0,90.0,90.0,150.0,Down,Up,20,20,20,50,55.8743961352657,52.10828025477707,53.29113924050633,52.90384615384615,7,gykh8ja7,,,,,0
12,5seuckqb,,0,587,587,FinalPage,ThankYou,2026-09-14 08:47:38.336823,1,,,611.11,2,,0.0,M_no_W_exp,,,,,,,,,,,0,0,,,405,105,,,,,,,,,,,,,,,,,2,1,"3, 7",4,0.0,0.0,0.0,0.0,0.0,0,0,0,1,0,3,0.0,0.0,0,1,400.0,105.0,120.0,90.0,90.0,150.0,Down,Up,20,20,20,50,55.8743961352657,52.10828025477707,53.29113924050633,52.90384615384615,7,gykh8ja7,,,,,0
13,hdnqitby,,0,587,587,FinalPage,ThankYou,2026-09-14 08:47:38.344821,1,,,722.22,3,,0.0,M_no_W_exp,,,,,,,,,,,0,0,,,400,98,,,,,,,,,,,,,,,,,2,1,"3, 7",4,0.0,0.0,0.0,0.0,0.0,0,0,0,0,-1,3,0.0,0.0,0,1,400.0,105.0,120.0,90.0,90.0,150.0,Down,Up,20,20,20,50,55.8743961352657,52.10828025477707,53.29113924050633,52.90384615384615,7,gykh8ja7,,,,,0
14,ss3joq82,,0,587,587,FinalPage,ThankYou,2026-09-14 08:47:38.357265,1,,,611.11,4,,0.0,M_no_W_exp,,,,,,,,,,,0,0,,,390,90,,,,,,,,,,,,,,,,,2,1,"3, 7",4,0.0,0.0,0.0,0.0,0.0,0,0,0,-1,-1,3,0.0,0.0,0,1,400.0,105.0,120.0,90.0,90.0,150.0,Down,Up,20,20,20,50,55.8743961352657,52.10828025477707,53.29113924050633,52.90384615384615,7,gykh8ja7,,,,,0
15,5wh6kzb3,,0,587,587,FinalPage,ThankYou,2026-09-14 08:47:38.376395,1,,,1277.78,5,,0.0,M_no_W_exp,,,,,,,,,,,0,0,,,320,130,,,,,,,,,,,,,,,,,2,1,"3, 7",4,0.0,0.0,0.0,0.0,0.0,0,0,0,-1,1,3,0.0,0.0,0,1,400.0,105.0,120.0,90.0,90.0,150.0,Down,Up,20,20,20,50,55.8743961352657,52.10828025477707,53.29113924050633,52.90384615384615,7,gykh8ja7,,,,,0
16,kh2preog,,0,587,587,FinalPage,ThankYou,2026-09-14 08:47:38.385376,1,,,0.0,1,,0.0,M_no_W_exp,,,,,,,,,,,0,0,,,470,130,,,,,,,,,,,,,,,,,2,1,"3, 7",4,0.0,0.0,0.0,0.0,0.0,0,0,0,1,1,4,0.0,0.0,0,0,461.0,121.0,75.0,50.0,75.0,75.0,Down,Down,50,100,50,50,55.8743961352657,52.10828025477707,53.29113924050633,52.90384615384615,7,gykh8ja7,,,,,0
17,ao798wr7,,0,587,587,FinalPage,ThankYou,2026-09-14 08:47:38.396990,1,,,555.56,2,,0.0,M_no_W_exp,,,,,,,,,,,0,0,,,470,100,,,,,,,,,,,,,,,,,2,1,"3, 7",4,0.0,0.0,0.0,0.0,0.0,0,0,0,1,-1,4,0.0,0.0,0,0,461.0,121.0,75.0,50.0,75.0,75.0,Down,Down,50,100,50,50,55.8743961352657,52.10828025477707,53.29113924050633,52.90384615384615,7,gykh8ja7,,,,,0
18,3788h5gm,,0,587,587,FinalPage,ThankYou,2026-09-14 08:47:38.404908,1,,,888.89,3,,0.0,M_no_W_exp,,,,,,,,,,,0,0,,,455,121,,,,,,,,,,,,,,,,,2,1,"3, 7",4,0.0,0.0,0.0,0.0,0.0,0,0,0,-1,0,4,0.0,0.0,0,0,461.0,121.0,75.0,50.0,75.0,75.0,Down,Down,50,100,50,50,55.8743961352657,52.10828025477707,53.29113924050633,52.90384615384615,7,gykh8ja7,,,,,0
19,dk85qrmf,,0,587,587,FinalPage,ThankYou,2026-09-14 08:47:38.415392,1,,,1166.67,4,,0.0,M_no_W_exp,,,,,,,,,,,0,0,,,450,100,,,,,,,,,,,,,,,,,2,1,"3, 7",4,0.0,0.0,0.0,0.0,0.0,0,0,0,-1,-1,4,0.0,0.0,0,0,461.0,121.0,75.0,50.0,75.0,75.0,Down,Down,50,100,50,50,55.8743961352657,52.10828025477707,53.29113924050633,52.90384615384615,7,gykh8ja7,,,,,0
20,qruijzzl,,0,587,587,FinalPage,ThankYou,2026-09-14 08:47:38.525965,1,,,55.56,5,,0.0,M_no_W_exp,,,,,,,,,,,0,0,,,461,139,,,,,,,,,,,,,,,,,2,1,"3, 7",4,0.0,0.0,0.0,0.0,0.0,0,0,0,0,1,4,0.0,0.0,0,0,461.0,121.0,75.0,50.0,75.0,75.0,Down,Down,50,100,50,50,55.8743961352657,52.10828025477707,53.29113924050633,52.90384615384615,7,gykh8ja7,,,,,0
21,vlvkdjz0,,0,587,587,FinalPage,ThankYou,2026-09-14 08:47:38.588196,1,,,722.22,1,,0.0,M_no_W_exp,,,,,,,,,,,0,0,,,450,150,,,,,,,,,,,,,,,,,2,1,"3, 7",4,0.0,0.0,0.0,0.0,0.0,0,0,0,1,1,5,0.0,0.0,0,1,210.0,95.0,75.0,150.0,125.0,75.0,Up,Down,50,50,25,50,55.8743961352657,52.10828025477707,53.29113924050633,52.90384615384615,7,gykh8ja7,,,,,0
22,9n1v1smg,,0,587,587,FinalPage,ThankYou,2026-09-14 08:47:38.706184,1,,,277.78,2,,0.0,M_no_W_exp,,,,,,,,,,,0,0,,,227,60,,,,,,,,,,,,,,,,,2,1,"3, 7",4,0.0,0.0,0.0,0.0,0.0,0,0,0,1,-1,5,0.0,0.0,0,1,210.0,95.0,75.0,150.0,125.0,75.0,Up,Down,50,50,25,50,55.8743961352657,52.10828025477707,53.29113924050633,52.90384615384615,7,gykh8ja7,,,,,0
23,kw7jjs2b,,0,587,587,FinalPage,ThankYou,2026-09-14 08:47:38.799963,1,,,944.44,3,,0.0,M_no_W_exp,,,,,,,,,,,0,0,,,210,95,,,,,,,,,,,,,,,,,2,1,"3, 7",4,0.0,0.0,0.0,0.0,0.0,0,0,0,0,0,5,0.0,0.0,0,1,210.0,95.0,75.0,150.0,125.0,75.0,Up,Down,50,50,25,50,55.8743961352657,52.10828025477707,53.29113924050633,52.90384615384615,7,gykh8ja7,,,,,0
24,pop23w57,,0,587,587,FinalPage,ThankYou,2026-09-14 08:47:38.808538,1,,,888.89,4,,0.0,M_no_W_exp,,,,,,,,,,,0,0,,,150,50,,,,,,,,,,,,,,,,,2,1,"3, 7",4,0.0,0.0,0.0,0.0,0.0,0,0,0,-1,-1,5,0.0,0.0,0,1,210.0,95.0,75.0,150.0,125.0,75.0,Up,Down,50,50,25,50,55.8743961352657,52.10828025477707,53.29113924050633,52.90384615384615,7,gykh8ja7,,,,,0
25,cbc0ayyd,,0,587,587,FinalPage,ThankYou,2026-09-14 08:47:39.019154,1,,,1277.78,5,,0.0,M_no_W_exp,,,,,,,,,,,0,0,,,100,200,,,,,,,,,,,,,,,,,2,1,"3, 7",4,0.0,0.0,0.0,0.0,0.0,0,0,0,-1,1,5,0.0,0.0,0,1,210.0,95.0,75.0,150.0,125.0,75.0,Up,Down,50,50,25,50,55.8743961352657,52.10828025477707,53.29113924050633,52.90384615384615,7,gykh8ja7,,,,,0
1,1c9g6x62,,0,587,587,FinalPage,ThankYou,2026-09-14 08:47:37.268362,1,,,722.22,1,,0.0,M_no_W_exp,,,,,,,,,,,0,0,,,1,121,,,,,,,,,,,,,,,,,2,1,"3, 7",4,0.0,0.0,0.0,0.0,0.0,0,0,0,-1,1,1,0.0,0.0,1,1,480.0,120.0,85.0,50.0,100.0,75.0,Down,Down,30,100,0,50,55.8743961352657,52.10828025477707,53.29113924050633,52.90384615384615,8,gykh8ja7,,,,,0
2,7fakiwkr,,0,587,587,FinalPage,ThankYou,2026-09-14 08:47:37.284907,1,,,555.56,2,,0.0,M_no_W_exp,,,,,,,,,,,0,0,,,500,100,,,,,,,,,,,,,,,,,2,1,"3, 7",4,0.0,0.0,0.0,0.0,0.0,0,0,0,1,-1,1,0.0,0.0,1,1,480.0,120.0,85.0,50.0,100.0,75.0,Down,Down,30,100,0,50,55.8743961352657,52.10828025477707,53.29113924050633,52.90384615384615,8,gykh8ja7,,,,,0
3,d4zd28hb,,0,587,587,FinalPage,ThankYou,2026-09-14 08:47:37.385946,1,,,666.67,3,,0.0,M_no_W_exp,,,,,,,,,,,0,0,,,525,75,,,,,,,,,,,,,,,,,2,1,"3, 7",4,0.0,0.0,0.0,0.0,0.0,0,0,0,1,-1,1,0.0,0.0,1,1,480.0,120.0,85.0,50.0,100.0,75.0,Down,Down,30,100,0,50,55.8743961352657,52.10828025477707,53.29113924050633,52.90384615384615,8,gykh8ja7,,,,,0
4,ja5c25rz,,0,587,587,FinalPage,ThankYou,2026-09-14 08:47:38.211419,1,,,500.0,4,,0.0,M_no_W_exp,,,,,,,,,,,0,0,,,300,300,,,,,,,,,,,,,,,,,2,1,"3, 7",4,0.0,0.0,0.0,0.0,0.0,0,0,0,-1,1,1,0.0,0.0,1,1,480.0,120.0,85.0,50.0,100.0,75.0,Down,Down,30,100,0,50,55.8743961352657,52.10828025477707,53.29113924050633,52.90384615384615,8,gykh8ja7,,,,,0
5,oedddvhv,,0,587,587,FinalPage,ThankYou,2026-09-14 08:47:38.224881,1,,,0.0,5,,0.0,M_no_W_exp,,,,,,,,,,,0,0,,,480,120,,,,,,,,,,,,,,,,,2,1,"3, 7",4,0.0,0.0,0.0,0.0,0.0,0,0,0,0,0,1,0.0,0.0,1,1,480.0,120.0,85.0,50.0,100.0,75.0,Down,Down,30,100,0,50,55.8743961352657,52.10828025477707,53.29113924050633,52.90384615384615,8,gykh8ja7,,,,,0
6,7q18nnfd,,0,587,587,FinalPage,ThankYou,2026-09-14 08:47:38.238172,1,,,888.89,1,,0.0,M_no_W_exp,,,,,,,,,,,0,0,,,180,65,,,,,,,,,,,,,,,,,2,1,"3, 7",4,0.0,0.0,0.0,0.0,0.0,0,0,0,1,1,2,0.0,0.0,1,0,170.0,60.0,150.0,130.0,100.0,175.0,Up,Up,50,30,75,0,55.8743961352657,52.10828025477707,53.29113924050633,52.90384615384615,8,gykh8ja7,,,,,0
7,03zce18q,,0,587,587,FinalPage,ThankYou,2026-09-14 08:47:38.255812,1,,,944.44,2,,0.0,M_no_W_exp,,,,,,,,,,,0,0,,,170,45,,,,,,,,,,,,,,,,,2,1,"3, 7",4,0.0,0.0,0.0,0.0,0.0,0,0,0,0,-1,2,0.0,0.0,1,0,170.0,60.0,150.0,130.0,100.0,175.0,Up,Up,50,30,75,0,55.8743961352657,52.10828025477707,53.29113924050633,52.90384615384615,8,gykh8ja7,,,,,0
8,wbs0fdl5,,0,587,587,FinalPage,ThankYou,2026-09-14 08:47:38.263655,1,,,777.78,3,,0.0,M_no_W_exp,,,,,,,,,,,0,0,,,1,1,,,,,,,,,,,,,,,,,2,1,"3, 7",4,0.0,0.0,0.0,0.0,0.0,0,0,0,-1,-1,2,0.0,0.0,1,0,170.0,60.0,150.0,130.0,100.0,175.0,Up,Up,50,30,75,0,55.8743961352657,52.10828025477707,53.29113924050633,52.90384615384615,8,gykh8ja7,,,,,0
9,cqrngk2a,,0,587,587,FinalPage,ThankYou,2026-09-14 08:47:38.275787,1,,,1000.0,4,,0.0,M_no_W_exp,,,,,,,,,,,0,0,,,162,60,,,,,,,,,,,,,,,,,2,1,"3, 7",4,0.0,0.0,0.0,0.0,0.0,0,0,0,-1,0,2,0.0,0.0,1,0,170.0,60.0,150.0,130.0,100.0,175.0,Up,Up,50,30,75,0,55.8743961352657,52.10828025477707,53.29113924050633,52.90384615384615,8,gykh8ja7,,,,,0
10,259xsu1c,,0,587,587,FinalPage,ThankYou,2026-09-14 08:47:38.296234,1,,,833.33,5,,0.0,M_no_W_exp,,,,,,,,,,,0,0,,,200,60,,,,,,,,,,,,,,,,,2,1,"3, 7",4,0.0,0.0,0.0,0.0,0.0,0,0,0,1,1,2,0.0,0.0,1,0,170.0,60.0,150.0,130.0,100.0,175.0,Up,Up,50,30,75,0,55.8743961352657,52.10828025477707,53.29113924050633,52.90384615384615,8,gykh8ja7,,,,,0
11,xnss4pg0,,0,587,587,FinalPage,ThankYou,2026-09-14 08:47:38.303827,1,,,611.11,1,,0.0,M_no_W_exp,,,,,,,,,,,0,0,,,421,112,,,,,,,,,,,,,,,,,2,1,"3, 7",4,0.0,0.0,0.0,0.0,0.0,0,0,0,1,1,3,0.0,0.0,0,1,420.0,110.0,120.0,90.0,90.0,150.0,Down,Up,20,20,20,50,55.8743961352657,52.10828025477707,53.29113924050633,52.90384615384615,8,gykh8ja7,,,,,0
12,5seuckqb,,0,587,587,FinalPage,ThankYou,2026-09-14 08:47:38.336823,1,,,611.11,2,,0.0,M_no_W_exp,,,,,,,,,,,0,0,,,469,101,,,,,,,,,,,,,,,,,2,1,"3, 7",4,0.0,0.0,0.0,0.0,0.0,0,0,0,1,-1,3,0.0,0.0,0,1,420.0,110.0,120.0,90.0,90.0,150.0,Down,Up,20,20,20,50,55.8743961352657,52.10828025477707,53.29113924050633,52.90384615384615,8,gykh8ja7,,,,,0
13,hdnqitby,,0,587,587,FinalPage,ThankYou,2026-09-14 08:47:38.344821,1,,,722.22,3,,0.0,M_no_W_exp,,,,,,,,,,,0,0,,,415,110,,,,,,,,,,,,,,,,,2,1,"3, 7",4,0.0,0.0,0.0,0.0,0.0,0,0,0,-1,0,3,0.0,0.0,0,1,420.0,110.0,120.0,90.0,90.0,150.0,Down,Up,20,20,20,50,55.8743961352657,52.10828025477707,53.29113924050633,52.90384615384615,8,gykh8ja7,,,,,0
14,ss3joq82,,0,587,587,FinalPage,ThankYou,2026-09-14 08:47:38.357265,1,,,611.11,4,,0.0,M_no_W_exp,,,,,,,,,,,0,0,,,380,85,,,,,,,,,,,,,,,,,2,1,"3, 7",4,0.0,0.0,0.0,0.0,0.0,0,0,0,-1,-1,3,0.0,0.0,0,1,420.0,110.0,120.0,90.0,90.0,150.0,Down,Up,20,20,20,50,55.8743961352657,52.10828025477707,53.29113924050633,52.90384615384615,8,gykh8ja7,,,,,0
15,5wh6kzb3,,0,587,587,FinalPage,ThankYou,2026-09-14 08:47:38.376395,1,,,1277.78,5,,0.0,M_no_W_exp,,,,,,,,,,,0,0,,,420,130,,,,,,,,,,,,,,,,,2,1,"3, 7",4,0.0,0.0,0.0,0.0,0.0,0,0,0,0,1,3,0.0,0.0,0,1,420.0,110.0,120.0,90.0,90.0,150.0,Down,Up,20,20,20,50,55.8743961352657,52.10828025477707,53.29113924050633,52.90384615384615,8,gykh8ja7,,,,,0
16,kh2preog,,0,587,587,FinalPage,ThankYou,2026-09-14 08:47:38.385376,1,,,0.0,1,,0.0,M_no_W_exp,,,,,,,,,,,0,0,,,470,130,,,,,,,,,,,,,,,,,2,1,"3, 7",4,0.0,0.0,0.0,0.0,0.0,0,0,0,1,1,4,0.0,0.0,0,0,470.0,120.0,75.0,50.0,75.0,75.0,Down,Down,50,100,50,50,55.8743961352657,52.10828025477707,53.29113924050633,52.90384615384615,8,gykh8ja7,,,,,0
17,ao798wr7,,0,587,587,FinalPage,ThankYou,2026-09-14 08:47:38.396990,1,,,555.56,2,,0.0,M_no_W_exp,,,,,,,,,,,0,0,,,470,100,,,,,,,,,,,,,,,,,2,1,"3, 7",4,0.0,0.0,0.0,0.0,0.0,0,0,0,-1,-1,4,0.0,0.0,0,0,470.0,120.0,75.0,50.0,75.0,75.0,Down,Down,50,100,50,50,55.8743961352657,52.10828025477707,53.29113924050633,52.90384615384615,8,gykh8ja7,,,,,0
18,3788h5gm,,0,587,587,FinalPage,ThankYou,2026-09-14 08:47:38.404908,1,,,888.89,3,,0.0,M_no_W_exp,,,,,,,,,,,0,0,,,470,128,,,,,,,,,,,,,,,,,2,1,"3, 7",4,0.0,0.0,0.0,0.0,0.0,0,0,0,0,1,4,0.0,0.0,0,0,470.0,120.0,75.0,50.0,75.0,75.0,Down,Down,50,100,50,50,55.8743961352657,52.10828025477707,53.29113924050633,52.90384615384615,8,gykh8ja7,,,,,0
19,dk85qrmf,,0,587,587,FinalPage,ThankYou,2026-09-14 08:47:38.415392,1,,,1166.67,4,,0.0,M_no_W_exp,,,,,,,,,,,0,0,,,460,120,,,,,,,,,,,,,,,,,2,1,"3, 7",4,0.0,0.0,0.0,0.0,0.0,0,0,0,-1,0,4,0.0,0.0,0,0,470.0,120.0,75.0,50.0,75.0,75.0,Down,Down,50,100,50,50,55.8743961352657,52.10828025477707,53.29113924050633,52.90384615384615,8,gykh8ja7,,,,,0
20,qruijzzl,,0,587,587,FinalPage,ThankYou,2026-09-14 08:47:38.525965,1,,,55.56,5,,0.0,M_no_W_exp,,,,,,,,,,,0,0,,,500,100,,,,,,,,,,,,,,,,,2,1,"3, 7",4,0.0,0.0,0.0,0.0,0.0,0,0,0,1,-1,4,0.0,0.0,0,0,470.0,120.0,75.0,50.0,75.0,75.0,Down,Down,50,100,50,50,55.8743961352657,52.10828025477707,53.29113924050633,52.90384615384615,8,gykh8ja7,,,,,0
21,vlvkdjz0,,0,587,587,FinalPage,ThankYou,2026-09-14 08:47:38.588196,1,,,722.22,1,,0.0,M_no_W_exp,,,,,,,,,,,0,0,,,480,120,,,,,,,,,,,,,,,,,2,1,"3, 7",4,0.0,0.0,0.0,0.0,0.0,0,0,0,1,1,5,0.0,0.0,0,1,190.0,80.0,75.0,150.0,125.0,75.0,Up,Down,50,50,25,50,55.8743961352657,52.10828025477707,53.29113924050633,52.90384615384615,8,gykh8ja7,,,,,0
22,9n1v1smg,,0,587,587,FinalPage,ThankYou,2026-09-14 08:47:38.706184,1,,,277.78,2,,0.0,M_no_W_exp,,,,,,,,,,,0,0,,,220,80,,,,,,,,,,,,,,,,,2,1,"3, 7",4,0.0,0.0,0.0,0.0,0.0,0,0,0,1,-1,5,0.0,0.0,0,1,190.0,80.0,75.0,150.0,125.0,75.0,Up,Down,50,50,25,50,55.8743961352657,52.10828025477707,53.29113924050633,52.90384615384615,8,gykh8ja7,,,,,0
23,kw7jjs2b,,0,587,587,FinalPage,ThankYou,2026-09-14 08:47:38.799963,1,,,944.44,3,,0.0,M_no_W_exp,,,,,,,,,,,0,0,,,190,80,,,,,,,,,,,,,,,,,2,1,"3, 7",4,0.0,0.0,0.0,0.0,0.0,0,0,0,0,0,5,0.0,0.0,0,1,190.0,80.0,75.0,150.0,125.0,75.0,Up,Down,50,50,25,50,55.8743961352657,52.10828025477707,53.29113924050633,52.90384615384615,8,gykh8ja7,,,,,0
24,pop23w57,,0,587,587,FinalPage,ThankYou,2026-09-14 08:47:38.808538,1,,,888.89,4,,0.0,M_no_W_exp,,,,,,,,,,,0,0,,,100,50,,,,,,,,,,,,,,,,,2,1,"3, 7",4,0.0,0.0,0.0,0.0,0.0,0,0,0,-1,-1,5,0.0,0.0,0,1,190.0,80.0,75.0,150.0,125.0,75.0,Up,Down,50,50,25,50,55.8743961352657,52.10828025477707,53.29113924050633,52.90384615384615,8,gykh8ja7,,,,,0
25,cbc0ayyd,,0,587,587,FinalPage,ThankYou,2026-09-14 08:47:39.019154,1,,,1277.78,5,,0.0,M_no_W_exp,,,,,,,,,,,0,0,,,10,200,,,,,,,,,,,,,,,,,2,1,"3, 7",4,0.0,0.0,0.0,0.0,0.0,0,0,0,-1,1,5,0.0,0.0,0,1,190.0,80.0,75.0,150.0,125.0,75.0,Up,Down,50,50,25,50,55.8743961352657,52.10828025477707,53.29113924050633,52.90384615384615,8,gykh8ja7,,,,,0
1,1c9g6x62,,0,587,587,FinalPage,ThankYou,2026-09-14 08:47:37.268362,1,,,722.22,1,,0.0,M_no_W_exp,,,,,,,,,,,0,0,,,1,121,,,,,,,,,,,,,,,,,2,1,"3, 7",4,0.0,0.0,0.0,0.0,0.0,0,0,0,-1,0,1,0.0,0.0,1,1,475.0,121.0,85.0,50.0,100.0,75.0,Down,Down,30,100,0,50,55.8743961352657,52.10828025477707,53.29113924050633,52.90384615384615,9,gykh8ja7,,,,,0
2,7fakiwkr,,0,587,587,FinalPage,ThankYou,2026-09-14 08:47:37.284907,1,,,555.56,2,,0.0,M_no_W_exp,,,,,,,,,,,0,0,,,200,400,,,,,,,,,,,,,,,,,2,1,"3, 7",4,0.0,0.0,0.0,0.0,0.0,0,0,0,-1,1,1,0.0,0.0,1,1,475.0,121.0,85.0,50.0,100.0,75.0,Down,Down,30,100,0,50,55.8743961352657,52.10828025477707,53.29113924050633,52.90384615384615,9,gykh8ja7,,,,,0
3,d4zd28hb,,0,587,587,FinalPage,ThankYou,2026-09-14 08:47:37.385946,1,,,666.67,3,,0.0,M_no_W_exp,,,,,,,,,,,0,0,,,475,125,,,,,,,,,,,,,,,,,2,1,"3, 7",4,0.0,0.0,0.0,0.0,0.0,0,0,0,0,1,1,0.0,0.0,1,1,475.0,121.0,85.0,50.0,100.0,75.0,Down,Down,30,100,0,50,55.8743961352657,52.10828025477707,53.29113924050633,52.90384615384615,9,gykh8ja7,,,,,0
4,ja5c25rz,,0,587,587,FinalPage,ThankYou,2026-09-14 08:47:38.211419,1,,,500.0,4,,0.0,M_no_W_exp,,,,,,,,,,,0,0,,,500,100,,,,,,,,,,,,,,,,,2,1,"3, 7",4,0.0,0.0,0.0,0.0,0.0,0,0,0,1,-1,1,0.0,0.0,1,1,475.0,121.0,85.0,50.0,100.0,75.0,Down,Down,30,100,0,50,55.8743961352657,52.10828025477707,53.29113924050633,52.90384615384615,9,gykh8ja7,,,,,0
5,oedddvhv,,0,587,587,FinalPage,ThankYou,2026-09-14 08:47:38.224881,1,,,0.0,5,,0.0,M_no_W_exp,,,,,,,,,,,0,0,,,480,120,,,,,,,,,,,,,,,,,2,1,"3, 7",4,0.0,0.0,0.0,0.0,0.0,0,0,0,1,-1,1,0.0,0.0,1,1,475.0,121.0,85.0,50.0,100.0,75.0,Down,Down,30,100,0,50,55.8743961352657,52.10828025477707,53.29113924050633,52.90384615384615,9,gykh8ja7,,,,,0
6,7q18nnfd,,0,587,587,FinalPage,ThankYou,2026-09-14 08:47:38.238172,1,,,888.89,1,,0.0,M_no_W_exp,,,,,,,,,,,0,0,,,173,62,,,,,,,,,,,,,,,,,2,1,"3, 7",4,0.0,0.0,0.0,0.0,0.0,0,0,0,1,1,2,0.0,0.0,1,0,160.0,46.0,150.0,130.0,100.0,175.0,Up,Up,50,30,75,0,55.8743961352657,52.10828025477707,53.29113924050633,52.90384615384615,9,gykh8ja7,,,,,0
7,03zce18q,,0,587,587,FinalPage,ThankYou,2026-09-14 08:47:38.255812,1,,,944.44,2,,0.0,M_no_W_exp,,,,,,,,,,,0,0,,,170,45,,,,,,,,,,,,,,,,,2,1,"3, 7",4,0.0,0.0,0.0,0.0,0.0,0,0,0,1,-1,2,0.0,0.0,1,0,160.0,46.0,150.0,130.0,100.0,175.0,Up,Up,50,30,75,0,55.8743961352657,52.10828025477707,53.29113924050633,52.90384615384615,9,gykh8ja7,,,,,0
8,wbs0fdl5,,0,587,587,FinalPage,ThankYou,2026-09-14 08:47:38.263655,1,,,777.78,3,,0.0,M_no_W_exp,,,,,,,,,,,0,0,,,150,46,,,,,,,,,,,,,,,,,2,1,"3, 7",4,0.0,0.0,0.0,0.0,0.0,0,0,0,-1,0,2,0.0,0.0,1,0,160.0,46.0,150.0,130.0,100.0,175.0,Up,Up,50,30,75,0,55.8743961352657,52.10828025477707,53.29113924050633,52.90384615384615,9,gykh8ja7,,,,,0
9,cqrngk2a,,0,587,587,FinalPage,ThankYou,2026-09-14 08:47:38.275787,1,,,1000.0,4,,0.0,M_no_W_exp,,,,,,,,,,,0,0,,,160,60,,,,,,,,,,,,,,,,,2,1,"3, 7",4,0.0,0.0,0.0,0.0,0.0,0,0,0,0,1,2,0.0,0.0,1,0,160.0,46.0,150.0,130.0,100.0,175.0,Up,Up,50,30,75,0,55.8743961352657,52.10828025477707,53.29113924050633,52.90384615384615,9,gykh8ja7,,,,,0
10,259xsu1c,,0,587,587,FinalPage,ThankYou,2026-09-14 08:47:38.296234,1,,,833.33,5,,0.0,M_no_W_exp,,,,,,,,,,,0,0,,,100,40,,,,,,,,,,,,,,,,,2,1,"3, 7",4,0.0,0.0,0.0,0.0,0.0,0,0,0,-1,-1,2,0.0,0.0,1,0,160.0,46.0,150.0,130.0,100.0,175.0,Up,Up,50,30,75,0,55.8743961352657,52.10828025477707,53.29113924050633,52.90384615384615,9,gykh8ja7,,,,,0
11,xnss4pg0,,0,587,587,FinalPage,ThankYou,2026-09-14 08:47:38.303827,1,,,611.11,1,,0.0,M_no_W_exp,,,,,,,,,,,0,0,,,429,115,,,,,,,,,,,,,,,,,2,1,"3, 7",4,0.0,0.0,0.0,0.0,0.0,0,0,0,1,1,3,0.0,0.0,0,1,421.0,115.0,120.0,90.0,90.0,150.0,Down,Up,20,20,20,50,55.8743961352657,52.10828025477707,53.29113924050633,52.90384615384615,9,gykh8ja7,,,,,0
12,5seuckqb,,0,587,587,FinalPage,ThankYou,2026-09-14 08:47:38.336823,1,,,611.11,2,,0.0,M_no_W_exp,,,,,,,,,,,0,0,,,467,67,,,,,,,,,,,,,,,,,2,1,"3, 7",4,0.0,0.0,0.0,0.0,0.0,0,0,0,1,-1,3,0.0,0.0,0,1,421.0,115.0,120.0,90.0,90.0,150.0,Down,Up,20,20,20,50,55.8743961352657,52.10828025477707,53.29113924050633,52.90384615384615,9,gykh8ja7,,,,,0
13,hdnqitby,,0,587,587,FinalPage,ThankYou,2026-09-14 08:47:38.344821,1,,,722.22,3,,0.0,M_no_W_exp,,,,,,,,,,,0,0,,,415,115,,,,,,,,,,,,,,,,,2,1,"3, 7",4,0.0,0.0,0.0,0.0,0.0,0,0,0,-1,0,3,0.0,0.0,0,1,421.0,115.0,120.0,90.0,90.0,150.0,Down,Up,20,20,20,50,55.8743961352657,52.10828025477707,53.29113924050633,52.90384615384615,9,gykh8ja7,,,,,0
14,ss3joq82,,0,587,587,FinalPage,ThankYou,2026-09-14 08:47:38.357265,1,,,611.11,4,,0.0,M_no_W_exp,,,,,,,,,,,0,0,,,395,95,,,,,,,,,,,,,,,,,2,1,"3, 7",4,0.0,0.0,0.0,0.0,0.0,0,0,0,-1,-1,3,0.0,0.0,0,1,421.0,115.0,120.0,90.0,90.0,150.0,Down,Up,20,20,20,50,55.8743961352657,52.10828025477707,53.29113924050633,52.90384615384615,9,gykh8ja7,,,,,0
15,5wh6kzb3,,0,587,587,FinalPage,ThankYou,2026-09-14 08:47:38.376395,1,,,1277.78,5,,0.0,M_no_W_exp,,,,,,,,,,,0,0,,,421,130,,,,,,,,,,,,,,,,,2,1,"3, 7",4,0.0,0.0,0.0,0.0,0.0,0,0,0,0,1,3,0.0,0.0,0,1,421.0,115.0,120.0,90.0,90.0,150.0,Down,Up,20,20,20,50,55.8743961352657,52.10828025477707,53.29113924050633,52.90384615384615,9,gykh8ja7,,,,,0
16,kh2preog,,0,587,587,FinalPage,ThankYou,2026-09-14 08:47:38.385376,1,,,0.0,1,,0.0,M_no_W_exp,,,,,,,,,,,0,0,,,470,130,,,,,,,,,,,,,,,,,2,1,"3, 7",4,0.0,0.0,0.0,0.0,0.0,0,0,0,-1,1,4,0.0,0.0,0,0,480.0,115.0,75.0,50.0,75.0,75.0,Down,Down,50,100,50,50,55.8743961352657,52.10828025477707,53.29113924050633,52.90384615384615,9,gykh8ja7,,,,,0
17,ao798wr7,,0,587,587,FinalPage,ThankYou,2026-09-14 08:47:38.396990,1,,,555.56,2,,0.0,M_no_W_exp,,,,,,,,,,,0,0,,,475,100,,,,,,,,,,,,,,,,,2,1,"3, 7",4,0.0,0.0,0.0,0.0,0.0,0,0,0,-1,-1,4,0.0,0.0,0,0,480.0,115.0,75.0,50.0,75.0,75.0,Down,Down,50,100,50,50,55.8743961352657,52.10828025477707,53.29113924050633,52.90384615384615,9,gykh8ja7,,,,,0
18,3788h5gm,,0,587,587,FinalPage,ThankYou,2026-09-14 08:47:38.404908,1,,,888.89,3,,0.0,M_no_W_exp,,,,,,,,,,,0,0,,,485,115,,,,,,,,,,,,,,,,,2,1,"3, 7",4,0.0,0.0,0.0,0.0,0.0,0,0,0,1,0,4,0.0,0.0,0,0,480.0,115.0,75.0,50.0,75.0,75.0,Down,Down,50,100,50,50,55.8743961352657,52.10828025477707,53.29113924050633,52.90384615384615,9,gykh8ja7,,,,,0
19,dk85qrmf,,0,587,587,FinalPage,ThankYou,2026-09-14 08:47:38.415392,1,,,1166.67,4,,0.0,M_no_W_exp,,,,,,,,,,,0,0,,,480,120,,,,,,,,,,,,,,,,,2,1,"3, 7",4,0.0,0.0,0.0,0.0,0.0,0,0,0,0,1,4,0.0,0.0,0,0,480.0,115.0,75.0,50.0,75.0,75.0,Down,Down,50,100,50,50,55.8743961352657,52.10828025477707,53.29113924050633,52.90384615384615,9,gykh8ja7,,,,,0
20,qruijzzl,,0,587,587,FinalPage,ThankYou,2026-09-14 08:47:38.525965,1,,,55.56,5,,0.0,M_no_W_exp,,,,,,,,,,,0,0,,,500,100,,,,,,,,,,,,,,,,,2,1,"3, 7",4,0.0,0.0,0.0,0.0,0.0,0,0,0,1,-1,4,0.0,0.0,0,0,480.0,115.0,75.0,50.0,75.0,75.0,Down,Down,50,100,50,50,55.8743961352657,52.10828025477707,53.29113924050633,52.90384615384615,9,gykh8ja7,,,,,0
21,vlvkdjz0,,0,587,587,FinalPage,ThankYou,2026-09-14 08:47:38.588196,1,,,722.22,1,,0.0,M_no_W_exp,,,,,,,,,,,0,0,,,350,250,,,,,,,,,,,,,,,,,2,1,"3, 7",4,0.0,0.0,0.0,0.0,0.0,0,0,0,1,1,5,0.0,0.0,0,1,150.0,75.0,75.0,150.0,125.0,75.0,Up,Down,50,50,25,50,55.8743961352657,52.10828025477707,53.29113924050633,52.90384615384615,9,gykh8ja7,,,,,0
22,9n1v1smg,,0,587,587,FinalPage,ThankYou,2026-09-14 08:47:38.706184,1,,,277.78,2,,0.0,M_no_W_exp,,,,,,,,,,,0,0,,,215,75,,,,,,,,,,,,,,,,,2,1,"3, 7",4,0.0,0.0,0.0,0.0,0.0,0,0,0,1,0,5,0.0,0.0,0,1,150.0,75.0,75.0,150.0,125.0,75.0,Up,Down,50,50,25,50,55.8743961352657,52.10828025477707,53.29113924050633,52.90384615384615,9,gykh8ja7,,,,,0
23,kw7jjs2b,,0,587,587,FinalPage,ThankYou,2026-09-14 08:47:38.799963,1,,,944.44,3,,0.0,M_no_W_exp,,,,,,,,,,,0,0,,,150,50,,,,,,,,,,,,,,,,,2,1,"3, 7",4,0.0,0.0,0.0,0.0,0.0,0,0,0,0,-1,5,0.0,0.0,0,1,150.0,75.0,75.0,150.0,125.0,75.0,Up,Down,50,50,25,50,55.8743961352657,52.10828025477707,53.29113924050633,52.90384615384615,9,gykh8ja7,,,,,0
24,pop23w57,,0,587,587,FinalPage,ThankYou,2026-09-14 08:47:38.808538,1,,,888.89,4,,0.0,M_no_W_exp,,,,,,,,,,,0,0,,,80,30,,,,,,,,,,,,,,,,,2,1,"3, 7",4,0.0,0.0,0.0,0.0,0.0,0,0,0,-1,-1,5,0.0,0.0,0,1,150.0,75.0,75.0,150.0,125.0,75.0,Up,Down,50,50,25,50,55.8743961352657,52.10828025477707,53.29113924050633,52.90384615384615,9,gykh8ja7,,,,,0
25,cbc0ayyd,,0,587,587,FinalPage,ThankYou,2026-09-14 08:47:39.019154,1,,,1277.78,5,,0.0,M_no_W_exp,,,,,,,,,,,0,0,,,10,200,,,,,,,,,,,,,,,,,2,1,"3, 7",4,0.0,0.0,0.0,0.0,0.0,0,0,0,-1,1,5,0.0,0.0,0,1,150.0,75.0,75.0,150.0,125.0,75.0,Up,Down,50,50,25,50,55.8743961352657,52.10828025477707,53.29113924050633,52.90384615384615,9,gykh8ja7,,,,,0
1,1c9g6x62,,0,587,587,FinalPage,ThankYou,2026-09-14 08:47:37.268362,1,,,722.22,1,,0.0,M_no_W_exp,,,,,,,,,,,0,0,,,1,122,,,,,,,,,,,,,,,,,2,1,"3, 7",4,0.0,0.0,0.0,0.0,0.0,0,0,0,-1,1,1,0.0,0.0,1,1,479.0,121.0,85.0,50.0,100.0,75.0,Down,Down,30,100,0,50,55.8743961352657,52.10828025477707,53.29113924050633,52.90384615384615,10,gykh8ja7,,,,,0
2,7fakiwkr,,0,587,587,FinalPage,ThankYou,2026-09-14 08:47:37.284907,1,,,555.56,2,,0.0,M_no_W_exp,,,,,,,,,,,0,0,,,479,121,,,,,,,,,,,,,,,,,2,1,"3, 7",4,0.0,0.0,0.0,0.0,0.0,0,0,0,0,0,1,0.0,0.0,1,1,479.0,121.0,85.0,50.0,100.0,75.0,Down,Down,30,100,0,50,55.8743961352657,52.10828025477707,53.29113924050633,52.90384615384615,10,gykh8ja7,,,,,0
3,d4zd28hb,,0,587,587,FinalPage,ThankYou,2026-09-14 08:47:37.385946,1,,,666.67,3,,0.0,M_no_W_exp,,,,,,,,,,,0,0,,,475,125,,,,,,,,,,,,,,,,,2,1,"3, 7",4,0.0,0.0,0.0,0.0,0.0,0,0,0,-1,1,1,0.0,0.0,1,1,479.0,121.0,85.0,50.0,100.0,75.0,Down,Down,30,100,0,50,55.8743961352657,52.10828025477707,53.29113924050633,52.90384615384615,10,gykh8ja7,,,,,0
4,ja5c25rz,,0,587,587,FinalPage,ThankYou,2026-09-14 08:47:38.211419,1,,,500.0,4,,0.0,M_no_W_exp,,,,,,,,,,,0,0,,,500,100,,,,,,,,,,,,,,,,,2,1,"3, 7",4,0.0,0.0,0.0,0.0,0.0,0,0,0,1,-1,1,0.0,0.0,1,1,479.0,121.0,85.0,50.0,100.0,75.0,Down,Down,30,100,0,50,55.8743961352657,52.10828025477707,53.29113924050633,52.90384615384615,10,gykh8ja7,,,,,0
5,oedddvhv,,0,587,587,FinalPage,ThankYou,2026-09-14 08:47:38.224881,1,,,0.0,5,,0.0,M_no_W_exp,,,,,,,,,,,0,0,,,480,120,,,,,,,,,,,,,,,,,2,1,"3, 7",4,0.0,0.0,0.0,0.0,0.0,0,0,0,1,-1,1,0.0,0.0,1,1,479.0,121.0,85.0,50.0,100.0,75.0,Down,Down,30,100,0,50,55.8743961352657,52.10828025477707,53.29113924050633,52.90384615384615,10,gykh8ja7,,,,,0
6,7q18nnfd,,0,587,587,FinalPage,ThankYou,2026-09-14 08:47:38.238172,1,,,888.89,1,,0.0,M_no_W_exp,,,,,,,,,,,0,0,,,170,50,,,,,,,,,,,,,,,,,2,1,"3, 7",4,0.0,0.0,0.0,0.0,0.0,0,0,0,1,1,2,0.0,0.0,1,0,160.0,45.0,150.0,130.0,100.0,175.0,Up,Up,50,30,75,0,55.8743961352657,52.10828025477707,53.29113924050633,52.90384615384615,10,gykh8ja7,,,,,0
7,03zce18q,,0,587,587,FinalPage,ThankYou,2026-09-14 08:47:38.255812,1,,,944.44,2,,0.0,M_no_W_exp,,,,,,,,,,,0,0,,,165,35,,,,,,,,,,,,,,,,,2,1,"3, 7",4,0.0,0.0,0.0,0.0,0.0,0,0,0,1,-1,2,0.0,0.0,1,0,160.0,45.0,150.0,130.0,100.0,175.0,Up,Up,50,30,75,0,55.8743961352657,52.10828025477707,53.29113924050633,52.90384615384615,10,gykh8ja7,,,,,0
8,wbs0fdl5,,0,587,587,FinalPage,ThankYou,2026-09-14 08:47:38.263655,1,,,777.78,3,,0.0,M_no_W_exp,,,,,,,,,,,0,0,,,1,1,,,,,,,,,,,,,,,,,2,1,"3, 7",4,0.0,0.0,0.0,0.0,0.0,0,0,0,-1,-1,2,0.0,0.0,1,0,160.0,45.0,150.0,130.0,100.0,175.0,Up,Up,50,30,75,0,55.8743961352657,52.10828025477707,53.29113924050633,52.90384615384615,10,gykh8ja7,,,,,0
9,cqrngk2a,,0,587,587,FinalPage,ThankYou,2026-09-14 08:47:38.275787,1,,,1000.0,4,,0.0,M_no_W_exp,,,,,,,,,,,0,0,,,158,45,,,,,,,,,,,,,,,,,2,1,"3, 7",4,0.0,0.0,0.0,0.0,0.0,0,0,0,-1,0,2,0.0,0.0,1,0,160.0,45.0,150.0,130.0,100.0,175.0,Up,Up,50,30,75,0,55.8743961352657,52.10828025477707,53.29113924050633,52.90384615384615,10,gykh8ja7,,,,,0
10,259xsu1c,,0,587,587,FinalPage,ThankYou,2026-09-14 08:47:38.296234,1,,,833.33,5,,0.0,M_no_W_exp,,,,,,,,,,,0,0,,,160,50,,,,,,,,,,,,,,,,,2,1,"3, 7",4,0.0,0.0,0.0,0.0,0.0,0,0,0,0,1,2,0.0,0.0,1,0,160.0,45.0,150.0,130.0,100.0,175.0,Up,Up,50,30,75,0,55.8743961352657,52.10828025477707,53.29113924050633,52.90384615384615,10,gykh8ja7,,,,,0
11,xnss4pg0,,0,587,587,FinalPage,ThankYou,2026-09-14 08:47:38.303827,1,,,611.11,1,,0.0,M_no_W_exp,,,,,,,,,,,0,0,,,435,120,,,,,,,,,,,,,,,,,2,1,"3, 7",4,0.0,0.0,0.0,0.0,0.0,0,0,0,1,1,3,0.0,0.0,0,1,415.0,120.0,120.0,90.0,90.0,150.0,Down,Up,20,20,20,50,55.8743961352657,52.10828025477707,53.29113924050633,52.90384615384615,10,gykh8ja7,,,,,0
12,5seuckqb,,0,587,587,FinalPage,ThankYou,2026-09-14 08:47:38.336823,1,,,611.11,2,,0.0,M_no_W_exp,,,,,,,,,,,0,0,,,420,120,,,,,,,,,,,,,,,,,2,1,"3, 7",4,0.0,0.0,0.0,0.0,0.0,0,0,0,1,0,3,0.0,0.0,0,1,415.0,120.0,120.0,90.0,90.0,150.0,Down,Up,20,20,20,50,55.8743961352657,52.10828025477707,53.29113924050633,52.90384615384615,10,gykh8ja7,,,,,0
13,hdnqitby,,0,587,587,FinalPage,ThankYou,2026-09-14 08:47:38.344821,1,,,722.22,3,,0.0,M_no_W_exp,,,,,,,,,,,0,0,,,415,120,,,,,,,,,,,,,,,,,2,1,"3, 7",4,0.0,0.0,0.0,0.0,0.0,0,0,0,0,-1,3,0.0,0.0,0,1,415.0,120.0,120.0,90.0,90.0,150.0,Down,Up,20,20,20,50,55.8743961352657,52.10828025477707,53.29113924050633,52.90384615384615,10,gykh8ja7,,,,,0
14,ss3joq82,,0,587,587,FinalPage,ThankYou,2026-09-14 08:47:38.357265,1,,,611.11,4,,0.0,M_no_W_exp,,,,,,,,,,,0,0,,,400,99,,,,,,,,,,,,,,,,,2,1,"3, 7",4,0.0,0.0,0.0,0.0,0.0,0,0,0,-1,-1,3,0.0,0.0,0,1,415.0,120.0,120.0,90.0,90.0,150.0,Down,Up,20,20,20,50,55.8743961352657,52.10828025477707,53.29113924050633,52.90384615384615,10,gykh8ja7,,,,,0
15,5wh6kzb3,,0,587,587,FinalPage,ThankYou,2026-09-14 08:47:38.376395,1,,,1277.78,5,,0.0,M_no_W_exp,,,,,,,,,,,0,0,,,300,130,,,,,,,,,,,,,,,,,2,1,"3, 7",4,0.0,0.0,0.0,0.0,0.0,0,0,0,-1,1,3,0.0,0.0,0,1,415.0,120.0,120.0,90.0,90.0,150.0,Down,Up,20,20,20,50,55.8743961352657,52.10828025477707,53.29113924050633,52.90384615384615,10,gykh8ja7,,,,,0
16,kh2preog,,0,587,587,FinalPage,ThankYou,2026-09-14 08:47:38.385376,1,,,0.0,1,,0.0,M_no_W_exp,,,,,,,,,,,0,0,,,480,120,,,,,,,,,,,,,,,,,2,1,"3, 7",4,0.0,0.0,0.0,0.0,0.0,0,0,0,-1,1,4,0.0,0.0,0,0,485.0,110.0,75.0,50.0,75.0,75.0,Down,Down,50,100,50,50,55.8743961352657,52.10828025477707,53.29113924050633,52.90384615384615,10,gykh8ja7,,,,,0
17,ao798wr7,,0,587,587,FinalPage,ThankYou,2026-09-14 08:47:38.396990,1,,,555.56,2,,0.0,M_no_W_exp,,,,,,,,,,,0,0,,,485,80,,,,,,,,,,,,,,,,,2,1,"3, 7",4,0.0,0.0,0.0,0.0,0.0,0,0,0,0,-1,4,0.0,0.0,0,0,485.0,110.0,75.0,50.0,75.0,75.0,Down,Down,50,100,50,50,55.8743961352657,52.10828025477707,53.29113924050633,52.90384615384615,10,gykh8ja7,,,,,0
18,3788h5gm,,0,587,587,FinalPage,ThankYou,2026-09-14 08:47:38.404908,1,,,888.89,3,,0.0,M_no_W_exp,,,,,,,,,,,0,0,,,488,110,,,,,,,,,,,,,,,,,2,1,"3, 7",4,0.0,0.0,0.0,0.0,0.0,0,0,0,1,0,4,0.0,0.0,0,0,485.0,110.0,75.0,50.0,75.0,75.0,Down,Down,50,100,50,50,55.8743961352657,52.10828025477707,53.29113924050633,52.90384615384615,10,gykh8ja7,,,,,0
19,dk85qrmf,,0,587,587,FinalPage,ThankYou,2026-09-14 08:47:38.415392,1,,,1166.67,4,,0.0,M_no_W_exp,,,,,,,,,,,0,0,,,485,115,,,,,,,,,,,,,,,,,2,1,"3, 7",4,0.0,0.0,0.0,0.0,0.0,0,0,0,-1,1,4,0.0,0.0,0,0,485.0,110.0,75.0,50.0,75.0,75.0,Down,Down,50,100,50,50,55.8743961352657,52.10828025477707,53.29113924050633,52.90384615384615,10,gykh8ja7,,,,,0
20,qruijzzl,,0,587,587,FinalPage,ThankYou,2026-09-14 08:47:38.525965,1,,,55.56,5,,0.0,M_no_W_exp,,,,,,,,,,,0,0,,,550,50,,,,,,,,,,,,,,,,,2,1,"3, 7",4,0.0,0.0,0.0,0.0,0.0,0,0,0,1,-1,4,0.0,0.0,0,0,485.0,110.0,75.0,50.0,75.0,75.0,Down,Down,50,100,50,50,55.8743961352657,52.10828025477707,53.29113924050633,52.90384615384615,10,gykh8ja7,,,,,0
21,vlvkdjz0,,0,587,587,FinalPage,ThankYou,2026-09-14 08:47:38.588196,1,,,722.22,1,,0.0,M_no_W_exp,,,,,,,,,,,0,0,,,500,100,,,,,,,,,,,,,,,,,2,1,"3, 7",4,0.0,0.0,0.0,0.0,0.0,0,0,0,1,1,5,0.0,0.0,0,1,120.0,70.0,75.0,150.0,125.0,75.0,Up,Down,50,50,25,50,55.8743961352657,52.10828025477707,53.29113924050633,52.90384615384615,10,gykh8ja7,,,,,0
22,9n1v1smg,,0,587,587,FinalPage,ThankYou,2026-09-14 08:47:38.706184,1,,,277.78,2,,0.0,M_no_W_exp,,,,,,,,,,,0,0,,,180,70,,,,,,,,,,,,,,,,,2,1,"3, 7",4,0.0,0.0,0.0,0.0,0.0,0,0,0,1,0,5,0.0,0.0,0,1,120.0,70.0,75.0,150.0,125.0,75.0,Up,Down,50,50,25,50,55.8743961352657,52.10828025477707,53.29113924050633,52.90384615384615,10,gykh8ja7,,,,,0
23,kw7jjs2b,,0,587,587,FinalPage,ThankYou,2026-09-14 08:47:38.799963,1,,,944.44,3,,0.0,M_no_W_exp,,,,,,,,,,,0,0,,,99,39,,,,,,,,,,,,,,,,,2,1,"3, 7",4,0.0,0.0,0.0,0.0,0.0,0,0,0,-1,-1,5,0.0,0.0,0,1,120.0,70.0,75.0,150.0,125.0,75.0,Up,Down,50,50,25,50,55.8743961352657,52.10828025477707,53.29113924050633,52.90384615384615,10,gykh8ja7,,,,,0
24,pop23w57,,0,587,587,FinalPage,ThankYou,2026-09-14 08:47:38.808538,1,,,888.89,4,,0.0,M_no_W_exp,,,,,,,,,,,0,0,,,30,20,,,,,,,,,,,,,,,,,2,1,"3, 7",4,0.0,0.0,0.0,0.0,0.0,0,0,0,-1,-1,5,0.0,0.0,0,1,120.0,70.0,75.0,150.0,125.0,75.0,Up,Down,50,50,25,50,55.8743961352657,52.10828025477707,53.29113924050633,52.90384615384615,10,gykh8ja7,,,,,0
25,cbc0ayyd,,0,587,587,FinalPage,ThankYou,2026-09-14 08:47:39.019154,1,,,1277.78,5,,0.0,M_no_W_exp,,,,,,,,,,,0,0,,,120,200,,,,,,,,,,,,,,,,,2,1,"3, 7",4,0.0,0.0,0.0,0.0,0.0,0,0,0,0,1,5,0.0,0.0,0,1,120.0,70.0,75.0,150.0,125.0,75.0,Up,Down,50,50,25,50,55.8743961352657,52.10828025477707,53.29113924050633,52.90384615384615,10,gykh8ja7,,,,,0
1,1c9g6x62,,0,587,587,FinalPage,ThankYou,2026-09-14 08:47:37.268362,1,,,722.22,1,,0.0,M_no_W_exp,,,,,80,,,,,,0,0,121,451,,,,,,,,,,,75,120.0,75,120.0,150,450.0,150,450.0,2,1,"3, 7",4,0.0,0.0,0.0,0.0,0.0,0,0,1,0,0,1,121.0,400.0,1,1,0.0,0.0,85.0,50.0,100.0,75.0,Down,Down,30,100,0,50,55.8743961352657,52.10828025477707,53.29113924050633,52.90384615384615,11,gykh8ja7,,,,,0
2,7fakiwkr,,0,587,587,FinalPage,ThankYou,2026-09-14 08:47:37.284907,1,,,555.56,2,,0.0,M_no_W_exp,,,,,50,,,,,,0,0,500,100,,,,,,,,,,,50,450.0,30,450.0,100,300.0,50,150.0,2,1,"3, 7",4,0.0,0.0,0.0,0.0,0.0,0,1,-1,0,0,1,121.0,400.0,1,1,0.0,0.0,85.0,50.0,100.0,75.0,Down,Down,30,100,0,50,55.8743961352657,52.10828025477707,53.29113924050633,52.90384615384615,11,gykh8ja7,,,,,0
3,d4zd28hb,,0,587,587,FinalPage,ThankYou,2026-09-14 08:47:37.385946,1,,,666.67,3,,0.0,M_no_W_exp,,,,,60,,,,,,0,0,100,400,,,,,,,,,,,125,120.0,100,75.0,185,500.0,166,500.0,2,1,"3, 7",4,0.0,0.0,0.0,0.0,0.0,0,-1,0,0,0,1,121.0,400.0,1,1,0.0,0.0,85.0,50.0,100.0,75.0,Down,Down,30,100,0,50,55.8743961352657,52.10828025477707,53.29113924050633,52.90384615384615,11,gykh8ja7,,,,,0
4,ja5c25rz,,0,587,587,FinalPage,ThankYou,2026-09-14 08:47:38.211419,1,,,500.0,4,,0.0,M_no_W_exp,,,,,70,,,,,,0,0,250,350,,,,,,,,,,,50,200.0,100,200.0,150,450.0,100,450.0,2,1,"3, 7",4,0.0,0.0,0.0,0.0,0.0,0,1,-1,0,0,1,121.0,400.0,1,1,0.0,0.0,85.0,50.0,100.0,75.0,Down,Down,30,100,0,50,55.8743961352657,52.10828025477707,53.29113924050633,52.90384615384615,11,gykh8ja7,,,,,0
5,oedddvhv,,0,587,587,FinalPage,ThankYou,2026-09-14 08:47:38.224881,1,,,0.0,5,,0.0,M_no_W_exp,,,,,80,,,,,,0,0,120,480,,,,,,,,,,,80,220.0,120,280.0,160,500.0,170,460.0,2,1,"3, 7",4,0.0,0.0,0.0,0.0,0.0,0,-1,1,0,0,1,121.0,400.0,1,1,0.0,0.0,85.0,50.0,100.0,75.0,Down,Down,30,100,0,50,55.8743961352657,52.10828025477707,53.29113924050633,52.90384615384615,11,gykh8ja7,,,,,0
6,7q18nnfd,,0,587,587,FinalPage,ThankYou,2026-09-14 08:47:38.238172,1,,,888.89,1,,0.0,M_no_W_exp,,,,,30,,,,,,0,0,200,60,,,,,,,,,,,170,200.0,150,200.0,50,60.0,45,60.0,2,1,"3, 7",4,0.0,0.0,0.0,0.0,0.0,0,1,1,0,0,2,150.0,55.0,1,0,0.0,0.0,150.0,130.0,100.0,175.0,Up,Up,50,30,75,0,55.8743961352657,52.10828025477707,53.29113924050633,52.90384615384615,11,gykh8ja7,,,,,0
7,03zce18q,,0,587,587,FinalPage,ThankYou,2026-09-14 08:47:38.255812,1,,,944.44,2,,0.0,M_no_W_exp,,,,,20,,,,,,0,0,145,55,,,,,,,,,,,140,160.0,140,160.0,80,85.0,80,85.0,2,1,"3, 7",4,0.0,0.0,0.0,0.0,0.0,0,-1,-1,0,0,2,150.0,55.0,1,0,0.0,0.0,150.0,130.0,100.0,175.0,Up,Up,50,30,75,0,55.8743961352657,52.10828025477707,53.29113924050633,52.90384615384615,11,gykh8ja7,,,,,0
8,wbs0fdl5,,0,587,587,FinalPage,ThankYou,2026-09-14 08:47:38.263655,1,,,777.78,3,,0.0,M_no_W_exp,,,,,12,,,,,,0,0,1,1,,,,,,,,,,,100,300.0,100,450.0,50,100.0,75,200.0,2,1,"3, 7",4,0.0,0.0,0.0,0.0,0.0,0,-1,-1,0,0,2,150.0,55.0,1,0,0.0,0.0,150.0,130.0,100.0,175.0,Up,Up,50,30,75,0,55.8743961352657,52.10828025477707,53.29113924050633,52.90384615384615,11,gykh8ja7,,,,,0
9,cqrngk2a,,0,587,587,FinalPage,ThankYou,2026-09-14 08:47:38.275787,1,,,1000.0,4,,0.0,M_no_W_exp,,,,,30,,,,,,0,0,150,55,,,,,,,,,,,120,160.0,115,155.0,40,55.0,45,55.0,2,1,"3, 7",4,0.0,0.0,0.0,0.0,0.0,0,0,0,0,0,2,150.0,55.0,1,0,0.0,0.0,150.0,130.0,100.0,175.0,Up,Up,50,30,75,0,55.8743961352657,52.10828025477707,53.29113924050633,52.90384615384615,11,gykh8ja7,,,,,0
10,259xsu1c,,0,587,587,FinalPage,ThankYou,2026-09-14 08:47:38.296234,1,,,833.33,5,,0.0,M_no_W_exp,,,,,39,,,,,,0,0,400,100,,,,,,,,,,,130,350.0,130,400.0,90,80.0,90,100.0,2,1,"3, 7",4,0.0,0.0,0.0,0.0,0.0,0,1,1,0,0,2,150.0,55.0,1,0,0.0,0.0,150.0,130.0,100.0,175.0,Up,Up,50,30,75,0,55.8743961352657,52.10828025477707,53.29113924050633,52.90384615384615,11,gykh8ja7,,,,,0
11,xnss4pg0,,0,587,587,FinalPage,ThankYou,2026-09-14 08:47:38.303827,1,,,611.11,1,,0.0,M_no_W_exp,,,,,70,,,,,,0,0,150,402,,,,,,,,,,,100,200.0,75,225.0,50,325.0,51,425.0,2,1,"3, 7",4,0.0,0.0,0.0,0.0,0.0,0,1,1,0,0,3,100.0,380.0,0,1,0.0,0.0,120.0,90.0,90.0,150.0,Down,Up,20,20,20,50,55.8743961352657,52.10828025477707,53.29113924050633,52.90384615384615,11,gykh8ja7,,,,,0
12,5seuckqb,,0,587,587,FinalPage,ThankYou,2026-09-14 08:47:38.336823,1,,,611.11,2,,0.0,M_no_W_exp,,,,,67,,,,,,0,0,100,400,,,,,,,,,,,50,120.0,60,100.0,150,405.0,160,400.0,2,1,"3, 7",4,0.0,0.0,0.0,0.0,0.0,0,0,1,0,0,3,100.0,380.0,0,1,0.0,0.0,120.0,90.0,90.0,150.0,Down,Up,20,20,20,50,55.8743961352657,52.10828025477707,53.29113924050633,52.90384615384615,11,gykh8ja7,,,,,0
13,hdnqitby,,0,587,587,FinalPage,ThankYou,2026-09-14 08:47:38.344821,1,,,722.22,3,,0.0,M_no_W_exp,,,,,67,,,,,,0,0,93,380,,,,,,,,,,,120,150.0,120,150.0,120,420.0,150,400.0,2,1,"3, 7",4,0.0,0.0,0.0,0.0,0.0,0,-1,-1,0,0,3,100.0,380.0,0,1,0.0,0.0,120.0,90.0,90.0,150.0,Down,Up,20,20,20,50,55.8743961352657,52.10828025477707,53.29113924050633,52.90384615384615,11,gykh8ja7,,,,,0
14,ss3joq82,,0,587,587,FinalPage,ThankYou,2026-09-14 08:47:38.357265,1,,,611.11,4,,0.0,M_no_W_exp,,,,,58,,,,,,0,0,80,380,,,,,,,,,,,80,280.0,80,300.0,120,330.0,120,300.0,2,1,"3, 7",4,0.0,0.0,0.0,0.0,0.0,0,-1,0,0,0,3,100.0,380.0,0,1,0.0,0.0,120.0,90.0,90.0,150.0,Down,Up,20,20,20,50,55.8743961352657,52.10828025477707,53.29113924050633,52.90384615384615,11,gykh8ja7,,,,,0
15,5wh6kzb3,,0,587,587,FinalPage,ThankYou,2026-09-14 08:47:38.376395,1,,,1277.78,5,,0.0,M_no_W_exp,,,,,62,,,,,,0,0,130,200,,,,,,,,,,,10,100.0,100,100.0,100,300.0,100,200.0,2,1,"3, 7",4,0.0,0.0,0.0,0.0,0.0,0,1,-1,0,0,3,100.0,380.0,0,1,0.0,0.0,120.0,90.0,90.0,150.0,Down,Up,20,20,20,50,55.8743961352657,52.10828025477707,53.29113924050633,52.90384615384615,11,gykh8ja7,,,,,0
16,kh2preog,,0,587,587,FinalPage,ThankYou,2026-09-14 08:47:38.385376,1,,,0.0,1,,0.0,M_no_W_exp,,,,,20,,,,,,0,0,450,150,,,,,,,,,,,100,300.0,120,400.0,100,300.0,80,200.0,2,1,"3, 7",4,0.0,0.0,0.0,0.0,0.0,0,1,1,0,0,4,350.0,100.0,0,0,0.0,0.0,75.0,50.0,75.0,75.0,Down,Down,50,100,50,50,55.8743961352657,52.10828025477707,53.29113924050633,52.90384615384615,11,gykh8ja7,,,,,0
17,ao798wr7,,0,587,587,FinalPage,ThankYou,2026-09-14 08:47:38.396990,1,,,555.56,2,,0.0,M_no_W_exp,,,,,15,,,,,,0,0,350,100,,,,,,,,,,,100,450.0,100,450.0,80,300.0,80,300.0,2,1,"3, 7",4,0.0,0.0,0.0,0.0,0.0,0,0,-1,0,0,4,350.0,100.0,0,0,0.0,0.0,75.0,50.0,75.0,75.0,Down,Down,50,100,50,50,55.8743961352657,52.10828025477707,53.29113924050633,52.90384615384615,11,gykh8ja7,,,,,0
18,3788h5gm,,0,587,587,FinalPage,ThankYou,2026-09-14 08:47:38.404908,1,,,888.89,3,,0.0,M_no_W_exp,,,,,25,,,,,,0,0,380,110,,,,,,,,,,,120,450.0,130,450.0,90,120.0,95,115.0,2,1,"3, 7",4,0.0,0.0,0.0,0.0,0.0,0,1,1,0,0,4,350.0,100.0,0,0,0.0,0.0,75.0,50.0,75.0,75.0,Down,Down,50,100,50,50,55.8743961352657,52.10828025477707,53.29113924050633,52.90384615384615,11,gykh8ja7,,,,,0
19,dk85qrmf,,0,587,587,FinalPage,ThankYou,2026-09-14 08:47:38.415392,1,,,1166.67,4,,0.0,M_no_W_exp,,,,,15,,,,,,0,0,110,50,,,,,,,,,,,120,450.0,110,450.0,110,110.0,105,110.0,2,1,"3, 7",4,0.0,0.0,0.0,0.0,0.0,0,-1,-1,0,0,4,350.0,100.0,0,0,0.0,0.0,75.0,50.0,75.0,75.0,Down,Down,50,100,50,50,55.8743961352657,52.10828025477707,53.29113924050633,52.90384615384615,11,gykh8ja7,,,,,0
20,qruijzzl,,0,587,587,FinalPage,ThankYou,2026-09-14 08:47:38.525965,1,,,55.56,5,,0.0,M_no_W_exp,,,,,0,,,,,,0,0,300,100,,,,,,,,,,,200,600.0,200,600.0,100,300.0,100,300.0,2,1,"3, 7",4,0.0,0.0,0.0,0.0,0.0,0,-1,0,0,0,4,350.0,100.0,0,0,0.0,0.0,75.0,50.0,75.0,75.0,Down,Down,50,100,50,50,55.8743961352657,52.10828025477707,53.29113924050633,52.90384615384615,11,gykh8ja7,,,,,0
21,vlvkdjz0,,0,587,587,FinalPage,ThankYou,2026-09-14 08:47:38.588196,1,,,722.22,1,,0.0,M_no_W_exp,,,,,55,,,,,,0,0,200,400,,,,,,,,,,,120,200.0,100,150.0,180,360.0,150,320.0,2,1,"3, 7",4,0.0,0.0,0.0,0.0,0.0,0,1,1,0,0,5,100.0,200.0,0,1,0.0,0.0,75.0,150.0,125.0,75.0,Up,Down,50,50,25,50,55.8743961352657,52.10828025477707,53.29113924050633,52.90384615384615,11,gykh8ja7,,,,,0
22,9n1v1smg,,0,587,587,FinalPage,ThankYou,2026-09-14 08:47:38.706184,1,,,277.78,2,,0.0,M_no_W_exp,,,,,80,,,,,,0,0,50,200,,,,,,,,,,,50,100.0,12,100.0,125,500.0,199,500.0,2,1,"3, 7",4,0.0,0.0,0.0,0.0,0.0,0,-1,0,0,0,5,100.0,200.0,0,1,0.0,0.0,75.0,150.0,125.0,75.0,Up,Down,50,50,25,50,55.8743961352657,52.10828025477707,53.29113924050633,52.90384615384615,11,gykh8ja7,,,,,0
23,kw7jjs2b,,0,587,587,FinalPage,ThankYou,2026-09-14 08:47:38.799963,1,,,944.44,3,,0.0,M_no_W_exp,,,,,80,,,,,,0,0,82,188,,,,,,,,,,,48,26.0,46,34.0,149,478.0,129,387.0,2,1,"3, 7",4,0.0,0.0,0.0,0.0,0.0,0,-1,-1,0,0,5,100.0,200.0,0,1,0.0,0.0,75.0,150.0,125.0,75.0,Up,Down,50,50,25,50,55.8743961352657,52.10828025477707,53.29113924050633,52.90384615384615,11,gykh8ja7,,,,,0
24,pop23w57,,0,587,587,FinalPage,ThankYou,2026-09-14 08:47:38.808538,1,,,888.89,4,,0.0,M_no_W_exp,,,,,75,,,,,,0,0,100,250,,,,,,,,,,,150,100.0,100,50.0,180,300.0,150,300.0,2,1,"3, 7",4,0.0,0.0,0.0,0.0,0.0,0,0,1,0,0,5,100.0,200.0,0,1,0.0,0.0,75.0,150.0,125.0,75.0,Up,Down,50,50,25,50,55.8743961352657,52.10828025477707,53.29113924050633,52.90384615384615,11,gykh8ja7,,,,,0
25,cbc0ayyd,,0,587,587,FinalPage,ThankYou,2026-09-14 08:47:39.019154,1,,,1277.78,5,,0.0,M_no_W_exp,,,,,50,,,,,,0,0,200,150,,,,,,,,,,,200,300.0,100,100.0,200,300.0,200,300.0,2,1,"3, 7",4,0.0,0.0,0.0,0.0,0.0,0,1,-1,0,0,5,100.0,200.0,0,1,0.0,0.0,75.0,150.0,125.0,75.0,Up,Down,50,50,25,50,55.8743961352657,52.10828025477707,53.29113924050633,52.90384615384615,11,gykh8ja7,,,,,0
1,1c9g6x62,,0,587,587,FinalPage,ThankYou,2026-09-14 08:47:37.268362,1,,,722.22,1,,0.0,M_no_W_exp,,,,,,,,,,,0,0,122,430,,,,,,,,,,,,,,,,,,,2,1,"3, 7",4,0.0,0.0,0.0,0.0,0.0,0,1,-1,0,0,1,120.0,480.0,1,1,0.0,0.0,85.0,50.0,100.0,75.0,Down,Down,30,100,0,50,55.8743961352657,52.10828025477707,53.29113924050633,52.90384615384615,12,gykh8ja7,,,,,0
2,7fakiwkr,,0,587,587,FinalPage,ThankYou,2026-09-14 08:47:37.284907,1,,,555.56,2,,0.0,M_no_W_exp,,,,,,,,,,,0,0,200,400,,,,,,,,,,,,,,,,,,,2,1,"3, 7",4,0.0,0.0,0.0,0.0,0.0,0,1,-1,0,0,1,120.0,480.0,1,1,0.0,0.0,85.0,50.0,100.0,75.0,Down,Down,30,100,0,50,55.8743961352657,52.10828025477707,53.29113924050633,52.90384615384615,12,gykh8ja7,,,,,0
3,d4zd28hb,,0,587,587,FinalPage,ThankYou,2026-09-14 08:47:37.385946,1,,,666.67,3,,0.0,M_no_W_exp,,,,,,,,,,,0,0,100,500,,,,,,,,,,,,,,,,,,,2,1,"3, 7",4,0.0,0.0,0.0,0.0,0.0,0,-1,1,0,0,1,120.0,480.0,1,1,0.0,0.0,85.0,50.0,100.0,75.0,Down,Down,30,100,0,50,55.8743961352657,52.10828025477707,53.29113924050633,52.90384615384615,12,gykh8ja7,,,,,0
4,ja5c25rz,,0,587,587,FinalPage,ThankYou,2026-09-14 08:47:38.211419,1,,,500.0,4,,0.0,M_no_W_exp,,,,,,,,,,,0,0,100,500,,,,,,,,,,,,,,,,,,,2,1,"3, 7",4,0.0,0.0,0.0,0.0,0.0,0,-1,1,0,0,1,120.0,480.0,1,1,0.0,0.0,85.0,50.0,100.0,75.0,Down,Down,30,100,0,50,55.8743961352657,52.10828025477707,53.29113924050633,52.90384615384615,12,gykh8ja7,,,,,0
5,oedddvhv,,0,587,587,FinalPage,ThankYou,2026-09-14 08:47:38.224881,1,,,0.0,5,,0.0,M_no_W_exp,,,,,,,,,,,0,0,120,480,,,,,,,,,,,,,,,,,,,2,1,"3, 7",4,0.0,0.0,0.0,0.0,0.0,0,0,0,0,0,1,120.0,480.0,1,1,0.0,0.0,85.0,50.0,100.0,75.0,Down,Down,30,100,0,50,55.8743961352657,52.10828025477707,53.29113924050633,52.90384615384615,12,gykh8ja7,,,,,0
6,7q18nnfd,,0,587,587,FinalPage,ThankYou,2026-09-14 08:47:38.238172,1,,,888.89,1,,0.0,M_no_W_exp,,,,,,,,,,,0,0,170,60,,,,,,,,,,,,,,,,,,,2,1,"3, 7",4,0.0,0.0,0.0,0.0,0.0,0,1,1,0,0,2,160.0,55.0,1,0,0.0,0.0,150.0,130.0,100.0,175.0,Up,Up,50,30,75,0,55.8743961352657,52.10828025477707,53.29113924050633,52.90384615384615,12,gykh8ja7,,,,,0
7,03zce18q,,0,587,587,FinalPage,ThankYou,2026-09-14 08:47:38.255812,1,,,944.44,2,,0.0,M_no_W_exp,,,,,,,,,,,0,0,160,45,,,,,,,,,,,,,,,,,,,2,1,"3, 7",4,0.0,0.0,0.0,0.0,0.0,0,0,-1,0,0,2,160.0,55.0,1,0,0.0,0.0,150.0,130.0,100.0,175.0,Up,Up,50,30,75,0,55.8743961352657,52.10828025477707,53.29113924050633,52.90384615384615,12,gykh8ja7,,,,,0
8,wbs0fdl5,,0,587,587,FinalPage,ThankYou,2026-09-14 08:47:38.263655,1,,,777.78,3,,0.0,M_no_W_exp,,,,,,,,,,,0,0,300,200,,,,,,,,,,,,,,,,,,,2,1,"3, 7",4,0.0,0.0,0.0,0.0,0.0,0,1,1,0,0,2,160.0,55.0,1,0,0.0,0.0,150.0,130.0,100.0,175.0,Up,Up,50,30,75,0,55.8743961352657,52.10828025477707,53.29113924050633,52.90384615384615,12,gykh8ja7,,,,,0
9,cqrngk2a,,0,587,587,FinalPage,ThankYou,2026-09-14 08:47:38.275787,1,,,1000.0,4,,0.0,M_no_W_exp,,,,,,,,,,,0,0,150,55,,,,,,,,,,,,,,,,,,,2,1,"3, 7",4,0.0,0.0,0.0,0.0,0.0,0,-1,0,0,0,2,160.0,55.0,1,0,0.0,0.0,150.0,130.0,100.0,175.0,Up,Up,50,30,75,0,55.8743961352657,52.10828025477707,53.29113924050633,52.90384615384615,12,gykh8ja7,,,,,0
10,259xsu1c,,0,587,587,FinalPage,ThankYou,2026-09-14 08:47:38.296234,1,,,833.33,5,,0.0,M_no_W_exp,,,,,,,,,,,0,0,100,50,,,,,,,,,,,,,,,,,,,2,1,"3, 7",4,0.0,0.0,0.0,0.0,0.0,0,-1,-1,0,0,2,160.0,55.0,1,0,0.0,0.0,150.0,130.0,100.0,175.0,Up,Up,50,30,75,0,55.8743961352657,52.10828025477707,53.29113924050633,52.90384615384615,12,gykh8ja7,,,,,0
11,xnss4pg0,,0,587,587,FinalPage,ThankYou,2026-09-14 08:47:38.303827,1,,,611.11,1,,0.0,M_no_W_exp,,,,,,,,,,,0,0,121,397,,,,,,,,,,,,,,,,,,,2,1,"3, 7",4,0.0,0.0,0.0,0.0,0.0,0,1,1,0,0,3,110.0,350.0,0,1,0.0,0.0,120.0,90.0,90.0,150.0,Down,Up,20,20,20,50,55.8743961352657,52.10828025477707,53.29113924050633,52.90384615384615,12,gykh8ja7,,,,,0
12,5seuckqb,,0,587,587,FinalPage,ThankYou,2026-09-14 08:47:38.336823,1,,,611.11,2,,0.0,M_no_W_exp,,,,,,,,,,,0,0,110,400,,,,,,,,,,,,,,,,,,,2,1,"3, 7",4,0.0,0.0,0.0,0.0,0.0,0,0,1,0,0,3,110.0,350.0,0,1,0.0,0.0,120.0,90.0,90.0,150.0,Down,Up,20,20,20,50,55.8743961352657,52.10828025477707,53.29113924050633,52.90384615384615,12,gykh8ja7,,,,,0
13,hdnqitby,,0,587,587,FinalPage,ThankYou,2026-09-14 08:47:38.344821,1,,,722.22,3,,0.0,M_no_W_exp,,,,,,,,,,,0,0,95,350,,,,,,,,,,,,,,,,,,,2,1,"3, 7",4,0.0,0.0,0.0,0.0,0.0,0,-1,0,0,0,3,110.0,350.0,0,1,0.0,0.0,120.0,90.0,90.0,150.0,Down,Up,20,20,20,50,55.8743961352657,52.10828025477707,53.29113924050633,52.90384615384615,12,gykh8ja7,,,,,0
14,ss3joq82,,0,587,587,FinalPage,ThankYou,2026-09-14 08:47:38.357265,1,,,611.11,4,,0.0,M_no_W_exp,,,,,,,,,,,0,0,85,297,,,,,,,,,,,,,,,,,,,2,1,"3, 7",4,0.0,0.0,0.0,0.0,0.0,0,-1,-1,0,0,3,110.0,350.0,0,1,0.0,0.0,120.0,90.0,90.0,150.0,Down,Up,20,20,20,50,55.8743961352657,52.10828025477707,53.29113924050633,52.90384615384615,12,gykh8ja7,,,,,0
15,5wh6kzb3,,0,587,587,FinalPage,ThankYou,2026-09-14 08:47:38.376395,1,,,1277.78,5,,0.0,M_no_W_exp,,,,,,,,,,,0,0,130,300,,,,,,,,,,,,,,,,,,,2,1,"3, 7",4,0.0,0.0,0.0,0.0,0.0,0,1,-1,0,0,3,110.0,350.0,0,1,0.0,0.0,120.0,90.0,90.0,150.0,Down,Up,20,20,20,50,55.8743961352657,52.10828025477707,53.29113924050633,52.90384615384615,12,gykh8ja7,,,,,0
16,kh2preog,,0,587,587,FinalPage,ThankYou,2026-09-14 08:47:38.385376,1,,,0.0,1,,0.0,M_no_W_exp,,,,,,,,,,,0,0,450,150,,,,,,,,,,,,,,,,,,,2,1,"3, 7",4,0.0,0.0,0.0,0.0,0.0,0,1,1,0,0,4,400.0,105.0,0,0,0.0,0.0,75.0,50.0,75.0,75.0,Down,Down,50,100,50,50,55.8743961352657,52.10828025477707,53.29113924050633,52.90384615384615,12,gykh8ja7,,,,,0
17,ao798wr7,,0,587,587,FinalPage,ThankYou,2026-09-14 08:47:38.396990,1,,,555.56,2,,0.0,M_no_W_exp,,,,,,,,,,,0,0,400,95,,,,,,,,,,,,,,,,,,,2,1,"3, 7",4,0.0,0.0,0.0,0.0,0.0,0,0,-1,0,0,4,400.0,105.0,0,0,0.0,0.0,75.0,50.0,75.0,75.0,Down,Down,50,100,50,50,55.8743961352657,52.10828025477707,53.29113924050633,52.90384615384615,12,gykh8ja7,,,,,0
18,3788h5gm,,0,587,587,FinalPage,ThankYou,2026-09-14 08:47:38.404908,1,,,888.89,3,,0.0,M_no_W_exp,,,,,,,,,,,0,0,375,105,,,,,,,,,,,,,,,,,,,2,1,"3, 7",4,0.0,0.0,0.0,0.0,0.0,0,-1,0,0,0,4,400.0,105.0,0,0,0.0,0.0,75.0,50.0,75.0,75.0,Down,Down,50,100,50,50,55.8743961352657,52.10828025477707,53.29113924050633,52.90384615384615,12,gykh8ja7,,,,,0
19,dk85qrmf,,0,587,587,FinalPage,ThankYou,2026-09-14 08:47:38.415392,1,,,1166.67,4,,0.0,M_no_W_exp,,,,,,,,,,,0,0,300,100,,,,,,,,,,,,,,,,,,,2,1,"3, 7",4,0.0,0.0,0.0,0.0,0.0,0,-1,-1,0,0,4,400.0,105.0,0,0,0.0,0.0,75.0,50.0,75.0,75.0,Down,Down,50,100,50,50,55.8743961352657,52.10828025477707,53.29113924050633,52.90384615384615,12,gykh8ja7,,,,,0
20,qruijzzl,,0,587,587,FinalPage,ThankYou,2026-09-14 08:47:38.525965,1,,,55.56,5,,0.0,M_no_W_exp,,,,,,,,,,,0,0,401,199,,,,,,,,,,,,,,,,,,,2,1,"3, 7",4,0.0,0.0,0.0,0.0,0.0,0,1,1,0,0,4,400.0,105.0,0,0,0.0,0.0,75.0,50.0,75.0,75.0,Down,Down,50,100,50,50,55.8743961352657,52.10828025477707,53.29113924050633,52.90384615384615,12,gykh8ja7,,,,,0
21,vlvkdjz0,,0,587,587,FinalPage,ThankYou,2026-09-14 08:47:38.588196,1,,,722.22,1,,0.0,M_no_W_exp,,,,,,,,,,,0,0,250,350,,,,,,,,,,,,,,,,,,,2,1,"3, 7",4,0.0,0.0,0.0,0.0,0.0,0,1,1,0,0,5,111.0,211.0,0,1,0.0,0.0,75.0,150.0,125.0,75.0,Up,Down,50,50,25,50,55.8743961352657,52.10828025477707,53.29113924050633,52.90384615384615,12,gykh8ja7,,,,,0
22,9n1v1smg,,0,587,587,FinalPage,ThankYou,2026-09-14 08:47:38.706184,1,,,277.78,2,,0.0,M_no_W_exp,,,,,,,,,,,0,0,65,215,,,,,,,,,,,,,,,,,,,2,1,"3, 7",4,0.0,0.0,0.0,0.0,0.0,0,-1,1,0,0,5,111.0,211.0,0,1,0.0,0.0,75.0,150.0,125.0,75.0,Up,Down,50,50,25,50,55.8743961352657,52.10828025477707,53.29113924050633,52.90384615384615,12,gykh8ja7,,,,,0
23,kw7jjs2b,,0,587,587,FinalPage,ThankYou,2026-09-14 08:47:38.799963,1,,,944.44,3,,0.0,M_no_W_exp,,,,,,,,,,,0,0,111,211,,,,,,,,,,,,,,,,,,,2,1,"3, 7",4,0.0,0.0,0.0,0.0,0.0,0,0,0,0,0,5,111.0,211.0,0,1,0.0,0.0,75.0,150.0,125.0,75.0,Up,Down,50,50,25,50,55.8743961352657,52.10828025477707,53.29113924050633,52.90384615384615,12,gykh8ja7,,,,,0
24,pop23w57,,0,587,587,FinalPage,ThankYou,2026-09-14 08:47:38.808538,1,,,888.89,4,,0.0,M_no_W_exp,,,,,,,,,,,0,0,20,180,,,,,,,,,,,,,,,,,,,2,1,"3, 7",4,0.0,0.0,0.0,0.0,0.0,0,-1,-1,0,0,5,111.0,211.0,0,1,0.0,0.0,75.0,150.0,125.0,75.0,Up,Down,50,50,25,50,55.8743961352657,52.10828025477707,53.29113924050633,52.90384615384615,12,gykh8ja7,,,,,0
25,cbc0ayyd,,0,587,587,FinalPage,ThankYou,2026-09-14 08:47:39.019154,1,,,1277.78,5,,0.0,M_no_W_exp,,,,,,,,,,,0,0,200,150,,,,,,,,,,,,,,,,,,,2,1,"3, 7",4,0.0,0.0,0.0,0.0,0.0,0,1,-1,0,0,5,111.0,211.0,0,1,0.0,0.0,75.0,150.0,125.0,75.0,Up,Down,50,50,25,50,55.8743961352657,52.10828025477707,53.29113924050633,52.90384615384615,12,gykh8ja7,,,,,0
1,1c9g6x62,,0,587,587,FinalPage,ThankYou,2026-09-14 08:47:37.268362,1,,,722.22,1,,0.0,M_no_W_exp,,,,,,,,,,,0,0,122,1,,,,,,,,,,,,,,,,,,,2,1,"3, 7",4,0.0,0.0,0.0,0.0,0.0,0,1,-1,0,0,1,119.0,481.0,1,1,0.0,0.0,85.0,50.0,100.0,75.0,Down,Down,30,100,0,50,55.8743961352657,52.10828025477707,53.29113924050633,52.90384615384615,13,gykh8ja7,,,,,0
2,7fakiwkr,,0,587,587,FinalPage,ThankYou,2026-09-14 08:47:37.284907,1,,,555.56,2,,0.0,M_no_W_exp,,,,,,,,,,,0,0,100,500,,,,,,,,,,,,,,,,,,,2,1,"3, 7",4,0.0,0.0,0.0,0.0,0.0,0,-1,1,0,0,1,119.0,481.0,1,1,0.0,0.0,85.0,50.0,100.0,75.0,Down,Down,30,100,0,50,55.8743961352657,52.10828025477707,53.29113924050633,52.90384615384615,13,gykh8ja7,,,,,0
3,d4zd28hb,,0,587,587,FinalPage,ThankYou,2026-09-14 08:47:37.385946,1,,,666.67,3,,0.0,M_no_W_exp,,,,,,,,,,,0,0,125,475,,,,,,,,,,,,,,,,,,,2,1,"3, 7",4,0.0,0.0,0.0,0.0,0.0,0,1,-1,0,0,1,119.0,481.0,1,1,0.0,0.0,85.0,50.0,100.0,75.0,Down,Down,30,100,0,50,55.8743961352657,52.10828025477707,53.29113924050633,52.90384615384615,13,gykh8ja7,,,,,0
4,ja5c25rz,,0,587,587,FinalPage,ThankYou,2026-09-14 08:47:38.211419,1,,,500.0,4,,0.0,M_no_W_exp,,,,,,,,,,,0,0,100,500,,,,,,,,,,,,,,,,,,,2,1,"3, 7",4,0.0,0.0,0.0,0.0,0.0,0,-1,1,0,0,1,119.0,481.0,1,1,0.0,0.0,85.0,50.0,100.0,75.0,Down,Down,30,100,0,50,55.8743961352657,52.10828025477707,53.29113924050633,52.90384615384615,13,gykh8ja7,,,,,0
5,oedddvhv,,0,587,587,FinalPage,ThankYou,2026-09-14 08:47:38.224881,1,,,0.0,5,,0.0,M_no_W_exp,,,,,,,,,,,0,0,119,481,,,,,,,,,,,,,,,,,,,2,1,"3, 7",4,0.0,0.0,0.0,0.0,0.0,0,0,0,0,0,1,119.0,481.0,1,1,0.0,0.0,85.0,50.0,100.0,75.0,Down,Down,30,100,0,50,55.8743961352657,52.10828025477707,53.29113924050633,52.90384615384615,13,gykh8ja7,,,,,0
6,7q18nnfd,,0,587,587,FinalPage,ThankYou,2026-09-14 08:47:38.238172,1,,,888.89,1,,0.0,M_no_W_exp,,,,,,,,,,,0,0,165,58,,,,,,,,,,,,,,,,,,,2,1,"3, 7",4,0.0,0.0,0.0,0.0,0.0,0,0,1,0,0,2,165.0,55.0,1,0,0.0,0.0,150.0,130.0,100.0,175.0,Up,Up,50,30,75,0,55.8743961352657,52.10828025477707,53.29113924050633,52.90384615384615,13,gykh8ja7,,,,,0
7,03zce18q,,0,587,587,FinalPage,ThankYou,2026-09-14 08:47:38.255812,1,,,944.44,2,,0.0,M_no_W_exp,,,,,,,,,,,0,0,165,45,,,,,,,,,,,,,,,,,,,2,1,"3, 7",4,0.0,0.0,0.0,0.0,0.0,0,1,-1,0,0,2,165.0,55.0,1,0,0.0,0.0,150.0,130.0,100.0,175.0,Up,Up,50,30,75,0,55.8743961352657,52.10828025477707,53.29113924050633,52.90384615384615,13,gykh8ja7,,,,,0
8,wbs0fdl5,,0,587,587,FinalPage,ThankYou,2026-09-14 08:47:38.263655,1,,,777.78,3,,0.0,M_no_W_exp,,,,,,,,,,,0,0,100,20,,,,,,,,,,,,,,,,,,,2,1,"3, 7",4,0.0,0.0,0.0,0.0,0.0,0,-1,-1,0,0,2,165.0,55.0,1,0,0.0,0.0,150.0,130.0,100.0,175.0,Up,Up,50,30,75,0,55.8743961352657,52.10828025477707,53.29113924050633,52.90384615384615,13,gykh8ja7,,,,,0
9,cqrngk2a,,0,587,587,FinalPage,ThankYou,2026-09-14 08:47:38.275787,1,,,1000.0,4,,0.0,M_no_W_exp,,,,,,,,,,,0,0,153,55,,,,,,,,,,,,,,,,,,,2,1,"3, 7",4,0.0,0.0,0.0,0.0,0.0,0,-1,0,0,0,2,165.0,55.0,1,0,0.0,0.0,150.0,130.0,100.0,175.0,Up,Up,50,30,75,0,55.8743961352657,52.10828025477707,53.29113924050633,52.90384615384615,13,gykh8ja7,,,,,0
10,259xsu1c,,0,587,587,FinalPage,ThankYou,2026-09-14 08:47:38.296234,1,,,833.33,5,,0.0,M_no_W_exp,,,,,,,,,,,0,0,300,80,,,,,,,,,,,,,,,,,,,2,1,"3, 7",4,0.0,0.0,0.0,0.0,0.0,0,1,1,0,0,2,165.0,55.0,1,0,0.0,0.0,150.0,130.0,100.0,175.0,Up,Up,50,30,75,0,55.8743961352657,52.10828025477707,53.29113924050633,52.90384615384615,13,gykh8ja7,,,,,0
11,xnss4pg0,,0,587,587,FinalPage,ThankYou,2026-09-14 08:47:38.303827,1,,,611.11,1,,0.0,M_no_W_exp,,,,,,,,,,,0,0,119,367,,,,,,,,,,,,,,,,,,,2,1,"3, 7",4,0.0,0.0,0.0,0.0,0.0,0,1,1,0,0,3,105.0,329.0,0,1,0.0,0.0,120.0,90.0,90.0,150.0,Down,Up,20,20,20,50,55.8743961352657,52.10828025477707,53.29113924050633,52.90384615384615,13,gykh8ja7,,,,,0
12,5seuckqb,,0,587,587,FinalPage,ThankYou,2026-09-14 08:47:38.336823,1,,,611.11,2,,0.0,M_no_W_exp,,,,,,,,,,,0,0,105,390,,,,,,,,,,,,,,,,,,,2,1,"3, 7",4,0.0,0.0,0.0,0.0,0.0,0,0,1,0,0,3,105.0,329.0,0,1,0.0,0.0,120.0,90.0,90.0,150.0,Down,Up,20,20,20,50,55.8743961352657,52.10828025477707,53.29113924050633,52.90384615384615,13,gykh8ja7,,,,,0
13,hdnqitby,,0,587,587,FinalPage,ThankYou,2026-09-14 08:47:38.344821,1,,,722.22,3,,0.0,M_no_W_exp,,,,,,,,,,,0,0,95,320,,,,,,,,,,,,,,,,,,,2,1,"3, 7",4,0.0,0.0,0.0,0.0,0.0,0,-1,-1,0,0,3,105.0,329.0,0,1,0.0,0.0,120.0,90.0,90.0,150.0,Down,Up,20,20,20,50,55.8743961352657,52.10828025477707,53.29113924050633,52.90384615384615,13,gykh8ja7,,,,,0
14,ss3joq82,,0,587,587,FinalPage,ThankYou,2026-09-14 08:47:38.357265,1,,,611.11,4,,0.0,M_no_W_exp,,,,,,,,,,,0,0,95,329,,,,,,,,,,,,,,,,,,,2,1,"3, 7",4,0.0,0.0,0.0,0.0,0.0,0,-1,0,0,0,3,105.0,329.0,0,1,0.0,0.0,120.0,90.0,90.0,150.0,Down,Up,20,20,20,50,55.8743961352657,52.10828025477707,53.29113924050633,52.90384615384615,13,gykh8ja7,,,,,0
15,5wh6kzb3,,0,587,587,FinalPage,ThankYou,2026-09-14 08:47:38.376395,1,,,1277.78,5,,0.0,M_no_W_exp,,,,,,,,,,,0,0,130,300,,,,,,,,,,,,,,,,,,,2,1,"3, 7",4,0.0,0.0,0.0,0.0,0.0,0,1,-1,0,0,3,105.0,329.0,0,1,0.0,0.0,120.0,90.0,90.0,150.0,Down,Up,20,20,20,50,55.8743961352657,52.10828025477707,53.29113924050633,52.90384615384615,13,gykh8ja7,,,,,0
16,kh2preog,,0,587,587,FinalPage,ThankYou,2026-09-14 08:47:38.385376,1,,,0.0,1,,0.0,M_no_W_exp,,,,,,,,,,,0,0,450,150,,,,,,,,,,,,,,,,,,,2,1,"3, 7",4,0.0,0.0,0.0,0.0,0.0,0,0,1,0,0,4,450.0,105.0,0,0,0.0,0.0,75.0,50.0,75.0,75.0,Down,Down,50,100,50,50,55.8743961352657,52.10828025477707,53.29113924050633,52.90384615384615,13,gykh8ja7,,,,,0
17,ao798wr7,,0,587,587,FinalPage,ThankYou,2026-09-14 08:47:38.396990,1,,,555.56,2,,0.0,M_no_W_exp,,,,,,,,,,,0,0,455,104,,,,,,,,,,,,,,,,,,,2,1,"3, 7",4,0.0,0.0,0.0,0.0,0.0,0,1,-1,0,0,4,450.0,105.0,0,0,0.0,0.0,75.0,50.0,75.0,75.0,Down,Down,50,100,50,50,55.8743961352657,52.10828025477707,53.29113924050633,52.90384615384615,13,gykh8ja7,,,,,0
18,3788h5gm,,0,587,587,FinalPage,ThankYou,2026-09-14 08:47:38.404908,1,,,888.89,3,,0.0,M_no_W_exp,,,,,,,,,,,0,0,410,100,,,,,,,,,,,,,,,,,,,2,1,"3, 7",4,0.0,0.0,0.0,0.0,0.0,0,-1,-1,0,0,4,450.0,105.0,0,0,0.0,0.0,75.0,50.0,75.0,75.0,Down,Down,50,100,50,50,55.8743961352657,52.10828025477707,53.29113924050633,52.90384615384615,13,gykh8ja7,,,,,0
19,dk85qrmf,,0,587,587,FinalPage,ThankYou,2026-09-14 08:47:38.415392,1,,,1166.67,4,,0.0,M_no_W_exp,,,,,,,,,,,0,0,400,105,,,,,,,,,,,,,,,,,,,2,1,"3, 7",4,0.0,0.0,0.0,0.0,0.0,0,-1,0,0,0,4,450.0,105.0,0,0,0.0,0.0,75.0,50.0,75.0,75.0,Down,Down,50,100,50,50,55.8743961352657,52.10828025477707,53.29113924050633,52.90384615384615,13,gykh8ja7,,,,,0
20,qruijzzl,,0,587,587,FinalPage,ThankYou,2026-09-14 08:47:38.525965,1,,,55.56,5,,0.0,M_no_W_exp,,,,,,,,,,,0,0,451,149,,,,,,,,,,,,,,,,,,,2,1,"3, 7",4,0.0,0.0,0.0,0.0,0.0,0,1,1,0,0,4,450.0,105.0,0,0,0.0,0.0,75.0,50.0,75.0,75.0,Down,Down,50,100,50,50,55.8743961352657,52.10828025477707,53.29113924050633,52.90384615384615,13,gykh8ja7,,,,,0
21,vlvkdjz0,,0,587,587,FinalPage,ThankYou,2026-09-14 08:47:38.588196,1,,,722.22,1,,0.0,M_no_W_exp,,,,,,,,,,,0,0,300,300,,,,,,,,,,,,,,,,,,,2,1,"3, 7",4,0.0,0.0,0.0,0.0,0.0,0,1,1,0,0,5,133.0,220.0,0,1,0.0,0.0,75.0,150.0,125.0,75.0,Up,Down,50,50,25,50,55.8743961352657,52.10828025477707,53.29113924050633,52.90384615384615,13,gykh8ja7,,,,,0
22,9n1v1smg,,0,587,587,FinalPage,ThankYou,2026-09-14 08:47:38.706184,1,,,277.78,2,,0.0,M_no_W_exp,,,,,,,,,,,0,0,75,220,,,,,,,,,,,,,,,,,,,2,1,"3, 7",4,0.0,0.0,0.0,0.0,0.0,0,-1,0,0,0,5,133.0,220.0,0,1,0.0,0.0,75.0,150.0,125.0,75.0,Up,Down,50,50,25,50,55.8743961352657,52.10828025477707,53.29113924050633,52.90384615384615,13,gykh8ja7,,,,,0
23,kw7jjs2b,,0,587,587,FinalPage,ThankYou,2026-09-14 08:47:38.799963,1,,,944.44,3,,0.0,M_no_W_exp,,,,,,,,,,,0,0,133,232,,,,,,,,,,,,,,,,,,,2,1,"3, 7",4,0.0,0.0,0.0,0.0,0.0,0,0,1,0,0,5,133.0,220.0,0,1,0.0,0.0,75.0,150.0,125.0,75.0,Up,Down,50,50,25,50,55.8743961352657,52.10828025477707,53.29113924050633,52.90384615384615,13,gykh8ja7,,,,,0
24,pop23w57,,0,587,587,FinalPage,ThankYou,2026-09-14 08:47:38.808538,1,,,888.89,4,,0.0,M_no_W_exp,,,,,,,,,,,0,0,50,150,,,,,,,,,,,,,,,,,,,2,1,"3, 7",4,0.0,0.0,0.0,0.0,0.0,0,-1,-1,0,0,5,133.0,220.0,0,1,0.0,0.0,75.0,150.0,125.0,75.0,Up,Down,50,50,25,50,55.8743961352657,52.10828025477707,53.29113924050633,52.90384615384615,13,gykh8ja7,,,,,0
25,cbc0ayyd,,0,587,587,FinalPage,ThankYou,2026-09-14 08:47:39.019154,1,,,1277.78,5,,0.0,M_no_W_exp,,,,,,,,,,,0,0,200,150,,,,,,,,,,,,,,,,,,,2,1,"3, 7",4,0.0,0.0,0.0,0.0,0.0,0,1,-1,0,0,5,133.0,220.0,0,1,0.0,0.0,75.0,150.0,125.0,75.0,Up,Down,50,50,25,50,55.8743961352657,52.10828025477707,53.29113924050633,52.90384615384615,13,gykh8ja7,,,,,0
1,1c9g6x62,,0,587,587,FinalPage,ThankYou,2026-09-14 08:47:37.268362,1,,,722.22,1,,0.0,M_no_W_exp,,,,,,,,,,,0,0,121,1,,,,,,,,,,,,,,,,,,,2,1,"3, 7",4,0.0,0.0,0.0,0.0,0.0,0,1,-1,0,0,1,115.0,485.0,1,1,0.0,0.0,85.0,50.0,100.0,75.0,Down,Down,30,100,0,50,55.8743961352657,52.10828025477707,53.29113924050633,52.90384615384615,14,gykh8ja7,,,,,0
2,7fakiwkr,,0,587,587,FinalPage,ThankYou,2026-09-14 08:47:37.284907,1,,,555.56,2,,0.0,M_no_W_exp,,,,,,,,,,,0,0,115,485,,,,,,,,,,,,,,,,,,,2,1,"3, 7",4,0.0,0.0,0.0,0.0,0.0,0,0,0,0,0,1,115.0,485.0,1,1,0.0,0.0,85.0,50.0,100.0,75.0,Down,Down,30,100,0,50,55.8743961352657,52.10828025477707,53.29113924050633,52.90384615384615,14,gykh8ja7,,,,,0
3,d4zd28hb,,0,587,587,FinalPage,ThankYou,2026-09-14 08:47:37.385946,1,,,666.67,3,,0.0,M_no_W_exp,,,,,,,,,,,0,0,90,510,,,,,,,,,,,,,,,,,,,2,1,"3, 7",4,0.0,0.0,0.0,0.0,0.0,0,-1,1,0,0,1,115.0,485.0,1,1,0.0,0.0,85.0,50.0,100.0,75.0,Down,Down,30,100,0,50,55.8743961352657,52.10828025477707,53.29113924050633,52.90384615384615,14,gykh8ja7,,,,,0
4,ja5c25rz,,0,587,587,FinalPage,ThankYou,2026-09-14 08:47:38.211419,1,,,500.0,4,,0.0,M_no_W_exp,,,,,,,,,,,0,0,100,500,,,,,,,,,,,,,,,,,,,2,1,"3, 7",4,0.0,0.0,0.0,0.0,0.0,0,-1,1,0,0,1,115.0,485.0,1,1,0.0,0.0,85.0,50.0,100.0,75.0,Down,Down,30,100,0,50,55.8743961352657,52.10828025477707,53.29113924050633,52.90384615384615,14,gykh8ja7,,,,,0
5,oedddvhv,,0,587,587,FinalPage,ThankYou,2026-09-14 08:47:38.224881,1,,,0.0,5,,0.0,M_no_W_exp,,,,,,,,,,,0,0,117,483,,,,,,,,,,,,,,,,,,,2,1,"3, 7",4,0.0,0.0,0.0,0.0,0.0,0,1,-1,0,0,1,115.0,485.0,1,1,0.0,0.0,85.0,50.0,100.0,75.0,Down,Down,30,100,0,50,55.8743961352657,52.10828025477707,53.29113924050633,52.90384615384615,14,gykh8ja7,,,,,0
6,7q18nnfd,,0,587,587,FinalPage,ThankYou,2026-09-14 08:47:38.238172,1,,,888.89,1,,0.0,M_no_W_exp,,,,,,,,,,,0,0,170,56,,,,,,,,,,,,,,,,,,,2,1,"3, 7",4,0.0,0.0,0.0,0.0,0.0,0,0,1,0,0,2,170.0,55.0,1,0,0.0,0.0,150.0,130.0,100.0,175.0,Up,Up,50,30,75,0,55.8743961352657,52.10828025477707,53.29113924050633,52.90384615384615,14,gykh8ja7,,,,,0
7,03zce18q,,0,587,587,FinalPage,ThankYou,2026-09-14 08:47:38.255812,1,,,944.44,2,,0.0,M_no_W_exp,,,,,,,,,,,0,0,165,45,,,,,,,,,,,,,,,,,,,2,1,"3, 7",4,0.0,0.0,0.0,0.0,0.0,0,-1,-1,0,0,2,170.0,55.0,1,0,0.0,0.0,150.0,130.0,100.0,175.0,Up,Up,50,30,75,0,55.8743961352657,52.10828025477707,53.29113924050633,52.90384615384615,14,gykh8ja7,,,,,0
8,wbs0fdl5,,0,587,587,FinalPage,ThankYou,2026-09-14 08:47:38.263655,1,,,777.78,3,,0.0,M_no_W_exp,,,,,,,,,,,0,0,500,96,,,,,,,,,,,,,,,,,,,2,1,"3, 7",4,0.0,0.0,0.0,0.0,0.0,0,1,1,0,0,2,170.0,55.0,1,0,0.0,0.0,150.0,130.0,100.0,175.0,Up,Up,50,30,75,0,55.8743961352657,52.10828025477707,53.29113924050633,52.90384615384615,14,gykh8ja7,,,,,0
9,cqrngk2a,,0,587,587,FinalPage,ThankYou,2026-09-14 08:47:38.275787,1,,,1000.0,4,,0.0,M_no_W_exp,,,,,,,,,,,0,0,156,55,,,,,,,,,,,,,,,,,,,2,1,"3, 7",4,0.0,0.0,0.0,0.0,0.0,0,-1,0,0,0,2,170.0,55.0,1,0,0.0,0.0,150.0,130.0,100.0,175.0,Up,Up,50,30,75,0,55.8743961352657,52.10828025477707,53.29113924050633,52.90384615384615,14,gykh8ja7,,,,,0
10,259xsu1c,,0,587,587,FinalPage,ThankYou,2026-09-14 08:47:38.296234,1,,,833.33,5,,0.0,M_no_W_exp,,,,,,,,,,,0,0,180,50,,,,,,,,,,,,,,,,,,,2,1,"3, 7",4,0.0,0.0,0.0,0.0,0.0,0,1,-1,0,0,2,170.0,55.0,1,0,0.0,0.0,150.0,130.0,100.0,175.0,Up,Up,50,30,75,0,55.8743961352657,52.10828025477707,53.29113924050633,52.90384615384615,14,gykh8ja7,,,,,0
11,xnss4pg0,,0,587,587,FinalPage,ThankYou,2026-09-14 08:47:38.303827,1,,,611.11,1,,0.0,M_no_W_exp,,,,,,,,,,,0,0,113,345,,,,,,,,,,,,,,,,,,,2,1,"3, 7",4,0.0,0.0,0.0,0.0,0.0,0,1,1,0,0,3,98.0,320.0,0,1,0.0,0.0,120.0,90.0,90.0,150.0,Down,Up,20,20,20,50,55.8743961352657,52.10828025477707,53.29113924050633,52.90384615384615,14,gykh8ja7,,,,,0
12,5seuckqb,,0,587,587,FinalPage,ThankYou,2026-09-14 08:47:38.336823,1,,,611.11,2,,0.0,M_no_W_exp,,,,,,,,,,,0,0,95,350,,,,,,,,,,,,,,,,,,,2,1,"3, 7",4,0.0,0.0,0.0,0.0,0.0,0,-1,1,0,0,3,98.0,320.0,0,1,0.0,0.0,120.0,90.0,90.0,150.0,Down,Up,20,20,20,50,55.8743961352657,52.10828025477707,53.29113924050633,52.90384615384615,14,gykh8ja7,,,,,0
13,hdnqitby,,0,587,587,FinalPage,ThankYou,2026-09-14 08:47:38.344821,1,,,722.22,3,,0.0,M_no_W_exp,,,,,,,,,,,0,0,98,320,,,,,,,,,,,,,,,,,,,2,1,"3, 7",4,0.0,0.0,0.0,0.0,0.0,0,0,0,0,0,3,98.0,320.0,0,1,0.0,0.0,120.0,90.0,90.0,150.0,Down,Up,20,20,20,50,55.8743961352657,52.10828025477707,53.29113924050633,52.90384615384615,14,gykh8ja7,,,,,0
14,ss3joq82,,0,587,587,FinalPage,ThankYou,2026-09-14 08:47:38.357265,1,,,611.11,4,,0.0,M_no_W_exp,,,,,,,,,,,0,0,95,300,,,,,,,,,,,,,,,,,,,2,1,"3, 7",4,0.0,0.0,0.0,0.0,0.0,0,-1,-1,0,0,3,98.0,320.0,0,1,0.0,0.0,120.0,90.0,90.0,150.0,Down,Up,20,20,20,50,55.8743961352657,52.10828025477707,53.29113924050633,52.90384615384615,14,gykh8ja7,,,,,0
15,5wh6kzb3,,0,587,587,FinalPage,ThankYou,2026-09-14 08:47:38.376395,1,,,1277.78,5,,0.0,M_no_W_exp,,,,,,,,,,,0,0,130,300,,,,,,,,,,,,,,,,,,,2,1,"3, 7",4,0.0,0.0,0.0,0.0,0.0,0,1,-1,0,0,3,98.0,320.0,0,1,0.0,0.0,120.0,90.0,90.0,150.0,Down,Up,20,20,20,50,55.8743961352657,52.10828025477707,53.29113924050633,52.90384615384615,14,gykh8ja7,,,,,0
16,kh2preog,,0,587,587,FinalPage,ThankYou,2026-09-14 08:47:38.385376,1,,,0.0,1,,0.0,M_no_W_exp,,,,,,,,,,,0,0,480,120,,,,,,,,,,,,,,,,,,,2,1,"3, 7",4,0.0,0.0,0.0,0.0,0.0,0,0,1,0,0,4,480.0,105.0,0,0,0.0,0.0,75.0,50.0,75.0,75.0,Down,Down,50,100,50,50,55.8743961352657,52.10828025477707,53.29113924050633,52.90384615384615,14,gykh8ja7,,,,,0
17,ao798wr7,,0,587,587,FinalPage,ThankYou,2026-09-14 08:47:38.396990,1,,,555.56,2,,0.0,M_no_W_exp,,,,,,,,,,,0,0,505,95,,,,,,,,,,,,,,,,,,,2,1,"3, 7",4,0.0,0.0,0.0,0.0,0.0,0,1,-1,0,0,4,480.0,105.0,0,0,0.0,0.0,75.0,50.0,75.0,75.0,Down,Down,50,100,50,50,55.8743961352657,52.10828025477707,53.29113924050633,52.90384615384615,14,gykh8ja7,,,,,0
18,3788h5gm,,0,587,587,FinalPage,ThankYou,2026-09-14 08:47:38.404908,1,,,888.89,3,,0.0,M_no_W_exp,,,,,,,,,,,0,0,465,105,,,,,,,,,,,,,,,,,,,2,1,"3, 7",4,0.0,0.0,0.0,0.0,0.0,0,-1,0,0,0,4,480.0,105.0,0,0,0.0,0.0,75.0,50.0,75.0,75.0,Down,Down,50,100,50,50,55.8743961352657,52.10828025477707,53.29113924050633,52.90384615384615,14,gykh8ja7,,,,,0
19,dk85qrmf,,0,587,587,FinalPage,ThankYou,2026-09-14 08:47:38.415392,1,,,1166.67,4,,0.0,M_no_W_exp,,,,,,,,,,,0,0,450,105,,,,,,,,,,,,,,,,,,,2,1,"3, 7",4,0.0,0.0,0.0,0.0,0.0,0,-1,1,0,0,4,480.0,105.0,0,0,0.0,0.0,75.0,50.0,75.0,75.0,Down,Down,50,100,50,50,55.8743961352657,52.10828025477707,53.29113924050633,52.90384615384615,14,gykh8ja7,,,,,0
20,qruijzzl,,0,587,587,FinalPage,ThankYou,2026-09-14 08:47:38.525965,1,,,55.56,5,,0.0,M_no_W_exp,,,,,,,,,,,0,0,501,99,,,,,,,,,,,,,,,,,,,2,1,"3, 7",4,0.0,0.0,0.0,0.0,0.0,0,1,-1,0,0,4,480.0,105.0,0,0,0.0,0.0,75.0,50.0,75.0,75.0,Down,Down,50,100,50,50,55.8743961352657,52.10828025477707,53.29113924050633,52.90384615384615,14,gykh8ja7,,,,,0
21,vlvkdjz0,,0,587,587,FinalPage,ThankYou,2026-09-14 08:47:38.588196,1,,,722.22,1,,0.0,M_no_W_exp,,,,,,,,,,,0,0,350,250,,,,,,,,,,,,,,,,,,,2,1,"3, 7",4,0.0,0.0,0.0,0.0,0.0,0,1,1,0,0,5,150.0,230.0,0,1,0.0,0.0,75.0,150.0,125.0,75.0,Up,Down,50,50,25,50,55.8743961352657,52.10828025477707,53.29113924050633,52.90384615384615,14,gykh8ja7,,,,,0
22,9n1v1smg,,0,587,587,FinalPage,ThankYou,2026-09-14 08:47:38.706184,1,,,277.78,2,,0.0,M_no_W_exp,,,,,,,,,,,0,0,70,230,,,,,,,,,,,,,,,,,,,2,1,"3, 7",4,0.0,0.0,0.0,0.0,0.0,0,-1,0,0,0,5,150.0,230.0,0,1,0.0,0.0,75.0,150.0,125.0,75.0,Up,Down,50,50,25,50,55.8743961352657,52.10828025477707,53.29113924050633,52.90384615384615,14,gykh8ja7,,,,,0
23,kw7jjs2b,,0,587,587,FinalPage,ThankYou,2026-09-14 08:47:38.799963,1,,,944.44,3,,0.0,M_no_W_exp,,,,,,,,,,,0,0,160,241,,,,,,,,,,,,,,,,,,,2,1,"3, 7",4,0.0,0.0,0.0,0.0,0.0,0,1,1,0,0,5,150.0,230.0,0,1,0.0,0.0,75.0,150.0,125.0,75.0,Up,Down,50,50,25,50,55.8743961352657,52.10828025477707,53.29113924050633,52.90384615384615,14,gykh8ja7,,,,,0
24,pop23w57,,0,587,587,FinalPage,ThankYou,2026-09-14 08:47:38.808538,1,,,888.89,4,,0.0,M_no_W_exp,,,,,,,,,,,0,0,150,220,,,,,,,,,,,,,,,,,,,2,1,"3, 7",4,0.0,0.0,0.0,0.0,0.0,0,0,-1,0,0,5,150.0,230.0,0,1,0.0,0.0,75.0,150.0,125.0,75.0,Up,Down,50,50,25,50,55.8743961352657,52.10828025477707,53.29113924050633,52.90384615384615,14,gykh8ja7,,,,,0
25,cbc0ayyd,,0,587,587,FinalPage,ThankYou,2026-09-14 08:47:39.019154,1,,,1277.78,5,,0.0,M_no_W_exp,,,,,,,,,,,0,0,150,150,,,,,,,,,,,,,,,,,,,2,1,"3, 7",4,0.0,0.0,0.0,0.0,0.0,0,-1,-1,0,0,5,150.0,230.0,0,1,0.0,0.0,75.0,150.0,125.0,75.0,Up,Down,50,50,25,50,55.8743961352657,52.10828025477707,53.29113924050633,52.90384615384615,14,gykh8ja7,,,,,0
1,1c9g6x62,,0,587,587,FinalPage,ThankYou,2026-09-14 08:47:37.268362,1,,,722.22,1,,0.0,M_no_W_exp,,,,,,,,,,,0,0,119,1,,,,,,,,,,,,,,,,,,,2,1,"3, 7",4,0.0,0.0,0.0,0.0,0.0,0,1,-1,0,0,1,90.0,510.0,1,1,0.0,0.0,85.0,50.0,100.0,75.0,Down,Down,30,100,0,50,55.8743961352657,52.10828025477707,53.29113924050633,52.90384615384615,15,gykh8ja7,,,,,0
2,7fakiwkr,,0,587,587,FinalPage,ThankYou,2026-09-14 08:47:37.284907,1,,,555.56,2,,0.0,M_no_W_exp,,,,,,,,,,,0,0,50,550,,,,,,,,,,,,,,,,,,,2,1,"3, 7",4,0.0,0.0,0.0,0.0,0.0,0,-1,1,0,0,1,90.0,510.0,1,1,0.0,0.0,85.0,50.0,100.0,75.0,Down,Down,30,100,0,50,55.8743961352657,52.10828025477707,53.29113924050633,52.90384615384615,15,gykh8ja7,,,,,0
3,d4zd28hb,,0,587,587,FinalPage,ThankYou,2026-09-14 08:47:37.385946,1,,,666.67,3,,0.0,M_no_W_exp,,,,,,,,,,,0,0,90,510,,,,,,,,,,,,,,,,,,,2,1,"3, 7",4,0.0,0.0,0.0,0.0,0.0,0,0,0,0,0,1,90.0,510.0,1,1,0.0,0.0,85.0,50.0,100.0,75.0,Down,Down,30,100,0,50,55.8743961352657,52.10828025477707,53.29113924050633,52.90384615384615,15,gykh8ja7,,,,,0
4,ja5c25rz,,0,587,587,FinalPage,ThankYou,2026-09-14 08:47:38.211419,1,,,500.0,4,,0.0,M_no_W_exp,,,,,,,,,,,0,0,50,550,,,,,,,,,,,,,,,,,,,2,1,"3, 7",4,0.0,0.0,0.0,0.0,0.0,0,-1,1,0,0,1,90.0,510.0,1,1,0.0,0.0,85.0,50.0,100.0,75.0,Down,Down,30,100,0,50,55.8743961352657,52.10828025477707,53.29113924050633,52.90384615384615,15,gykh8ja7,,,,,0
5,oedddvhv,,0,587,587,FinalPage,ThankYou,2026-09-14 08:47:38.224881,1,,,0.0,5,,0.0,M_no_W_exp,,,,,,,,,,,0,0,119,481,,,,,,,,,,,,,,,,,,,2,1,"3, 7",4,0.0,0.0,0.0,0.0,0.0,0,1,-1,0,0,1,90.0,510.0,1,1,0.0,0.0,85.0,50.0,100.0,75.0,Down,Down,30,100,0,50,55.8743961352657,52.10828025477707,53.29113924050633,52.90384615384615,15,gykh8ja7,,,,,0
6,7q18nnfd,,0,587,587,FinalPage,ThankYou,2026-09-14 08:47:38.238172,1,,,888.89,1,,0.0,M_no_W_exp,,,,,,,,,,,0,0,200,56,,,,,,,,,,,,,,,,,,,2,1,"3, 7",4,0.0,0.0,0.0,0.0,0.0,0,0,0,0,0,2,200.0,56.0,1,0,0.0,0.0,150.0,130.0,100.0,175.0,Up,Up,50,30,75,0,55.8743961352657,52.10828025477707,53.29113924050633,52.90384615384615,15,gykh8ja7,,,,,0
7,03zce18q,,0,587,587,FinalPage,ThankYou,2026-09-14 08:47:38.255812,1,,,944.44,2,,0.0,M_no_W_exp,,,,,,,,,,,0,0,165,45,,,,,,,,,,,,,,,,,,,2,1,"3, 7",4,0.0,0.0,0.0,0.0,0.0,0,-1,-1,0,0,2,200.0,56.0,1,0,0.0,0.0,150.0,130.0,100.0,175.0,Up,Up,50,30,75,0,55.8743961352657,52.10828025477707,53.29113924050633,52.90384615384615,15,gykh8ja7,,,,,0
8,wbs0fdl5,,0,587,587,FinalPage,ThankYou,2026-09-14 08:47:38.263655,1,,,777.78,3,,0.0,M_no_W_exp,,,,,,,,,,,0,0,500,100,,,,,,,,,,,,,,,,,,,2,1,"3, 7",4,0.0,0.0,0.0,0.0,0.0,0,1,1,0,0,2,200.0,56.0,1,0,0.0,0.0,150.0,130.0,100.0,175.0,Up,Up,50,30,75,0,55.8743961352657,52.10828025477707,53.29113924050633,52.90384615384615,15,gykh8ja7,,,,,0
9,cqrngk2a,,0,587,587,FinalPage,ThankYou,2026-09-14 08:47:38.275787,1,,,1000.0,4,,0.0,M_no_W_exp,,,,,,,,,,,0,0,159,55,,,,,,,,,,,,,,,,,,,2,1,"3, 7",4,0.0,0.0,0.0,0.0,0.0,0,-1,-1,0,0,2,200.0,56.0,1,0,0.0,0.0,150.0,130.0,100.0,175.0,Up,Up,50,30,75,0,55.8743961352657,52.10828025477707,53.29113924050633,52.90384615384615,15,gykh8ja7,,,,,0
10,259xsu1c,,0,587,587,FinalPage,ThankYou,2026-09-14 08:47:38.296234,1,,,833.33,5,,0.0,M_no_W_exp,,,,,,,,,,,0,0,300,60,,,,,,,,,,,,,,,,,,,2,1,"3, 7",4,0.0,0.0,0.0,0.0,0.0,0,1,1,0,0,2,200.0,56.0,1,0,0.0,0.0,150.0,130.0,100.0,175.0,Up,Up,50,30,75,0,55.8743961352657,52.10828025477707,53.29113924050633,52.90384615384615,15,gykh8ja7,,,,,0
11,xnss4pg0,,0,587,587,FinalPage,ThankYou,2026-09-14 08:47:38.303827,1,,,611.11,1,,0.0,M_no_W_exp,,,,,,,,,,,0,0,100,323,,,,,,,,,,,,,,,,,,,2,1,"3, 7",4,0.0,0.0,0.0,0.0,0.0,0,1,1,0,0,3,95.0,300.0,0,1,0.0,0.0,120.0,90.0,90.0,150.0,Down,Up,20,20,20,50,55.8743961352657,52.10828025477707,53.29113924050633,52.90384615384615,15,gykh8ja7,,,,,0
12,5seuckqb,,0,587,587,FinalPage,ThankYou,2026-09-14 08:47:38.336823,1,,,611.11,2,,0.0,M_no_W_exp,,,,,,,,,,,0,0,95,300,,,,,,,,,,,,,,,,,,,2,1,"3, 7",4,0.0,0.0,0.0,0.0,0.0,0,0,-1,0,0,3,95.0,300.0,0,1,0.0,0.0,120.0,90.0,90.0,150.0,Down,Up,20,20,20,50,55.8743961352657,52.10828025477707,53.29113924050633,52.90384615384615,15,gykh8ja7,,,,,0
13,hdnqitby,,0,587,587,FinalPage,ThankYou,2026-09-14 08:47:38.344821,1,,,722.22,3,,0.0,M_no_W_exp,,,,,,,,,,,0,0,90,310,,,,,,,,,,,,,,,,,,,2,1,"3, 7",4,0.0,0.0,0.0,0.0,0.0,0,-1,1,0,0,3,95.0,300.0,0,1,0.0,0.0,120.0,90.0,90.0,150.0,Down,Up,20,20,20,50,55.8743961352657,52.10828025477707,53.29113924050633,52.90384615384615,15,gykh8ja7,,,,,0
14,ss3joq82,,0,587,587,FinalPage,ThankYou,2026-09-14 08:47:38.357265,1,,,611.11,4,,0.0,M_no_W_exp,,,,,,,,,,,0,0,87,300,,,,,,,,,,,,,,,,,,,2,1,"3, 7",4,0.0,0.0,0.0,0.0,0.0,0,-1,0,0,0,3,95.0,300.0,0,1,0.0,0.0,120.0,90.0,90.0,150.0,Down,Up,20,20,20,50,55.8743961352657,52.10828025477707,53.29113924050633,52.90384615384615,15,gykh8ja7,,,,,0
15,5wh6kzb3,,0,587,587,FinalPage,ThankYou,2026-09-14 08:47:38.376395,1,,,1277.78,5,,0.0,M_no_W_exp,,,,,,,,,,,0,0,130,300,,,,,,,,,,,,,,,,,,,2,1,"3, 7",4,0.0,0.0,0.0,0.0,0.0,0,1,-1,0,0,3,95.0,300.0,0,1,0.0,0.0,120.0,90.0,90.0,150.0,Down,Up,20,20,20,50,55.8743961352657,52.10828025477707,53.29113924050633,52.90384615384615,15,gykh8ja7,,,,,0
16,kh2preog,,0,587,587,FinalPage,ThankYou,2026-09-14 08:47:38.385376,1,,,0.0,1,,0.0,M_no_W_exp,,,,,,,,,,,0,0,490,110,,,,,,,,,,,,,,,,,,,2,1,"3, 7",4,0.0,0.0,0.0,0.0,0.0,0,0,1,0,0,4,490.0,104.0,0,0,0.0,0.0,75.0,50.0,75.0,75.0,Down,Down,50,100,50,50,55.8743961352657,52.10828025477707,53.29113924050633,52.90384615384615,15,gykh8ja7,,,,,0
17,ao798wr7,,0,587,587,FinalPage,ThankYou,2026-09-14 08:47:38.396990,1,,,555.56,2,,0.0,M_no_W_exp,,,,,,,,,,,0,0,505,95,,,,,,,,,,,,,,,,,,,2,1,"3, 7",4,0.0,0.0,0.0,0.0,0.0,0,1,-1,0,0,4,490.0,104.0,0,0,0.0,0.0,75.0,50.0,75.0,75.0,Down,Down,50,100,50,50,55.8743961352657,52.10828025477707,53.29113924050633,52.90384615384615,15,gykh8ja7,,,,,0
18,3788h5gm,,0,587,587,FinalPage,ThankYou,2026-09-14 08:47:38.404908,1,,,888.89,3,,0.0,M_no_W_exp,,,,,,,,,,,0,0,490,107,,,,,,,,,,,,,,,,,,,2,1,"3, 7",4,0.0,0.0,0.0,0.0,0.0,0,-1,1,0,0,4,490.0,104.0,0,0,0.0,0.0,75.0,50.0,75.0,75.0,Down,Down,50,100,50,50,55.8743961352657,52.10828025477707,53.29113924050633,52.90384615384615,15,gykh8ja7,,,,,0
19,dk85qrmf,,0,587,587,FinalPage,ThankYou,2026-09-14 08:47:38.415392,1,,,1166.67,4,,0.0,M_no_W_exp,,,,,,,,,,,0,0,490,104,,,,,,,,,,,,,,,,,,,2,1,"3, 7",4,0.0,0.0,0.0,0.0,0.0,0,-1,0,0,0,4,490.0,104.0,0,0,0.0,0.0,75.0,50.0,75.0,75.0,Down,Down,50,100,50,50,55.8743961352657,52.10828025477707,53.29113924050633,52.90384615384615,15,gykh8ja7,,,,,0
20,qruijzzl,,0,587,587,FinalPage,ThankYou,2026-09-14 08:47:38.525965,1,,,55.56,5,,0.0,M_no_W_exp,,,,,,,,,,,0,0,501,99,,,,,,,,,,,,,,,,,,,2,1,"3, 7",4,0.0,0.0,0.0,0.0,0.0,0,1,-1,0,0,4,490.0,104.0,0,0,0.0,0.0,75.0,50.0,75.0,75.0,Down,Down,50,100,50,50,55.8743961352657,52.10828025477707,53.29113924050633,52.90384615384615,15,gykh8ja7,,,,,0
21,vlvkdjz0,,0,587,587,FinalPage,ThankYou,2026-09-14 08:47:38.588196,1,,,722.22,1,,0.0,M_no_W_exp,,,,,,,,,,,0,0,380,220,,,,,,,,,,,,,,,,,,,2,1,"3, 7",4,0.0,0.0,0.0,0.0,0.0,0,1,-1,0,0,5,150.0,250.0,0,1,0.0,0.0,75.0,150.0,125.0,75.0,Up,Down,50,50,25,50,55.8743961352657,52.10828025477707,53.29113924050633,52.90384615384615,15,gykh8ja7,,,,,0
22,9n1v1smg,,0,587,587,FinalPage,ThankYou,2026-09-14 08:47:38.706184,1,,,277.78,2,,0.0,M_no_W_exp,,,,,,,,,,,0,0,100,250,,,,,,,,,,,,,,,,,,,2,1,"3, 7",4,0.0,0.0,0.0,0.0,0.0,0,-1,0,0,0,5,150.0,250.0,0,1,0.0,0.0,75.0,150.0,125.0,75.0,Up,Down,50,50,25,50,55.8743961352657,52.10828025477707,53.29113924050633,52.90384615384615,15,gykh8ja7,,,,,0
23,kw7jjs2b,,0,587,587,FinalPage,ThankYou,2026-09-14 08:47:38.799963,1,,,944.44,3,,0.0,M_no_W_exp,,,,,,,,,,,0,0,172,251,,,,,,,,,,,,,,,,,,,2,1,"3, 7",4,0.0,0.0,0.0,0.0,0.0,0,1,1,0,0,5,150.0,250.0,0,1,0.0,0.0,75.0,150.0,125.0,75.0,Up,Down,50,50,25,50,55.8743961352657,52.10828025477707,53.29113924050633,52.90384615384615,15,gykh8ja7,,,,,0
24,pop23w57,,0,587,587,FinalPage,ThankYou,2026-09-14 08:47:38.808538,1,,,888.89,4,,0.0,M_no_W_exp,,,,,,,,,,,0,0,150,300,,,,,,,,,,,,,,,,,,,2,1,"3, 7",4,0.0,0.0,0.0,0.0,0.0,0,0,1,0,0,5,150.0,250.0,0,1,0.0,0.0,75.0,150.0,125.0,75.0,Up,Down,50,50,25,50,55.8743961352657,52.10828025477707,53.29113924050633,52.90384615384615,15,gykh8ja7,,,,,0
25,cbc0ayyd,,0,587,587,FinalPage,ThankYou,2026-09-14 08:47:39.019154,1,,,1277.78,5,,0.0,M_no_W_exp,,,,,,,,,,,0,0,140,140,,,,,,,,,,,,,,,,,,,2,1,"3, 7",4,0.0,0.0,0.0,0.0,0.0,0,-1,-1,0,0,5,150.0,250.0,0,1,0.0,0.0,75.0,150.0,125.0,75.0,Up,Down,50,50,25,50,55.8743961352657,52.10828025477707,53.29113924050633,52.90384615384615,15,gykh8ja7,,,,,0
1,1c9g6x62,,0,587,587,FinalPage,ThankYou,2026-09-14 08:47:37.268362,1,,,722.22,1,,0.0,M_no_W_exp,,,,,,,,,,,0,0,100,1,,,,,,,,,,,,,,,,,,,2,1,"3, 7",4,0.0,0.0,0.0,0.0,0.0,0,1,-1,0,0,1,50.0,500.0,1,1,0.0,0.0,85.0,50.0,100.0,75.0,Down,Down,30,100,0,50,55.8743961352657,52.10828025477707,53.29113924050633,52.90384615384615,16,gykh8ja7,,,,,0
2,7fakiwkr,,0,587,587,FinalPage,ThankYou,2026-09-14 08:47:37.284907,1,,,555.56,2,,0.0,M_no_W_exp,,,,,,,,,,,0,0,50,200,,,,,,,,,,,,,,,,,,,2,1,"3, 7",4,0.0,0.0,0.0,0.0,0.0,0,0,-1,0,0,1,50.0,500.0,1,1,0.0,0.0,85.0,50.0,100.0,75.0,Down,Down,30,100,0,50,55.8743961352657,52.10828025477707,53.29113924050633,52.90384615384615,16,gykh8ja7,,,,,0
3,d4zd28hb,,0,587,587,FinalPage,ThankYou,2026-09-14 08:47:37.385946,1,,,666.67,3,,0.0,M_no_W_exp,,,,,,,,,,,0,0,50,550,,,,,,,,,,,,,,,,,,,2,1,"3, 7",4,0.0,0.0,0.0,0.0,0.0,0,-1,1,0,0,1,50.0,500.0,1,1,0.0,0.0,85.0,50.0,100.0,75.0,Down,Down,30,100,0,50,55.8743961352657,52.10828025477707,53.29113924050633,52.90384615384615,16,gykh8ja7,,,,,0
4,ja5c25rz,,0,587,587,FinalPage,ThankYou,2026-09-14 08:47:38.211419,1,,,500.0,4,,0.0,M_no_W_exp,,,,,,,,,,,0,0,10,590,,,,,,,,,,,,,,,,,,,2,1,"3, 7",4,0.0,0.0,0.0,0.0,0.0,0,-1,1,0,0,1,50.0,500.0,1,1,0.0,0.0,85.0,50.0,100.0,75.0,Down,Down,30,100,0,50,55.8743961352657,52.10828025477707,53.29113924050633,52.90384615384615,16,gykh8ja7,,,,,0
5,oedddvhv,,0,587,587,FinalPage,ThankYou,2026-09-14 08:47:38.224881,1,,,0.0,5,,0.0,M_no_W_exp,,,,,,,,,,,0,0,100,500,,,,,,,,,,,,,,,,,,,2,1,"3, 7",4,0.0,0.0,0.0,0.0,0.0,0,1,0,0,0,1,50.0,500.0,1,1,0.0,0.0,85.0,50.0,100.0,75.0,Down,Down,30,100,0,50,55.8743961352657,52.10828025477707,53.29113924050633,52.90384615384615,16,gykh8ja7,,,,,0
6,7q18nnfd,,0,587,587,FinalPage,ThankYou,2026-09-14 08:47:38.238172,1,,,888.89,1,,0.0,M_no_W_exp,,,,,,,,,,,0,0,200,55,,,,,,,,,,,,,,,,,,,2,1,"3, 7",4,0.0,0.0,0.0,0.0,0.0,0,1,0,0,0,2,180.0,55.0,1,0,0.0,0.0,150.0,130.0,100.0,175.0,Up,Up,50,30,75,0,55.8743961352657,52.10828025477707,53.29113924050633,52.90384615384615,16,gykh8ja7,,,,,0
7,03zce18q,,0,587,587,FinalPage,ThankYou,2026-09-14 08:47:38.255812,1,,,944.44,2,,0.0,M_no_W_exp,,,,,,,,,,,0,0,165,45,,,,,,,,,,,,,,,,,,,2,1,"3, 7",4,0.0,0.0,0.0,0.0,0.0,0,-1,-1,0,0,2,180.0,55.0,1,0,0.0,0.0,150.0,130.0,100.0,175.0,Up,Up,50,30,75,0,55.8743961352657,52.10828025477707,53.29113924050633,52.90384615384615,16,gykh8ja7,,,,,0
8,wbs0fdl5,,0,587,587,FinalPage,ThankYou,2026-09-14 08:47:38.263655,1,,,777.78,3,,0.0,M_no_W_exp,,,,,,,,,,,0,0,594,1,,,,,,,,,,,,,,,,,,,2,1,"3, 7",4,0.0,0.0,0.0,0.0,0.0,0,1,-1,0,0,2,180.0,55.0,1,0,0.0,0.0,150.0,130.0,100.0,175.0,Up,Up,50,30,75,0,55.8743961352657,52.10828025477707,53.29113924050633,52.90384615384615,16,gykh8ja7,,,,,0
9,cqrngk2a,,0,587,587,FinalPage,ThankYou,2026-09-14 08:47:38.275787,1,,,1000.0,4,,0.0,M_no_W_exp,,,,,,,,,,,0,0,165,56,,,,,,,,,,,,,,,,,,,2,1,"3, 7",4,0.0,0.0,0.0,0.0,0.0,0,-1,1,0,0,2,180.0,55.0,1,0,0.0,0.0,150.0,130.0,100.0,175.0,Up,Up,50,30,75,0,55.8743961352657,52.10828025477707,53.29113924050633,52.90384615384615,16,gykh8ja7,,,,,0
10,259xsu1c,,0,587,587,FinalPage,ThankYou,2026-09-14 08:47:38.296234,1,,,833.33,5,,0.0,M_no_W_exp,,,,,,,,,,,0,0,180,60,,,,,,,,,,,,,,,,,,,2,1,"3, 7",4,0.0,0.0,0.0,0.0,0.0,0,0,1,0,0,2,180.0,55.0,1,0,0.0,0.0,150.0,130.0,100.0,175.0,Up,Up,50,30,75,0,55.8743961352657,52.10828025477707,53.29113924050633,52.90384615384615,16,gykh8ja7,,,,,0
11,xnss4pg0,,0,587,587,FinalPage,ThankYou,2026-09-14 08:47:38.303827,1,,,611.11,1,,0.0,M_no_W_exp,,,,,,,,,,,0,0,95,300,,,,,,,,,,,,,,,,,,,2,1,"3, 7",4,0.0,0.0,0.0,0.0,0.0,0,1,1,0,0,3,95.0,275.0,0,1,0.0,0.0,120.0,90.0,90.0,150.0,Down,Up,20,20,20,50,55.8743961352657,52.10828025477707,53.29113924050633,52.90384615384615,16,gykh8ja7,,,,,0
12,5seuckqb,,0,587,587,FinalPage,ThankYou,2026-09-14 08:47:38.336823,1,,,611.11,2,,0.0,M_no_W_exp,,,,,,,,,,,0,0,80,250,,,,,,,,,,,,,,,,,,,2,1,"3, 7",4,0.0,0.0,0.0,0.0,0.0,0,-1,-1,0,0,3,95.0,275.0,0,1,0.0,0.0,120.0,90.0,90.0,150.0,Down,Up,20,20,20,50,55.8743961352657,52.10828025477707,53.29113924050633,52.90384615384615,16,gykh8ja7,,,,,0
13,hdnqitby,,0,587,587,FinalPage,ThankYou,2026-09-14 08:47:38.344821,1,,,722.22,3,,0.0,M_no_W_exp,,,,,,,,,,,0,0,95,275,,,,,,,,,,,,,,,,,,,2,1,"3, 7",4,0.0,0.0,0.0,0.0,0.0,0,0,0,0,0,3,95.0,275.0,0,1,0.0,0.0,120.0,90.0,90.0,150.0,Down,Up,20,20,20,50,55.8743961352657,52.10828025477707,53.29113924050633,52.90384615384615,16,gykh8ja7,,,,,0
14,ss3joq82,,0,587,587,FinalPage,ThankYou,2026-09-14 08:47:38.357265,1,,,611.11,4,,0.0,M_no_W_exp,,,,,,,,,,,0,0,85,270,,,,,,,,,,,,,,,,,,,2,1,"3, 7",4,0.0,0.0,0.0,0.0,0.0,0,-1,-1,0,0,3,95.0,275.0,0,1,0.0,0.0,120.0,90.0,90.0,150.0,Down,Up,20,20,20,50,55.8743961352657,52.10828025477707,53.29113924050633,52.90384615384615,16,gykh8ja7,,,,,0
15,5wh6kzb3,,0,587,587,FinalPage,ThankYou,2026-09-14 08:47:38.376395,1,,,1277.78,5,,0.0,M_no_W_exp,,,,,,,,,,,0,0,110,300,,,,,,,,,,,,,,,,,,,2,1,"3, 7",4,0.0,0.0,0.0,0.0,0.0,0,1,1,0,0,3,95.0,275.0,0,1,0.0,0.0,120.0,90.0,90.0,150.0,Down,Up,20,20,20,50,55.8743961352657,52.10828025477707,53.29113924050633,52.90384615384615,16,gykh8ja7,,,,,0
16,kh2preog,,0,587,587,FinalPage,ThankYou,2026-09-14 08:47:38.385376,1,,,0.0,1,,0.0,M_no_W_exp,,,,,,,,,,,0,0,495,105,,,,,,,,,,,,,,,,,,,2,1,"3, 7",4,0.0,0.0,0.0,0.0,0.0,0,-1,1,0,0,4,500.0,100.0,0,0,0.0,0.0,75.0,50.0,75.0,75.0,Down,Down,50,100,50,50,55.8743961352657,52.10828025477707,53.29113924050633,52.90384615384615,16,gykh8ja7,,,,,0
17,ao798wr7,,0,587,587,FinalPage,ThankYou,2026-09-14 08:47:38.396990,1,,,555.56,2,,0.0,M_no_W_exp,,,,,,,,,,,0,0,505,95,,,,,,,,,,,,,,,,,,,2,1,"3, 7",4,0.0,0.0,0.0,0.0,0.0,0,1,-1,0,0,4,500.0,100.0,0,0,0.0,0.0,75.0,50.0,75.0,75.0,Down,Down,50,100,50,50,55.8743961352657,52.10828025477707,53.29113924050633,52.90384615384615,16,gykh8ja7,,,,,0
18,3788h5gm,,0,587,587,FinalPage,ThankYou,2026-09-14 08:47:38.404908,1,,,888.89,3,,0.0,M_no_W_exp,,,,,,,,,,,0,0,500,100,,,,,,,,,,,,,,,,,,,2,1,"3, 7",4,0.0,0.0,0.0,0.0,0.0,0,0,0,0,0,4,500.0,100.0,0,0,0.0,0.0,75.0,50.0,75.0,75.0,Down,Down,50,100,50,50,55.8743961352657,52.10828025477707,53.29113924050633,52.90384615384615,16,gykh8ja7,,,,,0
19,dk85qrmf,,0,587,587,FinalPage,ThankYou,2026-09-14 08:47:38.415392,1,,,1166.67,4,,0.0,M_no_W_exp,,,,,,,,,,,0,0,490,104,,,,,,,,,,,,,,,,,,,2,1,"3, 7",4,0.0,0.0,0.0,0.0,0.0,0,-1,1,0,0,4,500.0,100.0,0,0,0.0,0.0,75.0,50.0,75.0,75.0,Down,Down,50,100,50,50,55.8743961352657,52.10828025477707,53.29113924050633,52.90384615384615,16,gykh8ja7,,,,,0
20,qruijzzl,,0,587,587,FinalPage,ThankYou,2026-09-14 08:47:38.525965,1,,,55.56,5,,0.0,M_no_W_exp,,,,,,,,,,,0,0,521,78,,,,,,,,,,,,,,,,,,,2,1,"3, 7",4,0.0,0.0,0.0,0.0,0.0,0,1,-1,0,0,4,500.0,100.0,0,0,0.0,0.0,75.0,50.0,75.0,75.0,Down,Down,50,100,50,50,55.8743961352657,52.10828025477707,53.29113924050633,52.90384615384615,16,gykh8ja7,,,,,0
21,vlvkdjz0,,0,587,587,FinalPage,ThankYou,2026-09-14 08:47:38.588196,1,,,722.22,1,,0.0,M_no_W_exp,,,,,,,,,,,0,0,400,200,,,,,,,,,,,,,,,,,,,2,1,"3, 7",4,0.0,0.0,0.0,0.0,0.0,0,1,-1,0,0,5,139.0,200.0,0,1,0.0,0.0,75.0,150.0,125.0,75.0,Up,Down,50,50,25,50,55.8743961352657,52.10828025477707,53.29113924050633,52.90384615384615,16,gykh8ja7,,,,,0
22,9n1v1smg,,0,587,587,FinalPage,ThankYou,2026-09-14 08:47:38.706184,1,,,277.78,2,,0.0,M_no_W_exp,,,,,,,,,,,0,0,125,280,,,,,,,,,,,,,,,,,,,2,1,"3, 7",4,0.0,0.0,0.0,0.0,0.0,0,-1,1,0,0,5,139.0,200.0,0,1,0.0,0.0,75.0,150.0,125.0,75.0,Up,Down,50,50,25,50,55.8743961352657,52.10828025477707,53.29113924050633,52.90384615384615,16,gykh8ja7,,,,,0
23,kw7jjs2b,,0,587,587,FinalPage,ThankYou,2026-09-14 08:47:38.799963,1,,,944.44,3,,0.0,M_no_W_exp,,,,,,,,,,,0,0,139,239,,,,,,,,,,,,,,,,,,,2,1,"3, 7",4,0.0,0.0,0.0,0.0,0.0,0,0,1,0,0,5,139.0,200.0,0,1,0.0,0.0,75.0,150.0,125.0,75.0,Up,Down,50,50,25,50,55.8743961352657,52.10828025477707,53.29113924050633,52.90384615384615,16,gykh8ja7,,,,,0
24,pop23w57,,0,587,587,FinalPage,ThankYou,2026-09-14 08:47:38.808538,1,,,888.89,4,,0.0,M_no_W_exp,,,,,,,,,,,0,0,100,200,,,,,,,,,,,,,,,,,,,2,1,"3, 7",4,0.0,0.0,0.0,0.0,0.0,0,-1,0,0,0,5,139.0,200.0,0,1,0.0,0.0,75.0,150.0,125.0,75.0,Up,Down,50,50,25,50,55.8743961352657,52.10828025477707,53.29113924050633,52.90384615384615,16,gykh8ja7,,,,,0
25,cbc0ayyd,,0,587,587,FinalPage,ThankYou,2026-09-14 08:47:39.019154,1,,,1277.78,5,,0.0,M_no_W_exp,,,,,,,,,,,0,0,140,140,,,,,,,,,,,,,,,,,,,2,1,"3, 7",4,0.0,0.0,0.0,0.0,0.0,0,1,-1,0,0,5,139.0,200.0,0,1,0.0,0.0,75.0,150.0,125.0,75.0,Up,Down,50,50,25,50,55.8743961352657,52.10828025477707,53.29113924050633,52.90384615384615,16,gykh8ja7,,,,,0
1,1c9g6x62,,0,587,587,FinalPage,ThankYou,2026-09-14 08:47:37.268362,1,,,722.22,1,,0.0,M_no_W_exp,,,,,,,,,,,0,0,50,1,,,,,,,,,,,,,,,,,,,2,1,"3, 7",4,0.0,0.0,0.0,0.0,0.0,0,-1,-1,0,0,1,50.0,520.0,1,1,0.0,0.0,85.0,50.0,100.0,75.0,Down,Down,30,100,0,50,55.8743961352657,52.10828025477707,53.29113924050633,52.90384615384615,17,gykh8ja7,,,,,0
2,7fakiwkr,,0,587,587,FinalPage,ThankYou,2026-09-14 08:47:37.284907,1,,,555.56,2,,0.0,M_no_W_exp,,,,,,,,,,,0,0,300,150,,,,,,,,,,,,,,,,,,,2,1,"3, 7",4,0.0,0.0,0.0,0.0,0.0,0,1,-1,0,0,1,50.0,520.0,1,1,0.0,0.0,85.0,50.0,100.0,75.0,Down,Down,30,100,0,50,55.8743961352657,52.10828025477707,53.29113924050633,52.90384615384615,17,gykh8ja7,,,,,0
3,d4zd28hb,,0,587,587,FinalPage,ThankYou,2026-09-14 08:47:37.385946,1,,,666.67,3,,0.0,M_no_W_exp,,,,,,,,,,,0,0,50,550,,,,,,,,,,,,,,,,,,,2,1,"3, 7",4,0.0,0.0,0.0,0.0,0.0,0,0,1,0,0,1,50.0,520.0,1,1,0.0,0.0,85.0,50.0,100.0,75.0,Down,Down,30,100,0,50,55.8743961352657,52.10828025477707,53.29113924050633,52.90384615384615,17,gykh8ja7,,,,,0
4,ja5c25rz,,0,587,587,FinalPage,ThankYou,2026-09-14 08:47:38.211419,1,,,500.0,4,,0.0,M_no_W_exp,,,,,,,,,,,0,0,20,580,,,,,,,,,,,,,,,,,,,2,1,"3, 7",4,0.0,0.0,0.0,0.0,0.0,0,-1,1,0,0,1,50.0,520.0,1,1,0.0,0.0,85.0,50.0,100.0,75.0,Down,Down,30,100,0,50,55.8743961352657,52.10828025477707,53.29113924050633,52.90384615384615,17,gykh8ja7,,,,,0
5,oedddvhv,,0,587,587,FinalPage,ThankYou,2026-09-14 08:47:38.224881,1,,,0.0,5,,0.0,M_no_W_exp,,,,,,,,,,,0,0,80,520,,,,,,,,,,,,,,,,,,,2,1,"3, 7",4,0.0,0.0,0.0,0.0,0.0,0,1,0,0,0,1,50.0,520.0,1,1,0.0,0.0,85.0,50.0,100.0,75.0,Down,Down,30,100,0,50,55.8743961352657,52.10828025477707,53.29113924050633,52.90384615384615,17,gykh8ja7,,,,,0
6,7q18nnfd,,0,587,587,FinalPage,ThankYou,2026-09-14 08:47:38.238172,1,,,888.89,1,,0.0,M_no_W_exp,,,,,,,,,,,0,0,200,55,,,,,,,,,,,,,,,,,,,2,1,"3, 7",4,0.0,0.0,0.0,0.0,0.0,0,1,1,0,0,2,165.0,50.0,1,0,0.0,0.0,150.0,130.0,100.0,175.0,Up,Up,50,30,75,0,55.8743961352657,52.10828025477707,53.29113924050633,52.90384615384615,17,gykh8ja7,,,,,0
7,03zce18q,,0,587,587,FinalPage,ThankYou,2026-09-14 08:47:38.255812,1,,,944.44,2,,0.0,M_no_W_exp,,,,,,,,,,,0,0,165,45,,,,,,,,,,,,,,,,,,,2,1,"3, 7",4,0.0,0.0,0.0,0.0,0.0,0,0,-1,0,0,2,165.0,50.0,1,0,0.0,0.0,150.0,130.0,100.0,175.0,Up,Up,50,30,75,0,55.8743961352657,52.10828025477707,53.29113924050633,52.90384615384615,17,gykh8ja7,,,,,0
8,wbs0fdl5,,0,587,587,FinalPage,ThankYou,2026-09-14 08:47:38.263655,1,,,777.78,3,,0.0,M_no_W_exp,,,,,,,,,,,0,0,150,50,,,,,,,,,,,,,,,,,,,2,1,"3, 7",4,0.0,0.0,0.0,0.0,0.0,0,-1,0,0,0,2,165.0,50.0,1,0,0.0,0.0,150.0,130.0,100.0,175.0,Up,Up,50,30,75,0,55.8743961352657,52.10828025477707,53.29113924050633,52.90384615384615,17,gykh8ja7,,,,,0
9,cqrngk2a,,0,587,587,FinalPage,ThankYou,2026-09-14 08:47:38.275787,1,,,1000.0,4,,0.0,M_no_W_exp,,,,,,,,,,,0,0,170,55,,,,,,,,,,,,,,,,,,,2,1,"3, 7",4,0.0,0.0,0.0,0.0,0.0,0,1,1,0,0,2,165.0,50.0,1,0,0.0,0.0,150.0,130.0,100.0,175.0,Up,Up,50,30,75,0,55.8743961352657,52.10828025477707,53.29113924050633,52.90384615384615,17,gykh8ja7,,,,,0
10,259xsu1c,,0,587,587,FinalPage,ThankYou,2026-09-14 08:47:38.296234,1,,,833.33,5,,0.0,M_no_W_exp,,,,,,,,,,,0,0,150,30,,,,,,,,,,,,,,,,,,,2,1,"3, 7",4,0.0,0.0,0.0,0.0,0.0,0,-1,-1,0,0,2,165.0,50.0,1,0,0.0,0.0,150.0,130.0,100.0,175.0,Up,Up,50,30,75,0,55.8743961352657,52.10828025477707,53.29113924050633,52.90384615384615,17,gykh8ja7,,,,,0
11,xnss4pg0,,0,587,587,FinalPage,ThankYou,2026-09-14 08:47:38.303827,1,,,611.11,1,,0.0,M_no_W_exp,,,,,,,,,,,0,0,95,270,,,,,,,,,,,,,,,,,,,2,1,"3, 7",4,0.0,0.0,0.0,0.0,0.0,0,1,1,0,0,3,90.0,250.0,0,1,0.0,0.0,120.0,90.0,90.0,150.0,Down,Up,20,20,20,50,55.8743961352657,52.10828025477707,53.29113924050633,52.90384615384615,17,gykh8ja7,,,,,0
12,5seuckqb,,0,587,587,FinalPage,ThankYou,2026-09-14 08:47:38.336823,1,,,611.11,2,,0.0,M_no_W_exp,,,,,,,,,,,0,0,90,250,,,,,,,,,,,,,,,,,,,2,1,"3, 7",4,0.0,0.0,0.0,0.0,0.0,0,-1,1,0,0,3,90.0,250.0,0,1,0.0,0.0,120.0,90.0,90.0,150.0,Down,Up,20,20,20,50,55.8743961352657,52.10828025477707,53.29113924050633,52.90384615384615,17,gykh8ja7,,,,,0
13,hdnqitby,,0,587,587,FinalPage,ThankYou,2026-09-14 08:47:38.344821,1,,,722.22,3,,0.0,M_no_W_exp,,,,,,,,,,,0,0,90,250,,,,,,,,,,,,,,,,,,,2,1,"3, 7",4,0.0,0.0,0.0,0.0,0.0,0,0,-1,0,0,3,90.0,250.0,0,1,0.0,0.0,120.0,90.0,90.0,150.0,Down,Up,20,20,20,50,55.8743961352657,52.10828025477707,53.29113924050633,52.90384615384615,17,gykh8ja7,,,,,0
14,ss3joq82,,0,587,587,FinalPage,ThankYou,2026-09-14 08:47:38.357265,1,,,611.11,4,,0.0,M_no_W_exp,,,,,,,,,,,0,0,87,245,,,,,,,,,,,,,,,,,,,2,1,"3, 7",4,0.0,0.0,0.0,0.0,0.0,0,-1,-1,0,0,3,90.0,250.0,0,1,0.0,0.0,120.0,90.0,90.0,150.0,Down,Up,20,20,20,50,55.8743961352657,52.10828025477707,53.29113924050633,52.90384615384615,17,gykh8ja7,,,,,0
15,5wh6kzb3,,0,587,587,FinalPage,ThankYou,2026-09-14 08:47:38.376395,1,,,1277.78,5,,0.0,M_no_W_exp,,,,,,,,,,,0,0,100,250,,,,,,,,,,,,,,,,,,,2,1,"3, 7",4,0.0,0.0,0.0,0.0,0.0,0,1,0,0,0,3,90.0,250.0,0,1,0.0,0.0,120.0,90.0,90.0,150.0,Down,Up,20,20,20,50,55.8743961352657,52.10828025477707,53.29113924050633,52.90384615384615,17,gykh8ja7,,,,,0
16,kh2preog,,0,587,587,FinalPage,ThankYou,2026-09-14 08:47:38.385376,1,,,0.0,1,,0.0,M_no_W_exp,,,,,,,,,,,0,0,510,90,,,,,,,,,,,,,,,,,,,2,1,"3, 7",4,0.0,0.0,0.0,0.0,0.0,0,0,-1,0,0,4,510.0,90.0,0,0,0.0,0.0,75.0,50.0,75.0,75.0,Down,Down,50,100,50,50,55.8743961352657,52.10828025477707,53.29113924050633,52.90384615384615,17,gykh8ja7,,,,,0
17,ao798wr7,,0,587,587,FinalPage,ThankYou,2026-09-14 08:47:38.396990,1,,,555.56,2,,0.0,M_no_W_exp,,,,,,,,,,,0,0,508,92,,,,,,,,,,,,,,,,,,,2,1,"3, 7",4,0.0,0.0,0.0,0.0,0.0,0,-1,1,0,0,4,510.0,90.0,0,0,0.0,0.0,75.0,50.0,75.0,75.0,Down,Down,50,100,50,50,55.8743961352657,52.10828025477707,53.29113924050633,52.90384615384615,17,gykh8ja7,,,,,0
18,3788h5gm,,0,587,587,FinalPage,ThankYou,2026-09-14 08:47:38.404908,1,,,888.89,3,,0.0,M_no_W_exp,,,,,,,,,,,0,0,510,90,,,,,,,,,,,,,,,,,,,2,1,"3, 7",4,0.0,0.0,0.0,0.0,0.0,0,1,0,0,0,4,510.0,90.0,0,0,0.0,0.0,75.0,50.0,75.0,75.0,Down,Down,50,100,50,50,55.8743961352657,52.10828025477707,53.29113924050633,52.90384615384615,17,gykh8ja7,,,,,0
19,dk85qrmf,,0,587,587,FinalPage,ThankYou,2026-09-14 08:47:38.415392,1,,,1166.67,4,,0.0,M_no_W_exp,,,,,,,,,,,0,0,500,100,,,,,,,,,,,,,,,,,,,2,1,"3, 7",4,0.0,0.0,0.0,0.0,0.0,0,-1,1,0,0,4,510.0,90.0,0,0,0.0,0.0,75.0,50.0,75.0,75.0,Down,Down,50,100,50,50,55.8743961352657,52.10828025477707,53.29113924050633,52.90384615384615,17,gykh8ja7,,,,,0
20,qruijzzl,,0,587,587,FinalPage,ThankYou,2026-09-14 08:47:38.525965,1,,,55.56,5,,0.0,M_no_W_exp,,,,,,,,,,,0,0,511,89,,,,,,,,,,,,,,,,,,,2,1,"3, 7",4,0.0,0.0,0.0,0.0,0.0,0,1,-1,0,0,4,510.0,90.0,0,0,0.0,0.0,75.0,50.0,75.0,75.0,Down,Down,50,100,50,50,55.8743961352657,52.10828025477707,53.29113924050633,52.90384615384615,17,gykh8ja7,,,,,0
21,vlvkdjz0,,0,587,587,FinalPage,ThankYou,2026-09-14 08:47:38.588196,1,,,722.22,1,,0.0,M_no_W_exp,,,,,,,,,,,0,0,370,230,,,,,,,,,,,,,,,,,,,2,1,"3, 7",4,0.0,0.0,0.0,0.0,0.0,0,1,1,0,0,5,119.0,167.0,0,1,0.0,0.0,75.0,150.0,125.0,75.0,Up,Down,50,50,25,50,55.8743961352657,52.10828025477707,53.29113924050633,52.90384615384615,17,gykh8ja7,,,,,0
22,9n1v1smg,,0,587,587,FinalPage,ThankYou,2026-09-14 08:47:38.706184,1,,,277.78,2,,0.0,M_no_W_exp,,,,,,,,,,,0,0,100,260,,,,,,,,,,,,,,,,,,,2,1,"3, 7",4,0.0,0.0,0.0,0.0,0.0,0,-1,1,0,0,5,119.0,167.0,0,1,0.0,0.0,75.0,150.0,125.0,75.0,Up,Down,50,50,25,50,55.8743961352657,52.10828025477707,53.29113924050633,52.90384615384615,17,gykh8ja7,,,,,0
23,kw7jjs2b,,0,587,587,FinalPage,ThankYou,2026-09-14 08:47:38.799963,1,,,944.44,3,,0.0,M_no_W_exp,,,,,,,,,,,0,0,119,167,,,,,,,,,,,,,,,,,,,2,1,"3, 7",4,0.0,0.0,0.0,0.0,0.0,0,0,0,0,0,5,119.0,167.0,0,1,0.0,0.0,75.0,150.0,125.0,75.0,Up,Down,50,50,25,50,55.8743961352657,52.10828025477707,53.29113924050633,52.90384615384615,17,gykh8ja7,,,,,0
24,pop23w57,,0,587,587,FinalPage,ThankYou,2026-09-14 08:47:38.808538,1,,,888.89,4,,0.0,M_no_W_exp,,,,,,,,,,,0,0,50,50,,,,,,,,,,,,,,,,,,,2,1,"3, 7",4,0.0,0.0,0.0,0.0,0.0,0,-1,-1,0,0,5,119.0,167.0,0,1,0.0,0.0,75.0,150.0,125.0,75.0,Up,Down,50,50,25,50,55.8743961352657,52.10828025477707,53.29113924050633,52.90384615384615,17,gykh8ja7,,,,,0
25,cbc0ayyd,,0,587,587,FinalPage,ThankYou,2026-09-14 08:47:39.019154,1,,,1277.78,5,,0.0,M_no_W_exp,,,,,,,,,,,0,0,140,150,,,,,,,,,,,,,,,,,,,2,1,"3, 7",4,0.0,0.0,0.0,0.0,0.0,0,1,-1,0,0,5,119.0,167.0,0,1,0.0,0.0,75.0,150.0,125.0,75.0,Up,Down,50,50,25,50,55.8743961352657,52.10828025477707,53.29113924050633,52.90384615384615,17,gykh8ja7,,,,,0
1,1c9g6x62,,0,587,587,FinalPage,ThankYou,2026-09-14 08:47:37.268362,1,,,722.22,1,,0.0,M_no_W_exp,,,,,,,,,,,0,0,51,1,,,,,,,,,,,,,,,,,,,2,1,"3, 7",4,0.0,0.0,0.0,0.0,0.0,0,1,-1,0,0,1,50.0,550.0,1,1,0.0,0.0,85.0,50.0,100.0,75.0,Down,Down,30,100,0,50,55.8743961352657,52.10828025477707,53.29113924050633,52.90384615384615,18,gykh8ja7,,,,,0
2,7fakiwkr,,0,587,587,FinalPage,ThankYou,2026-09-14 08:47:37.284907,1,,,555.56,2,,0.0,M_no_W_exp,,,,,,,,,,,0,0,25,550,,,,,,,,,,,,,,,,,,,2,1,"3, 7",4,0.0,0.0,0.0,0.0,0.0,0,-1,1,0,0,1,50.0,550.0,1,1,0.0,0.0,85.0,50.0,100.0,75.0,Down,Down,30,100,0,50,55.8743961352657,52.10828025477707,53.29113924050633,52.90384615384615,18,gykh8ja7,,,,,0
3,d4zd28hb,,0,587,587,FinalPage,ThankYou,2026-09-14 08:47:37.385946,1,,,666.67,3,,0.0,M_no_W_exp,,,,,,,,,,,0,0,50,550,,,,,,,,,,,,,,,,,,,2,1,"3, 7",4,0.0,0.0,0.0,0.0,0.0,0,-1,0,0,0,1,50.0,550.0,1,1,0.0,0.0,85.0,50.0,100.0,75.0,Down,Down,30,100,0,50,55.8743961352657,52.10828025477707,53.29113924050633,52.90384615384615,18,gykh8ja7,,,,,0
4,ja5c25rz,,0,587,587,FinalPage,ThankYou,2026-09-14 08:47:38.211419,1,,,500.0,4,,0.0,M_no_W_exp,,,,,,,,,,,0,0,50,550,,,,,,,,,,,,,,,,,,,2,1,"3, 7",4,0.0,0.0,0.0,0.0,0.0,0,0,1,0,0,1,50.0,550.0,1,1,0.0,0.0,85.0,50.0,100.0,75.0,Down,Down,30,100,0,50,55.8743961352657,52.10828025477707,53.29113924050633,52.90384615384615,18,gykh8ja7,,,,,0
5,oedddvhv,,0,587,587,FinalPage,ThankYou,2026-09-14 08:47:38.224881,1,,,0.0,5,,0.0,M_no_W_exp,,,,,,,,,,,0,0,120,480,,,,,,,,,,,,,,,,,,,2,1,"3, 7",4,0.0,0.0,0.0,0.0,0.0,0,1,-1,0,0,1,50.0,550.0,1,1,0.0,0.0,85.0,50.0,100.0,75.0,Down,Down,30,100,0,50,55.8743961352657,52.10828025477707,53.29113924050633,52.90384615384615,18,gykh8ja7,,,,,0
6,7q18nnfd,,0,587,587,FinalPage,ThankYou,2026-09-14 08:47:38.238172,1,,,888.89,1,,0.0,M_no_W_exp,,,,,,,,,,,0,0,180,52,,,,,,,,,,,,,,,,,,,2,1,"3, 7",4,0.0,0.0,0.0,0.0,0.0,0,1,1,0,0,2,165.0,50.0,1,0,0.0,0.0,150.0,130.0,100.0,175.0,Up,Up,50,30,75,0,55.8743961352657,52.10828025477707,53.29113924050633,52.90384615384615,18,gykh8ja7,,,,,0
7,03zce18q,,0,587,587,FinalPage,ThankYou,2026-09-14 08:47:38.255812,1,,,944.44,2,,0.0,M_no_W_exp,,,,,,,,,,,0,0,165,45,,,,,,,,,,,,,,,,,,,2,1,"3, 7",4,0.0,0.0,0.0,0.0,0.0,0,0,-1,0,0,2,165.0,50.0,1,0,0.0,0.0,150.0,130.0,100.0,175.0,Up,Up,50,30,75,0,55.8743961352657,52.10828025477707,53.29113924050633,52.90384615384615,18,gykh8ja7,,,,,0
8,wbs0fdl5,,0,587,587,FinalPage,ThankYou,2026-09-14 08:47:38.263655,1,,,777.78,3,,0.0,M_no_W_exp,,,,,,,,,,,0,0,1,1,,,,,,,,,,,,,,,,,,,2,1,"3, 7",4,0.0,0.0,0.0,0.0,0.0,0,-1,-1,0,0,2,165.0,50.0,1,0,0.0,0.0,150.0,130.0,100.0,175.0,Up,Up,50,30,75,0,55.8743961352657,52.10828025477707,53.29113924050633,52.90384615384615,18,gykh8ja7,,,,,0
9,cqrngk2a,,0,587,587,FinalPage,ThankYou,2026-09-14 08:47:38.275787,1,,,1000.0,4,,0.0,M_no_W_exp,,,,,,,,,,,0,0,165,51,,,,,,,,,,,,,,,,,,,2,1,"3, 7",4,0.0,0.0,0.0,0.0,0.0,0,-1,1,0,0,2,165.0,50.0,1,0,0.0,0.0,150.0,130.0,100.0,175.0,Up,Up,50,30,75,0,55.8743961352657,52.10828025477707,53.29113924050633,52.90384615384615,18,gykh8ja7,,,,,0
10,259xsu1c,,0,587,587,FinalPage,ThankYou,2026-09-14 08:47:38.296234,1,,,833.33,5,,0.0,M_no_W_exp,,,,,,,,,,,0,0,180,50,,,,,,,,,,,,,,,,,,,2,1,"3, 7",4,0.0,0.0,0.0,0.0,0.0,0,1,0,0,0,2,165.0,50.0,1,0,0.0,0.0,150.0,130.0,100.0,175.0,Up,Up,50,30,75,0,55.8743961352657,52.10828025477707,53.29113924050633,52.90384615384615,18,gykh8ja7,,,,,0
11,xnss4pg0,,0,587,587,FinalPage,ThankYou,2026-09-14 08:47:38.303827,1,,,611.11,1,,0.0,M_no_W_exp,,,,,,,,,,,0,0,88,246,,,,,,,,,,,,,,,,,,,2,1,"3, 7",4,0.0,0.0,0.0,0.0,0.0,0,1,1,0,0,3,86.0,228.0,0,1,0.0,0.0,120.0,90.0,90.0,150.0,Down,Up,20,20,20,50,55.8743961352657,52.10828025477707,53.29113924050633,52.90384615384615,18,gykh8ja7,,,,,0
12,5seuckqb,,0,587,587,FinalPage,ThankYou,2026-09-14 08:47:38.336823,1,,,611.11,2,,0.0,M_no_W_exp,,,,,,,,,,,0,0,86,230,,,,,,,,,,,,,,,,,,,2,1,"3, 7",4,0.0,0.0,0.0,0.0,0.0,0,0,1,0,0,3,86.0,228.0,0,1,0.0,0.0,120.0,90.0,90.0,150.0,Down,Up,20,20,20,50,55.8743961352657,52.10828025477707,53.29113924050633,52.90384615384615,18,gykh8ja7,,,,,0
13,hdnqitby,,0,587,587,FinalPage,ThankYou,2026-09-14 08:47:38.344821,1,,,722.22,3,,0.0,M_no_W_exp,,,,,,,,,,,0,0,75,220,,,,,,,,,,,,,,,,,,,2,1,"3, 7",4,0.0,0.0,0.0,0.0,0.0,0,-1,-1,0,0,3,86.0,228.0,0,1,0.0,0.0,120.0,90.0,90.0,150.0,Down,Up,20,20,20,50,55.8743961352657,52.10828025477707,53.29113924050633,52.90384615384615,18,gykh8ja7,,,,,0
14,ss3joq82,,0,587,587,FinalPage,ThankYou,2026-09-14 08:47:38.357265,1,,,611.11,4,,0.0,M_no_W_exp,,,,,,,,,,,0,0,78,228,,,,,,,,,,,,,,,,,,,2,1,"3, 7",4,0.0,0.0,0.0,0.0,0.0,0,-1,0,0,0,3,86.0,228.0,0,1,0.0,0.0,120.0,90.0,90.0,150.0,Down,Up,20,20,20,50,55.8743961352657,52.10828025477707,53.29113924050633,52.90384615384615,18,gykh8ja7,,,,,0
15,5wh6kzb3,,0,587,587,FinalPage,ThankYou,2026-09-14 08:47:38.376395,1,,,1277.78,5,,0.0,M_no_W_exp,,,,,,,,,,,0,0,100,220,,,,,,,,,,,,,,,,,,,2,1,"3, 7",4,0.0,0.0,0.0,0.0,0.0,0,1,-1,0,0,3,86.0,228.0,0,1,0.0,0.0,120.0,90.0,90.0,150.0,Down,Up,20,20,20,50,55.8743961352657,52.10828025477707,53.29113924050633,52.90384615384615,18,gykh8ja7,,,,,0
16,kh2preog,,0,587,587,FinalPage,ThankYou,2026-09-14 08:47:38.385376,1,,,0.0,1,,0.0,M_no_W_exp,,,,,,,,,,,0,0,85,515,,,,,,,,,,,,,,,,,,,2,1,"3, 7",4,0.0,0.0,0.0,0.0,0.0,0,-1,1,0,0,4,519.0,81.0,0,0,0.0,0.0,75.0,50.0,75.0,75.0,Down,Down,50,100,50,50,55.8743961352657,52.10828025477707,53.29113924050633,52.90384615384615,18,gykh8ja7,,,,,0
17,ao798wr7,,0,587,587,FinalPage,ThankYou,2026-09-14 08:47:38.396990,1,,,555.56,2,,0.0,M_no_W_exp,,,,,,,,,,,0,0,520,80,,,,,,,,,,,,,,,,,,,2,1,"3, 7",4,0.0,0.0,0.0,0.0,0.0,0,1,-1,0,0,4,519.0,81.0,0,0,0.0,0.0,75.0,50.0,75.0,75.0,Down,Down,50,100,50,50,55.8743961352657,52.10828025477707,53.29113924050633,52.90384615384615,18,gykh8ja7,,,,,0
18,3788h5gm,,0,587,587,FinalPage,ThankYou,2026-09-14 08:47:38.404908,1,,,888.89,3,,0.0,M_no_W_exp,,,,,,,,,,,0,0,519,81,,,,,,,,,,,,,,,,,,,2,1,"3, 7",4,0.0,0.0,0.0,0.0,0.0,0,0,0,0,0,4,519.0,81.0,0,0,0.0,0.0,75.0,50.0,75.0,75.0,Down,Down,50,100,50,50,55.8743961352657,52.10828025477707,53.29113924050633,52.90384615384615,18,gykh8ja7,,,,,0
19,dk85qrmf,,0,587,587,FinalPage,ThankYou,2026-09-14 08:47:38.415392,1,,,1166.67,4,,0.0,M_no_W_exp,,,,,,,,,,,0,0,510,90,,,,,,,,,,,,,,,,,,,2,1,"3, 7",4,0.0,0.0,0.0,0.0,0.0,0,-1,1,0,0,4,519.0,81.0,0,0,0.0,0.0,75.0,50.0,75.0,75.0,Down,Down,50,100,50,50,55.8743961352657,52.10828025477707,53.29113924050633,52.90384615384615,18,gykh8ja7,,,,,0
20,qruijzzl,,0,587,587,FinalPage,ThankYou,2026-09-14 08:47:38.525965,1,,,55.56,5,,0.0,M_no_W_exp,,,,,,,,,,,0,0,521,79,,,,,,,,,,,,,,,,,,,2,1,"3, 7",4,0.0,0.0,0.0,0.0,0.0,0,1,-1,0,0,4,519.0,81.0,0,0,0.0,0.0,75.0,50.0,75.0,75.0,Down,Down,50,100,50,50,55.8743961352657,52.10828025477707,53.29113924050633,52.90384615384615,18,gykh8ja7,,,,,0
21,vlvkdjz0,,0,587,587,FinalPage,ThankYou,2026-09-14 08:47:38.588196,1,,,722.22,1,,0.0,M_no_W_exp,,,,,,,,,,,0,0,350,250,,,,,,,,,,,,,,,,,,,2,1,"3, 7",4,0.0,0.0,0.0,0.0,0.0,0,1,1,0,0,5,120.0,149.0,0,1,0.0,0.0,75.0,150.0,125.0,75.0,Up,Down,50,50,25,50,55.8743961352657,52.10828025477707,53.29113924050633,52.90384615384615,18,gykh8ja7,,,,,0
22,9n1v1smg,,0,587,587,FinalPage,ThankYou,2026-09-14 08:47:38.706184,1,,,277.78,2,,0.0,M_no_W_exp,,,,,,,,,,,0,0,120,200,,,,,,,,,,,,,,,,,,,2,1,"3, 7",4,0.0,0.0,0.0,0.0,0.0,0,0,1,0,0,5,120.0,149.0,0,1,0.0,0.0,75.0,150.0,125.0,75.0,Up,Down,50,50,25,50,55.8743961352657,52.10828025477707,53.29113924050633,52.90384615384615,18,gykh8ja7,,,,,0
23,kw7jjs2b,,0,587,587,FinalPage,ThankYou,2026-09-14 08:47:38.799963,1,,,944.44,3,,0.0,M_no_W_exp,,,,,,,,,,,0,0,95,149,,,,,,,,,,,,,,,,,,,2,1,"3, 7",4,0.0,0.0,0.0,0.0,0.0,0,-1,0,0,0,5,120.0,149.0,0,1,0.0,0.0,75.0,150.0,125.0,75.0,Up,Down,50,50,25,50,55.8743961352657,52.10828025477707,53.29113924050633,52.90384615384615,18,gykh8ja7,,,,,0
24,pop23w57,,0,587,587,FinalPage,ThankYou,2026-09-14 08:47:38.808538,1,,,888.89,4,,0.0,M_no_W_exp,,,,,,,,,,,0,0,50,50,,,,,,,,,,,,,,,,,,,2,1,"3, 7",4,0.0,0.0,0.0,0.0,0.0,0,-1,-1,0,0,5,120.0,149.0,0,1,0.0,0.0,75.0,150.0,125.0,75.0,Up,Down,50,50,25,50,55.8743961352657,52.10828025477707,53.29113924050633,52.90384615384615,18,gykh8ja7,,,,,0
25,cbc0ayyd,,0,587,587,FinalPage,ThankYou,2026-09-14 08:47:39.019154,1,,,1277.78,5,,0.0,M_no_W_exp,,,,,,,,,,,0,0,140,140,,,,,,,,,,,,,,,,,,,2,1,"3, 7",4,0.0,0.0,0.0,0.0,0.0,0,1,-1,0,0,5,120.0,149.0,0,1,0.0,0.0,75.0,150.0,125.0,75.0,Up,Down,50,50,25,50,55.8743961352657,52.10828025477707,53.29113924050633,52.90384615384615,18,gykh8ja7,,,,,0
1,1c9g6x62,,0,587,587,FinalPage,ThankYou,2026-09-14 08:47:37.268362,1,,,722.22,1,,0.0,M_no_W_exp,,,,,,,,,,,0,0,51,1,,,,,,,,,,,,,,,,,,,2,1,"3, 7",4,0.0,0.0,0.0,0.0,0.0,0,1,-1,0,0,1,20.0,580.0,1,1,0.0,0.0,85.0,50.0,100.0,75.0,Down,Down,30,100,0,50,55.8743961352657,52.10828025477707,53.29113924050633,52.90384615384615,19,gykh8ja7,,,,,0
2,7fakiwkr,,0,587,587,FinalPage,ThankYou,2026-09-14 08:47:37.284907,1,,,555.56,2,,0.0,M_no_W_exp,,,,,,,,,,,0,0,150,25,,,,,,,,,,,,,,,,,,,2,1,"3, 7",4,0.0,0.0,0.0,0.0,0.0,0,1,-1,0,0,1,20.0,580.0,1,1,0.0,0.0,85.0,50.0,100.0,75.0,Down,Down,30,100,0,50,55.8743961352657,52.10828025477707,53.29113924050633,52.90384615384615,19,gykh8ja7,,,,,0
3,d4zd28hb,,0,587,587,FinalPage,ThankYou,2026-09-14 08:47:37.385946,1,,,666.67,3,,0.0,M_no_W_exp,,,,,,,,,,,0,0,1,599,,,,,,,,,,,,,,,,,,,2,1,"3, 7",4,0.0,0.0,0.0,0.0,0.0,0,-1,1,0,0,1,20.0,580.0,1,1,0.0,0.0,85.0,50.0,100.0,75.0,Down,Down,30,100,0,50,55.8743961352657,52.10828025477707,53.29113924050633,52.90384615384615,19,gykh8ja7,,,,,0
4,ja5c25rz,,0,587,587,FinalPage,ThankYou,2026-09-14 08:47:38.211419,1,,,500.0,4,,0.0,M_no_W_exp,,,,,,,,,,,0,0,20,580,,,,,,,,,,,,,,,,,,,2,1,"3, 7",4,0.0,0.0,0.0,0.0,0.0,0,0,1,0,0,1,20.0,580.0,1,1,0.0,0.0,85.0,50.0,100.0,75.0,Down,Down,30,100,0,50,55.8743961352657,52.10828025477707,53.29113924050633,52.90384615384615,19,gykh8ja7,,,,,0
5,oedddvhv,,0,587,587,FinalPage,ThankYou,2026-09-14 08:47:38.224881,1,,,0.0,5,,0.0,M_no_W_exp,,,,,,,,,,,0,0,20,580,,,,,,,,,,,,,,,,,,,2,1,"3, 7",4,0.0,0.0,0.0,0.0,0.0,0,-1,0,0,0,1,20.0,580.0,1,1,0.0,0.0,85.0,50.0,100.0,75.0,Down,Down,30,100,0,50,55.8743961352657,52.10828025477707,53.29113924050633,52.90384615384615,19,gykh8ja7,,,,,0
6,7q18nnfd,,0,587,587,FinalPage,ThankYou,2026-09-14 08:47:38.238172,1,,,888.89,1,,0.0,M_no_W_exp,,,,,,,,,,,0,0,170,51,,,,,,,,,,,,,,,,,,,2,1,"3, 7",4,0.0,0.0,0.0,0.0,0.0,0,1,1,0,0,2,165.0,50.0,1,0,0.0,0.0,150.0,130.0,100.0,175.0,Up,Up,50,30,75,0,55.8743961352657,52.10828025477707,53.29113924050633,52.90384615384615,19,gykh8ja7,,,,,0
7,03zce18q,,0,587,587,FinalPage,ThankYou,2026-09-14 08:47:38.255812,1,,,944.44,2,,0.0,M_no_W_exp,,,,,,,,,,,0,0,165,45,,,,,,,,,,,,,,,,,,,2,1,"3, 7",4,0.0,0.0,0.0,0.0,0.0,0,0,-1,0,0,2,165.0,50.0,1,0,0.0,0.0,150.0,130.0,100.0,175.0,Up,Up,50,30,75,0,55.8743961352657,52.10828025477707,53.29113924050633,52.90384615384615,19,gykh8ja7,,,,,0
8,wbs0fdl5,,0,587,587,FinalPage,ThankYou,2026-09-14 08:47:38.263655,1,,,777.78,3,,0.0,M_no_W_exp,,,,,,,,,,,0,0,1,1,,,,,,,,,,,,,,,,,,,2,1,"3, 7",4,0.0,0.0,0.0,0.0,0.0,0,-1,-1,0,0,2,165.0,50.0,1,0,0.0,0.0,150.0,130.0,100.0,175.0,Up,Up,50,30,75,0,55.8743961352657,52.10828025477707,53.29113924050633,52.90384615384615,19,gykh8ja7,,,,,0
9,cqrngk2a,,0,587,587,FinalPage,ThankYou,2026-09-14 08:47:38.275787,1,,,1000.0,4,,0.0,M_no_W_exp,,,,,,,,,,,0,0,165,50,,,,,,,,,,,,,,,,,,,2,1,"3, 7",4,0.0,0.0,0.0,0.0,0.0,0,-1,0,0,0,2,165.0,50.0,1,0,0.0,0.0,150.0,130.0,100.0,175.0,Up,Up,50,30,75,0,55.8743961352657,52.10828025477707,53.29113924050633,52.90384615384615,19,gykh8ja7,,,,,0
10,259xsu1c,,0,587,587,FinalPage,ThankYou,2026-09-14 08:47:38.296234,1,,,833.33,5,,0.0,M_no_W_exp,,,,,,,,,,,0,0,190,70,,,,,,,,,,,,,,,,,,,2,1,"3, 7",4,0.0,0.0,0.0,0.0,0.0,0,1,1,0,0,2,165.0,50.0,1,0,0.0,0.0,150.0,130.0,100.0,175.0,Up,Up,50,30,75,0,55.8743961352657,52.10828025477707,53.29113924050633,52.90384615384615,19,gykh8ja7,,,,,0
11,xnss4pg0,,0,587,587,FinalPage,ThankYou,2026-09-14 08:47:38.303827,1,,,611.11,1,,0.0,M_no_W_exp,,,,,,,,,,,0,0,84,225,,,,,,,,,,,,,,,,,,,2,1,"3, 7",4,0.0,0.0,0.0,0.0,0.0,0,1,1,0,0,3,80.0,200.0,0,1,0.0,0.0,120.0,90.0,90.0,150.0,Down,Up,20,20,20,50,55.8743961352657,52.10828025477707,53.29113924050633,52.90384615384615,19,gykh8ja7,,,,,0
12,5seuckqb,,0,587,587,FinalPage,ThankYou,2026-09-14 08:47:38.336823,1,,,611.11,2,,0.0,M_no_W_exp,,,,,,,,,,,0,0,80,200,,,,,,,,,,,,,,,,,,,2,1,"3, 7",4,0.0,0.0,0.0,0.0,0.0,0,1,0,0,0,3,80.0,200.0,0,1,0.0,0.0,120.0,90.0,90.0,150.0,Down,Up,20,20,20,50,55.8743961352657,52.10828025477707,53.29113924050633,52.90384615384615,19,gykh8ja7,,,,,0
13,hdnqitby,,0,587,587,FinalPage,ThankYou,2026-09-14 08:47:38.344821,1,,,722.22,3,,0.0,M_no_W_exp,,,,,,,,,,,0,0,80,200,,,,,,,,,,,,,,,,,,,2,1,"3, 7",4,0.0,0.0,0.0,0.0,0.0,0,0,-1,0,0,3,80.0,200.0,0,1,0.0,0.0,120.0,90.0,90.0,150.0,Down,Up,20,20,20,50,55.8743961352657,52.10828025477707,53.29113924050633,52.90384615384615,19,gykh8ja7,,,,,0
14,ss3joq82,,0,587,587,FinalPage,ThankYou,2026-09-14 08:47:38.357265,1,,,611.11,4,,0.0,M_no_W_exp,,,,,,,,,,,0,0,78,202,,,,,,,,,,,,,,,,,,,2,1,"3, 7",4,0.0,0.0,0.0,0.0,0.0,0,-1,1,0,0,3,80.0,200.0,0,1,0.0,0.0,120.0,90.0,90.0,150.0,Down,Up,20,20,20,50,55.8743961352657,52.10828025477707,53.29113924050633,52.90384615384615,19,gykh8ja7,,,,,0
15,5wh6kzb3,,0,587,587,FinalPage,ThankYou,2026-09-14 08:47:38.376395,1,,,1277.78,5,,0.0,M_no_W_exp,,,,,,,,,,,0,0,80,200,,,,,,,,,,,,,,,,,,,2,1,"3, 7",4,0.0,0.0,0.0,0.0,0.0,0,-1,-1,0,0,3,80.0,200.0,0,1,0.0,0.0,120.0,90.0,90.0,150.0,Down,Up,20,20,20,50,55.8743961352657,52.10828025477707,53.29113924050633,52.90384615384615,19,gykh8ja7,,,,,0
16,kh2preog,,0,587,587,FinalPage,ThankYou,2026-09-14 08:47:38.385376,1,,,0.0,1,,0.0,M_no_W_exp,,,,,,,,,,,0,0,75,525,,,,,,,,,,,,,,,,,,,2,1,"3, 7",4,0.0,0.0,0.0,0.0,0.0,0,-1,1,0,0,4,524.0,76.0,0,0,0.0,0.0,75.0,50.0,75.0,75.0,Down,Down,50,100,50,50,55.8743961352657,52.10828025477707,53.29113924050633,52.90384615384615,19,gykh8ja7,,,,,0
17,ao798wr7,,0,587,587,FinalPage,ThankYou,2026-09-14 08:47:38.396990,1,,,555.56,2,,0.0,M_no_W_exp,,,,,,,,,,,0,0,524,76,,,,,,,,,,,,,,,,,,,2,1,"3, 7",4,0.0,0.0,0.0,0.0,0.0,0,0,0,0,0,4,524.0,76.0,0,0,0.0,0.0,75.0,50.0,75.0,75.0,Down,Down,50,100,50,50,55.8743961352657,52.10828025477707,53.29113924050633,52.90384615384615,19,gykh8ja7,,,,,0
18,3788h5gm,,0,587,587,FinalPage,ThankYou,2026-09-14 08:47:38.404908,1,,,888.89,3,,0.0,M_no_W_exp,,,,,,,,,,,0,0,525,75,,,,,,,,,,,,,,,,,,,2,1,"3, 7",4,0.0,0.0,0.0,0.0,0.0,0,1,-1,0,0,4,524.0,76.0,0,0,0.0,0.0,75.0,50.0,75.0,75.0,Down,Down,50,100,50,50,55.8743961352657,52.10828025477707,53.29113924050633,52.90384615384615,19,gykh8ja7,,,,,0
19,dk85qrmf,,0,587,587,FinalPage,ThankYou,2026-09-14 08:47:38.415392,1,,,1166.67,4,,0.0,M_no_W_exp,,,,,,,,,,,0,0,520,80,,,,,,,,,,,,,,,,,,,2,1,"3, 7",4,0.0,0.0,0.0,0.0,0.0,0,-1,1,0,0,4,524.0,76.0,0,0,0.0,0.0,75.0,50.0,75.0,75.0,Down,Down,50,100,50,50,55.8743961352657,52.10828025477707,53.29113924050633,52.90384615384615,19,gykh8ja7,,,,,0
20,qruijzzl,,0,587,587,FinalPage,ThankYou,2026-09-14 08:47:38.525965,1,,,55.56,5,,0.0,M_no_W_exp,,,,,,,,,,,0,0,531,69,,,,,,,,,,,,,,,,,,,2,1,"3, 7",4,0.0,0.0,0.0,0.0,0.0,0,1,-1,0,0,4,524.0,76.0,0,0,0.0,0.0,75.0,50.0,75.0,75.0,Down,Down,50,100,50,50,55.8743961352657,52.10828025477707,53.29113924050633,52.90384615384615,19,gykh8ja7,,,,,0
21,vlvkdjz0,,0,587,587,FinalPage,ThankYou,2026-09-14 08:47:38.588196,1,,,722.22,1,,0.0,M_no_W_exp,,,,,,,,,,,0,0,150,450,,,,,,,,,,,,,,,,,,,2,1,"3, 7",4,0.0,0.0,0.0,0.0,0.0,0,1,1,0,0,5,140.0,160.0,0,1,0.0,0.0,75.0,150.0,125.0,75.0,Up,Down,50,50,25,50,55.8743961352657,52.10828025477707,53.29113924050633,52.90384615384615,19,gykh8ja7,,,,,0
22,9n1v1smg,,0,587,587,FinalPage,ThankYou,2026-09-14 08:47:38.706184,1,,,277.78,2,,0.0,M_no_W_exp,,,,,,,,,,,0,0,130,160,,,,,,,,,,,,,,,,,,,2,1,"3, 7",4,0.0,0.0,0.0,0.0,0.0,0,-1,0,0,0,5,140.0,160.0,0,1,0.0,0.0,75.0,150.0,125.0,75.0,Up,Down,50,50,25,50,55.8743961352657,52.10828025477707,53.29113924050633,52.90384615384615,19,gykh8ja7,,,,,0
23,kw7jjs2b,,0,587,587,FinalPage,ThankYou,2026-09-14 08:47:38.799963,1,,,944.44,3,,0.0,M_no_W_exp,,,,,,,,,,,0,0,95,119,,,,,,,,,,,,,,,,,,,2,1,"3, 7",4,0.0,0.0,0.0,0.0,0.0,0,-1,-1,0,0,5,140.0,160.0,0,1,0.0,0.0,75.0,150.0,125.0,75.0,Up,Down,50,50,25,50,55.8743961352657,52.10828025477707,53.29113924050633,52.90384615384615,19,gykh8ja7,,,,,0
24,pop23w57,,0,587,587,FinalPage,ThankYou,2026-09-14 08:47:38.808538,1,,,888.89,4,,0.0,M_no_W_exp,,,,,,,,,,,0,0,200,400,,,,,,,,,,,,,,,,,,,2,1,"3, 7",4,0.0,0.0,0.0,0.0,0.0,0,1,1,0,0,5,140.0,160.0,0,1,0.0,0.0,75.0,150.0,125.0,75.0,Up,Down,50,50,25,50,55.8743961352657,52.10828025477707,53.29113924050633,52.90384615384615,19,gykh8ja7,,,,,0
25,cbc0ayyd,,0,587,587,FinalPage,ThankYou,2026-09-14 08:47:39.019154,1,,,1277.78,5,,0.0,M_no_W_exp,,,,,,,,,,,0,0,140,140,,,,,,,,,,,,,,,,,,,2,1,"3, 7",4,0.0,0.0,0.0,0.0,0.0,0,0,-1,0,0,5,140.0,160.0,0,1,0.0,0.0,75.0,150.0,125.0,75.0,Up,Down,50,50,25,50,55.8743961352657,52.10828025477707,53.29113924050633,52.90384615384615,19,gykh8ja7,,,,,0
1,1c9g6x62,,0,587,587,FinalPage,ThankYou,2026-09-14 08:47:37.268362,1,,,722.22,1,,760.0,M_no_W_exp,,,,,,,,,,,0,0,30,1,,,,,,,,,,,,,,,,,,,2,1,"3, 7",4,50.0,80.0,630.0,760.0,0.0,0,1,-1,0,0,1,1.0,599.0,1,1,0.0,0.0,85.0,50.0,100.0,75.0,Down,Down,30,100,0,50,55.8743961352657,52.10828025477707,53.29113924050633,52.90384615384615,20,gykh8ja7,,,,,0
2,7fakiwkr,,0,587,587,FinalPage,ThankYou,2026-09-14 08:47:37.284907,1,,,555.56,2,,537.5,M_no_W_exp,,,,,,,,,,,0,0,100,25,,,,,,,,,,,,,,,,,,,2,1,"3, 7",4,75.0,87.5,375.0,537.5,0.0,0,1,-1,0,0,1,1.0,599.0,1,1,0.0,0.0,85.0,50.0,100.0,75.0,Down,Down,30,100,0,50,55.8743961352657,52.10828025477707,53.29113924050633,52.90384615384615,20,gykh8ja7,,,,,0
3,d4zd28hb,,0,587,587,FinalPage,ThankYou,2026-09-14 08:47:37.385946,1,,,666.67,3,,587.5,M_no_W_exp,,,,,,,,,,,0,0,1,599,,,,,,,,,,,,,,,,,,,2,1,"3, 7",4,87.5,85.0,415.0,587.5,0.0,0,0,1,0,0,1,1.0,599.0,1,1,0.0,0.0,85.0,50.0,100.0,75.0,Down,Down,30,100,0,50,55.8743961352657,52.10828025477707,53.29113924050633,52.90384615384615,20,gykh8ja7,,,,,0
4,ja5c25rz,,0,587,587,FinalPage,ThankYou,2026-09-14 08:47:38.211419,1,,,500.0,4,,422.5,M_no_W_exp,,,,,,,,,,,0,0,1,599,,,,,,,,,,,,,,,,,,,2,1,"3, 7",4,75.0,82.5,265.0,422.5,0.0,0,-1,1,0,0,1,1.0,599.0,1,1,0.0,0.0,85.0,50.0,100.0,75.0,Down,Down,30,100,0,50,55.8743961352657,52.10828025477707,53.29113924050633,52.90384615384615,20,gykh8ja7,,,,,0
5,oedddvhv,,0,587,587,FinalPage,ThankYou,2026-09-14 08:47:38.224881,1,,,0.0,5,,-195.0,M_no_W_exp,,,,,,,,,,,0,0,1,599,,,,,,,,,,,,,,,,,,,2,1,"3, 7",4,60.0,80.0,-335.0,-195.0,0.0,0,-1,0,0,0,1,1.0,599.0,1,1,0.0,0.0,85.0,50.0,100.0,75.0,Down,Down,30,100,0,50,55.8743961352657,52.10828025477707,53.29113924050633,52.90384615384615,20,gykh8ja7,,,,,0
6,7q18nnfd,,0,587,587,FinalPage,ThankYou,2026-09-14 08:47:38.238172,1,,,888.89,1,,937.5,M_no_W_exp,,,,,,,,,,,0,0,170,50,,,,,,,,,,,,,,,,,,,2,1,"3, 7",4,150.0,122.5,665.0,937.5,0.0,0,1,1,0,0,2,165.0,45.0,1,0,0.0,0.0,150.0,130.0,100.0,175.0,Up,Up,50,30,75,0,55.8743961352657,52.10828025477707,53.29113924050633,52.90384615384615,20,gykh8ja7,,,,,0
7,03zce18q,,0,587,587,FinalPage,ThankYou,2026-09-14 08:47:38.255812,1,,,944.44,2,,895.0,M_no_W_exp,,,,,,,,,,,0,0,165,45,,,,,,,,,,,,,,,,,,,2,1,"3, 7",4,230.0,115.0,490.0,835.0,60.0,1,-1,0,0,0,2,165.0,45.0,1,0,0.0,0.0,150.0,130.0,100.0,175.0,Up,Up,50,30,75,0,55.8743961352657,52.10828025477707,53.29113924050633,52.90384615384615,20,gykh8ja7,,,,,0
8,wbs0fdl5,,0,587,587,FinalPage,ThankYou,2026-09-14 08:47:38.263655,1,,,777.78,3,,764.0,M_no_W_exp,,,,,,,,,,,0,0,599,1,,,,,,,,,,,,,,,,,,,2,1,"3, 7",4,100.0,109.0,555.0,764.0,0.0,0,1,-1,0,0,2,165.0,45.0,1,0,0.0,0.0,150.0,130.0,100.0,175.0,Up,Up,50,30,75,0,55.8743961352657,52.10828025477707,53.29113924050633,52.90384615384615,20,gykh8ja7,,,,,0
9,cqrngk2a,,0,587,587,FinalPage,ThankYou,2026-09-14 08:47:38.275787,1,,,1000.0,4,,957.5,M_no_W_exp,,,,,,,,,,,0,0,165,46,,,,,,,,,,,,,,,,,,,2,1,"3, 7",4,200.0,122.5,635.0,957.5,0.0,0,0,1,0,0,2,165.0,45.0,1,0,0.0,0.0,150.0,130.0,100.0,175.0,Up,Up,50,30,75,0,55.8743961352657,52.10828025477707,53.29113924050633,52.90384615384615,20,gykh8ja7,,,,,0
10,259xsu1c,,0,587,587,FinalPage,ThankYou,2026-09-14 08:47:38.296234,1,,,833.33,5,,841.75,M_no_W_exp,,,,,,,,,,,0,0,150,40,,,,,,,,,,,,,,,,,,,2,1,"3, 7",4,160.0,129.25,455.0,744.25,97.5,1,-1,-1,0,0,2,165.0,45.0,1,0,0.0,0.0,150.0,130.0,100.0,175.0,Up,Up,50,30,75,0,55.8743961352657,52.10828025477707,53.29113924050633,52.90384615384615,20,gykh8ja7,,,,,0
11,xnss4pg0,,0,587,587,FinalPage,ThankYou,2026-09-14 08:47:38.303827,1,,,611.11,1,,613.0,M_no_W_exp,,,,,,,,,,,0,0,78,188,,,,,,,,,,,,,,,,,,,2,1,"3, 7",4,75.0,132.0,406.0,613.0,0.0,0,1,1,0,0,3,70.0,170.0,0,1,0.0,0.0,120.0,90.0,90.0,150.0,Down,Up,20,20,20,50,55.8743961352657,52.10828025477707,53.29113924050633,52.90384615384615,20,gykh8ja7,,,,,0
12,5seuckqb,,0,587,587,FinalPage,ThankYou,2026-09-14 08:47:38.336823,1,,,611.11,2,,630.2,M_no_W_exp,,,,,,,,,,,0,0,1,1,,,,,,,,,,,,,,,,,,,2,1,"3, 7",4,60.0,130.2,140.0,330.2,300.0,1,-1,-1,0,0,3,70.0,170.0,0,1,0.0,0.0,120.0,90.0,90.0,150.0,Down,Up,20,20,20,50,55.8743961352657,52.10828025477707,53.29113924050633,52.90384615384615,20,gykh8ja7,,,,,0
13,hdnqitby,,0,587,587,FinalPage,ThankYou,2026-09-14 08:47:38.344821,1,,,722.22,3,,661.7,M_no_W_exp,,,,,,,,,,,0,0,70,170,,,,,,,,,,,,,,,,,,,2,1,"3, 7",4,77.5,130.2,154.0,361.7,300.0,1,1,0,0,0,3,70.0,170.0,0,1,0.0,0.0,120.0,90.0,90.0,150.0,Down,Up,20,20,20,50,55.8743961352657,52.10828025477707,53.29113924050633,52.90384615384615,20,gykh8ja7,,,,,0
14,ss3joq82,,0,587,587,FinalPage,ThankYou,2026-09-14 08:47:38.357265,1,,,611.11,4,,628.8,M_no_W_exp,,,,,,,,,,,0,0,70,180,,,,,,,,,,,,,,,,,,,2,1,"3, 7",4,70.0,124.80000000000001,434.0,628.8,0.0,0,-1,1,0,0,3,70.0,170.0,0,1,0.0,0.0,120.0,90.0,90.0,150.0,Down,Up,20,20,20,50,55.8743961352657,52.10828025477707,53.29113924050633,52.90384615384615,20,gykh8ja7,,,,,0
15,5wh6kzb3,,0,587,587,FinalPage,ThankYou,2026-09-14 08:47:38.376395,1,,,1277.78,5,,1188.2,M_no_W_exp,,,,,,,,,,,0,0,70,150,,,,,,,,,,,,,,,,,,,2,1,"3, 7",4,95.0,127.2,966.0,1188.2,0.0,0,0,-1,0,0,3,70.0,170.0,0,1,0.0,0.0,120.0,90.0,90.0,150.0,Down,Up,20,20,20,50,55.8743961352657,52.10828025477707,53.29113924050633,52.90384615384615,20,gykh8ja7,,,,,0
16,kh2preog,,0,587,587,FinalPage,ThankYou,2026-09-14 08:47:38.385376,1,,,0.0,1,,-314.5,M_no_W_exp,,,,,,,,,,,0,0,70,530,,,,,,,,,,,,,,,,,,,2,1,"3, 7",4,87.5,75.0,-537.0,-374.5,60.0,1,-1,1,0,0,4,530.0,70.0,0,0,0.0,0.0,75.0,50.0,75.0,75.0,Down,Down,50,100,50,50,55.8743961352657,52.10828025477707,53.29113924050633,52.90384615384615,20,gykh8ja7,,,,,0
17,ao798wr7,,0,587,587,FinalPage,ThankYou,2026-09-14 08:47:38.396990,1,,,555.56,2,,500.0,M_no_W_exp,,,,,,,,,,,0,0,530,70,,,,,,,,,,,,,,,,,,,2,1,"3, 7",4,100.0,75.0,265.0,440.0,60.0,1,-1,1,0,0,4,530.0,70.0,0,0,0.0,0.0,75.0,50.0,75.0,75.0,Down,Down,50,100,50,50,55.8743961352657,52.10828025477707,53.29113924050633,52.90384615384615,20,gykh8ja7,,,,,0
18,3788h5gm,,0,587,587,FinalPage,ThankYou,2026-09-14 08:47:38.404908,1,,,888.89,3,,893.5,M_no_W_exp,,,,,,,,,,,0,0,531,69,,,,,,,,,,,,,,,,,,,2,1,"3, 7",4,85.0,75.0,636.0,796.0,97.5,1,1,-1,0,0,4,530.0,70.0,0,0,0.0,0.0,75.0,50.0,75.0,75.0,Down,Down,50,100,50,50,55.8743961352657,52.10828025477707,53.29113924050633,52.90384615384615,20,gykh8ja7,,,,,0
19,dk85qrmf,,0,587,587,FinalPage,ThankYou,2026-09-14 08:47:38.415392,1,,,1166.67,4,,1206.5,M_no_W_exp,,,,,,,,,,,0,0,530,70,,,,,,,,,,,,,,,,,,,2,1,"3, 7",4,94.5,75.0,1037.0,1206.5,0.0,0,0,0,0,0,4,530.0,70.0,0,0,0.0,0.0,75.0,50.0,75.0,75.0,Down,Down,50,100,50,50,55.8743961352657,52.10828025477707,53.29113924050633,52.90384615384615,20,gykh8ja7,,,,,0
20,qruijzzl,,0,587,587,FinalPage,ThankYou,2026-09-14 08:47:38.525965,1,,,55.56,5,,-26.0,M_no_W_exp,,,,,,,,,,,0,0,531,68,,,,,,,,,,,,,,,,,,,2,1,"3, 7",4,50.0,75.0,-151.0,-26.0,0.0,0,1,-1,0,0,4,530.0,70.0,0,0,0.0,0.0,75.0,50.0,75.0,75.0,Down,Down,50,100,50,50,55.8743961352657,52.10828025477707,53.29113924050633,52.90384615384615,20,gykh8ja7,,,,,0
21,vlvkdjz0,,0,587,587,FinalPage,ThankYou,2026-09-14 08:47:38.588196,1,,,722.22,1,,687.5,M_no_W_exp,,,,,,,,,,,0,0,230,370,,,,,,,,,,,,,,,,,,,2,1,"3, 7",4,170.0,97.5,420.0,687.5,0.0,0,1,1,0,0,5,105.0,139.0,0,1,0.0,0.0,75.0,150.0,125.0,75.0,Up,Down,50,50,25,50,55.8743961352657,52.10828025477707,53.29113924050633,52.90384615384615,20,gykh8ja7,,,,,0
22,9n1v1smg,,0,587,587,FinalPage,ThankYou,2026-09-14 08:47:38.706184,1,,,277.78,2,,320.0,M_no_W_exp,,,,,,,,,,,0,0,120,180,,,,,,,,,,,,,,,,,,,2,1,"3, 7",4,150.0,85.0,85.0,320.0,0.0,0,1,1,0,0,5,105.0,139.0,0,1,0.0,0.0,75.0,150.0,125.0,75.0,Up,Down,50,50,25,50,55.8743961352657,52.10828025477707,53.29113924050633,52.90384615384615,20,gykh8ja7,,,,,0
23,kw7jjs2b,,0,587,587,FinalPage,ThankYou,2026-09-14 08:47:38.799963,1,,,944.44,3,,950.25,M_no_W_exp,,,,,,,,,,,0,0,105,139,,,,,,,,,,,,,,,,,,,2,1,"3, 7",4,300.0,85.0,275.0,660.0,290.25,1,0,0,0,0,5,105.0,139.0,0,1,0.0,0.0,75.0,150.0,125.0,75.0,Up,Down,50,50,25,50,55.8743961352657,52.10828025477707,53.29113924050633,52.90384615384615,20,gykh8ja7,,,,,0
24,pop23w57,,0,587,587,FinalPage,ThankYou,2026-09-14 08:47:38.808538,1,,,888.89,4,,892.5,M_no_W_exp,,,,,,,,,,,0,0,50,50,,,,,,,,,,,,,,,,,,,2,1,"3, 7",4,150.0,87.5,655.0,892.5,0.0,0,-1,-1,0,0,5,105.0,139.0,0,1,0.0,0.0,75.0,150.0,125.0,75.0,Up,Down,50,50,25,50,55.8743961352657,52.10828025477707,53.29113924050633,52.90384615384615,20,gykh8ja7,,,,,0
25,cbc0ayyd,,0,587,587,FinalPage,ThankYou,2026-09-14 08:47:39.019154,1,,,1277.78,5,,1215.0,M_no_W_exp,,,,,,,,,,,0,0,100,100,,,,,,,,,,,,,,,,,,,2,1,"3, 7",4,300.0,100.0,815.0,1215.0,0.0,0,-1,-1,0,0,5,105.0,139.0,0,1,0.0,0.0,75.0,150.0,125.0,75.0,Up,Down,50,50,25,50,55.8743961352657,52.10828025477707,53.29113924050633,52.90384615384615,20,gykh8ja7,,,,,0
