session_code,participant_id_in_session,participant_code,page_index,app_name,page_name,epoch_time_completed,round_number,timeout_happened,is_wait_page
9l3zlzfa,1,u4sl54xk,0,,InitializeParticipant,1789438541,1,0,0
9l3zlzfa,2,q2jobopa,0,,InitializeParticipant,1789438541,1,0,0
9l3zlzfa,3,9xg7erl3,0,,InitializeParticipant,1789438542,1,0,0
9l3zlzfa,4,ixl976y0,0,,InitializeParticipant,1789438542,1,0,0
9l3zlzfa,5,nqlqeq8n,0,,InitializeParticipant,1789438542,1,0,0
9l3zlzfa,6,d10dwe1h,0,,InitializeParticipant,1789438542,1,0,0
9l3zlzfa,7,0yq0zebw,0,,InitializeParticipant,1789438542,1,0,0
9l3zlzfa,8,7sfhy51b,0,,InitializeParticipant,1789438542,1,0,0
9l3zlzfa,9,pgjj4tqg,0,,InitializeParticipant,1789438542,1,0,0
9l3zlzfa,10,z4s8evj8,0,,InitializeParticipant,1789438542,1,0,0
9l3zlzfa,11,e8h7gvii,0,,InitializeParticipant,1789438543,1,0,0
9l3zlzfa,12,yt1cbpza,0,,InitializeParticipant,1789438543,1,0,0
9l3zlzfa,13,0i38ht6y,0,,InitializeParticipant,1789438543,1,0,0
9l3zlzfa,14,xyqf41ao,0,,InitializeParticipant,1789438543,1,0,0
9l3zlzfa,15,g9pquzkd,0,,InitializeParticipant,1789438543,1,0,0
9l3zlzfa,16,7ww48hi4,0,,InitializeParticipant,1789438543,1,0,0
9l3zlzfa,17,5fdw0rg1,0,,InitializeParticipant,1789438543,1,0,0
9l3zlzfa,18,h7o9v437,0,,InitializeParticipant,1789438543,1,0,0
9l3zlzfa,19,9mimenbo,0,,InitializeParticipant,1789438543,1,0,0
9l3zlzfa,20,hn8non3y,0,,InitializeParticipant,1789438543,1,0,0
9l3zlzfa,21,x06ipo6j,0,,InitializeParticipant,1789438543,1,0,0
9l3zlzfa,22,n9iynxtq,0,,InitializeParticipant,1789438543,1,0,0
9l3zlzfa,23,diqkyqqr,0,,InitializeParticipant,1789438543,1,0,0
9l3zlzfa,24,hi0vl1bf,0,,InitializeParticipant,1789438544,1,0,0
9l3zlzfa,10,z4s8evj8,1,portfolio,Welcome,1789438557,1,0,0
9l3zlzfa,3,9xg7erl3,1,portfolio,Welcome,1789438559,1,0,0
9l3zlzfa,20,hn8non3y,1,portfolio,Welcome,1789438559,1,0,0
9l3zlzfa,17,5fdw0rg1,1,portfolio,Welcome,1789438560,1,0,0
9l3zlzfa,18,h7o9v437,1,portfolio,Welcome,1789438561,1,0,0
9l3zlzfa,14,xyqf41ao,1,portfolio,Welcome,1789438562,1,0,0
9l3zlzfa,3,9xg7erl3,2,portfolio,InstructionsRisk,1789438563,1,0,0
9l3zlzfa,18,h7o9v437,2,portfolio,InstructionsRisk,1789438564,1,0,0
9l3zlzfa,20,hn8non3y,2,portfolio,InstructionsRisk,1789438564,1,0,0
9l3zlzfa,10,z4s8evj8,2,portfolio,InstructionsRisk,1789438564,1,0,0
9l3zlzfa,11,e8h7gvii,1,portfolio,Welcome,1789438565,1,0,0
9l3zlzfa,9,pgjj4tqg,1,portfolio,Welcome,1789438567,1,0,0
9l3zlzfa,25,u3a33dgt,0,,InitializeParticipant,1789438574,1,0,0
9l3zlzfa,14,xyqf41ao,2,portfolio,InstructionsRisk,1789438580,1,0,0
9l3zlzfa,15,g9pquzkd,1,portfolio,Welcome,1789438580,1,0,0
9l3zlzfa,20,hn8non3y,3,portfolio,ComprehensionRisk,1789438580,1,0,0
9l3zlzfa,9,pgjj4tqg,2,portfolio,InstructionsRisk,1789438584,1,0,0
9l3zlzfa,17,5fdw0rg1,2,portfolio,InstructionsRisk,1789438585,1,0,0
9l3zlzfa,15,g9pquzkd,2,portfolio,InstructionsRisk,1789438585,1,0,0
9l3zlzfa,11,e8h7gvii,2,portfolio,InstructionsRisk,1789438587,1,0,0
9l3zlzfa,3,9xg7erl3,3,portfolio,ComprehensionRisk,1789438589,1,0,0
9l3zlzfa,16,7ww48hi4,1,portfolio,Welcome,1789438591,1,0,0
9l3zlzfa,22,n9iynxtq,1,portfolio,Welcome,1789438591,1,0,0
9l3zlzfa,12,yt1cbpza,1,portfolio,Welcome,1789438592,1,0,0
9l3zlzfa,18,h7o9v437,3,portfolio,ComprehensionRisk,1789438595,1,0,0
9l3zlzfa,10,z4s8evj8,3,portfolio,ComprehensionRisk,1789438596,1,0,0
9l3zlzfa,20,hn8non3y,4,portfolio,DynamicChoice,1789438598,1,0,0
9l3zlzfa,5,nqlqeq8n,1,portfolio,Welcome,1789438602,1,0,0
9l3zlzfa,2,q2jobopa,1,portfolio,Welcome,1789438605,1,0,0
9l3zlzfa,16,7ww48hi4,2,portfolio,InstructionsRisk,1789438607,1,0,0
9l3zlzfa,22,n9iynxtq,2,portfolio,InstructionsRisk,1789438607,1,0,0
9l3zlzfa,17,5fdw0rg1,3,portfolio,ComprehensionRisk,1789438609,1,0,0
9l3zlzfa,3,9xg7erl3,4,portfolio,DynamicChoice,1789438609,1,0,0
9l3zlzfa,9,pgjj4tqg,3,portfolio,ComprehensionRisk,1789438609,1,0,0
9l3zlzfa,14,xyqf41ao,3,portfolio,ComprehensionRisk,1789438610,1,0,0
9l3zlzfa,18,h7o9v437,4,portfolio,DynamicChoice,1789438612,1,0,0
9l3zlzfa,4,ixl976y0,1,portfolio,Welcome,1789438613,1,0,0
9l3zlzfa,8,7sfhy51b,1,portfolio,Welcome,1789438613,1,0,0
9l3zlzfa,5,nqlqeq8n,2,portfolio,InstructionsRisk,1789438614,1,0,0
9l3zlzfa,21,x06ipo6j,1,portfolio,Welcome,1789438615,1,0,0
9l3zlzfa,10,z4s8evj8,4,portfolio,DynamicChoice,1789438618,1,0,0
9l3zlzfa,13,0i38ht6y,1,portfolio,Welcome,1789438619,1,0,0
9l3zlzfa,21,x06ipo6j,2,portfolio,InstructionsRisk,1789438620,1,0,0
9l3zlzfa,17,5fdw0rg1,4,portfolio,DynamicChoice,1789438621,1,0,0
9l3zlzfa,24,hi0vl1bf,1,portfolio,Welcome,1789438621,1,0,0
9l3zlzfa,12,yt1cbpza,2,portfolio,InstructionsRisk,1789438623,1,0,0
9l3zlzfa,11,e8h7gvii,3,portfolio,ComprehensionRisk,1789438625,1,0,0
9l3zlzfa,2,q2jobopa,2,portfolio,InstructionsRisk,1789438628,1,0,0
9l3zlzfa,22,n9iynxtq,3,portfolio,ComprehensionRisk,1789438628,1,0,0
9l3zlzfa,19,9mimenbo,1,portfolio,Welcome,1789438631,1,0,0
9l3zlzfa,4,ixl976y0,2,portfolio,InstructionsRisk,1789438632,1,0,0
9l3zlzfa,23,diqkyqqr,1,portfolio,Welcome,1789438634,1,0,0
9l3zlzfa,5,nqlqeq8n,3,portfolio,ComprehensionRisk,1789438635,1,0,0
9l3zlzfa,21,x06ipo6j,3,portfolio,ComprehensionRisk,1789438642,1,0,0
9l3zlzfa,2,q2jobopa,3,portfolio,ComprehensionRisk,1789438643,1,0,0
9l3zlzfa,5,nqlqeq8n,4,portfolio,DynamicChoice,1789438645,1,0,0
9l3zlzfa,16,7ww48hi4,3,portfolio,ComprehensionRisk,1789438647,1,0,0
9l3zlzfa,14,xyqf41ao,4,portfolio,DynamicChoice,1789438650,1,0,0
9l3zlzfa,8,7sfhy51b,2,portfolio,InstructionsRisk,1789438652,1,0,0
9l3zlzfa,12,yt1cbpza,3,portfolio,ComprehensionRisk,1789438653,1,0,0
9l3zlzfa,2,q2jobopa,4,portfolio,DynamicChoice,1789438655,1,0,0
9l3zlzfa,13,0i38ht6y,2,portfolio,InstructionsRisk,1789438657,1,0,0
9l3zlzfa,4,ixl976y0,3,portfolio,ComprehensionRisk,1789438660,1,0,0
9l3zlzfa,24,hi0vl1bf,2,portfolio,InstructionsRisk,1789438660,1,0,0
9l3zlzfa,16,7ww48hi4,4,portfolio,DynamicChoice,1789438663,1,0,0
9l3zlzfa,6,d10dwe1h,1,portfolio,Welcome,1789438664,1,0,0
9l3zlzfa,21,x06ipo6j,4,portfolio,DynamicChoice,1789438675,1,0,0
9l3zlzfa,8,7sfhy51b,3,portfolio,ComprehensionRisk,1789438676,1,0,0
9l3zlzfa,24,hi0vl1bf,3,portfolio,ComprehensionRisk,1789438678,1,0,0
9l3zlzfa,25,u3a33dgt,1,portfolio,Welcome,1789438678,1,0,0
9l3zlzfa,19,9mimenbo,2,portfolio,InstructionsRisk,1789438678,1,0,0
9l3zlzfa,15,g9pquzkd,3,portfolio,ComprehensionRisk,1789438679,1,0,0
9l3zlzfa,23,diqkyqqr,2,portfolio,InstructionsRisk,1789438679,1,0,0
9l3zlzfa,11,e8h7gvii,4,portfolio,DynamicChoice,1789438683,1,0,0
9l3zlzfa,13,0i38ht6y,3,portfolio,ComprehensionRisk,1789438690,1,0,0
9l3zlzfa,1,u4sl54xk,1,portfolio,Welcome,1789438696,1,0,0
9l3zlzfa,15,g9pquzkd,4,portfolio,DynamicChoice,1789438697,1,0,0
9l3zlzfa,8,7sfhy51b,4,portfolio,DynamicChoice,1789438702,1,0,0
9l3zlzfa,7,0yq0zebw,1,portfolio,Welcome,1789438706,1,0,0
9l3zlzfa,22,n9iynxtq,4,portfolio,DynamicChoice,1789438709,1,0,0
9l3zlzfa,1,u4sl54xk,2,portfolio,InstructionsRisk,1789438711,1,0,0
9l3zlzfa,24,hi0vl1bf,4,portfolio,DynamicChoice,1789438711,1,0,0
9l3zlzfa,13,0i38ht6y,4,portfolio,DynamicChoice,1789438712,1,0,0
9l3zlzfa,19,9mimenbo,3,portfolio,ComprehensionRisk,1789438724,1,0,0
9l3zlzfa,4,ixl976y0,4,portfolio,DynamicChoice,1789438734,1,0,0
9l3zlzfa,19,9mimenbo,4,portfolio,DynamicChoice,1789438739,1,0,0
9l3zlzfa,23,diqkyqqr,3,portfolio,ComprehensionRisk,1789438742,1,0,0
9l3zlzfa,25,u3a33dgt,2,portfolio,InstructionsRisk,1789438745,1,0,0
9l3zlzfa,6,d10dwe1h,2,portfolio,InstructionsRisk,1789438767,1,0,0
9l3zlzfa,1,u4sl54xk,3,portfolio,ComprehensionRisk,1789438769,1,0,0
9l3zlzfa,6,d10dwe1h,3,portfolio,ComprehensionRisk,1789438803,1,0,0
9l3zlzfa,25,u3a33dgt,3,portfolio,ComprehensionRisk,1789438808,1,0,0
9l3zlzfa,12,yt1cbpza,4,portfolio,DynamicChoice,1789438820,1,0,0
9l3zlzfa,25,u3a33dgt,4,portfolio,DynamicChoice,1789438831,1,0,0
9l3zlzfa,7,0yq0zebw,2,portfolio,InstructionsRisk,1789438831,1,0,0
9l3zlzfa,6,d10dwe1h,4,portfolio,DynamicChoice,1789438847,1,0,0
9l3zlzfa,23,diqkyqqr,4,portfolio,DynamicChoice,1789438855,1,0,0
9l3zlzfa,7,0yq0zebw,3,portfolio,ComprehensionRisk,1789438888,1,0,0
9l3zlzfa,9,pgjj4tqg,4,portfolio,DynamicChoice,1789438903,1,0,0
9l3zlzfa,1,u4sl54xk,4,portfolio,DynamicChoice,1789438982,1,0,0
9l3zlzfa,7,0yq0zebw,4,portfolio,DynamicChoice,1789438988,1,0,0
9l3zlzfa,2,q2jobopa,5,portfolio,SyncRisk,1789438989,1,0,1
9l3zlzfa,11,e8h7gvii,5,portfolio,SyncRisk,1789438989,1,0,1
9l3zlzfa,24,hi0vl1bf,5,portfolio,SyncRisk,1789438989,1,0,1
9l3zlzfa,4,ixl976y0,5,portfolio,SyncRisk,1789438989,1,0,1
9l3zlzfa,25,u3a33dgt,5,portfolio,SyncRisk,1789438989,1,0,1
9l3zlzfa,9,pgjj4tqg,5,portfolio,SyncRisk,1789438989,1,0,1
9l3zlzfa,1,u4sl54xk,5,portfolio,SyncRisk,1789438989,1,0,1
9l3zlzfa,10,z4s8evj8,5,portfolio,SyncRisk,1789438989,1,0,1
9l3zlzfa,17,5fdw0rg1,5,portfolio,SyncRisk,1789438989,1,0,1
9l3zlzfa,20,hn8non3y,5,portfolio,SyncRisk,1789438989,1,0,1
9l3zlzfa,3,9xg7erl3,5,portfolio,SyncRisk,1789438989,1,0,1
9l3zlzfa,6,d10dwe1h,5,portfolio,SyncRisk,1789438989,1,0,1
9l3zlzfa,18,h7o9v437,5,portfolio,SyncRisk,1789438989,1,0,1
9l3zlzfa,13,0i38ht6y,5,portfolio,SyncRisk,1789438989,1,0,1
9l3zlzfa,21,x06ipo6j,5,portfolio,SyncRisk,1789438989,1,0,1
9l3zlzfa,22,n9iynxtq,5,portfolio,SyncRisk,1789438989,1,0,1
9l3zlzfa,5,nqlqeq8n,5,portfolio,SyncRisk,1789438989,1,0,1
9l3zlzfa,14,xyqf41ao,5,portfolio,SyncRisk,1789438989,1,0,1
9l3zlzfa,16,7ww48hi4,5,portfolio,SyncRisk,1789438989,1,0,1
9l3zlzfa,19,9mimenbo,5,portfolio,SyncRisk,1789438989,1,0,1
9l3zlzfa,8,7sfhy51b,5,portfolio,SyncRisk,1789438989,1,0,1
9l3zlzfa,15,g9pquzkd,5,portfolio,SyncRisk,1789438989,1,0,1
9l3zlzfa,7,0yq0zebw,5,portfolio,SyncRisk,1789438989,1,0,1
9l3zlzfa,12,yt1cbpza,5,portfolio,SyncRisk,1789438989,1,0,1
9l3zlzfa,23,diqkyqqr,5,portfolio,SyncRisk,1789438989,1,0,1
9l3zlzfa,7,0yq0zebw,6,portfolio,InstructionsPortfolio,1789438992,1,0,0
9l3zlzfa,18,h7o9v437,6,portfolio,InstructionsPortfolio,1789438996,1,0,0
9l3zlzfa,8,7sfhy51b,6,portfolio,InstructionsPortfolio,1789438997,1,0,0
9l3zlzfa,15,g9pquzkd,6,portfolio,InstructionsPortfolio,1789439001,1,0,0
9l3zlzfa,10,z4s8evj8,6,portfolio,InstructionsPortfolio,1789439002,1,0,0
9l3zlzfa,22,n9iynxtq,6,portfolio,InstructionsPortfolio,1789439004,1,0,0
9l3zlzfa,9,pgjj4tqg,6,portfolio,InstructionsPortfolio,1789439007,1,0,0
9l3zlzfa,3,9xg7erl3,6,portfolio,InstructionsPortfolio,1789439009,1,0,0
9l3zlzfa,1,u4sl54xk,6,portfolio,InstructionsPortfolio,1789439010,1,0,0
9l3zlzfa,5,nqlqeq8n,6,portfolio,InstructionsPortfolio,1789439014,1,0,0
9l3zlzfa,17,5fdw0rg1,6,portfolio,InstructionsPortfolio,1789439015,1,0,0
9l3zlzfa,15,g9pquzkd,7,portfolio,Page1Experience,1789439016,1,0,0
9l3zlzfa,11,e8h7gvii,6,portfolio,InstructionsPortfolio,1789439018,1,0,0
9l3zlzfa,8,7sfhy51b,7,portfolio,Page1Experience,1789439018,1,0,0
9l3zlzfa,22,n9iynxtq,7,portfolio,Page1Experience,1789439022,1,0,0
9l3zlzfa,12,yt1cbpza,6,portfolio,InstructionsPortfolio,1789439028,1,0,0
9l3zlzfa,20,hn8non3y,6,portfolio,InstructionsPortfolio,1789439029,1,0,0
9l3zlzfa,17,5fdw0rg1,7,portfolio,Page1Experience,1789439029,1,0,0
9l3zlzfa,7,0yq0zebw,7,portfolio,Page1Experience,1789439030,1,0,0
9l3zlzfa,5,nqlqeq8n,7,portfolio,Page1Experience,1789439030,1,0,0
9l3zlzfa,24,hi0vl1bf,6,portfolio,InstructionsPortfolio,1789439031,1,0,0
9l3zlzfa,9,pgjj4tqg,7,portfolio,Page1Experience,1789439032,1,0,0
9l3zlzfa,2,q2jobopa,6,portfolio,InstructionsPortfolio,1789439033,1,0,0
9l3zlzfa,14,xyqf41ao,6,portfolio,InstructionsPortfolio,1789439035,1,0,0
9l3zlzfa,16,7ww48hi4,6,portfolio,InstructionsPortfolio,1789439035,1,0,0
9l3zlzfa,23,diqkyqqr,6,portfolio,InstructionsPortfolio,1789439036,1,0,0
9l3zlzfa,25,u3a33dgt,6,portfolio,InstructionsPortfolio,1789439038,1,0,0
9l3zlzfa,3,9xg7erl3,7,portfolio,Page1Experience,1789439039,1,0,0
9l3zlzfa,10,z4s8evj8,7,portfolio,Page1Experience,1789439040,1,0,0
9l3zlzfa,21,x06ipo6j,6,portfolio,InstructionsPortfolio,1789439042,1,0,0
9l3zlzfa,2,q2jobopa,7,portfolio,Page1Experience,1789439043,1,0,0
9l3zlzfa,4,ixl976y0,6,portfolio,InstructionsPortfolio,1789439043,1,0,0
9l3zlzfa,20,hn8non3y,7,portfolio,Page1Experience,1789439043,1,0,0
9l3zlzfa,13,0i38ht6y,6,portfolio,InstructionsPortfolio,1789439047,1,0,0
9l3zlzfa,24,hi0vl1bf,7,portfolio,Page1Experience,1789439048,1,0,0
9l3zlzfa,16,7ww48hi4,7,portfolio,Page1Experience,1789439054,1,0,0
9l3zlzfa,14,xyqf41ao,7,portfolio,Page1Experience,1789439055,1,0,0
9l3zlzfa,6,d10dwe1h,6,portfolio,InstructionsPortfolio,1789439055,1,0,0
9l3zlzfa,18,h7o9v437,7,portfolio,Page1Experience,1789439058,1,0,0
9l3zlzfa,4,ixl976y0,7,portfolio,Page1Experience,1789439066,1,0,0
9l3zlzfa,25,u3a33dgt,7,portfolio,Page1Experience,1789439069,1,0,0
9l3zlzfa,13,0i38ht6y,7,portfolio,Page1Experience,1789439073,1,0,0
9l3zlzfa,1,u4sl54xk,7,portfolio,Page1Experience,1789439073,1,0,0
9l3zlzfa,6,d10dwe1h,7,portfolio,Page1Experience,1789439074,1,0,0
9l3zlzfa,12,yt1cbpza,7,portfolio,Page1Experience,1789439076,1,0,0
9l3zlzfa,21,x06ipo6j,7,portfolio,Page1Experience,1789439082,1,0,0
9l3zlzfa,23,diqkyqqr,7,portfolio,Page1Experience,1789439084,1,0,0
9l3zlzfa,19,9mimenbo,6,portfolio,InstructionsPortfolio,1789439092,1,0,0
9l3zlzfa,11,e8h7gvii,7,portfolio,Page1Experience,1789439094,1,0,0
9l3zlzfa,19,9mimenbo,7,portfolio,Page1Experience,1789439183,1,0,0
9l3zlzfa,9,pgjj4tqg,8,portfolio,SyncAllocation,1789439183,1,0,1
9l3zlzfa,2,q2jobopa,8,portfolio,SyncAllocation,1789439183,1,0,1
9l3zlzfa,24,hi0vl1bf,8,portfolio,SyncAllocation,1789439183,1,0,1
9l3zlzfa,4,ixl976y0,8,portfolio,SyncAllocation,1789439183,1,0,1
9l3zlzfa,25,u3a33dgt,8,portfolio,SyncAllocation,1789439183,1,0,1
9l3zlzfa,11,e8h7gvii,8,portfolio,SyncAllocation,1789439183,1,0,1
9l3zlzfa,15,g9pquzkd,8,portfolio,SyncAllocation,1789439183,1,0,1
9l3zlzfa,6,d10dwe1h,8,portfolio,SyncAllocation,1789439183,1,0,1
9l3zlzfa,20,hn8non3y,8,portfolio,SyncAllocation,1789439183,1,0,1
9l3zlzfa,7,0yq0zebw,8,portfolio,SyncAllocation,1789439183,1,0,1
9l3zlzfa,16,7ww48hi4,8,portfolio,SyncAllocation,1789439183,1,0,1
9l3zlzfa,10,z4s8evj8,8,portfolio,SyncAllocation,1789439183,1,0,1
9l3zlzfa,12,yt1cbpza,8,portfolio,SyncAllocation,1789439183,1,0,1
9l3zlzfa,13,0i38ht6y,8,portfolio,SyncAllocation,1789439183,1,0,1
9l3zlzfa,1,u4sl54xk,8,portfolio,SyncAllocation,1789439183,1,0,1
9l3zlzfa,23,diqkyqqr,8,portfolio,SyncAllocation,1789439183,1,0,1
9l3zlzfa,17,5fdw0rg1,8,portfolio,SyncAllocation,1789439183,1,0,1
9l3zlzfa,3,9xg7erl3,8,portfolio,SyncAllocation,1789439183,1,0,1
9l3zlzfa,18,h7o9v437,8,portfolio,SyncAllocation,1789439183,1,0,1
9l3zlzfa,14,xyqf41ao,8,portfolio,SyncAllocation,1789439183,1,0,1
9l3zlzfa,22,n9iynxtq,8,portfolio,SyncAllocation,1789439183,1,0,1
9l3zlzfa,8,7sfhy51b,8,portfolio,SyncAllocation,1789439183,1,0,1
9l3zlzfa,5,nqlqeq8n,8,portfolio,SyncAllocation,1789439183,1,0,1
9l3zlzfa,21,x06ipo6j,8,portfolio,SyncAllocation,1789439183,1,0,1
9l3zlzfa,19,9mimenbo,8,portfolio,SyncAllocation,1789439183,1,0,1
9l3zlzfa,18,h7o9v437,9,portfolio,InstructionsMarket,1789439189,1,0,0
9l3zlzfa,3,9xg7erl3,9,portfolio,InstructionsMarket,1789439196,1,0,0
9l3zlzfa,21,x06ipo6j,9,portfolio,InstructionsMarket,1789439197,1,0,0
9l3zlzfa,7,0yq0zebw,9,portfolio,InstructionsMarket,1789439197,1,0,0
9l3zlzfa,18,h7o9v437,10,portfolio,ComprehensionMarket,1789439201,1,0,0
9l3zlzfa,2,q2jobopa,9,portfolio,InstructionsMarket,1789439205,1,0,0
9l3zlzfa,17,5fdw0rg1,9,portfolio,InstructionsMarket,1789439211,1,0,0
9l3zlzfa,15,g9pquzkd,9,portfolio,InstructionsMarket,1789439214,1,0,0
9l3zlzfa,9,pgjj4tqg,9,portfolio,InstructionsMarket,1789439217,1,0,0
9l3zlzfa,18,h7o9v437,11,portfolio,InstructionsBeliefs,1789439217,1,0,0
9l3zlzfa,2,q2jobopa,10,portfolio,ComprehensionMarket,1789439218,1,0,0
9l3zlzfa,2,q2jobopa,11,portfolio,InstructionsBeliefs,1789439221,1,0,0
9l3zlzfa,3,9xg7erl3,10,portfolio,ComprehensionMarket,1789439223,1,0,0
9l3zlzfa,20,hn8non3y,9,portfolio,InstructionsMarket,1789439224,1,0,0
9l3zlzfa,9,pgjj4tqg,10,portfolio,ComprehensionMarket,1789439224,1,0,0
9l3zlzfa,21,x06ipo6j,10,portfolio,ComprehensionMarket,1789439229,1,0,0
9l3zlzfa,17,5fdw0rg1,10,portfolio,ComprehensionMarket,1789439229,1,0,0
9l3zlzfa,3,9xg7erl3,11,portfolio,InstructionsBeliefs,1789439231,1,0,0
9l3zlzfa,23,diqkyqqr,9,portfolio,InstructionsMarket,1789439233,1,0,0
9l3zlzfa,20,hn8non3y,10,portfolio,ComprehensionMarket,1789439236,1,0,0
9l3zlzfa,24,hi0vl1bf,9,portfolio,InstructionsMarket,1789439237,1,0,0
9l3zlzfa,11,e8h7gvii,9,portfolio,InstructionsMarket,1789439238,1,0,0
9l3zlzfa,21,x06ipo6j,11,portfolio,InstructionsBeliefs,1789439243,1,0,0
9l3zlzfa,15,g9pquzkd,10,portfolio,ComprehensionMarket,1789439245,1,0,0
9l3zlzfa,7,0yq0zebw,10,portfolio,ComprehensionMarket,1789439247,1,0,0
9l3zlzfa,15,g9pquzkd,11,portfolio,InstructionsBeliefs,1789439248,1,0,0
9l3zlzfa,5,nqlqeq8n,9,portfolio,InstructionsMarket,1789439253,1,0,0
9l3zlzfa,12,yt1cbpza,9,portfolio,InstructionsMarket,1789439254,1,0,0
9l3zlzfa,23,diqkyqqr,10,portfolio,ComprehensionMarket,1789439255,1,0,0
9l3zlzfa,14,xyqf41ao,9,portfolio,InstructionsMarket,1789439257,1,0,0
9l3zlzfa,11,e8h7gvii,10,portfolio,ComprehensionMarket,1789439258,1,0,0
9l3zlzfa,7,0yq0zebw,11,portfolio,InstructionsBeliefs,1789439258,1,0,0
9l3zlzfa,10,z4s8evj8,9,portfolio,InstructionsMarket,1789439258,1,0,0
9l3zlzfa,16,7ww48hi4,9,portfolio,InstructionsMarket,1789439259,1,0,0
9l3zlzfa,22,n9iynxtq,9,portfolio,InstructionsMarket,1789439260,1,0,0
9l3zlzfa,24,hi0vl1bf,10,portfolio,ComprehensionMarket,1789439262,1,0,0
9l3zlzfa,20,hn8non3y,11,portfolio,InstructionsBeliefs,1789439264,1,0,0
9l3zlzfa,5,nqlqeq8n,10,portfolio,ComprehensionMarket,1789439266,1,0,0
9l3zlzfa,12,yt1cbpza,10,portfolio,ComprehensionMarket,1789439267,1,0,0
9l3zlzfa,19,9mimenbo,9,portfolio,InstructionsMarket,1789439268,1,0,0
9l3zlzfa,8,7sfhy51b,9,portfolio,InstructionsMarket,1789439269,1,0,0
9l3zlzfa,22,n9iynxtq,10,portfolio,ComprehensionMarket,1789439270,1,0,0
9l3zlzfa,10,z4s8evj8,10,portfolio,ComprehensionMarket,1789439271,1,0,0
9l3zlzfa,15,g9pquzkd,12,portfolio,PageBeliefExpNoExp,1789439276,1,0,0
9l3zlzfa,14,xyqf41ao,10,portfolio,ComprehensionMarket,1789439279,1,0,0
9l3zlzfa,16,7ww48hi4,10,portfolio,ComprehensionMarket,1789439283,1,0,0
9l3zlzfa,24,hi0vl1bf,11,portfolio,InstructionsBeliefs,1789439284,1,0,0
9l3zlzfa,13,0i38ht6y,9,portfolio,InstructionsMarket,1789439286,1,0,0
9l3zlzfa,8,7sfhy51b,10,portfolio,ComprehensionMarket,1789439294,1,0,0
9l3zlzfa,2,q2jobopa,12,portfolio,PageBeliefExpNoExp,1789439298,1,0,0
9l3zlzfa,9,pgjj4tqg,11,portfolio,InstructionsBeliefs,1789439299,1,0,0
9l3zlzfa,22,n9iynxtq,11,portfolio,InstructionsBeliefs,1789439304,1,0,0
9l3zlzfa,7,0yq0zebw,12,portfolio,PageBeliefExpNoExp,1789439305,1,0,0
9l3zlzfa,11,e8h7gvii,11,portfolio,InstructionsBeliefs,1789439306,1,0,0
9l3zlzfa,13,0i38ht6y,10,portfolio,ComprehensionMarket,1789439306,1,0,0
9l3zlzfa,19,9mimenbo,10,portfolio,ComprehensionMarket,1789439306,1,0,0
9l3zlzfa,15,g9pquzkd,13,portfolio,PageOtherBeliefExpNoExp,1789439307,1,0,0
9l3zlzfa,23,diqkyqqr,11,portfolio,InstructionsBeliefs,1789439308,1,0,0
9l3zlzfa,15,g9pquzkd,14,portfolio,TradingRulesExp,1789439311,1,0,0
9l3zlzfa,17,5fdw0rg1,11,portfolio,InstructionsBeliefs,1789439315,1,0,0
9l3zlzfa,20,hn8non3y,12,portfolio,PageBeliefExpNoExp,1789439316,1,0,0
9l3zlzfa,5,nqlqeq8n,11,portfolio,InstructionsBeliefs,1789439319,1,0,0
9l3zlzfa,19,9mimenbo,11,portfolio,InstructionsBeliefs,1789439321,1,0,0
9l3zlzfa,1,u4sl54xk,9,portfolio,InstructionsMarket,1789439321,1,0,0
9l3zlzfa,12,yt1cbpza,11,portfolio,InstructionsBeliefs,1789439322,1,0,0
9l3zlzfa,16,7ww48hi4,11,portfolio,InstructionsBeliefs,1789439322,1,0,0
9l3zlzfa,7,0yq0zebw,13,portfolio,PageOtherBeliefExpNoExp,1789439326,1,0,0
9l3zlzfa,25,u3a33dgt,9,portfolio,InstructionsMarket,1789439327,1,0,0
9l3zlzfa,4,ixl976y0,9,portfolio,InstructionsMarket,1789439328,1,0,0
9l3zlzfa,7,0yq0zebw,14,portfolio,TradingRulesExp,1789439328,1,0,0
9l3zlzfa,24,hi0vl1bf,12,portfolio,PageBeliefExpNoExp,1789439329,1,0,0
9l3zlzfa,6,d10dwe1h,9,portfolio,InstructionsMarket,1789439329,1,0,0
9l3zlzfa,20,hn8non3y,13,portfolio,PageOtherBeliefExpNoExp,1789439339,1,0,0
9l3zlzfa,2,q2jobopa,13,portfolio,PageOtherBeliefExpNoExp,1789439341,1,0,0
9l3zlzfa,9,pgjj4tqg,12,portfolio,PageBeliefExpNoExp,1789439342,1,0,0
9l3zlzfa,2,q2jobopa,14,portfolio,TradingRulesExp,1789439344,1,0,0
9l3zlzfa,14,xyqf41ao,11,portfolio,InstructionsBeliefs,1789439345,1,0,0
9l3zlzfa,3,9xg7erl3,12,portfolio,PageBeliefExpNoExp,1789439346,1,0,0
9l3zlzfa,10,z4s8evj8,11,portfolio,InstructionsBeliefs,1789439351,1,0,0
9l3zlzfa,1,u4sl54xk,10,portfolio,ComprehensionMarket,1789439355,1,0,0
9l3zlzfa,16,7ww48hi4,12,portfolio,PageBeliefExpNoExp,1789439356,1,0,0
9l3zlzfa,20,hn8non3y,14,portfolio,TradingRulesExp,1789439357,1,0,0
9l3zlzfa,6,d10dwe1h,10,portfolio,ComprehensionMarket,1789439363,1,0,0
9l3zlzfa,23,diqkyqqr,12,portfolio,PageBeliefExpNoExp,1789439363,1,0,0
9l3zlzfa,17,5fdw0rg1,12,portfolio,PageBeliefExpNoExp,1789439363,1,0,0
9l3zlzfa,24,hi0vl1bf,13,portfolio,PageOtherBeliefExpNoExp,1789439365,1,0,0
9l3zlzfa,5,nqlqeq8n,12,portfolio,PageBeliefExpNoExp,1789439366,1,0,0
9l3zlzfa,24,hi0vl1bf,14,portfolio,TradingRulesExp,1789439372,1,0,0
9l3zlzfa,19,9mimenbo,12,portfolio,PageBeliefExpNoExp,1789439373,1,0,0
9l3zlzfa,3,9xg7erl3,13,portfolio,PageOtherBeliefExpNoExp,1789439374,1,0,0
9l3zlzfa,3,9xg7erl3,14,portfolio,TradingRulesExp,1789439379,1,0,0
9l3zlzfa,9,pgjj4tqg,13,portfolio,PageOtherBeliefExpNoExp,1789439380,1,0,0
9l3zlzfa,5,nqlqeq8n,13,portfolio,PageOtherBeliefExpNoExp,1789439381,1,0,0
9l3zlzfa,25,u3a33dgt,10,portfolio,ComprehensionMarket,1789439382,1,0,0
9l3zlzfa,23,diqkyqqr,13,portfolio,PageOtherBeliefExpNoExp,1789439384,1,0,0
9l3zlzfa,16,7ww48hi4,13,portfolio,PageOtherBeliefExpNoExp,1789439387,1,0,0
9l3zlzfa,19,9mimenbo,13,portfolio,PageOtherBeliefExpNoExp,1789439388,1,0,0
9l3zlzfa,21,x06ipo6j,12,portfolio,PageBeliefExpNoExp,1789439388,1,0,0
9l3zlzfa,23,diqkyqqr,14,portfolio,TradingRulesExp,1789439398,1,0,0
9l3zlzfa,22,n9iynxtq,12,portfolio,PageBeliefExpNoExp,1789439399,1,0,0
9l3zlzfa,19,9mimenbo,14,portfolio,TradingRulesExp,1789439399,1,0,0
9l3zlzfa,17,5fdw0rg1,13,portfolio,PageOtherBeliefExpNoExp,1789439401,1,0,0
9l3zlzfa,13,0i38ht6y,11,portfolio,InstructionsBeliefs,1789439402,1,0,0
9l3zlzfa,11,e8h7gvii,12,portfolio,PageBeliefExpNoExp,1789439406,1,0,0
9l3zlzfa,8,7sfhy51b,11,portfolio,InstructionsBeliefs,1789439408,1,0,0
9l3zlzfa,12,yt1cbpza,12,portfolio,PageBeliefExpNoExp,1789439408,1,0,0
9l3zlzfa,16,7ww48hi4,14,portfolio,TradingRulesExp,1789439413,1,0,0
9l3zlzfa,4,ixl976y0,10,portfolio,ComprehensionMarket,1789439415,1,0,0
9l3zlzfa,18,h7o9v437,12,portfolio,PageBeliefExpNoExp,1789439420,1,0,0
9l3zlzfa,22,n9iynxtq,13,portfolio,PageOtherBeliefExpNoExp,1789439420,1,0,0
9l3zlzfa,5,nqlqeq8n,14,portfolio,TradingRulesExp,1789439425,1,0,0
9l3zlzfa,1,u4sl54xk,11,portfolio,InstructionsBeliefs,1789439427,1,0,0
9l3zlzfa,9,pgjj4tqg,14,portfolio,TradingRulesExp,1789439429,1,0,0
9l3zlzfa,17,5fdw0rg1,14,portfolio,TradingRulesExp,1789439443,1,0,0
9l3zlzfa,12,yt1cbpza,13,portfolio,PageOtherBeliefExpNoExp,1789439449,1,0,0
9l3zlzfa,10,z4s8evj8,12,portfolio,PageBeliefExpNoExp,1789439453,1,0,0
9l3zlzfa,18,h7o9v437,13,portfolio,PageOtherBeliefExpNoExp,1789439457,1,0,0
9l3zlzfa,14,xyqf41ao,12,portfolio,PageBeliefExpNoExp,1789439458,1,0,0
9l3zlzfa,21,x06ipo6j,13,portfolio,PageOtherBeliefExpNoExp,1789439460,1,0,0
9l3zlzfa,18,h7o9v437,14,portfolio,TradingRulesExp,1789439461,1,0,0
9l3zlzfa,22,n9iynxtq,14,portfolio,TradingRulesExp,1789439468,1,0,0
9l3zlzfa,21,x06ipo6j,14,portfolio,TradingRulesExp,1789439469,1,0,0
9l3zlzfa,13,0i38ht6y,12,portfolio,PageBeliefExpNoExp,1789439470,1,0,0
9l3zlzfa,11,e8h7gvii,13,portfolio,PageOtherBeliefExpNoExp,1789439484,1,0,0
9l3zlzfa,14,xyqf41ao,13,portfolio,PageOtherBeliefExpNoExp,1789439490,1,0,0
9l3zlzfa,6,d10dwe1h,11,portfolio,InstructionsBeliefs,1789439493,1,0,0
9l3zlzfa,25,u3a33dgt,11,portfolio,InstructionsBeliefs,1789439502,1,0,0
9l3zlzfa,13,0i38ht6y,13,portfolio,PageOtherBeliefExpNoExp,1789439509,1,0,0
9l3zlzfa,10,z4s8evj8,13,portfolio,PageOtherBeliefExpNoExp,1789439522,1,0,0
9l3zlzfa,12,yt1cbpza,14,portfolio,TradingRulesExp,1789439522,1,0,0
9l3zlzfa,14,xyqf41ao,14,portfolio,TradingRulesExp,1789439524,1,0,0
9l3zlzfa,8,7sfhy51b,12,portfolio,PageBeliefExpNoExp,1789439525,1,0,0
9l3zlzfa,6,d10dwe1h,12,portfolio,PageBeliefExpNoExp,1789439527,1,0,0
9l3zlzfa,13,0i38ht6y,14,portfolio,TradingRulesExp,1789439545,1,0,0
9l3zlzfa,4,ixl976y0,11,portfolio,InstructionsBeliefs,1789439550,1,0,0
9l3zlzfa,6,d10dwe1h,13,portfolio,PageOtherBeliefExpNoExp,1789439555,1,0,0
9l3zlzfa,1,u4sl54xk,12,portfolio,PageBeliefExpNoExp,1789439561,1,0,0
9l3zlzfa,11,e8h7gvii,14,portfolio,TradingRulesExp,1789439562,1,0,0
9l3zlzfa,8,7sfhy51b,13,portfolio,PageOtherBeliefExpNoExp,1789439565,1,0,0
9l3zlzfa,10,z4s8evj8,14,portfolio,TradingRulesExp,1789439573,1,0,0
9l3zlzfa,25,u3a33dgt,12,portfolio,PageBeliefExpNoExp,1789439574,1,0,0
9l3zlzfa,25,u3a33dgt,13,portfolio,PageOtherBeliefExpNoExp,1789439603,1,0,0
9l3zlzfa,1,u4sl54xk,13,portfolio,PageOtherBeliefExpNoExp,1789439616,1,0,0
9l3zlzfa,25,u3a33dgt,14,portfolio,TradingRulesExp,1789439626,1,0,0
9l3zlzfa,6,d10dwe1h,14,portfolio,TradingRulesExp,1789439627,1,0,0
9l3zlzfa,1,u4sl54xk,14,portfolio,TradingRulesExp,1789439628,1,0,0
9l3zlzfa,8,7sfhy51b,14,portfolio,TradingRulesExp,1789439688,1,0,0
9l3zlzfa,4,ixl976y0,12,portfolio,PageBeliefExpNoExp,1789439690,1,0,0
9l3zlzfa,4,ixl976y0,13,portfolio,PageOtherBeliefExpNoExp,1789439764,1,0,0
9l3zlzfa,4,ixl976y0,14,portfolio,TradingRulesExp,1789439798,1,0,0
9l3zlzfa,11,e8h7gvii,15,portfolio,SyncTradingRules,1789439798,1,0,1
9l3zlzfa,25,u3a33dgt,15,portfolio,SyncTradingRules,1789439798,1,0,1
9l3zlzfa,4,ixl976y0,15,portfolio,SyncTradingRules,1789439798,1,0,1
9l3zlzfa,2,q2jobopa,15,portfolio,SyncTradingRules,1789439798,1,0,1
9l3zlzfa,24,hi0vl1bf,15,portfolio,SyncTradingRules,1789439798,1,0,1
9l3zlzfa,9,pgjj4tqg,15,portfolio,SyncTradingRules,1789439798,1,0,1
9l3zlzfa,15,g9pquzkd,15,portfolio,SyncTradingRules,1789439798,1,0,1
9l3zlzfa,7,0yq0zebw,15,portfolio,SyncTradingRules,1789439798,1,0,1
9l3zlzfa,20,hn8non3y,15,portfolio,SyncTradingRules,1789439798,1,0,1
9l3zlzfa,3,9xg7erl3,15,portfolio,SyncTradingRules,1789439798,1,0,1
9l3zlzfa,23,diqkyqqr,15,portfolio,SyncTradingRules,1789439798,1,0,1
9l3zlzfa,14,xyqf41ao,15,portfolio,SyncTradingRules,1789439798,1,0,1
9l3zlzfa,21,x06ipo6j,15,portfolio,SyncTradingRules,1789439798,1,0,1
9l3zlzfa,16,7ww48hi4,15,portfolio,SyncTradingRules,1789439798,1,0,1
9l3zlzfa,1,u4sl54xk,15,portfolio,SyncTradingRules,1789439798,1,0,1
9l3zlzfa,10,z4s8evj8,15,portfolio,SyncTradingRules,1789439798,1,0,1
9l3zlzfa,6,d10dwe1h,15,portfolio,SyncTradingRules,1789439798,1,0,1
9l3zlzfa,17,5fdw0rg1,15,portfolio,SyncTradingRules,1789439798,1,0,1
9l3zlzfa,5,nqlqeq8n,15,portfolio,SyncTradingRules,1789439798,1,0,1
9l3zlzfa,19,9mimenbo,15,portfolio,SyncTradingRules,1789439798,1,0,1
9l3zlzfa,13,0i38ht6y,15,portfolio,SyncTradingRules,1789439798,1,0,1
9l3zlzfa,8,7sfhy51b,15,portfolio,SyncTradingRules,1789439798,1,0,1
9l3zlzfa,12,yt1cbpza,15,portfolio,SyncTradingRules,1789439798,1,0,1
9l3zlzfa,22,n9iynxtq,15,portfolio,SyncTradingRules,1789439798,1,0,1
9l3zlzfa,18,h7o9v437,15,portfolio,SyncTradingRules,1789439798,1,0,1
9l3zlzfa,9,pgjj4tqg,16,portfolio,PageBidExperience,1789439820,1,0,0
9l3zlzfa,17,5fdw0rg1,16,portfolio,PageBidExperience,1789439820,1,0,0
9l3zlzfa,22,n9iynxtq,16,portfolio,PageBidExperience,1789439823,1,0,0
9l3zlzfa,2,q2jobopa,16,portfolio,PageBidExperience,1789439825,1,0,0
9l3zlzfa,5,nqlqeq8n,16,portfolio,PageBidExperience,1789439827,1,0,0
9l3zlzfa,13,0i38ht6y,16,portfolio,PageBidExperience,1789439827,1,0,0
9l3zlzfa,19,9mimenbo,16,portfolio,PageBidExperience,1789439828,1,0,0
9l3zlzfa,20,hn8non3y,16,portfolio,PageBidExperience,1789439828,1,0,0
9l3zlzfa,3,9xg7erl3,16,portfolio,PageBidExperience,1789439829,1,0,0
9l3zlzfa,24,hi0vl1bf,16,portfolio,PageBidExperience,1789439829,1,0,0
9l3zlzfa,14,xyqf41ao,16,portfolio,PageBidExperience,1789439832,1,0,0
9l3zlzfa,12,yt1cbpza,16,portfolio,PageBidExperience,1789439832,1,0,0
9l3zlzfa,16,7ww48hi4,16,portfolio,PageBidExperience,1789439836,1,0,0
9l3zlzfa,6,d10dwe1h,16,portfolio,PageBidExperience,1789439836,1,0,0
9l3zlzfa,25,u3a33dgt,16,portfolio,PageBidExperience,1789439840,1,0,0
9l3zlzfa,18,h7o9v437,16,portfolio,PageBidExperience,1789439843,1,0,0
9l3zlzfa,20,hn8non3y,25,portfolio,Clearing,1789439843,1,0,1
9l3zlzfa,17,5fdw0rg1,25,portfolio,Clearing,1789439843,1,0,1
9l3zlzfa,18,h7o9v437,25,portfolio,Clearing,1789439843,1,0,1
9l3zlzfa,19,9mimenbo,25,portfolio,Clearing,1789439843,1,0,1
9l3zlzfa,16,7ww48hi4,25,portfolio,Clearing,1789439843,1,0,1
9l3zlzfa,10,z4s8evj8,16,portfolio,PageBidExperience,1789439848,1,0,0
9l3zlzfa,4,ixl976y0,16,portfolio,PageBidExperience,1789439855,1,0,0
9l3zlzfa,15,g9pquzkd,16,portfolio,PageBidExperience,1789439862,1,0,0
9l3zlzfa,8,7sfhy51b,16,portfolio,PageBidExperience,1789439868,1,0,0
9l3zlzfa,11,e8h7gvii,16,portfolio,PageBidExperience,1789439883,1,0,0
9l3zlzfa,11,e8h7gvii,25,portfolio,Clearing,1789439884,1,0,1
9l3zlzfa,14,xyqf41ao,25,portfolio,Clearing,1789439884,1,0,1
9l3zlzfa,15,g9pquzkd,25,portfolio,Clearing,1789439884,1,0,1
9l3zlzfa,12,yt1cbpza,25,portfolio,Clearing,1789439884,1,0,1
9l3zlzfa,13,0i38ht6y,25,portfolio,Clearing,1789439884,1,0,1
9l3zlzfa,23,diqkyqqr,16,portfolio,PageBidExperience,1789439888,1,0,0
9l3zlzfa,1,u4sl54xk,16,portfolio,PageBidExperience,1789439892,1,0,0
9l3zlzfa,2,q2jobopa,25,portfolio,Clearing,1789439893,1,0,1
9l3zlzfa,4,ixl976y0,25,portfolio,Clearing,1789439893,1,0,1
9l3zlzfa,3,9xg7erl3,25,portfolio,Clearing,1789439893,1,0,1
9l3zlzfa,1,u4sl54xk,25,portfolio,Clearing,1789439893,1,0,1
9l3zlzfa,5,nqlqeq8n,25,portfolio,Clearing,1789439893,1,0,1
9l3zlzfa,21,x06ipo6j,16,portfolio,PageBidExperience,1789439912,1,0,0
9l3zlzfa,24,hi0vl1bf,25,portfolio,Clearing,1789439912,1,0,1
9l3zlzfa,25,u3a33dgt,25,portfolio,Clearing,1789439912,1,0,1
9l3zlzfa,23,diqkyqqr,25,portfolio,Clearing,1789439912,1,0,1
9l3zlzfa,21,x06ipo6j,25,portfolio,Clearing,1789439912,1,0,1
9l3zlzfa,22,n9iynxtq,25,portfolio,Clearing,1789439912,1,0,1
9l3zlzfa,7,0yq0zebw,16,portfolio,PageBidExperience,1789439920,1,0,0
9l3zlzfa,9,pgjj4tqg,25,portfolio,Clearing,1789439920,1,0,1
9l3zlzfa,7,0yq0zebw,25,portfolio,Clearing,1789439920,1,0,1
9l3zlzfa,10,z4s8evj8,25,portfolio,Clearing,1789439920,1,0,1
9l3zlzfa,6,d10dwe1h,25,portfolio,Clearing,1789439920,1,0,1
9l3zlzfa,8,7sfhy51b,25,portfolio,Clearing,1789439920,1,0,1
9l3zlzfa,24,hi0vl1bf,26,portfolio,SyncMarketRound,1789439921,1,0,1
9l3zlzfa,25,u3a33dgt,26,portfolio,SyncMarketRound,1789439921,1,0,1
9l3zlzfa,9,pgjj4tqg,26,portfolio,SyncMarketRound,1789439921,1,0,1
9l3zlzfa,11,e8h7gvii,26,portfolio,SyncMarketRound,1789439921,1,0,1
9l3zlzfa,2,q2jobopa,26,portfolio,SyncMarketRound,1789439921,1,0,1
9l3zlzfa,4,ixl976y0,26,portfolio,SyncMarketRound,1789439921,1,0,1
9l3zlzfa,7,0yq0zebw,26,portfolio,SyncMarketRound,1789439921,1,0,1
9l3zlzfa,14,xyqf41ao,26,portfolio,SyncMarketRound,1789439921,1,0,1
9l3zlzfa,20,hn8non3y,26,portfolio,SyncMarketRound,1789439921,1,0,1
9l3zlzfa,15,g9pquzkd,26,portfolio,SyncMarketRound,1789439921,1,0,1
9l3zlzfa,3,9xg7erl3,26,portfolio,SyncMarketRound,1789439921,1,0,1
9l3zlzfa,23,diqkyqqr,26,portfolio,SyncMarketRound,1789439921,1,0,1
9l3zlzfa,17,5fdw0rg1,26,portfolio,SyncMarketRound,1789439921,1,0,1
9l3zlzfa,18,h7o9v437,26,portfolio,SyncMarketRound,1789439921,1,0,1
9l3zlzfa,10,z4s8evj8,26,portfolio,SyncMarketRound,1789439921,1,0,1
9l3zlzfa,21,x06ipo6j,26,portfolio,SyncMarketRound,1789439921,1,0,1
9l3zlzfa,1,u4sl54xk,26,portfolio,SyncMarketRound,1789439921,1,0,1
9l3zlzfa,12,yt1cbpza,26,portfolio,SyncMarketRound,1789439921,1,0,1
9l3zlzfa,6,d10dwe1h,26,portfolio,SyncMarketRound,1789439921,1,0,1
9l3zlzfa,8,7sfhy51b,26,portfolio,SyncMarketRound,1789439921,1,0,1
9l3zlzfa,5,nqlqeq8n,26,portfolio,SyncMarketRound,1789439921,1,0,1
9l3zlzfa,19,9mimenbo,26,portfolio,SyncMarketRound,1789439921,1,0,1
9l3zlzfa,13,0i38ht6y,26,portfolio,SyncMarketRound,1789439921,1,0,1
9l3zlzfa,22,n9iynxtq,26,portfolio,SyncMarketRound,1789439921,1,0,1
9l3zlzfa,16,7ww48hi4,26,portfolio,SyncMarketRound,1789439921,1,0,1
9l3zlzfa,20,hn8non3y,45,portfolio,PageBidExperience,1789439945,2,0,0
9l3zlzfa,16,7ww48hi4,45,portfolio,PageBidExperience,1789439946,2,0,0
9l3zlzfa,22,n9iynxtq,45,portfolio,PageBidExperience,1789439948,2,0,0
9l3zlzfa,17,5fdw0rg1,45,portfolio,PageBidExperience,1789439950,2,0,0
9l3zlzfa,8,7sfhy51b,45,portfolio,PageBidExperience,1789439955,2,0,0
9l3zlzfa,19,9mimenbo,45,portfolio,PageBidExperience,1789439956,2,0,0
9l3zlzfa,15,g9pquzkd,45,portfolio,PageBidExperience,1789439958,2,0,0
9l3zlzfa,2,q2jobopa,45,portfolio,PageBidExperience,1789439961,2,0,0
9l3zlzfa,6,d10dwe1h,45,portfolio,PageBidExperience,1789439961,2,0,0
9l3zlzfa,4,ixl976y0,45,portfolio,PageBidExperience,1789439962,2,0,0
9l3zlzfa,5,nqlqeq8n,45,portfolio,PageBidExperience,1789439963,2,0,0
9l3zlzfa,9,pgjj4tqg,45,portfolio,PageBidExperience,1789439964,2,0,0
9l3zlzfa,13,0i38ht6y,45,portfolio,PageBidExperience,1789439965,2,0,0
9l3zlzfa,18,h7o9v437,45,portfolio,PageBidExperience,1789439969,2,0,0
9l3zlzfa,20,hn8non3y,54,portfolio,Clearing,1789439969,2,0,1
9l3zlzfa,17,5fdw0rg1,54,portfolio,Clearing,1789439969,2,0,1
9l3zlzfa,16,7ww48hi4,54,portfolio,Clearing,1789439969,2,0,1
9l3zlzfa,18,h7o9v437,54,portfolio,Clearing,1789439969,2,0,1
9l3zlzfa,19,9mimenbo,54,portfolio,Clearing,1789439969,2,0,1
9l3zlzfa,23,diqkyqqr,45,portfolio,PageBidExperience,1789439970,2,0,0
9l3zlzfa,10,z4s8evj8,45,portfolio,PageBidExperience,1789439972,2,0,0
9l3zlzfa,24,hi0vl1bf,45,portfolio,PageBidExperience,1789439984,2,0,0
9l3zlzfa,1,u4sl54xk,45,portfolio,PageBidExperience,1789439998,2,0,0
9l3zlzfa,11,e8h7gvii,45,portfolio,PageBidExperience,1789440005,2,0,0
9l3zlzfa,12,yt1cbpza,45,portfolio,PageBidExperience,1789440011,2,0,0
9l3zlzfa,3,9xg7erl3,45,portfolio,PageBidExperience,1789440024,2,0,0
9l3zlzfa,1,u4sl54xk,54,portfolio,Clearing,1789440024,2,0,1
9l3zlzfa,2,q2jobopa,54,portfolio,Clearing,1789440024,2,0,1
9l3zlzfa,3,9xg7erl3,54,portfolio,Clearing,1789440024,2,0,1
9l3zlzfa,4,ixl976y0,54,portfolio,Clearing,1789440024,2,0,1
9l3zlzfa,5,nqlqeq8n,54,portfolio,Clearing,1789440024,2,0,1
9l3zlzfa,21,x06ipo6j,45,portfolio,PageBidExperience,1789440027,2,0,0
9l3zlzfa,7,0yq0zebw,45,portfolio,PageBidExperience,1789440027,2,0,0
9l3zlzfa,6,d10dwe1h,54,portfolio,Clearing,1789440027,2,0,1
9l3zlzfa,7,0yq0zebw,54,portfolio,Clearing,1789440027,2,0,1
9l3zlzfa,8,7sfhy51b,54,portfolio,Clearing,1789440027,2,0,1
9l3zlzfa,9,pgjj4tqg,54,portfolio,Clearing,1789440027,2,0,1
9l3zlzfa,10,z4s8evj8,54,portfolio,Clearing,1789440027,2,0,1
9l3zlzfa,25,u3a33dgt,45,portfolio,PageBidExperience,1789440030,2,0,0
9l3zlzfa,22,n9iynxtq,54,portfolio,Clearing,1789440031,2,0,1
9l3zlzfa,23,diqkyqqr,54,portfolio,Clearing,1789440031,2,0,1
9l3zlzfa,24,hi0vl1bf,54,portfolio,Clearing,1789440031,2,0,1
9l3zlzfa,25,u3a33dgt,54,portfolio,Clearing,1789440031,2,0,1
9l3zlzfa,21,x06ipo6j,54,portfolio,Clearing,1789440031,2,0,1
9l3zlzfa,14,xyqf41ao,45,portfolio,PageBidExperience,1789440059,2,0,0
9l3zlzfa,11,e8h7gvii,54,portfolio,Clearing,1789440059,2,0,1
9l3zlzfa,12,yt1cbpza,54,portfolio,Clearing,1789440059,2,0,1
9l3zlzfa,13,0i38ht6y,54,portfolio,Clearing,1789440059,2,0,1
9l3zlzfa,14,xyqf41ao,54,portfolio,Clearing,1789440059,2,0,1
9l3zlzfa,15,g9pquzkd,54,portfolio,Clearing,1789440059,2,0,1
9l3zlzfa,20,hn8non3y,55,portfolio,SyncMarketRound,1789440060,2,0,1
9l3zlzfa,22,n9iynxtq,55,portfolio,SyncMarketRound,1789440060,2,0,1
9l3zlzfa,23,diqkyqqr,55,portfolio,SyncMarketRound,1789440060,2,0,1
9l3zlzfa,24,hi0vl1bf,55,portfolio,SyncMarketRound,1789440060,2,0,1
9l3zlzfa,25,u3a33dgt,55,portfolio,SyncMarketRound,1789440060,2,0,1
9l3zlzfa,17,5fdw0rg1,55,portfolio,SyncMarketRound,1789440060,2,0,1
9l3zlzfa,11,e8h7gvii,55,portfolio,SyncMarketRound,1789440060,2,0,1
9l3zlzfa,6,d10dwe1h,55,portfolio,SyncMarketRound,1789440060,2,0,1
9l3zlzfa,12,yt1cbpza,55,portfolio,SyncMarketRound,1789440060,2,0,1
9l3zlzfa,7,0yq0zebw,55,portfolio,SyncMarketRound,1789440060,2,0,1
9l3zlzfa,8,7sfhy51b,55,portfolio,SyncMarketRound,1789440060,2,0,1
9l3zlzfa,13,0i38ht6y,55,portfolio,SyncMarketRound,1789440060,2,0,1
9l3zlzfa,16,7ww48hi4,55,portfolio,SyncMarketRound,1789440060,2,0,1
9l3zlzfa,18,h7o9v437,55,portfolio,SyncMarketRound,1789440060,2,0,1
9l3zlzfa,14,xyqf41ao,55,portfolio,SyncMarketRound,1789440060,2,0,1
9l3zlzfa,9,pgjj4tqg,55,portfolio,SyncMarketRound,1789440060,2,0,1
9l3zlzfa,1,u4sl54xk,55,portfolio,SyncMarketRound,1789440060,2,0,1
9l3zlzfa,2,q2jobopa,55,portfolio,SyncMarketRound,1789440060,2,0,1
9l3zlzfa,3,9xg7erl3,55,portfolio,SyncMarketRound,1789440060,2,0,1
9l3zlzfa,4,ixl976y0,55,portfolio,SyncMarketRound,1789440060,2,0,1
9l3zlzfa,5,nqlqeq8n,55,portfolio,SyncMarketRound,1789440060,2,0,1
9l3zlzfa,10,z4s8evj8,55,portfolio,SyncMarketRound,1789440060,2,0,1
9l3zlzfa,15,g9pquzkd,55,portfolio,SyncMarketRound,1789440060,2,0,1
9l3zlzfa,19,9mimenbo,55,portfolio,SyncMarketRound,1789440060,2,0,1
9l3zlzfa,21,x06ipo6j,55,portfolio,SyncMarketRound,1789440060,2,0,1
9l3zlzfa,22,n9iynxtq,74,portfolio,PageBidExperience,1789440082,3,0,0
9l3zlzfa,20,hn8non3y,74,portfolio,PageBidExperience,1789440084,3,0,0
9l3zlzfa,12,yt1cbpza,74,portfolio,PageBidExperience,1789440090,3,0,0
9l3zlzfa,17,5fdw0rg1,74,portfolio,PageBidExperience,1789440091,3,0,0
9l3zlzfa,16,7ww48hi4,74,portfolio,PageBidExperience,1789440094,3,0,0
9l3zlzfa,2,q2jobopa,74,portfolio,PageBidExperience,1789440095,3,0,0
9l3zlzfa,10,z4s8evj8,74,portfolio,PageBidExperience,1789440095,3,0,0
9l3zlzfa,5,nqlqeq8n,74,portfolio,PageBidExperience,1789440095,3,0,0
9l3zlzfa,23,diqkyqqr,74,portfolio,PageBidExperience,1789440095,3,0,0
9l3zlzfa,18,h7o9v437,74,portfolio,PageBidExperience,1789440096,3,0,0
9l3zlzfa,24,hi0vl1bf,74,portfolio,PageBidExperience,1789440096,3,0,0
9l3zlzfa,8,7sfhy51b,74,portfolio,PageBidExperience,1789440106,3,0,0
9l3zlzfa,15,g9pquzkd,74,portfolio,PageBidExperience,1789440107,3,0,0
9l3zlzfa,4,ixl976y0,74,portfolio,PageBidExperience,1789440109,3,0,0
9l3zlzfa,6,d10dwe1h,74,portfolio,PageBidExperience,1789440111,3,0,0
9l3zlzfa,13,0i38ht6y,74,portfolio,PageBidExperience,1789440113,3,0,0
9l3zlzfa,1,u4sl54xk,74,portfolio,PageBidExperience,1789440126,3,0,0
9l3zlzfa,7,0yq0zebw,74,portfolio,PageBidExperience,1789440134,3,0,0
9l3zlzfa,11,e8h7gvii,74,portfolio,PageBidExperience,1789440136,3,0,0
9l3zlzfa,9,pgjj4tqg,74,portfolio,PageBidExperience,1789440140,3,0,0
9l3zlzfa,9,pgjj4tqg,83,portfolio,Clearing,1789440141,3,0,1
9l3zlzfa,10,z4s8evj8,83,portfolio,Clearing,1789440141,3,0,1
9l3zlzfa,6,d10dwe1h,83,portfolio,Clearing,1789440141,3,0,1
9l3zlzfa,7,0yq0zebw,83,portfolio,Clearing,1789440141,3,0,1
9l3zlzfa,8,7sfhy51b,83,portfolio,Clearing,1789440141,3,0,1
9l3zlzfa,3,9xg7erl3,74,portfolio,PageBidExperience,1789440143,3,0,0
9l3zlzfa,1,u4sl54xk,83,portfolio,Clearing,1789440143,3,0,1
9l3zlzfa,2,q2jobopa,83,portfolio,Clearing,1789440143,3,0,1
9l3zlzfa,3,9xg7erl3,83,portfolio,Clearing,1789440143,3,0,1
9l3zlzfa,4,ixl976y0,83,portfolio,Clearing,1789440143,3,0,1
9l3zlzfa,5,nqlqeq8n,83,portfolio,Clearing,1789440143,3,0,1
9l3zlzfa,21,x06ipo6j,74,portfolio,PageBidExperience,1789440144,3,0,0
9l3zlzfa,14,xyqf41ao,74,portfolio,PageBidExperience,1789440145,3,0,0
9l3zlzfa,11,e8h7gvii,83,portfolio,Clearing,1789440145,3,0,1
9l3zlzfa,12,yt1cbpza,83,portfolio,Clearing,1789440145,3,0,1
9l3zlzfa,13,0i38ht6y,83,portfolio,Clearing,1789440145,3,0,1
9l3zlzfa,14,xyqf41ao,83,portfolio,Clearing,1789440145,3,0,1
9l3zlzfa,15,g9pquzkd,83,portfolio,Clearing,1789440145,3,0,1
9l3zlzfa,25,u3a33dgt,74,portfolio,PageBidExperience,1789440153,3,0,0
9l3zlzfa,21,x06ipo6j,83,portfolio,Clearing,1789440154,3,0,1
9l3zlzfa,22,n9iynxtq,83,portfolio,Clearing,1789440154,3,0,1
9l3zlzfa,23,diqkyqqr,83,portfolio,Clearing,1789440154,3,0,1
9l3zlzfa,24,hi0vl1bf,83,portfolio,Clearing,1789440154,3,0,1
9l3zlzfa,25,u3a33dgt,83,portfolio,Clearing,1789440154,3,0,1
9l3zlzfa,19,9mimenbo,74,portfolio,PageBidExperience,1789440182,3,0,0
9l3zlzfa,17,5fdw0rg1,83,portfolio,Clearing,1789440183,3,0,1
9l3zlzfa,16,7ww48hi4,83,portfolio,Clearing,1789440183,3,0,1
9l3zlzfa,18,h7o9v437,83,portfolio,Clearing,1789440183,3,0,1
9l3zlzfa,19,9mimenbo,83,portfolio,Clearing,1789440183,3,0,1
9l3zlzfa,20,hn8non3y,83,portfolio,Clearing,1789440183,3,0,1
9l3zlzfa,9,pgjj4tqg,84,portfolio,SyncMarketRound,1789440184,3,0,1
9l3zlzfa,10,z4s8evj8,84,portfolio,SyncMarketRound,1789440184,3,0,1
9l3zlzfa,17,5fdw0rg1,84,portfolio,SyncMarketRound,1789440184,3,0,1
9l3zlzfa,16,7ww48hi4,84,portfolio,SyncMarketRound,1789440184,3,0,1
9l3zlzfa,18,h7o9v437,84,portfolio,SyncMarketRound,1789440184,3,0,1
9l3zlzfa,21,x06ipo6j,84,portfolio,SyncMarketRound,1789440184,3,0,1
9l3zlzfa,11,e8h7gvii,84,portfolio,SyncMarketRound,1789440184,3,0,1
9l3zlzfa,19,9mimenbo,84,portfolio,SyncMarketRound,1789440184,3,0,1
9l3zlzfa,20,hn8non3y,84,portfolio,SyncMarketRound,1789440184,3,0,1
9l3zlzfa,1,u4sl54xk,84,portfolio,SyncMarketRound,1789440184,3,0,1
9l3zlzfa,22,n9iynxtq,84,portfolio,SyncMarketRound,1789440184,3,0,1
9l3zlzfa,12,yt1cbpza,84,portfolio,SyncMarketRound,1789440184,3,0,1
9l3zlzfa,2,q2jobopa,84,portfolio,SyncMarketRound,1789440184,3,0,1
9l3zlzfa,23,diqkyqqr,84,portfolio,SyncMarketRound,1789440184,3,0,1
9l3zlzfa,13,0i38ht6y,84,portfolio,SyncMarketRound,1789440184,3,0,1
9l3zlzfa,3,9xg7erl3,84,portfolio,SyncMarketRound,1789440184,3,0,1
9l3zlzfa,24,hi0vl1bf,84,portfolio,SyncMarketRound,1789440184,3,0,1
9l3zlzfa,4,ixl976y0,84,portfolio,SyncMarketRound,1789440184,3,0,1
9l3zlzfa,6,d10dwe1h,84,portfolio,SyncMarketRound,1789440184,3,0,1
9l3zlzfa,7,0yq0zebw,84,portfolio,SyncMarketRound,1789440184,3,0,1
9l3zlzfa,8,7sfhy51b,84,portfolio,SyncMarketRound,1789440184,3,0,1
9l3zlzfa,5,nqlqeq8n,84,portfolio,SyncMarketRound,1789440184,3,0,1
9l3zlzfa,14,xyqf41ao,84,portfolio,SyncMarketRound,1789440184,3,0,1
9l3zlzfa,15,g9pquzkd,84,portfolio,SyncMarketRound,1789440184,3,0,1
9l3zlzfa,25,u3a33dgt,84,portfolio,SyncMarketRound,1789440184,3,0,1
9l3zlzfa,23,diqkyqqr,103,portfolio,PageBidExperience,1789440205,4,0,0
9l3zlzfa,17,5fdw0rg1,103,portfolio,PageBidExperience,1789440205,4,0,0
9l3zlzfa,15,g9pquzkd,103,portfolio,PageBidExperience,1789440208,4,0,0
9l3zlzfa,2,q2jobopa,103,portfolio,PageBidExperience,1789440209,4,0,0
9l3zlzfa,22,n9iynxtq,103,portfolio,PageBidExperience,1789440211,4,0,0
9l3zlzfa,11,e8h7gvii,103,portfolio,PageBidExperience,1789440216,4,0,0
9l3zlzfa,13,0i38ht6y,103,portfolio,PageBidExperience,1789440216,4,0,0
9l3zlzfa,24,hi0vl1bf,103,portfolio,PageBidExperience,1789440219,4,0,0
9l3zlzfa,6,d10dwe1h,103,portfolio,PageBidExperience,1789440220,4,0,0
9l3zlzfa,10,z4s8evj8,103,portfolio,PageBidExperience,1789440221,4,0,0
9l3zlzfa,7,0yq0zebw,103,portfolio,PageBidExperience,1789440222,4,0,0
9l3zlzfa,5,nqlqeq8n,103,portfolio,PageBidExperience,1789440223,4,0,0
9l3zlzfa,3,9xg7erl3,103,portfolio,PageBidExperience,1789440225,4,0,0
9l3zlzfa,25,u3a33dgt,103,portfolio,PageBidExperience,1789440229,4,0,0
9l3zlzfa,8,7sfhy51b,103,portfolio,PageBidExperience,1789440235,4,0,0
9l3zlzfa,18,h7o9v437,103,portfolio,PageBidExperience,1789440239,4,0,0
9l3zlzfa,16,7ww48hi4,103,portfolio,PageBidExperience,1789440255,4,0,0
9l3zlzfa,1,u4sl54xk,103,portfolio,PageBidExperience,1789440257,4,0,0
9l3zlzfa,12,yt1cbpza,103,portfolio,PageBidExperience,1789440260,4,0,0
9l3zlzfa,4,ixl976y0,103,portfolio,PageBidExperience,1789440265,4,0,0
9l3zlzfa,3,9xg7erl3,112,portfolio,Clearing,1789440265,4,0,1
9l3zlzfa,1,u4sl54xk,112,portfolio,Clearing,1789440265,4,0,1
9l3zlzfa,2,q2jobopa,112,portfolio,Clearing,1789440265,4,0,1
9l3zlzfa,4,ixl976y0,112,portfolio,Clearing,1789440265,4,0,1
9l3zlzfa,5,nqlqeq8n,112,portfolio,Clearing,1789440265,4,0,1
9l3zlzfa,19,9mimenbo,103,portfolio,PageBidExperience,1789440266,4,0,0
9l3zlzfa,20,hn8non3y,103,portfolio,PageBidExperience,1789440275,4,0,0
9l3zlzfa,18,h7o9v437,112,portfolio,Clearing,1789440275,4,0,1
9l3zlzfa,19,9mimenbo,112,portfolio,Clearing,1789440275,4,0,1
9l3zlzfa,20,hn8non3y,112,portfolio,Clearing,1789440275,4,0,1
9l3zlzfa,17,5fdw0rg1,112,portfolio,Clearing,1789440275,4,0,1
9l3zlzfa,16,7ww48hi4,112,portfolio,Clearing,1789440275,4,0,1
9l3zlzfa,14,xyqf41ao,103,portfolio,PageBidExperience,1789440284,4,0,0
9l3zlzfa,15,g9pquzkd,112,portfolio,Clearing,1789440284,4,0,1
9l3zlzfa,11,e8h7gvii,112,portfolio,Clearing,1789440284,4,0,1
9l3zlzfa,12,yt1cbpza,112,portfolio,Clearing,1789440284,4,0,1
9l3zlzfa,13,0i38ht6y,112,portfolio,Clearing,1789440284,4,0,1
9l3zlzfa,14,xyqf41ao,112,portfolio,Clearing,1789440284,4,0,1
9l3zlzfa,21,x06ipo6j,103,portfolio,PageBidExperience,1789440291,4,0,0
9l3zlzfa,23,diqkyqqr,112,portfolio,Clearing,1789440292,4,0,1
9l3zlzfa,25,u3a33dgt,112,portfolio,Clearing,1789440292,4,0,1
9l3zlzfa,21,x06ipo6j,112,portfolio,Clearing,1789440292,4,0,1
9l3zlzfa,22,n9iynxtq,112,portfolio,Clearing,1789440292,4,0,1
9l3zlzfa,24,hi0vl1bf,112,portfolio,Clearing,1789440292,4,0,1
9l3zlzfa,9,pgjj4tqg,103,portfolio,PageBidExperience,1789440318,4,0,0
9l3zlzfa,6,d10dwe1h,112,portfolio,Clearing,1789440319,4,0,1
9l3zlzfa,7,0yq0zebw,112,portfolio,Clearing,1789440319,4,0,1
9l3zlzfa,8,7sfhy51b,112,portfolio,Clearing,1789440319,4,0,1
9l3zlzfa,9,pgjj4tqg,112,portfolio,Clearing,1789440319,4,0,1
9l3zlzfa,10,z4s8evj8,112,portfolio,Clearing,1789440319,4,0,1
9l3zlzfa,23,diqkyqqr,113,portfolio,SyncMarketRound,1789440320,4,0,1
9l3zlzfa,18,h7o9v437,113,portfolio,SyncMarketRound,1789440320,4,0,1
9l3zlzfa,19,9mimenbo,113,portfolio,SyncMarketRound,1789440320,4,0,1
9l3zlzfa,20,hn8non3y,113,portfolio,SyncMarketRound,1789440320,4,0,1
9l3zlzfa,15,g9pquzkd,113,portfolio,SyncMarketRound,1789440320,4,0,1
9l3zlzfa,25,u3a33dgt,113,portfolio,SyncMarketRound,1789440320,4,0,1
9l3zlzfa,6,d10dwe1h,113,portfolio,SyncMarketRound,1789440320,4,0,1
9l3zlzfa,7,0yq0zebw,113,portfolio,SyncMarketRound,1789440320,4,0,1
9l3zlzfa,8,7sfhy51b,113,portfolio,SyncMarketRound,1789440320,4,0,1
9l3zlzfa,11,e8h7gvii,113,portfolio,SyncMarketRound,1789440320,4,0,1
9l3zlzfa,3,9xg7erl3,113,portfolio,SyncMarketRound,1789440320,4,0,1
9l3zlzfa,12,yt1cbpza,113,portfolio,SyncMarketRound,1789440320,4,0,1
9l3zlzfa,9,pgjj4tqg,113,portfolio,SyncMarketRound,1789440320,4,0,1
9l3zlzfa,13,0i38ht6y,113,portfolio,SyncMarketRound,1789440320,4,0,1
9l3zlzfa,1,u4sl54xk,113,portfolio,SyncMarketRound,1789440320,4,0,1
9l3zlzfa,2,q2jobopa,113,portfolio,SyncMarketRound,1789440320,4,0,1
9l3zlzfa,4,ixl976y0,113,portfolio,SyncMarketRound,1789440320,4,0,1
9l3zlzfa,5,nqlqeq8n,113,portfolio,SyncMarketRound,1789440320,4,0,1
9l3zlzfa,14,xyqf41ao,113,portfolio,SyncMarketRound,1789440320,4,0,1
9l3zlzfa,10,z4s8evj8,113,portfolio,SyncMarketRound,1789440320,4,0,1
9l3zlzfa,17,5fdw0rg1,113,portfolio,SyncMarketRound,1789440320,4,0,1
9l3zlzfa,21,x06ipo6j,113,portfolio,SyncMarketRound,1789440320,4,0,1
9l3zlzfa,22,n9iynxtq,113,portfolio,SyncMarketRound,1789440320,4,0,1
9l3zlzfa,16,7ww48hi4,113,portfolio,SyncMarketRound,1789440320,4,0,1
9l3zlzfa,24,hi0vl1bf,113,portfolio,SyncMarketRound,1789440320,4,0,1
9l3zlzfa,18,h7o9v437,132,portfolio,PageBidExperience,1789440335,5,0,0
9l3zlzfa,22,n9iynxtq,132,portfolio,PageBidExperience,1789440337,5,0,0
9l3zlzfa,6,d10dwe1h,132,portfolio,PageBidExperience,1789440343,5,0,0
9l3zlzfa,16,7ww48hi4,132,portfolio,PageBidExperience,1789440345,5,0,0
9l3zlzfa,4,ixl976y0,132,portfolio,PageBidExperience,1789440347,5,0,0
9l3zlzfa,2,q2jobopa,132,portfolio,PageBidExperience,1789440347,5,0,0
9l3zlzfa,17,5fdw0rg1,132,portfolio,PageBidExperience,1789440348,5,0,0
9l3zlzfa,8,7sfhy51b,132,portfolio,PageBidExperience,1789440349,5,0,0
9l3zlzfa,15,g9pquzkd,132,portfolio,PageBidExperience,1789440349,5,0,0
9l3zlzfa,20,hn8non3y,132,portfolio,PageBidExperience,1789440355,5,0,0
9l3zlzfa,10,z4s8evj8,132,portfolio,PageBidExperience,1789440364,5,0,0
9l3zlzfa,25,u3a33dgt,132,portfolio,PageBidExperience,1789440365,5,0,0
9l3zlzfa,7,0yq0zebw,132,portfolio,PageBidExperience,1789440366,5,0,0
9l3zlzfa,14,xyqf41ao,132,portfolio,PageBidExperience,1789440367,5,0,0
9l3zlzfa,24,hi0vl1bf,132,portfolio,PageBidExperience,1789440369,5,0,0
9l3zlzfa,3,9xg7erl3,132,portfolio,PageBidExperience,1789440369,5,0,0
9l3zlzfa,13,0i38ht6y,132,portfolio,PageBidExperience,1789440377,5,0,0
9l3zlzfa,12,yt1cbpza,132,portfolio,PageBidExperience,1789440379,5,0,0
9l3zlzfa,11,e8h7gvii,132,portfolio,PageBidExperience,1789440390,5,0,0
9l3zlzfa,14,xyqf41ao,141,portfolio,Clearing,1789440391,5,0,1
9l3zlzfa,15,g9pquzkd,141,portfolio,Clearing,1789440391,5,0,1
9l3zlzfa,11,e8h7gvii,141,portfolio,Clearing,1789440391,5,0,1
9l3zlzfa,12,yt1cbpza,141,portfolio,Clearing,1789440391,5,0,1
9l3zlzfa,13,0i38ht6y,141,portfolio,Clearing,1789440391,5,0,1
9l3zlzfa,5,nqlqeq8n,132,portfolio,PageBidExperience,1789440396,5,0,0
9l3zlzfa,9,pgjj4tqg,132,portfolio,PageBidExperience,1789440401,5,0,0
9l3zlzfa,7,0yq0zebw,141,portfolio,Clearing,1789440401,5,0,1
9l3zlzfa,6,d10dwe1h,141,portfolio,Clearing,1789440401,5,0,1
9l3zlzfa,8,7sfhy51b,141,portfolio,Clearing,1789440401,5,0,1
9l3zlzfa,9,pgjj4tqg,141,portfolio,Clearing,1789440401,5,0,1
9l3zlzfa,10,z4s8evj8,141,portfolio,Clearing,1789440401,5,0,1
9l3zlzfa,19,9mimenbo,132,portfolio,PageBidExperience,1789440406,5,0,0
9l3zlzfa,17,5fdw0rg1,141,portfolio,Clearing,1789440406,5,0,1
9l3zlzfa,16,7ww48hi4,141,portfolio,Clearing,1789440406,5,0,1
9l3zlzfa,18,h7o9v437,141,portfolio,Clearing,1789440406,5,0,1
9l3zlzfa,19,9mimenbo,141,portfolio,Clearing,1789440406,5,0,1
9l3zlzfa,20,hn8non3y,141,portfolio,Clearing,1789440406,5,0,1
9l3zlzfa,21,x06ipo6j,132,portfolio,PageBidExperience,1789440418,5,0,0
9l3zlzfa,1,u4sl54xk,132,portfolio,PageBidExperience,1789440420,5,0,0
9l3zlzfa,1,u4sl54xk,141,portfolio,Clearing,1789440420,5,0,1
9l3zlzfa,2,q2jobopa,141,portfolio,Clearing,1789440420,5,0,1
9l3zlzfa,3,9xg7erl3,141,portfolio,Clearing,1789440420,5,0,1
9l3zlzfa,4,ixl976y0,141,portfolio,Clearing,1789440420,5,0,1
9l3zlzfa,5,nqlqeq8n,141,portfolio,Clearing,1789440420,5,0,1
9l3zlzfa,23,diqkyqqr,132,portfolio,PageBidExperience,1789440420,5,0,0
9l3zlzfa,21,x06ipo6j,141,portfolio,Clearing,1789440421,5,0,1
9l3zlzfa,22,n9iynxtq,141,portfolio,Clearing,1789440421,5,0,1
9l3zlzfa,23,diqkyqqr,141,portfolio,Clearing,1789440421,5,0,1
9l3zlzfa,24,hi0vl1bf,141,portfolio,Clearing,1789440421,5,0,1
9l3zlzfa,25,u3a33dgt,141,portfolio,Clearing,1789440421,5,0,1
9l3zlzfa,14,xyqf41ao,142,portfolio,SyncMarketRound,1789440422,5,0,1
9l3zlzfa,15,g9pquzkd,142,portfolio,SyncMarketRound,1789440422,5,0,1
9l3zlzfa,1,u4sl54xk,142,portfolio,SyncMarketRound,1789440422,5,0,1
9l3zlzfa,21,x06ipo6j,142,portfolio,SyncMarketRound,1789440422,5,0,1
9l3zlzfa,22,n9iynxtq,142,portfolio,SyncMarketRound,1789440422,5,0,1
9l3zlzfa,17,5fdw0rg1,142,portfolio,SyncMarketRound,1789440422,5,0,1
9l3zlzfa,16,7ww48hi4,142,portfolio,SyncMarketRound,1789440422,5,0,1
9l3zlzfa,23,diqkyqqr,142,portfolio,SyncMarketRound,1789440422,5,0,1
9l3zlzfa,2,q2jobopa,142,portfolio,SyncMarketRound,1789440422,5,0,1
9l3zlzfa,18,h7o9v437,142,portfolio,SyncMarketRound,1789440422,5,0,1
9l3zlzfa,7,0yq0zebw,142,portfolio,SyncMarketRound,1789440422,5,0,1
9l3zlzfa,19,9mimenbo,142,portfolio,SyncMarketRound,1789440422,5,0,1
9l3zlzfa,24,hi0vl1bf,142,portfolio,SyncMarketRound,1789440422,5,0,1
9l3zlzfa,6,d10dwe1h,142,portfolio,SyncMarketRound,1789440422,5,0,1
9l3zlzfa,8,7sfhy51b,142,portfolio,SyncMarketRound,1789440422,5,0,1
9l3zlzfa,9,pgjj4tqg,142,portfolio,SyncMarketRound,1789440422,5,0,1
9l3zlzfa,11,e8h7gvii,142,portfolio,SyncMarketRound,1789440422,5,0,1
9l3zlzfa,12,yt1cbpza,142,portfolio,SyncMarketRound,1789440422,5,0,1
9l3zlzfa,13,0i38ht6y,142,portfolio,SyncMarketRound,1789440422,5,0,1
9l3zlzfa,10,z4s8evj8,142,portfolio,SyncMarketRound,1789440422,5,0,1
9l3zlzfa,20,hn8non3y,142,portfolio,SyncMarketRound,1789440422,5,0,1
9l3zlzfa,3,9xg7erl3,142,portfolio,SyncMarketRound,1789440422,5,0,1
9l3zlzfa,4,ixl976y0,142,portfolio,SyncMarketRound,1789440422,5,0,1
9l3zlzfa,5,nqlqeq8n,142,portfolio,SyncMarketRound,1789440422,5,0,1
9l3zlzfa,25,u3a33dgt,142,portfolio,SyncMarketRound,1789440422,5,0,1
9l3zlzfa,18,h7o9v437,161,portfolio,PageBidExperience,1789440434,6,0,0
9l3zlzfa,22,n9iynxtq,161,portfolio,PageBidExperience,1789440438,6,0,0
9l3zlzfa,2,q2jobopa,161,portfolio,PageBidExperience,1789440441,6,0,0
9l3zlzfa,8,7sfhy51b,161,portfolio,PageBidExperience,1789440449,6,0,0
9l3zlzfa,16,7ww48hi4,161,portfolio,PageBidExperience,1789440451,6,0,0
9l3zlzfa,25,u3a33dgt,161,portfolio,PageBidExperience,1789440454,6,0,0
9l3zlzfa,6,d10dwe1h,161,portfolio,PageBidExperience,1789440454,6,0,0
9l3zlzfa,10,z4s8evj8,161,portfolio,PageBidExperience,1789440456,6,0,0
9l3zlzfa,15,g9pquzkd,161,portfolio,PageBidExperience,1789440458,6,0,0
9l3zlzfa,17,5fdw0rg1,161,portfolio,PageBidExperience,1789440459,6,0,0
9l3zlzfa,4,ixl976y0,161,portfolio,PageBidExperience,1789440463,6,0,0
9l3zlzfa,24,hi0vl1bf,161,portfolio,PageBidExperience,1789440463,6,0,0
9l3zlzfa,13,0i38ht6y,161,portfolio,PageBidExperience,1789440464,6,0,0
9l3zlzfa,12,yt1cbpza,161,portfolio,PageBidExperience,1789440464,6,0,0
9l3zlzfa,9,pgjj4tqg,161,portfolio,PageBidExperience,1789440467,6,0,0
9l3zlzfa,20,hn8non3y,161,portfolio,PageBidExperience,1789440474,6,0,0
9l3zlzfa,14,xyqf41ao,161,portfolio,PageBidExperience,1789440475,6,0,0
9l3zlzfa,1,u4sl54xk,161,portfolio,PageBidExperience,1789440477,6,0,0
9l3zlzfa,5,nqlqeq8n,161,portfolio,PageBidExperience,1789440480,6,0,0
9l3zlzfa,21,x06ipo6j,161,portfolio,PageBidExperience,1789440485,6,0,0
9l3zlzfa,19,9mimenbo,161,portfolio,PageBidExperience,1789440498,6,0,0
9l3zlzfa,17,5fdw0rg1,170,portfolio,Clearing,1789440498,6,0,1
9l3zlzfa,18,h7o9v437,170,portfolio,Clearing,1789440498,6,0,1
9l3zlzfa,20,hn8non3y,170,portfolio,Clearing,1789440498,6,0,1
9l3zlzfa,19,9mimenbo,170,portfolio,Clearing,1789440498,6,0,1
9l3zlzfa,16,7ww48hi4,170,portfolio,Clearing,1789440498,6,0,1
9l3zlzfa,11,e8h7gvii,161,portfolio,PageBidExperience,1789440502,6,0,0
9l3zlzfa,11,e8h7gvii,170,portfolio,Clearing,1789440503,6,0,1
9l3zlzfa,12,yt1cbpza,170,portfolio,Clearing,1789440503,6,0,1
9l3zlzfa,13,0i38ht6y,170,portfolio,Clearing,1789440503,6,0,1
9l3zlzfa,15,g9pquzkd,170,portfolio,Clearing,1789440503,6,0,1
9l3zlzfa,14,xyqf41ao,170,portfolio,Clearing,1789440503,6,0,1
9l3zlzfa,3,9xg7erl3,161,portfolio,PageBidExperience,1789440510,6,0,0
9l3zlzfa,5,nqlqeq8n,170,portfolio,Clearing,1789440510,6,0,1
9l3zlzfa,1,u4sl54xk,170,portfolio,Clearing,1789440510,6,0,1
9l3zlzfa,2,q2jobopa,170,portfolio,Clearing,1789440510,6,0,1
9l3zlzfa,3,9xg7erl3,170,portfolio,Clearing,1789440510,6,0,1
9l3zlzfa,4,ixl976y0,170,portfolio,Clearing,1789440510,6,0,1
9l3zlzfa,23,diqkyqqr,161,portfolio,PageBidExperience,1789440517,6,0,0
9l3zlzfa,24,hi0vl1bf,170,portfolio,Clearing,1789440517,6,0,1
9l3zlzfa,25,u3a33dgt,170,portfolio,Clearing,1789440517,6,0,1
9l3zlzfa,22,n9iynxtq,170,portfolio,Clearing,1789440517,6,0,1
9l3zlzfa,21,x06ipo6j,170,portfolio,Clearing,1789440517,6,0,1
9l3zlzfa,23,diqkyqqr,170,portfolio,Clearing,1789440517,6,0,1
9l3zlzfa,7,0yq0zebw,161,portfolio,PageBidExperience,1789440536,6,0,0
9l3zlzfa,6,d10dwe1h,170,portfolio,Clearing,1789440536,6,0,1
9l3zlzfa,7,0yq0zebw,170,portfolio,Clearing,1789440536,6,0,1
9l3zlzfa,8,7sfhy51b,170,portfolio,Clearing,1789440536,6,0,1
9l3zlzfa,9,pgjj4tqg,170,portfolio,Clearing,1789440536,6,0,1
9l3zlzfa,10,z4s8evj8,170,portfolio,Clearing,1789440536,6,0,1
9l3zlzfa,17,5fdw0rg1,171,portfolio,SyncMarketRound,1789440537,6,0,1
9l3zlzfa,18,h7o9v437,171,portfolio,SyncMarketRound,1789440537,6,0,1
9l3zlzfa,20,hn8non3y,171,portfolio,SyncMarketRound,1789440537,6,0,1
9l3zlzfa,5,nqlqeq8n,171,portfolio,SyncMarketRound,1789440537,6,0,1
9l3zlzfa,24,hi0vl1bf,171,portfolio,SyncMarketRound,1789440537,6,0,1
9l3zlzfa,25,u3a33dgt,171,portfolio,SyncMarketRound,1789440537,6,0,1
9l3zlzfa,6,d10dwe1h,171,portfolio,SyncMarketRound,1789440537,6,0,1
9l3zlzfa,7,0yq0zebw,171,portfolio,SyncMarketRound,1789440537,6,0,1
9l3zlzfa,8,7sfhy51b,171,portfolio,SyncMarketRound,1789440537,6,0,1
9l3zlzfa,9,pgjj4tqg,171,portfolio,SyncMarketRound,1789440537,6,0,1
9l3zlzfa,1,u4sl54xk,171,portfolio,SyncMarketRound,1789440537,6,0,1
9l3zlzfa,11,e8h7gvii,171,portfolio,SyncMarketRound,1789440537,6,0,1
9l3zlzfa,12,yt1cbpza,171,portfolio,SyncMarketRound,1789440537,6,0,1
9l3zlzfa,2,q2jobopa,171,portfolio,SyncMarketRound,1789440537,6,0,1
9l3zlzfa,3,9xg7erl3,171,portfolio,SyncMarketRound,1789440537,6,0,1
9l3zlzfa,4,ixl976y0,171,portfolio,SyncMarketRound,1789440537,6,0,1
9l3zlzfa,10,z4s8evj8,171,portfolio,SyncMarketRound,1789440537,6,0,1
9l3zlzfa,22,n9iynxtq,171,portfolio,SyncMarketRound,1789440537,6,0,1
9l3zlzfa,13,0i38ht6y,171,portfolio,SyncMarketRound,1789440537,6,0,1
9l3zlzfa,15,g9pquzkd,171,portfolio,SyncMarketRound,1789440537,6,0,1
9l3zlzfa,14,xyqf41ao,171,portfolio,SyncMarketRound,1789440537,6,0,1
9l3zlzfa,21,x06ipo6j,171,portfolio,SyncMarketRound,1789440537,6,0,1
9l3zlzfa,19,9mimenbo,171,portfolio,SyncMarketRound,1789440537,6,0,1
9l3zlzfa,16,7ww48hi4,171,portfolio,SyncMarketRound,1789440537,6,0,1
9l3zlzfa,23,diqkyqqr,171,portfolio,SyncMarketRound,1789440537,6,0,1
9l3zlzfa,18,h7o9v437,190,portfolio,PageBidExperience,1789440552,7,0,0
9l3zlzfa,22,n9iynxtq,190,portfolio,PageBidExperience,1789440553,7,0,0
9l3zlzfa,16,7ww48hi4,190,portfolio,PageBidExperience,1789440553,7,0,0
9l3zlzfa,24,hi0vl1bf,190,portfolio,PageBidExperience,1789440556,7,0,0
9l3zlzfa,4,ixl976y0,190,portfolio,PageBidExperience,1789440562,7,0,0
9l3zlzfa,14,xyqf41ao,190,portfolio,PageBidExperience,1789440563,7,0,0
9l3zlzfa,3,9xg7erl3,190,portfolio,PageBidExperience,1789440564,7,0,0
9l3zlzfa,25,u3a33dgt,190,portfolio,PageBidExperience,1789440564,7,0,0
9l3zlzfa,20,hn8non3y,190,portfolio,PageBidExperience,1789440568,7,0,0
9l3zlzfa,8,7sfhy51b,190,portfolio,PageBidExperience,1789440570,7,0,0
9l3zlzfa,6,d10dwe1h,190,portfolio,PageBidExperience,1789440571,7,0,0
9l3zlzfa,2,q2jobopa,190,portfolio,PageBidExperience,1789440580,7,0,0
9l3zlzfa,15,g9pquzkd,190,portfolio,PageBidExperience,1789440583,7,0,0
9l3zlzfa,5,nqlqeq8n,190,portfolio,PageBidExperience,1789440586,7,0,0
9l3zlzfa,13,0i38ht6y,190,portfolio,PageBidExperience,1789440590,7,0,0
9l3zlzfa,9,pgjj4tqg,190,portfolio,PageBidExperience,1789440596,7,0,0
9l3zlzfa,12,yt1cbpza,190,portfolio,PageBidExperience,1789440600,7,0,0
9l3zlzfa,1,u4sl54xk,190,portfolio,PageBidExperience,1789440601,7,0,0
9l3zlzfa,4,ixl976y0,199,portfolio,Clearing,1789440602,7,0,1
9l3zlzfa,5,nqlqeq8n,199,portfolio,Clearing,1789440602,7,0,1
9l3zlzfa,1,u4sl54xk,199,portfolio,Clearing,1789440602,7,0,1
9l3zlzfa,2,q2jobopa,199,portfolio,Clearing,1789440602,7,0,1
9l3zlzfa,3,9xg7erl3,199,portfolio,Clearing,1789440602,7,0,1
9l3zlzfa,11,e8h7gvii,190,portfolio,PageBidExperience,1789440602,7,0,0
9l3zlzfa,11,e8h7gvii,199,portfolio,Clearing,1789440603,7,0,1
9l3zlzfa,12,yt1cbpza,199,portfolio,Clearing,1789440603,7,0,1
9l3zlzfa,13,0i38ht6y,199,portfolio,Clearing,1789440603,7,0,1
9l3zlzfa,14,xyqf41ao,199,portfolio,Clearing,1789440603,7,0,1
9l3zlzfa,15,g9pquzkd,199,portfolio,Clearing,1789440603,7,0,1
9l3zlzfa,10,z4s8evj8,190,portfolio,PageBidExperience,1789440609,7,0,0
9l3zlzfa,7,0yq0zebw,190,portfolio,PageBidExperience,1789440617,7,0,0
9l3zlzfa,6,d10dwe1h,199,portfolio,Clearing,1789440617,7,0,1
9l3zlzfa,7,0yq0zebw,199,portfolio,Clearing,1789440617,7,0,1
9l3zlzfa,8,7sfhy51b,199,portfolio,Clearing,1789440617,7,0,1
9l3zlzfa,9,pgjj4tqg,199,portfolio,Clearing,1789440617,7,0,1
9l3zlzfa,10,z4s8evj8,199,portfolio,Clearing,1789440617,7,0,1
9l3zlzfa,17,5fdw0rg1,190,portfolio,PageBidExperience,1789440621,7,0,0
9l3zlzfa,23,diqkyqqr,190,portfolio,PageBidExperience,1789440626,7,0,0
9l3zlzfa,19,9mimenbo,190,portfolio,PageBidExperience,1789440635,7,0,0
9l3zlzfa,16,7ww48hi4,199,portfolio,Clearing,1789440636,7,0,1
9l3zlzfa,17,5fdw0rg1,199,portfolio,Clearing,1789440636,7,0,1
9l3zlzfa,18,h7o9v437,199,portfolio,Clearing,1789440636,7,0,1
9l3zlzfa,19,9mimenbo,199,portfolio,Clearing,1789440636,7,0,1
9l3zlzfa,20,hn8non3y,199,portfolio,Clearing,1789440636,7,0,1
9l3zlzfa,21,x06ipo6j,190,portfolio,PageBidExperience,1789440735,7,0,0
9l3zlzfa,25,u3a33dgt,199,portfolio,Clearing,1789440735,7,0,1
9l3zlzfa,21,x06ipo6j,199,portfolio,Clearing,1789440735,7,0,1
9l3zlzfa,22,n9iynxtq,199,portfolio,Clearing,1789440735,7,0,1
9l3zlzfa,23,diqkyqqr,199,portfolio,Clearing,1789440735,7,0,1
9l3zlzfa,24,hi0vl1bf,199,portfolio,Clearing,1789440735,7,0,1
9l3zlzfa,4,ixl976y0,200,portfolio,SyncMarketRound,1789440736,7,0,1
9l3zlzfa,5,nqlqeq8n,200,portfolio,SyncMarketRound,1789440736,7,0,1
9l3zlzfa,25,u3a33dgt,200,portfolio,SyncMarketRound,1789440736,7,0,1
9l3zlzfa,16,7ww48hi4,200,portfolio,SyncMarketRound,1789440736,7,0,1
9l3zlzfa,21,x06ipo6j,200,portfolio,SyncMarketRound,1789440736,7,0,1
9l3zlzfa,11,e8h7gvii,200,portfolio,SyncMarketRound,1789440736,7,0,1
9l3zlzfa,22,n9iynxtq,200,portfolio,SyncMarketRound,1789440736,7,0,1
9l3zlzfa,23,diqkyqqr,200,portfolio,SyncMarketRound,1789440736,7,0,1
9l3zlzfa,17,5fdw0rg1,200,portfolio,SyncMarketRound,1789440736,7,0,1
9l3zlzfa,12,yt1cbpza,200,portfolio,SyncMarketRound,1789440736,7,0,1
9l3zlzfa,6,d10dwe1h,200,portfolio,SyncMarketRound,1789440736,7,0,1
9l3zlzfa,13,0i38ht6y,200,portfolio,SyncMarketRound,1789440736,7,0,1
9l3zlzfa,7,0yq0zebw,200,portfolio,SyncMarketRound,1789440736,7,0,1
9l3zlzfa,18,h7o9v437,200,portfolio,SyncMarketRound,1789440736,7,0,1
9l3zlzfa,8,7sfhy51b,200,portfolio,SyncMarketRound,1789440736,7,0,1
9l3zlzfa,14,xyqf41ao,200,portfolio,SyncMarketRound,1789440736,7,0,1
9l3zlzfa,1,u4sl54xk,200,portfolio,SyncMarketRound,1789440736,7,0,1
9l3zlzfa,2,q2jobopa,200,portfolio,SyncMarketRound,1789440736,7,0,1
9l3zlzfa,3,9xg7erl3,200,portfolio,SyncMarketRound,1789440736,7,0,1
9l3zlzfa,15,g9pquzkd,200,portfolio,SyncMarketRound,1789440736,7,0,1
9l3zlzfa,9,pgjj4tqg,200,portfolio,SyncMarketRound,1789440736,7,0,1
9l3zlzfa,10,z4s8evj8,200,portfolio,SyncMarketRound,1789440736,7,0,1
9l3zlzfa,19,9mimenbo,200,portfolio,SyncMarketRound,1789440736,7,0,1
9l3zlzfa,20,hn8non3y,200,portfolio,SyncMarketRound,1789440736,7,0,1
9l3zlzfa,24,hi0vl1bf,200,portfolio,SyncMarketRound,1789440736,7,0,1
9l3zlzfa,18,h7o9v437,219,portfolio,PageBidExperience,1789440751,8,0,0
9l3zlzfa,22,n9iynxtq,219,portfolio,PageBidExperience,1789440755,8,0,0
9l3zlzfa,25,u3a33dgt,219,portfolio,PageBidExperience,1789440756,8,0,0
9l3zlzfa,2,q2jobopa,219,portfolio,PageBidExperience,1789440760,8,0,0
9l3zlzfa,20,hn8non3y,219,portfolio,PageBidExperience,1789440761,8,0,0
9l3zlzfa,24,hi0vl1bf,219,portfolio,PageBidExperience,1789440765,8,0,0
9l3zlzfa,16,7ww48hi4,219,portfolio,PageBidExperience,1789440766,8,0,0
9l3zlzfa,15,g9pquzkd,219,portfolio,PageBidExperience,1789440769,8,0,0
9l3zlzfa,6,d10dwe1h,219,portfolio,PageBidExperience,1789440770,8,0,0
9l3zlzfa,7,0yq0zebw,219,portfolio,PageBidExperience,1789440771,8,0,0
9l3zlzfa,10,z4s8evj8,219,portfolio,PageBidExperience,1789440771,8,0,0
9l3zlzfa,5,nqlqeq8n,219,portfolio,PageBidExperience,1789440777,8,0,0
9l3zlzfa,3,9xg7erl3,219,portfolio,PageBidExperience,1789440777,8,0,0
9l3zlzfa,13,0i38ht6y,219,portfolio,PageBidExperience,1789440778,8,0,0
9l3zlzfa,4,ixl976y0,219,portfolio,PageBidExperience,1789440783,8,0,0
9l3zlzfa,17,5fdw0rg1,219,portfolio,PageBidExperience,1789440786,8,0,0
9l3zlzfa,14,xyqf41ao,219,portfolio,PageBidExperience,1789440787,8,0,0
9l3zlzfa,8,7sfhy51b,219,portfolio,PageBidExperience,1789440788,8,0,0
9l3zlzfa,12,yt1cbpza,219,portfolio,PageBidExperience,1789440806,8,0,0
9l3zlzfa,9,pgjj4tqg,219,portfolio,PageBidExperience,1789440811,8,0,0
9l3zlzfa,1,u4sl54xk,219,portfolio,PageBidExperience,1789440811,8,0,0
9l3zlzfa,6,d10dwe1h,228,portfolio,Clearing,1789440811,8,0,1
9l3zlzfa,7,0yq0zebw,228,portfolio,Clearing,1789440811,8,0,1
9l3zlzfa,8,7sfhy51b,228,portfolio,Clearing,1789440811,8,0,1
9l3zlzfa,9,pgjj4tqg,228,portfolio,Clearing,1789440811,8,0,1
9l3zlzfa,10,z4s8evj8,228,portfolio,Clearing,1789440811,8,0,1
9l3zlzfa,1,u4sl54xk,228,portfolio,Clearing,1789440811,8,0,1
9l3zlzfa,2,q2jobopa,228,portfolio,Clearing,1789440811,8,0,1
9l3zlzfa,3,9xg7erl3,228,portfolio,Clearing,1789440811,8,0,1
9l3zlzfa,4,ixl976y0,228,portfolio,Clearing,1789440811,8,0,1
9l3zlzfa,5,nqlqeq8n,228,portfolio,Clearing,1789440811,8,0,1
9l3zlzfa,11,e8h7gvii,219,portfolio,PageBidExperience,1789440821,8,0,0
9l3zlzfa,12,yt1cbpza,228,portfolio,Clearing,1789440821,8,0,1
9l3zlzfa,13,0i38ht6y,228,portfolio,Clearing,1789440821,8,0,1
9l3zlzfa,14,xyqf41ao,228,portfolio,Clearing,1789440821,8,0,1
9l3zlzfa,15,g9pquzkd,228,portfolio,Clearing,1789440821,8,0,1
9l3zlzfa,11,e8h7gvii,228,portfolio,Clearing,1789440821,8,0,1
9l3zlzfa,23,diqkyqqr,219,portfolio,PageBidExperience,1789440828,8,0,0
9l3zlzfa,19,9mimenbo,219,portfolio,PageBidExperience,1789440849,8,0,0
9l3zlzfa,18,h7o9v437,228,portfolio,Clearing,1789440849,8,0,1
9l3zlzfa,17,5fdw0rg1,228,portfolio,Clearing,1789440849,8,0,1
9l3zlzfa,16,7ww48hi4,228,portfolio,Clearing,1789440849,8,0,1
9l3zlzfa,19,9mimenbo,228,portfolio,Clearing,1789440849,8,0,1
9l3zlzfa,20,hn8non3y,228,portfolio,Clearing,1789440849,8,0,1
9l3zlzfa,21,x06ipo6j,219,portfolio,PageBidExperience,1789440873,8,0,0
9l3zlzfa,25,u3a33dgt,228,portfolio,Clearing,1789440873,8,0,1
9l3zlzfa,21,x06ipo6j,228,portfolio,Clearing,1789440873,8,0,1
9l3zlzfa,22,n9iynxtq,228,portfolio,Clearing,1789440873,8,0,1
9l3zlzfa,23,diqkyqqr,228,portfolio,Clearing,1789440873,8,0,1
9l3zlzfa,24,hi0vl1bf,228,portfolio,Clearing,1789440873,8,0,1
9l3zlzfa,12,yt1cbpza,229,portfolio,SyncMarketRound,1789440874,8,0,1
9l3zlzfa,13,0i38ht6y,229,portfolio,SyncMarketRound,1789440874,8,0,1
9l3zlzfa,14,xyqf41ao,229,portfolio,SyncMarketRound,1789440874,8,0,1
9l3zlzfa,15,g9pquzkd,229,portfolio,SyncMarketRound,1789440874,8,0,1
9l3zlzfa,18,h7o9v437,229,portfolio,SyncMarketRound,1789440874,8,0,1
9l3zlzfa,25,u3a33dgt,229,portfolio,SyncMarketRound,1789440874,8,0,1
9l3zlzfa,1,u4sl54xk,229,portfolio,SyncMarketRound,1789440874,8,0,1
9l3zlzfa,2,q2jobopa,229,portfolio,SyncMarketRound,1789440874,8,0,1
9l3zlzfa,3,9xg7erl3,229,portfolio,SyncMarketRound,1789440874,8,0,1
9l3zlzfa,4,ixl976y0,229,portfolio,SyncMarketRound,1789440874,8,0,1
9l3zlzfa,6,d10dwe1h,229,portfolio,SyncMarketRound,1789440874,8,0,1
9l3zlzfa,7,0yq0zebw,229,portfolio,SyncMarketRound,1789440874,8,0,1
9l3zlzfa,8,7sfhy51b,229,portfolio,SyncMarketRound,1789440874,8,0,1
9l3zlzfa,9,pgjj4tqg,229,portfolio,SyncMarketRound,1789440874,8,0,1
9l3zlzfa,5,nqlqeq8n,229,portfolio,SyncMarketRound,1789440874,8,0,1
9l3zlzfa,21,x06ipo6j,229,portfolio,SyncMarketRound,1789440874,8,0,1
9l3zlzfa,22,n9iynxtq,229,portfolio,SyncMarketRound,1789440874,8,0,1
9l3zlzfa,17,5fdw0rg1,229,portfolio,SyncMarketRound,1789440874,8,0,1
9l3zlzfa,16,7ww48hi4,229,portfolio,SyncMarketRound,1789440874,8,0,1
9l3zlzfa,19,9mimenbo,229,portfolio,SyncMarketRound,1789440874,8,0,1
9l3zlzfa,10,z4s8evj8,229,portfolio,SyncMarketRound,1789440874,8,0,1
9l3zlzfa,11,e8h7gvii,229,portfolio,SyncMarketRound,1789440874,8,0,1
9l3zlzfa,20,hn8non3y,229,portfolio,SyncMarketRound,1789440874,8,0,1
9l3zlzfa,23,diqkyqqr,229,portfolio,SyncMarketRound,1789440874,8,0,1
9l3zlzfa,24,hi0vl1bf,229,portfolio,SyncMarketRound,1789440874,8,0,1
9l3zlzfa,18,h7o9v437,248,portfolio,PageBidExperience,1789440886,9,0,0
9l3zlzfa,20,hn8non3y,248,portfolio,PageBidExperience,1789440889,9,0,0
9l3zlzfa,25,u3a33dgt,248,portfolio,PageBidExperience,1789440897,9,0,0
9l3zlzfa,6,d10dwe1h,248,portfolio,PageBidExperience,1789440900,9,0,0
9l3zlzfa,13,0i38ht6y,248,portfolio,PageBidExperience,1789440901,9,0,0
9l3zlzfa,14,xyqf41ao,248,portfolio,PageBidExperience,1789440901,9,0,0
9l3zlzfa,24,hi0vl1bf,248,portfolio,PageBidExperience,1789440901,9,0,0
9l3zlzfa,10,z4s8evj8,248,portfolio,PageBidExperience,1789440904,9,0,0
9l3zlzfa,15,g9pquzkd,248,portfolio,PageBidExperience,1789440906,9,0,0
9l3zlzfa,22,n9iynxtq,248,portfolio,PageBidExperience,1789440906,9,0,0
9l3zlzfa,16,7ww48hi4,248,portfolio,PageBidExperience,1789440910,9,0,0
9l3zlzfa,8,7sfhy51b,248,portfolio,PageBidExperience,1789440914,9,0,0
9l3zlzfa,12,yt1cbpza,248,portfolio,PageBidExperience,1789440915,9,0,0
9l3zlzfa,7,0yq0zebw,248,portfolio,PageBidExperience,1789440916,9,0,0
9l3zlzfa,2,q2jobopa,248,portfolio,PageBidExperience,1789440917,9,0,0
9l3zlzfa,23,diqkyqqr,248,portfolio,PageBidExperience,1789440921,9,0,0
9l3zlzfa,5,nqlqeq8n,248,portfolio,PageBidExperience,1789440928,9,0,0
9l3zlzfa,4,ixl976y0,248,portfolio,PageBidExperience,1789440950,9,0,0
9l3zlzfa,1,u4sl54xk,248,portfolio,PageBidExperience,1789440952,9,0,0
9l3zlzfa,3,9xg7erl3,248,portfolio,PageBidExperience,1789440958,9,0,0
9l3zlzfa,5,nqlqeq8n,257,portfolio,Clearing,1789440958,9,0,1
9l3zlzfa,1,u4sl54xk,257,portfolio,Clearing,1789440958,9,0,1
9l3zlzfa,2,q2jobopa,257,portfolio,Clearing,1789440958,9,0,1
9l3zlzfa,3,9xg7erl3,257,portfolio,Clearing,1789440958,9,0,1
9l3zlzfa,4,ixl976y0,257,portfolio,Clearing,1789440958,9,0,1
9l3zlzfa,9,pgjj4tqg,248,portfolio,PageBidExperience,1789440970,9,0,0
9l3zlzfa,6,d10dwe1h,257,portfolio,Clearing,1789440971,9,0,1
9l3zlzfa,7,0yq0zebw,257,portfolio,Clearing,1789440971,9,0,1
9l3zlzfa,8,7sfhy51b,257,portfolio,Clearing,1789440971,9,0,1
9l3zlzfa,9,pgjj4tqg,257,portfolio,Clearing,1789440971,9,0,1
9l3zlzfa,10,z4s8evj8,257,portfolio,Clearing,1789440971,9,0,1
9l3zlzfa,17,5fdw0rg1,248,portfolio,PageBidExperience,1789440972,9,0,0
9l3zlzfa,11,e8h7gvii,248,portfolio,PageBidExperience,1789440976,9,0,0
9l3zlzfa,13,0i38ht6y,257,portfolio,Clearing,1789440976,9,0,1
9l3zlzfa,11,e8h7gvii,257,portfolio,Clearing,1789440976,9,0,1
9l3zlzfa,12,yt1cbpza,257,portfolio,Clearing,1789440976,9,0,1
9l3zlzfa,14,xyqf41ao,257,portfolio,Clearing,1789440976,9,0,1
9l3zlzfa,15,g9pquzkd,257,portfolio,Clearing,1789440976,9,0,1
9l3zlzfa,19,9mimenbo,248,portfolio,PageBidExperience,1789441001,9,0,0
9l3zlzfa,18,h7o9v437,257,portfolio,Clearing,1789441002,9,0,1
9l3zlzfa,16,7ww48hi4,257,portfolio,Clearing,1789441002,9,0,1
9l3zlzfa,17,5fdw0rg1,257,portfolio,Clearing,1789441002,9,0,1
9l3zlzfa,19,9mimenbo,257,portfolio,Clearing,1789441002,9,0,1
9l3zlzfa,20,hn8non3y,257,portfolio,Clearing,1789441002,9,0,1
9l3zlzfa,21,x06ipo6j,248,portfolio,PageBidExperience,1789441057,9,0,0
9l3zlzfa,21,x06ipo6j,257,portfolio,Clearing,1789441058,9,0,1
9l3zlzfa,22,n9iynxtq,257,portfolio,Clearing,1789441058,9,0,1
9l3zlzfa,23,diqkyqqr,257,portfolio,Clearing,1789441058,9,0,1
9l3zlzfa,24,hi0vl1bf,257,portfolio,Clearing,1789441058,9,0,1
9l3zlzfa,25,u3a33dgt,257,portfolio,Clearing,1789441058,9,0,1
9l3zlzfa,5,nqlqeq8n,258,portfolio,SyncMarketRound,1789441059,9,0,1
9l3zlzfa,18,h7o9v437,258,portfolio,SyncMarketRound,1789441059,9,0,1
9l3zlzfa,21,x06ipo6j,258,portfolio,SyncMarketRound,1789441059,9,0,1
9l3zlzfa,22,n9iynxtq,258,portfolio,SyncMarketRound,1789441059,9,0,1
9l3zlzfa,13,0i38ht6y,258,portfolio,SyncMarketRound,1789441059,9,0,1
9l3zlzfa,23,diqkyqqr,258,portfolio,SyncMarketRound,1789441059,9,0,1
9l3zlzfa,16,7ww48hi4,258,portfolio,SyncMarketRound,1789441059,9,0,1
9l3zlzfa,17,5fdw0rg1,258,portfolio,SyncMarketRound,1789441059,9,0,1
9l3zlzfa,24,hi0vl1bf,258,portfolio,SyncMarketRound,1789441059,9,0,1
9l3zlzfa,11,e8h7gvii,258,portfolio,SyncMarketRound,1789441059,9,0,1
9l3zlzfa,19,9mimenbo,258,portfolio,SyncMarketRound,1789441059,9,0,1
9l3zlzfa,12,yt1cbpza,258,portfolio,SyncMarketRound,1789441059,9,0,1
9l3zlzfa,14,xyqf41ao,258,portfolio,SyncMarketRound,1789441059,9,0,1
9l3zlzfa,6,d10dwe1h,258,portfolio,SyncMarketRound,1789441059,9,0,1
9l3zlzfa,7,0yq0zebw,258,portfolio,SyncMarketRound,1789441059,9,0,1
9l3zlzfa,8,7sfhy51b,258,portfolio,SyncMarketRound,1789441059,9,0,1
9l3zlzfa,9,pgjj4tqg,258,portfolio,SyncMarketRound,1789441059,9,0,1
9l3zlzfa,1,u4sl54xk,258,portfolio,SyncMarketRound,1789441059,9,0,1
9l3zlzfa,2,q2jobopa,258,portfolio,SyncMarketRound,1789441059,9,0,1
9l3zlzfa,3,9xg7erl3,258,portfolio,SyncMarketRound,1789441059,9,0,1
9l3zlzfa,4,ixl976y0,258,portfolio,SyncMarketRound,1789441059,9,0,1
9l3zlzfa,10,z4s8evj8,258,portfolio,SyncMarketRound,1789441059,9,0,1
9l3zlzfa,15,g9pquzkd,258,portfolio,SyncMarketRound,1789441059,9,0,1
9l3zlzfa,20,hn8non3y,258,portfolio,SyncMarketRound,1789441059,9,0,1
9l3zlzfa,25,u3a33dgt,258,portfolio,SyncMarketRound,1789441059,9,0,1
9l3zlzfa,25,u3a33dgt,277,portfolio,PageBidExperience,1789441070,10,0,0
9l3zlzfa,20,hn8non3y,277,portfolio,PageBidExperience,1789441073,10,0,0
9l3zlzfa,22,n9iynxtq,277,portfolio,PageBidExperience,1789441076,10,0,0
9l3zlzfa,3,9xg7erl3,277,portfolio,PageBidExperience,1789441077,10,0,0
9l3zlzfa,6,d10dwe1h,277,portfolio,PageBidExperience,1789441077,10,0,0
9l3zlzfa,14,xyqf41ao,277,portfolio,PageBidExperience,1789441077,10,0,0
9l3zlzfa,10,z4s8evj8,277,portfolio,PageBidExperience,1789441080,10,0,0
9l3zlzfa,4,ixl976y0,277,portfolio,PageBidExperience,1789441082,10,0,0
9l3zlzfa,24,hi0vl1bf,277,portfolio,PageBidExperience,1789441086,10,0,0
9l3zlzfa,11,e8h7gvii,277,portfolio,PageBidExperience,1789441088,10,0,0
9l3zlzfa,15,g9pquzkd,277,portfolio,PageBidExperience,1789441089,10,0,0
9l3zlzfa,8,7sfhy51b,277,portfolio,PageBidExperience,1789441092,10,0,0
9l3zlzfa,17,5fdw0rg1,277,portfolio,PageBidExperience,1789441095,10,0,0
9l3zlzfa,5,nqlqeq8n,277,portfolio,PageBidExperience,1789441097,10,0,0
9l3zlzfa,16,7ww48hi4,277,portfolio,PageBidExperience,1789441099,10,0,0
9l3zlzfa,2,q2jobopa,277,portfolio,PageBidExperience,1789441099,10,0,0
9l3zlzfa,12,yt1cbpza,277,portfolio,PageBidExperience,1789441103,10,0,0
9l3zlzfa,9,pgjj4tqg,277,portfolio,PageBidExperience,1789441104,10,0,0
9l3zlzfa,7,0yq0zebw,277,portfolio,PageBidExperience,1789441105,10,0,0
9l3zlzfa,8,7sfhy51b,286,portfolio,Clearing,1789441105,10,0,1
9l3zlzfa,9,pgjj4tqg,286,portfolio,Clearing,1789441105,10,0,1
9l3zlzfa,10,z4s8evj8,286,portfolio,Clearing,1789441105,10,0,1
9l3zlzfa,6,d10dwe1h,286,portfolio,Clearing,1789441105,10,0,1
9l3zlzfa,7,0yq0zebw,286,portfolio,Clearing,1789441105,10,0,1
9l3zlzfa,18,h7o9v437,277,portfolio,PageBidExperience,1789441108,10,0,0
9l3zlzfa,13,0i38ht6y,277,portfolio,PageBidExperience,1789441109,10,0,0
9l3zlzfa,15,g9pquzkd,286,portfolio,Clearing,1789441109,10,0,1
9l3zlzfa,14,xyqf41ao,286,portfolio,Clearing,1789441109,10,0,1
9l3zlzfa,11,e8h7gvii,286,portfolio,Clearing,1789441109,10,0,1
9l3zlzfa,12,yt1cbpza,286,portfolio,Clearing,1789441109,10,0,1
9l3zlzfa,13,0i38ht6y,286,portfolio,Clearing,1789441109,10,0,1
9l3zlzfa,23,diqkyqqr,277,portfolio,PageBidExperience,1789441117,10,0,0
9l3zlzfa,1,u4sl54xk,277,portfolio,PageBidExperience,1789441157,10,0,0
9l3zlzfa,2,q2jobopa,286,portfolio,Clearing,1789441157,10,0,1
9l3zlzfa,1,u4sl54xk,286,portfolio,Clearing,1789441157,10,0,1
9l3zlzfa,3,9xg7erl3,286,portfolio,Clearing,1789441157,10,0,1
9l3zlzfa,4,ixl976y0,286,portfolio,Clearing,1789441157,10,0,1
9l3zlzfa,5,nqlqeq8n,286,portfolio,Clearing,1789441157,10,0,1
9l3zlzfa,21,x06ipo6j,277,portfolio,PageBidExperience,1789441185,10,0,0
9l3zlzfa,25,u3a33dgt,286,portfolio,Clearing,1789441186,10,0,1
9l3zlzfa,21,x06ipo6j,286,portfolio,Clearing,1789441186,10,0,1
9l3zlzfa,22,n9iynxtq,286,portfolio,Clearing,1789441186,10,0,1
9l3zlzfa,23,diqkyqqr,286,portfolio,Clearing,1789441186,10,0,1
9l3zlzfa,24,hi0vl1bf,286,portfolio,Clearing,1789441186,10,0,1
9l3zlzfa,19,9mimenbo,277,portfolio,PageBidExperience,1789441195,10,0,0
9l3zlzfa,17,5fdw0rg1,286,portfolio,Clearing,1789441195,10,0,1
9l3zlzfa,18,h7o9v437,286,portfolio,Clearing,1789441195,10,0,1
9l3zlzfa,19,9mimenbo,286,portfolio,Clearing,1789441195,10,0,1
9l3zlzfa,16,7ww48hi4,286,portfolio,Clearing,1789441195,10,0,1
9l3zlzfa,20,hn8non3y,286,portfolio,Clearing,1789441195,10,0,1
9l3zlzfa,8,7sfhy51b,287,portfolio,SyncMarketRound,1789441196,10,0,1
9l3zlzfa,9,pgjj4tqg,287,portfolio,SyncMarketRound,1789441196,10,0,1
9l3zlzfa,10,z4s8evj8,287,portfolio,SyncMarketRound,1789441196,10,0,1
9l3zlzfa,25,u3a33dgt,287,portfolio,SyncMarketRound,1789441196,10,0,1
9l3zlzfa,15,g9pquzkd,287,portfolio,SyncMarketRound,1789441196,10,0,1
9l3zlzfa,2,q2jobopa,287,portfolio,SyncMarketRound,1789441196,10,0,1
9l3zlzfa,6,d10dwe1h,287,portfolio,SyncMarketRound,1789441196,10,0,1
9l3zlzfa,1,u4sl54xk,287,portfolio,SyncMarketRound,1789441196,10,0,1
9l3zlzfa,3,9xg7erl3,287,portfolio,SyncMarketRound,1789441196,10,0,1
9l3zlzfa,4,ixl976y0,287,portfolio,SyncMarketRound,1789441196,10,0,1
9l3zlzfa,5,nqlqeq8n,287,portfolio,SyncMarketRound,1789441196,10,0,1
9l3zlzfa,14,xyqf41ao,287,portfolio,SyncMarketRound,1789441196,10,0,1
9l3zlzfa,17,5fdw0rg1,287,portfolio,SyncMarketRound,1789441196,10,0,1
9l3zlzfa,18,h7o9v437,287,portfolio,SyncMarketRound,1789441196,10,0,1
9l3zlzfa,19,9mimenbo,287,portfolio,SyncMarketRound,1789441196,10,0,1
9l3zlzfa,16,7ww48hi4,287,portfolio,SyncMarketRound,1789441196,10,0,1
9l3zlzfa,21,x06ipo6j,287,portfolio,SyncMarketRound,1789441196,10,0,1
9l3zlzfa,22,n9iynxtq,287,portfolio,SyncMarketRound,1789441196,10,0,1
9l3zlzfa,11,e8h7gvii,287,portfolio,SyncMarketRound,1789441196,10,0,1
9l3zlzfa,7,0yq0zebw,287,portfolio,SyncMarketRound,1789441196,10,0,1
9l3zlzfa,12,yt1cbpza,287,portfolio,SyncMarketRound,1789441196,10,0,1
9l3zlzfa,13,0i38ht6y,287,portfolio,SyncMarketRound,1789441196,10,0,1
9l3zlzfa,23,diqkyqqr,287,portfolio,SyncMarketRound,1789441196,10,0,1
9l3zlzfa,24,hi0vl1bf,287,portfolio,SyncMarketRound,1789441196,10,0,1
9l3zlzfa,20,hn8non3y,287,portfolio,SyncMarketRound,1789441196,10,0,1
9l3zlzfa,18,h7o9v437,288,portfolio,PageHistoryExperience,1789441201,10,0,0
9l3zlzfa,2,q2jobopa,288,portfolio,PageHistoryExperience,1789441202,10,0,0
9l3zlzfa,5,nqlqeq8n,288,portfolio,PageHistoryExperience,1789441203,10,0,0
9l3zlzfa,7,0yq0zebw,288,portfolio,PageHistoryExperience,1789441203,10,0,0
9l3zlzfa,22,n9iynxtq,288,portfolio,PageHistoryExperience,1789441204,10,0,0
9l3zlzfa,16,7ww48hi4,288,portfolio,PageHistoryExperience,1789441204,10,0,0
9l3zlzfa,18,h7o9v437,307,portfolio,InstructionsGender,1789441204,11,0,0
9l3zlzfa,13,0i38ht6y,288,portfolio,PageHistoryExperience,1789441205,10,0,0
9l3zlzfa,20,hn8non3y,288,portfolio,PageHistoryExperience,1789441205,10,0,0
9l3zlzfa,17,5fdw0rg1,288,portfolio,PageHistoryExperience,1789441206,10,0,0
9l3zlzfa,10,z4s8evj8,288,portfolio,PageHistoryExperience,1789441206,10,0,0
9l3zlzfa,7,0yq0zebw,307,portfolio,InstructionsGender,1789441206,11,0,0
9l3zlzfa,12,yt1cbpza,288,portfolio,PageHistoryExperience,1789441208,10,0,0
9l3zlzfa,25,u3a33dgt,288,portfolio,PageHistoryExperience,1789441208,10,0,0
9l3zlzfa,3,9xg7erl3,288,portfolio,PageHistoryExperience,1789441209,10,0,0
9l3zlzfa,24,hi0vl1bf,288,portfolio,PageHistoryExperience,1789441209,10,0,0
9l3zlzfa,18,h7o9v437,308,portfolio,Page2GenderExp,1789441209,11,0,0
9l3zlzfa,6,d10dwe1h,288,portfolio,PageHistoryExperience,1789441209,10,0,0
9l3zlzfa,10,z4s8evj8,307,portfolio,InstructionsGender,1789441210,11,0,0
9l3zlzfa,22,n9iynxtq,307,portfolio,InstructionsGender,1789441211,11,0,0
9l3zlzfa,15,g9pquzkd,288,portfolio,PageHistoryExperience,1789441211,10,0,0
9l3zlzfa,13,0i38ht6y,307,portfolio,InstructionsGender,1789441212,11,0,0
9l3zlzfa,14,xyqf41ao,288,portfolio,PageHistoryExperience,1789441212,10,0,0
9l3zlzfa,11,e8h7gvii,288,portfolio,PageHistoryExperience,1789441213,10,0,0
9l3zlzfa,3,9xg7erl3,307,portfolio,InstructionsGender,1789441214,11,0,0
9l3zlzfa,2,q2jobopa,307,portfolio,InstructionsGender,1789441214,11,0,0
9l3zlzfa,5,nqlqeq8n,307,portfolio,InstructionsGender,1789441215,11,0,0
9l3zlzfa,24,hi0vl1bf,307,portfolio,InstructionsGender,1789441216,11,0,0
9l3zlzfa,21,x06ipo6j,288,portfolio,PageHistoryExperience,1789441217,10,0,0
9l3zlzfa,23,diqkyqqr,288,portfolio,PageHistoryExperience,1789441217,10,0,0
9l3zlzfa,15,g9pquzkd,307,portfolio,InstructionsGender,1789441217,11,0,0
9l3zlzfa,17,5fdw0rg1,307,portfolio,InstructionsGender,1789441219,11,0,0
9l3zlzfa,4,ixl976y0,288,portfolio,PageHistoryExperience,1789441219,10,0,0
9l3zlzfa,25,u3a33dgt,307,portfolio,InstructionsGender,1789441221,11,0,0
9l3zlzfa,12,yt1cbpza,307,portfolio,InstructionsGender,1789441221,11,0,0
9l3zlzfa,2,q2jobopa,308,portfolio,Page2GenderExp,1789441222,11,0,0
9l3zlzfa,21,x06ipo6j,307,portfolio,InstructionsGender,1789441222,11,0,0
9l3zlzfa,8,7sfhy51b,288,portfolio,PageHistoryExperience,1789441223,10,0,0
9l3zlzfa,7,0yq0zebw,308,portfolio,Page2GenderExp,1789441223,11,0,0
9l3zlzfa,16,7ww48hi4,307,portfolio,InstructionsGender,1789441223,11,0,0
9l3zlzfa,3,9xg7erl3,308,portfolio,Page2GenderExp,1789441224,11,0,0
9l3zlzfa,11,e8h7gvii,307,portfolio,InstructionsGender,1789441225,11,0,0
9l3zlzfa,20,hn8non3y,307,portfolio,InstructionsGender,1789441225,11,0,0
9l3zlzfa,4,ixl976y0,307,portfolio,InstructionsGender,1789441225,11,0,0
9l3zlzfa,24,hi0vl1bf,308,portfolio,Page2GenderExp,1789441226,11,0,0
9l3zlzfa,22,n9iynxtq,308,portfolio,Page2GenderExp,1789441226,11,0,0
9l3zlzfa,17,5fdw0rg1,308,portfolio,Page2GenderExp,1789441227,11,0,0
9l3zlzfa,1,u4sl54xk,288,portfolio,PageHistoryExperience,1789441229,10,0,0
9l3zlzfa,23,diqkyqqr,307,portfolio,InstructionsGender,1789441231,11,0,0
9l3zlzfa,25,u3a33dgt,308,portfolio,Page2GenderExp,1789441232,11,0,0
9l3zlzfa,14,xyqf41ao,307,portfolio,InstructionsGender,1789441232,11,0,0
9l3zlzfa,5,nqlqeq8n,308,portfolio,Page2GenderExp,1789441232,11,0,0
9l3zlzfa,16,7ww48hi4,308,portfolio,Page2GenderExp,1789441233,11,0,0
9l3zlzfa,15,g9pquzkd,308,portfolio,Page2GenderExp,1789441233,11,0,0
9l3zlzfa,9,pgjj4tqg,288,portfolio,PageHistoryExperience,1789441233,10,0,0
9l3zlzfa,10,z4s8evj8,308,portfolio,Page2GenderExp,1789441240,11,0,0
9l3zlzfa,6,d10dwe1h,307,portfolio,InstructionsGender,1789441241,11,0,0
9l3zlzfa,19,9mimenbo,288,portfolio,PageHistoryExperience,1789441242,10,0,0
9l3zlzfa,9,pgjj4tqg,307,portfolio,InstructionsGender,1789441243,11,0,0
9l3zlzfa,8,7sfhy51b,307,portfolio,InstructionsGender,1789441245,11,0,0
9l3zlzfa,14,xyqf41ao,308,portfolio,Page2GenderExp,1789441249,11,0,0
9l3zlzfa,13,0i38ht6y,308,portfolio,Page2GenderExp,1789441250,11,0,0
9l3zlzfa,4,ixl976y0,308,portfolio,Page2GenderExp,1789441253,11,0,0
9l3zlzfa,23,diqkyqqr,308,portfolio,Page2GenderExp,1789441253,11,0,0
9l3zlzfa,8,7sfhy51b,308,portfolio,Page2GenderExp,1789441254,11,0,0
9l3zlzfa,1,u4sl54xk,307,portfolio,InstructionsGender,1789441259,11,0,0
9l3zlzfa,9,pgjj4tqg,308,portfolio,Page2GenderExp,1789441260,11,0,0
9l3zlzfa,11,e8h7gvii,308,portfolio,Page2GenderExp,1789441260,11,0,0
9l3zlzfa,19,9mimenbo,307,portfolio,InstructionsGender,1789441261,11,0,0
9l3zlzfa,6,d10dwe1h,308,portfolio,Page2GenderExp,1789441265,11,0,0
9l3zlzfa,19,9mimenbo,308,portfolio,Page2GenderExp,1789441269,11,0,0
9l3zlzfa,1,u4sl54xk,308,portfolio,Page2GenderExp,1789441274,11,0,0
9l3zlzfa,12,yt1cbpza,308,portfolio,Page2GenderExp,1789441277,11,0,0
9l3zlzfa,21,x06ipo6j,308,portfolio,Page2GenderExp,1789441281,11,0,0
9l3zlzfa,20,hn8non3y,308,portfolio,Page2GenderExp,1789441290,11,0,0
9l3zlzfa,18,h7o9v437,309,portfolio,SyncGenderAllocation,1789441290,11,0,1
9l3zlzfa,2,q2jobopa,309,portfolio,SyncGenderAllocation,1789441290,11,0,1
9l3zlzfa,7,0yq0zebw,309,portfolio,SyncGenderAllocation,1789441290,11,0,1
9l3zlzfa,3,9xg7erl3,309,portfolio,SyncGenderAllocation,1789441290,11,0,1
9l3zlzfa,24,hi0vl1bf,309,portfolio,SyncGenderAllocation,1789441290,11,0,1
9l3zlzfa,22,n9iynxtq,309,portfolio,SyncGenderAllocation,1789441290,11,0,1
9l3zlzfa,17,5fdw0rg1,309,portfolio,SyncGenderAllocation,1789441290,11,0,1
9l3zlzfa,25,u3a33dgt,309,portfolio,SyncGenderAllocation,1789441290,11,0,1
9l3zlzfa,5,nqlqeq8n,309,portfolio,SyncGenderAllocation,1789441290,11,0,1
9l3zlzfa,16,7ww48hi4,309,portfolio,SyncGenderAllocation,1789441290,11,0,1
9l3zlzfa,15,g9pquzkd,309,portfolio,SyncGenderAllocation,1789441290,11,0,1
9l3zlzfa,10,z4s8evj8,309,portfolio,SyncGenderAllocation,1789441290,11,0,1
9l3zlzfa,14,xyqf41ao,309,portfolio,SyncGenderAllocation,1789441290,11,0,1
9l3zlzfa,13,0i38ht6y,309,portfolio,SyncGenderAllocation,1789441290,11,0,1
9l3zlzfa,4,ixl976y0,309,portfolio,SyncGenderAllocation,1789441290,11,0,1
9l3zlzfa,23,diqkyqqr,309,portfolio,SyncGenderAllocation,1789441290,11,0,1
9l3zlzfa,8,7sfhy51b,309,portfolio,SyncGenderAllocation,1789441290,11,0,1
9l3zlzfa,9,pgjj4tqg,309,portfolio,SyncGenderAllocation,1789441290,11,0,1
9l3zlzfa,11,e8h7gvii,309,portfolio,SyncGenderAllocation,1789441290,11,0,1
9l3zlzfa,6,d10dwe1h,309,portfolio,SyncGenderAllocation,1789441290,11,0,1
9l3zlzfa,19,9mimenbo,309,portfolio,SyncGenderAllocation,1789441290,11,0,1
9l3zlzfa,1,u4sl54xk,309,portfolio,SyncGenderAllocation,1789441290,11,0,1
9l3zlzfa,12,yt1cbpza,309,portfolio,SyncGenderAllocation,1789441290,11,0,1
9l3zlzfa,21,x06ipo6j,309,portfolio,SyncGenderAllocation,1789441290,11,0,1
9l3zlzfa,20,hn8non3y,309,portfolio,SyncGenderAllocation,1789441290,11,0,1
9l3zlzfa,2,q2jobopa,310,portfolio,PageBeliefElicitation,1789441309,11,0,0
9l3zlzfa,17,5fdw0rg1,310,portfolio,PageBeliefElicitation,1789441318,11,0,0
9l3zlzfa,24,hi0vl1bf,310,portfolio,PageBeliefElicitation,1789441322,11,0,0
9l3zlzfa,16,7ww48hi4,310,portfolio,PageBeliefElicitation,1789441322,11,0,0
9l3zlzfa,2,q2jobopa,311,portfolio,PageOtherBeliefElicitation,1789441324,11,0,0
9l3zlzfa,20,hn8non3y,310,portfolio,PageBeliefElicitation,1789441326,11,0,0
9l3zlzfa,2,q2jobopa,312,portfolio,TradingRulesGender,1789441328,11,0,0
9l3zlzfa,5,nqlqeq8n,310,portfolio,PageBeliefElicitation,1789441329,11,0,0
9l3zlzfa,17,5fdw0rg1,311,portfolio,PageOtherBeliefElicitation,1789441332,11,0,0
9l3zlzfa,25,u3a33dgt,310,portfolio,PageBeliefElicitation,1789441332,11,0,0
9l3zlzfa,16,7ww48hi4,311,portfolio,PageOtherBeliefElicitation,1789441336,11,0,0
9l3zlzfa,11,e8h7gvii,310,portfolio,PageBeliefElicitation,1789441337,11,0,0
9l3zlzfa,14,xyqf41ao,310,portfolio,PageBeliefElicitation,1789441339,11,0,0
9l3zlzfa,8,7sfhy51b,310,portfolio,PageBeliefElicitation,1789441339,11,0,0
9l3zlzfa,6,d10dwe1h,310,portfolio,PageBeliefElicitation,1789441339,11,0,0
9l3zlzfa,10,z4s8evj8,310,portfolio,PageBeliefElicitation,1789441339,11,0,0
9l3zlzfa,24,hi0vl1bf,311,portfolio,PageOtherBeliefElicitation,1789441339,11,0,0
9l3zlzfa,19,9mimenbo,310,portfolio,PageBeliefElicitation,1789441340,11,0,0
9l3zlzfa,20,hn8non3y,311,portfolio,PageOtherBeliefElicitation,1789441342,11,0,0
9l3zlzfa,16,7ww48hi4,312,portfolio,TradingRulesGender,1789441342,11,0,0
9l3zlzfa,24,hi0vl1bf,312,portfolio,TradingRulesGender,1789441343,11,0,0
9l3zlzfa,22,n9iynxtq,310,portfolio,PageBeliefElicitation,1789441344,11,0,0
9l3zlzfa,20,hn8non3y,312,portfolio,TradingRulesGender,1789441346,11,0,0
9l3zlzfa,12,yt1cbpza,310,portfolio,PageBeliefElicitation,1789441350,11,0,0
9l3zlzfa,1,u4sl54xk,310,portfolio,PageBeliefElicitation,1789441355,11,0,0
9l3zlzfa,18,h7o9v437,310,portfolio,PageBeliefElicitation,1789441357,11,0,0
9l3zlzfa,22,n9iynxtq,311,portfolio,PageOtherBeliefElicitation,1789441358,11,0,0
9l3zlzfa,19,9mimenbo,311,portfolio,PageOtherBeliefElicitation,1789441360,11,0,0
9l3zlzfa,5,nqlqeq8n,311,portfolio,PageOtherBeliefElicitation,1789441360,11,0,0
9l3zlzfa,22,n9iynxtq,312,portfolio,TradingRulesGender,1789441363,11,0,0
9l3zlzfa,7,0yq0zebw,310,portfolio,PageBeliefElicitation,1789441364,11,0,0
9l3zlzfa,17,5fdw0rg1,312,portfolio,TradingRulesGender,1789441364,11,0,0
9l3zlzfa,3,9xg7erl3,310,portfolio,PageBeliefElicitation,1789441365,11,0,0
9l3zlzfa,10,z4s8evj8,311,portfolio,PageOtherBeliefElicitation,1789441365,11,0,0
9l3zlzfa,5,nqlqeq8n,312,portfolio,TradingRulesGender,1789441366,11,0,0
9l3zlzfa,15,g9pquzkd,310,portfolio,PageBeliefElicitation,1789441370,11,0,0
9l3zlzfa,25,u3a33dgt,311,portfolio,PageOtherBeliefElicitation,1789441371,11,0,0
9l3zlzfa,12,yt1cbpza,311,portfolio,PageOtherBeliefElicitation,1789441371,11,0,0
9l3zlzfa,10,z4s8evj8,312,portfolio,TradingRulesGender,1789441371,11,0,0
9l3zlzfa,11,e8h7gvii,311,portfolio,PageOtherBeliefElicitation,1789441372,11,0,0
9l3zlzfa,6,d10dwe1h,311,portfolio,PageOtherBeliefElicitation,1789441373,11,0,0
9l3zlzfa,12,yt1cbpza,312,portfolio,TradingRulesGender,1789441373,11,0,0
9l3zlzfa,1,u4sl54xk,311,portfolio,PageOtherBeliefElicitation,1789441374,11,0,0
9l3zlzfa,19,9mimenbo,312,portfolio,TradingRulesGender,1789441375,11,0,0
9l3zlzfa,18,h7o9v437,311,portfolio,PageOtherBeliefElicitation,1789441376,11,0,0
9l3zlzfa,25,u3a33dgt,312,portfolio,TradingRulesGender,1789441377,11,0,0
9l3zlzfa,1,u4sl54xk,312,portfolio,TradingRulesGender,1789441378,11,0,0
9l3zlzfa,8,7sfhy51b,311,portfolio,PageOtherBeliefElicitation,1789441378,11,0,0
9l3zlzfa,14,xyqf41ao,311,portfolio,PageOtherBeliefElicitation,1789441379,11,0,0
9l3zlzfa,18,h7o9v437,312,portfolio,TradingRulesGender,1789441379,11,0,0
9l3zlzfa,11,e8h7gvii,312,portfolio,TradingRulesGender,1789441380,11,0,0
9l3zlzfa,7,0yq0zebw,311,portfolio,PageOtherBeliefElicitation,1789441382,11,0,0
9l3zlzfa,14,xyqf41ao,312,portfolio,TradingRulesGender,1789441383,11,0,0
9l3zlzfa,7,0yq0zebw,312,portfolio,TradingRulesGender,1789441385,11,0,0
9l3zlzfa,13,0i38ht6y,310,portfolio,PageBeliefElicitation,1789441388,11,0,0
9l3zlzfa,21,x06ipo6j,310,portfolio,PageBeliefElicitation,1789441390,11,0,0
9l3zlzfa,8,7sfhy51b,312,portfolio,TradingRulesGender,1789441391,11,0,0
9l3zlzfa,23,diqkyqqr,310,portfolio,PageBeliefElicitation,1789441393,11,0,0
9l3zlzfa,3,9xg7erl3,311,portfolio,PageOtherBeliefElicitation,1789441394,11,0,0
9l3zlzfa,3,9xg7erl3,312,portfolio,TradingRulesGender,1789441399,11,0,0
9l3zlzfa,4,ixl976y0,310,portfolio,PageBeliefElicitation,1789441401,11,0,0
9l3zlzfa,6,d10dwe1h,312,portfolio,TradingRulesGender,1789441407,11,0,0
9l3zlzfa,23,diqkyqqr,311,portfolio,PageOtherBeliefElicitation,1789441410,11,0,0
9l3zlzfa,15,g9pquzkd,311,portfolio,PageOtherBeliefElicitation,1789441414,11,0,0
9l3zlzfa,15,g9pquzkd,312,portfolio,TradingRulesGender,1789441418,11,0,0
9l3zlzfa,21,x06ipo6j,311,portfolio,PageOtherBeliefElicitation,1789441427,11,0,0
9l3zlzfa,21,x06ipo6j,312,portfolio,TradingRulesGender,1789441431,11,0,0
9l3zlzfa,4,ixl976y0,311,portfolio,PageOtherBeliefElicitation,1789441439,11,0,0
9l3zlzfa,9,pgjj4tqg,310,portfolio,PageBeliefElicitation,1789441441,11,0,0
9l3zlzfa,13,0i38ht6y,311,portfolio,PageOtherBeliefElicitation,1789441443,11,0,0
9l3zlzfa,4,ixl976y0,312,portfolio,TradingRulesGender,1789441447,11,0,0
9l3zlzfa,13,0i38ht6y,312,portfolio,TradingRulesGender,1789441449,11,0,0
9l3zlzfa,9,pgjj4tqg,311,portfolio,PageOtherBeliefElicitation,1789441460,11,0,0
9l3zlzfa,23,diqkyqqr,312,portfolio,TradingRulesGender,1789441481,11,0,0
9l3zlzfa,9,pgjj4tqg,312,portfolio,TradingRulesGender,1789441488,11,0,0
9l3zlzfa,10,z4s8evj8,313,portfolio,SyncGenderTradingRules,1789441488,11,0,1
9l3zlzfa,1,u4sl54xk,313,portfolio,SyncGenderTradingRules,1789441488,11,0,1
9l3zlzfa,7,0yq0zebw,313,portfolio,SyncGenderTradingRules,1789441488,11,0,1
9l3zlzfa,4,ixl976y0,313,portfolio,SyncGenderTradingRules,1789441488,11,0,1
9l3zlzfa,22,n9iynxtq,313,portfolio,SyncGenderTradingRules,1789441488,11,0,1
9l3zlzfa,12,yt1cbpza,313,portfolio,SyncGenderTradingRules,1789441488,11,0,1
9l3zlzfa,21,x06ipo6j,313,portfolio,SyncGenderTradingRules,1789441488,11,0,1
9l3zlzfa,6,d10dwe1h,313,portfolio,SyncGenderTradingRules,1789441488,11,0,1
9l3zlzfa,11,e8h7gvii,313,portfolio,SyncGenderTradingRules,1789441488,11,0,1
9l3zlzfa,5,nqlqeq8n,313,portfolio,SyncGenderTradingRules,1789441488,11,0,1
9l3zlzfa,16,7ww48hi4,313,portfolio,SyncGenderTradingRules,1789441488,11,0,1
9l3zlzfa,17,5fdw0rg1,313,portfolio,SyncGenderTradingRules,1789441488,11,0,1
9l3zlzfa,2,q2jobopa,313,portfolio,SyncGenderTradingRules,1789441488,11,0,1
9l3zlzfa,25,u3a33dgt,313,portfolio,SyncGenderTradingRules,1789441488,11,0,1
9l3zlzfa,24,hi0vl1bf,313,portfolio,SyncGenderTradingRules,1789441488,11,0,1
9l3zlzfa,14,xyqf41ao,313,portfolio,SyncGenderTradingRules,1789441488,11,0,1
9l3zlzfa,13,0i38ht6y,313,portfolio,SyncGenderTradingRules,1789441488,11,0,1
9l3zlzfa,23,diqkyqqr,313,portfolio,SyncGenderTradingRules,1789441488,11,0,1
9l3zlzfa,3,9xg7erl3,313,portfolio,SyncGenderTradingRules,1789441488,11,0,1
9l3zlzfa,18,h7o9v437,313,portfolio,SyncGenderTradingRules,1789441488,11,0,1
9l3zlzfa,9,pgjj4tqg,313,portfolio,SyncGenderTradingRules,1789441488,11,0,1
9l3zlzfa,8,7sfhy51b,313,portfolio,SyncGenderTradingRules,1789441488,11,0,1
9l3zlzfa,20,hn8non3y,313,portfolio,SyncGenderTradingRules,1789441488,11,0,1
9l3zlzfa,15,g9pquzkd,313,portfolio,SyncGenderTradingRules,1789441488,11,0,1
9l3zlzfa,19,9mimenbo,313,portfolio,SyncGenderTradingRules,1789441488,11,0,1
9l3zlzfa,8,7sfhy51b,314,portfolio,PageBidGenderExp,1789441499,11,0,0
9l3zlzfa,18,h7o9v437,314,portfolio,PageBidGenderExp,1789441500,11,0,0
9l3zlzfa,2,q2jobopa,314,portfolio,PageBidGenderExp,1789441501,11,0,0
9l3zlzfa,16,7ww48hi4,314,portfolio,PageBidGenderExp,1789441502,11,0,0
9l3zlzfa,14,xyqf41ao,314,portfolio,PageBidGenderExp,1789441503,11,0,0
9l3zlzfa,19,9mimenbo,314,portfolio,PageBidGenderExp,1789441504,11,0,0
9l3zlzfa,3,9xg7erl3,314,portfolio,PageBidGenderExp,1789441505,11,0,0
9l3zlzfa,9,pgjj4tqg,314,portfolio,PageBidGenderExp,1789441507,11,0,0
9l3zlzfa,24,hi0vl1bf,314,portfolio,PageBidGenderExp,1789441508,11,0,0
9l3zlzfa,15,g9pquzkd,314,portfolio,PageBidGenderExp,1789441508,11,0,0
9l3zlzfa,5,nqlqeq8n,314,portfolio,PageBidGenderExp,1789441508,11,0,0
9l3zlzfa,25,u3a33dgt,314,portfolio,PageBidGenderExp,1789441508,11,0,0
9l3zlzfa,12,yt1cbpza,314,portfolio,PageBidGenderExp,1789441509,11,0,0
9l3zlzfa,7,0yq0zebw,314,portfolio,PageBidGenderExp,1789441511,11,0,0
9l3zlzfa,6,d10dwe1h,314,portfolio,PageBidGenderExp,1789441511,11,0,0
9l3zlzfa,17,5fdw0rg1,314,portfolio,PageBidGenderExp,1789441512,11,0,0
9l3zlzfa,4,ixl976y0,314,portfolio,PageBidGenderExp,1789441513,11,0,0
9l3zlzfa,23,diqkyqqr,314,portfolio,PageBidGenderExp,1789441513,11,0,0
9l3zlzfa,22,n9iynxtq,314,portfolio,PageBidGenderExp,1789441515,11,0,0
9l3zlzfa,10,z4s8evj8,314,portfolio,PageBidGenderExp,1789441527,11,0,0
9l3zlzfa,10,z4s8evj8,315,portfolio,Clearing,1789441527,11,0,1
9l3zlzfa,7,0yq0zebw,315,portfolio,Clearing,1789441527,11,0,1
9l3zlzfa,8,7sfhy51b,315,portfolio,Clearing,1789441527,11,0,1
9l3zlzfa,6,d10dwe1h,315,portfolio,Clearing,1789441527,11,0,1
9l3zlzfa,9,pgjj4tqg,315,portfolio,Clearing,1789441527,11,0,1
9l3zlzfa,11,e8h7gvii,314,portfolio,PageBidGenderExp,1789441536,11,0,0
9l3zlzfa,20,hn8non3y,314,portfolio,PageBidGenderExp,1789441536,11,0,0
9l3zlzfa,17,5fdw0rg1,315,portfolio,Clearing,1789441536,11,0,1
9l3zlzfa,16,7ww48hi4,315,portfolio,Clearing,1789441536,11,0,1
9l3zlzfa,18,h7o9v437,315,portfolio,Clearing,1789441536,11,0,1
9l3zlzfa,19,9mimenbo,315,portfolio,Clearing,1789441536,11,0,1
9l3zlzfa,20,hn8non3y,315,portfolio,Clearing,1789441536,11,0,1
9l3zlzfa,21,x06ipo6j,314,portfolio,PageBidGenderExp,1789441539,11,0,0
9l3zlzfa,22,n9iynxtq,315,portfolio,Clearing,1789441540,11,0,1
9l3zlzfa,21,x06ipo6j,315,portfolio,Clearing,1789441540,11,0,1
9l3zlzfa,23,diqkyqqr,315,portfolio,Clearing,1789441540,11,0,1
9l3zlzfa,24,hi0vl1bf,315,portfolio,Clearing,1789441540,11,0,1
9l3zlzfa,25,u3a33dgt,315,portfolio,Clearing,1789441540,11,0,1
9l3zlzfa,13,0i38ht6y,314,portfolio,PageBidGenderExp,1789441540,11,0,0
9l3zlzfa,11,e8h7gvii,315,portfolio,Clearing,1789441540,11,0,1
9l3zlzfa,13,0i38ht6y,315,portfolio,Clearing,1789441540,11,0,1
9l3zlzfa,14,xyqf41ao,315,portfolio,Clearing,1789441540,11,0,1
9l3zlzfa,12,yt1cbpza,315,portfolio,Clearing,1789441540,11,0,1
9l3zlzfa,15,g9pquzkd,315,portfolio,Clearing,1789441540,11,0,1
9l3zlzfa,1,u4sl54xk,314,portfolio,PageBidGenderExp,1789441582,11,0,0
9l3zlzfa,1,u4sl54xk,315,portfolio,Clearing,1789441582,11,0,1
9l3zlzfa,4,ixl976y0,315,portfolio,Clearing,1789441582,11,0,1
9l3zlzfa,2,q2jobopa,315,portfolio,Clearing,1789441582,11,0,1
9l3zlzfa,3,9xg7erl3,315,portfolio,Clearing,1789441582,11,0,1
9l3zlzfa,5,nqlqeq8n,315,portfolio,Clearing,1789441582,11,0,1
9l3zlzfa,10,z4s8evj8,316,portfolio,SyncMarketRound,1789441583,11,0,1
9l3zlzfa,1,u4sl54xk,316,portfolio,SyncMarketRound,1789441583,11,0,1
9l3zlzfa,17,5fdw0rg1,316,portfolio,SyncMarketRound,1789441583,11,0,1
9l3zlzfa,7,0yq0zebw,316,portfolio,SyncMarketRound,1789441583,11,0,1
9l3zlzfa,8,7sfhy51b,316,portfolio,SyncMarketRound,1789441583,11,0,1
9l3zlzfa,4,ixl976y0,316,portfolio,SyncMarketRound,1789441583,11,0,1
9l3zlzfa,6,d10dwe1h,316,portfolio,SyncMarketRound,1789441583,11,0,1
9l3zlzfa,2,q2jobopa,316,portfolio,SyncMarketRound,1789441583,11,0,1
9l3zlzfa,3,9xg7erl3,316,portfolio,SyncMarketRound,1789441583,11,0,1
9l3zlzfa,22,n9iynxtq,316,portfolio,SyncMarketRound,1789441583,11,0,1
9l3zlzfa,11,e8h7gvii,316,portfolio,SyncMarketRound,1789441583,11,0,1
9l3zlzfa,16,7ww48hi4,316,portfolio,SyncMarketRound,1789441583,11,0,1
9l3zlzfa,13,0i38ht6y,316,portfolio,SyncMarketRound,1789441583,11,0,1
9l3zlzfa,5,nqlqeq8n,316,portfolio,SyncMarketRound,1789441583,11,0,1
9l3zlzfa,14,xyqf41ao,316,portfolio,SyncMarketRound,1789441583,11,0,1
9l3zlzfa,21,x06ipo6j,316,portfolio,SyncMarketRound,1789441583,11,0,1
9l3zlzfa,12,yt1cbpza,316,portfolio,SyncMarketRound,1789441583,11,0,1
9l3zlzfa,23,diqkyqqr,316,portfolio,SyncMarketRound,1789441583,11,0,1
9l3zlzfa,15,g9pquzkd,316,portfolio,SyncMarketRound,1789441583,11,0,1
9l3zlzfa,18,h7o9v437,316,portfolio,SyncMarketRound,1789441583,11,0,1
9l3zlzfa,19,9mimenbo,316,portfolio,SyncMarketRound,1789441583,11,0,1
9l3zlzfa,24,hi0vl1bf,316,portfolio,SyncMarketRound,1789441583,11,0,1
9l3zlzfa,9,pgjj4tqg,316,portfolio,SyncMarketRound,1789441583,11,0,1
9l3zlzfa,20,hn8non3y,316,portfolio,SyncMarketRound,1789441583,11,0,1
9l3zlzfa,25,u3a33dgt,316,portfolio,SyncMarketRound,1789441583,11,0,1
9l3zlzfa,18,h7o9v437,343,portfolio,PageBidGenderExp,1789441602,12,0,0
9l3zlzfa,6,d10dwe1h,343,portfolio,PageBidGenderExp,1789441605,12,0,0
9l3zlzfa,16,7ww48hi4,343,portfolio,PageBidGenderExp,1789441607,12,0,0
9l3zlzfa,20,hn8non3y,343,portfolio,PageBidGenderExp,1789441608,12,0,0
9l3zlzfa,8,7sfhy51b,343,portfolio,PageBidGenderExp,1789441608,12,0,0
9l3zlzfa,24,hi0vl1bf,343,portfolio,PageBidGenderExp,1789441609,12,0,0
9l3zlzfa,22,n9iynxtq,343,portfolio,PageBidGenderExp,1789441610,12,0,0
9l3zlzfa,25,u3a33dgt,343,portfolio,PageBidGenderExp,1789441610,12,0,0
9l3zlzfa,12,yt1cbpza,343,portfolio,PageBidGenderExp,1789441614,12,0,0
9l3zlzfa,5,nqlqeq8n,343,portfolio,PageBidGenderExp,1789441614,12,0,0
9l3zlzfa,3,9xg7erl3,343,portfolio,PageBidGenderExp,1789441616,12,0,0
9l3zlzfa,15,g9pquzkd,343,portfolio,PageBidGenderExp,1789441621,12,0,0
9l3zlzfa,14,xyqf41ao,343,portfolio,PageBidGenderExp,1789441623,12,0,0
9l3zlzfa,17,5fdw0rg1,343,portfolio,PageBidGenderExp,1789441625,12,0,0
9l3zlzfa,4,ixl976y0,343,portfolio,PageBidGenderExp,1789441625,12,0,0
9l3zlzfa,1,u4sl54xk,343,portfolio,PageBidGenderExp,1789441634,12,0,0
9l3zlzfa,2,q2jobopa,343,portfolio,PageBidGenderExp,1789441635,12,0,0
9l3zlzfa,5,nqlqeq8n,344,portfolio,Clearing,1789441635,12,0,1
9l3zlzfa,1,u4sl54xk,344,portfolio,Clearing,1789441635,12,0,1
9l3zlzfa,2,q2jobopa,344,portfolio,Clearing,1789441635,12,0,1
9l3zlzfa,3,9xg7erl3,344,portfolio,Clearing,1789441635,12,0,1
9l3zlzfa,4,ixl976y0,344,portfolio,Clearing,1789441635,12,0,1
9l3zlzfa,23,diqkyqqr,343,portfolio,PageBidGenderExp,1789441636,12,0,0
9l3zlzfa,13,0i38ht6y,343,portfolio,PageBidGenderExp,1789441639,12,0,0
9l3zlzfa,10,z4s8evj8,343,portfolio,PageBidGenderExp,1789441641,12,0,0
9l3zlzfa,7,0yq0zebw,343,portfolio,PageBidGenderExp,1789441642,12,0,0
9l3zlzfa,9,pgjj4tqg,343,portfolio,PageBidGenderExp,1789441649,12,0,0
9l3zlzfa,8,7sfhy51b,344,portfolio,Clearing,1789441650,12,0,1
9l3zlzfa,10,z4s8evj8,344,portfolio,Clearing,1789441650,12,0,1
9l3zlzfa,9,pgjj4tqg,344,portfolio,Clearing,1789441650,12,0,1
9l3zlzfa,6,d10dwe1h,344,portfolio,Clearing,1789441650,12,0,1
9l3zlzfa,7,0yq0zebw,344,portfolio,Clearing,1789441650,12,0,1
9l3zlzfa,11,e8h7gvii,343,portfolio,PageBidGenderExp,1789441662,12,0,0
9l3zlzfa,12,yt1cbpza,344,portfolio,Clearing,1789441663,12,0,1
9l3zlzfa,15,g9pquzkd,344,portfolio,Clearing,1789441663,12,0,1
9l3zlzfa,11,e8h7gvii,344,portfolio,Clearing,1789441663,12,0,1
9l3zlzfa,13,0i38ht6y,344,portfolio,Clearing,1789441663,12,0,1
9l3zlzfa,14,xyqf41ao,344,portfolio,Clearing,1789441663,12,0,1
9l3zlzfa,19,9mimenbo,343,portfolio,PageBidGenderExp,1789441684,12,0,0
9l3zlzfa,16,7ww48hi4,344,portfolio,Clearing,1789441684,12,0,1
9l3zlzfa,17,5fdw0rg1,344,portfolio,Clearing,1789441684,12,0,1
9l3zlzfa,19,9mimenbo,344,portfolio,Clearing,1789441684,12,0,1
9l3zlzfa,20,hn8non3y,344,portfolio,Clearing,1789441684,12,0,1
9l3zlzfa,18,h7o9v437,344,portfolio,Clearing,1789441684,12,0,1
9l3zlzfa,21,x06ipo6j,343,portfolio,PageBidGenderExp,1789441703,12,0,0
9l3zlzfa,21,x06ipo6j,344,portfolio,Clearing,1789441703,12,0,1
9l3zlzfa,22,n9iynxtq,344,portfolio,Clearing,1789441703,12,0,1
9l3zlzfa,23,diqkyqqr,344,portfolio,Clearing,1789441703,12,0,1
9l3zlzfa,24,hi0vl1bf,344,portfolio,Clearing,1789441703,12,0,1
9l3zlzfa,25,u3a33dgt,344,portfolio,Clearing,1789441703,12,0,1
9l3zlzfa,12,yt1cbpza,345,portfolio,SyncMarketRound,1789441704,12,0,1
9l3zlzfa,5,nqlqeq8n,345,portfolio,SyncMarketRound,1789441704,12,0,1
9l3zlzfa,8,7sfhy51b,345,portfolio,SyncMarketRound,1789441704,12,0,1
9l3zlzfa,10,z4s8evj8,345,portfolio,SyncMarketRound,1789441704,12,0,1
9l3zlzfa,15,g9pquzkd,345,portfolio,SyncMarketRound,1789441704,12,0,1
9l3zlzfa,1,u4sl54xk,345,portfolio,SyncMarketRound,1789441704,12,0,1
9l3zlzfa,2,q2jobopa,345,portfolio,SyncMarketRound,1789441704,12,0,1
9l3zlzfa,3,9xg7erl3,345,portfolio,SyncMarketRound,1789441704,12,0,1
9l3zlzfa,21,x06ipo6j,345,portfolio,SyncMarketRound,1789441704,12,0,1
9l3zlzfa,22,n9iynxtq,345,portfolio,SyncMarketRound,1789441704,12,0,1
9l3zlzfa,11,e8h7gvii,345,portfolio,SyncMarketRound,1789441704,12,0,1
9l3zlzfa,16,7ww48hi4,345,portfolio,SyncMarketRound,1789441704,12,0,1
9l3zlzfa,17,5fdw0rg1,345,portfolio,SyncMarketRound,1789441704,12,0,1
9l3zlzfa,23,diqkyqqr,345,portfolio,SyncMarketRound,1789441704,12,0,1
9l3zlzfa,19,9mimenbo,345,portfolio,SyncMarketRound,1789441704,12,0,1
9l3zlzfa,4,ixl976y0,345,portfolio,SyncMarketRound,1789441704,12,0,1
9l3zlzfa,13,0i38ht6y,345,portfolio,SyncMarketRound,1789441704,12,0,1
9l3zlzfa,14,xyqf41ao,345,portfolio,SyncMarketRound,1789441704,12,0,1
9l3zlzfa,9,pgjj4tqg,345,portfolio,SyncMarketRound,1789441704,12,0,1
9l3zlzfa,6,d10dwe1h,345,portfolio,SyncMarketRound,1789441704,12,0,1
9l3zlzfa,7,0yq0zebw,345,portfolio,SyncMarketRound,1789441704,12,0,1
9l3zlzfa,20,hn8non3y,345,portfolio,SyncMarketRound,1789441704,12,0,1
9l3zlzfa,24,hi0vl1bf,345,portfolio,SyncMarketRound,1789441704,12,0,1
9l3zlzfa,25,u3a33dgt,345,portfolio,SyncMarketRound,1789441704,12,0,1
9l3zlzfa,18,h7o9v437,345,portfolio,SyncMarketRound,1789441704,12,0,1
9l3zlzfa,25,u3a33dgt,372,portfolio,PageBidGenderExp,1789441717,13,0,0
9l3zlzfa,6,d10dwe1h,372,portfolio,PageBidGenderExp,1789441724,13,0,0
9l3zlzfa,22,n9iynxtq,372,portfolio,PageBidGenderExp,1789441728,13,0,0
9l3zlzfa,5,nqlqeq8n,372,portfolio,PageBidGenderExp,1789441728,13,0,0
9l3zlzfa,7,0yq0zebw,372,portfolio,PageBidGenderExp,1789441732,13,0,0
9l3zlzfa,18,h7o9v437,372,portfolio,PageBidGenderExp,1789441735,13,0,0
9l3zlzfa,14,xyqf41ao,372,portfolio,PageBidGenderExp,1789441735,13,0,0
9l3zlzfa,8,7sfhy51b,372,portfolio,PageBidGenderExp,1789441737,13,0,0
9l3zlzfa,3,9xg7erl3,372,portfolio,PageBidGenderExp,1789441739,13,0,0
9l3zlzfa,2,q2jobopa,372,portfolio,PageBidGenderExp,1789441739,13,0,0
9l3zlzfa,12,yt1cbpza,372,portfolio,PageBidGenderExp,1789441740,13,0,0
9l3zlzfa,20,hn8non3y,372,portfolio,PageBidGenderExp,1789441743,13,0,0
9l3zlzfa,15,g9pquzkd,372,portfolio,PageBidGenderExp,1789441747,13,0,0
9l3zlzfa,16,7ww48hi4,372,portfolio,PageBidGenderExp,1789441749,13,0,0
9l3zlzfa,4,ixl976y0,372,portfolio,PageBidGenderExp,1789441749,13,0,0
9l3zlzfa,24,hi0vl1bf,372,portfolio,PageBidGenderExp,1789441750,13,0,0
9l3zlzfa,17,5fdw0rg1,372,portfolio,PageBidGenderExp,1789441750,13,0,0
9l3zlzfa,10,z4s8evj8,372,portfolio,PageBidGenderExp,1789441757,13,0,0
9l3zlzfa,9,pgjj4tqg,372,portfolio,PageBidGenderExp,1789441768,13,0,0
9l3zlzfa,9,pgjj4tqg,373,portfolio,Clearing,1789441768,13,0,1
9l3zlzfa,10,z4s8evj8,373,portfolio,Clearing,1789441768,13,0,1
9l3zlzfa,6,d10dwe1h,373,portfolio,Clearing,1789441768,13,0,1
9l3zlzfa,7,0yq0zebw,373,portfolio,Clearing,1789441768,13,0,1
9l3zlzfa,8,7sfhy51b,373,portfolio,Clearing,1789441768,13,0,1
9l3zlzfa,11,e8h7gvii,372,portfolio,PageBidGenderExp,1789441776,13,0,0
9l3zlzfa,1,u4sl54xk,372,portfolio,PageBidGenderExp,1789441783,13,0,0
9l3zlzfa,1,u4sl54xk,373,portfolio,Clearing,1789441784,13,0,1
9l3zlzfa,2,q2jobopa,373,portfolio,Clearing,1789441784,13,0,1
9l3zlzfa,3,9xg7erl3,373,portfolio,Clearing,1789441784,13,0,1
9l3zlzfa,4,ixl976y0,373,portfolio,Clearing,1789441784,13,0,1
9l3zlzfa,5,nqlqeq8n,373,portfolio,Clearing,1789441784,13,0,1
9l3zlzfa,19,9mimenbo,372,portfolio,PageBidGenderExp,1789441800,13,0,0
9l3zlzfa,16,7ww48hi4,373,portfolio,Clearing,1789441800,13,0,1
9l3zlzfa,17,5fdw0rg1,373,portfolio,Clearing,1789441800,13,0,1
9l3zlzfa,18,h7o9v437,373,portfolio,Clearing,1789441800,13,0,1
9l3zlzfa,19,9mimenbo,373,portfolio,Clearing,1789441800,13,0,1
9l3zlzfa,20,hn8non3y,373,portfolio,Clearing,1789441800,13,0,1
9l3zlzfa,13,0i38ht6y,372,portfolio,PageBidGenderExp,1789441814,13,0,0
9l3zlzfa,21,x06ipo6j,372,portfolio,PageBidGenderExp,1789441815,13,0,0
9l3zlzfa,14,xyqf41ao,373,portfolio,Clearing,1789441815,13,0,1
9l3zlzfa,15,g9pquzkd,373,portfolio,Clearing,1789441815,13,0,1
9l3zlzfa,11,e8h7gvii,373,portfolio,Clearing,1789441815,13,0,1
9l3zlzfa,12,yt1cbpza,373,portfolio,Clearing,1789441815,13,0,1
9l3zlzfa,13,0i38ht6y,373,portfolio,Clearing,1789441815,13,0,1
9l3zlzfa,23,diqkyqqr,372,portfolio,PageBidGenderExp,1789441842,13,0,0
9l3zlzfa,21,x06ipo6j,373,portfolio,Clearing,1789441842,13,0,1
9l3zlzfa,22,n9iynxtq,373,portfolio,Clearing,1789441842,13,0,1
9l3zlzfa,23,diqkyqqr,373,portfolio,Clearing,1789441842,13,0,1
9l3zlzfa,24,hi0vl1bf,373,portfolio,Clearing,1789441842,13,0,1
9l3zlzfa,25,u3a33dgt,373,portfolio,Clearing,1789441842,13,0,1
9l3zlzfa,9,pgjj4tqg,374,portfolio,SyncMarketRound,1789441843,13,0,1
9l3zlzfa,10,z4s8evj8,374,portfolio,SyncMarketRound,1789441843,13,0,1
9l3zlzfa,14,xyqf41ao,374,portfolio,SyncMarketRound,1789441843,13,0,1
9l3zlzfa,15,g9pquzkd,374,portfolio,SyncMarketRound,1789441843,13,0,1
9l3zlzfa,21,x06ipo6j,374,portfolio,SyncMarketRound,1789441843,13,0,1
9l3zlzfa,16,7ww48hi4,374,portfolio,SyncMarketRound,1789441843,13,0,1
9l3zlzfa,22,n9iynxtq,374,portfolio,SyncMarketRound,1789441843,13,0,1
9l3zlzfa,1,u4sl54xk,374,portfolio,SyncMarketRound,1789441843,13,0,1
9l3zlzfa,17,5fdw0rg1,374,portfolio,SyncMarketRound,1789441843,13,0,1
9l3zlzfa,18,h7o9v437,374,portfolio,SyncMarketRound,1789441843,13,0,1
9l3zlzfa,23,diqkyqqr,374,portfolio,SyncMarketRound,1789441843,13,0,1
9l3zlzfa,11,e8h7gvii,374,portfolio,SyncMarketRound,1789441843,13,0,1
9l3zlzfa,24,hi0vl1bf,374,portfolio,SyncMarketRound,1789441843,13,0,1
9l3zlzfa,12,yt1cbpza,374,portfolio,SyncMarketRound,1789441843,13,0,1
9l3zlzfa,19,9mimenbo,374,portfolio,SyncMarketRound,1789441843,13,0,1
9l3zlzfa,13,0i38ht6y,374,portfolio,SyncMarketRound,1789441843,13,0,1
9l3zlzfa,2,q2jobopa,374,portfolio,SyncMarketRound,1789441843,13,0,1
9l3zlzfa,3,9xg7erl3,374,portfolio,SyncMarketRound,1789441843,13,0,1
9l3zlzfa,6,d10dwe1h,374,portfolio,SyncMarketRound,1789441843,13,0,1
9l3zlzfa,7,0yq0zebw,374,portfolio,SyncMarketRound,1789441843,13,0,1
9l3zlzfa,8,7sfhy51b,374,portfolio,SyncMarketRound,1789441843,13,0,1
9l3zlzfa,4,ixl976y0,374,portfolio,SyncMarketRound,1789441843,13,0,1
9l3zlzfa,5,nqlqeq8n,374,portfolio,SyncMarketRound,1789441843,13,0,1
9l3zlzfa,20,hn8non3y,374,portfolio,SyncMarketRound,1789441843,13,0,1
9l3zlzfa,25,u3a33dgt,374,portfolio,SyncMarketRound,1789441843,13,0,1
9l3zlzfa,18,h7o9v437,401,portfolio,PageBidGenderExp,1789441857,14,0,0
9l3zlzfa,22,n9iynxtq,401,portfolio,PageBidGenderExp,1789441861,14,0,0
9l3zlzfa,24,hi0vl1bf,401,portfolio,PageBidGenderExp,1789441865,14,0,0
9l3zlzfa,25,u3a33dgt,401,portfolio,PageBidGenderExp,1789441865,14,0,0
9l3zlzfa,6,d10dwe1h,401,portfolio,PageBidGenderExp,1789441866,14,0,0
9l3zlzfa,5,nqlqeq8n,401,portfolio,PageBidGenderExp,1789441868,14,0,0
9l3zlzfa,8,7sfhy51b,401,portfolio,PageBidGenderExp,1789441873,14,0,0
9l3zlzfa,15,g9pquzkd,401,portfolio,PageBidGenderExp,1789441873,14,0,0
9l3zlzfa,4,ixl976y0,401,portfolio,PageBidGenderExp,1789441876,14,0,0
9l3zlzfa,16,7ww48hi4,401,portfolio,PageBidGenderExp,1789441877,14,0,0
9l3zlzfa,14,xyqf41ao,401,portfolio,PageBidGenderExp,1789441878,14,0,0
9l3zlzfa,20,hn8non3y,401,portfolio,PageBidGenderExp,1789441878,14,0,0
9l3zlzfa,2,q2jobopa,401,portfolio,PageBidGenderExp,1789441881,14,0,0
9l3zlzfa,13,0i38ht6y,401,portfolio,PageBidGenderExp,1789441881,14,0,0
9l3zlzfa,3,9xg7erl3,401,portfolio,PageBidGenderExp,1789441884,14,0,0
9l3zlzfa,12,yt1cbpza,401,portfolio,PageBidGenderExp,1789441889,14,0,0
9l3zlzfa,9,pgjj4tqg,401,portfolio,PageBidGenderExp,1789441890,14,0,0
9l3zlzfa,11,e8h7gvii,401,portfolio,PageBidGenderExp,1789441897,14,0,0
9l3zlzfa,12,yt1cbpza,402,portfolio,Clearing,1789441898,14,0,1
9l3zlzfa,13,0i38ht6y,402,portfolio,Clearing,1789441898,14,0,1
9l3zlzfa,15,g9pquzkd,402,portfolio,Clearing,1789441898,14,0,1
9l3zlzfa,14,xyqf41ao,402,portfolio,Clearing,1789441898,14,0,1
9l3zlzfa,11,e8h7gvii,402,portfolio,Clearing,1789441898,14,0,1
9l3zlzfa,23,diqkyqqr,401,portfolio,PageBidGenderExp,1789441898,14,0,0
9l3zlzfa,21,x06ipo6j,401,portfolio,PageBidGenderExp,1789441899,14,0,0
9l3zlzfa,25,u3a33dgt,402,portfolio,Clearing,1789441899,14,0,1
9l3zlzfa,21,x06ipo6j,402,portfolio,Clearing,1789441899,14,0,1
9l3zlzfa,22,n9iynxtq,402,portfolio,Clearing,1789441899,14,0,1
9l3zlzfa,23,diqkyqqr,402,portfolio,Clearing,1789441899,14,0,1
9l3zlzfa,24,hi0vl1bf,402,portfolio,Clearing,1789441899,14,0,1
9l3zlzfa,10,z4s8evj8,401,portfolio,PageBidGenderExp,1789441902,14,0,0
9l3zlzfa,7,0yq0zebw,401,portfolio,PageBidGenderExp,1789441913,14,0,0
9l3zlzfa,6,d10dwe1h,402,portfolio,Clearing,1789441913,14,0,1
9l3zlzfa,7,0yq0zebw,402,portfolio,Clearing,1789441913,14,0,1
9l3zlzfa,8,7sfhy51b,402,portfolio,Clearing,1789441913,14,0,1
9l3zlzfa,9,pgjj4tqg,402,portfolio,Clearing,1789441913,14,0,1
9l3zlzfa,10,z4s8evj8,402,portfolio,Clearing,1789441913,14,0,1
9l3zlzfa,17,5fdw0rg1,401,portfolio,PageBidGenderExp,1789441920,14,0,0
9l3zlzfa,19,9mimenbo,401,portfolio,PageBidGenderExp,1789441921,14,0,0
9l3zlzfa,18,h7o9v437,402,portfolio,Clearing,1789441922,14,0,1
9l3zlzfa,16,7ww48hi4,402,portfolio,Clearing,1789441922,14,0,1
9l3zlzfa,17,5fdw0rg1,402,portfolio,Clearing,1789441922,14,0,1
9l3zlzfa,19,9mimenbo,402,portfolio,Clearing,1789441922,14,0,1
9l3zlzfa,20,hn8non3y,402,portfolio,Clearing,1789441922,14,0,1
9l3zlzfa,1,u4sl54xk,401,portfolio,PageBidGenderExp,1789441928,14,0,0
9l3zlzfa,4,ixl976y0,402,portfolio,Clearing,1789441928,14,0,1
9l3zlzfa,1,u4sl54xk,402,portfolio,Clearing,1789441928,14,0,1
9l3zlzfa,2,q2jobopa,402,portfolio,Clearing,1789441928,14,0,1
9l3zlzfa,3,9xg7erl3,402,portfolio,Clearing,1789441928,14,0,1
9l3zlzfa,5,nqlqeq8n,402,portfolio,Clearing,1789441928,14,0,1
9l3zlzfa,4,ixl976y0,403,portfolio,SyncMarketRound,1789441929,14,0,1
9l3zlzfa,12,yt1cbpza,403,portfolio,SyncMarketRound,1789441929,14,0,1
9l3zlzfa,13,0i38ht6y,403,portfolio,SyncMarketRound,1789441929,14,0,1
9l3zlzfa,15,g9pquzkd,403,portfolio,SyncMarketRound,1789441929,14,0,1
9l3zlzfa,25,u3a33dgt,403,portfolio,SyncMarketRound,1789441929,14,0,1
9l3zlzfa,18,h7o9v437,403,portfolio,SyncMarketRound,1789441929,14,0,1
9l3zlzfa,1,u4sl54xk,403,portfolio,SyncMarketRound,1789441929,14,0,1
9l3zlzfa,6,d10dwe1h,403,portfolio,SyncMarketRound,1789441929,14,0,1
9l3zlzfa,16,7ww48hi4,403,portfolio,SyncMarketRound,1789441929,14,0,1
9l3zlzfa,17,5fdw0rg1,403,portfolio,SyncMarketRound,1789441929,14,0,1
9l3zlzfa,7,0yq0zebw,403,portfolio,SyncMarketRound,1789441929,14,0,1
9l3zlzfa,2,q2jobopa,403,portfolio,SyncMarketRound,1789441929,14,0,1
9l3zlzfa,14,xyqf41ao,403,portfolio,SyncMarketRound,1789441929,14,0,1
9l3zlzfa,3,9xg7erl3,403,portfolio,SyncMarketRound,1789441929,14,0,1
9l3zlzfa,8,7sfhy51b,403,portfolio,SyncMarketRound,1789441929,14,0,1
9l3zlzfa,21,x06ipo6j,403,portfolio,SyncMarketRound,1789441929,14,0,1
9l3zlzfa,19,9mimenbo,403,portfolio,SyncMarketRound,1789441929,14,0,1
9l3zlzfa,22,n9iynxtq,403,portfolio,SyncMarketRound,1789441929,14,0,1
9l3zlzfa,11,e8h7gvii,403,portfolio,SyncMarketRound,1789441929,14,0,1
9l3zlzfa,23,diqkyqqr,403,portfolio,SyncMarketRound,1789441929,14,0,1
9l3zlzfa,24,hi0vl1bf,403,portfolio,SyncMarketRound,1789441929,14,0,1
9l3zlzfa,9,pgjj4tqg,403,portfolio,SyncMarketRound,1789441929,14,0,1
9l3zlzfa,10,z4s8evj8,403,portfolio,SyncMarketRound,1789441929,14,0,1
9l3zlzfa,20,hn8non3y,403,portfolio,SyncMarketRound,1789441929,14,0,1
9l3zlzfa,5,nqlqeq8n,403,portfolio,SyncMarketRound,1789441929,14,0,1
9l3zlzfa,20,hn8non3y,430,portfolio,PageBidGenderExp,1789441942,15,0,0
9l3zlzfa,25,u3a33dgt,430,portfolio,PageBidGenderExp,1789441942,15,0,0
9l3zlzfa,18,h7o9v437,430,portfolio,PageBidGenderExp,1789441945,15,0,0
9l3zlzfa,22,n9iynxtq,430,portfolio,PageBidGenderExp,1789441949,15,0,0
9l3zlzfa,2,q2jobopa,430,portfolio,PageBidGenderExp,1789441950,15,0,0
9l3zlzfa,24,hi0vl1bf,430,portfolio,PageBidGenderExp,1789441951,15,0,0
9l3zlzfa,14,xyqf41ao,430,portfolio,PageBidGenderExp,1789441953,15,0,0
9l3zlzfa,13,0i38ht6y,430,portfolio,PageBidGenderExp,1789441953,15,0,0
9l3zlzfa,8,7sfhy51b,430,portfolio,PageBidGenderExp,1789441954,15,0,0
9l3zlzfa,5,nqlqeq8n,430,portfolio,PageBidGenderExp,1789441954,15,0,0
9l3zlzfa,6,d10dwe1h,430,portfolio,PageBidGenderExp,1789441957,15,0,0
9l3zlzfa,12,yt1cbpza,430,portfolio,PageBidGenderExp,1789441958,15,0,0
9l3zlzfa,15,g9pquzkd,430,portfolio,PageBidGenderExp,1789441959,15,0,0
9l3zlzfa,3,9xg7erl3,430,portfolio,PageBidGenderExp,1789441959,15,0,0
9l3zlzfa,9,pgjj4tqg,430,portfolio,PageBidGenderExp,1789441962,15,0,0
9l3zlzfa,17,5fdw0rg1,430,portfolio,PageBidGenderExp,1789441963,15,0,0
9l3zlzfa,23,diqkyqqr,430,portfolio,PageBidGenderExp,1789441964,15,0,0
9l3zlzfa,4,ixl976y0,430,portfolio,PageBidGenderExp,1789441967,15,0,0
9l3zlzfa,7,0yq0zebw,430,portfolio,PageBidGenderExp,1789441969,15,0,0
9l3zlzfa,10,z4s8evj8,430,portfolio,PageBidGenderExp,1789441971,15,0,0
9l3zlzfa,9,pgjj4tqg,431,portfolio,Clearing,1789441971,15,0,1
9l3zlzfa,10,z4s8evj8,431,portfolio,Clearing,1789441971,15,0,1
9l3zlzfa,6,d10dwe1h,431,portfolio,Clearing,1789441971,15,0,1
9l3zlzfa,7,0yq0zebw,431,portfolio,Clearing,1789441971,15,0,1
9l3zlzfa,8,7sfhy51b,431,portfolio,Clearing,1789441971,15,0,1
9l3zlzfa,16,7ww48hi4,430,portfolio,PageBidGenderExp,1789441972,15,0,0
9l3zlzfa,11,e8h7gvii,430,portfolio,PageBidGenderExp,1789441997,15,0,0
9l3zlzfa,1,u4sl54xk,430,portfolio,PageBidGenderExp,1789441998,15,0,0
9l3zlzfa,14,xyqf41ao,431,portfolio,Clearing,1789441998,15,0,1
9l3zlzfa,11,e8h7gvii,431,portfolio,Clearing,1789441998,15,0,1
9l3zlzfa,12,yt1cbpza,431,portfolio,Clearing,1789441998,15,0,1
9l3zlzfa,13,0i38ht6y,431,portfolio,Clearing,1789441998,15,0,1
9l3zlzfa,15,g9pquzkd,431,portfolio,Clearing,1789441998,15,0,1
9l3zlzfa,1,u4sl54xk,431,portfolio,Clearing,1789441998,15,0,1
9l3zlzfa,2,q2jobopa,431,portfolio,Clearing,1789441998,15,0,1
9l3zlzfa,3,9xg7erl3,431,portfolio,Clearing,1789441998,15,0,1
9l3zlzfa,4,ixl976y0,431,portfolio,Clearing,1789441998,15,0,1
9l3zlzfa,5,nqlqeq8n,431,portfolio,Clearing,1789441998,15,0,1
9l3zlzfa,19,9mimenbo,430,portfolio,PageBidGenderExp,1789441998,15,0,0
9l3zlzfa,16,7ww48hi4,431,portfolio,Clearing,1789441999,15,0,1
9l3zlzfa,17,5fdw0rg1,431,portfolio,Clearing,1789441999,15,0,1
9l3zlzfa,18,h7o9v437,431,portfolio,Clearing,1789441999,15,0,1
9l3zlzfa,19,9mimenbo,431,portfolio,Clearing,1789441999,15,0,1
9l3zlzfa,20,hn8non3y,431,portfolio,Clearing,1789441999,15,0,1
9l3zlzfa,21,x06ipo6j,430,portfolio,PageBidGenderExp,1789442005,15,0,0
9l3zlzfa,24,hi0vl1bf,431,portfolio,Clearing,1789442006,15,0,1
9l3zlzfa,25,u3a33dgt,431,portfolio,Clearing,1789442006,15,0,1
9l3zlzfa,21,x06ipo6j,431,portfolio,Clearing,1789442006,15,0,1
9l3zlzfa,22,n9iynxtq,431,portfolio,Clearing,1789442006,15,0,1
9l3zlzfa,23,diqkyqqr,431,portfolio,Clearing,1789442006,15,0,1
9l3zlzfa,9,pgjj4tqg,432,portfolio,SyncMarketRound,1789442007,15,0,1
9l3zlzfa,10,z4s8evj8,432,portfolio,SyncMarketRound,1789442007,15,0,1
9l3zlzfa,24,hi0vl1bf,432,portfolio,SyncMarketRound,1789442007,15,0,1
9l3zlzfa,25,u3a33dgt,432,portfolio,SyncMarketRound,1789442007,15,0,1
9l3zlzfa,1,u4sl54xk,432,portfolio,SyncMarketRound,1789442007,15,0,1
9l3zlzfa,2,q2jobopa,432,portfolio,SyncMarketRound,1789442007,15,0,1
9l3zlzfa,21,x06ipo6j,432,portfolio,SyncMarketRound,1789442007,15,0,1
9l3zlzfa,22,n9iynxtq,432,portfolio,SyncMarketRound,1789442007,15,0,1
9l3zlzfa,16,7ww48hi4,432,portfolio,SyncMarketRound,1789442007,15,0,1
9l3zlzfa,17,5fdw0rg1,432,portfolio,SyncMarketRound,1789442007,15,0,1
9l3zlzfa,14,xyqf41ao,432,portfolio,SyncMarketRound,1789442007,15,0,1
9l3zlzfa,3,9xg7erl3,432,portfolio,SyncMarketRound,1789442007,15,0,1
9l3zlzfa,4,ixl976y0,432,portfolio,SyncMarketRound,1789442007,15,0,1
9l3zlzfa,18,h7o9v437,432,portfolio,SyncMarketRound,1789442007,15,0,1
9l3zlzfa,19,9mimenbo,432,portfolio,SyncMarketRound,1789442007,15,0,1
9l3zlzfa,11,e8h7gvii,432,portfolio,SyncMarketRound,1789442007,15,0,1
9l3zlzfa,12,yt1cbpza,432,portfolio,SyncMarketRound,1789442007,15,0,1
9l3zlzfa,6,d10dwe1h,432,portfolio,SyncMarketRound,1789442007,15,0,1
9l3zlzfa,7,0yq0zebw,432,portfolio,SyncMarketRound,1789442007,15,0,1
9l3zlzfa,8,7sfhy51b,432,portfolio,SyncMarketRound,1789442007,15,0,1
9l3zlzfa,13,0i38ht6y,432,portfolio,SyncMarketRound,1789442007,15,0,1
9l3zlzfa,15,g9pquzkd,432,portfolio,SyncMarketRound,1789442007,15,0,1
9l3zlzfa,5,nqlqeq8n,432,portfolio,SyncMarketRound,1789442007,15,0,1
9l3zlzfa,20,hn8non3y,432,portfolio,SyncMarketRound,1789442007,15,0,1
9l3zlzfa,23,diqkyqqr,432,portfolio,SyncMarketRound,1789442007,15,0,1
9l3zlzfa,18,h7o9v437,459,portfolio,PageBidGenderExp,1789442021,16,0,0
9l3zlzfa,25,u3a33dgt,459,portfolio,PageBidGenderExp,1789442025,16,0,0
9l3zlzfa,6,d10dwe1h,459,portfolio,PageBidGenderExp,1789442026,16,0,0
9l3zlzfa,24,hi0vl1bf,459,portfolio,PageBidGenderExp,1789442027,16,0,0
9l3zlzfa,22,n9iynxtq,459,portfolio,PageBidGenderExp,1789442027,16,0,0
9l3zlzfa,20,hn8non3y,459,portfolio,PageBidGenderExp,1789442027,16,0,0
9l3zlzfa,8,7sfhy51b,459,portfolio,PageBidGenderExp,1789442029,16,0,0
9l3zlzfa,12,yt1cbpza,459,portfolio,PageBidGenderExp,1789442031,16,0,0
9l3zlzfa,5,nqlqeq8n,459,portfolio,PageBidGenderExp,1789442031,16,0,0
9l3zlzfa,2,q2jobopa,459,portfolio,PageBidGenderExp,1789442032,16,0,0
9l3zlzfa,16,7ww48hi4,459,portfolio,PageBidGenderExp,1789442033,16,0,0
9l3zlzfa,15,g9pquzkd,459,portfolio,PageBidGenderExp,1789442035,16,0,0
9l3zlzfa,17,5fdw0rg1,459,portfolio,PageBidGenderExp,1789442038,16,0,0
9l3zlzfa,7,0yq0zebw,459,portfolio,PageBidGenderExp,1789442044,16,0,0
9l3zlzfa,9,pgjj4tqg,459,portfolio,PageBidGenderExp,1789442050,16,0,0
9l3zlzfa,10,z4s8evj8,459,portfolio,PageBidGenderExp,1789442051,16,0,0
9l3zlzfa,7,0yq0zebw,460,portfolio,Clearing,1789442051,16,0,1
9l3zlzfa,8,7sfhy51b,460,portfolio,Clearing,1789442051,16,0,1
9l3zlzfa,9,pgjj4tqg,460,portfolio,Clearing,1789442051,16,0,1
9l3zlzfa,10,z4s8evj8,460,portfolio,Clearing,1789442051,16,0,1
9l3zlzfa,6,d10dwe1h,460,portfolio,Clearing,1789442051,16,0,1
9l3zlzfa,11,e8h7gvii,459,portfolio,PageBidGenderExp,1789442052,16,0,0
9l3zlzfa,23,diqkyqqr,459,portfolio,PageBidGenderExp,1789442054,16,0,0
9l3zlzfa,4,ixl976y0,459,portfolio,PageBidGenderExp,1789442055,16,0,0
9l3zlzfa,14,xyqf41ao,459,portfolio,PageBidGenderExp,1789442057,16,0,0
9l3zlzfa,13,0i38ht6y,459,portfolio,PageBidGenderExp,1789442057,16,0,0
9l3zlzfa,13,0i38ht6y,460,portfolio,Clearing,1789442057,16,0,1
9l3zlzfa,11,e8h7gvii,460,portfolio,Clearing,1789442057,16,0,1
9l3zlzfa,12,yt1cbpza,460,portfolio,Clearing,1789442057,16,0,1
9l3zlzfa,14,xyqf41ao,460,portfolio,Clearing,1789442057,16,0,1
9l3zlzfa,15,g9pquzkd,460,portfolio,Clearing,1789442057,16,0,1
9l3zlzfa,21,x06ipo6j,459,portfolio,PageBidGenderExp,1789442060,16,0,0
9l3zlzfa,25,u3a33dgt,460,portfolio,Clearing,1789442060,16,0,1
9l3zlzfa,21,x06ipo6j,460,portfolio,Clearing,1789442060,16,0,1
9l3zlzfa,22,n9iynxtq,460,portfolio,Clearing,1789442060,16,0,1
9l3zlzfa,23,diqkyqqr,460,portfolio,Clearing,1789442060,16,0,1
9l3zlzfa,24,hi0vl1bf,460,portfolio,Clearing,1789442060,16,0,1
9l3zlzfa,3,9xg7erl3,459,portfolio,PageBidGenderExp,1789442068,16,0,0
9l3zlzfa,19,9mimenbo,459,portfolio,PageBidGenderExp,1789442083,16,0,0
9l3zlzfa,19,9mimenbo,460,portfolio,Clearing,1789442083,16,0,1
9l3zlzfa,16,7ww48hi4,460,portfolio,Clearing,1789442083,16,0,1
9l3zlzfa,17,5fdw0rg1,460,portfolio,Clearing,1789442083,16,0,1
9l3zlzfa,18,h7o9v437,460,portfolio,Clearing,1789442083,16,0,1
9l3zlzfa,20,hn8non3y,460,portfolio,Clearing,1789442083,16,0,1
9l3zlzfa,1,u4sl54xk,459,portfolio,PageBidGenderExp,1789442088,16,0,0
9l3zlzfa,1,u4sl54xk,460,portfolio,Clearing,1789442088,16,0,1
9l3zlzfa,2,q2jobopa,460,portfolio,Clearing,1789442088,16,0,1
9l3zlzfa,3,9xg7erl3,460,portfolio,Clearing,1789442088,16,0,1
9l3zlzfa,4,ixl976y0,460,portfolio,Clearing,1789442088,16,0,1
9l3zlzfa,5,nqlqeq8n,460,portfolio,Clearing,1789442088,16,0,1
9l3zlzfa,7,0yq0zebw,461,portfolio,SyncMarketRound,1789442089,16,0,1
9l3zlzfa,8,7sfhy51b,461,portfolio,SyncMarketRound,1789442089,16,0,1
9l3zlzfa,9,pgjj4tqg,461,portfolio,SyncMarketRound,1789442089,16,0,1
9l3zlzfa,10,z4s8evj8,461,portfolio,SyncMarketRound,1789442089,16,0,1
9l3zlzfa,25,u3a33dgt,461,portfolio,SyncMarketRound,1789442089,16,0,1
9l3zlzfa,19,9mimenbo,461,portfolio,SyncMarketRound,1789442089,16,0,1
9l3zlzfa,16,7ww48hi4,461,portfolio,SyncMarketRound,1789442089,16,0,1
9l3zlzfa,17,5fdw0rg1,461,portfolio,SyncMarketRound,1789442089,16,0,1
9l3zlzfa,1,u4sl54xk,461,portfolio,SyncMarketRound,1789442089,16,0,1
9l3zlzfa,18,h7o9v437,461,portfolio,SyncMarketRound,1789442089,16,0,1
9l3zlzfa,21,x06ipo6j,461,portfolio,SyncMarketRound,1789442089,16,0,1
9l3zlzfa,2,q2jobopa,461,portfolio,SyncMarketRound,1789442089,16,0,1
9l3zlzfa,3,9xg7erl3,461,portfolio,SyncMarketRound,1789442089,16,0,1
9l3zlzfa,22,n9iynxtq,461,portfolio,SyncMarketRound,1789442089,16,0,1
9l3zlzfa,4,ixl976y0,461,portfolio,SyncMarketRound,1789442089,16,0,1
9l3zlzfa,23,diqkyqqr,461,portfolio,SyncMarketRound,1789442089,16,0,1
9l3zlzfa,13,0i38ht6y,461,portfolio,SyncMarketRound,1789442089,16,0,1
9l3zlzfa,6,d10dwe1h,461,portfolio,SyncMarketRound,1789442089,16,0,1
9l3zlzfa,11,e8h7gvii,461,portfolio,SyncMarketRound,1789442089,16,0,1
9l3zlzfa,12,yt1cbpza,461,portfolio,SyncMarketRound,1789442089,16,0,1
9l3zlzfa,14,xyqf41ao,461,portfolio,SyncMarketRound,1789442089,16,0,1
9l3zlzfa,15,g9pquzkd,461,portfolio,SyncMarketRound,1789442089,16,0,1
9l3zlzfa,24,hi0vl1bf,461,portfolio,SyncMarketRound,1789442089,16,0,1
9l3zlzfa,20,hn8non3y,461,portfolio,SyncMarketRound,1789442089,16,0,1
9l3zlzfa,5,nqlqeq8n,461,portfolio,SyncMarketRound,1789442089,16,0,1
9l3zlzfa,18,h7o9v437,488,portfolio,PageBidGenderExp,1789442103,17,0,0
9l3zlzfa,25,u3a33dgt,488,portfolio,PageBidGenderExp,1789442108,17,0,0
9l3zlzfa,16,7ww48hi4,488,portfolio,PageBidGenderExp,1789442109,17,0,0
9l3zlzfa,22,n9iynxtq,488,portfolio,PageBidGenderExp,1789442110,17,0,0
9l3zlzfa,17,5fdw0rg1,488,portfolio,PageBidGenderExp,1789442111,17,0,0
9l3zlzfa,9,pgjj4tqg,488,portfolio,PageBidGenderExp,1789442111,17,0,0
9l3zlzfa,23,diqkyqqr,488,portfolio,PageBidGenderExp,1789442113,17,0,0
9l3zlzfa,12,yt1cbpza,488,portfolio,PageBidGenderExp,1789442116,17,0,0
9l3zlzfa,6,d10dwe1h,488,portfolio,PageBidGenderExp,1789442116,17,0,0
9l3zlzfa,24,hi0vl1bf,488,portfolio,PageBidGenderExp,1789442117,17,0,0
9l3zlzfa,14,xyqf41ao,488,portfolio,PageBidGenderExp,1789442119,17,0,0
9l3zlzfa,15,g9pquzkd,488,portfolio,PageBidGenderExp,1789442119,17,0,0
9l3zlzfa,20,hn8non3y,488,portfolio,PageBidGenderExp,1789442121,17,0,0
9l3zlzfa,2,q2jobopa,488,portfolio,PageBidGenderExp,1789442124,17,0,0
9l3zlzfa,5,nqlqeq8n,488,portfolio,PageBidGenderExp,1789442125,17,0,0
9l3zlzfa,13,0i38ht6y,488,portfolio,PageBidGenderExp,1789442127,17,0,0
9l3zlzfa,3,9xg7erl3,488,portfolio,PageBidGenderExp,1789442130,17,0,0
9l3zlzfa,10,z4s8evj8,488,portfolio,PageBidGenderExp,1789442133,17,0,0
9l3zlzfa,8,7sfhy51b,488,portfolio,PageBidGenderExp,1789442134,17,0,0
9l3zlzfa,11,e8h7gvii,488,portfolio,PageBidGenderExp,1789442137,17,0,0
9l3zlzfa,13,0i38ht6y,489,portfolio,Clearing,1789442137,17,0,1
9l3zlzfa,11,e8h7gvii,489,portfolio,Clearing,1789442137,17,0,1
9l3zlzfa,12,yt1cbpza,489,portfolio,Clearing,1789442137,17,0,1
9l3zlzfa,14,xyqf41ao,489,portfolio,Clearing,1789442137,17,0,1
9l3zlzfa,15,g9pquzkd,489,portfolio,Clearing,1789442137,17,0,1
9l3zlzfa,1,u4sl54xk,488,portfolio,PageBidGenderExp,1789442147,17,0,0
9l3zlzfa,4,ixl976y0,488,portfolio,PageBidGenderExp,1789442153,17,0,0
9l3zlzfa,5,nqlqeq8n,489,portfolio,Clearing,1789442153,17,0,1
9l3zlzfa,1,u4sl54xk,489,portfolio,Clearing,1789442153,17,0,1
9l3zlzfa,2,q2jobopa,489,portfolio,Clearing,1789442153,17,0,1
9l3zlzfa,3,9xg7erl3,489,portfolio,Clearing,1789442153,17,0,1
9l3zlzfa,4,ixl976y0,489,portfolio,Clearing,1789442153,17,0,1
9l3zlzfa,7,0yq0zebw,488,portfolio,PageBidGenderExp,1789442156,17,0,0
9l3zlzfa,7,0yq0zebw,489,portfolio,Clearing,1789442156,17,0,1
9l3zlzfa,6,d10dwe1h,489,portfolio,Clearing,1789442156,17,0,1
9l3zlzfa,8,7sfhy51b,489,portfolio,Clearing,1789442156,17,0,1
9l3zlzfa,9,pgjj4tqg,489,portfolio,Clearing,1789442156,17,0,1
9l3zlzfa,10,z4s8evj8,489,portfolio,Clearing,1789442156,17,0,1
9l3zlzfa,19,9mimenbo,488,portfolio,PageBidGenderExp,1789442171,17,0,0
9l3zlzfa,16,7ww48hi4,489,portfolio,Clearing,1789442171,17,0,1
9l3zlzfa,17,5fdw0rg1,489,portfolio,Clearing,1789442171,17,0,1
9l3zlzfa,18,h7o9v437,489,portfolio,Clearing,1789442171,17,0,1
9l3zlzfa,19,9mimenbo,489,portfolio,Clearing,1789442171,17,0,1
9l3zlzfa,20,hn8non3y,489,portfolio,Clearing,1789442171,17,0,1
9l3zlzfa,21,x06ipo6j,488,portfolio,PageBidGenderExp,1789442194,17,0,0
9l3zlzfa,22,n9iynxtq,489,portfolio,Clearing,1789442194,17,0,1
9l3zlzfa,23,diqkyqqr,489,portfolio,Clearing,1789442194,17,0,1
9l3zlzfa,24,hi0vl1bf,489,portfolio,Clearing,1789442194,17,0,1
9l3zlzfa,25,u3a33dgt,489,portfolio,Clearing,1789442194,17,0,1
9l3zlzfa,21,x06ipo6j,489,portfolio,Clearing,1789442194,17,0,1
9l3zlzfa,5,nqlqeq8n,490,portfolio,SyncMarketRound,1789442195,17,0,1
9l3zlzfa,22,n9iynxtq,490,portfolio,SyncMarketRound,1789442195,17,0,1
9l3zlzfa,23,diqkyqqr,490,portfolio,SyncMarketRound,1789442195,17,0,1
9l3zlzfa,24,hi0vl1bf,490,portfolio,SyncMarketRound,1789442195,17,0,1
9l3zlzfa,25,u3a33dgt,490,portfolio,SyncMarketRound,1789442195,17,0,1
9l3zlzfa,7,0yq0zebw,490,portfolio,SyncMarketRound,1789442195,17,0,1
9l3zlzfa,16,7ww48hi4,490,portfolio,SyncMarketRound,1789442195,17,0,1
9l3zlzfa,6,d10dwe1h,490,portfolio,SyncMarketRound,1789442195,17,0,1
9l3zlzfa,1,u4sl54xk,490,portfolio,SyncMarketRound,1789442195,17,0,1
9l3zlzfa,8,7sfhy51b,490,portfolio,SyncMarketRound,1789442195,17,0,1
9l3zlzfa,9,pgjj4tqg,490,portfolio,SyncMarketRound,1789442195,17,0,1
9l3zlzfa,13,0i38ht6y,490,portfolio,SyncMarketRound,1789442195,17,0,1
9l3zlzfa,10,z4s8evj8,490,portfolio,SyncMarketRound,1789442195,17,0,1
9l3zlzfa,17,5fdw0rg1,490,portfolio,SyncMarketRound,1789442195,17,0,1
9l3zlzfa,18,h7o9v437,490,portfolio,SyncMarketRound,1789442195,17,0,1
9l3zlzfa,2,q2jobopa,490,portfolio,SyncMarketRound,1789442195,17,0,1
9l3zlzfa,11,e8h7gvii,490,portfolio,SyncMarketRound,1789442195,17,0,1
9l3zlzfa,12,yt1cbpza,490,portfolio,SyncMarketRound,1789442195,17,0,1
9l3zlzfa,14,xyqf41ao,490,portfolio,SyncMarketRound,1789442195,17,0,1
9l3zlzfa,15,g9pquzkd,490,portfolio,SyncMarketRound,1789442195,17,0,1
9l3zlzfa,3,9xg7erl3,490,portfolio,SyncMarketRound,1789442195,17,0,1
9l3zlzfa,4,ixl976y0,490,portfolio,SyncMarketRound,1789442195,17,0,1
9l3zlzfa,19,9mimenbo,490,portfolio,SyncMarketRound,1789442195,17,0,1
9l3zlzfa,20,hn8non3y,490,portfolio,SyncMarketRound,1789442195,17,0,1
9l3zlzfa,21,x06ipo6j,490,portfolio,SyncMarketRound,1789442195,17,0,1
9l3zlzfa,25,u3a33dgt,517,portfolio,PageBidGenderExp,1789442207,18,0,0
9l3zlzfa,18,h7o9v437,517,portfolio,PageBidGenderExp,1789442210,18,0,0
9l3zlzfa,24,hi0vl1bf,517,portfolio,PageBidGenderExp,1789442213,18,0,0
9l3zlzfa,2,q2jobopa,517,portfolio,PageBidGenderExp,1789442216,18,0,0
9l3zlzfa,16,7ww48hi4,517,portfolio,PageBidGenderExp,1789442216,18,0,0
9l3zlzfa,20,hn8non3y,517,portfolio,PageBidGenderExp,1789442217,18,0,0
9l3zlzfa,5,nqlqeq8n,517,portfolio,PageBidGenderExp,1789442220,18,0,0
9l3zlzfa,14,xyqf41ao,517,portfolio,PageBidGenderExp,1789442220,18,0,0
9l3zlzfa,12,yt1cbpza,517,portfolio,PageBidGenderExp,1789442221,18,0,0
9l3zlzfa,15,g9pquzkd,517,portfolio,PageBidGenderExp,1789442221,18,0,0
9l3zlzfa,17,5fdw0rg1,517,portfolio,PageBidGenderExp,1789442223,18,0,0
9l3zlzfa,7,0yq0zebw,517,portfolio,PageBidGenderExp,1789442227,18,0,0
9l3zlzfa,22,n9iynxtq,517,portfolio,PageBidGenderExp,1789442227,18,0,0
9l3zlzfa,23,diqkyqqr,517,portfolio,PageBidGenderExp,1789442229,18,0,0
9l3zlzfa,13,0i38ht6y,517,portfolio,PageBidGenderExp,1789442230,18,0,0
9l3zlzfa,11,e8h7gvii,517,portfolio,PageBidGenderExp,1789442234,18,0,0
9l3zlzfa,15,g9pquzkd,518,portfolio,Clearing,1789442234,18,0,1
9l3zlzfa,13,0i38ht6y,518,portfolio,Clearing,1789442234,18,0,1
9l3zlzfa,11,e8h7gvii,518,portfolio,Clearing,1789442234,18,0,1
9l3zlzfa,12,yt1cbpza,518,portfolio,Clearing,1789442234,18,0,1
9l3zlzfa,14,xyqf41ao,518,portfolio,Clearing,1789442234,18,0,1
9l3zlzfa,3,9xg7erl3,517,portfolio,PageBidGenderExp,1789442235,18,0,0
9l3zlzfa,8,7sfhy51b,517,portfolio,PageBidGenderExp,1789442240,18,0,0
9l3zlzfa,4,ixl976y0,517,portfolio,PageBidGenderExp,1789442245,18,0,0
9l3zlzfa,9,pgjj4tqg,517,portfolio,PageBidGenderExp,1789442248,18,0,0
9l3zlzfa,6,d10dwe1h,517,portfolio,PageBidGenderExp,1789442249,18,0,0
9l3zlzfa,1,u4sl54xk,517,portfolio,PageBidGenderExp,1789442252,18,0,0
9l3zlzfa,4,ixl976y0,518,portfolio,Clearing,1789442252,18,0,1
9l3zlzfa,5,nqlqeq8n,518,portfolio,Clearing,1789442252,18,0,1
9l3zlzfa,1,u4sl54xk,518,portfolio,Clearing,1789442252,18,0,1
9l3zlzfa,2,q2jobopa,518,portfolio,Clearing,1789442252,18,0,1
9l3zlzfa,3,9xg7erl3,518,portfolio,Clearing,1789442252,18,0,1
9l3zlzfa,10,z4s8evj8,517,portfolio,PageBidGenderExp,1789442253,18,0,0
9l3zlzfa,6,d10dwe1h,518,portfolio,Clearing,1789442253,18,0,1
9l3zlzfa,7,0yq0zebw,518,portfolio,Clearing,1789442253,18,0,1
9l3zlzfa,8,7sfhy51b,518,portfolio,Clearing,1789442253,18,0,1
9l3zlzfa,9,pgjj4tqg,518,portfolio,Clearing,1789442253,18,0,1
9l3zlzfa,10,z4s8evj8,518,portfolio,Clearing,1789442253,18,0,1
9l3zlzfa,19,9mimenbo,517,portfolio,PageBidGenderExp,1789442279,18,0,0
9l3zlzfa,16,7ww48hi4,518,portfolio,Clearing,1789442279,18,0,1
9l3zlzfa,17,5fdw0rg1,518,portfolio,Clearing,1789442279,18,0,1
9l3zlzfa,18,h7o9v437,518,portfolio,Clearing,1789442279,18,0,1
9l3zlzfa,19,9mimenbo,518,portfolio,Clearing,1789442279,18,0,1
9l3zlzfa,20,hn8non3y,518,portfolio,Clearing,1789442279,18,0,1
9l3zlzfa,21,x06ipo6j,517,portfolio,PageBidGenderExp,1789442335,18,0,0
9l3zlzfa,21,x06ipo6j,518,portfolio,Clearing,1789442335,18,0,1
9l3zlzfa,23,diqkyqqr,518,portfolio,Clearing,1789442335,18,0,1
9l3zlzfa,24,hi0vl1bf,518,portfolio,Clearing,1789442335,18,0,1
9l3zlzfa,25,u3a33dgt,518,portfolio,Clearing,1789442335,18,0,1
9l3zlzfa,22,n9iynxtq,518,portfolio,Clearing,1789442335,18,0,1
9l3zlzfa,15,g9pquzkd,519,portfolio,SyncMarketRound,1789442336,18,0,1
9l3zlzfa,4,ixl976y0,519,portfolio,SyncMarketRound,1789442336,18,0,1
9l3zlzfa,5,nqlqeq8n,519,portfolio,SyncMarketRound,1789442336,18,0,1
9l3zlzfa,21,x06ipo6j,519,portfolio,SyncMarketRound,1789442336,18,0,1
9l3zlzfa,23,diqkyqqr,519,portfolio,SyncMarketRound,1789442336,18,0,1
9l3zlzfa,24,hi0vl1bf,519,portfolio,SyncMarketRound,1789442336,18,0,1
9l3zlzfa,6,d10dwe1h,519,portfolio,SyncMarketRound,1789442336,18,0,1
9l3zlzfa,7,0yq0zebw,519,portfolio,SyncMarketRound,1789442336,18,0,1
9l3zlzfa,16,7ww48hi4,519,portfolio,SyncMarketRound,1789442336,18,0,1
9l3zlzfa,8,7sfhy51b,519,portfolio,SyncMarketRound,1789442336,18,0,1
9l3zlzfa,25,u3a33dgt,519,portfolio,SyncMarketRound,1789442336,18,0,1
9l3zlzfa,17,5fdw0rg1,519,portfolio,SyncMarketRound,1789442336,18,0,1
9l3zlzfa,22,n9iynxtq,519,portfolio,SyncMarketRound,1789442336,18,0,1
9l3zlzfa,13,0i38ht6y,519,portfolio,SyncMarketRound,1789442336,18,0,1
9l3zlzfa,18,h7o9v437,519,portfolio,SyncMarketRound,1789442336,18,0,1
9l3zlzfa,11,e8h7gvii,519,portfolio,SyncMarketRound,1789442336,18,0,1
9l3zlzfa,12,yt1cbpza,519,portfolio,SyncMarketRound,1789442336,18,0,1
9l3zlzfa,14,xyqf41ao,519,portfolio,SyncMarketRound,1789442336,18,0,1
9l3zlzfa,19,9mimenbo,519,portfolio,SyncMarketRound,1789442336,18,0,1
9l3zlzfa,9,pgjj4tqg,519,portfolio,SyncMarketRound,1789442336,18,0,1
9l3zlzfa,1,u4sl54xk,519,portfolio,SyncMarketRound,1789442336,18,0,1
9l3zlzfa,2,q2jobopa,519,portfolio,SyncMarketRound,1789442336,18,0,1
9l3zlzfa,3,9xg7erl3,519,portfolio,SyncMarketRound,1789442336,18,0,1
9l3zlzfa,10,z4s8evj8,519,portfolio,SyncMarketRound,1789442336,18,0,1
9l3zlzfa,20,hn8non3y,519,portfolio,SyncMarketRound,1789442336,18,0,1
9l3zlzfa,23,diqkyqqr,546,portfolio,PageBidGenderExp,1789442350,19,0,0
9l3zlzfa,18,h7o9v437,546,portfolio,PageBidGenderExp,1789442350,19,0,0
9l3zlzfa,24,hi0vl1bf,546,portfolio,PageBidGenderExp,1789442352,19,0,0
9l3zlzfa,22,n9iynxtq,546,portfolio,PageBidGenderExp,1789442355,19,0,0
9l3zlzfa,20,hn8non3y,546,portfolio,PageBidGenderExp,1789442356,19,0,0
9l3zlzfa,16,7ww48hi4,546,portfolio,PageBidGenderExp,1789442361,19,0,0
9l3zlzfa,6,d10dwe1h,546,portfolio,PageBidGenderExp,1789442366,19,0,0
9l3zlzfa,12,yt1cbpza,546,portfolio,PageBidGenderExp,1789442368,19,0,0
9l3zlzfa,2,q2jobopa,546,portfolio,PageBidGenderExp,1789442369,19,0,0
9l3zlzfa,15,g9pquzkd,546,portfolio,PageBidGenderExp,1789442369,19,0,0
9l3zlzfa,11,e8h7gvii,546,portfolio,PageBidGenderExp,1789442370,19,0,0
9l3zlzfa,17,5fdw0rg1,546,portfolio,PageBidGenderExp,1789442371,19,0,0
9l3zlzfa,8,7sfhy51b,546,portfolio,PageBidGenderExp,1789442374,19,0,0
9l3zlzfa,14,xyqf41ao,546,portfolio,PageBidGenderExp,1789442375,19,0,0
9l3zlzfa,1,u4sl54xk,546,portfolio,PageBidGenderExp,1789442377,19,0,0
9l3zlzfa,21,x06ipo6j,546,portfolio,PageBidGenderExp,1789442377,19,0,0
9l3zlzfa,10,z4s8evj8,546,portfolio,PageBidGenderExp,1789442381,19,0,0
9l3zlzfa,5,nqlqeq8n,546,portfolio,PageBidGenderExp,1789442384,19,0,0
9l3zlzfa,9,pgjj4tqg,546,portfolio,PageBidGenderExp,1789442386,19,0,0
9l3zlzfa,4,ixl976y0,546,portfolio,PageBidGenderExp,1789442388,19,0,0
9l3zlzfa,25,u3a33dgt,546,portfolio,PageBidGenderExp,1789442404,19,0,0
9l3zlzfa,21,x06ipo6j,547,portfolio,Clearing,1789442404,19,0,1
9l3zlzfa,22,n9iynxtq,547,portfolio,Clearing,1789442404,19,0,1
9l3zlzfa,23,diqkyqqr,547,portfolio,Clearing,1789442404,19,0,1
9l3zlzfa,24,hi0vl1bf,547,portfolio,Clearing,1789442404,19,0,1
9l3zlzfa,25,u3a33dgt,547,portfolio,Clearing,1789442404,19,0,1
9l3zlzfa,7,0yq0zebw,546,portfolio,PageBidGenderExp,1789442416,19,0,0
9l3zlzfa,13,0i38ht6y,546,portfolio,PageBidGenderExp,1789442416,19,0,0
9l3zlzfa,10,z4s8evj8,547,portfolio,Clearing,1789442416,19,0,1
9l3zlzfa,6,d10dwe1h,547,portfolio,Clearing,1789442416,19,0,1
9l3zlzfa,7,0yq0zebw,547,portfolio,Clearing,1789442416,19,0,1
9l3zlzfa,8,7sfhy51b,547,portfolio,Clearing,1789442416,19,0,1
9l3zlzfa,9,pgjj4tqg,547,portfolio,Clearing,1789442416,19,0,1
9l3zlzfa,19,9mimenbo,546,portfolio,PageBidGenderExp,1789442417,19,0,0
9l3zlzfa,11,e8h7gvii,547,portfolio,Clearing,1789442417,19,0,1
9l3zlzfa,12,yt1cbpza,547,portfolio,Clearing,1789442417,19,0,1
9l3zlzfa,14,xyqf41ao,547,portfolio,Clearing,1789442417,19,0,1
9l3zlzfa,13,0i38ht6y,547,portfolio,Clearing,1789442417,19,0,1
9l3zlzfa,15,g9pquzkd,547,portfolio,Clearing,1789442417,19,0,1
9l3zlzfa,16,7ww48hi4,547,portfolio,Clearing,1789442417,19,0,1
9l3zlzfa,17,5fdw0rg1,547,portfolio,Clearing,1789442417,19,0,1
9l3zlzfa,18,h7o9v437,547,portfolio,Clearing,1789442417,19,0,1
9l3zlzfa,19,9mimenbo,547,portfolio,Clearing,1789442417,19,0,1
9l3zlzfa,20,hn8non3y,547,portfolio,Clearing,1789442417,19,0,1
9l3zlzfa,3,9xg7erl3,546,portfolio,PageBidGenderExp,1789442423,19,0,0
9l3zlzfa,1,u4sl54xk,547,portfolio,Clearing,1789442424,19,0,1
9l3zlzfa,2,q2jobopa,547,portfolio,Clearing,1789442424,19,0,1
9l3zlzfa,3,9xg7erl3,547,portfolio,Clearing,1789442424,19,0,1
9l3zlzfa,4,ixl976y0,547,portfolio,Clearing,1789442424,19,0,1
9l3zlzfa,5,nqlqeq8n,547,portfolio,Clearing,1789442424,19,0,1
9l3zlzfa,10,z4s8evj8,548,portfolio,SyncMarketRound,1789442424,19,0,1
9l3zlzfa,16,7ww48hi4,548,portfolio,SyncMarketRound,1789442424,19,0,1
9l3zlzfa,11,e8h7gvii,548,portfolio,SyncMarketRound,1789442424,19,0,1
9l3zlzfa,1,u4sl54xk,548,portfolio,SyncMarketRound,1789442424,19,0,1
9l3zlzfa,2,q2jobopa,548,portfolio,SyncMarketRound,1789442424,19,0,1
9l3zlzfa,12,yt1cbpza,548,portfolio,SyncMarketRound,1789442424,19,0,1
9l3zlzfa,14,xyqf41ao,548,portfolio,SyncMarketRound,1789442424,19,0,1
9l3zlzfa,13,0i38ht6y,548,portfolio,SyncMarketRound,1789442424,19,0,1
9l3zlzfa,15,g9pquzkd,548,portfolio,SyncMarketRound,1789442424,19,0,1
9l3zlzfa,3,9xg7erl3,548,portfolio,SyncMarketRound,1789442424,19,0,1
9l3zlzfa,4,ixl976y0,548,portfolio,SyncMarketRound,1789442424,19,0,1
9l3zlzfa,6,d10dwe1h,548,portfolio,SyncMarketRound,1789442424,19,0,1
9l3zlzfa,7,0yq0zebw,548,portfolio,SyncMarketRound,1789442424,19,0,1
9l3zlzfa,8,7sfhy51b,548,portfolio,SyncMarketRound,1789442424,19,0,1
9l3zlzfa,9,pgjj4tqg,548,portfolio,SyncMarketRound,1789442424,19,0,1
9l3zlzfa,5,nqlqeq8n,548,portfolio,SyncMarketRound,1789442424,19,0,1
9l3zlzfa,17,5fdw0rg1,548,portfolio,SyncMarketRound,1789442424,19,0,1
9l3zlzfa,18,h7o9v437,548,portfolio,SyncMarketRound,1789442424,19,0,1
9l3zlzfa,21,x06ipo6j,548,portfolio,SyncMarketRound,1789442424,19,0,1
9l3zlzfa,19,9mimenbo,548,portfolio,SyncMarketRound,1789442424,19,0,1
9l3zlzfa,22,n9iynxtq,548,portfolio,SyncMarketRound,1789442424,19,0,1
9l3zlzfa,23,diqkyqqr,548,portfolio,SyncMarketRound,1789442424,19,0,1
9l3zlzfa,24,hi0vl1bf,548,portfolio,SyncMarketRound,1789442424,19,0,1
9l3zlzfa,25,u3a33dgt,548,portfolio,SyncMarketRound,1789442424,19,0,1
9l3zlzfa,20,hn8non3y,548,portfolio,SyncMarketRound,1789442424,19,0,1
9l3zlzfa,18,h7o9v437,575,portfolio,PageBidGenderExp,1789442439,20,0,0
9l3zlzfa,22,n9iynxtq,575,portfolio,PageBidGenderExp,1789442443,20,0,0
9l3zlzfa,16,7ww48hi4,575,portfolio,PageBidGenderExp,1789442443,20,0,0
9l3zlzfa,6,d10dwe1h,575,portfolio,PageBidGenderExp,1789442445,20,0,0
9l3zlzfa,8,7sfhy51b,575,portfolio,PageBidGenderExp,1789442447,20,0,0
9l3zlzfa,20,hn8non3y,575,portfolio,PageBidGenderExp,1789442449,20,0,0
9l3zlzfa,24,hi0vl1bf,575,portfolio,PageBidGenderExp,1789442451,20,0,0
9l3zlzfa,10,z4s8evj8,575,portfolio,PageBidGenderExp,1789442454,20,0,0
9l3zlzfa,2,q2jobopa,575,portfolio,PageBidGenderExp,1789442455,20,0,0
9l3zlzfa,13,0i38ht6y,575,portfolio,PageBidGenderExp,1789442456,20,0,0
9l3zlzfa,14,xyqf41ao,575,portfolio,PageBidGenderExp,1789442457,20,0,0
9l3zlzfa,17,5fdw0rg1,575,portfolio,PageBidGenderExp,1789442458,20,0,0
9l3zlzfa,15,g9pquzkd,575,portfolio,PageBidGenderExp,1789442459,20,0,0
9l3zlzfa,23,diqkyqqr,575,portfolio,PageBidGenderExp,1789442459,20,0,0
9l3zlzfa,4,ixl976y0,575,portfolio,PageBidGenderExp,1789442459,20,0,0
9l3zlzfa,25,u3a33dgt,575,portfolio,PageBidGenderExp,1789442464,20,0,0
9l3zlzfa,9,pgjj4tqg,575,portfolio,PageBidGenderExp,1789442465,20,0,0
9l3zlzfa,7,0yq0zebw,575,portfolio,PageBidGenderExp,1789442468,20,0,0
9l3zlzfa,6,d10dwe1h,576,portfolio,Clearing,1789442468,20,0,1
9l3zlzfa,7,0yq0zebw,576,portfolio,Clearing,1789442468,20,0,1
9l3zlzfa,8,7sfhy51b,576,portfolio,Clearing,1789442468,20,0,1
9l3zlzfa,9,pgjj4tqg,576,portfolio,Clearing,1789442468,20,0,1
9l3zlzfa,10,z4s8evj8,576,portfolio,Clearing,1789442468,20,0,1
9l3zlzfa,5,nqlqeq8n,575,portfolio,PageBidGenderExp,1789442469,20,0,0
9l3zlzfa,21,x06ipo6j,575,portfolio,PageBidGenderExp,1789442478,20,0,0
9l3zlzfa,22,n9iynxtq,576,portfolio,Clearing,1789442479,20,0,1
9l3zlzfa,21,x06ipo6j,576,portfolio,Clearing,1789442479,20,0,1
9l3zlzfa,23,diqkyqqr,576,portfolio,Clearing,1789442479,20,0,1
9l3zlzfa,24,hi0vl1bf,576,portfolio,Clearing,1789442479,20,0,1
9l3zlzfa,25,u3a33dgt,576,portfolio,Clearing,1789442479,20,0,1
9l3zlzfa,12,yt1cbpza,575,portfolio,PageBidGenderExp,1789442485,20,0,0
9l3zlzfa,19,9mimenbo,575,portfolio,PageBidGenderExp,1789442503,20,0,0
9l3zlzfa,16,7ww48hi4,576,portfolio,Clearing,1789442504,20,0,1
9l3zlzfa,17,5fdw0rg1,576,portfolio,Clearing,1789442504,20,0,1
9l3zlzfa,18,h7o9v437,576,portfolio,Clearing,1789442504,20,0,1
9l3zlzfa,19,9mimenbo,576,portfolio,Clearing,1789442504,20,0,1
9l3zlzfa,20,hn8non3y,576,portfolio,Clearing,1789442504,20,0,1
9l3zlzfa,1,u4sl54xk,575,portfolio,PageBidGenderExp,1789442507,20,0,0
9l3zlzfa,11,e8h7gvii,575,portfolio,PageBidGenderExp,1789442508,20,0,0
9l3zlzfa,11,e8h7gvii,576,portfolio,Clearing,1789442508,20,0,1
9l3zlzfa,12,yt1cbpza,576,portfolio,Clearing,1789442508,20,0,1
9l3zlzfa,13,0i38ht6y,576,portfolio,Clearing,1789442508,20,0,1
9l3zlzfa,14,xyqf41ao,576,portfolio,Clearing,1789442508,20,0,1
9l3zlzfa,15,g9pquzkd,576,portfolio,Clearing,1789442508,20,0,1
9l3zlzfa,3,9xg7erl3,575,portfolio,PageBidGenderExp,1789442509,20,0,0
9l3zlzfa,5,nqlqeq8n,576,portfolio,Clearing,1789442509,20,0,1
9l3zlzfa,1,u4sl54xk,576,portfolio,Clearing,1789442509,20,0,1
9l3zlzfa,2,q2jobopa,576,portfolio,Clearing,1789442509,20,0,1
9l3zlzfa,3,9xg7erl3,576,portfolio,Clearing,1789442509,20,0,1
9l3zlzfa,4,ixl976y0,576,portfolio,Clearing,1789442509,20,0,1
9l3zlzfa,1,u4sl54xk,577,portfolio,SyncMarketRound,1789442516,20,0,1
9l3zlzfa,23,diqkyqqr,577,portfolio,SyncMarketRound,1789442516,20,0,1
9l3zlzfa,2,q2jobopa,577,portfolio,SyncMarketRound,1789442516,20,0,1
9l3zlzfa,7,0yq0zebw,577,portfolio,SyncMarketRound,1789442516,20,0,1
9l3zlzfa,3,9xg7erl3,577,portfolio,SyncMarketRound,1789442516,20,0,1
9l3zlzfa,13,0i38ht6y,577,portfolio,SyncMarketRound,1789442516,20,0,1
9l3zlzfa,14,xyqf41ao,577,portfolio,SyncMarketRound,1789442516,20,0,1
9l3zlzfa,24,hi0vl1bf,577,portfolio,SyncMarketRound,1789442516,20,0,1
9l3zlzfa,4,ixl976y0,577,portfolio,SyncMarketRound,1789442516,20,0,1
9l3zlzfa,5,nqlqeq8n,577,portfolio,SyncMarketRound,1789442516,20,0,1
9l3zlzfa,6,d10dwe1h,577,portfolio,SyncMarketRound,1789442516,20,0,1
9l3zlzfa,15,g9pquzkd,577,portfolio,SyncMarketRound,1789442516,20,0,1
9l3zlzfa,8,7sfhy51b,577,portfolio,SyncMarketRound,1789442516,20,0,1
9l3zlzfa,17,5fdw0rg1,577,portfolio,SyncMarketRound,1789442516,20,0,1
9l3zlzfa,9,pgjj4tqg,577,portfolio,SyncMarketRound,1789442516,20,0,1
9l3zlzfa,19,9mimenbo,577,portfolio,SyncMarketRound,1789442516,20,0,1
9l3zlzfa,25,u3a33dgt,577,portfolio,SyncMarketRound,1789442516,20,0,1
9l3zlzfa,10,z4s8evj8,577,portfolio,SyncMarketRound,1789442516,20,0,1
9l3zlzfa,11,e8h7gvii,577,portfolio,SyncMarketRound,1789442516,20,0,1
9l3zlzfa,12,yt1cbpza,577,portfolio,SyncMarketRound,1789442516,20,0,1
9l3zlzfa,16,7ww48hi4,577,portfolio,SyncMarketRound,1789442516,20,0,1
9l3zlzfa,18,h7o9v437,577,portfolio,SyncMarketRound,1789442516,20,0,1
9l3zlzfa,20,hn8non3y,577,portfolio,SyncMarketRound,1789442516,20,0,1
9l3zlzfa,21,x06ipo6j,577,portfolio,SyncMarketRound,1789442516,20,0,1
9l3zlzfa,22,n9iynxtq,577,portfolio,SyncMarketRound,1789442516,20,0,1
9l3zlzfa,21,x06ipo6j,579,portfolio,PageHistoryGenderExp,1789442521,20,0,0
9l3zlzfa,18,h7o9v437,579,portfolio,PageHistoryGenderExp,1789442521,20,0,0
9l3zlzfa,5,nqlqeq8n,579,portfolio,PageHistoryGenderExp,1789442522,20,0,0
9l3zlzfa,3,9xg7erl3,579,portfolio,PageHistoryGenderExp,1789442522,20,0,0
9l3zlzfa,18,h7o9v437,580,portfolio,Results,1789442523,20,0,0
9l3zlzfa,22,n9iynxtq,579,portfolio,PageHistoryGenderExp,1789442523,20,0,0
9l3zlzfa,24,hi0vl1bf,579,portfolio,PageHistoryGenderExp,1789442524,20,0,0
9l3zlzfa,5,nqlqeq8n,580,portfolio,Results,1789442525,20,0,0
9l3zlzfa,3,9xg7erl3,580,portfolio,Results,1789442525,20,0,0
9l3zlzfa,7,0yq0zebw,579,portfolio,PageHistoryGenderExp,1789442525,20,0,0
9l3zlzfa,25,u3a33dgt,579,portfolio,PageHistoryGenderExp,1789442525,20,0,0
9l3zlzfa,21,x06ipo6j,580,portfolio,Results,1789442525,20,0,0
9l3zlzfa,6,d10dwe1h,579,portfolio,PageHistoryGenderExp,1789442526,20,0,0
9l3zlzfa,9,pgjj4tqg,579,portfolio,PageHistoryGenderExp,1789442526,20,0,0
9l3zlzfa,24,hi0vl1bf,580,portfolio,Results,1789442527,20,0,0
9l3zlzfa,16,7ww48hi4,579,portfolio,PageHistoryGenderExp,1789442527,20,0,0
9l3zlzfa,22,n9iynxtq,580,portfolio,Results,1789442527,20,0,0
9l3zlzfa,14,xyqf41ao,579,portfolio,PageHistoryGenderExp,1789442527,20,0,0
9l3zlzfa,7,0yq0zebw,580,portfolio,Results,1789442528,20,0,0
9l3zlzfa,9,pgjj4tqg,580,portfolio,Results,1789442528,20,0,0
9l3zlzfa,25,u3a33dgt,580,portfolio,Results,1789442529,20,0,0
9l3zlzfa,11,e8h7gvii,579,portfolio,PageHistoryGenderExp,1789442529,20,0,0
9l3zlzfa,16,7ww48hi4,580,portfolio,Results,1789442529,20,0,0
9l3zlzfa,6,d10dwe1h,580,portfolio,Results,1789442529,20,0,0
9l3zlzfa,4,ixl976y0,579,portfolio,PageHistoryGenderExp,1789442530,20,0,0
9l3zlzfa,2,q2jobopa,579,portfolio,PageHistoryGenderExp,1789442530,20,0,0
9l3zlzfa,1,u4sl54xk,579,portfolio,PageHistoryGenderExp,1789442531,20,0,0
9l3zlzfa,13,0i38ht6y,579,portfolio,PageHistoryGenderExp,1789442531,20,0,0
9l3zlzfa,15,g9pquzkd,579,portfolio,PageHistoryGenderExp,1789442531,20,0,0
9l3zlzfa,11,e8h7gvii,580,portfolio,Results,1789442532,20,0,0
9l3zlzfa,12,yt1cbpza,579,portfolio,PageHistoryGenderExp,1789442532,20,0,0
9l3zlzfa,4,ixl976y0,580,portfolio,Results,1789442532,20,0,0
9l3zlzfa,14,xyqf41ao,580,portfolio,Results,1789442532,20,0,0
9l3zlzfa,2,q2jobopa,580,portfolio,Results,1789442532,20,0,0
9l3zlzfa,23,diqkyqqr,579,portfolio,PageHistoryGenderExp,1789442533,20,0,0
9l3zlzfa,1,u4sl54xk,580,portfolio,Results,1789442533,20,0,0
9l3zlzfa,15,g9pquzkd,580,portfolio,Results,1789442534,20,0,0
9l3zlzfa,13,0i38ht6y,580,portfolio,Results,1789442534,20,0,0
9l3zlzfa,17,5fdw0rg1,579,portfolio,PageHistoryGenderExp,1789442534,20,0,0
9l3zlzfa,12,yt1cbpza,580,portfolio,Results,1789442535,20,0,0
9l3zlzfa,17,5fdw0rg1,580,portfolio,Results,1789442536,20,0,0
9l3zlzfa,20,hn8non3y,579,portfolio,PageHistoryGenderExp,1789442537,20,0,0
9l3zlzfa,23,diqkyqqr,580,portfolio,Results,1789442538,20,0,0
9l3zlzfa,10,z4s8evj8,579,portfolio,PageHistoryGenderExp,1789442538,20,0,0
9l3zlzfa,8,7sfhy51b,579,portfolio,PageHistoryGenderExp,1789442539,20,0,0
9l3zlzfa,20,hn8non3y,580,portfolio,Results,1789442539,20,0,0
9l3zlzfa,10,z4s8evj8,580,portfolio,Results,1789442540,20,0,0
9l3zlzfa,8,7sfhy51b,580,portfolio,Results,1789442542,20,0,0
9l3zlzfa,19,9mimenbo,579,portfolio,PageHistoryGenderExp,1789442556,20,0,0
9l3zlzfa,19,9mimenbo,580,portfolio,Results,1789442559,20,0,0
9l3zlzfa,22,n9iynxtq,581,survey_ntu,Demographics,1789442592,1,0,0
9l3zlzfa,20,hn8non3y,581,survey_ntu,Demographics,1789442602,1,0,0
9l3zlzfa,14,xyqf41ao,581,survey_ntu,Demographics,1789442609,1,0,0
9l3zlzfa,24,hi0vl1bf,581,survey_ntu,Demographics,1789442615,1,0,0
9l3zlzfa,15,g9pquzkd,581,survey_ntu,Demographics,1789442618,1,0,0
9l3zlzfa,16,7ww48hi4,581,survey_ntu,Demographics,1789442621,1,0,0
9l3zlzfa,22,n9iynxtq,582,survey_ntu,Attitudes,1789442622,1,0,0
9l3zlzfa,18,h7o9v437,581,survey_ntu,Demographics,1789442623,1,0,0
9l3zlzfa,2,q2jobopa,581,survey_ntu,Demographics,1789442631,1,0,0
9l3zlzfa,4,ixl976y0,581,survey_ntu,Demographics,1789442634,1,0,0
9l3zlzfa,20,hn8non3y,582,survey_ntu,Attitudes,1789442635,1,0,0
9l3zlzfa,22,n9iynxtq,583,survey_ntu,InstructionsDictator,1789442637,1,0,0
9l3zlzfa,14,xyqf41ao,582,survey_ntu,Attitudes,1789442641,1,0,0
9l3zlzfa,18,h7o9v437,582,survey_ntu,Attitudes,1789442642,1,0,0
9l3zlzfa,24,hi0vl1bf,582,survey_ntu,Attitudes,1789442642,1,0,0
9l3zlzfa,5,nqlqeq8n,581,survey_ntu,Demographics,1789442642,1,0,0
9l3zlzfa,16,7ww48hi4,582,survey_ntu,Attitudes,1789442644,1,0,0
9l3zlzfa,18,h7o9v437,583,survey_ntu,InstructionsDictator,1789442646,1,0,0
9l3zlzfa,22,n9iynxtq,584,survey_ntu,Dictator,1789442646,1,0,0
9l3zlzfa,7,0yq0zebw,581,survey_ntu,Demographics,1789442648,1,0,0
9l3zlzfa,20,hn8non3y,583,survey_ntu,InstructionsDictator,1789442649,1,0,0
9l3zlzfa,18,h7o9v437,584,survey_ntu,Dictator,1789442651,1,0,0
9l3zlzfa,24,hi0vl1bf,583,survey_ntu,InstructionsDictator,1789442652,1,0,0
9l3zlzfa,10,z4s8evj8,581,survey_ntu,Demographics,1789442655,1,0,0
9l3zlzfa,20,hn8non3y,584,survey_ntu,Dictator,1789442657,1,0,0
9l3zlzfa,16,7ww48hi4,583,survey_ntu,InstructionsDictator,1789442658,1,0,0
9l3zlzfa,6,d10dwe1h,581,survey_ntu,Demographics,1789442658,1,0,0
9l3zlzfa,24,hi0vl1bf,584,survey_ntu,Dictator,1789442659,1,0,0
9l3zlzfa,2,q2jobopa,582,survey_ntu,Attitudes,1789442660,1,0,0
9l3zlzfa,2,q2jobopa,583,survey_ntu,InstructionsDictator,1789442662,1,0,0
9l3zlzfa,15,g9pquzkd,582,survey_ntu,Attitudes,1789442666,1,0,0
9l3zlzfa,16,7ww48hi4,584,survey_ntu,Dictator,1789442667,1,0,0
9l3zlzfa,6,d10dwe1h,582,survey_ntu,Attitudes,1789442667,1,0,0
9l3zlzfa,3,9xg7erl3,581,survey_ntu,Demographics,1789442668,1,0,0
9l3zlzfa,15,g9pquzkd,583,survey_ntu,InstructionsDictator,1789442671,1,0,0
9l3zlzfa,2,q2jobopa,584,survey_ntu,Dictator,1789442673,1,0,0
9l3zlzfa,14,xyqf41ao,583,survey_ntu,InstructionsDictator,1789442674,1,0,0
9l3zlzfa,5,nqlqeq8n,582,survey_ntu,Attitudes,1789442679,1,0,0
9l3zlzfa,1,u4sl54xk,581,survey_ntu,Demographics,1789442679,1,0,0
9l3zlzfa,13,0i38ht6y,581,survey_ntu,Demographics,1789442681,1,0,0
9l3zlzfa,21,x06ipo6j,581,survey_ntu,Demographics,1789442683,1,0,0
9l3zlzfa,6,d10dwe1h,583,survey_ntu,InstructionsDictator,1789442685,1,0,0
9l3zlzfa,10,z4s8evj8,582,survey_ntu,Attitudes,1789442685,1,0,0
9l3zlzfa,7,0yq0zebw,582,survey_ntu,Attitudes,1789442685,1,0,0
9l3zlzfa,19,9mimenbo,581,survey_ntu,Demographics,1789442687,1,0,0
9l3zlzfa,7,0yq0zebw,583,survey_ntu,InstructionsDictator,1789442687,1,0,0
9l3zlzfa,14,xyqf41ao,584,survey_ntu,Dictator,1789442690,1,0,0
9l3zlzfa,15,g9pquzkd,584,survey_ntu,Dictator,1789442692,1,0,0
9l3zlzfa,5,nqlqeq8n,583,survey_ntu,InstructionsDictator,1789442698,1,0,0
9l3zlzfa,6,d10dwe1h,584,survey_ntu,Dictator,1789442700,1,0,0
9l3zlzfa,3,9xg7erl3,582,survey_ntu,Attitudes,1789442702,1,0,0
9l3zlzfa,23,diqkyqqr,581,survey_ntu,Demographics,1789442704,1,0,0
9l3zlzfa,10,z4s8evj8,583,survey_ntu,InstructionsDictator,1789442704,1,0,0
9l3zlzfa,19,9mimenbo,582,survey_ntu,Attitudes,1789442705,1,0,0
9l3zlzfa,7,0yq0zebw,584,survey_ntu,Dictator,1789442708,1,0,0
9l3zlzfa,9,pgjj4tqg,581,survey_ntu,Demographics,1789442709,1,0,0
9l3zlzfa,5,nqlqeq8n,584,survey_ntu,Dictator,1789442710,1,0,0
9l3zlzfa,3,9xg7erl3,583,survey_ntu,InstructionsDictator,1789442713,1,0,0
9l3zlzfa,10,z4s8evj8,584,survey_ntu,Dictator,1789442715,1,0,0
9l3zlzfa,13,0i38ht6y,582,survey_ntu,Attitudes,1789442718,1,0,0
9l3zlzfa,3,9xg7erl3,584,survey_ntu,Dictator,1789442721,1,0,0
9l3zlzfa,11,e8h7gvii,581,survey_ntu,Demographics,1789442722,1,0,0
9l3zlzfa,21,x06ipo6j,582,survey_ntu,Attitudes,1789442724,1,0,0
9l3zlzfa,4,ixl976y0,582,survey_ntu,Attitudes,1789442725,1,0,0
9l3zlzfa,12,yt1cbpza,581,survey_ntu,Demographics,1789442732,1,0,0
9l3zlzfa,9,pgjj4tqg,582,survey_ntu,Attitudes,1789442736,1,0,0
9l3zlzfa,19,9mimenbo,583,survey_ntu,InstructionsDictator,1789442737,1,0,0
9l3zlzfa,21,x06ipo6j,583,survey_ntu,InstructionsDictator,1789442737,1,0,0
9l3zlzfa,25,u3a33dgt,581,survey_ntu,Demographics,1789442741,1,0,0
9l3zlzfa,9,pgjj4tqg,583,survey_ntu,InstructionsDictator,1789442744,1,0,0
9l3zlzfa,13,0i38ht6y,583,survey_ntu,InstructionsDictator,1789442748,1,0,0
9l3zlzfa,19,9mimenbo,584,survey_ntu,Dictator,1789442749,1,0,0
9l3zlzfa,1,u4sl54xk,582,survey_ntu,Attitudes,1789442750,1,0,0
9l3zlzfa,25,u3a33dgt,582,survey_ntu,Attitudes,1789442750,1,0,0
9l3zlzfa,9,pgjj4tqg,584,survey_ntu,Dictator,1789442754,1,0,0
9l3zlzfa,21,x06ipo6j,584,survey_ntu,Dictator,1789442758,1,0,0
9l3zlzfa,23,diqkyqqr,582,survey_ntu,Attitudes,1789442758,1,0,0
9l3zlzfa,12,yt1cbpza,582,survey_ntu,Attitudes,1789442758,1,0,0
9l3zlzfa,11,e8h7gvii,582,survey_ntu,Attitudes,1789442759,1,0,0
9l3zlzfa,13,0i38ht6y,584,survey_ntu,Dictator,1789442764,1,0,0
9l3zlzfa,25,u3a33dgt,583,survey_ntu,InstructionsDictator,1789442767,1,0,0
9l3zlzfa,4,ixl976y0,583,survey_ntu,InstructionsDictator,1789442772,1,0,0
9l3zlzfa,17,5fdw0rg1,581,survey_ntu,Demographics,1789442772,1,0,0
9l3zlzfa,1,u4sl54xk,583,survey_ntu,InstructionsDictator,1789442773,1,0,0
9l3zlzfa,25,u3a33dgt,584,survey_ntu,Dictator,1789442779,1,0,0
9l3zlzfa,12,yt1cbpza,583,survey_ntu,InstructionsDictator,1789442783,1,0,0
9l3zlzfa,1,u4sl54xk,584,survey_ntu,Dictator,1789442794,1,0,0
9l3zlzfa,12,yt1cbpza,584,survey_ntu,Dictator,1789442794,1,0,0
9l3zlzfa,23,diqkyqqr,583,survey_ntu,InstructionsDictator,1789442803,1,0,0
9l3zlzfa,8,7sfhy51b,581,survey_ntu,Demographics,1789442803,1,0,0
9l3zlzfa,4,ixl976y0,584,survey_ntu,Dictator,1789442805,1,0,0
9l3zlzfa,11,e8h7gvii,583,survey_ntu,InstructionsDictator,1789442807,1,0,0
9l3zlzfa,23,diqkyqqr,584,survey_ntu,Dictator,1789442810,1,0,0
9l3zlzfa,17,5fdw0rg1,582,survey_ntu,Attitudes,1789442813,1,0,0
9l3zlzfa,11,e8h7gvii,584,survey_ntu,Dictator,1789442819,1,0,0
9l3zlzfa,17,5fdw0rg1,583,survey_ntu,InstructionsDictator,1789442825,1,0,0
9l3zlzfa,8,7sfhy51b,582,survey_ntu,Attitudes,1789442838,1,0,0
9l3zlzfa,17,5fdw0rg1,584,survey_ntu,Dictator,1789442856,1,0,0
9l3zlzfa,8,7sfhy51b,583,survey_ntu,InstructionsDictator,1789442865,1,0,0
9l3zlzfa,8,7sfhy51b,584,survey_ntu,Dictator,1789442871,1,0,0
9l3zlzfa,23,diqkyqqr,585,FinalPage,PairingWaitPage,1789442872,1,0,1
9l3zlzfa,4,ixl976y0,585,FinalPage,PairingWaitPage,1789442872,1,0,1
9l3zlzfa,15,g9pquzkd,585,FinalPage,PairingWaitPage,1789442872,1,0,1
9l3zlzfa,18,h7o9v437,585,FinalPage,PairingWaitPage,1789442872,1,0,1
9l3zlzfa,19,9mimenbo,585,FinalPage,PairingWaitPage,1789442872,1,0,1
9l3zlzfa,20,hn8non3y,585,FinalPage,PairingWaitPage,1789442872,1,0,1
9l3zlzfa,1,u4sl54xk,585,FinalPage,PairingWaitPage,1789442872,1,0,1
9l3zlzfa,12,yt1cbpza,585,FinalPage,PairingWaitPage,1789442872,1,0,1
9l3zlzfa,6,d10dwe1h,585,FinalPage,PairingWaitPage,1789442872,1,0,1
9l3zlzfa,21,x06ipo6j,585,FinalPage,PairingWaitPage,1789442872,1,0,1
9l3zlzfa,16,7ww48hi4,585,FinalPage,PairingWaitPage,1789442872,1,0,1
9l3zlzfa,8,7sfhy51b,585,FinalPage,PairingWaitPage,1789442872,1,0,1
9l3zlzfa,2,q2jobopa,585,FinalPage,PairingWaitPage,1789442872,1,0,1
9l3zlzfa,7,0yq0zebw,585,FinalPage,PairingWaitPage,1789442872,1,0,1
9l3zlzfa,24,hi0vl1bf,585,FinalPage,PairingWaitPage,1789442872,1,0,1
9l3zlzfa,10,z4s8evj8,585,FinalPage,PairingWaitPage,1789442872,1,0,1
9l3zlzfa,13,0i38ht6y,585,FinalPage,PairingWaitPage,1789442872,1,0,1
9l3zlzfa,3,9xg7erl3,585,FinalPage,PairingWaitPage,1789442872,1,0,1
9l3zlzfa,9,pgjj4tqg,585,FinalPage,PairingWaitPage,1789442872,1,0,1
9l3zlzfa,17,5fdw0rg1,585,FinalPage,PairingWaitPage,1789442872,1,0,1
9l3zlzfa,14,xyqf41ao,585,FinalPage,PairingWaitPage,1789442872,1,0,1
9l3zlzfa,5,nqlqeq8n,585,FinalPage,PairingWaitPage,1789442872,1,0,1
9l3zlzfa,11,e8h7gvii,585,FinalPage,PairingWaitPage,1789442872,1,0,1
9l3zlzfa,22,n9iynxtq,585,FinalPage,PairingWaitPage,1789442872,1,0,1
9l3zlzfa,25,u3a33dgt,585,FinalPage,PairingWaitPage,1789442872,1,0,1
9l3zlzfa,7,0yq0zebw,586,FinalPage,Results,1789442880,1,0,0
9l3zlzfa,6,d10dwe1h,586,FinalPage,Results,1789442880,1,0,0
9l3zlzfa,3,9xg7erl3,586,FinalPage,Results,1789442881,1,0,0
9l3zlzfa,16,7ww48hi4,586,FinalPage,Results,1789442883,1,0,0
9l3zlzfa,13,0i38ht6y,586,FinalPage,Results,1789442887,1,0,0
9l3zlzfa,15,g9pquzkd,586,FinalPage,Results,1789442889,1,0,0
9l3zlzfa,14,xyqf41ao,586,FinalPage,Results,1789442894,1,0,0
9l3zlzfa,23,diqkyqqr,586,FinalPage,Results,1789442894,1,0,0
9l3zlzfa,10,z4s8evj8,586,FinalPage,Results,1789442895,1,0,0
9l3zlzfa,11,e8h7gvii,586,FinalPage,Results,1789442896,1,0,0
9l3zlzfa,18,h7o9v437,586,FinalPage,Results,1789442898,1,0,0
9l3zlzfa,21,x06ipo6j,586,FinalPage,Results,1789442901,1,0,0
9l3zlzfa,22,n9iynxtq,586,FinalPage,Results,1789442901,1,0,0
9l3zlzfa,8,7sfhy51b,586,FinalPage,Results,1789442901,1,0,0
9l3zlzfa,20,hn8non3y,586,FinalPage,Results,1789442901,1,0,0
9l3zlzfa,2,q2jobopa,586,FinalPage,Results,1789442904,1,0,0
9l3zlzfa,17,5fdw0rg1,586,FinalPage,Results,1789442906,1,0,0
9l3zlzfa,1,u4sl54xk,586,FinalPage,Results,1789442907,1,0,0
9l3zlzfa,5,nqlqeq8n,586,FinalPage,Results,1789442914,1,0,0
9l3zlzfa,12,yt1cbpza,586,FinalPage,Results,1789442918,1,0,0
9l3zlzfa,9,pgjj4tqg,586,FinalPage,Results,1789442918,1,0,0
9l3zlzfa,24,hi0vl1bf,586,FinalPage,Results,1789442921,1,0,0
9l3zlzfa,4,ixl976y0,586,FinalPage,Results,1789442926,1,0,0
9l3zlzfa,19,9mimenbo,586,FinalPage,Results,1789442931,1,0,0
9l3zlzfa,25,u3a33dgt,586,FinalPage,Results,1789442943,1,0,0
