participant.id_in_session,participant.code,participant.label,participant._is_bot,participant._index_in_pages,participant._max_page_index,participant._current_app_name,participant._current_page_name,participant.time_started_utc,participant.visited,participant.mturk_worker_id,participant.mturk_assignment_id,participant.payoff,player.id_in_group,player.role,player.payoff,player.treatment,player.dyn_stock,player.dyn_bond,player.dyn_wealth,player.mgr_p1,player.mgr_p2,player.quiz_down,player.quiz_up,player.quiz_chance,player.quiz_median,player.quiz_above,player.quiz_risk_attempts,player.quiz_market_attempts,player.bid_l,player.bid_r,player.bid_exp,player.bid_no,player.belief_inv_exp,player.belief_price_exp,player.belief_others_inv_exp,player.belief_others_price_exp,player.belief_inv_no,player.belief_price_no,player.belief_others_inv_no,player.belief_others_price_no,player.belief_inv_l,player.belief_price_l,player.belief_others_inv_l,player.belief_others_price_l,player.belief_inv_r,player.belief_price_r,player.belief_others_inv_r,player.belief_others_price_r,player.allocation_to_pay,player.market_pair_to_pay,player.rounds_to_pay,player.belief_pages_to_pay,player.task1_points,player.allocation_points,player.market_points,player.final_payoff_points,player.all_beliefs_payoff_points,player.beliefs_correct,player.trade_l,player.trade_r,player.trade_exp,player.trade_no,group.id_in_subsession,group.price_l,group.price_r,group.p1_left_is_exp,group.p2_left_is_mgr_a,group.price_exp,group.price_no,group.value_exp,group.value_no,group.value_left_gender,group.value_right_gender,group.state_left,group.state_right,group.x_exp,group.x_no,group.x_a,group.x_b,group.mean_exp,group.mean_no,group.mean_a,group.mean_b,subsession.round_number,session.code,session.label,session.mturk_HITId,session.mturk_HITGroupId,session.comment,session.is_demo
1,u4sl54xk,,0,587,587,FinalPage,ThankYou,2026-09-15 02:15:41.791289,1,,,500.0,1,,0.0,M_no_W_exp,40,60,"{""w0"":100,""wu"":140,""wd"":80}",70,,R/2 + (100 - R),2*R + (100 - R),50%,The median of all submitted prices,Buy one more share,0,0,,,200,100,120,150.0,109,200.0,95,100.0,100,100.0,,,,,,,,,1,1,"1, 8",2,0.0,0.0,0.0,0.0,0.0,0,0,0,0,-1,1,0.0,0.0,0,1,200.0,100.0,50.0,50.0,82.5,68.0,Down,Down,100,100,35,64,55.8743961352657,52.10828025477707,53.29113924050633,52.90384615384615,1,9l3zlzfa,,,,,0
2,q2jobopa,,0,587,587,FinalPage,ThankYou,2026-09-15 02:15:41.867553,1,,,222.22,2,,0.0,M_no_W_exp,50,50,"{""w0"":100,""wu"":150,""wd"":75}",60,,R/2 + (100 - R),2*R + (100 - R),50%,The median of all submitted prices,Buy one more share,0,0,,,200,100,100,180.0,150,400.0,50,120.0,100,200.0,,,,,,,,,1,1,"1, 8",2,0.0,0.0,0.0,0.0,0.0,0,0,0,1,0,1,0.0,0.0,0,1,200.0,100.0,50.0,50.0,82.5,68.0,Down,Down,100,100,35,64,55.8743961352657,52.10828025477707,53.29113924050633,52.90384615384615,1,9l3zlzfa,,,,,0
3,9xg7erl3,,0,587,587,FinalPage,ThankYou,2026-09-15 02:15:42.002021,1,,,611.11,3,,0.0,M_no_W_exp,110,-10,"{""w0"":100,""wu"":210,""wd"":45}",70,,R/2 + (100 - R),2*R + (100 - R),50%,The median of all submitted prices,Buy one more share,0,0,,,160,100,130,140.0,200,300.0,100,100.0,100,100.0,,,,,,,,,1,1,"1, 8",2,0.0,0.0,0.0,0.0,0.0,0,0,0,-1,-1,1,0.0,0.0,0,1,200.0,100.0,50.0,50.0,82.5,68.0,Down,Down,100,100,35,64,55.8743961352657,52.10828025477707,53.29113924050633,52.90384615384615,1,9l3zlzfa,,,,,0
4,ixl976y0,,0,587,587,FinalPage,ThankYou,2026-09-15 02:15:42.268005,1,,,722.22,4,,0.0,M_no_W_exp,60,40,"{""w0"":100,""wu"":160,""wd"":70}",60,,R/2 + (100 - R),2*R + (100 - R),50%,The median of all submitted prices,Buy one more share,0,2,,,100,150,60,175.0,75,225.0,70,200.0,85,250.0,,,,,,,,,1,1,"1, 8",2,0.0,0.0,0.0,0.0,0.0,0,0,0,-1,1,1,0.0,0.0,0,1,200.0,100.0,50.0,50.0,82.5,68.0,Down,Down,100,100,35,64,55.8743961352657,52.10828025477707,53.29113924050633,52.90384615384615,1,9l3zlzfa,,,,,0
5,nqlqeq8n,,0,587,587,FinalPage,ThankYou,2026-09-15 02:15:42.844534,1,,,333.33,5,,0.0,M_no_W_exp,50,50,"{""w0"":100,""wu"":150,""wd"":75}",50,,R/2 + (100 - R),2*R + (100 - R),50%,The median of all submitted prices,Buy one more share,0,0,,,300,300,100,300.0,100,300.0,100,300.0,100,300.0,,,,,,,,,1,1,"1, 8",2,0.0,0.0,0.0,0.0,0.0,0,0,0,1,1,1,0.0,0.0,0,1,200.0,100.0,50.0,50.0,82.5,68.0,Down,Down,100,100,35,64,55.8743961352657,52.10828025477707,53.29113924050633,52.90384615384615,1,9l3zlzfa,,,,,0
6,d10dwe1h,,0,587,587,FinalPage,ThankYou,2026-09-15 02:15:42.881995,1,,,888.89,1,,0.0,M_no_W_exp,50,50,"{""w0"":100,""wu"":150,""wd"":75}",60,,R/2 + (100 - R),2*R + (100 - R),50%,The median of all submitted prices,Buy one more share,0,0,,,150,70,150,300.0,150,300.0,100,100.0,50,100.0,,,,,,,,,1,1,"1, 8",2,0.0,0.0,0.0,0.0,0.0,0,0,0,-1,-1,2,0.0,0.0,0,0,300.0,200.0,150.0,75.0,75.0,200.0,Down,Up,50,50,100,50,55.8743961352657,52.10828025477707,53.29113924050633,52.90384615384615,1,9l3zlzfa,,,,,0
7,0yq0zebw,,0,587,587,FinalPage,ThankYou,2026-09-15 02:15:42.904428,1,,,833.33,2,,0.0,M_no_W_exp,50,50,"{""w0"":100,""wu"":150,""wd"":75}",75,,R/2 + (100 - R),2*R + (100 - R),50%,The median of all submitted prices,Buy one more share,0,1,,,400,200,200,200.0,200,200.0,100,100.0,100,100.0,,,,,,,,,1,1,"1, 8",2,0.0,0.0,0.0,0.0,0.0,0,0,0,1,0,2,0.0,0.0,0,0,300.0,200.0,150.0,75.0,75.0,200.0,Down,Up,50,50,100,50,55.8743961352657,52.10828025477707,53.29113924050633,52.90384615384615,1,9l3zlzfa,,,,,0
8,7sfhy51b,,0,587,587,FinalPage,ThankYou,2026-09-15 02:15:42.911674,1,,,222.22,3,,0.0,M_no_W_exp,40,60,"{""w0"":100,""wu"":140,""wd"":80}",58,,R/2 + (100 - R),2*R + (100 - R),50%,The median of all submitted prices,Buy one more share,0,0,,,350,230,130,327.0,125,375.0,120,310.0,120,298.0,,,,,,,,,1,1,"1, 8",2,0.0,0.0,0.0,0.0,0.0,0,0,0,1,1,2,0.0,0.0,0,0,300.0,200.0,150.0,75.0,75.0,200.0,Down,Up,50,50,100,50,55.8743961352657,52.10828025477707,53.29113924050633,52.90384615384615,1,9l3zlzfa,,,,,0
9,pgjj4tqg,,0,587,587,FinalPage,ThankYou,2026-09-15 02:15:42.950755,1,,,611.11,4,,0.0,M_no_W_exp,89,11,"{""w0"":100,""wu"":189,""wd"":56}",80,,R/2 + (100 - R),2*R + (100 - R),50%,The median of all submitted prices,Buy one more share,0,0,,,300,300,125,475.0,145,535.0,185,325.0,189,490.0,,,,,,,,,1,1,"1, 8",2,0.0,0.0,0.0,0.0,0.0,0,0,0,0,1,2,0.0,0.0,0,0,300.0,200.0,150.0,75.0,75.0,200.0,Down,Up,50,50,100,50,55.8743961352657,52.10828025477707,53.29113924050633,52.90384615384615,1,9l3zlzfa,,,,,0
10,z4s8evj8,,0,587,587,FinalPage,ThankYou,2026-09-15 02:15:42.968291,1,,,1055.56,5,,0.0,M_no_W_exp,100,0,"{""w0"":100,""wu"":200,""wd"":50}",68,,R/2 + (100 - R),2*R + (100 - R),50%,The median of all submitted prices,Buy one more share,0,0,,,250,150,150,250.0,150,250.0,100,150.0,100,175.0,,,,,,,,,1,1,"1, 8",2,0.0,0.0,0.0,0.0,0.0,0,0,0,-1,-1,2,0.0,0.0,0,0,300.0,200.0,150.0,75.0,75.0,200.0,Down,Up,50,50,100,50,55.8743961352657,52.10828025477707,53.29113924050633,52.90384615384615,1,9l3zlzfa,,,,,0
11,e8h7gvii,,0,587,587,FinalPage,ThankYou,2026-09-15 02:15:43.019580,1,,,722.22,1,,0.0,M_no_W_exp,80,20,"{""w0"":100,""wu"":180,""wd"":60}",40,,R/2 + (100 - R),2*R + (100 - R),50%,The median of all submitted prices,Buy one more share,0,0,,,200,200,100,350.0,100,350.0,100,350.0,70,200.0,,,,,,,,,1,1,"1, 8",2,0.0,0.0,0.0,0.0,0.0,0,0,0,-1,1,3,0.0,0.0,0,0,450.0,150.0,75.0,75.0,70.0,65.0,Down,Down,50,50,70,60,55.8743961352657,52.10828025477707,53.29113924050633,52.90384615384615,1,9l3zlzfa,,,,,0
12,yt1cbpza,,0,587,587,FinalPage,ThankYou,2026-09-15 02:15:43.042844,1,,,1277.78,2,,0.0,M_no_W_exp,55,45,"{""w0"":100,""wu"":155,""wd"":73}",60,,R/2 + (100 - R),2*R + (100 - R),50%,The median of all submitted prices,Buy one more share,0,0,,,200,100,100,420.0,100,450.0,150,300.0,180,300.0,,,,,,,,,1,1,"1, 8",2,0.0,0.0,0.0,0.0,0.0,0,0,0,-1,-1,3,0.0,0.0,0,0,450.0,150.0,75.0,75.0,70.0,65.0,Down,Down,50,50,70,60,55.8743961352657,52.10828025477707,53.29113924050633,52.90384615384615,1,9l3zlzfa,,,,,0
13,0i38ht6y,,0,587,587,FinalPage,ThankYou,2026-09-15 02:15:43.050304,1,,,444.44,3,,0.0,M_no_W_exp,30,70,"{""w0"":100,""wu"":130,""wd"":85}",85,,R/2 + (100 - R),2*R + (100 - R),50%,The median of all submitted prices,Buy one more share,0,0,,,450,150,30,450.0,30,500.0,30,150.0,50,100.0,,,,,,,,,1,1,"1, 8",2,0.0,0.0,0.0,0.0,0.0,0,0,0,1,1,3,0.0,0.0,0,0,450.0,150.0,75.0,75.0,70.0,65.0,Down,Down,50,50,70,60,55.8743961352657,52.10828025477707,53.29113924050633,52.90384615384615,1,9l3zlzfa,,,,,0
14,xyqf41ao,,0,587,587,FinalPage,ThankYou,2026-09-15 02:15:43.059770,1,,,55.56,4,,0.0,M_no_W_exp,70,30,"{""w0"":100,""wu"":170,""wd"":65}",73,,R/2 + (100 - R),2*R + (100 - R),50%,The median of all submitted prices,Buy one more share,0,0,,,450,150,120,300.0,150,350.0,70,100.0,70,150.0,,,,,,,,,1,1,"1, 8",2,0.0,0.0,0.0,0.0,0.0,0,0,0,0,0,3,0.0,0.0,0,0,450.0,150.0,75.0,75.0,70.0,65.0,Down,Down,50,50,70,60,55.8743961352657,52.10828025477707,53.29113924050633,52.90384615384615,1,9l3zlzfa,,,,,0
15,g9pquzkd,,0,587,587,FinalPage,ThankYou,2026-09-15 02:15:43.154158,1,,,0.0,5,,0.0,M_no_W_exp,30,70,"{""w0"":100,""wu"":130,""wd"":85}",90,,R/2 + (100 - R),2*R + (100 - R),50%,The median of all submitted prices,Buy one more share,0,3,,,500,100,180,300.0,150,400.0,20,300.0,50,200.0,,,,,,,,,1,1,"1, 8",2,0.0,0.0,0.0,0.0,0.0,0,0,0,1,-1,3,0.0,0.0,0,0,450.0,150.0,75.0,75.0,70.0,65.0,Down,Down,50,50,70,60,55.8743961352657,52.10828025477707,53.29113924050633,52.90384615384615,1,9l3zlzfa,,,,,0
16,7ww48hi4,,0,587,587,FinalPage,ThankYou,2026-09-15 02:15:43.242303,1,,,0.0,1,,0.0,M_no_W_exp,50,50,"{""w0"":100,""wu"":150,""wd"":75}",63,,R/2 + (100 - R),2*R + (100 - R),50%,The median of all submitted prices,Buy one more share,0,0,,,450,150,150,450.0,150,400.0,50,250.0,75,250.0,,,,,,,,,1,1,"1, 8",2,0.0,0.0,0.0,0.0,0.0,0,0,0,1,-1,4,0.0,0.0,0,0,400.0,200.0,50.0,50.0,75.0,72.5,Down,Down,100,100,55,50,55.8743961352657,52.10828025477707,53.29113924050633,52.90384615384615,1,9l3zlzfa,,,,,0
17,5fdw0rg1,,0,587,587,FinalPage,ThankYou,2026-09-15 02:15:43.252356,1,,,0.0,2,,0.0,M_no_W_exp,10,90,"{""w0"":100,""wu"":110,""wd"":95}",68,,R/2 + (100 - R),2*R + (100 - R),50%,The median of all submitted prices,Buy one more share,0,0,,,400,200,150,500.0,130,400.0,50,100.0,70,200.0,,,,,,,,,1,1,"1, 8",2,0.0,0.0,0.0,0.0,0.0,0,0,0,1,1,4,0.0,0.0,0,0,400.0,200.0,50.0,50.0,75.0,72.5,Down,Down,100,100,55,50,55.8743961352657,52.10828025477707,53.29113924050633,52.90384615384615,1,9l3zlzfa,,,,,0
18,h7o9v437,,0,587,587,FinalPage,ThankYou,2026-09-15 02:15:43.348539,1,,,0.0,3,,0.0,M_no_W_exp,50,50,"{""w0"":100,""wu"":150,""wd"":75}",100,,R/2 + (100 - R),2*R + (100 - R),50%,The median of all submitted prices,Buy one more share,0,0,,,400,200,150,250.0,150,250.0,100,150.0,100,150.0,,,,,,,,,1,1,"1, 8",2,0.0,0.0,0.0,0.0,0.0,0,0,0,-1,1,4,0.0,0.0,0,0,400.0,200.0,50.0,50.0,75.0,72.5,Down,Down,100,100,55,50,55.8743961352657,52.10828025477707,53.29113924050633,52.90384615384615,1,9l3zlzfa,,,,,0
19,9mimenbo,,0,587,587,FinalPage,ThankYou,2026-09-15 02:15:43.388352,1,,,833.33,4,,0.0,M_no_W_exp,110,-10,"{""w0"":100,""wu"":210,""wd"":45}",85,,R/2 + (100 - R),2*R + (100 - R),50%,The median of all submitted prices,Buy one more share,0,0,,,400,200,120,480.0,150,400.0,80,200.0,100,200.0,,,,,,,,,1,1,"1, 8",2,0.0,0.0,0.0,0.0,0.0,0,0,0,0,0,4,0.0,0.0,0,0,400.0,200.0,50.0,50.0,75.0,72.5,Down,Down,100,100,55,50,55.8743961352657,52.10828025477707,53.29113924050633,52.90384615384615,1,9l3zlzfa,,,,,0
20,hn8non3y,,0,587,587,FinalPage,ThankYou,2026-09-15 02:15:43.459728,1,,,1666.67,5,,0.0,M_no_W_exp,100,0,"{""w0"":100,""wu"":200,""wd"":50}",100,,R/2 + (100 - R),2*R + (100 - R),50%,The median of all submitted prices,Buy one more share,0,0,,,400,200,80,300.0,100,300.0,50,100.0,50,100.0,,,,,,,,,1,1,"1, 8",2,0.0,0.0,0.0,0.0,0.0,0,0,0,-1,-1,4,0.0,0.0,0,0,400.0,200.0,50.0,50.0,75.0,72.5,Down,Down,100,100,55,50,55.8743961352657,52.10828025477707,53.29113924050633,52.90384615384615,1,9l3zlzfa,,,,,0
21,x06ipo6j,,0,587,587,FinalPage,ThankYou,2026-09-15 02:15:43.651142,1,,,500.0,1,,0.0,M_no_W_exp,85,15,"{""w0"":100,""wu"":185,""wd"":58}",35,,R/2 + (100 - R),2*R + (100 - R),50%,The median of all submitted prices,Buy one more share,0,0,,,375,225,125,260.0,140,359.0,75,200.0,60,200.0,,,,,,,,,1,1,"1, 8",2,0.0,0.0,0.0,0.0,0.0,0,0,0,1,0,5,0.0,0.0,1,1,350.0,225.0,100.0,180.0,75.0,130.0,Down,Up,0,80,50,30,55.8743961352657,52.10828025477707,53.29113924050633,52.90384615384615,1,9l3zlzfa,,,,,0
22,n9iynxtq,,0,587,587,FinalPage,ThankYou,2026-09-15 02:15:43.760292,1,,,944.44,2,,0.0,M_no_W_exp,200,-100,"{""w0"":100,""wu"":300,""wd"":0}",50,,R/2 + (100 - R),2*R + (100 - R),50%,The median of all submitted prices,Buy one more share,0,0,,,200,150,120,201.0,100,300.0,100,151.0,120,300.0,,,,,,,,,1,1,"1, 8",2,0.0,0.0,0.0,0.0,0.0,0,0,0,-1,-1,5,0.0,0.0,1,1,350.0,225.0,100.0,180.0,75.0,130.0,Down,Up,0,80,50,30,55.8743961352657,52.10828025477707,53.29113924050633,52.90384615384615,1,9l3zlzfa,,,,,0
23,diqkyqqr,,0,587,587,FinalPage,ThankYou,2026-09-15 02:15:43.834949,1,,,1277.78,3,,0.0,M_no_W_exp,50,50,"{""w0"":100,""wu"":150,""wd"":75}",50,,R/2 + (100 - R),2*R + (100 - R),50%,The median of all submitted prices,Buy one more share,0,0,,,350,250,100,300.0,100,300.0,100,300.0,100,300.0,,,,,,,,,1,1,"1, 8",2,0.0,0.0,0.0,0.0,0.0,0,0,0,0,1,5,0.0,0.0,1,1,350.0,225.0,100.0,180.0,75.0,130.0,Down,Up,0,80,50,30,55.8743961352657,52.10828025477707,53.29113924050633,52.90384615384615,1,9l3zlzfa,,,,,0
24,hi0vl1bf,,0,587,587,FinalPage,ThankYou,2026-09-15 02:15:44.110312,1,,,222.22,4,,0.0,M_no_W_exp,200,-100,"{""w0"":100,""wu"":300,""wd"":0}",40,,R/2 + (100 - R),2*R + (100 - R),50%,The median of all submitted prices,Buy one more share,0,0,,,350,250,150,400.0,175,500.0,50,200.0,30,100.0,,,,,,,,,1,1,"1, 8",2,0.0,0.0,0.0,0.0,0.0,0,0,0,1,1,5,0.0,0.0,1,1,350.0,225.0,100.0,180.0,75.0,130.0,Down,Up,0,80,50,30,55.8743961352657,52.10828025477707,53.29113924050633,52.90384615384615,1,9l3zlzfa,,,,,0
25,u3a33dgt,,0,587,587,FinalPage,ThankYou,2026-09-15 02:16:14.753308,1,,,1277.78,5,,0.0,M_no_W_exp,100,0,"{""w0"":100,""wu"":200,""wd"":50}",0,,R/2 + (100 - R),2*R + (100 - R),50%,The median of all submitted prices,Buy one more share,1,0,,,150,85,100,150.0,100,150.0,67,90.0,75,90.0,,,,,,,,,1,1,"1, 8",2,0.0,0.0,0.0,0.0,0.0,0,0,0,-1,-1,5,0.0,0.0,1,1,350.0,225.0,100.0,180.0,75.0,130.0,Down,Up,0,80,50,30,55.8743961352657,52.10828025477707,53.29113924050633,52.90384615384615,1,9l3zlzfa,,,,,0
1,u4sl54xk,,0,587,587,FinalPage,ThankYou,2026-09-15 02:15:41.791289,1,,,500.0,1,,0.0,M_no_W_exp,,,,,,,,,,,0,0,,,300,100,,,,,,,,,,,,,,,,,1,1,"1, 8",2,0.0,0.0,0.0,0.0,0.0,0,0,0,1,0,1,0.0,0.0,0,1,200.0,100.0,50.0,50.0,82.5,68.0,Down,Down,100,100,35,64,55.8743961352657,52.10828025477707,53.29113924050633,52.90384615384615,2,9l3zlzfa,,,,,0
2,q2jobopa,,0,587,587,FinalPage,ThankYou,2026-09-15 02:15:41.867553,1,,,222.22,2,,0.0,M_no_W_exp,,,,,,,,,,,0,0,,,200,100,,,,,,,,,,,,,,,,,1,1,"1, 8",2,0.0,0.0,0.0,0.0,0.0,0,0,0,0,-1,1,0.0,0.0,0,1,200.0,100.0,50.0,50.0,82.5,68.0,Down,Down,100,100,35,64,55.8743961352657,52.10828025477707,53.29113924050633,52.90384615384615,2,9l3zlzfa,,,,,0
3,9xg7erl3,,0,587,587,FinalPage,ThankYou,2026-09-15 02:15:42.002021,1,,,611.11,3,,0.0,M_no_W_exp,,,,,,,,,,,0,0,,,200,109,,,,,,,,,,,,,,,,,1,1,"1, 8",2,0.0,0.0,0.0,0.0,0.0,0,0,0,1,1,1,0.0,0.0,0,1,200.0,100.0,50.0,50.0,82.5,68.0,Down,Down,100,100,35,64,55.8743961352657,52.10828025477707,53.29113924050633,52.90384615384615,2,9l3zlzfa,,,,,0
4,ixl976y0,,0,587,587,FinalPage,ThankYou,2026-09-15 02:15:42.268005,1,,,722.22,4,,0.0,M_no_W_exp,,,,,,,,,,,0,0,,,200,100,,,,,,,,,,,,,,,,,1,1,"1, 8",2,0.0,0.0,0.0,0.0,0.0,0,0,0,-1,-1,1,0.0,0.0,0,1,200.0,100.0,50.0,50.0,82.5,68.0,Down,Down,100,100,35,64,55.8743961352657,52.10828025477707,53.29113924050633,52.90384615384615,2,9l3zlzfa,,,,,0
5,nqlqeq8n,,0,587,587,FinalPage,ThankYou,2026-09-15 02:15:42.844534,1,,,333.33,5,,0.0,M_no_W_exp,,,,,,,,,,,0,0,,,200,100,,,,,,,,,,,,,,,,,1,1,"1, 8",2,0.0,0.0,0.0,0.0,0.0,0,0,0,-1,1,1,0.0,0.0,0,1,200.0,100.0,50.0,50.0,82.5,68.0,Down,Down,100,100,35,64,55.8743961352657,52.10828025477707,53.29113924050633,52.90384615384615,2,9l3zlzfa,,,,,0
6,d10dwe1h,,0,587,587,FinalPage,ThankYou,2026-09-15 02:15:42.881995,1,,,888.89,1,,0.0,M_no_W_exp,,,,,,,,,,,0,0,,,200,100,,,,,,,,,,,,,,,,,1,1,"1, 8",2,0.0,0.0,0.0,0.0,0.0,0,0,0,-1,-1,2,0.0,0.0,0,0,300.0,200.0,150.0,75.0,75.0,200.0,Down,Up,50,50,100,50,55.8743961352657,52.10828025477707,53.29113924050633,52.90384615384615,2,9l3zlzfa,,,,,0
7,0yq0zebw,,0,587,587,FinalPage,ThankYou,2026-09-15 02:15:42.904428,1,,,833.33,2,,0.0,M_no_W_exp,,,,,,,,,,,0,0,,,400,200,,,,,,,,,,,,,,,,,1,1,"1, 8",2,0.0,0.0,0.0,0.0,0.0,0,0,0,1,0,2,0.0,0.0,0,0,300.0,200.0,150.0,75.0,75.0,200.0,Down,Up,50,50,100,50,55.8743961352657,52.10828025477707,53.29113924050633,52.90384615384615,2,9l3zlzfa,,,,,0
8,7sfhy51b,,0,587,587,FinalPage,ThankYou,2026-09-15 02:15:42.911674,1,,,222.22,3,,0.0,M_no_W_exp,,,,,,,,,,,0,0,,,335,215,,,,,,,,,,,,,,,,,1,1,"1, 8",2,0.0,0.0,0.0,0.0,0.0,0,0,0,1,1,2,0.0,0.0,0,0,300.0,200.0,150.0,75.0,75.0,200.0,Down,Up,50,50,100,50,55.8743961352657,52.10828025477707,53.29113924050633,52.90384615384615,2,9l3zlzfa,,,,,0
9,pgjj4tqg,,0,587,587,FinalPage,ThankYou,2026-09-15 02:15:42.950755,1,,,611.11,4,,0.0,M_no_W_exp,,,,,,,,,,,0,0,,,190,67,,,,,,,,,,,,,,,,,1,1,"1, 8",2,0.0,0.0,0.0,0.0,0.0,0,0,0,-1,-1,2,0.0,0.0,0,0,300.0,200.0,150.0,75.0,75.0,200.0,Down,Up,50,50,100,50,55.8743961352657,52.10828025477707,53.29113924050633,52.90384615384615,2,9l3zlzfa,,,,,0
10,z4s8evj8,,0,587,587,FinalPage,ThankYou,2026-09-15 02:15:42.968291,1,,,1055.56,5,,0.0,M_no_W_exp,,,,,,,,,,,0,0,,,300,200,,,,,,,,,,,,,,,,,1,1,"1, 8",2,0.0,0.0,0.0,0.0,0.0,0,0,0,0,1,2,0.0,0.0,0,0,300.0,200.0,150.0,75.0,75.0,200.0,Down,Up,50,50,100,50,55.8743961352657,52.10828025477707,53.29113924050633,52.90384615384615,2,9l3zlzfa,,,,,0
11,e8h7gvii,,0,587,587,FinalPage,ThankYou,2026-09-15 02:15:43.019580,1,,,722.22,1,,0.0,M_no_W_exp,,,,,,,,,,,0,0,,,350,200,,,,,,,,,,,,,,,,,1,1,"1, 8",2,0.0,0.0,0.0,0.0,0.0,0,0,0,0,1,3,0.0,0.0,0,0,350.0,120.0,75.0,75.0,70.0,65.0,Down,Down,50,50,70,60,55.8743961352657,52.10828025477707,53.29113924050633,52.90384615384615,2,9l3zlzfa,,,,,0
12,yt1cbpza,,0,587,587,FinalPage,ThankYou,2026-09-15 02:15:43.042844,1,,,1277.78,2,,0.0,M_no_W_exp,,,,,,,,,,,0,0,,,300,200,,,,,,,,,,,,,,,,,1,1,"1, 8",2,0.0,0.0,0.0,0.0,0.0,0,0,0,-1,1,3,0.0,0.0,0,0,350.0,120.0,75.0,75.0,70.0,65.0,Down,Down,50,50,70,60,55.8743961352657,52.10828025477707,53.29113924050633,52.90384615384615,2,9l3zlzfa,,,,,0
13,0i38ht6y,,0,587,587,FinalPage,ThankYou,2026-09-15 02:15:43.050304,1,,,444.44,3,,0.0,M_no_W_exp,,,,,,,,,,,0,0,,,500,100,,,,,,,,,,,,,,,,,1,1,"1, 8",2,0.0,0.0,0.0,0.0,0.0,0,0,0,1,-1,3,0.0,0.0,0,0,350.0,120.0,75.0,75.0,70.0,65.0,Down,Down,50,50,70,60,55.8743961352657,52.10828025477707,53.29113924050633,52.90384615384615,2,9l3zlzfa,,,,,0
14,xyqf41ao,,0,587,587,FinalPage,ThankYou,2026-09-15 02:15:43.059770,1,,,55.56,4,,0.0,M_no_W_exp,,,,,,,,,,,0,0,,,150,75,,,,,,,,,,,,,,,,,1,1,"1, 8",2,0.0,0.0,0.0,0.0,0.0,0,0,0,-1,-1,3,0.0,0.0,0,0,350.0,120.0,75.0,75.0,70.0,65.0,Down,Down,50,50,70,60,55.8743961352657,52.10828025477707,53.29113924050633,52.90384615384615,2,9l3zlzfa,,,,,0
15,g9pquzkd,,0,587,587,FinalPage,ThankYou,2026-09-15 02:15:43.154158,1,,,0.0,5,,0.0,M_no_W_exp,,,,,,,,,,,0,0,,,480,120,,,,,,,,,,,,,,,,,1,1,"1, 8",2,0.0,0.0,0.0,0.0,0.0,0,0,0,1,0,3,0.0,0.0,0,0,350.0,120.0,75.0,75.0,70.0,65.0,Down,Down,50,50,70,60,55.8743961352657,52.10828025477707,53.29113924050633,52.90384615384615,2,9l3zlzfa,,,,,0
16,7ww48hi4,,0,587,587,FinalPage,ThankYou,2026-09-15 02:15:43.242303,1,,,0.0,1,,0.0,M_no_W_exp,,,,,,,,,,,0,0,,,500,100,,,,,,,,,,,,,,,,,1,1,"1, 8",2,0.0,0.0,0.0,0.0,0.0,0,0,0,1,-1,4,0.0,0.0,0,0,500.0,100.0,50.0,50.0,75.0,72.5,Down,Down,100,100,55,50,55.8743961352657,52.10828025477707,53.29113924050633,52.90384615384615,2,9l3zlzfa,,,,,0
17,5fdw0rg1,,0,587,587,FinalPage,ThankYou,2026-09-15 02:15:43.252356,1,,,0.0,2,,0.0,M_no_W_exp,,,,,,,,,,,0,0,,,500,100,,,,,,,,,,,,,,,,,1,1,"1, 8",2,0.0,0.0,0.0,0.0,0.0,0,0,0,0,0,4,0.0,0.0,0,0,500.0,100.0,50.0,50.0,75.0,72.5,Down,Down,100,100,55,50,55.8743961352657,52.10828025477707,53.29113924050633,52.90384615384615,2,9l3zlzfa,,,,,0
18,h7o9v437,,0,587,587,FinalPage,ThankYou,2026-09-15 02:15:43.348539,1,,,0.0,3,,0.0,M_no_W_exp,,,,,,,,,,,0,0,,,590,10,,,,,,,,,,,,,,,,,1,1,"1, 8",2,0.0,0.0,0.0,0.0,0.0,0,0,0,1,-1,4,0.0,0.0,0,0,500.0,100.0,50.0,50.0,75.0,72.5,Down,Down,100,100,55,50,55.8743961352657,52.10828025477707,53.29113924050633,52.90384615384615,2,9l3zlzfa,,,,,0
19,9mimenbo,,0,587,587,FinalPage,ThankYou,2026-09-15 02:15:43.388352,1,,,833.33,4,,0.0,M_no_W_exp,,,,,,,,,,,0,0,,,350,250,,,,,,,,,,,,,,,,,1,1,"1, 8",2,0.0,0.0,0.0,0.0,0.0,0,0,0,-1,1,4,0.0,0.0,0,0,500.0,100.0,50.0,50.0,75.0,72.5,Down,Down,100,100,55,50,55.8743961352657,52.10828025477707,53.29113924050633,52.90384615384615,2,9l3zlzfa,,,,,0
20,hn8non3y,,0,587,587,FinalPage,ThankYou,2026-09-15 02:15:43.459728,1,,,1666.67,5,,0.0,M_no_W_exp,,,,,,,,,,,0,0,,,400,200,,,,,,,,,,,,,,,,,1,1,"1, 8",2,0.0,0.0,0.0,0.0,0.0,0,0,0,-1,1,4,0.0,0.0,0,0,500.0,100.0,50.0,50.0,75.0,72.5,Down,Down,100,100,55,50,55.8743961352657,52.10828025477707,53.29113924050633,52.90384615384615,2,9l3zlzfa,,,,,0
21,x06ipo6j,,0,587,587,FinalPage,ThankYou,2026-09-15 02:15:43.651142,1,,,500.0,1,,0.0,M_no_W_exp,,,,,,,,,,,0,0,,,300,300,,,,,,,,,,,,,,,,,1,1,"1, 8",2,0.0,0.0,0.0,0.0,0.0,0,0,0,-1,1,5,0.0,0.0,1,1,350.0,245.0,100.0,180.0,75.0,130.0,Down,Up,0,80,50,30,55.8743961352657,52.10828025477707,53.29113924050633,52.90384615384615,2,9l3zlzfa,,,,,0
22,n9iynxtq,,0,587,587,FinalPage,ThankYou,2026-09-15 02:15:43.760292,1,,,944.44,2,,0.0,M_no_W_exp,,,,,,,,,,,0,0,,,351,226,,,,,,,,,,,,,,,,,1,1,"1, 8",2,0.0,0.0,0.0,0.0,0.0,0,0,0,1,-1,5,0.0,0.0,1,1,350.0,245.0,100.0,180.0,75.0,130.0,Down,Up,0,80,50,30,55.8743961352657,52.10828025477707,53.29113924050633,52.90384615384615,2,9l3zlzfa,,,,,0
23,diqkyqqr,,0,587,587,FinalPage,ThankYou,2026-09-15 02:15:43.834949,1,,,1277.78,3,,0.0,M_no_W_exp,,,,,,,,,,,0,0,,,350,250,,,,,,,,,,,,,,,,,1,1,"1, 8",2,0.0,0.0,0.0,0.0,0.0,0,0,0,0,1,5,0.0,0.0,1,1,350.0,245.0,100.0,180.0,75.0,130.0,Down,Up,0,80,50,30,55.8743961352657,52.10828025477707,53.29113924050633,52.90384615384615,2,9l3zlzfa,,,,,0
24,hi0vl1bf,,0,587,587,FinalPage,ThankYou,2026-09-15 02:15:44.110312,1,,,222.22,4,,0.0,M_no_W_exp,,,,,,,,,,,0,0,,,355,245,,,,,,,,,,,,,,,,,1,1,"1, 8",2,0.0,0.0,0.0,0.0,0.0,0,0,0,1,0,5,0.0,0.0,1,1,350.0,245.0,100.0,180.0,75.0,130.0,Down,Up,0,80,50,30,55.8743961352657,52.10828025477707,53.29113924050633,52.90384615384615,2,9l3zlzfa,,,,,0
25,u3a33dgt,,0,587,587,FinalPage,ThankYou,2026-09-15 02:16:14.753308,1,,,1277.78,5,,0.0,M_no_W_exp,,,,,,,,,,,0,0,,,180,112,,,,,,,,,,,,,,,,,1,1,"1, 8",2,0.0,0.0,0.0,0.0,0.0,0,0,0,-1,-1,5,0.0,0.0,1,1,350.0,245.0,100.0,180.0,75.0,130.0,Down,Up,0,80,50,30,55.8743961352657,52.10828025477707,53.29113924050633,52.90384615384615,2,9l3zlzfa,,,,,0
1,u4sl54xk,,0,587,587,FinalPage,ThankYou,2026-09-15 02:15:41.791289,1,,,500.0,1,,0.0,M_no_W_exp,,,,,,,,,,,0,0,,,210,90,,,,,,,,,,,,,,,,,1,1,"1, 8",2,0.0,0.0,0.0,0.0,0.0,0,0,0,1,-1,1,0.0,0.0,0,1,200.0,102.0,50.0,50.0,82.5,68.0,Down,Down,100,100,35,64,55.8743961352657,52.10828025477707,53.29113924050633,52.90384615384615,3,9l3zlzfa,,,,,0
2,q2jobopa,,0,587,587,FinalPage,ThankYou,2026-09-15 02:15:41.867553,1,,,222.22,2,,0.0,M_no_W_exp,,,,,,,,,,,0,0,,,250,150,,,,,,,,,,,,,,,,,1,1,"1, 8",2,0.0,0.0,0.0,0.0,0.0,0,0,0,1,1,1,0.0,0.0,0,1,200.0,102.0,50.0,50.0,82.5,68.0,Down,Down,100,100,35,64,55.8743961352657,52.10828025477707,53.29113924050633,52.90384615384615,3,9l3zlzfa,,,,,0
3,9xg7erl3,,0,587,587,FinalPage,ThankYou,2026-09-15 02:15:42.002021,1,,,611.11,3,,0.0,M_no_W_exp,,,,,,,,,,,0,0,,,200,102,,,,,,,,,,,,,,,,,1,1,"1, 8",2,0.0,0.0,0.0,0.0,0.0,0,0,0,-1,0,1,0.0,0.0,0,1,200.0,102.0,50.0,50.0,82.5,68.0,Down,Down,100,100,35,64,55.8743961352657,52.10828025477707,53.29113924050633,52.90384615384615,3,9l3zlzfa,,,,,0
4,ixl976y0,,0,587,587,FinalPage,ThankYou,2026-09-15 02:15:42.268005,1,,,722.22,4,,0.0,M_no_W_exp,,,,,,,,,,,0,0,,,180,120,,,,,,,,,,,,,,,,,1,1,"1, 8",2,0.0,0.0,0.0,0.0,0.0,0,0,0,-1,1,1,0.0,0.0,0,1,200.0,102.0,50.0,50.0,82.5,68.0,Down,Down,100,100,35,64,55.8743961352657,52.10828025477707,53.29113924050633,52.90384615384615,3,9l3zlzfa,,,,,0
5,nqlqeq8n,,0,587,587,FinalPage,ThankYou,2026-09-15 02:15:42.844534,1,,,333.33,5,,0.0,M_no_W_exp,,,,,,,,,,,0,0,,,200,100,,,,,,,,,,,,,,,,,1,1,"1, 8",2,0.0,0.0,0.0,0.0,0.0,0,0,0,0,-1,1,0.0,0.0,0,1,200.0,102.0,50.0,50.0,82.5,68.0,Down,Down,100,100,35,64,55.8743961352657,52.10828025477707,53.29113924050633,52.90384615384615,3,9l3zlzfa,,,,,0
6,d10dwe1h,,0,587,587,FinalPage,ThankYou,2026-09-15 02:15:42.881995,1,,,888.89,1,,0.0,M_no_W_exp,,,,,,,,,,,0,0,,,300,200,,,,,,,,,,,,,,,,,1,1,"1, 8",2,0.0,0.0,0.0,0.0,0.0,0,0,0,-1,1,2,0.0,0.0,0,0,335.0,200.0,150.0,75.0,75.0,200.0,Down,Up,50,50,100,50,55.8743961352657,52.10828025477707,53.29113924050633,52.90384615384615,3,9l3zlzfa,,,,,0
7,0yq0zebw,,0,587,587,FinalPage,ThankYou,2026-09-15 02:15:42.904428,1,,,833.33,2,,0.0,M_no_W_exp,,,,,,,,,,,0,0,,,400,200,,,,,,,,,,,,,,,,,1,1,"1, 8",2,0.0,0.0,0.0,0.0,0.0,0,0,0,1,0,2,0.0,0.0,0,0,335.0,200.0,150.0,75.0,75.0,200.0,Down,Up,50,50,100,50,55.8743961352657,52.10828025477707,53.29113924050633,52.90384615384615,3,9l3zlzfa,,,,,0
8,7sfhy51b,,0,587,587,FinalPage,ThankYou,2026-09-15 02:15:42.911674,1,,,222.22,3,,0.0,M_no_W_exp,,,,,,,,,,,0,0,,,335,195,,,,,,,,,,,,,,,,,1,1,"1, 8",2,0.0,0.0,0.0,0.0,0.0,0,0,0,0,-1,2,0.0,0.0,0,0,335.0,200.0,150.0,75.0,75.0,200.0,Down,Up,50,50,100,50,55.8743961352657,52.10828025477707,53.29113924050633,52.90384615384615,3,9l3zlzfa,,,,,0
9,pgjj4tqg,,0,587,587,FinalPage,ThankYou,2026-09-15 02:15:42.950755,1,,,611.11,4,,0.0,M_no_W_exp,,,,,,,,,,,0,0,,,240,150,,,,,,,,,,,,,,,,,1,1,"1, 8",2,0.0,0.0,0.0,0.0,0.0,0,0,0,-1,-1,2,0.0,0.0,0,0,335.0,200.0,150.0,75.0,75.0,200.0,Down,Up,50,50,100,50,55.8743961352657,52.10828025477707,53.29113924050633,52.90384615384615,3,9l3zlzfa,,,,,0
10,z4s8evj8,,0,587,587,FinalPage,ThankYou,2026-09-15 02:15:42.968291,1,,,1055.56,5,,0.0,M_no_W_exp,,,,,,,,,,,0,0,,,350,200,,,,,,,,,,,,,,,,,1,1,"1, 8",2,0.0,0.0,0.0,0.0,0.0,0,0,0,1,1,2,0.0,0.0,0,0,335.0,200.0,150.0,75.0,75.0,200.0,Down,Up,50,50,100,50,55.8743961352657,52.10828025477707,53.29113924050633,52.90384615384615,3,9l3zlzfa,,,,,0
11,e8h7gvii,,0,587,587,FinalPage,ThankYou,2026-09-15 02:15:43.019580,1,,,722.22,1,,0.0,M_no_W_exp,,,,,,,,,,,0,0,,,350,100,,,,,,,,,,,,,,,,,1,1,"1, 8",2,0.0,0.0,0.0,0.0,0.0,0,0,0,-1,0,3,0.0,0.0,0,0,350.0,100.0,75.0,75.0,70.0,65.0,Down,Down,50,50,70,60,55.8743961352657,52.10828025477707,53.29113924050633,52.90384615384615,3,9l3zlzfa,,,,,0
12,yt1cbpza,,0,587,587,FinalPage,ThankYou,2026-09-15 02:15:43.042844,1,,,1277.78,2,,0.0,M_no_W_exp,,,,,,,,,,,0,0,,,500,100,,,,,,,,,,,,,,,,,1,1,"1, 8",2,0.0,0.0,0.0,0.0,0.0,0,0,0,1,1,3,0.0,0.0,0,0,350.0,100.0,75.0,75.0,70.0,65.0,Down,Down,50,50,70,60,55.8743961352657,52.10828025477707,53.29113924050633,52.90384615384615,3,9l3zlzfa,,,,,0
13,0i38ht6y,,0,587,587,FinalPage,ThankYou,2026-09-15 02:15:43.050304,1,,,444.44,3,,0.0,M_no_W_exp,,,,,,,,,,,0,0,,,350,250,,,,,,,,,,,,,,,,,1,1,"1, 8",2,0.0,0.0,0.0,0.0,0.0,0,0,0,0,1,3,0.0,0.0,0,0,350.0,100.0,75.0,75.0,70.0,65.0,Down,Down,50,50,70,60,55.8743961352657,52.10828025477707,53.29113924050633,52.90384615384615,3,9l3zlzfa,,,,,0
14,xyqf41ao,,0,587,587,FinalPage,ThankYou,2026-09-15 02:15:43.059770,1,,,55.56,4,,0.0,M_no_W_exp,,,,,,,,,,,0,0,,,150,75,,,,,,,,,,,,,,,,,1,1,"1, 8",2,0.0,0.0,0.0,0.0,0.0,0,0,0,-1,-1,3,0.0,0.0,0,0,350.0,100.0,75.0,75.0,70.0,65.0,Down,Down,50,50,70,60,55.8743961352657,52.10828025477707,53.29113924050633,52.90384615384615,3,9l3zlzfa,,,,,0
15,g9pquzkd,,0,587,587,FinalPage,ThankYou,2026-09-15 02:15:43.154158,1,,,0.0,5,,0.0,M_no_W_exp,,,,,,,,,,,0,0,,,510,90,,,,,,,,,,,,,,,,,1,1,"1, 8",2,0.0,0.0,0.0,0.0,0.0,0,0,0,1,-1,3,0.0,0.0,0,0,350.0,100.0,75.0,75.0,70.0,65.0,Down,Down,50,50,70,60,55.8743961352657,52.10828025477707,53.29113924050633,52.90384615384615,3,9l3zlzfa,,,,,0
16,7ww48hi4,,0,587,587,FinalPage,ThankYou,2026-09-15 02:15:43.242303,1,,,0.0,1,,0.0,M_no_W_exp,,,,,,,,,,,0,0,,,501,99,,,,,,,,,,,,,,,,,1,1,"1, 8",2,0.0,0.0,0.0,0.0,0.0,0,0,0,0,0,4,0.0,0.0,0,0,501.0,99.0,50.0,50.0,75.0,72.5,Down,Down,100,100,55,50,55.8743961352657,52.10828025477707,53.29113924050633,52.90384615384615,3,9l3zlzfa,,,,,0
17,5fdw0rg1,,0,587,587,FinalPage,ThankYou,2026-09-15 02:15:43.252356,1,,,0.0,2,,0.0,M_no_W_exp,,,,,,,,,,,0,0,,,530,70,,,,,,,,,,,,,,,,,1,1,"1, 8",2,0.0,0.0,0.0,0.0,0.0,0,0,0,1,-1,4,0.0,0.0,0,0,501.0,99.0,50.0,50.0,75.0,72.5,Down,Down,100,100,55,50,55.8743961352657,52.10828025477707,53.29113924050633,52.90384615384615,3,9l3zlzfa,,,,,0
18,h7o9v437,,0,587,587,FinalPage,ThankYou,2026-09-15 02:15:43.348539,1,,,0.0,3,,0.0,M_no_W_exp,,,,,,,,,,,0,0,,,599,1,,,,,,,,,,,,,,,,,1,1,"1, 8",2,0.0,0.0,0.0,0.0,0.0,0,0,0,1,-1,4,0.0,0.0,0,0,501.0,99.0,50.0,50.0,75.0,72.5,Down,Down,100,100,55,50,55.8743961352657,52.10828025477707,53.29113924050633,52.90384615384615,3,9l3zlzfa,,,,,0
19,9mimenbo,,0,587,587,FinalPage,ThankYou,2026-09-15 02:15:43.388352,1,,,833.33,4,,0.0,M_no_W_exp,,,,,,,,,,,0,0,,,450,150,,,,,,,,,,,,,,,,,1,1,"1, 8",2,0.0,0.0,0.0,0.0,0.0,0,0,0,-1,1,4,0.0,0.0,0,0,501.0,99.0,50.0,50.0,75.0,72.5,Down,Down,100,100,55,50,55.8743961352657,52.10828025477707,53.29113924050633,52.90384615384615,3,9l3zlzfa,,,,,0
20,hn8non3y,,0,587,587,FinalPage,ThankYou,2026-09-15 02:15:43.459728,1,,,1666.67,5,,0.0,M_no_W_exp,,,,,,,,,,,0,0,,,400,200,,,,,,,,,,,,,,,,,1,1,"1, 8",2,0.0,0.0,0.0,0.0,0.0,0,0,0,-1,1,4,0.0,0.0,0,0,501.0,99.0,50.0,50.0,75.0,72.5,Down,Down,100,100,55,50,55.8743961352657,52.10828025477707,53.29113924050633,52.90384615384615,3,9l3zlzfa,,,,,0
21,x06ipo6j,,0,587,587,FinalPage,ThankYou,2026-09-15 02:15:43.651142,1,,,500.0,1,,0.0,M_no_W_exp,,,,,,,,,,,0,0,,,308,248,,,,,,,,,,,,,,,,,1,1,"1, 8",2,0.0,0.0,0.0,0.0,0.0,0,0,0,-1,1,5,0.0,0.0,1,1,351.0,246.0,100.0,180.0,75.0,130.0,Down,Up,0,80,50,30,55.8743961352657,52.10828025477707,53.29113924050633,52.90384615384615,3,9l3zlzfa,,,,,0
22,n9iynxtq,,0,587,587,FinalPage,ThankYou,2026-09-15 02:15:43.760292,1,,,944.44,2,,0.0,M_no_W_exp,,,,,,,,,,,0,0,,,351,246,,,,,,,,,,,,,,,,,1,1,"1, 8",2,0.0,0.0,0.0,0.0,0.0,0,0,0,1,0,5,0.0,0.0,1,1,351.0,246.0,100.0,180.0,75.0,130.0,Down,Up,0,80,50,30,55.8743961352657,52.10828025477707,53.29113924050633,52.90384615384615,3,9l3zlzfa,,,,,0
23,diqkyqqr,,0,587,587,FinalPage,ThankYou,2026-09-15 02:15:43.834949,1,,,1277.78,3,,0.0,M_no_W_exp,,,,,,,,,,,0,0,,,360,200,,,,,,,,,,,,,,,,,1,1,"1, 8",2,0.0,0.0,0.0,0.0,0.0,0,0,0,1,-1,5,0.0,0.0,1,1,351.0,246.0,100.0,180.0,75.0,130.0,Down,Up,0,80,50,30,55.8743961352657,52.10828025477707,53.29113924050633,52.90384615384615,3,9l3zlzfa,,,,,0
24,hi0vl1bf,,0,587,587,FinalPage,ThankYou,2026-09-15 02:15:44.110312,1,,,222.22,4,,0.0,M_no_W_exp,,,,,,,,,,,0,0,,,351,249,,,,,,,,,,,,,,,,,1,1,"1, 8",2,0.0,0.0,0.0,0.0,0.0,0,0,0,0,1,5,0.0,0.0,1,1,351.0,246.0,100.0,180.0,75.0,130.0,Down,Up,0,80,50,30,55.8743961352657,52.10828025477707,53.29113924050633,52.90384615384615,3,9l3zlzfa,,,,,0
25,u3a33dgt,,0,587,587,FinalPage,ThankYou,2026-09-15 02:16:14.753308,1,,,1277.78,5,,0.0,M_no_W_exp,,,,,,,,,,,0,0,,,180,100,,,,,,,,,,,,,,,,,1,1,"1, 8",2,0.0,0.0,0.0,0.0,0.0,0,0,0,-1,-1,5,0.0,0.0,1,1,351.0,246.0,100.0,180.0,75.0,130.0,Down,Up,0,80,50,30,55.8743961352657,52.10828025477707,53.29113924050633,52.90384615384615,3,9l3zlzfa,,,,,0
1,u4sl54xk,,0,587,587,FinalPage,ThankYou,2026-09-15 02:15:41.791289,1,,,500.0,1,,0.0,M_no_W_exp,,,,,,,,,,,0,0,,,199,120,,,,,,,,,,,,,,,,,1,1,"1, 8",2,0.0,0.0,0.0,0.0,0.0,0,0,0,-1,1,1,0.0,0.0,0,1,201.0,103.0,50.0,50.0,82.5,68.0,Down,Down,100,100,35,64,55.8743961352657,52.10828025477707,53.29113924050633,52.90384615384615,4,9l3zlzfa,,,,,0
2,q2jobopa,,0,587,587,FinalPage,ThankYou,2026-09-15 02:15:41.867553,1,,,222.22,2,,0.0,M_no_W_exp,,,,,,,,,,,0,0,,,200,102,,,,,,,,,,,,,,,,,1,1,"1, 8",2,0.0,0.0,0.0,0.0,0.0,0,0,0,-1,-1,1,0.0,0.0,0,1,201.0,103.0,50.0,50.0,82.5,68.0,Down,Down,100,100,35,64,55.8743961352657,52.10828025477707,53.29113924050633,52.90384615384615,4,9l3zlzfa,,,,,0
3,9xg7erl3,,0,587,587,FinalPage,ThankYou,2026-09-15 02:15:42.002021,1,,,611.11,3,,0.0,M_no_W_exp,,,,,,,,,,,0,0,,,201,103,,,,,,,,,,,,,,,,,1,1,"1, 8",2,0.0,0.0,0.0,0.0,0.0,0,0,0,0,0,1,0.0,0.0,0,1,201.0,103.0,50.0,50.0,82.5,68.0,Down,Down,100,100,35,64,55.8743961352657,52.10828025477707,53.29113924050633,52.90384615384615,4,9l3zlzfa,,,,,0
4,ixl976y0,,0,587,587,FinalPage,ThankYou,2026-09-15 02:15:42.268005,1,,,722.22,4,,0.0,M_no_W_exp,,,,,,,,,,,0,0,,,210,10,,,,,,,,,,,,,,,,,1,1,"1, 8",2,0.0,0.0,0.0,0.0,0.0,0,0,0,1,-1,1,0.0,0.0,0,1,201.0,103.0,50.0,50.0,82.5,68.0,Down,Down,100,100,35,64,55.8743961352657,52.10828025477707,53.29113924050633,52.90384615384615,4,9l3zlzfa,,,,,0
5,nqlqeq8n,,0,587,587,FinalPage,ThankYou,2026-09-15 02:15:42.844534,1,,,333.33,5,,0.0,M_no_W_exp,,,,,,,,,,,0,0,,,220,110,,,,,,,,,,,,,,,,,1,1,"1, 8",2,0.0,0.0,0.0,0.0,0.0,0,0,0,1,1,1,0.0,0.0,0,1,201.0,103.0,50.0,50.0,82.5,68.0,Down,Down,100,100,35,64,55.8743961352657,52.10828025477707,53.29113924050633,52.90384615384615,4,9l3zlzfa,,,,,0
6,d10dwe1h,,0,587,587,FinalPage,ThankYou,2026-09-15 02:15:42.881995,1,,,888.89,1,,0.0,M_no_W_exp,,,,,,,,,,,0,0,,,400,200,,,,,,,,,,,,,,,,,1,1,"1, 8",2,0.0,0.0,0.0,0.0,0.0,0,0,0,1,1,2,0.0,0.0,0,0,340.0,200.0,150.0,75.0,75.0,200.0,Down,Up,50,50,100,50,55.8743961352657,52.10828025477707,53.29113924050633,52.90384615384615,4,9l3zlzfa,,,,,0
7,0yq0zebw,,0,587,587,FinalPage,ThankYou,2026-09-15 02:15:42.904428,1,,,833.33,2,,0.0,M_no_W_exp,,,,,,,,,,,0,0,,,400,200,,,,,,,,,,,,,,,,,1,1,"1, 8",2,0.0,0.0,0.0,0.0,0.0,0,0,0,1,0,2,0.0,0.0,0,0,340.0,200.0,150.0,75.0,75.0,200.0,Down,Up,50,50,100,50,55.8743961352657,52.10828025477707,53.29113924050633,52.90384615384615,4,9l3zlzfa,,,,,0
8,7sfhy51b,,0,587,587,FinalPage,ThankYou,2026-09-15 02:15:42.911674,1,,,222.22,3,,0.0,M_no_W_exp,,,,,,,,,,,0,0,,,330,220,,,,,,,,,,,,,,,,,1,1,"1, 8",2,0.0,0.0,0.0,0.0,0.0,0,0,0,-1,1,2,0.0,0.0,0,0,340.0,200.0,150.0,75.0,75.0,200.0,Down,Up,50,50,100,50,55.8743961352657,52.10828025477707,53.29113924050633,52.90384615384615,4,9l3zlzfa,,,,,0
9,pgjj4tqg,,0,587,587,FinalPage,ThankYou,2026-09-15 02:15:42.950755,1,,,611.11,4,,0.0,M_no_W_exp,,,,,,,,,,,0,0,,,340,190,,,,,,,,,,,,,,,,,1,1,"1, 8",2,0.0,0.0,0.0,0.0,0.0,0,0,0,0,-1,2,0.0,0.0,0,0,340.0,200.0,150.0,75.0,75.0,200.0,Down,Up,50,50,100,50,55.8743961352657,52.10828025477707,53.29113924050633,52.90384615384615,4,9l3zlzfa,,,,,0
10,z4s8evj8,,0,587,587,FinalPage,ThankYou,2026-09-15 02:15:42.968291,1,,,1055.56,5,,0.0,M_no_W_exp,,,,,,,,,,,0,0,,,300,200,,,,,,,,,,,,,,,,,1,1,"1, 8",2,0.0,0.0,0.0,0.0,0.0,0,0,0,-1,-1,2,0.0,0.0,0,0,340.0,200.0,150.0,75.0,75.0,200.0,Down,Up,50,50,100,50,55.8743961352657,52.10828025477707,53.29113924050633,52.90384615384615,4,9l3zlzfa,,,,,0
11,e8h7gvii,,0,587,587,FinalPage,ThankYou,2026-09-15 02:15:43.019580,1,,,722.22,1,,0.0,M_no_W_exp,,,,,,,,,,,0,0,,,400,150,,,,,,,,,,,,,,,,,1,1,"1, 8",2,0.0,0.0,0.0,0.0,0.0,0,0,0,-1,1,3,0.0,0.0,0,0,450.0,120.0,75.0,75.0,70.0,65.0,Down,Down,50,50,70,60,55.8743961352657,52.10828025477707,53.29113924050633,52.90384615384615,4,9l3zlzfa,,,,,0
12,yt1cbpza,,0,587,587,FinalPage,ThankYou,2026-09-15 02:15:43.042844,1,,,1277.78,2,,0.0,M_no_W_exp,,,,,,,,,,,0,0,,,450,50,,,,,,,,,,,,,,,,,1,1,"1, 8",2,0.0,0.0,0.0,0.0,0.0,0,0,0,0,-1,3,0.0,0.0,0,0,450.0,120.0,75.0,75.0,70.0,65.0,Down,Down,50,50,70,60,55.8743961352657,52.10828025477707,53.29113924050633,52.90384615384615,4,9l3zlzfa,,,,,0
13,0i38ht6y,,0,587,587,FinalPage,ThankYou,2026-09-15 02:15:43.050304,1,,,444.44,3,,0.0,M_no_W_exp,,,,,,,,,,,0,0,,,350,120,,,,,,,,,,,,,,,,,1,1,"1, 8",2,0.0,0.0,0.0,0.0,0.0,0,0,0,-1,0,3,0.0,0.0,0,0,450.0,120.0,75.0,75.0,70.0,65.0,Down,Down,50,50,70,60,55.8743961352657,52.10828025477707,53.29113924050633,52.90384615384615,4,9l3zlzfa,,,,,0
14,xyqf41ao,,0,587,587,FinalPage,ThankYou,2026-09-15 02:15:43.059770,1,,,55.56,4,,0.0,M_no_W_exp,,,,,,,,,,,0,0,,,450,150,,,,,,,,,,,,,,,,,1,1,"1, 8",2,0.0,0.0,0.0,0.0,0.0,0,0,0,1,1,3,0.0,0.0,0,0,450.0,120.0,75.0,75.0,70.0,65.0,Down,Down,50,50,70,60,55.8743961352657,52.10828025477707,53.29113924050633,52.90384615384615,4,9l3zlzfa,,,,,0
15,g9pquzkd,,0,587,587,FinalPage,ThankYou,2026-09-15 02:15:43.154158,1,,,0.0,5,,0.0,M_no_W_exp,,,,,,,,,,,0,0,,,540,60,,,,,,,,,,,,,,,,,1,1,"1, 8",2,0.0,0.0,0.0,0.0,0.0,0,0,0,1,-1,3,0.0,0.0,0,0,450.0,120.0,75.0,75.0,70.0,65.0,Down,Down,50,50,70,60,55.8743961352657,52.10828025477707,53.29113924050633,52.90384615384615,4,9l3zlzfa,,,,,0
16,7ww48hi4,,0,587,587,FinalPage,ThankYou,2026-09-15 02:15:43.242303,1,,,0.0,1,,0.0,M_no_W_exp,,,,,,,,,,,0,0,,,450,150,,,,,,,,,,,,,,,,,1,1,"1, 8",2,0.0,0.0,0.0,0.0,0.0,0,0,0,-1,1,4,0.0,0.0,0,0,550.0,50.0,50.0,50.0,75.0,72.5,Down,Down,100,100,55,50,55.8743961352657,52.10828025477707,53.29113924050633,52.90384615384615,4,9l3zlzfa,,,,,0
17,5fdw0rg1,,0,587,587,FinalPage,ThankYou,2026-09-15 02:15:43.252356,1,,,0.0,2,,0.0,M_no_W_exp,,,,,,,,,,,0,0,,,550,50,,,,,,,,,,,,,,,,,1,1,"1, 8",2,0.0,0.0,0.0,0.0,0.0,0,0,0,0,0,4,0.0,0.0,0,0,550.0,50.0,50.0,50.0,75.0,72.5,Down,Down,100,100,55,50,55.8743961352657,52.10828025477707,53.29113924050633,52.90384615384615,4,9l3zlzfa,,,,,0
18,h7o9v437,,0,587,587,FinalPage,ThankYou,2026-09-15 02:15:43.348539,1,,,0.0,3,,0.0,M_no_W_exp,,,,,,,,,,,0,0,,,599,1,,,,,,,,,,,,,,,,,1,1,"1, 8",2,0.0,0.0,0.0,0.0,0.0,0,0,0,1,-1,4,0.0,0.0,0,0,550.0,50.0,50.0,50.0,75.0,72.5,Down,Down,100,100,55,50,55.8743961352657,52.10828025477707,53.29113924050633,52.90384615384615,4,9l3zlzfa,,,,,0
19,9mimenbo,,0,587,587,FinalPage,ThankYou,2026-09-15 02:15:43.388352,1,,,833.33,4,,0.0,M_no_W_exp,,,,,,,,,,,0,0,,,550,50,,,,,,,,,,,,,,,,,1,1,"1, 8",2,0.0,0.0,0.0,0.0,0.0,0,0,0,1,-1,4,0.0,0.0,0,0,550.0,50.0,50.0,50.0,75.0,72.5,Down,Down,100,100,55,50,55.8743961352657,52.10828025477707,53.29113924050633,52.90384615384615,4,9l3zlzfa,,,,,0
20,hn8non3y,,0,587,587,FinalPage,ThankYou,2026-09-15 02:15:43.459728,1,,,1666.67,5,,0.0,M_no_W_exp,,,,,,,,,,,0,0,,,10,100,,,,,,,,,,,,,,,,,1,1,"1, 8",2,0.0,0.0,0.0,0.0,0.0,0,0,0,-1,1,4,0.0,0.0,0,0,550.0,50.0,50.0,50.0,75.0,72.5,Down,Down,100,100,55,50,55.8743961352657,52.10828025477707,53.29113924050633,52.90384615384615,4,9l3zlzfa,,,,,0
21,x06ipo6j,,0,587,587,FinalPage,ThankYou,2026-09-15 02:15:43.651142,1,,,500.0,1,,0.0,M_no_W_exp,,,,,,,,,,,0,0,,,348,244,,,,,,,,,,,,,,,,,1,1,"1, 8",2,0.0,0.0,0.0,0.0,0.0,0,0,0,-1,0,5,0.0,0.0,1,1,352.0,244.0,100.0,180.0,75.0,130.0,Down,Up,0,80,50,30,55.8743961352657,52.10828025477707,53.29113924050633,52.90384615384615,4,9l3zlzfa,,,,,0
22,n9iynxtq,,0,587,587,FinalPage,ThankYou,2026-09-15 02:15:43.760292,1,,,944.44,2,,0.0,M_no_W_exp,,,,,,,,,,,0,0,,,352,247,,,,,,,,,,,,,,,,,1,1,"1, 8",2,0.0,0.0,0.0,0.0,0.0,0,0,0,0,1,5,0.0,0.0,1,1,352.0,244.0,100.0,180.0,75.0,130.0,Down,Up,0,80,50,30,55.8743961352657,52.10828025477707,53.29113924050633,52.90384615384615,4,9l3zlzfa,,,,,0
23,diqkyqqr,,0,587,587,FinalPage,ThankYou,2026-09-15 02:15:43.834949,1,,,1277.78,3,,0.0,M_no_W_exp,,,,,,,,,,,0,0,,,360,200,,,,,,,,,,,,,,,,,1,1,"1, 8",2,0.0,0.0,0.0,0.0,0.0,0,0,0,1,-1,5,0.0,0.0,1,1,352.0,244.0,100.0,180.0,75.0,130.0,Down,Up,0,80,50,30,55.8743961352657,52.10828025477707,53.29113924050633,52.90384615384615,4,9l3zlzfa,,,,,0
24,hi0vl1bf,,0,587,587,FinalPage,ThankYou,2026-09-15 02:15:44.110312,1,,,222.22,4,,0.0,M_no_W_exp,,,,,,,,,,,0,0,,,353,247,,,,,,,,,,,,,,,,,1,1,"1, 8",2,0.0,0.0,0.0,0.0,0.0,0,0,0,1,1,5,0.0,0.0,1,1,352.0,244.0,100.0,180.0,75.0,130.0,Down,Up,0,80,50,30,55.8743961352657,52.10828025477707,53.29113924050633,52.90384615384615,4,9l3zlzfa,,,,,0
25,u3a33dgt,,0,587,587,FinalPage,ThankYou,2026-09-15 02:16:14.753308,1,,,1277.78,5,,0.0,M_no_W_exp,,,,,,,,,,,0,0,,,170,100,,,,,,,,,,,,,,,,,1,1,"1, 8",2,0.0,0.0,0.0,0.0,0.0,0,0,0,-1,-1,5,0.0,0.0,1,1,352.0,244.0,100.0,180.0,75.0,130.0,Down,Up,0,80,50,30,55.8743961352657,52.10828025477707,53.29113924050633,52.90384615384615,4,9l3zlzfa,,,,,0
1,u4sl54xk,,0,587,587,FinalPage,ThankYou,2026-09-15 02:15:41.791289,1,,,500.0,1,,0.0,M_no_W_exp,,,,,,,,,,,0,0,,,199,111,,,,,,,,,,,,,,,,,1,1,"1, 8",2,0.0,0.0,0.0,0.0,0.0,0,0,0,-1,1,1,0.0,0.0,0,1,202.0,104.0,50.0,50.0,82.5,68.0,Down,Down,100,100,35,64,55.8743961352657,52.10828025477707,53.29113924050633,52.90384615384615,5,9l3zlzfa,,,,,0
2,q2jobopa,,0,587,587,FinalPage,ThankYou,2026-09-15 02:15:41.867553,1,,,222.22,2,,0.0,M_no_W_exp,,,,,,,,,,,0,0,,,202,105,,,,,,,,,,,,,,,,,1,1,"1, 8",2,0.0,0.0,0.0,0.0,0.0,0,0,0,0,1,1,0.0,0.0,0,1,202.0,104.0,50.0,50.0,82.5,68.0,Down,Down,100,100,35,64,55.8743961352657,52.10828025477707,53.29113924050633,52.90384615384615,5,9l3zlzfa,,,,,0
3,9xg7erl3,,0,587,587,FinalPage,ThankYou,2026-09-15 02:15:42.002021,1,,,611.11,3,,0.0,M_no_W_exp,,,,,,,,,,,0,0,,,202,104,,,,,,,,,,,,,,,,,1,1,"1, 8",2,0.0,0.0,0.0,0.0,0.0,0,0,0,1,0,1,0.0,0.0,0,1,202.0,104.0,50.0,50.0,82.5,68.0,Down,Down,100,100,35,64,55.8743961352657,52.10828025477707,53.29113924050633,52.90384615384615,5,9l3zlzfa,,,,,0
4,ixl976y0,,0,587,587,FinalPage,ThankYou,2026-09-15 02:15:42.268005,1,,,722.22,4,,0.0,M_no_W_exp,,,,,,,,,,,0,0,,,210,10,,,,,,,,,,,,,,,,,1,1,"1, 8",2,0.0,0.0,0.0,0.0,0.0,0,0,0,1,-1,1,0.0,0.0,0,1,202.0,104.0,50.0,50.0,82.5,68.0,Down,Down,100,100,35,64,55.8743961352657,52.10828025477707,53.29113924050633,52.90384615384615,5,9l3zlzfa,,,,,0
5,nqlqeq8n,,0,587,587,FinalPage,ThankYou,2026-09-15 02:15:42.844534,1,,,333.33,5,,0.0,M_no_W_exp,,,,,,,,,,,0,0,,,200,100,,,,,,,,,,,,,,,,,1,1,"1, 8",2,0.0,0.0,0.0,0.0,0.0,0,0,0,-1,-1,1,0.0,0.0,0,1,202.0,104.0,50.0,50.0,82.5,68.0,Down,Down,100,100,35,64,55.8743961352657,52.10828025477707,53.29113924050633,52.90384615384615,5,9l3zlzfa,,,,,0
6,d10dwe1h,,0,587,587,FinalPage,ThankYou,2026-09-15 02:15:42.881995,1,,,888.89,1,,0.0,M_no_W_exp,,,,,,,,,,,0,0,,,500,100,,,,,,,,,,,,,,,,,1,1,"1, 8",2,0.0,0.0,0.0,0.0,0.0,0,0,0,1,-1,2,0.0,0.0,0,0,365.0,200.0,150.0,75.0,75.0,200.0,Down,Up,50,50,100,50,55.8743961352657,52.10828025477707,53.29113924050633,52.90384615384615,5,9l3zlzfa,,,,,0
7,0yq0zebw,,0,587,587,FinalPage,ThankYou,2026-09-15 02:15:42.904428,1,,,833.33,2,,0.0,M_no_W_exp,,,,,,,,,,,0,0,,,365,200,,,,,,,,,,,,,,,,,1,1,"1, 8",2,0.0,0.0,0.0,0.0,0.0,0,0,0,0,0,2,0.0,0.0,0,0,365.0,200.0,150.0,75.0,75.0,200.0,Down,Up,50,50,100,50,55.8743961352657,52.10828025477707,53.29113924050633,52.90384615384615,5,9l3zlzfa,,,,,0
8,7sfhy51b,,0,587,587,FinalPage,ThankYou,2026-09-15 02:15:42.911674,1,,,222.22,3,,0.0,M_no_W_exp,,,,,,,,,,,0,0,,,341,198,,,,,,,,,,,,,,,,,1,1,"1, 8",2,0.0,0.0,0.0,0.0,0.0,0,0,0,-1,-1,2,0.0,0.0,0,0,365.0,200.0,150.0,75.0,75.0,200.0,Down,Up,50,50,100,50,55.8743961352657,52.10828025477707,53.29113924050633,52.90384615384615,5,9l3zlzfa,,,,,0
9,pgjj4tqg,,0,587,587,FinalPage,ThankYou,2026-09-15 02:15:42.950755,1,,,611.11,4,,0.0,M_no_W_exp,,,,,,,,,,,0,0,,,375,210,,,,,,,,,,,,,,,,,1,1,"1, 8",2,0.0,0.0,0.0,0.0,0.0,0,0,0,1,1,2,0.0,0.0,0,0,365.0,200.0,150.0,75.0,75.0,200.0,Down,Up,50,50,100,50,55.8743961352657,52.10828025477707,53.29113924050633,52.90384615384615,5,9l3zlzfa,,,,,0
10,z4s8evj8,,0,587,587,FinalPage,ThankYou,2026-09-15 02:15:42.968291,1,,,1055.56,5,,0.0,M_no_W_exp,,,,,,,,,,,0,0,,,250,200,,,,,,,,,,,,,,,,,1,1,"1, 8",2,0.0,0.0,0.0,0.0,0.0,0,0,0,-1,1,2,0.0,0.0,0,0,365.0,200.0,150.0,75.0,75.0,200.0,Down,Up,50,50,100,50,55.8743961352657,52.10828025477707,53.29113924050633,52.90384615384615,5,9l3zlzfa,,,,,0
11,e8h7gvii,,0,587,587,FinalPage,ThankYou,2026-09-15 02:15:43.019580,1,,,722.22,1,,0.0,M_no_W_exp,,,,,,,,,,,0,0,,,460,140,,,,,,,,,,,,,,,,,1,1,"1, 8",2,0.0,0.0,0.0,0.0,0.0,0,0,0,1,0,3,0.0,0.0,0,0,450.0,140.0,75.0,75.0,70.0,65.0,Down,Down,50,50,70,60,55.8743961352657,52.10828025477707,53.29113924050633,52.90384615384615,5,9l3zlzfa,,,,,0
12,yt1cbpza,,0,587,587,FinalPage,ThankYou,2026-09-15 02:15:43.042844,1,,,1277.78,2,,0.0,M_no_W_exp,,,,,,,,,,,0,0,,,400,150,,,,,,,,,,,,,,,,,1,1,"1, 8",2,0.0,0.0,0.0,0.0,0.0,0,0,0,-1,1,3,0.0,0.0,0,0,450.0,140.0,75.0,75.0,70.0,65.0,Down,Down,50,50,70,60,55.8743961352657,52.10828025477707,53.29113924050633,52.90384615384615,5,9l3zlzfa,,,,,0
13,0i38ht6y,,0,587,587,FinalPage,ThankYou,2026-09-15 02:15:43.050304,1,,,444.44,3,,0.0,M_no_W_exp,,,,,,,,,,,0,0,,,450,150,,,,,,,,,,,,,,,,,1,1,"1, 8",2,0.0,0.0,0.0,0.0,0.0,0,0,0,-1,1,3,0.0,0.0,0,0,450.0,140.0,75.0,75.0,70.0,65.0,Down,Down,50,50,70,60,55.8743961352657,52.10828025477707,53.29113924050633,52.90384615384615,5,9l3zlzfa,,,,,0
14,xyqf41ao,,0,587,587,FinalPage,ThankYou,2026-09-15 02:15:43.059770,1,,,55.56,4,,0.0,M_no_W_exp,,,,,,,,,,,0,0,,,450,120,,,,,,,,,,,,,,,,,1,1,"1, 8",2,0.0,0.0,0.0,0.0,0.0,0,0,0,0,-1,3,0.0,0.0,0,0,450.0,140.0,75.0,75.0,70.0,65.0,Down,Down,50,50,70,60,55.8743961352657,52.10828025477707,53.29113924050633,52.90384615384615,5,9l3zlzfa,,,,,0
15,g9pquzkd,,0,587,587,FinalPage,ThankYou,2026-09-15 02:15:43.154158,1,,,0.0,5,,0.0,M_no_W_exp,,,,,,,,,,,0,0,,,570,30,,,,,,,,,,,,,,,,,1,1,"1, 8",2,0.0,0.0,0.0,0.0,0.0,0,0,0,1,-1,3,0.0,0.0,0,0,450.0,140.0,75.0,75.0,70.0,65.0,Down,Down,50,50,70,60,55.8743961352657,52.10828025477707,53.29113924050633,52.90384615384615,5,9l3zlzfa,,,,,0
16,7ww48hi4,,0,587,587,FinalPage,ThankYou,2026-09-15 02:15:43.242303,1,,,0.0,1,,0.0,M_no_W_exp,,,,,,,,,,,0,0,,,590,10,,,,,,,,,,,,,,,,,1,1,"1, 8",2,0.0,0.0,0.0,0.0,0.0,0,0,0,1,-1,4,0.0,0.0,0,0,580.0,20.0,50.0,50.0,75.0,72.5,Down,Down,100,100,55,50,55.8743961352657,52.10828025477707,53.29113924050633,52.90384615384615,5,9l3zlzfa,,,,,0
17,5fdw0rg1,,0,587,587,FinalPage,ThankYou,2026-09-15 02:15:43.252356,1,,,0.0,2,,0.0,M_no_W_exp,,,,,,,,,,,0,0,,,580,20,,,,,,,,,,,,,,,,,1,1,"1, 8",2,0.0,0.0,0.0,0.0,0.0,0,0,0,0,0,4,0.0,0.0,0,0,580.0,20.0,50.0,50.0,75.0,72.5,Down,Down,100,100,55,50,55.8743961352657,52.10828025477707,53.29113924050633,52.90384615384615,5,9l3zlzfa,,,,,0
18,h7o9v437,,0,587,587,FinalPage,ThankYou,2026-09-15 02:15:43.348539,1,,,0.0,3,,0.0,M_no_W_exp,,,,,,,,,,,0,0,,,599,1,,,,,,,,,,,,,,,,,1,1,"1, 8",2,0.0,0.0,0.0,0.0,0.0,0,0,0,1,-1,4,0.0,0.0,0,0,580.0,20.0,50.0,50.0,75.0,72.5,Down,Down,100,100,55,50,55.8743961352657,52.10828025477707,53.29113924050633,52.90384615384615,5,9l3zlzfa,,,,,0
19,9mimenbo,,0,587,587,FinalPage,ThankYou,2026-09-15 02:15:43.388352,1,,,833.33,4,,0.0,M_no_W_exp,,,,,,,,,,,0,0,,,560,40,,,,,,,,,,,,,,,,,1,1,"1, 8",2,0.0,0.0,0.0,0.0,0.0,0,0,0,-1,1,4,0.0,0.0,0,0,580.0,20.0,50.0,50.0,75.0,72.5,Down,Down,100,100,55,50,55.8743961352657,52.10828025477707,53.29113924050633,52.90384615384615,5,9l3zlzfa,,,,,0
20,hn8non3y,,0,587,587,FinalPage,ThankYou,2026-09-15 02:15:43.459728,1,,,1666.67,5,,0.0,M_no_W_exp,,,,,,,,,,,0,0,,,10,60,,,,,,,,,,,,,,,,,1,1,"1, 8",2,0.0,0.0,0.0,0.0,0.0,0,0,0,-1,1,4,0.0,0.0,0,0,580.0,20.0,50.0,50.0,75.0,72.5,Down,Down,100,100,55,50,55.8743961352657,52.10828025477707,53.29113924050633,52.90384615384615,5,9l3zlzfa,,,,,0
21,x06ipo6j,,0,587,587,FinalPage,ThankYou,2026-09-15 02:15:43.651142,1,,,500.0,1,,0.0,M_no_W_exp,,,,,,,,,,,0,0,,,351,243,,,,,,,,,,,,,,,,,1,1,"1, 8",2,0.0,0.0,0.0,0.0,0.0,0,0,0,1,0,5,0.0,0.0,1,1,351.0,243.0,100.0,180.0,75.0,130.0,Down,Up,0,80,50,30,55.8743961352657,52.10828025477707,53.29113924050633,52.90384615384615,5,9l3zlzfa,,,,,0
22,n9iynxtq,,0,587,587,FinalPage,ThankYou,2026-09-15 02:15:43.760292,1,,,944.44,2,,0.0,M_no_W_exp,,,,,,,,,,,0,0,,,351,243,,,,,,,,,,,,,,,,,1,1,"1, 8",2,0.0,0.0,0.0,0.0,0.0,0,0,0,0,-1,5,0.0,0.0,1,1,351.0,243.0,100.0,180.0,75.0,130.0,Down,Up,0,80,50,30,55.8743961352657,52.10828025477707,53.29113924050633,52.90384615384615,5,9l3zlzfa,,,,,0
23,diqkyqqr,,0,587,587,FinalPage,ThankYou,2026-09-15 02:15:43.834949,1,,,1277.78,3,,0.0,M_no_W_exp,,,,,,,,,,,0,0,,,350,245,,,,,,,,,,,,,,,,,1,1,"1, 8",2,0.0,0.0,0.0,0.0,0.0,0,0,0,-1,1,5,0.0,0.0,1,1,351.0,243.0,100.0,180.0,75.0,130.0,Down,Up,0,80,50,30,55.8743961352657,52.10828025477707,53.29113924050633,52.90384615384615,5,9l3zlzfa,,,,,0
24,hi0vl1bf,,0,587,587,FinalPage,ThankYou,2026-09-15 02:15:44.110312,1,,,222.22,4,,0.0,M_no_W_exp,,,,,,,,,,,0,0,,,354,246,,,,,,,,,,,,,,,,,1,1,"1, 8",2,0.0,0.0,0.0,0.0,0.0,0,0,0,1,1,5,0.0,0.0,1,1,351.0,243.0,100.0,180.0,75.0,130.0,Down,Up,0,80,50,30,55.8743961352657,52.10828025477707,53.29113924050633,52.90384615384615,5,9l3zlzfa,,,,,0
25,u3a33dgt,,0,587,587,FinalPage,ThankYou,2026-09-15 02:16:14.753308,1,,,1277.78,5,,0.0,M_no_W_exp,,,,,,,,,,,0,0,,,170,95,,,,,,,,,,,,,,,,,1,1,"1, 8",2,0.0,0.0,0.0,0.0,0.0,0,0,0,-1,-1,5,0.0,0.0,1,1,351.0,243.0,100.0,180.0,75.0,130.0,Down,Up,0,80,50,30,55.8743961352657,52.10828025477707,53.29113924050633,52.90384615384615,5,9l3zlzfa,,,,,0
1,u4sl54xk,,0,587,587,FinalPage,ThankYou,2026-09-15 02:15:41.791289,1,,,500.0,1,,0.0,M_no_W_exp,,,,,,,,,,,0,0,,,205,100,,,,,,,,,,,,,,,,,1,1,"1, 8",2,0.0,0.0,0.0,0.0,0.0,0,0,0,1,-1,1,0.0,0.0,0,1,202.0,105.0,50.0,50.0,82.5,68.0,Down,Down,100,100,35,64,55.8743961352657,52.10828025477707,53.29113924050633,52.90384615384615,6,9l3zlzfa,,,,,0
2,q2jobopa,,0,587,587,FinalPage,ThankYou,2026-09-15 02:15:41.867553,1,,,222.22,2,,0.0,M_no_W_exp,,,,,,,,,,,0,0,,,200,106,,,,,,,,,,,,,,,,,1,1,"1, 8",2,0.0,0.0,0.0,0.0,0.0,0,0,0,-1,1,1,0.0,0.0,0,1,202.0,105.0,50.0,50.0,82.5,68.0,Down,Down,100,100,35,64,55.8743961352657,52.10828025477707,53.29113924050633,52.90384615384615,6,9l3zlzfa,,,,,0
3,9xg7erl3,,0,587,587,FinalPage,ThankYou,2026-09-15 02:15:42.002021,1,,,611.11,3,,0.0,M_no_W_exp,,,,,,,,,,,0,0,,,203,102,,,,,,,,,,,,,,,,,1,1,"1, 8",2,0.0,0.0,0.0,0.0,0.0,0,0,0,1,-1,1,0.0,0.0,0,1,202.0,105.0,50.0,50.0,82.5,68.0,Down,Down,100,100,35,64,55.8743961352657,52.10828025477707,53.29113924050633,52.90384615384615,6,9l3zlzfa,,,,,0
4,ixl976y0,,0,587,587,FinalPage,ThankYou,2026-09-15 02:15:42.268005,1,,,722.22,4,,0.0,M_no_W_exp,,,,,,,,,,,0,0,,,202,105,,,,,,,,,,,,,,,,,1,1,"1, 8",2,0.0,0.0,0.0,0.0,0.0,0,0,0,-1,0,1,0.0,0.0,0,1,202.0,105.0,50.0,50.0,82.5,68.0,Down,Down,100,100,35,64,55.8743961352657,52.10828025477707,53.29113924050633,52.90384615384615,6,9l3zlzfa,,,,,0
5,nqlqeq8n,,0,587,587,FinalPage,ThankYou,2026-09-15 02:15:42.844534,1,,,333.33,5,,0.0,M_no_W_exp,,,,,,,,,,,0,0,,,202,106,,,,,,,,,,,,,,,,,1,1,"1, 8",2,0.0,0.0,0.0,0.0,0.0,0,0,0,0,1,1,0.0,0.0,0,1,202.0,105.0,50.0,50.0,82.5,68.0,Down,Down,100,100,35,64,55.8743961352657,52.10828025477707,53.29113924050633,52.90384615384615,6,9l3zlzfa,,,,,0
6,d10dwe1h,,0,587,587,FinalPage,ThankYou,2026-09-15 02:15:42.881995,1,,,888.89,1,,0.0,M_no_W_exp,,,,,,,,,,,0,0,,,300,300,,,,,,,,,,,,,,,,,1,1,"1, 8",2,0.0,0.0,0.0,0.0,0.0,0,0,0,0,1,2,0.0,0.0,0,0,300.0,200.0,150.0,75.0,75.0,200.0,Down,Up,50,50,100,50,55.8743961352657,52.10828025477707,53.29113924050633,52.90384615384615,6,9l3zlzfa,,,,,0
7,0yq0zebw,,0,587,587,FinalPage,ThankYou,2026-09-15 02:15:42.904428,1,,,833.33,2,,0.0,M_no_W_exp,,,,,,,,,,,0,0,,,100,100,,,,,,,,,,,,,,,,,1,1,"1, 8",2,0.0,0.0,0.0,0.0,0.0,0,0,0,-1,-1,2,0.0,0.0,0,0,300.0,200.0,150.0,75.0,75.0,200.0,Down,Up,50,50,100,50,55.8743961352657,52.10828025477707,53.29113924050633,52.90384615384615,6,9l3zlzfa,,,,,0
8,7sfhy51b,,0,587,587,FinalPage,ThankYou,2026-09-15 02:15:42.911674,1,,,222.22,3,,0.0,M_no_W_exp,,,,,,,,,,,0,0,,,370,225,,,,,,,,,,,,,,,,,1,1,"1, 8",2,0.0,0.0,0.0,0.0,0.0,0,0,0,1,1,2,0.0,0.0,0,0,300.0,200.0,150.0,75.0,75.0,200.0,Down,Up,50,50,100,50,55.8743961352657,52.10828025477707,53.29113924050633,52.90384615384615,6,9l3zlzfa,,,,,0
9,pgjj4tqg,,0,587,587,FinalPage,ThankYou,2026-09-15 02:15:42.950755,1,,,611.11,4,,0.0,M_no_W_exp,,,,,,,,,,,0,0,,,375,200,,,,,,,,,,,,,,,,,1,1,"1, 8",2,0.0,0.0,0.0,0.0,0.0,0,0,0,1,0,2,0.0,0.0,0,0,300.0,200.0,150.0,75.0,75.0,200.0,Down,Up,50,50,100,50,55.8743961352657,52.10828025477707,53.29113924050633,52.90384615384615,6,9l3zlzfa,,,,,0
10,z4s8evj8,,0,587,587,FinalPage,ThankYou,2026-09-15 02:15:42.968291,1,,,1055.56,5,,0.0,M_no_W_exp,,,,,,,,,,,0,0,,,300,200,,,,,,,,,,,,,,,,,1,1,"1, 8",2,0.0,0.0,0.0,0.0,0.0,0,0,0,-1,-1,2,0.0,0.0,0,0,300.0,200.0,150.0,75.0,75.0,200.0,Down,Up,50,50,100,50,55.8743961352657,52.10828025477707,53.29113924050633,52.90384615384615,6,9l3zlzfa,,,,,0
11,e8h7gvii,,0,587,587,FinalPage,ThankYou,2026-09-15 02:15:43.019580,1,,,722.22,1,,0.0,M_no_W_exp,,,,,,,,,,,0,0,,,460,140,,,,,,,,,,,,,,,,,1,1,"1, 8",2,0.0,0.0,0.0,0.0,0.0,0,0,0,-1,1,3,0.0,0.0,0,0,492.0,108.0,75.0,75.0,70.0,65.0,Down,Down,50,50,70,60,55.8743961352657,52.10828025477707,53.29113924050633,52.90384615384615,6,9l3zlzfa,,,,,0
12,yt1cbpza,,0,587,587,FinalPage,ThankYou,2026-09-15 02:15:43.042844,1,,,1277.78,2,,0.0,M_no_W_exp,,,,,,,,,,,0,0,,,500,100,,,,,,,,,,,,,,,,,1,1,"1, 8",2,0.0,0.0,0.0,0.0,0.0,0,0,0,1,-1,3,0.0,0.0,0,0,492.0,108.0,75.0,75.0,70.0,65.0,Down,Down,50,50,70,60,55.8743961352657,52.10828025477707,53.29113924050633,52.90384615384615,6,9l3zlzfa,,,,,0
13,0i38ht6y,,0,587,587,FinalPage,ThankYou,2026-09-15 02:15:43.050304,1,,,444.44,3,,0.0,M_no_W_exp,,,,,,,,,,,0,0,,,500,100,,,,,,,,,,,,,,,,,1,1,"1, 8",2,0.0,0.0,0.0,0.0,0.0,0,0,0,1,-1,3,0.0,0.0,0,0,492.0,108.0,75.0,75.0,70.0,65.0,Down,Down,50,50,70,60,55.8743961352657,52.10828025477707,53.29113924050633,52.90384615384615,6,9l3zlzfa,,,,,0
14,xyqf41ao,,0,587,587,FinalPage,ThankYou,2026-09-15 02:15:43.059770,1,,,55.56,4,,0.0,M_no_W_exp,,,,,,,,,,,0,0,,,450,130,,,,,,,,,,,,,,,,,1,1,"1, 8",2,0.0,0.0,0.0,0.0,0.0,0,0,0,-1,1,3,0.0,0.0,0,0,492.0,108.0,75.0,75.0,70.0,65.0,Down,Down,50,50,70,60,55.8743961352657,52.10828025477707,53.29113924050633,52.90384615384615,6,9l3zlzfa,,,,,0
15,g9pquzkd,,0,587,587,FinalPage,ThankYou,2026-09-15 02:15:43.154158,1,,,0.0,5,,0.0,M_no_W_exp,,,,,,,,,,,0,0,,,492,108,,,,,,,,,,,,,,,,,1,1,"1, 8",2,0.0,0.0,0.0,0.0,0.0,0,0,0,0,0,3,0.0,0.0,0,0,492.0,108.0,75.0,75.0,70.0,65.0,Down,Down,50,50,70,60,55.8743961352657,52.10828025477707,53.29113924050633,52.90384615384615,6,9l3zlzfa,,,,,0
16,7ww48hi4,,0,587,587,FinalPage,ThankYou,2026-09-15 02:15:43.242303,1,,,0.0,1,,0.0,M_no_W_exp,,,,,,,,,,,0,0,,,565,35,,,,,,,,,,,,,,,,,1,1,"1, 8",2,0.0,0.0,0.0,0.0,0.0,0,0,0,-1,1,4,0.0,0.0,0,0,590.0,10.0,50.0,50.0,75.0,72.5,Down,Down,100,100,55,50,55.8743961352657,52.10828025477707,53.29113924050633,52.90384615384615,6,9l3zlzfa,,,,,0
17,5fdw0rg1,,0,587,587,FinalPage,ThankYou,2026-09-15 02:15:43.252356,1,,,0.0,2,,0.0,M_no_W_exp,,,,,,,,,,,0,0,,,590,10,,,,,,,,,,,,,,,,,1,1,"1, 8",2,0.0,0.0,0.0,0.0,0.0,0,0,0,1,-1,4,0.0,0.0,0,0,590.0,10.0,50.0,50.0,75.0,72.5,Down,Down,100,100,55,50,55.8743961352657,52.10828025477707,53.29113924050633,52.90384615384615,6,9l3zlzfa,,,,,0
18,h7o9v437,,0,587,587,FinalPage,ThankYou,2026-09-15 02:15:43.348539,1,,,0.0,3,,0.0,M_no_W_exp,,,,,,,,,,,0,0,,,599,1,,,,,,,,,,,,,,,,,1,1,"1, 8",2,0.0,0.0,0.0,0.0,0.0,0,0,0,1,-1,4,0.0,0.0,0,0,590.0,10.0,50.0,50.0,75.0,72.5,Down,Down,100,100,55,50,55.8743961352657,52.10828025477707,53.29113924050633,52.90384615384615,6,9l3zlzfa,,,,,0
19,9mimenbo,,0,587,587,FinalPage,ThankYou,2026-09-15 02:15:43.388352,1,,,833.33,4,,0.0,M_no_W_exp,,,,,,,,,,,0,0,,,590,10,,,,,,,,,,,,,,,,,1,1,"1, 8",2,0.0,0.0,0.0,0.0,0.0,0,0,0,0,0,4,0.0,0.0,0,0,590.0,10.0,50.0,50.0,75.0,72.5,Down,Down,100,100,55,50,55.8743961352657,52.10828025477707,53.29113924050633,52.90384615384615,6,9l3zlzfa,,,,,0
20,hn8non3y,,0,587,587,FinalPage,ThankYou,2026-09-15 02:15:43.459728,1,,,1666.67,5,,0.0,M_no_W_exp,,,,,,,,,,,0,0,,,580,20,,,,,,,,,,,,,,,,,1,1,"1, 8",2,0.0,0.0,0.0,0.0,0.0,0,0,0,-1,1,4,0.0,0.0,0,0,590.0,10.0,50.0,50.0,75.0,72.5,Down,Down,100,100,55,50,55.8743961352657,52.10828025477707,53.29113924050633,52.90384615384615,6,9l3zlzfa,,,,,0
21,x06ipo6j,,0,587,587,FinalPage,ThankYou,2026-09-15 02:15:43.651142,1,,,500.0,1,,0.0,M_no_W_exp,,,,,,,,,,,0,0,,,349,242,,,,,,,,,,,,,,,,,1,1,"1, 8",2,0.0,0.0,0.0,0.0,0.0,0,0,0,-1,-1,5,0.0,0.0,1,1,350.0,244.0,100.0,180.0,75.0,130.0,Down,Up,0,80,50,30,55.8743961352657,52.10828025477707,53.29113924050633,52.90384615384615,6,9l3zlzfa,,,,,0
22,n9iynxtq,,0,587,587,FinalPage,ThankYou,2026-09-15 02:15:43.760292,1,,,944.44,2,,0.0,M_no_W_exp,,,,,,,,,,,0,0,,,350,244,,,,,,,,,,,,,,,,,1,1,"1, 8",2,0.0,0.0,0.0,0.0,0.0,0,0,0,0,0,5,0.0,0.0,1,1,350.0,244.0,100.0,180.0,75.0,130.0,Down,Up,0,80,50,30,55.8743961352657,52.10828025477707,53.29113924050633,52.90384615384615,6,9l3zlzfa,,,,,0
23,diqkyqqr,,0,587,587,FinalPage,ThankYou,2026-09-15 02:15:43.834949,1,,,1277.78,3,,0.0,M_no_W_exp,,,,,,,,,,,0,0,,,350,245,,,,,,,,,,,,,,,,,1,1,"1, 8",2,0.0,0.0,0.0,0.0,0.0,0,0,0,1,1,5,0.0,0.0,1,1,350.0,244.0,100.0,180.0,75.0,130.0,Down,Up,0,80,50,30,55.8743961352657,52.10828025477707,53.29113924050633,52.90384615384615,6,9l3zlzfa,,,,,0
24,hi0vl1bf,,0,587,587,FinalPage,ThankYou,2026-09-15 02:15:44.110312,1,,,222.22,4,,0.0,M_no_W_exp,,,,,,,,,,,0,0,,,353,245,,,,,,,,,,,,,,,,,1,1,"1, 8",2,0.0,0.0,0.0,0.0,0.0,0,0,0,1,1,5,0.0,0.0,1,1,350.0,244.0,100.0,180.0,75.0,130.0,Down,Up,0,80,50,30,55.8743961352657,52.10828025477707,53.29113924050633,52.90384615384615,6,9l3zlzfa,,,,,0
25,u3a33dgt,,0,587,587,FinalPage,ThankYou,2026-09-15 02:16:14.753308,1,,,1277.78,5,,0.0,M_no_W_exp,,,,,,,,,,,0,0,,,170,95,,,,,,,,,,,,,,,,,1,1,"1, 8",2,0.0,0.0,0.0,0.0,0.0,0,0,0,-1,-1,5,0.0,0.0,1,1,350.0,244.0,100.0,180.0,75.0,130.0,Down,Up,0,80,50,30,55.8743961352657,52.10828025477707,53.29113924050633,52.90384615384615,6,9l3zlzfa,,,,,0
1,u4sl54xk,,0,587,587,FinalPage,ThankYou,2026-09-15 02:15:41.791289,1,,,500.0,1,,0.0,M_no_W_exp,,,,,,,,,,,0,0,,,205,105,,,,,,,,,,,,,,,,,1,1,"1, 8",2,0.0,0.0,0.0,0.0,0.0,0,0,0,1,-1,1,0.0,0.0,0,1,202.0,105.0,50.0,50.0,82.5,68.0,Down,Down,100,100,35,64,55.8743961352657,52.10828025477707,53.29113924050633,52.90384615384615,7,9l3zlzfa,,,,,0
2,q2jobopa,,0,587,587,FinalPage,ThankYou,2026-09-15 02:15:41.867553,1,,,222.22,2,,0.0,M_no_W_exp,,,,,,,,,,,0,0,,,201,105,,,,,,,,,,,,,,,,,1,1,"1, 8",2,0.0,0.0,0.0,0.0,0.0,0,0,0,-1,0,1,0.0,0.0,0,1,202.0,105.0,50.0,50.0,82.5,68.0,Down,Down,100,100,35,64,55.8743961352657,52.10828025477707,53.29113924050633,52.90384615384615,7,9l3zlzfa,,,,,0
3,9xg7erl3,,0,587,587,FinalPage,ThankYou,2026-09-15 02:15:42.002021,1,,,611.11,3,,0.0,M_no_W_exp,,,,,,,,,,,0,0,,,203,102,,,,,,,,,,,,,,,,,1,1,"1, 8",2,0.0,0.0,0.0,0.0,0.0,0,0,0,1,-1,1,0.0,0.0,0,1,202.0,105.0,50.0,50.0,82.5,68.0,Down,Down,100,100,35,64,55.8743961352657,52.10828025477707,53.29113924050633,52.90384615384615,7,9l3zlzfa,,,,,0
4,ixl976y0,,0,587,587,FinalPage,ThankYou,2026-09-15 02:15:42.268005,1,,,722.22,4,,0.0,M_no_W_exp,,,,,,,,,,,0,0,,,202,106,,,,,,,,,,,,,,,,,1,1,"1, 8",2,0.0,0.0,0.0,0.0,0.0,0,0,0,0,1,1,0.0,0.0,0,1,202.0,105.0,50.0,50.0,82.5,68.0,Down,Down,100,100,35,64,55.8743961352657,52.10828025477707,53.29113924050633,52.90384615384615,7,9l3zlzfa,,,,,0
5,nqlqeq8n,,0,587,587,FinalPage,ThankYou,2026-09-15 02:15:42.844534,1,,,333.33,5,,0.0,M_no_W_exp,,,,,,,,,,,0,0,,,200,107,,,,,,,,,,,,,,,,,1,1,"1, 8",2,0.0,0.0,0.0,0.0,0.0,0,0,0,-1,1,1,0.0,0.0,0,1,202.0,105.0,50.0,50.0,82.5,68.0,Down,Down,100,100,35,64,55.8743961352657,52.10828025477707,53.29113924050633,52.90384615384615,7,9l3zlzfa,,,,,0
6,d10dwe1h,,0,587,587,FinalPage,ThankYou,2026-09-15 02:15:42.881995,1,,,888.89,1,,0.0,M_no_W_exp,,,,,,,,,,,0,0,,,400,200,,,,,,,,,,,,,,,,,1,1,"1, 8",2,0.0,0.0,0.0,0.0,0.0,0,0,0,1,0,2,0.0,0.0,0,0,330.0,200.0,150.0,75.0,75.0,200.0,Down,Up,50,50,100,50,55.8743961352657,52.10828025477707,53.29113924050633,52.90384615384615,7,9l3zlzfa,,,,,0
7,0yq0zebw,,0,587,587,FinalPage,ThankYou,2026-09-15 02:15:42.904428,1,,,833.33,2,,0.0,M_no_W_exp,,,,,,,,,,,0,0,,,330,200,,,,,,,,,,,,,,,,,1,1,"1, 8",2,0.0,0.0,0.0,0.0,0.0,0,0,0,0,1,2,0.0,0.0,0,0,330.0,200.0,150.0,75.0,75.0,200.0,Down,Up,50,50,100,50,55.8743961352657,52.10828025477707,53.29113924050633,52.90384615384615,7,9l3zlzfa,,,,,0
8,7sfhy51b,,0,587,587,FinalPage,ThankYou,2026-09-15 02:15:42.911674,1,,,222.22,3,,0.0,M_no_W_exp,,,,,,,,,,,0,0,,,340,199,,,,,,,,,,,,,,,,,1,1,"1, 8",2,0.0,0.0,0.0,0.0,0.0,0,0,0,1,-1,2,0.0,0.0,0,0,330.0,200.0,150.0,75.0,75.0,200.0,Down,Up,50,50,100,50,55.8743961352657,52.10828025477707,53.29113924050633,52.90384615384615,7,9l3zlzfa,,,,,0
9,pgjj4tqg,,0,587,587,FinalPage,ThankYou,2026-09-15 02:15:42.950755,1,,,611.11,4,,0.0,M_no_W_exp,,,,,,,,,,,0,0,,,300,200,,,,,,,,,,,,,,,,,1,1,"1, 8",2,0.0,0.0,0.0,0.0,0.0,0,0,0,-1,1,2,0.0,0.0,0,0,330.0,200.0,150.0,75.0,75.0,200.0,Down,Up,50,50,100,50,55.8743961352657,52.10828025477707,53.29113924050633,52.90384615384615,7,9l3zlzfa,,,,,0
10,z4s8evj8,,0,587,587,FinalPage,ThankYou,2026-09-15 02:15:42.968291,1,,,1055.56,5,,0.0,M_no_W_exp,,,,,,,,,,,0,0,,,250,200,,,,,,,,,,,,,,,,,1,1,"1, 8",2,0.0,0.0,0.0,0.0,0.0,0,0,0,-1,-1,2,0.0,0.0,0,0,330.0,200.0,150.0,75.0,75.0,200.0,Down,Up,50,50,100,50,55.8743961352657,52.10828025477707,53.29113924050633,52.90384615384615,7,9l3zlzfa,,,,,0
11,e8h7gvii,,0,587,587,FinalPage,ThankYou,2026-09-15 02:15:43.019580,1,,,722.22,1,,0.0,M_no_W_exp,,,,,,,,,,,0,0,,,400,130,,,,,,,,,,,,,,,,,1,1,"1, 8",2,0.0,0.0,0.0,0.0,0.0,0,0,0,-1,1,3,0.0,0.0,0,0,490.0,110.0,75.0,75.0,70.0,65.0,Down,Down,50,50,70,60,55.8743961352657,52.10828025477707,53.29113924050633,52.90384615384615,7,9l3zlzfa,,,,,0
12,yt1cbpza,,0,587,587,FinalPage,ThankYou,2026-09-15 02:15:43.042844,1,,,1277.78,2,,0.0,M_no_W_exp,,,,,,,,,,,0,0,,,520,50,,,,,,,,,,,,,,,,,1,1,"1, 8",2,0.0,0.0,0.0,0.0,0.0,0,0,0,1,-1,3,0.0,0.0,0,0,490.0,110.0,75.0,75.0,70.0,65.0,Down,Down,50,50,70,60,55.8743961352657,52.10828025477707,53.29113924050633,52.90384615384615,7,9l3zlzfa,,,,,0
13,0i38ht6y,,0,587,587,FinalPage,ThankYou,2026-09-15 02:15:43.050304,1,,,444.44,3,,0.0,M_no_W_exp,,,,,,,,,,,0,0,,,490,110,,,,,,,,,,,,,,,,,1,1,"1, 8",2,0.0,0.0,0.0,0.0,0.0,0,0,0,0,1,3,0.0,0.0,0,0,490.0,110.0,75.0,75.0,70.0,65.0,Down,Down,50,50,70,60,55.8743961352657,52.10828025477707,53.29113924050633,52.90384615384615,7,9l3zlzfa,,,,,0
14,xyqf41ao,,0,587,587,FinalPage,ThankYou,2026-09-15 02:15:43.059770,1,,,55.56,4,,0.0,M_no_W_exp,,,,,,,,,,,0,0,,,490,110,,,,,,,,,,,,,,,,,1,1,"1, 8",2,0.0,0.0,0.0,0.0,0.0,0,0,0,-1,0,3,0.0,0.0,0,0,490.0,110.0,75.0,75.0,70.0,65.0,Down,Down,50,50,70,60,55.8743961352657,52.10828025477707,53.29113924050633,52.90384615384615,7,9l3zlzfa,,,,,0
15,g9pquzkd,,0,587,587,FinalPage,ThankYou,2026-09-15 02:15:43.154158,1,,,0.0,5,,0.0,M_no_W_exp,,,,,,,,,,,0,0,,,516,84,,,,,,,,,,,,,,,,,1,1,"1, 8",2,0.0,0.0,0.0,0.0,0.0,0,0,0,1,-1,3,0.0,0.0,0,0,490.0,110.0,75.0,75.0,70.0,65.0,Down,Down,50,50,70,60,55.8743961352657,52.10828025477707,53.29113924050633,52.90384615384615,7,9l3zlzfa,,,,,0
16,7ww48hi4,,0,587,587,FinalPage,ThankYou,2026-09-15 02:15:43.242303,1,,,0.0,1,,0.0,M_no_W_exp,,,,,,,,,,,0,0,,,595,5,,,,,,,,,,,,,,,,,1,1,"1, 8",2,0.0,0.0,0.0,0.0,0.0,0,0,0,0,0,4,0.0,0.0,0,0,595.0,5.0,50.0,50.0,75.0,72.5,Down,Down,100,100,55,50,55.8743961352657,52.10828025477707,53.29113924050633,52.90384615384615,7,9l3zlzfa,,,,,0
17,5fdw0rg1,,0,587,587,FinalPage,ThankYou,2026-09-15 02:15:43.252356,1,,,0.0,2,,0.0,M_no_W_exp,,,,,,,,,,,0,0,,,400,10,,,,,,,,,,,,,,,,,1,1,"1, 8",2,0.0,0.0,0.0,0.0,0.0,0,0,0,-1,1,4,0.0,0.0,0,0,595.0,5.0,50.0,50.0,75.0,72.5,Down,Down,100,100,55,50,55.8743961352657,52.10828025477707,53.29113924050633,52.90384615384615,7,9l3zlzfa,,,,,0
18,h7o9v437,,0,587,587,FinalPage,ThankYou,2026-09-15 02:15:43.348539,1,,,0.0,3,,0.0,M_no_W_exp,,,,,,,,,,,0,0,,,599,1,,,,,,,,,,,,,,,,,1,1,"1, 8",2,0.0,0.0,0.0,0.0,0.0,0,0,0,1,-1,4,0.0,0.0,0,0,595.0,5.0,50.0,50.0,75.0,72.5,Down,Down,100,100,55,50,55.8743961352657,52.10828025477707,53.29113924050633,52.90384615384615,7,9l3zlzfa,,,,,0
19,9mimenbo,,0,587,587,FinalPage,ThankYou,2026-09-15 02:15:43.388352,1,,,833.33,4,,0.0,M_no_W_exp,,,,,,,,,,,0,0,,,599,1,,,,,,,,,,,,,,,,,1,1,"1, 8",2,0.0,0.0,0.0,0.0,0.0,0,0,0,1,-1,4,0.0,0.0,0,0,595.0,5.0,50.0,50.0,75.0,72.5,Down,Down,100,100,55,50,55.8743961352657,52.10828025477707,53.29113924050633,52.90384615384615,7,9l3zlzfa,,,,,0
20,hn8non3y,,0,587,587,FinalPage,ThankYou,2026-09-15 02:15:43.459728,1,,,1666.67,5,,0.0,M_no_W_exp,,,,,,,,,,,0,0,,,10,20,,,,,,,,,,,,,,,,,1,1,"1, 8",2,0.0,0.0,0.0,0.0,0.0,0,0,0,-1,1,4,0.0,0.0,0,0,595.0,5.0,50.0,50.0,75.0,72.5,Down,Down,100,100,55,50,55.8743961352657,52.10828025477707,53.29113924050633,52.90384615384615,7,9l3zlzfa,,,,,0
21,x06ipo6j,,0,587,587,FinalPage,ThankYou,2026-09-15 02:15:43.651142,1,,,500.0,1,,0.0,M_no_W_exp,,,,,,,,,,,0,0,,,352,242,,,,,,,,,,,,,,,,,1,1,"1, 8",2,0.0,0.0,0.0,0.0,0.0,0,0,0,1,-1,5,0.0,0.0,1,1,351.0,245.0,100.0,180.0,75.0,130.0,Down,Up,0,80,50,30,55.8743961352657,52.10828025477707,53.29113924050633,52.90384615384615,7,9l3zlzfa,,,,,0
22,n9iynxtq,,0,587,587,FinalPage,ThankYou,2026-09-15 02:15:43.760292,1,,,944.44,2,,0.0,M_no_W_exp,,,,,,,,,,,0,0,,,351,245,,,,,,,,,,,,,,,,,1,1,"1, 8",2,0.0,0.0,0.0,0.0,0.0,0,0,0,0,1,5,0.0,0.0,1,1,351.0,245.0,100.0,180.0,75.0,130.0,Down,Up,0,80,50,30,55.8743961352657,52.10828025477707,53.29113924050633,52.90384615384615,7,9l3zlzfa,,,,,0
23,diqkyqqr,,0,587,587,FinalPage,ThankYou,2026-09-15 02:15:43.834949,1,,,1277.78,3,,0.0,M_no_W_exp,,,,,,,,,,,0,0,,,345,245,,,,,,,,,,,,,,,,,1,1,"1, 8",2,0.0,0.0,0.0,0.0,0.0,0,0,0,-1,0,5,0.0,0.0,1,1,351.0,245.0,100.0,180.0,75.0,130.0,Down,Up,0,80,50,30,55.8743961352657,52.10828025477707,53.29113924050633,52.90384615384615,7,9l3zlzfa,,,,,0
24,hi0vl1bf,,0,587,587,FinalPage,ThankYou,2026-09-15 02:15:44.110312,1,,,222.22,4,,0.0,M_no_W_exp,,,,,,,,,,,0,0,,,351,245,,,,,,,,,,,,,,,,,1,1,"1, 8",2,0.0,0.0,0.0,0.0,0.0,0,0,0,1,1,5,0.0,0.0,1,1,351.0,245.0,100.0,180.0,75.0,130.0,Down,Up,0,80,50,30,55.8743961352657,52.10828025477707,53.29113924050633,52.90384615384615,7,9l3zlzfa,,,,,0
25,u3a33dgt,,0,587,587,FinalPage,ThankYou,2026-09-15 02:16:14.753308,1,,,1277.78,5,,0.0,M_no_W_exp,,,,,,,,,,,0,0,,,170,96,,,,,,,,,,,,,,,,,1,1,"1, 8",2,0.0,0.0,0.0,0.0,0.0,0,0,0,-1,-1,5,0.0,0.0,1,1,351.0,245.0,100.0,180.0,75.0,130.0,Down,Up,0,80,50,30,55.8743961352657,52.10828025477707,53.29113924050633,52.90384615384615,7,9l3zlzfa,,,,,0
1,u4sl54xk,,0,587,587,FinalPage,ThankYou,2026-09-15 02:15:41.791289,1,,,500.0,1,,0.0,M_no_W_exp,,,,,,,,,,,0,0,,,200,110,,,,,,,,,,,,,,,,,1,1,"1, 8",2,0.0,0.0,0.0,0.0,0.0,0,0,0,-1,1,1,0.0,0.0,0,1,202.0,105.0,50.0,50.0,82.5,68.0,Down,Down,100,100,35,64,55.8743961352657,52.10828025477707,53.29113924050633,52.90384615384615,8,9l3zlzfa,,,,,0
2,q2jobopa,,0,587,587,FinalPage,ThankYou,2026-09-15 02:15:41.867553,1,,,222.22,2,,0.0,M_no_W_exp,,,,,,,,,,,0,0,,,202,105,,,,,,,,,,,,,,,,,1,1,"1, 8",2,0.0,0.0,0.0,0.0,0.0,0,0,0,1,0,1,0.0,0.0,0,1,202.0,105.0,50.0,50.0,82.5,68.0,Down,Down,100,100,35,64,55.8743961352657,52.10828025477707,53.29113924050633,52.90384615384615,8,9l3zlzfa,,,,,0
3,9xg7erl3,,0,587,587,FinalPage,ThankYou,2026-09-15 02:15:42.002021,1,,,611.11,3,,0.0,M_no_W_exp,,,,,,,,,,,0,0,,,203,102,,,,,,,,,,,,,,,,,1,1,"1, 8",2,0.0,0.0,0.0,0.0,0.0,0,0,0,1,-1,1,0.0,0.0,0,1,202.0,105.0,50.0,50.0,82.5,68.0,Down,Down,100,100,35,64,55.8743961352657,52.10828025477707,53.29113924050633,52.90384615384615,8,9l3zlzfa,,,,,0
4,ixl976y0,,0,587,587,FinalPage,ThankYou,2026-09-15 02:15:42.268005,1,,,722.22,4,,0.0,M_no_W_exp,,,,,,,,,,,0,0,,,202,104,,,,,,,,,,,,,,,,,1,1,"1, 8",2,0.0,0.0,0.0,0.0,0.0,0,0,0,-1,-1,1,0.0,0.0,0,1,202.0,105.0,50.0,50.0,82.5,68.0,Down,Down,100,100,35,64,55.8743961352657,52.10828025477707,53.29113924050633,52.90384615384615,8,9l3zlzfa,,,,,0
5,nqlqeq8n,,0,587,587,FinalPage,ThankYou,2026-09-15 02:15:42.844534,1,,,333.33,5,,0.0,M_no_W_exp,,,,,,,,,,,0,0,,,202,106,,,,,,,,,,,,,,,,,1,1,"1, 8",2,0.0,0.0,0.0,0.0,0.0,0,0,0,0,1,1,0.0,0.0,0,1,202.0,105.0,50.0,50.0,82.5,68.0,Down,Down,100,100,35,64,55.8743961352657,52.10828025477707,53.29113924050633,52.90384615384615,8,9l3zlzfa,,,,,0
6,d10dwe1h,,0,587,587,FinalPage,ThankYou,2026-09-15 02:15:42.881995,1,,,888.89,1,,0.0,M_no_W_exp,,,,,,,,,,,0,0,,,380,220,,,,,,,,,,,,,,,,,1,1,"1, 8",2,0.0,0.0,0.0,0.0,0.0,0,0,0,1,1,2,0.0,0.0,0,0,300.0,200.0,150.0,75.0,75.0,200.0,Down,Up,50,50,100,50,55.8743961352657,52.10828025477707,53.29113924050633,52.90384615384615,8,9l3zlzfa,,,,,0
7,0yq0zebw,,0,587,587,FinalPage,ThankYou,2026-09-15 02:15:42.904428,1,,,833.33,2,,0.0,M_no_W_exp,,,,,,,,,,,0,0,,,299,199,,,,,,,,,,,,,,,,,1,1,"1, 8",2,0.0,0.0,0.0,0.0,0.0,0,0,0,-1,-1,2,0.0,0.0,0,0,300.0,200.0,150.0,75.0,75.0,200.0,Down,Up,50,50,100,50,55.8743961352657,52.10828025477707,53.29113924050633,52.90384615384615,8,9l3zlzfa,,,,,0
8,7sfhy51b,,0,587,587,FinalPage,ThankYou,2026-09-15 02:15:42.911674,1,,,222.22,3,,0.0,M_no_W_exp,,,,,,,,,,,0,0,,,315,210,,,,,,,,,,,,,,,,,1,1,"1, 8",2,0.0,0.0,0.0,0.0,0.0,0,0,0,1,1,2,0.0,0.0,0,0,300.0,200.0,150.0,75.0,75.0,200.0,Down,Up,50,50,100,50,55.8743961352657,52.10828025477707,53.29113924050633,52.90384615384615,8,9l3zlzfa,,,,,0
9,pgjj4tqg,,0,587,587,FinalPage,ThankYou,2026-09-15 02:15:42.950755,1,,,611.11,4,,0.0,M_no_W_exp,,,,,,,,,,,0,0,,,300,200,,,,,,,,,,,,,,,,,1,1,"1, 8",2,0.0,0.0,0.0,0.0,0.0,0,0,0,0,-1,2,0.0,0.0,0,0,300.0,200.0,150.0,75.0,75.0,200.0,Down,Up,50,50,100,50,55.8743961352657,52.10828025477707,53.29113924050633,52.90384615384615,8,9l3zlzfa,,,,,0
10,z4s8evj8,,0,587,587,FinalPage,ThankYou,2026-09-15 02:15:42.968291,1,,,1055.56,5,,0.0,M_no_W_exp,,,,,,,,,,,0,0,,,250,200,,,,,,,,,,,,,,,,,1,1,"1, 8",2,0.0,0.0,0.0,0.0,0.0,0,0,0,-1,0,2,0.0,0.0,0,0,300.0,200.0,150.0,75.0,75.0,200.0,Down,Up,50,50,100,50,55.8743961352657,52.10828025477707,53.29113924050633,52.90384615384615,8,9l3zlzfa,,,,,0
11,e8h7gvii,,0,587,587,FinalPage,ThankYou,2026-09-15 02:15:43.019580,1,,,722.22,1,,0.0,M_no_W_exp,,,,,,,,,,,0,0,,,500,10,,,,,,,,,,,,,,,,,1,1,"1, 8",2,0.0,0.0,0.0,0.0,0.0,0,0,0,0,-1,3,0.0,0.0,0,0,500.0,100.0,75.0,75.0,70.0,65.0,Down,Down,50,50,70,60,55.8743961352657,52.10828025477707,53.29113924050633,52.90384615384615,8,9l3zlzfa,,,,,0
12,yt1cbpza,,0,587,587,FinalPage,ThankYou,2026-09-15 02:15:43.042844,1,,,1277.78,2,,0.0,M_no_W_exp,,,,,,,,,,,0,0,,,500,100,,,,,,,,,,,,,,,,,1,1,"1, 8",2,0.0,0.0,0.0,0.0,0.0,0,0,0,-1,1,3,0.0,0.0,0,0,500.0,100.0,75.0,75.0,70.0,65.0,Down,Down,50,50,70,60,55.8743961352657,52.10828025477707,53.29113924050633,52.90384615384615,8,9l3zlzfa,,,,,0
13,0i38ht6y,,0,587,587,FinalPage,ThankYou,2026-09-15 02:15:43.050304,1,,,444.44,3,,0.0,M_no_W_exp,,,,,,,,,,,0,0,,,490,110,,,,,,,,,,,,,,,,,1,1,"1, 8",2,0.0,0.0,0.0,0.0,0.0,0,0,0,-1,1,3,0.0,0.0,0,0,500.0,100.0,75.0,75.0,70.0,65.0,Down,Down,50,50,70,60,55.8743961352657,52.10828025477707,53.29113924050633,52.90384615384615,8,9l3zlzfa,,,,,0
14,xyqf41ao,,0,587,587,FinalPage,ThankYou,2026-09-15 02:15:43.059770,1,,,55.56,4,,0.0,M_no_W_exp,,,,,,,,,,,0,0,,,500,100,,,,,,,,,,,,,,,,,1,1,"1, 8",2,0.0,0.0,0.0,0.0,0.0,0,0,0,1,0,3,0.0,0.0,0,0,500.0,100.0,75.0,75.0,70.0,65.0,Down,Down,50,50,70,60,55.8743961352657,52.10828025477707,53.29113924050633,52.90384615384615,8,9l3zlzfa,,,,,0
15,g9pquzkd,,0,587,587,FinalPage,ThankYou,2026-09-15 02:15:43.154158,1,,,0.0,5,,0.0,M_no_W_exp,,,,,,,,,,,0,0,,,552,48,,,,,,,,,,,,,,,,,1,1,"1, 8",2,0.0,0.0,0.0,0.0,0.0,0,0,0,1,-1,3,0.0,0.0,0,0,500.0,100.0,75.0,75.0,70.0,65.0,Down,Down,50,50,70,60,55.8743961352657,52.10828025477707,53.29113924050633,52.90384615384615,8,9l3zlzfa,,,,,0
16,7ww48hi4,,0,587,587,FinalPage,ThankYou,2026-09-15 02:15:43.242303,1,,,0.0,1,,0.0,M_no_W_exp,,,,,,,,,,,0,0,,,595,5,,,,,,,,,,,,,,,,,1,1,"1, 8",2,0.0,0.0,0.0,0.0,0.0,0,0,0,1,-1,4,0.0,0.0,0,0,590.0,6.0,50.0,50.0,75.0,72.5,Down,Down,100,100,55,50,55.8743961352657,52.10828025477707,53.29113924050633,52.90384615384615,8,9l3zlzfa,,,,,0
17,5fdw0rg1,,0,587,587,FinalPage,ThankYou,2026-09-15 02:15:43.252356,1,,,0.0,2,,0.0,M_no_W_exp,,,,,,,,,,,0,0,,,590,6,,,,,,,,,,,,,,,,,1,1,"1, 8",2,0.0,0.0,0.0,0.0,0.0,0,0,0,0,0,4,0.0,0.0,0,0,590.0,6.0,50.0,50.0,75.0,72.5,Down,Down,100,100,55,50,55.8743961352657,52.10828025477707,53.29113924050633,52.90384615384615,8,9l3zlzfa,,,,,0
18,h7o9v437,,0,587,587,FinalPage,ThankYou,2026-09-15 02:15:43.348539,1,,,0.0,3,,0.0,M_no_W_exp,,,,,,,,,,,0,0,,,599,1,,,,,,,,,,,,,,,,,1,1,"1, 8",2,0.0,0.0,0.0,0.0,0.0,0,0,0,1,-1,4,0.0,0.0,0,0,590.0,6.0,50.0,50.0,75.0,72.5,Down,Down,100,100,55,50,55.8743961352657,52.10828025477707,53.29113924050633,52.90384615384615,8,9l3zlzfa,,,,,0
19,9mimenbo,,0,587,587,FinalPage,ThankYou,2026-09-15 02:15:43.388352,1,,,833.33,4,,0.0,M_no_W_exp,,,,,,,,,,,0,0,,,590,10,,,,,,,,,,,,,,,,,1,1,"1, 8",2,0.0,0.0,0.0,0.0,0.0,0,0,0,-1,1,4,0.0,0.0,0,0,590.0,6.0,50.0,50.0,75.0,72.5,Down,Down,100,100,55,50,55.8743961352657,52.10828025477707,53.29113924050633,52.90384615384615,8,9l3zlzfa,,,,,0
20,hn8non3y,,0,587,587,FinalPage,ThankYou,2026-09-15 02:15:43.459728,1,,,1666.67,5,,0.0,M_no_W_exp,,,,,,,,,,,0,0,,,5,20,,,,,,,,,,,,,,,,,1,1,"1, 8",2,0.0,0.0,0.0,0.0,0.0,0,0,0,-1,1,4,0.0,0.0,0,0,590.0,6.0,50.0,50.0,75.0,72.5,Down,Down,100,100,55,50,55.8743961352657,52.10828025477707,53.29113924050633,52.90384615384615,8,9l3zlzfa,,,,,0
21,x06ipo6j,,0,587,587,FinalPage,ThankYou,2026-09-15 02:15:43.651142,1,,,500.0,1,,0.0,M_no_W_exp,,,,,,,,,,,0,0,,,351,244,,,,,,,,,,,,,,,,,1,1,"1, 8",2,0.0,0.0,0.0,0.0,0.0,0,0,0,0,1,5,0.0,0.0,1,1,351.0,243.0,100.0,180.0,75.0,130.0,Down,Up,0,80,50,30,55.8743961352657,52.10828025477707,53.29113924050633,52.90384615384615,8,9l3zlzfa,,,,,0
22,n9iynxtq,,0,587,587,FinalPage,ThankYou,2026-09-15 02:15:43.760292,1,,,944.44,2,,0.0,M_no_W_exp,,,,,,,,,,,0,0,,,352,246,,,,,,,,,,,,,,,,,1,1,"1, 8",2,0.0,0.0,0.0,0.0,0.0,0,0,0,1,1,5,0.0,0.0,1,1,351.0,243.0,100.0,180.0,75.0,130.0,Down,Up,0,80,50,30,55.8743961352657,52.10828025477707,53.29113924050633,52.90384615384615,8,9l3zlzfa,,,,,0
23,diqkyqqr,,0,587,587,FinalPage,ThankYou,2026-09-15 02:15:43.834949,1,,,1277.78,3,,0.0,M_no_W_exp,,,,,,,,,,,0,0,,,350,240,,,,,,,,,,,,,,,,,1,1,"1, 8",2,0.0,0.0,0.0,0.0,0.0,0,0,0,-1,-1,5,0.0,0.0,1,1,351.0,243.0,100.0,180.0,75.0,130.0,Down,Up,0,80,50,30,55.8743961352657,52.10828025477707,53.29113924050633,52.90384615384615,8,9l3zlzfa,,,,,0
24,hi0vl1bf,,0,587,587,FinalPage,ThankYou,2026-09-15 02:15:44.110312,1,,,222.22,4,,0.0,M_no_W_exp,,,,,,,,,,,0,0,,,352,243,,,,,,,,,,,,,,,,,1,1,"1, 8",2,0.0,0.0,0.0,0.0,0.0,0,0,0,1,0,5,0.0,0.0,1,1,351.0,243.0,100.0,180.0,75.0,130.0,Down,Up,0,80,50,30,55.8743961352657,52.10828025477707,53.29113924050633,52.90384615384615,8,9l3zlzfa,,,,,0
25,u3a33dgt,,0,587,587,FinalPage,ThankYou,2026-09-15 02:16:14.753308,1,,,1277.78,5,,0.0,M_no_W_exp,,,,,,,,,,,0,0,,,170,95,,,,,,,,,,,,,,,,,1,1,"1, 8",2,0.0,0.0,0.0,0.0,0.0,0,0,0,-1,-1,5,0.0,0.0,1,1,351.0,243.0,100.0,180.0,75.0,130.0,Down,Up,0,80,50,30,55.8743961352657,52.10828025477707,53.29113924050633,52.90384615384615,8,9l3zlzfa,,,,,0
1,u4sl54xk,,0,587,587,FinalPage,ThankYou,2026-09-15 02:15:41.791289,1,,,500.0,1,,0.0,M_no_W_exp,,,,,,,,,,,0,0,,,200,110,,,,,,,,,,,,,,,,,1,1,"1, 8",2,0.0,0.0,0.0,0.0,0.0,0,0,0,-1,1,1,0.0,0.0,0,1,202.0,106.0,50.0,50.0,82.5,68.0,Down,Down,100,100,35,64,55.8743961352657,52.10828025477707,53.29113924050633,52.90384615384615,9,9l3zlzfa,,,,,0
2,q2jobopa,,0,587,587,FinalPage,ThankYou,2026-09-15 02:15:41.867553,1,,,222.22,2,,0.0,M_no_W_exp,,,,,,,,,,,0,0,,,202,104,,,,,,,,,,,,,,,,,1,1,"1, 8",2,0.0,0.0,0.0,0.0,0.0,0,0,0,0,-1,1,0.0,0.0,0,1,202.0,106.0,50.0,50.0,82.5,68.0,Down,Down,100,100,35,64,55.8743961352657,52.10828025477707,53.29113924050633,52.90384615384615,9,9l3zlzfa,,,,,0
3,9xg7erl3,,0,587,587,FinalPage,ThankYou,2026-09-15 02:15:42.002021,1,,,611.11,3,,0.0,M_no_W_exp,,,,,,,,,,,0,0,,,203,102,,,,,,,,,,,,,,,,,1,1,"1, 8",2,0.0,0.0,0.0,0.0,0.0,0,0,0,1,-1,1,0.0,0.0,0,1,202.0,106.0,50.0,50.0,82.5,68.0,Down,Down,100,100,35,64,55.8743961352657,52.10828025477707,53.29113924050633,52.90384615384615,9,9l3zlzfa,,,,,0
4,ixl976y0,,0,587,587,FinalPage,ThankYou,2026-09-15 02:15:42.268005,1,,,722.22,4,,0.0,M_no_W_exp,,,,,,,,,,,0,0,,,203,106,,,,,,,,,,,,,,,,,1,1,"1, 8",2,0.0,0.0,0.0,0.0,0.0,0,0,0,1,0,1,0.0,0.0,0,1,202.0,106.0,50.0,50.0,82.5,68.0,Down,Down,100,100,35,64,55.8743961352657,52.10828025477707,53.29113924050633,52.90384615384615,9,9l3zlzfa,,,,,0
5,nqlqeq8n,,0,587,587,FinalPage,ThankYou,2026-09-15 02:15:42.844534,1,,,333.33,5,,0.0,M_no_W_exp,,,,,,,,,,,0,0,,,201,106,,,,,,,,,,,,,,,,,1,1,"1, 8",2,0.0,0.0,0.0,0.0,0.0,0,0,0,-1,1,1,0.0,0.0,0,1,202.0,106.0,50.0,50.0,82.5,68.0,Down,Down,100,100,35,64,55.8743961352657,52.10828025477707,53.29113924050633,52.90384615384615,9,9l3zlzfa,,,,,0
6,d10dwe1h,,0,587,587,FinalPage,ThankYou,2026-09-15 02:15:42.881995,1,,,888.89,1,,0.0,M_no_W_exp,,,,,,,,,,,0,0,,,380,220,,,,,,,,,,,,,,,,,1,1,"1, 8",2,0.0,0.0,0.0,0.0,0.0,0,0,0,1,1,2,0.0,0.0,0,0,300.0,200.0,150.0,75.0,75.0,200.0,Down,Up,50,50,100,50,55.8743961352657,52.10828025477707,53.29113924050633,52.90384615384615,9,9l3zlzfa,,,,,0
7,0yq0zebw,,0,587,587,FinalPage,ThankYou,2026-09-15 02:15:42.904428,1,,,833.33,2,,0.0,M_no_W_exp,,,,,,,,,,,0,0,,,300,200,,,,,,,,,,,,,,,,,1,1,"1, 8",2,0.0,0.0,0.0,0.0,0.0,0,0,0,-1,0,2,0.0,0.0,0,0,300.0,200.0,150.0,75.0,75.0,200.0,Down,Up,50,50,100,50,55.8743961352657,52.10828025477707,53.29113924050633,52.90384615384615,9,9l3zlzfa,,,,,0
8,7sfhy51b,,0,587,587,FinalPage,ThankYou,2026-09-15 02:15:42.911674,1,,,222.22,3,,0.0,M_no_W_exp,,,,,,,,,,,0,0,,,300,199,,,,,,,,,,,,,,,,,1,1,"1, 8",2,0.0,0.0,0.0,0.0,0.0,0,0,0,0,-1,2,0.0,0.0,0,0,300.0,200.0,150.0,75.0,75.0,200.0,Down,Up,50,50,100,50,55.8743961352657,52.10828025477707,53.29113924050633,52.90384615384615,9,9l3zlzfa,,,,,0
9,pgjj4tqg,,0,587,587,FinalPage,ThankYou,2026-09-15 02:15:42.950755,1,,,611.11,4,,0.0,M_no_W_exp,,,,,,,,,,,0,0,,,301,200,,,,,,,,,,,,,,,,,1,1,"1, 8",2,0.0,0.0,0.0,0.0,0.0,0,0,0,1,-1,2,0.0,0.0,0,0,300.0,200.0,150.0,75.0,75.0,200.0,Down,Up,50,50,100,50,55.8743961352657,52.10828025477707,53.29113924050633,52.90384615384615,9,9l3zlzfa,,,,,0
10,z4s8evj8,,0,587,587,FinalPage,ThankYou,2026-09-15 02:15:42.968291,1,,,1055.56,5,,0.0,M_no_W_exp,,,,,,,,,,,0,0,,,250,200,,,,,,,,,,,,,,,,,1,1,"1, 8",2,0.0,0.0,0.0,0.0,0.0,0,0,0,-1,1,2,0.0,0.0,0,0,300.0,200.0,150.0,75.0,75.0,200.0,Down,Up,50,50,100,50,55.8743961352657,52.10828025477707,53.29113924050633,52.90384615384615,9,9l3zlzfa,,,,,0
11,e8h7gvii,,0,587,587,FinalPage,ThankYou,2026-09-15 02:15:43.019580,1,,,722.22,1,,0.0,M_no_W_exp,,,,,,,,,,,0,0,,,10,140,,,,,,,,,,,,,,,,,1,1,"1, 8",2,0.0,0.0,0.0,0.0,0.0,0,0,0,-1,1,3,0.0,0.0,0,0,500.0,100.0,75.0,75.0,70.0,65.0,Down,Down,50,50,70,60,55.8743961352657,52.10828025477707,53.29113924050633,52.90384615384615,9,9l3zlzfa,,,,,0
12,yt1cbpza,,0,587,587,FinalPage,ThankYou,2026-09-15 02:15:43.042844,1,,,1277.78,2,,0.0,M_no_W_exp,,,,,,,,,,,0,0,,,550,50,,,,,,,,,,,,,,,,,1,1,"1, 8",2,0.0,0.0,0.0,0.0,0.0,0,0,0,1,-1,3,0.0,0.0,0,0,500.0,100.0,75.0,75.0,70.0,65.0,Down,Down,50,50,70,60,55.8743961352657,52.10828025477707,53.29113924050633,52.90384615384615,9,9l3zlzfa,,,,,0
13,0i38ht6y,,0,587,587,FinalPage,ThankYou,2026-09-15 02:15:43.050304,1,,,444.44,3,,0.0,M_no_W_exp,,,,,,,,,,,0,0,,,500,100,,,,,,,,,,,,,,,,,1,1,"1, 8",2,0.0,0.0,0.0,0.0,0.0,0,0,0,0,0,3,0.0,0.0,0,0,500.0,100.0,75.0,75.0,70.0,65.0,Down,Down,50,50,70,60,55.8743961352657,52.10828025477707,53.29113924050633,52.90384615384615,9,9l3zlzfa,,,,,0
14,xyqf41ao,,0,587,587,FinalPage,ThankYou,2026-09-15 02:15:43.059770,1,,,55.56,4,,0.0,M_no_W_exp,,,,,,,,,,,0,0,,,500,100,,,,,,,,,,,,,,,,,1,1,"1, 8",2,0.0,0.0,0.0,0.0,0.0,0,0,0,-1,1,3,0.0,0.0,0,0,500.0,100.0,75.0,75.0,70.0,65.0,Down,Down,50,50,70,60,55.8743961352657,52.10828025477707,53.29113924050633,52.90384615384615,9,9l3zlzfa,,,,,0
15,g9pquzkd,,0,587,587,FinalPage,ThankYou,2026-09-15 02:15:43.154158,1,,,0.0,5,,0.0,M_no_W_exp,,,,,,,,,,,0,0,,,576,24,,,,,,,,,,,,,,,,,1,1,"1, 8",2,0.0,0.0,0.0,0.0,0.0,0,0,0,1,-1,3,0.0,0.0,0,0,500.0,100.0,75.0,75.0,70.0,65.0,Down,Down,50,50,70,60,55.8743961352657,52.10828025477707,53.29113924050633,52.90384615384615,9,9l3zlzfa,,,,,0
16,7ww48hi4,,0,587,587,FinalPage,ThankYou,2026-09-15 02:15:43.242303,1,,,0.0,1,,0.0,M_no_W_exp,,,,,,,,,,,0,0,,,599,1,,,,,,,,,,,,,,,,,1,1,"1, 8",2,0.0,0.0,0.0,0.0,0.0,0,0,0,1,-1,4,0.0,0.0,0,0,599.0,1.0,50.0,50.0,75.0,72.5,Down,Down,100,100,55,50,55.8743961352657,52.10828025477707,53.29113924050633,52.90384615384615,9,9l3zlzfa,,,,,0
17,5fdw0rg1,,0,587,587,FinalPage,ThankYou,2026-09-15 02:15:43.252356,1,,,0.0,2,,0.0,M_no_W_exp,,,,,,,,,,,0,0,,,599,1,,,,,,,,,,,,,,,,,1,1,"1, 8",2,0.0,0.0,0.0,0.0,0.0,0,0,0,1,-1,4,0.0,0.0,0,0,599.0,1.0,50.0,50.0,75.0,72.5,Down,Down,100,100,55,50,55.8743961352657,52.10828025477707,53.29113924050633,52.90384615384615,9,9l3zlzfa,,,,,0
18,h7o9v437,,0,587,587,FinalPage,ThankYou,2026-09-15 02:15:43.348539,1,,,0.0,3,,0.0,M_no_W_exp,,,,,,,,,,,0,0,,,599,1,,,,,,,,,,,,,,,,,1,1,"1, 8",2,0.0,0.0,0.0,0.0,0.0,0,0,0,0,0,4,0.0,0.0,0,0,599.0,1.0,50.0,50.0,75.0,72.5,Down,Down,100,100,55,50,55.8743961352657,52.10828025477707,53.29113924050633,52.90384615384615,9,9l3zlzfa,,,,,0
19,9mimenbo,,0,587,587,FinalPage,ThankYou,2026-09-15 02:15:43.388352,1,,,833.33,4,,0.0,M_no_W_exp,,,,,,,,,,,0,0,,,580,20,,,,,,,,,,,,,,,,,1,1,"1, 8",2,0.0,0.0,0.0,0.0,0.0,0,0,0,-1,1,4,0.0,0.0,0,0,599.0,1.0,50.0,50.0,75.0,72.5,Down,Down,100,100,55,50,55.8743961352657,52.10828025477707,53.29113924050633,52.90384615384615,9,9l3zlzfa,,,,,0
20,hn8non3y,,0,587,587,FinalPage,ThankYou,2026-09-15 02:15:43.459728,1,,,1666.67,5,,0.0,M_no_W_exp,,,,,,,,,,,0,0,,,5,20,,,,,,,,,,,,,,,,,1,1,"1, 8",2,0.0,0.0,0.0,0.0,0.0,0,0,0,-1,1,4,0.0,0.0,0,0,599.0,1.0,50.0,50.0,75.0,72.5,Down,Down,100,100,55,50,55.8743961352657,52.10828025477707,53.29113924050633,52.90384615384615,9,9l3zlzfa,,,,,0
21,x06ipo6j,,0,587,587,FinalPage,ThankYou,2026-09-15 02:15:43.651142,1,,,500.0,1,,0.0,M_no_W_exp,,,,,,,,,,,0,0,,,352,243,,,,,,,,,,,,,,,,,1,1,"1, 8",2,0.0,0.0,0.0,0.0,0.0,0,0,0,0,0,5,0.0,0.0,1,1,352.0,243.0,100.0,180.0,75.0,130.0,Down,Up,0,80,50,30,55.8743961352657,52.10828025477707,53.29113924050633,52.90384615384615,9,9l3zlzfa,,,,,0
22,n9iynxtq,,0,587,587,FinalPage,ThankYou,2026-09-15 02:15:43.760292,1,,,944.44,2,,0.0,M_no_W_exp,,,,,,,,,,,0,0,,,351,244,,,,,,,,,,,,,,,,,1,1,"1, 8",2,0.0,0.0,0.0,0.0,0.0,0,0,0,-1,1,5,0.0,0.0,1,1,352.0,243.0,100.0,180.0,75.0,130.0,Down,Up,0,80,50,30,55.8743961352657,52.10828025477707,53.29113924050633,52.90384615384615,9,9l3zlzfa,,,,,0
23,diqkyqqr,,0,587,587,FinalPage,ThankYou,2026-09-15 02:15:43.834949,1,,,1277.78,3,,0.0,M_no_W_exp,,,,,,,,,,,0,0,,,355,245,,,,,,,,,,,,,,,,,1,1,"1, 8",2,0.0,0.0,0.0,0.0,0.0,0,0,0,1,1,5,0.0,0.0,1,1,352.0,243.0,100.0,180.0,75.0,130.0,Down,Up,0,80,50,30,55.8743961352657,52.10828025477707,53.29113924050633,52.90384615384615,9,9l3zlzfa,,,,,0
24,hi0vl1bf,,0,587,587,FinalPage,ThankYou,2026-09-15 02:15:44.110312,1,,,222.22,4,,0.0,M_no_W_exp,,,,,,,,,,,0,0,,,352,243,,,,,,,,,,,,,,,,,1,1,"1, 8",2,0.0,0.0,0.0,0.0,0.0,0,0,0,1,-1,5,0.0,0.0,1,1,352.0,243.0,100.0,180.0,75.0,130.0,Down,Up,0,80,50,30,55.8743961352657,52.10828025477707,53.29113924050633,52.90384615384615,9,9l3zlzfa,,,,,0
25,u3a33dgt,,0,587,587,FinalPage,ThankYou,2026-09-15 02:16:14.753308,1,,,1277.78,5,,0.0,M_no_W_exp,,,,,,,,,,,0,0,,,170,95,,,,,,,,,,,,,,,,,1,1,"1, 8",2,0.0,0.0,0.0,0.0,0.0,0,0,0,-1,-1,5,0.0,0.0,1,1,352.0,243.0,100.0,180.0,75.0,130.0,Down,Up,0,80,50,30,55.8743961352657,52.10828025477707,53.29113924050633,52.90384615384615,9,9l3zlzfa,,,,,0
1,u4sl54xk,,0,587,587,FinalPage,ThankYou,2026-09-15 02:15:41.791289,1,,,500.0,1,,0.0,M_no_W_exp,,,,,,,,,,,0,0,,,300,110,,,,,,,,,,,,,,,,,1,1,"1, 8",2,0.0,0.0,0.0,0.0,0.0,0,0,0,1,1,1,0.0,0.0,0,1,202.0,106.0,50.0,50.0,82.5,68.0,Down,Down,100,100,35,64,55.8743961352657,52.10828025477707,53.29113924050633,52.90384615384615,10,9l3zlzfa,,,,,0
2,q2jobopa,,0,587,587,FinalPage,ThankYou,2026-09-15 02:15:41.867553,1,,,222.22,2,,0.0,M_no_W_exp,,,,,,,,,,,0,0,,,202,106,,,,,,,,,,,,,,,,,1,1,"1, 8",2,0.0,0.0,0.0,0.0,0.0,0,0,0,0,0,1,0.0,0.0,0,1,202.0,106.0,50.0,50.0,82.5,68.0,Down,Down,100,100,35,64,55.8743961352657,52.10828025477707,53.29113924050633,52.90384615384615,10,9l3zlzfa,,,,,0
3,9xg7erl3,,0,587,587,FinalPage,ThankYou,2026-09-15 02:15:42.002021,1,,,611.11,3,,0.0,M_no_W_exp,,,,,,,,,,,0,0,,,203,102,,,,,,,,,,,,,,,,,1,1,"1, 8",2,0.0,0.0,0.0,0.0,0.0,0,0,0,1,-1,1,0.0,0.0,0,1,202.0,106.0,50.0,50.0,82.5,68.0,Down,Down,100,100,35,64,55.8743961352657,52.10828025477707,53.29113924050633,52.90384615384615,10,9l3zlzfa,,,,,0
4,ixl976y0,,0,587,587,FinalPage,ThankYou,2026-09-15 02:15:42.268005,1,,,722.22,4,,0.0,M_no_W_exp,,,,,,,,,,,0,0,,,202,106,,,,,,,,,,,,,,,,,1,1,"1, 8",2,0.0,0.0,0.0,0.0,0.0,0,0,0,-1,-1,1,0.0,0.0,0,1,202.0,106.0,50.0,50.0,82.5,68.0,Down,Down,100,100,35,64,55.8743961352657,52.10828025477707,53.29113924050633,52.90384615384615,10,9l3zlzfa,,,,,0
5,nqlqeq8n,,0,587,587,FinalPage,ThankYou,2026-09-15 02:15:42.844534,1,,,333.33,5,,0.0,M_no_W_exp,,,,,,,,,,,0,0,,,201,107,,,,,,,,,,,,,,,,,1,1,"1, 8",2,0.0,0.0,0.0,0.0,0.0,0,0,0,-1,1,1,0.0,0.0,0,1,202.0,106.0,50.0,50.0,82.5,68.0,Down,Down,100,100,35,64,55.8743961352657,52.10828025477707,53.29113924050633,52.90384615384615,10,9l3zlzfa,,,,,0
6,d10dwe1h,,0,587,587,FinalPage,ThankYou,2026-09-15 02:15:42.881995,1,,,888.89,1,,0.0,M_no_W_exp,,,,,,,,,,,0,0,,,380,220,,,,,,,,,,,,,,,,,1,1,"1, 8",2,0.0,0.0,0.0,0.0,0.0,0,0,0,1,1,2,0.0,0.0,0,0,299.0,200.0,150.0,75.0,75.0,200.0,Down,Up,50,50,100,50,55.8743961352657,52.10828025477707,53.29113924050633,52.90384615384615,10,9l3zlzfa,,,,,0
7,0yq0zebw,,0,587,587,FinalPage,ThankYou,2026-09-15 02:15:42.904428,1,,,833.33,2,,0.0,M_no_W_exp,,,,,,,,,,,0,0,,,300,200,,,,,,,,,,,,,,,,,1,1,"1, 8",2,0.0,0.0,0.0,0.0,0.0,0,0,0,1,0,2,0.0,0.0,0,0,299.0,200.0,150.0,75.0,75.0,200.0,Down,Up,50,50,100,50,55.8743961352657,52.10828025477707,53.29113924050633,52.90384615384615,10,9l3zlzfa,,,,,0
8,7sfhy51b,,0,587,587,FinalPage,ThankYou,2026-09-15 02:15:42.911674,1,,,222.22,3,,0.0,M_no_W_exp,,,,,,,,,,,0,0,,,299,210,,,,,,,,,,,,,,,,,1,1,"1, 8",2,0.0,0.0,0.0,0.0,0.0,0,0,0,0,1,2,0.0,0.0,0,0,299.0,200.0,150.0,75.0,75.0,200.0,Down,Up,50,50,100,50,55.8743961352657,52.10828025477707,53.29113924050633,52.90384615384615,10,9l3zlzfa,,,,,0
9,pgjj4tqg,,0,587,587,FinalPage,ThankYou,2026-09-15 02:15:42.950755,1,,,611.11,4,,0.0,M_no_W_exp,,,,,,,,,,,0,0,,,299,199,,,,,,,,,,,,,,,,,1,1,"1, 8",2,0.0,0.0,0.0,0.0,0.0,0,0,0,-1,-1,2,0.0,0.0,0,0,299.0,200.0,150.0,75.0,75.0,200.0,Down,Up,50,50,100,50,55.8743961352657,52.10828025477707,53.29113924050633,52.90384615384615,10,9l3zlzfa,,,,,0
10,z4s8evj8,,0,587,587,FinalPage,ThankYou,2026-09-15 02:15:42.968291,1,,,1055.56,5,,0.0,M_no_W_exp,,,,,,,,,,,0,0,,,250,200,,,,,,,,,,,,,,,,,1,1,"1, 8",2,0.0,0.0,0.0,0.0,0.0,0,0,0,-1,-1,2,0.0,0.0,0,0,299.0,200.0,150.0,75.0,75.0,200.0,Down,Up,50,50,100,50,55.8743961352657,52.10828025477707,53.29113924050633,52.90384615384615,10,9l3zlzfa,,,,,0
11,e8h7gvii,,0,587,587,FinalPage,ThankYou,2026-09-15 02:15:43.019580,1,,,722.22,1,,0.0,M_no_W_exp,,,,,,,,,,,0,0,,,10,140,,,,,,,,,,,,,,,,,1,1,"1, 8",2,0.0,0.0,0.0,0.0,0.0,0,0,0,-1,1,3,0.0,0.0,0,0,500.0,100.0,75.0,75.0,70.0,65.0,Down,Down,50,50,70,60,55.8743961352657,52.10828025477707,53.29113924050633,52.90384615384615,10,9l3zlzfa,,,,,0
12,yt1cbpza,,0,587,587,FinalPage,ThankYou,2026-09-15 02:15:43.042844,1,,,1277.78,2,,0.0,M_no_W_exp,,,,,,,,,,,0,0,,,500,100,,,,,,,,,,,,,,,,,1,1,"1, 8",2,0.0,0.0,0.0,0.0,0.0,0,0,0,-1,1,3,0.0,0.0,0,0,500.0,100.0,75.0,75.0,70.0,65.0,Down,Down,50,50,70,60,55.8743961352657,52.10828025477707,53.29113924050633,52.90384615384615,10,9l3zlzfa,,,,,0
13,0i38ht6y,,0,587,587,FinalPage,ThankYou,2026-09-15 02:15:43.050304,1,,,444.44,3,,0.0,M_no_W_exp,,,,,,,,,,,0,0,,,510,90,,,,,,,,,,,,,,,,,1,1,"1, 8",2,0.0,0.0,0.0,0.0,0.0,0,0,0,1,-1,3,0.0,0.0,0,0,500.0,100.0,75.0,75.0,70.0,65.0,Down,Down,50,50,70,60,55.8743961352657,52.10828025477707,53.29113924050633,52.90384615384615,10,9l3zlzfa,,,,,0
14,xyqf41ao,,0,587,587,FinalPage,ThankYou,2026-09-15 02:15:43.059770,1,,,55.56,4,,0.0,M_no_W_exp,,,,,,,,,,,0,0,,,500,100,,,,,,,,,,,,,,,,,1,1,"1, 8",2,0.0,0.0,0.0,0.0,0.0,0,0,0,0,0,3,0.0,0.0,0,0,500.0,100.0,75.0,75.0,70.0,65.0,Down,Down,50,50,70,60,55.8743961352657,52.10828025477707,53.29113924050633,52.90384615384615,10,9l3zlzfa,,,,,0
15,g9pquzkd,,0,587,587,FinalPage,ThankYou,2026-09-15 02:15:43.154158,1,,,0.0,5,,0.0,M_no_W_exp,,,,,,,,,,,0,0,,,582,18,,,,,,,,,,,,,,,,,1,1,"1, 8",2,0.0,0.0,0.0,0.0,0.0,0,0,0,1,-1,3,0.0,0.0,0,0,500.0,100.0,75.0,75.0,70.0,65.0,Down,Down,50,50,70,60,55.8743961352657,52.10828025477707,53.29113924050633,52.90384615384615,10,9l3zlzfa,,,,,0
16,7ww48hi4,,0,587,587,FinalPage,ThankYou,2026-09-15 02:15:43.242303,1,,,0.0,1,,0.0,M_no_W_exp,,,,,,,,,,,0,0,,,598,2,,,,,,,,,,,,,,,,,1,1,"1, 8",2,0.0,0.0,0.0,0.0,0.0,0,0,0,0,0,4,0.0,0.0,0,0,598.0,2.0,50.0,50.0,75.0,72.5,Down,Down,100,100,55,50,55.8743961352657,52.10828025477707,53.29113924050633,52.90384615384615,10,9l3zlzfa,,,,,0
17,5fdw0rg1,,0,587,587,FinalPage,ThankYou,2026-09-15 02:15:43.252356,1,,,0.0,2,,0.0,M_no_W_exp,,,,,,,,,,,0,0,,,590,10,,,,,,,,,,,,,,,,,1,1,"1, 8",2,0.0,0.0,0.0,0.0,0.0,0,0,0,-1,1,4,0.0,0.0,0,0,598.0,2.0,50.0,50.0,75.0,72.5,Down,Down,100,100,55,50,55.8743961352657,52.10828025477707,53.29113924050633,52.90384615384615,10,9l3zlzfa,,,,,0
18,h7o9v437,,0,587,587,FinalPage,ThankYou,2026-09-15 02:15:43.348539,1,,,0.0,3,,0.0,M_no_W_exp,,,,,,,,,,,0,0,,,598,1,,,,,,,,,,,,,,,,,1,1,"1, 8",2,0.0,0.0,0.0,0.0,0.0,0,0,0,1,-1,4,0.0,0.0,0,0,598.0,2.0,50.0,50.0,75.0,72.5,Down,Down,100,100,55,50,55.8743961352657,52.10828025477707,53.29113924050633,52.90384615384615,10,9l3zlzfa,,,,,0
19,9mimenbo,,0,587,587,FinalPage,ThankYou,2026-09-15 02:15:43.388352,1,,,833.33,4,,0.0,M_no_W_exp,,,,,,,,,,,0,0,,,599,1,,,,,,,,,,,,,,,,,1,1,"1, 8",2,0.0,0.0,0.0,0.0,0.0,0,0,0,1,-1,4,0.0,0.0,0,0,598.0,2.0,50.0,50.0,75.0,72.5,Down,Down,100,100,55,50,55.8743961352657,52.10828025477707,53.29113924050633,52.90384615384615,10,9l3zlzfa,,,,,0
20,hn8non3y,,0,587,587,FinalPage,ThankYou,2026-09-15 02:15:43.459728,1,,,1666.67,5,,0.0,M_no_W_exp,,,,,,,,,,,0,0,,,1,5,,,,,,,,,,,,,,,,,1,1,"1, 8",2,0.0,0.0,0.0,0.0,0.0,0,0,0,-1,1,4,0.0,0.0,0,0,598.0,2.0,50.0,50.0,75.0,72.5,Down,Down,100,100,55,50,55.8743961352657,52.10828025477707,53.29113924050633,52.90384615384615,10,9l3zlzfa,,,,,0
21,x06ipo6j,,0,587,587,FinalPage,ThankYou,2026-09-15 02:15:43.651142,1,,,500.0,1,,0.0,M_no_W_exp,,,,,,,,,,,0,0,,,347,243,,,,,,,,,,,,,,,,,1,1,"1, 8",2,0.0,0.0,0.0,0.0,0.0,0,0,0,0,1,5,0.0,0.0,1,1,347.0,243.0,100.0,180.0,75.0,130.0,Down,Up,0,80,50,30,55.8743961352657,52.10828025477707,53.29113924050633,52.90384615384615,10,9l3zlzfa,,,,,0
22,n9iynxtq,,0,587,587,FinalPage,ThankYou,2026-09-15 02:15:43.760292,1,,,944.44,2,,0.0,M_no_W_exp,,,,,,,,,,,0,0,,,352,243,,,,,,,,,,,,,,,,,1,1,"1, 8",2,0.0,0.0,0.0,0.0,0.0,0,0,0,1,0,5,0.0,0.0,1,1,347.0,243.0,100.0,180.0,75.0,130.0,Down,Up,0,80,50,30,55.8743961352657,52.10828025477707,53.29113924050633,52.90384615384615,10,9l3zlzfa,,,,,0
23,diqkyqqr,,0,587,587,FinalPage,ThankYou,2026-09-15 02:15:43.834949,1,,,1277.78,3,,0.0,M_no_W_exp,,,,,,,,,,,0,0,,,100,100,,,,,,,,,,,,,,,,,1,1,"1, 8",2,0.0,0.0,0.0,0.0,0.0,0,0,0,-1,-1,5,0.0,0.0,1,1,347.0,243.0,100.0,180.0,75.0,130.0,Down,Up,0,80,50,30,55.8743961352657,52.10828025477707,53.29113924050633,52.90384615384615,10,9l3zlzfa,,,,,0
24,hi0vl1bf,,0,587,587,FinalPage,ThankYou,2026-09-15 02:15:44.110312,1,,,222.22,4,,0.0,M_no_W_exp,,,,,,,,,,,0,0,,,355,245,,,,,,,,,,,,,,,,,1,1,"1, 8",2,0.0,0.0,0.0,0.0,0.0,0,0,0,1,1,5,0.0,0.0,1,1,347.0,243.0,100.0,180.0,75.0,130.0,Down,Up,0,80,50,30,55.8743961352657,52.10828025477707,53.29113924050633,52.90384615384615,10,9l3zlzfa,,,,,0
25,u3a33dgt,,0,587,587,FinalPage,ThankYou,2026-09-15 02:16:14.753308,1,,,1277.78,5,,0.0,M_no_W_exp,,,,,,,,,,,0,0,,,170,95,,,,,,,,,,,,,,,,,1,1,"1, 8",2,0.0,0.0,0.0,0.0,0.0,0,0,0,-1,-1,5,0.0,0.0,1,1,347.0,243.0,100.0,180.0,75.0,130.0,Down,Up,0,80,50,30,55.8743961352657,52.10828025477707,53.29113924050633,52.90384615384615,10,9l3zlzfa,,,,,0
1,u4sl54xk,,0,587,587,FinalPage,ThankYou,2026-09-15 02:15:41.791289,1,,,500.0,1,,0.0,M_no_W_exp,,,,,60,,,,,,0,0,102,198,,,,,,,,,,,97,100.0,100,100.0,120,200.0,110,200.0,1,1,"1, 8",2,0.0,0.0,0.0,0.0,0.0,0,1,-1,0,0,1,100.0,200.0,0,1,0.0,0.0,50.0,50.0,82.5,68.0,Down,Down,100,100,35,64,55.8743961352657,52.10828025477707,53.29113924050633,52.90384615384615,11,9l3zlzfa,,,,,0
2,q2jobopa,,0,587,587,FinalPage,ThankYou,2026-09-15 02:15:41.867553,1,,,222.22,2,,0.0,M_no_W_exp,,,,,60,,,,,,0,0,100,196,,,,,,,,,,,50,100.0,50,100.0,100,200.0,100,200.0,1,1,"1, 8",2,0.0,0.0,0.0,0.0,0.0,0,0,-1,0,0,1,100.0,200.0,0,1,0.0,0.0,50.0,50.0,82.5,68.0,Down,Down,100,100,35,64,55.8743961352657,52.10828025477707,53.29113924050633,52.90384615384615,11,9l3zlzfa,,,,,0
3,9xg7erl3,,0,587,587,FinalPage,ThankYou,2026-09-15 02:15:42.002021,1,,,611.11,3,,0.0,M_no_W_exp,,,,,70,,,,,,0,0,100,200,,,,,,,,,,,100,100.0,105,105.0,130,140.0,200,200.0,1,1,"1, 8",2,0.0,0.0,0.0,0.0,0.0,0,-1,1,0,0,1,100.0,200.0,0,1,0.0,0.0,50.0,50.0,82.5,68.0,Down,Down,100,100,35,64,55.8743961352657,52.10828025477707,53.29113924050633,52.90384615384615,11,9l3zlzfa,,,,,0
4,ixl976y0,,0,587,587,FinalPage,ThankYou,2026-09-15 02:15:42.268005,1,,,722.22,4,,0.0,M_no_W_exp,,,,,55,,,,,,0,0,100,200,,,,,,,,,,,50,100.0,50,100.0,50,200.0,50,200.0,1,1,"1, 8",2,0.0,0.0,0.0,0.0,0.0,0,1,1,0,0,1,100.0,200.0,0,1,0.0,0.0,50.0,50.0,82.5,68.0,Down,Down,100,100,35,64,55.8743961352657,52.10828025477707,53.29113924050633,52.90384615384615,11,9l3zlzfa,,,,,0
5,nqlqeq8n,,0,587,587,FinalPage,ThankYou,2026-09-15 02:15:42.844534,1,,,333.33,5,,0.0,M_no_W_exp,,,,,51,,,,,,0,0,100,200,,,,,,,,,,,100,100.0,100,150.0,150,200.0,150,200.0,1,1,"1, 8",2,0.0,0.0,0.0,0.0,0.0,0,-1,0,0,0,1,100.0,200.0,0,1,0.0,0.0,50.0,50.0,82.5,68.0,Down,Down,100,100,35,64,55.8743961352657,52.10828025477707,53.29113924050633,52.90384615384615,11,9l3zlzfa,,,,,0
6,d10dwe1h,,0,587,587,FinalPage,ThankYou,2026-09-15 02:15:42.881995,1,,,888.89,1,,0.0,M_no_W_exp,,,,,30,,,,,,0,0,400,200,,,,,,,,,,,150,300.0,200,300.0,100,200.0,100,200.0,1,1,"1, 8",2,0.0,0.0,0.0,0.0,0.0,0,1,-1,0,0,2,300.0,240.0,0,0,0.0,0.0,150.0,75.0,75.0,200.0,Down,Up,50,50,100,50,55.8743961352657,52.10828025477707,53.29113924050633,52.90384615384615,11,9l3zlzfa,,,,,0
7,0yq0zebw,,0,587,587,FinalPage,ThankYou,2026-09-15 02:15:42.904428,1,,,833.33,2,,0.0,M_no_W_exp,,,,,35,,,,,,0,0,200,300,,,,,,,,,,,200,200.0,150,200.0,200,300.0,150,300.0,1,1,"1, 8",2,0.0,0.0,0.0,0.0,0.0,0,-1,1,0,0,2,300.0,240.0,0,0,0.0,0.0,150.0,75.0,75.0,200.0,Down,Up,50,50,100,50,55.8743961352657,52.10828025477707,53.29113924050633,52.90384615384615,11,9l3zlzfa,,,,,0
8,7sfhy51b,,0,587,587,FinalPage,ThankYou,2026-09-15 02:15:42.911674,1,,,222.22,3,,0.0,M_no_W_exp,,,,,40,,,,,,0,0,350,240,,,,,,,,,,,120,324.0,129,335.0,105,220.0,108,215.0,1,1,"1, 8",2,0.0,0.0,0.0,0.0,0.0,0,1,0,0,0,2,300.0,240.0,0,0,0.0,0.0,150.0,75.0,75.0,200.0,Down,Up,50,50,100,50,55.8743961352657,52.10828025477707,53.29113924050633,52.90384615384615,11,9l3zlzfa,,,,,0
9,pgjj4tqg,,0,587,587,FinalPage,ThankYou,2026-09-15 02:15:42.950755,1,,,611.11,4,,0.0,M_no_W_exp,,,,,20,,,,,,0,0,300,200,,,,,,,,,,,120,201.0,130,350.0,110,301.0,100,200.0,1,1,"1, 8",2,0.0,0.0,0.0,0.0,0.0,0,0,-1,0,0,2,300.0,240.0,0,0,0.0,0.0,150.0,75.0,75.0,200.0,Down,Up,50,50,100,50,55.8743961352657,52.10828025477707,53.29113924050633,52.90384615384615,11,9l3zlzfa,,,,,0
10,z4s8evj8,,0,587,587,FinalPage,ThankYou,2026-09-15 02:15:42.968291,1,,,1055.56,5,,0.0,M_no_W_exp,,,,,30,,,,,,0,0,200,300,,,,,,,,,,,150,300.0,150,300.0,100,200.0,100,200.0,1,1,"1, 8",2,0.0,0.0,0.0,0.0,0.0,0,-1,1,0,0,2,300.0,240.0,0,0,0.0,0.0,150.0,75.0,75.0,200.0,Down,Up,50,50,100,50,55.8743961352657,52.10828025477707,53.29113924050633,52.90384615384615,11,9l3zlzfa,,,,,0
11,e8h7gvii,,0,587,587,FinalPage,ThankYou,2026-09-15 02:15:43.019580,1,,,722.22,1,,0.0,M_no_W_exp,,,,,30,,,,,,0,0,460,100,,,,,,,,,,,100,450.0,100,450.0,100,150.0,70,150.0,1,1,"1, 8",2,0.0,0.0,0.0,0.0,0.0,0,1,-1,0,0,3,450.0,150.0,0,0,0.0,0.0,75.0,75.0,70.0,65.0,Down,Down,50,50,70,60,55.8743961352657,52.10828025477707,53.29113924050633,52.90384615384615,11,9l3zlzfa,,,,,0
12,yt1cbpza,,0,587,587,FinalPage,ThankYou,2026-09-15 02:15:43.042844,1,,,1277.78,2,,0.0,M_no_W_exp,,,,,35,,,,,,0,0,450,150,,,,,,,,,,,100,450.0,120,500.0,180,105.0,150,110.0,1,1,"1, 8",2,0.0,0.0,0.0,0.0,0.0,0,0,0,0,0,3,450.0,150.0,0,0,0.0,0.0,75.0,75.0,70.0,65.0,Down,Down,50,50,70,60,55.8743961352657,52.10828025477707,53.29113924050633,52.90384615384615,11,9l3zlzfa,,,,,0
13,0i38ht6y,,0,587,587,FinalPage,ThankYou,2026-09-15 02:15:43.050304,1,,,444.44,3,,0.0,M_no_W_exp,,,,,30,,,,,,0,0,400,200,,,,,,,,,,,30,450.0,30,450.0,20,150.0,35,150.0,1,1,"1, 8",2,0.0,0.0,0.0,0.0,0.0,0,-1,1,0,0,3,450.0,150.0,0,0,0.0,0.0,75.0,75.0,70.0,65.0,Down,Down,50,50,70,60,55.8743961352657,52.10828025477707,53.29113924050633,52.90384615384615,11,9l3zlzfa,,,,,0
14,xyqf41ao,,0,587,587,FinalPage,ThankYou,2026-09-15 02:15:43.059770,1,,,55.56,4,,0.0,M_no_W_exp,,,,,19,,,,,,0,0,450,150,,,,,,,,,,,150,450.0,150,450.0,50,150.0,50,150.0,1,1,"1, 8",2,0.0,0.0,0.0,0.0,0.0,0,-1,1,0,0,3,450.0,150.0,0,0,0.0,0.0,75.0,75.0,70.0,65.0,Down,Down,50,50,70,60,55.8743961352657,52.10828025477707,53.29113924050633,52.90384615384615,11,9l3zlzfa,,,,,0
15,g9pquzkd,,0,587,587,FinalPage,ThankYou,2026-09-15 02:15:43.154158,1,,,0.0,5,,0.0,M_no_W_exp,,,,,10,,,,,,0,0,480,120,,,,,,,,,,,125,540.0,150,500.0,115,300.0,100,300.0,1,1,"1, 8",2,0.0,0.0,0.0,0.0,0.0,0,1,-1,0,0,3,450.0,150.0,0,0,0.0,0.0,75.0,75.0,70.0,65.0,Down,Down,50,50,70,60,55.8743961352657,52.10828025477707,53.29113924050633,52.90384615384615,11,9l3zlzfa,,,,,0
16,7ww48hi4,,0,587,587,FinalPage,ThankYou,2026-09-15 02:15:43.242303,1,,,0.0,1,,0.0,M_no_W_exp,,,,,12,,,,,,0,0,595,5,,,,,,,,,,,180,550.0,190,550.0,20,50.0,10,50.0,1,1,"1, 8",2,0.0,0.0,0.0,0.0,0.0,0,1,-1,0,0,4,590.0,10.0,0,0,0.0,0.0,50.0,50.0,75.0,72.5,Down,Down,100,100,55,50,55.8743961352657,52.10828025477707,53.29113924050633,52.90384615384615,11,9l3zlzfa,,,,,0
17,5fdw0rg1,,0,587,587,FinalPage,ThankYou,2026-09-15 02:15:43.252356,1,,,0.0,2,,0.0,M_no_W_exp,,,,,32,,,,,,0,0,590,10,,,,,,,,,,,170,580.0,180,590.0,30,20.0,20,10.0,1,1,"1, 8",2,0.0,0.0,0.0,0.0,0.0,0,0,1,0,0,4,590.0,10.0,0,0,0.0,0.0,50.0,50.0,75.0,72.5,Down,Down,100,100,55,50,55.8743961352657,52.10828025477707,53.29113924050633,52.90384615384615,11,9l3zlzfa,,,,,0
18,h7o9v437,,0,587,587,FinalPage,ThankYou,2026-09-15 02:15:43.348539,1,,,0.0,3,,0.0,M_no_W_exp,,,,,0,,,,,,0,0,599,1,,,,,,,,,,,150,599.0,100,599.0,100,1.0,0,1.0,1,1,"1, 8",2,0.0,0.0,0.0,0.0,0.0,0,1,-1,0,0,4,590.0,10.0,0,0,0.0,0.0,50.0,50.0,75.0,72.5,Down,Down,100,100,55,50,55.8743961352657,52.10828025477707,53.29113924050633,52.90384615384615,11,9l3zlzfa,,,,,0
19,9mimenbo,,0,587,587,FinalPage,ThankYou,2026-09-15 02:15:43.388352,1,,,833.33,4,,0.0,M_no_W_exp,,,,,15,,,,,,0,0,450,150,,,,,,,,,,,180,500.0,180,580.0,20,100.0,20,20.0,1,1,"1, 8",2,0.0,0.0,0.0,0.0,0.0,0,-1,1,0,0,4,590.0,10.0,0,0,0.0,0.0,50.0,50.0,75.0,72.5,Down,Down,100,100,55,50,55.8743961352657,52.10828025477707,53.29113924050633,52.90384615384615,11,9l3zlzfa,,,,,0
20,hn8non3y,,0,587,587,FinalPage,ThankYou,2026-09-15 02:15:43.459728,1,,,1666.67,5,,0.0,M_no_W_exp,,,,,35,,,,,,0,0,10,10,,,,,,,,,,,150,500.0,150,500.0,50,100.0,50,100.0,1,1,"1, 8",2,0.0,0.0,0.0,0.0,0.0,0,-1,0,0,0,4,590.0,10.0,0,0,0.0,0.0,50.0,50.0,75.0,72.5,Down,Down,100,100,55,50,55.8743961352657,52.10828025477707,53.29113924050633,52.90384615384615,11,9l3zlzfa,,,,,0
21,x06ipo6j,,0,587,587,FinalPage,ThankYou,2026-09-15 02:15:43.651142,1,,,500.0,1,,0.0,M_no_W_exp,,,,,43,,,,,,0,0,244,352,,,,,,,,,,,95,243.0,96,245.0,135,351.0,134,350.0,1,1,"1, 8",2,0.0,0.0,0.0,0.0,0.0,0,-1,1,0,0,5,244.0,350.0,1,1,0.0,0.0,100.0,180.0,75.0,130.0,Down,Up,0,80,50,30,55.8743961352657,52.10828025477707,53.29113924050633,52.90384615384615,11,9l3zlzfa,,,,,0
22,n9iynxtq,,0,587,587,FinalPage,ThankYou,2026-09-15 02:15:43.760292,1,,,944.44,2,,0.0,M_no_W_exp,,,,,57,,,,,,0,0,244,355,,,,,,,,,,,136,244.0,136,244.0,156,351.0,155,351.0,1,1,"1, 8",2,0.0,0.0,0.0,0.0,0.0,0,0,1,0,0,5,244.0,350.0,1,1,0.0,0.0,100.0,180.0,75.0,130.0,Down,Up,0,80,50,30,55.8743961352657,52.10828025477707,53.29113924050633,52.90384615384615,11,9l3zlzfa,,,,,0
23,diqkyqqr,,0,587,587,FinalPage,ThankYou,2026-09-15 02:15:43.834949,1,,,1277.78,3,,0.0,M_no_W_exp,,,,,60,,,,,,0,0,245,345,,,,,,,,,,,100,250.0,100,250.0,100,350.0,100,350.0,1,1,"1, 8",2,0.0,0.0,0.0,0.0,0.0,0,1,-1,0,0,5,244.0,350.0,1,1,0.0,0.0,100.0,180.0,75.0,130.0,Down,Up,0,80,50,30,55.8743961352657,52.10828025477707,53.29113924050633,52.90384615384615,11,9l3zlzfa,,,,,0
24,hi0vl1bf,,0,587,587,FinalPage,ThankYou,2026-09-15 02:15:44.110312,1,,,222.22,4,,0.0,M_no_W_exp,,,,,60,,,,,,0,0,250,350,,,,,,,,,,,50,250.0,50,250.0,150,350.0,150,350.0,1,1,"1, 8",2,0.0,0.0,0.0,0.0,0.0,0,1,0,0,0,5,244.0,350.0,1,1,0.0,0.0,100.0,180.0,75.0,130.0,Down,Up,0,80,50,30,55.8743961352657,52.10828025477707,53.29113924050633,52.90384615384615,11,9l3zlzfa,,,,,0
25,u3a33dgt,,0,587,587,FinalPage,ThankYou,2026-09-15 02:16:14.753308,1,,,1277.78,5,,0.0,M_no_W_exp,,,,,100,,,,,,0,0,90,170,,,,,,,,,,,70,100.0,80,230.0,100,150.0,120,330.0,1,1,"1, 8",2,0.0,0.0,0.0,0.0,0.0,0,-1,-1,0,0,5,244.0,350.0,1,1,0.0,0.0,100.0,180.0,75.0,130.0,Down,Up,0,80,50,30,55.8743961352657,52.10828025477707,53.29113924050633,52.90384615384615,11,9l3zlzfa,,,,,0
1,u4sl54xk,,0,587,587,FinalPage,ThankYou,2026-09-15 02:15:41.791289,1,,,500.0,1,,0.0,M_no_W_exp,,,,,,,,,,,0,0,102,200,,,,,,,,,,,,,,,,,,,1,1,"1, 8",2,0.0,0.0,0.0,0.0,0.0,0,1,1,0,0,1,101.0,200.0,0,1,0.0,0.0,50.0,50.0,82.5,68.0,Down,Down,100,100,35,64,55.8743961352657,52.10828025477707,53.29113924050633,52.90384615384615,12,9l3zlzfa,,,,,0
2,q2jobopa,,0,587,587,FinalPage,ThankYou,2026-09-15 02:15:41.867553,1,,,222.22,2,,0.0,M_no_W_exp,,,,,,,,,,,0,0,101,203,,,,,,,,,,,,,,,,,,,1,1,"1, 8",2,0.0,0.0,0.0,0.0,0.0,0,0,1,0,0,1,101.0,200.0,0,1,0.0,0.0,50.0,50.0,82.5,68.0,Down,Down,100,100,35,64,55.8743961352657,52.10828025477707,53.29113924050633,52.90384615384615,12,9l3zlzfa,,,,,0
3,9xg7erl3,,0,587,587,FinalPage,ThankYou,2026-09-15 02:15:42.002021,1,,,611.11,3,,0.0,M_no_W_exp,,,,,,,,,,,0,0,100,200,,,,,,,,,,,,,,,,,,,1,1,"1, 8",2,0.0,0.0,0.0,0.0,0.0,0,-1,0,0,0,1,101.0,200.0,0,1,0.0,0.0,50.0,50.0,82.5,68.0,Down,Down,100,100,35,64,55.8743961352657,52.10828025477707,53.29113924050633,52.90384615384615,12,9l3zlzfa,,,,,0
4,ixl976y0,,0,587,587,FinalPage,ThankYou,2026-09-15 02:15:42.268005,1,,,722.22,4,,0.0,M_no_W_exp,,,,,,,,,,,0,0,100,200,,,,,,,,,,,,,,,,,,,1,1,"1, 8",2,0.0,0.0,0.0,0.0,0.0,0,-1,-1,0,0,1,101.0,200.0,0,1,0.0,0.0,50.0,50.0,82.5,68.0,Down,Down,100,100,35,64,55.8743961352657,52.10828025477707,53.29113924050633,52.90384615384615,12,9l3zlzfa,,,,,0
5,nqlqeq8n,,0,587,587,FinalPage,ThankYou,2026-09-15 02:15:42.844534,1,,,333.33,5,,0.0,M_no_W_exp,,,,,,,,,,,0,0,102,199,,,,,,,,,,,,,,,,,,,1,1,"1, 8",2,0.0,0.0,0.0,0.0,0.0,0,1,-1,0,0,1,101.0,200.0,0,1,0.0,0.0,50.0,50.0,82.5,68.0,Down,Down,100,100,35,64,55.8743961352657,52.10828025477707,53.29113924050633,52.90384615384615,12,9l3zlzfa,,,,,0
6,d10dwe1h,,0,587,587,FinalPage,ThankYou,2026-09-15 02:15:42.881995,1,,,888.89,1,,0.0,M_no_W_exp,,,,,,,,,,,0,0,380,220,,,,,,,,,,,,,,,,,,,1,1,"1, 8",2,0.0,0.0,0.0,0.0,0.0,0,1,1,0,0,2,300.0,220.0,0,0,0.0,0.0,150.0,75.0,75.0,200.0,Down,Up,50,50,100,50,55.8743961352657,52.10828025477707,53.29113924050633,52.90384615384615,12,9l3zlzfa,,,,,0
7,0yq0zebw,,0,587,587,FinalPage,ThankYou,2026-09-15 02:15:42.904428,1,,,833.33,2,,0.0,M_no_W_exp,,,,,,,,,,,0,0,299,239,,,,,,,,,,,,,,,,,,,1,1,"1, 8",2,0.0,0.0,0.0,0.0,0.0,0,-1,1,0,0,2,300.0,220.0,0,0,0.0,0.0,150.0,75.0,75.0,200.0,Down,Up,50,50,100,50,55.8743961352657,52.10828025477707,53.29113924050633,52.90384615384615,12,9l3zlzfa,,,,,0
8,7sfhy51b,,0,587,587,FinalPage,ThankYou,2026-09-15 02:15:42.911674,1,,,222.22,3,,0.0,M_no_W_exp,,,,,,,,,,,0,0,340,199,,,,,,,,,,,,,,,,,,,1,1,"1, 8",2,0.0,0.0,0.0,0.0,0.0,0,1,-1,0,0,2,300.0,220.0,0,0,0.0,0.0,150.0,75.0,75.0,200.0,Down,Up,50,50,100,50,55.8743961352657,52.10828025477707,53.29113924050633,52.90384615384615,12,9l3zlzfa,,,,,0
9,pgjj4tqg,,0,587,587,FinalPage,ThankYou,2026-09-15 02:15:42.950755,1,,,611.11,4,,0.0,M_no_W_exp,,,,,,,,,,,0,0,300,220,,,,,,,,,,,,,,,,,,,1,1,"1, 8",2,0.0,0.0,0.0,0.0,0.0,0,0,0,0,0,2,300.0,220.0,0,0,0.0,0.0,150.0,75.0,75.0,200.0,Down,Up,50,50,100,50,55.8743961352657,52.10828025477707,53.29113924050633,52.90384615384615,12,9l3zlzfa,,,,,0
10,z4s8evj8,,0,587,587,FinalPage,ThankYou,2026-09-15 02:15:42.968291,1,,,1055.56,5,,0.0,M_no_W_exp,,,,,,,,,,,0,0,299,200,,,,,,,,,,,,,,,,,,,1,1,"1, 8",2,0.0,0.0,0.0,0.0,0.0,0,-1,-1,0,0,2,300.0,220.0,0,0,0.0,0.0,150.0,75.0,75.0,200.0,Down,Up,50,50,100,50,55.8743961352657,52.10828025477707,53.29113924050633,52.90384615384615,12,9l3zlzfa,,,,,0
11,e8h7gvii,,0,587,587,FinalPage,ThankYou,2026-09-15 02:15:43.019580,1,,,722.22,1,,0.0,M_no_W_exp,,,,,,,,,,,0,0,500,100,,,,,,,,,,,,,,,,,,,1,1,"1, 8",2,0.0,0.0,0.0,0.0,0.0,0,1,-1,0,0,3,500.0,100.0,0,0,0.0,0.0,75.0,75.0,70.0,65.0,Down,Down,50,50,70,60,55.8743961352657,52.10828025477707,53.29113924050633,52.90384615384615,12,9l3zlzfa,,,,,0
12,yt1cbpza,,0,587,587,FinalPage,ThankYou,2026-09-15 02:15:43.042844,1,,,1277.78,2,,0.0,M_no_W_exp,,,,,,,,,,,0,0,500,100,,,,,,,,,,,,,,,,,,,1,1,"1, 8",2,0.0,0.0,0.0,0.0,0.0,0,0,0,0,0,3,500.0,100.0,0,0,0.0,0.0,75.0,75.0,70.0,65.0,Down,Down,50,50,70,60,55.8743961352657,52.10828025477707,53.29113924050633,52.90384615384615,12,9l3zlzfa,,,,,0
13,0i38ht6y,,0,587,587,FinalPage,ThankYou,2026-09-15 02:15:43.050304,1,,,444.44,3,,0.0,M_no_W_exp,,,,,,,,,,,0,0,450,150,,,,,,,,,,,,,,,,,,,1,1,"1, 8",2,0.0,0.0,0.0,0.0,0.0,0,-1,1,0,0,3,500.0,100.0,0,0,0.0,0.0,75.0,75.0,70.0,65.0,Down,Down,50,50,70,60,55.8743961352657,52.10828025477707,53.29113924050633,52.90384615384615,12,9l3zlzfa,,,,,0
14,xyqf41ao,,0,587,587,FinalPage,ThankYou,2026-09-15 02:15:43.059770,1,,,55.56,4,,0.0,M_no_W_exp,,,,,,,,,,,0,0,450,150,,,,,,,,,,,,,,,,,,,1,1,"1, 8",2,0.0,0.0,0.0,0.0,0.0,0,-1,1,0,0,3,500.0,100.0,0,0,0.0,0.0,75.0,75.0,70.0,65.0,Down,Down,50,50,70,60,55.8743961352657,52.10828025477707,53.29113924050633,52.90384615384615,12,9l3zlzfa,,,,,0
15,g9pquzkd,,0,587,587,FinalPage,ThankYou,2026-09-15 02:15:43.154158,1,,,0.0,5,,0.0,M_no_W_exp,,,,,,,,,,,0,0,510,90,,,,,,,,,,,,,,,,,,,1,1,"1, 8",2,0.0,0.0,0.0,0.0,0.0,0,1,-1,0,0,3,500.0,100.0,0,0,0.0,0.0,75.0,75.0,70.0,65.0,Down,Down,50,50,70,60,55.8743961352657,52.10828025477707,53.29113924050633,52.90384615384615,12,9l3zlzfa,,,,,0
16,7ww48hi4,,0,587,587,FinalPage,ThankYou,2026-09-15 02:15:43.242303,1,,,0.0,1,,0.0,M_no_W_exp,,,,,,,,,,,0,0,580,20,,,,,,,,,,,,,,,,,,,1,1,"1, 8",2,0.0,0.0,0.0,0.0,0.0,0,1,0,0,0,4,10.0,20.0,0,0,0.0,0.0,50.0,50.0,75.0,72.5,Down,Down,100,100,55,50,55.8743961352657,52.10828025477707,53.29113924050633,52.90384615384615,12,9l3zlzfa,,,,,0
17,5fdw0rg1,,0,587,587,FinalPage,ThankYou,2026-09-15 02:15:43.252356,1,,,0.0,2,,0.0,M_no_W_exp,,,,,,,,,,,0,0,5,595,,,,,,,,,,,,,,,,,,,1,1,"1, 8",2,0.0,0.0,0.0,0.0,0.0,0,-1,1,0,0,4,10.0,20.0,0,0,0.0,0.0,50.0,50.0,75.0,72.5,Down,Down,100,100,55,50,55.8743961352657,52.10828025477707,53.29113924050633,52.90384615384615,12,9l3zlzfa,,,,,0
18,h7o9v437,,0,587,587,FinalPage,ThankYou,2026-09-15 02:15:43.348539,1,,,0.0,3,,0.0,M_no_W_exp,,,,,,,,,,,0,0,599,1,,,,,,,,,,,,,,,,,,,1,1,"1, 8",2,0.0,0.0,0.0,0.0,0.0,0,1,-1,0,0,4,10.0,20.0,0,0,0.0,0.0,50.0,50.0,75.0,72.5,Down,Down,100,100,55,50,55.8743961352657,52.10828025477707,53.29113924050633,52.90384615384615,12,9l3zlzfa,,,,,0
19,9mimenbo,,0,587,587,FinalPage,ThankYou,2026-09-15 02:15:43.388352,1,,,833.33,4,,0.0,M_no_W_exp,,,,,,,,,,,0,0,5,595,,,,,,,,,,,,,,,,,,,1,1,"1, 8",2,0.0,0.0,0.0,0.0,0.0,0,-1,1,0,0,4,10.0,20.0,0,0,0.0,0.0,50.0,50.0,75.0,72.5,Down,Down,100,100,55,50,55.8743961352657,52.10828025477707,53.29113924050633,52.90384615384615,12,9l3zlzfa,,,,,0
20,hn8non3y,,0,587,587,FinalPage,ThankYou,2026-09-15 02:15:43.459728,1,,,1666.67,5,,0.0,M_no_W_exp,,,,,,,,,,,0,0,10,15,,,,,,,,,,,,,,,,,,,1,1,"1, 8",2,0.0,0.0,0.0,0.0,0.0,0,0,-1,0,0,4,10.0,20.0,0,0,0.0,0.0,50.0,50.0,75.0,72.5,Down,Down,100,100,55,50,55.8743961352657,52.10828025477707,53.29113924050633,52.90384615384615,12,9l3zlzfa,,,,,0
21,x06ipo6j,,0,587,587,FinalPage,ThankYou,2026-09-15 02:15:43.651142,1,,,500.0,1,,0.0,M_no_W_exp,,,,,,,,,,,0,0,245,352,,,,,,,,,,,,,,,,,,,1,1,"1, 8",2,0.0,0.0,0.0,0.0,0.0,0,1,1,0,0,5,245.0,352.0,1,1,0.0,0.0,100.0,180.0,75.0,130.0,Down,Up,0,80,50,30,55.8743961352657,52.10828025477707,53.29113924050633,52.90384615384615,12,9l3zlzfa,,,,,0
22,n9iynxtq,,0,587,587,FinalPage,ThankYou,2026-09-15 02:15:43.760292,1,,,944.44,2,,0.0,M_no_W_exp,,,,,,,,,,,0,0,244,350,,,,,,,,,,,,,,,,,,,1,1,"1, 8",2,0.0,0.0,0.0,0.0,0.0,0,-1,-1,0,0,5,245.0,352.0,1,1,0.0,0.0,100.0,180.0,75.0,130.0,Down,Up,0,80,50,30,55.8743961352657,52.10828025477707,53.29113924050633,52.90384615384615,12,9l3zlzfa,,,,,0
23,diqkyqqr,,0,587,587,FinalPage,ThankYou,2026-09-15 02:15:43.834949,1,,,1277.78,3,,0.0,M_no_W_exp,,,,,,,,,,,0,0,245,352,,,,,,,,,,,,,,,,,,,1,1,"1, 8",2,0.0,0.0,0.0,0.0,0.0,0,0,1,0,0,5,245.0,352.0,1,1,0.0,0.0,100.0,180.0,75.0,130.0,Down,Up,0,80,50,30,55.8743961352657,52.10828025477707,53.29113924050633,52.90384615384615,12,9l3zlzfa,,,,,0
24,hi0vl1bf,,0,587,587,FinalPage,ThankYou,2026-09-15 02:15:44.110312,1,,,222.22,4,,0.0,M_no_W_exp,,,,,,,,,,,0,0,246,352,,,,,,,,,,,,,,,,,,,1,1,"1, 8",2,0.0,0.0,0.0,0.0,0.0,0,1,0,0,0,5,245.0,352.0,1,1,0.0,0.0,100.0,180.0,75.0,130.0,Down,Up,0,80,50,30,55.8743961352657,52.10828025477707,53.29113924050633,52.90384615384615,12,9l3zlzfa,,,,,0
25,u3a33dgt,,0,587,587,FinalPage,ThankYou,2026-09-15 02:16:14.753308,1,,,1277.78,5,,0.0,M_no_W_exp,,,,,,,,,,,0,0,100,180,,,,,,,,,,,,,,,,,,,1,1,"1, 8",2,0.0,0.0,0.0,0.0,0.0,0,-1,-1,0,0,5,245.0,352.0,1,1,0.0,0.0,100.0,180.0,75.0,130.0,Down,Up,0,80,50,30,55.8743961352657,52.10828025477707,53.29113924050633,52.90384615384615,12,9l3zlzfa,,,,,0
1,u4sl54xk,,0,587,587,FinalPage,ThankYou,2026-09-15 02:15:41.791289,1,,,500.0,1,,0.0,M_no_W_exp,,,,,,,,,,,0,0,103,197,,,,,,,,,,,,,,,,,,,1,1,"1, 8",2,0.0,0.0,0.0,0.0,0.0,0,1,-1,0,0,1,102.0,200.0,0,1,0.0,0.0,50.0,50.0,82.5,68.0,Down,Down,100,100,35,64,55.8743961352657,52.10828025477707,53.29113924050633,52.90384615384615,13,9l3zlzfa,,,,,0
2,q2jobopa,,0,587,587,FinalPage,ThankYou,2026-09-15 02:15:41.867553,1,,,222.22,2,,0.0,M_no_W_exp,,,,,,,,,,,0,0,102,200,,,,,,,,,,,,,,,,,,,1,1,"1, 8",2,0.0,0.0,0.0,0.0,0.0,0,-1,0,0,0,1,102.0,200.0,0,1,0.0,0.0,50.0,50.0,82.5,68.0,Down,Down,100,100,35,64,55.8743961352657,52.10828025477707,53.29113924050633,52.90384615384615,13,9l3zlzfa,,,,,0
3,9xg7erl3,,0,587,587,FinalPage,ThankYou,2026-09-15 02:15:42.002021,1,,,611.11,3,,0.0,M_no_W_exp,,,,,,,,,,,0,0,103,201,,,,,,,,,,,,,,,,,,,1,1,"1, 8",2,0.0,0.0,0.0,0.0,0.0,0,1,1,0,0,1,102.0,200.0,0,1,0.0,0.0,50.0,50.0,82.5,68.0,Down,Down,100,100,35,64,55.8743961352657,52.10828025477707,53.29113924050633,52.90384615384615,13,9l3zlzfa,,,,,0
4,ixl976y0,,0,587,587,FinalPage,ThankYou,2026-09-15 02:15:42.268005,1,,,722.22,4,,0.0,M_no_W_exp,,,,,,,,,,,0,0,101,200,,,,,,,,,,,,,,,,,,,1,1,"1, 8",2,0.0,0.0,0.0,0.0,0.0,0,-1,1,0,0,1,102.0,200.0,0,1,0.0,0.0,50.0,50.0,82.5,68.0,Down,Down,100,100,35,64,55.8743961352657,52.10828025477707,53.29113924050633,52.90384615384615,13,9l3zlzfa,,,,,0
5,nqlqeq8n,,0,587,587,FinalPage,ThankYou,2026-09-15 02:15:42.844534,1,,,333.33,5,,0.0,M_no_W_exp,,,,,,,,,,,0,0,102,199,,,,,,,,,,,,,,,,,,,1,1,"1, 8",2,0.0,0.0,0.0,0.0,0.0,0,0,-1,0,0,1,102.0,200.0,0,1,0.0,0.0,50.0,50.0,82.5,68.0,Down,Down,100,100,35,64,55.8743961352657,52.10828025477707,53.29113924050633,52.90384615384615,13,9l3zlzfa,,,,,0
6,d10dwe1h,,0,587,587,FinalPage,ThankYou,2026-09-15 02:15:42.881995,1,,,888.89,1,,0.0,M_no_W_exp,,,,,,,,,,,0,0,400,200,,,,,,,,,,,,,,,,,,,1,1,"1, 8",2,0.0,0.0,0.0,0.0,0.0,0,1,-1,0,0,2,301.0,215.0,0,0,0.0,0.0,150.0,75.0,75.0,200.0,Down,Up,50,50,100,50,55.8743961352657,52.10828025477707,53.29113924050633,52.90384615384615,13,9l3zlzfa,,,,,0
7,0yq0zebw,,0,587,587,FinalPage,ThankYou,2026-09-15 02:15:42.904428,1,,,833.33,2,,0.0,M_no_W_exp,,,,,,,,,,,0,0,250,200,,,,,,,,,,,,,,,,,,,1,1,"1, 8",2,0.0,0.0,0.0,0.0,0.0,0,-1,-1,0,0,2,301.0,215.0,0,0,0.0,0.0,150.0,75.0,75.0,200.0,Down,Up,50,50,100,50,55.8743961352657,52.10828025477707,53.29113924050633,52.90384615384615,13,9l3zlzfa,,,,,0
8,7sfhy51b,,0,587,587,FinalPage,ThankYou,2026-09-15 02:15:42.911674,1,,,222.22,3,,0.0,M_no_W_exp,,,,,,,,,,,0,0,360,240,,,,,,,,,,,,,,,,,,,1,1,"1, 8",2,0.0,0.0,0.0,0.0,0.0,0,1,1,0,0,2,301.0,215.0,0,0,0.0,0.0,150.0,75.0,75.0,200.0,Down,Up,50,50,100,50,55.8743961352657,52.10828025477707,53.29113924050633,52.90384615384615,13,9l3zlzfa,,,,,0
9,pgjj4tqg,,0,587,587,FinalPage,ThankYou,2026-09-15 02:15:42.950755,1,,,611.11,4,,0.0,M_no_W_exp,,,,,,,,,,,0,0,301,230,,,,,,,,,,,,,,,,,,,1,1,"1, 8",2,0.0,0.0,0.0,0.0,0.0,0,0,1,0,0,2,301.0,215.0,0,0,0.0,0.0,150.0,75.0,75.0,200.0,Down,Up,50,50,100,50,55.8743961352657,52.10828025477707,53.29113924050633,52.90384615384615,13,9l3zlzfa,,,,,0
10,z4s8evj8,,0,587,587,FinalPage,ThankYou,2026-09-15 02:15:42.968291,1,,,1055.56,5,,0.0,M_no_W_exp,,,,,,,,,,,0,0,299,215,,,,,,,,,,,,,,,,,,,1,1,"1, 8",2,0.0,0.0,0.0,0.0,0.0,0,-1,0,0,0,2,301.0,215.0,0,0,0.0,0.0,150.0,75.0,75.0,200.0,Down,Up,50,50,100,50,55.8743961352657,52.10828025477707,53.29113924050633,52.90384615384615,13,9l3zlzfa,,,,,0
11,e8h7gvii,,0,587,587,FinalPage,ThankYou,2026-09-15 02:15:43.019580,1,,,722.22,1,,0.0,M_no_W_exp,,,,,,,,,,,0,0,500,10,,,,,,,,,,,,,,,,,,,1,1,"1, 8",2,0.0,0.0,0.0,0.0,0.0,0,-1,-1,0,0,3,500.0,60.0,0,0,0.0,0.0,75.0,75.0,70.0,65.0,Down,Down,50,50,70,60,55.8743961352657,52.10828025477707,53.29113924050633,52.90384615384615,13,9l3zlzfa,,,,,0
12,yt1cbpza,,0,587,587,FinalPage,ThankYou,2026-09-15 02:15:43.042844,1,,,1277.78,2,,0.0,M_no_W_exp,,,,,,,,,,,0,0,550,48,,,,,,,,,,,,,,,,,,,1,1,"1, 8",2,0.0,0.0,0.0,0.0,0.0,0,1,-1,0,0,3,500.0,60.0,0,0,0.0,0.0,75.0,75.0,70.0,65.0,Down,Down,50,50,70,60,55.8743961352657,52.10828025477707,53.29113924050633,52.90384615384615,13,9l3zlzfa,,,,,0
13,0i38ht6y,,0,587,587,FinalPage,ThankYou,2026-09-15 02:15:43.050304,1,,,444.44,3,,0.0,M_no_W_exp,,,,,,,,,,,0,0,450,150,,,,,,,,,,,,,,,,,,,1,1,"1, 8",2,0.0,0.0,0.0,0.0,0.0,0,-1,1,0,0,3,500.0,60.0,0,0,0.0,0.0,75.0,75.0,70.0,65.0,Down,Down,50,50,70,60,55.8743961352657,52.10828025477707,53.29113924050633,52.90384615384615,13,9l3zlzfa,,,,,0
14,xyqf41ao,,0,587,587,FinalPage,ThankYou,2026-09-15 02:15:43.059770,1,,,55.56,4,,0.0,M_no_W_exp,,,,,,,,,,,0,0,500,100,,,,,,,,,,,,,,,,,,,1,1,"1, 8",2,0.0,0.0,0.0,0.0,0.0,0,0,1,0,0,3,500.0,60.0,0,0,0.0,0.0,75.0,75.0,70.0,65.0,Down,Down,50,50,70,60,55.8743961352657,52.10828025477707,53.29113924050633,52.90384615384615,13,9l3zlzfa,,,,,0
15,g9pquzkd,,0,587,587,FinalPage,ThankYou,2026-09-15 02:15:43.154158,1,,,0.0,5,,0.0,M_no_W_exp,,,,,,,,,,,0,0,540,60,,,,,,,,,,,,,,,,,,,1,1,"1, 8",2,0.0,0.0,0.0,0.0,0.0,0,1,0,0,0,3,500.0,60.0,0,0,0.0,0.0,75.0,75.0,70.0,65.0,Down,Down,50,50,70,60,55.8743961352657,52.10828025477707,53.29113924050633,52.90384615384615,13,9l3zlzfa,,,,,0
16,7ww48hi4,,0,587,587,FinalPage,ThankYou,2026-09-15 02:15:43.242303,1,,,0.0,1,,0.0,M_no_W_exp,,,,,,,,,,,0,0,500,100,,,,,,,,,,,,,,,,,,,1,1,"1, 8",2,0.0,0.0,0.0,0.0,0.0,0,0,1,0,0,4,500.0,15.0,0,0,0.0,0.0,50.0,50.0,75.0,72.5,Down,Down,100,100,55,50,55.8743961352657,52.10828025477707,53.29113924050633,52.90384615384615,13,9l3zlzfa,,,,,0
17,5fdw0rg1,,0,587,587,FinalPage,ThankYou,2026-09-15 02:15:43.252356,1,,,0.0,2,,0.0,M_no_W_exp,,,,,,,,,,,0,0,595,5,,,,,,,,,,,,,,,,,,,1,1,"1, 8",2,0.0,0.0,0.0,0.0,0.0,0,1,-1,0,0,4,500.0,15.0,0,0,0.0,0.0,50.0,50.0,75.0,72.5,Down,Down,100,100,55,50,55.8743961352657,52.10828025477707,53.29113924050633,52.90384615384615,13,9l3zlzfa,,,,,0
18,h7o9v437,,0,587,587,FinalPage,ThankYou,2026-09-15 02:15:43.348539,1,,,0.0,3,,0.0,M_no_W_exp,,,,,,,,,,,0,0,599,1,,,,,,,,,,,,,,,,,,,1,1,"1, 8",2,0.0,0.0,0.0,0.0,0.0,0,1,-1,0,0,4,500.0,15.0,0,0,0.0,0.0,50.0,50.0,75.0,72.5,Down,Down,100,100,55,50,55.8743961352657,52.10828025477707,53.29113924050633,52.90384615384615,13,9l3zlzfa,,,,,0
19,9mimenbo,,0,587,587,FinalPage,ThankYou,2026-09-15 02:15:43.388352,1,,,833.33,4,,0.0,M_no_W_exp,,,,,,,,,,,0,0,15,15,,,,,,,,,,,,,,,,,,,1,1,"1, 8",2,0.0,0.0,0.0,0.0,0.0,0,-1,0,0,0,4,500.0,15.0,0,0,0.0,0.0,50.0,50.0,75.0,72.5,Down,Down,100,100,55,50,55.8743961352657,52.10828025477707,53.29113924050633,52.90384615384615,13,9l3zlzfa,,,,,0
20,hn8non3y,,0,587,587,FinalPage,ThankYou,2026-09-15 02:15:43.459728,1,,,1666.67,5,,0.0,M_no_W_exp,,,,,,,,,,,0,0,30,20,,,,,,,,,,,,,,,,,,,1,1,"1, 8",2,0.0,0.0,0.0,0.0,0.0,0,-1,1,0,0,4,500.0,15.0,0,0,0.0,0.0,50.0,50.0,75.0,72.5,Down,Down,100,100,55,50,55.8743961352657,52.10828025477707,53.29113924050633,52.90384615384615,13,9l3zlzfa,,,,,0
21,x06ipo6j,,0,587,587,FinalPage,ThankYou,2026-09-15 02:15:43.651142,1,,,500.0,1,,0.0,M_no_W_exp,,,,,,,,,,,0,0,244,352,,,,,,,,,,,,,,,,,,,1,1,"1, 8",2,0.0,0.0,0.0,0.0,0.0,0,0,-1,0,0,5,244.0,352.0,1,1,0.0,0.0,100.0,180.0,75.0,130.0,Down,Up,0,80,50,30,55.8743961352657,52.10828025477707,53.29113924050633,52.90384615384615,13,9l3zlzfa,,,,,0
22,n9iynxtq,,0,587,587,FinalPage,ThankYou,2026-09-15 02:15:43.760292,1,,,944.44,2,,0.0,M_no_W_exp,,,,,,,,,,,0,0,245,352,,,,,,,,,,,,,,,,,,,1,1,"1, 8",2,0.0,0.0,0.0,0.0,0.0,0,1,0,0,0,5,244.0,352.0,1,1,0.0,0.0,100.0,180.0,75.0,130.0,Down,Up,0,80,50,30,55.8743961352657,52.10828025477707,53.29113924050633,52.90384615384615,13,9l3zlzfa,,,,,0
23,diqkyqqr,,0,587,587,FinalPage,ThankYou,2026-09-15 02:15:43.834949,1,,,1277.78,3,,0.0,M_no_W_exp,,,,,,,,,,,0,0,200,354,,,,,,,,,,,,,,,,,,,1,1,"1, 8",2,0.0,0.0,0.0,0.0,0.0,0,-1,1,0,0,5,244.0,352.0,1,1,0.0,0.0,100.0,180.0,75.0,130.0,Down,Up,0,80,50,30,55.8743961352657,52.10828025477707,53.29113924050633,52.90384615384615,13,9l3zlzfa,,,,,0
24,hi0vl1bf,,0,587,587,FinalPage,ThankYou,2026-09-15 02:15:44.110312,1,,,222.22,4,,0.0,M_no_W_exp,,,,,,,,,,,0,0,246,354,,,,,,,,,,,,,,,,,,,1,1,"1, 8",2,0.0,0.0,0.0,0.0,0.0,0,1,1,0,0,5,244.0,352.0,1,1,0.0,0.0,100.0,180.0,75.0,130.0,Down,Up,0,80,50,30,55.8743961352657,52.10828025477707,53.29113924050633,52.90384615384615,13,9l3zlzfa,,,,,0
25,u3a33dgt,,0,587,587,FinalPage,ThankYou,2026-09-15 02:16:14.753308,1,,,1277.78,5,,0.0,M_no_W_exp,,,,,,,,,,,0,0,100,180,,,,,,,,,,,,,,,,,,,1,1,"1, 8",2,0.0,0.0,0.0,0.0,0.0,0,-1,-1,0,0,5,244.0,352.0,1,1,0.0,0.0,100.0,180.0,75.0,130.0,Down,Up,0,80,50,30,55.8743961352657,52.10828025477707,53.29113924050633,52.90384615384615,13,9l3zlzfa,,,,,0
1,u4sl54xk,,0,587,587,FinalPage,ThankYou,2026-09-15 02:15:41.791289,1,,,500.0,1,,0.0,M_no_W_exp,,,,,,,,,,,0,0,100,210,,,,,,,,,,,,,,,,,,,1,1,"1, 8",2,0.0,0.0,0.0,0.0,0.0,0,-1,1,0,0,1,103.0,200.0,0,1,0.0,0.0,50.0,50.0,82.5,68.0,Down,Down,100,100,35,64,55.8743961352657,52.10828025477707,53.29113924050633,52.90384615384615,14,9l3zlzfa,,,,,0
2,q2jobopa,,0,587,587,FinalPage,ThankYou,2026-09-15 02:15:41.867553,1,,,222.22,2,,0.0,M_no_W_exp,,,,,,,,,,,0,0,104,200,,,,,,,,,,,,,,,,,,,1,1,"1, 8",2,0.0,0.0,0.0,0.0,0.0,0,1,1,0,0,1,103.0,200.0,0,1,0.0,0.0,50.0,50.0,82.5,68.0,Down,Down,100,100,35,64,55.8743961352657,52.10828025477707,53.29113924050633,52.90384615384615,14,9l3zlzfa,,,,,0
3,9xg7erl3,,0,587,587,FinalPage,ThankYou,2026-09-15 02:15:42.002021,1,,,611.11,3,,0.0,M_no_W_exp,,,,,,,,,,,0,0,101,199,,,,,,,,,,,,,,,,,,,1,1,"1, 8",2,0.0,0.0,0.0,0.0,0.0,0,-1,-1,0,0,1,103.0,200.0,0,1,0.0,0.0,50.0,50.0,82.5,68.0,Down,Down,100,100,35,64,55.8743961352657,52.10828025477707,53.29113924050633,52.90384615384615,14,9l3zlzfa,,,,,0
4,ixl976y0,,0,587,587,FinalPage,ThankYou,2026-09-15 02:15:42.268005,1,,,722.22,4,,0.0,M_no_W_exp,,,,,,,,,,,0,0,103,200,,,,,,,,,,,,,,,,,,,1,1,"1, 8",2,0.0,0.0,0.0,0.0,0.0,0,0,0,0,0,1,103.0,200.0,0,1,0.0,0.0,50.0,50.0,82.5,68.0,Down,Down,100,100,35,64,55.8743961352657,52.10828025477707,53.29113924050633,52.90384615384615,14,9l3zlzfa,,,,,0
5,nqlqeq8n,,0,587,587,FinalPage,ThankYou,2026-09-15 02:15:42.844534,1,,,333.33,5,,0.0,M_no_W_exp,,,,,,,,,,,0,0,103,199,,,,,,,,,,,,,,,,,,,1,1,"1, 8",2,0.0,0.0,0.0,0.0,0.0,0,1,-1,0,0,1,103.0,200.0,0,1,0.0,0.0,50.0,50.0,82.5,68.0,Down,Down,100,100,35,64,55.8743961352657,52.10828025477707,53.29113924050633,52.90384615384615,14,9l3zlzfa,,,,,0
6,d10dwe1h,,0,587,587,FinalPage,ThankYou,2026-09-15 02:15:42.881995,1,,,888.89,1,,0.0,M_no_W_exp,,,,,,,,,,,0,0,380,220,,,,,,,,,,,,,,,,,,,1,1,"1, 8",2,0.0,0.0,0.0,0.0,0.0,0,1,0,0,0,2,310.0,220.0,0,0,0.0,0.0,150.0,75.0,75.0,200.0,Down,Up,50,50,100,50,55.8743961352657,52.10828025477707,53.29113924050633,52.90384615384615,14,9l3zlzfa,,,,,0
7,0yq0zebw,,0,587,587,FinalPage,ThankYou,2026-09-15 02:15:42.904428,1,,,833.33,2,,0.0,M_no_W_exp,,,,,,,,,,,0,0,180,300,,,,,,,,,,,,,,,,,,,1,1,"1, 8",2,0.0,0.0,0.0,0.0,0.0,0,-1,1,0,0,2,310.0,220.0,0,0,0.0,0.0,150.0,75.0,75.0,200.0,Down,Up,50,50,100,50,55.8743961352657,52.10828025477707,53.29113924050633,52.90384615384615,14,9l3zlzfa,,,,,0
8,7sfhy51b,,0,587,587,FinalPage,ThankYou,2026-09-15 02:15:42.911674,1,,,222.22,3,,0.0,M_no_W_exp,,,,,,,,,,,0,0,310,220,,,,,,,,,,,,,,,,,,,1,1,"1, 8",2,0.0,0.0,0.0,0.0,0.0,0,1,1,0,0,2,310.0,220.0,0,0,0.0,0.0,150.0,75.0,75.0,200.0,Down,Up,50,50,100,50,55.8743961352657,52.10828025477707,53.29113924050633,52.90384615384615,14,9l3zlzfa,,,,,0
9,pgjj4tqg,,0,587,587,FinalPage,ThankYou,2026-09-15 02:15:42.950755,1,,,611.11,4,,0.0,M_no_W_exp,,,,,,,,,,,0,0,310,200,,,,,,,,,,,,,,,,,,,1,1,"1, 8",2,0.0,0.0,0.0,0.0,0.0,0,0,-1,0,0,2,310.0,220.0,0,0,0.0,0.0,150.0,75.0,75.0,200.0,Down,Up,50,50,100,50,55.8743961352657,52.10828025477707,53.29113924050633,52.90384615384615,14,9l3zlzfa,,,,,0
10,z4s8evj8,,0,587,587,FinalPage,ThankYou,2026-09-15 02:15:42.968291,1,,,1055.56,5,,0.0,M_no_W_exp,,,,,,,,,,,0,0,299,215,,,,,,,,,,,,,,,,,,,1,1,"1, 8",2,0.0,0.0,0.0,0.0,0.0,0,-1,-1,0,0,2,310.0,220.0,0,0,0.0,0.0,150.0,75.0,75.0,200.0,Down,Up,50,50,100,50,55.8743961352657,52.10828025477707,53.29113924050633,52.90384615384615,14,9l3zlzfa,,,,,0
11,e8h7gvii,,0,587,587,FinalPage,ThankYou,2026-09-15 02:15:43.019580,1,,,722.22,1,,0.0,M_no_W_exp,,,,,,,,,,,0,0,510,80,,,,,,,,,,,,,,,,,,,1,1,"1, 8",2,0.0,0.0,0.0,0.0,0.0,0,-1,1,0,0,3,525.0,70.0,0,0,0.0,0.0,75.0,75.0,70.0,65.0,Down,Down,50,50,70,60,55.8743961352657,52.10828025477707,53.29113924050633,52.90384615384615,14,9l3zlzfa,,,,,0
12,yt1cbpza,,0,587,587,FinalPage,ThankYou,2026-09-15 02:15:43.042844,1,,,1277.78,2,,0.0,M_no_W_exp,,,,,,,,,,,0,0,550,50,,,,,,,,,,,,,,,,,,,1,1,"1, 8",2,0.0,0.0,0.0,0.0,0.0,0,1,-1,0,0,3,525.0,70.0,0,0,0.0,0.0,75.0,75.0,70.0,65.0,Down,Down,50,50,70,60,55.8743961352657,52.10828025477707,53.29113924050633,52.90384615384615,14,9l3zlzfa,,,,,0
13,0i38ht6y,,0,587,587,FinalPage,ThankYou,2026-09-15 02:15:43.050304,1,,,444.44,3,,0.0,M_no_W_exp,,,,,,,,,,,0,0,90,510,,,,,,,,,,,,,,,,,,,1,1,"1, 8",2,0.0,0.0,0.0,0.0,0.0,0,-1,1,0,0,3,525.0,70.0,0,0,0.0,0.0,75.0,75.0,70.0,65.0,Down,Down,50,50,70,60,55.8743961352657,52.10828025477707,53.29113924050633,52.90384615384615,14,9l3zlzfa,,,,,0
14,xyqf41ao,,0,587,587,FinalPage,ThankYou,2026-09-15 02:15:43.059770,1,,,55.56,4,,0.0,M_no_W_exp,,,,,,,,,,,0,0,525,70,,,,,,,,,,,,,,,,,,,1,1,"1, 8",2,0.0,0.0,0.0,0.0,0.0,0,0,0,0,0,3,525.0,70.0,0,0,0.0,0.0,75.0,75.0,70.0,65.0,Down,Down,50,50,70,60,55.8743961352657,52.10828025477707,53.29113924050633,52.90384615384615,14,9l3zlzfa,,,,,0
15,g9pquzkd,,0,587,587,FinalPage,ThankYou,2026-09-15 02:15:43.154158,1,,,0.0,5,,0.0,M_no_W_exp,,,,,,,,,,,0,0,570,30,,,,,,,,,,,,,,,,,,,1,1,"1, 8",2,0.0,0.0,0.0,0.0,0.0,0,1,-1,0,0,3,525.0,70.0,0,0,0.0,0.0,75.0,75.0,70.0,65.0,Down,Down,50,50,70,60,55.8743961352657,52.10828025477707,53.29113924050633,52.90384615384615,14,9l3zlzfa,,,,,0
16,7ww48hi4,,0,587,587,FinalPage,ThankYou,2026-09-15 02:15:43.242303,1,,,0.0,1,,0.0,M_no_W_exp,,,,,,,,,,,0,0,450,50,,,,,,,,,,,,,,,,,,,1,1,"1, 8",2,0.0,0.0,0.0,0.0,0.0,0,-1,1,0,0,4,510.0,20.0,0,0,0.0,0.0,50.0,50.0,75.0,72.5,Down,Down,100,100,55,50,55.8743961352657,52.10828025477707,53.29113924050633,52.90384615384615,14,9l3zlzfa,,,,,0
17,5fdw0rg1,,0,587,587,FinalPage,ThankYou,2026-09-15 02:15:43.252356,1,,,0.0,2,,0.0,M_no_W_exp,,,,,,,,,,,0,0,590,10,,,,,,,,,,,,,,,,,,,1,1,"1, 8",2,0.0,0.0,0.0,0.0,0.0,0,1,-1,0,0,4,510.0,20.0,0,0,0.0,0.0,50.0,50.0,75.0,72.5,Down,Down,100,100,55,50,55.8743961352657,52.10828025477707,53.29113924050633,52.90384615384615,14,9l3zlzfa,,,,,0
18,h7o9v437,,0,587,587,FinalPage,ThankYou,2026-09-15 02:15:43.348539,1,,,0.0,3,,0.0,M_no_W_exp,,,,,,,,,,,0,0,599,1,,,,,,,,,,,,,,,,,,,1,1,"1, 8",2,0.0,0.0,0.0,0.0,0.0,0,1,-1,0,0,4,510.0,20.0,0,0,0.0,0.0,50.0,50.0,75.0,72.5,Down,Down,100,100,55,50,55.8743961352657,52.10828025477707,53.29113924050633,52.90384615384615,14,9l3zlzfa,,,,,0
19,9mimenbo,,0,587,587,FinalPage,ThankYou,2026-09-15 02:15:43.388352,1,,,833.33,4,,0.0,M_no_W_exp,,,,,,,,,,,0,0,510,90,,,,,,,,,,,,,,,,,,,1,1,"1, 8",2,0.0,0.0,0.0,0.0,0.0,0,0,1,0,0,4,510.0,20.0,0,0,0.0,0.0,50.0,50.0,75.0,72.5,Down,Down,100,100,55,50,55.8743961352657,52.10828025477707,53.29113924050633,52.90384615384615,14,9l3zlzfa,,,,,0
20,hn8non3y,,0,587,587,FinalPage,ThankYou,2026-09-15 02:15:43.459728,1,,,1666.67,5,,0.0,M_no_W_exp,,,,,,,,,,,0,0,20,20,,,,,,,,,,,,,,,,,,,1,1,"1, 8",2,0.0,0.0,0.0,0.0,0.0,0,-1,0,0,0,4,510.0,20.0,0,0,0.0,0.0,50.0,50.0,75.0,72.5,Down,Down,100,100,55,50,55.8743961352657,52.10828025477707,53.29113924050633,52.90384615384615,14,9l3zlzfa,,,,,0
21,x06ipo6j,,0,587,587,FinalPage,ThankYou,2026-09-15 02:15:43.651142,1,,,500.0,1,,0.0,M_no_W_exp,,,,,,,,,,,0,0,246,352,,,,,,,,,,,,,,,,,,,1,1,"1, 8",2,0.0,0.0,0.0,0.0,0.0,0,1,0,0,0,5,245.0,352.0,1,1,0.0,0.0,100.0,180.0,75.0,130.0,Down,Up,0,80,50,30,55.8743961352657,52.10828025477707,53.29113924050633,52.90384615384615,14,9l3zlzfa,,,,,0
22,n9iynxtq,,0,587,587,FinalPage,ThankYou,2026-09-15 02:15:43.760292,1,,,944.44,2,,0.0,M_no_W_exp,,,,,,,,,,,0,0,244,352,,,,,,,,,,,,,,,,,,,1,1,"1, 8",2,0.0,0.0,0.0,0.0,0.0,0,-1,-1,0,0,5,245.0,352.0,1,1,0.0,0.0,100.0,180.0,75.0,130.0,Down,Up,0,80,50,30,55.8743961352657,52.10828025477707,53.29113924050633,52.90384615384615,14,9l3zlzfa,,,,,0
23,diqkyqqr,,0,587,587,FinalPage,ThankYou,2026-09-15 02:15:43.834949,1,,,1277.78,3,,0.0,M_no_W_exp,,,,,,,,,,,0,0,246,353,,,,,,,,,,,,,,,,,,,1,1,"1, 8",2,0.0,0.0,0.0,0.0,0.0,0,1,1,0,0,5,245.0,352.0,1,1,0.0,0.0,100.0,180.0,75.0,130.0,Down,Up,0,80,50,30,55.8743961352657,52.10828025477707,53.29113924050633,52.90384615384615,14,9l3zlzfa,,,,,0
24,hi0vl1bf,,0,587,587,FinalPage,ThankYou,2026-09-15 02:15:44.110312,1,,,222.22,4,,0.0,M_no_W_exp,,,,,,,,,,,0,0,245,353,,,,,,,,,,,,,,,,,,,1,1,"1, 8",2,0.0,0.0,0.0,0.0,0.0,0,0,1,0,0,5,245.0,352.0,1,1,0.0,0.0,100.0,180.0,75.0,130.0,Down,Up,0,80,50,30,55.8743961352657,52.10828025477707,53.29113924050633,52.90384615384615,14,9l3zlzfa,,,,,0
25,u3a33dgt,,0,587,587,FinalPage,ThankYou,2026-09-15 02:16:14.753308,1,,,1277.78,5,,0.0,M_no_W_exp,,,,,,,,,,,0,0,100,180,,,,,,,,,,,,,,,,,,,1,1,"1, 8",2,0.0,0.0,0.0,0.0,0.0,0,-1,-1,0,0,5,245.0,352.0,1,1,0.0,0.0,100.0,180.0,75.0,130.0,Down,Up,0,80,50,30,55.8743961352657,52.10828025477707,53.29113924050633,52.90384615384615,14,9l3zlzfa,,,,,0
1,u4sl54xk,,0,587,587,FinalPage,ThankYou,2026-09-15 02:15:41.791289,1,,,500.0,1,,0.0,M_no_W_exp,,,,,,,,,,,0,0,104,196,,,,,,,,,,,,,,,,,,,1,1,"1, 8",2,0.0,0.0,0.0,0.0,0.0,0,-1,-1,0,0,1,104.0,200.0,0,1,0.0,0.0,50.0,50.0,82.5,68.0,Down,Down,100,100,35,64,55.8743961352657,52.10828025477707,53.29113924050633,52.90384615384615,15,9l3zlzfa,,,,,0
2,q2jobopa,,0,587,587,FinalPage,ThankYou,2026-09-15 02:15:41.867553,1,,,222.22,2,,0.0,M_no_W_exp,,,,,,,,,,,0,0,104,200,,,,,,,,,,,,,,,,,,,1,1,"1, 8",2,0.0,0.0,0.0,0.0,0.0,0,1,0,0,0,1,104.0,200.0,0,1,0.0,0.0,50.0,50.0,82.5,68.0,Down,Down,100,100,35,64,55.8743961352657,52.10828025477707,53.29113924050633,52.90384615384615,15,9l3zlzfa,,,,,0
3,9xg7erl3,,0,587,587,FinalPage,ThankYou,2026-09-15 02:15:42.002021,1,,,611.11,3,,0.0,M_no_W_exp,,,,,,,,,,,0,0,102,201,,,,,,,,,,,,,,,,,,,1,1,"1, 8",2,0.0,0.0,0.0,0.0,0.0,0,-1,1,0,0,1,104.0,200.0,0,1,0.0,0.0,50.0,50.0,82.5,68.0,Down,Down,100,100,35,64,55.8743961352657,52.10828025477707,53.29113924050633,52.90384615384615,15,9l3zlzfa,,,,,0
4,ixl976y0,,0,587,587,FinalPage,ThankYou,2026-09-15 02:15:42.268005,1,,,722.22,4,,0.0,M_no_W_exp,,,,,,,,,,,0,0,104,200,,,,,,,,,,,,,,,,,,,1,1,"1, 8",2,0.0,0.0,0.0,0.0,0.0,0,1,1,0,0,1,104.0,200.0,0,1,0.0,0.0,50.0,50.0,82.5,68.0,Down,Down,100,100,35,64,55.8743961352657,52.10828025477707,53.29113924050633,52.90384615384615,15,9l3zlzfa,,,,,0
5,nqlqeq8n,,0,587,587,FinalPage,ThankYou,2026-09-15 02:15:42.844534,1,,,333.33,5,,0.0,M_no_W_exp,,,,,,,,,,,0,0,104,199,,,,,,,,,,,,,,,,,,,1,1,"1, 8",2,0.0,0.0,0.0,0.0,0.0,0,0,-1,0,0,1,104.0,200.0,0,1,0.0,0.0,50.0,50.0,82.5,68.0,Down,Down,100,100,35,64,55.8743961352657,52.10828025477707,53.29113924050633,52.90384615384615,15,9l3zlzfa,,,,,0
6,d10dwe1h,,0,587,587,FinalPage,ThankYou,2026-09-15 02:15:42.881995,1,,,888.89,1,,0.0,M_no_W_exp,,,,,,,,,,,0,0,350,250,,,,,,,,,,,,,,,,,,,1,1,"1, 8",2,0.0,0.0,0.0,0.0,0.0,0,1,1,0,0,2,330.0,215.0,0,0,0.0,0.0,150.0,75.0,75.0,200.0,Down,Up,50,50,100,50,55.8743961352657,52.10828025477707,53.29113924050633,52.90384615384615,15,9l3zlzfa,,,,,0
7,0yq0zebw,,0,587,587,FinalPage,ThankYou,2026-09-15 02:15:42.904428,1,,,833.33,2,,0.0,M_no_W_exp,,,,,,,,,,,0,0,300,180,,,,,,,,,,,,,,,,,,,1,1,"1, 8",2,0.0,0.0,0.0,0.0,0.0,0,-1,-1,0,0,2,330.0,215.0,0,0,0.0,0.0,150.0,75.0,75.0,200.0,Down,Up,50,50,100,50,55.8743961352657,52.10828025477707,53.29113924050633,52.90384615384615,15,9l3zlzfa,,,,,0
8,7sfhy51b,,0,587,587,FinalPage,ThankYou,2026-09-15 02:15:42.911674,1,,,222.22,3,,0.0,M_no_W_exp,,,,,,,,,,,0,0,330,225,,,,,,,,,,,,,,,,,,,1,1,"1, 8",2,0.0,0.0,0.0,0.0,0.0,0,0,1,0,0,2,330.0,215.0,0,0,0.0,0.0,150.0,75.0,75.0,200.0,Down,Up,50,50,100,50,55.8743961352657,52.10828025477707,53.29113924050633,52.90384615384615,15,9l3zlzfa,,,,,0
9,pgjj4tqg,,0,587,587,FinalPage,ThankYou,2026-09-15 02:15:42.950755,1,,,611.11,4,,0.0,M_no_W_exp,,,,,,,,,,,0,0,330,200,,,,,,,,,,,,,,,,,,,1,1,"1, 8",2,0.0,0.0,0.0,0.0,0.0,0,1,-1,0,0,2,330.0,215.0,0,0,0.0,0.0,150.0,75.0,75.0,200.0,Down,Up,50,50,100,50,55.8743961352657,52.10828025477707,53.29113924050633,52.90384615384615,15,9l3zlzfa,,,,,0
10,z4s8evj8,,0,587,587,FinalPage,ThankYou,2026-09-15 02:15:42.968291,1,,,1055.56,5,,0.0,M_no_W_exp,,,,,,,,,,,0,0,300,215,,,,,,,,,,,,,,,,,,,1,1,"1, 8",2,0.0,0.0,0.0,0.0,0.0,0,-1,0,0,0,2,330.0,215.0,0,0,0.0,0.0,150.0,75.0,75.0,200.0,Down,Up,50,50,100,50,55.8743961352657,52.10828025477707,53.29113924050633,52.90384615384615,15,9l3zlzfa,,,,,0
11,e8h7gvii,,0,587,587,FinalPage,ThankYou,2026-09-15 02:15:43.019580,1,,,722.22,1,,0.0,M_no_W_exp,,,,,,,,,,,0,0,10,100,,,,,,,,,,,,,,,,,,,1,1,"1, 8",2,0.0,0.0,0.0,0.0,0.0,0,-1,1,0,0,3,530.0,70.0,0,0,0.0,0.0,75.0,75.0,70.0,65.0,Down,Down,50,50,70,60,55.8743961352657,52.10828025477707,53.29113924050633,52.90384615384615,15,9l3zlzfa,,,,,0
12,yt1cbpza,,0,587,587,FinalPage,ThankYou,2026-09-15 02:15:43.042844,1,,,1277.78,2,,0.0,M_no_W_exp,,,,,,,,,,,0,0,550,50,,,,,,,,,,,,,,,,,,,1,1,"1, 8",2,0.0,0.0,0.0,0.0,0.0,0,1,-1,0,0,3,530.0,70.0,0,0,0.0,0.0,75.0,75.0,70.0,65.0,Down,Down,50,50,70,60,55.8743961352657,52.10828025477707,53.29113924050633,52.90384615384615,15,9l3zlzfa,,,,,0
13,0i38ht6y,,0,587,587,FinalPage,ThankYou,2026-09-15 02:15:43.050304,1,,,444.44,3,,0.0,M_no_W_exp,,,,,,,,,,,0,0,570,30,,,,,,,,,,,,,,,,,,,1,1,"1, 8",2,0.0,0.0,0.0,0.0,0.0,0,1,-1,0,0,3,530.0,70.0,0,0,0.0,0.0,75.0,75.0,70.0,65.0,Down,Down,50,50,70,60,55.8743961352657,52.10828025477707,53.29113924050633,52.90384615384615,15,9l3zlzfa,,,,,0
14,xyqf41ao,,0,587,587,FinalPage,ThankYou,2026-09-15 02:15:43.059770,1,,,55.56,4,,0.0,M_no_W_exp,,,,,,,,,,,0,0,530,70,,,,,,,,,,,,,,,,,,,1,1,"1, 8",2,0.0,0.0,0.0,0.0,0.0,0,0,0,0,0,3,530.0,70.0,0,0,0.0,0.0,75.0,75.0,70.0,65.0,Down,Down,50,50,70,60,55.8743961352657,52.10828025477707,53.29113924050633,52.90384615384615,15,9l3zlzfa,,,,,0
15,g9pquzkd,,0,587,587,FinalPage,ThankYou,2026-09-15 02:15:43.154158,1,,,0.0,5,,0.0,M_no_W_exp,,,,,,,,,,,0,0,498,102,,,,,,,,,,,,,,,,,,,1,1,"1, 8",2,0.0,0.0,0.0,0.0,0.0,0,-1,1,0,0,3,530.0,70.0,0,0,0.0,0.0,75.0,75.0,70.0,65.0,Down,Down,50,50,70,60,55.8743961352657,52.10828025477707,53.29113924050633,52.90384615384615,15,9l3zlzfa,,,,,0
16,7ww48hi4,,0,587,587,FinalPage,ThankYou,2026-09-15 02:15:43.242303,1,,,0.0,1,,0.0,M_no_W_exp,,,,,,,,,,,0,0,480,60,,,,,,,,,,,,,,,,,,,1,1,"1, 8",2,0.0,0.0,0.0,0.0,0.0,0,-1,1,0,0,4,520.0,25.0,0,0,0.0,0.0,50.0,50.0,75.0,72.5,Down,Down,100,100,55,50,55.8743961352657,52.10828025477707,53.29113924050633,52.90384615384615,15,9l3zlzfa,,,,,0
17,5fdw0rg1,,0,587,587,FinalPage,ThankYou,2026-09-15 02:15:43.252356,1,,,0.0,2,,0.0,M_no_W_exp,,,,,,,,,,,0,0,520,80,,,,,,,,,,,,,,,,,,,1,1,"1, 8",2,0.0,0.0,0.0,0.0,0.0,0,1,1,0,0,4,520.0,25.0,0,0,0.0,0.0,50.0,50.0,75.0,72.5,Down,Down,100,100,55,50,55.8743961352657,52.10828025477707,53.29113924050633,52.90384615384615,15,9l3zlzfa,,,,,0
18,h7o9v437,,0,587,587,FinalPage,ThankYou,2026-09-15 02:15:43.348539,1,,,0.0,3,,0.0,M_no_W_exp,,,,,,,,,,,0,0,599,1,,,,,,,,,,,,,,,,,,,1,1,"1, 8",2,0.0,0.0,0.0,0.0,0.0,0,1,-1,0,0,4,520.0,25.0,0,0,0.0,0.0,50.0,50.0,75.0,72.5,Down,Down,100,100,55,50,55.8743961352657,52.10828025477707,53.29113924050633,52.90384615384615,15,9l3zlzfa,,,,,0
19,9mimenbo,,0,587,587,FinalPage,ThankYou,2026-09-15 02:15:43.388352,1,,,833.33,4,,0.0,M_no_W_exp,,,,,,,,,,,0,0,520,20,,,,,,,,,,,,,,,,,,,1,1,"1, 8",2,0.0,0.0,0.0,0.0,0.0,0,0,-1,0,0,4,520.0,25.0,0,0,0.0,0.0,50.0,50.0,75.0,72.5,Down,Down,100,100,55,50,55.8743961352657,52.10828025477707,53.29113924050633,52.90384615384615,15,9l3zlzfa,,,,,0
20,hn8non3y,,0,587,587,FinalPage,ThankYou,2026-09-15 02:15:43.459728,1,,,1666.67,5,,0.0,M_no_W_exp,,,,,,,,,,,0,0,10,25,,,,,,,,,,,,,,,,,,,1,1,"1, 8",2,0.0,0.0,0.0,0.0,0.0,0,-1,0,0,0,4,520.0,25.0,0,0,0.0,0.0,50.0,50.0,75.0,72.5,Down,Down,100,100,55,50,55.8743961352657,52.10828025477707,53.29113924050633,52.90384615384615,15,9l3zlzfa,,,,,0
21,x06ipo6j,,0,587,587,FinalPage,ThankYou,2026-09-15 02:15:43.651142,1,,,500.0,1,,0.0,M_no_W_exp,,,,,,,,,,,0,0,244,353,,,,,,,,,,,,,,,,,,,1,1,"1, 8",2,0.0,0.0,0.0,0.0,0.0,0,0,1,0,0,5,244.0,352.0,1,1,0.0,0.0,100.0,180.0,75.0,130.0,Down,Up,0,80,50,30,55.8743961352657,52.10828025477707,53.29113924050633,52.90384615384615,15,9l3zlzfa,,,,,0
22,n9iynxtq,,0,587,587,FinalPage,ThankYou,2026-09-15 02:15:43.760292,1,,,944.44,2,,0.0,M_no_W_exp,,,,,,,,,,,0,0,245,352,,,,,,,,,,,,,,,,,,,1,1,"1, 8",2,0.0,0.0,0.0,0.0,0.0,0,1,0,0,0,5,244.0,352.0,1,1,0.0,0.0,100.0,180.0,75.0,130.0,Down,Up,0,80,50,30,55.8743961352657,52.10828025477707,53.29113924050633,52.90384615384615,15,9l3zlzfa,,,,,0
23,diqkyqqr,,0,587,587,FinalPage,ThankYou,2026-09-15 02:15:43.834949,1,,,1277.78,3,,0.0,M_no_W_exp,,,,,,,,,,,0,0,1,1,,,,,,,,,,,,,,,,,,,1,1,"1, 8",2,0.0,0.0,0.0,0.0,0.0,0,-1,-1,0,0,5,244.0,352.0,1,1,0.0,0.0,100.0,180.0,75.0,130.0,Down,Up,0,80,50,30,55.8743961352657,52.10828025477707,53.29113924050633,52.90384615384615,15,9l3zlzfa,,,,,0
24,hi0vl1bf,,0,587,587,FinalPage,ThankYou,2026-09-15 02:15:44.110312,1,,,222.22,4,,0.0,M_no_W_exp,,,,,,,,,,,0,0,246,353,,,,,,,,,,,,,,,,,,,1,1,"1, 8",2,0.0,0.0,0.0,0.0,0.0,0,1,1,0,0,5,244.0,352.0,1,1,0.0,0.0,100.0,180.0,75.0,130.0,Down,Up,0,80,50,30,55.8743961352657,52.10828025477707,53.29113924050633,52.90384615384615,15,9l3zlzfa,,,,,0
25,u3a33dgt,,0,587,587,FinalPage,ThankYou,2026-09-15 02:16:14.753308,1,,,1277.78,5,,0.0,M_no_W_exp,,,,,,,,,,,0,0,100,180,,,,,,,,,,,,,,,,,,,1,1,"1, 8",2,0.0,0.0,0.0,0.0,0.0,0,-1,-1,0,0,5,244.0,352.0,1,1,0.0,0.0,100.0,180.0,75.0,130.0,Down,Up,0,80,50,30,55.8743961352657,52.10828025477707,53.29113924050633,52.90384615384615,15,9l3zlzfa,,,,,0
1,u4sl54xk,,0,587,587,FinalPage,ThankYou,2026-09-15 02:15:41.791289,1,,,500.0,1,,0.0,M_no_W_exp,,,,,,,,,,,0,0,110,210,,,,,,,,,,,,,,,,,,,1,1,"1, 8",2,0.0,0.0,0.0,0.0,0.0,0,1,1,0,0,1,106.0,200.0,0,1,0.0,0.0,50.0,50.0,82.5,68.0,Down,Down,100,100,35,64,55.8743961352657,52.10828025477707,53.29113924050633,52.90384615384615,16,9l3zlzfa,,,,,0
2,q2jobopa,,0,587,587,FinalPage,ThankYou,2026-09-15 02:15:41.867553,1,,,222.22,2,,0.0,M_no_W_exp,,,,,,,,,,,0,0,106,200,,,,,,,,,,,,,,,,,,,1,1,"1, 8",2,0.0,0.0,0.0,0.0,0.0,0,0,0,0,0,1,106.0,200.0,0,1,0.0,0.0,50.0,50.0,82.5,68.0,Down,Down,100,100,35,64,55.8743961352657,52.10828025477707,53.29113924050633,52.90384615384615,16,9l3zlzfa,,,,,0
3,9xg7erl3,,0,587,587,FinalPage,ThankYou,2026-09-15 02:15:42.002021,1,,,611.11,3,,0.0,M_no_W_exp,,,,,,,,,,,0,0,103,201,,,,,,,,,,,,,,,,,,,1,1,"1, 8",2,0.0,0.0,0.0,0.0,0.0,0,-1,1,0,0,1,106.0,200.0,0,1,0.0,0.0,50.0,50.0,82.5,68.0,Down,Down,100,100,35,64,55.8743961352657,52.10828025477707,53.29113924050633,52.90384615384615,16,9l3zlzfa,,,,,0
4,ixl976y0,,0,587,587,FinalPage,ThankYou,2026-09-15 02:15:42.268005,1,,,722.22,4,,0.0,M_no_W_exp,,,,,,,,,,,0,0,105,199,,,,,,,,,,,,,,,,,,,1,1,"1, 8",2,0.0,0.0,0.0,0.0,0.0,0,-1,-1,0,0,1,106.0,200.0,0,1,0.0,0.0,50.0,50.0,82.5,68.0,Down,Down,100,100,35,64,55.8743961352657,52.10828025477707,53.29113924050633,52.90384615384615,16,9l3zlzfa,,,,,0
5,nqlqeq8n,,0,587,587,FinalPage,ThankYou,2026-09-15 02:15:42.844534,1,,,333.33,5,,0.0,M_no_W_exp,,,,,,,,,,,0,0,106,199,,,,,,,,,,,,,,,,,,,1,1,"1, 8",2,0.0,0.0,0.0,0.0,0.0,0,1,-1,0,0,1,106.0,200.0,0,1,0.0,0.0,50.0,50.0,82.5,68.0,Down,Down,100,100,35,64,55.8743961352657,52.10828025477707,53.29113924050633,52.90384615384615,16,9l3zlzfa,,,,,0
6,d10dwe1h,,0,587,587,FinalPage,ThankYou,2026-09-15 02:15:42.881995,1,,,888.89,1,,0.0,M_no_W_exp,,,,,,,,,,,0,0,350,250,,,,,,,,,,,,,,,,,,,1,1,"1, 8",2,0.0,0.0,0.0,0.0,0.0,0,1,1,0,0,2,340.0,220.0,0,0,0.0,0.0,150.0,75.0,75.0,200.0,Down,Up,50,50,100,50,55.8743961352657,52.10828025477707,53.29113924050633,52.90384615384615,16,9l3zlzfa,,,,,0
7,0yq0zebw,,0,587,587,FinalPage,ThankYou,2026-09-15 02:15:42.904428,1,,,833.33,2,,0.0,M_no_W_exp,,,,,,,,,,,0,0,340,222,,,,,,,,,,,,,,,,,,,1,1,"1, 8",2,0.0,0.0,0.0,0.0,0.0,0,0,1,0,0,2,340.0,220.0,0,0,0.0,0.0,150.0,75.0,75.0,200.0,Down,Up,50,50,100,50,55.8743961352657,52.10828025477707,53.29113924050633,52.90384615384615,16,9l3zlzfa,,,,,0
8,7sfhy51b,,0,587,587,FinalPage,ThankYou,2026-09-15 02:15:42.911674,1,,,222.22,3,,0.0,M_no_W_exp,,,,,,,,,,,0,0,345,205,,,,,,,,,,,,,,,,,,,1,1,"1, 8",2,0.0,0.0,0.0,0.0,0.0,0,1,-1,0,0,2,340.0,220.0,0,0,0.0,0.0,150.0,75.0,75.0,200.0,Down,Up,50,50,100,50,55.8743961352657,52.10828025477707,53.29113924050633,52.90384615384615,16,9l3zlzfa,,,,,0
9,pgjj4tqg,,0,587,587,FinalPage,ThankYou,2026-09-15 02:15:42.950755,1,,,611.11,4,,0.0,M_no_W_exp,,,,,,,,,,,0,0,340,210,,,,,,,,,,,,,,,,,,,1,1,"1, 8",2,0.0,0.0,0.0,0.0,0.0,0,-1,-1,0,0,2,340.0,220.0,0,0,0.0,0.0,150.0,75.0,75.0,200.0,Down,Up,50,50,100,50,55.8743961352657,52.10828025477707,53.29113924050633,52.90384615384615,16,9l3zlzfa,,,,,0
10,z4s8evj8,,0,587,587,FinalPage,ThankYou,2026-09-15 02:15:42.968291,1,,,1055.56,5,,0.0,M_no_W_exp,,,,,,,,,,,0,0,305,220,,,,,,,,,,,,,,,,,,,1,1,"1, 8",2,0.0,0.0,0.0,0.0,0.0,0,-1,0,0,0,2,340.0,220.0,0,0,0.0,0.0,150.0,75.0,75.0,200.0,Down,Up,50,50,100,50,55.8743961352657,52.10828025477707,53.29113924050633,52.90384615384615,16,9l3zlzfa,,,,,0
11,e8h7gvii,,0,587,587,FinalPage,ThankYou,2026-09-15 02:15:43.019580,1,,,722.22,1,,0.0,M_no_W_exp,,,,,,,,,,,0,0,550,1,,,,,,,,,,,,,,,,,,,1,1,"1, 8",2,0.0,0.0,0.0,0.0,0.0,0,1,-1,0,0,3,540.0,60.0,0,0,0.0,0.0,75.0,75.0,70.0,65.0,Down,Down,50,50,70,60,55.8743961352657,52.10828025477707,53.29113924050633,52.90384615384615,16,9l3zlzfa,,,,,0
12,yt1cbpza,,0,587,587,FinalPage,ThankYou,2026-09-15 02:15:43.042844,1,,,1277.78,2,,0.0,M_no_W_exp,,,,,,,,,,,0,0,550,50,,,,,,,,,,,,,,,,,,,1,1,"1, 8",2,0.0,0.0,0.0,0.0,0.0,0,1,-1,0,0,3,540.0,60.0,0,0,0.0,0.0,75.0,75.0,70.0,65.0,Down,Down,50,50,70,60,55.8743961352657,52.10828025477707,53.29113924050633,52.90384615384615,16,9l3zlzfa,,,,,0
13,0i38ht6y,,0,587,587,FinalPage,ThankYou,2026-09-15 02:15:43.050304,1,,,444.44,3,,0.0,M_no_W_exp,,,,,,,,,,,0,0,540,60,,,,,,,,,,,,,,,,,,,1,1,"1, 8",2,0.0,0.0,0.0,0.0,0.0,0,0,0,0,0,3,540.0,60.0,0,0,0.0,0.0,75.0,75.0,70.0,65.0,Down,Down,50,50,70,60,55.8743961352657,52.10828025477707,53.29113924050633,52.90384615384615,16,9l3zlzfa,,,,,0
14,xyqf41ao,,0,587,587,FinalPage,ThankYou,2026-09-15 02:15:43.059770,1,,,55.56,4,,0.0,M_no_W_exp,,,,,,,,,,,0,0,450,150,,,,,,,,,,,,,,,,,,,1,1,"1, 8",2,0.0,0.0,0.0,0.0,0.0,0,-1,1,0,0,3,540.0,60.0,0,0,0.0,0.0,75.0,75.0,70.0,65.0,Down,Down,50,50,70,60,55.8743961352657,52.10828025477707,53.29113924050633,52.90384615384615,16,9l3zlzfa,,,,,0
15,g9pquzkd,,0,587,587,FinalPage,ThankYou,2026-09-15 02:15:43.154158,1,,,0.0,5,,0.0,M_no_W_exp,,,,,,,,,,,0,0,522,78,,,,,,,,,,,,,,,,,,,1,1,"1, 8",2,0.0,0.0,0.0,0.0,0.0,0,-1,1,0,0,3,540.0,60.0,0,0,0.0,0.0,75.0,75.0,70.0,65.0,Down,Down,50,50,70,60,55.8743961352657,52.10828025477707,53.29113924050633,52.90384615384615,16,9l3zlzfa,,,,,0
16,7ww48hi4,,0,587,587,FinalPage,ThankYou,2026-09-15 02:15:43.242303,1,,,0.0,1,,0.0,M_no_W_exp,,,,,,,,,,,0,0,560,40,,,,,,,,,,,,,,,,,,,1,1,"1, 8",2,0.0,0.0,0.0,0.0,0.0,0,1,1,0,0,4,535.0,30.0,0,0,0.0,0.0,50.0,50.0,75.0,72.5,Down,Down,100,100,55,50,55.8743961352657,52.10828025477707,53.29113924050633,52.90384615384615,16,9l3zlzfa,,,,,0
17,5fdw0rg1,,0,587,587,FinalPage,ThankYou,2026-09-15 02:15:43.252356,1,,,0.0,2,,0.0,M_no_W_exp,,,,,,,,,,,0,0,530,70,,,,,,,,,,,,,,,,,,,1,1,"1, 8",2,0.0,0.0,0.0,0.0,0.0,0,-1,1,0,0,4,535.0,30.0,0,0,0.0,0.0,50.0,50.0,75.0,72.5,Down,Down,100,100,55,50,55.8743961352657,52.10828025477707,53.29113924050633,52.90384615384615,16,9l3zlzfa,,,,,0
18,h7o9v437,,0,587,587,FinalPage,ThankYou,2026-09-15 02:15:43.348539,1,,,0.0,3,,0.0,M_no_W_exp,,,,,,,,,,,0,0,599,1,,,,,,,,,,,,,,,,,,,1,1,"1, 8",2,0.0,0.0,0.0,0.0,0.0,0,1,-1,0,0,4,535.0,30.0,0,0,0.0,0.0,50.0,50.0,75.0,72.5,Down,Down,100,100,55,50,55.8743961352657,52.10828025477707,53.29113924050633,52.90384615384615,16,9l3zlzfa,,,,,0
19,9mimenbo,,0,587,587,FinalPage,ThankYou,2026-09-15 02:15:43.388352,1,,,833.33,4,,0.0,M_no_W_exp,,,,,,,,,,,0,0,535,30,,,,,,,,,,,,,,,,,,,1,1,"1, 8",2,0.0,0.0,0.0,0.0,0.0,0,0,0,0,0,4,535.0,30.0,0,0,0.0,0.0,50.0,50.0,75.0,72.5,Down,Down,100,100,55,50,55.8743961352657,52.10828025477707,53.29113924050633,52.90384615384615,16,9l3zlzfa,,,,,0
20,hn8non3y,,0,587,587,FinalPage,ThankYou,2026-09-15 02:15:43.459728,1,,,1666.67,5,,0.0,M_no_W_exp,,,,,,,,,,,0,0,5,20,,,,,,,,,,,,,,,,,,,1,1,"1, 8",2,0.0,0.0,0.0,0.0,0.0,0,-1,-1,0,0,4,535.0,30.0,0,0,0.0,0.0,50.0,50.0,75.0,72.5,Down,Down,100,100,55,50,55.8743961352657,52.10828025477707,53.29113924050633,52.90384615384615,16,9l3zlzfa,,,,,0
21,x06ipo6j,,0,587,587,FinalPage,ThankYou,2026-09-15 02:15:43.651142,1,,,500.0,1,,0.0,M_no_W_exp,,,,,,,,,,,0,0,245,353,,,,,,,,,,,,,,,,,,,1,1,"1, 8",2,0.0,0.0,0.0,0.0,0.0,0,0,1,0,0,5,245.0,353.0,1,1,0.0,0.0,100.0,180.0,75.0,130.0,Down,Up,0,80,50,30,55.8743961352657,52.10828025477707,53.29113924050633,52.90384615384615,16,9l3zlzfa,,,,,0
22,n9iynxtq,,0,587,587,FinalPage,ThankYou,2026-09-15 02:15:43.760292,1,,,944.44,2,,0.0,M_no_W_exp,,,,,,,,,,,0,0,244,352,,,,,,,,,,,,,,,,,,,1,1,"1, 8",2,0.0,0.0,0.0,0.0,0.0,0,-1,-1,0,0,5,245.0,353.0,1,1,0.0,0.0,100.0,180.0,75.0,130.0,Down,Up,0,80,50,30,55.8743961352657,52.10828025477707,53.29113924050633,52.90384615384615,16,9l3zlzfa,,,,,0
23,diqkyqqr,,0,587,587,FinalPage,ThankYou,2026-09-15 02:15:43.834949,1,,,1277.78,3,,0.0,M_no_W_exp,,,,,,,,,,,0,0,246,354,,,,,,,,,,,,,,,,,,,1,1,"1, 8",2,0.0,0.0,0.0,0.0,0.0,0,1,1,0,0,5,245.0,353.0,1,1,0.0,0.0,100.0,180.0,75.0,130.0,Down,Up,0,80,50,30,55.8743961352657,52.10828025477707,53.29113924050633,52.90384615384615,16,9l3zlzfa,,,,,0
24,hi0vl1bf,,0,587,587,FinalPage,ThankYou,2026-09-15 02:15:44.110312,1,,,222.22,4,,0.0,M_no_W_exp,,,,,,,,,,,0,0,246,353,,,,,,,,,,,,,,,,,,,1,1,"1, 8",2,0.0,0.0,0.0,0.0,0.0,0,1,0,0,0,5,245.0,353.0,1,1,0.0,0.0,100.0,180.0,75.0,130.0,Down,Up,0,80,50,30,55.8743961352657,52.10828025477707,53.29113924050633,52.90384615384615,16,9l3zlzfa,,,,,0
25,u3a33dgt,,0,587,587,FinalPage,ThankYou,2026-09-15 02:16:14.753308,1,,,1277.78,5,,0.0,M_no_W_exp,,,,,,,,,,,0,0,100,180,,,,,,,,,,,,,,,,,,,1,1,"1, 8",2,0.0,0.0,0.0,0.0,0.0,0,-1,-1,0,0,5,245.0,353.0,1,1,0.0,0.0,100.0,180.0,75.0,130.0,Down,Up,0,80,50,30,55.8743961352657,52.10828025477707,53.29113924050633,52.90384615384615,16,9l3zlzfa,,,,,0
1,u4sl54xk,,0,587,587,FinalPage,ThankYou,2026-09-15 02:15:41.791289,1,,,500.0,1,,0.0,M_no_W_exp,,,,,,,,,,,0,0,100,200,,,,,,,,,,,,,,,,,,,1,1,"1, 8",2,0.0,0.0,0.0,0.0,0.0,0,-1,1,0,0,1,107.0,200.0,0,1,0.0,0.0,50.0,50.0,82.5,68.0,Down,Down,100,100,35,64,55.8743961352657,52.10828025477707,53.29113924050633,52.90384615384615,17,9l3zlzfa,,,,,0
2,q2jobopa,,0,587,587,FinalPage,ThankYou,2026-09-15 02:15:41.867553,1,,,222.22,2,,0.0,M_no_W_exp,,,,,,,,,,,0,0,110,201,,,,,,,,,,,,,,,,,,,1,1,"1, 8",2,0.0,0.0,0.0,0.0,0.0,0,1,1,0,0,1,107.0,200.0,0,1,0.0,0.0,50.0,50.0,82.5,68.0,Down,Down,100,100,35,64,55.8743961352657,52.10828025477707,53.29113924050633,52.90384615384615,17,9l3zlzfa,,,,,0
3,9xg7erl3,,0,587,587,FinalPage,ThankYou,2026-09-15 02:15:42.002021,1,,,611.11,3,,0.0,M_no_W_exp,,,,,,,,,,,0,0,107,199,,,,,,,,,,,,,,,,,,,1,1,"1, 8",2,0.0,0.0,0.0,0.0,0.0,0,0,-1,0,0,1,107.0,200.0,0,1,0.0,0.0,50.0,50.0,82.5,68.0,Down,Down,100,100,35,64,55.8743961352657,52.10828025477707,53.29113924050633,52.90384615384615,17,9l3zlzfa,,,,,0
4,ixl976y0,,0,587,587,FinalPage,ThankYou,2026-09-15 02:15:42.268005,1,,,722.22,4,,0.0,M_no_W_exp,,,,,,,,,,,0,0,106,200,,,,,,,,,,,,,,,,,,,1,1,"1, 8",2,0.0,0.0,0.0,0.0,0.0,0,-1,0,0,0,1,107.0,200.0,0,1,0.0,0.0,50.0,50.0,82.5,68.0,Down,Down,100,100,35,64,55.8743961352657,52.10828025477707,53.29113924050633,52.90384615384615,17,9l3zlzfa,,,,,0
5,nqlqeq8n,,0,587,587,FinalPage,ThankYou,2026-09-15 02:15:42.844534,1,,,333.33,5,,0.0,M_no_W_exp,,,,,,,,,,,0,0,110,199,,,,,,,,,,,,,,,,,,,1,1,"1, 8",2,0.0,0.0,0.0,0.0,0.0,0,1,-1,0,0,1,107.0,200.0,0,1,0.0,0.0,50.0,50.0,82.5,68.0,Down,Down,100,100,35,64,55.8743961352657,52.10828025477707,53.29113924050633,52.90384615384615,17,9l3zlzfa,,,,,0
6,d10dwe1h,,0,587,587,FinalPage,ThankYou,2026-09-15 02:15:42.881995,1,,,888.89,1,,0.0,M_no_W_exp,,,,,,,,,,,0,0,360,240,,,,,,,,,,,,,,,,,,,1,1,"1, 8",2,0.0,0.0,0.0,0.0,0.0,0,1,1,0,0,2,350.0,230.0,0,0,0.0,0.0,150.0,75.0,75.0,200.0,Down,Up,50,50,100,50,55.8743961352657,52.10828025477707,53.29113924050633,52.90384615384615,17,9l3zlzfa,,,,,0
7,0yq0zebw,,0,587,587,FinalPage,ThankYou,2026-09-15 02:15:42.904428,1,,,833.33,2,,0.0,M_no_W_exp,,,,,,,,,,,0,0,350,230,,,,,,,,,,,,,,,,,,,1,1,"1, 8",2,0.0,0.0,0.0,0.0,0.0,0,0,0,0,0,2,350.0,230.0,0,0,0.0,0.0,150.0,75.0,75.0,200.0,Down,Up,50,50,100,50,55.8743961352657,52.10828025477707,53.29113924050633,52.90384615384615,17,9l3zlzfa,,,,,0
8,7sfhy51b,,0,587,587,FinalPage,ThankYou,2026-09-15 02:15:42.911674,1,,,222.22,3,,0.0,M_no_W_exp,,,,,,,,,,,0,0,350,245,,,,,,,,,,,,,,,,,,,1,1,"1, 8",2,0.0,0.0,0.0,0.0,0.0,0,-1,1,0,0,2,350.0,230.0,0,0,0.0,0.0,150.0,75.0,75.0,200.0,Down,Up,50,50,100,50,55.8743961352657,52.10828025477707,53.29113924050633,52.90384615384615,17,9l3zlzfa,,,,,0
9,pgjj4tqg,,0,587,587,FinalPage,ThankYou,2026-09-15 02:15:42.950755,1,,,611.11,4,,0.0,M_no_W_exp,,,,,,,,,,,0,0,355,220,,,,,,,,,,,,,,,,,,,1,1,"1, 8",2,0.0,0.0,0.0,0.0,0.0,0,1,-1,0,0,2,350.0,230.0,0,0,0.0,0.0,150.0,75.0,75.0,200.0,Down,Up,50,50,100,50,55.8743961352657,52.10828025477707,53.29113924050633,52.90384615384615,17,9l3zlzfa,,,,,0
10,z4s8evj8,,0,587,587,FinalPage,ThankYou,2026-09-15 02:15:42.968291,1,,,1055.56,5,,0.0,M_no_W_exp,,,,,,,,,,,0,0,320,220,,,,,,,,,,,,,,,,,,,1,1,"1, 8",2,0.0,0.0,0.0,0.0,0.0,0,-1,-1,0,0,2,350.0,230.0,0,0,0.0,0.0,150.0,75.0,75.0,200.0,Down,Up,50,50,100,50,55.8743961352657,52.10828025477707,53.29113924050633,52.90384615384615,17,9l3zlzfa,,,,,0
11,e8h7gvii,,0,587,587,FinalPage,ThankYou,2026-09-15 02:15:43.019580,1,,,722.22,1,,0.0,M_no_W_exp,,,,,,,,,,,0,0,1,100,,,,,,,,,,,,,,,,,,,1,1,"1, 8",2,0.0,0.0,0.0,0.0,0.0,0,-1,1,0,0,3,540.0,60.0,0,0,0.0,0.0,75.0,75.0,70.0,65.0,Down,Down,50,50,70,60,55.8743961352657,52.10828025477707,53.29113924050633,52.90384615384615,17,9l3zlzfa,,,,,0
12,yt1cbpza,,0,587,587,FinalPage,ThankYou,2026-09-15 02:15:43.042844,1,,,1277.78,2,,0.0,M_no_W_exp,,,,,,,,,,,0,0,550,50,,,,,,,,,,,,,,,,,,,1,1,"1, 8",2,0.0,0.0,0.0,0.0,0.0,0,1,-1,0,0,3,540.0,60.0,0,0,0.0,0.0,75.0,75.0,70.0,65.0,Down,Down,50,50,70,60,55.8743961352657,52.10828025477707,53.29113924050633,52.90384615384615,17,9l3zlzfa,,,,,0
13,0i38ht6y,,0,587,587,FinalPage,ThankYou,2026-09-15 02:15:43.050304,1,,,444.44,3,,0.0,M_no_W_exp,,,,,,,,,,,0,0,540,60,,,,,,,,,,,,,,,,,,,1,1,"1, 8",2,0.0,0.0,0.0,0.0,0.0,0,0,0,0,0,3,540.0,60.0,0,0,0.0,0.0,75.0,75.0,70.0,65.0,Down,Down,50,50,70,60,55.8743961352657,52.10828025477707,53.29113924050633,52.90384615384615,17,9l3zlzfa,,,,,0
14,xyqf41ao,,0,587,587,FinalPage,ThankYou,2026-09-15 02:15:43.059770,1,,,55.56,4,,0.0,M_no_W_exp,,,,,,,,,,,0,0,520,80,,,,,,,,,,,,,,,,,,,1,1,"1, 8",2,0.0,0.0,0.0,0.0,0.0,0,-1,1,0,0,3,540.0,60.0,0,0,0.0,0.0,75.0,75.0,70.0,65.0,Down,Down,50,50,70,60,55.8743961352657,52.10828025477707,53.29113924050633,52.90384615384615,17,9l3zlzfa,,,,,0
15,g9pquzkd,,0,587,587,FinalPage,ThankYou,2026-09-15 02:15:43.154158,1,,,0.0,5,,0.0,M_no_W_exp,,,,,,,,,,,0,0,558,42,,,,,,,,,,,,,,,,,,,1,1,"1, 8",2,0.0,0.0,0.0,0.0,0.0,0,1,-1,0,0,3,540.0,60.0,0,0,0.0,0.0,75.0,75.0,70.0,65.0,Down,Down,50,50,70,60,55.8743961352657,52.10828025477707,53.29113924050633,52.90384615384615,17,9l3zlzfa,,,,,0
16,7ww48hi4,,0,587,587,FinalPage,ThankYou,2026-09-15 02:15:43.242303,1,,,0.0,1,,0.0,M_no_W_exp,,,,,,,,,,,0,0,500,10,,,,,,,,,,,,,,,,,,,1,1,"1, 8",2,0.0,0.0,0.0,0.0,0.0,0,-1,-1,0,0,4,550.0,30.0,0,0,0.0,0.0,50.0,50.0,75.0,72.5,Down,Down,100,100,55,50,55.8743961352657,52.10828025477707,53.29113924050633,52.90384615384615,17,9l3zlzfa,,,,,0
17,5fdw0rg1,,0,587,587,FinalPage,ThankYou,2026-09-15 02:15:43.252356,1,,,0.0,2,,0.0,M_no_W_exp,,,,,,,,,,,0,0,550,50,,,,,,,,,,,,,,,,,,,1,1,"1, 8",2,0.0,0.0,0.0,0.0,0.0,0,0,1,0,0,4,550.0,30.0,0,0,0.0,0.0,50.0,50.0,75.0,72.5,Down,Down,100,100,55,50,55.8743961352657,52.10828025477707,53.29113924050633,52.90384615384615,17,9l3zlzfa,,,,,0
18,h7o9v437,,0,587,587,FinalPage,ThankYou,2026-09-15 02:15:43.348539,1,,,0.0,3,,0.0,M_no_W_exp,,,,,,,,,,,0,0,599,1,,,,,,,,,,,,,,,,,,,1,1,"1, 8",2,0.0,0.0,0.0,0.0,0.0,0,1,-1,0,0,4,550.0,30.0,0,0,0.0,0.0,50.0,50.0,75.0,72.5,Down,Down,100,100,55,50,55.8743961352657,52.10828025477707,53.29113924050633,52.90384615384615,17,9l3zlzfa,,,,,0
19,9mimenbo,,0,587,587,FinalPage,ThankYou,2026-09-15 02:15:43.388352,1,,,833.33,4,,0.0,M_no_W_exp,,,,,,,,,,,0,0,560,30,,,,,,,,,,,,,,,,,,,1,1,"1, 8",2,0.0,0.0,0.0,0.0,0.0,0,1,0,0,0,4,550.0,30.0,0,0,0.0,0.0,50.0,50.0,75.0,72.5,Down,Down,100,100,55,50,55.8743961352657,52.10828025477707,53.29113924050633,52.90384615384615,17,9l3zlzfa,,,,,0
20,hn8non3y,,0,587,587,FinalPage,ThankYou,2026-09-15 02:15:43.459728,1,,,1666.67,5,,0.0,M_no_W_exp,,,,,,,,,,,0,0,5,50,,,,,,,,,,,,,,,,,,,1,1,"1, 8",2,0.0,0.0,0.0,0.0,0.0,0,-1,1,0,0,4,550.0,30.0,0,0,0.0,0.0,50.0,50.0,75.0,72.5,Down,Down,100,100,55,50,55.8743961352657,52.10828025477707,53.29113924050633,52.90384615384615,17,9l3zlzfa,,,,,0
21,x06ipo6j,,0,587,587,FinalPage,ThankYou,2026-09-15 02:15:43.651142,1,,,500.0,1,,0.0,M_no_W_exp,,,,,,,,,,,0,0,246,350,,,,,,,,,,,,,,,,,,,1,1,"1, 8",2,0.0,0.0,0.0,0.0,0.0,0,1,0,0,0,5,245.0,350.0,1,1,0.0,0.0,100.0,180.0,75.0,130.0,Down,Up,0,80,50,30,55.8743961352657,52.10828025477707,53.29113924050633,52.90384615384615,17,9l3zlzfa,,,,,0
22,n9iynxtq,,0,587,587,FinalPage,ThankYou,2026-09-15 02:15:43.760292,1,,,944.44,2,,0.0,M_no_W_exp,,,,,,,,,,,0,0,245,353,,,,,,,,,,,,,,,,,,,1,1,"1, 8",2,0.0,0.0,0.0,0.0,0.0,0,0,1,0,0,5,245.0,350.0,1,1,0.0,0.0,100.0,180.0,75.0,130.0,Down,Up,0,80,50,30,55.8743961352657,52.10828025477707,53.29113924050633,52.90384615384615,17,9l3zlzfa,,,,,0
23,diqkyqqr,,0,587,587,FinalPage,ThankYou,2026-09-15 02:15:43.834949,1,,,1277.78,3,,0.0,M_no_W_exp,,,,,,,,,,,0,0,1,1,,,,,,,,,,,,,,,,,,,1,1,"1, 8",2,0.0,0.0,0.0,0.0,0.0,0,-1,-1,0,0,5,245.0,350.0,1,1,0.0,0.0,100.0,180.0,75.0,130.0,Down,Up,0,80,50,30,55.8743961352657,52.10828025477707,53.29113924050633,52.90384615384615,17,9l3zlzfa,,,,,0
24,hi0vl1bf,,0,587,587,FinalPage,ThankYou,2026-09-15 02:15:44.110312,1,,,222.22,4,,0.0,M_no_W_exp,,,,,,,,,,,0,0,246,354,,,,,,,,,,,,,,,,,,,1,1,"1, 8",2,0.0,0.0,0.0,0.0,0.0,0,1,1,0,0,5,245.0,350.0,1,1,0.0,0.0,100.0,180.0,75.0,130.0,Down,Up,0,80,50,30,55.8743961352657,52.10828025477707,53.29113924050633,52.90384615384615,17,9l3zlzfa,,,,,0
25,u3a33dgt,,0,587,587,FinalPage,ThankYou,2026-09-15 02:16:14.753308,1,,,1277.78,5,,0.0,M_no_W_exp,,,,,,,,,,,0,0,100,180,,,,,,,,,,,,,,,,,,,1,1,"1, 8",2,0.0,0.0,0.0,0.0,0.0,0,-1,-1,0,0,5,245.0,350.0,1,1,0.0,0.0,100.0,180.0,75.0,130.0,Down,Up,0,80,50,30,55.8743961352657,52.10828025477707,53.29113924050633,52.90384615384615,17,9l3zlzfa,,,,,0
1,u4sl54xk,,0,587,587,FinalPage,ThankYou,2026-09-15 02:15:41.791289,1,,,500.0,1,,0.0,M_no_W_exp,,,,,,,,,,,0,0,110,190,,,,,,,,,,,,,,,,,,,1,1,"1, 8",2,0.0,0.0,0.0,0.0,0.0,0,0,-1,0,0,1,110.0,200.0,0,1,0.0,0.0,50.0,50.0,82.5,68.0,Down,Down,100,100,35,64,55.8743961352657,52.10828025477707,53.29113924050633,52.90384615384615,18,9l3zlzfa,,,,,0
2,q2jobopa,,0,587,587,FinalPage,ThankYou,2026-09-15 02:15:41.867553,1,,,222.22,2,,0.0,M_no_W_exp,,,,,,,,,,,0,0,150,200,,,,,,,,,,,,,,,,,,,1,1,"1, 8",2,0.0,0.0,0.0,0.0,0.0,0,1,1,0,0,1,110.0,200.0,0,1,0.0,0.0,50.0,50.0,82.5,68.0,Down,Down,100,100,35,64,55.8743961352657,52.10828025477707,53.29113924050633,52.90384615384615,18,9l3zlzfa,,,,,0
3,9xg7erl3,,0,587,587,FinalPage,ThankYou,2026-09-15 02:15:42.002021,1,,,611.11,3,,0.0,M_no_W_exp,,,,,,,,,,,0,0,102,201,,,,,,,,,,,,,,,,,,,1,1,"1, 8",2,0.0,0.0,0.0,0.0,0.0,0,-1,1,0,0,1,110.0,200.0,0,1,0.0,0.0,50.0,50.0,82.5,68.0,Down,Down,100,100,35,64,55.8743961352657,52.10828025477707,53.29113924050633,52.90384615384615,18,9l3zlzfa,,,,,0
4,ixl976y0,,0,587,587,FinalPage,ThankYou,2026-09-15 02:15:42.268005,1,,,722.22,4,,0.0,M_no_W_exp,,,,,,,,,,,0,0,108,200,,,,,,,,,,,,,,,,,,,1,1,"1, 8",2,0.0,0.0,0.0,0.0,0.0,0,-1,0,0,0,1,110.0,200.0,0,1,0.0,0.0,50.0,50.0,82.5,68.0,Down,Down,100,100,35,64,55.8743961352657,52.10828025477707,53.29113924050633,52.90384615384615,18,9l3zlzfa,,,,,0
5,nqlqeq8n,,0,587,587,FinalPage,ThankYou,2026-09-15 02:15:42.844534,1,,,333.33,5,,0.0,M_no_W_exp,,,,,,,,,,,0,0,110,199,,,,,,,,,,,,,,,,,,,1,1,"1, 8",2,0.0,0.0,0.0,0.0,0.0,0,1,-1,0,0,1,110.0,200.0,0,1,0.0,0.0,50.0,50.0,82.5,68.0,Down,Down,100,100,35,64,55.8743961352657,52.10828025477707,53.29113924050633,52.90384615384615,18,9l3zlzfa,,,,,0
6,d10dwe1h,,0,587,587,FinalPage,ThankYou,2026-09-15 02:15:42.881995,1,,,888.89,1,,0.0,M_no_W_exp,,,,,,,,,,,0,0,370,230,,,,,,,,,,,,,,,,,,,1,1,"1, 8",2,0.0,0.0,0.0,0.0,0.0,0,1,-1,0,0,2,364.0,235.0,0,0,0.0,0.0,150.0,75.0,75.0,200.0,Down,Up,50,50,100,50,55.8743961352657,52.10828025477707,53.29113924050633,52.90384615384615,18,9l3zlzfa,,,,,0
7,0yq0zebw,,0,587,587,FinalPage,ThankYou,2026-09-15 02:15:42.904428,1,,,833.33,2,,0.0,M_no_W_exp,,,,,,,,,,,0,0,360,235,,,,,,,,,,,,,,,,,,,1,1,"1, 8",2,0.0,0.0,0.0,0.0,0.0,0,-1,1,0,0,2,364.0,235.0,0,0,0.0,0.0,150.0,75.0,75.0,200.0,Down,Up,50,50,100,50,55.8743961352657,52.10828025477707,53.29113924050633,52.90384615384615,18,9l3zlzfa,,,,,0
8,7sfhy51b,,0,587,587,FinalPage,ThankYou,2026-09-15 02:15:42.911674,1,,,222.22,3,,0.0,M_no_W_exp,,,,,,,,,,,0,0,365,235,,,,,,,,,,,,,,,,,,,1,1,"1, 8",2,0.0,0.0,0.0,0.0,0.0,0,1,0,0,0,2,364.0,235.0,0,0,0.0,0.0,150.0,75.0,75.0,200.0,Down,Up,50,50,100,50,55.8743961352657,52.10828025477707,53.29113924050633,52.90384615384615,18,9l3zlzfa,,,,,0
9,pgjj4tqg,,0,587,587,FinalPage,ThankYou,2026-09-15 02:15:42.950755,1,,,611.11,4,,0.0,M_no_W_exp,,,,,,,,,,,0,0,364,236,,,,,,,,,,,,,,,,,,,1,1,"1, 8",2,0.0,0.0,0.0,0.0,0.0,0,0,1,0,0,2,364.0,235.0,0,0,0.0,0.0,150.0,75.0,75.0,200.0,Down,Up,50,50,100,50,55.8743961352657,52.10828025477707,53.29113924050633,52.90384615384615,18,9l3zlzfa,,,,,0
10,z4s8evj8,,0,587,587,FinalPage,ThankYou,2026-09-15 02:15:42.968291,1,,,1055.56,5,,0.0,M_no_W_exp,,,,,,,,,,,0,0,330,230,,,,,,,,,,,,,,,,,,,1,1,"1, 8",2,0.0,0.0,0.0,0.0,0.0,0,-1,-1,0,0,2,364.0,235.0,0,0,0.0,0.0,150.0,75.0,75.0,200.0,Down,Up,50,50,100,50,55.8743961352657,52.10828025477707,53.29113924050633,52.90384615384615,18,9l3zlzfa,,,,,0
11,e8h7gvii,,0,587,587,FinalPage,ThankYou,2026-09-15 02:15:43.019580,1,,,722.22,1,,0.0,M_no_W_exp,,,,,,,,,,,0,0,550,1,,,,,,,,,,,,,,,,,,,1,1,"1, 8",2,0.0,0.0,0.0,0.0,0.0,0,1,-1,0,0,3,550.0,50.0,0,0,0.0,0.0,75.0,75.0,70.0,65.0,Down,Down,50,50,70,60,55.8743961352657,52.10828025477707,53.29113924050633,52.90384615384615,18,9l3zlzfa,,,,,0
12,yt1cbpza,,0,587,587,FinalPage,ThankYou,2026-09-15 02:15:43.042844,1,,,1277.78,2,,0.0,M_no_W_exp,,,,,,,,,,,0,0,545,55,,,,,,,,,,,,,,,,,,,1,1,"1, 8",2,0.0,0.0,0.0,0.0,0.0,0,-1,1,0,0,3,550.0,50.0,0,0,0.0,0.0,75.0,75.0,70.0,65.0,Down,Down,50,50,70,60,55.8743961352657,52.10828025477707,53.29113924050633,52.90384615384615,18,9l3zlzfa,,,,,0
13,0i38ht6y,,0,587,587,FinalPage,ThankYou,2026-09-15 02:15:43.050304,1,,,444.44,3,,0.0,M_no_W_exp,,,,,,,,,,,0,0,550,50,,,,,,,,,,,,,,,,,,,1,1,"1, 8",2,0.0,0.0,0.0,0.0,0.0,0,0,0,0,0,3,550.0,50.0,0,0,0.0,0.0,75.0,75.0,70.0,65.0,Down,Down,50,50,70,60,55.8743961352657,52.10828025477707,53.29113924050633,52.90384615384615,18,9l3zlzfa,,,,,0
14,xyqf41ao,,0,587,587,FinalPage,ThankYou,2026-09-15 02:15:43.059770,1,,,55.56,4,,0.0,M_no_W_exp,,,,,,,,,,,0,0,540,60,,,,,,,,,,,,,,,,,,,1,1,"1, 8",2,0.0,0.0,0.0,0.0,0.0,0,-1,1,0,0,3,550.0,50.0,0,0,0.0,0.0,75.0,75.0,70.0,65.0,Down,Down,50,50,70,60,55.8743961352657,52.10828025477707,53.29113924050633,52.90384615384615,18,9l3zlzfa,,,,,0
15,g9pquzkd,,0,587,587,FinalPage,ThankYou,2026-09-15 02:15:43.154158,1,,,0.0,5,,0.0,M_no_W_exp,,,,,,,,,,,0,0,582,18,,,,,,,,,,,,,,,,,,,1,1,"1, 8",2,0.0,0.0,0.0,0.0,0.0,0,1,-1,0,0,3,550.0,50.0,0,0,0.0,0.0,75.0,75.0,70.0,65.0,Down,Down,50,50,70,60,55.8743961352657,52.10828025477707,53.29113924050633,52.90384615384615,18,9l3zlzfa,,,,,0
16,7ww48hi4,,0,587,587,FinalPage,ThankYou,2026-09-15 02:15:43.242303,1,,,0.0,1,,0.0,M_no_W_exp,,,,,,,,,,,0,0,550,10,,,,,,,,,,,,,,,,,,,1,1,"1, 8",2,0.0,0.0,0.0,0.0,0.0,0,0,-1,0,0,4,550.0,28.0,0,0,0.0,0.0,50.0,50.0,75.0,72.5,Down,Down,100,100,55,50,55.8743961352657,52.10828025477707,53.29113924050633,52.90384615384615,18,9l3zlzfa,,,,,0
17,5fdw0rg1,,0,587,587,FinalPage,ThankYou,2026-09-15 02:15:43.252356,1,,,0.0,2,,0.0,M_no_W_exp,,,,,,,,,,,0,0,570,30,,,,,,,,,,,,,,,,,,,1,1,"1, 8",2,0.0,0.0,0.0,0.0,0.0,0,1,1,0,0,4,550.0,28.0,0,0,0.0,0.0,50.0,50.0,75.0,72.5,Down,Down,100,100,55,50,55.8743961352657,52.10828025477707,53.29113924050633,52.90384615384615,18,9l3zlzfa,,,,,0
18,h7o9v437,,0,587,587,FinalPage,ThankYou,2026-09-15 02:15:43.348539,1,,,0.0,3,,0.0,M_no_W_exp,,,,,,,,,,,0,0,599,1,,,,,,,,,,,,,,,,,,,1,1,"1, 8",2,0.0,0.0,0.0,0.0,0.0,0,1,-1,0,0,4,550.0,28.0,0,0,0.0,0.0,50.0,50.0,75.0,72.5,Down,Down,100,100,55,50,55.8743961352657,52.10828025477707,53.29113924050633,52.90384615384615,18,9l3zlzfa,,,,,0
19,9mimenbo,,0,587,587,FinalPage,ThankYou,2026-09-15 02:15:43.388352,1,,,833.33,4,,0.0,M_no_W_exp,,,,,,,,,,,0,0,540,28,,,,,,,,,,,,,,,,,,,1,1,"1, 8",2,0.0,0.0,0.0,0.0,0.0,0,-1,0,0,0,4,550.0,28.0,0,0,0.0,0.0,50.0,50.0,75.0,72.5,Down,Down,100,100,55,50,55.8743961352657,52.10828025477707,53.29113924050633,52.90384615384615,18,9l3zlzfa,,,,,0
20,hn8non3y,,0,587,587,FinalPage,ThankYou,2026-09-15 02:15:43.459728,1,,,1666.67,5,,0.0,M_no_W_exp,,,,,,,,,,,0,0,5,50,,,,,,,,,,,,,,,,,,,1,1,"1, 8",2,0.0,0.0,0.0,0.0,0.0,0,-1,1,0,0,4,550.0,28.0,0,0,0.0,0.0,50.0,50.0,75.0,72.5,Down,Down,100,100,55,50,55.8743961352657,52.10828025477707,53.29113924050633,52.90384615384615,18,9l3zlzfa,,,,,0
21,x06ipo6j,,0,587,587,FinalPage,ThankYou,2026-09-15 02:15:43.651142,1,,,500.0,1,,0.0,M_no_W_exp,,,,,,,,,,,0,0,243,348,,,,,,,,,,,,,,,,,,,1,1,"1, 8",2,0.0,0.0,0.0,0.0,0.0,0,-1,-1,0,0,5,245.0,351.0,1,1,0.0,0.0,100.0,180.0,75.0,130.0,Down,Up,0,80,50,30,55.8743961352657,52.10828025477707,53.29113924050633,52.90384615384615,18,9l3zlzfa,,,,,0
22,n9iynxtq,,0,587,587,FinalPage,ThankYou,2026-09-15 02:15:43.760292,1,,,944.44,2,,0.0,M_no_W_exp,,,,,,,,,,,0,0,245,351,,,,,,,,,,,,,,,,,,,1,1,"1, 8",2,0.0,0.0,0.0,0.0,0.0,0,0,0,0,0,5,245.0,351.0,1,1,0.0,0.0,100.0,180.0,75.0,130.0,Down,Up,0,80,50,30,55.8743961352657,52.10828025477707,53.29113924050633,52.90384615384615,18,9l3zlzfa,,,,,0
23,diqkyqqr,,0,587,587,FinalPage,ThankYou,2026-09-15 02:15:43.834949,1,,,1277.78,3,,0.0,M_no_W_exp,,,,,,,,,,,0,0,246,354,,,,,,,,,,,,,,,,,,,1,1,"1, 8",2,0.0,0.0,0.0,0.0,0.0,0,1,1,0,0,5,245.0,351.0,1,1,0.0,0.0,100.0,180.0,75.0,130.0,Down,Up,0,80,50,30,55.8743961352657,52.10828025477707,53.29113924050633,52.90384615384615,18,9l3zlzfa,,,,,0
24,hi0vl1bf,,0,587,587,FinalPage,ThankYou,2026-09-15 02:15:44.110312,1,,,222.22,4,,0.0,M_no_W_exp,,,,,,,,,,,0,0,246,354,,,,,,,,,,,,,,,,,,,1,1,"1, 8",2,0.0,0.0,0.0,0.0,0.0,0,1,1,0,0,5,245.0,351.0,1,1,0.0,0.0,100.0,180.0,75.0,130.0,Down,Up,0,80,50,30,55.8743961352657,52.10828025477707,53.29113924050633,52.90384615384615,18,9l3zlzfa,,,,,0
25,u3a33dgt,,0,587,587,FinalPage,ThankYou,2026-09-15 02:16:14.753308,1,,,1277.78,5,,0.0,M_no_W_exp,,,,,,,,,,,0,0,100,180,,,,,,,,,,,,,,,,,,,1,1,"1, 8",2,0.0,0.0,0.0,0.0,0.0,0,-1,-1,0,0,5,245.0,351.0,1,1,0.0,0.0,100.0,180.0,75.0,130.0,Down,Up,0,80,50,30,55.8743961352657,52.10828025477707,53.29113924050633,52.90384615384615,18,9l3zlzfa,,,,,0
1,u4sl54xk,,0,587,587,FinalPage,ThankYou,2026-09-15 02:15:41.791289,1,,,500.0,1,,0.0,M_no_W_exp,,,,,,,,,,,0,0,120,210,,,,,,,,,,,,,,,,,,,1,1,"1, 8",2,0.0,0.0,0.0,0.0,0.0,0,1,1,0,0,1,112.0,201.0,0,1,0.0,0.0,50.0,50.0,82.5,68.0,Down,Down,100,100,35,64,55.8743961352657,52.10828025477707,53.29113924050633,52.90384615384615,19,9l3zlzfa,,,,,0
2,q2jobopa,,0,587,587,FinalPage,ThankYou,2026-09-15 02:15:41.867553,1,,,222.22,2,,0.0,M_no_W_exp,,,,,,,,,,,0,0,150,202,,,,,,,,,,,,,,,,,,,1,1,"1, 8",2,0.0,0.0,0.0,0.0,0.0,0,1,1,0,0,1,112.0,201.0,0,1,0.0,0.0,50.0,50.0,82.5,68.0,Down,Down,100,100,35,64,55.8743961352657,52.10828025477707,53.29113924050633,52.90384615384615,19,9l3zlzfa,,,,,0
3,9xg7erl3,,0,587,587,FinalPage,ThankYou,2026-09-15 02:15:42.002021,1,,,611.11,3,,0.0,M_no_W_exp,,,,,,,,,,,0,0,111,201,,,,,,,,,,,,,,,,,,,1,1,"1, 8",2,0.0,0.0,0.0,0.0,0.0,0,-1,0,0,0,1,112.0,201.0,0,1,0.0,0.0,50.0,50.0,82.5,68.0,Down,Down,100,100,35,64,55.8743961352657,52.10828025477707,53.29113924050633,52.90384615384615,19,9l3zlzfa,,,,,0
4,ixl976y0,,0,587,587,FinalPage,ThankYou,2026-09-15 02:15:42.268005,1,,,722.22,4,,0.0,M_no_W_exp,,,,,,,,,,,0,0,111,200,,,,,,,,,,,,,,,,,,,1,1,"1, 8",2,0.0,0.0,0.0,0.0,0.0,0,-1,-1,0,0,1,112.0,201.0,0,1,0.0,0.0,50.0,50.0,82.5,68.0,Down,Down,100,100,35,64,55.8743961352657,52.10828025477707,53.29113924050633,52.90384615384615,19,9l3zlzfa,,,,,0
5,nqlqeq8n,,0,587,587,FinalPage,ThankYou,2026-09-15 02:15:42.844534,1,,,333.33,5,,0.0,M_no_W_exp,,,,,,,,,,,0,0,112,199,,,,,,,,,,,,,,,,,,,1,1,"1, 8",2,0.0,0.0,0.0,0.0,0.0,0,0,-1,0,0,1,112.0,201.0,0,1,0.0,0.0,50.0,50.0,82.5,68.0,Down,Down,100,100,35,64,55.8743961352657,52.10828025477707,53.29113924050633,52.90384615384615,19,9l3zlzfa,,,,,0
6,d10dwe1h,,0,587,587,FinalPage,ThankYou,2026-09-15 02:15:42.881995,1,,,888.89,1,,0.0,M_no_W_exp,,,,,,,,,,,0,0,400,200,,,,,,,,,,,,,,,,,,,1,1,"1, 8",2,0.0,0.0,0.0,0.0,0.0,0,1,-1,0,0,2,365.0,225.0,0,0,0.0,0.0,150.0,75.0,75.0,200.0,Down,Up,50,50,100,50,55.8743961352657,52.10828025477707,53.29113924050633,52.90384615384615,19,9l3zlzfa,,,,,0
7,0yq0zebw,,0,587,587,FinalPage,ThankYou,2026-09-15 02:15:42.904428,1,,,833.33,2,,0.0,M_no_W_exp,,,,,,,,,,,0,0,360,240,,,,,,,,,,,,,,,,,,,1,1,"1, 8",2,0.0,0.0,0.0,0.0,0.0,0,-1,1,0,0,2,365.0,225.0,0,0,0.0,0.0,150.0,75.0,75.0,200.0,Down,Up,50,50,100,50,55.8743961352657,52.10828025477707,53.29113924050633,52.90384615384615,19,9l3zlzfa,,,,,0
8,7sfhy51b,,0,587,587,FinalPage,ThankYou,2026-09-15 02:15:42.911674,1,,,222.22,3,,0.0,M_no_W_exp,,,,,,,,,,,0,0,365,235,,,,,,,,,,,,,,,,,,,1,1,"1, 8",2,0.0,0.0,0.0,0.0,0.0,0,0,1,0,0,2,365.0,225.0,0,0,0.0,0.0,150.0,75.0,75.0,200.0,Down,Up,50,50,100,50,55.8743961352657,52.10828025477707,53.29113924050633,52.90384615384615,19,9l3zlzfa,,,,,0
9,pgjj4tqg,,0,587,587,FinalPage,ThankYou,2026-09-15 02:15:42.950755,1,,,611.11,4,,0.0,M_no_W_exp,,,,,,,,,,,0,0,375,224,,,,,,,,,,,,,,,,,,,1,1,"1, 8",2,0.0,0.0,0.0,0.0,0.0,0,1,-1,0,0,2,365.0,225.0,0,0,0.0,0.0,150.0,75.0,75.0,200.0,Down,Up,50,50,100,50,55.8743961352657,52.10828025477707,53.29113924050633,52.90384615384615,19,9l3zlzfa,,,,,0
10,z4s8evj8,,0,587,587,FinalPage,ThankYou,2026-09-15 02:15:42.968291,1,,,1055.56,5,,0.0,M_no_W_exp,,,,,,,,,,,0,0,350,225,,,,,,,,,,,,,,,,,,,1,1,"1, 8",2,0.0,0.0,0.0,0.0,0.0,0,-1,0,0,0,2,365.0,225.0,0,0,0.0,0.0,150.0,75.0,75.0,200.0,Down,Up,50,50,100,50,55.8743961352657,52.10828025477707,53.29113924050633,52.90384615384615,19,9l3zlzfa,,,,,0
11,e8h7gvii,,0,587,587,FinalPage,ThankYou,2026-09-15 02:15:43.019580,1,,,722.22,1,,0.0,M_no_W_exp,,,,,,,,,,,0,0,1,70,,,,,,,,,,,,,,,,,,,1,1,"1, 8",2,0.0,0.0,0.0,0.0,0.0,0,-1,1,0,0,3,550.0,50.0,0,0,0.0,0.0,75.0,75.0,70.0,65.0,Down,Down,50,50,70,60,55.8743961352657,52.10828025477707,53.29113924050633,52.90384615384615,19,9l3zlzfa,,,,,0
12,yt1cbpza,,0,587,587,FinalPage,ThankYou,2026-09-15 02:15:43.042844,1,,,1277.78,2,,0.0,M_no_W_exp,,,,,,,,,,,0,0,555,45,,,,,,,,,,,,,,,,,,,1,1,"1, 8",2,0.0,0.0,0.0,0.0,0.0,0,1,-1,0,0,3,550.0,50.0,0,0,0.0,0.0,75.0,75.0,70.0,65.0,Down,Down,50,50,70,60,55.8743961352657,52.10828025477707,53.29113924050633,52.90384615384615,19,9l3zlzfa,,,,,0
13,0i38ht6y,,0,587,587,FinalPage,ThankYou,2026-09-15 02:15:43.050304,1,,,444.44,3,,0.0,M_no_W_exp,,,,,,,,,,,0,0,580,20,,,,,,,,,,,,,,,,,,,1,1,"1, 8",2,0.0,0.0,0.0,0.0,0.0,0,1,-1,0,0,3,550.0,50.0,0,0,0.0,0.0,75.0,75.0,70.0,65.0,Down,Down,50,50,70,60,55.8743961352657,52.10828025477707,53.29113924050633,52.90384615384615,19,9l3zlzfa,,,,,0
14,xyqf41ao,,0,587,587,FinalPage,ThankYou,2026-09-15 02:15:43.059770,1,,,55.56,4,,0.0,M_no_W_exp,,,,,,,,,,,0,0,550,50,,,,,,,,,,,,,,,,,,,1,1,"1, 8",2,0.0,0.0,0.0,0.0,0.0,0,0,0,0,0,3,550.0,50.0,0,0,0.0,0.0,75.0,75.0,70.0,65.0,Down,Down,50,50,70,60,55.8743961352657,52.10828025477707,53.29113924050633,52.90384615384615,19,9l3zlzfa,,,,,0
15,g9pquzkd,,0,587,587,FinalPage,ThankYou,2026-09-15 02:15:43.154158,1,,,0.0,5,,0.0,M_no_W_exp,,,,,,,,,,,0,0,528,72,,,,,,,,,,,,,,,,,,,1,1,"1, 8",2,0.0,0.0,0.0,0.0,0.0,0,-1,1,0,0,3,550.0,50.0,0,0,0.0,0.0,75.0,75.0,70.0,65.0,Down,Down,50,50,70,60,55.8743961352657,52.10828025477707,53.29113924050633,52.90384615384615,19,9l3zlzfa,,,,,0
16,7ww48hi4,,0,587,587,FinalPage,ThankYou,2026-09-15 02:15:43.242303,1,,,0.0,1,,0.0,M_no_W_exp,,,,,,,,,,,0,0,540,20,,,,,,,,,,,,,,,,,,,1,1,"1, 8",2,0.0,0.0,0.0,0.0,0.0,0,0,0,0,0,4,540.0,20.0,0,0,0.0,0.0,50.0,50.0,75.0,72.5,Down,Down,100,100,55,50,55.8743961352657,52.10828025477707,53.29113924050633,52.90384615384615,19,9l3zlzfa,,,,,0
17,5fdw0rg1,,0,587,587,FinalPage,ThankYou,2026-09-15 02:15:43.252356,1,,,0.0,2,,0.0,M_no_W_exp,,,,,,,,,,,0,0,570,30,,,,,,,,,,,,,,,,,,,1,1,"1, 8",2,0.0,0.0,0.0,0.0,0.0,0,1,1,0,0,4,540.0,20.0,0,0,0.0,0.0,50.0,50.0,75.0,72.5,Down,Down,100,100,55,50,55.8743961352657,52.10828025477707,53.29113924050633,52.90384615384615,19,9l3zlzfa,,,,,0
18,h7o9v437,,0,587,587,FinalPage,ThankYou,2026-09-15 02:15:43.348539,1,,,0.0,3,,0.0,M_no_W_exp,,,,,,,,,,,0,0,599,1,,,,,,,,,,,,,,,,,,,1,1,"1, 8",2,0.0,0.0,0.0,0.0,0.0,0,1,-1,0,0,4,540.0,20.0,0,0,0.0,0.0,50.0,50.0,75.0,72.5,Down,Down,100,100,55,50,55.8743961352657,52.10828025477707,53.29113924050633,52.90384615384615,19,9l3zlzfa,,,,,0
19,9mimenbo,,0,587,587,FinalPage,ThankYou,2026-09-15 02:15:43.388352,1,,,833.33,4,,0.0,M_no_W_exp,,,,,,,,,,,0,0,10,10,,,,,,,,,,,,,,,,,,,1,1,"1, 8",2,0.0,0.0,0.0,0.0,0.0,0,-1,-1,0,0,4,540.0,20.0,0,0,0.0,0.0,50.0,50.0,75.0,72.5,Down,Down,100,100,55,50,55.8743961352657,52.10828025477707,53.29113924050633,52.90384615384615,19,9l3zlzfa,,,,,0
20,hn8non3y,,0,587,587,FinalPage,ThankYou,2026-09-15 02:15:43.459728,1,,,1666.67,5,,0.0,M_no_W_exp,,,,,,,,,,,0,0,5,40,,,,,,,,,,,,,,,,,,,1,1,"1, 8",2,0.0,0.0,0.0,0.0,0.0,0,-1,1,0,0,4,540.0,20.0,0,0,0.0,0.0,50.0,50.0,75.0,72.5,Down,Down,100,100,55,50,55.8743961352657,52.10828025477707,53.29113924050633,52.90384615384615,19,9l3zlzfa,,,,,0
21,x06ipo6j,,0,587,587,FinalPage,ThankYou,2026-09-15 02:15:43.651142,1,,,500.0,1,,0.0,M_no_W_exp,,,,,,,,,,,0,0,245,351,,,,,,,,,,,,,,,,,,,1,1,"1, 8",2,0.0,0.0,0.0,0.0,0.0,0,0,0,0,0,5,245.0,351.0,1,1,0.0,0.0,100.0,180.0,75.0,130.0,Down,Up,0,80,50,30,55.8743961352657,52.10828025477707,53.29113924050633,52.90384615384615,19,9l3zlzfa,,,,,0
22,n9iynxtq,,0,587,587,FinalPage,ThankYou,2026-09-15 02:15:43.760292,1,,,944.44,2,,0.0,M_no_W_exp,,,,,,,,,,,0,0,245,352,,,,,,,,,,,,,,,,,,,1,1,"1, 8",2,0.0,0.0,0.0,0.0,0.0,0,1,1,0,0,5,245.0,351.0,1,1,0.0,0.0,100.0,180.0,75.0,130.0,Down,Up,0,80,50,30,55.8743961352657,52.10828025477707,53.29113924050633,52.90384615384615,19,9l3zlzfa,,,,,0
23,diqkyqqr,,0,587,587,FinalPage,ThankYou,2026-09-15 02:15:43.834949,1,,,1277.78,3,,0.0,M_no_W_exp,,,,,,,,,,,0,0,1,1,,,,,,,,,,,,,,,,,,,1,1,"1, 8",2,0.0,0.0,0.0,0.0,0.0,0,-1,-1,0,0,5,245.0,351.0,1,1,0.0,0.0,100.0,180.0,75.0,130.0,Down,Up,0,80,50,30,55.8743961352657,52.10828025477707,53.29113924050633,52.90384615384615,19,9l3zlzfa,,,,,0
24,hi0vl1bf,,0,587,587,FinalPage,ThankYou,2026-09-15 02:15:44.110312,1,,,222.22,4,,0.0,M_no_W_exp,,,,,,,,,,,0,0,247,353,,,,,,,,,,,,,,,,,,,1,1,"1, 8",2,0.0,0.0,0.0,0.0,0.0,0,1,1,0,0,5,245.0,351.0,1,1,0.0,0.0,100.0,180.0,75.0,130.0,Down,Up,0,80,50,30,55.8743961352657,52.10828025477707,53.29113924050633,52.90384615384615,19,9l3zlzfa,,,,,0
25,u3a33dgt,,0,587,587,FinalPage,ThankYou,2026-09-15 02:16:14.753308,1,,,1277.78,5,,0.0,M_no_W_exp,,,,,,,,,,,0,0,150,200,,,,,,,,,,,,,,,,,,,1,1,"1, 8",2,0.0,0.0,0.0,0.0,0.0,0,-1,-1,0,0,5,245.0,351.0,1,1,0.0,0.0,100.0,180.0,75.0,130.0,Down,Up,0,80,50,30,55.8743961352657,52.10828025477707,53.29113924050633,52.90384615384615,19,9l3zlzfa,,,,,0
1,u4sl54xk,,0,587,587,FinalPage,ThankYou,2026-09-15 02:15:41.791289,1,,,500.0,1,,477.0,M_no_W_exp,,,,,,,,,,,0,0,120,100,,,,,,,,,,,,,,,,,,,1,1,"1, 8",2,80.0,50.0,347.0,477.0,0.0,0,1,-1,0,0,1,115.0,199.0,0,1,0.0,0.0,50.0,50.0,82.5,68.0,Down,Down,100,100,35,64,55.8743961352657,52.10828025477707,53.29113924050633,52.90384615384615,20,9l3zlzfa,,,,,0
2,q2jobopa,,0,587,587,FinalPage,ThankYou,2026-09-15 02:15:41.867553,1,,,222.22,2,,173.0,M_no_W_exp,,,,,,,,,,,0,0,150,202,,,,,,,,,,,,,,,,,,,1,1,"1, 8",2,75.0,50.0,-102.0,23.0,150.0,1,1,1,0,0,1,115.0,199.0,0,1,0.0,0.0,50.0,50.0,82.5,68.0,Down,Down,100,100,35,64,55.8743961352657,52.10828025477707,53.29113924050633,52.90384615384615,20,9l3zlzfa,,,,,0
3,9xg7erl3,,0,587,587,FinalPage,ThankYou,2026-09-15 02:15:42.002021,1,,,611.11,3,,623.0,M_no_W_exp,,,,,,,,,,,0,0,114,201,,,,,,,,,,,,,,,,,,,1,1,"1, 8",2,45.0,50.0,303.0,398.0,225.0,1,-1,1,0,0,1,115.0,199.0,0,1,0.0,0.0,50.0,50.0,82.5,68.0,Down,Down,100,100,35,64,55.8743961352657,52.10828025477707,53.29113924050633,52.90384615384615,20,9l3zlzfa,,,,,0
4,ixl976y0,,0,587,587,FinalPage,ThankYou,2026-09-15 02:15:42.268005,1,,,722.22,4,,690.75,M_no_W_exp,,,,,,,,,,,0,0,1,1,,,,,,,,,,,,,,,,,,,1,1,"1, 8",2,70.0,50.0,507.0,627.0,63.75,1,-1,-1,0,0,1,115.0,199.0,0,1,0.0,0.0,50.0,50.0,82.5,68.0,Down,Down,100,100,35,64,55.8743961352657,52.10828025477707,53.29113924050633,52.90384615384615,20,9l3zlzfa,,,,,0
5,nqlqeq8n,,0,587,587,FinalPage,ThankYou,2026-09-15 02:15:42.844534,1,,,333.33,5,,295.0,M_no_W_exp,,,,,,,,,,,0,0,115,199,,,,,,,,,,,,,,,,,,,1,1,"1, 8",2,75.0,50.0,-55.0,70.0,225.0,1,0,0,0,0,1,115.0,199.0,0,1,0.0,0.0,50.0,50.0,82.5,68.0,Down,Down,100,100,35,64,55.8743961352657,52.10828025477707,53.29113924050633,52.90384615384615,20,9l3zlzfa,,,,,0
6,d10dwe1h,,0,587,587,FinalPage,ThankYou,2026-09-15 02:15:42.881995,1,,,888.89,1,,870.0,M_no_W_exp,,,,,,,,,,,0,0,400,200,,,,,,,,,,,,,,,,,,,1,1,"1, 8",2,75.0,120.0,450.0,645.0,225.0,1,1,-1,0,0,2,370.0,225.0,0,0,0.0,0.0,150.0,75.0,75.0,200.0,Down,Up,50,50,100,50,55.8743961352657,52.10828025477707,53.29113924050633,52.90384615384615,20,9l3zlzfa,,,,,0
7,0yq0zebw,,0,587,587,FinalPage,ThankYou,2026-09-15 02:15:42.904428,1,,,833.33,2,,781.25,M_no_W_exp,,,,,,,,,,,0,0,400,200,,,,,,,,,,,,,,,,,,,1,1,"1, 8",2,75.0,131.25,575.0,781.25,0.0,0,1,-1,0,0,2,370.0,225.0,0,0,0.0,0.0,150.0,75.0,75.0,200.0,Down,Up,50,50,100,50,55.8743961352657,52.10828025477707,53.29113924050633,52.90384615384615,20,9l3zlzfa,,,,,0
8,7sfhy51b,,0,587,587,FinalPage,ThankYou,2026-09-15 02:15:42.911674,1,,,222.22,3,,192.25,M_no_W_exp,,,,,,,,,,,0,0,370,230,,,,,,,,,,,,,,,,,,,1,1,"1, 8",2,80.0,118.5,-100.0,98.5,93.75,1,0,1,0,0,2,370.0,225.0,0,0,0.0,0.0,150.0,75.0,75.0,200.0,Down,Up,50,50,100,50,55.8743961352657,52.10828025477707,53.29113924050633,52.90384615384615,20,9l3zlzfa,,,,,0
9,pgjj4tqg,,0,587,587,FinalPage,ThankYou,2026-09-15 02:15:42.950755,1,,,611.11,4,,640.5,M_no_W_exp,,,,,,,,,,,0,0,367,231,,,,,,,,,,,,,,,,,,,1,1,"1, 8",2,55.5,135.0,450.0,640.5,0.0,0,-1,1,0,0,2,370.0,225.0,0,0,0.0,0.0,150.0,75.0,75.0,200.0,Down,Up,50,50,100,50,55.8743961352657,52.10828025477707,53.29113924050633,52.90384615384615,20,9l3zlzfa,,,,,0
10,z4s8evj8,,0,587,587,FinalPage,ThankYou,2026-09-15 02:15:42.968291,1,,,1055.56,5,,1051.0,M_no_W_exp,,,,,,,,,,,0,0,350,225,,,,,,,,,,,,,,,,,,,1,1,"1, 8",2,50.0,126.00000000000001,875.0,1051.0,0.0,0,-1,0,0,0,2,370.0,225.0,0,0,0.0,0.0,150.0,75.0,75.0,200.0,Down,Up,50,50,100,50,55.8743961352657,52.10828025477707,53.29113924050633,52.90384615384615,20,9l3zlzfa,,,,,0
11,e8h7gvii,,0,587,587,FinalPage,ThankYou,2026-09-15 02:15:43.019580,1,,,722.22,1,,760.0,M_no_W_exp,,,,,,,,,,,0,0,560,1,,,,,,,,,,,,,,,,,,,1,1,"1, 8",2,60.0,75.0,625.0,760.0,0.0,0,1,-1,0,0,3,552.0,45.0,0,0,0.0,0.0,75.0,75.0,70.0,65.0,Down,Down,50,50,70,60,55.8743961352657,52.10828025477707,53.29113924050633,52.90384615384615,20,9l3zlzfa,,,,,0
12,yt1cbpza,,0,587,587,FinalPage,ThankYou,2026-09-15 02:15:43.042844,1,,,1277.78,2,,1297.5,M_no_W_exp,,,,,,,,,,,0,0,560,40,,,,,,,,,,,,,,,,,,,1,1,"1, 8",2,72.5,75.0,1150.0,1297.5,0.0,0,1,-1,0,0,3,552.0,45.0,0,0,0.0,0.0,75.0,75.0,70.0,65.0,Down,Down,50,50,70,60,55.8743961352657,52.10828025477707,53.29113924050633,52.90384615384615,20,9l3zlzfa,,,,,0
13,0i38ht6y,,0,587,587,FinalPage,ThankYou,2026-09-15 02:15:43.050304,1,,,444.44,3,,410.0,M_no_W_exp,,,,,,,,,,,0,0,40,560,,,,,,,,,,,,,,,,,,,1,1,"1, 8",2,85.0,75.0,250.0,410.0,0.0,0,-1,1,0,0,3,552.0,45.0,0,0,0.0,0.0,75.0,75.0,70.0,65.0,Down,Down,50,50,70,60,55.8743961352657,52.10828025477707,53.29113924050633,52.90384615384615,20,9l3zlzfa,,,,,0
14,xyqf41ao,,0,587,587,FinalPage,ThankYou,2026-09-15 02:15:43.059770,1,,,55.56,4,,15.0,M_no_W_exp,,,,,,,,,,,0,0,540,45,,,,,,,,,,,,,,,,,,,1,1,"1, 8",2,65.0,75.0,-125.0,15.0,0.0,0,-1,0,0,0,3,552.0,45.0,0,0,0.0,0.0,75.0,75.0,70.0,65.0,Down,Down,50,50,70,60,55.8743961352657,52.10828025477707,53.29113924050633,52.90384615384615,20,9l3zlzfa,,,,,0
15,g9pquzkd,,0,587,587,FinalPage,ThankYou,2026-09-15 02:15:43.154158,1,,,0.0,5,,-240.0,M_no_W_exp,,,,,,,,,,,0,0,552,48,,,,,,,,,,,,,,,,,,,1,1,"1, 8",2,85.0,75.0,-400.0,-240.0,0.0,0,0,1,0,0,3,552.0,45.0,0,0,0.0,0.0,75.0,75.0,70.0,65.0,Down,Down,50,50,70,60,55.8743961352657,52.10828025477707,53.29113924050633,52.90384615384615,20,9l3zlzfa,,,,,0
16,7ww48hi4,,0,587,587,FinalPage,ThankYou,2026-09-15 02:15:43.242303,1,,,0.0,1,,-459.0,M_no_W_exp,,,,,,,,,,,0,0,490,12,,,,,,,,,,,,,,,,,,,1,1,"1, 8",2,75.0,50.0,-584.0,-459.0,0.0,0,0,-1,0,0,4,490.0,30.0,0,0,0.0,0.0,50.0,50.0,75.0,72.5,Down,Down,100,100,55,50,55.8743961352657,52.10828025477707,53.29113924050633,52.90384615384615,20,9l3zlzfa,,,,,0
17,5fdw0rg1,,0,587,587,FinalPage,ThankYou,2026-09-15 02:15:43.252356,1,,,0.0,2,,-5.0,M_no_W_exp,,,,,,,,,,,0,0,570,30,,,,,,,,,,,,,,,,,,,1,1,"1, 8",2,95.0,50.0,-300.0,-155.0,150.0,1,1,1,0,0,4,490.0,30.0,0,0,0.0,0.0,50.0,50.0,75.0,72.5,Down,Down,100,100,55,50,55.8743961352657,52.10828025477707,53.29113924050633,52.90384615384615,20,9l3zlzfa,,,,,0
18,h7o9v437,,0,587,587,FinalPage,ThankYou,2026-09-15 02:15:43.348539,1,,,0.0,3,,-59.0,M_no_W_exp,,,,,,,,,,,0,0,599,1,,,,,,,,,,,,,,,,,,,1,1,"1, 8",2,75.0,50.0,-184.0,-59.0,0.0,0,1,-1,0,0,4,490.0,30.0,0,0,0.0,0.0,50.0,50.0,75.0,72.5,Down,Down,100,100,55,50,55.8743961352657,52.10828025477707,53.29113924050633,52.90384615384615,20,9l3zlzfa,,,,,0
19,9mimenbo,,0,587,587,FinalPage,ThankYou,2026-09-15 02:15:43.388352,1,,,833.33,4,,879.0,M_no_W_exp,,,,,,,,,,,0,0,100,100,,,,,,,,,,,,,,,,,,,1,1,"1, 8",2,45.0,50.0,784.0,879.0,0.0,0,-1,1,0,0,4,490.0,30.0,0,0,0.0,0.0,50.0,50.0,75.0,72.5,Down,Down,100,100,55,50,55.8743961352657,52.10828025477707,53.29113924050633,52.90384615384615,20,9l3zlzfa,,,,,0
20,hn8non3y,,0,587,587,FinalPage,ThankYou,2026-09-15 02:15:43.459728,1,,,1666.67,5,,1609.0,M_no_W_exp,,,,,,,,,,,0,0,1,30,,,,,,,,,,,,,,,,,,,1,1,"1, 8",2,50.0,50.0,1284.0,1384.0,225.0,1,-1,0,0,0,4,490.0,30.0,0,0,0.0,0.0,50.0,50.0,75.0,72.5,Down,Down,100,100,55,50,55.8743961352657,52.10828025477707,53.29113924050633,52.90384615384615,20,9l3zlzfa,,,,,0
21,x06ipo6j,,0,587,587,FinalPage,ThankYou,2026-09-15 02:15:43.651142,1,,,500.0,1,,432.5,M_no_W_exp,,,,,,,,,,,0,0,242,347,,,,,,,,,,,,,,,,,,,1,1,"1, 8",2,57.5,128.0,247.0,432.5,0.0,0,-1,-1,0,0,5,245.0,351.0,1,1,0.0,0.0,100.0,180.0,75.0,130.0,Down,Up,0,80,50,30,55.8743961352657,52.10828025477707,53.29113924050633,52.90384615384615,20,9l3zlzfa,,,,,0
22,n9iynxtq,,0,587,587,FinalPage,ThankYou,2026-09-15 02:15:43.760292,1,,,944.44,2,,906.0,M_no_W_exp,,,,,,,,,,,0,0,245,351,,,,,,,,,,,,,,,,,,,1,1,"1, 8",2,0.0,140.0,541.0,681.0,225.0,1,0,0,0,0,5,245.0,351.0,1,1,0.0,0.0,100.0,180.0,75.0,130.0,Down,Up,0,80,50,30,55.8743961352657,52.10828025477707,53.29113924050633,52.90384615384615,20,9l3zlzfa,,,,,0
23,diqkyqqr,,0,587,587,FinalPage,ThankYou,2026-09-15 02:15:43.834949,1,,,1277.78,3,,1269.0,M_no_W_exp,,,,,,,,,,,0,0,246,354,,,,,,,,,,,,,,,,,,,1,1,"1, 8",2,75.0,140.0,829.0,1044.0,225.0,1,1,1,0,0,5,245.0,351.0,1,1,0.0,0.0,100.0,180.0,75.0,130.0,Down,Up,0,80,50,30,55.8743961352657,52.10828025477707,53.29113924050633,52.90384615384615,20,9l3zlzfa,,,,,0
24,hi0vl1bf,,0,587,587,FinalPage,ThankYou,2026-09-15 02:15:44.110312,1,,,222.22,4,,146.0,M_no_W_exp,,,,,,,,,,,0,0,247,353,,,,,,,,,,,,,,,,,,,1,1,"1, 8",2,0.0,132.0,14.0,146.0,0.0,0,1,1,0,0,5,245.0,351.0,1,1,0.0,0.0,100.0,180.0,75.0,130.0,Down,Up,0,80,50,30,55.8743961352657,52.10828025477707,53.29113924050633,52.90384615384615,20,9l3zlzfa,,,,,0
25,u3a33dgt,,0,587,587,FinalPage,ThankYou,2026-09-15 02:16:14.753308,1,,,1277.78,5,,1319.0,M_no_W_exp,,,,,,,,,,,0,0,100,180,,,,,,,,,,,,,,,,,,,1,1,"1, 8",2,50.0,100.0,1169.0,1319.0,0.0,0,-1,-1,0,0,5,245.0,351.0,1,1,0.0,0.0,100.0,180.0,75.0,130.0,Down,Up,0,80,50,30,55.8743961352657,52.10828025477707,53.29113924050633,52.90384615384615,20,9l3zlzfa,,,,,0
